#VRML V2.0 utf8
# 3D model generated by easyeda2kicad.py (https://github.com/uPesy/easyeda2kicad.py)

Shape{
    appearance Appearance {
        material  Material 	{
            diffuseColor 0.17647058823529413 0.17647058823529413 0.17647058823529413
            specularColor 0.011764705882352941 0.011764705882352941 0.011764705882352941
            ambientIntensity 0.251
            transparency 0.0
            shininess 0.5
        }
    }
    geometry IndexedFaceSet {
        ccw TRUE
        solid FALSE
        coord DEF co Coordinate {
            point [
                0.6496 -0.3661 0.1575, 0.6496 -0.3661 0.3543, 0.6142 -0.3458 0.3543, 1.0304 0.4118 0.1575, 1.0433 0.4054 0.1575, 1.0797 0.3846 -1.5748, 1.0433 0.4054 0.3543, 1.122 0.3537 0.3543, 1.122 0.3537 -1.5748, 1.0289 0.4087 -1.5748, 0.9814 0.4312 -1.5748, 0.9272 0.4452 0.1575, 0.9265 0.4418 -1.5748, 0.8747 0.4518 -1.5748, 0.8189 0.4519 0.1575, 0.8191 0.4485 -1.5748, 0.7662 0.4452 -1.5748, 0.7123 0.4315 0.1575, 0.6142 0.3852 0.3543, 0.6496 0.4054 0.3543, 0.6496 0.4054 0.1575, 0.7662 -0.4059 -1.5748, 0.8189 -0.4125 0.1575, 0.7123 -0.3921 0.1575, 0.8191 -0.4091 -1.5748, 0.8747 -0.4125 -1.5748, 0.9272 -0.4058 0.1575, 0.9265 -0.4024 -1.5748, 0.9814 -0.3918 -1.5748, 1.0304 -0.3724 0.1575, 1.122 -0.3144 0.3543, 1.0433 -0.3661 0.3543, 1.0433 -0.3661 0.1575, 1.0289 -0.3693 -1.5748, 1.0797 -0.3452 -1.5748, 1.122 -0.3144 -1.5748, 0.5306 -0.2766 0.3543, 0.5708 -0.3144 -1.5748, 0.616 -0.3429 -1.5748, 0.6627 -0.3725 -1.5748, 0.7134 -0.3888 -1.5748, 0.4669 -0.1888 0.3543, 0.4963 -0.2352 -1.5748, 0.5331 -0.2743 -1.5748, 0.427 -0.088 0.3543, 0.4439 -0.14 -1.5748, 0.4699 -0.1872 -1.5748, 0.4134 0.0197 0.3543, 0.4168 -0.0347 -1.5748, 0.4303 -0.0871 -1.5748, 0.427 0.1273 0.3543, 0.4168 0.074 -1.5748, 0.4168 0.0197 -1.5748, 0.4669 0.2282 0.3543, 0.4439 0.1793 -1.5748, 0.4303 0.1265 -1.5748, 0.5306 0.316 0.3543, 0.4963 0.2746 -1.5748, 0.4699 0.2265 -1.5748, 0.7134 0.4282 -1.5748, 0.6627 0.4118 -1.5748, 0.616 0.3823 -1.5748, 0.5708 0.3537 -1.5748, 0.5331 0.3136 -1.5748, 0.5296 -0.0204 -1.7716, 0.5296 0.0598 -1.7716, 1.0801 -0.1981 -1.7716, 0.5495 0.1374 -1.7716, 0.5882 0.2077 -1.7716, 0.6432 0.2661 -1.7716, 0.7109 0.3089 -1.7716, 0.7873 0.3336 -1.7716, 0.8673 0.3384 -1.7716, 0.946 0.3232 -1.7716, 1.122 0.1812 -1.7716, 1.122 -0.1418 -1.7716, 1.0801 0.2375 -1.7716, 1.0185 0.2888 -1.7716, 0.5495 -0.0981 -1.7716, 1.0185 -0.2495 -1.7716, 0.946 -0.2838 -1.7716, 0.8673 -0.2991 -1.7716, 0.7873 -0.2942 -1.7716, 0.5882 -0.1683 -1.7716, 0.7109 -0.2696 -1.7716, 0.6432 -0.2267 -1.7716, 1.122 0.2766 -1.6723, 1.122 -0.2373 -1.6723, 0.6496 1.1614 -0.0394, 0.6496 0.8858 -0.0394, 0.6496 1.1614 0.3543, 0.6496 0.8858 0.1575, 0.6496 0.4823 0.3543, 0.6496 -1.1221 -0.0394, 0.6496 -1.1221 0.3543, 0.6496 -1.0207 0.3543, 0.6496 -0.8465 -0.0394, 0.6496 -0.8465 0.1575, 0.6496 -0.4429 0.3543, 1.0433 -1.0207 0.3543, 1.0433 -1.1221 0.3543, 1.0433 -0.8465 0.1575, 1.0433 -1.1221 -0.0394, 1.0433 -0.8465 -0.0394, 1.0433 -0.4429 0.3543, 1.0433 0.8858 -0.0394, 1.0433 1.1614 -0.0394, 1.0433 0.8858 0.1575, 1.0433 1.1614 0.3543, 1.0433 0.4823 0.3543, 0.3346 -0.9193 0.3543, 0.3346 -0.4429 0.3543, 0.374 -0.4429 0.3543, 4.7441 -0.7284 0.3543, 4.6457 -0.7284 0.3543, 4.6457 -0.4429 0.3543, 4.9213 -0.4429 0.3543, 4.7441 -1.0207 0.3543, 4.9213 -1.0207 0.3543, 4.7441 -1.1221 0.3543, 4.9213 -1.437 0.3543, 4.1535 -1.1221 0.3543, 3.9616 -1.437 0.3543, 4.1535 -1.0207 0.3543, 3.9616 -1.0207 0.3543, 4.1535 -0.7284 0.3543, 3.9616 -0.4429 0.3543, 4.252 -0.7284 0.3543, 4.252 -0.4429 0.3543, 4.059 -0.0848 0.3543, 4.0993 -0.1821 0.3543, 4.252 -0.3326 0.3543, 4.247 -0.3298 0.3543, 4.1635 -0.2657 0.3543, 4.0453 0.0197 0.3543, 3.9616 0.0197 0.3543, 4.059 0.1241 0.3543, 3.9616 0.4823 0.3543, 4.0993 0.2215 0.3543, 4.252 0.372 0.3543, 4.247 0.3692 0.3543, 4.1635 0.305 0.3543, 4.6457 0.4823 0.3543, 4.6457 0.7677 0.3543, 4.9213 0.4823 0.3543, 4.7441 0.7677 0.3543, 4.9213 1.2795 0.3543, 4.7441 1.1614 0.3543, 4.9146 1.3305 0.3543, 4.8949 1.3779 0.3543, 4.252 0.4823 0.3543, 4.1535 0.7677 0.3543, 4.252 0.7677 0.3543, 4.1535 1.1614 0.3543, 3.9616 1.4764 0.3543, 4.7244 1.4764 0.3543, 4.7754 1.4697 0.3543, 4.8228 1.45 0.3543, 4.8636 1.4187 0.3543, 4.6457 0.372 0.3543, 4.6506 0.3692 0.3543, 4.7342 0.305 0.3543, 4.7983 0.2215 0.3543, 4.6506 -0.3298 0.3543, 4.7342 -0.2657 0.3543, 4.7983 -0.1821 0.3543, 4.8386 -0.0848 0.3543, 4.9213 0.0197 0.3543, 4.8524 0.0197 0.3543, 4.8386 0.1241 0.3543, 4.6457 -0.3326 0.3543, -3.878 -0.4429 0.3543, -3.878 -0.9193 0.3543, -4.1535 -1.0207 0.3543, -4.1535 -1.1221 0.3543, -3.5433 -1.437 0.3543, -4.7441 -1.1221 0.3543, -4.9213 -1.437 0.3543, -4.7441 -1.0207 0.3543, -4.9213 -1.0207 0.3543, -4.7441 -0.7284 0.3543, -4.9213 -0.4429 0.3543, -4.1535 -0.7284 0.3543, -3.5433 -1.0207 0.3543, -3.6024 -0.9193 0.3543, -3.5433 -0.4429 0.3543, -3.6024 -0.4429 0.3543, -3.5433 0.0197 0.3543, -3.6024 -0.1575 0.3543, -3.878 -0.1575 0.3543, -4.9213 0.0197 0.3543, -3.2087 -0.9193 0.3543, -3.1496 -1.0207 0.3543, -3.4843 -0.9193 0.3543, -3.4843 -0.4429 0.3543, -3.4843 -0.1575 0.3543, -3.2087 -0.1575 0.3543, -3.1496 0.0197 0.3543, -3.2087 -0.4429 0.3543, -3.1496 -0.4429 0.3543, -2.815 -0.9193 0.3543, -2.7559 -1.0207 0.3543, -3.0906 -0.9193 0.3543, -3.0906 -0.4429 0.3543, -3.0906 -0.1575 0.3543, -2.815 -0.1575 0.3543, -2.7559 0.0197 0.3543, -2.815 -0.4429 0.3543, -2.7559 -0.4429 0.3543, -2.4213 -0.9193 0.3543, -2.3622 -1.0207 0.3543, -2.6969 -0.9193 0.3543, -2.6969 -0.4429 0.3543, -2.6969 -0.1575 0.3543, -2.4213 -0.1575 0.3543, -2.3622 0.0197 0.3543, -2.4213 -0.4429 0.3543, -2.3622 -0.4429 0.3543, -2.0276 -0.1575 0.3543, -2.3031 -0.1575 0.3543, -1.5748 0.0197 0.3543, -1.6339 -0.1575 0.3543, -1.9094 -0.1575 0.3543, -1.6339 -0.4429 0.3543, -1.5748 -0.4429 0.3543, -1.6339 -0.9193 0.3543, -1.5748 -1.0207 0.3543, -1.9094 -0.9193 0.3543, -2.3031 -0.4429 0.3543, -2.3031 -0.9193 0.3543, -2.0276 -0.9193 0.3543, -2.0276 -0.4429 0.3543, -1.9094 -0.4429 0.3543, -1.2402 -0.9193 0.3543, -1.1811 -1.0207 0.3543, -1.5157 -0.9193 0.3543, -1.5157 -0.4429 0.3543, -1.5157 -0.1575 0.3543, -1.2402 -0.1575 0.3543, -1.1811 0.0197 0.3543, -1.2402 -0.4429 0.3543, -1.1811 -0.4429 0.3543, -0.8465 -0.9193 0.3543, -0.7874 -1.0207 0.3543, -1.122 -0.9193 0.3543, -1.122 -0.4429 0.3543, -1.122 -0.1575 0.3543, -0.8465 -0.1575 0.3543, -0.7874 0.0197 0.3543, -0.8465 -0.4429 0.3543, -0.7874 -0.4429 0.3543, -0.4528 -0.9193 0.3543, -0.3937 -1.0207 0.3543, -0.7283 -0.9193 0.3543, -0.7283 -0.4429 0.3543, -0.7283 -0.1575 0.3543, -0.4528 -0.1575 0.3543, -0.3937 0.0197 0.3543, -0.4528 -0.4429 0.3543, -0.3937 -0.4429 0.3543, -0.0591 -0.1575 0.3543, -0.3346 -0.1575 0.3543, 0.374 0.0197 0.3543, 0.3346 -0.1575 0.3543, 0.0591 -0.1575 0.3543, -0.3346 -0.4429 0.3543, -0.3346 -0.9193 0.3543, -0.0591 -0.9193 0.3543, -0.0591 -0.4429 0.3543, 0.0591 -0.4429 0.3543, 0.0591 -0.9193 0.3543, 0.374 -1.0207 0.3543, 1.9094 -0.9193 0.3543, 1.9685 -1.0207 0.3543, 1.6339 -0.9193 0.3543, 1.5748 -1.0207 0.3543, 1.6339 -0.4429 0.3543, 1.5748 -0.4429 0.3543, 1.6339 -0.1575 0.3543, 1.5748 0.0197 0.3543, 1.9094 -0.1575 0.3543, 1.9685 0.0197 0.3543, 1.9094 -0.4429 0.3543, 1.9685 -0.4429 0.3543, 2.3031 -0.9193 0.3543, 2.3622 -1.0207 0.3543, 2.0276 -0.9193 0.3543, 2.0276 -0.4429 0.3543, 2.0276 -0.1575 0.3543, 2.3031 -0.1575 0.3543, 2.3622 0.0197 0.3543, 2.3031 -0.4429 0.3543, 2.3622 -0.4429 0.3543, 2.6969 -0.9193 0.3543, 2.7559 -1.0207 0.3543, 2.4213 -0.9193 0.3543, 2.4213 -0.4429 0.3543, 2.4213 -0.1575 0.3543, 2.6969 -0.1575 0.3543, 2.7559 0.0197 0.3543, 2.6969 -0.4429 0.3543, 2.7559 -0.4429 0.3543, 3.0906 -0.9193 0.3543, 3.1496 -1.0207 0.3543, 2.815 -0.9193 0.3543, 2.815 -0.4429 0.3543, 2.815 -0.1575 0.3543, 3.0906 -0.1575 0.3543, 3.1496 0.0197 0.3543, 3.0906 -0.4429 0.3543, 3.1496 -0.4429 0.3543, 3.4843 -0.9193 0.3543, 3.5433 -1.0207 0.3543, 3.2087 -0.9193 0.3543, 3.2087 -0.4429 0.3543, 3.2087 -0.1575 0.3543, 3.4843 -0.1575 0.3543, 3.5433 0.0197 0.3543, 3.4843 -0.4429 0.3543, 3.5433 -0.4429 0.3543, 3.878 -0.9193 0.3543, 3.6024 -0.9193 0.3543, 3.6024 -0.4429 0.3543, 3.6024 -0.1575 0.3543, 3.878 -0.1575 0.3543, 3.878 -0.4429 0.3543, -3.5433 0.4823 0.3543, -3.6024 0.9587 0.3543, -3.5433 1.4764 0.3543, -3.878 0.9587 0.3543, -4.1535 1.1614 0.3543, -4.7441 1.1614 0.3543, -4.7244 1.4764 0.3543, -4.9213 0.4823 0.3543, -4.9213 1.2795 0.3543, -4.1535 0.7677 0.3543, -3.878 0.4823 0.3543, -4.7441 0.7677 0.3543, -4.9146 1.3305 0.3543, -4.8949 1.3779 0.3543, -4.8636 1.4187 0.3543, -4.8228 1.45 0.3543, -4.7754 1.4697 0.3543, -3.878 0.1968 0.3543, -3.6024 0.1968 0.3543, -3.6024 0.4823 0.3543, 3.6024 0.9587 0.3543, 3.5433 1.4764 0.3543, 3.878 0.9587 0.3543, 3.5433 0.4823 0.3543, 3.6024 0.4823 0.3543, 3.6024 0.1968 0.3543, 3.878 0.1968 0.3543, 3.878 0.4823 0.3543, 3.2087 0.9587 0.3543, 3.1496 1.4764 0.3543, 3.4843 0.9587 0.3543, 3.1496 0.4823 0.3543, 3.2087 0.4823 0.3543, 3.2087 0.1968 0.3543, 3.4843 0.1968 0.3543, 3.4843 0.4823 0.3543, 2.815 0.9587 0.3543, 2.7559 1.4764 0.3543, 3.0906 0.9587 0.3543, 2.7559 0.4823 0.3543, 2.815 0.4823 0.3543, 2.815 0.1968 0.3543, 3.0906 0.1968 0.3543, 3.0906 0.4823 0.3543, 2.4213 0.9587 0.3543, 2.3622 1.4764 0.3543, 2.6969 0.9587 0.3543, 2.3622 0.4823 0.3543, 2.4213 0.4823 0.3543, 2.4213 0.1968 0.3543, 2.6969 0.1968 0.3543, 2.6969 0.4823 0.3543, 2.0276 0.9587 0.3543, 1.9685 1.4764 0.3543, 2.3031 0.9587 0.3543, 1.9685 0.4823 0.3543, 2.0276 0.4823 0.3543, 2.0276 0.1968 0.3543, 2.3031 0.1968 0.3543, 2.3031 0.4823 0.3543, 1.6339 0.9587 0.3543, 1.5748 1.4764 0.3543, 1.9094 0.9587 0.3543, 1.5748 0.4823 0.3543, 1.6339 0.4823 0.3543, 1.6339 0.1968 0.3543, 1.9094 0.1968 0.3543, 1.9094 0.4823 0.3543, 0.0591 0.9587 0.3543, -0.3937 1.4764 0.3543, 0.3346 0.9587 0.3543, 0.374 1.4764 0.3543, 0.374 0.4823 0.3543, -0.3937 0.4823 0.3543, -0.3346 0.4823 0.3543, -0.3346 0.1968 0.3543, -0.0591 0.1968 0.3543, -0.3346 0.9587 0.3543, -0.0591 0.9587 0.3543, -0.0591 0.4823 0.3543, 0.0591 0.4823 0.3543, 0.0591 0.1968 0.3543, 0.3346 0.1968 0.3543, 0.3346 0.4823 0.3543, -0.7283 0.9587 0.3543, -0.7874 1.4764 0.3543, -0.4528 0.9587 0.3543, -0.7874 0.4823 0.3543, -0.7283 0.4823 0.3543, -0.7283 0.1968 0.3543, -0.4528 0.1968 0.3543, -0.4528 0.4823 0.3543, -1.122 0.9587 0.3543, -1.1811 1.4764 0.3543, -0.8465 0.9587 0.3543, -1.1811 0.4823 0.3543, -1.122 0.4823 0.3543, -1.122 0.1968 0.3543, -0.8465 0.1968 0.3543, -0.8465 0.4823 0.3543, -1.5157 0.9587 0.3543, -1.5748 1.4764 0.3543, -1.2402 0.9587 0.3543, -1.5748 0.4823 0.3543, -1.5157 0.4823 0.3543, -1.5157 0.1968 0.3543, -1.2402 0.1968 0.3543, -1.2402 0.4823 0.3543, -1.9094 0.9587 0.3543, -2.3622 1.4764 0.3543, -1.6339 0.9587 0.3543, -2.3622 0.4823 0.3543, -2.3031 0.4823 0.3543, -2.3031 0.1968 0.3543, -2.0276 0.1968 0.3543, -2.3031 0.9587 0.3543, -2.0276 0.9587 0.3543, -2.0276 0.4823 0.3543, -1.9094 0.4823 0.3543, -1.9094 0.1968 0.3543, -1.6339 0.1968 0.3543, -1.6339 0.4823 0.3543, -2.6969 0.9587 0.3543, -2.7559 1.4764 0.3543, -2.4213 0.9587 0.3543, -2.7559 0.4823 0.3543, -2.6969 0.4823 0.3543, -2.6969 0.1968 0.3543, -2.4213 0.1968 0.3543, -2.4213 0.4823 0.3543, -3.0906 0.9587 0.3543, -3.1496 1.4764 0.3543, -2.815 0.9587 0.3543, -3.1496 0.4823 0.3543, -3.0906 0.4823 0.3543, -3.0906 0.1968 0.3543, -2.815 0.1968 0.3543, -2.815 0.4823 0.3543, -3.2087 0.4823 0.3543, -3.2087 0.9587 0.3543, -3.2087 0.1968 0.3543, -3.4843 0.1968 0.3543, -3.4843 0.4823 0.3543, -3.4843 0.9587 0.3543, 1.2402 -0.4429 0.3543, 1.1811 -0.4429 0.3543, 1.2402 -0.1575 0.3543, 1.1811 0.0197 0.3543, 1.5157 -0.1575 0.3543, 1.5157 -0.4429 0.3543, 1.5157 -0.9193 0.3543, 1.2402 -0.9193 0.3543, 1.1811 -1.0207 0.3543, 1.1811 -1.437 0.3543, 0.374 -1.437 0.3543, 1.122 0.0197 0.3543, 1.1811 0.4823 0.3543, 1.1811 1.4764 0.3543, 1.5157 0.4823 0.3543, 1.5157 0.9587 0.3543, 1.5157 0.1968 0.3543, 1.2402 0.1968 0.3543, 1.2402 0.4823 0.3543, 1.2402 0.9587 0.3543, -0.3937 -1.437 0.3543, -0.7874 -1.437 0.3543, -1.1811 -1.437 0.3543, -1.5748 -1.437 0.3543, -2.3622 -1.437 0.3543, -2.7559 -1.437 0.3543, -3.1496 -1.437 0.3543, 3.5433 -1.437 0.3543, 3.1496 -1.437 0.3543, 2.7559 -1.437 0.3543, 2.3622 -1.437 0.3543, 1.9685 -1.437 0.3543, 1.5748 -1.437 0.3543, 4.252 0.7677 0.1575, 4.252 0.372 0.1575, 4.252 -0.3326 0.1575, 4.252 -0.7284 0.1575, 4.6457 -0.7284 0.1575, 4.6457 -0.3326 0.1575, 4.6457 0.372 0.1575, 4.6457 0.7677 0.1575, 4.3444 -0.3701 0.1575, 4.4488 -0.3839 0.1575, 4.5533 -0.3701 0.1575, 4.1535 0.7677 -0.0394, 4.7441 0.7677 -0.0394, 4.7441 -0.7284 -0.0394, 4.1535 -0.7284 -0.0394, 4.1496 -0.3287 4.2126, 4.1496 -0.3287 1.378, 3.878 -0.3287 1.378, 3.6024 -0.3287 1.378, 3.4843 -0.3287 1.378, 3.6024 -0.3287 3.5827, 3.4843 -0.3287 3.5827, 3.878 -0.3287 3.5827, 1.1378 -0.3287 4.2126, 3.2087 -0.3287 3.5827, 2.815 -0.3287 3.5827, 2.815 -0.3287 1.378, 2.6969 -0.3287 1.378, 2.6969 -0.3287 3.5827, 2.4213 -0.3287 3.5827, 3.0906 -0.3287 3.5827, 3.0906 -0.3287 1.378, 3.2087 -0.3287 1.378, 2.0276 -0.3287 3.5827, 2.0276 -0.3287 1.378, 1.9094 -0.3287 1.378, 1.9094 -0.3287 3.5827, 1.6339 -0.3287 3.5827, 2.3031 -0.3287 3.5827, 2.3031 -0.3287 1.378, 2.4213 -0.3287 1.378, 1.2402 -0.3287 1.378, 1.1378 -0.3287 1.378, 1.2402 -0.3287 3.5827, 1.5157 -0.3287 3.5827, 1.5157 -0.3287 1.378, 1.6339 -0.3287 1.378, 1.1378 0.3681 1.378, 1.2402 -0.1575 1.378, 1.5157 -0.1575 1.378, 1.9094 0.1968 1.378, 1.6339 0.1968 1.378, 1.2402 0.3681 1.378, 1.2402 0.1968 1.378, 1.5157 0.1968 1.378, 1.5157 0.3681 1.378, 1.6339 0.3681 1.378, 1.9094 -0.1575 1.378, 2.3031 0.1968 1.378, 1.6339 -0.1575 1.378, 2.0276 0.1968 1.378, 1.9094 0.3681 1.378, 2.0276 0.3681 1.378, 2.3031 -0.1575 1.378, 2.6969 0.1968 1.378, 2.0276 -0.1575 1.378, 2.4213 0.1968 1.378, 2.3031 0.3681 1.378, 2.4213 0.3681 1.378, 2.6969 -0.1575 1.378, 3.0906 0.1968 1.378, 2.4213 -0.1575 1.378, 2.815 0.1968 1.378, 2.6969 0.3681 1.378, 2.815 0.3681 1.378, 3.0906 -0.1575 1.378, 3.4843 0.1968 1.378, 2.815 -0.1575 1.378, 3.2087 0.1968 1.378, 3.0906 0.3681 1.378, 3.2087 0.3681 1.378, 3.878 0.1968 1.378, 3.6024 0.1968 1.378, 3.2087 -0.1575 1.378, 3.4843 -0.1575 1.378, 3.6024 -0.1575 1.378, 3.4843 0.3681 1.378, 3.6024 0.3681 1.378, 4.1496 0.3681 1.378, 3.878 0.3681 1.378, 3.878 -0.1575 1.378, 0.437 -0.3287 1.378, 0.3346 -0.3287 1.378, 0.3346 -0.3287 3.5827, 0.0591 -0.3287 1.378, -0.0591 -0.3287 1.378, 0.0591 -0.3287 3.5827, -0.0591 -0.3287 3.5827, 0.437 -0.3287 4.2126, -4.1496 -0.3287 4.2126, -0.3346 -0.3287 3.5827, -0.7283 -0.3287 3.5827, -0.7283 -0.3287 1.378, -0.8465 -0.3287 1.378, -0.8465 -0.3287 3.5827, -1.122 -0.3287 3.5827, -0.4528 -0.3287 3.5827, -0.4528 -0.3287 1.378, -0.3346 -0.3287 1.378, -1.5157 -0.3287 3.5827, -1.5157 -0.3287 1.378, -1.6339 -0.3287 1.378, -1.6339 -0.3287 3.5827, -1.9094 -0.3287 3.5827, -1.2402 -0.3287 3.5827, -1.2402 -0.3287 1.378, -1.122 -0.3287 1.378, -2.3031 -0.3287 3.5827, -2.3031 -0.3287 1.378, -2.4213 -0.3287 1.378, -2.4213 -0.3287 3.5827, -2.6969 -0.3287 3.5827, -2.0276 -0.3287 3.5827, -2.0276 -0.3287 1.378, -1.9094 -0.3287 1.378, -3.0906 -0.3287 3.5827, -3.0906 -0.3287 1.378, -3.2087 -0.3287 1.378, -3.2087 -0.3287 3.5827, -3.4843 -0.3287 3.5827, -2.815 -0.3287 3.5827, -2.815 -0.3287 1.378, -2.6969 -0.3287 1.378, -3.878 -0.3287 1.378, -4.1496 -0.3287 1.378, -3.878 -0.3287 3.5827, -3.6024 -0.3287 3.5827, -3.6024 -0.3287 1.378, -3.4843 -0.3287 1.378, 0.3346 -0.1575 1.378, -4.1496 0.3681 1.378, -3.878 -0.1575 1.378, -3.6024 -0.1575 1.378, -3.2087 0.1968 1.378, -3.4843 0.1968 1.378, -3.878 0.3681 1.378, -3.878 0.1968 1.378, -3.6024 0.1968 1.378, -3.6024 0.3681 1.378, -3.4843 0.3681 1.378, -3.2087 -0.1575 1.378, -2.815 0.1968 1.378, -3.4843 -0.1575 1.378, -3.0906 0.1968 1.378, -3.2087 0.3681 1.378, -3.0906 0.3681 1.378, -2.815 -0.1575 1.378, -2.4213 0.1968 1.378, -3.0906 -0.1575 1.378, -2.6969 0.1968 1.378, -2.815 0.3681 1.378, -2.6969 0.3681 1.378, -2.4213 -0.1575 1.378, -2.0276 0.1968 1.378, -2.6969 -0.1575 1.378, -2.3031 0.1968 1.378, -2.4213 0.3681 1.378, -2.3031 0.3681 1.378, -2.0276 -0.1575 1.378, -1.6339 0.1968 1.378, -2.3031 -0.1575 1.378, -1.9094 0.1968 1.378, -2.0276 0.3681 1.378, -1.9094 0.3681 1.378, -1.6339 -0.1575 1.378, -1.2402 0.1968 1.378, -1.9094 -0.1575 1.378, -1.5157 0.1968 1.378, -1.6339 0.3681 1.378, -1.5157 0.3681 1.378, -1.2402 -0.1575 1.378, -0.8465 0.1968 1.378, -1.5157 -0.1575 1.378, -1.122 0.1968 1.378, -1.2402 0.3681 1.378, -1.122 0.3681 1.378, -0.8465 -0.1575 1.378, -0.4528 0.1968 1.378, -1.122 -0.1575 1.378, -0.7283 0.1968 1.378, -0.8465 0.3681 1.378, -0.7283 0.3681 1.378, -0.4528 -0.1575 1.378, -0.0591 0.1968 1.378, -0.7283 -0.1575 1.378, -0.3346 0.1968 1.378, -0.4528 0.3681 1.378, -0.3346 0.3681 1.378, -0.0591 -0.1575 1.378, 0.3346 0.1968 1.378, -0.3346 -0.1575 1.378, 0.0591 0.1968 1.378, -0.0591 0.3681 1.378, 0.0591 0.3681 1.378, 0.437 0.3681 1.378, 0.3346 0.3681 1.378, 0.0591 -0.1575 1.378, 3.878 -0.565 3.5827, 3.878 -0.565 4.3701, 3.6024 -0.565 3.5827, 3.6024 -0.565 4.3701, 3.6024 -0.9193 2.4016, 3.6024 -0.9587 2.4016, 3.878 -0.9193 2.4016, 3.878 -0.9587 2.4016, 3.4843 -0.565 3.5827, 3.4843 -0.565 4.3701, 3.2087 -0.565 3.5827, 3.2087 -0.565 4.3701, 3.2087 -0.9193 2.4016, 3.2087 -0.9587 2.4016, 3.4843 -0.9193 2.4016, 3.4843 -0.9587 2.4016, 3.0906 -0.565 3.5827, 3.0906 -0.565 4.3701, 2.815 -0.565 3.5827, 2.815 -0.565 4.3701, 2.815 -0.9193 2.4016, 2.815 -0.9587 2.4016, 3.0906 -0.9193 2.4016, 3.0906 -0.9587 2.4016, 2.6969 -0.565 3.5827, 2.6969 -0.565 4.3701, 2.4213 -0.565 3.5827, 2.4213 -0.565 4.3701, 2.4213 -0.9193 2.4016, 2.4213 -0.9587 2.4016, 2.6969 -0.9193 2.4016, 2.6969 -0.9587 2.4016, 2.3031 -0.565 3.5827, 2.3031 -0.565 4.3701, 2.0276 -0.565 3.5827, 2.0276 -0.565 4.3701, 2.0276 -0.9193 2.4016, 2.0276 -0.9587 2.4016, 2.3031 -0.9193 2.4016, 2.3031 -0.9587 2.4016, 1.9094 -0.565 3.5827, 1.9094 -0.565 4.3701, 1.6339 -0.565 3.5827, 1.6339 -0.565 4.3701, 1.6339 -0.9193 2.4016, 1.6339 -0.9587 2.4016, 1.9094 -0.9193 2.4016, 1.9094 -0.9587 2.4016, 1.5157 -0.565 3.5827, 1.5157 -0.565 4.3701, 1.2402 -0.565 3.5827, 1.2402 -0.565 4.3701, 1.2402 -0.9193 2.4016, 1.2402 -0.9587 2.4016, 1.5157 -0.9193 2.4016, 1.5157 -0.9587 2.4016, 0.3346 -0.565 3.5827, 0.3346 -0.565 4.3701, 0.0591 -0.565 3.5827, 0.0591 -0.565 4.3701, 0.0591 -0.9193 2.4016, 0.0591 -0.9587 2.4016, 0.3346 -0.9193 2.4016, 0.3346 -0.9587 2.4016, -0.0591 -0.565 3.5827, -0.0591 -0.565 4.3701, -0.3346 -0.565 3.5827, -0.3346 -0.565 4.3701, -0.3346 -0.9193 2.4016, -0.3346 -0.9587 2.4016, -0.0591 -0.9193 2.4016, -0.0591 -0.9587 2.4016, -0.4528 -0.565 3.5827, -0.4528 -0.565 4.3701, -0.7283 -0.565 3.5827, -0.7283 -0.565 4.3701, -0.7283 -0.9193 2.4016, -0.7283 -0.9587 2.4016, -0.4528 -0.9193 2.4016, -0.4528 -0.9587 2.4016, -0.8465 -0.565 3.5827, -0.8465 -0.565 4.3701, -1.122 -0.565 3.5827, -1.122 -0.565 4.3701, -1.122 -0.9193 2.4016, -1.122 -0.9587 2.4016, -0.8465 -0.9193 2.4016, -0.8465 -0.9587 2.4016, -1.2402 -0.565 3.5827, -1.2402 -0.565 4.3701, -1.5157 -0.565 3.5827, -1.5157 -0.565 4.3701, -1.5157 -0.9193 2.4016, -1.5157 -0.9587 2.4016, -1.2402 -0.9193 2.4016, -1.2402 -0.9587 2.4016, -1.6339 -0.565 3.5827, -1.6339 -0.565 4.3701, -1.9094 -0.565 3.5827, -1.9094 -0.565 4.3701, -1.9094 -0.9193 2.4016, -1.9094 -0.9587 2.4016, -1.6339 -0.9193 2.4016, -1.6339 -0.9587 2.4016, -2.0276 -0.565 3.5827, -2.0276 -0.565 4.3701, -2.3031 -0.565 3.5827, -2.3031 -0.565 4.3701, -2.3031 -0.9193 2.4016, -2.3031 -0.9587 2.4016, -2.0276 -0.9193 2.4016, -2.0276 -0.9587 2.4016, -2.4213 -0.565 3.5827, -2.4213 -0.565 4.3701, -2.6969 -0.565 3.5827, -2.6969 -0.565 4.3701, -2.6969 -0.9193 2.4016, -2.6969 -0.9587 2.4016, -2.4213 -0.9193 2.4016, -2.4213 -0.9587 2.4016, -2.815 -0.565 3.5827, -2.815 -0.565 4.3701, -3.0906 -0.565 3.5827, -3.0906 -0.565 4.3701, -3.0906 -0.9193 2.4016, -3.0906 -0.9587 2.4016, -2.815 -0.9193 2.4016, -2.815 -0.9587 2.4016, -3.2087 -0.565 3.5827, -3.2087 -0.565 4.3701, -3.4843 -0.565 3.5827, -3.4843 -0.565 4.3701, -3.4843 -0.9193 2.4016, -3.4843 -0.9587 2.4016, -3.2087 -0.9193 2.4016, -3.2087 -0.9587 2.4016, -3.6024 -0.565 3.5827, -3.6024 -0.565 4.3701, -3.878 -0.565 3.5827, -3.878 -0.565 4.3701, -3.878 -0.9193 2.4016, -3.878 -0.9587 2.4016, -3.6024 -0.9193 2.4016, -3.6024 -0.9587 2.4016, -0.4528 0.998 4.3701, -0.4528 0.6043 4.3701, -0.3937 0.565 4.3701, -0.8465 0.998 4.3701, -0.8465 0.6043 4.3701, -0.7874 0.565 4.3701, -3.5433 -0.5256 4.3701, -3.5433 -0.4862 4.3701, -4.3071 -0.4862 4.3701, -4.3071 0.5256 4.3701, -4.7244 0.565 4.3701, -4.7244 -0.5256 4.3701, -0.3937 0.5256 4.3701, 0.4646 0.5256 4.3701, 0.4646 0.565 4.3701, 0.5945 0.5256 4.3701, -3.5433 0.565 4.3701, -3.5433 0.5256 4.3701, -3.1496 0.565 4.3701, -3.1496 0.5256 4.3701, -2.7559 0.565 4.3701, -2.7559 0.5256 4.3701, -2.3622 0.565 4.3701, -2.3622 0.5256 4.3701, -1.9685 0.565 4.3701, -1.9685 0.5256 4.3701, -1.5748 0.565 4.3701, -1.5748 0.5256 4.3701, -1.1811 0.565 4.3701, -1.1811 0.5256 4.3701, -0.7874 0.5256 4.3701, 1.5748 -0.5256 4.3701, 1.5748 -0.4862 4.3701, 0.9803 -0.4862 4.3701, 0.9803 0.5256 4.3701, 0.7874 0.565 4.3701, 0.7874 -0.5256 4.3701, 4.0925 0.565 4.3701, 4.0925 0.5256 4.3701, 4.3071 0.5256 4.3701, 3.5433 0.5256 4.3701, 3.5433 0.565 4.3701, 3.1496 0.5256 4.3701, 3.1496 0.565 4.3701, 2.7559 0.5256 4.3701, 2.7559 0.565 4.3701, 1.9685 0.5256 4.3701, 1.9685 0.565 4.3701, 1.5748 0.565 4.3701, 1.5748 0.5256 4.3701, -4.7244 -1.1978 4.3701, -4.7244 -1.437 4.3701, -3.6417 -1.437 4.3701, -3.1496 -1.1978 4.3701, -3.5433 -1.1978 4.3701, -3.5433 -1.437 4.3701, -3.1496 -1.437 4.3701, -3.0512 -1.437 4.3701, -2.7559 -1.1978 4.3701, -2.7559 -1.437 4.3701, -2.3622 -1.1978 4.3701, -2.3622 -1.437 4.3701, -1.9685 -1.1978 4.3701, -1.9685 -1.437 4.3701, -1.5748 -1.1978 4.3701, -1.5748 -1.437 4.3701, -1.1811 -1.1978 4.3701, -1.1811 -1.437 4.3701, -0.7874 -1.1978 4.3701, -0.7874 -1.437 4.3701, -0.3937 -1.1978 4.3701, -0.3937 -1.437 4.3701, -0.2953 -1.437 4.3701, 0.4646 -1.1978 4.3701, 0.2953 -1.437 4.3701, 0.4646 -1.437 4.3701, 0.7874 -1.1978 4.3701, 0.7874 -1.437 4.3701, 1.5748 -1.1978 4.3701, 1.5748 -1.437 4.3701, 1.9685 -1.1978 4.3701, 1.9685 -1.437 4.3701, 2.7559 -1.1978 4.3701, 2.7559 -1.437 4.3701, 3.0512 -1.437 4.3701, 3.1496 -1.1978 4.3701, 3.1496 -1.437 4.3701, 3.5433 -1.1978 4.3701, 3.5433 -1.437 4.3701, 3.6417 -1.437 4.3701, 4.7244 -1.437 4.3701, 4.7244 -1.1978 4.3701, 4.0925 -1.437 4.3701, 4.0925 -1.1978 4.3701, -3.878 -0.9587 4.3701, -3.6024 -0.9587 4.3701, -3.1496 -0.5256 4.3701, -3.2087 -0.9587 4.3701, -3.4843 -0.9587 4.3701, -2.7559 -0.5256 4.3701, -2.815 -0.9587 4.3701, -3.0906 -0.9587 4.3701, -2.3622 -0.5256 4.3701, -2.4213 -0.9587 4.3701, -2.6969 -0.9587 4.3701, -1.9685 -0.5256 4.3701, -2.0276 -0.9587 4.3701, -2.3031 -0.9587 4.3701, -1.5748 -0.5256 4.3701, -1.6339 -0.9587 4.3701, -1.9094 -0.9587 4.3701, -1.1811 -0.5256 4.3701, -1.2402 -0.9587 4.3701, -1.5157 -0.9587 4.3701, -0.7874 -0.5256 4.3701, -0.8465 -0.9587 4.3701, -1.122 -0.9587 4.3701, -0.3937 -0.5256 4.3701, -0.4528 -0.9587 4.3701, -0.7283 -0.9587 4.3701, 0.3346 -0.9587 4.3701, -0.0591 -0.9587 4.3701, 0.0591 -0.9587 4.3701, 0.4646 -0.5256 4.3701, -0.3346 -0.9587 4.3701, 1.5157 -0.9587 4.3701, 1.2402 -0.9587 4.3701, 1.9685 -0.5256 4.3701, 1.9094 -0.9587 4.3701, 1.6339 -0.9587 4.3701, 2.7559 -0.5256 4.3701, 2.6969 -0.9587 4.3701, 2.3031 -0.9587 4.3701, 2.4213 -0.9587 4.3701, 2.0276 -0.9587 4.3701, 3.1496 -0.5256 4.3701, 3.0906 -0.9587 4.3701, 2.815 -0.9587 4.3701, 3.878 -0.9587 4.3701, 3.6024 -0.9587 4.3701, 3.5433 -0.5256 4.3701, 3.4843 -0.9587 4.3701, 3.2087 -0.9587 4.3701, 4.7244 -0.5256 4.3701, 4.0925 -0.5256 4.3701, -3.6024 0.6043 4.3701, -3.878 0.6043 4.3701, -3.6024 0.998 4.3701, -3.5433 1.2795 4.3701, -3.878 0.998 4.3701, -4.7244 1.2795 4.3701, -3.2087 0.6043 4.3701, -3.4843 0.6043 4.3701, -3.4843 0.998 4.3701, -3.2087 0.998 4.3701, -3.1496 1.2795 4.3701, -2.815 0.6043 4.3701, -3.0906 0.6043 4.3701, -3.0906 0.998 4.3701, -2.815 0.998 4.3701, -2.7559 1.2795 4.3701, -2.4213 0.6043 4.3701, -2.6969 0.6043 4.3701, -2.6969 0.998 4.3701, -2.4213 0.998 4.3701, -2.3622 1.2795 4.3701, -2.0276 0.6043 4.3701, -2.3031 0.6043 4.3701, -2.3031 0.998 4.3701, -2.0276 0.998 4.3701, -1.9685 1.2795 4.3701, -1.6339 0.6043 4.3701, -1.9094 0.6043 4.3701, -1.9094 0.998 4.3701, -1.6339 0.998 4.3701, -1.5748 1.2795 4.3701, -1.2402 0.6043 4.3701, -1.5157 0.6043 4.3701, -1.5157 0.998 4.3701, -1.2402 0.998 4.3701, -1.1811 1.2795 4.3701, -1.122 0.6043 4.3701, -1.122 0.998 4.3701, -0.7874 1.2795 4.3701, -0.7283 0.6043 4.3701, -0.7283 0.998 4.3701, -0.3937 1.2795 4.3701, -0.0591 0.6043 4.3701, -0.3346 0.6043 4.3701, 0.0591 0.998 4.3701, -0.0591 0.998 4.3701, 0.0591 0.6043 4.3701, -0.3346 0.998 4.3701, 0.4646 1.2795 4.3701, 0.3346 0.998 4.3701, 0.3346 0.6043 4.3701, -3.1496 -0.4862 4.3701, -2.7559 -0.4862 4.3701, -2.3622 -0.4862 4.3701, -1.9685 -0.4862 4.3701, -1.5748 -0.4862 4.3701, -1.1811 -0.4862 4.3701, -0.7874 -0.4862 4.3701, -0.3937 -0.4862 4.3701, 0.4646 -0.4862 4.3701, 0.5945 -0.4862 4.3701, 0.7874 1.2795 4.3701, 1.5157 0.6043 4.3701, 1.2402 0.6043 4.3701, 1.5157 0.998 4.3701, 1.5748 1.2795 4.3701, 1.2402 0.998 4.3701, 1.6339 0.6043 4.3701, 1.6339 0.998 4.3701, 1.9094 0.6043 4.3701, 1.9094 0.998 4.3701, 1.9685 1.2795 4.3701, 2.6969 0.6043 4.3701, 2.4213 0.6043 4.3701, 2.3031 0.6043 4.3701, 2.3031 0.998 4.3701, 2.4213 0.998 4.3701, 2.7559 1.2795 4.3701, 2.6969 0.998 4.3701, 2.0276 0.6043 4.3701, 2.0276 0.998 4.3701, 3.0906 0.6043 4.3701, 2.815 0.6043 4.3701, 2.815 0.998 4.3701, 3.0906 0.998 4.3701, 3.1496 1.2795 4.3701, 3.4843 0.6043 4.3701, 3.2087 0.6043 4.3701, 3.2087 0.998 4.3701, 3.4843 0.998 4.3701, 3.5433 1.2795 4.3701, 3.6024 0.6043 4.3701, 3.6024 0.998 4.3701, 3.878 0.6043 4.3701, 3.878 0.998 4.3701, 4.0925 1.2795 4.3701, 1.9685 -0.4862 4.3701, 2.7559 -0.4862 4.3701, 3.1496 -0.4862 4.3701, 3.5433 -0.4862 4.3701, 4.0925 -0.4862 4.3701, 4.3071 -0.4862 4.3701, 4.7244 0.565 4.3701, 4.7244 1.2795 4.3701, 3.6024 0.6043 3.5827, 3.878 0.6043 3.5827, 3.2087 0.6043 3.5827, 3.4843 0.6043 3.5827, 2.815 0.6043 3.5827, 3.0906 0.6043 3.5827, 2.4213 0.6043 3.5827, 2.6969 0.6043 3.5827, 2.0276 0.6043 3.5827, 2.3031 0.6043 3.5827, 1.6339 0.6043 3.5827, 1.9094 0.6043 3.5827, 1.2402 0.6043 3.5827, 1.5157 0.6043 3.5827, 0.0591 0.6043 3.5827, 0.3346 0.6043 3.5827, -0.3346 0.6043 3.5827, -0.0591 0.6043 3.5827, -0.7283 0.6043 3.5827, -0.4528 0.6043 3.5827, -1.122 0.6043 3.5827, -0.8465 0.6043 3.5827, -1.5157 0.6043 3.5827, -1.2402 0.6043 3.5827, -1.9094 0.6043 3.5827, -1.6339 0.6043 3.5827, -2.3031 0.6043 3.5827, -2.0276 0.6043 3.5827, -2.6969 0.6043 3.5827, -2.4213 0.6043 3.5827, -3.0906 0.6043 3.5827, -2.815 0.6043 3.5827, -3.4843 0.6043 3.5827, -3.2087 0.6043 3.5827, -3.878 0.6043 3.5827, -3.6024 0.6043 3.5827, 3.6417 -1.9882 3.2874, 4.8442 -1.4577 4.3294, 4.9213 -1.5372 4.1732, 4.8636 -1.4664 4.3124, 4.9146 -1.5113 4.2242, 4.8949 -1.4871 4.2717, 4.8228 -1.4504 4.3437, 4.7997 -1.4446 4.3551, 4.7754 -1.4404 4.3634, 4.9213 -1.9882 3.2874, 4.7501 -1.4379 4.3684, 4.9213 -1.437 2.9724, 4.9213 -1.9882 2.9724, 3.6417 -1.437 2.9724, 3.6417 -1.9882 2.9724, -0.2953 -1.9882 3.2874, -3.0512 -1.9882 3.2874, -0.2953 -1.437 2.9724, -0.2953 -1.9882 2.9724, -3.0512 -1.437 2.9724, -3.0512 -1.9882 2.9724, 3.0512 -1.9882 3.2874, 0.2953 -1.9882 3.2874, 0.2953 -1.9882 2.9724, 0.2953 -1.437 2.9724, 3.0512 -1.9882 2.9724, 3.0512 -1.437 2.9724, -3.6417 -1.437 2.9724, -4.9213 -1.437 2.9724, 4.9213 1.2795 4.1732, 4.7244 1.4764 4.1732, -4.7244 1.4764 4.1732, -4.9213 -1.9882 2.9724, -4.9213 -1.9882 3.2874, -4.9213 -1.5372 4.1732, -4.9213 1.2795 4.1732, -4.7997 -1.4446 4.3551, -4.8228 -1.4504 4.3437, -4.7754 -1.4404 4.3634, -4.8442 -1.4577 4.3294, -4.8636 -1.4664 4.3124, -4.9146 -1.5113 4.2242, -4.8949 -1.4871 4.2717, -3.6417 -1.9882 3.2874, -4.7501 -1.4379 4.3684, -3.6417 -1.9882 2.9724, 1.1378 0.3681 4.2126, 1.2402 0.3681 3.5827, 1.5157 0.3681 3.5827, 1.6339 0.3681 3.5827, 4.1496 0.3681 4.2126, 1.9094 0.3681 3.5827, 2.3031 0.3681 3.5827, 2.4213 0.3681 3.5827, 2.6969 0.3681 3.5827, 2.0276 0.3681 3.5827, 3.0906 0.3681 3.5827, 3.2087 0.3681 3.5827, 3.4843 0.3681 3.5827, 2.815 0.3681 3.5827, 3.878 0.3681 3.5827, 3.6024 0.3681 3.5827, -4.1496 0.3681 4.2126, -3.878 0.3681 3.5827, -3.6024 0.3681 3.5827, -3.4843 0.3681 3.5827, -3.2087 0.3681 3.5827, 0.437 0.3681 4.2126, -2.815 0.3681 3.5827, -2.6969 0.3681 3.5827, -2.4213 0.3681 3.5827, -3.0906 0.3681 3.5827, -2.0276 0.3681 3.5827, -1.9094 0.3681 3.5827, -1.6339 0.3681 3.5827, -2.3031 0.3681 3.5827, -1.2402 0.3681 3.5827, -1.122 0.3681 3.5827, -0.8465 0.3681 3.5827, -1.5157 0.3681 3.5827, -0.4528 0.3681 3.5827, -0.3346 0.3681 3.5827, -0.0591 0.3681 3.5827, -0.7283 0.3681 3.5827, 0.3346 0.3681 3.5827, 0.0591 0.3681 3.5827, -3.878 0.998 2.4016, -3.878 0.9587 2.4016, -3.6024 0.998 2.4016, -3.6024 0.9587 2.4016, 3.6024 0.998 2.4016, 3.6024 0.9587 2.4016, 3.878 0.998 2.4016, 3.878 0.9587 2.4016, 3.2087 0.998 2.4016, 3.2087 0.9587 2.4016, 3.4843 0.998 2.4016, 3.4843 0.9587 2.4016, 2.815 0.998 2.4016, 2.815 0.9587 2.4016, 3.0906 0.998 2.4016, 3.0906 0.9587 2.4016, 2.4213 0.998 2.4016, 2.4213 0.9587 2.4016, 2.6969 0.998 2.4016, 2.6969 0.9587 2.4016, 2.0276 0.998 2.4016, 2.0276 0.9587 2.4016, 2.3031 0.998 2.4016, 2.3031 0.9587 2.4016, 1.6339 0.998 2.4016, 1.6339 0.9587 2.4016, 1.9094 0.998 2.4016, 1.9094 0.9587 2.4016, 1.2402 0.998 2.4016, 1.2402 0.9587 2.4016, 1.5157 0.998 2.4016, 1.5157 0.9587 2.4016, 0.0591 0.998 2.4016, 0.0591 0.9587 2.4016, 0.3346 0.998 2.4016, 0.3346 0.9587 2.4016, -0.3346 0.998 2.4016, -0.3346 0.9587 2.4016, -0.0591 0.998 2.4016, -0.0591 0.9587 2.4016, -0.7283 0.998 2.4016, -0.7283 0.9587 2.4016, -0.4528 0.998 2.4016, -0.4528 0.9587 2.4016, -1.122 0.998 2.4016, -1.122 0.9587 2.4016, -0.8465 0.998 2.4016, -0.8465 0.9587 2.4016, -1.5157 0.998 2.4016, -1.5157 0.9587 2.4016, -1.2402 0.998 2.4016, -1.2402 0.9587 2.4016, -1.9094 0.998 2.4016, -1.9094 0.9587 2.4016, -1.6339 0.998 2.4016, -1.6339 0.9587 2.4016, -2.3031 0.998 2.4016, -2.3031 0.9587 2.4016, -2.0276 0.998 2.4016, -2.0276 0.9587 2.4016, -2.6969 0.998 2.4016, -2.6969 0.9587 2.4016, -2.4213 0.998 2.4016, -2.4213 0.9587 2.4016, -3.0906 0.998 2.4016, -3.0906 0.9587 2.4016, -2.815 0.998 2.4016, -2.815 0.9587 2.4016, -3.4843 0.998 2.4016, -3.4843 0.9587 2.4016, -3.2087 0.998 2.4016, -3.2087 0.9587 2.4016, -4.7441 -0.7284 -0.0394, -4.7441 -1.1221 -0.0394, -4.1535 -0.7284 -0.0394, -4.1535 -1.1221 -0.0394, -4.7441 1.1614 -0.0394, -4.7441 0.7677 -0.0394, -4.1535 1.1614 -0.0394, -4.1535 0.7677 -0.0394, 4.7441 1.1614 -0.0394, 4.1535 1.1614 -0.0394, 4.7441 -1.1221 -0.0394, 4.1535 -1.1221 -0.0394, 4.5533 0.4095 0.1575, 4.4488 0.4232 0.1575, 4.3444 0.4095 0.1575, 4.6506 0.3692 -1.5748, 4.5533 0.4095 -1.5748, 4.4488 0.4232 -1.5748, 4.3444 0.4095 -1.5748, 4.247 -0.3298 -1.5748, 4.3444 -0.3701 -1.5748, 4.4488 -0.3839 -1.5748, 4.5533 -0.3701 -1.5748, 4.247 0.3692 -1.5748, 4.1635 0.305 -1.5748, 4.0993 0.2215 -1.5748, 4.059 0.1241 -1.5748, 4.0453 0.0197 -1.5748, 4.059 -0.0848 -1.5748, 4.0993 -0.1821 -1.5748, 4.1635 -0.2657 -1.5748, 4.6506 -0.3298 -1.5748, 4.7342 -0.2657 -1.5748, 4.7983 -0.1821 -1.5748, 4.8386 -0.0848 -1.5748, 4.8524 0.0197 -1.5748, 4.8386 0.1241 -1.5748, 4.7983 0.2215 -1.5748, 4.7342 0.305 -1.5748, 4.1978 -0.1253 -1.7716, 4.1688 -0.0553 -1.7716, 4.4488 0.0197 -1.7716, 4.1589 0.0197 -1.7716, 4.1688 0.0947 -1.7716, 4.3738 -0.2603 -1.7716, 4.3039 -0.2314 -1.7716, 4.2438 -0.1853 -1.7716, 4.5938 -0.2314 -1.7716, 4.5238 -0.2603 -1.7716, 4.4488 -0.2702 -1.7716, 4.7288 -0.0553 -1.7716, 4.6999 -0.1253 -1.7716, 4.6538 -0.1853 -1.7716, 4.6999 0.1646 -1.7716, 4.7288 0.0947 -1.7716, 4.7387 0.0197 -1.7716, 4.5238 0.2997 -1.7716, 4.5938 0.2707 -1.7716, 4.6538 0.2247 -1.7716, 4.3039 0.2707 -1.7716, 4.3738 0.2997 -1.7716, 4.4488 0.3096 -1.7716, 4.1978 0.1646 -1.7716, 4.2438 0.2247 -1.7716, -4.7754 1.2795 4.3634, -4.8228 1.2795 4.3437, -4.8636 1.2795 4.3124, -4.8949 1.2795 4.2717, -4.9146 1.2795 4.2242, -4.7754 1.4697 4.1732, -4.8228 1.45 4.1732, -4.8636 1.4187 4.1732, -4.8949 1.3779 4.1732, -4.9146 1.3305 4.1732, -4.9081 1.3287 4.2242, -4.8096 1.3287 4.3437, -4.7685 1.305 4.3634, -4.7604 1.3155 4.3634, -4.7244 1.3305 4.3634, -4.7376 1.3287 4.3634, -4.7736 1.2927 4.3634, -4.8195 1.305 4.3437, -4.8589 1.3155 4.3124, -4.794 1.3491 4.3437, -4.7499 1.3236 4.3634, -4.7736 1.3648 4.3437, -4.7499 1.3746 4.3437, -4.7244 1.3779 4.3437, -4.845 1.3491 4.3124, -4.8228 1.3779 4.3124, -4.794 1.4001 4.3124, -4.7604 1.414 4.3124, -4.7244 1.4187 4.3124, -4.8891 1.3236 4.2717, -4.872 1.3648 4.2717, -4.845 1.4001 4.2717, -4.8096 1.4272 4.2717, -4.7685 1.4442 4.2717, -4.7244 1.45 4.2717, -4.8891 1.3746 4.2242, -4.8589 1.414 4.2242, -4.8195 1.4442 4.2242, -4.7736 1.4632 4.2242, -4.7244 1.4697 4.2242, 4.8228 1.2795 4.3437, 4.9146 1.2795 4.2242, 4.8949 1.2795 4.2717, 4.8636 1.2795 4.3124, 4.7754 1.2795 4.3634, 4.7244 1.4697 4.2242, 4.7244 1.45 4.2717, 4.7244 1.4187 4.3124, 4.7244 1.3779 4.3437, 4.7244 1.3305 4.3634, 4.7736 1.4632 4.2242, 4.7736 1.3648 4.3437, 4.7499 1.3236 4.3634, 4.7604 1.3155 4.3634, 4.7736 1.2927 4.3634, 4.7376 1.3287 4.3634, 4.7499 1.3746 4.3437, 4.7604 1.414 4.3124, 4.794 1.3491 4.3437, 4.7685 1.305 4.3634, 4.8096 1.3287 4.3437, 4.8195 1.305 4.3437, 4.794 1.4001 4.3124, 4.8228 1.3779 4.3124, 4.845 1.3491 4.3124, 4.8589 1.3155 4.3124, 4.7685 1.4442 4.2717, 4.8096 1.4272 4.2717, 4.845 1.4001 4.2717, 4.872 1.3648 4.2717, 4.8891 1.3236 4.2717, 4.8195 1.4442 4.2242, 4.8589 1.414 4.2242, 4.8891 1.3746 4.2242, 4.9081 1.3287 4.2242, 4.7754 1.4697 4.1732, 4.8228 1.45 4.1732, 4.8636 1.4187 4.1732, 4.8949 1.3779 4.1732, 4.9146 1.3305 4.1732
            ]
        }
        coordIndex [
            0,1,2,-1,3,4,5,-1,6,7,4,-1,4,7,8,-1,4,8,5,-1,5,9,3,-1,3,9,10,-1,3,10,11,-1,10,12,11,-1,11,12,13,-1,11,13,14,-1,13,15,14,-1,14,15,16,-1,14,16,17,-1,18,19,20,-1,21,22,23,-1,21,24,22,-1,22,24,25,-1,22,25,26,-1,25,27,26,-1,26,27,28,-1,26,28,29,-1,30,31,32,-1,28,33,29,-1,29,33,34,-1,29,34,32,-1,32,34,35,-1,32,35,30,-1,36,37,2,-1,2,37,38,-1,2,38,0,-1,0,38,39,-1,0,39,23,-1,23,39,40,-1,23,40,21,-1,41,42,36,-1,36,42,43,-1,36,43,37,-1,44,45,41,-1,41,45,46,-1,41,46,42,-1,47,48,44,-1,44,48,49,-1,44,49,45,-1,50,51,47,-1,47,51,52,-1,47,52,48,-1,53,54,50,-1,50,54,55,-1,50,55,51,-1,56,57,53,-1,53,57,58,-1,53,58,54,-1,16,59,17,-1,17,59,60,-1,17,60,20,-1,20,60,61,-1,20,61,18,-1,18,61,62,-1,18,62,56,-1,56,62,63,-1,56,63,57,-1,64,65,66,-1,66,65,67,-1,67,68,66,-1,66,68,69,-1,66,69,70,-1,70,71,66,-1,66,71,72,-1,66,72,73,-1,74,75,76,-1,76,75,66,-1,76,66,77,-1,77,66,73,-1,64,66,78,-1,78,66,79,-1,78,79,80,-1,80,81,78,-1,78,81,82,-1,78,82,83,-1,83,82,84,-1,83,84,85,-1,86,76,77,-1,76,86,74,-1,87,66,75,-1,87,35,34,-1,66,87,79,-1,87,34,79,-1,79,34,33,-1,79,33,80,-1,33,28,80,-1,80,28,27,-1,80,27,81,-1,27,25,81,-1,81,25,24,-1,81,24,82,-1,24,21,82,-1,82,21,40,-1,82,40,84,-1,40,39,84,-1,84,39,38,-1,84,38,85,-1,38,37,85,-1,85,37,43,-1,85,43,83,-1,43,42,83,-1,83,42,46,-1,83,46,78,-1,46,45,78,-1,78,45,49,-1,78,49,64,-1,49,48,64,-1,64,48,52,-1,64,52,65,-1,52,51,65,-1,65,51,55,-1,65,55,67,-1,55,54,67,-1,67,54,58,-1,67,58,68,-1,58,57,68,-1,68,57,63,-1,68,63,69,-1,63,62,69,-1,69,62,61,-1,69,61,70,-1,61,60,70,-1,70,60,59,-1,70,59,71,-1,59,16,71,-1,71,16,15,-1,71,15,72,-1,15,13,72,-1,72,13,12,-1,72,12,73,-1,8,86,5,-1,5,86,77,-1,5,77,9,-1,9,77,73,-1,9,73,10,-1,10,73,12,-1,88,89,90,-1,90,89,91,-1,90,91,92,-1,92,91,20,-1,92,20,19,-1,93,94,95,-1,96,93,97,-1,97,93,95,-1,97,95,0,-1,0,95,98,-1,0,98,1,-1,99,100,101,-1,101,100,102,-1,101,102,103,-1,99,101,104,-1,104,101,32,-1,104,32,31,-1,105,106,107,-1,107,106,108,-1,107,108,4,-1,4,108,109,-1,4,109,6,-1,29,32,101,-1,0,23,97,-1,97,23,22,-1,97,22,101,-1,101,22,26,-1,101,26,29,-1,7,6,109,-1,110,111,112,-1,113,114,115,-1,113,116,117,-1,117,116,118,-1,117,118,119,-1,119,118,120,-1,119,120,121,-1,121,120,122,-1,121,122,123,-1,123,124,125,-1,125,124,126,-1,125,126,127,-1,127,126,128,-1,126,129,130,-1,131,128,132,-1,132,128,126,-1,132,126,133,-1,133,126,130,-1,129,126,134,-1,134,126,135,-1,134,135,136,-1,136,135,137,-1,136,137,138,-1,139,140,137,-1,137,140,141,-1,137,141,138,-1,142,143,144,-1,144,143,145,-1,144,145,146,-1,146,145,147,-1,146,147,148,-1,148,147,149,-1,139,137,150,-1,150,137,151,-1,150,151,152,-1,153,154,147,-1,147,154,155,-1,147,155,156,-1,156,157,147,-1,147,157,158,-1,147,158,149,-1,159,142,160,-1,160,142,144,-1,160,144,161,-1,161,144,162,-1,163,164,116,-1,164,165,116,-1,116,165,166,-1,116,166,167,-1,167,166,168,-1,167,168,144,-1,144,168,169,-1,144,169,162,-1,113,115,116,-1,116,115,170,-1,116,170,163,-1,171,172,173,-1,174,175,176,-1,176,175,177,-1,176,177,178,-1,178,177,179,-1,178,179,180,-1,180,179,181,-1,180,181,182,-1,173,172,183,-1,183,172,184,-1,183,184,185,-1,185,184,186,-1,185,186,187,-1,187,186,188,-1,187,188,189,-1,173,182,171,-1,171,182,181,-1,171,181,189,-1,189,181,190,-1,189,190,187,-1,191,192,193,-1,193,192,183,-1,193,183,194,-1,194,183,185,-1,194,185,195,-1,195,185,187,-1,195,187,196,-1,196,187,197,-1,196,197,198,-1,198,197,199,-1,198,199,191,-1,191,199,192,-1,200,201,202,-1,202,201,192,-1,202,192,203,-1,203,192,199,-1,203,199,204,-1,204,199,197,-1,204,197,205,-1,205,197,206,-1,205,206,207,-1,207,206,208,-1,207,208,200,-1,200,208,201,-1,209,210,211,-1,211,210,201,-1,211,201,212,-1,212,201,208,-1,212,208,213,-1,213,208,206,-1,213,206,214,-1,214,206,215,-1,214,215,216,-1,216,215,217,-1,216,217,209,-1,209,217,210,-1,218,219,215,-1,220,221,222,-1,221,220,223,-1,223,220,224,-1,223,224,225,-1,225,224,226,-1,225,226,227,-1,215,219,217,-1,217,219,228,-1,217,228,210,-1,210,228,229,-1,210,229,230,-1,215,220,218,-1,218,220,222,-1,218,222,231,-1,231,222,232,-1,231,232,230,-1,230,232,227,-1,230,227,210,-1,210,227,226,-1,233,234,235,-1,235,234,226,-1,235,226,236,-1,236,226,224,-1,236,224,237,-1,237,224,220,-1,237,220,238,-1,238,220,239,-1,238,239,240,-1,240,239,241,-1,240,241,233,-1,233,241,234,-1,242,243,244,-1,244,243,234,-1,244,234,245,-1,245,234,241,-1,245,241,246,-1,246,241,239,-1,246,239,247,-1,247,239,248,-1,247,248,249,-1,249,248,250,-1,249,250,242,-1,242,250,243,-1,251,252,253,-1,253,252,243,-1,253,243,254,-1,254,243,250,-1,254,250,255,-1,255,250,248,-1,255,248,256,-1,256,248,257,-1,256,257,258,-1,258,257,259,-1,258,259,251,-1,251,259,252,-1,260,261,257,-1,262,263,264,-1,257,261,259,-1,259,261,265,-1,259,265,252,-1,252,265,266,-1,252,266,267,-1,257,262,260,-1,260,262,264,-1,260,264,268,-1,268,264,269,-1,268,269,267,-1,267,269,270,-1,267,270,252,-1,252,270,271,-1,272,273,274,-1,274,273,275,-1,274,275,276,-1,276,275,277,-1,276,277,278,-1,278,277,279,-1,278,279,280,-1,280,279,281,-1,280,281,282,-1,282,281,283,-1,282,283,272,-1,272,283,273,-1,284,285,286,-1,286,285,273,-1,286,273,287,-1,287,273,283,-1,287,283,288,-1,288,283,281,-1,288,281,289,-1,289,281,290,-1,289,290,291,-1,291,290,292,-1,291,292,284,-1,284,292,285,-1,293,294,295,-1,295,294,285,-1,295,285,296,-1,296,285,292,-1,296,292,297,-1,297,292,290,-1,297,290,298,-1,298,290,299,-1,298,299,300,-1,300,299,301,-1,300,301,293,-1,293,301,294,-1,302,303,304,-1,304,303,294,-1,304,294,305,-1,305,294,301,-1,305,301,306,-1,306,301,299,-1,306,299,307,-1,307,299,308,-1,307,308,309,-1,309,308,310,-1,309,310,302,-1,302,310,303,-1,311,312,313,-1,313,312,303,-1,313,303,314,-1,314,303,310,-1,314,310,315,-1,315,310,308,-1,315,308,316,-1,316,308,317,-1,316,317,318,-1,318,317,319,-1,318,319,311,-1,311,319,312,-1,320,124,321,-1,321,124,312,-1,321,312,322,-1,322,312,319,-1,322,319,323,-1,323,319,317,-1,323,317,324,-1,324,317,135,-1,324,135,325,-1,325,135,126,-1,325,126,320,-1,320,126,124,-1,326,327,328,-1,328,327,329,-1,330,331,332,-1,333,334,331,-1,332,328,330,-1,330,328,329,-1,330,329,335,-1,335,329,336,-1,335,336,337,-1,334,338,331,-1,331,338,339,-1,331,339,340,-1,340,341,331,-1,331,341,342,-1,331,342,332,-1,331,337,333,-1,333,337,336,-1,333,336,190,-1,190,336,343,-1,190,343,187,-1,187,343,344,-1,187,344,326,-1,326,344,345,-1,326,345,327,-1,346,347,348,-1,348,347,154,-1,348,154,137,-1,137,154,153,-1,137,153,151,-1,349,350,317,-1,317,350,351,-1,317,351,135,-1,135,351,352,-1,135,352,137,-1,137,352,353,-1,137,353,348,-1,354,355,356,-1,356,355,347,-1,356,347,349,-1,349,347,346,-1,349,346,350,-1,357,358,308,-1,308,358,359,-1,308,359,317,-1,317,359,360,-1,317,360,349,-1,349,360,361,-1,349,361,356,-1,362,363,364,-1,364,363,355,-1,364,355,357,-1,357,355,354,-1,357,354,358,-1,365,366,299,-1,299,366,367,-1,299,367,308,-1,308,367,368,-1,308,368,357,-1,357,368,369,-1,357,369,364,-1,370,371,372,-1,372,371,363,-1,372,363,365,-1,365,363,362,-1,365,362,366,-1,373,374,290,-1,290,374,375,-1,290,375,299,-1,299,375,376,-1,299,376,365,-1,365,376,377,-1,365,377,372,-1,378,379,380,-1,380,379,371,-1,380,371,373,-1,373,371,370,-1,373,370,374,-1,381,382,281,-1,281,382,383,-1,281,383,290,-1,290,383,384,-1,290,384,373,-1,373,384,385,-1,373,385,380,-1,386,387,388,-1,388,387,379,-1,388,379,381,-1,381,379,378,-1,381,378,382,-1,389,390,279,-1,279,390,391,-1,279,391,281,-1,281,391,392,-1,281,392,381,-1,381,392,393,-1,381,393,388,-1,394,395,396,-1,396,395,397,-1,396,397,398,-1,399,400,257,-1,257,400,401,-1,257,401,262,-1,262,401,402,-1,403,395,404,-1,404,395,394,-1,404,394,405,-1,405,394,406,-1,405,406,402,-1,402,406,407,-1,402,407,262,-1,262,407,408,-1,262,408,398,-1,398,408,409,-1,398,409,396,-1,410,411,412,-1,412,411,395,-1,412,395,399,-1,399,395,403,-1,399,403,400,-1,413,414,248,-1,248,414,415,-1,248,415,257,-1,257,415,416,-1,257,416,399,-1,399,416,417,-1,399,417,412,-1,418,419,420,-1,420,419,411,-1,420,411,413,-1,413,411,410,-1,413,410,414,-1,421,422,239,-1,239,422,423,-1,239,423,248,-1,248,423,424,-1,248,424,413,-1,413,424,425,-1,413,425,420,-1,426,427,428,-1,428,427,419,-1,428,419,421,-1,421,419,418,-1,421,418,422,-1,429,430,220,-1,220,430,431,-1,220,431,239,-1,239,431,432,-1,239,432,421,-1,421,432,433,-1,421,433,428,-1,434,435,436,-1,436,435,427,-1,436,427,429,-1,429,427,426,-1,429,426,430,-1,437,438,215,-1,215,438,439,-1,215,439,220,-1,220,439,440,-1,441,435,442,-1,442,435,434,-1,442,434,443,-1,443,434,444,-1,443,444,440,-1,440,444,445,-1,440,445,220,-1,220,445,446,-1,220,446,429,-1,429,446,447,-1,429,447,436,-1,448,449,450,-1,450,449,435,-1,450,435,437,-1,437,435,441,-1,437,441,438,-1,451,452,206,-1,206,452,453,-1,206,453,215,-1,215,453,454,-1,215,454,437,-1,437,454,455,-1,437,455,450,-1,456,457,458,-1,458,457,449,-1,458,449,451,-1,451,449,448,-1,451,448,452,-1,459,460,197,-1,197,460,461,-1,197,461,206,-1,206,461,462,-1,206,462,451,-1,451,462,463,-1,451,463,458,-1,459,464,465,-1,464,459,466,-1,466,459,197,-1,466,197,467,-1,467,197,187,-1,467,187,468,-1,468,187,326,-1,468,326,469,-1,469,326,328,-1,469,328,465,-1,465,328,457,-1,465,457,459,-1,459,457,456,-1,459,456,460,-1,470,471,472,-1,472,471,473,-1,472,473,474,-1,474,473,279,-1,474,279,475,-1,475,279,277,-1,475,277,476,-1,476,277,275,-1,476,275,477,-1,477,275,478,-1,477,478,470,-1,470,478,471,-1,471,478,99,-1,471,99,104,-1,100,479,94,-1,94,479,480,-1,94,480,95,-1,98,95,271,-1,111,263,112,-1,112,263,262,-1,112,262,44,-1,44,41,112,-1,112,41,36,-1,112,36,2,-1,270,110,271,-1,271,110,112,-1,271,112,98,-1,98,112,2,-1,98,2,1,-1,18,56,398,-1,18,398,19,-1,56,53,398,-1,398,53,50,-1,398,50,262,-1,262,50,47,-1,262,47,44,-1,104,31,471,-1,471,31,30,-1,471,30,473,-1,473,30,481,-1,473,481,482,-1,481,7,482,-1,482,7,109,-1,482,109,483,-1,483,109,108,-1,483,108,397,-1,397,108,90,-1,397,90,398,-1,398,90,92,-1,398,92,19,-1,389,484,485,-1,484,389,486,-1,486,389,279,-1,486,279,487,-1,487,279,473,-1,487,473,488,-1,488,473,482,-1,488,482,489,-1,489,482,483,-1,489,483,485,-1,485,483,387,-1,485,387,389,-1,389,387,386,-1,389,386,390,-1,95,480,271,-1,271,480,490,-1,271,490,252,-1,252,490,491,-1,252,491,243,-1,243,491,492,-1,243,492,234,-1,234,492,493,-1,234,493,226,-1,226,493,494,-1,226,494,210,-1,210,494,495,-1,210,495,201,-1,201,495,496,-1,201,496,192,-1,192,496,175,-1,192,175,183,-1,183,175,174,-1,183,174,173,-1,123,122,124,-1,124,122,497,-1,124,497,312,-1,312,497,498,-1,312,498,303,-1,303,498,499,-1,303,499,294,-1,294,499,500,-1,294,500,285,-1,285,500,501,-1,285,501,273,-1,273,501,502,-1,273,502,275,-1,275,502,479,-1,275,479,478,-1,478,479,100,-1,478,100,99,-1,152,503,150,-1,150,503,504,-1,150,504,139,-1,131,505,128,-1,128,505,506,-1,128,506,127,-1,114,507,115,-1,115,507,508,-1,115,508,170,-1,159,509,142,-1,142,509,510,-1,142,510,143,-1,505,511,506,-1,506,511,512,-1,506,512,507,-1,507,512,513,-1,507,513,508,-1,152,151,503,-1,503,151,514,-1,503,514,510,-1,510,514,515,-1,510,515,143,-1,143,515,145,-1,114,113,507,-1,507,113,516,-1,507,516,506,-1,506,516,517,-1,506,517,127,-1,127,517,125,-1,518,519,520,-1,521,522,523,-1,523,522,524,-1,520,525,518,-1,518,525,523,-1,518,523,526,-1,526,523,524,-1,526,524,527,-1,528,529,530,-1,531,532,526,-1,530,531,528,-1,528,531,526,-1,528,526,533,-1,533,526,527,-1,533,527,534,-1,534,527,535,-1,536,537,538,-1,539,540,526,-1,538,539,536,-1,536,539,526,-1,536,526,541,-1,541,526,532,-1,541,532,542,-1,542,532,543,-1,544,545,546,-1,546,545,526,-1,546,526,547,-1,547,526,540,-1,547,540,548,-1,548,540,549,-1,550,545,551,-1,551,545,544,-1,552,553,551,-1,551,553,554,-1,555,550,556,-1,556,550,551,-1,556,551,557,-1,557,551,554,-1,557,554,558,-1,558,554,559,-1,560,561,562,-1,562,561,563,-1,548,549,552,-1,552,549,562,-1,552,562,553,-1,553,562,563,-1,553,563,564,-1,564,563,565,-1,566,567,568,-1,568,567,569,-1,538,537,560,-1,560,537,568,-1,560,568,561,-1,561,568,569,-1,561,569,570,-1,570,569,571,-1,572,573,574,-1,574,573,575,-1,542,543,566,-1,566,543,574,-1,566,574,567,-1,567,574,575,-1,567,575,576,-1,576,575,577,-1,578,579,580,-1,580,579,581,-1,530,529,572,-1,572,529,580,-1,572,580,573,-1,573,580,581,-1,573,581,582,-1,582,581,583,-1,584,585,586,-1,522,521,587,-1,587,521,588,-1,534,535,578,-1,578,535,586,-1,578,586,579,-1,579,586,585,-1,579,585,589,-1,589,585,590,-1,591,592,584,-1,520,519,593,-1,593,519,591,-1,593,591,588,-1,588,591,584,-1,588,584,587,-1,587,584,586,-1,594,595,596,-1,597,598,599,-1,599,598,600,-1,594,596,601,-1,601,596,599,-1,601,599,602,-1,602,599,600,-1,602,600,603,-1,604,605,606,-1,607,608,602,-1,606,607,604,-1,604,607,602,-1,604,602,609,-1,609,602,603,-1,609,603,610,-1,610,603,611,-1,612,613,614,-1,615,616,602,-1,614,615,612,-1,612,615,602,-1,612,602,617,-1,617,602,608,-1,617,608,618,-1,618,608,619,-1,620,621,622,-1,623,624,602,-1,622,623,620,-1,620,623,602,-1,620,602,625,-1,625,602,616,-1,625,616,626,-1,626,616,627,-1,628,629,630,-1,631,632,602,-1,630,631,628,-1,628,631,602,-1,628,602,633,-1,633,602,624,-1,633,624,634,-1,634,624,635,-1,636,637,638,-1,638,637,602,-1,638,602,639,-1,639,602,632,-1,639,632,640,-1,640,632,641,-1,642,595,594,-1,637,636,643,-1,643,636,644,-1,645,646,644,-1,644,646,647,-1,648,643,649,-1,649,643,644,-1,649,644,650,-1,650,644,647,-1,650,647,651,-1,651,647,652,-1,653,654,655,-1,655,654,656,-1,640,641,645,-1,645,641,655,-1,645,655,646,-1,646,655,656,-1,646,656,657,-1,657,656,658,-1,659,660,661,-1,661,660,662,-1,630,629,653,-1,653,629,661,-1,653,661,654,-1,654,661,662,-1,654,662,663,-1,663,662,664,-1,665,666,667,-1,667,666,668,-1,634,635,659,-1,659,635,667,-1,659,667,660,-1,660,667,668,-1,660,668,669,-1,669,668,670,-1,671,672,673,-1,673,672,674,-1,622,621,665,-1,665,621,673,-1,665,673,666,-1,666,673,674,-1,666,674,675,-1,675,674,676,-1,677,678,679,-1,679,678,680,-1,626,627,671,-1,671,627,679,-1,671,679,672,-1,672,679,680,-1,672,680,681,-1,681,680,682,-1,683,684,685,-1,685,684,686,-1,614,613,677,-1,677,613,685,-1,677,685,678,-1,678,685,686,-1,678,686,687,-1,687,686,688,-1,689,690,691,-1,691,690,692,-1,618,619,683,-1,683,619,691,-1,683,691,684,-1,684,691,692,-1,684,692,693,-1,693,692,694,-1,695,696,697,-1,697,696,698,-1,606,605,689,-1,689,605,697,-1,689,697,690,-1,690,697,698,-1,690,698,699,-1,699,698,700,-1,701,702,703,-1,703,702,704,-1,610,611,695,-1,695,611,703,-1,695,703,696,-1,696,703,704,-1,696,704,705,-1,705,704,706,-1,707,708,702,-1,594,707,642,-1,642,707,702,-1,642,702,709,-1,709,702,701,-1,709,701,597,-1,597,701,598,-1,710,711,712,-1,712,711,713,-1,714,715,716,-1,716,715,717,-1,718,719,720,-1,720,719,721,-1,722,723,724,-1,724,723,725,-1,726,727,728,-1,728,727,729,-1,730,731,732,-1,732,731,733,-1,734,735,736,-1,736,735,737,-1,738,739,740,-1,740,739,741,-1,742,743,744,-1,744,743,745,-1,746,747,748,-1,748,747,749,-1,750,751,752,-1,752,751,753,-1,754,755,756,-1,756,755,757,-1,758,759,760,-1,760,759,761,-1,762,763,764,-1,764,763,765,-1,766,767,768,-1,768,767,769,-1,770,771,772,-1,772,771,773,-1,774,775,776,-1,776,775,777,-1,778,779,780,-1,780,779,781,-1,782,783,784,-1,784,783,785,-1,786,787,788,-1,788,787,789,-1,790,791,792,-1,792,791,793,-1,794,795,796,-1,796,795,797,-1,798,799,800,-1,800,799,801,-1,802,803,804,-1,804,803,805,-1,806,807,808,-1,808,807,809,-1,810,811,812,-1,812,811,813,-1,814,815,816,-1,816,815,817,-1,818,819,820,-1,820,819,821,-1,822,823,824,-1,824,823,825,-1,826,827,828,-1,828,827,829,-1,830,831,832,-1,832,831,833,-1,834,835,836,-1,836,835,837,-1,838,839,840,-1,840,839,841,-1,842,843,844,-1,844,843,845,-1,846,847,848,-1,848,847,849,-1,850,851,852,-1,852,851,853,-1,854,855,856,-1,857,858,859,-1,860,861,862,-1,863,864,862,-1,862,864,865,-1,862,865,860,-1,866,867,868,-1,868,867,869,-1,870,871,872,-1,872,871,873,-1,872,873,874,-1,874,873,875,-1,874,875,876,-1,876,875,877,-1,876,877,878,-1,878,877,879,-1,878,879,880,-1,880,879,881,-1,880,881,882,-1,882,881,883,-1,882,883,859,-1,859,883,884,-1,859,884,856,-1,885,886,887,-1,888,889,887,-1,887,889,890,-1,887,890,885,-1,891,892,893,-1,892,891,894,-1,894,891,895,-1,894,895,896,-1,896,895,897,-1,896,897,898,-1,898,897,899,-1,898,899,900,-1,901,902,903,-1,904,905,906,-1,907,908,909,-1,909,910,907,-1,907,910,911,-1,907,911,912,-1,912,911,913,-1,912,913,914,-1,914,913,915,-1,914,915,916,-1,916,915,917,-1,916,917,918,-1,918,917,919,-1,918,919,920,-1,920,919,921,-1,920,921,922,-1,922,921,923,-1,922,923,924,-1,923,925,924,-1,924,925,926,-1,924,926,927,-1,926,928,927,-1,927,928,929,-1,927,929,930,-1,930,929,931,-1,930,931,932,-1,932,931,933,-1,932,933,934,-1,934,933,935,-1,934,935,936,-1,935,937,936,-1,936,937,938,-1,936,938,939,-1,939,938,940,-1,939,940,941,-1,941,940,942,-1,941,942,943,-1,944,945,946,-1,946,945,947,-1,946,947,943,-1,948,908,949,-1,949,908,860,-1,949,860,847,-1,847,860,849,-1,849,860,865,-1,849,865,948,-1,948,865,904,-1,948,904,908,-1,908,904,906,-1,908,906,909,-1,950,839,951,-1,839,950,841,-1,841,950,860,-1,841,860,952,-1,952,860,908,-1,952,908,951,-1,951,908,907,-1,951,907,950,-1,953,831,954,-1,831,953,833,-1,833,953,950,-1,833,950,955,-1,955,950,907,-1,955,907,954,-1,954,907,912,-1,954,912,953,-1,956,823,957,-1,823,956,825,-1,825,956,953,-1,825,953,958,-1,958,953,912,-1,958,912,957,-1,957,912,914,-1,957,914,956,-1,959,815,960,-1,815,959,817,-1,817,959,956,-1,817,956,961,-1,961,956,914,-1,961,914,960,-1,960,914,916,-1,960,916,959,-1,962,807,963,-1,807,962,809,-1,809,962,959,-1,809,959,964,-1,964,959,916,-1,964,916,963,-1,963,916,918,-1,963,918,962,-1,965,799,966,-1,799,965,801,-1,801,965,962,-1,801,962,967,-1,967,962,918,-1,967,918,966,-1,966,918,920,-1,966,920,965,-1,968,791,969,-1,791,968,793,-1,793,968,965,-1,793,965,970,-1,970,965,920,-1,970,920,969,-1,969,920,922,-1,969,922,968,-1,971,783,972,-1,783,971,785,-1,785,971,968,-1,785,968,973,-1,973,968,922,-1,973,922,972,-1,972,922,924,-1,972,924,971,-1,767,974,927,-1,975,976,775,-1,775,976,769,-1,775,769,971,-1,971,769,977,-1,974,976,927,-1,927,976,975,-1,927,975,924,-1,924,975,978,-1,924,978,971,-1,971,978,777,-1,971,777,775,-1,930,890,927,-1,927,890,977,-1,927,977,767,-1,767,977,769,-1,885,759,979,-1,759,885,761,-1,761,885,890,-1,761,890,980,-1,980,890,930,-1,980,930,979,-1,979,930,932,-1,979,932,885,-1,981,751,982,-1,751,981,753,-1,753,981,885,-1,753,885,983,-1,983,885,932,-1,983,932,982,-1,982,932,934,-1,982,934,981,-1,936,984,985,-1,985,984,735,-1,986,987,743,-1,743,987,737,-1,735,984,737,-1,737,984,981,-1,737,981,743,-1,985,987,936,-1,936,987,986,-1,936,986,934,-1,934,986,988,-1,934,988,981,-1,981,988,745,-1,981,745,743,-1,989,727,990,-1,727,989,729,-1,729,989,984,-1,729,984,991,-1,991,984,936,-1,991,936,990,-1,990,936,939,-1,990,939,989,-1,711,992,947,-1,943,947,941,-1,941,947,992,-1,941,992,993,-1,993,994,941,-1,941,994,995,-1,941,995,939,-1,939,995,996,-1,939,996,989,-1,989,996,721,-1,989,721,994,-1,994,721,719,-1,994,719,995,-1,945,997,947,-1,947,997,998,-1,947,998,711,-1,711,998,994,-1,711,994,713,-1,713,994,993,-1,870,999,1000,-1,1001,1002,1003,-1,1003,1002,1004,-1,1003,1004,1000,-1,1000,1004,864,-1,1000,864,870,-1,870,864,863,-1,870,863,871,-1,872,1005,870,-1,870,1005,1006,-1,870,1006,1007,-1,1008,1009,1007,-1,1007,1009,1002,-1,1007,1002,870,-1,870,1002,1001,-1,870,1001,999,-1,874,1010,872,-1,872,1010,1011,-1,872,1011,1012,-1,1013,1014,1012,-1,1012,1014,1009,-1,1012,1009,872,-1,872,1009,1008,-1,872,1008,1005,-1,876,1015,874,-1,874,1015,1016,-1,874,1016,1017,-1,1018,1019,1017,-1,1017,1019,1014,-1,1017,1014,874,-1,874,1014,1013,-1,874,1013,1010,-1,878,1020,876,-1,876,1020,1021,-1,876,1021,1022,-1,1023,1024,1022,-1,1022,1024,1019,-1,1022,1019,876,-1,876,1019,1018,-1,876,1018,1015,-1,880,1025,878,-1,878,1025,1026,-1,878,1026,1027,-1,1028,1029,1027,-1,1027,1029,1024,-1,1027,1024,878,-1,878,1024,1023,-1,878,1023,1020,-1,882,1030,880,-1,880,1030,1031,-1,880,1031,1032,-1,1033,1034,1032,-1,1032,1034,1029,-1,1032,1029,880,-1,880,1029,1028,-1,880,1028,1025,-1,859,858,882,-1,882,858,1035,-1,882,1035,1036,-1,857,1037,1036,-1,1036,1037,1034,-1,1036,1034,882,-1,882,1034,1033,-1,882,1033,1030,-1,856,855,859,-1,859,855,1038,-1,859,1038,1039,-1,857,859,1037,-1,1037,859,1039,-1,1037,1039,1040,-1,1041,1042,856,-1,1043,1044,1045,-1,1045,1044,1041,-1,1045,1041,868,-1,868,1041,856,-1,868,856,866,-1,866,856,884,-1,1039,854,1040,-1,1040,854,856,-1,1040,856,1046,-1,1046,856,1042,-1,1046,1044,1040,-1,1040,1044,1043,-1,1040,1043,1047,-1,1047,1043,1048,-1,1047,1048,868,-1,868,1048,1049,-1,868,1049,1045,-1,861,860,1050,-1,1050,860,950,-1,1050,950,1051,-1,1051,950,953,-1,1051,953,1052,-1,1052,953,956,-1,1052,956,1053,-1,1053,956,959,-1,1053,959,1054,-1,1054,959,962,-1,1054,962,1055,-1,1055,962,965,-1,1055,965,1056,-1,1056,965,968,-1,1056,968,1057,-1,1057,968,971,-1,1057,971,1058,-1,1058,971,977,-1,1058,977,1059,-1,1059,977,890,-1,1059,890,869,-1,869,890,889,-1,869,889,868,-1,868,889,1060,-1,868,1060,1047,-1,902,1061,1062,-1,1063,1064,1065,-1,1065,1064,1060,-1,1065,1060,1062,-1,1062,1060,889,-1,1062,889,902,-1,902,889,888,-1,902,888,903,-1,902,1066,1067,-1,1066,902,1068,-1,1068,902,901,-1,1068,901,1069,-1,1069,901,1070,-1,1069,1070,1067,-1,1067,1070,1064,-1,1067,1064,902,-1,902,1064,1063,-1,902,1063,1061,-1,899,1071,1072,-1,903,900,901,-1,901,900,899,-1,901,899,1073,-1,1073,899,1072,-1,1073,1072,1074,-1,1070,1075,1076,-1,1076,1075,1077,-1,1073,1078,901,-1,901,1078,1079,-1,901,1079,1070,-1,1070,1079,1074,-1,1070,1074,1075,-1,1075,1074,1072,-1,897,1080,899,-1,899,1080,1081,-1,899,1081,1082,-1,1083,1084,1082,-1,1082,1084,1076,-1,1082,1076,899,-1,899,1076,1077,-1,899,1077,1071,-1,895,1085,897,-1,897,1085,1086,-1,897,1086,1087,-1,1088,1089,1087,-1,1087,1089,1084,-1,1087,1084,897,-1,897,1084,1083,-1,897,1083,1080,-1,895,1090,1091,-1,1090,895,1092,-1,1092,895,891,-1,1092,891,1093,-1,1093,891,1094,-1,1093,1094,1091,-1,1091,1094,1089,-1,1091,1089,895,-1,895,1089,1088,-1,895,1088,1085,-1,886,885,1095,-1,1095,885,981,-1,1095,981,1096,-1,1096,981,984,-1,1096,984,1097,-1,1097,984,989,-1,1097,989,1098,-1,1098,989,994,-1,1098,994,1099,-1,1099,994,998,-1,1099,998,1100,-1,1100,998,997,-1,1100,997,893,-1,893,997,1101,-1,893,1101,891,-1,891,1101,1102,-1,891,1102,1094,-1,1090,1092,1103,-1,1103,1092,1104,-1,1086,1085,1105,-1,1105,1085,1106,-1,1081,1080,1107,-1,1107,1080,1108,-1,1072,1071,1109,-1,1109,1071,1110,-1,1078,1073,1111,-1,1111,1073,1112,-1,1066,1068,1113,-1,1113,1068,1114,-1,1062,1061,1115,-1,1115,1061,1116,-1,1045,1049,1117,-1,1117,1049,1118,-1,1042,1041,1119,-1,1119,1041,1120,-1,1038,855,1121,-1,1121,855,1122,-1,1035,858,1123,-1,1123,858,1124,-1,1031,1030,1125,-1,1125,1030,1126,-1,1026,1025,1127,-1,1127,1025,1128,-1,1021,1020,1129,-1,1129,1020,1130,-1,1016,1015,1131,-1,1131,1015,1132,-1,1011,1010,1133,-1,1133,1010,1134,-1,1006,1005,1135,-1,1135,1005,1136,-1,1000,999,1137,-1,1137,999,1138,-1,946,943,1139,-1,946,1139,944,-1,1140,1141,1142,-1,1142,1141,1143,-1,1142,1143,1144,-1,1140,1145,1141,-1,1141,1145,1146,-1,1141,1146,1147,-1,1139,1148,944,-1,944,1148,1141,-1,944,1141,1149,-1,1149,1141,1147,-1,1150,1151,1152,-1,1152,1151,1153,-1,1151,1148,1153,-1,1153,1148,1139,-1,926,925,1154,-1,1154,925,923,-1,923,921,1154,-1,1154,921,919,-1,1154,919,1155,-1,1155,919,917,-1,917,915,1155,-1,1155,915,913,-1,1155,913,911,-1,1156,1157,1158,-1,1158,1157,1159,-1,1157,1154,1159,-1,1159,1154,1155,-1,938,937,1160,-1,1160,937,935,-1,1160,935,1161,-1,1161,935,933,-1,933,931,1161,-1,1161,931,929,-1,1161,929,928,-1,1162,1163,1164,-1,1164,1163,1165,-1,1161,1162,1160,-1,1160,1162,1164,-1,938,1165,940,-1,940,1165,1152,-1,940,1152,942,-1,942,1152,943,-1,928,926,1163,-1,1163,926,1156,-1,501,500,1152,-1,1152,500,499,-1,1152,499,498,-1,1163,492,491,-1,1158,177,175,-1,909,906,1166,-1,1158,911,910,-1,910,909,1158,-1,1158,909,1166,-1,1158,1166,177,-1,177,1166,1167,-1,120,1150,122,-1,122,1150,1152,-1,122,1152,497,-1,497,1152,498,-1,491,490,1163,-1,1163,490,480,-1,1163,480,1165,-1,1165,480,479,-1,1165,479,1152,-1,1152,479,502,-1,1152,502,501,-1,175,496,1158,-1,1158,496,495,-1,1158,495,1156,-1,1156,495,494,-1,1156,494,1163,-1,1163,494,493,-1,1163,493,492,-1,144,146,1168,-1,1148,1151,1141,-1,1141,1151,1150,-1,1141,1150,1168,-1,120,118,1150,-1,1150,118,116,-1,1150,116,1168,-1,1168,116,167,-1,1168,167,144,-1,1169,155,154,-1,154,347,1169,-1,1169,347,355,-1,1169,355,363,-1,363,371,1169,-1,1169,371,379,-1,1169,379,387,-1,387,483,1169,-1,1169,483,397,-1,1169,397,1170,-1,397,395,1170,-1,1170,395,411,-1,1170,411,419,-1,419,427,1170,-1,1170,427,435,-1,1170,435,449,-1,449,457,1170,-1,1170,457,328,-1,1170,328,332,-1,179,177,1167,-1,1171,1172,1167,-1,1167,1172,1173,-1,1167,1173,1174,-1,334,333,1174,-1,1174,333,190,-1,1174,190,1167,-1,1167,190,181,-1,1167,181,179,-1,1175,1176,1173,-1,1175,1173,1177,-1,1176,1178,1173,-1,1173,1178,1179,-1,1173,1179,1180,-1,1180,1179,1181,-1,1182,906,1172,-1,1172,906,905,-1,1172,905,1173,-1,1173,905,1183,-1,1173,1183,1177,-1,1171,1167,1184,-1,1184,1167,1166,-1,1172,1171,1182,-1,1182,1171,1184,-1,1163,1162,928,-1,928,1162,1161,-1,1157,1156,1154,-1,1154,1156,926,-1,1158,1159,911,-1,911,1159,1155,-1,1184,1166,1182,-1,1182,1166,906,-1,1152,1153,943,-1,943,1153,1139,-1,1164,1165,1160,-1,1160,1165,938,-1,526,545,1185,-1,1185,545,550,-1,550,555,1186,-1,558,559,1187,-1,1187,559,1188,-1,550,1186,1185,-1,1185,1186,1187,-1,1185,1187,1189,-1,1189,1187,1188,-1,1189,1188,1190,-1,1191,570,571,-1,1192,1193,1189,-1,571,1192,1191,-1,1191,1192,1189,-1,1191,1189,1194,-1,1194,1189,1190,-1,1194,1190,565,-1,565,1190,564,-1,1195,582,583,-1,1196,1197,1189,-1,583,1196,1195,-1,1195,1196,1189,-1,1195,1189,1198,-1,1198,1189,1193,-1,1198,1193,577,-1,577,1193,576,-1,592,591,1199,-1,1199,591,1189,-1,1199,1189,1200,-1,1200,1189,1197,-1,1200,1197,590,-1,590,1197,589,-1,1189,591,518,-1,518,591,519,-1,602,637,1201,-1,1201,637,643,-1,643,648,1201,-1,1201,648,1202,-1,1201,1202,1203,-1,651,652,1203,-1,1203,652,1204,-1,1203,1204,1201,-1,1201,1204,1205,-1,1201,1205,1206,-1,1207,663,664,-1,1208,1209,1206,-1,664,1208,1207,-1,1207,1208,1206,-1,1207,1206,1210,-1,1210,1206,1205,-1,1210,1205,658,-1,658,1205,657,-1,1211,675,676,-1,1212,1213,1206,-1,676,1212,1211,-1,1211,1212,1206,-1,1211,1206,1214,-1,1214,1206,1209,-1,1214,1209,670,-1,670,1209,669,-1,1215,687,688,-1,1216,1217,1206,-1,688,1216,1215,-1,1215,1216,1206,-1,1215,1206,1218,-1,1218,1206,1213,-1,1218,1213,682,-1,682,1213,681,-1,1219,699,700,-1,1220,1221,1206,-1,700,1220,1219,-1,1219,1220,1206,-1,1219,1206,1222,-1,1222,1206,1217,-1,1222,1217,694,-1,694,1217,693,-1,708,707,1223,-1,1223,707,1206,-1,1223,1206,1224,-1,1224,1206,1221,-1,1224,1221,706,-1,706,1221,705,-1,1206,707,601,-1,601,707,594,-1,887,526,888,-1,888,526,1185,-1,526,887,886,-1,886,1095,526,-1,526,1095,1096,-1,526,1096,518,-1,518,1096,1097,-1,1097,1098,518,-1,518,1098,1099,-1,518,1099,1100,-1,903,888,1185,-1,893,892,1189,-1,1189,892,894,-1,894,896,1189,-1,1189,896,898,-1,1189,898,1185,-1,1185,898,900,-1,1185,900,903,-1,893,1189,1100,-1,1100,1189,518,-1,862,602,863,-1,863,602,1201,-1,862,861,602,-1,602,861,1050,-1,602,1050,1051,-1,1051,1052,602,-1,602,1052,1053,-1,602,1053,601,-1,1053,1054,601,-1,601,1054,1055,-1,601,1055,1056,-1,1056,1057,601,-1,601,1057,1058,-1,601,1058,1059,-1,1206,869,867,-1,867,866,1206,-1,1206,866,884,-1,1206,884,883,-1,883,881,1206,-1,1206,881,879,-1,1206,879,1201,-1,1201,879,877,-1,1201,877,875,-1,875,873,1201,-1,1201,873,871,-1,1201,871,863,-1,869,1206,1059,-1,1059,1206,601,-1,1003,1000,1225,-1,1225,1000,1137,-1,1225,1137,1226,-1,1226,1137,1202,-1,1226,1202,329,-1,329,1202,648,-1,329,648,336,-1,336,648,649,-1,336,649,343,-1,1225,1227,1003,-1,1003,1227,1001,-1,999,1001,1138,-1,1138,1001,1227,-1,1138,1227,1203,-1,1203,1227,1228,-1,1203,1228,651,-1,344,650,345,-1,345,650,651,-1,345,651,327,-1,327,651,1228,-1,1227,1225,1228,-1,1228,1225,1226,-1,1137,1138,1202,-1,1202,1138,1203,-1,344,343,650,-1,650,343,649,-1,329,327,1226,-1,1226,327,1228,-1,1091,1090,1229,-1,1229,1090,1103,-1,1229,1103,1230,-1,1230,1103,1200,-1,1230,1200,346,-1,346,1200,590,-1,346,590,350,-1,350,590,585,-1,350,585,351,-1,1229,1231,1091,-1,1091,1231,1093,-1,1092,1093,1104,-1,1104,1093,1231,-1,1104,1231,1199,-1,1199,1231,1232,-1,1199,1232,592,-1,352,584,353,-1,353,584,592,-1,353,592,348,-1,348,592,1232,-1,1231,1229,1232,-1,1232,1229,1230,-1,1087,1086,1233,-1,1233,1086,1105,-1,1233,1105,1234,-1,1234,1105,1196,-1,1234,1196,354,-1,354,1196,583,-1,354,583,358,-1,358,583,581,-1,358,581,359,-1,1233,1235,1087,-1,1087,1235,1088,-1,1085,1088,1106,-1,1106,1088,1235,-1,1106,1235,1197,-1,1197,1235,1236,-1,1197,1236,589,-1,360,579,361,-1,361,579,589,-1,361,589,356,-1,356,589,1236,-1,1235,1233,1236,-1,1236,1233,1234,-1,1082,1081,1237,-1,1237,1081,1107,-1,1237,1107,1238,-1,1238,1107,1198,-1,1238,1198,362,-1,362,1198,577,-1,362,577,366,-1,366,577,575,-1,366,575,367,-1,1237,1239,1082,-1,1082,1239,1083,-1,1080,1083,1108,-1,1108,1083,1239,-1,1108,1239,1195,-1,1195,1239,1240,-1,1195,1240,582,-1,368,573,369,-1,369,573,582,-1,369,582,364,-1,364,582,1240,-1,1239,1237,1240,-1,1240,1237,1238,-1,1075,1072,1241,-1,1241,1072,1109,-1,1241,1109,1242,-1,1242,1109,1192,-1,1242,1192,370,-1,370,1192,571,-1,370,571,374,-1,374,571,569,-1,374,569,375,-1,1241,1243,1075,-1,1075,1243,1077,-1,1071,1077,1110,-1,1110,1077,1243,-1,1110,1243,1193,-1,1193,1243,1244,-1,1193,1244,576,-1,376,567,377,-1,377,567,576,-1,377,576,372,-1,372,576,1244,-1,1243,1241,1244,-1,1244,1241,1242,-1,1079,1078,1245,-1,1245,1078,1111,-1,1245,1111,1246,-1,1246,1111,1194,-1,1246,1194,378,-1,378,1194,565,-1,378,565,382,-1,382,565,563,-1,382,563,383,-1,1245,1247,1079,-1,1079,1247,1074,-1,1073,1074,1112,-1,1112,1074,1247,-1,1112,1247,1191,-1,1191,1247,1248,-1,1191,1248,570,-1,384,561,385,-1,385,561,570,-1,385,570,380,-1,380,570,1248,-1,1247,1245,1248,-1,1248,1245,1246,-1,1067,1066,1249,-1,1249,1066,1113,-1,1249,1113,1250,-1,1250,1113,1188,-1,1250,1188,386,-1,386,1188,559,-1,386,559,390,-1,390,559,554,-1,390,554,391,-1,1249,1251,1067,-1,1067,1251,1069,-1,1068,1069,1114,-1,1114,1069,1251,-1,1114,1251,1190,-1,1190,1251,1252,-1,1190,1252,564,-1,392,553,393,-1,393,553,564,-1,393,564,388,-1,388,564,1252,-1,1251,1249,1252,-1,1252,1249,1250,-1,1065,1062,1253,-1,1253,1062,1115,-1,1253,1115,1254,-1,1254,1115,1186,-1,1254,1186,489,-1,489,1186,555,-1,489,555,488,-1,488,555,556,-1,488,556,487,-1,1253,1255,1065,-1,1065,1255,1063,-1,1061,1063,1116,-1,1116,1063,1255,-1,1116,1255,1187,-1,1187,1255,1256,-1,1187,1256,558,-1,486,557,484,-1,484,557,558,-1,484,558,485,-1,485,558,1256,-1,1255,1253,1256,-1,1256,1253,1254,-1,1043,1045,1257,-1,1257,1045,1117,-1,1257,1117,1258,-1,1258,1117,1224,-1,1258,1224,394,-1,394,1224,706,-1,394,706,406,-1,406,706,704,-1,406,704,407,-1,1257,1259,1043,-1,1043,1259,1048,-1,1049,1048,1118,-1,1118,1048,1259,-1,1118,1259,1223,-1,1223,1259,1260,-1,1223,1260,708,-1,408,702,409,-1,409,702,708,-1,409,708,396,-1,396,708,1260,-1,1259,1257,1260,-1,1260,1257,1258,-1,1046,1042,1261,-1,1261,1042,1119,-1,1261,1119,1262,-1,1262,1119,1220,-1,1262,1220,403,-1,403,1220,700,-1,403,700,400,-1,400,700,698,-1,400,698,401,-1,1261,1263,1046,-1,1046,1263,1044,-1,1041,1044,1120,-1,1120,1044,1263,-1,1120,1263,1221,-1,1221,1263,1264,-1,1221,1264,705,-1,402,696,405,-1,405,696,705,-1,405,705,404,-1,404,705,1264,-1,1263,1261,1264,-1,1264,1261,1262,-1,1039,1038,1265,-1,1265,1038,1121,-1,1265,1121,1266,-1,1266,1121,1222,-1,1266,1222,410,-1,410,1222,694,-1,410,694,414,-1,414,694,692,-1,414,692,415,-1,1265,1267,1039,-1,1039,1267,854,-1,855,854,1122,-1,1122,854,1267,-1,1122,1267,1219,-1,1219,1267,1268,-1,1219,1268,699,-1,416,690,417,-1,417,690,699,-1,417,699,412,-1,412,699,1268,-1,1267,1265,1268,-1,1268,1265,1266,-1,1036,1035,1269,-1,1269,1035,1123,-1,1269,1123,1270,-1,1270,1123,1216,-1,1270,1216,418,-1,418,1216,688,-1,418,688,422,-1,422,688,686,-1,422,686,423,-1,1269,1271,1036,-1,1036,1271,857,-1,858,857,1124,-1,1124,857,1271,-1,1124,1271,1217,-1,1217,1271,1272,-1,1217,1272,693,-1,424,684,425,-1,425,684,693,-1,425,693,420,-1,420,693,1272,-1,1271,1269,1272,-1,1272,1269,1270,-1,1032,1031,1273,-1,1273,1031,1125,-1,1273,1125,1274,-1,1274,1125,1218,-1,1274,1218,426,-1,426,1218,682,-1,426,682,430,-1,430,682,680,-1,430,680,431,-1,1273,1275,1032,-1,1032,1275,1033,-1,1030,1033,1126,-1,1126,1033,1275,-1,1126,1275,1215,-1,1215,1275,1276,-1,1215,1276,687,-1,432,678,433,-1,433,678,687,-1,433,687,428,-1,428,687,1276,-1,1275,1273,1276,-1,1276,1273,1274,-1,1027,1026,1277,-1,1277,1026,1127,-1,1277,1127,1278,-1,1278,1127,1212,-1,1278,1212,434,-1,434,1212,676,-1,434,676,444,-1,444,676,674,-1,444,674,445,-1,1277,1279,1027,-1,1027,1279,1028,-1,1025,1028,1128,-1,1128,1028,1279,-1,1128,1279,1213,-1,1213,1279,1280,-1,1213,1280,681,-1,446,672,447,-1,447,672,681,-1,447,681,436,-1,436,681,1280,-1,1279,1277,1280,-1,1280,1277,1278,-1,1022,1021,1281,-1,1281,1021,1129,-1,1281,1129,1282,-1,1282,1129,1214,-1,1282,1214,441,-1,441,1214,670,-1,441,670,438,-1,438,670,668,-1,438,668,439,-1,1281,1283,1022,-1,1022,1283,1023,-1,1020,1023,1130,-1,1130,1023,1283,-1,1130,1283,1211,-1,1211,1283,1284,-1,1211,1284,675,-1,440,666,443,-1,443,666,675,-1,443,675,442,-1,442,675,1284,-1,1283,1281,1284,-1,1284,1281,1282,-1,1017,1016,1285,-1,1285,1016,1131,-1,1285,1131,1286,-1,1286,1131,1208,-1,1286,1208,448,-1,448,1208,664,-1,448,664,452,-1,452,664,662,-1,452,662,453,-1,1285,1287,1017,-1,1017,1287,1018,-1,1015,1018,1132,-1,1132,1018,1287,-1,1132,1287,1209,-1,1209,1287,1288,-1,1209,1288,669,-1,454,660,455,-1,455,660,669,-1,455,669,450,-1,450,669,1288,-1,1287,1285,1288,-1,1288,1285,1286,-1,1012,1011,1289,-1,1289,1011,1133,-1,1289,1133,1290,-1,1290,1133,1210,-1,1290,1210,456,-1,456,1210,658,-1,456,658,460,-1,460,658,656,-1,460,656,461,-1,1289,1291,1012,-1,1012,1291,1013,-1,1010,1013,1134,-1,1134,1013,1291,-1,1134,1291,1207,-1,1207,1291,1292,-1,1207,1292,663,-1,462,654,463,-1,463,654,663,-1,463,663,458,-1,458,663,1292,-1,1291,1289,1292,-1,1292,1289,1290,-1,1007,1006,1293,-1,1293,1006,1135,-1,1293,1135,1294,-1,1294,1135,1204,-1,1294,1204,469,-1,469,1204,652,-1,469,652,468,-1,468,652,647,-1,468,647,467,-1,1293,1295,1007,-1,1007,1295,1008,-1,1005,1008,1136,-1,1136,1008,1295,-1,1136,1295,1205,-1,1205,1295,1296,-1,1205,1296,657,-1,466,646,464,-1,464,646,657,-1,464,657,465,-1,465,657,1296,-1,1295,1293,1296,-1,1296,1293,1294,-1,1135,1136,1204,-1,1204,1136,1205,-1,466,467,646,-1,646,467,647,-1,469,465,1294,-1,1294,465,1296,-1,1133,1134,1210,-1,1210,1134,1207,-1,462,461,654,-1,654,461,656,-1,456,458,1290,-1,1290,458,1292,-1,1131,1132,1208,-1,1208,1132,1209,-1,454,453,660,-1,660,453,662,-1,448,450,1286,-1,1286,450,1288,-1,1129,1130,1214,-1,1214,1130,1211,-1,440,439,666,-1,666,439,668,-1,441,442,1282,-1,1282,442,1284,-1,1127,1128,1212,-1,1212,1128,1213,-1,446,445,672,-1,672,445,674,-1,434,436,1278,-1,1278,436,1280,-1,1125,1126,1218,-1,1218,1126,1215,-1,432,431,678,-1,678,431,680,-1,426,428,1274,-1,1274,428,1276,-1,1123,1124,1216,-1,1216,1124,1217,-1,424,423,684,-1,684,423,686,-1,418,420,1270,-1,1270,420,1272,-1,1121,1122,1222,-1,1222,1122,1219,-1,416,415,690,-1,690,415,692,-1,410,412,1266,-1,1266,412,1268,-1,1119,1120,1220,-1,1220,1120,1221,-1,402,401,696,-1,696,401,698,-1,403,404,1262,-1,1262,404,1264,-1,1117,1118,1224,-1,1224,1118,1223,-1,408,407,702,-1,702,407,704,-1,394,396,1258,-1,1258,396,1260,-1,1115,1116,1186,-1,1186,1116,1187,-1,486,487,557,-1,557,487,556,-1,489,485,1254,-1,1254,485,1256,-1,1113,1114,1188,-1,1188,1114,1190,-1,392,391,553,-1,553,391,554,-1,386,388,1250,-1,1250,388,1252,-1,1111,1112,1194,-1,1194,1112,1191,-1,384,383,561,-1,561,383,563,-1,378,380,1246,-1,1246,380,1248,-1,1109,1110,1192,-1,1192,1110,1193,-1,376,375,567,-1,567,375,569,-1,370,372,1242,-1,1242,372,1244,-1,1107,1108,1198,-1,1198,1108,1195,-1,368,367,573,-1,573,367,575,-1,362,364,1238,-1,1238,364,1240,-1,1105,1106,1196,-1,1196,1106,1197,-1,360,359,579,-1,579,359,581,-1,354,356,1234,-1,1234,356,1236,-1,1103,1104,1200,-1,1200,1104,1199,-1,352,351,584,-1,584,351,585,-1,346,348,1230,-1,1230,348,1232,-1,713,993,712,-1,712,993,715,-1,712,715,523,-1,523,715,714,-1,523,714,521,-1,323,588,322,-1,322,588,521,-1,322,521,321,-1,321,521,714,-1,992,711,717,-1,717,711,710,-1,717,710,716,-1,716,710,525,-1,716,525,320,-1,320,525,520,-1,320,520,325,-1,325,520,593,-1,325,593,324,-1,717,715,992,-1,992,715,993,-1,721,996,720,-1,720,996,723,-1,720,723,527,-1,527,723,722,-1,527,722,535,-1,315,586,314,-1,314,586,535,-1,314,535,313,-1,313,535,722,-1,995,719,725,-1,725,719,718,-1,725,718,724,-1,724,718,524,-1,724,524,311,-1,311,524,522,-1,311,522,318,-1,318,522,587,-1,318,587,316,-1,725,723,995,-1,995,723,996,-1,729,991,728,-1,728,991,731,-1,728,731,528,-1,528,731,730,-1,528,730,529,-1,306,580,305,-1,305,580,529,-1,305,529,304,-1,304,529,730,-1,990,727,733,-1,733,727,726,-1,733,726,732,-1,732,726,533,-1,732,533,302,-1,302,533,534,-1,302,534,309,-1,309,534,578,-1,309,578,307,-1,733,731,990,-1,990,731,991,-1,737,987,736,-1,736,987,739,-1,736,739,532,-1,532,739,738,-1,532,738,543,-1,297,574,296,-1,296,574,543,-1,296,543,295,-1,295,543,738,-1,985,735,741,-1,741,735,734,-1,741,734,740,-1,740,734,531,-1,740,531,293,-1,293,531,530,-1,293,530,300,-1,300,530,572,-1,300,572,298,-1,741,739,985,-1,985,739,987,-1,745,988,744,-1,744,988,747,-1,744,747,536,-1,536,747,746,-1,536,746,537,-1,288,568,287,-1,287,568,537,-1,287,537,286,-1,286,537,746,-1,986,743,749,-1,749,743,742,-1,749,742,748,-1,748,742,541,-1,748,541,284,-1,284,541,542,-1,284,542,291,-1,291,542,566,-1,291,566,289,-1,749,747,986,-1,986,747,988,-1,753,983,752,-1,752,983,755,-1,752,755,540,-1,540,755,754,-1,540,754,549,-1,278,562,276,-1,276,562,549,-1,276,549,274,-1,274,549,754,-1,982,751,757,-1,757,751,750,-1,757,750,756,-1,756,750,539,-1,756,539,272,-1,272,539,538,-1,272,538,282,-1,282,538,560,-1,282,560,280,-1,757,755,982,-1,982,755,983,-1,761,980,760,-1,760,980,763,-1,760,763,546,-1,546,763,762,-1,546,762,544,-1,472,551,470,-1,470,551,544,-1,470,544,477,-1,477,544,762,-1,979,759,765,-1,765,759,758,-1,765,758,764,-1,764,758,547,-1,764,547,476,-1,476,547,548,-1,476,548,475,-1,475,548,552,-1,475,552,474,-1,765,763,979,-1,979,763,980,-1,769,976,768,-1,768,976,771,-1,768,771,599,-1,599,771,770,-1,599,770,597,-1,264,709,269,-1,269,709,597,-1,269,597,270,-1,270,597,770,-1,974,767,773,-1,773,767,766,-1,773,766,772,-1,772,766,596,-1,772,596,110,-1,110,596,595,-1,110,595,111,-1,111,595,642,-1,111,642,263,-1,773,771,974,-1,974,771,976,-1,777,978,776,-1,776,978,779,-1,776,779,603,-1,603,779,778,-1,603,778,611,-1,261,703,265,-1,265,703,611,-1,265,611,266,-1,266,611,778,-1,975,775,781,-1,781,775,774,-1,781,774,780,-1,780,774,600,-1,780,600,267,-1,267,600,598,-1,267,598,268,-1,268,598,701,-1,268,701,260,-1,781,779,975,-1,975,779,978,-1,785,973,784,-1,784,973,787,-1,784,787,604,-1,604,787,786,-1,604,786,605,-1,255,697,254,-1,254,697,605,-1,254,605,253,-1,253,605,786,-1,972,783,789,-1,789,783,782,-1,789,782,788,-1,788,782,609,-1,788,609,251,-1,251,609,610,-1,251,610,258,-1,258,610,695,-1,258,695,256,-1,789,787,972,-1,972,787,973,-1,793,970,792,-1,792,970,795,-1,792,795,608,-1,608,795,794,-1,608,794,619,-1,246,691,245,-1,245,691,619,-1,245,619,244,-1,244,619,794,-1,969,791,797,-1,797,791,790,-1,797,790,796,-1,796,790,607,-1,796,607,242,-1,242,607,606,-1,242,606,249,-1,249,606,689,-1,249,689,247,-1,797,795,969,-1,969,795,970,-1,801,967,800,-1,800,967,803,-1,800,803,612,-1,612,803,802,-1,612,802,613,-1,237,685,236,-1,236,685,613,-1,236,613,235,-1,235,613,802,-1,966,799,805,-1,805,799,798,-1,805,798,804,-1,804,798,617,-1,804,617,233,-1,233,617,618,-1,233,618,240,-1,240,618,683,-1,240,683,238,-1,805,803,966,-1,966,803,967,-1,809,964,808,-1,808,964,811,-1,808,811,616,-1,616,811,810,-1,616,810,627,-1,222,679,232,-1,232,679,627,-1,232,627,227,-1,227,627,810,-1,963,807,813,-1,813,807,806,-1,813,806,812,-1,812,806,615,-1,812,615,225,-1,225,615,614,-1,225,614,223,-1,223,614,677,-1,223,677,221,-1,813,811,963,-1,963,811,964,-1,817,961,816,-1,816,961,819,-1,816,819,620,-1,620,819,818,-1,620,818,621,-1,219,673,228,-1,228,673,621,-1,228,621,229,-1,229,621,818,-1,960,815,821,-1,821,815,814,-1,821,814,820,-1,820,814,625,-1,820,625,230,-1,230,625,626,-1,230,626,231,-1,231,626,671,-1,231,671,218,-1,821,819,960,-1,960,819,961,-1,825,958,824,-1,824,958,827,-1,824,827,624,-1,624,827,826,-1,624,826,635,-1,213,667,212,-1,212,667,635,-1,212,635,211,-1,211,635,826,-1,957,823,829,-1,829,823,822,-1,829,822,828,-1,828,822,623,-1,828,623,209,-1,209,623,622,-1,209,622,216,-1,216,622,665,-1,216,665,214,-1,829,827,957,-1,957,827,958,-1,833,955,832,-1,832,955,835,-1,832,835,628,-1,628,835,834,-1,628,834,629,-1,204,661,203,-1,203,661,629,-1,203,629,202,-1,202,629,834,-1,954,831,837,-1,837,831,830,-1,837,830,836,-1,836,830,633,-1,836,633,200,-1,200,633,634,-1,200,634,207,-1,207,634,659,-1,207,659,205,-1,837,835,954,-1,954,835,955,-1,841,952,840,-1,840,952,843,-1,840,843,632,-1,632,843,842,-1,632,842,641,-1,195,655,194,-1,194,655,641,-1,194,641,193,-1,193,641,842,-1,951,839,845,-1,845,839,838,-1,845,838,844,-1,844,838,631,-1,844,631,191,-1,191,631,630,-1,191,630,198,-1,198,630,653,-1,198,653,196,-1,845,843,951,-1,951,843,952,-1,849,948,848,-1,848,948,851,-1,848,851,638,-1,638,851,850,-1,638,850,636,-1,189,644,171,-1,171,644,636,-1,171,636,172,-1,172,636,850,-1,949,847,853,-1,853,847,846,-1,853,846,852,-1,852,846,639,-1,852,639,184,-1,184,639,640,-1,184,640,186,-1,186,640,645,-1,186,645,188,-1,853,851,949,-1,949,851,948,-1,846,848,639,-1,639,848,638,-1,172,850,184,-1,184,850,852,-1,188,645,189,-1,189,645,644,-1,838,840,631,-1,631,840,632,-1,193,842,191,-1,191,842,844,-1,196,653,195,-1,195,653,655,-1,830,832,633,-1,633,832,628,-1,202,834,200,-1,200,834,836,-1,205,659,204,-1,204,659,661,-1,822,824,623,-1,623,824,624,-1,211,826,209,-1,209,826,828,-1,214,665,213,-1,213,665,667,-1,814,816,625,-1,625,816,620,-1,229,818,230,-1,230,818,820,-1,218,671,219,-1,219,671,673,-1,806,808,615,-1,615,808,616,-1,227,810,225,-1,225,810,812,-1,221,677,222,-1,222,677,679,-1,798,800,617,-1,617,800,612,-1,235,802,233,-1,233,802,804,-1,238,683,237,-1,237,683,685,-1,790,792,607,-1,607,792,608,-1,244,794,242,-1,242,794,796,-1,247,689,246,-1,246,689,691,-1,782,784,609,-1,609,784,604,-1,253,786,251,-1,251,786,788,-1,256,695,255,-1,255,695,697,-1,774,776,600,-1,600,776,603,-1,266,778,267,-1,267,778,780,-1,260,701,261,-1,261,701,703,-1,766,768,596,-1,596,768,599,-1,270,770,110,-1,110,770,772,-1,263,642,264,-1,264,642,709,-1,758,760,547,-1,547,760,546,-1,477,762,476,-1,476,762,764,-1,474,552,472,-1,472,552,551,-1,750,752,539,-1,539,752,540,-1,274,754,272,-1,272,754,756,-1,280,560,278,-1,278,560,562,-1,742,744,541,-1,541,744,536,-1,286,746,284,-1,284,746,748,-1,289,566,288,-1,288,566,568,-1,734,736,531,-1,531,736,532,-1,295,738,293,-1,293,738,740,-1,298,572,297,-1,297,572,574,-1,726,728,533,-1,533,728,528,-1,304,730,302,-1,302,730,732,-1,307,578,306,-1,306,578,580,-1,718,720,524,-1,524,720,527,-1,313,722,311,-1,311,722,724,-1,316,587,315,-1,315,587,586,-1,710,712,525,-1,525,712,523,-1,321,714,320,-1,320,714,716,-1,324,593,323,-1,323,593,588,-1,180,1297,178,-1,178,1297,1298,-1,178,1298,176,-1,1299,1297,182,-1,182,1297,180,-1,174,1300,173,-1,173,1300,1299,-1,173,1299,182,-1,1298,1300,176,-1,176,1300,174,-1,1299,1300,1297,-1,1297,1300,1298,-1,1301,1302,331,-1,331,1302,337,-1,1303,1301,330,-1,330,1301,331,-1,1304,1303,335,-1,335,1303,330,-1,1302,1304,337,-1,337,1304,335,-1,1303,1304,1301,-1,1301,1304,1302,-1,515,1305,145,-1,145,1305,147,-1,1306,514,153,-1,153,514,151,-1,1305,1306,147,-1,147,1306,153,-1,514,1306,515,-1,515,1306,1305,-1,119,1307,117,-1,117,1307,516,-1,117,516,113,-1,121,1308,119,-1,119,1308,1307,-1,125,517,123,-1,123,517,1308,-1,123,1308,121,-1,1308,517,1307,-1,1307,517,516,-1,509,1309,510,-1,510,1309,1310,-1,510,1310,503,-1,503,1310,1311,-1,503,1311,504,-1,163,170,508,-1,1309,509,1312,-1,1312,1313,1309,-1,1309,1313,1314,-1,1309,1314,1310,-1,1310,1314,1315,-1,1310,1315,1311,-1,140,139,504,-1,511,505,1316,-1,1316,1317,511,-1,511,1317,1318,-1,511,1318,512,-1,512,1318,1319,-1,512,1319,513,-1,1311,1315,504,-1,504,1315,1320,-1,504,1320,140,-1,140,1320,1321,-1,140,1321,141,-1,141,1321,1322,-1,141,1322,138,-1,138,1322,1323,-1,138,1323,136,-1,136,1323,1324,-1,136,1324,134,-1,134,1324,1325,-1,134,1325,129,-1,129,1325,1326,-1,129,1326,130,-1,130,1326,1327,-1,130,1327,133,-1,133,1327,1316,-1,133,1316,132,-1,132,1316,505,-1,132,505,131,-1,513,1319,508,-1,508,1319,1328,-1,508,1328,163,-1,163,1328,1329,-1,163,1329,164,-1,164,1329,1330,-1,164,1330,165,-1,165,1330,1331,-1,165,1331,166,-1,166,1331,1332,-1,166,1332,168,-1,168,1332,1333,-1,168,1333,169,-1,169,1333,1334,-1,169,1334,162,-1,162,1334,1335,-1,162,1335,161,-1,161,1335,1312,-1,161,1312,160,-1,160,1312,509,-1,160,509,159,-1,1336,1337,1338,-1,1338,1337,1339,-1,1338,1339,1340,-1,1341,1342,1338,-1,1338,1342,1343,-1,1338,1343,1336,-1,1344,1345,1338,-1,1338,1345,1346,-1,1338,1346,1341,-1,1347,1348,1338,-1,1338,1348,1349,-1,1338,1349,1344,-1,1350,1351,1338,-1,1338,1351,1352,-1,1338,1352,1347,-1,1353,1354,1338,-1,1338,1354,1355,-1,1338,1355,1350,-1,1356,1357,1338,-1,1338,1357,1358,-1,1338,1358,1353,-1,1340,1359,1338,-1,1338,1359,1360,-1,1338,1360,1356,-1,1332,1351,1333,-1,1333,1351,1350,-1,1333,1350,1334,-1,1334,1350,1355,-1,1334,1355,1335,-1,1335,1355,1354,-1,1335,1354,1312,-1,1312,1354,1353,-1,1312,1353,1313,-1,1313,1353,1358,-1,1313,1358,1314,-1,1314,1358,1357,-1,1314,1357,1315,-1,1315,1357,1356,-1,1315,1356,1320,-1,1320,1356,1360,-1,1320,1360,1321,-1,1321,1360,1359,-1,1321,1359,1322,-1,1322,1359,1340,-1,1322,1340,1323,-1,1323,1340,1339,-1,1323,1339,1324,-1,1324,1339,1337,-1,1324,1337,1325,-1,1325,1337,1336,-1,1325,1336,1326,-1,1326,1336,1343,-1,1326,1343,1327,-1,1327,1343,1342,-1,1327,1342,1316,-1,1316,1342,1341,-1,1316,1341,1317,-1,1317,1341,1346,-1,1317,1346,1318,-1,1318,1346,1345,-1,1318,1345,1319,-1,1319,1345,1344,-1,1319,1344,1328,-1,1328,1344,1349,-1,1328,1349,1329,-1,1329,1349,1348,-1,1329,1348,1330,-1,1330,1348,1347,-1,1330,1347,1331,-1,1331,1347,1352,-1,1331,1352,1332,-1,1332,1352,1351,-1,106,88,108,-1,108,88,90,-1,93,102,94,-1,94,102,100,-1,17,20,91,-1,4,3,107,-1,107,3,11,-1,107,11,91,-1,91,11,14,-1,91,14,17,-1,89,105,91,-1,91,105,107,-1,89,88,105,-1,105,88,106,-1,103,96,101,-1,101,96,97,-1,93,96,102,-1,102,96,103,-1,30,35,481,-1,481,35,87,-1,8,7,86,-1,86,7,481,-1,86,481,74,-1,74,481,87,-1,74,87,75,-1,1361,1177,1183,-1,905,904,1183,-1,1183,904,865,-1,1183,865,1361,-1,1361,865,864,-1,1361,864,1004,-1,1177,1361,1175,-1,1175,1361,1362,-1,1175,1362,1176,-1,1176,1362,1178,-1,1178,1362,1363,-1,1178,1363,1179,-1,1179,1363,1364,-1,1179,1364,1181,-1,1181,1364,1365,-1,1181,1365,1180,-1,1180,1365,1174,-1,1180,1174,1173,-1,1170,332,342,-1,1170,342,1366,-1,1366,342,341,-1,1366,341,1367,-1,1367,341,340,-1,1367,340,1368,-1,1368,340,339,-1,1368,339,1369,-1,1369,339,338,-1,1369,338,1370,-1,1370,338,334,-1,1370,334,1174,-1,1174,1365,1371,-1,1372,1373,1374,-1,1004,1375,1376,-1,1374,1373,1004,-1,1377,1004,1373,-1,1377,1373,1378,-1,1378,1373,1372,-1,1378,1372,1379,-1,1361,1004,1377,-1,1380,1381,1382,-1,1382,1381,1376,-1,1382,1376,1383,-1,1383,1376,1375,-1,1383,1375,1384,-1,1361,1377,1362,-1,1362,1377,1378,-1,1362,1378,1363,-1,1363,1378,1379,-1,1363,1379,1364,-1,1385,1380,1386,-1,1386,1380,1382,-1,1386,1382,1387,-1,1387,1382,1383,-1,1387,1383,1388,-1,1388,1383,1384,-1,1388,1384,1389,-1,1390,1385,1391,-1,1391,1385,1386,-1,1391,1386,1392,-1,1392,1386,1387,-1,1392,1387,1393,-1,1393,1387,1388,-1,1393,1388,1394,-1,1394,1388,1389,-1,1394,1389,1395,-1,1365,1390,1371,-1,1371,1390,1391,-1,1371,1391,1396,-1,1396,1391,1392,-1,1396,1392,1397,-1,1397,1392,1393,-1,1397,1393,1398,-1,1398,1393,1394,-1,1398,1394,1399,-1,1399,1394,1395,-1,1399,1395,1400,-1,1174,1371,1370,-1,1370,1371,1396,-1,1370,1396,1369,-1,1369,1396,1397,-1,1369,1397,1368,-1,1368,1397,1398,-1,1368,1398,1367,-1,1367,1398,1399,-1,1367,1399,1366,-1,1366,1399,1400,-1,1366,1400,1170,-1,1381,1004,1376,-1,1365,1364,1390,-1,1390,1364,1379,-1,1390,1379,1385,-1,1385,1379,1372,-1,1385,1372,1380,-1,1380,1372,1374,-1,1380,1374,1381,-1,1381,1374,1004,-1,1146,1145,1401,-1,1141,1168,1402,-1,1141,1402,1143,-1,1143,1402,1403,-1,1143,1403,1144,-1,1144,1403,1404,-1,1144,1404,1142,-1,1401,1145,1404,-1,1404,1145,1140,-1,1404,1140,1142,-1,945,944,1149,-1,1102,1101,1405,-1,1405,1101,997,-1,1146,1401,1147,-1,1147,1401,1405,-1,1147,1405,1149,-1,1149,1405,997,-1,1149,997,945,-1,1169,1170,1400,-1,1169,1400,1406,-1,1406,1400,1395,-1,1406,1395,1407,-1,1407,1395,1389,-1,1407,1389,1408,-1,1408,1389,1384,-1,1408,1384,1409,-1,1409,1384,1375,-1,1409,1375,1410,-1,1004,1002,1375,-1,1375,1002,1009,-1,1009,1014,1375,-1,1375,1014,1019,-1,1375,1019,1410,-1,1410,1019,1024,-1,1410,1024,1029,-1,1029,1034,1410,-1,1410,1034,1037,-1,1410,1037,1040,-1,1040,1047,1410,-1,1410,1047,1060,-1,1410,1060,1064,-1,1064,1070,1410,-1,1410,1070,1076,-1,1410,1076,1084,-1,1084,1089,1410,-1,1410,1089,1094,-1,1410,1094,1102,-1,1169,1406,1411,-1,1412,1413,1414,-1,1102,1405,1415,-1,1414,1413,1102,-1,1416,1102,1413,-1,1416,1413,1417,-1,1417,1413,1412,-1,1417,1412,1418,-1,1410,1102,1416,-1,1419,1420,1421,-1,1421,1420,1415,-1,1421,1415,1422,-1,1422,1415,1405,-1,1422,1405,1401,-1,1410,1416,1409,-1,1409,1416,1417,-1,1409,1417,1408,-1,1408,1417,1418,-1,1408,1418,1407,-1,1423,1419,1424,-1,1424,1419,1421,-1,1424,1421,1425,-1,1425,1421,1422,-1,1425,1422,1426,-1,1426,1422,1401,-1,1426,1401,1404,-1,1427,1423,1428,-1,1428,1423,1424,-1,1428,1424,1429,-1,1429,1424,1425,-1,1429,1425,1430,-1,1430,1425,1426,-1,1430,1426,1431,-1,1431,1426,1404,-1,1431,1404,1403,-1,1406,1427,1411,-1,1411,1427,1428,-1,1411,1428,1432,-1,1432,1428,1429,-1,1432,1429,1433,-1,1433,1429,1430,-1,1433,1430,1434,-1,1434,1430,1431,-1,1434,1431,1435,-1,1435,1431,1403,-1,1435,1403,1402,-1,1169,1411,1436,-1,1436,1411,1432,-1,1436,1432,1437,-1,1437,1432,1433,-1,1437,1433,1438,-1,1438,1433,1434,-1,1438,1434,1439,-1,1439,1434,1435,-1,1439,1435,1440,-1,1440,1435,1402,-1,1440,1402,1168,-1,1420,1102,1415,-1,1406,1407,1427,-1,1427,1407,1418,-1,1427,1418,1423,-1,1423,1418,1412,-1,1423,1412,1419,-1,1419,1412,1414,-1,1419,1414,1420,-1,1420,1414,1102,-1,1168,146,148,-1,1168,148,1440,-1,1440,148,149,-1,1440,149,1439,-1,1439,149,158,-1,1439,158,1438,-1,1438,158,157,-1,1438,157,1437,-1,1437,157,156,-1,1437,156,1436,-1,1436,156,155,-1,1436,155,1169,-1,
        ]
    }
}
Shape{
    appearance Appearance {
        material  Material 	{
            diffuseColor 0.6666666666666666 0.6666666666666666 0.6666666666666666
            specularColor 0.4666666666666667 0.4666666666666667 0.4666666666666667
            ambientIntensity 0.6667
            transparency 0.0
            shininess 0.5
        }
    }
    geometry IndexedFaceSet {
        ccw TRUE
        solid FALSE
        coord DEF co Coordinate {
            point [
                3.8091 1.2303 -1.1517, 3.8091 1.2303 -0.0394, 3.6713 1.2303 -1.1517, 3.6713 1.2303 -0.0394, 3.7106 1.2697 -1.2598, 3.7106 1.3287 -1.2598, 3.7697 1.2697 -1.2598, 3.7697 1.3287 -1.2598, 3.6713 1.3681 -1.1517, 3.6713 1.3681 -0.0394, 3.8091 1.3681 -1.1517, 3.8091 1.3681 -0.0394, 3.6713 1.3585 0.0335, 3.8091 1.3585 0.0335, 3.6713 1.3304 0.1014, 3.8091 1.3304 0.1014, 3.6713 1.2857 0.1597, 3.8091 1.2857 0.1597, 3.6713 1.2274 0.2044, 3.8091 1.2274 0.2044, 3.6713 1.1595 0.2325, 3.8091 1.1595 0.2325, 3.6713 1.0866 0.2421, 3.8091 1.0866 0.2421, 3.8091 1.0535 0.2465, 3.6713 1.0535 0.2465, 3.8091 1.0226 0.2593, 3.6713 1.0226 0.2593, 3.8091 0.9961 0.2796, 3.6713 0.9961 0.2796, 3.8091 0.9758 0.3061, 3.6713 0.9758 0.3061, 3.8091 0.963 0.337, 3.6713 0.963 0.337, 3.8091 0.9587 0.3701, 3.6713 0.9587 0.3701, 3.8091 0.9587 1.2488, 3.6713 0.9587 1.2488, 3.6713 0.9516 1.3292, 3.8091 0.9516 1.3292, 3.6713 0.9308 1.4071, 3.8091 0.9308 1.4071, 3.6713 0.8967 1.4801, 3.8091 0.8967 1.4801, 3.8091 0.3191 2.4805, 3.6713 0.3191 2.4805, 3.8091 0.2867 2.5589, 3.6713 0.2867 2.5589, 3.8091 0.2756 2.6429, 3.6713 0.2756 2.6429, 3.8091 0.2756 2.9248, 3.6713 0.2756 2.9248, 3.8091 0.2831 2.9942, 3.6713 0.2831 2.9942, 3.8091 0.3053 3.0605, 3.6713 0.3053 3.0605, 3.8091 0.3411 3.1204, 3.6713 0.3411 3.1204, 3.8091 0.3889 3.1713, 3.6713 0.3889 3.1713, 3.8091 0.6906 3.4301, 3.6713 0.6906 3.4301, 3.6713 0.7123 3.4532, 3.8091 0.7123 3.4532, 3.6713 0.7286 3.4805, 3.8091 0.7286 3.4805, 3.6713 0.7387 3.5106, 3.8091 0.7387 3.5106, 3.6713 0.7421 3.5421, 3.8091 0.7421 3.5421, 3.8091 0.7421 4.1732, 3.6713 0.7421 4.1732, 3.8091 0.6043 4.1732, 3.6713 0.6043 4.1732, 3.8091 0.6043 3.5421, 3.6713 0.6043 3.5421, 3.8091 0.6041 3.54, 3.6713 0.6041 3.54, 3.8091 0.6034 3.538, 3.6713 0.6034 3.538, 3.8091 0.6023 3.5362, 3.6713 0.6023 3.5362, 3.8091 0.6009 3.5347, 3.6713 0.6009 3.5347, 3.8091 0.2992 3.2759, 3.6713 0.2992 3.2759, 3.6713 0.2311 3.2034, 3.8091 0.2311 3.2034, 3.6713 0.1801 3.118, 3.8091 0.1801 3.118, 3.6713 0.1485 3.0237, 3.8091 0.1485 3.0237, 3.6713 0.1378 2.9248, 3.8091 0.1378 2.9248, 3.8091 0.1378 2.6429, 3.6713 0.1378 2.6429, 3.6713 0.1448 2.5626, 3.8091 0.1448 2.5626, 3.6713 0.1657 2.4847, 3.8091 0.1657 2.4847, 3.6713 0.1998 2.4116, 3.8091 0.1998 2.4116, 3.8091 0.7773 1.4112, 3.6713 0.7773 1.4112, 3.8091 0.8098 1.3329, 3.6713 0.8098 1.3329, 3.8091 0.8209 1.2488, 3.6713 0.8209 1.2488, 3.8091 0.8209 0.3701, 3.6713 0.8209 0.3701, 3.6713 0.8299 0.3013, 3.8091 0.8299 0.3013, 3.6713 0.8565 0.2372, 3.8091 0.8565 0.2372, 3.6713 0.8987 0.1822, 3.8091 0.8987 0.1822, 3.6713 0.9537 0.1399, 3.8091 0.9537 0.1399, 3.6713 1.0178 0.1134, 3.8091 1.0178 0.1134, 3.6713 1.0866 0.1043, 3.8091 1.0866 0.1043, 3.8091 1.1238 0.0994, 3.6713 1.1238 0.0994, 3.8091 1.1585 0.0851, 3.6713 1.1585 0.0851, 3.8091 1.1882 0.0622, 3.6713 1.1882 0.0622, 3.8091 1.2111 0.0325, 3.6713 1.2111 0.0325, 3.8091 1.2254 -0.0022, 3.6713 1.2254 -0.0022, 3.4154 0.4114 -1.1517, 3.4154 0.4114 -0.0394, 3.2776 0.4114 -1.1517, 3.2776 0.4114 -0.0394, 3.3169 0.4508 -1.2598, 3.3169 0.5098 -1.2598, 3.376 0.4508 -1.2598, 3.376 0.5098 -1.2598, 3.2776 0.5492 -1.1517, 3.2776 0.5492 -0.0394, 3.4154 0.5492 -1.1517, 3.4154 0.5492 -0.0394, 3.4154 0.5541 -0.0022, 3.2776 0.5541 -0.0022, 3.4154 0.5685 0.0325, 3.2776 0.5685 0.0325, 3.4154 0.5913 0.0622, 3.2776 0.5913 0.0622, 3.4154 0.6211 0.0851, 3.2776 0.6211 0.0851, 3.4154 0.6557 0.0994, 3.2776 0.6557 0.0994, 3.4154 0.6929 0.1043, 3.2776 0.6929 0.1043, 3.2776 0.7617 0.1134, 3.4154 0.7617 0.1134, 3.2776 0.8258 0.1399, 3.4154 0.8258 0.1399, 3.2776 0.8808 0.1822, 3.4154 0.8808 0.1822, 3.2776 0.9231 0.2372, 3.4154 0.9231 0.2372, 3.2776 0.9496 0.3013, 3.4154 0.9496 0.3013, 3.2776 0.9587 0.3701, 3.4154 0.9587 0.3701, 3.4154 0.9587 1.2488, 3.2776 0.9587 1.2488, 3.2776 0.9516 1.3292, 3.4154 0.9516 1.3292, 3.2776 0.9308 1.4071, 3.4154 0.9308 1.4071, 3.2776 0.8967 1.4801, 3.4154 0.8967 1.4801, 3.4154 0.3191 2.4805, 3.2776 0.3191 2.4805, 3.4154 0.2867 2.5589, 3.2776 0.2867 2.5589, 3.4154 0.2756 2.6429, 3.2776 0.2756 2.6429, 3.4154 0.2756 2.9248, 3.2776 0.2756 2.9248, 3.4154 0.2831 2.9942, 3.2776 0.2831 2.9942, 3.4154 0.3053 3.0605, 3.2776 0.3053 3.0605, 3.4154 0.3411 3.1204, 3.2776 0.3411 3.1204, 3.4154 0.3889 3.1713, 3.2776 0.3889 3.1713, 3.4154 0.6906 3.4301, 3.2776 0.6906 3.4301, 3.2776 0.7123 3.4532, 3.4154 0.7123 3.4532, 3.2776 0.7286 3.4805, 3.4154 0.7286 3.4805, 3.2776 0.7387 3.5106, 3.4154 0.7387 3.5106, 3.2776 0.7421 3.5421, 3.4154 0.7421 3.5421, 3.4154 0.7421 4.1732, 3.2776 0.7421 4.1732, 3.4154 0.6043 4.1732, 3.2776 0.6043 4.1732, 3.4154 0.6043 3.5421, 3.2776 0.6043 3.5421, 3.4154 0.6041 3.54, 3.2776 0.6041 3.54, 3.4154 0.6034 3.538, 3.2776 0.6034 3.538, 3.4154 0.6023 3.5362, 3.2776 0.6023 3.5362, 3.4154 0.6009 3.5347, 3.2776 0.6009 3.5347, 3.4154 0.2992 3.2759, 3.2776 0.2992 3.2759, 3.2776 0.2311 3.2034, 3.4154 0.2311 3.2034, 3.2776 0.1801 3.118, 3.4154 0.1801 3.118, 3.2776 0.1485 3.0237, 3.4154 0.1485 3.0237, 3.2776 0.1378 2.9248, 3.4154 0.1378 2.9248, 3.4154 0.1378 2.6429, 3.2776 0.1378 2.6429, 3.2776 0.1448 2.5626, 3.4154 0.1448 2.5626, 3.2776 0.1657 2.4847, 3.4154 0.1657 2.4847, 3.2776 0.1998 2.4116, 3.4154 0.1998 2.4116, 3.4154 0.7773 1.4112, 3.2776 0.7773 1.4112, 3.4154 0.8098 1.3329, 3.2776 0.8098 1.3329, 3.4154 0.8209 1.2488, 3.2776 0.8209 1.2488, 3.4154 0.8209 0.3701, 3.2776 0.8209 0.3701, 3.4154 0.8165 0.337, 3.2776 0.8165 0.337, 3.4154 0.8037 0.3061, 3.2776 0.8037 0.3061, 3.4154 0.7834 0.2796, 3.2776 0.7834 0.2796, 3.4154 0.7569 0.2593, 3.2776 0.7569 0.2593, 3.4154 0.726 0.2465, 3.2776 0.726 0.2465, 3.4154 0.6929 0.2421, 3.2776 0.6929 0.2421, 3.2776 0.6201 0.2325, 3.4154 0.6201 0.2325, 3.2776 0.5522 0.2044, 3.4154 0.5522 0.2044, 3.2776 0.4939 0.1597, 3.4154 0.4939 0.1597, 3.2776 0.4491 0.1014, 3.4154 0.4491 0.1014, 3.2776 0.421 0.0335, 3.4154 0.421 0.0335, 3.8091 -1.1909 -0.0394, 3.8091 -1.1909 -1.1517, 3.6713 -1.1909 -0.0394, 3.6713 -1.1909 -1.1517, 3.7106 -1.2894 -1.2598, 3.7106 -1.2303 -1.2598, 3.7697 -1.2894 -1.2598, 3.7697 -1.2303 -1.2598, 3.6713 -1.3287 -0.0394, 3.6713 -1.3287 -1.1517, 3.8091 -1.3287 -0.0394, 3.8091 -1.3287 -1.1517, 3.8091 -1.0472 0.2421, 3.6713 -1.0472 0.2421, 3.6713 -1.1201 0.2325, 3.8091 -1.1201 0.2325, 3.6713 -1.188 0.2044, 3.8091 -1.188 0.2044, 3.6713 -1.2463 0.1597, 3.8091 -1.2463 0.1597, 3.6713 -1.291 0.1014, 3.8091 -1.291 0.1014, 3.6713 -1.3192 0.0335, 3.8091 -1.3192 0.0335, 3.8091 -0.9193 0.3701, 3.6713 -0.9193 0.3701, 3.8091 -0.9237 0.337, 3.6713 -0.9237 0.337, 3.8091 -0.9364 0.3061, 3.6713 -0.9364 0.3061, 3.8091 -0.9568 0.2796, 3.6713 -0.9568 0.2796, 3.8091 -0.9833 0.2593, 3.6713 -0.9833 0.2593, 3.8091 -1.0141 0.2465, 3.6713 -1.0141 0.2465, 3.8091 -0.9193 1.2488, 3.6713 -0.9193 1.2488, 3.8091 -0.8573 1.4801, 3.6713 -0.8573 1.4801, 3.6713 -0.8914 1.4071, 3.8091 -0.8914 1.4071, 3.6713 -0.9123 1.3292, 3.8091 -0.9123 1.3292, 3.8091 -0.2797 2.4805, 3.6713 -0.2797 2.4805, 3.8091 -0.2362 2.6429, 3.6713 -0.2362 2.6429, 3.8091 -0.2473 2.5589, 3.6713 -0.2473 2.5589, 3.8091 -0.2362 2.9248, 3.6713 -0.2362 2.9248, 3.8091 -0.3496 3.1713, 3.6713 -0.3496 3.1713, 3.8091 -0.3017 3.1204, 3.6713 -0.3017 3.1204, 3.8091 -0.2659 3.0605, 3.6713 -0.2659 3.0605, 3.8091 -0.2437 2.9942, 3.6713 -0.2437 2.9942, 3.8091 -0.6512 3.4301, 3.6713 -0.6512 3.4301, 3.8091 -0.7028 3.5421, 3.6713 -0.7028 3.5421, 3.6713 -0.6993 3.5106, 3.8091 -0.6993 3.5106, 3.6713 -0.6893 3.4805, 3.8091 -0.6893 3.4805, 3.6713 -0.673 3.4532, 3.8091 -0.673 3.4532, 3.8091 -0.7028 4.1732, 3.6713 -0.7028 4.1732, 3.8091 -0.565 4.1732, 3.6713 -0.565 4.1732, 3.8091 -0.565 3.5421, 3.6713 -0.565 3.5421, 3.8091 -0.5615 3.5347, 3.6713 -0.5615 3.5347, 3.8091 -0.563 3.5362, 3.6713 -0.563 3.5362, 3.8091 -0.5641 3.538, 3.6713 -0.5641 3.538, 3.8091 -0.5647 3.54, 3.6713 -0.5647 3.54, 3.8091 -0.2599 3.2759, 3.6713 -0.2599 3.2759, 3.8091 -0.0984 2.9248, 3.6713 -0.0984 2.9248, 3.6713 -0.1091 3.0237, 3.8091 -0.1091 3.0237, 3.6713 -0.1407 3.118, 3.8091 -0.1407 3.118, 3.6713 -0.1918 3.2034, 3.8091 -0.1918 3.2034, 3.8091 -0.0984 2.6429, 3.6713 -0.0984 2.6429, 3.8091 -0.1604 2.4116, 3.6713 -0.1604 2.4116, 3.6713 -0.1263 2.4847, 3.8091 -0.1263 2.4847, 3.6713 -0.1055 2.5626, 3.8091 -0.1055 2.5626, 3.8091 -0.738 1.4112, 3.6713 -0.738 1.4112, 3.8091 -0.7815 1.2488, 3.6713 -0.7815 1.2488, 3.8091 -0.7704 1.3329, 3.6713 -0.7704 1.3329, 3.8091 -0.7815 0.3701, 3.6713 -0.7815 0.3701, 3.8091 -1.0472 0.1043, 3.6713 -1.0472 0.1043, 3.6713 -0.9785 0.1134, 3.8091 -0.9785 0.1134, 3.6713 -0.9144 0.1399, 3.8091 -0.9144 0.1399, 3.6713 -0.8593 0.1822, 3.8091 -0.8593 0.1822, 3.6713 -0.8171 0.2372, 3.8091 -0.8171 0.2372, 3.6713 -0.7906 0.3013, 3.8091 -0.7906 0.3013, 3.8091 -1.1861 -0.0022, 3.6713 -1.1861 -0.0022, 3.8091 -1.1717 0.0325, 3.6713 -1.1717 0.0325, 3.8091 -1.1489 0.0622, 3.6713 -1.1489 0.0622, 3.8091 -1.1191 0.0851, 3.6713 -1.1191 0.0851, 3.8091 -1.0844 0.0994, 3.6713 -1.0844 0.0994, 3.4154 -0.3721 -0.0394, 3.4154 -0.3721 -1.1517, 3.2776 -0.3721 -0.0394, 3.2776 -0.3721 -1.1517, 3.3169 -0.4705 -1.2598, 3.3169 -0.4114 -1.2598, 3.376 -0.4705 -1.2598, 3.376 -0.4114 -1.2598, 3.2776 -0.5098 -0.0394, 3.2776 -0.5098 -1.1517, 3.4154 -0.5098 -0.0394, 3.4154 -0.5098 -1.1517, 3.4154 -0.6535 0.1043, 3.2776 -0.6535 0.1043, 3.4154 -0.6164 0.0994, 3.2776 -0.6164 0.0994, 3.4154 -0.5817 0.0851, 3.2776 -0.5817 0.0851, 3.4154 -0.5519 0.0622, 3.2776 -0.5519 0.0622, 3.4154 -0.5291 0.0325, 3.2776 -0.5291 0.0325, 3.4154 -0.5147 -0.0022, 3.2776 -0.5147 -0.0022, 3.4154 -0.9193 0.3701, 3.2776 -0.9193 0.3701, 3.2776 -0.9102 0.3013, 3.4154 -0.9102 0.3013, 3.2776 -0.8837 0.2372, 3.4154 -0.8837 0.2372, 3.2776 -0.8415 0.1822, 3.4154 -0.8415 0.1822, 3.2776 -0.7864 0.1399, 3.4154 -0.7864 0.1399, 3.2776 -0.7223 0.1134, 3.4154 -0.7223 0.1134, 3.4154 -0.9193 1.2488, 3.2776 -0.9193 1.2488, 3.4154 -0.8573 1.4801, 3.2776 -0.8573 1.4801, 3.2776 -0.8914 1.4071, 3.4154 -0.8914 1.4071, 3.2776 -0.9123 1.3292, 3.4154 -0.9123 1.3292, 3.4154 -0.2797 2.4805, 3.2776 -0.2797 2.4805, 3.4154 -0.2362 2.6429, 3.2776 -0.2362 2.6429, 3.4154 -0.2473 2.5589, 3.2776 -0.2473 2.5589, 3.4154 -0.2362 2.9248, 3.2776 -0.2362 2.9248, 3.4154 -0.3496 3.1713, 3.2776 -0.3496 3.1713, 3.4154 -0.3017 3.1204, 3.2776 -0.3017 3.1204, 3.4154 -0.2659 3.0605, 3.2776 -0.2659 3.0605, 3.4154 -0.2437 2.9942, 3.2776 -0.2437 2.9942, 3.4154 -0.6512 3.4301, 3.2776 -0.6512 3.4301, 3.4154 -0.7028 3.5421, 3.2776 -0.7028 3.5421, 3.2776 -0.6993 3.5106, 3.4154 -0.6993 3.5106, 3.2776 -0.6893 3.4805, 3.4154 -0.6893 3.4805, 3.2776 -0.673 3.4532, 3.4154 -0.673 3.4532, 3.4154 -0.7028 4.1732, 3.2776 -0.7028 4.1732, 3.4154 -0.565 4.1732, 3.2776 -0.565 4.1732, 3.4154 -0.565 3.5421, 3.2776 -0.565 3.5421, 3.4154 -0.5615 3.5347, 3.2776 -0.5615 3.5347, 3.4154 -0.563 3.5362, 3.2776 -0.563 3.5362, 3.4154 -0.5641 3.538, 3.2776 -0.5641 3.538, 3.4154 -0.5647 3.54, 3.2776 -0.5647 3.54, 3.4154 -0.2599 3.2759, 3.2776 -0.2599 3.2759, 3.4154 -0.0984 2.9248, 3.2776 -0.0984 2.9248, 3.2776 -0.1091 3.0237, 3.4154 -0.1091 3.0237, 3.2776 -0.1407 3.118, 3.4154 -0.1407 3.118, 3.2776 -0.1918 3.2034, 3.4154 -0.1918 3.2034, 3.4154 -0.0984 2.6429, 3.2776 -0.0984 2.6429, 3.4154 -0.1604 2.4116, 3.2776 -0.1604 2.4116, 3.2776 -0.1263 2.4847, 3.4154 -0.1263 2.4847, 3.2776 -0.1055 2.5626, 3.4154 -0.1055 2.5626, 3.4154 -0.738 1.4112, 3.2776 -0.738 1.4112, 3.4154 -0.7815 1.2488, 3.2776 -0.7815 1.2488, 3.4154 -0.7704 1.3329, 3.2776 -0.7704 1.3329, 3.4154 -0.7815 0.3701, 3.2776 -0.7815 0.3701, 3.4154 -0.6535 0.2421, 3.2776 -0.6535 0.2421, 3.4154 -0.6867 0.2465, 3.2776 -0.6867 0.2465, 3.4154 -0.7175 0.2593, 3.2776 -0.7175 0.2593, 3.4154 -0.744 0.2796, 3.2776 -0.744 0.2796, 3.4154 -0.7644 0.3061, 3.2776 -0.7644 0.3061, 3.4154 -0.7771 0.337, 3.2776 -0.7771 0.337, 3.2776 -0.3816 0.0335, 3.4154 -0.3816 0.0335, 3.2776 -0.4098 0.1014, 3.4154 -0.4098 0.1014, 3.2776 -0.4545 0.1597, 3.4154 -0.4545 0.1597, 3.2776 -0.5128 0.2044, 3.4154 -0.5128 0.2044, 3.2776 -0.5807 0.2325, 3.4154 -0.5807 0.2325, 2.628 -0.3721 -0.0394, 2.628 -0.3721 -1.1517, 2.4902 -0.3721 -0.0394, 2.4902 -0.3721 -1.1517, 2.5295 -0.4705 -1.2598, 2.5295 -0.4114 -1.2598, 2.5886 -0.4705 -1.2598, 2.5886 -0.4114 -1.2598, 2.4902 -0.5098 -0.0394, 2.4902 -0.5098 -1.1517, 2.628 -0.5098 -0.0394, 2.628 -0.5098 -1.1517, 2.628 -0.6535 0.1043, 2.4902 -0.6535 0.1043, 2.628 -0.6164 0.0994, 2.4902 -0.6164 0.0994, 2.628 -0.5817 0.0851, 2.4902 -0.5817 0.0851, 2.628 -0.5519 0.0622, 2.4902 -0.5519 0.0622, 2.628 -0.5291 0.0325, 2.4902 -0.5291 0.0325, 2.628 -0.5147 -0.0022, 2.4902 -0.5147 -0.0022, 2.628 -0.9193 0.3701, 2.4902 -0.9193 0.3701, 2.4902 -0.9102 0.3013, 2.628 -0.9102 0.3013, 2.4902 -0.8837 0.2372, 2.628 -0.8837 0.2372, 2.4902 -0.8415 0.1822, 2.628 -0.8415 0.1822, 2.4902 -0.7864 0.1399, 2.628 -0.7864 0.1399, 2.4902 -0.7223 0.1134, 2.628 -0.7223 0.1134, 2.628 -0.9193 1.2488, 2.4902 -0.9193 1.2488, 2.628 -0.8573 1.4801, 2.4902 -0.8573 1.4801, 2.4902 -0.8914 1.4071, 2.628 -0.8914 1.4071, 2.4902 -0.9123 1.3292, 2.628 -0.9123 1.3292, 2.628 -0.2797 2.4805, 2.4902 -0.2797 2.4805, 2.628 -0.2362 2.6429, 2.4902 -0.2362 2.6429, 2.628 -0.2473 2.5589, 2.4902 -0.2473 2.5589, 2.628 -0.2362 2.9248, 2.4902 -0.2362 2.9248, 2.628 -0.3496 3.1713, 2.4902 -0.3496 3.1713, 2.628 -0.3017 3.1204, 2.4902 -0.3017 3.1204, 2.628 -0.2659 3.0605, 2.4902 -0.2659 3.0605, 2.628 -0.2437 2.9942, 2.4902 -0.2437 2.9942, 2.628 -0.6512 3.4301, 2.4902 -0.6512 3.4301, 2.628 -0.7028 3.5421, 2.4902 -0.7028 3.5421, 2.4902 -0.6993 3.5106, 2.628 -0.6993 3.5106, 2.4902 -0.6893 3.4805, 2.628 -0.6893 3.4805, 2.4902 -0.673 3.4532, 2.628 -0.673 3.4532, 2.628 -0.7028 4.1732, 2.4902 -0.7028 4.1732, 2.628 -0.565 4.1732, 2.4902 -0.565 4.1732, 2.628 -0.565 3.5421, 2.4902 -0.565 3.5421, 2.628 -0.5615 3.5347, 2.4902 -0.5615 3.5347, 2.628 -0.563 3.5362, 2.4902 -0.563 3.5362, 2.628 -0.5641 3.538, 2.4902 -0.5641 3.538, 2.628 -0.5647 3.54, 2.4902 -0.5647 3.54, 2.628 -0.2599 3.2759, 2.4902 -0.2599 3.2759, 2.628 -0.0984 2.9248, 2.4902 -0.0984 2.9248, 2.4902 -0.1091 3.0237, 2.628 -0.1091 3.0237, 2.4902 -0.1407 3.118, 2.628 -0.1407 3.118, 2.4902 -0.1918 3.2034, 2.628 -0.1918 3.2034, 2.628 -0.0984 2.6429, 2.4902 -0.0984 2.6429, 2.628 -0.1604 2.4116, 2.4902 -0.1604 2.4116, 2.4902 -0.1263 2.4847, 2.628 -0.1263 2.4847, 2.4902 -0.1055 2.5626, 2.628 -0.1055 2.5626, 2.628 -0.738 1.4112, 2.4902 -0.738 1.4112, 2.628 -0.7815 1.2488, 2.4902 -0.7815 1.2488, 2.628 -0.7704 1.3329, 2.4902 -0.7704 1.3329, 2.628 -0.7815 0.3701, 2.4902 -0.7815 0.3701, 2.628 -0.6535 0.2421, 2.4902 -0.6535 0.2421, 2.628 -0.6867 0.2465, 2.4902 -0.6867 0.2465, 2.628 -0.7175 0.2593, 2.4902 -0.7175 0.2593, 2.628 -0.744 0.2796, 2.4902 -0.744 0.2796, 2.628 -0.7644 0.3061, 2.4902 -0.7644 0.3061, 2.628 -0.7771 0.337, 2.4902 -0.7771 0.337, 2.4902 -0.3816 0.0335, 2.628 -0.3816 0.0335, 2.4902 -0.4098 0.1014, 2.628 -0.4098 0.1014, 2.4902 -0.4545 0.1597, 2.628 -0.4545 0.1597, 2.4902 -0.5128 0.2044, 2.628 -0.5128 0.2044, 2.4902 -0.5807 0.2325, 2.628 -0.5807 0.2325, 1.8406 -0.3721 -0.0394, 1.8406 -0.3721 -1.1517, 1.7028 -0.3721 -0.0394, 1.7028 -0.3721 -1.1517, 1.7421 -0.4705 -1.2598, 1.7421 -0.4114 -1.2598, 1.8012 -0.4705 -1.2598, 1.8012 -0.4114 -1.2598, 1.7028 -0.5098 -0.0394, 1.7028 -0.5098 -1.1517, 1.8406 -0.5098 -0.0394, 1.8406 -0.5098 -1.1517, 1.8406 -0.6535 0.1043, 1.7028 -0.6535 0.1043, 1.8406 -0.6164 0.0994, 1.7028 -0.6164 0.0994, 1.8406 -0.5817 0.0851, 1.7028 -0.5817 0.0851, 1.8406 -0.5519 0.0622, 1.7028 -0.5519 0.0622, 1.8406 -0.5291 0.0325, 1.7028 -0.5291 0.0325, 1.8406 -0.5147 -0.0022, 1.7028 -0.5147 -0.0022, 1.8406 -0.9193 0.3701, 1.7028 -0.9193 0.3701, 1.7028 -0.9102 0.3013, 1.8406 -0.9102 0.3013, 1.7028 -0.8837 0.2372, 1.8406 -0.8837 0.2372, 1.7028 -0.8415 0.1822, 1.8406 -0.8415 0.1822, 1.7028 -0.7864 0.1399, 1.8406 -0.7864 0.1399, 1.7028 -0.7223 0.1134, 1.8406 -0.7223 0.1134, 1.8406 -0.9193 1.2488, 1.7028 -0.9193 1.2488, 1.8406 -0.8573 1.4801, 1.7028 -0.8573 1.4801, 1.7028 -0.8914 1.4071, 1.8406 -0.8914 1.4071, 1.7028 -0.9123 1.3292, 1.8406 -0.9123 1.3292, 1.8406 -0.2797 2.4805, 1.7028 -0.2797 2.4805, 1.8406 -0.2362 2.6429, 1.7028 -0.2362 2.6429, 1.8406 -0.2473 2.5589, 1.7028 -0.2473 2.5589, 1.8406 -0.2362 2.9248, 1.7028 -0.2362 2.9248, 1.8406 -0.3496 3.1713, 1.7028 -0.3496 3.1713, 1.8406 -0.3017 3.1204, 1.7028 -0.3017 3.1204, 1.8406 -0.2659 3.0605, 1.7028 -0.2659 3.0605, 1.8406 -0.2437 2.9942, 1.7028 -0.2437 2.9942, 1.8406 -0.6512 3.4301, 1.7028 -0.6512 3.4301, 1.8406 -0.7028 3.5421, 1.7028 -0.7028 3.5421, 1.7028 -0.6993 3.5106, 1.8406 -0.6993 3.5106, 1.7028 -0.6893 3.4805, 1.8406 -0.6893 3.4805, 1.7028 -0.673 3.4532, 1.8406 -0.673 3.4532, 1.8406 -0.7028 4.1732, 1.7028 -0.7028 4.1732, 1.8406 -0.565 4.1732, 1.7028 -0.565 4.1732, 1.8406 -0.565 3.5421, 1.7028 -0.565 3.5421, 1.8406 -0.5615 3.5347, 1.7028 -0.5615 3.5347, 1.8406 -0.563 3.5362, 1.7028 -0.563 3.5362, 1.8406 -0.5641 3.538, 1.7028 -0.5641 3.538, 1.8406 -0.5647 3.54, 1.7028 -0.5647 3.54, 1.8406 -0.2599 3.2759, 1.7028 -0.2599 3.2759, 1.8406 -0.0984 2.9248, 1.7028 -0.0984 2.9248, 1.7028 -0.1091 3.0237, 1.8406 -0.1091 3.0237, 1.7028 -0.1407 3.118, 1.8406 -0.1407 3.118, 1.7028 -0.1918 3.2034, 1.8406 -0.1918 3.2034, 1.8406 -0.0984 2.6429, 1.7028 -0.0984 2.6429, 1.8406 -0.1604 2.4116, 1.7028 -0.1604 2.4116, 1.7028 -0.1263 2.4847, 1.8406 -0.1263 2.4847, 1.7028 -0.1055 2.5626, 1.8406 -0.1055 2.5626, 1.8406 -0.738 1.4112, 1.7028 -0.738 1.4112, 1.8406 -0.7815 1.2488, 1.7028 -0.7815 1.2488, 1.8406 -0.7704 1.3329, 1.7028 -0.7704 1.3329, 1.8406 -0.7815 0.3701, 1.7028 -0.7815 0.3701, 1.8406 -0.6535 0.2421, 1.7028 -0.6535 0.2421, 1.8406 -0.6867 0.2465, 1.7028 -0.6867 0.2465, 1.8406 -0.7175 0.2593, 1.7028 -0.7175 0.2593, 1.8406 -0.744 0.2796, 1.7028 -0.744 0.2796, 1.8406 -0.7644 0.3061, 1.7028 -0.7644 0.3061, 1.8406 -0.7771 0.337, 1.7028 -0.7771 0.337, 1.7028 -0.3816 0.0335, 1.8406 -0.3816 0.0335, 1.7028 -0.4098 0.1014, 1.8406 -0.4098 0.1014, 1.7028 -0.4545 0.1597, 1.8406 -0.4545 0.1597, 1.7028 -0.5128 0.2044, 1.8406 -0.5128 0.2044, 1.7028 -0.5807 0.2325, 1.8406 -0.5807 0.2325, 0.2657 -0.3721 -0.0394, 0.2657 -0.3721 -1.1517, 0.128 -0.3721 -0.0394, 0.128 -0.3721 -1.1517, 0.1673 -0.4705 -1.2598, 0.1673 -0.4114 -1.2598, 0.2264 -0.4705 -1.2598, 0.2264 -0.4114 -1.2598, 0.128 -0.5098 -0.0394, 0.128 -0.5098 -1.1517, 0.2657 -0.5098 -0.0394, 0.2657 -0.5098 -1.1517, 0.2657 -0.6535 0.1043, 0.128 -0.6535 0.1043, 0.2657 -0.6164 0.0994, 0.128 -0.6164 0.0994, 0.2657 -0.5817 0.0851, 0.128 -0.5817 0.0851, 0.2657 -0.5519 0.0622, 0.128 -0.5519 0.0622, 0.2657 -0.5291 0.0325, 0.128 -0.5291 0.0325, 0.2657 -0.5147 -0.0022, 0.128 -0.5147 -0.0022, 0.2657 -0.9193 0.3701, 0.128 -0.9193 0.3701, 0.128 -0.9102 0.3013, 0.2657 -0.9102 0.3013, 0.128 -0.8837 0.2372, 0.2657 -0.8837 0.2372, 0.128 -0.8415 0.1822, 0.2657 -0.8415 0.1822, 0.128 -0.7864 0.1399, 0.2657 -0.7864 0.1399, 0.128 -0.7223 0.1134, 0.2657 -0.7223 0.1134, 0.2657 -0.9193 1.2488, 0.128 -0.9193 1.2488, 0.2657 -0.8573 1.4801, 0.128 -0.8573 1.4801, 0.128 -0.8914 1.4071, 0.2657 -0.8914 1.4071, 0.128 -0.9123 1.3292, 0.2657 -0.9123 1.3292, 0.2657 -0.2797 2.4805, 0.128 -0.2797 2.4805, 0.2657 -0.2362 2.6429, 0.128 -0.2362 2.6429, 0.2657 -0.2473 2.5589, 0.128 -0.2473 2.5589, 0.2657 -0.2362 2.9248, 0.128 -0.2362 2.9248, 0.2657 -0.3496 3.1713, 0.128 -0.3496 3.1713, 0.2657 -0.3017 3.1204, 0.128 -0.3017 3.1204, 0.2657 -0.2659 3.0605, 0.128 -0.2659 3.0605, 0.2657 -0.2437 2.9942, 0.128 -0.2437 2.9942, 0.2657 -0.6512 3.4301, 0.128 -0.6512 3.4301, 0.2657 -0.7028 3.5421, 0.128 -0.7028 3.5421, 0.128 -0.6993 3.5106, 0.2657 -0.6993 3.5106, 0.128 -0.6893 3.4805, 0.2657 -0.6893 3.4805, 0.128 -0.673 3.4532, 0.2657 -0.673 3.4532, 0.2657 -0.7028 4.1732, 0.128 -0.7028 4.1732, 0.2657 -0.565 4.1732, 0.128 -0.565 4.1732, 0.2657 -0.565 3.5421, 0.128 -0.565 3.5421, 0.2657 -0.5615 3.5347, 0.128 -0.5615 3.5347, 0.2657 -0.563 3.5362, 0.128 -0.563 3.5362, 0.2657 -0.5641 3.538, 0.128 -0.5641 3.538, 0.2657 -0.5647 3.54, 0.128 -0.5647 3.54, 0.2657 -0.2599 3.2759, 0.128 -0.2599 3.2759, 0.2657 -0.0984 2.9248, 0.128 -0.0984 2.9248, 0.128 -0.1091 3.0237, 0.2657 -0.1091 3.0237, 0.128 -0.1407 3.118, 0.2657 -0.1407 3.118, 0.128 -0.1918 3.2034, 0.2657 -0.1918 3.2034, 0.2657 -0.0984 2.6429, 0.128 -0.0984 2.6429, 0.2657 -0.1604 2.4116, 0.128 -0.1604 2.4116, 0.128 -0.1263 2.4847, 0.2657 -0.1263 2.4847, 0.128 -0.1055 2.5626, 0.2657 -0.1055 2.5626, 0.2657 -0.738 1.4112, 0.128 -0.738 1.4112, 0.2657 -0.7815 1.2488, 0.128 -0.7815 1.2488, 0.2657 -0.7704 1.3329, 0.128 -0.7704 1.3329, 0.2657 -0.7815 0.3701, 0.128 -0.7815 0.3701, 0.2657 -0.6535 0.2421, 0.128 -0.6535 0.2421, 0.2657 -0.6867 0.2465, 0.128 -0.6867 0.2465, 0.2657 -0.7175 0.2593, 0.128 -0.7175 0.2593, 0.2657 -0.744 0.2796, 0.128 -0.744 0.2796, 0.2657 -0.7644 0.3061, 0.128 -0.7644 0.3061, 0.2657 -0.7771 0.337, 0.128 -0.7771 0.337, 0.128 -0.3816 0.0335, 0.2657 -0.3816 0.0335, 0.128 -0.4098 0.1014, 0.2657 -0.4098 0.1014, 0.128 -0.4545 0.1597, 0.2657 -0.4545 0.1597, 0.128 -0.5128 0.2044, 0.2657 -0.5128 0.2044, 0.128 -0.5807 0.2325, 0.2657 -0.5807 0.2325, -0.5217 -0.3721 -0.0394, -0.5217 -0.3721 -1.1517, -0.6594 -0.3721 -0.0394, -0.6594 -0.3721 -1.1517, -0.6201 -0.4705 -1.2598, -0.6201 -0.4114 -1.2598, -0.561 -0.4705 -1.2598, -0.561 -0.4114 -1.2598, -0.6594 -0.5098 -0.0394, -0.6594 -0.5098 -1.1517, -0.5217 -0.5098 -0.0394, -0.5217 -0.5098 -1.1517, -0.5217 -0.6535 0.1043, -0.6594 -0.6535 0.1043, -0.5217 -0.6164 0.0994, -0.6594 -0.6164 0.0994, -0.5217 -0.5817 0.0851, -0.6594 -0.5817 0.0851, -0.5217 -0.5519 0.0622, -0.6594 -0.5519 0.0622, -0.5217 -0.5291 0.0325, -0.6594 -0.5291 0.0325, -0.5217 -0.5147 -0.0022, -0.6594 -0.5147 -0.0022, -0.5217 -0.9193 0.3701, -0.6594 -0.9193 0.3701, -0.6594 -0.9102 0.3013, -0.5217 -0.9102 0.3013, -0.6594 -0.8837 0.2372, -0.5217 -0.8837 0.2372, -0.6594 -0.8415 0.1822, -0.5217 -0.8415 0.1822, -0.6594 -0.7864 0.1399, -0.5217 -0.7864 0.1399, -0.6594 -0.7223 0.1134, -0.5217 -0.7223 0.1134, -0.5217 -0.9193 1.2488, -0.6594 -0.9193 1.2488, -0.5217 -0.8573 1.4801, -0.6594 -0.8573 1.4801, -0.6594 -0.8914 1.4071, -0.5217 -0.8914 1.4071, -0.6594 -0.9123 1.3292, -0.5217 -0.9123 1.3292, -0.5217 -0.2797 2.4805, -0.6594 -0.2797 2.4805, -0.5217 -0.2362 2.6429, -0.6594 -0.2362 2.6429, -0.5217 -0.2473 2.5589, -0.6594 -0.2473 2.5589, -0.5217 -0.2362 2.9248, -0.6594 -0.2362 2.9248, -0.5217 -0.3496 3.1713, -0.6594 -0.3496 3.1713, -0.5217 -0.3017 3.1204, -0.6594 -0.3017 3.1204, -0.5217 -0.2659 3.0605, -0.6594 -0.2659 3.0605, -0.5217 -0.2437 2.9942, -0.6594 -0.2437 2.9942, -0.5217 -0.6512 3.4301, -0.6594 -0.6512 3.4301, -0.5217 -0.7028 3.5421, -0.6594 -0.7028 3.5421, -0.6594 -0.6993 3.5106, -0.5217 -0.6993 3.5106, -0.6594 -0.6893 3.4805, -0.5217 -0.6893 3.4805, -0.6594 -0.673 3.4532, -0.5217 -0.673 3.4532, -0.5217 -0.7028 4.1732, -0.6594 -0.7028 4.1732, -0.5217 -0.565 4.1732, -0.6594 -0.565 4.1732, -0.5217 -0.565 3.5421, -0.6594 -0.565 3.5421, -0.5217 -0.5615 3.5347, -0.6594 -0.5615 3.5347, -0.5217 -0.563 3.5362, -0.6594 -0.563 3.5362, -0.5217 -0.5641 3.538, -0.6594 -0.5641 3.538, -0.5217 -0.5647 3.54, -0.6594 -0.5647 3.54, -0.5217 -0.2599 3.2759, -0.6594 -0.2599 3.2759, -0.5217 -0.0984 2.9248, -0.6594 -0.0984 2.9248, -0.6594 -0.1091 3.0237, -0.5217 -0.1091 3.0237, -0.6594 -0.1407 3.118, -0.5217 -0.1407 3.118, -0.6594 -0.1918 3.2034, -0.5217 -0.1918 3.2034, -0.5217 -0.0984 2.6429, -0.6594 -0.0984 2.6429, -0.5217 -0.1604 2.4116, -0.6594 -0.1604 2.4116, -0.6594 -0.1263 2.4847, -0.5217 -0.1263 2.4847, -0.6594 -0.1055 2.5626, -0.5217 -0.1055 2.5626, -0.5217 -0.738 1.4112, -0.6594 -0.738 1.4112, -0.5217 -0.7815 1.2488, -0.6594 -0.7815 1.2488, -0.5217 -0.7704 1.3329, -0.6594 -0.7704 1.3329, -0.5217 -0.7815 0.3701, -0.6594 -0.7815 0.3701, -0.5217 -0.6535 0.2421, -0.6594 -0.6535 0.2421, -0.5217 -0.6867 0.2465, -0.6594 -0.6867 0.2465, -0.5217 -0.7175 0.2593, -0.6594 -0.7175 0.2593, -0.5217 -0.744 0.2796, -0.6594 -0.744 0.2796, -0.5217 -0.7644 0.3061, -0.6594 -0.7644 0.3061, -0.5217 -0.7771 0.337, -0.6594 -0.7771 0.337, -0.6594 -0.3816 0.0335, -0.5217 -0.3816 0.0335, -0.6594 -0.4098 0.1014, -0.5217 -0.4098 0.1014, -0.6594 -0.4545 0.1597, -0.5217 -0.4545 0.1597, -0.6594 -0.5128 0.2044, -0.5217 -0.5128 0.2044, -0.6594 -0.5807 0.2325, -0.5217 -0.5807 0.2325, -1.3091 -0.3721 -0.0394, -1.3091 -0.3721 -1.1517, -1.4469 -0.3721 -0.0394, -1.4469 -0.3721 -1.1517, -1.4075 -0.4705 -1.2598, -1.4075 -0.4114 -1.2598, -1.3484 -0.4705 -1.2598, -1.3484 -0.4114 -1.2598, -1.4469 -0.5098 -0.0394, -1.4469 -0.5098 -1.1517, -1.3091 -0.5098 -0.0394, -1.3091 -0.5098 -1.1517, -1.3091 -0.6535 0.1043, -1.4469 -0.6535 0.1043, -1.3091 -0.6164 0.0994, -1.4469 -0.6164 0.0994, -1.3091 -0.5817 0.0851, -1.4469 -0.5817 0.0851, -1.3091 -0.5519 0.0622, -1.4469 -0.5519 0.0622, -1.3091 -0.5291 0.0325, -1.4469 -0.5291 0.0325, -1.3091 -0.5147 -0.0022, -1.4469 -0.5147 -0.0022, -1.3091 -0.9193 0.3701, -1.4469 -0.9193 0.3701, -1.4469 -0.9102 0.3013, -1.3091 -0.9102 0.3013, -1.4469 -0.8837 0.2372, -1.3091 -0.8837 0.2372, -1.4469 -0.8415 0.1822, -1.3091 -0.8415 0.1822, -1.4469 -0.7864 0.1399, -1.3091 -0.7864 0.1399, -1.4469 -0.7223 0.1134, -1.3091 -0.7223 0.1134, -1.3091 -0.9193 1.2488, -1.4469 -0.9193 1.2488, -1.3091 -0.8573 1.4801, -1.4469 -0.8573 1.4801, -1.4469 -0.8914 1.4071, -1.3091 -0.8914 1.4071, -1.4469 -0.9123 1.3292, -1.3091 -0.9123 1.3292, -1.3091 -0.2797 2.4805, -1.4469 -0.2797 2.4805, -1.3091 -0.2362 2.6429, -1.4469 -0.2362 2.6429, -1.3091 -0.2473 2.5589, -1.4469 -0.2473 2.5589, -1.3091 -0.2362 2.9248, -1.4469 -0.2362 2.9248, -1.3091 -0.3496 3.1713, -1.4469 -0.3496 3.1713, -1.3091 -0.3017 3.1204, -1.4469 -0.3017 3.1204, -1.3091 -0.2659 3.0605, -1.4469 -0.2659 3.0605, -1.3091 -0.2437 2.9942, -1.4469 -0.2437 2.9942, -1.3091 -0.6512 3.4301, -1.4469 -0.6512 3.4301, -1.3091 -0.7028 3.5421, -1.4469 -0.7028 3.5421, -1.4469 -0.6993 3.5106, -1.3091 -0.6993 3.5106, -1.4469 -0.6893 3.4805, -1.3091 -0.6893 3.4805, -1.4469 -0.673 3.4532, -1.3091 -0.673 3.4532, -1.3091 -0.7028 4.1732, -1.4469 -0.7028 4.1732, -1.3091 -0.565 4.1732, -1.4469 -0.565 4.1732, -1.3091 -0.565 3.5421, -1.4469 -0.565 3.5421, -1.3091 -0.5615 3.5347, -1.4469 -0.5615 3.5347, -1.3091 -0.563 3.5362, -1.4469 -0.563 3.5362, -1.3091 -0.5641 3.538, -1.4469 -0.5641 3.538, -1.3091 -0.5647 3.54, -1.4469 -0.5647 3.54, -1.3091 -0.2599 3.2759, -1.4469 -0.2599 3.2759, -1.3091 -0.0984 2.9248, -1.4469 -0.0984 2.9248, -1.4469 -0.1091 3.0237, -1.3091 -0.1091 3.0237, -1.4469 -0.1407 3.118, -1.3091 -0.1407 3.118, -1.4469 -0.1918 3.2034, -1.3091 -0.1918 3.2034, -1.3091 -0.0984 2.6429, -1.4469 -0.0984 2.6429, -1.3091 -0.1604 2.4116, -1.4469 -0.1604 2.4116, -1.4469 -0.1263 2.4847, -1.3091 -0.1263 2.4847, -1.4469 -0.1055 2.5626, -1.3091 -0.1055 2.5626, -1.3091 -0.738 1.4112, -1.4469 -0.738 1.4112, -1.3091 -0.7815 1.2488, -1.4469 -0.7815 1.2488, -1.3091 -0.7704 1.3329, -1.4469 -0.7704 1.3329, -1.3091 -0.7815 0.3701, -1.4469 -0.7815 0.3701, -1.3091 -0.6535 0.2421, -1.4469 -0.6535 0.2421, -1.3091 -0.6867 0.2465, -1.4469 -0.6867 0.2465, -1.3091 -0.7175 0.2593, -1.4469 -0.7175 0.2593, -1.3091 -0.744 0.2796, -1.4469 -0.744 0.2796, -1.3091 -0.7644 0.3061, -1.4469 -0.7644 0.3061, -1.3091 -0.7771 0.337, -1.4469 -0.7771 0.337, -1.4469 -0.3816 0.0335, -1.3091 -0.3816 0.0335, -1.4469 -0.4098 0.1014, -1.3091 -0.4098 0.1014, -1.4469 -0.4545 0.1597, -1.3091 -0.4545 0.1597, -1.4469 -0.5128 0.2044, -1.3091 -0.5128 0.2044, -1.4469 -0.5807 0.2325, -1.3091 -0.5807 0.2325, -2.0965 -0.3721 -0.0394, -2.0965 -0.3721 -1.1517, -2.2343 -0.3721 -0.0394, -2.2343 -0.3721 -1.1517, -2.1949 -0.4705 -1.2598, -2.1949 -0.4114 -1.2598, -2.1358 -0.4705 -1.2598, -2.1358 -0.4114 -1.2598, -2.2343 -0.5098 -0.0394, -2.2343 -0.5098 -1.1517, -2.0965 -0.5098 -0.0394, -2.0965 -0.5098 -1.1517, -2.0965 -0.6535 0.1043, -2.2343 -0.6535 0.1043, -2.0965 -0.6164 0.0994, -2.2343 -0.6164 0.0994, -2.0965 -0.5817 0.0851, -2.2343 -0.5817 0.0851, -2.0965 -0.5519 0.0622, -2.2343 -0.5519 0.0622, -2.0965 -0.5291 0.0325, -2.2343 -0.5291 0.0325, -2.0965 -0.5147 -0.0022, -2.2343 -0.5147 -0.0022, -2.0965 -0.9193 0.3701, -2.2343 -0.9193 0.3701, -2.2343 -0.9102 0.3013, -2.0965 -0.9102 0.3013, -2.2343 -0.8837 0.2372, -2.0965 -0.8837 0.2372, -2.2343 -0.8415 0.1822, -2.0965 -0.8415 0.1822, -2.2343 -0.7864 0.1399, -2.0965 -0.7864 0.1399, -2.2343 -0.7223 0.1134, -2.0965 -0.7223 0.1134, -2.0965 -0.9193 1.2488, -2.2343 -0.9193 1.2488, -2.0965 -0.8573 1.4801, -2.2343 -0.8573 1.4801, -2.2343 -0.8914 1.4071, -2.0965 -0.8914 1.4071, -2.2343 -0.9123 1.3292, -2.0965 -0.9123 1.3292, -2.0965 -0.2797 2.4805, -2.2343 -0.2797 2.4805, -2.0965 -0.2362 2.6429, -2.2343 -0.2362 2.6429, -2.0965 -0.2473 2.5589, -2.2343 -0.2473 2.5589, -2.0965 -0.2362 2.9248, -2.2343 -0.2362 2.9248, -2.0965 -0.3496 3.1713, -2.2343 -0.3496 3.1713, -2.0965 -0.3017 3.1204, -2.2343 -0.3017 3.1204, -2.0965 -0.2659 3.0605, -2.2343 -0.2659 3.0605, -2.0965 -0.2437 2.9942, -2.2343 -0.2437 2.9942, -2.0965 -0.6512 3.4301, -2.2343 -0.6512 3.4301, -2.0965 -0.7028 3.5421, -2.2343 -0.7028 3.5421, -2.2343 -0.6993 3.5106, -2.0965 -0.6993 3.5106, -2.2343 -0.6893 3.4805, -2.0965 -0.6893 3.4805, -2.2343 -0.673 3.4532, -2.0965 -0.673 3.4532, -2.0965 -0.7028 4.1732, -2.2343 -0.7028 4.1732, -2.0965 -0.565 4.1732, -2.2343 -0.565 4.1732, -2.0965 -0.565 3.5421, -2.2343 -0.565 3.5421, -2.0965 -0.5615 3.5347, -2.2343 -0.5615 3.5347, -2.0965 -0.563 3.5362, -2.2343 -0.563 3.5362, -2.0965 -0.5641 3.538, -2.2343 -0.5641 3.538, -2.0965 -0.5647 3.54, -2.2343 -0.5647 3.54, -2.0965 -0.2599 3.2759, -2.2343 -0.2599 3.2759, -2.0965 -0.0984 2.9248, -2.2343 -0.0984 2.9248, -2.2343 -0.1091 3.0237, -2.0965 -0.1091 3.0237, -2.2343 -0.1407 3.118, -2.0965 -0.1407 3.118, -2.2343 -0.1918 3.2034, -2.0965 -0.1918 3.2034, -2.0965 -0.0984 2.6429, -2.2343 -0.0984 2.6429, -2.0965 -0.1604 2.4116, -2.2343 -0.1604 2.4116, -2.2343 -0.1263 2.4847, -2.0965 -0.1263 2.4847, -2.2343 -0.1055 2.5626, -2.0965 -0.1055 2.5626, -2.0965 -0.738 1.4112, -2.2343 -0.738 1.4112, -2.0965 -0.7815 1.2488, -2.2343 -0.7815 1.2488, -2.0965 -0.7704 1.3329, -2.2343 -0.7704 1.3329, -2.0965 -0.7815 0.3701, -2.2343 -0.7815 0.3701, -2.0965 -0.6535 0.2421, -2.2343 -0.6535 0.2421, -2.0965 -0.6867 0.2465, -2.2343 -0.6867 0.2465, -2.0965 -0.7175 0.2593, -2.2343 -0.7175 0.2593, -2.0965 -0.744 0.2796, -2.2343 -0.744 0.2796, -2.0965 -0.7644 0.3061, -2.2343 -0.7644 0.3061, -2.0965 -0.7771 0.337, -2.2343 -0.7771 0.337, -2.2343 -0.3816 0.0335, -2.0965 -0.3816 0.0335, -2.2343 -0.4098 0.1014, -2.0965 -0.4098 0.1014, -2.2343 -0.4545 0.1597, -2.0965 -0.4545 0.1597, -2.2343 -0.5128 0.2044, -2.0965 -0.5128 0.2044, -2.2343 -0.5807 0.2325, -2.0965 -0.5807 0.2325, -2.8839 -0.3721 -0.0394, -2.8839 -0.3721 -1.1517, -3.0217 -0.3721 -0.0394, -3.0217 -0.3721 -1.1517, -2.9823 -0.4705 -1.2598, -2.9823 -0.4114 -1.2598, -2.9232 -0.4705 -1.2598, -2.9232 -0.4114 -1.2598, -3.0217 -0.5098 -0.0394, -3.0217 -0.5098 -1.1517, -2.8839 -0.5098 -0.0394, -2.8839 -0.5098 -1.1517, -2.8839 -0.6535 0.1043, -3.0217 -0.6535 0.1043, -2.8839 -0.6164 0.0994, -3.0217 -0.6164 0.0994, -2.8839 -0.5817 0.0851, -3.0217 -0.5817 0.0851, -2.8839 -0.5519 0.0622, -3.0217 -0.5519 0.0622, -2.8839 -0.5291 0.0325, -3.0217 -0.5291 0.0325, -2.8839 -0.5147 -0.0022, -3.0217 -0.5147 -0.0022, -2.8839 -0.9193 0.3701, -3.0217 -0.9193 0.3701, -3.0217 -0.9102 0.3013, -2.8839 -0.9102 0.3013, -3.0217 -0.8837 0.2372, -2.8839 -0.8837 0.2372, -3.0217 -0.8415 0.1822, -2.8839 -0.8415 0.1822, -3.0217 -0.7864 0.1399, -2.8839 -0.7864 0.1399, -3.0217 -0.7223 0.1134, -2.8839 -0.7223 0.1134, -2.8839 -0.9193 1.2488, -3.0217 -0.9193 1.2488, -2.8839 -0.8573 1.4801, -3.0217 -0.8573 1.4801, -3.0217 -0.8914 1.4071, -2.8839 -0.8914 1.4071, -3.0217 -0.9123 1.3292, -2.8839 -0.9123 1.3292, -2.8839 -0.2797 2.4805, -3.0217 -0.2797 2.4805, -2.8839 -0.2362 2.6429, -3.0217 -0.2362 2.6429, -2.8839 -0.2473 2.5589, -3.0217 -0.2473 2.5589, -2.8839 -0.2362 2.9248, -3.0217 -0.2362 2.9248, -2.8839 -0.3496 3.1713, -3.0217 -0.3496 3.1713, -2.8839 -0.3017 3.1204, -3.0217 -0.3017 3.1204, -2.8839 -0.2659 3.0605, -3.0217 -0.2659 3.0605, -2.8839 -0.2437 2.9942, -3.0217 -0.2437 2.9942, -2.8839 -0.6512 3.4301, -3.0217 -0.6512 3.4301, -2.8839 -0.7028 3.5421, -3.0217 -0.7028 3.5421, -3.0217 -0.6993 3.5106, -2.8839 -0.6993 3.5106, -3.0217 -0.6893 3.4805, -2.8839 -0.6893 3.4805, -3.0217 -0.673 3.4532, -2.8839 -0.673 3.4532, -2.8839 -0.7028 4.1732, -3.0217 -0.7028 4.1732, -2.8839 -0.565 4.1732, -3.0217 -0.565 4.1732, -2.8839 -0.565 3.5421, -3.0217 -0.565 3.5421, -2.8839 -0.5615 3.5347, -3.0217 -0.5615 3.5347, -2.8839 -0.563 3.5362, -3.0217 -0.563 3.5362, -2.8839 -0.5641 3.538, -3.0217 -0.5641 3.538, -2.8839 -0.5647 3.54, -3.0217 -0.5647 3.54, -2.8839 -0.2599 3.2759, -3.0217 -0.2599 3.2759, -2.8839 -0.0984 2.9248, -3.0217 -0.0984 2.9248, -3.0217 -0.1091 3.0237, -2.8839 -0.1091 3.0237, -3.0217 -0.1407 3.118, -2.8839 -0.1407 3.118, -3.0217 -0.1918 3.2034, -2.8839 -0.1918 3.2034, -2.8839 -0.0984 2.6429, -3.0217 -0.0984 2.6429, -2.8839 -0.1604 2.4116, -3.0217 -0.1604 2.4116, -3.0217 -0.1263 2.4847, -2.8839 -0.1263 2.4847, -3.0217 -0.1055 2.5626, -2.8839 -0.1055 2.5626, -2.8839 -0.738 1.4112, -3.0217 -0.738 1.4112, -2.8839 -0.7815 1.2488, -3.0217 -0.7815 1.2488, -2.8839 -0.7704 1.3329, -3.0217 -0.7704 1.3329, -2.8839 -0.7815 0.3701, -3.0217 -0.7815 0.3701, -2.8839 -0.6535 0.2421, -3.0217 -0.6535 0.2421, -2.8839 -0.6867 0.2465, -3.0217 -0.6867 0.2465, -2.8839 -0.7175 0.2593, -3.0217 -0.7175 0.2593, -2.8839 -0.744 0.2796, -3.0217 -0.744 0.2796, -2.8839 -0.7644 0.3061, -3.0217 -0.7644 0.3061, -2.8839 -0.7771 0.337, -3.0217 -0.7771 0.337, -3.0217 -0.3816 0.0335, -2.8839 -0.3816 0.0335, -3.0217 -0.4098 0.1014, -2.8839 -0.4098 0.1014, -3.0217 -0.4545 0.1597, -2.8839 -0.4545 0.1597, -3.0217 -0.5128 0.2044, -2.8839 -0.5128 0.2044, -3.0217 -0.5807 0.2325, -2.8839 -0.5807 0.2325, -3.6713 -0.3721 -0.0394, -3.6713 -0.3721 -1.1517, -3.8091 -0.3721 -0.0394, -3.8091 -0.3721 -1.1517, -3.7697 -0.4705 -1.2598, -3.7697 -0.4114 -1.2598, -3.7106 -0.4705 -1.2598, -3.7106 -0.4114 -1.2598, -3.8091 -0.5098 -0.0394, -3.8091 -0.5098 -1.1517, -3.6713 -0.5098 -0.0394, -3.6713 -0.5098 -1.1517, -3.6713 -0.6535 0.1043, -3.8091 -0.6535 0.1043, -3.6713 -0.6164 0.0994, -3.8091 -0.6164 0.0994, -3.6713 -0.5817 0.0851, -3.8091 -0.5817 0.0851, -3.6713 -0.5519 0.0622, -3.8091 -0.5519 0.0622, -3.6713 -0.5291 0.0325, -3.8091 -0.5291 0.0325, -3.6713 -0.5147 -0.0022, -3.8091 -0.5147 -0.0022, -3.6713 -0.9193 0.3701, -3.8091 -0.9193 0.3701, -3.8091 -0.9102 0.3013, -3.6713 -0.9102 0.3013, -3.8091 -0.8837 0.2372, -3.6713 -0.8837 0.2372, -3.8091 -0.8415 0.1822, -3.6713 -0.8415 0.1822, -3.8091 -0.7864 0.1399, -3.6713 -0.7864 0.1399, -3.8091 -0.7223 0.1134, -3.6713 -0.7223 0.1134, -3.6713 -0.9193 1.2488, -3.8091 -0.9193 1.2488, -3.6713 -0.8573 1.4801, -3.8091 -0.8573 1.4801, -3.8091 -0.8914 1.4071, -3.6713 -0.8914 1.4071, -3.8091 -0.9123 1.3292, -3.6713 -0.9123 1.3292, -3.6713 -0.2797 2.4805, -3.8091 -0.2797 2.4805, -3.6713 -0.2362 2.6429, -3.8091 -0.2362 2.6429, -3.6713 -0.2473 2.5589, -3.8091 -0.2473 2.5589, -3.6713 -0.2362 2.9248, -3.8091 -0.2362 2.9248, -3.6713 -0.3496 3.1713, -3.8091 -0.3496 3.1713, -3.6713 -0.3017 3.1204, -3.8091 -0.3017 3.1204, -3.6713 -0.2659 3.0605, -3.8091 -0.2659 3.0605, -3.6713 -0.2437 2.9942, -3.8091 -0.2437 2.9942, -3.6713 -0.6512 3.4301, -3.8091 -0.6512 3.4301, -3.6713 -0.7028 3.5421, -3.8091 -0.7028 3.5421, -3.8091 -0.6993 3.5106, -3.6713 -0.6993 3.5106, -3.8091 -0.6893 3.4805, -3.6713 -0.6893 3.4805, -3.8091 -0.673 3.4532, -3.6713 -0.673 3.4532, -3.6713 -0.7028 4.1732, -3.8091 -0.7028 4.1732, -3.6713 -0.565 4.1732, -3.8091 -0.565 4.1732, -3.6713 -0.565 3.5421, -3.8091 -0.565 3.5421, -3.6713 -0.5615 3.5347, -3.8091 -0.5615 3.5347, -3.6713 -0.563 3.5362, -3.8091 -0.563 3.5362, -3.6713 -0.5641 3.538, -3.8091 -0.5641 3.538, -3.6713 -0.5647 3.54, -3.8091 -0.5647 3.54, -3.6713 -0.2599 3.2759, -3.8091 -0.2599 3.2759, -3.6713 -0.0984 2.9248, -3.8091 -0.0984 2.9248, -3.8091 -0.1091 3.0237, -3.6713 -0.1091 3.0237, -3.8091 -0.1407 3.118, -3.6713 -0.1407 3.118, -3.8091 -0.1918 3.2034, -3.6713 -0.1918 3.2034, -3.6713 -0.0984 2.6429, -3.8091 -0.0984 2.6429, -3.6713 -0.1604 2.4116, -3.8091 -0.1604 2.4116, -3.8091 -0.1263 2.4847, -3.6713 -0.1263 2.4847, -3.8091 -0.1055 2.5626, -3.6713 -0.1055 2.5626, -3.6713 -0.738 1.4112, -3.8091 -0.738 1.4112, -3.6713 -0.7815 1.2488, -3.8091 -0.7815 1.2488, -3.6713 -0.7704 1.3329, -3.8091 -0.7704 1.3329, -3.6713 -0.7815 0.3701, -3.8091 -0.7815 0.3701, -3.6713 -0.6535 0.2421, -3.8091 -0.6535 0.2421, -3.6713 -0.6867 0.2465, -3.8091 -0.6867 0.2465, -3.6713 -0.7175 0.2593, -3.8091 -0.7175 0.2593, -3.6713 -0.744 0.2796, -3.8091 -0.744 0.2796, -3.6713 -0.7644 0.3061, -3.8091 -0.7644 0.3061, -3.6713 -0.7771 0.337, -3.8091 -0.7771 0.337, -3.8091 -0.3816 0.0335, -3.6713 -0.3816 0.0335, -3.8091 -0.4098 0.1014, -3.6713 -0.4098 0.1014, -3.8091 -0.4545 0.1597, -3.6713 -0.4545 0.1597, -3.8091 -0.5128 0.2044, -3.6713 -0.5128 0.2044, -3.8091 -0.5807 0.2325, -3.6713 -0.5807 0.2325, 2.628 0.4114 -1.1517, 2.628 0.4114 -0.0394, 2.4902 0.4114 -1.1517, 2.4902 0.4114 -0.0394, 2.5295 0.4508 -1.2598, 2.5295 0.5098 -1.2598, 2.5886 0.4508 -1.2598, 2.5886 0.5098 -1.2598, 2.4902 0.5492 -1.1517, 2.4902 0.5492 -0.0394, 2.628 0.5492 -1.1517, 2.628 0.5492 -0.0394, 2.628 0.5541 -0.0022, 2.4902 0.5541 -0.0022, 2.628 0.5685 0.0325, 2.4902 0.5685 0.0325, 2.628 0.5913 0.0622, 2.4902 0.5913 0.0622, 2.628 0.6211 0.0851, 2.4902 0.6211 0.0851, 2.628 0.6557 0.0994, 2.4902 0.6557 0.0994, 2.628 0.6929 0.1043, 2.4902 0.6929 0.1043, 2.4902 0.7617 0.1134, 2.628 0.7617 0.1134, 2.4902 0.8258 0.1399, 2.628 0.8258 0.1399, 2.4902 0.8808 0.1822, 2.628 0.8808 0.1822, 2.4902 0.9231 0.2372, 2.628 0.9231 0.2372, 2.4902 0.9496 0.3013, 2.628 0.9496 0.3013, 2.4902 0.9587 0.3701, 2.628 0.9587 0.3701, 2.628 0.9587 1.2488, 2.4902 0.9587 1.2488, 2.4902 0.9516 1.3292, 2.628 0.9516 1.3292, 2.4902 0.9308 1.4071, 2.628 0.9308 1.4071, 2.4902 0.8967 1.4801, 2.628 0.8967 1.4801, 2.628 0.3191 2.4805, 2.4902 0.3191 2.4805, 2.628 0.2867 2.5589, 2.4902 0.2867 2.5589, 2.628 0.2756 2.6429, 2.4902 0.2756 2.6429, 2.628 0.2756 2.9248, 2.4902 0.2756 2.9248, 2.628 0.2831 2.9942, 2.4902 0.2831 2.9942, 2.628 0.3053 3.0605, 2.4902 0.3053 3.0605, 2.628 0.3411 3.1204, 2.4902 0.3411 3.1204, 2.628 0.3889 3.1713, 2.4902 0.3889 3.1713, 2.628 0.6906 3.4301, 2.4902 0.6906 3.4301, 2.4902 0.7123 3.4532, 2.628 0.7123 3.4532, 2.4902 0.7286 3.4805, 2.628 0.7286 3.4805, 2.4902 0.7387 3.5106, 2.628 0.7387 3.5106, 2.4902 0.7421 3.5421, 2.628 0.7421 3.5421, 2.628 0.7421 4.1732, 2.4902 0.7421 4.1732, 2.628 0.6043 4.1732, 2.4902 0.6043 4.1732, 2.628 0.6043 3.5421, 2.4902 0.6043 3.5421, 2.628 0.6041 3.54, 2.4902 0.6041 3.54, 2.628 0.6034 3.538, 2.4902 0.6034 3.538, 2.628 0.6023 3.5362, 2.4902 0.6023 3.5362, 2.628 0.6009 3.5347, 2.4902 0.6009 3.5347, 2.628 0.2992 3.2759, 2.4902 0.2992 3.2759, 2.4902 0.2311 3.2034, 2.628 0.2311 3.2034, 2.4902 0.1801 3.118, 2.628 0.1801 3.118, 2.4902 0.1485 3.0237, 2.628 0.1485 3.0237, 2.4902 0.1378 2.9248, 2.628 0.1378 2.9248, 2.628 0.1378 2.6429, 2.4902 0.1378 2.6429, 2.4902 0.1448 2.5626, 2.628 0.1448 2.5626, 2.4902 0.1657 2.4847, 2.628 0.1657 2.4847, 2.4902 0.1998 2.4116, 2.628 0.1998 2.4116, 2.628 0.7773 1.4112, 2.4902 0.7773 1.4112, 2.628 0.8098 1.3329, 2.4902 0.8098 1.3329, 2.628 0.8209 1.2488, 2.4902 0.8209 1.2488, 2.628 0.8209 0.3701, 2.4902 0.8209 0.3701, 2.628 0.8165 0.337, 2.4902 0.8165 0.337, 2.628 0.8037 0.3061, 2.4902 0.8037 0.3061, 2.628 0.7834 0.2796, 2.4902 0.7834 0.2796, 2.628 0.7569 0.2593, 2.4902 0.7569 0.2593, 2.628 0.726 0.2465, 2.4902 0.726 0.2465, 2.628 0.6929 0.2421, 2.4902 0.6929 0.2421, 2.4902 0.6201 0.2325, 2.628 0.6201 0.2325, 2.4902 0.5522 0.2044, 2.628 0.5522 0.2044, 2.4902 0.4939 0.1597, 2.628 0.4939 0.1597, 2.4902 0.4491 0.1014, 2.628 0.4491 0.1014, 2.4902 0.421 0.0335, 2.628 0.421 0.0335, 1.8406 0.4114 -1.1517, 1.8406 0.4114 -0.0394, 1.7028 0.4114 -1.1517, 1.7028 0.4114 -0.0394, 1.7421 0.4508 -1.2598, 1.7421 0.5098 -1.2598, 1.8012 0.4508 -1.2598, 1.8012 0.5098 -1.2598, 1.7028 0.5492 -1.1517, 1.7028 0.5492 -0.0394, 1.8406 0.5492 -1.1517, 1.8406 0.5492 -0.0394, 1.8406 0.5541 -0.0022, 1.7028 0.5541 -0.0022, 1.8406 0.5685 0.0325, 1.7028 0.5685 0.0325, 1.8406 0.5913 0.0622, 1.7028 0.5913 0.0622, 1.8406 0.6211 0.0851, 1.7028 0.6211 0.0851, 1.8406 0.6557 0.0994, 1.7028 0.6557 0.0994, 1.8406 0.6929 0.1043, 1.7028 0.6929 0.1043, 1.7028 0.7617 0.1134, 1.8406 0.7617 0.1134, 1.7028 0.8258 0.1399, 1.8406 0.8258 0.1399, 1.7028 0.8808 0.1822, 1.8406 0.8808 0.1822, 1.7028 0.9231 0.2372, 1.8406 0.9231 0.2372, 1.7028 0.9496 0.3013, 1.8406 0.9496 0.3013, 1.7028 0.9587 0.3701, 1.8406 0.9587 0.3701, 1.8406 0.9587 1.2488, 1.7028 0.9587 1.2488, 1.7028 0.9516 1.3292, 1.8406 0.9516 1.3292, 1.7028 0.9308 1.4071, 1.8406 0.9308 1.4071, 1.7028 0.8967 1.4801, 1.8406 0.8967 1.4801, 1.8406 0.3191 2.4805, 1.7028 0.3191 2.4805, 1.8406 0.2867 2.5589, 1.7028 0.2867 2.5589, 1.8406 0.2756 2.6429, 1.7028 0.2756 2.6429, 1.8406 0.2756 2.9248, 1.7028 0.2756 2.9248, 1.8406 0.2831 2.9942, 1.7028 0.2831 2.9942, 1.8406 0.3053 3.0605, 1.7028 0.3053 3.0605, 1.8406 0.3411 3.1204, 1.7028 0.3411 3.1204, 1.8406 0.3889 3.1713, 1.7028 0.3889 3.1713, 1.8406 0.6906 3.4301, 1.7028 0.6906 3.4301, 1.7028 0.7123 3.4532, 1.8406 0.7123 3.4532, 1.7028 0.7286 3.4805, 1.8406 0.7286 3.4805, 1.7028 0.7387 3.5106, 1.8406 0.7387 3.5106, 1.7028 0.7421 3.5421, 1.8406 0.7421 3.5421, 1.8406 0.7421 4.1732, 1.7028 0.7421 4.1732, 1.8406 0.6043 4.1732, 1.7028 0.6043 4.1732, 1.8406 0.6043 3.5421, 1.7028 0.6043 3.5421, 1.8406 0.6041 3.54, 1.7028 0.6041 3.54, 1.8406 0.6034 3.538, 1.7028 0.6034 3.538, 1.8406 0.6023 3.5362, 1.7028 0.6023 3.5362, 1.8406 0.6009 3.5347, 1.7028 0.6009 3.5347, 1.8406 0.2992 3.2759, 1.7028 0.2992 3.2759, 1.7028 0.2311 3.2034, 1.8406 0.2311 3.2034, 1.7028 0.1801 3.118, 1.8406 0.1801 3.118, 1.7028 0.1485 3.0237, 1.8406 0.1485 3.0237, 1.7028 0.1378 2.9248, 1.8406 0.1378 2.9248, 1.8406 0.1378 2.6429, 1.7028 0.1378 2.6429, 1.7028 0.1448 2.5626, 1.8406 0.1448 2.5626, 1.7028 0.1657 2.4847, 1.8406 0.1657 2.4847, 1.7028 0.1998 2.4116, 1.8406 0.1998 2.4116, 1.8406 0.7773 1.4112, 1.7028 0.7773 1.4112, 1.8406 0.8098 1.3329, 1.7028 0.8098 1.3329, 1.8406 0.8209 1.2488, 1.7028 0.8209 1.2488, 1.8406 0.8209 0.3701, 1.7028 0.8209 0.3701, 1.8406 0.8165 0.337, 1.7028 0.8165 0.337, 1.8406 0.8037 0.3061, 1.7028 0.8037 0.3061, 1.8406 0.7834 0.2796, 1.7028 0.7834 0.2796, 1.8406 0.7569 0.2593, 1.7028 0.7569 0.2593, 1.8406 0.726 0.2465, 1.7028 0.726 0.2465, 1.8406 0.6929 0.2421, 1.7028 0.6929 0.2421, 1.7028 0.6201 0.2325, 1.8406 0.6201 0.2325, 1.7028 0.5522 0.2044, 1.8406 0.5522 0.2044, 1.7028 0.4939 0.1597, 1.8406 0.4939 0.1597, 1.7028 0.4491 0.1014, 1.8406 0.4491 0.1014, 1.7028 0.421 0.0335, 1.8406 0.421 0.0335, 0.2657 0.4114 -1.1517, 0.2657 0.4114 -0.0394, 0.128 0.4114 -1.1517, 0.128 0.4114 -0.0394, 0.1673 0.4508 -1.2598, 0.1673 0.5098 -1.2598, 0.2264 0.4508 -1.2598, 0.2264 0.5098 -1.2598, 0.128 0.5492 -1.1517, 0.128 0.5492 -0.0394, 0.2657 0.5492 -1.1517, 0.2657 0.5492 -0.0394, 0.2657 0.5541 -0.0022, 0.128 0.5541 -0.0022, 0.2657 0.5685 0.0325, 0.128 0.5685 0.0325, 0.2657 0.5913 0.0622, 0.128 0.5913 0.0622, 0.2657 0.6211 0.0851, 0.128 0.6211 0.0851, 0.2657 0.6557 0.0994, 0.128 0.6557 0.0994, 0.2657 0.6929 0.1043, 0.128 0.6929 0.1043, 0.128 0.7617 0.1134, 0.2657 0.7617 0.1134, 0.128 0.8258 0.1399, 0.2657 0.8258 0.1399, 0.128 0.8808 0.1822, 0.2657 0.8808 0.1822, 0.128 0.9231 0.2372, 0.2657 0.9231 0.2372, 0.128 0.9496 0.3013, 0.2657 0.9496 0.3013, 0.128 0.9587 0.3701, 0.2657 0.9587 0.3701, 0.2657 0.9587 1.2488, 0.128 0.9587 1.2488, 0.128 0.9516 1.3292, 0.2657 0.9516 1.3292, 0.128 0.9308 1.4071, 0.2657 0.9308 1.4071, 0.128 0.8967 1.4801, 0.2657 0.8967 1.4801, 0.2657 0.3191 2.4805, 0.128 0.3191 2.4805, 0.2657 0.2867 2.5589, 0.128 0.2867 2.5589, 0.2657 0.2756 2.6429, 0.128 0.2756 2.6429, 0.2657 0.2756 2.9248, 0.128 0.2756 2.9248, 0.2657 0.2831 2.9942, 0.128 0.2831 2.9942, 0.2657 0.3053 3.0605, 0.128 0.3053 3.0605, 0.2657 0.3411 3.1204, 0.128 0.3411 3.1204, 0.2657 0.3889 3.1713, 0.128 0.3889 3.1713, 0.2657 0.6906 3.4301, 0.128 0.6906 3.4301, 0.128 0.7123 3.4532, 0.2657 0.7123 3.4532, 0.128 0.7286 3.4805, 0.2657 0.7286 3.4805, 0.128 0.7387 3.5106, 0.2657 0.7387 3.5106, 0.128 0.7421 3.5421, 0.2657 0.7421 3.5421, 0.2657 0.7421 4.1732, 0.128 0.7421 4.1732, 0.2657 0.6043 4.1732, 0.128 0.6043 4.1732, 0.2657 0.6043 3.5421, 0.128 0.6043 3.5421, 0.2657 0.6041 3.54, 0.128 0.6041 3.54, 0.2657 0.6034 3.538, 0.128 0.6034 3.538, 0.2657 0.6023 3.5362, 0.128 0.6023 3.5362, 0.2657 0.6009 3.5347, 0.128 0.6009 3.5347, 0.2657 0.2992 3.2759, 0.128 0.2992 3.2759, 0.128 0.2311 3.2034, 0.2657 0.2311 3.2034, 0.128 0.1801 3.118, 0.2657 0.1801 3.118, 0.128 0.1485 3.0237, 0.2657 0.1485 3.0237, 0.128 0.1378 2.9248, 0.2657 0.1378 2.9248, 0.2657 0.1378 2.6429, 0.128 0.1378 2.6429, 0.128 0.1448 2.5626, 0.2657 0.1448 2.5626, 0.128 0.1657 2.4847, 0.2657 0.1657 2.4847, 0.128 0.1998 2.4116, 0.2657 0.1998 2.4116, 0.2657 0.7773 1.4112, 0.128 0.7773 1.4112, 0.2657 0.8098 1.3329, 0.128 0.8098 1.3329, 0.2657 0.8209 1.2488, 0.128 0.8209 1.2488, 0.2657 0.8209 0.3701, 0.128 0.8209 0.3701, 0.2657 0.8165 0.337, 0.128 0.8165 0.337, 0.2657 0.8037 0.3061, 0.128 0.8037 0.3061, 0.2657 0.7834 0.2796, 0.128 0.7834 0.2796, 0.2657 0.7569 0.2593, 0.128 0.7569 0.2593, 0.2657 0.726 0.2465, 0.128 0.726 0.2465, 0.2657 0.6929 0.2421, 0.128 0.6929 0.2421, 0.128 0.6201 0.2325, 0.2657 0.6201 0.2325, 0.128 0.5522 0.2044, 0.2657 0.5522 0.2044, 0.128 0.4939 0.1597, 0.2657 0.4939 0.1597, 0.128 0.4491 0.1014, 0.2657 0.4491 0.1014, 0.128 0.421 0.0335, 0.2657 0.421 0.0335, -0.5217 0.4114 -1.1517, -0.5217 0.4114 -0.0394, -0.6594 0.4114 -1.1517, -0.6594 0.4114 -0.0394, -0.6201 0.4508 -1.2598, -0.6201 0.5098 -1.2598, -0.561 0.4508 -1.2598, -0.561 0.5098 -1.2598, -0.6594 0.5492 -1.1517, -0.6594 0.5492 -0.0394, -0.5217 0.5492 -1.1517, -0.5217 0.5492 -0.0394, -0.5217 0.5541 -0.0022, -0.6594 0.5541 -0.0022, -0.5217 0.5685 0.0325, -0.6594 0.5685 0.0325, -0.5217 0.5913 0.0622, -0.6594 0.5913 0.0622, -0.5217 0.6211 0.0851, -0.6594 0.6211 0.0851, -0.5217 0.6557 0.0994, -0.6594 0.6557 0.0994, -0.5217 0.6929 0.1043, -0.6594 0.6929 0.1043, -0.6594 0.7617 0.1134, -0.5217 0.7617 0.1134, -0.6594 0.8258 0.1399, -0.5217 0.8258 0.1399, -0.6594 0.8808 0.1822, -0.5217 0.8808 0.1822, -0.6594 0.9231 0.2372, -0.5217 0.9231 0.2372, -0.6594 0.9496 0.3013, -0.5217 0.9496 0.3013, -0.6594 0.9587 0.3701, -0.5217 0.9587 0.3701, -0.5217 0.9587 1.2488, -0.6594 0.9587 1.2488, -0.6594 0.9516 1.3292, -0.5217 0.9516 1.3292, -0.6594 0.9308 1.4071, -0.5217 0.9308 1.4071, -0.6594 0.8967 1.4801, -0.5217 0.8967 1.4801, -0.5217 0.3191 2.4805, -0.6594 0.3191 2.4805, -0.5217 0.2867 2.5589, -0.6594 0.2867 2.5589, -0.5217 0.2756 2.6429, -0.6594 0.2756 2.6429, -0.5217 0.2756 2.9248, -0.6594 0.2756 2.9248, -0.5217 0.2831 2.9942, -0.6594 0.2831 2.9942, -0.5217 0.3053 3.0605, -0.6594 0.3053 3.0605, -0.5217 0.3411 3.1204, -0.6594 0.3411 3.1204, -0.5217 0.3889 3.1713, -0.6594 0.3889 3.1713, -0.5217 0.6906 3.4301, -0.6594 0.6906 3.4301, -0.6594 0.7123 3.4532, -0.5217 0.7123 3.4532, -0.6594 0.7286 3.4805, -0.5217 0.7286 3.4805, -0.6594 0.7387 3.5106, -0.5217 0.7387 3.5106, -0.6594 0.7421 3.5421, -0.5217 0.7421 3.5421, -0.5217 0.7421 4.1732, -0.6594 0.7421 4.1732, -0.5217 0.6043 4.1732, -0.6594 0.6043 4.1732, -0.5217 0.6043 3.5421, -0.6594 0.6043 3.5421, -0.5217 0.6041 3.54, -0.6594 0.6041 3.54, -0.5217 0.6034 3.538, -0.6594 0.6034 3.538, -0.5217 0.6023 3.5362, -0.6594 0.6023 3.5362, -0.5217 0.6009 3.5347, -0.6594 0.6009 3.5347, -0.5217 0.2992 3.2759, -0.6594 0.2992 3.2759, -0.6594 0.2311 3.2034, -0.5217 0.2311 3.2034, -0.6594 0.1801 3.118, -0.5217 0.1801 3.118, -0.6594 0.1485 3.0237, -0.5217 0.1485 3.0237, -0.6594 0.1378 2.9248, -0.5217 0.1378 2.9248, -0.5217 0.1378 2.6429, -0.6594 0.1378 2.6429, -0.6594 0.1448 2.5626, -0.5217 0.1448 2.5626, -0.6594 0.1657 2.4847, -0.5217 0.1657 2.4847, -0.6594 0.1998 2.4116, -0.5217 0.1998 2.4116, -0.5217 0.7773 1.4112, -0.6594 0.7773 1.4112, -0.5217 0.8098 1.3329, -0.6594 0.8098 1.3329, -0.5217 0.8209 1.2488, -0.6594 0.8209 1.2488, -0.5217 0.8209 0.3701, -0.6594 0.8209 0.3701, -0.5217 0.8165 0.337, -0.6594 0.8165 0.337, -0.5217 0.8037 0.3061, -0.6594 0.8037 0.3061, -0.5217 0.7834 0.2796, -0.6594 0.7834 0.2796, -0.5217 0.7569 0.2593, -0.6594 0.7569 0.2593, -0.5217 0.726 0.2465, -0.6594 0.726 0.2465, -0.5217 0.6929 0.2421, -0.6594 0.6929 0.2421, -0.6594 0.6201 0.2325, -0.5217 0.6201 0.2325, -0.6594 0.5522 0.2044, -0.5217 0.5522 0.2044, -0.6594 0.4939 0.1597, -0.5217 0.4939 0.1597, -0.6594 0.4491 0.1014, -0.5217 0.4491 0.1014, -0.6594 0.421 0.0335, -0.5217 0.421 0.0335, -1.3091 0.4114 -1.1517, -1.3091 0.4114 -0.0394, -1.4469 0.4114 -1.1517, -1.4469 0.4114 -0.0394, -1.4075 0.4508 -1.2598, -1.4075 0.5098 -1.2598, -1.3484 0.4508 -1.2598, -1.3484 0.5098 -1.2598, -1.4469 0.5492 -1.1517, -1.4469 0.5492 -0.0394, -1.3091 0.5492 -1.1517, -1.3091 0.5492 -0.0394, -1.3091 0.5541 -0.0022, -1.4469 0.5541 -0.0022, -1.3091 0.5685 0.0325, -1.4469 0.5685 0.0325, -1.3091 0.5913 0.0622, -1.4469 0.5913 0.0622, -1.3091 0.6211 0.0851, -1.4469 0.6211 0.0851, -1.3091 0.6557 0.0994, -1.4469 0.6557 0.0994, -1.3091 0.6929 0.1043, -1.4469 0.6929 0.1043, -1.4469 0.7617 0.1134, -1.3091 0.7617 0.1134, -1.4469 0.8258 0.1399, -1.3091 0.8258 0.1399, -1.4469 0.8808 0.1822, -1.3091 0.8808 0.1822, -1.4469 0.9231 0.2372, -1.3091 0.9231 0.2372, -1.4469 0.9496 0.3013, -1.3091 0.9496 0.3013, -1.4469 0.9587 0.3701, -1.3091 0.9587 0.3701, -1.3091 0.9587 1.2488, -1.4469 0.9587 1.2488, -1.4469 0.9516 1.3292, -1.3091 0.9516 1.3292, -1.4469 0.9308 1.4071, -1.3091 0.9308 1.4071, -1.4469 0.8967 1.4801, -1.3091 0.8967 1.4801, -1.3091 0.3191 2.4805, -1.4469 0.3191 2.4805, -1.3091 0.2867 2.5589, -1.4469 0.2867 2.5589, -1.3091 0.2756 2.6429, -1.4469 0.2756 2.6429, -1.3091 0.2756 2.9248, -1.4469 0.2756 2.9248, -1.3091 0.2831 2.9942, -1.4469 0.2831 2.9942, -1.3091 0.3053 3.0605, -1.4469 0.3053 3.0605, -1.3091 0.3411 3.1204, -1.4469 0.3411 3.1204, -1.3091 0.3889 3.1713, -1.4469 0.3889 3.1713, -1.3091 0.6906 3.4301, -1.4469 0.6906 3.4301, -1.4469 0.7123 3.4532, -1.3091 0.7123 3.4532, -1.4469 0.7286 3.4805, -1.3091 0.7286 3.4805, -1.4469 0.7387 3.5106, -1.3091 0.7387 3.5106, -1.4469 0.7421 3.5421, -1.3091 0.7421 3.5421, -1.3091 0.7421 4.1732, -1.4469 0.7421 4.1732, -1.3091 0.6043 4.1732, -1.4469 0.6043 4.1732, -1.3091 0.6043 3.5421, -1.4469 0.6043 3.5421, -1.3091 0.6041 3.54, -1.4469 0.6041 3.54, -1.3091 0.6034 3.538, -1.4469 0.6034 3.538, -1.3091 0.6023 3.5362, -1.4469 0.6023 3.5362, -1.3091 0.6009 3.5347, -1.4469 0.6009 3.5347, -1.3091 0.2992 3.2759, -1.4469 0.2992 3.2759, -1.4469 0.2311 3.2034, -1.3091 0.2311 3.2034, -1.4469 0.1801 3.118, -1.3091 0.1801 3.118, -1.4469 0.1485 3.0237, -1.3091 0.1485 3.0237, -1.4469 0.1378 2.9248, -1.3091 0.1378 2.9248, -1.3091 0.1378 2.6429, -1.4469 0.1378 2.6429, -1.4469 0.1448 2.5626, -1.3091 0.1448 2.5626, -1.4469 0.1657 2.4847, -1.3091 0.1657 2.4847, -1.4469 0.1998 2.4116, -1.3091 0.1998 2.4116, -1.3091 0.7773 1.4112, -1.4469 0.7773 1.4112, -1.3091 0.8098 1.3329, -1.4469 0.8098 1.3329, -1.3091 0.8209 1.2488, -1.4469 0.8209 1.2488, -1.3091 0.8209 0.3701, -1.4469 0.8209 0.3701, -1.3091 0.8165 0.337, -1.4469 0.8165 0.337, -1.3091 0.8037 0.3061, -1.4469 0.8037 0.3061, -1.3091 0.7834 0.2796, -1.4469 0.7834 0.2796, -1.3091 0.7569 0.2593, -1.4469 0.7569 0.2593, -1.3091 0.726 0.2465, -1.4469 0.726 0.2465, -1.3091 0.6929 0.2421, -1.4469 0.6929 0.2421, -1.4469 0.6201 0.2325, -1.3091 0.6201 0.2325, -1.4469 0.5522 0.2044, -1.3091 0.5522 0.2044, -1.4469 0.4939 0.1597, -1.3091 0.4939 0.1597, -1.4469 0.4491 0.1014, -1.3091 0.4491 0.1014, -1.4469 0.421 0.0335, -1.3091 0.421 0.0335, -2.0965 0.4114 -1.1517, -2.0965 0.4114 -0.0394, -2.2343 0.4114 -1.1517, -2.2343 0.4114 -0.0394, -2.1949 0.4508 -1.2598, -2.1949 0.5098 -1.2598, -2.1358 0.4508 -1.2598, -2.1358 0.5098 -1.2598, -2.2343 0.5492 -1.1517, -2.2343 0.5492 -0.0394, -2.0965 0.5492 -1.1517, -2.0965 0.5492 -0.0394, -2.0965 0.5541 -0.0022, -2.2343 0.5541 -0.0022, -2.0965 0.5685 0.0325, -2.2343 0.5685 0.0325, -2.0965 0.5913 0.0622, -2.2343 0.5913 0.0622, -2.0965 0.6211 0.0851, -2.2343 0.6211 0.0851, -2.0965 0.6557 0.0994, -2.2343 0.6557 0.0994, -2.0965 0.6929 0.1043, -2.2343 0.6929 0.1043, -2.2343 0.7617 0.1134, -2.0965 0.7617 0.1134, -2.2343 0.8258 0.1399, -2.0965 0.8258 0.1399, -2.2343 0.8808 0.1822, -2.0965 0.8808 0.1822, -2.2343 0.9231 0.2372, -2.0965 0.9231 0.2372, -2.2343 0.9496 0.3013, -2.0965 0.9496 0.3013, -2.2343 0.9587 0.3701, -2.0965 0.9587 0.3701, -2.0965 0.9587 1.2488, -2.2343 0.9587 1.2488, -2.2343 0.9516 1.3292, -2.0965 0.9516 1.3292, -2.2343 0.9308 1.4071, -2.0965 0.9308 1.4071, -2.2343 0.8967 1.4801, -2.0965 0.8967 1.4801, -2.0965 0.3191 2.4805, -2.2343 0.3191 2.4805, -2.0965 0.2867 2.5589, -2.2343 0.2867 2.5589, -2.0965 0.2756 2.6429, -2.2343 0.2756 2.6429, -2.0965 0.2756 2.9248, -2.2343 0.2756 2.9248, -2.0965 0.2831 2.9942, -2.2343 0.2831 2.9942, -2.0965 0.3053 3.0605, -2.2343 0.3053 3.0605, -2.0965 0.3411 3.1204, -2.2343 0.3411 3.1204, -2.0965 0.3889 3.1713, -2.2343 0.3889 3.1713, -2.0965 0.6906 3.4301, -2.2343 0.6906 3.4301, -2.2343 0.7123 3.4532, -2.0965 0.7123 3.4532, -2.2343 0.7286 3.4805, -2.0965 0.7286 3.4805, -2.2343 0.7387 3.5106, -2.0965 0.7387 3.5106, -2.2343 0.7421 3.5421, -2.0965 0.7421 3.5421, -2.0965 0.7421 4.1732, -2.2343 0.7421 4.1732, -2.0965 0.6043 4.1732, -2.2343 0.6043 4.1732, -2.0965 0.6043 3.5421, -2.2343 0.6043 3.5421, -2.0965 0.6041 3.54, -2.2343 0.6041 3.54, -2.0965 0.6034 3.538, -2.2343 0.6034 3.538, -2.0965 0.6023 3.5362, -2.2343 0.6023 3.5362, -2.0965 0.6009 3.5347, -2.2343 0.6009 3.5347, -2.0965 0.2992 3.2759, -2.2343 0.2992 3.2759, -2.2343 0.2311 3.2034, -2.0965 0.2311 3.2034, -2.2343 0.1801 3.118, -2.0965 0.1801 3.118, -2.2343 0.1485 3.0237, -2.0965 0.1485 3.0237, -2.2343 0.1378 2.9248, -2.0965 0.1378 2.9248, -2.0965 0.1378 2.6429, -2.2343 0.1378 2.6429, -2.2343 0.1448 2.5626, -2.0965 0.1448 2.5626, -2.2343 0.1657 2.4847, -2.0965 0.1657 2.4847, -2.2343 0.1998 2.4116, -2.0965 0.1998 2.4116, -2.0965 0.7773 1.4112, -2.2343 0.7773 1.4112, -2.0965 0.8098 1.3329, -2.2343 0.8098 1.3329, -2.0965 0.8209 1.2488, -2.2343 0.8209 1.2488, -2.0965 0.8209 0.3701, -2.2343 0.8209 0.3701, -2.0965 0.8165 0.337, -2.2343 0.8165 0.337, -2.0965 0.8037 0.3061, -2.2343 0.8037 0.3061, -2.0965 0.7834 0.2796, -2.2343 0.7834 0.2796, -2.0965 0.7569 0.2593, -2.2343 0.7569 0.2593, -2.0965 0.726 0.2465, -2.2343 0.726 0.2465, -2.0965 0.6929 0.2421, -2.2343 0.6929 0.2421, -2.2343 0.6201 0.2325, -2.0965 0.6201 0.2325, -2.2343 0.5522 0.2044, -2.0965 0.5522 0.2044, -2.2343 0.4939 0.1597, -2.0965 0.4939 0.1597, -2.2343 0.4491 0.1014, -2.0965 0.4491 0.1014, -2.2343 0.421 0.0335, -2.0965 0.421 0.0335, -2.8839 0.4114 -1.1517, -2.8839 0.4114 -0.0394, -3.0217 0.4114 -1.1517, -3.0217 0.4114 -0.0394, -2.9823 0.4508 -1.2598, -2.9823 0.5098 -1.2598, -2.9232 0.4508 -1.2598, -2.9232 0.5098 -1.2598, -3.0217 0.5492 -1.1517, -3.0217 0.5492 -0.0394, -2.8839 0.5492 -1.1517, -2.8839 0.5492 -0.0394, -2.8839 0.5541 -0.0022, -3.0217 0.5541 -0.0022, -2.8839 0.5685 0.0325, -3.0217 0.5685 0.0325, -2.8839 0.5913 0.0622, -3.0217 0.5913 0.0622, -2.8839 0.6211 0.0851, -3.0217 0.6211 0.0851, -2.8839 0.6557 0.0994, -3.0217 0.6557 0.0994, -2.8839 0.6929 0.1043, -3.0217 0.6929 0.1043, -3.0217 0.7617 0.1134, -2.8839 0.7617 0.1134, -3.0217 0.8258 0.1399, -2.8839 0.8258 0.1399, -3.0217 0.8808 0.1822, -2.8839 0.8808 0.1822, -3.0217 0.9231 0.2372, -2.8839 0.9231 0.2372, -3.0217 0.9496 0.3013, -2.8839 0.9496 0.3013, -3.0217 0.9587 0.3701, -2.8839 0.9587 0.3701, -2.8839 0.9587 1.2488, -3.0217 0.9587 1.2488, -3.0217 0.9516 1.3292, -2.8839 0.9516 1.3292, -3.0217 0.9308 1.4071, -2.8839 0.9308 1.4071, -3.0217 0.8967 1.4801, -2.8839 0.8967 1.4801, -2.8839 0.3191 2.4805, -3.0217 0.3191 2.4805, -2.8839 0.2867 2.5589, -3.0217 0.2867 2.5589, -2.8839 0.2756 2.6429, -3.0217 0.2756 2.6429, -2.8839 0.2756 2.9248, -3.0217 0.2756 2.9248, -2.8839 0.2831 2.9942, -3.0217 0.2831 2.9942, -2.8839 0.3053 3.0605, -3.0217 0.3053 3.0605, -2.8839 0.3411 3.1204, -3.0217 0.3411 3.1204, -2.8839 0.3889 3.1713, -3.0217 0.3889 3.1713, -2.8839 0.6906 3.4301, -3.0217 0.6906 3.4301, -3.0217 0.7123 3.4532, -2.8839 0.7123 3.4532, -3.0217 0.7286 3.4805, -2.8839 0.7286 3.4805, -3.0217 0.7387 3.5106, -2.8839 0.7387 3.5106, -3.0217 0.7421 3.5421, -2.8839 0.7421 3.5421, -2.8839 0.7421 4.1732, -3.0217 0.7421 4.1732, -2.8839 0.6043 4.1732, -3.0217 0.6043 4.1732, -2.8839 0.6043 3.5421, -3.0217 0.6043 3.5421, -2.8839 0.6041 3.54, -3.0217 0.6041 3.54, -2.8839 0.6034 3.538, -3.0217 0.6034 3.538, -2.8839 0.6023 3.5362, -3.0217 0.6023 3.5362, -2.8839 0.6009 3.5347, -3.0217 0.6009 3.5347, -2.8839 0.2992 3.2759, -3.0217 0.2992 3.2759, -3.0217 0.2311 3.2034, -2.8839 0.2311 3.2034, -3.0217 0.1801 3.118, -2.8839 0.1801 3.118, -3.0217 0.1485 3.0237, -2.8839 0.1485 3.0237, -3.0217 0.1378 2.9248, -2.8839 0.1378 2.9248, -2.8839 0.1378 2.6429, -3.0217 0.1378 2.6429, -3.0217 0.1448 2.5626, -2.8839 0.1448 2.5626, -3.0217 0.1657 2.4847, -2.8839 0.1657 2.4847, -3.0217 0.1998 2.4116, -2.8839 0.1998 2.4116, -2.8839 0.7773 1.4112, -3.0217 0.7773 1.4112, -2.8839 0.8098 1.3329, -3.0217 0.8098 1.3329, -2.8839 0.8209 1.2488, -3.0217 0.8209 1.2488, -2.8839 0.8209 0.3701, -3.0217 0.8209 0.3701, -2.8839 0.8165 0.337, -3.0217 0.8165 0.337, -2.8839 0.8037 0.3061, -3.0217 0.8037 0.3061, -2.8839 0.7834 0.2796, -3.0217 0.7834 0.2796, -2.8839 0.7569 0.2593, -3.0217 0.7569 0.2593, -2.8839 0.726 0.2465, -3.0217 0.726 0.2465, -2.8839 0.6929 0.2421, -3.0217 0.6929 0.2421, -3.0217 0.6201 0.2325, -2.8839 0.6201 0.2325, -3.0217 0.5522 0.2044, -2.8839 0.5522 0.2044, -3.0217 0.4939 0.1597, -2.8839 0.4939 0.1597, -3.0217 0.4491 0.1014, -2.8839 0.4491 0.1014, -3.0217 0.421 0.0335, -2.8839 0.421 0.0335, -3.6713 0.4114 -1.1517, -3.6713 0.4114 -0.0394, -3.8091 0.4114 -1.1517, -3.8091 0.4114 -0.0394, -3.7697 0.4508 -1.2598, -3.7697 0.5098 -1.2598, -3.7106 0.4508 -1.2598, -3.7106 0.5098 -1.2598, -3.8091 0.5492 -1.1517, -3.8091 0.5492 -0.0394, -3.6713 0.5492 -1.1517, -3.6713 0.5492 -0.0394, -3.6713 0.5541 -0.0022, -3.8091 0.5541 -0.0022, -3.6713 0.5685 0.0325, -3.8091 0.5685 0.0325, -3.6713 0.5913 0.0622, -3.8091 0.5913 0.0622, -3.6713 0.6211 0.0851, -3.8091 0.6211 0.0851, -3.6713 0.6557 0.0994, -3.8091 0.6557 0.0994, -3.6713 0.6929 0.1043, -3.8091 0.6929 0.1043, -3.8091 0.7617 0.1134, -3.6713 0.7617 0.1134, -3.8091 0.8258 0.1399, -3.6713 0.8258 0.1399, -3.8091 0.8808 0.1822, -3.6713 0.8808 0.1822, -3.8091 0.9231 0.2372, -3.6713 0.9231 0.2372, -3.8091 0.9496 0.3013, -3.6713 0.9496 0.3013, -3.8091 0.9587 0.3701, -3.6713 0.9587 0.3701, -3.6713 0.9587 1.2488, -3.8091 0.9587 1.2488, -3.8091 0.9516 1.3292, -3.6713 0.9516 1.3292, -3.8091 0.9308 1.4071, -3.6713 0.9308 1.4071, -3.8091 0.8967 1.4801, -3.6713 0.8967 1.4801, -3.6713 0.3191 2.4805, -3.8091 0.3191 2.4805, -3.6713 0.2867 2.5589, -3.8091 0.2867 2.5589, -3.6713 0.2756 2.6429, -3.8091 0.2756 2.6429, -3.6713 0.2756 2.9248, -3.8091 0.2756 2.9248, -3.6713 0.2831 2.9942, -3.8091 0.2831 2.9942, -3.6713 0.3053 3.0605, -3.8091 0.3053 3.0605, -3.6713 0.3411 3.1204, -3.8091 0.3411 3.1204, -3.6713 0.3889 3.1713, -3.8091 0.3889 3.1713, -3.6713 0.6906 3.4301, -3.8091 0.6906 3.4301, -3.8091 0.7123 3.4532, -3.6713 0.7123 3.4532, -3.8091 0.7286 3.4805, -3.6713 0.7286 3.4805, -3.8091 0.7387 3.5106, -3.6713 0.7387 3.5106, -3.8091 0.7421 3.5421, -3.6713 0.7421 3.5421, -3.6713 0.7421 4.1732, -3.8091 0.7421 4.1732, -3.6713 0.6043 4.1732, -3.8091 0.6043 4.1732, -3.6713 0.6043 3.5421, -3.8091 0.6043 3.5421, -3.6713 0.6041 3.54, -3.8091 0.6041 3.54, -3.6713 0.6034 3.538, -3.8091 0.6034 3.538, -3.6713 0.6023 3.5362, -3.8091 0.6023 3.5362, -3.6713 0.6009 3.5347, -3.8091 0.6009 3.5347, -3.6713 0.2992 3.2759, -3.8091 0.2992 3.2759, -3.8091 0.2311 3.2034, -3.6713 0.2311 3.2034, -3.8091 0.1801 3.118, -3.6713 0.1801 3.118, -3.8091 0.1485 3.0237, -3.6713 0.1485 3.0237, -3.8091 0.1378 2.9248, -3.6713 0.1378 2.9248, -3.6713 0.1378 2.6429, -3.8091 0.1378 2.6429, -3.8091 0.1448 2.5626, -3.6713 0.1448 2.5626, -3.8091 0.1657 2.4847, -3.6713 0.1657 2.4847, -3.8091 0.1998 2.4116, -3.6713 0.1998 2.4116, -3.6713 0.7773 1.4112, -3.8091 0.7773 1.4112, -3.6713 0.8098 1.3329, -3.8091 0.8098 1.3329, -3.6713 0.8209 1.2488, -3.8091 0.8209 1.2488, -3.6713 0.8209 0.3701, -3.8091 0.8209 0.3701, -3.6713 0.8165 0.337, -3.8091 0.8165 0.337, -3.6713 0.8037 0.3061, -3.8091 0.8037 0.3061, -3.6713 0.7834 0.2796, -3.8091 0.7834 0.2796, -3.6713 0.7569 0.2593, -3.8091 0.7569 0.2593, -3.6713 0.726 0.2465, -3.8091 0.726 0.2465, -3.6713 0.6929 0.2421, -3.8091 0.6929 0.2421, -3.8091 0.6201 0.2325, -3.6713 0.6201 0.2325, -3.8091 0.5522 0.2044, -3.6713 0.5522 0.2044, -3.8091 0.4939 0.1597, -3.6713 0.4939 0.1597, -3.8091 0.4491 0.1014, -3.6713 0.4491 0.1014, -3.8091 0.421 0.0335, -3.6713 0.421 0.0335, 3.0217 -1.1909 -0.0394, 3.0217 -1.1909 -1.1517, 2.8839 -1.1909 -0.0394, 2.8839 -1.1909 -1.1517, 2.9232 -1.2894 -1.2598, 2.9232 -1.2303 -1.2598, 2.9823 -1.2894 -1.2598, 2.9823 -1.2303 -1.2598, 2.8839 -1.3287 -0.0394, 2.8839 -1.3287 -1.1517, 3.0217 -1.3287 -0.0394, 3.0217 -1.3287 -1.1517, 3.0217 -1.0472 0.2421, 2.8839 -1.0472 0.2421, 2.8839 -1.1201 0.2325, 3.0217 -1.1201 0.2325, 2.8839 -1.188 0.2044, 3.0217 -1.188 0.2044, 2.8839 -1.2463 0.1597, 3.0217 -1.2463 0.1597, 2.8839 -1.291 0.1014, 3.0217 -1.291 0.1014, 2.8839 -1.3192 0.0335, 3.0217 -1.3192 0.0335, 3.0217 -0.9193 0.3701, 2.8839 -0.9193 0.3701, 3.0217 -0.9237 0.337, 2.8839 -0.9237 0.337, 3.0217 -0.9364 0.3061, 2.8839 -0.9364 0.3061, 3.0217 -0.9568 0.2796, 2.8839 -0.9568 0.2796, 3.0217 -0.9833 0.2593, 2.8839 -0.9833 0.2593, 3.0217 -1.0141 0.2465, 2.8839 -1.0141 0.2465, 3.0217 -0.9193 1.2488, 2.8839 -0.9193 1.2488, 3.0217 -0.8573 1.4801, 2.8839 -0.8573 1.4801, 2.8839 -0.8914 1.4071, 3.0217 -0.8914 1.4071, 2.8839 -0.9123 1.3292, 3.0217 -0.9123 1.3292, 3.0217 -0.2797 2.4805, 2.8839 -0.2797 2.4805, 3.0217 -0.2362 2.6429, 2.8839 -0.2362 2.6429, 3.0217 -0.2473 2.5589, 2.8839 -0.2473 2.5589, 3.0217 -0.2362 2.9248, 2.8839 -0.2362 2.9248, 3.0217 -0.3496 3.1713, 2.8839 -0.3496 3.1713, 3.0217 -0.3017 3.1204, 2.8839 -0.3017 3.1204, 3.0217 -0.2659 3.0605, 2.8839 -0.2659 3.0605, 3.0217 -0.2437 2.9942, 2.8839 -0.2437 2.9942, 3.0217 -0.6512 3.4301, 2.8839 -0.6512 3.4301, 3.0217 -0.7028 3.5421, 2.8839 -0.7028 3.5421, 2.8839 -0.6993 3.5106, 3.0217 -0.6993 3.5106, 2.8839 -0.6893 3.4805, 3.0217 -0.6893 3.4805, 2.8839 -0.673 3.4532, 3.0217 -0.673 3.4532, 3.0217 -0.7028 4.1732, 2.8839 -0.7028 4.1732, 3.0217 -0.565 4.1732, 2.8839 -0.565 4.1732, 3.0217 -0.565 3.5421, 2.8839 -0.565 3.5421, 3.0217 -0.5615 3.5347, 2.8839 -0.5615 3.5347, 3.0217 -0.563 3.5362, 2.8839 -0.563 3.5362, 3.0217 -0.5641 3.538, 2.8839 -0.5641 3.538, 3.0217 -0.5647 3.54, 2.8839 -0.5647 3.54, 3.0217 -0.2599 3.2759, 2.8839 -0.2599 3.2759, 3.0217 -0.0984 2.9248, 2.8839 -0.0984 2.9248, 2.8839 -0.1091 3.0237, 3.0217 -0.1091 3.0237, 2.8839 -0.1407 3.118, 3.0217 -0.1407 3.118, 2.8839 -0.1918 3.2034, 3.0217 -0.1918 3.2034, 3.0217 -0.0984 2.6429, 2.8839 -0.0984 2.6429, 3.0217 -0.1604 2.4116, 2.8839 -0.1604 2.4116, 2.8839 -0.1263 2.4847, 3.0217 -0.1263 2.4847, 2.8839 -0.1055 2.5626, 3.0217 -0.1055 2.5626, 3.0217 -0.738 1.4112, 2.8839 -0.738 1.4112, 3.0217 -0.7815 1.2488, 2.8839 -0.7815 1.2488, 3.0217 -0.7704 1.3329, 2.8839 -0.7704 1.3329, 3.0217 -0.7815 0.3701, 2.8839 -0.7815 0.3701, 3.0217 -1.0472 0.1043, 2.8839 -1.0472 0.1043, 2.8839 -0.9785 0.1134, 3.0217 -0.9785 0.1134, 2.8839 -0.9144 0.1399, 3.0217 -0.9144 0.1399, 2.8839 -0.8593 0.1822, 3.0217 -0.8593 0.1822, 2.8839 -0.8171 0.2372, 3.0217 -0.8171 0.2372, 2.8839 -0.7906 0.3013, 3.0217 -0.7906 0.3013, 3.0217 -1.1861 -0.0022, 2.8839 -1.1861 -0.0022, 3.0217 -1.1717 0.0325, 2.8839 -1.1717 0.0325, 3.0217 -1.1489 0.0622, 2.8839 -1.1489 0.0622, 3.0217 -1.1191 0.0851, 2.8839 -1.1191 0.0851, 3.0217 -1.0844 0.0994, 2.8839 -1.0844 0.0994, 2.2343 -1.1909 -0.0394, 2.2343 -1.1909 -1.1517, 2.0965 -1.1909 -0.0394, 2.0965 -1.1909 -1.1517, 2.1358 -1.2894 -1.2598, 2.1358 -1.2303 -1.2598, 2.1949 -1.2894 -1.2598, 2.1949 -1.2303 -1.2598, 2.0965 -1.3287 -0.0394, 2.0965 -1.3287 -1.1517, 2.2343 -1.3287 -0.0394, 2.2343 -1.3287 -1.1517, 2.2343 -1.0472 0.2421, 2.0965 -1.0472 0.2421, 2.0965 -1.1201 0.2325, 2.2343 -1.1201 0.2325, 2.0965 -1.188 0.2044, 2.2343 -1.188 0.2044, 2.0965 -1.2463 0.1597, 2.2343 -1.2463 0.1597, 2.0965 -1.291 0.1014, 2.2343 -1.291 0.1014, 2.0965 -1.3192 0.0335, 2.2343 -1.3192 0.0335, 2.2343 -0.9193 0.3701, 2.0965 -0.9193 0.3701, 2.2343 -0.9237 0.337, 2.0965 -0.9237 0.337, 2.2343 -0.9364 0.3061, 2.0965 -0.9364 0.3061, 2.2343 -0.9568 0.2796, 2.0965 -0.9568 0.2796, 2.2343 -0.9833 0.2593, 2.0965 -0.9833 0.2593, 2.2343 -1.0141 0.2465, 2.0965 -1.0141 0.2465, 2.2343 -0.9193 1.2488, 2.0965 -0.9193 1.2488, 2.2343 -0.8573 1.4801, 2.0965 -0.8573 1.4801, 2.0965 -0.8914 1.4071, 2.2343 -0.8914 1.4071, 2.0965 -0.9123 1.3292, 2.2343 -0.9123 1.3292, 2.2343 -0.2797 2.4805, 2.0965 -0.2797 2.4805, 2.2343 -0.2362 2.6429, 2.0965 -0.2362 2.6429, 2.2343 -0.2473 2.5589, 2.0965 -0.2473 2.5589, 2.2343 -0.2362 2.9248, 2.0965 -0.2362 2.9248, 2.2343 -0.3496 3.1713, 2.0965 -0.3496 3.1713, 2.2343 -0.3017 3.1204, 2.0965 -0.3017 3.1204, 2.2343 -0.2659 3.0605, 2.0965 -0.2659 3.0605, 2.2343 -0.2437 2.9942, 2.0965 -0.2437 2.9942, 2.2343 -0.6512 3.4301, 2.0965 -0.6512 3.4301, 2.2343 -0.7028 3.5421, 2.0965 -0.7028 3.5421, 2.0965 -0.6993 3.5106, 2.2343 -0.6993 3.5106, 2.0965 -0.6893 3.4805, 2.2343 -0.6893 3.4805, 2.0965 -0.673 3.4532, 2.2343 -0.673 3.4532, 2.2343 -0.7028 4.1732, 2.0965 -0.7028 4.1732, 2.2343 -0.565 4.1732, 2.0965 -0.565 4.1732, 2.2343 -0.565 3.5421, 2.0965 -0.565 3.5421, 2.2343 -0.5615 3.5347, 2.0965 -0.5615 3.5347, 2.2343 -0.563 3.5362, 2.0965 -0.563 3.5362, 2.2343 -0.5641 3.538, 2.0965 -0.5641 3.538, 2.2343 -0.5647 3.54, 2.0965 -0.5647 3.54, 2.2343 -0.2599 3.2759, 2.0965 -0.2599 3.2759, 2.2343 -0.0984 2.9248, 2.0965 -0.0984 2.9248, 2.0965 -0.1091 3.0237, 2.2343 -0.1091 3.0237, 2.0965 -0.1407 3.118, 2.2343 -0.1407 3.118, 2.0965 -0.1918 3.2034, 2.2343 -0.1918 3.2034, 2.2343 -0.0984 2.6429, 2.0965 -0.0984 2.6429, 2.2343 -0.1604 2.4116, 2.0965 -0.1604 2.4116, 2.0965 -0.1263 2.4847, 2.2343 -0.1263 2.4847, 2.0965 -0.1055 2.5626, 2.2343 -0.1055 2.5626, 2.2343 -0.738 1.4112, 2.0965 -0.738 1.4112, 2.2343 -0.7815 1.2488, 2.0965 -0.7815 1.2488, 2.2343 -0.7704 1.3329, 2.0965 -0.7704 1.3329, 2.2343 -0.7815 0.3701, 2.0965 -0.7815 0.3701, 2.2343 -1.0472 0.1043, 2.0965 -1.0472 0.1043, 2.0965 -0.9785 0.1134, 2.2343 -0.9785 0.1134, 2.0965 -0.9144 0.1399, 2.2343 -0.9144 0.1399, 2.0965 -0.8593 0.1822, 2.2343 -0.8593 0.1822, 2.0965 -0.8171 0.2372, 2.2343 -0.8171 0.2372, 2.0965 -0.7906 0.3013, 2.2343 -0.7906 0.3013, 2.2343 -1.1861 -0.0022, 2.0965 -1.1861 -0.0022, 2.2343 -1.1717 0.0325, 2.0965 -1.1717 0.0325, 2.2343 -1.1489 0.0622, 2.0965 -1.1489 0.0622, 2.2343 -1.1191 0.0851, 2.0965 -1.1191 0.0851, 2.2343 -1.0844 0.0994, 2.0965 -1.0844 0.0994, 1.4469 -1.1909 -0.0394, 1.4469 -1.1909 -1.1517, 1.3091 -1.1909 -0.0394, 1.3091 -1.1909 -1.1517, 1.3484 -1.2894 -1.2598, 1.3484 -1.2303 -1.2598, 1.4075 -1.2894 -1.2598, 1.4075 -1.2303 -1.2598, 1.3091 -1.3287 -0.0394, 1.3091 -1.3287 -1.1517, 1.4469 -1.3287 -0.0394, 1.4469 -1.3287 -1.1517, 1.4469 -1.0472 0.2421, 1.3091 -1.0472 0.2421, 1.3091 -1.1201 0.2325, 1.4469 -1.1201 0.2325, 1.3091 -1.188 0.2044, 1.4469 -1.188 0.2044, 1.3091 -1.2463 0.1597, 1.4469 -1.2463 0.1597, 1.3091 -1.291 0.1014, 1.4469 -1.291 0.1014, 1.3091 -1.3192 0.0335, 1.4469 -1.3192 0.0335, 1.4469 -0.9193 0.3701, 1.3091 -0.9193 0.3701, 1.4469 -0.9237 0.337, 1.3091 -0.9237 0.337, 1.4469 -0.9364 0.3061, 1.3091 -0.9364 0.3061, 1.4469 -0.9568 0.2796, 1.3091 -0.9568 0.2796, 1.4469 -0.9833 0.2593, 1.3091 -0.9833 0.2593, 1.4469 -1.0141 0.2465, 1.3091 -1.0141 0.2465, 1.4469 -0.9193 1.2488, 1.3091 -0.9193 1.2488, 1.4469 -0.8573 1.4801, 1.3091 -0.8573 1.4801, 1.3091 -0.8914 1.4071, 1.4469 -0.8914 1.4071, 1.3091 -0.9123 1.3292, 1.4469 -0.9123 1.3292, 1.4469 -0.2797 2.4805, 1.3091 -0.2797 2.4805, 1.4469 -0.2362 2.6429, 1.3091 -0.2362 2.6429, 1.4469 -0.2473 2.5589, 1.3091 -0.2473 2.5589, 1.4469 -0.2362 2.9248, 1.3091 -0.2362 2.9248, 1.4469 -0.3496 3.1713, 1.3091 -0.3496 3.1713, 1.4469 -0.3017 3.1204, 1.3091 -0.3017 3.1204, 1.4469 -0.2659 3.0605, 1.3091 -0.2659 3.0605, 1.4469 -0.2437 2.9942, 1.3091 -0.2437 2.9942, 1.4469 -0.6512 3.4301, 1.3091 -0.6512 3.4301, 1.4469 -0.7028 3.5421, 1.3091 -0.7028 3.5421, 1.3091 -0.6993 3.5106, 1.4469 -0.6993 3.5106, 1.3091 -0.6893 3.4805, 1.4469 -0.6893 3.4805, 1.3091 -0.673 3.4532, 1.4469 -0.673 3.4532, 1.4469 -0.7028 4.1732, 1.3091 -0.7028 4.1732, 1.4469 -0.565 4.1732, 1.3091 -0.565 4.1732, 1.4469 -0.565 3.5421, 1.3091 -0.565 3.5421, 1.4469 -0.5615 3.5347, 1.3091 -0.5615 3.5347, 1.4469 -0.563 3.5362, 1.3091 -0.563 3.5362, 1.4469 -0.5641 3.538, 1.3091 -0.5641 3.538, 1.4469 -0.5647 3.54, 1.3091 -0.5647 3.54, 1.4469 -0.2599 3.2759, 1.3091 -0.2599 3.2759, 1.4469 -0.0984 2.9248, 1.3091 -0.0984 2.9248, 1.3091 -0.1091 3.0237, 1.4469 -0.1091 3.0237, 1.3091 -0.1407 3.118, 1.4469 -0.1407 3.118, 1.3091 -0.1918 3.2034, 1.4469 -0.1918 3.2034, 1.4469 -0.0984 2.6429, 1.3091 -0.0984 2.6429, 1.4469 -0.1604 2.4116, 1.3091 -0.1604 2.4116, 1.3091 -0.1263 2.4847, 1.4469 -0.1263 2.4847, 1.3091 -0.1055 2.5626, 1.4469 -0.1055 2.5626, 1.4469 -0.738 1.4112, 1.3091 -0.738 1.4112, 1.4469 -0.7815 1.2488, 1.3091 -0.7815 1.2488, 1.4469 -0.7704 1.3329, 1.3091 -0.7704 1.3329, 1.4469 -0.7815 0.3701, 1.3091 -0.7815 0.3701, 1.4469 -1.0472 0.1043, 1.3091 -1.0472 0.1043, 1.3091 -0.9785 0.1134, 1.4469 -0.9785 0.1134, 1.3091 -0.9144 0.1399, 1.4469 -0.9144 0.1399, 1.3091 -0.8593 0.1822, 1.4469 -0.8593 0.1822, 1.3091 -0.8171 0.2372, 1.4469 -0.8171 0.2372, 1.3091 -0.7906 0.3013, 1.4469 -0.7906 0.3013, 1.4469 -1.1861 -0.0022, 1.3091 -1.1861 -0.0022, 1.4469 -1.1717 0.0325, 1.3091 -1.1717 0.0325, 1.4469 -1.1489 0.0622, 1.3091 -1.1489 0.0622, 1.4469 -1.1191 0.0851, 1.3091 -1.1191 0.0851, 1.4469 -1.0844 0.0994, 1.3091 -1.0844 0.0994, -0.128 -1.1909 -0.0394, -0.128 -1.1909 -1.1517, -0.2657 -1.1909 -0.0394, -0.2657 -1.1909 -1.1517, -0.2264 -1.2894 -1.2598, -0.2264 -1.2303 -1.2598, -0.1673 -1.2894 -1.2598, -0.1673 -1.2303 -1.2598, -0.2657 -1.3287 -0.0394, -0.2657 -1.3287 -1.1517, -0.128 -1.3287 -0.0394, -0.128 -1.3287 -1.1517, -0.128 -1.0472 0.2421, -0.2657 -1.0472 0.2421, -0.2657 -1.1201 0.2325, -0.128 -1.1201 0.2325, -0.2657 -1.188 0.2044, -0.128 -1.188 0.2044, -0.2657 -1.2463 0.1597, -0.128 -1.2463 0.1597, -0.2657 -1.291 0.1014, -0.128 -1.291 0.1014, -0.2657 -1.3192 0.0335, -0.128 -1.3192 0.0335, -0.128 -0.9193 0.3701, -0.2657 -0.9193 0.3701, -0.128 -0.9237 0.337, -0.2657 -0.9237 0.337, -0.128 -0.9364 0.3061, -0.2657 -0.9364 0.3061, -0.128 -0.9568 0.2796, -0.2657 -0.9568 0.2796, -0.128 -0.9833 0.2593, -0.2657 -0.9833 0.2593, -0.128 -1.0141 0.2465, -0.2657 -1.0141 0.2465, -0.128 -0.9193 1.2488, -0.2657 -0.9193 1.2488, -0.128 -0.8573 1.4801, -0.2657 -0.8573 1.4801, -0.2657 -0.8914 1.4071, -0.128 -0.8914 1.4071, -0.2657 -0.9123 1.3292, -0.128 -0.9123 1.3292, -0.128 -0.2797 2.4805, -0.2657 -0.2797 2.4805, -0.128 -0.2362 2.6429, -0.2657 -0.2362 2.6429, -0.128 -0.2473 2.5589, -0.2657 -0.2473 2.5589, -0.128 -0.2362 2.9248, -0.2657 -0.2362 2.9248, -0.128 -0.3496 3.1713, -0.2657 -0.3496 3.1713, -0.128 -0.3017 3.1204, -0.2657 -0.3017 3.1204, -0.128 -0.2659 3.0605, -0.2657 -0.2659 3.0605, -0.128 -0.2437 2.9942, -0.2657 -0.2437 2.9942, -0.128 -0.6512 3.4301, -0.2657 -0.6512 3.4301, -0.128 -0.7028 3.5421, -0.2657 -0.7028 3.5421, -0.2657 -0.6993 3.5106, -0.128 -0.6993 3.5106, -0.2657 -0.6893 3.4805, -0.128 -0.6893 3.4805, -0.2657 -0.673 3.4532, -0.128 -0.673 3.4532, -0.128 -0.7028 4.1732, -0.2657 -0.7028 4.1732, -0.128 -0.565 4.1732, -0.2657 -0.565 4.1732, -0.128 -0.565 3.5421, -0.2657 -0.565 3.5421, -0.128 -0.5615 3.5347, -0.2657 -0.5615 3.5347, -0.128 -0.563 3.5362, -0.2657 -0.563 3.5362, -0.128 -0.5641 3.538, -0.2657 -0.5641 3.538, -0.128 -0.5647 3.54, -0.2657 -0.5647 3.54, -0.128 -0.2599 3.2759, -0.2657 -0.2599 3.2759, -0.128 -0.0984 2.9248, -0.2657 -0.0984 2.9248, -0.2657 -0.1091 3.0237, -0.128 -0.1091 3.0237, -0.2657 -0.1407 3.118, -0.128 -0.1407 3.118, -0.2657 -0.1918 3.2034, -0.128 -0.1918 3.2034, -0.128 -0.0984 2.6429, -0.2657 -0.0984 2.6429, -0.128 -0.1604 2.4116, -0.2657 -0.1604 2.4116, -0.2657 -0.1263 2.4847, -0.128 -0.1263 2.4847, -0.2657 -0.1055 2.5626, -0.128 -0.1055 2.5626, -0.128 -0.738 1.4112, -0.2657 -0.738 1.4112, -0.128 -0.7815 1.2488, -0.2657 -0.7815 1.2488, -0.128 -0.7704 1.3329, -0.2657 -0.7704 1.3329, -0.128 -0.7815 0.3701, -0.2657 -0.7815 0.3701, -0.128 -1.0472 0.1043, -0.2657 -1.0472 0.1043, -0.2657 -0.9785 0.1134, -0.128 -0.9785 0.1134, -0.2657 -0.9144 0.1399, -0.128 -0.9144 0.1399, -0.2657 -0.8593 0.1822, -0.128 -0.8593 0.1822, -0.2657 -0.8171 0.2372, -0.128 -0.8171 0.2372, -0.2657 -0.7906 0.3013, -0.128 -0.7906 0.3013, -0.128 -1.1861 -0.0022, -0.2657 -1.1861 -0.0022, -0.128 -1.1717 0.0325, -0.2657 -1.1717 0.0325, -0.128 -1.1489 0.0622, -0.2657 -1.1489 0.0622, -0.128 -1.1191 0.0851, -0.2657 -1.1191 0.0851, -0.128 -1.0844 0.0994, -0.2657 -1.0844 0.0994, -0.9154 -1.1909 -0.0394, -0.9154 -1.1909 -1.1517, -1.0531 -1.1909 -0.0394, -1.0531 -1.1909 -1.1517, -1.0138 -1.2894 -1.2598, -1.0138 -1.2303 -1.2598, -0.9547 -1.2894 -1.2598, -0.9547 -1.2303 -1.2598, -1.0531 -1.3287 -0.0394, -1.0531 -1.3287 -1.1517, -0.9154 -1.3287 -0.0394, -0.9154 -1.3287 -1.1517, -0.9154 -1.0472 0.2421, -1.0531 -1.0472 0.2421, -1.0531 -1.1201 0.2325, -0.9154 -1.1201 0.2325, -1.0531 -1.188 0.2044, -0.9154 -1.188 0.2044, -1.0531 -1.2463 0.1597, -0.9154 -1.2463 0.1597, -1.0531 -1.291 0.1014, -0.9154 -1.291 0.1014, -1.0531 -1.3192 0.0335, -0.9154 -1.3192 0.0335, -0.9154 -0.9193 0.3701, -1.0531 -0.9193 0.3701, -0.9154 -0.9237 0.337, -1.0531 -0.9237 0.337, -0.9154 -0.9364 0.3061, -1.0531 -0.9364 0.3061, -0.9154 -0.9568 0.2796, -1.0531 -0.9568 0.2796, -0.9154 -0.9833 0.2593, -1.0531 -0.9833 0.2593, -0.9154 -1.0141 0.2465, -1.0531 -1.0141 0.2465, -0.9154 -0.9193 1.2488, -1.0531 -0.9193 1.2488, -0.9154 -0.8573 1.4801, -1.0531 -0.8573 1.4801, -1.0531 -0.8914 1.4071, -0.9154 -0.8914 1.4071, -1.0531 -0.9123 1.3292, -0.9154 -0.9123 1.3292, -0.9154 -0.2797 2.4805, -1.0531 -0.2797 2.4805, -0.9154 -0.2362 2.6429, -1.0531 -0.2362 2.6429, -0.9154 -0.2473 2.5589, -1.0531 -0.2473 2.5589, -0.9154 -0.2362 2.9248, -1.0531 -0.2362 2.9248, -0.9154 -0.3496 3.1713, -1.0531 -0.3496 3.1713, -0.9154 -0.3017 3.1204, -1.0531 -0.3017 3.1204, -0.9154 -0.2659 3.0605, -1.0531 -0.2659 3.0605, -0.9154 -0.2437 2.9942, -1.0531 -0.2437 2.9942, -0.9154 -0.6512 3.4301, -1.0531 -0.6512 3.4301, -0.9154 -0.7028 3.5421, -1.0531 -0.7028 3.5421, -1.0531 -0.6993 3.5106, -0.9154 -0.6993 3.5106, -1.0531 -0.6893 3.4805, -0.9154 -0.6893 3.4805, -1.0531 -0.673 3.4532, -0.9154 -0.673 3.4532, -0.9154 -0.7028 4.1732, -1.0531 -0.7028 4.1732, -0.9154 -0.565 4.1732, -1.0531 -0.565 4.1732, -0.9154 -0.565 3.5421, -1.0531 -0.565 3.5421, -0.9154 -0.5615 3.5347, -1.0531 -0.5615 3.5347, -0.9154 -0.563 3.5362, -1.0531 -0.563 3.5362, -0.9154 -0.5641 3.538, -1.0531 -0.5641 3.538, -0.9154 -0.5647 3.54, -1.0531 -0.5647 3.54, -0.9154 -0.2599 3.2759, -1.0531 -0.2599 3.2759, -0.9154 -0.0984 2.9248, -1.0531 -0.0984 2.9248, -1.0531 -0.1091 3.0237, -0.9154 -0.1091 3.0237, -1.0531 -0.1407 3.118, -0.9154 -0.1407 3.118, -1.0531 -0.1918 3.2034, -0.9154 -0.1918 3.2034, -0.9154 -0.0984 2.6429, -1.0531 -0.0984 2.6429, -0.9154 -0.1604 2.4116, -1.0531 -0.1604 2.4116, -1.0531 -0.1263 2.4847, -0.9154 -0.1263 2.4847, -1.0531 -0.1055 2.5626, -0.9154 -0.1055 2.5626, -0.9154 -0.738 1.4112, -1.0531 -0.738 1.4112, -0.9154 -0.7815 1.2488, -1.0531 -0.7815 1.2488, -0.9154 -0.7704 1.3329, -1.0531 -0.7704 1.3329, -0.9154 -0.7815 0.3701, -1.0531 -0.7815 0.3701, -0.9154 -1.0472 0.1043, -1.0531 -1.0472 0.1043, -1.0531 -0.9785 0.1134, -0.9154 -0.9785 0.1134, -1.0531 -0.9144 0.1399, -0.9154 -0.9144 0.1399, -1.0531 -0.8593 0.1822, -0.9154 -0.8593 0.1822, -1.0531 -0.8171 0.2372, -0.9154 -0.8171 0.2372, -1.0531 -0.7906 0.3013, -0.9154 -0.7906 0.3013, -0.9154 -1.1861 -0.0022, -1.0531 -1.1861 -0.0022, -0.9154 -1.1717 0.0325, -1.0531 -1.1717 0.0325, -0.9154 -1.1489 0.0622, -1.0531 -1.1489 0.0622, -0.9154 -1.1191 0.0851, -1.0531 -1.1191 0.0851, -0.9154 -1.0844 0.0994, -1.0531 -1.0844 0.0994, -1.7028 -1.1909 -0.0394, -1.7028 -1.1909 -1.1517, -1.8406 -1.1909 -0.0394, -1.8406 -1.1909 -1.1517, -1.8012 -1.2894 -1.2598, -1.8012 -1.2303 -1.2598, -1.7421 -1.2894 -1.2598, -1.7421 -1.2303 -1.2598, -1.8406 -1.3287 -0.0394, -1.8406 -1.3287 -1.1517, -1.7028 -1.3287 -0.0394, -1.7028 -1.3287 -1.1517, -1.7028 -1.0472 0.2421, -1.8406 -1.0472 0.2421, -1.8406 -1.1201 0.2325, -1.7028 -1.1201 0.2325, -1.8406 -1.188 0.2044, -1.7028 -1.188 0.2044, -1.8406 -1.2463 0.1597, -1.7028 -1.2463 0.1597, -1.8406 -1.291 0.1014, -1.7028 -1.291 0.1014, -1.8406 -1.3192 0.0335, -1.7028 -1.3192 0.0335, -1.7028 -0.9193 0.3701, -1.8406 -0.9193 0.3701, -1.7028 -0.9237 0.337, -1.8406 -0.9237 0.337, -1.7028 -0.9364 0.3061, -1.8406 -0.9364 0.3061, -1.7028 -0.9568 0.2796, -1.8406 -0.9568 0.2796, -1.7028 -0.9833 0.2593, -1.8406 -0.9833 0.2593, -1.7028 -1.0141 0.2465, -1.8406 -1.0141 0.2465, -1.7028 -0.9193 1.2488, -1.8406 -0.9193 1.2488, -1.7028 -0.8573 1.4801, -1.8406 -0.8573 1.4801, -1.8406 -0.8914 1.4071, -1.7028 -0.8914 1.4071, -1.8406 -0.9123 1.3292, -1.7028 -0.9123 1.3292, -1.7028 -0.2797 2.4805, -1.8406 -0.2797 2.4805, -1.7028 -0.2362 2.6429, -1.8406 -0.2362 2.6429, -1.7028 -0.2473 2.5589, -1.8406 -0.2473 2.5589, -1.7028 -0.2362 2.9248, -1.8406 -0.2362 2.9248, -1.7028 -0.3496 3.1713, -1.8406 -0.3496 3.1713, -1.7028 -0.3017 3.1204, -1.8406 -0.3017 3.1204, -1.7028 -0.2659 3.0605, -1.8406 -0.2659 3.0605, -1.7028 -0.2437 2.9942, -1.8406 -0.2437 2.9942, -1.7028 -0.6512 3.4301, -1.8406 -0.6512 3.4301, -1.7028 -0.7028 3.5421, -1.8406 -0.7028 3.5421, -1.8406 -0.6993 3.5106, -1.7028 -0.6993 3.5106, -1.8406 -0.6893 3.4805, -1.7028 -0.6893 3.4805, -1.8406 -0.673 3.4532, -1.7028 -0.673 3.4532, -1.7028 -0.7028 4.1732, -1.8406 -0.7028 4.1732, -1.7028 -0.565 4.1732, -1.8406 -0.565 4.1732, -1.7028 -0.565 3.5421, -1.8406 -0.565 3.5421, -1.7028 -0.5615 3.5347, -1.8406 -0.5615 3.5347, -1.7028 -0.563 3.5362, -1.8406 -0.563 3.5362, -1.7028 -0.5641 3.538, -1.8406 -0.5641 3.538, -1.7028 -0.5647 3.54, -1.8406 -0.5647 3.54, -1.7028 -0.2599 3.2759, -1.8406 -0.2599 3.2759, -1.7028 -0.0984 2.9248, -1.8406 -0.0984 2.9248, -1.8406 -0.1091 3.0237, -1.7028 -0.1091 3.0237, -1.8406 -0.1407 3.118, -1.7028 -0.1407 3.118, -1.8406 -0.1918 3.2034, -1.7028 -0.1918 3.2034, -1.7028 -0.0984 2.6429, -1.8406 -0.0984 2.6429, -1.7028 -0.1604 2.4116, -1.8406 -0.1604 2.4116, -1.8406 -0.1263 2.4847, -1.7028 -0.1263 2.4847, -1.8406 -0.1055 2.5626, -1.7028 -0.1055 2.5626, -1.7028 -0.738 1.4112, -1.8406 -0.738 1.4112, -1.7028 -0.7815 1.2488, -1.8406 -0.7815 1.2488, -1.7028 -0.7704 1.3329, -1.8406 -0.7704 1.3329, -1.7028 -0.7815 0.3701, -1.8406 -0.7815 0.3701, -1.7028 -1.0472 0.1043, -1.8406 -1.0472 0.1043, -1.8406 -0.9785 0.1134, -1.7028 -0.9785 0.1134, -1.8406 -0.9144 0.1399, -1.7028 -0.9144 0.1399, -1.8406 -0.8593 0.1822, -1.7028 -0.8593 0.1822, -1.8406 -0.8171 0.2372, -1.7028 -0.8171 0.2372, -1.8406 -0.7906 0.3013, -1.7028 -0.7906 0.3013, -1.7028 -1.1861 -0.0022, -1.8406 -1.1861 -0.0022, -1.7028 -1.1717 0.0325, -1.8406 -1.1717 0.0325, -1.7028 -1.1489 0.0622, -1.8406 -1.1489 0.0622, -1.7028 -1.1191 0.0851, -1.8406 -1.1191 0.0851, -1.7028 -1.0844 0.0994, -1.8406 -1.0844 0.0994, -2.4902 -1.1909 -0.0394, -2.4902 -1.1909 -1.1517, -2.628 -1.1909 -0.0394, -2.628 -1.1909 -1.1517, -2.5886 -1.2894 -1.2598, -2.5886 -1.2303 -1.2598, -2.5295 -1.2894 -1.2598, -2.5295 -1.2303 -1.2598, -2.628 -1.3287 -0.0394, -2.628 -1.3287 -1.1517, -2.4902 -1.3287 -0.0394, -2.4902 -1.3287 -1.1517, -2.4902 -1.0472 0.2421, -2.628 -1.0472 0.2421, -2.628 -1.1201 0.2325, -2.4902 -1.1201 0.2325, -2.628 -1.188 0.2044, -2.4902 -1.188 0.2044, -2.628 -1.2463 0.1597, -2.4902 -1.2463 0.1597, -2.628 -1.291 0.1014, -2.4902 -1.291 0.1014, -2.628 -1.3192 0.0335, -2.4902 -1.3192 0.0335, -2.4902 -0.9193 0.3701, -2.628 -0.9193 0.3701, -2.4902 -0.9237 0.337, -2.628 -0.9237 0.337, -2.4902 -0.9364 0.3061, -2.628 -0.9364 0.3061, -2.4902 -0.9568 0.2796, -2.628 -0.9568 0.2796, -2.4902 -0.9833 0.2593, -2.628 -0.9833 0.2593, -2.4902 -1.0141 0.2465, -2.628 -1.0141 0.2465, -2.4902 -0.9193 1.2488, -2.628 -0.9193 1.2488, -2.4902 -0.8573 1.4801, -2.628 -0.8573 1.4801, -2.628 -0.8914 1.4071, -2.4902 -0.8914 1.4071, -2.628 -0.9123 1.3292, -2.4902 -0.9123 1.3292, -2.4902 -0.2797 2.4805, -2.628 -0.2797 2.4805, -2.4902 -0.2362 2.6429, -2.628 -0.2362 2.6429, -2.4902 -0.2473 2.5589, -2.628 -0.2473 2.5589, -2.4902 -0.2362 2.9248, -2.628 -0.2362 2.9248, -2.4902 -0.3496 3.1713, -2.628 -0.3496 3.1713, -2.4902 -0.3017 3.1204, -2.628 -0.3017 3.1204, -2.4902 -0.2659 3.0605, -2.628 -0.2659 3.0605, -2.4902 -0.2437 2.9942, -2.628 -0.2437 2.9942, -2.4902 -0.6512 3.4301, -2.628 -0.6512 3.4301, -2.4902 -0.7028 3.5421, -2.628 -0.7028 3.5421, -2.628 -0.6993 3.5106, -2.4902 -0.6993 3.5106, -2.628 -0.6893 3.4805, -2.4902 -0.6893 3.4805, -2.628 -0.673 3.4532, -2.4902 -0.673 3.4532, -2.4902 -0.7028 4.1732, -2.628 -0.7028 4.1732, -2.4902 -0.565 4.1732, -2.628 -0.565 4.1732, -2.4902 -0.565 3.5421, -2.628 -0.565 3.5421, -2.4902 -0.5615 3.5347, -2.628 -0.5615 3.5347, -2.4902 -0.563 3.5362, -2.628 -0.563 3.5362, -2.4902 -0.5641 3.538, -2.628 -0.5641 3.538, -2.4902 -0.5647 3.54, -2.628 -0.5647 3.54, -2.4902 -0.2599 3.2759, -2.628 -0.2599 3.2759, -2.4902 -0.0984 2.9248, -2.628 -0.0984 2.9248, -2.628 -0.1091 3.0237, -2.4902 -0.1091 3.0237, -2.628 -0.1407 3.118, -2.4902 -0.1407 3.118, -2.628 -0.1918 3.2034, -2.4902 -0.1918 3.2034, -2.4902 -0.0984 2.6429, -2.628 -0.0984 2.6429, -2.4902 -0.1604 2.4116, -2.628 -0.1604 2.4116, -2.628 -0.1263 2.4847, -2.4902 -0.1263 2.4847, -2.628 -0.1055 2.5626, -2.4902 -0.1055 2.5626, -2.4902 -0.738 1.4112, -2.628 -0.738 1.4112, -2.4902 -0.7815 1.2488, -2.628 -0.7815 1.2488, -2.4902 -0.7704 1.3329, -2.628 -0.7704 1.3329, -2.4902 -0.7815 0.3701, -2.628 -0.7815 0.3701, -2.4902 -1.0472 0.1043, -2.628 -1.0472 0.1043, -2.628 -0.9785 0.1134, -2.4902 -0.9785 0.1134, -2.628 -0.9144 0.1399, -2.4902 -0.9144 0.1399, -2.628 -0.8593 0.1822, -2.4902 -0.8593 0.1822, -2.628 -0.8171 0.2372, -2.4902 -0.8171 0.2372, -2.628 -0.7906 0.3013, -2.4902 -0.7906 0.3013, -2.4902 -1.1861 -0.0022, -2.628 -1.1861 -0.0022, -2.4902 -1.1717 0.0325, -2.628 -1.1717 0.0325, -2.4902 -1.1489 0.0622, -2.628 -1.1489 0.0622, -2.4902 -1.1191 0.0851, -2.628 -1.1191 0.0851, -2.4902 -1.0844 0.0994, -2.628 -1.0844 0.0994, -3.2776 -1.1909 -0.0394, -3.2776 -1.1909 -1.1517, -3.4154 -1.1909 -0.0394, -3.4154 -1.1909 -1.1517, -3.376 -1.2894 -1.2598, -3.376 -1.2303 -1.2598, -3.3169 -1.2894 -1.2598, -3.3169 -1.2303 -1.2598, -3.4154 -1.3287 -0.0394, -3.4154 -1.3287 -1.1517, -3.2776 -1.3287 -0.0394, -3.2776 -1.3287 -1.1517, -3.2776 -1.0472 0.2421, -3.4154 -1.0472 0.2421, -3.4154 -1.1201 0.2325, -3.2776 -1.1201 0.2325, -3.4154 -1.188 0.2044, -3.2776 -1.188 0.2044, -3.4154 -1.2463 0.1597, -3.2776 -1.2463 0.1597, -3.4154 -1.291 0.1014, -3.2776 -1.291 0.1014, -3.4154 -1.3192 0.0335, -3.2776 -1.3192 0.0335, -3.2776 -0.9193 0.3701, -3.4154 -0.9193 0.3701, -3.2776 -0.9237 0.337, -3.4154 -0.9237 0.337, -3.2776 -0.9364 0.3061, -3.4154 -0.9364 0.3061, -3.2776 -0.9568 0.2796, -3.4154 -0.9568 0.2796, -3.2776 -0.9833 0.2593, -3.4154 -0.9833 0.2593, -3.2776 -1.0141 0.2465, -3.4154 -1.0141 0.2465, -3.2776 -0.9193 1.2488, -3.4154 -0.9193 1.2488, -3.2776 -0.8573 1.4801, -3.4154 -0.8573 1.4801, -3.4154 -0.8914 1.4071, -3.2776 -0.8914 1.4071, -3.4154 -0.9123 1.3292, -3.2776 -0.9123 1.3292, -3.2776 -0.2797 2.4805, -3.4154 -0.2797 2.4805, -3.2776 -0.2362 2.6429, -3.4154 -0.2362 2.6429, -3.2776 -0.2473 2.5589, -3.4154 -0.2473 2.5589, -3.2776 -0.2362 2.9248, -3.4154 -0.2362 2.9248, -3.2776 -0.3496 3.1713, -3.4154 -0.3496 3.1713, -3.2776 -0.3017 3.1204, -3.4154 -0.3017 3.1204, -3.2776 -0.2659 3.0605, -3.4154 -0.2659 3.0605, -3.2776 -0.2437 2.9942, -3.4154 -0.2437 2.9942, -3.2776 -0.6512 3.4301, -3.4154 -0.6512 3.4301, -3.2776 -0.7028 3.5421, -3.4154 -0.7028 3.5421, -3.4154 -0.6993 3.5106, -3.2776 -0.6993 3.5106, -3.4154 -0.6893 3.4805, -3.2776 -0.6893 3.4805, -3.4154 -0.673 3.4532, -3.2776 -0.673 3.4532, -3.2776 -0.7028 4.1732, -3.4154 -0.7028 4.1732, -3.2776 -0.565 4.1732, -3.4154 -0.565 4.1732, -3.2776 -0.565 3.5421, -3.4154 -0.565 3.5421, -3.2776 -0.5615 3.5347, -3.4154 -0.5615 3.5347, -3.2776 -0.563 3.5362, -3.4154 -0.563 3.5362, -3.2776 -0.5641 3.538, -3.4154 -0.5641 3.538, -3.2776 -0.5647 3.54, -3.4154 -0.5647 3.54, -3.2776 -0.2599 3.2759, -3.4154 -0.2599 3.2759, -3.2776 -0.0984 2.9248, -3.4154 -0.0984 2.9248, -3.4154 -0.1091 3.0237, -3.2776 -0.1091 3.0237, -3.4154 -0.1407 3.118, -3.2776 -0.1407 3.118, -3.4154 -0.1918 3.2034, -3.2776 -0.1918 3.2034, -3.2776 -0.0984 2.6429, -3.4154 -0.0984 2.6429, -3.2776 -0.1604 2.4116, -3.4154 -0.1604 2.4116, -3.4154 -0.1263 2.4847, -3.2776 -0.1263 2.4847, -3.4154 -0.1055 2.5626, -3.2776 -0.1055 2.5626, -3.2776 -0.738 1.4112, -3.4154 -0.738 1.4112, -3.2776 -0.7815 1.2488, -3.4154 -0.7815 1.2488, -3.2776 -0.7704 1.3329, -3.4154 -0.7704 1.3329, -3.2776 -0.7815 0.3701, -3.4154 -0.7815 0.3701, -3.2776 -1.0472 0.1043, -3.4154 -1.0472 0.1043, -3.4154 -0.9785 0.1134, -3.2776 -0.9785 0.1134, -3.4154 -0.9144 0.1399, -3.2776 -0.9144 0.1399, -3.4154 -0.8593 0.1822, -3.2776 -0.8593 0.1822, -3.4154 -0.8171 0.2372, -3.2776 -0.8171 0.2372, -3.4154 -0.7906 0.3013, -3.2776 -0.7906 0.3013, -3.2776 -1.1861 -0.0022, -3.4154 -1.1861 -0.0022, -3.2776 -1.1717 0.0325, -3.4154 -1.1717 0.0325, -3.2776 -1.1489 0.0622, -3.4154 -1.1489 0.0622, -3.2776 -1.1191 0.0851, -3.4154 -1.1191 0.0851, -3.2776 -1.0844 0.0994, -3.4154 -1.0844 0.0994, 3.0217 1.2303 -1.1517, 3.0217 1.2303 -0.0394, 2.8839 1.2303 -1.1517, 2.8839 1.2303 -0.0394, 2.9232 1.2697 -1.2598, 2.9232 1.3287 -1.2598, 2.9823 1.2697 -1.2598, 2.9823 1.3287 -1.2598, 2.8839 1.3681 -1.1517, 2.8839 1.3681 -0.0394, 3.0217 1.3681 -1.1517, 3.0217 1.3681 -0.0394, 2.8839 1.3585 0.0335, 3.0217 1.3585 0.0335, 2.8839 1.3304 0.1014, 3.0217 1.3304 0.1014, 2.8839 1.2857 0.1597, 3.0217 1.2857 0.1597, 2.8839 1.2274 0.2044, 3.0217 1.2274 0.2044, 2.8839 1.1595 0.2325, 3.0217 1.1595 0.2325, 2.8839 1.0866 0.2421, 3.0217 1.0866 0.2421, 3.0217 1.0535 0.2465, 2.8839 1.0535 0.2465, 3.0217 1.0226 0.2593, 2.8839 1.0226 0.2593, 3.0217 0.9961 0.2796, 2.8839 0.9961 0.2796, 3.0217 0.9758 0.3061, 2.8839 0.9758 0.3061, 3.0217 0.963 0.337, 2.8839 0.963 0.337, 3.0217 0.9587 0.3701, 2.8839 0.9587 0.3701, 3.0217 0.9587 1.2488, 2.8839 0.9587 1.2488, 2.8839 0.9516 1.3292, 3.0217 0.9516 1.3292, 2.8839 0.9308 1.4071, 3.0217 0.9308 1.4071, 2.8839 0.8967 1.4801, 3.0217 0.8967 1.4801, 3.0217 0.3191 2.4805, 2.8839 0.3191 2.4805, 3.0217 0.2867 2.5589, 2.8839 0.2867 2.5589, 3.0217 0.2756 2.6429, 2.8839 0.2756 2.6429, 3.0217 0.2756 2.9248, 2.8839 0.2756 2.9248, 3.0217 0.2831 2.9942, 2.8839 0.2831 2.9942, 3.0217 0.3053 3.0605, 2.8839 0.3053 3.0605, 3.0217 0.3411 3.1204, 2.8839 0.3411 3.1204, 3.0217 0.3889 3.1713, 2.8839 0.3889 3.1713, 3.0217 0.6906 3.4301, 2.8839 0.6906 3.4301, 2.8839 0.7123 3.4532, 3.0217 0.7123 3.4532, 2.8839 0.7286 3.4805, 3.0217 0.7286 3.4805, 2.8839 0.7387 3.5106, 3.0217 0.7387 3.5106, 2.8839 0.7421 3.5421, 3.0217 0.7421 3.5421, 3.0217 0.7421 4.1732, 2.8839 0.7421 4.1732, 3.0217 0.6043 4.1732, 2.8839 0.6043 4.1732, 3.0217 0.6043 3.5421, 2.8839 0.6043 3.5421, 3.0217 0.6041 3.54, 2.8839 0.6041 3.54, 3.0217 0.6034 3.538, 2.8839 0.6034 3.538, 3.0217 0.6023 3.5362, 2.8839 0.6023 3.5362, 3.0217 0.6009 3.5347, 2.8839 0.6009 3.5347, 3.0217 0.2992 3.2759, 2.8839 0.2992 3.2759, 2.8839 0.2311 3.2034, 3.0217 0.2311 3.2034, 2.8839 0.1801 3.118, 3.0217 0.1801 3.118, 2.8839 0.1485 3.0237, 3.0217 0.1485 3.0237, 2.8839 0.1378 2.9248, 3.0217 0.1378 2.9248, 3.0217 0.1378 2.6429, 2.8839 0.1378 2.6429, 2.8839 0.1448 2.5626, 3.0217 0.1448 2.5626, 2.8839 0.1657 2.4847, 3.0217 0.1657 2.4847, 2.8839 0.1998 2.4116, 3.0217 0.1998 2.4116, 3.0217 0.7773 1.4112, 2.8839 0.7773 1.4112, 3.0217 0.8098 1.3329, 2.8839 0.8098 1.3329, 3.0217 0.8209 1.2488, 2.8839 0.8209 1.2488, 3.0217 0.8209 0.3701, 2.8839 0.8209 0.3701, 2.8839 0.8299 0.3013, 3.0217 0.8299 0.3013, 2.8839 0.8565 0.2372, 3.0217 0.8565 0.2372, 2.8839 0.8987 0.1822, 3.0217 0.8987 0.1822, 2.8839 0.9537 0.1399, 3.0217 0.9537 0.1399, 2.8839 1.0178 0.1134, 3.0217 1.0178 0.1134, 2.8839 1.0866 0.1043, 3.0217 1.0866 0.1043, 3.0217 1.1238 0.0994, 2.8839 1.1238 0.0994, 3.0217 1.1585 0.0851, 2.8839 1.1585 0.0851, 3.0217 1.1882 0.0622, 2.8839 1.1882 0.0622, 3.0217 1.2111 0.0325, 2.8839 1.2111 0.0325, 3.0217 1.2254 -0.0022, 2.8839 1.2254 -0.0022, 2.2343 1.2303 -1.1517, 2.2343 1.2303 -0.0394, 2.0965 1.2303 -1.1517, 2.0965 1.2303 -0.0394, 2.1358 1.2697 -1.2598, 2.1358 1.3287 -1.2598, 2.1949 1.2697 -1.2598, 2.1949 1.3287 -1.2598, 2.0965 1.3681 -1.1517, 2.0965 1.3681 -0.0394, 2.2343 1.3681 -1.1517, 2.2343 1.3681 -0.0394, 2.0965 1.3585 0.0335, 2.2343 1.3585 0.0335, 2.0965 1.3304 0.1014, 2.2343 1.3304 0.1014, 2.0965 1.2857 0.1597, 2.2343 1.2857 0.1597, 2.0965 1.2274 0.2044, 2.2343 1.2274 0.2044, 2.0965 1.1595 0.2325, 2.2343 1.1595 0.2325, 2.0965 1.0866 0.2421, 2.2343 1.0866 0.2421, 2.2343 1.0535 0.2465, 2.0965 1.0535 0.2465, 2.2343 1.0226 0.2593, 2.0965 1.0226 0.2593, 2.2343 0.9961 0.2796, 2.0965 0.9961 0.2796, 2.2343 0.9758 0.3061, 2.0965 0.9758 0.3061, 2.2343 0.963 0.337, 2.0965 0.963 0.337, 2.2343 0.9587 0.3701, 2.0965 0.9587 0.3701, 2.2343 0.9587 1.2488, 2.0965 0.9587 1.2488, 2.0965 0.9516 1.3292, 2.2343 0.9516 1.3292, 2.0965 0.9308 1.4071, 2.2343 0.9308 1.4071, 2.0965 0.8967 1.4801, 2.2343 0.8967 1.4801, 2.2343 0.3191 2.4805, 2.0965 0.3191 2.4805, 2.2343 0.2867 2.5589, 2.0965 0.2867 2.5589, 2.2343 0.2756 2.6429, 2.0965 0.2756 2.6429, 2.2343 0.2756 2.9248, 2.0965 0.2756 2.9248, 2.2343 0.2831 2.9942, 2.0965 0.2831 2.9942, 2.2343 0.3053 3.0605, 2.0965 0.3053 3.0605, 2.2343 0.3411 3.1204, 2.0965 0.3411 3.1204, 2.2343 0.3889 3.1713, 2.0965 0.3889 3.1713, 2.2343 0.6906 3.4301, 2.0965 0.6906 3.4301, 2.0965 0.7123 3.4532, 2.2343 0.7123 3.4532, 2.0965 0.7286 3.4805, 2.2343 0.7286 3.4805, 2.0965 0.7387 3.5106, 2.2343 0.7387 3.5106, 2.0965 0.7421 3.5421, 2.2343 0.7421 3.5421, 2.2343 0.7421 4.1732, 2.0965 0.7421 4.1732, 2.2343 0.6043 4.1732, 2.0965 0.6043 4.1732, 2.2343 0.6043 3.5421, 2.0965 0.6043 3.5421, 2.2343 0.6041 3.54, 2.0965 0.6041 3.54, 2.2343 0.6034 3.538, 2.0965 0.6034 3.538, 2.2343 0.6023 3.5362, 2.0965 0.6023 3.5362, 2.2343 0.6009 3.5347, 2.0965 0.6009 3.5347, 2.2343 0.2992 3.2759, 2.0965 0.2992 3.2759, 2.0965 0.2311 3.2034, 2.2343 0.2311 3.2034, 2.0965 0.1801 3.118, 2.2343 0.1801 3.118, 2.0965 0.1485 3.0237, 2.2343 0.1485 3.0237, 2.0965 0.1378 2.9248, 2.2343 0.1378 2.9248, 2.2343 0.1378 2.6429, 2.0965 0.1378 2.6429, 2.0965 0.1448 2.5626, 2.2343 0.1448 2.5626, 2.0965 0.1657 2.4847, 2.2343 0.1657 2.4847, 2.0965 0.1998 2.4116, 2.2343 0.1998 2.4116, 2.2343 0.7773 1.4112, 2.0965 0.7773 1.4112, 2.2343 0.8098 1.3329, 2.0965 0.8098 1.3329, 2.2343 0.8209 1.2488, 2.0965 0.8209 1.2488, 2.2343 0.8209 0.3701, 2.0965 0.8209 0.3701, 2.0965 0.8299 0.3013, 2.2343 0.8299 0.3013, 2.0965 0.8565 0.2372, 2.2343 0.8565 0.2372, 2.0965 0.8987 0.1822, 2.2343 0.8987 0.1822, 2.0965 0.9537 0.1399, 2.2343 0.9537 0.1399, 2.0965 1.0178 0.1134, 2.2343 1.0178 0.1134, 2.0965 1.0866 0.1043, 2.2343 1.0866 0.1043, 2.2343 1.1238 0.0994, 2.0965 1.1238 0.0994, 2.2343 1.1585 0.0851, 2.0965 1.1585 0.0851, 2.2343 1.1882 0.0622, 2.0965 1.1882 0.0622, 2.2343 1.2111 0.0325, 2.0965 1.2111 0.0325, 2.2343 1.2254 -0.0022, 2.0965 1.2254 -0.0022, 1.4469 1.2303 -1.1517, 1.4469 1.2303 -0.0394, 1.3091 1.2303 -1.1517, 1.3091 1.2303 -0.0394, 1.3484 1.2697 -1.2598, 1.3484 1.3287 -1.2598, 1.4075 1.2697 -1.2598, 1.4075 1.3287 -1.2598, 1.3091 1.3681 -1.1517, 1.3091 1.3681 -0.0394, 1.4469 1.3681 -1.1517, 1.4469 1.3681 -0.0394, 1.3091 1.3585 0.0335, 1.4469 1.3585 0.0335, 1.3091 1.3304 0.1014, 1.4469 1.3304 0.1014, 1.3091 1.2857 0.1597, 1.4469 1.2857 0.1597, 1.3091 1.2274 0.2044, 1.4469 1.2274 0.2044, 1.3091 1.1595 0.2325, 1.4469 1.1595 0.2325, 1.3091 1.0866 0.2421, 1.4469 1.0866 0.2421, 1.4469 1.0535 0.2465, 1.3091 1.0535 0.2465, 1.4469 1.0226 0.2593, 1.3091 1.0226 0.2593, 1.4469 0.9961 0.2796, 1.3091 0.9961 0.2796, 1.4469 0.9758 0.3061, 1.3091 0.9758 0.3061, 1.4469 0.963 0.337, 1.3091 0.963 0.337, 1.4469 0.9587 0.3701, 1.3091 0.9587 0.3701, 1.4469 0.9587 1.2488, 1.3091 0.9587 1.2488, 1.3091 0.9516 1.3292, 1.4469 0.9516 1.3292, 1.3091 0.9308 1.4071, 1.4469 0.9308 1.4071, 1.3091 0.8967 1.4801, 1.4469 0.8967 1.4801, 1.4469 0.3191 2.4805, 1.3091 0.3191 2.4805, 1.4469 0.2867 2.5589, 1.3091 0.2867 2.5589, 1.4469 0.2756 2.6429, 1.3091 0.2756 2.6429, 1.4469 0.2756 2.9248, 1.3091 0.2756 2.9248, 1.4469 0.2831 2.9942, 1.3091 0.2831 2.9942, 1.4469 0.3053 3.0605, 1.3091 0.3053 3.0605, 1.4469 0.3411 3.1204, 1.3091 0.3411 3.1204, 1.4469 0.3889 3.1713, 1.3091 0.3889 3.1713, 1.4469 0.6906 3.4301, 1.3091 0.6906 3.4301, 1.3091 0.7123 3.4532, 1.4469 0.7123 3.4532, 1.3091 0.7286 3.4805, 1.4469 0.7286 3.4805, 1.3091 0.7387 3.5106, 1.4469 0.7387 3.5106, 1.3091 0.7421 3.5421, 1.4469 0.7421 3.5421, 1.4469 0.7421 4.1732, 1.3091 0.7421 4.1732, 1.4469 0.6043 4.1732, 1.3091 0.6043 4.1732, 1.4469 0.6043 3.5421, 1.3091 0.6043 3.5421, 1.4469 0.6041 3.54, 1.3091 0.6041 3.54, 1.4469 0.6034 3.538, 1.3091 0.6034 3.538, 1.4469 0.6023 3.5362, 1.3091 0.6023 3.5362, 1.4469 0.6009 3.5347, 1.3091 0.6009 3.5347, 1.4469 0.2992 3.2759, 1.3091 0.2992 3.2759, 1.3091 0.2311 3.2034, 1.4469 0.2311 3.2034, 1.3091 0.1801 3.118, 1.4469 0.1801 3.118, 1.3091 0.1485 3.0237, 1.4469 0.1485 3.0237, 1.3091 0.1378 2.9248, 1.4469 0.1378 2.9248, 1.4469 0.1378 2.6429, 1.3091 0.1378 2.6429, 1.3091 0.1448 2.5626, 1.4469 0.1448 2.5626, 1.3091 0.1657 2.4847, 1.4469 0.1657 2.4847, 1.3091 0.1998 2.4116, 1.4469 0.1998 2.4116, 1.4469 0.7773 1.4112, 1.3091 0.7773 1.4112, 1.4469 0.8098 1.3329, 1.3091 0.8098 1.3329, 1.4469 0.8209 1.2488, 1.3091 0.8209 1.2488, 1.4469 0.8209 0.3701, 1.3091 0.8209 0.3701, 1.3091 0.8299 0.3013, 1.4469 0.8299 0.3013, 1.3091 0.8565 0.2372, 1.4469 0.8565 0.2372, 1.3091 0.8987 0.1822, 1.4469 0.8987 0.1822, 1.3091 0.9537 0.1399, 1.4469 0.9537 0.1399, 1.3091 1.0178 0.1134, 1.4469 1.0178 0.1134, 1.3091 1.0866 0.1043, 1.4469 1.0866 0.1043, 1.4469 1.1238 0.0994, 1.3091 1.1238 0.0994, 1.4469 1.1585 0.0851, 1.3091 1.1585 0.0851, 1.4469 1.1882 0.0622, 1.3091 1.1882 0.0622, 1.4469 1.2111 0.0325, 1.3091 1.2111 0.0325, 1.4469 1.2254 -0.0022, 1.3091 1.2254 -0.0022, -0.128 1.2303 -1.1517, -0.128 1.2303 -0.0394, -0.2657 1.2303 -1.1517, -0.2657 1.2303 -0.0394, -0.2264 1.2697 -1.2598, -0.2264 1.3287 -1.2598, -0.1673 1.2697 -1.2598, -0.1673 1.3287 -1.2598, -0.2657 1.3681 -1.1517, -0.2657 1.3681 -0.0394, -0.128 1.3681 -1.1517, -0.128 1.3681 -0.0394, -0.2657 1.3585 0.0335, -0.128 1.3585 0.0335, -0.2657 1.3304 0.1014, -0.128 1.3304 0.1014, -0.2657 1.2857 0.1597, -0.128 1.2857 0.1597, -0.2657 1.2274 0.2044, -0.128 1.2274 0.2044, -0.2657 1.1595 0.2325, -0.128 1.1595 0.2325, -0.2657 1.0866 0.2421, -0.128 1.0866 0.2421, -0.128 1.0535 0.2465, -0.2657 1.0535 0.2465, -0.128 1.0226 0.2593, -0.2657 1.0226 0.2593, -0.128 0.9961 0.2796, -0.2657 0.9961 0.2796, -0.128 0.9758 0.3061, -0.2657 0.9758 0.3061, -0.128 0.963 0.337, -0.2657 0.963 0.337, -0.128 0.9587 0.3701, -0.2657 0.9587 0.3701, -0.128 0.9587 1.2488, -0.2657 0.9587 1.2488, -0.2657 0.9516 1.3292, -0.128 0.9516 1.3292, -0.2657 0.9308 1.4071, -0.128 0.9308 1.4071, -0.2657 0.8967 1.4801, -0.128 0.8967 1.4801, -0.128 0.3191 2.4805, -0.2657 0.3191 2.4805, -0.128 0.2867 2.5589, -0.2657 0.2867 2.5589, -0.128 0.2756 2.6429, -0.2657 0.2756 2.6429, -0.128 0.2756 2.9248, -0.2657 0.2756 2.9248, -0.128 0.2831 2.9942, -0.2657 0.2831 2.9942, -0.128 0.3053 3.0605, -0.2657 0.3053 3.0605, -0.128 0.3411 3.1204, -0.2657 0.3411 3.1204, -0.128 0.3889 3.1713, -0.2657 0.3889 3.1713, -0.128 0.6906 3.4301, -0.2657 0.6906 3.4301, -0.2657 0.7123 3.4532, -0.128 0.7123 3.4532, -0.2657 0.7286 3.4805, -0.128 0.7286 3.4805, -0.2657 0.7387 3.5106, -0.128 0.7387 3.5106, -0.2657 0.7421 3.5421, -0.128 0.7421 3.5421, -0.128 0.7421 4.1732, -0.2657 0.7421 4.1732, -0.128 0.6043 4.1732, -0.2657 0.6043 4.1732, -0.128 0.6043 3.5421, -0.2657 0.6043 3.5421, -0.128 0.6041 3.54, -0.2657 0.6041 3.54, -0.128 0.6034 3.538, -0.2657 0.6034 3.538, -0.128 0.6023 3.5362, -0.2657 0.6023 3.5362, -0.128 0.6009 3.5347, -0.2657 0.6009 3.5347, -0.128 0.2992 3.2759, -0.2657 0.2992 3.2759, -0.2657 0.2311 3.2034, -0.128 0.2311 3.2034, -0.2657 0.1801 3.118, -0.128 0.1801 3.118, -0.2657 0.1485 3.0237, -0.128 0.1485 3.0237, -0.2657 0.1378 2.9248, -0.128 0.1378 2.9248, -0.128 0.1378 2.6429, -0.2657 0.1378 2.6429, -0.2657 0.1448 2.5626, -0.128 0.1448 2.5626, -0.2657 0.1657 2.4847, -0.128 0.1657 2.4847, -0.2657 0.1998 2.4116, -0.128 0.1998 2.4116, -0.128 0.7773 1.4112, -0.2657 0.7773 1.4112, -0.128 0.8098 1.3329, -0.2657 0.8098 1.3329, -0.128 0.8209 1.2488, -0.2657 0.8209 1.2488, -0.128 0.8209 0.3701, -0.2657 0.8209 0.3701, -0.2657 0.8299 0.3013, -0.128 0.8299 0.3013, -0.2657 0.8565 0.2372, -0.128 0.8565 0.2372, -0.2657 0.8987 0.1822, -0.128 0.8987 0.1822, -0.2657 0.9537 0.1399, -0.128 0.9537 0.1399, -0.2657 1.0178 0.1134, -0.128 1.0178 0.1134, -0.2657 1.0866 0.1043, -0.128 1.0866 0.1043, -0.128 1.1238 0.0994, -0.2657 1.1238 0.0994, -0.128 1.1585 0.0851, -0.2657 1.1585 0.0851, -0.128 1.1882 0.0622, -0.2657 1.1882 0.0622, -0.128 1.2111 0.0325, -0.2657 1.2111 0.0325, -0.128 1.2254 -0.0022, -0.2657 1.2254 -0.0022, -0.9154 1.2303 -1.1517, -0.9154 1.2303 -0.0394, -1.0531 1.2303 -1.1517, -1.0531 1.2303 -0.0394, -1.0138 1.2697 -1.2598, -1.0138 1.3287 -1.2598, -0.9547 1.2697 -1.2598, -0.9547 1.3287 -1.2598, -1.0531 1.3681 -1.1517, -1.0531 1.3681 -0.0394, -0.9154 1.3681 -1.1517, -0.9154 1.3681 -0.0394, -1.0531 1.3585 0.0335, -0.9154 1.3585 0.0335, -1.0531 1.3304 0.1014, -0.9154 1.3304 0.1014, -1.0531 1.2857 0.1597, -0.9154 1.2857 0.1597, -1.0531 1.2274 0.2044, -0.9154 1.2274 0.2044, -1.0531 1.1595 0.2325, -0.9154 1.1595 0.2325, -1.0531 1.0866 0.2421, -0.9154 1.0866 0.2421, -0.9154 1.0535 0.2465, -1.0531 1.0535 0.2465, -0.9154 1.0226 0.2593, -1.0531 1.0226 0.2593, -0.9154 0.9961 0.2796, -1.0531 0.9961 0.2796, -0.9154 0.9758 0.3061, -1.0531 0.9758 0.3061, -0.9154 0.963 0.337, -1.0531 0.963 0.337, -0.9154 0.9587 0.3701, -1.0531 0.9587 0.3701, -0.9154 0.9587 1.2488, -1.0531 0.9587 1.2488, -1.0531 0.9516 1.3292, -0.9154 0.9516 1.3292, -1.0531 0.9308 1.4071, -0.9154 0.9308 1.4071, -1.0531 0.8967 1.4801, -0.9154 0.8967 1.4801, -0.9154 0.3191 2.4805, -1.0531 0.3191 2.4805, -0.9154 0.2867 2.5589, -1.0531 0.2867 2.5589, -0.9154 0.2756 2.6429, -1.0531 0.2756 2.6429, -0.9154 0.2756 2.9248, -1.0531 0.2756 2.9248, -0.9154 0.2831 2.9942, -1.0531 0.2831 2.9942, -0.9154 0.3053 3.0605, -1.0531 0.3053 3.0605, -0.9154 0.3411 3.1204, -1.0531 0.3411 3.1204, -0.9154 0.3889 3.1713, -1.0531 0.3889 3.1713, -0.9154 0.6906 3.4301, -1.0531 0.6906 3.4301, -1.0531 0.7123 3.4532, -0.9154 0.7123 3.4532, -1.0531 0.7286 3.4805, -0.9154 0.7286 3.4805, -1.0531 0.7387 3.5106, -0.9154 0.7387 3.5106, -1.0531 0.7421 3.5421, -0.9154 0.7421 3.5421, -0.9154 0.7421 4.1732, -1.0531 0.7421 4.1732, -0.9154 0.6043 4.1732, -1.0531 0.6043 4.1732, -0.9154 0.6043 3.5421, -1.0531 0.6043 3.5421, -0.9154 0.6041 3.54, -1.0531 0.6041 3.54, -0.9154 0.6034 3.538, -1.0531 0.6034 3.538, -0.9154 0.6023 3.5362, -1.0531 0.6023 3.5362, -0.9154 0.6009 3.5347, -1.0531 0.6009 3.5347, -0.9154 0.2992 3.2759, -1.0531 0.2992 3.2759, -1.0531 0.2311 3.2034, -0.9154 0.2311 3.2034, -1.0531 0.1801 3.118, -0.9154 0.1801 3.118, -1.0531 0.1485 3.0237, -0.9154 0.1485 3.0237, -1.0531 0.1378 2.9248, -0.9154 0.1378 2.9248, -0.9154 0.1378 2.6429, -1.0531 0.1378 2.6429, -1.0531 0.1448 2.5626, -0.9154 0.1448 2.5626, -1.0531 0.1657 2.4847, -0.9154 0.1657 2.4847, -1.0531 0.1998 2.4116, -0.9154 0.1998 2.4116, -0.9154 0.7773 1.4112, -1.0531 0.7773 1.4112, -0.9154 0.8098 1.3329, -1.0531 0.8098 1.3329, -0.9154 0.8209 1.2488, -1.0531 0.8209 1.2488, -0.9154 0.8209 0.3701, -1.0531 0.8209 0.3701, -1.0531 0.8299 0.3013, -0.9154 0.8299 0.3013, -1.0531 0.8565 0.2372, -0.9154 0.8565 0.2372, -1.0531 0.8987 0.1822, -0.9154 0.8987 0.1822, -1.0531 0.9537 0.1399, -0.9154 0.9537 0.1399, -1.0531 1.0178 0.1134, -0.9154 1.0178 0.1134, -1.0531 1.0866 0.1043, -0.9154 1.0866 0.1043, -0.9154 1.1238 0.0994, -1.0531 1.1238 0.0994, -0.9154 1.1585 0.0851, -1.0531 1.1585 0.0851, -0.9154 1.1882 0.0622, -1.0531 1.1882 0.0622, -0.9154 1.2111 0.0325, -1.0531 1.2111 0.0325, -0.9154 1.2254 -0.0022, -1.0531 1.2254 -0.0022, -1.7028 1.2303 -1.1517, -1.7028 1.2303 -0.0394, -1.8406 1.2303 -1.1517, -1.8406 1.2303 -0.0394, -1.8012 1.2697 -1.2598, -1.8012 1.3287 -1.2598, -1.7421 1.2697 -1.2598, -1.7421 1.3287 -1.2598, -1.8406 1.3681 -1.1517, -1.8406 1.3681 -0.0394, -1.7028 1.3681 -1.1517, -1.7028 1.3681 -0.0394, -1.8406 1.3585 0.0335, -1.7028 1.3585 0.0335, -1.8406 1.3304 0.1014, -1.7028 1.3304 0.1014, -1.8406 1.2857 0.1597, -1.7028 1.2857 0.1597, -1.8406 1.2274 0.2044, -1.7028 1.2274 0.2044, -1.8406 1.1595 0.2325, -1.7028 1.1595 0.2325, -1.8406 1.0866 0.2421, -1.7028 1.0866 0.2421, -1.7028 1.0535 0.2465, -1.8406 1.0535 0.2465, -1.7028 1.0226 0.2593, -1.8406 1.0226 0.2593, -1.7028 0.9961 0.2796, -1.8406 0.9961 0.2796, -1.7028 0.9758 0.3061, -1.8406 0.9758 0.3061, -1.7028 0.963 0.337, -1.8406 0.963 0.337, -1.7028 0.9587 0.3701, -1.8406 0.9587 0.3701, -1.7028 0.9587 1.2488, -1.8406 0.9587 1.2488, -1.8406 0.9516 1.3292, -1.7028 0.9516 1.3292, -1.8406 0.9308 1.4071, -1.7028 0.9308 1.4071, -1.8406 0.8967 1.4801, -1.7028 0.8967 1.4801, -1.7028 0.3191 2.4805, -1.8406 0.3191 2.4805, -1.7028 0.2867 2.5589, -1.8406 0.2867 2.5589, -1.7028 0.2756 2.6429, -1.8406 0.2756 2.6429, -1.7028 0.2756 2.9248, -1.8406 0.2756 2.9248, -1.7028 0.2831 2.9942, -1.8406 0.2831 2.9942, -1.7028 0.3053 3.0605, -1.8406 0.3053 3.0605, -1.7028 0.3411 3.1204, -1.8406 0.3411 3.1204, -1.7028 0.3889 3.1713, -1.8406 0.3889 3.1713, -1.7028 0.6906 3.4301, -1.8406 0.6906 3.4301, -1.8406 0.7123 3.4532, -1.7028 0.7123 3.4532, -1.8406 0.7286 3.4805, -1.7028 0.7286 3.4805, -1.8406 0.7387 3.5106, -1.7028 0.7387 3.5106, -1.8406 0.7421 3.5421, -1.7028 0.7421 3.5421, -1.7028 0.7421 4.1732, -1.8406 0.7421 4.1732, -1.7028 0.6043 4.1732, -1.8406 0.6043 4.1732, -1.7028 0.6043 3.5421, -1.8406 0.6043 3.5421, -1.7028 0.6041 3.54, -1.8406 0.6041 3.54, -1.7028 0.6034 3.538, -1.8406 0.6034 3.538, -1.7028 0.6023 3.5362, -1.8406 0.6023 3.5362, -1.7028 0.6009 3.5347, -1.8406 0.6009 3.5347, -1.7028 0.2992 3.2759, -1.8406 0.2992 3.2759, -1.8406 0.2311 3.2034, -1.7028 0.2311 3.2034, -1.8406 0.1801 3.118, -1.7028 0.1801 3.118, -1.8406 0.1485 3.0237, -1.7028 0.1485 3.0237, -1.8406 0.1378 2.9248, -1.7028 0.1378 2.9248, -1.7028 0.1378 2.6429, -1.8406 0.1378 2.6429, -1.8406 0.1448 2.5626, -1.7028 0.1448 2.5626, -1.8406 0.1657 2.4847, -1.7028 0.1657 2.4847, -1.8406 0.1998 2.4116, -1.7028 0.1998 2.4116, -1.7028 0.7773 1.4112, -1.8406 0.7773 1.4112, -1.7028 0.8098 1.3329, -1.8406 0.8098 1.3329, -1.7028 0.8209 1.2488, -1.8406 0.8209 1.2488, -1.7028 0.8209 0.3701, -1.8406 0.8209 0.3701, -1.8406 0.8299 0.3013, -1.7028 0.8299 0.3013, -1.8406 0.8565 0.2372, -1.7028 0.8565 0.2372, -1.8406 0.8987 0.1822, -1.7028 0.8987 0.1822, -1.8406 0.9537 0.1399, -1.7028 0.9537 0.1399, -1.8406 1.0178 0.1134, -1.7028 1.0178 0.1134, -1.8406 1.0866 0.1043, -1.7028 1.0866 0.1043, -1.7028 1.1238 0.0994, -1.8406 1.1238 0.0994, -1.7028 1.1585 0.0851, -1.8406 1.1585 0.0851, -1.7028 1.1882 0.0622, -1.8406 1.1882 0.0622, -1.7028 1.2111 0.0325, -1.8406 1.2111 0.0325, -1.7028 1.2254 -0.0022, -1.8406 1.2254 -0.0022, -2.4902 1.2303 -1.1517, -2.4902 1.2303 -0.0394, -2.628 1.2303 -1.1517, -2.628 1.2303 -0.0394, -2.5886 1.2697 -1.2598, -2.5886 1.3287 -1.2598, -2.5295 1.2697 -1.2598, -2.5295 1.3287 -1.2598, -2.628 1.3681 -1.1517, -2.628 1.3681 -0.0394, -2.4902 1.3681 -1.1517, -2.4902 1.3681 -0.0394, -2.628 1.3585 0.0335, -2.4902 1.3585 0.0335, -2.628 1.3304 0.1014, -2.4902 1.3304 0.1014, -2.628 1.2857 0.1597, -2.4902 1.2857 0.1597, -2.628 1.2274 0.2044, -2.4902 1.2274 0.2044, -2.628 1.1595 0.2325, -2.4902 1.1595 0.2325, -2.628 1.0866 0.2421, -2.4902 1.0866 0.2421, -2.4902 1.0535 0.2465, -2.628 1.0535 0.2465, -2.4902 1.0226 0.2593, -2.628 1.0226 0.2593, -2.4902 0.9961 0.2796, -2.628 0.9961 0.2796, -2.4902 0.9758 0.3061, -2.628 0.9758 0.3061, -2.4902 0.963 0.337, -2.628 0.963 0.337, -2.4902 0.9587 0.3701, -2.628 0.9587 0.3701, -2.4902 0.9587 1.2488, -2.628 0.9587 1.2488, -2.628 0.9516 1.3292, -2.4902 0.9516 1.3292, -2.628 0.9308 1.4071, -2.4902 0.9308 1.4071, -2.628 0.8967 1.4801, -2.4902 0.8967 1.4801, -2.4902 0.3191 2.4805, -2.628 0.3191 2.4805, -2.4902 0.2867 2.5589, -2.628 0.2867 2.5589, -2.4902 0.2756 2.6429, -2.628 0.2756 2.6429, -2.4902 0.2756 2.9248, -2.628 0.2756 2.9248, -2.4902 0.2831 2.9942, -2.628 0.2831 2.9942, -2.4902 0.3053 3.0605, -2.628 0.3053 3.0605, -2.4902 0.3411 3.1204, -2.628 0.3411 3.1204, -2.4902 0.3889 3.1713, -2.628 0.3889 3.1713, -2.4902 0.6906 3.4301, -2.628 0.6906 3.4301, -2.628 0.7123 3.4532, -2.4902 0.7123 3.4532, -2.628 0.7286 3.4805, -2.4902 0.7286 3.4805, -2.628 0.7387 3.5106, -2.4902 0.7387 3.5106, -2.628 0.7421 3.5421, -2.4902 0.7421 3.5421, -2.4902 0.7421 4.1732, -2.628 0.7421 4.1732, -2.4902 0.6043 4.1732, -2.628 0.6043 4.1732, -2.4902 0.6043 3.5421, -2.628 0.6043 3.5421, -2.4902 0.6041 3.54, -2.628 0.6041 3.54, -2.4902 0.6034 3.538, -2.628 0.6034 3.538, -2.4902 0.6023 3.5362, -2.628 0.6023 3.5362, -2.4902 0.6009 3.5347, -2.628 0.6009 3.5347, -2.4902 0.2992 3.2759, -2.628 0.2992 3.2759, -2.628 0.2311 3.2034, -2.4902 0.2311 3.2034, -2.628 0.1801 3.118, -2.4902 0.1801 3.118, -2.628 0.1485 3.0237, -2.4902 0.1485 3.0237, -2.628 0.1378 2.9248, -2.4902 0.1378 2.9248, -2.4902 0.1378 2.6429, -2.628 0.1378 2.6429, -2.628 0.1448 2.5626, -2.4902 0.1448 2.5626, -2.628 0.1657 2.4847, -2.4902 0.1657 2.4847, -2.628 0.1998 2.4116, -2.4902 0.1998 2.4116, -2.4902 0.7773 1.4112, -2.628 0.7773 1.4112, -2.4902 0.8098 1.3329, -2.628 0.8098 1.3329, -2.4902 0.8209 1.2488, -2.628 0.8209 1.2488, -2.4902 0.8209 0.3701, -2.628 0.8209 0.3701, -2.628 0.8299 0.3013, -2.4902 0.8299 0.3013, -2.628 0.8565 0.2372, -2.4902 0.8565 0.2372, -2.628 0.8987 0.1822, -2.4902 0.8987 0.1822, -2.628 0.9537 0.1399, -2.4902 0.9537 0.1399, -2.628 1.0178 0.1134, -2.4902 1.0178 0.1134, -2.628 1.0866 0.1043, -2.4902 1.0866 0.1043, -2.4902 1.1238 0.0994, -2.628 1.1238 0.0994, -2.4902 1.1585 0.0851, -2.628 1.1585 0.0851, -2.4902 1.1882 0.0622, -2.628 1.1882 0.0622, -2.4902 1.2111 0.0325, -2.628 1.2111 0.0325, -2.4902 1.2254 -0.0022, -2.628 1.2254 -0.0022, -3.2776 1.2303 -1.1517, -3.2776 1.2303 -0.0394, -3.4154 1.2303 -1.1517, -3.4154 1.2303 -0.0394, -3.376 1.2697 -1.2598, -3.376 1.3287 -1.2598, -3.3169 1.2697 -1.2598, -3.3169 1.3287 -1.2598, -3.4154 1.3681 -1.1517, -3.4154 1.3681 -0.0394, -3.2776 1.3681 -1.1517, -3.2776 1.3681 -0.0394, -3.4154 1.3585 0.0335, -3.2776 1.3585 0.0335, -3.4154 1.3304 0.1014, -3.2776 1.3304 0.1014, -3.4154 1.2857 0.1597, -3.2776 1.2857 0.1597, -3.4154 1.2274 0.2044, -3.2776 1.2274 0.2044, -3.4154 1.1595 0.2325, -3.2776 1.1595 0.2325, -3.4154 1.0866 0.2421, -3.2776 1.0866 0.2421, -3.2776 1.0535 0.2465, -3.4154 1.0535 0.2465, -3.2776 1.0226 0.2593, -3.4154 1.0226 0.2593, -3.2776 0.9961 0.2796, -3.4154 0.9961 0.2796, -3.2776 0.9758 0.3061, -3.4154 0.9758 0.3061, -3.2776 0.963 0.337, -3.4154 0.963 0.337, -3.2776 0.9587 0.3701, -3.4154 0.9587 0.3701, -3.2776 0.9587 1.2488, -3.4154 0.9587 1.2488, -3.4154 0.9516 1.3292, -3.2776 0.9516 1.3292, -3.4154 0.9308 1.4071, -3.2776 0.9308 1.4071, -3.4154 0.8967 1.4801, -3.2776 0.8967 1.4801, -3.2776 0.3191 2.4805, -3.4154 0.3191 2.4805, -3.2776 0.2867 2.5589, -3.4154 0.2867 2.5589, -3.2776 0.2756 2.6429, -3.4154 0.2756 2.6429, -3.2776 0.2756 2.9248, -3.4154 0.2756 2.9248, -3.2776 0.2831 2.9942, -3.4154 0.2831 2.9942, -3.2776 0.3053 3.0605, -3.4154 0.3053 3.0605, -3.2776 0.3411 3.1204, -3.4154 0.3411 3.1204, -3.2776 0.3889 3.1713, -3.4154 0.3889 3.1713, -3.2776 0.6906 3.4301, -3.4154 0.6906 3.4301, -3.4154 0.7123 3.4532, -3.2776 0.7123 3.4532, -3.4154 0.7286 3.4805, -3.2776 0.7286 3.4805, -3.4154 0.7387 3.5106, -3.2776 0.7387 3.5106, -3.4154 0.7421 3.5421, -3.2776 0.7421 3.5421, -3.2776 0.7421 4.1732, -3.4154 0.7421 4.1732, -3.2776 0.6043 4.1732, -3.4154 0.6043 4.1732, -3.2776 0.6043 3.5421, -3.4154 0.6043 3.5421, -3.2776 0.6041 3.54, -3.4154 0.6041 3.54, -3.2776 0.6034 3.538, -3.4154 0.6034 3.538, -3.2776 0.6023 3.5362, -3.4154 0.6023 3.5362, -3.2776 0.6009 3.5347, -3.4154 0.6009 3.5347, -3.2776 0.2992 3.2759, -3.4154 0.2992 3.2759, -3.4154 0.2311 3.2034, -3.2776 0.2311 3.2034, -3.4154 0.1801 3.118, -3.2776 0.1801 3.118, -3.4154 0.1485 3.0237, -3.2776 0.1485 3.0237, -3.4154 0.1378 2.9248, -3.2776 0.1378 2.9248, -3.2776 0.1378 2.6429, -3.4154 0.1378 2.6429, -3.4154 0.1448 2.5626, -3.2776 0.1448 2.5626, -3.4154 0.1657 2.4847, -3.2776 0.1657 2.4847, -3.4154 0.1998 2.4116, -3.2776 0.1998 2.4116, -3.2776 0.7773 1.4112, -3.4154 0.7773 1.4112, -3.2776 0.8098 1.3329, -3.4154 0.8098 1.3329, -3.2776 0.8209 1.2488, -3.4154 0.8209 1.2488, -3.2776 0.8209 0.3701, -3.4154 0.8209 0.3701, -3.4154 0.8299 0.3013, -3.2776 0.8299 0.3013, -3.4154 0.8565 0.2372, -3.2776 0.8565 0.2372, -3.4154 0.8987 0.1822, -3.2776 0.8987 0.1822, -3.4154 0.9537 0.1399, -3.2776 0.9537 0.1399, -3.4154 1.0178 0.1134, -3.2776 1.0178 0.1134, -3.4154 1.0866 0.1043, -3.2776 1.0866 0.1043, -3.2776 1.1238 0.0994, -3.4154 1.1238 0.0994, -3.2776 1.1585 0.0851, -3.4154 1.1585 0.0851, -3.2776 1.1882 0.0622, -3.4154 1.1882 0.0622, -3.2776 1.2111 0.0325, -3.4154 1.2111 0.0325, -3.2776 1.2254 -0.0022, -3.4154 1.2254 -0.0022
            ]
        }
        coordIndex [
            0,1,2,-1,2,1,3,-1,4,5,6,-1,6,5,7,-1,8,9,10,-1,10,9,11,-1,11,9,12,-1,11,12,13,-1,13,12,14,-1,13,14,15,-1,15,14,16,-1,15,16,17,-1,17,16,18,-1,17,18,19,-1,19,18,20,-1,19,20,21,-1,21,20,22,-1,21,22,23,-1,23,22,24,-1,24,22,25,-1,24,25,26,-1,26,25,27,-1,26,27,28,-1,28,27,29,-1,28,29,30,-1,30,29,31,-1,30,31,32,-1,32,31,33,-1,32,33,34,-1,34,33,35,-1,36,34,37,-1,37,34,35,-1,36,37,38,-1,36,38,39,-1,39,38,40,-1,39,40,41,-1,41,40,42,-1,41,42,43,-1,44,43,45,-1,45,43,42,-1,44,45,46,-1,46,45,47,-1,46,47,48,-1,48,47,49,-1,50,48,51,-1,51,48,49,-1,50,51,52,-1,52,51,53,-1,52,53,54,-1,54,53,55,-1,54,55,56,-1,56,55,57,-1,56,57,58,-1,58,57,59,-1,60,58,61,-1,61,58,59,-1,60,61,62,-1,60,62,63,-1,63,62,64,-1,63,64,65,-1,65,64,66,-1,65,66,67,-1,67,66,68,-1,67,68,69,-1,70,69,71,-1,71,69,68,-1,72,70,73,-1,73,70,71,-1,74,72,75,-1,75,72,73,-1,74,75,76,-1,76,75,77,-1,76,77,78,-1,78,77,79,-1,78,79,80,-1,80,79,81,-1,80,81,82,-1,82,81,83,-1,84,82,85,-1,85,82,83,-1,84,85,86,-1,84,86,87,-1,87,86,88,-1,87,88,89,-1,89,88,90,-1,89,90,91,-1,91,90,92,-1,91,92,93,-1,94,93,95,-1,95,93,92,-1,94,95,96,-1,94,96,97,-1,97,96,98,-1,97,98,99,-1,99,98,100,-1,99,100,101,-1,102,101,103,-1,103,101,100,-1,102,103,104,-1,104,103,105,-1,104,105,106,-1,106,105,107,-1,108,106,109,-1,109,106,107,-1,108,109,110,-1,108,110,111,-1,111,110,112,-1,111,112,113,-1,113,112,114,-1,113,114,115,-1,115,114,116,-1,115,116,117,-1,117,116,118,-1,117,118,119,-1,119,118,120,-1,119,120,121,-1,121,120,122,-1,122,120,123,-1,122,123,124,-1,124,123,125,-1,124,125,126,-1,126,125,127,-1,126,127,128,-1,128,127,129,-1,128,129,130,-1,130,129,131,-1,130,131,1,-1,1,131,3,-1,0,10,1,-1,1,10,11,-1,1,11,130,-1,130,11,13,-1,130,13,128,-1,128,13,15,-1,128,15,126,-1,126,15,17,-1,126,17,124,-1,124,17,19,-1,124,19,122,-1,122,19,21,-1,122,21,121,-1,121,21,23,-1,121,23,119,-1,119,23,24,-1,119,24,117,-1,117,24,26,-1,117,26,115,-1,115,26,28,-1,115,28,113,-1,113,28,30,-1,113,30,111,-1,111,30,32,-1,111,32,108,-1,108,32,34,-1,108,34,106,-1,106,34,36,-1,106,36,104,-1,36,39,104,-1,104,39,41,-1,104,41,102,-1,102,41,43,-1,102,43,101,-1,101,43,44,-1,101,44,99,-1,99,44,46,-1,99,46,97,-1,97,46,48,-1,70,72,69,-1,69,72,74,-1,69,74,67,-1,67,74,76,-1,67,76,65,-1,65,76,78,-1,65,78,63,-1,63,78,80,-1,63,80,60,-1,60,80,82,-1,60,82,58,-1,58,82,84,-1,58,84,56,-1,56,84,87,-1,56,87,54,-1,54,87,89,-1,54,89,52,-1,52,89,91,-1,52,91,50,-1,50,91,93,-1,50,93,48,-1,48,93,94,-1,48,94,97,-1,47,45,100,-1,100,45,103,-1,45,42,103,-1,103,42,40,-1,103,40,105,-1,105,40,38,-1,105,38,107,-1,107,38,37,-1,107,37,109,-1,109,37,35,-1,109,35,110,-1,110,35,33,-1,110,33,112,-1,112,33,31,-1,112,31,114,-1,114,31,29,-1,114,29,116,-1,116,29,27,-1,116,27,118,-1,118,27,25,-1,118,25,120,-1,120,25,22,-1,120,22,123,-1,123,22,20,-1,123,20,125,-1,125,20,18,-1,125,18,127,-1,127,18,16,-1,127,16,129,-1,129,16,14,-1,129,14,131,-1,131,14,12,-1,131,12,3,-1,3,12,9,-1,3,9,2,-1,2,9,8,-1,73,71,75,-1,75,71,68,-1,75,68,77,-1,77,68,66,-1,77,66,79,-1,79,66,64,-1,79,64,81,-1,81,64,62,-1,81,62,83,-1,83,62,61,-1,83,61,85,-1,85,61,59,-1,85,59,86,-1,86,59,57,-1,86,57,88,-1,88,57,55,-1,88,55,90,-1,90,55,53,-1,90,53,92,-1,92,53,51,-1,92,51,95,-1,95,51,49,-1,95,49,96,-1,96,49,47,-1,96,47,98,-1,98,47,100,-1,10,7,8,-1,8,7,5,-1,0,6,10,-1,10,6,7,-1,4,2,5,-1,5,2,8,-1,2,4,0,-1,0,4,6,-1,132,133,134,-1,134,133,135,-1,136,137,138,-1,138,137,139,-1,140,141,142,-1,142,141,143,-1,143,141,144,-1,144,141,145,-1,144,145,146,-1,146,145,147,-1,146,147,148,-1,148,147,149,-1,148,149,150,-1,150,149,151,-1,150,151,152,-1,152,151,153,-1,152,153,154,-1,154,153,155,-1,154,155,156,-1,154,156,157,-1,157,156,158,-1,157,158,159,-1,159,158,160,-1,159,160,161,-1,161,160,162,-1,161,162,163,-1,163,162,164,-1,163,164,165,-1,165,164,166,-1,165,166,167,-1,168,167,169,-1,169,167,166,-1,168,169,170,-1,168,170,171,-1,171,170,172,-1,171,172,173,-1,173,172,174,-1,173,174,175,-1,176,175,177,-1,177,175,174,-1,176,177,178,-1,178,177,179,-1,178,179,180,-1,180,179,181,-1,182,180,183,-1,183,180,181,-1,182,183,184,-1,184,183,185,-1,184,185,186,-1,186,185,187,-1,186,187,188,-1,188,187,189,-1,188,189,190,-1,190,189,191,-1,192,190,193,-1,193,190,191,-1,192,193,194,-1,192,194,195,-1,195,194,196,-1,195,196,197,-1,197,196,198,-1,197,198,199,-1,199,198,200,-1,199,200,201,-1,202,201,203,-1,203,201,200,-1,204,202,205,-1,205,202,203,-1,206,204,207,-1,207,204,205,-1,206,207,208,-1,208,207,209,-1,208,209,210,-1,210,209,211,-1,210,211,212,-1,212,211,213,-1,212,213,214,-1,214,213,215,-1,216,214,217,-1,217,214,215,-1,216,217,218,-1,216,218,219,-1,219,218,220,-1,219,220,221,-1,221,220,222,-1,221,222,223,-1,223,222,224,-1,223,224,225,-1,226,225,227,-1,227,225,224,-1,226,227,228,-1,226,228,229,-1,229,228,230,-1,229,230,231,-1,231,230,232,-1,231,232,233,-1,234,233,235,-1,235,233,232,-1,234,235,236,-1,236,235,237,-1,236,237,238,-1,238,237,239,-1,240,238,241,-1,241,238,239,-1,240,241,242,-1,242,241,243,-1,242,243,244,-1,244,243,245,-1,244,245,246,-1,246,245,247,-1,246,247,248,-1,248,247,249,-1,248,249,250,-1,250,249,251,-1,250,251,252,-1,252,251,253,-1,252,253,254,-1,252,254,255,-1,255,254,256,-1,255,256,257,-1,257,256,258,-1,257,258,259,-1,259,258,260,-1,259,260,261,-1,261,260,262,-1,261,262,263,-1,263,262,135,-1,263,135,133,-1,236,173,234,-1,234,173,175,-1,234,175,233,-1,233,175,176,-1,233,176,231,-1,231,176,178,-1,231,178,229,-1,229,178,180,-1,132,142,133,-1,133,142,143,-1,133,143,263,-1,263,143,144,-1,263,144,261,-1,261,144,146,-1,261,146,259,-1,259,146,148,-1,259,148,257,-1,257,148,150,-1,257,150,255,-1,255,150,152,-1,255,152,252,-1,252,152,154,-1,252,154,250,-1,250,154,157,-1,250,157,248,-1,248,157,159,-1,248,159,246,-1,246,159,161,-1,246,161,244,-1,244,161,163,-1,244,163,242,-1,242,163,165,-1,242,165,240,-1,240,165,167,-1,240,167,238,-1,238,167,168,-1,238,168,236,-1,236,168,171,-1,236,171,173,-1,202,204,201,-1,201,204,206,-1,201,206,199,-1,199,206,208,-1,199,208,197,-1,197,208,210,-1,197,210,195,-1,195,210,212,-1,195,212,192,-1,192,212,214,-1,192,214,190,-1,190,214,216,-1,190,216,188,-1,188,216,219,-1,188,219,186,-1,186,219,221,-1,186,221,184,-1,184,221,223,-1,184,223,182,-1,182,223,225,-1,182,225,180,-1,180,225,226,-1,180,226,229,-1,235,232,177,-1,177,232,179,-1,177,174,235,-1,235,174,172,-1,235,172,237,-1,237,172,170,-1,237,170,239,-1,239,170,169,-1,239,169,241,-1,241,169,166,-1,241,166,243,-1,243,166,164,-1,243,164,245,-1,245,164,162,-1,245,162,247,-1,247,162,160,-1,247,160,249,-1,249,160,158,-1,249,158,251,-1,251,158,156,-1,251,156,253,-1,253,156,155,-1,253,155,254,-1,254,155,153,-1,254,153,256,-1,256,153,151,-1,256,151,258,-1,258,151,149,-1,258,149,260,-1,260,149,147,-1,260,147,262,-1,262,147,145,-1,262,145,135,-1,135,145,141,-1,135,141,134,-1,134,141,140,-1,205,203,207,-1,207,203,200,-1,207,200,209,-1,209,200,198,-1,209,198,211,-1,211,198,196,-1,211,196,213,-1,213,196,194,-1,213,194,215,-1,215,194,193,-1,215,193,217,-1,217,193,191,-1,217,191,218,-1,218,191,189,-1,218,189,220,-1,220,189,187,-1,220,187,222,-1,222,187,185,-1,222,185,224,-1,224,185,183,-1,224,183,227,-1,227,183,181,-1,227,181,228,-1,228,181,179,-1,228,179,230,-1,230,179,232,-1,142,139,140,-1,140,139,137,-1,132,138,142,-1,142,138,139,-1,136,134,137,-1,137,134,140,-1,134,136,132,-1,132,136,138,-1,264,265,266,-1,266,265,267,-1,268,269,270,-1,270,269,271,-1,272,273,274,-1,274,273,275,-1,276,277,278,-1,276,278,279,-1,279,278,280,-1,279,280,281,-1,281,280,282,-1,281,282,283,-1,283,282,284,-1,283,284,285,-1,285,284,286,-1,285,286,287,-1,287,286,272,-1,287,272,274,-1,288,289,290,-1,290,289,291,-1,290,291,292,-1,292,291,293,-1,292,293,294,-1,294,293,295,-1,294,295,296,-1,296,295,297,-1,296,297,298,-1,298,297,299,-1,298,299,276,-1,276,299,277,-1,288,300,289,-1,289,300,301,-1,302,303,304,-1,302,304,305,-1,305,304,306,-1,305,306,307,-1,307,306,301,-1,307,301,300,-1,302,308,303,-1,303,308,309,-1,310,311,312,-1,312,311,313,-1,312,313,308,-1,308,313,309,-1,310,314,311,-1,311,314,315,-1,316,317,318,-1,318,317,319,-1,318,319,320,-1,320,319,321,-1,320,321,322,-1,322,321,323,-1,322,323,314,-1,314,323,315,-1,316,324,317,-1,317,324,325,-1,326,327,328,-1,326,328,329,-1,329,328,330,-1,329,330,331,-1,331,330,332,-1,331,332,333,-1,333,332,325,-1,333,325,324,-1,326,334,327,-1,327,334,335,-1,334,336,335,-1,335,336,337,-1,336,338,337,-1,337,338,339,-1,340,341,342,-1,342,341,343,-1,342,343,344,-1,344,343,345,-1,344,345,346,-1,346,345,347,-1,346,347,338,-1,338,347,339,-1,340,348,341,-1,341,348,349,-1,350,351,352,-1,350,352,353,-1,353,352,354,-1,353,354,355,-1,355,354,356,-1,355,356,357,-1,357,356,349,-1,357,349,348,-1,350,358,351,-1,351,358,359,-1,360,361,362,-1,360,362,363,-1,363,362,364,-1,363,364,365,-1,365,364,359,-1,365,359,358,-1,360,366,361,-1,361,366,367,-1,368,369,370,-1,370,369,371,-1,370,371,366,-1,366,371,367,-1,368,372,369,-1,369,372,373,-1,374,375,376,-1,374,376,377,-1,377,376,378,-1,377,378,379,-1,379,378,380,-1,379,380,381,-1,381,380,382,-1,381,382,383,-1,383,382,384,-1,383,384,385,-1,385,384,373,-1,385,373,372,-1,264,266,386,-1,386,266,387,-1,386,387,388,-1,388,387,389,-1,388,389,390,-1,390,389,391,-1,390,391,392,-1,392,391,393,-1,392,393,394,-1,394,393,395,-1,394,395,374,-1,374,395,375,-1,275,265,274,-1,274,265,264,-1,274,264,287,-1,287,264,386,-1,287,386,285,-1,285,386,388,-1,285,388,283,-1,283,388,390,-1,283,390,281,-1,281,390,392,-1,281,392,279,-1,279,392,394,-1,279,394,276,-1,276,394,374,-1,276,374,298,-1,298,374,377,-1,298,377,296,-1,296,377,379,-1,296,379,294,-1,294,379,381,-1,294,381,292,-1,292,381,383,-1,292,383,290,-1,290,383,385,-1,290,385,288,-1,288,385,372,-1,288,372,300,-1,300,372,368,-1,300,368,307,-1,307,368,370,-1,307,370,305,-1,305,370,366,-1,305,366,302,-1,302,366,308,-1,366,360,308,-1,308,360,363,-1,308,363,312,-1,312,363,365,-1,312,365,310,-1,310,365,358,-1,310,358,314,-1,314,358,350,-1,314,350,322,-1,322,350,353,-1,322,353,320,-1,320,353,355,-1,320,355,318,-1,318,355,357,-1,318,357,316,-1,316,357,348,-1,316,348,324,-1,324,348,340,-1,324,340,333,-1,333,340,342,-1,333,342,331,-1,331,342,344,-1,331,344,329,-1,329,344,346,-1,329,346,326,-1,326,346,338,-1,326,338,334,-1,334,338,336,-1,267,273,266,-1,266,273,272,-1,266,272,387,-1,387,272,286,-1,387,286,389,-1,389,286,284,-1,389,284,391,-1,391,284,282,-1,391,282,393,-1,393,282,280,-1,393,280,395,-1,395,280,278,-1,395,278,375,-1,375,278,277,-1,375,277,376,-1,376,277,299,-1,376,299,378,-1,378,299,297,-1,378,297,380,-1,380,297,295,-1,380,295,382,-1,382,295,293,-1,382,293,384,-1,384,293,291,-1,384,291,373,-1,373,291,289,-1,373,289,369,-1,369,289,301,-1,369,301,371,-1,301,306,371,-1,371,306,304,-1,371,304,367,-1,367,304,303,-1,367,303,361,-1,361,303,309,-1,361,309,362,-1,362,309,313,-1,335,337,327,-1,327,337,339,-1,327,339,328,-1,328,339,347,-1,328,347,330,-1,330,347,345,-1,330,345,332,-1,332,345,343,-1,332,343,325,-1,325,343,341,-1,325,341,317,-1,317,341,349,-1,317,349,319,-1,319,349,356,-1,319,356,321,-1,321,356,354,-1,321,354,323,-1,323,354,352,-1,323,352,315,-1,315,352,351,-1,315,351,311,-1,311,351,359,-1,311,359,313,-1,313,359,364,-1,313,364,362,-1,270,275,268,-1,268,275,273,-1,271,265,270,-1,270,265,275,-1,267,269,273,-1,273,269,268,-1,269,267,271,-1,271,267,265,-1,396,397,398,-1,398,397,399,-1,400,401,402,-1,402,401,403,-1,404,405,406,-1,406,405,407,-1,408,409,410,-1,410,409,411,-1,410,411,412,-1,412,411,413,-1,412,413,414,-1,414,413,415,-1,414,415,416,-1,416,415,417,-1,416,417,418,-1,418,417,419,-1,418,419,406,-1,406,419,404,-1,420,421,422,-1,420,422,423,-1,423,422,424,-1,423,424,425,-1,425,424,426,-1,425,426,427,-1,427,426,428,-1,427,428,429,-1,429,428,430,-1,429,430,431,-1,431,430,409,-1,431,409,408,-1,420,432,421,-1,421,432,433,-1,434,435,436,-1,434,436,437,-1,437,436,438,-1,437,438,439,-1,439,438,433,-1,439,433,432,-1,434,440,435,-1,435,440,441,-1,442,443,444,-1,444,443,445,-1,444,445,440,-1,440,445,441,-1,442,446,443,-1,443,446,447,-1,448,449,450,-1,450,449,451,-1,450,451,452,-1,452,451,453,-1,452,453,454,-1,454,453,455,-1,454,455,446,-1,446,455,447,-1,448,456,449,-1,449,456,457,-1,458,459,460,-1,458,460,461,-1,461,460,462,-1,461,462,463,-1,463,462,464,-1,463,464,465,-1,465,464,457,-1,465,457,456,-1,458,466,459,-1,459,466,467,-1,466,468,467,-1,467,468,469,-1,468,470,469,-1,469,470,471,-1,472,473,474,-1,474,473,475,-1,474,475,476,-1,476,475,477,-1,476,477,478,-1,478,477,479,-1,478,479,470,-1,470,479,471,-1,472,480,473,-1,473,480,481,-1,482,483,484,-1,482,484,485,-1,485,484,486,-1,485,486,487,-1,487,486,488,-1,487,488,489,-1,489,488,481,-1,489,481,480,-1,482,490,483,-1,483,490,491,-1,492,493,494,-1,492,494,495,-1,495,494,496,-1,495,496,497,-1,497,496,491,-1,497,491,490,-1,492,498,493,-1,493,498,499,-1,500,501,502,-1,502,501,503,-1,502,503,498,-1,498,503,499,-1,500,504,501,-1,501,504,505,-1,506,507,508,-1,508,507,509,-1,508,509,510,-1,510,509,511,-1,510,511,512,-1,512,511,513,-1,512,513,514,-1,514,513,515,-1,514,515,516,-1,516,515,517,-1,516,517,504,-1,504,517,505,-1,396,398,518,-1,396,518,519,-1,519,518,520,-1,519,520,521,-1,521,520,522,-1,521,522,523,-1,523,522,524,-1,523,524,525,-1,525,524,526,-1,525,526,527,-1,527,526,507,-1,527,507,506,-1,407,397,406,-1,406,397,396,-1,406,396,418,-1,418,396,519,-1,418,519,416,-1,416,519,521,-1,416,521,414,-1,414,521,523,-1,414,523,412,-1,412,523,525,-1,412,525,410,-1,410,525,527,-1,410,527,408,-1,408,527,506,-1,408,506,431,-1,431,506,508,-1,431,508,429,-1,429,508,510,-1,429,510,427,-1,427,510,512,-1,427,512,425,-1,425,512,514,-1,425,514,423,-1,423,514,516,-1,423,516,420,-1,420,516,504,-1,420,504,432,-1,432,504,500,-1,432,500,439,-1,439,500,502,-1,439,502,437,-1,437,502,498,-1,437,498,434,-1,434,498,440,-1,440,498,492,-1,440,492,444,-1,468,466,470,-1,470,466,458,-1,470,458,478,-1,478,458,461,-1,478,461,476,-1,476,461,463,-1,476,463,474,-1,474,463,465,-1,474,465,472,-1,472,465,456,-1,472,456,480,-1,480,456,448,-1,480,448,489,-1,489,448,450,-1,489,450,487,-1,487,450,452,-1,487,452,485,-1,485,452,454,-1,485,454,482,-1,482,454,446,-1,482,446,490,-1,490,446,442,-1,490,442,497,-1,497,442,444,-1,497,444,495,-1,495,444,492,-1,399,405,398,-1,398,405,404,-1,398,404,518,-1,518,404,419,-1,518,419,520,-1,520,419,417,-1,520,417,522,-1,522,417,415,-1,522,415,524,-1,524,415,413,-1,524,413,526,-1,526,413,411,-1,526,411,507,-1,507,411,409,-1,507,409,509,-1,509,409,430,-1,509,430,511,-1,511,430,428,-1,511,428,513,-1,513,428,426,-1,513,426,515,-1,515,426,424,-1,515,424,517,-1,517,424,422,-1,517,422,505,-1,505,422,421,-1,505,421,501,-1,501,421,433,-1,501,433,503,-1,433,438,503,-1,503,438,436,-1,503,436,499,-1,499,436,435,-1,499,435,493,-1,493,435,441,-1,493,441,494,-1,494,441,445,-1,494,445,496,-1,496,445,443,-1,467,469,459,-1,459,469,471,-1,459,471,460,-1,460,471,479,-1,460,479,462,-1,462,479,477,-1,462,477,464,-1,464,477,475,-1,464,475,457,-1,457,475,473,-1,457,473,449,-1,449,473,481,-1,449,481,451,-1,451,481,488,-1,451,488,453,-1,453,488,486,-1,453,486,455,-1,455,486,484,-1,455,484,447,-1,447,484,483,-1,447,483,443,-1,443,483,491,-1,443,491,496,-1,402,407,400,-1,400,407,405,-1,403,397,402,-1,402,397,407,-1,399,401,405,-1,405,401,400,-1,401,399,403,-1,403,399,397,-1,528,529,530,-1,530,529,531,-1,532,533,534,-1,534,533,535,-1,536,537,538,-1,538,537,539,-1,540,541,542,-1,542,541,543,-1,542,543,544,-1,544,543,545,-1,544,545,546,-1,546,545,547,-1,546,547,548,-1,548,547,549,-1,548,549,550,-1,550,549,551,-1,550,551,538,-1,538,551,536,-1,552,553,554,-1,552,554,555,-1,555,554,556,-1,555,556,557,-1,557,556,558,-1,557,558,559,-1,559,558,560,-1,559,560,561,-1,561,560,562,-1,561,562,563,-1,563,562,541,-1,563,541,540,-1,552,564,553,-1,553,564,565,-1,566,567,568,-1,566,568,569,-1,569,568,570,-1,569,570,571,-1,571,570,565,-1,571,565,564,-1,566,572,567,-1,567,572,573,-1,574,575,576,-1,576,575,577,-1,576,577,572,-1,572,577,573,-1,574,578,575,-1,575,578,579,-1,580,581,582,-1,582,581,583,-1,582,583,584,-1,584,583,585,-1,584,585,586,-1,586,585,587,-1,586,587,578,-1,578,587,579,-1,580,588,581,-1,581,588,589,-1,590,591,592,-1,590,592,593,-1,593,592,594,-1,593,594,595,-1,595,594,596,-1,595,596,597,-1,597,596,589,-1,597,589,588,-1,590,598,591,-1,591,598,599,-1,598,600,599,-1,599,600,601,-1,600,602,601,-1,601,602,603,-1,604,605,606,-1,606,605,607,-1,606,607,608,-1,608,607,609,-1,608,609,610,-1,610,609,611,-1,610,611,602,-1,602,611,603,-1,604,612,605,-1,605,612,613,-1,614,615,616,-1,614,616,617,-1,617,616,618,-1,617,618,619,-1,619,618,620,-1,619,620,621,-1,621,620,613,-1,621,613,612,-1,614,622,615,-1,615,622,623,-1,624,625,626,-1,624,626,627,-1,627,626,628,-1,627,628,629,-1,629,628,623,-1,629,623,622,-1,624,630,625,-1,625,630,631,-1,632,633,634,-1,634,633,635,-1,634,635,630,-1,630,635,631,-1,632,636,633,-1,633,636,637,-1,638,639,640,-1,640,639,641,-1,640,641,642,-1,642,641,643,-1,642,643,644,-1,644,643,645,-1,644,645,646,-1,646,645,647,-1,646,647,648,-1,648,647,649,-1,648,649,636,-1,636,649,637,-1,528,530,650,-1,528,650,651,-1,651,650,652,-1,651,652,653,-1,653,652,654,-1,653,654,655,-1,655,654,656,-1,655,656,657,-1,657,656,658,-1,657,658,659,-1,659,658,639,-1,659,639,638,-1,539,529,538,-1,538,529,528,-1,538,528,550,-1,550,528,651,-1,550,651,548,-1,548,651,653,-1,548,653,546,-1,546,653,655,-1,546,655,544,-1,544,655,657,-1,544,657,542,-1,542,657,659,-1,542,659,540,-1,540,659,638,-1,540,638,563,-1,563,638,640,-1,563,640,561,-1,561,640,642,-1,561,642,559,-1,559,642,644,-1,559,644,557,-1,557,644,646,-1,557,646,555,-1,555,646,648,-1,555,648,552,-1,552,648,636,-1,552,636,564,-1,564,636,632,-1,564,632,571,-1,571,632,634,-1,571,634,569,-1,569,634,630,-1,569,630,566,-1,566,630,572,-1,572,630,624,-1,572,624,576,-1,600,598,602,-1,602,598,590,-1,602,590,610,-1,610,590,593,-1,610,593,608,-1,608,593,595,-1,608,595,606,-1,606,595,597,-1,606,597,604,-1,604,597,588,-1,604,588,612,-1,612,588,580,-1,612,580,621,-1,621,580,582,-1,621,582,619,-1,619,582,584,-1,619,584,617,-1,617,584,586,-1,617,586,614,-1,614,586,578,-1,614,578,622,-1,622,578,574,-1,622,574,629,-1,629,574,576,-1,629,576,627,-1,627,576,624,-1,531,537,530,-1,530,537,536,-1,530,536,650,-1,650,536,551,-1,650,551,652,-1,652,551,549,-1,652,549,654,-1,654,549,547,-1,654,547,656,-1,656,547,545,-1,656,545,658,-1,658,545,543,-1,658,543,639,-1,639,543,541,-1,639,541,641,-1,641,541,562,-1,641,562,643,-1,643,562,560,-1,643,560,645,-1,645,560,558,-1,645,558,647,-1,647,558,556,-1,647,556,649,-1,649,556,554,-1,649,554,637,-1,637,554,553,-1,637,553,633,-1,633,553,565,-1,633,565,635,-1,565,570,635,-1,635,570,568,-1,635,568,631,-1,631,568,567,-1,631,567,625,-1,625,567,573,-1,625,573,626,-1,626,573,577,-1,626,577,628,-1,628,577,575,-1,599,601,591,-1,591,601,603,-1,591,603,592,-1,592,603,611,-1,592,611,594,-1,594,611,609,-1,594,609,596,-1,596,609,607,-1,596,607,589,-1,589,607,605,-1,589,605,581,-1,581,605,613,-1,581,613,583,-1,583,613,620,-1,583,620,585,-1,585,620,618,-1,585,618,587,-1,587,618,616,-1,587,616,579,-1,579,616,615,-1,579,615,575,-1,575,615,623,-1,575,623,628,-1,534,539,532,-1,532,539,537,-1,535,529,534,-1,534,529,539,-1,531,533,537,-1,537,533,532,-1,533,531,535,-1,535,531,529,-1,660,661,662,-1,662,661,663,-1,664,665,666,-1,666,665,667,-1,668,669,670,-1,670,669,671,-1,672,673,674,-1,674,673,675,-1,674,675,676,-1,676,675,677,-1,676,677,678,-1,678,677,679,-1,678,679,680,-1,680,679,681,-1,680,681,682,-1,682,681,683,-1,682,683,670,-1,670,683,668,-1,684,685,686,-1,684,686,687,-1,687,686,688,-1,687,688,689,-1,689,688,690,-1,689,690,691,-1,691,690,692,-1,691,692,693,-1,693,692,694,-1,693,694,695,-1,695,694,673,-1,695,673,672,-1,684,696,685,-1,685,696,697,-1,698,699,700,-1,698,700,701,-1,701,700,702,-1,701,702,703,-1,703,702,697,-1,703,697,696,-1,698,704,699,-1,699,704,705,-1,706,707,708,-1,708,707,709,-1,708,709,704,-1,704,709,705,-1,706,710,707,-1,707,710,711,-1,712,713,714,-1,714,713,715,-1,714,715,716,-1,716,715,717,-1,716,717,718,-1,718,717,719,-1,718,719,710,-1,710,719,711,-1,712,720,713,-1,713,720,721,-1,722,723,724,-1,722,724,725,-1,725,724,726,-1,725,726,727,-1,727,726,728,-1,727,728,729,-1,729,728,721,-1,729,721,720,-1,722,730,723,-1,723,730,731,-1,730,732,731,-1,731,732,733,-1,732,734,733,-1,733,734,735,-1,736,737,738,-1,738,737,739,-1,738,739,740,-1,740,739,741,-1,740,741,742,-1,742,741,743,-1,742,743,734,-1,734,743,735,-1,736,744,737,-1,737,744,745,-1,746,747,748,-1,746,748,749,-1,749,748,750,-1,749,750,751,-1,751,750,752,-1,751,752,753,-1,753,752,745,-1,753,745,744,-1,746,754,747,-1,747,754,755,-1,756,757,758,-1,756,758,759,-1,759,758,760,-1,759,760,761,-1,761,760,755,-1,761,755,754,-1,756,762,757,-1,757,762,763,-1,764,765,766,-1,766,765,767,-1,766,767,762,-1,762,767,763,-1,764,768,765,-1,765,768,769,-1,770,771,772,-1,772,771,773,-1,772,773,774,-1,774,773,775,-1,774,775,776,-1,776,775,777,-1,776,777,778,-1,778,777,779,-1,778,779,780,-1,780,779,781,-1,780,781,768,-1,768,781,769,-1,660,662,782,-1,660,782,783,-1,783,782,784,-1,783,784,785,-1,785,784,786,-1,785,786,787,-1,787,786,788,-1,787,788,789,-1,789,788,790,-1,789,790,791,-1,791,790,771,-1,791,771,770,-1,671,661,670,-1,670,661,660,-1,670,660,682,-1,682,660,783,-1,682,783,680,-1,680,783,785,-1,680,785,678,-1,678,785,787,-1,678,787,676,-1,676,787,789,-1,676,789,674,-1,674,789,791,-1,674,791,672,-1,672,791,770,-1,672,770,695,-1,695,770,772,-1,695,772,693,-1,693,772,774,-1,693,774,691,-1,691,774,776,-1,691,776,689,-1,689,776,778,-1,689,778,687,-1,687,778,780,-1,687,780,684,-1,684,780,768,-1,684,768,696,-1,696,768,764,-1,696,764,703,-1,703,764,766,-1,703,766,701,-1,701,766,762,-1,701,762,698,-1,698,762,704,-1,704,762,756,-1,704,756,708,-1,732,730,734,-1,734,730,722,-1,734,722,742,-1,742,722,725,-1,742,725,740,-1,740,725,727,-1,740,727,738,-1,738,727,729,-1,738,729,736,-1,736,729,720,-1,736,720,744,-1,744,720,712,-1,744,712,753,-1,753,712,714,-1,753,714,751,-1,751,714,716,-1,751,716,749,-1,749,716,718,-1,749,718,746,-1,746,718,710,-1,746,710,754,-1,754,710,706,-1,754,706,761,-1,761,706,708,-1,761,708,759,-1,759,708,756,-1,663,669,662,-1,662,669,668,-1,662,668,782,-1,782,668,683,-1,782,683,784,-1,784,683,681,-1,784,681,786,-1,786,681,679,-1,786,679,788,-1,788,679,677,-1,788,677,790,-1,790,677,675,-1,790,675,771,-1,771,675,673,-1,771,673,773,-1,773,673,694,-1,773,694,775,-1,775,694,692,-1,775,692,777,-1,777,692,690,-1,777,690,779,-1,779,690,688,-1,779,688,781,-1,781,688,686,-1,781,686,769,-1,769,686,685,-1,769,685,765,-1,765,685,697,-1,765,697,767,-1,697,702,767,-1,767,702,700,-1,767,700,763,-1,763,700,699,-1,763,699,757,-1,757,699,705,-1,757,705,758,-1,758,705,709,-1,758,709,760,-1,760,709,707,-1,731,733,723,-1,723,733,735,-1,723,735,724,-1,724,735,743,-1,724,743,726,-1,726,743,741,-1,726,741,728,-1,728,741,739,-1,728,739,721,-1,721,739,737,-1,721,737,713,-1,713,737,745,-1,713,745,715,-1,715,745,752,-1,715,752,717,-1,717,752,750,-1,717,750,719,-1,719,750,748,-1,719,748,711,-1,711,748,747,-1,711,747,707,-1,707,747,755,-1,707,755,760,-1,666,671,664,-1,664,671,669,-1,667,661,666,-1,666,661,671,-1,663,665,669,-1,669,665,664,-1,665,663,667,-1,667,663,661,-1,792,793,794,-1,794,793,795,-1,796,797,798,-1,798,797,799,-1,800,801,802,-1,802,801,803,-1,804,805,806,-1,806,805,807,-1,806,807,808,-1,808,807,809,-1,808,809,810,-1,810,809,811,-1,810,811,812,-1,812,811,813,-1,812,813,814,-1,814,813,815,-1,814,815,802,-1,802,815,800,-1,816,817,818,-1,816,818,819,-1,819,818,820,-1,819,820,821,-1,821,820,822,-1,821,822,823,-1,823,822,824,-1,823,824,825,-1,825,824,826,-1,825,826,827,-1,827,826,805,-1,827,805,804,-1,816,828,817,-1,817,828,829,-1,830,831,832,-1,830,832,833,-1,833,832,834,-1,833,834,835,-1,835,834,829,-1,835,829,828,-1,830,836,831,-1,831,836,837,-1,838,839,840,-1,840,839,841,-1,840,841,836,-1,836,841,837,-1,838,842,839,-1,839,842,843,-1,844,845,846,-1,846,845,847,-1,846,847,848,-1,848,847,849,-1,848,849,850,-1,850,849,851,-1,850,851,842,-1,842,851,843,-1,844,852,845,-1,845,852,853,-1,854,855,856,-1,854,856,857,-1,857,856,858,-1,857,858,859,-1,859,858,860,-1,859,860,861,-1,861,860,853,-1,861,853,852,-1,854,862,855,-1,855,862,863,-1,862,864,863,-1,863,864,865,-1,864,866,865,-1,865,866,867,-1,868,869,870,-1,870,869,871,-1,870,871,872,-1,872,871,873,-1,872,873,874,-1,874,873,875,-1,874,875,866,-1,866,875,867,-1,868,876,869,-1,869,876,877,-1,878,879,880,-1,878,880,881,-1,881,880,882,-1,881,882,883,-1,883,882,884,-1,883,884,885,-1,885,884,877,-1,885,877,876,-1,878,886,879,-1,879,886,887,-1,888,889,890,-1,888,890,891,-1,891,890,892,-1,891,892,893,-1,893,892,887,-1,893,887,886,-1,888,894,889,-1,889,894,895,-1,896,897,898,-1,898,897,899,-1,898,899,894,-1,894,899,895,-1,896,900,897,-1,897,900,901,-1,902,903,904,-1,904,903,905,-1,904,905,906,-1,906,905,907,-1,906,907,908,-1,908,907,909,-1,908,909,910,-1,910,909,911,-1,910,911,912,-1,912,911,913,-1,912,913,900,-1,900,913,901,-1,792,794,914,-1,792,914,915,-1,915,914,916,-1,915,916,917,-1,917,916,918,-1,917,918,919,-1,919,918,920,-1,919,920,921,-1,921,920,922,-1,921,922,923,-1,923,922,903,-1,923,903,902,-1,803,793,802,-1,802,793,792,-1,802,792,814,-1,814,792,915,-1,814,915,812,-1,812,915,917,-1,812,917,810,-1,810,917,919,-1,810,919,808,-1,808,919,921,-1,808,921,806,-1,806,921,923,-1,806,923,804,-1,804,923,902,-1,804,902,827,-1,827,902,904,-1,827,904,825,-1,825,904,906,-1,825,906,823,-1,823,906,908,-1,823,908,821,-1,821,908,910,-1,821,910,819,-1,819,910,912,-1,819,912,816,-1,816,912,900,-1,816,900,828,-1,828,900,896,-1,828,896,835,-1,835,896,898,-1,835,898,833,-1,833,898,894,-1,833,894,830,-1,830,894,836,-1,836,894,888,-1,836,888,840,-1,864,862,866,-1,866,862,854,-1,866,854,874,-1,874,854,857,-1,874,857,872,-1,872,857,859,-1,872,859,870,-1,870,859,861,-1,870,861,868,-1,868,861,852,-1,868,852,876,-1,876,852,844,-1,876,844,885,-1,885,844,846,-1,885,846,883,-1,883,846,848,-1,883,848,881,-1,881,848,850,-1,881,850,878,-1,878,850,842,-1,878,842,886,-1,886,842,838,-1,886,838,893,-1,893,838,840,-1,893,840,891,-1,891,840,888,-1,795,801,794,-1,794,801,800,-1,794,800,914,-1,914,800,815,-1,914,815,916,-1,916,815,813,-1,916,813,918,-1,918,813,811,-1,918,811,920,-1,920,811,809,-1,920,809,922,-1,922,809,807,-1,922,807,903,-1,903,807,805,-1,903,805,905,-1,905,805,826,-1,905,826,907,-1,907,826,824,-1,907,824,909,-1,909,824,822,-1,909,822,911,-1,911,822,820,-1,911,820,913,-1,913,820,818,-1,913,818,901,-1,901,818,817,-1,901,817,897,-1,897,817,829,-1,897,829,899,-1,829,834,899,-1,899,834,832,-1,899,832,895,-1,895,832,831,-1,895,831,889,-1,889,831,837,-1,889,837,890,-1,890,837,841,-1,890,841,892,-1,892,841,839,-1,863,865,855,-1,855,865,867,-1,855,867,856,-1,856,867,875,-1,856,875,858,-1,858,875,873,-1,858,873,860,-1,860,873,871,-1,860,871,853,-1,853,871,869,-1,853,869,845,-1,845,869,877,-1,845,877,847,-1,847,877,884,-1,847,884,849,-1,849,884,882,-1,849,882,851,-1,851,882,880,-1,851,880,843,-1,843,880,879,-1,843,879,839,-1,839,879,887,-1,839,887,892,-1,798,803,796,-1,796,803,801,-1,799,793,798,-1,798,793,803,-1,795,797,801,-1,801,797,796,-1,797,795,799,-1,799,795,793,-1,924,925,926,-1,926,925,927,-1,928,929,930,-1,930,929,931,-1,932,933,934,-1,934,933,935,-1,936,937,938,-1,938,937,939,-1,938,939,940,-1,940,939,941,-1,940,941,942,-1,942,941,943,-1,942,943,944,-1,944,943,945,-1,944,945,946,-1,946,945,947,-1,946,947,934,-1,934,947,932,-1,948,949,950,-1,948,950,951,-1,951,950,952,-1,951,952,953,-1,953,952,954,-1,953,954,955,-1,955,954,956,-1,955,956,957,-1,957,956,958,-1,957,958,959,-1,959,958,937,-1,959,937,936,-1,948,960,949,-1,949,960,961,-1,962,963,964,-1,962,964,965,-1,965,964,966,-1,965,966,967,-1,967,966,961,-1,967,961,960,-1,962,968,963,-1,963,968,969,-1,970,971,972,-1,972,971,973,-1,972,973,968,-1,968,973,969,-1,970,974,971,-1,971,974,975,-1,976,977,978,-1,978,977,979,-1,978,979,980,-1,980,979,981,-1,980,981,982,-1,982,981,983,-1,982,983,974,-1,974,983,975,-1,976,984,977,-1,977,984,985,-1,986,987,988,-1,986,988,989,-1,989,988,990,-1,989,990,991,-1,991,990,992,-1,991,992,993,-1,993,992,985,-1,993,985,984,-1,986,994,987,-1,987,994,995,-1,994,996,995,-1,995,996,997,-1,996,998,997,-1,997,998,999,-1,1000,1001,1002,-1,1002,1001,1003,-1,1002,1003,1004,-1,1004,1003,1005,-1,1004,1005,1006,-1,1006,1005,1007,-1,1006,1007,998,-1,998,1007,999,-1,1000,1008,1001,-1,1001,1008,1009,-1,1010,1011,1012,-1,1010,1012,1013,-1,1013,1012,1014,-1,1013,1014,1015,-1,1015,1014,1016,-1,1015,1016,1017,-1,1017,1016,1009,-1,1017,1009,1008,-1,1010,1018,1011,-1,1011,1018,1019,-1,1020,1021,1022,-1,1020,1022,1023,-1,1023,1022,1024,-1,1023,1024,1025,-1,1025,1024,1019,-1,1025,1019,1018,-1,1020,1026,1021,-1,1021,1026,1027,-1,1028,1029,1030,-1,1030,1029,1031,-1,1030,1031,1026,-1,1026,1031,1027,-1,1028,1032,1029,-1,1029,1032,1033,-1,1034,1035,1036,-1,1036,1035,1037,-1,1036,1037,1038,-1,1038,1037,1039,-1,1038,1039,1040,-1,1040,1039,1041,-1,1040,1041,1042,-1,1042,1041,1043,-1,1042,1043,1044,-1,1044,1043,1045,-1,1044,1045,1032,-1,1032,1045,1033,-1,924,926,1046,-1,924,1046,1047,-1,1047,1046,1048,-1,1047,1048,1049,-1,1049,1048,1050,-1,1049,1050,1051,-1,1051,1050,1052,-1,1051,1052,1053,-1,1053,1052,1054,-1,1053,1054,1055,-1,1055,1054,1035,-1,1055,1035,1034,-1,935,925,934,-1,934,925,924,-1,934,924,946,-1,946,924,1047,-1,946,1047,944,-1,944,1047,1049,-1,944,1049,942,-1,942,1049,1051,-1,942,1051,940,-1,940,1051,1053,-1,940,1053,938,-1,938,1053,1055,-1,938,1055,936,-1,936,1055,1034,-1,936,1034,959,-1,959,1034,1036,-1,959,1036,957,-1,957,1036,1038,-1,957,1038,955,-1,955,1038,1040,-1,955,1040,953,-1,953,1040,1042,-1,953,1042,951,-1,951,1042,1044,-1,951,1044,948,-1,948,1044,1032,-1,948,1032,960,-1,960,1032,1028,-1,960,1028,967,-1,967,1028,1030,-1,967,1030,965,-1,965,1030,1026,-1,965,1026,962,-1,962,1026,968,-1,968,1026,1020,-1,968,1020,972,-1,996,994,998,-1,998,994,986,-1,998,986,1006,-1,1006,986,989,-1,1006,989,1004,-1,1004,989,991,-1,1004,991,1002,-1,1002,991,993,-1,1002,993,1000,-1,1000,993,984,-1,1000,984,1008,-1,1008,984,976,-1,1008,976,1017,-1,1017,976,978,-1,1017,978,1015,-1,1015,978,980,-1,1015,980,1013,-1,1013,980,982,-1,1013,982,1010,-1,1010,982,974,-1,1010,974,1018,-1,1018,974,970,-1,1018,970,1025,-1,1025,970,972,-1,1025,972,1023,-1,1023,972,1020,-1,927,933,926,-1,926,933,932,-1,926,932,1046,-1,1046,932,947,-1,1046,947,1048,-1,1048,947,945,-1,1048,945,1050,-1,1050,945,943,-1,1050,943,1052,-1,1052,943,941,-1,1052,941,1054,-1,1054,941,939,-1,1054,939,1035,-1,1035,939,937,-1,1035,937,1037,-1,1037,937,958,-1,1037,958,1039,-1,1039,958,956,-1,1039,956,1041,-1,1041,956,954,-1,1041,954,1043,-1,1043,954,952,-1,1043,952,1045,-1,1045,952,950,-1,1045,950,1033,-1,1033,950,949,-1,1033,949,1029,-1,1029,949,961,-1,1029,961,1031,-1,961,966,1031,-1,1031,966,964,-1,1031,964,1027,-1,1027,964,963,-1,1027,963,1021,-1,1021,963,969,-1,1021,969,1022,-1,1022,969,973,-1,1022,973,1024,-1,1024,973,971,-1,995,997,987,-1,987,997,999,-1,987,999,988,-1,988,999,1007,-1,988,1007,990,-1,990,1007,1005,-1,990,1005,992,-1,992,1005,1003,-1,992,1003,985,-1,985,1003,1001,-1,985,1001,977,-1,977,1001,1009,-1,977,1009,979,-1,979,1009,1016,-1,979,1016,981,-1,981,1016,1014,-1,981,1014,983,-1,983,1014,1012,-1,983,1012,975,-1,975,1012,1011,-1,975,1011,971,-1,971,1011,1019,-1,971,1019,1024,-1,930,935,928,-1,928,935,933,-1,931,925,930,-1,930,925,935,-1,927,929,933,-1,933,929,928,-1,929,927,931,-1,931,927,925,-1,1056,1057,1058,-1,1058,1057,1059,-1,1060,1061,1062,-1,1062,1061,1063,-1,1064,1065,1066,-1,1066,1065,1067,-1,1068,1069,1070,-1,1070,1069,1071,-1,1070,1071,1072,-1,1072,1071,1073,-1,1072,1073,1074,-1,1074,1073,1075,-1,1074,1075,1076,-1,1076,1075,1077,-1,1076,1077,1078,-1,1078,1077,1079,-1,1078,1079,1066,-1,1066,1079,1064,-1,1080,1081,1082,-1,1080,1082,1083,-1,1083,1082,1084,-1,1083,1084,1085,-1,1085,1084,1086,-1,1085,1086,1087,-1,1087,1086,1088,-1,1087,1088,1089,-1,1089,1088,1090,-1,1089,1090,1091,-1,1091,1090,1069,-1,1091,1069,1068,-1,1080,1092,1081,-1,1081,1092,1093,-1,1094,1095,1096,-1,1094,1096,1097,-1,1097,1096,1098,-1,1097,1098,1099,-1,1099,1098,1093,-1,1099,1093,1092,-1,1094,1100,1095,-1,1095,1100,1101,-1,1102,1103,1104,-1,1104,1103,1105,-1,1104,1105,1100,-1,1100,1105,1101,-1,1102,1106,1103,-1,1103,1106,1107,-1,1108,1109,1110,-1,1110,1109,1111,-1,1110,1111,1112,-1,1112,1111,1113,-1,1112,1113,1114,-1,1114,1113,1115,-1,1114,1115,1106,-1,1106,1115,1107,-1,1108,1116,1109,-1,1109,1116,1117,-1,1118,1119,1120,-1,1118,1120,1121,-1,1121,1120,1122,-1,1121,1122,1123,-1,1123,1122,1124,-1,1123,1124,1125,-1,1125,1124,1117,-1,1125,1117,1116,-1,1118,1126,1119,-1,1119,1126,1127,-1,1126,1128,1127,-1,1127,1128,1129,-1,1128,1130,1129,-1,1129,1130,1131,-1,1132,1133,1134,-1,1134,1133,1135,-1,1134,1135,1136,-1,1136,1135,1137,-1,1136,1137,1138,-1,1138,1137,1139,-1,1138,1139,1130,-1,1130,1139,1131,-1,1132,1140,1133,-1,1133,1140,1141,-1,1142,1143,1144,-1,1142,1144,1145,-1,1145,1144,1146,-1,1145,1146,1147,-1,1147,1146,1148,-1,1147,1148,1149,-1,1149,1148,1141,-1,1149,1141,1140,-1,1142,1150,1143,-1,1143,1150,1151,-1,1152,1153,1154,-1,1152,1154,1155,-1,1155,1154,1156,-1,1155,1156,1157,-1,1157,1156,1151,-1,1157,1151,1150,-1,1152,1158,1153,-1,1153,1158,1159,-1,1160,1161,1162,-1,1162,1161,1163,-1,1162,1163,1158,-1,1158,1163,1159,-1,1160,1164,1161,-1,1161,1164,1165,-1,1166,1167,1168,-1,1168,1167,1169,-1,1168,1169,1170,-1,1170,1169,1171,-1,1170,1171,1172,-1,1172,1171,1173,-1,1172,1173,1174,-1,1174,1173,1175,-1,1174,1175,1176,-1,1176,1175,1177,-1,1176,1177,1164,-1,1164,1177,1165,-1,1056,1058,1178,-1,1056,1178,1179,-1,1179,1178,1180,-1,1179,1180,1181,-1,1181,1180,1182,-1,1181,1182,1183,-1,1183,1182,1184,-1,1183,1184,1185,-1,1185,1184,1186,-1,1185,1186,1187,-1,1187,1186,1167,-1,1187,1167,1166,-1,1067,1057,1066,-1,1066,1057,1056,-1,1066,1056,1078,-1,1078,1056,1179,-1,1078,1179,1076,-1,1076,1179,1181,-1,1076,1181,1074,-1,1074,1181,1183,-1,1074,1183,1072,-1,1072,1183,1185,-1,1072,1185,1070,-1,1070,1185,1187,-1,1070,1187,1068,-1,1068,1187,1166,-1,1068,1166,1091,-1,1091,1166,1168,-1,1091,1168,1089,-1,1089,1168,1170,-1,1089,1170,1087,-1,1087,1170,1172,-1,1087,1172,1085,-1,1085,1172,1174,-1,1085,1174,1083,-1,1083,1174,1176,-1,1083,1176,1080,-1,1080,1176,1164,-1,1080,1164,1092,-1,1092,1164,1160,-1,1092,1160,1099,-1,1099,1160,1162,-1,1099,1162,1097,-1,1097,1162,1158,-1,1097,1158,1094,-1,1094,1158,1100,-1,1100,1158,1152,-1,1100,1152,1104,-1,1128,1126,1130,-1,1130,1126,1118,-1,1130,1118,1138,-1,1138,1118,1121,-1,1138,1121,1136,-1,1136,1121,1123,-1,1136,1123,1134,-1,1134,1123,1125,-1,1134,1125,1132,-1,1132,1125,1116,-1,1132,1116,1140,-1,1140,1116,1108,-1,1140,1108,1149,-1,1149,1108,1110,-1,1149,1110,1147,-1,1147,1110,1112,-1,1147,1112,1145,-1,1145,1112,1114,-1,1145,1114,1142,-1,1142,1114,1106,-1,1142,1106,1150,-1,1150,1106,1102,-1,1150,1102,1157,-1,1157,1102,1104,-1,1157,1104,1155,-1,1155,1104,1152,-1,1059,1065,1058,-1,1058,1065,1064,-1,1058,1064,1178,-1,1178,1064,1079,-1,1178,1079,1180,-1,1180,1079,1077,-1,1180,1077,1182,-1,1182,1077,1075,-1,1182,1075,1184,-1,1184,1075,1073,-1,1184,1073,1186,-1,1186,1073,1071,-1,1186,1071,1167,-1,1167,1071,1069,-1,1167,1069,1169,-1,1169,1069,1090,-1,1169,1090,1171,-1,1171,1090,1088,-1,1171,1088,1173,-1,1173,1088,1086,-1,1173,1086,1175,-1,1175,1086,1084,-1,1175,1084,1177,-1,1177,1084,1082,-1,1177,1082,1165,-1,1165,1082,1081,-1,1165,1081,1161,-1,1161,1081,1093,-1,1161,1093,1163,-1,1093,1098,1163,-1,1163,1098,1096,-1,1163,1096,1159,-1,1159,1096,1095,-1,1159,1095,1153,-1,1153,1095,1101,-1,1153,1101,1154,-1,1154,1101,1105,-1,1154,1105,1156,-1,1156,1105,1103,-1,1127,1129,1119,-1,1119,1129,1131,-1,1119,1131,1120,-1,1120,1131,1139,-1,1120,1139,1122,-1,1122,1139,1137,-1,1122,1137,1124,-1,1124,1137,1135,-1,1124,1135,1117,-1,1117,1135,1133,-1,1117,1133,1109,-1,1109,1133,1141,-1,1109,1141,1111,-1,1111,1141,1148,-1,1111,1148,1113,-1,1113,1148,1146,-1,1113,1146,1115,-1,1115,1146,1144,-1,1115,1144,1107,-1,1107,1144,1143,-1,1107,1143,1103,-1,1103,1143,1151,-1,1103,1151,1156,-1,1062,1067,1060,-1,1060,1067,1065,-1,1063,1057,1062,-1,1062,1057,1067,-1,1059,1061,1065,-1,1065,1061,1060,-1,1061,1059,1063,-1,1063,1059,1057,-1,1188,1189,1190,-1,1190,1189,1191,-1,1192,1193,1194,-1,1194,1193,1195,-1,1196,1197,1198,-1,1198,1197,1199,-1,1200,1201,1202,-1,1202,1201,1203,-1,1202,1203,1204,-1,1204,1203,1205,-1,1204,1205,1206,-1,1206,1205,1207,-1,1206,1207,1208,-1,1208,1207,1209,-1,1208,1209,1210,-1,1210,1209,1211,-1,1210,1211,1198,-1,1198,1211,1196,-1,1212,1213,1214,-1,1212,1214,1215,-1,1215,1214,1216,-1,1215,1216,1217,-1,1217,1216,1218,-1,1217,1218,1219,-1,1219,1218,1220,-1,1219,1220,1221,-1,1221,1220,1222,-1,1221,1222,1223,-1,1223,1222,1201,-1,1223,1201,1200,-1,1212,1224,1213,-1,1213,1224,1225,-1,1226,1227,1228,-1,1226,1228,1229,-1,1229,1228,1230,-1,1229,1230,1231,-1,1231,1230,1225,-1,1231,1225,1224,-1,1226,1232,1227,-1,1227,1232,1233,-1,1234,1235,1236,-1,1236,1235,1237,-1,1236,1237,1232,-1,1232,1237,1233,-1,1234,1238,1235,-1,1235,1238,1239,-1,1240,1241,1242,-1,1242,1241,1243,-1,1242,1243,1244,-1,1244,1243,1245,-1,1244,1245,1246,-1,1246,1245,1247,-1,1246,1247,1238,-1,1238,1247,1239,-1,1240,1248,1241,-1,1241,1248,1249,-1,1250,1251,1252,-1,1250,1252,1253,-1,1253,1252,1254,-1,1253,1254,1255,-1,1255,1254,1256,-1,1255,1256,1257,-1,1257,1256,1249,-1,1257,1249,1248,-1,1250,1258,1251,-1,1251,1258,1259,-1,1258,1260,1259,-1,1259,1260,1261,-1,1260,1262,1261,-1,1261,1262,1263,-1,1264,1265,1266,-1,1266,1265,1267,-1,1266,1267,1268,-1,1268,1267,1269,-1,1268,1269,1270,-1,1270,1269,1271,-1,1270,1271,1262,-1,1262,1271,1263,-1,1264,1272,1265,-1,1265,1272,1273,-1,1274,1275,1276,-1,1274,1276,1277,-1,1277,1276,1278,-1,1277,1278,1279,-1,1279,1278,1280,-1,1279,1280,1281,-1,1281,1280,1273,-1,1281,1273,1272,-1,1274,1282,1275,-1,1275,1282,1283,-1,1284,1285,1286,-1,1284,1286,1287,-1,1287,1286,1288,-1,1287,1288,1289,-1,1289,1288,1283,-1,1289,1283,1282,-1,1284,1290,1285,-1,1285,1290,1291,-1,1292,1293,1294,-1,1294,1293,1295,-1,1294,1295,1290,-1,1290,1295,1291,-1,1292,1296,1293,-1,1293,1296,1297,-1,1298,1299,1300,-1,1300,1299,1301,-1,1300,1301,1302,-1,1302,1301,1303,-1,1302,1303,1304,-1,1304,1303,1305,-1,1304,1305,1306,-1,1306,1305,1307,-1,1306,1307,1308,-1,1308,1307,1309,-1,1308,1309,1296,-1,1296,1309,1297,-1,1188,1190,1310,-1,1188,1310,1311,-1,1311,1310,1312,-1,1311,1312,1313,-1,1313,1312,1314,-1,1313,1314,1315,-1,1315,1314,1316,-1,1315,1316,1317,-1,1317,1316,1318,-1,1317,1318,1319,-1,1319,1318,1299,-1,1319,1299,1298,-1,1199,1189,1198,-1,1198,1189,1188,-1,1198,1188,1210,-1,1210,1188,1311,-1,1210,1311,1208,-1,1208,1311,1313,-1,1208,1313,1206,-1,1206,1313,1315,-1,1206,1315,1204,-1,1204,1315,1317,-1,1204,1317,1202,-1,1202,1317,1319,-1,1202,1319,1200,-1,1200,1319,1298,-1,1200,1298,1223,-1,1223,1298,1300,-1,1223,1300,1221,-1,1221,1300,1302,-1,1221,1302,1219,-1,1219,1302,1304,-1,1219,1304,1217,-1,1217,1304,1306,-1,1217,1306,1215,-1,1215,1306,1308,-1,1215,1308,1212,-1,1212,1308,1296,-1,1212,1296,1224,-1,1224,1296,1292,-1,1224,1292,1231,-1,1231,1292,1294,-1,1231,1294,1229,-1,1229,1294,1290,-1,1229,1290,1226,-1,1226,1290,1232,-1,1232,1290,1284,-1,1232,1284,1236,-1,1260,1258,1262,-1,1262,1258,1250,-1,1262,1250,1270,-1,1270,1250,1253,-1,1270,1253,1268,-1,1268,1253,1255,-1,1268,1255,1266,-1,1266,1255,1257,-1,1266,1257,1264,-1,1264,1257,1248,-1,1264,1248,1272,-1,1272,1248,1240,-1,1272,1240,1281,-1,1281,1240,1242,-1,1281,1242,1279,-1,1279,1242,1244,-1,1279,1244,1277,-1,1277,1244,1246,-1,1277,1246,1274,-1,1274,1246,1238,-1,1274,1238,1282,-1,1282,1238,1234,-1,1282,1234,1289,-1,1289,1234,1236,-1,1289,1236,1287,-1,1287,1236,1284,-1,1191,1197,1190,-1,1190,1197,1196,-1,1190,1196,1310,-1,1310,1196,1211,-1,1310,1211,1312,-1,1312,1211,1209,-1,1312,1209,1314,-1,1314,1209,1207,-1,1314,1207,1316,-1,1316,1207,1205,-1,1316,1205,1318,-1,1318,1205,1203,-1,1318,1203,1299,-1,1299,1203,1201,-1,1299,1201,1301,-1,1301,1201,1222,-1,1301,1222,1303,-1,1303,1222,1220,-1,1303,1220,1305,-1,1305,1220,1218,-1,1305,1218,1307,-1,1307,1218,1216,-1,1307,1216,1309,-1,1309,1216,1214,-1,1309,1214,1297,-1,1297,1214,1213,-1,1297,1213,1293,-1,1293,1213,1225,-1,1293,1225,1295,-1,1225,1230,1295,-1,1295,1230,1228,-1,1295,1228,1291,-1,1291,1228,1227,-1,1291,1227,1285,-1,1285,1227,1233,-1,1285,1233,1286,-1,1286,1233,1237,-1,1286,1237,1288,-1,1288,1237,1235,-1,1259,1261,1251,-1,1251,1261,1263,-1,1251,1263,1252,-1,1252,1263,1271,-1,1252,1271,1254,-1,1254,1271,1269,-1,1254,1269,1256,-1,1256,1269,1267,-1,1256,1267,1249,-1,1249,1267,1265,-1,1249,1265,1241,-1,1241,1265,1273,-1,1241,1273,1243,-1,1243,1273,1280,-1,1243,1280,1245,-1,1245,1280,1278,-1,1245,1278,1247,-1,1247,1278,1276,-1,1247,1276,1239,-1,1239,1276,1275,-1,1239,1275,1235,-1,1235,1275,1283,-1,1235,1283,1288,-1,1194,1199,1192,-1,1192,1199,1197,-1,1195,1189,1194,-1,1194,1189,1199,-1,1191,1193,1197,-1,1197,1193,1192,-1,1193,1191,1195,-1,1195,1191,1189,-1,1320,1321,1322,-1,1322,1321,1323,-1,1324,1325,1326,-1,1326,1325,1327,-1,1328,1329,1330,-1,1330,1329,1331,-1,1332,1333,1334,-1,1334,1333,1335,-1,1334,1335,1336,-1,1336,1335,1337,-1,1336,1337,1338,-1,1338,1337,1339,-1,1338,1339,1340,-1,1340,1339,1341,-1,1340,1341,1342,-1,1342,1341,1343,-1,1342,1343,1330,-1,1330,1343,1328,-1,1344,1345,1346,-1,1344,1346,1347,-1,1347,1346,1348,-1,1347,1348,1349,-1,1349,1348,1350,-1,1349,1350,1351,-1,1351,1350,1352,-1,1351,1352,1353,-1,1353,1352,1354,-1,1353,1354,1355,-1,1355,1354,1333,-1,1355,1333,1332,-1,1344,1356,1345,-1,1345,1356,1357,-1,1358,1359,1360,-1,1358,1360,1361,-1,1361,1360,1362,-1,1361,1362,1363,-1,1363,1362,1357,-1,1363,1357,1356,-1,1358,1364,1359,-1,1359,1364,1365,-1,1366,1367,1368,-1,1368,1367,1369,-1,1368,1369,1364,-1,1364,1369,1365,-1,1366,1370,1367,-1,1367,1370,1371,-1,1372,1373,1374,-1,1374,1373,1375,-1,1374,1375,1376,-1,1376,1375,1377,-1,1376,1377,1378,-1,1378,1377,1379,-1,1378,1379,1370,-1,1370,1379,1371,-1,1372,1380,1373,-1,1373,1380,1381,-1,1382,1383,1384,-1,1382,1384,1385,-1,1385,1384,1386,-1,1385,1386,1387,-1,1387,1386,1388,-1,1387,1388,1389,-1,1389,1388,1381,-1,1389,1381,1380,-1,1382,1390,1383,-1,1383,1390,1391,-1,1390,1392,1391,-1,1391,1392,1393,-1,1392,1394,1393,-1,1393,1394,1395,-1,1396,1397,1398,-1,1398,1397,1399,-1,1398,1399,1400,-1,1400,1399,1401,-1,1400,1401,1402,-1,1402,1401,1403,-1,1402,1403,1394,-1,1394,1403,1395,-1,1396,1404,1397,-1,1397,1404,1405,-1,1406,1407,1408,-1,1406,1408,1409,-1,1409,1408,1410,-1,1409,1410,1411,-1,1411,1410,1412,-1,1411,1412,1413,-1,1413,1412,1405,-1,1413,1405,1404,-1,1406,1414,1407,-1,1407,1414,1415,-1,1416,1417,1418,-1,1416,1418,1419,-1,1419,1418,1420,-1,1419,1420,1421,-1,1421,1420,1415,-1,1421,1415,1414,-1,1416,1422,1417,-1,1417,1422,1423,-1,1424,1425,1426,-1,1426,1425,1427,-1,1426,1427,1422,-1,1422,1427,1423,-1,1424,1428,1425,-1,1425,1428,1429,-1,1430,1431,1432,-1,1432,1431,1433,-1,1432,1433,1434,-1,1434,1433,1435,-1,1434,1435,1436,-1,1436,1435,1437,-1,1436,1437,1438,-1,1438,1437,1439,-1,1438,1439,1440,-1,1440,1439,1441,-1,1440,1441,1428,-1,1428,1441,1429,-1,1320,1322,1442,-1,1320,1442,1443,-1,1443,1442,1444,-1,1443,1444,1445,-1,1445,1444,1446,-1,1445,1446,1447,-1,1447,1446,1448,-1,1447,1448,1449,-1,1449,1448,1450,-1,1449,1450,1451,-1,1451,1450,1431,-1,1451,1431,1430,-1,1331,1321,1330,-1,1330,1321,1320,-1,1330,1320,1342,-1,1342,1320,1443,-1,1342,1443,1340,-1,1340,1443,1445,-1,1340,1445,1338,-1,1338,1445,1447,-1,1338,1447,1336,-1,1336,1447,1449,-1,1336,1449,1334,-1,1334,1449,1451,-1,1334,1451,1332,-1,1332,1451,1430,-1,1332,1430,1355,-1,1355,1430,1432,-1,1355,1432,1353,-1,1353,1432,1434,-1,1353,1434,1351,-1,1351,1434,1436,-1,1351,1436,1349,-1,1349,1436,1438,-1,1349,1438,1347,-1,1347,1438,1440,-1,1347,1440,1344,-1,1344,1440,1428,-1,1344,1428,1356,-1,1356,1428,1424,-1,1356,1424,1363,-1,1363,1424,1426,-1,1363,1426,1361,-1,1361,1426,1422,-1,1361,1422,1358,-1,1358,1422,1364,-1,1364,1422,1416,-1,1364,1416,1368,-1,1392,1390,1394,-1,1394,1390,1382,-1,1394,1382,1402,-1,1402,1382,1385,-1,1402,1385,1400,-1,1400,1385,1387,-1,1400,1387,1398,-1,1398,1387,1389,-1,1398,1389,1396,-1,1396,1389,1380,-1,1396,1380,1404,-1,1404,1380,1372,-1,1404,1372,1413,-1,1413,1372,1374,-1,1413,1374,1411,-1,1411,1374,1376,-1,1411,1376,1409,-1,1409,1376,1378,-1,1409,1378,1406,-1,1406,1378,1370,-1,1406,1370,1414,-1,1414,1370,1366,-1,1414,1366,1421,-1,1421,1366,1368,-1,1421,1368,1419,-1,1419,1368,1416,-1,1323,1329,1322,-1,1322,1329,1328,-1,1322,1328,1442,-1,1442,1328,1343,-1,1442,1343,1444,-1,1444,1343,1341,-1,1444,1341,1446,-1,1446,1341,1339,-1,1446,1339,1448,-1,1448,1339,1337,-1,1448,1337,1450,-1,1450,1337,1335,-1,1450,1335,1431,-1,1431,1335,1333,-1,1431,1333,1433,-1,1433,1333,1354,-1,1433,1354,1435,-1,1435,1354,1352,-1,1435,1352,1437,-1,1437,1352,1350,-1,1437,1350,1439,-1,1439,1350,1348,-1,1439,1348,1441,-1,1441,1348,1346,-1,1441,1346,1429,-1,1429,1346,1345,-1,1429,1345,1425,-1,1425,1345,1357,-1,1425,1357,1427,-1,1357,1362,1427,-1,1427,1362,1360,-1,1427,1360,1423,-1,1423,1360,1359,-1,1423,1359,1417,-1,1417,1359,1365,-1,1417,1365,1418,-1,1418,1365,1369,-1,1418,1369,1420,-1,1420,1369,1367,-1,1391,1393,1383,-1,1383,1393,1395,-1,1383,1395,1384,-1,1384,1395,1403,-1,1384,1403,1386,-1,1386,1403,1401,-1,1386,1401,1388,-1,1388,1401,1399,-1,1388,1399,1381,-1,1381,1399,1397,-1,1381,1397,1373,-1,1373,1397,1405,-1,1373,1405,1375,-1,1375,1405,1412,-1,1375,1412,1377,-1,1377,1412,1410,-1,1377,1410,1379,-1,1379,1410,1408,-1,1379,1408,1371,-1,1371,1408,1407,-1,1371,1407,1367,-1,1367,1407,1415,-1,1367,1415,1420,-1,1326,1331,1324,-1,1324,1331,1329,-1,1327,1321,1326,-1,1326,1321,1331,-1,1323,1325,1329,-1,1329,1325,1324,-1,1325,1323,1327,-1,1327,1323,1321,-1,1452,1453,1454,-1,1454,1453,1455,-1,1456,1457,1458,-1,1458,1457,1459,-1,1460,1461,1462,-1,1462,1461,1463,-1,1464,1465,1466,-1,1466,1465,1467,-1,1466,1467,1468,-1,1468,1467,1469,-1,1468,1469,1470,-1,1470,1469,1471,-1,1470,1471,1472,-1,1472,1471,1473,-1,1472,1473,1474,-1,1474,1473,1475,-1,1474,1475,1462,-1,1462,1475,1460,-1,1476,1477,1478,-1,1476,1478,1479,-1,1479,1478,1480,-1,1479,1480,1481,-1,1481,1480,1482,-1,1481,1482,1483,-1,1483,1482,1484,-1,1483,1484,1485,-1,1485,1484,1486,-1,1485,1486,1487,-1,1487,1486,1465,-1,1487,1465,1464,-1,1476,1488,1477,-1,1477,1488,1489,-1,1490,1491,1492,-1,1490,1492,1493,-1,1493,1492,1494,-1,1493,1494,1495,-1,1495,1494,1489,-1,1495,1489,1488,-1,1490,1496,1491,-1,1491,1496,1497,-1,1498,1499,1500,-1,1500,1499,1501,-1,1500,1501,1496,-1,1496,1501,1497,-1,1498,1502,1499,-1,1499,1502,1503,-1,1504,1505,1506,-1,1506,1505,1507,-1,1506,1507,1508,-1,1508,1507,1509,-1,1508,1509,1510,-1,1510,1509,1511,-1,1510,1511,1502,-1,1502,1511,1503,-1,1504,1512,1505,-1,1505,1512,1513,-1,1514,1515,1516,-1,1514,1516,1517,-1,1517,1516,1518,-1,1517,1518,1519,-1,1519,1518,1520,-1,1519,1520,1521,-1,1521,1520,1513,-1,1521,1513,1512,-1,1514,1522,1515,-1,1515,1522,1523,-1,1522,1524,1523,-1,1523,1524,1525,-1,1524,1526,1525,-1,1525,1526,1527,-1,1528,1529,1530,-1,1530,1529,1531,-1,1530,1531,1532,-1,1532,1531,1533,-1,1532,1533,1534,-1,1534,1533,1535,-1,1534,1535,1526,-1,1526,1535,1527,-1,1528,1536,1529,-1,1529,1536,1537,-1,1538,1539,1540,-1,1538,1540,1541,-1,1541,1540,1542,-1,1541,1542,1543,-1,1543,1542,1544,-1,1543,1544,1545,-1,1545,1544,1537,-1,1545,1537,1536,-1,1538,1546,1539,-1,1539,1546,1547,-1,1548,1549,1550,-1,1548,1550,1551,-1,1551,1550,1552,-1,1551,1552,1553,-1,1553,1552,1547,-1,1553,1547,1546,-1,1548,1554,1549,-1,1549,1554,1555,-1,1556,1557,1558,-1,1558,1557,1559,-1,1558,1559,1554,-1,1554,1559,1555,-1,1556,1560,1557,-1,1557,1560,1561,-1,1562,1563,1564,-1,1564,1563,1565,-1,1564,1565,1566,-1,1566,1565,1567,-1,1566,1567,1568,-1,1568,1567,1569,-1,1568,1569,1570,-1,1570,1569,1571,-1,1570,1571,1572,-1,1572,1571,1573,-1,1572,1573,1560,-1,1560,1573,1561,-1,1452,1454,1574,-1,1452,1574,1575,-1,1575,1574,1576,-1,1575,1576,1577,-1,1577,1576,1578,-1,1577,1578,1579,-1,1579,1578,1580,-1,1579,1580,1581,-1,1581,1580,1582,-1,1581,1582,1583,-1,1583,1582,1563,-1,1583,1563,1562,-1,1463,1453,1462,-1,1462,1453,1452,-1,1462,1452,1474,-1,1474,1452,1575,-1,1474,1575,1472,-1,1472,1575,1577,-1,1472,1577,1470,-1,1470,1577,1579,-1,1470,1579,1468,-1,1468,1579,1581,-1,1468,1581,1466,-1,1466,1581,1583,-1,1466,1583,1464,-1,1464,1583,1562,-1,1464,1562,1487,-1,1487,1562,1564,-1,1487,1564,1485,-1,1485,1564,1566,-1,1485,1566,1483,-1,1483,1566,1568,-1,1483,1568,1481,-1,1481,1568,1570,-1,1481,1570,1479,-1,1479,1570,1572,-1,1479,1572,1476,-1,1476,1572,1560,-1,1476,1560,1488,-1,1488,1560,1556,-1,1488,1556,1495,-1,1495,1556,1558,-1,1495,1558,1493,-1,1493,1558,1554,-1,1493,1554,1490,-1,1490,1554,1496,-1,1496,1554,1548,-1,1496,1548,1500,-1,1524,1522,1526,-1,1526,1522,1514,-1,1526,1514,1534,-1,1534,1514,1517,-1,1534,1517,1532,-1,1532,1517,1519,-1,1532,1519,1530,-1,1530,1519,1521,-1,1530,1521,1528,-1,1528,1521,1512,-1,1528,1512,1536,-1,1536,1512,1504,-1,1536,1504,1545,-1,1545,1504,1506,-1,1545,1506,1543,-1,1543,1506,1508,-1,1543,1508,1541,-1,1541,1508,1510,-1,1541,1510,1538,-1,1538,1510,1502,-1,1538,1502,1546,-1,1546,1502,1498,-1,1546,1498,1553,-1,1553,1498,1500,-1,1553,1500,1551,-1,1551,1500,1548,-1,1455,1461,1454,-1,1454,1461,1460,-1,1454,1460,1574,-1,1574,1460,1475,-1,1574,1475,1576,-1,1576,1475,1473,-1,1576,1473,1578,-1,1578,1473,1471,-1,1578,1471,1580,-1,1580,1471,1469,-1,1580,1469,1582,-1,1582,1469,1467,-1,1582,1467,1563,-1,1563,1467,1465,-1,1563,1465,1565,-1,1565,1465,1486,-1,1565,1486,1567,-1,1567,1486,1484,-1,1567,1484,1569,-1,1569,1484,1482,-1,1569,1482,1571,-1,1571,1482,1480,-1,1571,1480,1573,-1,1573,1480,1478,-1,1573,1478,1561,-1,1561,1478,1477,-1,1561,1477,1557,-1,1557,1477,1489,-1,1557,1489,1559,-1,1489,1494,1559,-1,1559,1494,1492,-1,1559,1492,1555,-1,1555,1492,1491,-1,1555,1491,1549,-1,1549,1491,1497,-1,1549,1497,1550,-1,1550,1497,1501,-1,1550,1501,1552,-1,1552,1501,1499,-1,1523,1525,1515,-1,1515,1525,1527,-1,1515,1527,1516,-1,1516,1527,1535,-1,1516,1535,1518,-1,1518,1535,1533,-1,1518,1533,1520,-1,1520,1533,1531,-1,1520,1531,1513,-1,1513,1531,1529,-1,1513,1529,1505,-1,1505,1529,1537,-1,1505,1537,1507,-1,1507,1537,1544,-1,1507,1544,1509,-1,1509,1544,1542,-1,1509,1542,1511,-1,1511,1542,1540,-1,1511,1540,1503,-1,1503,1540,1539,-1,1503,1539,1499,-1,1499,1539,1547,-1,1499,1547,1552,-1,1458,1463,1456,-1,1456,1463,1461,-1,1459,1453,1458,-1,1458,1453,1463,-1,1455,1457,1461,-1,1461,1457,1456,-1,1457,1455,1459,-1,1459,1455,1453,-1,1584,1585,1586,-1,1586,1585,1587,-1,1588,1589,1590,-1,1590,1589,1591,-1,1592,1593,1594,-1,1594,1593,1595,-1,1595,1593,1596,-1,1596,1593,1597,-1,1596,1597,1598,-1,1598,1597,1599,-1,1598,1599,1600,-1,1600,1599,1601,-1,1600,1601,1602,-1,1602,1601,1603,-1,1602,1603,1604,-1,1604,1603,1605,-1,1604,1605,1606,-1,1606,1605,1607,-1,1606,1607,1608,-1,1606,1608,1609,-1,1609,1608,1610,-1,1609,1610,1611,-1,1611,1610,1612,-1,1611,1612,1613,-1,1613,1612,1614,-1,1613,1614,1615,-1,1615,1614,1616,-1,1615,1616,1617,-1,1617,1616,1618,-1,1617,1618,1619,-1,1620,1619,1621,-1,1621,1619,1618,-1,1620,1621,1622,-1,1620,1622,1623,-1,1623,1622,1624,-1,1623,1624,1625,-1,1625,1624,1626,-1,1625,1626,1627,-1,1628,1627,1629,-1,1629,1627,1626,-1,1628,1629,1630,-1,1630,1629,1631,-1,1630,1631,1632,-1,1632,1631,1633,-1,1634,1632,1635,-1,1635,1632,1633,-1,1634,1635,1636,-1,1636,1635,1637,-1,1636,1637,1638,-1,1638,1637,1639,-1,1638,1639,1640,-1,1640,1639,1641,-1,1640,1641,1642,-1,1642,1641,1643,-1,1644,1642,1645,-1,1645,1642,1643,-1,1644,1645,1646,-1,1644,1646,1647,-1,1647,1646,1648,-1,1647,1648,1649,-1,1649,1648,1650,-1,1649,1650,1651,-1,1651,1650,1652,-1,1651,1652,1653,-1,1654,1653,1655,-1,1655,1653,1652,-1,1656,1654,1657,-1,1657,1654,1655,-1,1658,1656,1659,-1,1659,1656,1657,-1,1658,1659,1660,-1,1660,1659,1661,-1,1660,1661,1662,-1,1662,1661,1663,-1,1662,1663,1664,-1,1664,1663,1665,-1,1664,1665,1666,-1,1666,1665,1667,-1,1668,1666,1669,-1,1669,1666,1667,-1,1668,1669,1670,-1,1668,1670,1671,-1,1671,1670,1672,-1,1671,1672,1673,-1,1673,1672,1674,-1,1673,1674,1675,-1,1675,1674,1676,-1,1675,1676,1677,-1,1678,1677,1679,-1,1679,1677,1676,-1,1678,1679,1680,-1,1678,1680,1681,-1,1681,1680,1682,-1,1681,1682,1683,-1,1683,1682,1684,-1,1683,1684,1685,-1,1686,1685,1687,-1,1687,1685,1684,-1,1686,1687,1688,-1,1688,1687,1689,-1,1688,1689,1690,-1,1690,1689,1691,-1,1692,1690,1693,-1,1693,1690,1691,-1,1692,1693,1694,-1,1694,1693,1695,-1,1694,1695,1696,-1,1696,1695,1697,-1,1696,1697,1698,-1,1698,1697,1699,-1,1698,1699,1700,-1,1700,1699,1701,-1,1700,1701,1702,-1,1702,1701,1703,-1,1702,1703,1704,-1,1704,1703,1705,-1,1704,1705,1706,-1,1704,1706,1707,-1,1707,1706,1708,-1,1707,1708,1709,-1,1709,1708,1710,-1,1709,1710,1711,-1,1711,1710,1712,-1,1711,1712,1713,-1,1713,1712,1714,-1,1713,1714,1715,-1,1715,1714,1587,-1,1715,1587,1585,-1,1688,1625,1686,-1,1686,1625,1627,-1,1686,1627,1685,-1,1685,1627,1628,-1,1685,1628,1683,-1,1683,1628,1630,-1,1683,1630,1681,-1,1681,1630,1632,-1,1584,1594,1585,-1,1585,1594,1595,-1,1585,1595,1715,-1,1715,1595,1596,-1,1715,1596,1713,-1,1713,1596,1598,-1,1713,1598,1711,-1,1711,1598,1600,-1,1711,1600,1709,-1,1709,1600,1602,-1,1709,1602,1707,-1,1707,1602,1604,-1,1707,1604,1704,-1,1704,1604,1606,-1,1704,1606,1702,-1,1702,1606,1609,-1,1702,1609,1700,-1,1700,1609,1611,-1,1700,1611,1698,-1,1698,1611,1613,-1,1698,1613,1696,-1,1696,1613,1615,-1,1696,1615,1694,-1,1694,1615,1617,-1,1694,1617,1692,-1,1692,1617,1619,-1,1692,1619,1690,-1,1690,1619,1620,-1,1690,1620,1688,-1,1688,1620,1623,-1,1688,1623,1625,-1,1654,1656,1653,-1,1653,1656,1658,-1,1653,1658,1651,-1,1651,1658,1660,-1,1651,1660,1649,-1,1649,1660,1662,-1,1649,1662,1647,-1,1647,1662,1664,-1,1647,1664,1644,-1,1644,1664,1666,-1,1644,1666,1642,-1,1642,1666,1668,-1,1642,1668,1640,-1,1640,1668,1671,-1,1640,1671,1638,-1,1638,1671,1673,-1,1638,1673,1636,-1,1636,1673,1675,-1,1636,1675,1634,-1,1634,1675,1677,-1,1634,1677,1632,-1,1632,1677,1678,-1,1632,1678,1681,-1,1687,1684,1629,-1,1629,1684,1631,-1,1629,1626,1687,-1,1687,1626,1624,-1,1687,1624,1689,-1,1689,1624,1622,-1,1689,1622,1691,-1,1691,1622,1621,-1,1691,1621,1693,-1,1693,1621,1618,-1,1693,1618,1695,-1,1695,1618,1616,-1,1695,1616,1697,-1,1697,1616,1614,-1,1697,1614,1699,-1,1699,1614,1612,-1,1699,1612,1701,-1,1701,1612,1610,-1,1701,1610,1703,-1,1703,1610,1608,-1,1703,1608,1705,-1,1705,1608,1607,-1,1705,1607,1706,-1,1706,1607,1605,-1,1706,1605,1708,-1,1708,1605,1603,-1,1708,1603,1710,-1,1710,1603,1601,-1,1710,1601,1712,-1,1712,1601,1599,-1,1712,1599,1714,-1,1714,1599,1597,-1,1714,1597,1587,-1,1587,1597,1593,-1,1587,1593,1586,-1,1586,1593,1592,-1,1657,1655,1659,-1,1659,1655,1652,-1,1659,1652,1661,-1,1661,1652,1650,-1,1661,1650,1663,-1,1663,1650,1648,-1,1663,1648,1665,-1,1665,1648,1646,-1,1665,1646,1667,-1,1667,1646,1645,-1,1667,1645,1669,-1,1669,1645,1643,-1,1669,1643,1670,-1,1670,1643,1641,-1,1670,1641,1672,-1,1672,1641,1639,-1,1672,1639,1674,-1,1674,1639,1637,-1,1674,1637,1676,-1,1676,1637,1635,-1,1676,1635,1679,-1,1679,1635,1633,-1,1679,1633,1680,-1,1680,1633,1631,-1,1680,1631,1682,-1,1682,1631,1684,-1,1594,1591,1592,-1,1592,1591,1589,-1,1584,1590,1594,-1,1594,1590,1591,-1,1588,1586,1589,-1,1589,1586,1592,-1,1586,1588,1584,-1,1584,1588,1590,-1,1716,1717,1718,-1,1718,1717,1719,-1,1720,1721,1722,-1,1722,1721,1723,-1,1724,1725,1726,-1,1726,1725,1727,-1,1727,1725,1728,-1,1728,1725,1729,-1,1728,1729,1730,-1,1730,1729,1731,-1,1730,1731,1732,-1,1732,1731,1733,-1,1732,1733,1734,-1,1734,1733,1735,-1,1734,1735,1736,-1,1736,1735,1737,-1,1736,1737,1738,-1,1738,1737,1739,-1,1738,1739,1740,-1,1738,1740,1741,-1,1741,1740,1742,-1,1741,1742,1743,-1,1743,1742,1744,-1,1743,1744,1745,-1,1745,1744,1746,-1,1745,1746,1747,-1,1747,1746,1748,-1,1747,1748,1749,-1,1749,1748,1750,-1,1749,1750,1751,-1,1752,1751,1753,-1,1753,1751,1750,-1,1752,1753,1754,-1,1752,1754,1755,-1,1755,1754,1756,-1,1755,1756,1757,-1,1757,1756,1758,-1,1757,1758,1759,-1,1760,1759,1761,-1,1761,1759,1758,-1,1760,1761,1762,-1,1762,1761,1763,-1,1762,1763,1764,-1,1764,1763,1765,-1,1766,1764,1767,-1,1767,1764,1765,-1,1766,1767,1768,-1,1768,1767,1769,-1,1768,1769,1770,-1,1770,1769,1771,-1,1770,1771,1772,-1,1772,1771,1773,-1,1772,1773,1774,-1,1774,1773,1775,-1,1776,1774,1777,-1,1777,1774,1775,-1,1776,1777,1778,-1,1776,1778,1779,-1,1779,1778,1780,-1,1779,1780,1781,-1,1781,1780,1782,-1,1781,1782,1783,-1,1783,1782,1784,-1,1783,1784,1785,-1,1786,1785,1787,-1,1787,1785,1784,-1,1788,1786,1789,-1,1789,1786,1787,-1,1790,1788,1791,-1,1791,1788,1789,-1,1790,1791,1792,-1,1792,1791,1793,-1,1792,1793,1794,-1,1794,1793,1795,-1,1794,1795,1796,-1,1796,1795,1797,-1,1796,1797,1798,-1,1798,1797,1799,-1,1800,1798,1801,-1,1801,1798,1799,-1,1800,1801,1802,-1,1800,1802,1803,-1,1803,1802,1804,-1,1803,1804,1805,-1,1805,1804,1806,-1,1805,1806,1807,-1,1807,1806,1808,-1,1807,1808,1809,-1,1810,1809,1811,-1,1811,1809,1808,-1,1810,1811,1812,-1,1810,1812,1813,-1,1813,1812,1814,-1,1813,1814,1815,-1,1815,1814,1816,-1,1815,1816,1817,-1,1818,1817,1819,-1,1819,1817,1816,-1,1818,1819,1820,-1,1820,1819,1821,-1,1820,1821,1822,-1,1822,1821,1823,-1,1824,1822,1825,-1,1825,1822,1823,-1,1824,1825,1826,-1,1826,1825,1827,-1,1826,1827,1828,-1,1828,1827,1829,-1,1828,1829,1830,-1,1830,1829,1831,-1,1830,1831,1832,-1,1832,1831,1833,-1,1832,1833,1834,-1,1834,1833,1835,-1,1834,1835,1836,-1,1836,1835,1837,-1,1836,1837,1838,-1,1836,1838,1839,-1,1839,1838,1840,-1,1839,1840,1841,-1,1841,1840,1842,-1,1841,1842,1843,-1,1843,1842,1844,-1,1843,1844,1845,-1,1845,1844,1846,-1,1845,1846,1847,-1,1847,1846,1719,-1,1847,1719,1717,-1,1820,1757,1818,-1,1818,1757,1759,-1,1818,1759,1817,-1,1817,1759,1760,-1,1817,1760,1815,-1,1815,1760,1762,-1,1815,1762,1813,-1,1813,1762,1764,-1,1716,1726,1717,-1,1717,1726,1727,-1,1717,1727,1847,-1,1847,1727,1728,-1,1847,1728,1845,-1,1845,1728,1730,-1,1845,1730,1843,-1,1843,1730,1732,-1,1843,1732,1841,-1,1841,1732,1734,-1,1841,1734,1839,-1,1839,1734,1736,-1,1839,1736,1836,-1,1836,1736,1738,-1,1836,1738,1834,-1,1834,1738,1741,-1,1834,1741,1832,-1,1832,1741,1743,-1,1832,1743,1830,-1,1830,1743,1745,-1,1830,1745,1828,-1,1828,1745,1747,-1,1828,1747,1826,-1,1826,1747,1749,-1,1826,1749,1824,-1,1824,1749,1751,-1,1824,1751,1822,-1,1822,1751,1752,-1,1822,1752,1820,-1,1820,1752,1755,-1,1820,1755,1757,-1,1786,1788,1785,-1,1785,1788,1790,-1,1785,1790,1783,-1,1783,1790,1792,-1,1783,1792,1781,-1,1781,1792,1794,-1,1781,1794,1779,-1,1779,1794,1796,-1,1779,1796,1776,-1,1776,1796,1798,-1,1776,1798,1774,-1,1774,1798,1800,-1,1774,1800,1772,-1,1772,1800,1803,-1,1772,1803,1770,-1,1770,1803,1805,-1,1770,1805,1768,-1,1768,1805,1807,-1,1768,1807,1766,-1,1766,1807,1809,-1,1766,1809,1764,-1,1764,1809,1810,-1,1764,1810,1813,-1,1819,1816,1761,-1,1761,1816,1763,-1,1761,1758,1819,-1,1819,1758,1756,-1,1819,1756,1821,-1,1821,1756,1754,-1,1821,1754,1823,-1,1823,1754,1753,-1,1823,1753,1825,-1,1825,1753,1750,-1,1825,1750,1827,-1,1827,1750,1748,-1,1827,1748,1829,-1,1829,1748,1746,-1,1829,1746,1831,-1,1831,1746,1744,-1,1831,1744,1833,-1,1833,1744,1742,-1,1833,1742,1835,-1,1835,1742,1740,-1,1835,1740,1837,-1,1837,1740,1739,-1,1837,1739,1838,-1,1838,1739,1737,-1,1838,1737,1840,-1,1840,1737,1735,-1,1840,1735,1842,-1,1842,1735,1733,-1,1842,1733,1844,-1,1844,1733,1731,-1,1844,1731,1846,-1,1846,1731,1729,-1,1846,1729,1719,-1,1719,1729,1725,-1,1719,1725,1718,-1,1718,1725,1724,-1,1789,1787,1791,-1,1791,1787,1784,-1,1791,1784,1793,-1,1793,1784,1782,-1,1793,1782,1795,-1,1795,1782,1780,-1,1795,1780,1797,-1,1797,1780,1778,-1,1797,1778,1799,-1,1799,1778,1777,-1,1799,1777,1801,-1,1801,1777,1775,-1,1801,1775,1802,-1,1802,1775,1773,-1,1802,1773,1804,-1,1804,1773,1771,-1,1804,1771,1806,-1,1806,1771,1769,-1,1806,1769,1808,-1,1808,1769,1767,-1,1808,1767,1811,-1,1811,1767,1765,-1,1811,1765,1812,-1,1812,1765,1763,-1,1812,1763,1814,-1,1814,1763,1816,-1,1726,1723,1724,-1,1724,1723,1721,-1,1716,1722,1726,-1,1726,1722,1723,-1,1720,1718,1721,-1,1721,1718,1724,-1,1718,1720,1716,-1,1716,1720,1722,-1,1848,1849,1850,-1,1850,1849,1851,-1,1852,1853,1854,-1,1854,1853,1855,-1,1856,1857,1858,-1,1858,1857,1859,-1,1859,1857,1860,-1,1860,1857,1861,-1,1860,1861,1862,-1,1862,1861,1863,-1,1862,1863,1864,-1,1864,1863,1865,-1,1864,1865,1866,-1,1866,1865,1867,-1,1866,1867,1868,-1,1868,1867,1869,-1,1868,1869,1870,-1,1870,1869,1871,-1,1870,1871,1872,-1,1870,1872,1873,-1,1873,1872,1874,-1,1873,1874,1875,-1,1875,1874,1876,-1,1875,1876,1877,-1,1877,1876,1878,-1,1877,1878,1879,-1,1879,1878,1880,-1,1879,1880,1881,-1,1881,1880,1882,-1,1881,1882,1883,-1,1884,1883,1885,-1,1885,1883,1882,-1,1884,1885,1886,-1,1884,1886,1887,-1,1887,1886,1888,-1,1887,1888,1889,-1,1889,1888,1890,-1,1889,1890,1891,-1,1892,1891,1893,-1,1893,1891,1890,-1,1892,1893,1894,-1,1894,1893,1895,-1,1894,1895,1896,-1,1896,1895,1897,-1,1898,1896,1899,-1,1899,1896,1897,-1,1898,1899,1900,-1,1900,1899,1901,-1,1900,1901,1902,-1,1902,1901,1903,-1,1902,1903,1904,-1,1904,1903,1905,-1,1904,1905,1906,-1,1906,1905,1907,-1,1908,1906,1909,-1,1909,1906,1907,-1,1908,1909,1910,-1,1908,1910,1911,-1,1911,1910,1912,-1,1911,1912,1913,-1,1913,1912,1914,-1,1913,1914,1915,-1,1915,1914,1916,-1,1915,1916,1917,-1,1918,1917,1919,-1,1919,1917,1916,-1,1920,1918,1921,-1,1921,1918,1919,-1,1922,1920,1923,-1,1923,1920,1921,-1,1922,1923,1924,-1,1924,1923,1925,-1,1924,1925,1926,-1,1926,1925,1927,-1,1926,1927,1928,-1,1928,1927,1929,-1,1928,1929,1930,-1,1930,1929,1931,-1,1932,1930,1933,-1,1933,1930,1931,-1,1932,1933,1934,-1,1932,1934,1935,-1,1935,1934,1936,-1,1935,1936,1937,-1,1937,1936,1938,-1,1937,1938,1939,-1,1939,1938,1940,-1,1939,1940,1941,-1,1942,1941,1943,-1,1943,1941,1940,-1,1942,1943,1944,-1,1942,1944,1945,-1,1945,1944,1946,-1,1945,1946,1947,-1,1947,1946,1948,-1,1947,1948,1949,-1,1950,1949,1951,-1,1951,1949,1948,-1,1950,1951,1952,-1,1952,1951,1953,-1,1952,1953,1954,-1,1954,1953,1955,-1,1956,1954,1957,-1,1957,1954,1955,-1,1956,1957,1958,-1,1958,1957,1959,-1,1958,1959,1960,-1,1960,1959,1961,-1,1960,1961,1962,-1,1962,1961,1963,-1,1962,1963,1964,-1,1964,1963,1965,-1,1964,1965,1966,-1,1966,1965,1967,-1,1966,1967,1968,-1,1968,1967,1969,-1,1968,1969,1970,-1,1968,1970,1971,-1,1971,1970,1972,-1,1971,1972,1973,-1,1973,1972,1974,-1,1973,1974,1975,-1,1975,1974,1976,-1,1975,1976,1977,-1,1977,1976,1978,-1,1977,1978,1979,-1,1979,1978,1851,-1,1979,1851,1849,-1,1952,1889,1950,-1,1950,1889,1891,-1,1950,1891,1949,-1,1949,1891,1892,-1,1949,1892,1947,-1,1947,1892,1894,-1,1947,1894,1945,-1,1945,1894,1896,-1,1848,1858,1849,-1,1849,1858,1859,-1,1849,1859,1979,-1,1979,1859,1860,-1,1979,1860,1977,-1,1977,1860,1862,-1,1977,1862,1975,-1,1975,1862,1864,-1,1975,1864,1973,-1,1973,1864,1866,-1,1973,1866,1971,-1,1971,1866,1868,-1,1971,1868,1968,-1,1968,1868,1870,-1,1968,1870,1966,-1,1966,1870,1873,-1,1966,1873,1964,-1,1964,1873,1875,-1,1964,1875,1962,-1,1962,1875,1877,-1,1962,1877,1960,-1,1960,1877,1879,-1,1960,1879,1958,-1,1958,1879,1881,-1,1958,1881,1956,-1,1956,1881,1883,-1,1956,1883,1954,-1,1954,1883,1884,-1,1954,1884,1952,-1,1952,1884,1887,-1,1952,1887,1889,-1,1918,1920,1917,-1,1917,1920,1922,-1,1917,1922,1915,-1,1915,1922,1924,-1,1915,1924,1913,-1,1913,1924,1926,-1,1913,1926,1911,-1,1911,1926,1928,-1,1911,1928,1908,-1,1908,1928,1930,-1,1908,1930,1906,-1,1906,1930,1932,-1,1906,1932,1904,-1,1904,1932,1935,-1,1904,1935,1902,-1,1902,1935,1937,-1,1902,1937,1900,-1,1900,1937,1939,-1,1900,1939,1898,-1,1898,1939,1941,-1,1898,1941,1896,-1,1896,1941,1942,-1,1896,1942,1945,-1,1951,1948,1893,-1,1893,1948,1895,-1,1893,1890,1951,-1,1951,1890,1888,-1,1951,1888,1953,-1,1953,1888,1886,-1,1953,1886,1955,-1,1955,1886,1885,-1,1955,1885,1957,-1,1957,1885,1882,-1,1957,1882,1959,-1,1959,1882,1880,-1,1959,1880,1961,-1,1961,1880,1878,-1,1961,1878,1963,-1,1963,1878,1876,-1,1963,1876,1965,-1,1965,1876,1874,-1,1965,1874,1967,-1,1967,1874,1872,-1,1967,1872,1969,-1,1969,1872,1871,-1,1969,1871,1970,-1,1970,1871,1869,-1,1970,1869,1972,-1,1972,1869,1867,-1,1972,1867,1974,-1,1974,1867,1865,-1,1974,1865,1976,-1,1976,1865,1863,-1,1976,1863,1978,-1,1978,1863,1861,-1,1978,1861,1851,-1,1851,1861,1857,-1,1851,1857,1850,-1,1850,1857,1856,-1,1921,1919,1923,-1,1923,1919,1916,-1,1923,1916,1925,-1,1925,1916,1914,-1,1925,1914,1927,-1,1927,1914,1912,-1,1927,1912,1929,-1,1929,1912,1910,-1,1929,1910,1931,-1,1931,1910,1909,-1,1931,1909,1933,-1,1933,1909,1907,-1,1933,1907,1934,-1,1934,1907,1905,-1,1934,1905,1936,-1,1936,1905,1903,-1,1936,1903,1938,-1,1938,1903,1901,-1,1938,1901,1940,-1,1940,1901,1899,-1,1940,1899,1943,-1,1943,1899,1897,-1,1943,1897,1944,-1,1944,1897,1895,-1,1944,1895,1946,-1,1946,1895,1948,-1,1858,1855,1856,-1,1856,1855,1853,-1,1848,1854,1858,-1,1858,1854,1855,-1,1852,1850,1853,-1,1853,1850,1856,-1,1850,1852,1848,-1,1848,1852,1854,-1,1980,1981,1982,-1,1982,1981,1983,-1,1984,1985,1986,-1,1986,1985,1987,-1,1988,1989,1990,-1,1990,1989,1991,-1,1991,1989,1992,-1,1992,1989,1993,-1,1992,1993,1994,-1,1994,1993,1995,-1,1994,1995,1996,-1,1996,1995,1997,-1,1996,1997,1998,-1,1998,1997,1999,-1,1998,1999,2000,-1,2000,1999,2001,-1,2000,2001,2002,-1,2002,2001,2003,-1,2002,2003,2004,-1,2002,2004,2005,-1,2005,2004,2006,-1,2005,2006,2007,-1,2007,2006,2008,-1,2007,2008,2009,-1,2009,2008,2010,-1,2009,2010,2011,-1,2011,2010,2012,-1,2011,2012,2013,-1,2013,2012,2014,-1,2013,2014,2015,-1,2016,2015,2017,-1,2017,2015,2014,-1,2016,2017,2018,-1,2016,2018,2019,-1,2019,2018,2020,-1,2019,2020,2021,-1,2021,2020,2022,-1,2021,2022,2023,-1,2024,2023,2025,-1,2025,2023,2022,-1,2024,2025,2026,-1,2026,2025,2027,-1,2026,2027,2028,-1,2028,2027,2029,-1,2030,2028,2031,-1,2031,2028,2029,-1,2030,2031,2032,-1,2032,2031,2033,-1,2032,2033,2034,-1,2034,2033,2035,-1,2034,2035,2036,-1,2036,2035,2037,-1,2036,2037,2038,-1,2038,2037,2039,-1,2040,2038,2041,-1,2041,2038,2039,-1,2040,2041,2042,-1,2040,2042,2043,-1,2043,2042,2044,-1,2043,2044,2045,-1,2045,2044,2046,-1,2045,2046,2047,-1,2047,2046,2048,-1,2047,2048,2049,-1,2050,2049,2051,-1,2051,2049,2048,-1,2052,2050,2053,-1,2053,2050,2051,-1,2054,2052,2055,-1,2055,2052,2053,-1,2054,2055,2056,-1,2056,2055,2057,-1,2056,2057,2058,-1,2058,2057,2059,-1,2058,2059,2060,-1,2060,2059,2061,-1,2060,2061,2062,-1,2062,2061,2063,-1,2064,2062,2065,-1,2065,2062,2063,-1,2064,2065,2066,-1,2064,2066,2067,-1,2067,2066,2068,-1,2067,2068,2069,-1,2069,2068,2070,-1,2069,2070,2071,-1,2071,2070,2072,-1,2071,2072,2073,-1,2074,2073,2075,-1,2075,2073,2072,-1,2074,2075,2076,-1,2074,2076,2077,-1,2077,2076,2078,-1,2077,2078,2079,-1,2079,2078,2080,-1,2079,2080,2081,-1,2082,2081,2083,-1,2083,2081,2080,-1,2082,2083,2084,-1,2084,2083,2085,-1,2084,2085,2086,-1,2086,2085,2087,-1,2088,2086,2089,-1,2089,2086,2087,-1,2088,2089,2090,-1,2090,2089,2091,-1,2090,2091,2092,-1,2092,2091,2093,-1,2092,2093,2094,-1,2094,2093,2095,-1,2094,2095,2096,-1,2096,2095,2097,-1,2096,2097,2098,-1,2098,2097,2099,-1,2098,2099,2100,-1,2100,2099,2101,-1,2100,2101,2102,-1,2100,2102,2103,-1,2103,2102,2104,-1,2103,2104,2105,-1,2105,2104,2106,-1,2105,2106,2107,-1,2107,2106,2108,-1,2107,2108,2109,-1,2109,2108,2110,-1,2109,2110,2111,-1,2111,2110,1983,-1,2111,1983,1981,-1,2084,2021,2082,-1,2082,2021,2023,-1,2082,2023,2081,-1,2081,2023,2024,-1,2081,2024,2079,-1,2079,2024,2026,-1,2079,2026,2077,-1,2077,2026,2028,-1,1980,1990,1981,-1,1981,1990,1991,-1,1981,1991,2111,-1,2111,1991,1992,-1,2111,1992,2109,-1,2109,1992,1994,-1,2109,1994,2107,-1,2107,1994,1996,-1,2107,1996,2105,-1,2105,1996,1998,-1,2105,1998,2103,-1,2103,1998,2000,-1,2103,2000,2100,-1,2100,2000,2002,-1,2100,2002,2098,-1,2098,2002,2005,-1,2098,2005,2096,-1,2096,2005,2007,-1,2096,2007,2094,-1,2094,2007,2009,-1,2094,2009,2092,-1,2092,2009,2011,-1,2092,2011,2090,-1,2090,2011,2013,-1,2090,2013,2088,-1,2088,2013,2015,-1,2088,2015,2086,-1,2086,2015,2016,-1,2086,2016,2084,-1,2084,2016,2019,-1,2084,2019,2021,-1,2050,2052,2049,-1,2049,2052,2054,-1,2049,2054,2047,-1,2047,2054,2056,-1,2047,2056,2045,-1,2045,2056,2058,-1,2045,2058,2043,-1,2043,2058,2060,-1,2043,2060,2040,-1,2040,2060,2062,-1,2040,2062,2038,-1,2038,2062,2064,-1,2038,2064,2036,-1,2036,2064,2067,-1,2036,2067,2034,-1,2034,2067,2069,-1,2034,2069,2032,-1,2032,2069,2071,-1,2032,2071,2030,-1,2030,2071,2073,-1,2030,2073,2028,-1,2028,2073,2074,-1,2028,2074,2077,-1,2083,2080,2025,-1,2025,2080,2027,-1,2025,2022,2083,-1,2083,2022,2020,-1,2083,2020,2085,-1,2085,2020,2018,-1,2085,2018,2087,-1,2087,2018,2017,-1,2087,2017,2089,-1,2089,2017,2014,-1,2089,2014,2091,-1,2091,2014,2012,-1,2091,2012,2093,-1,2093,2012,2010,-1,2093,2010,2095,-1,2095,2010,2008,-1,2095,2008,2097,-1,2097,2008,2006,-1,2097,2006,2099,-1,2099,2006,2004,-1,2099,2004,2101,-1,2101,2004,2003,-1,2101,2003,2102,-1,2102,2003,2001,-1,2102,2001,2104,-1,2104,2001,1999,-1,2104,1999,2106,-1,2106,1999,1997,-1,2106,1997,2108,-1,2108,1997,1995,-1,2108,1995,2110,-1,2110,1995,1993,-1,2110,1993,1983,-1,1983,1993,1989,-1,1983,1989,1982,-1,1982,1989,1988,-1,2053,2051,2055,-1,2055,2051,2048,-1,2055,2048,2057,-1,2057,2048,2046,-1,2057,2046,2059,-1,2059,2046,2044,-1,2059,2044,2061,-1,2061,2044,2042,-1,2061,2042,2063,-1,2063,2042,2041,-1,2063,2041,2065,-1,2065,2041,2039,-1,2065,2039,2066,-1,2066,2039,2037,-1,2066,2037,2068,-1,2068,2037,2035,-1,2068,2035,2070,-1,2070,2035,2033,-1,2070,2033,2072,-1,2072,2033,2031,-1,2072,2031,2075,-1,2075,2031,2029,-1,2075,2029,2076,-1,2076,2029,2027,-1,2076,2027,2078,-1,2078,2027,2080,-1,1990,1987,1988,-1,1988,1987,1985,-1,1980,1986,1990,-1,1990,1986,1987,-1,1984,1982,1985,-1,1985,1982,1988,-1,1982,1984,1980,-1,1980,1984,1986,-1,2112,2113,2114,-1,2114,2113,2115,-1,2116,2117,2118,-1,2118,2117,2119,-1,2120,2121,2122,-1,2122,2121,2123,-1,2123,2121,2124,-1,2124,2121,2125,-1,2124,2125,2126,-1,2126,2125,2127,-1,2126,2127,2128,-1,2128,2127,2129,-1,2128,2129,2130,-1,2130,2129,2131,-1,2130,2131,2132,-1,2132,2131,2133,-1,2132,2133,2134,-1,2134,2133,2135,-1,2134,2135,2136,-1,2134,2136,2137,-1,2137,2136,2138,-1,2137,2138,2139,-1,2139,2138,2140,-1,2139,2140,2141,-1,2141,2140,2142,-1,2141,2142,2143,-1,2143,2142,2144,-1,2143,2144,2145,-1,2145,2144,2146,-1,2145,2146,2147,-1,2148,2147,2149,-1,2149,2147,2146,-1,2148,2149,2150,-1,2148,2150,2151,-1,2151,2150,2152,-1,2151,2152,2153,-1,2153,2152,2154,-1,2153,2154,2155,-1,2156,2155,2157,-1,2157,2155,2154,-1,2156,2157,2158,-1,2158,2157,2159,-1,2158,2159,2160,-1,2160,2159,2161,-1,2162,2160,2163,-1,2163,2160,2161,-1,2162,2163,2164,-1,2164,2163,2165,-1,2164,2165,2166,-1,2166,2165,2167,-1,2166,2167,2168,-1,2168,2167,2169,-1,2168,2169,2170,-1,2170,2169,2171,-1,2172,2170,2173,-1,2173,2170,2171,-1,2172,2173,2174,-1,2172,2174,2175,-1,2175,2174,2176,-1,2175,2176,2177,-1,2177,2176,2178,-1,2177,2178,2179,-1,2179,2178,2180,-1,2179,2180,2181,-1,2182,2181,2183,-1,2183,2181,2180,-1,2184,2182,2185,-1,2185,2182,2183,-1,2186,2184,2187,-1,2187,2184,2185,-1,2186,2187,2188,-1,2188,2187,2189,-1,2188,2189,2190,-1,2190,2189,2191,-1,2190,2191,2192,-1,2192,2191,2193,-1,2192,2193,2194,-1,2194,2193,2195,-1,2196,2194,2197,-1,2197,2194,2195,-1,2196,2197,2198,-1,2196,2198,2199,-1,2199,2198,2200,-1,2199,2200,2201,-1,2201,2200,2202,-1,2201,2202,2203,-1,2203,2202,2204,-1,2203,2204,2205,-1,2206,2205,2207,-1,2207,2205,2204,-1,2206,2207,2208,-1,2206,2208,2209,-1,2209,2208,2210,-1,2209,2210,2211,-1,2211,2210,2212,-1,2211,2212,2213,-1,2214,2213,2215,-1,2215,2213,2212,-1,2214,2215,2216,-1,2216,2215,2217,-1,2216,2217,2218,-1,2218,2217,2219,-1,2220,2218,2221,-1,2221,2218,2219,-1,2220,2221,2222,-1,2222,2221,2223,-1,2222,2223,2224,-1,2224,2223,2225,-1,2224,2225,2226,-1,2226,2225,2227,-1,2226,2227,2228,-1,2228,2227,2229,-1,2228,2229,2230,-1,2230,2229,2231,-1,2230,2231,2232,-1,2232,2231,2233,-1,2232,2233,2234,-1,2232,2234,2235,-1,2235,2234,2236,-1,2235,2236,2237,-1,2237,2236,2238,-1,2237,2238,2239,-1,2239,2238,2240,-1,2239,2240,2241,-1,2241,2240,2242,-1,2241,2242,2243,-1,2243,2242,2115,-1,2243,2115,2113,-1,2216,2153,2214,-1,2214,2153,2155,-1,2214,2155,2213,-1,2213,2155,2156,-1,2213,2156,2211,-1,2211,2156,2158,-1,2211,2158,2209,-1,2209,2158,2160,-1,2112,2122,2113,-1,2113,2122,2123,-1,2113,2123,2243,-1,2243,2123,2124,-1,2243,2124,2241,-1,2241,2124,2126,-1,2241,2126,2239,-1,2239,2126,2128,-1,2239,2128,2237,-1,2237,2128,2130,-1,2237,2130,2235,-1,2235,2130,2132,-1,2235,2132,2232,-1,2232,2132,2134,-1,2232,2134,2230,-1,2230,2134,2137,-1,2230,2137,2228,-1,2228,2137,2139,-1,2228,2139,2226,-1,2226,2139,2141,-1,2226,2141,2224,-1,2224,2141,2143,-1,2224,2143,2222,-1,2222,2143,2145,-1,2222,2145,2220,-1,2220,2145,2147,-1,2220,2147,2218,-1,2218,2147,2148,-1,2218,2148,2216,-1,2216,2148,2151,-1,2216,2151,2153,-1,2182,2184,2181,-1,2181,2184,2186,-1,2181,2186,2179,-1,2179,2186,2188,-1,2179,2188,2177,-1,2177,2188,2190,-1,2177,2190,2175,-1,2175,2190,2192,-1,2175,2192,2172,-1,2172,2192,2194,-1,2172,2194,2170,-1,2170,2194,2196,-1,2170,2196,2168,-1,2168,2196,2199,-1,2168,2199,2166,-1,2166,2199,2201,-1,2166,2201,2164,-1,2164,2201,2203,-1,2164,2203,2162,-1,2162,2203,2205,-1,2162,2205,2160,-1,2160,2205,2206,-1,2160,2206,2209,-1,2215,2212,2157,-1,2157,2212,2159,-1,2157,2154,2215,-1,2215,2154,2152,-1,2215,2152,2217,-1,2217,2152,2150,-1,2217,2150,2219,-1,2219,2150,2149,-1,2219,2149,2221,-1,2221,2149,2146,-1,2221,2146,2223,-1,2223,2146,2144,-1,2223,2144,2225,-1,2225,2144,2142,-1,2225,2142,2227,-1,2227,2142,2140,-1,2227,2140,2229,-1,2229,2140,2138,-1,2229,2138,2231,-1,2231,2138,2136,-1,2231,2136,2233,-1,2233,2136,2135,-1,2233,2135,2234,-1,2234,2135,2133,-1,2234,2133,2236,-1,2236,2133,2131,-1,2236,2131,2238,-1,2238,2131,2129,-1,2238,2129,2240,-1,2240,2129,2127,-1,2240,2127,2242,-1,2242,2127,2125,-1,2242,2125,2115,-1,2115,2125,2121,-1,2115,2121,2114,-1,2114,2121,2120,-1,2185,2183,2187,-1,2187,2183,2180,-1,2187,2180,2189,-1,2189,2180,2178,-1,2189,2178,2191,-1,2191,2178,2176,-1,2191,2176,2193,-1,2193,2176,2174,-1,2193,2174,2195,-1,2195,2174,2173,-1,2195,2173,2197,-1,2197,2173,2171,-1,2197,2171,2198,-1,2198,2171,2169,-1,2198,2169,2200,-1,2200,2169,2167,-1,2200,2167,2202,-1,2202,2167,2165,-1,2202,2165,2204,-1,2204,2165,2163,-1,2204,2163,2207,-1,2207,2163,2161,-1,2207,2161,2208,-1,2208,2161,2159,-1,2208,2159,2210,-1,2210,2159,2212,-1,2122,2119,2120,-1,2120,2119,2117,-1,2112,2118,2122,-1,2122,2118,2119,-1,2116,2114,2117,-1,2117,2114,2120,-1,2114,2116,2112,-1,2112,2116,2118,-1,2244,2245,2246,-1,2246,2245,2247,-1,2248,2249,2250,-1,2250,2249,2251,-1,2252,2253,2254,-1,2254,2253,2255,-1,2255,2253,2256,-1,2256,2253,2257,-1,2256,2257,2258,-1,2258,2257,2259,-1,2258,2259,2260,-1,2260,2259,2261,-1,2260,2261,2262,-1,2262,2261,2263,-1,2262,2263,2264,-1,2264,2263,2265,-1,2264,2265,2266,-1,2266,2265,2267,-1,2266,2267,2268,-1,2266,2268,2269,-1,2269,2268,2270,-1,2269,2270,2271,-1,2271,2270,2272,-1,2271,2272,2273,-1,2273,2272,2274,-1,2273,2274,2275,-1,2275,2274,2276,-1,2275,2276,2277,-1,2277,2276,2278,-1,2277,2278,2279,-1,2280,2279,2281,-1,2281,2279,2278,-1,2280,2281,2282,-1,2280,2282,2283,-1,2283,2282,2284,-1,2283,2284,2285,-1,2285,2284,2286,-1,2285,2286,2287,-1,2288,2287,2289,-1,2289,2287,2286,-1,2288,2289,2290,-1,2290,2289,2291,-1,2290,2291,2292,-1,2292,2291,2293,-1,2294,2292,2295,-1,2295,2292,2293,-1,2294,2295,2296,-1,2296,2295,2297,-1,2296,2297,2298,-1,2298,2297,2299,-1,2298,2299,2300,-1,2300,2299,2301,-1,2300,2301,2302,-1,2302,2301,2303,-1,2304,2302,2305,-1,2305,2302,2303,-1,2304,2305,2306,-1,2304,2306,2307,-1,2307,2306,2308,-1,2307,2308,2309,-1,2309,2308,2310,-1,2309,2310,2311,-1,2311,2310,2312,-1,2311,2312,2313,-1,2314,2313,2315,-1,2315,2313,2312,-1,2316,2314,2317,-1,2317,2314,2315,-1,2318,2316,2319,-1,2319,2316,2317,-1,2318,2319,2320,-1,2320,2319,2321,-1,2320,2321,2322,-1,2322,2321,2323,-1,2322,2323,2324,-1,2324,2323,2325,-1,2324,2325,2326,-1,2326,2325,2327,-1,2328,2326,2329,-1,2329,2326,2327,-1,2328,2329,2330,-1,2328,2330,2331,-1,2331,2330,2332,-1,2331,2332,2333,-1,2333,2332,2334,-1,2333,2334,2335,-1,2335,2334,2336,-1,2335,2336,2337,-1,2338,2337,2339,-1,2339,2337,2336,-1,2338,2339,2340,-1,2338,2340,2341,-1,2341,2340,2342,-1,2341,2342,2343,-1,2343,2342,2344,-1,2343,2344,2345,-1,2346,2345,2347,-1,2347,2345,2344,-1,2346,2347,2348,-1,2348,2347,2349,-1,2348,2349,2350,-1,2350,2349,2351,-1,2352,2350,2353,-1,2353,2350,2351,-1,2352,2353,2354,-1,2354,2353,2355,-1,2354,2355,2356,-1,2356,2355,2357,-1,2356,2357,2358,-1,2358,2357,2359,-1,2358,2359,2360,-1,2360,2359,2361,-1,2360,2361,2362,-1,2362,2361,2363,-1,2362,2363,2364,-1,2364,2363,2365,-1,2364,2365,2366,-1,2364,2366,2367,-1,2367,2366,2368,-1,2367,2368,2369,-1,2369,2368,2370,-1,2369,2370,2371,-1,2371,2370,2372,-1,2371,2372,2373,-1,2373,2372,2374,-1,2373,2374,2375,-1,2375,2374,2247,-1,2375,2247,2245,-1,2348,2285,2346,-1,2346,2285,2287,-1,2346,2287,2345,-1,2345,2287,2288,-1,2345,2288,2343,-1,2343,2288,2290,-1,2343,2290,2341,-1,2341,2290,2292,-1,2244,2254,2245,-1,2245,2254,2255,-1,2245,2255,2375,-1,2375,2255,2256,-1,2375,2256,2373,-1,2373,2256,2258,-1,2373,2258,2371,-1,2371,2258,2260,-1,2371,2260,2369,-1,2369,2260,2262,-1,2369,2262,2367,-1,2367,2262,2264,-1,2367,2264,2364,-1,2364,2264,2266,-1,2364,2266,2362,-1,2362,2266,2269,-1,2362,2269,2360,-1,2360,2269,2271,-1,2360,2271,2358,-1,2358,2271,2273,-1,2358,2273,2356,-1,2356,2273,2275,-1,2356,2275,2354,-1,2354,2275,2277,-1,2354,2277,2352,-1,2352,2277,2279,-1,2352,2279,2350,-1,2350,2279,2280,-1,2350,2280,2348,-1,2348,2280,2283,-1,2348,2283,2285,-1,2314,2316,2313,-1,2313,2316,2318,-1,2313,2318,2311,-1,2311,2318,2320,-1,2311,2320,2309,-1,2309,2320,2322,-1,2309,2322,2307,-1,2307,2322,2324,-1,2307,2324,2304,-1,2304,2324,2326,-1,2304,2326,2302,-1,2302,2326,2328,-1,2302,2328,2300,-1,2300,2328,2331,-1,2300,2331,2298,-1,2298,2331,2333,-1,2298,2333,2296,-1,2296,2333,2335,-1,2296,2335,2294,-1,2294,2335,2337,-1,2294,2337,2292,-1,2292,2337,2338,-1,2292,2338,2341,-1,2347,2344,2289,-1,2289,2344,2291,-1,2289,2286,2347,-1,2347,2286,2284,-1,2347,2284,2349,-1,2349,2284,2282,-1,2349,2282,2351,-1,2351,2282,2281,-1,2351,2281,2353,-1,2353,2281,2278,-1,2353,2278,2355,-1,2355,2278,2276,-1,2355,2276,2357,-1,2357,2276,2274,-1,2357,2274,2359,-1,2359,2274,2272,-1,2359,2272,2361,-1,2361,2272,2270,-1,2361,2270,2363,-1,2363,2270,2268,-1,2363,2268,2365,-1,2365,2268,2267,-1,2365,2267,2366,-1,2366,2267,2265,-1,2366,2265,2368,-1,2368,2265,2263,-1,2368,2263,2370,-1,2370,2263,2261,-1,2370,2261,2372,-1,2372,2261,2259,-1,2372,2259,2374,-1,2374,2259,2257,-1,2374,2257,2247,-1,2247,2257,2253,-1,2247,2253,2246,-1,2246,2253,2252,-1,2317,2315,2319,-1,2319,2315,2312,-1,2319,2312,2321,-1,2321,2312,2310,-1,2321,2310,2323,-1,2323,2310,2308,-1,2323,2308,2325,-1,2325,2308,2306,-1,2325,2306,2327,-1,2327,2306,2305,-1,2327,2305,2329,-1,2329,2305,2303,-1,2329,2303,2330,-1,2330,2303,2301,-1,2330,2301,2332,-1,2332,2301,2299,-1,2332,2299,2334,-1,2334,2299,2297,-1,2334,2297,2336,-1,2336,2297,2295,-1,2336,2295,2339,-1,2339,2295,2293,-1,2339,2293,2340,-1,2340,2293,2291,-1,2340,2291,2342,-1,2342,2291,2344,-1,2254,2251,2252,-1,2252,2251,2249,-1,2244,2250,2254,-1,2254,2250,2251,-1,2248,2246,2249,-1,2249,2246,2252,-1,2246,2248,2244,-1,2244,2248,2250,-1,2376,2377,2378,-1,2378,2377,2379,-1,2380,2381,2382,-1,2382,2381,2383,-1,2384,2385,2386,-1,2386,2385,2387,-1,2387,2385,2388,-1,2388,2385,2389,-1,2388,2389,2390,-1,2390,2389,2391,-1,2390,2391,2392,-1,2392,2391,2393,-1,2392,2393,2394,-1,2394,2393,2395,-1,2394,2395,2396,-1,2396,2395,2397,-1,2396,2397,2398,-1,2398,2397,2399,-1,2398,2399,2400,-1,2398,2400,2401,-1,2401,2400,2402,-1,2401,2402,2403,-1,2403,2402,2404,-1,2403,2404,2405,-1,2405,2404,2406,-1,2405,2406,2407,-1,2407,2406,2408,-1,2407,2408,2409,-1,2409,2408,2410,-1,2409,2410,2411,-1,2412,2411,2413,-1,2413,2411,2410,-1,2412,2413,2414,-1,2412,2414,2415,-1,2415,2414,2416,-1,2415,2416,2417,-1,2417,2416,2418,-1,2417,2418,2419,-1,2420,2419,2421,-1,2421,2419,2418,-1,2420,2421,2422,-1,2422,2421,2423,-1,2422,2423,2424,-1,2424,2423,2425,-1,2426,2424,2427,-1,2427,2424,2425,-1,2426,2427,2428,-1,2428,2427,2429,-1,2428,2429,2430,-1,2430,2429,2431,-1,2430,2431,2432,-1,2432,2431,2433,-1,2432,2433,2434,-1,2434,2433,2435,-1,2436,2434,2437,-1,2437,2434,2435,-1,2436,2437,2438,-1,2436,2438,2439,-1,2439,2438,2440,-1,2439,2440,2441,-1,2441,2440,2442,-1,2441,2442,2443,-1,2443,2442,2444,-1,2443,2444,2445,-1,2446,2445,2447,-1,2447,2445,2444,-1,2448,2446,2449,-1,2449,2446,2447,-1,2450,2448,2451,-1,2451,2448,2449,-1,2450,2451,2452,-1,2452,2451,2453,-1,2452,2453,2454,-1,2454,2453,2455,-1,2454,2455,2456,-1,2456,2455,2457,-1,2456,2457,2458,-1,2458,2457,2459,-1,2460,2458,2461,-1,2461,2458,2459,-1,2460,2461,2462,-1,2460,2462,2463,-1,2463,2462,2464,-1,2463,2464,2465,-1,2465,2464,2466,-1,2465,2466,2467,-1,2467,2466,2468,-1,2467,2468,2469,-1,2470,2469,2471,-1,2471,2469,2468,-1,2470,2471,2472,-1,2470,2472,2473,-1,2473,2472,2474,-1,2473,2474,2475,-1,2475,2474,2476,-1,2475,2476,2477,-1,2478,2477,2479,-1,2479,2477,2476,-1,2478,2479,2480,-1,2480,2479,2481,-1,2480,2481,2482,-1,2482,2481,2483,-1,2484,2482,2485,-1,2485,2482,2483,-1,2484,2485,2486,-1,2486,2485,2487,-1,2486,2487,2488,-1,2488,2487,2489,-1,2488,2489,2490,-1,2490,2489,2491,-1,2490,2491,2492,-1,2492,2491,2493,-1,2492,2493,2494,-1,2494,2493,2495,-1,2494,2495,2496,-1,2496,2495,2497,-1,2496,2497,2498,-1,2496,2498,2499,-1,2499,2498,2500,-1,2499,2500,2501,-1,2501,2500,2502,-1,2501,2502,2503,-1,2503,2502,2504,-1,2503,2504,2505,-1,2505,2504,2506,-1,2505,2506,2507,-1,2507,2506,2379,-1,2507,2379,2377,-1,2480,2417,2478,-1,2478,2417,2419,-1,2478,2419,2477,-1,2477,2419,2420,-1,2477,2420,2475,-1,2475,2420,2422,-1,2475,2422,2473,-1,2473,2422,2424,-1,2376,2386,2377,-1,2377,2386,2387,-1,2377,2387,2507,-1,2507,2387,2388,-1,2507,2388,2505,-1,2505,2388,2390,-1,2505,2390,2503,-1,2503,2390,2392,-1,2503,2392,2501,-1,2501,2392,2394,-1,2501,2394,2499,-1,2499,2394,2396,-1,2499,2396,2496,-1,2496,2396,2398,-1,2496,2398,2494,-1,2494,2398,2401,-1,2494,2401,2492,-1,2492,2401,2403,-1,2492,2403,2490,-1,2490,2403,2405,-1,2490,2405,2488,-1,2488,2405,2407,-1,2488,2407,2486,-1,2486,2407,2409,-1,2486,2409,2484,-1,2484,2409,2411,-1,2484,2411,2482,-1,2482,2411,2412,-1,2482,2412,2480,-1,2480,2412,2415,-1,2480,2415,2417,-1,2446,2448,2445,-1,2445,2448,2450,-1,2445,2450,2443,-1,2443,2450,2452,-1,2443,2452,2441,-1,2441,2452,2454,-1,2441,2454,2439,-1,2439,2454,2456,-1,2439,2456,2436,-1,2436,2456,2458,-1,2436,2458,2434,-1,2434,2458,2460,-1,2434,2460,2432,-1,2432,2460,2463,-1,2432,2463,2430,-1,2430,2463,2465,-1,2430,2465,2428,-1,2428,2465,2467,-1,2428,2467,2426,-1,2426,2467,2469,-1,2426,2469,2424,-1,2424,2469,2470,-1,2424,2470,2473,-1,2479,2476,2421,-1,2421,2476,2423,-1,2421,2418,2479,-1,2479,2418,2416,-1,2479,2416,2481,-1,2481,2416,2414,-1,2481,2414,2483,-1,2483,2414,2413,-1,2483,2413,2485,-1,2485,2413,2410,-1,2485,2410,2487,-1,2487,2410,2408,-1,2487,2408,2489,-1,2489,2408,2406,-1,2489,2406,2491,-1,2491,2406,2404,-1,2491,2404,2493,-1,2493,2404,2402,-1,2493,2402,2495,-1,2495,2402,2400,-1,2495,2400,2497,-1,2497,2400,2399,-1,2497,2399,2498,-1,2498,2399,2397,-1,2498,2397,2500,-1,2500,2397,2395,-1,2500,2395,2502,-1,2502,2395,2393,-1,2502,2393,2504,-1,2504,2393,2391,-1,2504,2391,2506,-1,2506,2391,2389,-1,2506,2389,2379,-1,2379,2389,2385,-1,2379,2385,2378,-1,2378,2385,2384,-1,2449,2447,2451,-1,2451,2447,2444,-1,2451,2444,2453,-1,2453,2444,2442,-1,2453,2442,2455,-1,2455,2442,2440,-1,2455,2440,2457,-1,2457,2440,2438,-1,2457,2438,2459,-1,2459,2438,2437,-1,2459,2437,2461,-1,2461,2437,2435,-1,2461,2435,2462,-1,2462,2435,2433,-1,2462,2433,2464,-1,2464,2433,2431,-1,2464,2431,2466,-1,2466,2431,2429,-1,2466,2429,2468,-1,2468,2429,2427,-1,2468,2427,2471,-1,2471,2427,2425,-1,2471,2425,2472,-1,2472,2425,2423,-1,2472,2423,2474,-1,2474,2423,2476,-1,2386,2383,2384,-1,2384,2383,2381,-1,2376,2382,2386,-1,2386,2382,2383,-1,2380,2378,2381,-1,2381,2378,2384,-1,2378,2380,2376,-1,2376,2380,2382,-1,2508,2509,2510,-1,2510,2509,2511,-1,2512,2513,2514,-1,2514,2513,2515,-1,2516,2517,2518,-1,2518,2517,2519,-1,2519,2517,2520,-1,2520,2517,2521,-1,2520,2521,2522,-1,2522,2521,2523,-1,2522,2523,2524,-1,2524,2523,2525,-1,2524,2525,2526,-1,2526,2525,2527,-1,2526,2527,2528,-1,2528,2527,2529,-1,2528,2529,2530,-1,2530,2529,2531,-1,2530,2531,2532,-1,2530,2532,2533,-1,2533,2532,2534,-1,2533,2534,2535,-1,2535,2534,2536,-1,2535,2536,2537,-1,2537,2536,2538,-1,2537,2538,2539,-1,2539,2538,2540,-1,2539,2540,2541,-1,2541,2540,2542,-1,2541,2542,2543,-1,2544,2543,2545,-1,2545,2543,2542,-1,2544,2545,2546,-1,2544,2546,2547,-1,2547,2546,2548,-1,2547,2548,2549,-1,2549,2548,2550,-1,2549,2550,2551,-1,2552,2551,2553,-1,2553,2551,2550,-1,2552,2553,2554,-1,2554,2553,2555,-1,2554,2555,2556,-1,2556,2555,2557,-1,2558,2556,2559,-1,2559,2556,2557,-1,2558,2559,2560,-1,2560,2559,2561,-1,2560,2561,2562,-1,2562,2561,2563,-1,2562,2563,2564,-1,2564,2563,2565,-1,2564,2565,2566,-1,2566,2565,2567,-1,2568,2566,2569,-1,2569,2566,2567,-1,2568,2569,2570,-1,2568,2570,2571,-1,2571,2570,2572,-1,2571,2572,2573,-1,2573,2572,2574,-1,2573,2574,2575,-1,2575,2574,2576,-1,2575,2576,2577,-1,2578,2577,2579,-1,2579,2577,2576,-1,2580,2578,2581,-1,2581,2578,2579,-1,2582,2580,2583,-1,2583,2580,2581,-1,2582,2583,2584,-1,2584,2583,2585,-1,2584,2585,2586,-1,2586,2585,2587,-1,2586,2587,2588,-1,2588,2587,2589,-1,2588,2589,2590,-1,2590,2589,2591,-1,2592,2590,2593,-1,2593,2590,2591,-1,2592,2593,2594,-1,2592,2594,2595,-1,2595,2594,2596,-1,2595,2596,2597,-1,2597,2596,2598,-1,2597,2598,2599,-1,2599,2598,2600,-1,2599,2600,2601,-1,2602,2601,2603,-1,2603,2601,2600,-1,2602,2603,2604,-1,2602,2604,2605,-1,2605,2604,2606,-1,2605,2606,2607,-1,2607,2606,2608,-1,2607,2608,2609,-1,2610,2609,2611,-1,2611,2609,2608,-1,2610,2611,2612,-1,2612,2611,2613,-1,2612,2613,2614,-1,2614,2613,2615,-1,2616,2614,2617,-1,2617,2614,2615,-1,2616,2617,2618,-1,2618,2617,2619,-1,2618,2619,2620,-1,2620,2619,2621,-1,2620,2621,2622,-1,2622,2621,2623,-1,2622,2623,2624,-1,2624,2623,2625,-1,2624,2625,2626,-1,2626,2625,2627,-1,2626,2627,2628,-1,2628,2627,2629,-1,2628,2629,2630,-1,2628,2630,2631,-1,2631,2630,2632,-1,2631,2632,2633,-1,2633,2632,2634,-1,2633,2634,2635,-1,2635,2634,2636,-1,2635,2636,2637,-1,2637,2636,2638,-1,2637,2638,2639,-1,2639,2638,2511,-1,2639,2511,2509,-1,2612,2549,2610,-1,2610,2549,2551,-1,2610,2551,2609,-1,2609,2551,2552,-1,2609,2552,2607,-1,2607,2552,2554,-1,2607,2554,2605,-1,2605,2554,2556,-1,2508,2518,2509,-1,2509,2518,2519,-1,2509,2519,2639,-1,2639,2519,2520,-1,2639,2520,2637,-1,2637,2520,2522,-1,2637,2522,2635,-1,2635,2522,2524,-1,2635,2524,2633,-1,2633,2524,2526,-1,2633,2526,2631,-1,2631,2526,2528,-1,2631,2528,2628,-1,2628,2528,2530,-1,2628,2530,2626,-1,2626,2530,2533,-1,2626,2533,2624,-1,2624,2533,2535,-1,2624,2535,2622,-1,2622,2535,2537,-1,2622,2537,2620,-1,2620,2537,2539,-1,2620,2539,2618,-1,2618,2539,2541,-1,2618,2541,2616,-1,2616,2541,2543,-1,2616,2543,2614,-1,2614,2543,2544,-1,2614,2544,2612,-1,2612,2544,2547,-1,2612,2547,2549,-1,2578,2580,2577,-1,2577,2580,2582,-1,2577,2582,2575,-1,2575,2582,2584,-1,2575,2584,2573,-1,2573,2584,2586,-1,2573,2586,2571,-1,2571,2586,2588,-1,2571,2588,2568,-1,2568,2588,2590,-1,2568,2590,2566,-1,2566,2590,2592,-1,2566,2592,2564,-1,2564,2592,2595,-1,2564,2595,2562,-1,2562,2595,2597,-1,2562,2597,2560,-1,2560,2597,2599,-1,2560,2599,2558,-1,2558,2599,2601,-1,2558,2601,2556,-1,2556,2601,2602,-1,2556,2602,2605,-1,2611,2608,2553,-1,2553,2608,2555,-1,2553,2550,2611,-1,2611,2550,2548,-1,2611,2548,2613,-1,2613,2548,2546,-1,2613,2546,2615,-1,2615,2546,2545,-1,2615,2545,2617,-1,2617,2545,2542,-1,2617,2542,2619,-1,2619,2542,2540,-1,2619,2540,2621,-1,2621,2540,2538,-1,2621,2538,2623,-1,2623,2538,2536,-1,2623,2536,2625,-1,2625,2536,2534,-1,2625,2534,2627,-1,2627,2534,2532,-1,2627,2532,2629,-1,2629,2532,2531,-1,2629,2531,2630,-1,2630,2531,2529,-1,2630,2529,2632,-1,2632,2529,2527,-1,2632,2527,2634,-1,2634,2527,2525,-1,2634,2525,2636,-1,2636,2525,2523,-1,2636,2523,2638,-1,2638,2523,2521,-1,2638,2521,2511,-1,2511,2521,2517,-1,2511,2517,2510,-1,2510,2517,2516,-1,2581,2579,2583,-1,2583,2579,2576,-1,2583,2576,2585,-1,2585,2576,2574,-1,2585,2574,2587,-1,2587,2574,2572,-1,2587,2572,2589,-1,2589,2572,2570,-1,2589,2570,2591,-1,2591,2570,2569,-1,2591,2569,2593,-1,2593,2569,2567,-1,2593,2567,2594,-1,2594,2567,2565,-1,2594,2565,2596,-1,2596,2565,2563,-1,2596,2563,2598,-1,2598,2563,2561,-1,2598,2561,2600,-1,2600,2561,2559,-1,2600,2559,2603,-1,2603,2559,2557,-1,2603,2557,2604,-1,2604,2557,2555,-1,2604,2555,2606,-1,2606,2555,2608,-1,2518,2515,2516,-1,2516,2515,2513,-1,2508,2514,2518,-1,2518,2514,2515,-1,2512,2510,2513,-1,2513,2510,2516,-1,2510,2512,2508,-1,2508,2512,2514,-1,2640,2641,2642,-1,2642,2641,2643,-1,2644,2645,2646,-1,2646,2645,2647,-1,2648,2649,2650,-1,2650,2649,2651,-1,2652,2653,2654,-1,2652,2654,2655,-1,2655,2654,2656,-1,2655,2656,2657,-1,2657,2656,2658,-1,2657,2658,2659,-1,2659,2658,2660,-1,2659,2660,2661,-1,2661,2660,2662,-1,2661,2662,2663,-1,2663,2662,2648,-1,2663,2648,2650,-1,2664,2665,2666,-1,2666,2665,2667,-1,2666,2667,2668,-1,2668,2667,2669,-1,2668,2669,2670,-1,2670,2669,2671,-1,2670,2671,2672,-1,2672,2671,2673,-1,2672,2673,2674,-1,2674,2673,2675,-1,2674,2675,2652,-1,2652,2675,2653,-1,2664,2676,2665,-1,2665,2676,2677,-1,2678,2679,2680,-1,2678,2680,2681,-1,2681,2680,2682,-1,2681,2682,2683,-1,2683,2682,2677,-1,2683,2677,2676,-1,2678,2684,2679,-1,2679,2684,2685,-1,2686,2687,2688,-1,2688,2687,2689,-1,2688,2689,2684,-1,2684,2689,2685,-1,2686,2690,2687,-1,2687,2690,2691,-1,2692,2693,2694,-1,2694,2693,2695,-1,2694,2695,2696,-1,2696,2695,2697,-1,2696,2697,2698,-1,2698,2697,2699,-1,2698,2699,2690,-1,2690,2699,2691,-1,2692,2700,2693,-1,2693,2700,2701,-1,2702,2703,2704,-1,2702,2704,2705,-1,2705,2704,2706,-1,2705,2706,2707,-1,2707,2706,2708,-1,2707,2708,2709,-1,2709,2708,2701,-1,2709,2701,2700,-1,2702,2710,2703,-1,2703,2710,2711,-1,2710,2712,2711,-1,2711,2712,2713,-1,2712,2714,2713,-1,2713,2714,2715,-1,2716,2717,2718,-1,2718,2717,2719,-1,2718,2719,2720,-1,2720,2719,2721,-1,2720,2721,2722,-1,2722,2721,2723,-1,2722,2723,2714,-1,2714,2723,2715,-1,2716,2724,2717,-1,2717,2724,2725,-1,2726,2727,2728,-1,2726,2728,2729,-1,2729,2728,2730,-1,2729,2730,2731,-1,2731,2730,2732,-1,2731,2732,2733,-1,2733,2732,2725,-1,2733,2725,2724,-1,2726,2734,2727,-1,2727,2734,2735,-1,2736,2737,2738,-1,2736,2738,2739,-1,2739,2738,2740,-1,2739,2740,2741,-1,2741,2740,2735,-1,2741,2735,2734,-1,2736,2742,2737,-1,2737,2742,2743,-1,2744,2745,2746,-1,2746,2745,2747,-1,2746,2747,2742,-1,2742,2747,2743,-1,2744,2748,2745,-1,2745,2748,2749,-1,2750,2751,2752,-1,2750,2752,2753,-1,2753,2752,2754,-1,2753,2754,2755,-1,2755,2754,2756,-1,2755,2756,2757,-1,2757,2756,2758,-1,2757,2758,2759,-1,2759,2758,2760,-1,2759,2760,2761,-1,2761,2760,2749,-1,2761,2749,2748,-1,2640,2642,2762,-1,2762,2642,2763,-1,2762,2763,2764,-1,2764,2763,2765,-1,2764,2765,2766,-1,2766,2765,2767,-1,2766,2767,2768,-1,2768,2767,2769,-1,2768,2769,2770,-1,2770,2769,2771,-1,2770,2771,2750,-1,2750,2771,2751,-1,2651,2641,2650,-1,2650,2641,2640,-1,2650,2640,2663,-1,2663,2640,2762,-1,2663,2762,2661,-1,2661,2762,2764,-1,2661,2764,2659,-1,2659,2764,2766,-1,2659,2766,2657,-1,2657,2766,2768,-1,2657,2768,2655,-1,2655,2768,2770,-1,2655,2770,2652,-1,2652,2770,2750,-1,2652,2750,2674,-1,2674,2750,2753,-1,2674,2753,2672,-1,2672,2753,2755,-1,2672,2755,2670,-1,2670,2755,2757,-1,2670,2757,2668,-1,2668,2757,2759,-1,2668,2759,2666,-1,2666,2759,2761,-1,2666,2761,2664,-1,2664,2761,2748,-1,2664,2748,2676,-1,2676,2748,2744,-1,2676,2744,2683,-1,2683,2744,2746,-1,2683,2746,2681,-1,2681,2746,2742,-1,2681,2742,2678,-1,2678,2742,2684,-1,2742,2736,2684,-1,2684,2736,2739,-1,2684,2739,2688,-1,2688,2739,2741,-1,2688,2741,2686,-1,2686,2741,2734,-1,2686,2734,2690,-1,2690,2734,2726,-1,2690,2726,2698,-1,2698,2726,2729,-1,2698,2729,2696,-1,2696,2729,2731,-1,2696,2731,2694,-1,2694,2731,2733,-1,2694,2733,2692,-1,2692,2733,2724,-1,2692,2724,2700,-1,2700,2724,2716,-1,2700,2716,2709,-1,2709,2716,2718,-1,2709,2718,2707,-1,2707,2718,2720,-1,2707,2720,2705,-1,2705,2720,2722,-1,2705,2722,2702,-1,2702,2722,2714,-1,2702,2714,2710,-1,2710,2714,2712,-1,2643,2649,2642,-1,2642,2649,2648,-1,2642,2648,2763,-1,2763,2648,2662,-1,2763,2662,2765,-1,2765,2662,2660,-1,2765,2660,2767,-1,2767,2660,2658,-1,2767,2658,2769,-1,2769,2658,2656,-1,2769,2656,2771,-1,2771,2656,2654,-1,2771,2654,2751,-1,2751,2654,2653,-1,2751,2653,2752,-1,2752,2653,2675,-1,2752,2675,2754,-1,2754,2675,2673,-1,2754,2673,2756,-1,2756,2673,2671,-1,2756,2671,2758,-1,2758,2671,2669,-1,2758,2669,2760,-1,2760,2669,2667,-1,2760,2667,2749,-1,2749,2667,2665,-1,2749,2665,2745,-1,2745,2665,2677,-1,2745,2677,2747,-1,2677,2682,2747,-1,2747,2682,2680,-1,2747,2680,2743,-1,2743,2680,2679,-1,2743,2679,2737,-1,2737,2679,2685,-1,2737,2685,2738,-1,2738,2685,2689,-1,2711,2713,2703,-1,2703,2713,2715,-1,2703,2715,2704,-1,2704,2715,2723,-1,2704,2723,2706,-1,2706,2723,2721,-1,2706,2721,2708,-1,2708,2721,2719,-1,2708,2719,2701,-1,2701,2719,2717,-1,2701,2717,2693,-1,2693,2717,2725,-1,2693,2725,2695,-1,2695,2725,2732,-1,2695,2732,2697,-1,2697,2732,2730,-1,2697,2730,2699,-1,2699,2730,2728,-1,2699,2728,2691,-1,2691,2728,2727,-1,2691,2727,2687,-1,2687,2727,2735,-1,2687,2735,2689,-1,2689,2735,2740,-1,2689,2740,2738,-1,2646,2651,2644,-1,2644,2651,2649,-1,2647,2641,2646,-1,2646,2641,2651,-1,2643,2645,2649,-1,2649,2645,2644,-1,2645,2643,2647,-1,2647,2643,2641,-1,2772,2773,2774,-1,2774,2773,2775,-1,2776,2777,2778,-1,2778,2777,2779,-1,2780,2781,2782,-1,2782,2781,2783,-1,2784,2785,2786,-1,2784,2786,2787,-1,2787,2786,2788,-1,2787,2788,2789,-1,2789,2788,2790,-1,2789,2790,2791,-1,2791,2790,2792,-1,2791,2792,2793,-1,2793,2792,2794,-1,2793,2794,2795,-1,2795,2794,2780,-1,2795,2780,2782,-1,2796,2797,2798,-1,2798,2797,2799,-1,2798,2799,2800,-1,2800,2799,2801,-1,2800,2801,2802,-1,2802,2801,2803,-1,2802,2803,2804,-1,2804,2803,2805,-1,2804,2805,2806,-1,2806,2805,2807,-1,2806,2807,2784,-1,2784,2807,2785,-1,2796,2808,2797,-1,2797,2808,2809,-1,2810,2811,2812,-1,2810,2812,2813,-1,2813,2812,2814,-1,2813,2814,2815,-1,2815,2814,2809,-1,2815,2809,2808,-1,2810,2816,2811,-1,2811,2816,2817,-1,2818,2819,2820,-1,2820,2819,2821,-1,2820,2821,2816,-1,2816,2821,2817,-1,2818,2822,2819,-1,2819,2822,2823,-1,2824,2825,2826,-1,2826,2825,2827,-1,2826,2827,2828,-1,2828,2827,2829,-1,2828,2829,2830,-1,2830,2829,2831,-1,2830,2831,2822,-1,2822,2831,2823,-1,2824,2832,2825,-1,2825,2832,2833,-1,2834,2835,2836,-1,2834,2836,2837,-1,2837,2836,2838,-1,2837,2838,2839,-1,2839,2838,2840,-1,2839,2840,2841,-1,2841,2840,2833,-1,2841,2833,2832,-1,2834,2842,2835,-1,2835,2842,2843,-1,2842,2844,2843,-1,2843,2844,2845,-1,2844,2846,2845,-1,2845,2846,2847,-1,2848,2849,2850,-1,2850,2849,2851,-1,2850,2851,2852,-1,2852,2851,2853,-1,2852,2853,2854,-1,2854,2853,2855,-1,2854,2855,2846,-1,2846,2855,2847,-1,2848,2856,2849,-1,2849,2856,2857,-1,2858,2859,2860,-1,2858,2860,2861,-1,2861,2860,2862,-1,2861,2862,2863,-1,2863,2862,2864,-1,2863,2864,2865,-1,2865,2864,2857,-1,2865,2857,2856,-1,2858,2866,2859,-1,2859,2866,2867,-1,2868,2869,2870,-1,2868,2870,2871,-1,2871,2870,2872,-1,2871,2872,2873,-1,2873,2872,2867,-1,2873,2867,2866,-1,2868,2874,2869,-1,2869,2874,2875,-1,2876,2877,2878,-1,2878,2877,2879,-1,2878,2879,2874,-1,2874,2879,2875,-1,2876,2880,2877,-1,2877,2880,2881,-1,2882,2883,2884,-1,2882,2884,2885,-1,2885,2884,2886,-1,2885,2886,2887,-1,2887,2886,2888,-1,2887,2888,2889,-1,2889,2888,2890,-1,2889,2890,2891,-1,2891,2890,2892,-1,2891,2892,2893,-1,2893,2892,2881,-1,2893,2881,2880,-1,2772,2774,2894,-1,2894,2774,2895,-1,2894,2895,2896,-1,2896,2895,2897,-1,2896,2897,2898,-1,2898,2897,2899,-1,2898,2899,2900,-1,2900,2899,2901,-1,2900,2901,2902,-1,2902,2901,2903,-1,2902,2903,2882,-1,2882,2903,2883,-1,2783,2773,2782,-1,2782,2773,2772,-1,2782,2772,2795,-1,2795,2772,2894,-1,2795,2894,2793,-1,2793,2894,2896,-1,2793,2896,2791,-1,2791,2896,2898,-1,2791,2898,2789,-1,2789,2898,2900,-1,2789,2900,2787,-1,2787,2900,2902,-1,2787,2902,2784,-1,2784,2902,2882,-1,2784,2882,2806,-1,2806,2882,2885,-1,2806,2885,2804,-1,2804,2885,2887,-1,2804,2887,2802,-1,2802,2887,2889,-1,2802,2889,2800,-1,2800,2889,2891,-1,2800,2891,2798,-1,2798,2891,2893,-1,2798,2893,2796,-1,2796,2893,2880,-1,2796,2880,2808,-1,2808,2880,2876,-1,2808,2876,2815,-1,2815,2876,2878,-1,2815,2878,2813,-1,2813,2878,2874,-1,2813,2874,2810,-1,2810,2874,2816,-1,2874,2868,2816,-1,2816,2868,2871,-1,2816,2871,2820,-1,2820,2871,2873,-1,2820,2873,2818,-1,2818,2873,2866,-1,2818,2866,2822,-1,2822,2866,2858,-1,2822,2858,2830,-1,2830,2858,2861,-1,2830,2861,2828,-1,2828,2861,2863,-1,2828,2863,2826,-1,2826,2863,2865,-1,2826,2865,2824,-1,2824,2865,2856,-1,2824,2856,2832,-1,2832,2856,2848,-1,2832,2848,2841,-1,2841,2848,2850,-1,2841,2850,2839,-1,2839,2850,2852,-1,2839,2852,2837,-1,2837,2852,2854,-1,2837,2854,2834,-1,2834,2854,2846,-1,2834,2846,2842,-1,2842,2846,2844,-1,2775,2781,2774,-1,2774,2781,2780,-1,2774,2780,2895,-1,2895,2780,2794,-1,2895,2794,2897,-1,2897,2794,2792,-1,2897,2792,2899,-1,2899,2792,2790,-1,2899,2790,2901,-1,2901,2790,2788,-1,2901,2788,2903,-1,2903,2788,2786,-1,2903,2786,2883,-1,2883,2786,2785,-1,2883,2785,2884,-1,2884,2785,2807,-1,2884,2807,2886,-1,2886,2807,2805,-1,2886,2805,2888,-1,2888,2805,2803,-1,2888,2803,2890,-1,2890,2803,2801,-1,2890,2801,2892,-1,2892,2801,2799,-1,2892,2799,2881,-1,2881,2799,2797,-1,2881,2797,2877,-1,2877,2797,2809,-1,2877,2809,2879,-1,2809,2814,2879,-1,2879,2814,2812,-1,2879,2812,2875,-1,2875,2812,2811,-1,2875,2811,2869,-1,2869,2811,2817,-1,2869,2817,2870,-1,2870,2817,2821,-1,2843,2845,2835,-1,2835,2845,2847,-1,2835,2847,2836,-1,2836,2847,2855,-1,2836,2855,2838,-1,2838,2855,2853,-1,2838,2853,2840,-1,2840,2853,2851,-1,2840,2851,2833,-1,2833,2851,2849,-1,2833,2849,2825,-1,2825,2849,2857,-1,2825,2857,2827,-1,2827,2857,2864,-1,2827,2864,2829,-1,2829,2864,2862,-1,2829,2862,2831,-1,2831,2862,2860,-1,2831,2860,2823,-1,2823,2860,2859,-1,2823,2859,2819,-1,2819,2859,2867,-1,2819,2867,2821,-1,2821,2867,2872,-1,2821,2872,2870,-1,2778,2783,2776,-1,2776,2783,2781,-1,2779,2773,2778,-1,2778,2773,2783,-1,2775,2777,2781,-1,2781,2777,2776,-1,2777,2775,2779,-1,2779,2775,2773,-1,2904,2905,2906,-1,2906,2905,2907,-1,2908,2909,2910,-1,2910,2909,2911,-1,2912,2913,2914,-1,2914,2913,2915,-1,2916,2917,2918,-1,2916,2918,2919,-1,2919,2918,2920,-1,2919,2920,2921,-1,2921,2920,2922,-1,2921,2922,2923,-1,2923,2922,2924,-1,2923,2924,2925,-1,2925,2924,2926,-1,2925,2926,2927,-1,2927,2926,2912,-1,2927,2912,2914,-1,2928,2929,2930,-1,2930,2929,2931,-1,2930,2931,2932,-1,2932,2931,2933,-1,2932,2933,2934,-1,2934,2933,2935,-1,2934,2935,2936,-1,2936,2935,2937,-1,2936,2937,2938,-1,2938,2937,2939,-1,2938,2939,2916,-1,2916,2939,2917,-1,2928,2940,2929,-1,2929,2940,2941,-1,2942,2943,2944,-1,2942,2944,2945,-1,2945,2944,2946,-1,2945,2946,2947,-1,2947,2946,2941,-1,2947,2941,2940,-1,2942,2948,2943,-1,2943,2948,2949,-1,2950,2951,2952,-1,2952,2951,2953,-1,2952,2953,2948,-1,2948,2953,2949,-1,2950,2954,2951,-1,2951,2954,2955,-1,2956,2957,2958,-1,2958,2957,2959,-1,2958,2959,2960,-1,2960,2959,2961,-1,2960,2961,2962,-1,2962,2961,2963,-1,2962,2963,2954,-1,2954,2963,2955,-1,2956,2964,2957,-1,2957,2964,2965,-1,2966,2967,2968,-1,2966,2968,2969,-1,2969,2968,2970,-1,2969,2970,2971,-1,2971,2970,2972,-1,2971,2972,2973,-1,2973,2972,2965,-1,2973,2965,2964,-1,2966,2974,2967,-1,2967,2974,2975,-1,2974,2976,2975,-1,2975,2976,2977,-1,2976,2978,2977,-1,2977,2978,2979,-1,2980,2981,2982,-1,2982,2981,2983,-1,2982,2983,2984,-1,2984,2983,2985,-1,2984,2985,2986,-1,2986,2985,2987,-1,2986,2987,2978,-1,2978,2987,2979,-1,2980,2988,2981,-1,2981,2988,2989,-1,2990,2991,2992,-1,2990,2992,2993,-1,2993,2992,2994,-1,2993,2994,2995,-1,2995,2994,2996,-1,2995,2996,2997,-1,2997,2996,2989,-1,2997,2989,2988,-1,2990,2998,2991,-1,2991,2998,2999,-1,3000,3001,3002,-1,3000,3002,3003,-1,3003,3002,3004,-1,3003,3004,3005,-1,3005,3004,2999,-1,3005,2999,2998,-1,3000,3006,3001,-1,3001,3006,3007,-1,3008,3009,3010,-1,3010,3009,3011,-1,3010,3011,3006,-1,3006,3011,3007,-1,3008,3012,3009,-1,3009,3012,3013,-1,3014,3015,3016,-1,3014,3016,3017,-1,3017,3016,3018,-1,3017,3018,3019,-1,3019,3018,3020,-1,3019,3020,3021,-1,3021,3020,3022,-1,3021,3022,3023,-1,3023,3022,3024,-1,3023,3024,3025,-1,3025,3024,3013,-1,3025,3013,3012,-1,2904,2906,3026,-1,3026,2906,3027,-1,3026,3027,3028,-1,3028,3027,3029,-1,3028,3029,3030,-1,3030,3029,3031,-1,3030,3031,3032,-1,3032,3031,3033,-1,3032,3033,3034,-1,3034,3033,3035,-1,3034,3035,3014,-1,3014,3035,3015,-1,2915,2905,2914,-1,2914,2905,2904,-1,2914,2904,2927,-1,2927,2904,3026,-1,2927,3026,2925,-1,2925,3026,3028,-1,2925,3028,2923,-1,2923,3028,3030,-1,2923,3030,2921,-1,2921,3030,3032,-1,2921,3032,2919,-1,2919,3032,3034,-1,2919,3034,2916,-1,2916,3034,3014,-1,2916,3014,2938,-1,2938,3014,3017,-1,2938,3017,2936,-1,2936,3017,3019,-1,2936,3019,2934,-1,2934,3019,3021,-1,2934,3021,2932,-1,2932,3021,3023,-1,2932,3023,2930,-1,2930,3023,3025,-1,2930,3025,2928,-1,2928,3025,3012,-1,2928,3012,2940,-1,2940,3012,3008,-1,2940,3008,2947,-1,2947,3008,3010,-1,2947,3010,2945,-1,2945,3010,3006,-1,2945,3006,2942,-1,2942,3006,2948,-1,3006,3000,2948,-1,2948,3000,3003,-1,2948,3003,2952,-1,2952,3003,3005,-1,2952,3005,2950,-1,2950,3005,2998,-1,2950,2998,2954,-1,2954,2998,2990,-1,2954,2990,2962,-1,2962,2990,2993,-1,2962,2993,2960,-1,2960,2993,2995,-1,2960,2995,2958,-1,2958,2995,2997,-1,2958,2997,2956,-1,2956,2997,2988,-1,2956,2988,2964,-1,2964,2988,2980,-1,2964,2980,2973,-1,2973,2980,2982,-1,2973,2982,2971,-1,2971,2982,2984,-1,2971,2984,2969,-1,2969,2984,2986,-1,2969,2986,2966,-1,2966,2986,2978,-1,2966,2978,2974,-1,2974,2978,2976,-1,2907,2913,2906,-1,2906,2913,2912,-1,2906,2912,3027,-1,3027,2912,2926,-1,3027,2926,3029,-1,3029,2926,2924,-1,3029,2924,3031,-1,3031,2924,2922,-1,3031,2922,3033,-1,3033,2922,2920,-1,3033,2920,3035,-1,3035,2920,2918,-1,3035,2918,3015,-1,3015,2918,2917,-1,3015,2917,3016,-1,3016,2917,2939,-1,3016,2939,3018,-1,3018,2939,2937,-1,3018,2937,3020,-1,3020,2937,2935,-1,3020,2935,3022,-1,3022,2935,2933,-1,3022,2933,3024,-1,3024,2933,2931,-1,3024,2931,3013,-1,3013,2931,2929,-1,3013,2929,3009,-1,3009,2929,2941,-1,3009,2941,3011,-1,2941,2946,3011,-1,3011,2946,2944,-1,3011,2944,3007,-1,3007,2944,2943,-1,3007,2943,3001,-1,3001,2943,2949,-1,3001,2949,3002,-1,3002,2949,2953,-1,2975,2977,2967,-1,2967,2977,2979,-1,2967,2979,2968,-1,2968,2979,2987,-1,2968,2987,2970,-1,2970,2987,2985,-1,2970,2985,2972,-1,2972,2985,2983,-1,2972,2983,2965,-1,2965,2983,2981,-1,2965,2981,2957,-1,2957,2981,2989,-1,2957,2989,2959,-1,2959,2989,2996,-1,2959,2996,2961,-1,2961,2996,2994,-1,2961,2994,2963,-1,2963,2994,2992,-1,2963,2992,2955,-1,2955,2992,2991,-1,2955,2991,2951,-1,2951,2991,2999,-1,2951,2999,2953,-1,2953,2999,3004,-1,2953,3004,3002,-1,2910,2915,2908,-1,2908,2915,2913,-1,2911,2905,2910,-1,2910,2905,2915,-1,2907,2909,2913,-1,2913,2909,2908,-1,2909,2907,2911,-1,2911,2907,2905,-1,3036,3037,3038,-1,3038,3037,3039,-1,3040,3041,3042,-1,3042,3041,3043,-1,3044,3045,3046,-1,3046,3045,3047,-1,3048,3049,3050,-1,3048,3050,3051,-1,3051,3050,3052,-1,3051,3052,3053,-1,3053,3052,3054,-1,3053,3054,3055,-1,3055,3054,3056,-1,3055,3056,3057,-1,3057,3056,3058,-1,3057,3058,3059,-1,3059,3058,3044,-1,3059,3044,3046,-1,3060,3061,3062,-1,3062,3061,3063,-1,3062,3063,3064,-1,3064,3063,3065,-1,3064,3065,3066,-1,3066,3065,3067,-1,3066,3067,3068,-1,3068,3067,3069,-1,3068,3069,3070,-1,3070,3069,3071,-1,3070,3071,3048,-1,3048,3071,3049,-1,3060,3072,3061,-1,3061,3072,3073,-1,3074,3075,3076,-1,3074,3076,3077,-1,3077,3076,3078,-1,3077,3078,3079,-1,3079,3078,3073,-1,3079,3073,3072,-1,3074,3080,3075,-1,3075,3080,3081,-1,3082,3083,3084,-1,3084,3083,3085,-1,3084,3085,3080,-1,3080,3085,3081,-1,3082,3086,3083,-1,3083,3086,3087,-1,3088,3089,3090,-1,3090,3089,3091,-1,3090,3091,3092,-1,3092,3091,3093,-1,3092,3093,3094,-1,3094,3093,3095,-1,3094,3095,3086,-1,3086,3095,3087,-1,3088,3096,3089,-1,3089,3096,3097,-1,3098,3099,3100,-1,3098,3100,3101,-1,3101,3100,3102,-1,3101,3102,3103,-1,3103,3102,3104,-1,3103,3104,3105,-1,3105,3104,3097,-1,3105,3097,3096,-1,3098,3106,3099,-1,3099,3106,3107,-1,3106,3108,3107,-1,3107,3108,3109,-1,3108,3110,3109,-1,3109,3110,3111,-1,3112,3113,3114,-1,3114,3113,3115,-1,3114,3115,3116,-1,3116,3115,3117,-1,3116,3117,3118,-1,3118,3117,3119,-1,3118,3119,3110,-1,3110,3119,3111,-1,3112,3120,3113,-1,3113,3120,3121,-1,3122,3123,3124,-1,3122,3124,3125,-1,3125,3124,3126,-1,3125,3126,3127,-1,3127,3126,3128,-1,3127,3128,3129,-1,3129,3128,3121,-1,3129,3121,3120,-1,3122,3130,3123,-1,3123,3130,3131,-1,3132,3133,3134,-1,3132,3134,3135,-1,3135,3134,3136,-1,3135,3136,3137,-1,3137,3136,3131,-1,3137,3131,3130,-1,3132,3138,3133,-1,3133,3138,3139,-1,3140,3141,3142,-1,3142,3141,3143,-1,3142,3143,3138,-1,3138,3143,3139,-1,3140,3144,3141,-1,3141,3144,3145,-1,3146,3147,3148,-1,3146,3148,3149,-1,3149,3148,3150,-1,3149,3150,3151,-1,3151,3150,3152,-1,3151,3152,3153,-1,3153,3152,3154,-1,3153,3154,3155,-1,3155,3154,3156,-1,3155,3156,3157,-1,3157,3156,3145,-1,3157,3145,3144,-1,3036,3038,3158,-1,3158,3038,3159,-1,3158,3159,3160,-1,3160,3159,3161,-1,3160,3161,3162,-1,3162,3161,3163,-1,3162,3163,3164,-1,3164,3163,3165,-1,3164,3165,3166,-1,3166,3165,3167,-1,3166,3167,3146,-1,3146,3167,3147,-1,3047,3037,3046,-1,3046,3037,3036,-1,3046,3036,3059,-1,3059,3036,3158,-1,3059,3158,3057,-1,3057,3158,3160,-1,3057,3160,3055,-1,3055,3160,3162,-1,3055,3162,3053,-1,3053,3162,3164,-1,3053,3164,3051,-1,3051,3164,3166,-1,3051,3166,3048,-1,3048,3166,3146,-1,3048,3146,3070,-1,3070,3146,3149,-1,3070,3149,3068,-1,3068,3149,3151,-1,3068,3151,3066,-1,3066,3151,3153,-1,3066,3153,3064,-1,3064,3153,3155,-1,3064,3155,3062,-1,3062,3155,3157,-1,3062,3157,3060,-1,3060,3157,3144,-1,3060,3144,3072,-1,3072,3144,3140,-1,3072,3140,3079,-1,3079,3140,3142,-1,3079,3142,3077,-1,3077,3142,3138,-1,3077,3138,3074,-1,3074,3138,3080,-1,3138,3132,3080,-1,3080,3132,3135,-1,3080,3135,3084,-1,3084,3135,3137,-1,3084,3137,3082,-1,3082,3137,3130,-1,3082,3130,3086,-1,3086,3130,3122,-1,3086,3122,3094,-1,3094,3122,3125,-1,3094,3125,3092,-1,3092,3125,3127,-1,3092,3127,3090,-1,3090,3127,3129,-1,3090,3129,3088,-1,3088,3129,3120,-1,3088,3120,3096,-1,3096,3120,3112,-1,3096,3112,3105,-1,3105,3112,3114,-1,3105,3114,3103,-1,3103,3114,3116,-1,3103,3116,3101,-1,3101,3116,3118,-1,3101,3118,3098,-1,3098,3118,3110,-1,3098,3110,3106,-1,3106,3110,3108,-1,3039,3045,3038,-1,3038,3045,3044,-1,3038,3044,3159,-1,3159,3044,3058,-1,3159,3058,3161,-1,3161,3058,3056,-1,3161,3056,3163,-1,3163,3056,3054,-1,3163,3054,3165,-1,3165,3054,3052,-1,3165,3052,3167,-1,3167,3052,3050,-1,3167,3050,3147,-1,3147,3050,3049,-1,3147,3049,3148,-1,3148,3049,3071,-1,3148,3071,3150,-1,3150,3071,3069,-1,3150,3069,3152,-1,3152,3069,3067,-1,3152,3067,3154,-1,3154,3067,3065,-1,3154,3065,3156,-1,3156,3065,3063,-1,3156,3063,3145,-1,3145,3063,3061,-1,3145,3061,3141,-1,3141,3061,3073,-1,3141,3073,3143,-1,3073,3078,3143,-1,3143,3078,3076,-1,3143,3076,3139,-1,3139,3076,3075,-1,3139,3075,3133,-1,3133,3075,3081,-1,3133,3081,3134,-1,3134,3081,3085,-1,3107,3109,3099,-1,3099,3109,3111,-1,3099,3111,3100,-1,3100,3111,3119,-1,3100,3119,3102,-1,3102,3119,3117,-1,3102,3117,3104,-1,3104,3117,3115,-1,3104,3115,3097,-1,3097,3115,3113,-1,3097,3113,3089,-1,3089,3113,3121,-1,3089,3121,3091,-1,3091,3121,3128,-1,3091,3128,3093,-1,3093,3128,3126,-1,3093,3126,3095,-1,3095,3126,3124,-1,3095,3124,3087,-1,3087,3124,3123,-1,3087,3123,3083,-1,3083,3123,3131,-1,3083,3131,3085,-1,3085,3131,3136,-1,3085,3136,3134,-1,3042,3047,3040,-1,3040,3047,3045,-1,3043,3037,3042,-1,3042,3037,3047,-1,3039,3041,3045,-1,3045,3041,3040,-1,3041,3039,3043,-1,3043,3039,3037,-1,3168,3169,3170,-1,3170,3169,3171,-1,3172,3173,3174,-1,3174,3173,3175,-1,3176,3177,3178,-1,3178,3177,3179,-1,3180,3181,3182,-1,3180,3182,3183,-1,3183,3182,3184,-1,3183,3184,3185,-1,3185,3184,3186,-1,3185,3186,3187,-1,3187,3186,3188,-1,3187,3188,3189,-1,3189,3188,3190,-1,3189,3190,3191,-1,3191,3190,3176,-1,3191,3176,3178,-1,3192,3193,3194,-1,3194,3193,3195,-1,3194,3195,3196,-1,3196,3195,3197,-1,3196,3197,3198,-1,3198,3197,3199,-1,3198,3199,3200,-1,3200,3199,3201,-1,3200,3201,3202,-1,3202,3201,3203,-1,3202,3203,3180,-1,3180,3203,3181,-1,3192,3204,3193,-1,3193,3204,3205,-1,3206,3207,3208,-1,3206,3208,3209,-1,3209,3208,3210,-1,3209,3210,3211,-1,3211,3210,3205,-1,3211,3205,3204,-1,3206,3212,3207,-1,3207,3212,3213,-1,3214,3215,3216,-1,3216,3215,3217,-1,3216,3217,3212,-1,3212,3217,3213,-1,3214,3218,3215,-1,3215,3218,3219,-1,3220,3221,3222,-1,3222,3221,3223,-1,3222,3223,3224,-1,3224,3223,3225,-1,3224,3225,3226,-1,3226,3225,3227,-1,3226,3227,3218,-1,3218,3227,3219,-1,3220,3228,3221,-1,3221,3228,3229,-1,3230,3231,3232,-1,3230,3232,3233,-1,3233,3232,3234,-1,3233,3234,3235,-1,3235,3234,3236,-1,3235,3236,3237,-1,3237,3236,3229,-1,3237,3229,3228,-1,3230,3238,3231,-1,3231,3238,3239,-1,3238,3240,3239,-1,3239,3240,3241,-1,3240,3242,3241,-1,3241,3242,3243,-1,3244,3245,3246,-1,3246,3245,3247,-1,3246,3247,3248,-1,3248,3247,3249,-1,3248,3249,3250,-1,3250,3249,3251,-1,3250,3251,3242,-1,3242,3251,3243,-1,3244,3252,3245,-1,3245,3252,3253,-1,3254,3255,3256,-1,3254,3256,3257,-1,3257,3256,3258,-1,3257,3258,3259,-1,3259,3258,3260,-1,3259,3260,3261,-1,3261,3260,3253,-1,3261,3253,3252,-1,3254,3262,3255,-1,3255,3262,3263,-1,3264,3265,3266,-1,3264,3266,3267,-1,3267,3266,3268,-1,3267,3268,3269,-1,3269,3268,3263,-1,3269,3263,3262,-1,3264,3270,3265,-1,3265,3270,3271,-1,3272,3273,3274,-1,3274,3273,3275,-1,3274,3275,3270,-1,3270,3275,3271,-1,3272,3276,3273,-1,3273,3276,3277,-1,3278,3279,3280,-1,3278,3280,3281,-1,3281,3280,3282,-1,3281,3282,3283,-1,3283,3282,3284,-1,3283,3284,3285,-1,3285,3284,3286,-1,3285,3286,3287,-1,3287,3286,3288,-1,3287,3288,3289,-1,3289,3288,3277,-1,3289,3277,3276,-1,3168,3170,3290,-1,3290,3170,3291,-1,3290,3291,3292,-1,3292,3291,3293,-1,3292,3293,3294,-1,3294,3293,3295,-1,3294,3295,3296,-1,3296,3295,3297,-1,3296,3297,3298,-1,3298,3297,3299,-1,3298,3299,3278,-1,3278,3299,3279,-1,3179,3169,3178,-1,3178,3169,3168,-1,3178,3168,3191,-1,3191,3168,3290,-1,3191,3290,3189,-1,3189,3290,3292,-1,3189,3292,3187,-1,3187,3292,3294,-1,3187,3294,3185,-1,3185,3294,3296,-1,3185,3296,3183,-1,3183,3296,3298,-1,3183,3298,3180,-1,3180,3298,3278,-1,3180,3278,3202,-1,3202,3278,3281,-1,3202,3281,3200,-1,3200,3281,3283,-1,3200,3283,3198,-1,3198,3283,3285,-1,3198,3285,3196,-1,3196,3285,3287,-1,3196,3287,3194,-1,3194,3287,3289,-1,3194,3289,3192,-1,3192,3289,3276,-1,3192,3276,3204,-1,3204,3276,3272,-1,3204,3272,3211,-1,3211,3272,3274,-1,3211,3274,3209,-1,3209,3274,3270,-1,3209,3270,3206,-1,3206,3270,3212,-1,3270,3264,3212,-1,3212,3264,3267,-1,3212,3267,3216,-1,3216,3267,3269,-1,3216,3269,3214,-1,3214,3269,3262,-1,3214,3262,3218,-1,3218,3262,3254,-1,3218,3254,3226,-1,3226,3254,3257,-1,3226,3257,3224,-1,3224,3257,3259,-1,3224,3259,3222,-1,3222,3259,3261,-1,3222,3261,3220,-1,3220,3261,3252,-1,3220,3252,3228,-1,3228,3252,3244,-1,3228,3244,3237,-1,3237,3244,3246,-1,3237,3246,3235,-1,3235,3246,3248,-1,3235,3248,3233,-1,3233,3248,3250,-1,3233,3250,3230,-1,3230,3250,3242,-1,3230,3242,3238,-1,3238,3242,3240,-1,3171,3177,3170,-1,3170,3177,3176,-1,3170,3176,3291,-1,3291,3176,3190,-1,3291,3190,3293,-1,3293,3190,3188,-1,3293,3188,3295,-1,3295,3188,3186,-1,3295,3186,3297,-1,3297,3186,3184,-1,3297,3184,3299,-1,3299,3184,3182,-1,3299,3182,3279,-1,3279,3182,3181,-1,3279,3181,3280,-1,3280,3181,3203,-1,3280,3203,3282,-1,3282,3203,3201,-1,3282,3201,3284,-1,3284,3201,3199,-1,3284,3199,3286,-1,3286,3199,3197,-1,3286,3197,3288,-1,3288,3197,3195,-1,3288,3195,3277,-1,3277,3195,3193,-1,3277,3193,3273,-1,3273,3193,3205,-1,3273,3205,3275,-1,3205,3210,3275,-1,3275,3210,3208,-1,3275,3208,3271,-1,3271,3208,3207,-1,3271,3207,3265,-1,3265,3207,3213,-1,3265,3213,3266,-1,3266,3213,3217,-1,3239,3241,3231,-1,3231,3241,3243,-1,3231,3243,3232,-1,3232,3243,3251,-1,3232,3251,3234,-1,3234,3251,3249,-1,3234,3249,3236,-1,3236,3249,3247,-1,3236,3247,3229,-1,3229,3247,3245,-1,3229,3245,3221,-1,3221,3245,3253,-1,3221,3253,3223,-1,3223,3253,3260,-1,3223,3260,3225,-1,3225,3260,3258,-1,3225,3258,3227,-1,3227,3258,3256,-1,3227,3256,3219,-1,3219,3256,3255,-1,3219,3255,3215,-1,3215,3255,3263,-1,3215,3263,3217,-1,3217,3263,3268,-1,3217,3268,3266,-1,3174,3179,3172,-1,3172,3179,3177,-1,3175,3169,3174,-1,3174,3169,3179,-1,3171,3173,3177,-1,3177,3173,3172,-1,3173,3171,3175,-1,3175,3171,3169,-1,3300,3301,3302,-1,3302,3301,3303,-1,3304,3305,3306,-1,3306,3305,3307,-1,3308,3309,3310,-1,3310,3309,3311,-1,3312,3313,3314,-1,3312,3314,3315,-1,3315,3314,3316,-1,3315,3316,3317,-1,3317,3316,3318,-1,3317,3318,3319,-1,3319,3318,3320,-1,3319,3320,3321,-1,3321,3320,3322,-1,3321,3322,3323,-1,3323,3322,3308,-1,3323,3308,3310,-1,3324,3325,3326,-1,3326,3325,3327,-1,3326,3327,3328,-1,3328,3327,3329,-1,3328,3329,3330,-1,3330,3329,3331,-1,3330,3331,3332,-1,3332,3331,3333,-1,3332,3333,3334,-1,3334,3333,3335,-1,3334,3335,3312,-1,3312,3335,3313,-1,3324,3336,3325,-1,3325,3336,3337,-1,3338,3339,3340,-1,3338,3340,3341,-1,3341,3340,3342,-1,3341,3342,3343,-1,3343,3342,3337,-1,3343,3337,3336,-1,3338,3344,3339,-1,3339,3344,3345,-1,3346,3347,3348,-1,3348,3347,3349,-1,3348,3349,3344,-1,3344,3349,3345,-1,3346,3350,3347,-1,3347,3350,3351,-1,3352,3353,3354,-1,3354,3353,3355,-1,3354,3355,3356,-1,3356,3355,3357,-1,3356,3357,3358,-1,3358,3357,3359,-1,3358,3359,3350,-1,3350,3359,3351,-1,3352,3360,3353,-1,3353,3360,3361,-1,3362,3363,3364,-1,3362,3364,3365,-1,3365,3364,3366,-1,3365,3366,3367,-1,3367,3366,3368,-1,3367,3368,3369,-1,3369,3368,3361,-1,3369,3361,3360,-1,3362,3370,3363,-1,3363,3370,3371,-1,3370,3372,3371,-1,3371,3372,3373,-1,3372,3374,3373,-1,3373,3374,3375,-1,3376,3377,3378,-1,3378,3377,3379,-1,3378,3379,3380,-1,3380,3379,3381,-1,3380,3381,3382,-1,3382,3381,3383,-1,3382,3383,3374,-1,3374,3383,3375,-1,3376,3384,3377,-1,3377,3384,3385,-1,3386,3387,3388,-1,3386,3388,3389,-1,3389,3388,3390,-1,3389,3390,3391,-1,3391,3390,3392,-1,3391,3392,3393,-1,3393,3392,3385,-1,3393,3385,3384,-1,3386,3394,3387,-1,3387,3394,3395,-1,3396,3397,3398,-1,3396,3398,3399,-1,3399,3398,3400,-1,3399,3400,3401,-1,3401,3400,3395,-1,3401,3395,3394,-1,3396,3402,3397,-1,3397,3402,3403,-1,3404,3405,3406,-1,3406,3405,3407,-1,3406,3407,3402,-1,3402,3407,3403,-1,3404,3408,3405,-1,3405,3408,3409,-1,3410,3411,3412,-1,3410,3412,3413,-1,3413,3412,3414,-1,3413,3414,3415,-1,3415,3414,3416,-1,3415,3416,3417,-1,3417,3416,3418,-1,3417,3418,3419,-1,3419,3418,3420,-1,3419,3420,3421,-1,3421,3420,3409,-1,3421,3409,3408,-1,3300,3302,3422,-1,3422,3302,3423,-1,3422,3423,3424,-1,3424,3423,3425,-1,3424,3425,3426,-1,3426,3425,3427,-1,3426,3427,3428,-1,3428,3427,3429,-1,3428,3429,3430,-1,3430,3429,3431,-1,3430,3431,3410,-1,3410,3431,3411,-1,3311,3301,3310,-1,3310,3301,3300,-1,3310,3300,3323,-1,3323,3300,3422,-1,3323,3422,3321,-1,3321,3422,3424,-1,3321,3424,3319,-1,3319,3424,3426,-1,3319,3426,3317,-1,3317,3426,3428,-1,3317,3428,3315,-1,3315,3428,3430,-1,3315,3430,3312,-1,3312,3430,3410,-1,3312,3410,3334,-1,3334,3410,3413,-1,3334,3413,3332,-1,3332,3413,3415,-1,3332,3415,3330,-1,3330,3415,3417,-1,3330,3417,3328,-1,3328,3417,3419,-1,3328,3419,3326,-1,3326,3419,3421,-1,3326,3421,3324,-1,3324,3421,3408,-1,3324,3408,3336,-1,3336,3408,3404,-1,3336,3404,3343,-1,3343,3404,3406,-1,3343,3406,3341,-1,3341,3406,3402,-1,3341,3402,3338,-1,3338,3402,3344,-1,3402,3396,3344,-1,3344,3396,3399,-1,3344,3399,3348,-1,3348,3399,3401,-1,3348,3401,3346,-1,3346,3401,3394,-1,3346,3394,3350,-1,3350,3394,3386,-1,3350,3386,3358,-1,3358,3386,3389,-1,3358,3389,3356,-1,3356,3389,3391,-1,3356,3391,3354,-1,3354,3391,3393,-1,3354,3393,3352,-1,3352,3393,3384,-1,3352,3384,3360,-1,3360,3384,3376,-1,3360,3376,3369,-1,3369,3376,3378,-1,3369,3378,3367,-1,3367,3378,3380,-1,3367,3380,3365,-1,3365,3380,3382,-1,3365,3382,3362,-1,3362,3382,3374,-1,3362,3374,3370,-1,3370,3374,3372,-1,3303,3309,3302,-1,3302,3309,3308,-1,3302,3308,3423,-1,3423,3308,3322,-1,3423,3322,3425,-1,3425,3322,3320,-1,3425,3320,3427,-1,3427,3320,3318,-1,3427,3318,3429,-1,3429,3318,3316,-1,3429,3316,3431,-1,3431,3316,3314,-1,3431,3314,3411,-1,3411,3314,3313,-1,3411,3313,3412,-1,3412,3313,3335,-1,3412,3335,3414,-1,3414,3335,3333,-1,3414,3333,3416,-1,3416,3333,3331,-1,3416,3331,3418,-1,3418,3331,3329,-1,3418,3329,3420,-1,3420,3329,3327,-1,3420,3327,3409,-1,3409,3327,3325,-1,3409,3325,3405,-1,3405,3325,3337,-1,3405,3337,3407,-1,3337,3342,3407,-1,3407,3342,3340,-1,3407,3340,3403,-1,3403,3340,3339,-1,3403,3339,3397,-1,3397,3339,3345,-1,3397,3345,3398,-1,3398,3345,3349,-1,3371,3373,3363,-1,3363,3373,3375,-1,3363,3375,3364,-1,3364,3375,3383,-1,3364,3383,3366,-1,3366,3383,3381,-1,3366,3381,3368,-1,3368,3381,3379,-1,3368,3379,3361,-1,3361,3379,3377,-1,3361,3377,3353,-1,3353,3377,3385,-1,3353,3385,3355,-1,3355,3385,3392,-1,3355,3392,3357,-1,3357,3392,3390,-1,3357,3390,3359,-1,3359,3390,3388,-1,3359,3388,3351,-1,3351,3388,3387,-1,3351,3387,3347,-1,3347,3387,3395,-1,3347,3395,3349,-1,3349,3395,3400,-1,3349,3400,3398,-1,3306,3311,3304,-1,3304,3311,3309,-1,3307,3301,3306,-1,3306,3301,3311,-1,3303,3305,3309,-1,3309,3305,3304,-1,3305,3303,3307,-1,3307,3303,3301,-1,3432,3433,3434,-1,3434,3433,3435,-1,3436,3437,3438,-1,3438,3437,3439,-1,3440,3441,3442,-1,3442,3441,3443,-1,3444,3445,3446,-1,3444,3446,3447,-1,3447,3446,3448,-1,3447,3448,3449,-1,3449,3448,3450,-1,3449,3450,3451,-1,3451,3450,3452,-1,3451,3452,3453,-1,3453,3452,3454,-1,3453,3454,3455,-1,3455,3454,3440,-1,3455,3440,3442,-1,3456,3457,3458,-1,3458,3457,3459,-1,3458,3459,3460,-1,3460,3459,3461,-1,3460,3461,3462,-1,3462,3461,3463,-1,3462,3463,3464,-1,3464,3463,3465,-1,3464,3465,3466,-1,3466,3465,3467,-1,3466,3467,3444,-1,3444,3467,3445,-1,3456,3468,3457,-1,3457,3468,3469,-1,3470,3471,3472,-1,3470,3472,3473,-1,3473,3472,3474,-1,3473,3474,3475,-1,3475,3474,3469,-1,3475,3469,3468,-1,3470,3476,3471,-1,3471,3476,3477,-1,3478,3479,3480,-1,3480,3479,3481,-1,3480,3481,3476,-1,3476,3481,3477,-1,3478,3482,3479,-1,3479,3482,3483,-1,3484,3485,3486,-1,3486,3485,3487,-1,3486,3487,3488,-1,3488,3487,3489,-1,3488,3489,3490,-1,3490,3489,3491,-1,3490,3491,3482,-1,3482,3491,3483,-1,3484,3492,3485,-1,3485,3492,3493,-1,3494,3495,3496,-1,3494,3496,3497,-1,3497,3496,3498,-1,3497,3498,3499,-1,3499,3498,3500,-1,3499,3500,3501,-1,3501,3500,3493,-1,3501,3493,3492,-1,3494,3502,3495,-1,3495,3502,3503,-1,3502,3504,3503,-1,3503,3504,3505,-1,3504,3506,3505,-1,3505,3506,3507,-1,3508,3509,3510,-1,3510,3509,3511,-1,3510,3511,3512,-1,3512,3511,3513,-1,3512,3513,3514,-1,3514,3513,3515,-1,3514,3515,3506,-1,3506,3515,3507,-1,3508,3516,3509,-1,3509,3516,3517,-1,3518,3519,3520,-1,3518,3520,3521,-1,3521,3520,3522,-1,3521,3522,3523,-1,3523,3522,3524,-1,3523,3524,3525,-1,3525,3524,3517,-1,3525,3517,3516,-1,3518,3526,3519,-1,3519,3526,3527,-1,3528,3529,3530,-1,3528,3530,3531,-1,3531,3530,3532,-1,3531,3532,3533,-1,3533,3532,3527,-1,3533,3527,3526,-1,3528,3534,3529,-1,3529,3534,3535,-1,3536,3537,3538,-1,3538,3537,3539,-1,3538,3539,3534,-1,3534,3539,3535,-1,3536,3540,3537,-1,3537,3540,3541,-1,3542,3543,3544,-1,3542,3544,3545,-1,3545,3544,3546,-1,3545,3546,3547,-1,3547,3546,3548,-1,3547,3548,3549,-1,3549,3548,3550,-1,3549,3550,3551,-1,3551,3550,3552,-1,3551,3552,3553,-1,3553,3552,3541,-1,3553,3541,3540,-1,3432,3434,3554,-1,3554,3434,3555,-1,3554,3555,3556,-1,3556,3555,3557,-1,3556,3557,3558,-1,3558,3557,3559,-1,3558,3559,3560,-1,3560,3559,3561,-1,3560,3561,3562,-1,3562,3561,3563,-1,3562,3563,3542,-1,3542,3563,3543,-1,3443,3433,3442,-1,3442,3433,3432,-1,3442,3432,3455,-1,3455,3432,3554,-1,3455,3554,3453,-1,3453,3554,3556,-1,3453,3556,3451,-1,3451,3556,3558,-1,3451,3558,3449,-1,3449,3558,3560,-1,3449,3560,3447,-1,3447,3560,3562,-1,3447,3562,3444,-1,3444,3562,3542,-1,3444,3542,3466,-1,3466,3542,3545,-1,3466,3545,3464,-1,3464,3545,3547,-1,3464,3547,3462,-1,3462,3547,3549,-1,3462,3549,3460,-1,3460,3549,3551,-1,3460,3551,3458,-1,3458,3551,3553,-1,3458,3553,3456,-1,3456,3553,3540,-1,3456,3540,3468,-1,3468,3540,3536,-1,3468,3536,3475,-1,3475,3536,3538,-1,3475,3538,3473,-1,3473,3538,3534,-1,3473,3534,3470,-1,3470,3534,3476,-1,3534,3528,3476,-1,3476,3528,3531,-1,3476,3531,3480,-1,3480,3531,3533,-1,3480,3533,3478,-1,3478,3533,3526,-1,3478,3526,3482,-1,3482,3526,3518,-1,3482,3518,3490,-1,3490,3518,3521,-1,3490,3521,3488,-1,3488,3521,3523,-1,3488,3523,3486,-1,3486,3523,3525,-1,3486,3525,3484,-1,3484,3525,3516,-1,3484,3516,3492,-1,3492,3516,3508,-1,3492,3508,3501,-1,3501,3508,3510,-1,3501,3510,3499,-1,3499,3510,3512,-1,3499,3512,3497,-1,3497,3512,3514,-1,3497,3514,3494,-1,3494,3514,3506,-1,3494,3506,3502,-1,3502,3506,3504,-1,3435,3441,3434,-1,3434,3441,3440,-1,3434,3440,3555,-1,3555,3440,3454,-1,3555,3454,3557,-1,3557,3454,3452,-1,3557,3452,3559,-1,3559,3452,3450,-1,3559,3450,3561,-1,3561,3450,3448,-1,3561,3448,3563,-1,3563,3448,3446,-1,3563,3446,3543,-1,3543,3446,3445,-1,3543,3445,3544,-1,3544,3445,3467,-1,3544,3467,3546,-1,3546,3467,3465,-1,3546,3465,3548,-1,3548,3465,3463,-1,3548,3463,3550,-1,3550,3463,3461,-1,3550,3461,3552,-1,3552,3461,3459,-1,3552,3459,3541,-1,3541,3459,3457,-1,3541,3457,3537,-1,3537,3457,3469,-1,3537,3469,3539,-1,3469,3474,3539,-1,3539,3474,3472,-1,3539,3472,3535,-1,3535,3472,3471,-1,3535,3471,3529,-1,3529,3471,3477,-1,3529,3477,3530,-1,3530,3477,3481,-1,3503,3505,3495,-1,3495,3505,3507,-1,3495,3507,3496,-1,3496,3507,3515,-1,3496,3515,3498,-1,3498,3515,3513,-1,3498,3513,3500,-1,3500,3513,3511,-1,3500,3511,3493,-1,3493,3511,3509,-1,3493,3509,3485,-1,3485,3509,3517,-1,3485,3517,3487,-1,3487,3517,3524,-1,3487,3524,3489,-1,3489,3524,3522,-1,3489,3522,3491,-1,3491,3522,3520,-1,3491,3520,3483,-1,3483,3520,3519,-1,3483,3519,3479,-1,3479,3519,3527,-1,3479,3527,3481,-1,3481,3527,3532,-1,3481,3532,3530,-1,3438,3443,3436,-1,3436,3443,3441,-1,3439,3433,3438,-1,3438,3433,3443,-1,3435,3437,3441,-1,3441,3437,3436,-1,3437,3435,3439,-1,3439,3435,3433,-1,3564,3565,3566,-1,3566,3565,3567,-1,3568,3569,3570,-1,3570,3569,3571,-1,3572,3573,3574,-1,3574,3573,3575,-1,3576,3577,3578,-1,3576,3578,3579,-1,3579,3578,3580,-1,3579,3580,3581,-1,3581,3580,3582,-1,3581,3582,3583,-1,3583,3582,3584,-1,3583,3584,3585,-1,3585,3584,3586,-1,3585,3586,3587,-1,3587,3586,3572,-1,3587,3572,3574,-1,3588,3589,3590,-1,3590,3589,3591,-1,3590,3591,3592,-1,3592,3591,3593,-1,3592,3593,3594,-1,3594,3593,3595,-1,3594,3595,3596,-1,3596,3595,3597,-1,3596,3597,3598,-1,3598,3597,3599,-1,3598,3599,3576,-1,3576,3599,3577,-1,3588,3600,3589,-1,3589,3600,3601,-1,3602,3603,3604,-1,3602,3604,3605,-1,3605,3604,3606,-1,3605,3606,3607,-1,3607,3606,3601,-1,3607,3601,3600,-1,3602,3608,3603,-1,3603,3608,3609,-1,3610,3611,3612,-1,3612,3611,3613,-1,3612,3613,3608,-1,3608,3613,3609,-1,3610,3614,3611,-1,3611,3614,3615,-1,3616,3617,3618,-1,3618,3617,3619,-1,3618,3619,3620,-1,3620,3619,3621,-1,3620,3621,3622,-1,3622,3621,3623,-1,3622,3623,3614,-1,3614,3623,3615,-1,3616,3624,3617,-1,3617,3624,3625,-1,3626,3627,3628,-1,3626,3628,3629,-1,3629,3628,3630,-1,3629,3630,3631,-1,3631,3630,3632,-1,3631,3632,3633,-1,3633,3632,3625,-1,3633,3625,3624,-1,3626,3634,3627,-1,3627,3634,3635,-1,3634,3636,3635,-1,3635,3636,3637,-1,3636,3638,3637,-1,3637,3638,3639,-1,3640,3641,3642,-1,3642,3641,3643,-1,3642,3643,3644,-1,3644,3643,3645,-1,3644,3645,3646,-1,3646,3645,3647,-1,3646,3647,3638,-1,3638,3647,3639,-1,3640,3648,3641,-1,3641,3648,3649,-1,3650,3651,3652,-1,3650,3652,3653,-1,3653,3652,3654,-1,3653,3654,3655,-1,3655,3654,3656,-1,3655,3656,3657,-1,3657,3656,3649,-1,3657,3649,3648,-1,3650,3658,3651,-1,3651,3658,3659,-1,3660,3661,3662,-1,3660,3662,3663,-1,3663,3662,3664,-1,3663,3664,3665,-1,3665,3664,3659,-1,3665,3659,3658,-1,3660,3666,3661,-1,3661,3666,3667,-1,3668,3669,3670,-1,3670,3669,3671,-1,3670,3671,3666,-1,3666,3671,3667,-1,3668,3672,3669,-1,3669,3672,3673,-1,3674,3675,3676,-1,3674,3676,3677,-1,3677,3676,3678,-1,3677,3678,3679,-1,3679,3678,3680,-1,3679,3680,3681,-1,3681,3680,3682,-1,3681,3682,3683,-1,3683,3682,3684,-1,3683,3684,3685,-1,3685,3684,3673,-1,3685,3673,3672,-1,3564,3566,3686,-1,3686,3566,3687,-1,3686,3687,3688,-1,3688,3687,3689,-1,3688,3689,3690,-1,3690,3689,3691,-1,3690,3691,3692,-1,3692,3691,3693,-1,3692,3693,3694,-1,3694,3693,3695,-1,3694,3695,3674,-1,3674,3695,3675,-1,3575,3565,3574,-1,3574,3565,3564,-1,3574,3564,3587,-1,3587,3564,3686,-1,3587,3686,3585,-1,3585,3686,3688,-1,3585,3688,3583,-1,3583,3688,3690,-1,3583,3690,3581,-1,3581,3690,3692,-1,3581,3692,3579,-1,3579,3692,3694,-1,3579,3694,3576,-1,3576,3694,3674,-1,3576,3674,3598,-1,3598,3674,3677,-1,3598,3677,3596,-1,3596,3677,3679,-1,3596,3679,3594,-1,3594,3679,3681,-1,3594,3681,3592,-1,3592,3681,3683,-1,3592,3683,3590,-1,3590,3683,3685,-1,3590,3685,3588,-1,3588,3685,3672,-1,3588,3672,3600,-1,3600,3672,3668,-1,3600,3668,3607,-1,3607,3668,3670,-1,3607,3670,3605,-1,3605,3670,3666,-1,3605,3666,3602,-1,3602,3666,3608,-1,3666,3660,3608,-1,3608,3660,3663,-1,3608,3663,3612,-1,3612,3663,3665,-1,3612,3665,3610,-1,3610,3665,3658,-1,3610,3658,3614,-1,3614,3658,3650,-1,3614,3650,3622,-1,3622,3650,3653,-1,3622,3653,3620,-1,3620,3653,3655,-1,3620,3655,3618,-1,3618,3655,3657,-1,3618,3657,3616,-1,3616,3657,3648,-1,3616,3648,3624,-1,3624,3648,3640,-1,3624,3640,3633,-1,3633,3640,3642,-1,3633,3642,3631,-1,3631,3642,3644,-1,3631,3644,3629,-1,3629,3644,3646,-1,3629,3646,3626,-1,3626,3646,3638,-1,3626,3638,3634,-1,3634,3638,3636,-1,3567,3573,3566,-1,3566,3573,3572,-1,3566,3572,3687,-1,3687,3572,3586,-1,3687,3586,3689,-1,3689,3586,3584,-1,3689,3584,3691,-1,3691,3584,3582,-1,3691,3582,3693,-1,3693,3582,3580,-1,3693,3580,3695,-1,3695,3580,3578,-1,3695,3578,3675,-1,3675,3578,3577,-1,3675,3577,3676,-1,3676,3577,3599,-1,3676,3599,3678,-1,3678,3599,3597,-1,3678,3597,3680,-1,3680,3597,3595,-1,3680,3595,3682,-1,3682,3595,3593,-1,3682,3593,3684,-1,3684,3593,3591,-1,3684,3591,3673,-1,3673,3591,3589,-1,3673,3589,3669,-1,3669,3589,3601,-1,3669,3601,3671,-1,3601,3606,3671,-1,3671,3606,3604,-1,3671,3604,3667,-1,3667,3604,3603,-1,3667,3603,3661,-1,3661,3603,3609,-1,3661,3609,3662,-1,3662,3609,3613,-1,3635,3637,3627,-1,3627,3637,3639,-1,3627,3639,3628,-1,3628,3639,3647,-1,3628,3647,3630,-1,3630,3647,3645,-1,3630,3645,3632,-1,3632,3645,3643,-1,3632,3643,3625,-1,3625,3643,3641,-1,3625,3641,3617,-1,3617,3641,3649,-1,3617,3649,3619,-1,3619,3649,3656,-1,3619,3656,3621,-1,3621,3656,3654,-1,3621,3654,3623,-1,3623,3654,3652,-1,3623,3652,3615,-1,3615,3652,3651,-1,3615,3651,3611,-1,3611,3651,3659,-1,3611,3659,3613,-1,3613,3659,3664,-1,3613,3664,3662,-1,3570,3575,3568,-1,3568,3575,3573,-1,3571,3565,3570,-1,3570,3565,3575,-1,3567,3569,3573,-1,3573,3569,3568,-1,3569,3567,3571,-1,3571,3567,3565,-1,3696,3697,3698,-1,3698,3697,3699,-1,3700,3701,3702,-1,3702,3701,3703,-1,3704,3705,3706,-1,3706,3705,3707,-1,3707,3705,3708,-1,3707,3708,3709,-1,3709,3708,3710,-1,3709,3710,3711,-1,3711,3710,3712,-1,3711,3712,3713,-1,3713,3712,3714,-1,3713,3714,3715,-1,3715,3714,3716,-1,3715,3716,3717,-1,3717,3716,3718,-1,3717,3718,3719,-1,3719,3718,3720,-1,3720,3718,3721,-1,3720,3721,3722,-1,3722,3721,3723,-1,3722,3723,3724,-1,3724,3723,3725,-1,3724,3725,3726,-1,3726,3725,3727,-1,3726,3727,3728,-1,3728,3727,3729,-1,3728,3729,3730,-1,3730,3729,3731,-1,3732,3730,3733,-1,3733,3730,3731,-1,3732,3733,3734,-1,3732,3734,3735,-1,3735,3734,3736,-1,3735,3736,3737,-1,3737,3736,3738,-1,3737,3738,3739,-1,3740,3739,3741,-1,3741,3739,3738,-1,3740,3741,3742,-1,3742,3741,3743,-1,3742,3743,3744,-1,3744,3743,3745,-1,3746,3744,3747,-1,3747,3744,3745,-1,3746,3747,3748,-1,3748,3747,3749,-1,3748,3749,3750,-1,3750,3749,3751,-1,3750,3751,3752,-1,3752,3751,3753,-1,3752,3753,3754,-1,3754,3753,3755,-1,3756,3754,3757,-1,3757,3754,3755,-1,3756,3757,3758,-1,3756,3758,3759,-1,3759,3758,3760,-1,3759,3760,3761,-1,3761,3760,3762,-1,3761,3762,3763,-1,3763,3762,3764,-1,3763,3764,3765,-1,3766,3765,3767,-1,3767,3765,3764,-1,3768,3766,3769,-1,3769,3766,3767,-1,3770,3768,3771,-1,3771,3768,3769,-1,3770,3771,3772,-1,3772,3771,3773,-1,3772,3773,3774,-1,3774,3773,3775,-1,3774,3775,3776,-1,3776,3775,3777,-1,3776,3777,3778,-1,3778,3777,3779,-1,3780,3778,3781,-1,3781,3778,3779,-1,3780,3781,3782,-1,3780,3782,3783,-1,3783,3782,3784,-1,3783,3784,3785,-1,3785,3784,3786,-1,3785,3786,3787,-1,3787,3786,3788,-1,3787,3788,3789,-1,3790,3789,3791,-1,3791,3789,3788,-1,3790,3791,3792,-1,3790,3792,3793,-1,3793,3792,3794,-1,3793,3794,3795,-1,3795,3794,3796,-1,3795,3796,3797,-1,3798,3797,3799,-1,3799,3797,3796,-1,3798,3799,3800,-1,3800,3799,3801,-1,3800,3801,3802,-1,3802,3801,3803,-1,3804,3802,3805,-1,3805,3802,3803,-1,3804,3805,3806,-1,3804,3806,3807,-1,3807,3806,3808,-1,3807,3808,3809,-1,3809,3808,3810,-1,3809,3810,3811,-1,3811,3810,3812,-1,3811,3812,3813,-1,3813,3812,3814,-1,3813,3814,3815,-1,3815,3814,3816,-1,3815,3816,3817,-1,3817,3816,3818,-1,3818,3816,3819,-1,3818,3819,3820,-1,3820,3819,3821,-1,3820,3821,3822,-1,3822,3821,3823,-1,3822,3823,3824,-1,3824,3823,3825,-1,3824,3825,3826,-1,3826,3825,3827,-1,3826,3827,3697,-1,3697,3827,3699,-1,3696,3706,3697,-1,3697,3706,3707,-1,3697,3707,3826,-1,3826,3707,3709,-1,3826,3709,3824,-1,3824,3709,3711,-1,3824,3711,3822,-1,3822,3711,3713,-1,3822,3713,3820,-1,3820,3713,3715,-1,3820,3715,3818,-1,3818,3715,3717,-1,3818,3717,3817,-1,3817,3717,3719,-1,3817,3719,3815,-1,3815,3719,3720,-1,3815,3720,3813,-1,3813,3720,3722,-1,3813,3722,3811,-1,3811,3722,3724,-1,3811,3724,3809,-1,3809,3724,3726,-1,3809,3726,3807,-1,3807,3726,3728,-1,3807,3728,3804,-1,3804,3728,3730,-1,3804,3730,3802,-1,3802,3730,3732,-1,3802,3732,3800,-1,3732,3735,3800,-1,3800,3735,3737,-1,3800,3737,3798,-1,3798,3737,3739,-1,3798,3739,3797,-1,3797,3739,3740,-1,3797,3740,3795,-1,3795,3740,3742,-1,3795,3742,3793,-1,3793,3742,3744,-1,3766,3768,3765,-1,3765,3768,3770,-1,3765,3770,3763,-1,3763,3770,3772,-1,3763,3772,3761,-1,3761,3772,3774,-1,3761,3774,3759,-1,3759,3774,3776,-1,3759,3776,3756,-1,3756,3776,3778,-1,3756,3778,3754,-1,3754,3778,3780,-1,3754,3780,3752,-1,3752,3780,3783,-1,3752,3783,3750,-1,3750,3783,3785,-1,3750,3785,3748,-1,3748,3785,3787,-1,3748,3787,3746,-1,3746,3787,3789,-1,3746,3789,3744,-1,3744,3789,3790,-1,3744,3790,3793,-1,3743,3741,3796,-1,3796,3741,3799,-1,3741,3738,3799,-1,3799,3738,3736,-1,3799,3736,3801,-1,3801,3736,3734,-1,3801,3734,3803,-1,3803,3734,3733,-1,3803,3733,3805,-1,3805,3733,3731,-1,3805,3731,3806,-1,3806,3731,3729,-1,3806,3729,3808,-1,3808,3729,3727,-1,3808,3727,3810,-1,3810,3727,3725,-1,3810,3725,3812,-1,3812,3725,3723,-1,3812,3723,3814,-1,3814,3723,3721,-1,3814,3721,3816,-1,3816,3721,3718,-1,3816,3718,3819,-1,3819,3718,3716,-1,3819,3716,3821,-1,3821,3716,3714,-1,3821,3714,3823,-1,3823,3714,3712,-1,3823,3712,3825,-1,3825,3712,3710,-1,3825,3710,3827,-1,3827,3710,3708,-1,3827,3708,3699,-1,3699,3708,3705,-1,3699,3705,3698,-1,3698,3705,3704,-1,3769,3767,3771,-1,3771,3767,3764,-1,3771,3764,3773,-1,3773,3764,3762,-1,3773,3762,3775,-1,3775,3762,3760,-1,3775,3760,3777,-1,3777,3760,3758,-1,3777,3758,3779,-1,3779,3758,3757,-1,3779,3757,3781,-1,3781,3757,3755,-1,3781,3755,3782,-1,3782,3755,3753,-1,3782,3753,3784,-1,3784,3753,3751,-1,3784,3751,3786,-1,3786,3751,3749,-1,3786,3749,3788,-1,3788,3749,3747,-1,3788,3747,3791,-1,3791,3747,3745,-1,3791,3745,3792,-1,3792,3745,3743,-1,3792,3743,3794,-1,3794,3743,3796,-1,3706,3703,3704,-1,3704,3703,3701,-1,3696,3702,3706,-1,3706,3702,3703,-1,3700,3698,3701,-1,3701,3698,3704,-1,3698,3700,3696,-1,3696,3700,3702,-1,3828,3829,3830,-1,3830,3829,3831,-1,3832,3833,3834,-1,3834,3833,3835,-1,3836,3837,3838,-1,3838,3837,3839,-1,3839,3837,3840,-1,3839,3840,3841,-1,3841,3840,3842,-1,3841,3842,3843,-1,3843,3842,3844,-1,3843,3844,3845,-1,3845,3844,3846,-1,3845,3846,3847,-1,3847,3846,3848,-1,3847,3848,3849,-1,3849,3848,3850,-1,3849,3850,3851,-1,3851,3850,3852,-1,3852,3850,3853,-1,3852,3853,3854,-1,3854,3853,3855,-1,3854,3855,3856,-1,3856,3855,3857,-1,3856,3857,3858,-1,3858,3857,3859,-1,3858,3859,3860,-1,3860,3859,3861,-1,3860,3861,3862,-1,3862,3861,3863,-1,3864,3862,3865,-1,3865,3862,3863,-1,3864,3865,3866,-1,3864,3866,3867,-1,3867,3866,3868,-1,3867,3868,3869,-1,3869,3868,3870,-1,3869,3870,3871,-1,3872,3871,3873,-1,3873,3871,3870,-1,3872,3873,3874,-1,3874,3873,3875,-1,3874,3875,3876,-1,3876,3875,3877,-1,3878,3876,3879,-1,3879,3876,3877,-1,3878,3879,3880,-1,3880,3879,3881,-1,3880,3881,3882,-1,3882,3881,3883,-1,3882,3883,3884,-1,3884,3883,3885,-1,3884,3885,3886,-1,3886,3885,3887,-1,3888,3886,3889,-1,3889,3886,3887,-1,3888,3889,3890,-1,3888,3890,3891,-1,3891,3890,3892,-1,3891,3892,3893,-1,3893,3892,3894,-1,3893,3894,3895,-1,3895,3894,3896,-1,3895,3896,3897,-1,3898,3897,3899,-1,3899,3897,3896,-1,3900,3898,3901,-1,3901,3898,3899,-1,3902,3900,3903,-1,3903,3900,3901,-1,3902,3903,3904,-1,3904,3903,3905,-1,3904,3905,3906,-1,3906,3905,3907,-1,3906,3907,3908,-1,3908,3907,3909,-1,3908,3909,3910,-1,3910,3909,3911,-1,3912,3910,3913,-1,3913,3910,3911,-1,3912,3913,3914,-1,3912,3914,3915,-1,3915,3914,3916,-1,3915,3916,3917,-1,3917,3916,3918,-1,3917,3918,3919,-1,3919,3918,3920,-1,3919,3920,3921,-1,3922,3921,3923,-1,3923,3921,3920,-1,3922,3923,3924,-1,3922,3924,3925,-1,3925,3924,3926,-1,3925,3926,3927,-1,3927,3926,3928,-1,3927,3928,3929,-1,3930,3929,3931,-1,3931,3929,3928,-1,3930,3931,3932,-1,3932,3931,3933,-1,3932,3933,3934,-1,3934,3933,3935,-1,3936,3934,3937,-1,3937,3934,3935,-1,3936,3937,3938,-1,3936,3938,3939,-1,3939,3938,3940,-1,3939,3940,3941,-1,3941,3940,3942,-1,3941,3942,3943,-1,3943,3942,3944,-1,3943,3944,3945,-1,3945,3944,3946,-1,3945,3946,3947,-1,3947,3946,3948,-1,3947,3948,3949,-1,3949,3948,3950,-1,3950,3948,3951,-1,3950,3951,3952,-1,3952,3951,3953,-1,3952,3953,3954,-1,3954,3953,3955,-1,3954,3955,3956,-1,3956,3955,3957,-1,3956,3957,3958,-1,3958,3957,3959,-1,3958,3959,3829,-1,3829,3959,3831,-1,3828,3838,3829,-1,3829,3838,3839,-1,3829,3839,3958,-1,3958,3839,3841,-1,3958,3841,3956,-1,3956,3841,3843,-1,3956,3843,3954,-1,3954,3843,3845,-1,3954,3845,3952,-1,3952,3845,3847,-1,3952,3847,3950,-1,3950,3847,3849,-1,3950,3849,3949,-1,3949,3849,3851,-1,3949,3851,3947,-1,3947,3851,3852,-1,3947,3852,3945,-1,3945,3852,3854,-1,3945,3854,3943,-1,3943,3854,3856,-1,3943,3856,3941,-1,3941,3856,3858,-1,3941,3858,3939,-1,3939,3858,3860,-1,3939,3860,3936,-1,3936,3860,3862,-1,3936,3862,3934,-1,3934,3862,3864,-1,3934,3864,3932,-1,3864,3867,3932,-1,3932,3867,3869,-1,3932,3869,3930,-1,3930,3869,3871,-1,3930,3871,3929,-1,3929,3871,3872,-1,3929,3872,3927,-1,3927,3872,3874,-1,3927,3874,3925,-1,3925,3874,3876,-1,3898,3900,3897,-1,3897,3900,3902,-1,3897,3902,3895,-1,3895,3902,3904,-1,3895,3904,3893,-1,3893,3904,3906,-1,3893,3906,3891,-1,3891,3906,3908,-1,3891,3908,3888,-1,3888,3908,3910,-1,3888,3910,3886,-1,3886,3910,3912,-1,3886,3912,3884,-1,3884,3912,3915,-1,3884,3915,3882,-1,3882,3915,3917,-1,3882,3917,3880,-1,3880,3917,3919,-1,3880,3919,3878,-1,3878,3919,3921,-1,3878,3921,3876,-1,3876,3921,3922,-1,3876,3922,3925,-1,3875,3873,3928,-1,3928,3873,3931,-1,3873,3870,3931,-1,3931,3870,3868,-1,3931,3868,3933,-1,3933,3868,3866,-1,3933,3866,3935,-1,3935,3866,3865,-1,3935,3865,3937,-1,3937,3865,3863,-1,3937,3863,3938,-1,3938,3863,3861,-1,3938,3861,3940,-1,3940,3861,3859,-1,3940,3859,3942,-1,3942,3859,3857,-1,3942,3857,3944,-1,3944,3857,3855,-1,3944,3855,3946,-1,3946,3855,3853,-1,3946,3853,3948,-1,3948,3853,3850,-1,3948,3850,3951,-1,3951,3850,3848,-1,3951,3848,3953,-1,3953,3848,3846,-1,3953,3846,3955,-1,3955,3846,3844,-1,3955,3844,3957,-1,3957,3844,3842,-1,3957,3842,3959,-1,3959,3842,3840,-1,3959,3840,3831,-1,3831,3840,3837,-1,3831,3837,3830,-1,3830,3837,3836,-1,3901,3899,3903,-1,3903,3899,3896,-1,3903,3896,3905,-1,3905,3896,3894,-1,3905,3894,3907,-1,3907,3894,3892,-1,3907,3892,3909,-1,3909,3892,3890,-1,3909,3890,3911,-1,3911,3890,3889,-1,3911,3889,3913,-1,3913,3889,3887,-1,3913,3887,3914,-1,3914,3887,3885,-1,3914,3885,3916,-1,3916,3885,3883,-1,3916,3883,3918,-1,3918,3883,3881,-1,3918,3881,3920,-1,3920,3881,3879,-1,3920,3879,3923,-1,3923,3879,3877,-1,3923,3877,3924,-1,3924,3877,3875,-1,3924,3875,3926,-1,3926,3875,3928,-1,3838,3835,3836,-1,3836,3835,3833,-1,3828,3834,3838,-1,3838,3834,3835,-1,3832,3830,3833,-1,3833,3830,3836,-1,3830,3832,3828,-1,3828,3832,3834,-1,3960,3961,3962,-1,3962,3961,3963,-1,3964,3965,3966,-1,3966,3965,3967,-1,3968,3969,3970,-1,3970,3969,3971,-1,3971,3969,3972,-1,3971,3972,3973,-1,3973,3972,3974,-1,3973,3974,3975,-1,3975,3974,3976,-1,3975,3976,3977,-1,3977,3976,3978,-1,3977,3978,3979,-1,3979,3978,3980,-1,3979,3980,3981,-1,3981,3980,3982,-1,3981,3982,3983,-1,3983,3982,3984,-1,3984,3982,3985,-1,3984,3985,3986,-1,3986,3985,3987,-1,3986,3987,3988,-1,3988,3987,3989,-1,3988,3989,3990,-1,3990,3989,3991,-1,3990,3991,3992,-1,3992,3991,3993,-1,3992,3993,3994,-1,3994,3993,3995,-1,3996,3994,3997,-1,3997,3994,3995,-1,3996,3997,3998,-1,3996,3998,3999,-1,3999,3998,4000,-1,3999,4000,4001,-1,4001,4000,4002,-1,4001,4002,4003,-1,4004,4003,4005,-1,4005,4003,4002,-1,4004,4005,4006,-1,4006,4005,4007,-1,4006,4007,4008,-1,4008,4007,4009,-1,4010,4008,4011,-1,4011,4008,4009,-1,4010,4011,4012,-1,4012,4011,4013,-1,4012,4013,4014,-1,4014,4013,4015,-1,4014,4015,4016,-1,4016,4015,4017,-1,4016,4017,4018,-1,4018,4017,4019,-1,4020,4018,4021,-1,4021,4018,4019,-1,4020,4021,4022,-1,4020,4022,4023,-1,4023,4022,4024,-1,4023,4024,4025,-1,4025,4024,4026,-1,4025,4026,4027,-1,4027,4026,4028,-1,4027,4028,4029,-1,4030,4029,4031,-1,4031,4029,4028,-1,4032,4030,4033,-1,4033,4030,4031,-1,4034,4032,4035,-1,4035,4032,4033,-1,4034,4035,4036,-1,4036,4035,4037,-1,4036,4037,4038,-1,4038,4037,4039,-1,4038,4039,4040,-1,4040,4039,4041,-1,4040,4041,4042,-1,4042,4041,4043,-1,4044,4042,4045,-1,4045,4042,4043,-1,4044,4045,4046,-1,4044,4046,4047,-1,4047,4046,4048,-1,4047,4048,4049,-1,4049,4048,4050,-1,4049,4050,4051,-1,4051,4050,4052,-1,4051,4052,4053,-1,4054,4053,4055,-1,4055,4053,4052,-1,4054,4055,4056,-1,4054,4056,4057,-1,4057,4056,4058,-1,4057,4058,4059,-1,4059,4058,4060,-1,4059,4060,4061,-1,4062,4061,4063,-1,4063,4061,4060,-1,4062,4063,4064,-1,4064,4063,4065,-1,4064,4065,4066,-1,4066,4065,4067,-1,4068,4066,4069,-1,4069,4066,4067,-1,4068,4069,4070,-1,4068,4070,4071,-1,4071,4070,4072,-1,4071,4072,4073,-1,4073,4072,4074,-1,4073,4074,4075,-1,4075,4074,4076,-1,4075,4076,4077,-1,4077,4076,4078,-1,4077,4078,4079,-1,4079,4078,4080,-1,4079,4080,4081,-1,4081,4080,4082,-1,4082,4080,4083,-1,4082,4083,4084,-1,4084,4083,4085,-1,4084,4085,4086,-1,4086,4085,4087,-1,4086,4087,4088,-1,4088,4087,4089,-1,4088,4089,4090,-1,4090,4089,4091,-1,4090,4091,3961,-1,3961,4091,3963,-1,3960,3970,3961,-1,3961,3970,3971,-1,3961,3971,4090,-1,4090,3971,3973,-1,4090,3973,4088,-1,4088,3973,3975,-1,4088,3975,4086,-1,4086,3975,3977,-1,4086,3977,4084,-1,4084,3977,3979,-1,4084,3979,4082,-1,4082,3979,3981,-1,4082,3981,4081,-1,4081,3981,3983,-1,4081,3983,4079,-1,4079,3983,3984,-1,4079,3984,4077,-1,4077,3984,3986,-1,4077,3986,4075,-1,4075,3986,3988,-1,4075,3988,4073,-1,4073,3988,3990,-1,4073,3990,4071,-1,4071,3990,3992,-1,4071,3992,4068,-1,4068,3992,3994,-1,4068,3994,4066,-1,4066,3994,3996,-1,4066,3996,4064,-1,3996,3999,4064,-1,4064,3999,4001,-1,4064,4001,4062,-1,4062,4001,4003,-1,4062,4003,4061,-1,4061,4003,4004,-1,4061,4004,4059,-1,4059,4004,4006,-1,4059,4006,4057,-1,4057,4006,4008,-1,4030,4032,4029,-1,4029,4032,4034,-1,4029,4034,4027,-1,4027,4034,4036,-1,4027,4036,4025,-1,4025,4036,4038,-1,4025,4038,4023,-1,4023,4038,4040,-1,4023,4040,4020,-1,4020,4040,4042,-1,4020,4042,4018,-1,4018,4042,4044,-1,4018,4044,4016,-1,4016,4044,4047,-1,4016,4047,4014,-1,4014,4047,4049,-1,4014,4049,4012,-1,4012,4049,4051,-1,4012,4051,4010,-1,4010,4051,4053,-1,4010,4053,4008,-1,4008,4053,4054,-1,4008,4054,4057,-1,4007,4005,4060,-1,4060,4005,4063,-1,4005,4002,4063,-1,4063,4002,4000,-1,4063,4000,4065,-1,4065,4000,3998,-1,4065,3998,4067,-1,4067,3998,3997,-1,4067,3997,4069,-1,4069,3997,3995,-1,4069,3995,4070,-1,4070,3995,3993,-1,4070,3993,4072,-1,4072,3993,3991,-1,4072,3991,4074,-1,4074,3991,3989,-1,4074,3989,4076,-1,4076,3989,3987,-1,4076,3987,4078,-1,4078,3987,3985,-1,4078,3985,4080,-1,4080,3985,3982,-1,4080,3982,4083,-1,4083,3982,3980,-1,4083,3980,4085,-1,4085,3980,3978,-1,4085,3978,4087,-1,4087,3978,3976,-1,4087,3976,4089,-1,4089,3976,3974,-1,4089,3974,4091,-1,4091,3974,3972,-1,4091,3972,3963,-1,3963,3972,3969,-1,3963,3969,3962,-1,3962,3969,3968,-1,4033,4031,4035,-1,4035,4031,4028,-1,4035,4028,4037,-1,4037,4028,4026,-1,4037,4026,4039,-1,4039,4026,4024,-1,4039,4024,4041,-1,4041,4024,4022,-1,4041,4022,4043,-1,4043,4022,4021,-1,4043,4021,4045,-1,4045,4021,4019,-1,4045,4019,4046,-1,4046,4019,4017,-1,4046,4017,4048,-1,4048,4017,4015,-1,4048,4015,4050,-1,4050,4015,4013,-1,4050,4013,4052,-1,4052,4013,4011,-1,4052,4011,4055,-1,4055,4011,4009,-1,4055,4009,4056,-1,4056,4009,4007,-1,4056,4007,4058,-1,4058,4007,4060,-1,3970,3967,3968,-1,3968,3967,3965,-1,3960,3966,3970,-1,3970,3966,3967,-1,3964,3962,3965,-1,3965,3962,3968,-1,3962,3964,3960,-1,3960,3964,3966,-1,4092,4093,4094,-1,4094,4093,4095,-1,4096,4097,4098,-1,4098,4097,4099,-1,4100,4101,4102,-1,4102,4101,4103,-1,4103,4101,4104,-1,4103,4104,4105,-1,4105,4104,4106,-1,4105,4106,4107,-1,4107,4106,4108,-1,4107,4108,4109,-1,4109,4108,4110,-1,4109,4110,4111,-1,4111,4110,4112,-1,4111,4112,4113,-1,4113,4112,4114,-1,4113,4114,4115,-1,4115,4114,4116,-1,4116,4114,4117,-1,4116,4117,4118,-1,4118,4117,4119,-1,4118,4119,4120,-1,4120,4119,4121,-1,4120,4121,4122,-1,4122,4121,4123,-1,4122,4123,4124,-1,4124,4123,4125,-1,4124,4125,4126,-1,4126,4125,4127,-1,4128,4126,4129,-1,4129,4126,4127,-1,4128,4129,4130,-1,4128,4130,4131,-1,4131,4130,4132,-1,4131,4132,4133,-1,4133,4132,4134,-1,4133,4134,4135,-1,4136,4135,4137,-1,4137,4135,4134,-1,4136,4137,4138,-1,4138,4137,4139,-1,4138,4139,4140,-1,4140,4139,4141,-1,4142,4140,4143,-1,4143,4140,4141,-1,4142,4143,4144,-1,4144,4143,4145,-1,4144,4145,4146,-1,4146,4145,4147,-1,4146,4147,4148,-1,4148,4147,4149,-1,4148,4149,4150,-1,4150,4149,4151,-1,4152,4150,4153,-1,4153,4150,4151,-1,4152,4153,4154,-1,4152,4154,4155,-1,4155,4154,4156,-1,4155,4156,4157,-1,4157,4156,4158,-1,4157,4158,4159,-1,4159,4158,4160,-1,4159,4160,4161,-1,4162,4161,4163,-1,4163,4161,4160,-1,4164,4162,4165,-1,4165,4162,4163,-1,4166,4164,4167,-1,4167,4164,4165,-1,4166,4167,4168,-1,4168,4167,4169,-1,4168,4169,4170,-1,4170,4169,4171,-1,4170,4171,4172,-1,4172,4171,4173,-1,4172,4173,4174,-1,4174,4173,4175,-1,4176,4174,4177,-1,4177,4174,4175,-1,4176,4177,4178,-1,4176,4178,4179,-1,4179,4178,4180,-1,4179,4180,4181,-1,4181,4180,4182,-1,4181,4182,4183,-1,4183,4182,4184,-1,4183,4184,4185,-1,4186,4185,4187,-1,4187,4185,4184,-1,4186,4187,4188,-1,4186,4188,4189,-1,4189,4188,4190,-1,4189,4190,4191,-1,4191,4190,4192,-1,4191,4192,4193,-1,4194,4193,4195,-1,4195,4193,4192,-1,4194,4195,4196,-1,4196,4195,4197,-1,4196,4197,4198,-1,4198,4197,4199,-1,4200,4198,4201,-1,4201,4198,4199,-1,4200,4201,4202,-1,4200,4202,4203,-1,4203,4202,4204,-1,4203,4204,4205,-1,4205,4204,4206,-1,4205,4206,4207,-1,4207,4206,4208,-1,4207,4208,4209,-1,4209,4208,4210,-1,4209,4210,4211,-1,4211,4210,4212,-1,4211,4212,4213,-1,4213,4212,4214,-1,4214,4212,4215,-1,4214,4215,4216,-1,4216,4215,4217,-1,4216,4217,4218,-1,4218,4217,4219,-1,4218,4219,4220,-1,4220,4219,4221,-1,4220,4221,4222,-1,4222,4221,4223,-1,4222,4223,4093,-1,4093,4223,4095,-1,4092,4102,4093,-1,4093,4102,4103,-1,4093,4103,4222,-1,4222,4103,4105,-1,4222,4105,4220,-1,4220,4105,4107,-1,4220,4107,4218,-1,4218,4107,4109,-1,4218,4109,4216,-1,4216,4109,4111,-1,4216,4111,4214,-1,4214,4111,4113,-1,4214,4113,4213,-1,4213,4113,4115,-1,4213,4115,4211,-1,4211,4115,4116,-1,4211,4116,4209,-1,4209,4116,4118,-1,4209,4118,4207,-1,4207,4118,4120,-1,4207,4120,4205,-1,4205,4120,4122,-1,4205,4122,4203,-1,4203,4122,4124,-1,4203,4124,4200,-1,4200,4124,4126,-1,4200,4126,4198,-1,4198,4126,4128,-1,4198,4128,4196,-1,4128,4131,4196,-1,4196,4131,4133,-1,4196,4133,4194,-1,4194,4133,4135,-1,4194,4135,4193,-1,4193,4135,4136,-1,4193,4136,4191,-1,4191,4136,4138,-1,4191,4138,4189,-1,4189,4138,4140,-1,4162,4164,4161,-1,4161,4164,4166,-1,4161,4166,4159,-1,4159,4166,4168,-1,4159,4168,4157,-1,4157,4168,4170,-1,4157,4170,4155,-1,4155,4170,4172,-1,4155,4172,4152,-1,4152,4172,4174,-1,4152,4174,4150,-1,4150,4174,4176,-1,4150,4176,4148,-1,4148,4176,4179,-1,4148,4179,4146,-1,4146,4179,4181,-1,4146,4181,4144,-1,4144,4181,4183,-1,4144,4183,4142,-1,4142,4183,4185,-1,4142,4185,4140,-1,4140,4185,4186,-1,4140,4186,4189,-1,4139,4137,4192,-1,4192,4137,4195,-1,4137,4134,4195,-1,4195,4134,4132,-1,4195,4132,4197,-1,4197,4132,4130,-1,4197,4130,4199,-1,4199,4130,4129,-1,4199,4129,4201,-1,4201,4129,4127,-1,4201,4127,4202,-1,4202,4127,4125,-1,4202,4125,4204,-1,4204,4125,4123,-1,4204,4123,4206,-1,4206,4123,4121,-1,4206,4121,4208,-1,4208,4121,4119,-1,4208,4119,4210,-1,4210,4119,4117,-1,4210,4117,4212,-1,4212,4117,4114,-1,4212,4114,4215,-1,4215,4114,4112,-1,4215,4112,4217,-1,4217,4112,4110,-1,4217,4110,4219,-1,4219,4110,4108,-1,4219,4108,4221,-1,4221,4108,4106,-1,4221,4106,4223,-1,4223,4106,4104,-1,4223,4104,4095,-1,4095,4104,4101,-1,4095,4101,4094,-1,4094,4101,4100,-1,4165,4163,4167,-1,4167,4163,4160,-1,4167,4160,4169,-1,4169,4160,4158,-1,4169,4158,4171,-1,4171,4158,4156,-1,4171,4156,4173,-1,4173,4156,4154,-1,4173,4154,4175,-1,4175,4154,4153,-1,4175,4153,4177,-1,4177,4153,4151,-1,4177,4151,4178,-1,4178,4151,4149,-1,4178,4149,4180,-1,4180,4149,4147,-1,4180,4147,4182,-1,4182,4147,4145,-1,4182,4145,4184,-1,4184,4145,4143,-1,4184,4143,4187,-1,4187,4143,4141,-1,4187,4141,4188,-1,4188,4141,4139,-1,4188,4139,4190,-1,4190,4139,4192,-1,4102,4099,4100,-1,4100,4099,4097,-1,4092,4098,4102,-1,4102,4098,4099,-1,4096,4094,4097,-1,4097,4094,4100,-1,4094,4096,4092,-1,4092,4096,4098,-1,4224,4225,4226,-1,4226,4225,4227,-1,4228,4229,4230,-1,4230,4229,4231,-1,4232,4233,4234,-1,4234,4233,4235,-1,4235,4233,4236,-1,4235,4236,4237,-1,4237,4236,4238,-1,4237,4238,4239,-1,4239,4238,4240,-1,4239,4240,4241,-1,4241,4240,4242,-1,4241,4242,4243,-1,4243,4242,4244,-1,4243,4244,4245,-1,4245,4244,4246,-1,4245,4246,4247,-1,4247,4246,4248,-1,4248,4246,4249,-1,4248,4249,4250,-1,4250,4249,4251,-1,4250,4251,4252,-1,4252,4251,4253,-1,4252,4253,4254,-1,4254,4253,4255,-1,4254,4255,4256,-1,4256,4255,4257,-1,4256,4257,4258,-1,4258,4257,4259,-1,4260,4258,4261,-1,4261,4258,4259,-1,4260,4261,4262,-1,4260,4262,4263,-1,4263,4262,4264,-1,4263,4264,4265,-1,4265,4264,4266,-1,4265,4266,4267,-1,4268,4267,4269,-1,4269,4267,4266,-1,4268,4269,4270,-1,4270,4269,4271,-1,4270,4271,4272,-1,4272,4271,4273,-1,4274,4272,4275,-1,4275,4272,4273,-1,4274,4275,4276,-1,4276,4275,4277,-1,4276,4277,4278,-1,4278,4277,4279,-1,4278,4279,4280,-1,4280,4279,4281,-1,4280,4281,4282,-1,4282,4281,4283,-1,4284,4282,4285,-1,4285,4282,4283,-1,4284,4285,4286,-1,4284,4286,4287,-1,4287,4286,4288,-1,4287,4288,4289,-1,4289,4288,4290,-1,4289,4290,4291,-1,4291,4290,4292,-1,4291,4292,4293,-1,4294,4293,4295,-1,4295,4293,4292,-1,4296,4294,4297,-1,4297,4294,4295,-1,4298,4296,4299,-1,4299,4296,4297,-1,4298,4299,4300,-1,4300,4299,4301,-1,4300,4301,4302,-1,4302,4301,4303,-1,4302,4303,4304,-1,4304,4303,4305,-1,4304,4305,4306,-1,4306,4305,4307,-1,4308,4306,4309,-1,4309,4306,4307,-1,4308,4309,4310,-1,4308,4310,4311,-1,4311,4310,4312,-1,4311,4312,4313,-1,4313,4312,4314,-1,4313,4314,4315,-1,4315,4314,4316,-1,4315,4316,4317,-1,4318,4317,4319,-1,4319,4317,4316,-1,4318,4319,4320,-1,4318,4320,4321,-1,4321,4320,4322,-1,4321,4322,4323,-1,4323,4322,4324,-1,4323,4324,4325,-1,4326,4325,4327,-1,4327,4325,4324,-1,4326,4327,4328,-1,4328,4327,4329,-1,4328,4329,4330,-1,4330,4329,4331,-1,4332,4330,4333,-1,4333,4330,4331,-1,4332,4333,4334,-1,4332,4334,4335,-1,4335,4334,4336,-1,4335,4336,4337,-1,4337,4336,4338,-1,4337,4338,4339,-1,4339,4338,4340,-1,4339,4340,4341,-1,4341,4340,4342,-1,4341,4342,4343,-1,4343,4342,4344,-1,4343,4344,4345,-1,4345,4344,4346,-1,4346,4344,4347,-1,4346,4347,4348,-1,4348,4347,4349,-1,4348,4349,4350,-1,4350,4349,4351,-1,4350,4351,4352,-1,4352,4351,4353,-1,4352,4353,4354,-1,4354,4353,4355,-1,4354,4355,4225,-1,4225,4355,4227,-1,4224,4234,4225,-1,4225,4234,4235,-1,4225,4235,4354,-1,4354,4235,4237,-1,4354,4237,4352,-1,4352,4237,4239,-1,4352,4239,4350,-1,4350,4239,4241,-1,4350,4241,4348,-1,4348,4241,4243,-1,4348,4243,4346,-1,4346,4243,4245,-1,4346,4245,4345,-1,4345,4245,4247,-1,4345,4247,4343,-1,4343,4247,4248,-1,4343,4248,4341,-1,4341,4248,4250,-1,4341,4250,4339,-1,4339,4250,4252,-1,4339,4252,4337,-1,4337,4252,4254,-1,4337,4254,4335,-1,4335,4254,4256,-1,4335,4256,4332,-1,4332,4256,4258,-1,4332,4258,4330,-1,4330,4258,4260,-1,4330,4260,4328,-1,4260,4263,4328,-1,4328,4263,4265,-1,4328,4265,4326,-1,4326,4265,4267,-1,4326,4267,4325,-1,4325,4267,4268,-1,4325,4268,4323,-1,4323,4268,4270,-1,4323,4270,4321,-1,4321,4270,4272,-1,4294,4296,4293,-1,4293,4296,4298,-1,4293,4298,4291,-1,4291,4298,4300,-1,4291,4300,4289,-1,4289,4300,4302,-1,4289,4302,4287,-1,4287,4302,4304,-1,4287,4304,4284,-1,4284,4304,4306,-1,4284,4306,4282,-1,4282,4306,4308,-1,4282,4308,4280,-1,4280,4308,4311,-1,4280,4311,4278,-1,4278,4311,4313,-1,4278,4313,4276,-1,4276,4313,4315,-1,4276,4315,4274,-1,4274,4315,4317,-1,4274,4317,4272,-1,4272,4317,4318,-1,4272,4318,4321,-1,4271,4269,4324,-1,4324,4269,4327,-1,4269,4266,4327,-1,4327,4266,4264,-1,4327,4264,4329,-1,4329,4264,4262,-1,4329,4262,4331,-1,4331,4262,4261,-1,4331,4261,4333,-1,4333,4261,4259,-1,4333,4259,4334,-1,4334,4259,4257,-1,4334,4257,4336,-1,4336,4257,4255,-1,4336,4255,4338,-1,4338,4255,4253,-1,4338,4253,4340,-1,4340,4253,4251,-1,4340,4251,4342,-1,4342,4251,4249,-1,4342,4249,4344,-1,4344,4249,4246,-1,4344,4246,4347,-1,4347,4246,4244,-1,4347,4244,4349,-1,4349,4244,4242,-1,4349,4242,4351,-1,4351,4242,4240,-1,4351,4240,4353,-1,4353,4240,4238,-1,4353,4238,4355,-1,4355,4238,4236,-1,4355,4236,4227,-1,4227,4236,4233,-1,4227,4233,4226,-1,4226,4233,4232,-1,4297,4295,4299,-1,4299,4295,4292,-1,4299,4292,4301,-1,4301,4292,4290,-1,4301,4290,4303,-1,4303,4290,4288,-1,4303,4288,4305,-1,4305,4288,4286,-1,4305,4286,4307,-1,4307,4286,4285,-1,4307,4285,4309,-1,4309,4285,4283,-1,4309,4283,4310,-1,4310,4283,4281,-1,4310,4281,4312,-1,4312,4281,4279,-1,4312,4279,4314,-1,4314,4279,4277,-1,4314,4277,4316,-1,4316,4277,4275,-1,4316,4275,4319,-1,4319,4275,4273,-1,4319,4273,4320,-1,4320,4273,4271,-1,4320,4271,4322,-1,4322,4271,4324,-1,4234,4231,4232,-1,4232,4231,4229,-1,4224,4230,4234,-1,4234,4230,4231,-1,4228,4226,4229,-1,4229,4226,4232,-1,4226,4228,4224,-1,4224,4228,4230,-1,4356,4357,4358,-1,4358,4357,4359,-1,4360,4361,4362,-1,4362,4361,4363,-1,4364,4365,4366,-1,4366,4365,4367,-1,4367,4365,4368,-1,4367,4368,4369,-1,4369,4368,4370,-1,4369,4370,4371,-1,4371,4370,4372,-1,4371,4372,4373,-1,4373,4372,4374,-1,4373,4374,4375,-1,4375,4374,4376,-1,4375,4376,4377,-1,4377,4376,4378,-1,4377,4378,4379,-1,4379,4378,4380,-1,4380,4378,4381,-1,4380,4381,4382,-1,4382,4381,4383,-1,4382,4383,4384,-1,4384,4383,4385,-1,4384,4385,4386,-1,4386,4385,4387,-1,4386,4387,4388,-1,4388,4387,4389,-1,4388,4389,4390,-1,4390,4389,4391,-1,4392,4390,4393,-1,4393,4390,4391,-1,4392,4393,4394,-1,4392,4394,4395,-1,4395,4394,4396,-1,4395,4396,4397,-1,4397,4396,4398,-1,4397,4398,4399,-1,4400,4399,4401,-1,4401,4399,4398,-1,4400,4401,4402,-1,4402,4401,4403,-1,4402,4403,4404,-1,4404,4403,4405,-1,4406,4404,4407,-1,4407,4404,4405,-1,4406,4407,4408,-1,4408,4407,4409,-1,4408,4409,4410,-1,4410,4409,4411,-1,4410,4411,4412,-1,4412,4411,4413,-1,4412,4413,4414,-1,4414,4413,4415,-1,4416,4414,4417,-1,4417,4414,4415,-1,4416,4417,4418,-1,4416,4418,4419,-1,4419,4418,4420,-1,4419,4420,4421,-1,4421,4420,4422,-1,4421,4422,4423,-1,4423,4422,4424,-1,4423,4424,4425,-1,4426,4425,4427,-1,4427,4425,4424,-1,4428,4426,4429,-1,4429,4426,4427,-1,4430,4428,4431,-1,4431,4428,4429,-1,4430,4431,4432,-1,4432,4431,4433,-1,4432,4433,4434,-1,4434,4433,4435,-1,4434,4435,4436,-1,4436,4435,4437,-1,4436,4437,4438,-1,4438,4437,4439,-1,4440,4438,4441,-1,4441,4438,4439,-1,4440,4441,4442,-1,4440,4442,4443,-1,4443,4442,4444,-1,4443,4444,4445,-1,4445,4444,4446,-1,4445,4446,4447,-1,4447,4446,4448,-1,4447,4448,4449,-1,4450,4449,4451,-1,4451,4449,4448,-1,4450,4451,4452,-1,4450,4452,4453,-1,4453,4452,4454,-1,4453,4454,4455,-1,4455,4454,4456,-1,4455,4456,4457,-1,4458,4457,4459,-1,4459,4457,4456,-1,4458,4459,4460,-1,4460,4459,4461,-1,4460,4461,4462,-1,4462,4461,4463,-1,4464,4462,4465,-1,4465,4462,4463,-1,4464,4465,4466,-1,4464,4466,4467,-1,4467,4466,4468,-1,4467,4468,4469,-1,4469,4468,4470,-1,4469,4470,4471,-1,4471,4470,4472,-1,4471,4472,4473,-1,4473,4472,4474,-1,4473,4474,4475,-1,4475,4474,4476,-1,4475,4476,4477,-1,4477,4476,4478,-1,4478,4476,4479,-1,4478,4479,4480,-1,4480,4479,4481,-1,4480,4481,4482,-1,4482,4481,4483,-1,4482,4483,4484,-1,4484,4483,4485,-1,4484,4485,4486,-1,4486,4485,4487,-1,4486,4487,4357,-1,4357,4487,4359,-1,4356,4366,4357,-1,4357,4366,4367,-1,4357,4367,4486,-1,4486,4367,4369,-1,4486,4369,4484,-1,4484,4369,4371,-1,4484,4371,4482,-1,4482,4371,4373,-1,4482,4373,4480,-1,4480,4373,4375,-1,4480,4375,4478,-1,4478,4375,4377,-1,4478,4377,4477,-1,4477,4377,4379,-1,4477,4379,4475,-1,4475,4379,4380,-1,4475,4380,4473,-1,4473,4380,4382,-1,4473,4382,4471,-1,4471,4382,4384,-1,4471,4384,4469,-1,4469,4384,4386,-1,4469,4386,4467,-1,4467,4386,4388,-1,4467,4388,4464,-1,4464,4388,4390,-1,4464,4390,4462,-1,4462,4390,4392,-1,4462,4392,4460,-1,4392,4395,4460,-1,4460,4395,4397,-1,4460,4397,4458,-1,4458,4397,4399,-1,4458,4399,4457,-1,4457,4399,4400,-1,4457,4400,4455,-1,4455,4400,4402,-1,4455,4402,4453,-1,4453,4402,4404,-1,4426,4428,4425,-1,4425,4428,4430,-1,4425,4430,4423,-1,4423,4430,4432,-1,4423,4432,4421,-1,4421,4432,4434,-1,4421,4434,4419,-1,4419,4434,4436,-1,4419,4436,4416,-1,4416,4436,4438,-1,4416,4438,4414,-1,4414,4438,4440,-1,4414,4440,4412,-1,4412,4440,4443,-1,4412,4443,4410,-1,4410,4443,4445,-1,4410,4445,4408,-1,4408,4445,4447,-1,4408,4447,4406,-1,4406,4447,4449,-1,4406,4449,4404,-1,4404,4449,4450,-1,4404,4450,4453,-1,4403,4401,4456,-1,4456,4401,4459,-1,4401,4398,4459,-1,4459,4398,4396,-1,4459,4396,4461,-1,4461,4396,4394,-1,4461,4394,4463,-1,4463,4394,4393,-1,4463,4393,4465,-1,4465,4393,4391,-1,4465,4391,4466,-1,4466,4391,4389,-1,4466,4389,4468,-1,4468,4389,4387,-1,4468,4387,4470,-1,4470,4387,4385,-1,4470,4385,4472,-1,4472,4385,4383,-1,4472,4383,4474,-1,4474,4383,4381,-1,4474,4381,4476,-1,4476,4381,4378,-1,4476,4378,4479,-1,4479,4378,4376,-1,4479,4376,4481,-1,4481,4376,4374,-1,4481,4374,4483,-1,4483,4374,4372,-1,4483,4372,4485,-1,4485,4372,4370,-1,4485,4370,4487,-1,4487,4370,4368,-1,4487,4368,4359,-1,4359,4368,4365,-1,4359,4365,4358,-1,4358,4365,4364,-1,4429,4427,4431,-1,4431,4427,4424,-1,4431,4424,4433,-1,4433,4424,4422,-1,4433,4422,4435,-1,4435,4422,4420,-1,4435,4420,4437,-1,4437,4420,4418,-1,4437,4418,4439,-1,4439,4418,4417,-1,4439,4417,4441,-1,4441,4417,4415,-1,4441,4415,4442,-1,4442,4415,4413,-1,4442,4413,4444,-1,4444,4413,4411,-1,4444,4411,4446,-1,4446,4411,4409,-1,4446,4409,4448,-1,4448,4409,4407,-1,4448,4407,4451,-1,4451,4407,4405,-1,4451,4405,4452,-1,4452,4405,4403,-1,4452,4403,4454,-1,4454,4403,4456,-1,4366,4363,4364,-1,4364,4363,4361,-1,4356,4362,4366,-1,4366,4362,4363,-1,4360,4358,4361,-1,4361,4358,4364,-1,4358,4360,4356,-1,4356,4360,4362,-1,4488,4489,4490,-1,4490,4489,4491,-1,4492,4493,4494,-1,4494,4493,4495,-1,4496,4497,4498,-1,4498,4497,4499,-1,4499,4497,4500,-1,4499,4500,4501,-1,4501,4500,4502,-1,4501,4502,4503,-1,4503,4502,4504,-1,4503,4504,4505,-1,4505,4504,4506,-1,4505,4506,4507,-1,4507,4506,4508,-1,4507,4508,4509,-1,4509,4508,4510,-1,4509,4510,4511,-1,4511,4510,4512,-1,4512,4510,4513,-1,4512,4513,4514,-1,4514,4513,4515,-1,4514,4515,4516,-1,4516,4515,4517,-1,4516,4517,4518,-1,4518,4517,4519,-1,4518,4519,4520,-1,4520,4519,4521,-1,4520,4521,4522,-1,4522,4521,4523,-1,4524,4522,4525,-1,4525,4522,4523,-1,4524,4525,4526,-1,4524,4526,4527,-1,4527,4526,4528,-1,4527,4528,4529,-1,4529,4528,4530,-1,4529,4530,4531,-1,4532,4531,4533,-1,4533,4531,4530,-1,4532,4533,4534,-1,4534,4533,4535,-1,4534,4535,4536,-1,4536,4535,4537,-1,4538,4536,4539,-1,4539,4536,4537,-1,4538,4539,4540,-1,4540,4539,4541,-1,4540,4541,4542,-1,4542,4541,4543,-1,4542,4543,4544,-1,4544,4543,4545,-1,4544,4545,4546,-1,4546,4545,4547,-1,4548,4546,4549,-1,4549,4546,4547,-1,4548,4549,4550,-1,4548,4550,4551,-1,4551,4550,4552,-1,4551,4552,4553,-1,4553,4552,4554,-1,4553,4554,4555,-1,4555,4554,4556,-1,4555,4556,4557,-1,4558,4557,4559,-1,4559,4557,4556,-1,4560,4558,4561,-1,4561,4558,4559,-1,4562,4560,4563,-1,4563,4560,4561,-1,4562,4563,4564,-1,4564,4563,4565,-1,4564,4565,4566,-1,4566,4565,4567,-1,4566,4567,4568,-1,4568,4567,4569,-1,4568,4569,4570,-1,4570,4569,4571,-1,4572,4570,4573,-1,4573,4570,4571,-1,4572,4573,4574,-1,4572,4574,4575,-1,4575,4574,4576,-1,4575,4576,4577,-1,4577,4576,4578,-1,4577,4578,4579,-1,4579,4578,4580,-1,4579,4580,4581,-1,4582,4581,4583,-1,4583,4581,4580,-1,4582,4583,4584,-1,4582,4584,4585,-1,4585,4584,4586,-1,4585,4586,4587,-1,4587,4586,4588,-1,4587,4588,4589,-1,4590,4589,4591,-1,4591,4589,4588,-1,4590,4591,4592,-1,4592,4591,4593,-1,4592,4593,4594,-1,4594,4593,4595,-1,4596,4594,4597,-1,4597,4594,4595,-1,4596,4597,4598,-1,4596,4598,4599,-1,4599,4598,4600,-1,4599,4600,4601,-1,4601,4600,4602,-1,4601,4602,4603,-1,4603,4602,4604,-1,4603,4604,4605,-1,4605,4604,4606,-1,4605,4606,4607,-1,4607,4606,4608,-1,4607,4608,4609,-1,4609,4608,4610,-1,4610,4608,4611,-1,4610,4611,4612,-1,4612,4611,4613,-1,4612,4613,4614,-1,4614,4613,4615,-1,4614,4615,4616,-1,4616,4615,4617,-1,4616,4617,4618,-1,4618,4617,4619,-1,4618,4619,4489,-1,4489,4619,4491,-1,4488,4498,4489,-1,4489,4498,4499,-1,4489,4499,4618,-1,4618,4499,4501,-1,4618,4501,4616,-1,4616,4501,4503,-1,4616,4503,4614,-1,4614,4503,4505,-1,4614,4505,4612,-1,4612,4505,4507,-1,4612,4507,4610,-1,4610,4507,4509,-1,4610,4509,4609,-1,4609,4509,4511,-1,4609,4511,4607,-1,4607,4511,4512,-1,4607,4512,4605,-1,4605,4512,4514,-1,4605,4514,4603,-1,4603,4514,4516,-1,4603,4516,4601,-1,4601,4516,4518,-1,4601,4518,4599,-1,4599,4518,4520,-1,4599,4520,4596,-1,4596,4520,4522,-1,4596,4522,4594,-1,4594,4522,4524,-1,4594,4524,4592,-1,4524,4527,4592,-1,4592,4527,4529,-1,4592,4529,4590,-1,4590,4529,4531,-1,4590,4531,4589,-1,4589,4531,4532,-1,4589,4532,4587,-1,4587,4532,4534,-1,4587,4534,4585,-1,4585,4534,4536,-1,4558,4560,4557,-1,4557,4560,4562,-1,4557,4562,4555,-1,4555,4562,4564,-1,4555,4564,4553,-1,4553,4564,4566,-1,4553,4566,4551,-1,4551,4566,4568,-1,4551,4568,4548,-1,4548,4568,4570,-1,4548,4570,4546,-1,4546,4570,4572,-1,4546,4572,4544,-1,4544,4572,4575,-1,4544,4575,4542,-1,4542,4575,4577,-1,4542,4577,4540,-1,4540,4577,4579,-1,4540,4579,4538,-1,4538,4579,4581,-1,4538,4581,4536,-1,4536,4581,4582,-1,4536,4582,4585,-1,4535,4533,4588,-1,4588,4533,4591,-1,4533,4530,4591,-1,4591,4530,4528,-1,4591,4528,4593,-1,4593,4528,4526,-1,4593,4526,4595,-1,4595,4526,4525,-1,4595,4525,4597,-1,4597,4525,4523,-1,4597,4523,4598,-1,4598,4523,4521,-1,4598,4521,4600,-1,4600,4521,4519,-1,4600,4519,4602,-1,4602,4519,4517,-1,4602,4517,4604,-1,4604,4517,4515,-1,4604,4515,4606,-1,4606,4515,4513,-1,4606,4513,4608,-1,4608,4513,4510,-1,4608,4510,4611,-1,4611,4510,4508,-1,4611,4508,4613,-1,4613,4508,4506,-1,4613,4506,4615,-1,4615,4506,4504,-1,4615,4504,4617,-1,4617,4504,4502,-1,4617,4502,4619,-1,4619,4502,4500,-1,4619,4500,4491,-1,4491,4500,4497,-1,4491,4497,4490,-1,4490,4497,4496,-1,4561,4559,4563,-1,4563,4559,4556,-1,4563,4556,4565,-1,4565,4556,4554,-1,4565,4554,4567,-1,4567,4554,4552,-1,4567,4552,4569,-1,4569,4552,4550,-1,4569,4550,4571,-1,4571,4550,4549,-1,4571,4549,4573,-1,4573,4549,4547,-1,4573,4547,4574,-1,4574,4547,4545,-1,4574,4545,4576,-1,4576,4545,4543,-1,4576,4543,4578,-1,4578,4543,4541,-1,4578,4541,4580,-1,4580,4541,4539,-1,4580,4539,4583,-1,4583,4539,4537,-1,4583,4537,4584,-1,4584,4537,4535,-1,4584,4535,4586,-1,4586,4535,4588,-1,4498,4495,4496,-1,4496,4495,4493,-1,4488,4494,4498,-1,4498,4494,4495,-1,4492,4490,4493,-1,4493,4490,4496,-1,4490,4492,4488,-1,4488,4492,4494,-1,4620,4621,4622,-1,4622,4621,4623,-1,4624,4625,4626,-1,4626,4625,4627,-1,4628,4629,4630,-1,4630,4629,4631,-1,4631,4629,4632,-1,4631,4632,4633,-1,4633,4632,4634,-1,4633,4634,4635,-1,4635,4634,4636,-1,4635,4636,4637,-1,4637,4636,4638,-1,4637,4638,4639,-1,4639,4638,4640,-1,4639,4640,4641,-1,4641,4640,4642,-1,4641,4642,4643,-1,4643,4642,4644,-1,4644,4642,4645,-1,4644,4645,4646,-1,4646,4645,4647,-1,4646,4647,4648,-1,4648,4647,4649,-1,4648,4649,4650,-1,4650,4649,4651,-1,4650,4651,4652,-1,4652,4651,4653,-1,4652,4653,4654,-1,4654,4653,4655,-1,4656,4654,4657,-1,4657,4654,4655,-1,4656,4657,4658,-1,4656,4658,4659,-1,4659,4658,4660,-1,4659,4660,4661,-1,4661,4660,4662,-1,4661,4662,4663,-1,4664,4663,4665,-1,4665,4663,4662,-1,4664,4665,4666,-1,4666,4665,4667,-1,4666,4667,4668,-1,4668,4667,4669,-1,4670,4668,4671,-1,4671,4668,4669,-1,4670,4671,4672,-1,4672,4671,4673,-1,4672,4673,4674,-1,4674,4673,4675,-1,4674,4675,4676,-1,4676,4675,4677,-1,4676,4677,4678,-1,4678,4677,4679,-1,4680,4678,4681,-1,4681,4678,4679,-1,4680,4681,4682,-1,4680,4682,4683,-1,4683,4682,4684,-1,4683,4684,4685,-1,4685,4684,4686,-1,4685,4686,4687,-1,4687,4686,4688,-1,4687,4688,4689,-1,4690,4689,4691,-1,4691,4689,4688,-1,4692,4690,4693,-1,4693,4690,4691,-1,4694,4692,4695,-1,4695,4692,4693,-1,4694,4695,4696,-1,4696,4695,4697,-1,4696,4697,4698,-1,4698,4697,4699,-1,4698,4699,4700,-1,4700,4699,4701,-1,4700,4701,4702,-1,4702,4701,4703,-1,4704,4702,4705,-1,4705,4702,4703,-1,4704,4705,4706,-1,4704,4706,4707,-1,4707,4706,4708,-1,4707,4708,4709,-1,4709,4708,4710,-1,4709,4710,4711,-1,4711,4710,4712,-1,4711,4712,4713,-1,4714,4713,4715,-1,4715,4713,4712,-1,4714,4715,4716,-1,4714,4716,4717,-1,4717,4716,4718,-1,4717,4718,4719,-1,4719,4718,4720,-1,4719,4720,4721,-1,4722,4721,4723,-1,4723,4721,4720,-1,4722,4723,4724,-1,4724,4723,4725,-1,4724,4725,4726,-1,4726,4725,4727,-1,4728,4726,4729,-1,4729,4726,4727,-1,4728,4729,4730,-1,4728,4730,4731,-1,4731,4730,4732,-1,4731,4732,4733,-1,4733,4732,4734,-1,4733,4734,4735,-1,4735,4734,4736,-1,4735,4736,4737,-1,4737,4736,4738,-1,4737,4738,4739,-1,4739,4738,4740,-1,4739,4740,4741,-1,4741,4740,4742,-1,4742,4740,4743,-1,4742,4743,4744,-1,4744,4743,4745,-1,4744,4745,4746,-1,4746,4745,4747,-1,4746,4747,4748,-1,4748,4747,4749,-1,4748,4749,4750,-1,4750,4749,4751,-1,4750,4751,4621,-1,4621,4751,4623,-1,4620,4630,4621,-1,4621,4630,4631,-1,4621,4631,4750,-1,4750,4631,4633,-1,4750,4633,4748,-1,4748,4633,4635,-1,4748,4635,4746,-1,4746,4635,4637,-1,4746,4637,4744,-1,4744,4637,4639,-1,4744,4639,4742,-1,4742,4639,4641,-1,4742,4641,4741,-1,4741,4641,4643,-1,4741,4643,4739,-1,4739,4643,4644,-1,4739,4644,4737,-1,4737,4644,4646,-1,4737,4646,4735,-1,4735,4646,4648,-1,4735,4648,4733,-1,4733,4648,4650,-1,4733,4650,4731,-1,4731,4650,4652,-1,4731,4652,4728,-1,4728,4652,4654,-1,4728,4654,4726,-1,4726,4654,4656,-1,4726,4656,4724,-1,4656,4659,4724,-1,4724,4659,4661,-1,4724,4661,4722,-1,4722,4661,4663,-1,4722,4663,4721,-1,4721,4663,4664,-1,4721,4664,4719,-1,4719,4664,4666,-1,4719,4666,4717,-1,4717,4666,4668,-1,4690,4692,4689,-1,4689,4692,4694,-1,4689,4694,4687,-1,4687,4694,4696,-1,4687,4696,4685,-1,4685,4696,4698,-1,4685,4698,4683,-1,4683,4698,4700,-1,4683,4700,4680,-1,4680,4700,4702,-1,4680,4702,4678,-1,4678,4702,4704,-1,4678,4704,4676,-1,4676,4704,4707,-1,4676,4707,4674,-1,4674,4707,4709,-1,4674,4709,4672,-1,4672,4709,4711,-1,4672,4711,4670,-1,4670,4711,4713,-1,4670,4713,4668,-1,4668,4713,4714,-1,4668,4714,4717,-1,4667,4665,4720,-1,4720,4665,4723,-1,4665,4662,4723,-1,4723,4662,4660,-1,4723,4660,4725,-1,4725,4660,4658,-1,4725,4658,4727,-1,4727,4658,4657,-1,4727,4657,4729,-1,4729,4657,4655,-1,4729,4655,4730,-1,4730,4655,4653,-1,4730,4653,4732,-1,4732,4653,4651,-1,4732,4651,4734,-1,4734,4651,4649,-1,4734,4649,4736,-1,4736,4649,4647,-1,4736,4647,4738,-1,4738,4647,4645,-1,4738,4645,4740,-1,4740,4645,4642,-1,4740,4642,4743,-1,4743,4642,4640,-1,4743,4640,4745,-1,4745,4640,4638,-1,4745,4638,4747,-1,4747,4638,4636,-1,4747,4636,4749,-1,4749,4636,4634,-1,4749,4634,4751,-1,4751,4634,4632,-1,4751,4632,4623,-1,4623,4632,4629,-1,4623,4629,4622,-1,4622,4629,4628,-1,4693,4691,4695,-1,4695,4691,4688,-1,4695,4688,4697,-1,4697,4688,4686,-1,4697,4686,4699,-1,4699,4686,4684,-1,4699,4684,4701,-1,4701,4684,4682,-1,4701,4682,4703,-1,4703,4682,4681,-1,4703,4681,4705,-1,4705,4681,4679,-1,4705,4679,4706,-1,4706,4679,4677,-1,4706,4677,4708,-1,4708,4677,4675,-1,4708,4675,4710,-1,4710,4675,4673,-1,4710,4673,4712,-1,4712,4673,4671,-1,4712,4671,4715,-1,4715,4671,4669,-1,4715,4669,4716,-1,4716,4669,4667,-1,4716,4667,4718,-1,4718,4667,4720,-1,4630,4627,4628,-1,4628,4627,4625,-1,4620,4626,4630,-1,4630,4626,4627,-1,4624,4622,4625,-1,4625,4622,4628,-1,4622,4624,4620,-1,4620,4624,4626,-1,
        ]
    }
}