#VRML V2.0 utf8
# 3D model generated by easyeda2kicad.py (https://github.com/uPesy/easyeda2kicad.py)

Shape{
    appearance Appearance {
        material  Material 	{
            diffuseColor 0.17647058823529413 0.17647058823529413 0.17647058823529413
            specularColor 0.011764705882352941 0.011764705882352941 0.011764705882352941
            ambientIntensity 0.251
            transparency 0.0
            shininess 0.5
        }
    }
    geometry IndexedFaceSet {
        ccw TRUE
        solid FALSE
        coord DEF co Coordinate {
            point [
                -5.4528 -0.3857 0.1575, -5.4528 -0.3857 0.3543, -5.4882 -0.3655 0.3543, -5.072 0.3921 0.1575, -5.0591 0.3857 0.1575, -5.0227 0.3649 -1.5748, -5.0591 0.3857 0.3543, -4.9803 0.3341 0.3543, -4.9803 0.3341 -1.5748, -5.0735 0.389 -1.5748, -5.1209 0.4115 -1.5748, -5.1752 0.4255 0.1575, -5.1759 0.4221 -1.5748, -5.2277 0.4321 -1.5748, -5.2835 0.4322 0.1575, -5.2833 0.4288 -1.5748, -5.3362 0.4256 -1.5748, -5.39 0.4118 0.1575, -5.4882 0.3655 0.3543, -5.4528 0.3857 0.3543, -5.4528 0.3857 0.1575, -5.3362 -0.4256 -1.5748, -5.2835 -0.4322 0.1575, -5.39 -0.4118 0.1575, -5.2833 -0.4288 -1.5748, -5.2277 -0.4321 -1.5748, -5.1752 -0.4255 0.1575, -5.1759 -0.4221 -1.5748, -5.1209 -0.4115 -1.5748, -5.072 -0.3921 0.1575, -4.9803 -0.3341 0.3543, -5.0591 -0.3857 0.3543, -5.0591 -0.3857 0.1575, -5.0735 -0.389 -1.5748, -5.0227 -0.3649 -1.5748, -4.9803 -0.3341 -1.5748, -5.5717 -0.2963 0.3543, -5.5315 -0.334 -1.5748, -5.4863 -0.3626 -1.5748, -5.4396 -0.3922 -1.5748, -5.389 -0.4085 -1.5748, -5.6355 -0.2085 0.3543, -5.606 -0.2549 -1.5748, -5.5692 -0.294 -1.5748, -5.6754 -0.1076 0.3543, -5.6585 -0.1597 -1.5748, -5.6325 -0.2069 -1.5748, -5.689 0.0 0.3543, -5.6856 -0.0544 -1.5748, -5.6721 -0.1068 -1.5748, -5.6754 0.1076 0.3543, -5.6856 0.0544 -1.5748, -5.6856 0.0 -1.5748, -5.6355 0.2085 0.3543, -5.6585 0.1597 -1.5748, -5.6721 0.1068 -1.5748, -5.5717 0.2963 0.3543, -5.606 0.2549 -1.5748, -5.6325 0.2069 -1.5748, -5.389 0.4085 -1.5748, -5.4396 0.3922 -1.5748, -5.4863 0.3626 -1.5748, -5.5315 0.3341 -1.5748, -5.5692 0.294 -1.5748, -4.9803 0.1615 -1.7716, -4.9803 -0.1615 -1.7716, -5.0223 0.2178 -1.7716, -5.0223 -0.2178 -1.7716, -5.0839 0.2691 -1.7716, -5.3151 -0.3139 -1.7716, -5.3914 -0.2892 -1.7716, -5.4592 -0.2464 -1.7716, -5.5728 0.0401 -1.7716, -5.5528 0.1178 -1.7716, -5.5141 0.188 -1.7716, -5.4592 0.2464 -1.7716, -5.3914 0.2892 -1.7716, -5.3151 0.3139 -1.7716, -5.2351 0.3187 -1.7716, -5.1563 0.3035 -1.7716, -5.5528 -0.1178 -1.7716, -5.0839 -0.2691 -1.7716, -5.1563 -0.3035 -1.7716, -5.5728 -0.0401 -1.7716, -5.5141 -0.188 -1.7716, -5.2351 -0.3187 -1.7716, -4.9803 0.2569 -1.6723, -4.9803 -0.2569 -1.6723, -5.4528 1.1417 -0.0394, -5.4528 0.8661 -0.0394, -5.4528 1.1417 0.3543, -5.4528 0.8661 0.1575, -5.4528 0.4626 0.3543, -5.4528 -1.1417 -0.0394, -5.4528 -1.1417 0.3543, -5.4528 -1.0404 0.3543, -5.4528 -0.8661 -0.0394, -5.4528 -0.8661 0.1575, -5.4528 -0.4626 0.3543, -5.0591 -1.0404 0.3543, -5.0591 -1.1417 0.3543, -5.0591 -0.8661 0.1575, -5.0591 -1.1417 -0.0394, -5.0591 -0.8661 -0.0394, -5.0591 -0.4626 0.3543, -5.0591 0.8661 -0.0394, -5.0591 1.1417 -0.0394, -5.0591 0.8661 0.1575, -5.0591 1.1417 0.3543, -5.0591 0.4626 0.3543, -5.7677 -0.939 0.3543, -5.7677 -0.4626 0.3543, -5.7283 -0.4626 0.3543, 10.8465 -0.748 0.3543, 10.748 -0.748 0.3543, 10.748 -0.4626 0.3543, 11.0236 -0.4626 0.3543, 10.8465 -1.0404 0.3543, 11.0236 -1.0404 0.3543, 10.8465 -1.1417 0.3543, 11.0236 -1.4567 0.3543, 10.2559 -1.1417 0.3543, 10.064 -1.4567 0.3543, 10.2559 -1.0404 0.3543, 10.064 -1.0404 0.3543, 10.2559 -0.748 0.3543, 10.064 -0.4626 0.3543, 10.3543 -0.748 0.3543, 10.3543 -0.4626 0.3543, 10.3543 -0.3523 0.3543, 10.3494 -0.3495 0.3543, 10.2658 -0.2853 0.3543, 10.2017 -0.2018 0.3543, 10.3494 0.3495 0.3543, 10.2658 0.2853 0.3543, 10.064 0.4626 0.3543, 10.3543 0.3523 0.3543, 10.2017 0.2018 0.3543, 10.1614 0.1044 0.3543, 10.064 0.0 0.3543, 10.1476 0.0 0.3543, 10.1614 -0.1044 0.3543, 10.748 0.4626 0.3543, 10.748 0.748 0.3543, 11.0236 0.4626 0.3543, 10.8465 0.748 0.3543, 11.0236 1.2598 0.3543, 10.8465 1.1417 0.3543, 11.0169 1.3108 0.3543, 10.9972 1.3583 0.3543, 10.3543 0.4626 0.3543, 10.2559 0.748 0.3543, 10.3543 0.748 0.3543, 10.2559 1.1417 0.3543, 10.064 1.4567 0.3543, 10.8268 1.4567 0.3543, 10.8777 1.45 0.3543, 10.9252 1.4303 0.3543, 10.966 1.399 0.3543, 10.748 0.3523 0.3543, 10.753 0.3495 0.3543, 10.8365 0.2853 0.3543, 10.9007 0.2018 0.3543, 10.753 -0.3495 0.3543, 10.8365 -0.2853 0.3543, 10.748 -0.3523 0.3543, 10.9007 -0.2018 0.3543, 10.941 -0.1044 0.3543, 11.0236 0.0 0.3543, 10.9547 0.0 0.3543, 10.941 0.1044 0.3543, -9.9803 -0.4626 0.3543, -9.9803 -0.939 0.3543, -10.2559 -1.0404 0.3543, -10.2559 -1.1417 0.3543, -9.6457 -1.4567 0.3543, -10.8465 -1.1417 0.3543, -11.0236 -1.4567 0.3543, -10.8465 -1.0404 0.3543, -11.0236 -1.0404 0.3543, -10.8465 -0.748 0.3543, -11.0236 -0.4626 0.3543, -10.2559 -0.748 0.3543, -9.6457 -1.0404 0.3543, -9.7047 -0.939 0.3543, -9.6457 -0.4626 0.3543, -9.7047 -0.4626 0.3543, -9.6457 0.0 0.3543, -9.7047 -0.1772 0.3543, -9.9803 -0.1772 0.3543, -11.0236 0.0 0.3543, -9.311 -0.939 0.3543, -9.252 -1.0404 0.3543, -9.5866 -0.939 0.3543, -9.5866 -0.4626 0.3543, -9.5866 -0.1772 0.3543, -9.311 -0.1772 0.3543, -9.252 0.0 0.3543, -9.311 -0.4626 0.3543, -9.252 -0.4626 0.3543, -8.9173 -0.939 0.3543, -8.8583 -1.0404 0.3543, -9.1929 -0.939 0.3543, -9.1929 -0.4626 0.3543, -9.1929 -0.1772 0.3543, -8.9173 -0.1772 0.3543, -8.8583 0.0 0.3543, -8.9173 -0.4626 0.3543, -8.8583 -0.4626 0.3543, -8.5236 -0.939 0.3543, -8.4646 -1.0404 0.3543, -8.7992 -0.939 0.3543, -8.7992 -0.4626 0.3543, -8.7992 -0.1772 0.3543, -8.5236 -0.1772 0.3543, -8.4646 0.0 0.3543, -8.5236 -0.4626 0.3543, -8.4646 -0.4626 0.3543, -8.1299 -0.939 0.3543, -8.0709 -1.0404 0.3543, -8.4055 -0.939 0.3543, -8.4055 -0.4626 0.3543, -8.4055 -0.1772 0.3543, -8.1299 -0.1772 0.3543, -8.0709 0.0 0.3543, -8.1299 -0.4626 0.3543, -8.0709 -0.4626 0.3543, -7.7362 -0.1772 0.3543, -8.0118 -0.1772 0.3543, -7.2835 0.0 0.3543, -7.3425 -0.1772 0.3543, -7.6181 -0.1772 0.3543, -7.3425 -0.4626 0.3543, -7.2835 -0.4626 0.3543, -7.3425 -0.939 0.3543, -7.2835 -1.0404 0.3543, -7.6181 -0.939 0.3543, -8.0118 -0.4626 0.3543, -8.0118 -0.939 0.3543, -7.7362 -0.939 0.3543, -7.7362 -0.4626 0.3543, -7.6181 -0.4626 0.3543, -6.9488 -0.939 0.3543, -6.8898 -1.0404 0.3543, -7.2244 -0.939 0.3543, -7.2244 -0.4626 0.3543, -7.2244 -0.1772 0.3543, -6.9488 -0.1772 0.3543, -6.8898 0.0 0.3543, -6.9488 -0.4626 0.3543, -6.8898 -0.4626 0.3543, -6.5551 -0.939 0.3543, -6.4961 -1.0404 0.3543, -6.8307 -0.939 0.3543, -6.8307 -0.4626 0.3543, -6.8307 -0.1772 0.3543, -6.5551 -0.1772 0.3543, -6.4961 0.0 0.3543, -6.5551 -0.4626 0.3543, -6.4961 -0.4626 0.3543, -6.1614 -0.939 0.3543, -6.1024 -1.0404 0.3543, -6.437 -0.939 0.3543, -6.437 -0.4626 0.3543, -6.437 -0.1772 0.3543, -6.1614 -0.1772 0.3543, -6.1024 0.0 0.3543, -6.1614 -0.4626 0.3543, -6.1024 -0.4626 0.3543, -5.7283 0.0 0.3543, -5.7677 -0.1772 0.3543, -6.0433 -0.1772 0.3543, -6.0433 -0.4626 0.3543, -6.0433 -0.939 0.3543, -5.7283 -1.0404 0.3543, -1.0433 -0.939 0.3543, -0.9843 -1.0404 0.3543, -1.3189 -0.939 0.3543, -1.378 -1.0404 0.3543, -1.3189 -0.4626 0.3543, -1.378 -0.4626 0.3543, -1.3189 -0.1772 0.3543, -1.378 0.0 0.3543, -1.0433 -0.1772 0.3543, -0.9843 0.0 0.3543, -1.0433 -0.4626 0.3543, -0.9843 -0.4626 0.3543, -0.6496 -0.939 0.3543, -0.5906 -1.0404 0.3543, -0.9252 -0.939 0.3543, -0.9252 -0.4626 0.3543, -0.9252 -0.1772 0.3543, -0.6496 -0.1772 0.3543, -0.5906 0.0 0.3543, -0.6496 -0.4626 0.3543, -0.5906 -0.4626 0.3543, -0.2559 -0.939 0.3543, -0.1969 -1.0404 0.3543, -0.5315 -0.939 0.3543, -0.5315 -0.4626 0.3543, -0.5315 -0.1772 0.3543, -0.2559 -0.1772 0.3543, -0.1969 0.0 0.3543, -0.2559 -0.4626 0.3543, -0.1969 -0.4626 0.3543, 0.1378 -0.939 0.3543, 0.1969 -1.0404 0.3543, -0.1378 -0.939 0.3543, -0.1378 -0.4626 0.3543, -0.1378 -0.1772 0.3543, 0.1378 -0.1772 0.3543, 0.1969 0.0 0.3543, 0.1378 -0.4626 0.3543, 0.1969 -0.4626 0.3543, 0.5315 -0.1772 0.3543, 0.2559 -0.1772 0.3543, 0.2559 -0.4626 0.3543, 0.2559 -0.939 0.3543, 0.5315 -0.939 0.3543, 0.6496 -0.1772 0.3543, 1.378 0.0 0.3543, 0.9252 -0.1772 0.3543, 1.0433 -0.1772 0.3543, 0.9252 -0.4626 0.3543, 1.0433 -0.4626 0.3543, 0.9252 -0.939 0.3543, 1.0433 -0.939 0.3543, 1.378 -1.0404 0.3543, 1.3189 -0.939 0.3543, 1.378 -0.4626 0.3543, 1.3189 -0.4626 0.3543, 1.3189 -0.1772 0.3543, 1.7126 -0.939 0.3543, 1.7717 -1.0404 0.3543, 1.437 -0.939 0.3543, 1.437 -0.4626 0.3543, 1.437 -0.1772 0.3543, 1.7126 -0.1772 0.3543, 1.7717 0.0 0.3543, 1.7126 -0.4626 0.3543, 1.7717 -0.4626 0.3543, 2.1063 -0.939 0.3543, 2.1654 -1.0404 0.3543, 1.8307 -0.939 0.3543, 1.8307 -0.4626 0.3543, 1.8307 -0.1772 0.3543, 2.1063 -0.1772 0.3543, 2.1654 0.0 0.3543, 2.1063 -0.4626 0.3543, 2.1654 -0.4626 0.3543, 2.5 -0.939 0.3543, 2.5591 -1.0404 0.3543, 2.2244 -0.939 0.3543, 2.2244 -0.4626 0.3543, 2.2244 -0.1772 0.3543, 2.5 -0.1772 0.3543, 2.5591 0.0 0.3543, 2.5 -0.4626 0.3543, 2.5591 -0.4626 0.3543, 2.8937 -0.939 0.3543, 2.9528 -1.0404 0.3543, 2.6181 -0.939 0.3543, 2.6181 -0.4626 0.3543, 2.6181 -0.1772 0.3543, 2.8937 -0.1772 0.3543, 2.9528 0.0 0.3543, 2.8937 -0.4626 0.3543, 2.9528 -0.4626 0.3543, 3.2874 -0.1772 0.3543, 3.0118 -0.1772 0.3543, 3.7402 0.0 0.3543, 3.6811 -0.1772 0.3543, 3.4055 -0.1772 0.3543, 3.6811 -0.4626 0.3543, 3.7402 -0.4626 0.3543, 3.6811 -0.939 0.3543, 3.7402 -1.0404 0.3543, 3.4055 -0.939 0.3543, 3.0118 -0.4626 0.3543, 3.0118 -0.939 0.3543, 3.2874 -0.939 0.3543, 3.2874 -0.4626 0.3543, 3.4055 -0.4626 0.3543, 4.0748 -0.939 0.3543, 4.1339 -1.0404 0.3543, 3.7992 -0.939 0.3543, 3.7992 -0.4626 0.3543, 3.7992 -0.1772 0.3543, 4.0748 -0.1772 0.3543, 4.1339 0.0 0.3543, 4.0748 -0.4626 0.3543, 4.1339 -0.4626 0.3543, 4.4685 -0.939 0.3543, 4.5276 -1.0404 0.3543, 4.1929 -0.939 0.3543, 4.1929 -0.4626 0.3543, 4.1929 -0.1772 0.3543, 4.4685 -0.1772 0.3543, 4.5276 0.0 0.3543, 4.4685 -0.4626 0.3543, 4.5276 -0.4626 0.3543, 4.8622 -0.939 0.3543, 4.9213 -1.0404 0.3543, 4.5866 -0.939 0.3543, 4.5866 -0.4626 0.3543, 4.5866 -0.1772 0.3543, 4.8622 -0.1772 0.3543, 4.9213 0.0 0.3543, 4.8622 -0.4626 0.3543, 4.9213 -0.4626 0.3543, 5.2559 -0.939 0.3543, 5.315 -1.0404 0.3543, 4.9803 -0.939 0.3543, 4.9803 -0.4626 0.3543, 4.9803 -0.1772 0.3543, 5.2559 -0.1772 0.3543, 5.315 0.0 0.3543, 5.2559 -0.4626 0.3543, 5.315 -0.4626 0.3543, 5.6496 -0.1772 0.3543, 5.374 -0.1772 0.3543, 6.1024 0.0 0.3543, 6.0433 -0.1772 0.3543, 5.7677 -0.1772 0.3543, 6.0433 -0.4626 0.3543, 6.1024 -0.4626 0.3543, 6.0433 -0.939 0.3543, 6.1024 -1.0404 0.3543, 5.7677 -0.939 0.3543, 5.374 -0.4626 0.3543, 5.374 -0.939 0.3543, 5.6496 -0.939 0.3543, 5.6496 -0.4626 0.3543, 5.7677 -0.4626 0.3543, 6.437 -0.939 0.3543, 6.4961 -1.0404 0.3543, 6.1614 -0.939 0.3543, 6.1614 -0.4626 0.3543, 6.1614 -0.1772 0.3543, 6.437 -0.1772 0.3543, 6.4961 0.0 0.3543, 6.437 -0.4626 0.3543, 6.4961 -0.4626 0.3543, 6.8307 -0.939 0.3543, 6.8898 -1.0404 0.3543, 6.5551 -0.939 0.3543, 6.5551 -0.4626 0.3543, 6.5551 -0.1772 0.3543, 6.8307 -0.1772 0.3543, 6.8898 0.0 0.3543, 6.8307 -0.4626 0.3543, 6.8898 -0.4626 0.3543, 7.2244 -0.939 0.3543, 7.2835 -1.0404 0.3543, 6.9488 -0.939 0.3543, 6.9488 -0.4626 0.3543, 6.9488 -0.1772 0.3543, 7.2244 -0.1772 0.3543, 7.2835 0.0 0.3543, 7.2244 -0.4626 0.3543, 7.2835 -0.4626 0.3543, 7.6181 -0.939 0.3543, 7.6772 -1.0404 0.3543, 7.3425 -0.939 0.3543, 7.3425 -0.4626 0.3543, 7.3425 -0.1772 0.3543, 7.6181 -0.1772 0.3543, 7.6772 0.0 0.3543, 7.6181 -0.4626 0.3543, 7.6772 -0.4626 0.3543, 8.0118 -0.1772 0.3543, 7.7362 -0.1772 0.3543, 8.4646 0.0 0.3543, 8.4055 -0.1772 0.3543, 8.1299 -0.1772 0.3543, 8.4055 -0.4626 0.3543, 8.4646 -0.4626 0.3543, 8.4055 -0.939 0.3543, 8.4646 -1.0404 0.3543, 8.1299 -0.939 0.3543, 7.7362 -0.4626 0.3543, 7.7362 -0.939 0.3543, 8.0118 -0.939 0.3543, 8.0118 -0.4626 0.3543, 8.1299 -0.4626 0.3543, 8.7992 -0.939 0.3543, 8.8583 -1.0404 0.3543, 8.5236 -0.939 0.3543, 8.5236 -0.4626 0.3543, 8.5236 -0.1772 0.3543, 8.7992 -0.1772 0.3543, 8.8583 0.0 0.3543, 8.7992 -0.4626 0.3543, 8.8583 -0.4626 0.3543, 9.1929 -0.939 0.3543, 9.252 -1.0404 0.3543, 8.9173 -0.939 0.3543, 8.9173 -0.4626 0.3543, 8.9173 -0.1772 0.3543, 9.1929 -0.1772 0.3543, 9.252 0.0 0.3543, 9.1929 -0.4626 0.3543, 9.252 -0.4626 0.3543, 9.5866 -0.939 0.3543, 9.6457 -1.0404 0.3543, 9.311 -0.939 0.3543, 9.311 -0.4626 0.3543, 9.311 -0.1772 0.3543, 9.5866 -0.1772 0.3543, 9.6457 0.0 0.3543, 9.5866 -0.4626 0.3543, 9.6457 -0.4626 0.3543, 9.9803 -0.939 0.3543, 9.7047 -0.939 0.3543, 9.7047 -0.4626 0.3543, 9.7047 -0.1772 0.3543, 9.9803 -0.1772 0.3543, 9.9803 -0.4626 0.3543, -9.6457 0.4626 0.3543, -9.7047 0.939 0.3543, -9.6457 1.4567 0.3543, -9.9803 0.939 0.3543, -10.2559 1.1417 0.3543, -10.8465 1.1417 0.3543, -10.8268 1.4567 0.3543, -11.0236 0.4626 0.3543, -11.0236 1.2598 0.3543, -10.2559 0.748 0.3543, -9.9803 0.4626 0.3543, -10.8465 0.748 0.3543, -11.0169 1.3108 0.3543, -10.9972 1.3583 0.3543, -10.966 1.399 0.3543, -10.9252 1.4303 0.3543, -10.8777 1.45 0.3543, -9.9803 0.1772 0.3543, -9.7047 0.1772 0.3543, -9.7047 0.4626 0.3543, 9.7047 0.939 0.3543, 9.6457 1.4567 0.3543, 9.9803 0.939 0.3543, 9.6457 0.4626 0.3543, 9.7047 0.4626 0.3543, 9.7047 0.1772 0.3543, 9.9803 0.1772 0.3543, 9.9803 0.4626 0.3543, 9.311 0.939 0.3543, 9.252 1.4567 0.3543, 9.5866 0.939 0.3543, 9.252 0.4626 0.3543, 9.311 0.4626 0.3543, 9.311 0.1772 0.3543, 9.5866 0.1772 0.3543, 9.5866 0.4626 0.3543, 8.9173 0.939 0.3543, 8.8583 1.4567 0.3543, 9.1929 0.939 0.3543, 8.8583 0.4626 0.3543, 8.9173 0.4626 0.3543, 8.9173 0.1772 0.3543, 9.1929 0.1772 0.3543, 9.1929 0.4626 0.3543, 8.5236 0.939 0.3543, 8.4646 1.4567 0.3543, 8.7992 0.939 0.3543, 8.4646 0.4626 0.3543, 8.5236 0.4626 0.3543, 8.5236 0.1772 0.3543, 8.7992 0.1772 0.3543, 8.7992 0.4626 0.3543, 8.1299 0.939 0.3543, 7.6772 1.4567 0.3543, 8.4055 0.939 0.3543, 7.6772 0.4626 0.3543, 7.7362 0.4626 0.3543, 7.7362 0.1772 0.3543, 8.0118 0.1772 0.3543, 7.7362 0.939 0.3543, 8.0118 0.939 0.3543, 8.0118 0.4626 0.3543, 8.1299 0.4626 0.3543, 8.1299 0.1772 0.3543, 8.4055 0.1772 0.3543, 8.4055 0.4626 0.3543, 7.3425 0.939 0.3543, 7.2835 1.4567 0.3543, 7.6181 0.939 0.3543, 7.2835 0.4626 0.3543, 7.3425 0.4626 0.3543, 7.3425 0.1772 0.3543, 7.6181 0.1772 0.3543, 7.6181 0.4626 0.3543, 6.9488 0.939 0.3543, 6.8898 1.4567 0.3543, 7.2244 0.939 0.3543, 6.8898 0.4626 0.3543, 6.9488 0.4626 0.3543, 6.9488 0.1772 0.3543, 7.2244 0.1772 0.3543, 7.2244 0.4626 0.3543, 6.5551 0.939 0.3543, 6.4961 1.4567 0.3543, 6.8307 0.939 0.3543, 6.4961 0.4626 0.3543, 6.5551 0.4626 0.3543, 6.5551 0.1772 0.3543, 6.8307 0.1772 0.3543, 6.8307 0.4626 0.3543, 6.1614 0.939 0.3543, 6.1024 1.4567 0.3543, 6.437 0.939 0.3543, 6.1024 0.4626 0.3543, 6.1614 0.4626 0.3543, 6.1614 0.1772 0.3543, 6.437 0.1772 0.3543, 6.437 0.4626 0.3543, 5.7677 0.939 0.3543, 5.315 1.4567 0.3543, 6.0433 0.939 0.3543, 5.315 0.4626 0.3543, 5.374 0.4626 0.3543, 5.374 0.1772 0.3543, 5.6496 0.1772 0.3543, 5.374 0.939 0.3543, 5.6496 0.939 0.3543, 5.6496 0.4626 0.3543, 5.7677 0.4626 0.3543, 5.7677 0.1772 0.3543, 6.0433 0.1772 0.3543, 6.0433 0.4626 0.3543, 4.9803 0.939 0.3543, 4.9213 1.4567 0.3543, 5.2559 0.939 0.3543, 4.9213 0.4626 0.3543, 4.9803 0.4626 0.3543, 4.9803 0.1772 0.3543, 5.2559 0.1772 0.3543, 5.2559 0.4626 0.3543, 4.5866 0.939 0.3543, 4.5276 1.4567 0.3543, 4.8622 0.939 0.3543, 4.5276 0.4626 0.3543, 4.5866 0.4626 0.3543, 4.5866 0.1772 0.3543, 4.8622 0.1772 0.3543, 4.8622 0.4626 0.3543, 4.1929 0.939 0.3543, 4.1339 1.4567 0.3543, 4.4685 0.939 0.3543, 4.1339 0.4626 0.3543, 4.1929 0.4626 0.3543, 4.1929 0.1772 0.3543, 4.4685 0.1772 0.3543, 4.4685 0.4626 0.3543, 3.7992 0.939 0.3543, 3.7402 1.4567 0.3543, 4.0748 0.939 0.3543, 3.7402 0.4626 0.3543, 3.7992 0.4626 0.3543, 3.7992 0.1772 0.3543, 4.0748 0.1772 0.3543, 4.0748 0.4626 0.3543, 3.4055 0.939 0.3543, 2.9528 1.4567 0.3543, 3.6811 0.939 0.3543, 2.9528 0.4626 0.3543, 3.0118 0.4626 0.3543, 3.0118 0.1772 0.3543, 3.2874 0.1772 0.3543, 3.0118 0.939 0.3543, 3.2874 0.939 0.3543, 3.2874 0.4626 0.3543, 3.4055 0.4626 0.3543, 3.4055 0.1772 0.3543, 3.6811 0.1772 0.3543, 3.6811 0.4626 0.3543, 2.6181 0.939 0.3543, 2.5591 1.4567 0.3543, 2.8937 0.939 0.3543, 2.5591 0.4626 0.3543, 2.6181 0.4626 0.3543, 2.6181 0.1772 0.3543, 2.8937 0.1772 0.3543, 2.8937 0.4626 0.3543, 2.2244 0.939 0.3543, 2.1654 1.4567 0.3543, 2.5 0.939 0.3543, 2.1654 0.4626 0.3543, 2.2244 0.4626 0.3543, 2.2244 0.1772 0.3543, 2.5 0.1772 0.3543, 2.5 0.4626 0.3543, 1.8307 0.939 0.3543, 1.7717 1.4567 0.3543, 2.1063 0.939 0.3543, 1.7717 0.4626 0.3543, 1.8307 0.4626 0.3543, 1.8307 0.1772 0.3543, 2.1063 0.1772 0.3543, 2.1063 0.4626 0.3543, 1.437 0.939 0.3543, 1.378 1.4567 0.3543, 1.7126 0.939 0.3543, 1.378 0.4626 0.3543, 1.437 0.4626 0.3543, 1.437 0.1772 0.3543, 1.7126 0.1772 0.3543, 1.7126 0.4626 0.3543, 1.0433 0.939 0.3543, 0.1969 1.4567 0.3543, 1.3189 0.939 0.3543, 0.5315 0.939 0.3543, 0.2559 0.939 0.3543, 0.1969 0.4626 0.3543, 0.2559 0.4626 0.3543, 0.2559 0.1772 0.3543, 0.5315 0.1772 0.3543, 0.5315 -0.4626 0.3543, 0.6496 -0.4626 0.3543, 0.6496 -0.939 0.3543, 0.9252 0.1772 0.3543, 0.6496 0.1772 0.3543, 0.6496 0.4626 0.3543, 0.5315 0.4626 0.3543, 0.6496 0.939 0.3543, 0.9252 0.939 0.3543, 0.9252 0.4626 0.3543, 1.0433 0.4626 0.3543, 1.0433 0.1772 0.3543, 1.3189 0.1772 0.3543, 1.3189 0.4626 0.3543, -0.1378 0.939 0.3543, -0.1969 1.4567 0.3543, 0.1378 0.939 0.3543, -0.1969 0.4626 0.3543, -0.1378 0.4626 0.3543, -0.1378 0.1772 0.3543, 0.1378 0.1772 0.3543, 0.1378 0.4626 0.3543, -0.5315 0.939 0.3543, -0.5906 1.4567 0.3543, -0.2559 0.939 0.3543, -0.5906 0.4626 0.3543, -0.5315 0.4626 0.3543, -0.5315 0.1772 0.3543, -0.2559 0.1772 0.3543, -0.2559 0.4626 0.3543, -0.9252 0.939 0.3543, -0.9843 1.4567 0.3543, -0.6496 0.939 0.3543, -0.9843 0.4626 0.3543, -0.9252 0.4626 0.3543, -0.9252 0.1772 0.3543, -0.6496 0.1772 0.3543, -0.6496 0.4626 0.3543, -1.3189 0.939 0.3543, -1.378 1.4567 0.3543, -1.0433 0.939 0.3543, -1.378 0.4626 0.3543, -1.3189 0.4626 0.3543, -1.3189 0.1772 0.3543, -1.0433 0.1772 0.3543, -1.0433 0.4626 0.3543, -6.0433 0.939 0.3543, -6.1024 1.4567 0.3543, -5.7677 0.939 0.3543, -5.7283 1.4567 0.3543, -5.7283 0.4626 0.3543, -6.1024 0.4626 0.3543, -6.0433 0.4626 0.3543, -6.0433 0.1772 0.3543, -5.7677 0.1772 0.3543, -5.7677 0.4626 0.3543, -6.437 0.939 0.3543, -6.4961 1.4567 0.3543, -6.1614 0.939 0.3543, -6.4961 0.4626 0.3543, -6.437 0.4626 0.3543, -6.437 0.1772 0.3543, -6.1614 0.1772 0.3543, -6.1614 0.4626 0.3543, -6.8307 0.939 0.3543, -6.8898 1.4567 0.3543, -6.5551 0.939 0.3543, -6.8898 0.4626 0.3543, -6.8307 0.4626 0.3543, -6.8307 0.1772 0.3543, -6.5551 0.1772 0.3543, -6.5551 0.4626 0.3543, -7.2244 0.939 0.3543, -7.2835 1.4567 0.3543, -6.9488 0.939 0.3543, -7.2835 0.4626 0.3543, -7.2244 0.4626 0.3543, -7.2244 0.1772 0.3543, -6.9488 0.1772 0.3543, -6.9488 0.4626 0.3543, -7.6181 0.939 0.3543, -8.0709 1.4567 0.3543, -7.3425 0.939 0.3543, -8.0709 0.4626 0.3543, -8.0118 0.4626 0.3543, -8.0118 0.1772 0.3543, -7.7362 0.1772 0.3543, -8.0118 0.939 0.3543, -7.7362 0.939 0.3543, -7.7362 0.4626 0.3543, -7.6181 0.4626 0.3543, -7.6181 0.1772 0.3543, -7.3425 0.1772 0.3543, -7.3425 0.4626 0.3543, -8.4055 0.939 0.3543, -8.4646 1.4567 0.3543, -8.1299 0.939 0.3543, -8.4646 0.4626 0.3543, -8.4055 0.4626 0.3543, -8.4055 0.1772 0.3543, -8.1299 0.1772 0.3543, -8.1299 0.4626 0.3543, -8.7992 0.939 0.3543, -8.8583 1.4567 0.3543, -8.5236 0.939 0.3543, -8.8583 0.4626 0.3543, -8.7992 0.4626 0.3543, -8.7992 0.1772 0.3543, -8.5236 0.1772 0.3543, -8.5236 0.4626 0.3543, -9.1929 0.939 0.3543, -9.252 1.4567 0.3543, -8.9173 0.939 0.3543, -9.252 0.4626 0.3543, -9.1929 0.4626 0.3543, -9.1929 0.1772 0.3543, -8.9173 0.1772 0.3543, -8.9173 0.4626 0.3543, -9.311 0.4626 0.3543, -9.311 0.939 0.3543, -9.311 0.1772 0.3543, -9.5866 0.1772 0.3543, -9.5866 0.4626 0.3543, -9.5866 0.939 0.3543, -1.8307 -0.1772 0.3543, -2.1063 -0.1772 0.3543, -2.1654 0.0 0.3543, -1.8307 -0.939 0.3543, -2.1654 -1.0404 0.3543, -2.1654 -0.4626 0.3543, -2.1063 -0.4626 0.3543, -2.1063 -0.939 0.3543, -1.8307 -0.4626 0.3543, -1.7126 -0.1772 0.3543, -1.437 -0.1772 0.3543, -1.437 -0.4626 0.3543, -1.437 -0.939 0.3543, -1.7126 -0.939 0.3543, -1.7126 -0.4626 0.3543, -2.2244 -0.939 0.3543, -2.5 -0.939 0.3543, -2.5591 -1.0404 0.3543, -2.5 -0.4626 0.3543, -2.5591 -0.4626 0.3543, -2.5 -0.1772 0.3543, -2.5591 0.0 0.3543, -2.2244 -0.1772 0.3543, -2.2244 -0.4626 0.3543, -2.6181 -0.939 0.3543, -2.8937 -0.939 0.3543, -2.9528 -1.0404 0.3543, -2.8937 -0.4626 0.3543, -2.9528 -0.4626 0.3543, -2.8937 -0.1772 0.3543, -2.9528 0.0 0.3543, -2.6181 -0.1772 0.3543, -2.6181 -0.4626 0.3543, -3.0118 -0.939 0.3543, -3.2874 -0.939 0.3543, -3.3465 -1.0404 0.3543, -3.2874 -0.4626 0.3543, -3.3465 -0.4626 0.3543, -3.2874 -0.1772 0.3543, -3.3465 0.0 0.3543, -3.0118 -0.1772 0.3543, -3.0118 -0.4626 0.3543, -3.4055 -0.939 0.3543, -3.6811 -0.939 0.3543, -3.7402 -1.0404 0.3543, -3.6811 -0.4626 0.3543, -3.7402 -0.4626 0.3543, -3.6811 -0.1772 0.3543, -3.7402 0.0 0.3543, -3.4055 -0.1772 0.3543, -3.4055 -0.4626 0.3543, -3.7992 -0.939 0.3543, -4.0748 -0.939 0.3543, -4.1339 -1.0404 0.3543, -4.0748 -0.4626 0.3543, -4.1339 -0.4626 0.3543, -4.0748 -0.1772 0.3543, -4.1339 0.0 0.3543, -3.7992 -0.1772 0.3543, -3.7992 -0.4626 0.3543, -4.8622 -0.4626 0.3543, -4.9213 -0.4626 0.3543, -4.8622 -0.1772 0.3543, -4.9213 0.0 0.3543, -4.5866 -0.1772 0.3543, -4.8622 -0.939 0.3543, -4.9213 -1.0404 0.3543, -4.5866 -0.939 0.3543, -4.5866 -0.4626 0.3543, -4.4685 -0.1772 0.3543, -4.1929 -0.1772 0.3543, -4.1929 -0.4626 0.3543, -4.1929 -0.939 0.3543, -4.4685 -0.939 0.3543, -4.4685 -0.4626 0.3543, -4.9213 -1.4567 0.3543, -5.7283 -1.4567 0.3543, -4.9803 0.0 0.3543, -4.9213 0.4626 0.3543, -4.9213 1.4567 0.3543, -4.4685 0.1772 0.3543, -4.1929 0.1772 0.3543, -4.1339 0.4626 0.3543, -4.1929 0.4626 0.3543, -4.1929 0.939 0.3543, -4.4685 0.939 0.3543, -4.1339 1.4567 0.3543, -4.4685 0.4626 0.3543, -4.5866 0.1772 0.3543, -4.8622 0.1772 0.3543, -4.8622 0.4626 0.3543, -4.8622 0.939 0.3543, -4.5866 0.939 0.3543, -4.5866 0.4626 0.3543, -3.7402 0.4626 0.3543, -3.7992 0.4626 0.3543, -3.7992 0.939 0.3543, -3.7992 0.1772 0.3543, -4.0748 0.1772 0.3543, -4.0748 0.4626 0.3543, -4.0748 0.939 0.3543, -3.7402 1.4567 0.3543, -3.3465 0.4626 0.3543, -3.4055 0.4626 0.3543, -3.4055 0.939 0.3543, -3.2874 0.4626 0.3543, -3.2874 0.1772 0.3543, -3.0118 0.1772 0.3543, -2.9528 0.4626 0.3543, -3.0118 0.4626 0.3543, -3.0118 0.939 0.3543, -3.2874 0.939 0.3543, -3.3465 1.4567 0.3543, -2.9528 1.4567 0.3543, -3.4055 0.1772 0.3543, -3.6811 0.1772 0.3543, -3.6811 0.4626 0.3543, -3.6811 0.939 0.3543, -2.5591 0.4626 0.3543, -2.6181 0.4626 0.3543, -2.6181 0.939 0.3543, -2.5 0.4626 0.3543, -2.5 0.1772 0.3543, -2.2244 0.1772 0.3543, -2.1654 0.4626 0.3543, -2.2244 0.4626 0.3543, -2.2244 0.939 0.3543, -2.5 0.939 0.3543, -2.5591 1.4567 0.3543, -2.1654 1.4567 0.3543, -2.6181 0.1772 0.3543, -2.8937 0.1772 0.3543, -2.8937 0.4626 0.3543, -2.8937 0.939 0.3543, -1.7126 0.1772 0.3543, -1.437 0.1772 0.3543, -1.437 0.4626 0.3543, -1.437 0.939 0.3543, -1.7126 0.939 0.3543, -1.7126 0.4626 0.3543, -1.8307 0.1772 0.3543, -2.1063 0.1772 0.3543, -2.1063 0.4626 0.3543, -2.1063 0.939 0.3543, -1.8307 0.939 0.3543, -1.8307 0.4626 0.3543, -6.1024 -1.4567 0.3543, -6.4961 -1.4567 0.3543, -6.8898 -1.4567 0.3543, -7.2835 -1.4567 0.3543, -8.0709 -1.4567 0.3543, -8.4646 -1.4567 0.3543, -8.8583 -1.4567 0.3543, -9.252 -1.4567 0.3543, 9.6457 -1.4567 0.3543, 9.252 -1.4567 0.3543, 8.8583 -1.4567 0.3543, 8.4646 -1.4567 0.3543, 7.6772 -1.4567 0.3543, 7.2835 -1.4567 0.3543, 6.8898 -1.4567 0.3543, 6.4961 -1.4567 0.3543, 6.1024 -1.4567 0.3543, 5.315 -1.4567 0.3543, 4.9213 -1.4567 0.3543, 4.5276 -1.4567 0.3543, 4.1339 -1.4567 0.3543, 3.7402 -1.4567 0.3543, 2.9528 -1.4567 0.3543, 2.5591 -1.4567 0.3543, 2.1654 -1.4567 0.3543, 1.7717 -1.4567 0.3543, 1.378 -1.4567 0.3543, 0.1969 -1.4567 0.3543, -0.1969 -1.4567 0.3543, -0.5906 -1.4567 0.3543, -0.9843 -1.4567 0.3543, -1.378 -1.4567 0.3543, -2.1654 -1.4567 0.3543, -2.5591 -1.4567 0.3543, -2.9528 -1.4567 0.3543, -3.3465 -1.4567 0.3543, -3.7402 -1.4567 0.3543, -4.1339 -1.4567 0.3543, 10.3543 0.748 0.1575, 10.3543 0.3523 0.1575, 10.3543 -0.3523 0.1575, 10.3543 -0.748 0.1575, 10.748 -0.748 0.1575, 10.748 -0.3523 0.1575, 10.748 0.3523 0.1575, 10.748 0.748 0.1575, 10.4467 -0.3898 0.1575, 10.5512 -0.4035 0.1575, 10.6556 -0.3898 0.1575, 10.2559 0.748 -0.0394, 10.8465 0.748 -0.0394, 10.8465 -0.748 -0.0394, 10.2559 -0.748 -0.0394, 10.252 -0.3484 4.2126, 10.252 -0.3484 1.378, 9.9803 -0.3484 1.378, 9.7047 -0.3484 1.378, 9.5866 -0.3484 1.378, 9.7047 -0.3484 3.5827, 9.5866 -0.3484 3.5827, 8.5236 -0.3484 3.5827, 8.5236 -0.3484 1.378, 8.4055 -0.3484 1.378, 9.9803 -0.3484 3.5827, -4.9646 -0.3484 4.2126, 9.311 -0.3484 3.5827, 9.311 -0.3484 1.378, 9.1929 -0.3484 1.378, 9.1929 -0.3484 3.5827, 8.9173 -0.3484 3.5827, 8.4055 -0.3484 3.5827, 8.1299 -0.3484 3.5827, 6.9488 -0.3484 3.5827, 6.9488 -0.3484 1.378, 6.8307 -0.3484 1.378, 8.7992 -0.3484 3.5827, 8.7992 -0.3484 1.378, 8.9173 -0.3484 1.378, 6.8307 -0.3484 3.5827, 6.5551 -0.3484 3.5827, 8.1299 -0.3484 1.378, 8.0118 -0.3484 1.378, 8.0118 -0.3484 3.5827, 7.7362 -0.3484 3.5827, 5.7677 -0.3484 3.5827, 5.7677 -0.3484 1.378, 5.6496 -0.3484 1.378, 7.7362 -0.3484 1.378, 7.6181 -0.3484 1.378, 7.6181 -0.3484 3.5827, 7.3425 -0.3484 3.5827, 7.3425 -0.3484 1.378, 7.2244 -0.3484 1.378, 7.2244 -0.3484 3.5827, 6.5551 -0.3484 1.378, 6.437 -0.3484 1.378, 6.437 -0.3484 3.5827, 6.1614 -0.3484 3.5827, 4.9803 -0.3484 3.5827, 4.9803 -0.3484 1.378, 4.8622 -0.3484 1.378, 5.6496 -0.3484 3.5827, 5.374 -0.3484 3.5827, 6.0433 -0.3484 3.5827, 6.0433 -0.3484 1.378, 6.1614 -0.3484 1.378, 4.8622 -0.3484 3.5827, 4.5866 -0.3484 3.5827, 4.1929 -0.3484 3.5827, 4.1929 -0.3484 1.378, 4.0748 -0.3484 1.378, 5.2559 -0.3484 3.5827, 5.2559 -0.3484 1.378, 5.374 -0.3484 1.378, 4.0748 -0.3484 3.5827, 3.7992 -0.3484 3.5827, 3.4055 -0.3484 3.5827, 3.4055 -0.3484 1.378, 3.2874 -0.3484 1.378, 4.4685 -0.3484 3.5827, 4.4685 -0.3484 1.378, 4.5866 -0.3484 1.378, 3.2874 -0.3484 3.5827, 3.0118 -0.3484 3.5827, 3.6811 -0.3484 3.5827, 3.6811 -0.3484 1.378, 3.7992 -0.3484 1.378, 2.2244 -0.3484 3.5827, 2.2244 -0.3484 1.378, 2.1063 -0.3484 1.378, 2.1063 -0.3484 3.5827, 1.8307 -0.3484 3.5827, 3.0118 -0.3484 1.378, 2.8937 -0.3484 1.378, 2.8937 -0.3484 3.5827, 2.6181 -0.3484 3.5827, 2.5 -0.3484 3.5827, 2.5 -0.3484 1.378, 2.6181 -0.3484 1.378, 1.437 -0.3484 3.5827, 1.437 -0.3484 1.378, 1.3189 -0.3484 1.378, 1.3189 -0.3484 3.5827, 1.0433 -0.3484 3.5827, 1.7126 -0.3484 3.5827, 1.7126 -0.3484 1.378, 1.8307 -0.3484 1.378, 0.6496 -0.3484 3.5827, 0.6496 -0.3484 1.378, 0.5315 -0.3484 1.378, 0.5315 -0.3484 3.5827, 0.2559 -0.3484 3.5827, 0.9252 -0.3484 3.5827, 0.9252 -0.3484 1.378, 1.0433 -0.3484 1.378, -0.1378 -0.3484 3.5827, -0.1378 -0.3484 1.378, -0.2559 -0.3484 1.378, -0.2559 -0.3484 3.5827, -0.5315 -0.3484 3.5827, 0.1378 -0.3484 3.5827, 0.1378 -0.3484 1.378, 0.2559 -0.3484 1.378, -0.9252 -0.3484 3.5827, -0.9252 -0.3484 1.378, -1.0433 -0.3484 1.378, -1.0433 -0.3484 3.5827, -1.3189 -0.3484 3.5827, -0.6496 -0.3484 3.5827, -0.6496 -0.3484 1.378, -0.5315 -0.3484 1.378, -1.7126 -0.3484 3.5827, -1.7126 -0.3484 1.378, -1.8307 -0.3484 1.378, -1.8307 -0.3484 3.5827, -2.1063 -0.3484 3.5827, -1.437 -0.3484 3.5827, -1.437 -0.3484 1.378, -1.3189 -0.3484 1.378, -2.5 -0.3484 3.5827, -2.5 -0.3484 1.378, -2.6181 -0.3484 1.378, -2.6181 -0.3484 3.5827, -2.8937 -0.3484 3.5827, -2.2244 -0.3484 3.5827, -2.2244 -0.3484 1.378, -2.1063 -0.3484 1.378, -3.2874 -0.3484 3.5827, -3.2874 -0.3484 1.378, -3.4055 -0.3484 1.378, -3.4055 -0.3484 3.5827, -3.6811 -0.3484 3.5827, -3.0118 -0.3484 3.5827, -3.0118 -0.3484 1.378, -2.8937 -0.3484 1.378, -4.0748 -0.3484 3.5827, -4.0748 -0.3484 1.378, -4.1929 -0.3484 1.378, -4.1929 -0.3484 3.5827, -4.4685 -0.3484 3.5827, -3.7992 -0.3484 3.5827, -3.7992 -0.3484 1.378, -3.6811 -0.3484 1.378, -4.8622 -0.3484 1.378, -4.9646 -0.3484 1.378, -4.8622 -0.3484 3.5827, -4.5866 -0.3484 3.5827, -4.5866 -0.3484 1.378, -4.4685 -0.3484 1.378, -4.9646 0.3484 1.378, -4.8622 -0.1772 1.378, -4.5866 -0.1772 1.378, -4.1929 0.1772 1.378, -4.4685 0.1772 1.378, -4.8622 0.3484 1.378, -4.8622 0.1772 1.378, -4.5866 0.1772 1.378, -4.5866 0.3484 1.378, -4.4685 0.3484 1.378, -4.1929 -0.1772 1.378, -3.7992 0.1772 1.378, -4.4685 -0.1772 1.378, -4.0748 0.1772 1.378, -4.1929 0.3484 1.378, -4.0748 0.3484 1.378, -3.7992 -0.1772 1.378, -3.4055 0.1772 1.378, -4.0748 -0.1772 1.378, -3.6811 0.1772 1.378, -3.7992 0.3484 1.378, -3.6811 0.3484 1.378, -3.4055 -0.1772 1.378, -3.0118 0.1772 1.378, -3.6811 -0.1772 1.378, -3.2874 0.1772 1.378, -3.4055 0.3484 1.378, -3.2874 0.3484 1.378, -3.0118 -0.1772 1.378, -2.6181 0.1772 1.378, -3.2874 -0.1772 1.378, -2.8937 0.1772 1.378, -3.0118 0.3484 1.378, -2.8937 0.3484 1.378, -2.6181 -0.1772 1.378, -2.2244 0.1772 1.378, -2.8937 -0.1772 1.378, -2.5 0.1772 1.378, -2.6181 0.3484 1.378, -2.5 0.3484 1.378, -2.2244 -0.1772 1.378, -1.8307 0.1772 1.378, -2.5 -0.1772 1.378, -2.1063 0.1772 1.378, -2.2244 0.3484 1.378, -2.1063 0.3484 1.378, -1.8307 -0.1772 1.378, -1.437 0.1772 1.378, -2.1063 -0.1772 1.378, -1.7126 0.1772 1.378, -1.8307 0.3484 1.378, -1.7126 0.3484 1.378, -1.437 -0.1772 1.378, -1.0433 0.1772 1.378, -1.7126 -0.1772 1.378, -1.3189 0.1772 1.378, -1.437 0.3484 1.378, -1.3189 0.3484 1.378, -1.0433 -0.1772 1.378, -0.6496 0.1772 1.378, -1.3189 -0.1772 1.378, -0.9252 0.1772 1.378, -1.0433 0.3484 1.378, -0.9252 0.3484 1.378, -0.6496 -0.1772 1.378, -0.2559 0.1772 1.378, -0.9252 -0.1772 1.378, -0.5315 0.1772 1.378, -0.6496 0.3484 1.378, -0.5315 0.3484 1.378, -0.2559 -0.1772 1.378, 0.1378 0.1772 1.378, -0.5315 -0.1772 1.378, -0.1378 0.1772 1.378, -0.2559 0.3484 1.378, -0.1378 0.3484 1.378, 0.1378 -0.1772 1.378, 0.5315 0.1772 1.378, -0.1378 -0.1772 1.378, 0.2559 0.1772 1.378, 0.1378 0.3484 1.378, 0.2559 0.3484 1.378, 0.5315 -0.1772 1.378, 0.9252 0.1772 1.378, 0.2559 -0.1772 1.378, 0.6496 0.1772 1.378, 0.5315 0.3484 1.378, 0.6496 0.3484 1.378, 0.9252 -0.1772 1.378, 1.3189 0.1772 1.378, 0.6496 -0.1772 1.378, 1.0433 0.1772 1.378, 0.9252 0.3484 1.378, 1.0433 0.3484 1.378, 1.3189 -0.1772 1.378, 1.7126 0.1772 1.378, 1.0433 -0.1772 1.378, 1.437 0.1772 1.378, 1.3189 0.3484 1.378, 1.437 0.3484 1.378, 1.7126 -0.1772 1.378, 2.1063 0.1772 1.378, 1.437 -0.1772 1.378, 1.8307 0.1772 1.378, 1.7126 0.3484 1.378, 1.8307 0.3484 1.378, 2.1063 -0.1772 1.378, 2.5 0.1772 1.378, 1.8307 -0.1772 1.378, 2.2244 0.1772 1.378, 2.1063 0.3484 1.378, 2.2244 0.3484 1.378, 2.5 -0.1772 1.378, 2.8937 0.1772 1.378, 2.2244 -0.1772 1.378, 2.6181 0.1772 1.378, 2.5 0.3484 1.378, 2.6181 0.3484 1.378, 2.8937 -0.1772 1.378, 3.2874 0.1772 1.378, 2.6181 -0.1772 1.378, 3.0118 0.1772 1.378, 2.8937 0.3484 1.378, 3.0118 0.3484 1.378, 3.2874 -0.1772 1.378, 3.6811 0.1772 1.378, 3.0118 -0.1772 1.378, 3.4055 0.1772 1.378, 3.2874 0.3484 1.378, 3.4055 0.3484 1.378, 3.6811 -0.1772 1.378, 4.0748 0.1772 1.378, 3.4055 -0.1772 1.378, 3.7992 0.1772 1.378, 3.6811 0.3484 1.378, 3.7992 0.3484 1.378, 4.0748 -0.1772 1.378, 4.4685 0.1772 1.378, 3.7992 -0.1772 1.378, 4.1929 0.1772 1.378, 4.0748 0.3484 1.378, 4.1929 0.3484 1.378, 4.4685 -0.1772 1.378, 4.8622 0.1772 1.378, 4.1929 -0.1772 1.378, 4.5866 0.1772 1.378, 4.4685 0.3484 1.378, 4.5866 0.3484 1.378, 4.8622 -0.1772 1.378, 5.2559 0.1772 1.378, 4.5866 -0.1772 1.378, 4.9803 0.1772 1.378, 4.8622 0.3484 1.378, 4.9803 0.3484 1.378, 5.2559 -0.1772 1.378, 5.6496 0.1772 1.378, 4.9803 -0.1772 1.378, 5.374 0.1772 1.378, 5.2559 0.3484 1.378, 5.374 0.3484 1.378, 5.6496 -0.1772 1.378, 6.0433 0.1772 1.378, 5.374 -0.1772 1.378, 5.7677 0.1772 1.378, 5.6496 0.3484 1.378, 5.7677 0.3484 1.378, 6.0433 -0.1772 1.378, 6.437 0.1772 1.378, 5.7677 -0.1772 1.378, 6.1614 0.1772 1.378, 6.0433 0.3484 1.378, 6.1614 0.3484 1.378, 6.437 -0.1772 1.378, 6.8307 0.1772 1.378, 6.1614 -0.1772 1.378, 6.5551 0.1772 1.378, 6.437 0.3484 1.378, 6.5551 0.3484 1.378, 6.8307 -0.1772 1.378, 7.2244 0.1772 1.378, 6.5551 -0.1772 1.378, 6.9488 0.1772 1.378, 6.8307 0.3484 1.378, 6.9488 0.3484 1.378, 7.2244 -0.1772 1.378, 7.6181 0.1772 1.378, 6.9488 -0.1772 1.378, 7.3425 0.1772 1.378, 7.2244 0.3484 1.378, 7.3425 0.3484 1.378, 7.6181 -0.1772 1.378, 8.0118 0.1772 1.378, 7.3425 -0.1772 1.378, 7.7362 0.1772 1.378, 7.6181 0.3484 1.378, 7.7362 0.3484 1.378, 8.0118 -0.1772 1.378, 8.4055 0.1772 1.378, 7.7362 -0.1772 1.378, 8.1299 0.1772 1.378, 8.0118 0.3484 1.378, 8.1299 0.3484 1.378, 8.4055 -0.1772 1.378, 8.7992 0.1772 1.378, 8.1299 -0.1772 1.378, 8.5236 0.1772 1.378, 8.4055 0.3484 1.378, 8.5236 0.3484 1.378, 8.7992 -0.1772 1.378, 9.1929 0.1772 1.378, 8.5236 -0.1772 1.378, 8.9173 0.1772 1.378, 8.7992 0.3484 1.378, 8.9173 0.3484 1.378, 9.1929 -0.1772 1.378, 9.5866 0.1772 1.378, 8.9173 -0.1772 1.378, 9.311 0.1772 1.378, 9.1929 0.3484 1.378, 9.311 0.3484 1.378, 9.9803 0.1772 1.378, 9.7047 0.1772 1.378, 9.311 -0.1772 1.378, 9.5866 -0.1772 1.378, 9.7047 -0.1772 1.378, 9.5866 0.3484 1.378, 9.7047 0.3484 1.378, 10.252 0.3484 1.378, 9.9803 0.3484 1.378, 9.9803 -0.1772 1.378, -5.6654 -0.3484 1.378, -5.7677 -0.3484 1.378, -5.7677 -0.3484 3.5827, -6.0433 -0.3484 1.378, -6.1614 -0.3484 1.378, -6.0433 -0.3484 3.5827, -6.1614 -0.3484 3.5827, -5.6654 -0.3484 4.2126, -10.252 -0.3484 4.2126, -6.437 -0.3484 3.5827, -6.8307 -0.3484 3.5827, -6.8307 -0.3484 1.378, -6.9488 -0.3484 1.378, -6.9488 -0.3484 3.5827, -7.2244 -0.3484 3.5827, -6.5551 -0.3484 3.5827, -6.5551 -0.3484 1.378, -6.437 -0.3484 1.378, -7.6181 -0.3484 3.5827, -7.6181 -0.3484 1.378, -7.7362 -0.3484 1.378, -7.7362 -0.3484 3.5827, -8.0118 -0.3484 3.5827, -7.3425 -0.3484 3.5827, -7.3425 -0.3484 1.378, -7.2244 -0.3484 1.378, -8.4055 -0.3484 3.5827, -8.4055 -0.3484 1.378, -8.5236 -0.3484 1.378, -8.5236 -0.3484 3.5827, -8.7992 -0.3484 3.5827, -8.1299 -0.3484 3.5827, -8.1299 -0.3484 1.378, -8.0118 -0.3484 1.378, -9.1929 -0.3484 3.5827, -9.1929 -0.3484 1.378, -9.311 -0.3484 1.378, -9.311 -0.3484 3.5827, -9.5866 -0.3484 3.5827, -8.9173 -0.3484 3.5827, -8.9173 -0.3484 1.378, -8.7992 -0.3484 1.378, -9.9803 -0.3484 1.378, -10.252 -0.3484 1.378, -9.9803 -0.3484 3.5827, -9.7047 -0.3484 3.5827, -9.7047 -0.3484 1.378, -9.5866 -0.3484 1.378, -5.7677 -0.1772 1.378, -10.252 0.3484 1.378, -9.9803 -0.1772 1.378, -9.7047 -0.1772 1.378, -9.311 0.1772 1.378, -9.5866 0.1772 1.378, -9.9803 0.3484 1.378, -9.9803 0.1772 1.378, -9.7047 0.1772 1.378, -9.7047 0.3484 1.378, -9.5866 0.3484 1.378, -9.311 -0.1772 1.378, -8.9173 0.1772 1.378, -9.5866 -0.1772 1.378, -9.1929 0.1772 1.378, -9.311 0.3484 1.378, -9.1929 0.3484 1.378, -8.9173 -0.1772 1.378, -8.5236 0.1772 1.378, -9.1929 -0.1772 1.378, -8.7992 0.1772 1.378, -8.9173 0.3484 1.378, -8.7992 0.3484 1.378, -8.5236 -0.1772 1.378, -8.1299 0.1772 1.378, -8.7992 -0.1772 1.378, -8.4055 0.1772 1.378, -8.5236 0.3484 1.378, -8.4055 0.3484 1.378, -8.1299 -0.1772 1.378, -7.7362 0.1772 1.378, -8.4055 -0.1772 1.378, -8.0118 0.1772 1.378, -8.1299 0.3484 1.378, -8.0118 0.3484 1.378, -7.7362 -0.1772 1.378, -7.3425 0.1772 1.378, -8.0118 -0.1772 1.378, -7.6181 0.1772 1.378, -7.7362 0.3484 1.378, -7.6181 0.3484 1.378, -7.3425 -0.1772 1.378, -6.9488 0.1772 1.378, -7.6181 -0.1772 1.378, -7.2244 0.1772 1.378, -7.3425 0.3484 1.378, -7.2244 0.3484 1.378, -6.9488 -0.1772 1.378, -6.5551 0.1772 1.378, -7.2244 -0.1772 1.378, -6.8307 0.1772 1.378, -6.9488 0.3484 1.378, -6.8307 0.3484 1.378, -6.5551 -0.1772 1.378, -6.1614 0.1772 1.378, -6.8307 -0.1772 1.378, -6.437 0.1772 1.378, -6.5551 0.3484 1.378, -6.437 0.3484 1.378, -6.1614 -0.1772 1.378, -5.7677 0.1772 1.378, -6.437 -0.1772 1.378, -6.0433 0.1772 1.378, -6.1614 0.3484 1.378, -6.0433 0.3484 1.378, -5.6654 0.3484 1.378, -5.7677 0.3484 1.378, -6.0433 -0.1772 1.378, 9.9803 -0.5846 3.5827, 9.9803 -0.5846 4.3701, 9.7047 -0.5846 3.5827, 9.7047 -0.5846 4.3701, 9.7047 -0.939 2.4016, 9.7047 -0.9783 2.4016, 9.9803 -0.939 2.4016, 9.9803 -0.9783 2.4016, 9.5866 -0.5846 3.5827, 9.5866 -0.5846 4.3701, 9.311 -0.5846 3.5827, 9.311 -0.5846 4.3701, 9.311 -0.939 2.4016, 9.311 -0.9783 2.4016, 9.5866 -0.939 2.4016, 9.5866 -0.9783 2.4016, 9.1929 -0.5846 3.5827, 9.1929 -0.5846 4.3701, 8.9173 -0.5846 3.5827, 8.9173 -0.5846 4.3701, 8.9173 -0.939 2.4016, 8.9173 -0.9783 2.4016, 9.1929 -0.939 2.4016, 9.1929 -0.9783 2.4016, 8.7992 -0.5846 3.5827, 8.7992 -0.5846 4.3701, 8.5236 -0.5846 3.5827, 8.5236 -0.5846 4.3701, 8.5236 -0.939 2.4016, 8.5236 -0.9783 2.4016, 8.7992 -0.939 2.4016, 8.7992 -0.9783 2.4016, 8.4055 -0.5846 3.5827, 8.4055 -0.5846 4.3701, 8.1299 -0.5846 3.5827, 8.1299 -0.5846 4.3701, 8.1299 -0.939 2.4016, 8.1299 -0.9783 2.4016, 8.4055 -0.939 2.4016, 8.4055 -0.9783 2.4016, 8.0118 -0.5846 3.5827, 8.0118 -0.5846 4.3701, 7.7362 -0.5846 3.5827, 7.7362 -0.5846 4.3701, 7.7362 -0.939 2.4016, 7.7362 -0.9783 2.4016, 8.0118 -0.939 2.4016, 8.0118 -0.9783 2.4016, 7.6181 -0.5846 3.5827, 7.6181 -0.5846 4.3701, 7.3425 -0.5846 3.5827, 7.3425 -0.5846 4.3701, 7.3425 -0.939 2.4016, 7.3425 -0.9783 2.4016, 7.6181 -0.939 2.4016, 7.6181 -0.9783 2.4016, 7.2244 -0.5846 3.5827, 7.2244 -0.5846 4.3701, 6.9488 -0.5846 3.5827, 6.9488 -0.5846 4.3701, 6.9488 -0.939 2.4016, 6.9488 -0.9783 2.4016, 7.2244 -0.939 2.4016, 7.2244 -0.9783 2.4016, 6.8307 -0.5846 3.5827, 6.8307 -0.5846 4.3701, 6.5551 -0.5846 3.5827, 6.5551 -0.5846 4.3701, 6.5551 -0.939 2.4016, 6.5551 -0.9783 2.4016, 6.8307 -0.939 2.4016, 6.8307 -0.9783 2.4016, 6.437 -0.5846 3.5827, 6.437 -0.5846 4.3701, 6.1614 -0.5846 3.5827, 6.1614 -0.5846 4.3701, 6.1614 -0.939 2.4016, 6.1614 -0.9783 2.4016, 6.437 -0.939 2.4016, 6.437 -0.9783 2.4016, 6.0433 -0.5846 3.5827, 6.0433 -0.5846 4.3701, 5.7677 -0.5846 3.5827, 5.7677 -0.5846 4.3701, 5.7677 -0.939 2.4016, 5.7677 -0.9783 2.4016, 6.0433 -0.939 2.4016, 6.0433 -0.9783 2.4016, 5.6496 -0.5846 3.5827, 5.6496 -0.5846 4.3701, 5.374 -0.5846 3.5827, 5.374 -0.5846 4.3701, 5.374 -0.939 2.4016, 5.374 -0.9783 2.4016, 5.6496 -0.939 2.4016, 5.6496 -0.9783 2.4016, 5.2559 -0.5846 3.5827, 5.2559 -0.5846 4.3701, 4.9803 -0.5846 3.5827, 4.9803 -0.5846 4.3701, 4.9803 -0.939 2.4016, 4.9803 -0.9783 2.4016, 5.2559 -0.939 2.4016, 5.2559 -0.9783 2.4016, 4.8622 -0.5846 3.5827, 4.8622 -0.5846 4.3701, 4.5866 -0.5846 3.5827, 4.5866 -0.5846 4.3701, 4.5866 -0.939 2.4016, 4.5866 -0.9783 2.4016, 4.8622 -0.939 2.4016, 4.8622 -0.9783 2.4016, 4.4685 -0.5846 3.5827, 4.4685 -0.5846 4.3701, 4.1929 -0.5846 3.5827, 4.1929 -0.5846 4.3701, 4.1929 -0.939 2.4016, 4.1929 -0.9783 2.4016, 4.4685 -0.939 2.4016, 4.4685 -0.9783 2.4016, 4.0748 -0.5846 3.5827, 4.0748 -0.5846 4.3701, 3.7992 -0.5846 3.5827, 3.7992 -0.5846 4.3701, 3.7992 -0.939 2.4016, 3.7992 -0.9783 2.4016, 4.0748 -0.939 2.4016, 4.0748 -0.9783 2.4016, 3.6811 -0.5846 3.5827, 3.6811 -0.5846 4.3701, 3.4055 -0.5846 3.5827, 3.4055 -0.5846 4.3701, 3.4055 -0.939 2.4016, 3.4055 -0.9783 2.4016, 3.6811 -0.939 2.4016, 3.6811 -0.9783 2.4016, 3.2874 -0.5846 3.5827, 3.2874 -0.5846 4.3701, 3.0118 -0.5846 3.5827, 3.0118 -0.5846 4.3701, 3.0118 -0.939 2.4016, 3.0118 -0.9783 2.4016, 3.2874 -0.939 2.4016, 3.2874 -0.9783 2.4016, 2.8937 -0.5846 3.5827, 2.8937 -0.5846 4.3701, 2.6181 -0.5846 3.5827, 2.6181 -0.5846 4.3701, 2.6181 -0.939 2.4016, 2.6181 -0.9783 2.4016, 2.8937 -0.939 2.4016, 2.8937 -0.9783 2.4016, 2.5 -0.5846 3.5827, 2.5 -0.5846 4.3701, 2.2244 -0.5846 3.5827, 2.2244 -0.5846 4.3701, 2.2244 -0.939 2.4016, 2.2244 -0.9783 2.4016, 2.5 -0.939 2.4016, 2.5 -0.9783 2.4016, 2.1063 -0.5846 3.5827, 2.1063 -0.5846 4.3701, 1.8307 -0.5846 3.5827, 1.8307 -0.5846 4.3701, 1.8307 -0.939 2.4016, 1.8307 -0.9783 2.4016, 2.1063 -0.939 2.4016, 2.1063 -0.9783 2.4016, 1.7126 -0.5846 3.5827, 1.7126 -0.5846 4.3701, 1.437 -0.5846 3.5827, 1.437 -0.5846 4.3701, 1.437 -0.939 2.4016, 1.437 -0.9783 2.4016, 1.7126 -0.939 2.4016, 1.7126 -0.9783 2.4016, 1.3189 -0.5846 3.5827, 1.3189 -0.5846 4.3701, 1.0433 -0.5846 3.5827, 1.0433 -0.5846 4.3701, 1.0433 -0.939 2.4016, 1.0433 -0.9783 2.4016, 1.3189 -0.939 2.4016, 1.3189 -0.9783 2.4016, 0.9252 -0.5846 3.5827, 0.9252 -0.5846 4.3701, 0.6496 -0.5846 3.5827, 0.6496 -0.5846 4.3701, 0.6496 -0.939 2.4016, 0.6496 -0.9783 2.4016, 0.9252 -0.939 2.4016, 0.9252 -0.9783 2.4016, 0.5315 -0.5846 3.5827, 0.5315 -0.5846 4.3701, 0.2559 -0.5846 3.5827, 0.2559 -0.5846 4.3701, 0.2559 -0.939 2.4016, 0.2559 -0.9783 2.4016, 0.5315 -0.939 2.4016, 0.5315 -0.9783 2.4016, 0.1378 -0.5846 3.5827, 0.1378 -0.5846 4.3701, -0.1378 -0.5846 3.5827, -0.1378 -0.5846 4.3701, -0.1378 -0.939 2.4016, -0.1378 -0.9783 2.4016, 0.1378 -0.939 2.4016, 0.1378 -0.9783 2.4016, -0.2559 -0.5846 3.5827, -0.2559 -0.5846 4.3701, -0.5315 -0.5846 3.5827, -0.5315 -0.5846 4.3701, -0.5315 -0.939 2.4016, -0.5315 -0.9783 2.4016, -0.2559 -0.939 2.4016, -0.2559 -0.9783 2.4016, -0.6496 -0.5846 3.5827, -0.6496 -0.5846 4.3701, -0.9252 -0.5846 3.5827, -0.9252 -0.5846 4.3701, -0.9252 -0.939 2.4016, -0.9252 -0.9783 2.4016, -0.6496 -0.939 2.4016, -0.6496 -0.9783 2.4016, -1.0433 -0.5846 3.5827, -1.0433 -0.5846 4.3701, -1.3189 -0.5846 3.5827, -1.3189 -0.5846 4.3701, -1.3189 -0.939 2.4016, -1.3189 -0.9783 2.4016, -1.0433 -0.939 2.4016, -1.0433 -0.9783 2.4016, -1.437 -0.5846 3.5827, -1.437 -0.5846 4.3701, -1.7126 -0.5846 3.5827, -1.7126 -0.5846 4.3701, -1.7126 -0.939 2.4016, -1.7126 -0.9783 2.4016, -1.437 -0.939 2.4016, -1.437 -0.9783 2.4016, -1.8307 -0.5846 3.5827, -1.8307 -0.5846 4.3701, -2.1063 -0.5846 3.5827, -2.1063 -0.5846 4.3701, -2.1063 -0.939 2.4016, -2.1063 -0.9783 2.4016, -1.8307 -0.939 2.4016, -1.8307 -0.9783 2.4016, -2.2244 -0.5846 3.5827, -2.2244 -0.5846 4.3701, -2.5 -0.5846 3.5827, -2.5 -0.5846 4.3701, -2.5 -0.939 2.4016, -2.5 -0.9783 2.4016, -2.2244 -0.939 2.4016, -2.2244 -0.9783 2.4016, -2.6181 -0.5846 3.5827, -2.6181 -0.5846 4.3701, -2.8937 -0.5846 3.5827, -2.8937 -0.5846 4.3701, -2.8937 -0.939 2.4016, -2.8937 -0.9783 2.4016, -2.6181 -0.939 2.4016, -2.6181 -0.9783 2.4016, -3.0118 -0.5846 3.5827, -3.0118 -0.5846 4.3701, -3.2874 -0.5846 3.5827, -3.2874 -0.5846 4.3701, -3.2874 -0.939 2.4016, -3.2874 -0.9783 2.4016, -3.0118 -0.939 2.4016, -3.0118 -0.9783 2.4016, -3.4055 -0.5846 3.5827, -3.4055 -0.5846 4.3701, -3.6811 -0.5846 3.5827, -3.6811 -0.5846 4.3701, -3.6811 -0.939 2.4016, -3.6811 -0.9783 2.4016, -3.4055 -0.939 2.4016, -3.4055 -0.9783 2.4016, -3.7992 -0.5846 3.5827, -3.7992 -0.5846 4.3701, -4.0748 -0.5846 3.5827, -4.0748 -0.5846 4.3701, -4.0748 -0.939 2.4016, -4.0748 -0.9783 2.4016, -3.7992 -0.939 2.4016, -3.7992 -0.9783 2.4016, -4.1929 -0.5846 3.5827, -4.1929 -0.5846 4.3701, -4.4685 -0.5846 3.5827, -4.4685 -0.5846 4.3701, -4.4685 -0.939 2.4016, -4.4685 -0.9783 2.4016, -4.1929 -0.939 2.4016, -4.1929 -0.9783 2.4016, -4.5866 -0.5846 3.5827, -4.5866 -0.5846 4.3701, -4.8622 -0.5846 3.5827, -4.8622 -0.5846 4.3701, -4.8622 -0.939 2.4016, -4.8622 -0.9783 2.4016, -4.5866 -0.939 2.4016, -4.5866 -0.9783 2.4016, -5.7677 -0.5846 3.5827, -5.7677 -0.5846 4.3701, -6.0433 -0.5846 3.5827, -6.0433 -0.5846 4.3701, -6.0433 -0.939 2.4016, -6.0433 -0.9783 2.4016, -5.7677 -0.939 2.4016, -5.7677 -0.9783 2.4016, -6.1614 -0.5846 3.5827, -6.1614 -0.5846 4.3701, -6.437 -0.5846 3.5827, -6.437 -0.5846 4.3701, -6.437 -0.939 2.4016, -6.437 -0.9783 2.4016, -6.1614 -0.939 2.4016, -6.1614 -0.9783 2.4016, -6.5551 -0.5846 3.5827, -6.5551 -0.5846 4.3701, -6.8307 -0.5846 3.5827, -6.8307 -0.5846 4.3701, -6.8307 -0.939 2.4016, -6.8307 -0.9783 2.4016, -6.5551 -0.939 2.4016, -6.5551 -0.9783 2.4016, -6.9488 -0.5846 3.5827, -6.9488 -0.5846 4.3701, -7.2244 -0.5846 3.5827, -7.2244 -0.5846 4.3701, -7.2244 -0.939 2.4016, -7.2244 -0.9783 2.4016, -6.9488 -0.939 2.4016, -6.9488 -0.9783 2.4016, -7.3425 -0.5846 3.5827, -7.3425 -0.5846 4.3701, -7.6181 -0.5846 3.5827, -7.6181 -0.5846 4.3701, -7.6181 -0.939 2.4016, -7.6181 -0.9783 2.4016, -7.3425 -0.939 2.4016, -7.3425 -0.9783 2.4016, -7.7362 -0.5846 3.5827, -7.7362 -0.5846 4.3701, -8.0118 -0.5846 3.5827, -8.0118 -0.5846 4.3701, -8.0118 -0.939 2.4016, -8.0118 -0.9783 2.4016, -7.7362 -0.939 2.4016, -7.7362 -0.9783 2.4016, -8.1299 -0.5846 3.5827, -8.1299 -0.5846 4.3701, -8.4055 -0.5846 3.5827, -8.4055 -0.5846 4.3701, -8.4055 -0.939 2.4016, -8.4055 -0.9783 2.4016, -8.1299 -0.939 2.4016, -8.1299 -0.9783 2.4016, -8.5236 -0.5846 3.5827, -8.5236 -0.5846 4.3701, -8.7992 -0.5846 3.5827, -8.7992 -0.5846 4.3701, -8.7992 -0.939 2.4016, -8.7992 -0.9783 2.4016, -8.5236 -0.939 2.4016, -8.5236 -0.9783 2.4016, -8.9173 -0.5846 3.5827, -8.9173 -0.5846 4.3701, -9.1929 -0.5846 3.5827, -9.1929 -0.5846 4.3701, -9.1929 -0.939 2.4016, -9.1929 -0.9783 2.4016, -8.9173 -0.939 2.4016, -8.9173 -0.9783 2.4016, -9.311 -0.5846 3.5827, -9.311 -0.5846 4.3701, -9.5866 -0.5846 3.5827, -9.5866 -0.5846 4.3701, -9.5866 -0.939 2.4016, -9.5866 -0.9783 2.4016, -9.311 -0.939 2.4016, -9.311 -0.9783 2.4016, -9.7047 -0.5846 3.5827, -9.7047 -0.5846 4.3701, -9.9803 -0.5846 3.5827, -9.9803 -0.5846 4.3701, -9.9803 -0.939 2.4016, -9.9803 -0.9783 2.4016, -9.7047 -0.939 2.4016, -9.7047 -0.9783 2.4016, -5.7677 0.9783 4.3701, -5.7677 0.5846 4.3701, -5.6378 0.5453 4.3701, -6.1614 0.9783 4.3701, -6.1614 0.5846 4.3701, -6.1024 0.5453 4.3701, 1.378 -0.5453 4.3701, 0.1969 -0.5453 4.3701, -1.378 -0.5453 4.3701, -2.1654 -0.5453 4.3701, -3.7402 -0.5453 4.3701, -4.5276 -0.5453 4.3701, -5.6378 -1.2175 4.3701, -4.9921 -1.2175 4.3701, -4.9921 -0.5453 4.3701, -5.6378 -0.5453 4.3701, -6.1024 -0.5453 4.3701, -6.8898 -0.5453 4.3701, -7.6772 -0.5453 4.3701, 0.1969 -1.4567 4.3701, 1.378 -1.4567 4.3701, 1.378 -1.2175 4.3701, -4.5276 -1.4567 4.3701, -3.7402 -1.4567 4.3701, -3.7402 -1.2175 4.3701, -7.6772 -1.4567 4.3701, -6.8898 -1.4567 4.3701, -6.8898 -1.2175 4.3701, -10.8268 -1.4567 4.3701, -9.252 -1.4567 4.3701, -9.252 -1.2175 4.3701, -5.122 0.5059 4.3701, -4.9921 0.5059 4.3701, -4.9921 0.5453 4.3701, -5.5079 -0.5059 4.3701, -5.6378 -0.5059 4.3701, -5.6378 0.5059 4.3701, -5.5079 0.5059 4.3701, -4.9921 -0.5059 4.3701, -5.122 -0.5059 4.3701, 10.1949 0.5453 4.3701, 10.1949 0.5059 4.3701, 10.4094 0.5059 4.3701, 9.6457 0.5059 4.3701, 9.6457 0.5453 4.3701, 9.252 0.5059 4.3701, 9.252 0.5453 4.3701, 8.8583 0.5059 4.3701, 8.8583 0.5453 4.3701, 8.4646 0.5059 4.3701, 8.4646 0.5453 4.3701, 7.6772 0.5059 4.3701, 7.6772 0.5453 4.3701, 7.2835 0.5453 4.3701, 7.2835 0.5059 4.3701, 6.8898 0.5059 4.3701, 6.8898 0.5453 4.3701, 6.4961 0.5059 4.3701, 6.4961 0.5453 4.3701, 6.1024 0.5059 4.3701, 6.1024 0.5453 4.3701, 5.315 0.5059 4.3701, 5.315 0.5453 4.3701, 4.9213 0.5453 4.3701, 4.9213 0.5059 4.3701, 4.5276 0.5059 4.3701, 4.5276 0.5453 4.3701, 4.1339 0.5059 4.3701, 4.1339 0.5453 4.3701, 3.7402 0.5059 4.3701, 3.7402 0.5453 4.3701, 2.9528 0.5059 4.3701, 2.9528 0.5453 4.3701, 2.5591 0.5453 4.3701, 2.5591 0.5059 4.3701, 2.1654 0.5059 4.3701, 2.1654 0.5453 4.3701, 1.7717 0.5059 4.3701, 1.7717 0.5453 4.3701, 1.378 0.5059 4.3701, 1.378 0.5453 4.3701, 0.1969 0.5059 4.3701, 0.1969 0.5453 4.3701, -0.1969 0.5453 4.3701, -0.1969 0.5059 4.3701, -0.5906 0.5059 4.3701, -0.5906 0.5453 4.3701, -0.9843 0.5059 4.3701, -0.9843 0.5453 4.3701, -1.378 0.5059 4.3701, -1.378 0.5453 4.3701, -2.1654 0.5059 4.3701, -2.1654 0.5453 4.3701, -2.5591 0.5453 4.3701, -2.5591 0.5059 4.3701, -2.9528 0.5059 4.3701, -2.9528 0.5453 4.3701, -3.3465 0.5059 4.3701, -3.3465 0.5453 4.3701, -3.7402 0.5059 4.3701, -3.7402 0.5453 4.3701, -4.5276 0.5059 4.3701, -10.4094 0.5059 4.3701, -10.8268 0.5453 4.3701, -10.4094 -0.5059 4.3701, -10.8268 -0.5453 4.3701, -9.252 -0.5453 4.3701, -6.1024 -0.5059 4.3701, -6.4961 -0.5453 4.3701, -6.4961 -0.5059 4.3701, -6.8898 -0.5059 4.3701, -7.6772 -0.5059 4.3701, -8.0709 -0.5453 4.3701, -8.0709 -0.5059 4.3701, -8.4646 -0.5453 4.3701, -8.4646 -0.5059 4.3701, -8.8583 -0.5453 4.3701, -8.8583 -0.5059 4.3701, -9.252 -0.5059 4.3701, -6.1024 0.5059 4.3701, -6.4961 0.5059 4.3701, -6.4961 0.5453 4.3701, -6.8898 0.5059 4.3701, -6.8898 0.5453 4.3701, -7.6772 0.5059 4.3701, -7.6772 0.5453 4.3701, -8.0709 0.5453 4.3701, -8.0709 0.5059 4.3701, -8.4646 0.5059 4.3701, -8.4646 0.5453 4.3701, -8.8583 0.5059 4.3701, -8.8583 0.5453 4.3701, -9.252 0.5059 4.3701, -9.252 0.5453 4.3701, -8.8583 -1.2175 4.3701, -8.8583 -1.4567 4.3701, -8.4646 -1.2175 4.3701, -7.6772 -1.2175 4.3701, -8.0709 -1.4567 4.3701, -8.0709 -1.2175 4.3701, -8.4646 -1.4567 4.3701, -8.6614 -1.4567 4.3701, -6.4961 -1.2175 4.3701, -6.4961 -1.4567 4.3701, -6.1024 -1.2175 4.3701, -6.1024 -1.4567 4.3701, -5.6378 -1.4567 4.3701, -5.315 -1.4567 4.3701, -4.9921 -1.4567 4.3701, -4.5276 -1.2175 4.3701, -4.7244 -1.4567 4.3701, -3.3465 -1.2175 4.3701, -3.3465 -1.4567 4.3701, -2.9528 -1.2175 4.3701, -2.9528 -1.4567 4.3701, -2.5591 -1.2175 4.3701, -2.5591 -1.4567 4.3701, -2.1654 -1.2175 4.3701, -2.1654 -1.4567 4.3701, -1.9685 -1.4567 4.3701, 0.1969 -1.2175 4.3701, -0.1969 -1.4567 4.3701, -0.1969 -1.2175 4.3701, -0.5906 -1.4567 4.3701, -0.5906 -1.2175 4.3701, -0.9843 -1.4567 4.3701, -0.9843 -1.2175 4.3701, -1.378 -1.4567 4.3701, -1.378 -1.2175 4.3701, 1.7717 -1.2175 4.3701, 1.7717 -1.4567 4.3701, 2.1654 -1.2175 4.3701, 1.9685 -1.4567 4.3701, 2.1654 -1.4567 4.3701, 2.5591 -1.2175 4.3701, 2.5591 -1.4567 4.3701, 2.9528 -1.2175 4.3701, 2.9528 -1.4567 4.3701, 3.7402 -1.2175 4.3701, 3.7402 -1.4567 4.3701, 4.1339 -1.2175 4.3701, 4.1339 -1.4567 4.3701, 4.5276 -1.2175 4.3701, 4.5276 -1.4567 4.3701, 4.9213 -1.2175 4.3701, 4.7244 -1.4567 4.3701, 4.9213 -1.4567 4.3701, 5.315 -1.2175 4.3701, 5.315 -1.4567 4.3701, 6.1024 -1.2175 4.3701, 6.1024 -1.4567 4.3701, 6.4961 -1.2175 4.3701, 6.4961 -1.4567 4.3701, 6.8898 -1.2175 4.3701, 6.8898 -1.4567 4.3701, 7.2835 -1.2175 4.3701, 7.2835 -1.4567 4.3701, 7.6772 -1.2175 4.3701, 7.6772 -1.4567 4.3701, 8.4646 -1.2175 4.3701, 8.0709 -1.4567 4.3701, 8.4646 -1.4567 4.3701, 8.8583 -1.2175 4.3701, 9.6457 -1.4567 4.3701, 9.6457 -1.2175 4.3701, 9.252 -1.4567 4.3701, 9.252 -1.2175 4.3701, 8.8583 -1.4567 4.3701, 8.6614 -1.4567 4.3701, 10.8268 -1.4567 4.3701, 10.8268 -1.2175 4.3701, 10.1949 -1.4567 4.3701, 10.1949 -1.2175 4.3701, -9.311 -0.9783 4.3701, -9.5866 -0.9783 4.3701, -10.8268 -1.2175 4.3701, -9.9803 -0.9783 4.3701, -9.7047 -0.9783 4.3701, -8.9173 -0.9783 4.3701, -9.1929 -0.9783 4.3701, -8.5236 -0.9783 4.3701, -8.7992 -0.9783 4.3701, -8.1299 -0.9783 4.3701, -8.4055 -0.9783 4.3701, -7.7362 -0.9783 4.3701, -8.0118 -0.9783 4.3701, -6.9488 -0.9783 4.3701, -7.2244 -0.9783 4.3701, -7.3425 -0.9783 4.3701, -7.6181 -0.9783 4.3701, -6.5551 -0.9783 4.3701, -6.8307 -0.9783 4.3701, -6.1614 -0.9783 4.3701, -6.437 -0.9783 4.3701, -5.7677 -0.9783 4.3701, -6.0433 -0.9783 4.3701, -4.5866 -0.9783 4.3701, -4.8622 -0.9783 4.3701, -3.7992 -0.9783 4.3701, -4.0748 -0.9783 4.3701, -4.1929 -0.9783 4.3701, -4.4685 -0.9783 4.3701, -3.3465 -0.5453 4.3701, -3.4055 -0.9783 4.3701, -3.6811 -0.9783 4.3701, -2.9528 -0.5453 4.3701, -3.0118 -0.9783 4.3701, -3.2874 -0.9783 4.3701, -2.5591 -0.5453 4.3701, -2.6181 -0.9783 4.3701, -2.8937 -0.9783 4.3701, -2.2244 -0.9783 4.3701, -2.5 -0.9783 4.3701, -1.437 -0.9783 4.3701, -1.7126 -0.9783 4.3701, -1.8307 -0.9783 4.3701, -2.1063 -0.9783 4.3701, -0.9843 -0.5453 4.3701, -1.0433 -0.9783 4.3701, -1.3189 -0.9783 4.3701, -0.5906 -0.5453 4.3701, -0.6496 -0.9783 4.3701, -0.9252 -0.9783 4.3701, -0.1969 -0.5453 4.3701, -0.2559 -0.9783 4.3701, -0.5315 -0.9783 4.3701, 0.1378 -0.9783 4.3701, -0.1378 -0.9783 4.3701, 0.9252 -0.9783 4.3701, 0.6496 -0.9783 4.3701, 1.0433 -0.9783 4.3701, 1.3189 -0.9783 4.3701, 0.5315 -0.9783 4.3701, 0.2559 -0.9783 4.3701, 1.7717 -0.5453 4.3701, 1.7126 -0.9783 4.3701, 1.437 -0.9783 4.3701, 2.1654 -0.5453 4.3701, 2.1063 -0.9783 4.3701, 1.8307 -0.9783 4.3701, 2.5591 -0.5453 4.3701, 2.5 -0.9783 4.3701, 2.2244 -0.9783 4.3701, 2.9528 -0.5453 4.3701, 2.8937 -0.9783 4.3701, 2.6181 -0.9783 4.3701, 3.7402 -0.5453 4.3701, 3.6811 -0.9783 4.3701, 3.2874 -0.9783 4.3701, 3.4055 -0.9783 4.3701, 3.0118 -0.9783 4.3701, 4.1339 -0.5453 4.3701, 4.0748 -0.9783 4.3701, 3.7992 -0.9783 4.3701, 4.5276 -0.5453 4.3701, 4.4685 -0.9783 4.3701, 4.1929 -0.9783 4.3701, 4.9213 -0.5453 4.3701, 4.8622 -0.9783 4.3701, 4.5866 -0.9783 4.3701, 5.315 -0.5453 4.3701, 5.2559 -0.9783 4.3701, 4.9803 -0.9783 4.3701, 6.1024 -0.5453 4.3701, 6.0433 -0.9783 4.3701, 5.6496 -0.9783 4.3701, 5.7677 -0.9783 4.3701, 5.374 -0.9783 4.3701, 6.4961 -0.5453 4.3701, 6.437 -0.9783 4.3701, 6.1614 -0.9783 4.3701, 6.8898 -0.5453 4.3701, 6.8307 -0.9783 4.3701, 6.5551 -0.9783 4.3701, 7.2835 -0.5453 4.3701, 7.2244 -0.9783 4.3701, 6.9488 -0.9783 4.3701, 7.6772 -0.5453 4.3701, 7.6181 -0.9783 4.3701, 7.3425 -0.9783 4.3701, 8.4646 -0.5453 4.3701, 8.4055 -0.9783 4.3701, 8.0118 -0.9783 4.3701, 8.1299 -0.9783 4.3701, 7.7362 -0.9783 4.3701, 8.8583 -0.5453 4.3701, 8.7992 -0.9783 4.3701, 8.5236 -0.9783 4.3701, 9.252 -0.5453 4.3701, 9.1929 -0.9783 4.3701, 8.9173 -0.9783 4.3701, 9.9803 -0.9783 4.3701, 9.7047 -0.9783 4.3701, 9.6457 -0.5453 4.3701, 9.5866 -0.9783 4.3701, 9.311 -0.9783 4.3701, 10.8268 -0.5453 4.3701, 10.1949 -0.5453 4.3701, -9.311 0.5846 4.3701, -9.5866 0.5846 4.3701, -9.5866 0.9783 4.3701, -9.311 0.9783 4.3701, -9.252 1.2598 4.3701, -10.8268 1.2598 4.3701, -9.7047 0.9783 4.3701, -9.7047 0.5846 4.3701, -9.9803 0.5846 4.3701, -9.9803 0.9783 4.3701, -8.9173 0.5846 4.3701, -9.1929 0.5846 4.3701, -9.1929 0.9783 4.3701, -8.9173 0.9783 4.3701, -8.8583 1.2598 4.3701, -8.5236 0.5846 4.3701, -8.7992 0.5846 4.3701, -8.7992 0.9783 4.3701, -8.5236 0.9783 4.3701, -8.4646 1.2598 4.3701, -8.1299 0.5846 4.3701, -8.4055 0.5846 4.3701, -8.4055 0.9783 4.3701, -8.1299 0.9783 4.3701, -8.0709 1.2598 4.3701, -7.7362 0.5846 4.3701, -8.0118 0.5846 4.3701, -8.0118 0.9783 4.3701, -7.7362 0.9783 4.3701, -7.6772 1.2598 4.3701, -7.3425 0.5846 4.3701, -7.6181 0.5846 4.3701, -7.6181 0.9783 4.3701, -7.3425 0.9783 4.3701, -6.8898 1.2598 4.3701, -6.9488 0.5846 4.3701, -7.2244 0.5846 4.3701, -6.9488 0.9783 4.3701, -7.2244 0.9783 4.3701, -6.5551 0.5846 4.3701, -6.8307 0.5846 4.3701, -6.8307 0.9783 4.3701, -6.5551 0.9783 4.3701, -6.4961 1.2598 4.3701, -6.437 0.5846 4.3701, -6.437 0.9783 4.3701, -6.1024 1.2598 4.3701, -6.0433 0.5846 4.3701, -6.0433 0.9783 4.3701, -5.6378 1.2598 4.3701, -4.9921 1.2598 4.3701, -4.5276 0.5453 4.3701, -4.5866 0.5846 4.3701, -4.8622 0.5846 4.3701, -4.8622 0.9783 4.3701, -4.5276 1.2598 4.3701, -4.5866 0.9783 4.3701, -4.1929 0.5846 4.3701, -4.4685 0.5846 4.3701, -4.4685 0.9783 4.3701, -4.1929 0.9783 4.3701, -3.7402 1.2598 4.3701, -3.7992 0.5846 4.3701, -4.0748 0.5846 4.3701, -3.7992 0.9783 4.3701, -4.0748 0.9783 4.3701, -3.4055 0.5846 4.3701, -3.6811 0.5846 4.3701, -3.6811 0.9783 4.3701, -3.4055 0.9783 4.3701, -3.3465 1.2598 4.3701, -3.0118 0.5846 4.3701, -3.2874 0.5846 4.3701, -3.2874 0.9783 4.3701, -3.0118 0.9783 4.3701, -2.9528 1.2598 4.3701, -2.6181 0.5846 4.3701, -2.8937 0.5846 4.3701, -2.8937 0.9783 4.3701, -2.6181 0.9783 4.3701, -2.5591 1.2598 4.3701, -2.2244 0.5846 4.3701, -2.5 0.5846 4.3701, -2.5 0.9783 4.3701, -2.2244 0.9783 4.3701, -2.1654 1.2598 4.3701, -1.8307 0.5846 4.3701, -2.1063 0.5846 4.3701, -2.1063 0.9783 4.3701, -1.8307 0.9783 4.3701, -1.378 1.2598 4.3701, -1.437 0.5846 4.3701, -1.7126 0.5846 4.3701, -1.437 0.9783 4.3701, -1.7126 0.9783 4.3701, -1.0433 0.5846 4.3701, -1.3189 0.5846 4.3701, -1.3189 0.9783 4.3701, -1.0433 0.9783 4.3701, -0.9843 1.2598 4.3701, -0.6496 0.5846 4.3701, -0.9252 0.5846 4.3701, -0.9252 0.9783 4.3701, -0.6496 0.9783 4.3701, -0.5906 1.2598 4.3701, -0.2559 0.5846 4.3701, -0.5315 0.5846 4.3701, -0.5315 0.9783 4.3701, -0.2559 0.9783 4.3701, -0.1969 1.2598 4.3701, 0.1378 0.5846 4.3701, -0.1378 0.5846 4.3701, -0.1378 0.9783 4.3701, 0.1378 0.9783 4.3701, 0.1969 1.2598 4.3701, 0.5315 0.5846 4.3701, 0.2559 0.5846 4.3701, 0.2559 0.9783 4.3701, 0.5315 0.9783 4.3701, 1.378 1.2598 4.3701, 1.3189 0.5846 4.3701, 1.0433 0.5846 4.3701, 0.6496 0.5846 4.3701, 0.9252 0.5846 4.3701, 0.9252 0.9783 4.3701, 1.0433 0.9783 4.3701, 1.3189 0.9783 4.3701, 0.6496 0.9783 4.3701, 1.7126 0.5846 4.3701, 1.437 0.5846 4.3701, 1.437 0.9783 4.3701, 1.7126 0.9783 4.3701, 1.7717 1.2598 4.3701, 2.1063 0.5846 4.3701, 1.8307 0.5846 4.3701, 1.8307 0.9783 4.3701, 2.1063 0.9783 4.3701, 2.1654 1.2598 4.3701, 2.5 0.5846 4.3701, 2.2244 0.5846 4.3701, 2.2244 0.9783 4.3701, 2.5 0.9783 4.3701, 2.5591 1.2598 4.3701, 2.8937 0.5846 4.3701, 2.6181 0.5846 4.3701, 2.6181 0.9783 4.3701, 2.8937 0.9783 4.3701, 2.9528 1.2598 4.3701, 3.2874 0.5846 4.3701, 3.0118 0.5846 4.3701, 3.0118 0.9783 4.3701, 3.2874 0.9783 4.3701, 3.7402 1.2598 4.3701, 3.6811 0.5846 4.3701, 3.4055 0.5846 4.3701, 3.6811 0.9783 4.3701, 3.4055 0.9783 4.3701, 4.0748 0.5846 4.3701, 3.7992 0.5846 4.3701, 3.7992 0.9783 4.3701, 4.0748 0.9783 4.3701, 4.1339 1.2598 4.3701, 4.4685 0.5846 4.3701, 4.1929 0.5846 4.3701, 4.1929 0.9783 4.3701, 4.4685 0.9783 4.3701, 4.5276 1.2598 4.3701, 4.8622 0.5846 4.3701, 4.5866 0.5846 4.3701, 4.5866 0.9783 4.3701, 4.8622 0.9783 4.3701, 4.9213 1.2598 4.3701, 5.2559 0.5846 4.3701, 4.9803 0.5846 4.3701, 4.9803 0.9783 4.3701, 5.2559 0.9783 4.3701, 5.315 1.2598 4.3701, 5.6496 0.5846 4.3701, 5.374 0.5846 4.3701, 5.374 0.9783 4.3701, 5.6496 0.9783 4.3701, 6.1024 1.2598 4.3701, 6.0433 0.5846 4.3701, 5.7677 0.5846 4.3701, 6.0433 0.9783 4.3701, 5.7677 0.9783 4.3701, 6.437 0.5846 4.3701, 6.1614 0.5846 4.3701, 6.1614 0.9783 4.3701, 6.437 0.9783 4.3701, 6.4961 1.2598 4.3701, 6.8307 0.5846 4.3701, 6.5551 0.5846 4.3701, 6.5551 0.9783 4.3701, 6.8307 0.9783 4.3701, 6.8898 1.2598 4.3701, 7.2244 0.5846 4.3701, 6.9488 0.5846 4.3701, 6.9488 0.9783 4.3701, 7.2244 0.9783 4.3701, 7.2835 1.2598 4.3701, 7.6181 0.5846 4.3701, 7.3425 0.5846 4.3701, 7.3425 0.9783 4.3701, 7.6181 0.9783 4.3701, 7.6772 1.2598 4.3701, 8.0118 0.5846 4.3701, 7.7362 0.5846 4.3701, 7.7362 0.9783 4.3701, 8.0118 0.9783 4.3701, 8.4646 1.2598 4.3701, 8.4055 0.5846 4.3701, 8.1299 0.5846 4.3701, 8.4055 0.9783 4.3701, 8.1299 0.9783 4.3701, 8.7992 0.5846 4.3701, 8.5236 0.5846 4.3701, 8.5236 0.9783 4.3701, 8.7992 0.9783 4.3701, 8.8583 1.2598 4.3701, 9.1929 0.5846 4.3701, 8.9173 0.5846 4.3701, 8.9173 0.9783 4.3701, 9.1929 0.9783 4.3701, 9.252 1.2598 4.3701, 9.5866 0.5846 4.3701, 9.311 0.5846 4.3701, 9.311 0.9783 4.3701, 9.5866 0.9783 4.3701, 9.6457 1.2598 4.3701, 9.7047 0.5846 4.3701, 9.7047 0.9783 4.3701, 9.9803 0.5846 4.3701, 9.9803 0.9783 4.3701, 10.1949 1.2598 4.3701, -4.5276 -0.5059 4.3701, -3.7402 -0.5059 4.3701, -3.3465 -0.5059 4.3701, -2.9528 -0.5059 4.3701, -2.5591 -0.5059 4.3701, -2.1654 -0.5059 4.3701, -1.378 -0.5059 4.3701, -0.9843 -0.5059 4.3701, -0.5906 -0.5059 4.3701, -0.1969 -0.5059 4.3701, 0.1969 -0.5059 4.3701, 1.378 -0.5059 4.3701, 1.7717 -0.5059 4.3701, 2.1654 -0.5059 4.3701, 2.5591 -0.5059 4.3701, 2.9528 -0.5059 4.3701, 3.7402 -0.5059 4.3701, 4.1339 -0.5059 4.3701, 4.5276 -0.5059 4.3701, 4.9213 -0.5059 4.3701, 5.315 -0.5059 4.3701, 6.1024 -0.5059 4.3701, 6.4961 -0.5059 4.3701, 6.8898 -0.5059 4.3701, 7.2835 -0.5059 4.3701, 7.6772 -0.5059 4.3701, 8.4646 -0.5059 4.3701, 8.8583 -0.5059 4.3701, 9.252 -0.5059 4.3701, 9.6457 -0.5059 4.3701, 10.1949 -0.5059 4.3701, 10.4094 -0.5059 4.3701, 10.8268 0.5453 4.3701, 10.8268 1.2598 4.3701, 9.7047 0.5846 3.5827, 9.9803 0.5846 3.5827, 9.311 0.5846 3.5827, 9.5866 0.5846 3.5827, 8.9173 0.5846 3.5827, 9.1929 0.5846 3.5827, 8.5236 0.5846 3.5827, 8.7992 0.5846 3.5827, 8.1299 0.5846 3.5827, 8.4055 0.5846 3.5827, 7.7362 0.5846 3.5827, 8.0118 0.5846 3.5827, 7.3425 0.5846 3.5827, 7.6181 0.5846 3.5827, 6.9488 0.5846 3.5827, 7.2244 0.5846 3.5827, 6.5551 0.5846 3.5827, 6.8307 0.5846 3.5827, 6.1614 0.5846 3.5827, 6.437 0.5846 3.5827, 5.7677 0.5846 3.5827, 6.0433 0.5846 3.5827, 5.374 0.5846 3.5827, 5.6496 0.5846 3.5827, 4.9803 0.5846 3.5827, 5.2559 0.5846 3.5827, 4.5866 0.5846 3.5827, 4.8622 0.5846 3.5827, 4.1929 0.5846 3.5827, 4.4685 0.5846 3.5827, 3.7992 0.5846 3.5827, 4.0748 0.5846 3.5827, 3.4055 0.5846 3.5827, 3.6811 0.5846 3.5827, 3.0118 0.5846 3.5827, 3.2874 0.5846 3.5827, 2.6181 0.5846 3.5827, 2.8937 0.5846 3.5827, 2.2244 0.5846 3.5827, 2.5 0.5846 3.5827, 1.8307 0.5846 3.5827, 2.1063 0.5846 3.5827, 1.437 0.5846 3.5827, 1.7126 0.5846 3.5827, 1.0433 0.5846 3.5827, 1.3189 0.5846 3.5827, 0.6496 0.5846 3.5827, 0.9252 0.5846 3.5827, 0.2559 0.5846 3.5827, 0.5315 0.5846 3.5827, -0.1378 0.5846 3.5827, 0.1378 0.5846 3.5827, -0.5315 0.5846 3.5827, -0.2559 0.5846 3.5827, -0.9252 0.5846 3.5827, -0.6496 0.5846 3.5827, -1.3189 0.5846 3.5827, -1.0433 0.5846 3.5827, -1.7126 0.5846 3.5827, -1.437 0.5846 3.5827, -2.1063 0.5846 3.5827, -1.8307 0.5846 3.5827, -2.5 0.5846 3.5827, -2.2244 0.5846 3.5827, -2.8937 0.5846 3.5827, -2.6181 0.5846 3.5827, -3.2874 0.5846 3.5827, -3.0118 0.5846 3.5827, -3.6811 0.5846 3.5827, -3.4055 0.5846 3.5827, -4.0748 0.5846 3.5827, -3.7992 0.5846 3.5827, -4.4685 0.5846 3.5827, -4.1929 0.5846 3.5827, -4.8622 0.5846 3.5827, -4.5866 0.5846 3.5827, -6.0433 0.5846 3.5827, -5.7677 0.5846 3.5827, -6.437 0.5846 3.5827, -6.1614 0.5846 3.5827, -6.8307 0.5846 3.5827, -6.5551 0.5846 3.5827, -7.2244 0.5846 3.5827, -6.9488 0.5846 3.5827, -7.6181 0.5846 3.5827, -7.3425 0.5846 3.5827, -8.0118 0.5846 3.5827, -7.7362 0.5846 3.5827, -8.4055 0.5846 3.5827, -8.1299 0.5846 3.5827, -8.7992 0.5846 3.5827, -8.5236 0.5846 3.5827, -9.1929 0.5846 3.5827, -8.9173 0.5846 3.5827, -9.5866 0.5846 3.5827, -9.311 0.5846 3.5827, -9.9803 0.5846 3.5827, -9.7047 0.5846 3.5827, -1.378 -2.0079 3.2874, 1.378 -2.0079 3.2874, 4.7244 -2.0079 3.2874, 1.9685 -2.0079 3.2874, 5.315 -2.0079 3.2874, 8.0709 -2.0079 3.2874, 8.6614 -2.0079 3.2874, 10.9466 -1.4774 4.3294, 11.0236 -1.5569 4.1732, 10.966 -1.486 4.3124, 11.0169 -1.531 4.2242, 10.9972 -1.5068 4.2717, 10.9252 -1.4701 4.3437, 10.9021 -1.4643 4.3551, 10.8777 -1.4601 4.3634, 10.8525 -1.4575 4.3684, 11.0236 -2.0079 3.2874, 1.378 -1.4567 2.9724, 1.378 -2.0079 2.9724, -1.378 -1.4567 2.9724, -1.378 -2.0079 2.9724, 4.7244 -1.4567 2.9724, 4.7244 -2.0079 2.9724, 1.9685 -1.4567 2.9724, 1.9685 -2.0079 2.9724, 8.0709 -1.4567 2.9724, 8.0709 -2.0079 2.9724, 5.315 -1.4567 2.9724, 5.315 -2.0079 2.9724, 11.0236 -1.4567 2.9724, 11.0236 -2.0079 2.9724, 8.6614 -1.4567 2.9724, 8.6614 -2.0079 2.9724, -8.0709 -2.0079 3.2874, -5.315 -2.0079 3.2874, -5.315 -1.4567 2.9724, -5.315 -2.0079 2.9724, -8.0709 -1.4567 2.9724, -8.0709 -2.0079 2.9724, -1.9685 -2.0079 3.2874, -4.7244 -2.0079 3.2874, -4.7244 -2.0079 2.9724, -4.7244 -1.4567 2.9724, -1.9685 -2.0079 2.9724, -1.9685 -1.4567 2.9724, -8.6614 -1.4567 2.9724, -11.0236 -1.4567 2.9724, 11.0236 1.2598 4.1732, 10.8268 1.4567 4.1732, -10.8268 1.4567 4.1732, -11.0236 -2.0079 2.9724, -11.0236 -2.0079 3.2874, -11.0236 -1.5569 4.1732, -11.0236 1.2598 4.1732, -10.9021 -1.4643 4.3551, -10.9252 -1.4701 4.3437, -10.8777 -1.4601 4.3634, -10.9466 -1.4774 4.3294, -10.966 -1.486 4.3124, -11.0169 -1.531 4.2242, -10.9972 -1.5068 4.2717, -8.6614 -2.0079 3.2874, -10.8525 -1.4575 4.3684, -8.6614 -2.0079 2.9724, -4.9646 0.3484 4.2126, -4.8622 0.3484 3.5827, -4.5866 0.3484 3.5827, -4.4685 0.3484 3.5827, -3.4055 0.3484 3.5827, 10.252 0.3484 4.2126, -4.1929 0.3484 3.5827, -4.0748 0.3484 3.5827, -3.7992 0.3484 3.5827, -3.2874 0.3484 3.5827, -3.0118 0.3484 3.5827, -1.8307 0.3484 3.5827, -3.6811 0.3484 3.5827, -1.7126 0.3484 3.5827, -1.437 0.3484 3.5827, -2.8937 0.3484 3.5827, -2.6181 0.3484 3.5827, -0.6496 0.3484 3.5827, -2.5 0.3484 3.5827, -2.2244 0.3484 3.5827, -2.1063 0.3484 3.5827, -1.3189 0.3484 3.5827, -1.0433 0.3484 3.5827, -0.5315 0.3484 3.5827, -0.2559 0.3484 3.5827, 0.5315 0.3484 3.5827, -0.9252 0.3484 3.5827, 0.6496 0.3484 3.5827, 0.9252 0.3484 3.5827, 1.3189 0.3484 3.5827, -0.1378 0.3484 3.5827, 0.1378 0.3484 3.5827, 0.2559 0.3484 3.5827, 1.437 0.3484 3.5827, 1.7126 0.3484 3.5827, 2.1063 0.3484 3.5827, 1.0433 0.3484 3.5827, 2.2244 0.3484 3.5827, 2.5 0.3484 3.5827, 2.8937 0.3484 3.5827, 1.8307 0.3484 3.5827, 3.0118 0.3484 3.5827, 3.2874 0.3484 3.5827, 2.6181 0.3484 3.5827, 3.6811 0.3484 3.5827, 3.7992 0.3484 3.5827, 4.0748 0.3484 3.5827, 3.4055 0.3484 3.5827, 4.4685 0.3484 3.5827, 4.5866 0.3484 3.5827, 4.8622 0.3484 3.5827, 4.1929 0.3484 3.5827, 5.2559 0.3484 3.5827, 5.374 0.3484 3.5827, 5.6496 0.3484 3.5827, 4.9803 0.3484 3.5827, 6.0433 0.3484 3.5827, 6.1614 0.3484 3.5827, 6.437 0.3484 3.5827, 5.7677 0.3484 3.5827, 6.8307 0.3484 3.5827, 6.9488 0.3484 3.5827, 7.2244 0.3484 3.5827, 6.5551 0.3484 3.5827, 7.6181 0.3484 3.5827, 7.7362 0.3484 3.5827, 8.0118 0.3484 3.5827, 7.3425 0.3484 3.5827, 8.4055 0.3484 3.5827, 8.5236 0.3484 3.5827, 8.7992 0.3484 3.5827, 8.1299 0.3484 3.5827, 9.1929 0.3484 3.5827, 9.311 0.3484 3.5827, 9.5866 0.3484 3.5827, 8.9173 0.3484 3.5827, 9.9803 0.3484 3.5827, 9.7047 0.3484 3.5827, -10.252 0.3484 4.2126, -9.9803 0.3484 3.5827, -9.7047 0.3484 3.5827, -9.5866 0.3484 3.5827, -9.311 0.3484 3.5827, -5.6654 0.3484 4.2126, -8.9173 0.3484 3.5827, -8.7992 0.3484 3.5827, -8.5236 0.3484 3.5827, -9.1929 0.3484 3.5827, -8.1299 0.3484 3.5827, -8.0118 0.3484 3.5827, -7.7362 0.3484 3.5827, -8.4055 0.3484 3.5827, -7.3425 0.3484 3.5827, -7.2244 0.3484 3.5827, -6.9488 0.3484 3.5827, -7.6181 0.3484 3.5827, -6.5551 0.3484 3.5827, -6.437 0.3484 3.5827, -6.1614 0.3484 3.5827, -6.8307 0.3484 3.5827, -5.7677 0.3484 3.5827, -6.0433 0.3484 3.5827, -9.9803 0.9783 2.4016, -9.9803 0.939 2.4016, -9.7047 0.9783 2.4016, -9.7047 0.939 2.4016, 9.7047 0.9783 2.4016, 9.7047 0.939 2.4016, 9.9803 0.9783 2.4016, 9.9803 0.939 2.4016, 9.311 0.9783 2.4016, 9.311 0.939 2.4016, 9.5866 0.9783 2.4016, 9.5866 0.939 2.4016, 8.9173 0.9783 2.4016, 8.9173 0.939 2.4016, 9.1929 0.9783 2.4016, 9.1929 0.939 2.4016, 8.5236 0.9783 2.4016, 8.5236 0.939 2.4016, 8.7992 0.9783 2.4016, 8.7992 0.939 2.4016, 8.1299 0.9783 2.4016, 8.1299 0.939 2.4016, 8.4055 0.9783 2.4016, 8.4055 0.939 2.4016, 7.7362 0.9783 2.4016, 7.7362 0.939 2.4016, 8.0118 0.9783 2.4016, 8.0118 0.939 2.4016, 7.3425 0.9783 2.4016, 7.3425 0.939 2.4016, 7.6181 0.9783 2.4016, 7.6181 0.939 2.4016, 6.9488 0.9783 2.4016, 6.9488 0.939 2.4016, 7.2244 0.9783 2.4016, 7.2244 0.939 2.4016, 6.5551 0.9783 2.4016, 6.5551 0.939 2.4016, 6.8307 0.9783 2.4016, 6.8307 0.939 2.4016, 6.1614 0.9783 2.4016, 6.1614 0.939 2.4016, 6.437 0.9783 2.4016, 6.437 0.939 2.4016, 5.7677 0.9783 2.4016, 5.7677 0.939 2.4016, 6.0433 0.9783 2.4016, 6.0433 0.939 2.4016, 5.374 0.9783 2.4016, 5.374 0.939 2.4016, 5.6496 0.9783 2.4016, 5.6496 0.939 2.4016, 4.9803 0.9783 2.4016, 4.9803 0.939 2.4016, 5.2559 0.9783 2.4016, 5.2559 0.939 2.4016, 4.5866 0.9783 2.4016, 4.5866 0.939 2.4016, 4.8622 0.9783 2.4016, 4.8622 0.939 2.4016, 4.1929 0.9783 2.4016, 4.1929 0.939 2.4016, 4.4685 0.9783 2.4016, 4.4685 0.939 2.4016, 3.7992 0.9783 2.4016, 3.7992 0.939 2.4016, 4.0748 0.9783 2.4016, 4.0748 0.939 2.4016, 3.4055 0.9783 2.4016, 3.4055 0.939 2.4016, 3.6811 0.9783 2.4016, 3.6811 0.939 2.4016, 3.0118 0.9783 2.4016, 3.0118 0.939 2.4016, 3.2874 0.9783 2.4016, 3.2874 0.939 2.4016, 2.6181 0.9783 2.4016, 2.6181 0.939 2.4016, 2.8937 0.9783 2.4016, 2.8937 0.939 2.4016, 2.2244 0.9783 2.4016, 2.2244 0.939 2.4016, 2.5 0.9783 2.4016, 2.5 0.939 2.4016, 1.8307 0.9783 2.4016, 1.8307 0.939 2.4016, 2.1063 0.9783 2.4016, 2.1063 0.939 2.4016, 1.437 0.9783 2.4016, 1.437 0.939 2.4016, 1.7126 0.9783 2.4016, 1.7126 0.939 2.4016, 1.0433 0.9783 2.4016, 1.0433 0.939 2.4016, 1.3189 0.9783 2.4016, 1.3189 0.939 2.4016, 0.6496 0.9783 2.4016, 0.6496 0.939 2.4016, 0.9252 0.9783 2.4016, 0.9252 0.939 2.4016, 0.2559 0.9783 2.4016, 0.2559 0.939 2.4016, 0.5315 0.9783 2.4016, 0.5315 0.939 2.4016, -0.1378 0.9783 2.4016, -0.1378 0.939 2.4016, 0.1378 0.9783 2.4016, 0.1378 0.939 2.4016, -0.5315 0.9783 2.4016, -0.5315 0.939 2.4016, -0.2559 0.9783 2.4016, -0.2559 0.939 2.4016, -0.9252 0.9783 2.4016, -0.9252 0.939 2.4016, -0.6496 0.9783 2.4016, -0.6496 0.939 2.4016, -1.3189 0.9783 2.4016, -1.3189 0.939 2.4016, -1.0433 0.9783 2.4016, -1.0433 0.939 2.4016, -1.7126 0.9783 2.4016, -1.7126 0.939 2.4016, -1.437 0.9783 2.4016, -1.437 0.939 2.4016, -2.1063 0.9783 2.4016, -2.1063 0.939 2.4016, -1.8307 0.9783 2.4016, -1.8307 0.939 2.4016, -2.5 0.9783 2.4016, -2.5 0.939 2.4016, -2.2244 0.9783 2.4016, -2.2244 0.939 2.4016, -2.8937 0.9783 2.4016, -2.8937 0.939 2.4016, -2.6181 0.9783 2.4016, -2.6181 0.939 2.4016, -3.2874 0.9783 2.4016, -3.2874 0.939 2.4016, -3.0118 0.9783 2.4016, -3.0118 0.939 2.4016, -3.6811 0.9783 2.4016, -3.6811 0.939 2.4016, -3.4055 0.9783 2.4016, -3.4055 0.939 2.4016, -4.0748 0.9783 2.4016, -4.0748 0.939 2.4016, -3.7992 0.9783 2.4016, -3.7992 0.939 2.4016, -4.4685 0.9783 2.4016, -4.4685 0.939 2.4016, -4.1929 0.9783 2.4016, -4.1929 0.939 2.4016, -4.8622 0.9783 2.4016, -4.8622 0.939 2.4016, -4.5866 0.9783 2.4016, -4.5866 0.939 2.4016, -6.0433 0.9783 2.4016, -6.0433 0.939 2.4016, -5.7677 0.9783 2.4016, -5.7677 0.939 2.4016, -6.437 0.9783 2.4016, -6.437 0.939 2.4016, -6.1614 0.9783 2.4016, -6.1614 0.939 2.4016, -6.8307 0.9783 2.4016, -6.8307 0.939 2.4016, -6.5551 0.9783 2.4016, -6.5551 0.939 2.4016, -7.2244 0.9783 2.4016, -7.2244 0.939 2.4016, -6.9488 0.9783 2.4016, -6.9488 0.939 2.4016, -7.6181 0.9783 2.4016, -7.6181 0.939 2.4016, -7.3425 0.9783 2.4016, -7.3425 0.939 2.4016, -8.0118 0.9783 2.4016, -8.0118 0.939 2.4016, -7.7362 0.9783 2.4016, -7.7362 0.939 2.4016, -8.4055 0.9783 2.4016, -8.4055 0.939 2.4016, -8.1299 0.9783 2.4016, -8.1299 0.939 2.4016, -8.7992 0.9783 2.4016, -8.7992 0.939 2.4016, -8.5236 0.9783 2.4016, -8.5236 0.939 2.4016, -9.1929 0.9783 2.4016, -9.1929 0.939 2.4016, -8.9173 0.9783 2.4016, -8.9173 0.939 2.4016, -9.5866 0.9783 2.4016, -9.5866 0.939 2.4016, -9.311 0.9783 2.4016, -9.311 0.939 2.4016, -10.8465 -0.748 -0.0394, -10.8465 -1.1417 -0.0394, -10.2559 -0.748 -0.0394, -10.2559 -1.1417 -0.0394, -10.8465 1.1417 -0.0394, -10.8465 0.748 -0.0394, -10.2559 1.1417 -0.0394, -10.2559 0.748 -0.0394, 10.8465 1.1417 -0.0394, 10.2559 1.1417 -0.0394, 10.8465 -1.1417 -0.0394, 10.2559 -1.1417 -0.0394, 10.6556 0.3898 0.1575, 10.5512 0.4035 0.1575, 10.4467 0.3898 0.1575, 10.753 0.3495 -1.5748, 10.6556 0.3898 -1.5748, 10.5512 0.4035 -1.5748, 10.4467 0.3898 -1.5748, 10.3494 -0.3495 -1.5748, 10.4467 -0.3898 -1.5748, 10.5512 -0.4035 -1.5748, 10.6556 -0.3898 -1.5748, 10.3494 0.3495 -1.5748, 10.2658 0.2853 -1.5748, 10.2017 0.2018 -1.5748, 10.1614 0.1044 -1.5748, 10.1476 0.0 -1.5748, 10.1614 -0.1044 -1.5748, 10.2017 -0.2018 -1.5748, 10.2658 -0.2853 -1.5748, 10.753 -0.3495 -1.5748, 10.8365 -0.2853 -1.5748, 10.9007 -0.2018 -1.5748, 10.941 -0.1044 -1.5748, 10.9547 0.0 -1.5748, 10.941 0.1044 -1.5748, 10.9007 0.2018 -1.5748, 10.8365 0.2853 -1.5748, 10.3001 -0.1449 -1.7716, 10.2712 -0.075 -1.7716, 10.5512 0.0 -1.7716, 10.2613 0.0 -1.7716, 10.2712 0.075 -1.7716, 10.4762 -0.28 -1.7716, 10.4062 -0.2511 -1.7716, 10.3462 -0.205 -1.7716, 10.6961 -0.2511 -1.7716, 10.6262 -0.28 -1.7716, 10.5512 -0.2899 -1.7716, 10.8312 -0.075 -1.7716, 10.8022 -0.1449 -1.7716, 10.7562 -0.205 -1.7716, 10.8022 0.1449 -1.7716, 10.8312 0.075 -1.7716, 10.8411 0.0 -1.7716, 10.6262 0.28 -1.7716, 10.6961 0.2511 -1.7716, 10.7562 0.205 -1.7716, 10.4062 0.2511 -1.7716, 10.4762 0.28 -1.7716, 10.5512 0.2899 -1.7716, 10.3001 0.1449 -1.7716, 10.3462 0.205 -1.7716, -10.8777 1.2598 4.3634, -10.9252 1.2598 4.3437, -10.966 1.2598 4.3124, -10.9972 1.2598 4.2717, -11.0169 1.2598 4.2242, -10.8777 1.45 4.1732, -10.9252 1.4303 4.1732, -10.966 1.399 4.1732, -10.9972 1.3583 4.1732, -11.0169 1.3108 4.1732, -11.0104 1.3091 4.2242, -10.912 1.3091 4.3437, -10.8709 1.2853 4.3634, -10.8628 1.2959 4.3634, -10.8268 1.3108 4.3634, -10.84 1.3091 4.3634, -10.876 1.273 4.3634, -10.9218 1.2853 4.3437, -10.9612 1.2959 4.3124, -10.8964 1.3294 4.3437, -10.8522 1.304 4.3634, -10.876 1.3451 4.3437, -10.8522 1.3549 4.3437, -10.8268 1.3583 4.3437, -10.9473 1.3294 4.3124, -10.9252 1.3583 4.3124, -10.8964 1.3804 4.3124, -10.8628 1.3943 4.3124, -10.8268 1.399 4.3124, -10.9914 1.304 4.2717, -10.9744 1.3451 4.2717, -10.9473 1.3804 4.2717, -10.912 1.4075 4.2717, -10.8709 1.4245 4.2717, -10.8268 1.4303 4.2717, -10.9914 1.3549 4.2242, -10.9612 1.3943 4.2242, -10.9218 1.4245 4.2242, -10.876 1.4435 4.2242, -10.8268 1.45 4.2242, 10.9252 1.2598 4.3437, 11.0169 1.2598 4.2242, 10.9972 1.2598 4.2717, 10.966 1.2598 4.3124, 10.8777 1.2598 4.3634, 10.8268 1.45 4.2242, 10.8268 1.4303 4.2717, 10.8268 1.399 4.3124, 10.8268 1.3583 4.3437, 10.8268 1.3108 4.3634, 10.876 1.4435 4.2242, 10.876 1.3451 4.3437, 10.8522 1.304 4.3634, 10.8628 1.2959 4.3634, 10.876 1.273 4.3634, 10.84 1.3091 4.3634, 10.8522 1.3549 4.3437, 10.8628 1.3943 4.3124, 10.8964 1.3294 4.3437, 10.8709 1.2853 4.3634, 10.912 1.3091 4.3437, 10.9218 1.2853 4.3437, 10.8964 1.3804 4.3124, 10.9252 1.3583 4.3124, 10.9473 1.3294 4.3124, 10.9612 1.2959 4.3124, 10.8709 1.4245 4.2717, 10.912 1.4075 4.2717, 10.9473 1.3804 4.2717, 10.9744 1.3451 4.2717, 10.9914 1.304 4.2717, 10.9218 1.4245 4.2242, 10.9612 1.3943 4.2242, 10.9914 1.3549 4.2242, 11.0104 1.3091 4.2242, 10.8777 1.45 4.1732, 10.9252 1.4303 4.1732, 10.966 1.399 4.1732, 10.9972 1.3583 4.1732, 11.0169 1.3108 4.1732
            ]
        }
        coordIndex [
            0,1,2,-1,3,4,5,-1,6,7,4,-1,4,7,8,-1,4,8,5,-1,5,9,3,-1,3,9,10,-1,3,10,11,-1,10,12,11,-1,11,12,13,-1,11,13,14,-1,13,15,14,-1,14,15,16,-1,14,16,17,-1,18,19,20,-1,21,22,23,-1,21,24,22,-1,22,24,25,-1,22,25,26,-1,25,27,26,-1,26,27,28,-1,26,28,29,-1,30,31,32,-1,28,33,29,-1,29,33,34,-1,29,34,32,-1,32,34,35,-1,32,35,30,-1,36,37,2,-1,2,37,38,-1,2,38,0,-1,0,38,39,-1,0,39,23,-1,23,39,40,-1,23,40,21,-1,41,42,36,-1,36,42,43,-1,36,43,37,-1,44,45,41,-1,41,45,46,-1,41,46,42,-1,47,48,44,-1,44,48,49,-1,44,49,45,-1,50,51,47,-1,47,51,52,-1,47,52,48,-1,53,54,50,-1,50,54,55,-1,50,55,51,-1,56,57,53,-1,53,57,58,-1,53,58,54,-1,16,59,17,-1,17,59,60,-1,17,60,20,-1,20,60,61,-1,20,61,18,-1,18,61,62,-1,18,62,56,-1,56,62,63,-1,56,63,57,-1,64,65,66,-1,66,65,67,-1,66,67,68,-1,69,70,71,-1,72,73,67,-1,67,73,74,-1,74,75,67,-1,67,75,76,-1,67,76,77,-1,77,78,67,-1,67,78,79,-1,67,79,68,-1,80,81,82,-1,81,80,67,-1,67,80,83,-1,67,83,72,-1,71,84,69,-1,69,84,80,-1,69,80,85,-1,85,80,82,-1,86,66,68,-1,66,86,64,-1,87,67,65,-1,87,35,34,-1,67,87,81,-1,87,34,81,-1,81,34,33,-1,81,33,82,-1,33,28,82,-1,82,28,27,-1,82,27,85,-1,27,25,85,-1,85,25,24,-1,85,24,69,-1,24,21,69,-1,69,21,40,-1,69,40,70,-1,40,39,70,-1,70,39,38,-1,70,38,71,-1,38,37,71,-1,71,37,43,-1,71,43,84,-1,43,42,84,-1,84,42,46,-1,84,46,80,-1,46,45,80,-1,80,45,49,-1,80,49,83,-1,49,48,83,-1,83,48,52,-1,83,52,72,-1,52,51,72,-1,72,51,55,-1,72,55,73,-1,55,54,73,-1,73,54,58,-1,73,58,74,-1,58,57,74,-1,74,57,63,-1,74,63,75,-1,63,62,75,-1,75,62,61,-1,75,61,76,-1,61,60,76,-1,76,60,59,-1,76,59,77,-1,59,16,77,-1,77,16,15,-1,77,15,78,-1,15,13,78,-1,78,13,12,-1,78,12,79,-1,8,86,5,-1,5,86,68,-1,5,68,9,-1,9,68,79,-1,9,79,10,-1,10,79,12,-1,88,89,90,-1,90,89,91,-1,90,91,92,-1,92,91,20,-1,92,20,19,-1,93,94,95,-1,96,93,97,-1,97,93,95,-1,97,95,0,-1,0,95,98,-1,0,98,1,-1,99,100,101,-1,101,100,102,-1,101,102,103,-1,99,101,104,-1,104,101,32,-1,104,32,31,-1,105,106,107,-1,107,106,108,-1,107,108,4,-1,4,108,109,-1,4,109,6,-1,29,32,101,-1,0,23,97,-1,97,23,22,-1,97,22,101,-1,101,22,26,-1,101,26,29,-1,7,6,109,-1,110,111,112,-1,113,114,115,-1,113,116,117,-1,117,116,118,-1,117,118,119,-1,119,118,120,-1,119,120,121,-1,121,120,122,-1,121,122,123,-1,123,124,125,-1,125,124,126,-1,125,126,127,-1,127,126,128,-1,129,128,130,-1,130,128,126,-1,130,126,131,-1,131,126,132,-1,133,134,135,-1,133,135,136,-1,134,137,135,-1,135,137,138,-1,135,138,139,-1,139,138,140,-1,139,140,126,-1,126,140,141,-1,126,141,132,-1,142,143,144,-1,144,143,145,-1,144,145,146,-1,146,145,147,-1,146,147,148,-1,148,147,149,-1,136,135,150,-1,150,135,151,-1,150,151,152,-1,153,154,147,-1,147,154,155,-1,147,155,156,-1,156,157,147,-1,147,157,158,-1,147,158,149,-1,159,142,160,-1,160,142,144,-1,160,144,161,-1,161,144,162,-1,163,164,116,-1,113,115,116,-1,116,115,165,-1,116,165,163,-1,164,166,116,-1,116,166,167,-1,116,167,168,-1,168,167,169,-1,168,169,144,-1,144,169,170,-1,144,170,162,-1,171,172,173,-1,174,175,176,-1,176,175,177,-1,176,177,178,-1,178,177,179,-1,178,179,180,-1,180,179,181,-1,180,181,182,-1,173,172,183,-1,183,172,184,-1,183,184,185,-1,185,184,186,-1,185,186,187,-1,187,186,188,-1,187,188,189,-1,173,182,171,-1,171,182,181,-1,171,181,189,-1,189,181,190,-1,189,190,187,-1,191,192,193,-1,193,192,183,-1,193,183,194,-1,194,183,185,-1,194,185,195,-1,195,185,187,-1,195,187,196,-1,196,187,197,-1,196,197,198,-1,198,197,199,-1,198,199,191,-1,191,199,192,-1,200,201,202,-1,202,201,192,-1,202,192,203,-1,203,192,199,-1,203,199,204,-1,204,199,197,-1,204,197,205,-1,205,197,206,-1,205,206,207,-1,207,206,208,-1,207,208,200,-1,200,208,201,-1,209,210,211,-1,211,210,201,-1,211,201,212,-1,212,201,208,-1,212,208,213,-1,213,208,206,-1,213,206,214,-1,214,206,215,-1,214,215,216,-1,216,215,217,-1,216,217,209,-1,209,217,210,-1,218,219,220,-1,220,219,210,-1,220,210,221,-1,221,210,217,-1,221,217,222,-1,222,217,215,-1,222,215,223,-1,223,215,224,-1,223,224,225,-1,225,224,226,-1,225,226,218,-1,218,226,219,-1,227,228,224,-1,229,230,231,-1,230,229,232,-1,232,229,233,-1,232,233,234,-1,234,233,235,-1,234,235,236,-1,224,228,226,-1,226,228,237,-1,226,237,219,-1,219,237,238,-1,219,238,239,-1,224,229,227,-1,227,229,231,-1,227,231,240,-1,240,231,241,-1,240,241,239,-1,239,241,236,-1,239,236,219,-1,219,236,235,-1,242,243,244,-1,244,243,235,-1,244,235,245,-1,245,235,233,-1,245,233,246,-1,246,233,229,-1,246,229,247,-1,247,229,248,-1,247,248,249,-1,249,248,250,-1,249,250,242,-1,242,250,243,-1,251,252,253,-1,253,252,243,-1,253,243,254,-1,254,243,250,-1,254,250,255,-1,255,250,248,-1,255,248,256,-1,256,248,257,-1,256,257,258,-1,258,257,259,-1,258,259,251,-1,251,259,252,-1,260,261,262,-1,262,261,252,-1,262,252,263,-1,263,252,259,-1,263,259,264,-1,264,259,257,-1,264,257,265,-1,265,257,266,-1,265,266,267,-1,267,266,268,-1,267,268,260,-1,260,268,261,-1,269,270,266,-1,266,270,271,-1,266,271,268,-1,268,271,272,-1,268,272,261,-1,261,272,273,-1,261,273,274,-1,275,276,277,-1,277,276,278,-1,277,278,279,-1,279,278,280,-1,279,280,281,-1,281,280,282,-1,281,282,283,-1,283,282,284,-1,283,284,285,-1,285,284,286,-1,285,286,275,-1,275,286,276,-1,287,288,289,-1,289,288,276,-1,289,276,290,-1,290,276,286,-1,290,286,291,-1,291,286,284,-1,291,284,292,-1,292,284,293,-1,292,293,294,-1,294,293,295,-1,294,295,287,-1,287,295,288,-1,296,297,298,-1,298,297,288,-1,298,288,299,-1,299,288,295,-1,299,295,300,-1,300,295,293,-1,300,293,301,-1,301,293,302,-1,301,302,303,-1,303,302,304,-1,303,304,296,-1,296,304,297,-1,305,306,307,-1,307,306,297,-1,307,297,308,-1,308,297,304,-1,308,304,309,-1,309,304,302,-1,309,302,310,-1,310,302,311,-1,310,311,312,-1,312,311,313,-1,312,313,305,-1,305,313,306,-1,314,315,311,-1,311,315,313,-1,313,315,316,-1,313,316,306,-1,306,316,317,-1,306,317,318,-1,319,320,321,-1,321,320,322,-1,321,322,323,-1,323,322,324,-1,323,324,325,-1,325,324,326,-1,327,328,329,-1,329,328,330,-1,329,330,320,-1,320,330,331,-1,320,331,322,-1,332,333,334,-1,334,333,327,-1,334,327,335,-1,335,327,329,-1,335,329,336,-1,336,329,320,-1,336,320,337,-1,337,320,338,-1,337,338,339,-1,339,338,340,-1,339,340,332,-1,332,340,333,-1,341,342,343,-1,343,342,333,-1,343,333,344,-1,344,333,340,-1,344,340,345,-1,345,340,338,-1,345,338,346,-1,346,338,347,-1,346,347,348,-1,348,347,349,-1,348,349,341,-1,341,349,342,-1,350,351,352,-1,352,351,342,-1,352,342,353,-1,353,342,349,-1,353,349,354,-1,354,349,347,-1,354,347,355,-1,355,347,356,-1,355,356,357,-1,357,356,358,-1,357,358,350,-1,350,358,351,-1,359,360,361,-1,361,360,351,-1,361,351,362,-1,362,351,358,-1,362,358,363,-1,363,358,356,-1,363,356,364,-1,364,356,365,-1,364,365,366,-1,366,365,367,-1,366,367,359,-1,359,367,360,-1,368,369,365,-1,370,371,372,-1,371,370,373,-1,373,370,374,-1,373,374,375,-1,375,374,376,-1,375,376,377,-1,365,369,367,-1,367,369,378,-1,367,378,360,-1,360,378,379,-1,360,379,380,-1,365,370,368,-1,368,370,372,-1,368,372,381,-1,381,372,382,-1,381,382,380,-1,380,382,377,-1,380,377,360,-1,360,377,376,-1,383,384,385,-1,385,384,376,-1,385,376,386,-1,386,376,374,-1,386,374,387,-1,387,374,370,-1,387,370,388,-1,388,370,389,-1,388,389,390,-1,390,389,391,-1,390,391,383,-1,383,391,384,-1,392,393,394,-1,394,393,384,-1,394,384,395,-1,395,384,391,-1,395,391,396,-1,396,391,389,-1,396,389,397,-1,397,389,398,-1,397,398,399,-1,399,398,400,-1,399,400,392,-1,392,400,393,-1,401,402,403,-1,403,402,393,-1,403,393,404,-1,404,393,400,-1,404,400,405,-1,405,400,398,-1,405,398,406,-1,406,398,407,-1,406,407,408,-1,408,407,409,-1,408,409,401,-1,401,409,402,-1,410,411,412,-1,412,411,402,-1,412,402,413,-1,413,402,409,-1,413,409,414,-1,414,409,407,-1,414,407,415,-1,415,407,416,-1,415,416,417,-1,417,416,418,-1,417,418,410,-1,410,418,411,-1,419,420,416,-1,421,422,423,-1,422,421,424,-1,424,421,425,-1,424,425,426,-1,426,425,427,-1,426,427,428,-1,416,420,418,-1,418,420,429,-1,418,429,411,-1,411,429,430,-1,411,430,431,-1,416,421,419,-1,419,421,423,-1,419,423,432,-1,432,423,433,-1,432,433,431,-1,431,433,428,-1,431,428,411,-1,411,428,427,-1,434,435,436,-1,436,435,427,-1,436,427,437,-1,437,427,425,-1,437,425,438,-1,438,425,421,-1,438,421,439,-1,439,421,440,-1,439,440,441,-1,441,440,442,-1,441,442,434,-1,434,442,435,-1,443,444,445,-1,445,444,435,-1,445,435,446,-1,446,435,442,-1,446,442,447,-1,447,442,440,-1,447,440,448,-1,448,440,449,-1,448,449,450,-1,450,449,451,-1,450,451,443,-1,443,451,444,-1,452,453,454,-1,454,453,444,-1,454,444,455,-1,455,444,451,-1,455,451,456,-1,456,451,449,-1,456,449,457,-1,457,449,458,-1,457,458,459,-1,459,458,460,-1,459,460,452,-1,452,460,453,-1,461,462,463,-1,463,462,453,-1,463,453,464,-1,464,453,460,-1,464,460,465,-1,465,460,458,-1,465,458,466,-1,466,458,467,-1,466,467,468,-1,468,467,469,-1,468,469,461,-1,461,469,462,-1,470,471,467,-1,472,473,474,-1,473,472,475,-1,475,472,476,-1,475,476,477,-1,477,476,478,-1,477,478,479,-1,467,471,469,-1,469,471,480,-1,469,480,462,-1,462,480,481,-1,462,481,482,-1,467,472,470,-1,470,472,474,-1,470,474,483,-1,483,474,484,-1,483,484,482,-1,482,484,479,-1,482,479,462,-1,462,479,478,-1,485,486,487,-1,487,486,478,-1,487,478,488,-1,488,478,476,-1,488,476,489,-1,489,476,472,-1,489,472,490,-1,490,472,491,-1,490,491,492,-1,492,491,493,-1,492,493,485,-1,485,493,486,-1,494,495,496,-1,496,495,486,-1,496,486,497,-1,497,486,493,-1,497,493,498,-1,498,493,491,-1,498,491,499,-1,499,491,500,-1,499,500,501,-1,501,500,502,-1,501,502,494,-1,494,502,495,-1,503,504,505,-1,505,504,495,-1,505,495,506,-1,506,495,502,-1,506,502,507,-1,507,502,500,-1,507,500,508,-1,508,500,509,-1,508,509,510,-1,510,509,511,-1,510,511,503,-1,503,511,504,-1,512,124,513,-1,513,124,504,-1,513,504,514,-1,514,504,511,-1,514,511,515,-1,515,511,509,-1,515,509,516,-1,516,509,139,-1,516,139,517,-1,517,139,126,-1,517,126,512,-1,512,126,124,-1,518,519,520,-1,520,519,521,-1,522,523,524,-1,525,526,523,-1,524,520,522,-1,522,520,521,-1,522,521,527,-1,527,521,528,-1,527,528,529,-1,526,530,523,-1,523,530,531,-1,523,531,532,-1,532,533,523,-1,523,533,534,-1,523,534,524,-1,523,529,525,-1,525,529,528,-1,525,528,190,-1,190,528,535,-1,190,535,187,-1,187,535,536,-1,187,536,518,-1,518,536,537,-1,518,537,519,-1,538,539,540,-1,540,539,154,-1,540,154,135,-1,135,154,153,-1,135,153,151,-1,541,542,509,-1,509,542,543,-1,509,543,139,-1,139,543,544,-1,139,544,135,-1,135,544,545,-1,135,545,540,-1,546,547,548,-1,548,547,539,-1,548,539,541,-1,541,539,538,-1,541,538,542,-1,549,550,500,-1,500,550,551,-1,500,551,509,-1,509,551,552,-1,509,552,541,-1,541,552,553,-1,541,553,548,-1,554,555,556,-1,556,555,547,-1,556,547,549,-1,549,547,546,-1,549,546,550,-1,557,558,491,-1,491,558,559,-1,491,559,500,-1,500,559,560,-1,500,560,549,-1,549,560,561,-1,549,561,556,-1,562,563,564,-1,564,563,555,-1,564,555,557,-1,557,555,554,-1,557,554,558,-1,565,566,472,-1,472,566,567,-1,472,567,491,-1,491,567,568,-1,491,568,557,-1,557,568,569,-1,557,569,564,-1,570,571,572,-1,572,571,563,-1,572,563,565,-1,565,563,562,-1,565,562,566,-1,573,574,467,-1,467,574,575,-1,467,575,472,-1,472,575,576,-1,577,571,578,-1,578,571,570,-1,578,570,579,-1,579,570,580,-1,579,580,576,-1,576,580,581,-1,576,581,472,-1,472,581,582,-1,472,582,565,-1,565,582,583,-1,565,583,572,-1,584,585,586,-1,586,585,571,-1,586,571,573,-1,573,571,577,-1,573,577,574,-1,587,588,458,-1,458,588,589,-1,458,589,467,-1,467,589,590,-1,467,590,573,-1,573,590,591,-1,573,591,586,-1,592,593,594,-1,594,593,585,-1,594,585,587,-1,587,585,584,-1,587,584,588,-1,595,596,449,-1,449,596,597,-1,449,597,458,-1,458,597,598,-1,458,598,587,-1,587,598,599,-1,587,599,594,-1,600,601,602,-1,602,601,593,-1,602,593,595,-1,595,593,592,-1,595,592,596,-1,603,604,440,-1,440,604,605,-1,440,605,449,-1,449,605,606,-1,449,606,595,-1,595,606,607,-1,595,607,602,-1,608,609,610,-1,610,609,601,-1,610,601,603,-1,603,601,600,-1,603,600,604,-1,611,612,421,-1,421,612,613,-1,421,613,440,-1,440,613,614,-1,440,614,603,-1,603,614,615,-1,603,615,610,-1,616,617,618,-1,618,617,609,-1,618,609,611,-1,611,609,608,-1,611,608,612,-1,619,620,416,-1,416,620,621,-1,416,621,421,-1,421,621,622,-1,623,617,624,-1,624,617,616,-1,624,616,625,-1,625,616,626,-1,625,626,622,-1,622,626,627,-1,622,627,421,-1,421,627,628,-1,421,628,611,-1,611,628,629,-1,611,629,618,-1,630,631,632,-1,632,631,617,-1,632,617,619,-1,619,617,623,-1,619,623,620,-1,633,634,407,-1,407,634,635,-1,407,635,416,-1,416,635,636,-1,416,636,619,-1,619,636,637,-1,619,637,632,-1,638,639,640,-1,640,639,631,-1,640,631,633,-1,633,631,630,-1,633,630,634,-1,641,642,398,-1,398,642,643,-1,398,643,407,-1,407,643,644,-1,407,644,633,-1,633,644,645,-1,633,645,640,-1,646,647,648,-1,648,647,639,-1,648,639,641,-1,641,639,638,-1,641,638,642,-1,649,650,389,-1,389,650,651,-1,389,651,398,-1,398,651,652,-1,398,652,641,-1,641,652,653,-1,641,653,648,-1,654,655,656,-1,656,655,647,-1,656,647,649,-1,649,647,646,-1,649,646,650,-1,657,658,370,-1,370,658,659,-1,370,659,389,-1,389,659,660,-1,389,660,649,-1,649,660,661,-1,649,661,656,-1,662,663,664,-1,664,663,655,-1,664,655,657,-1,657,655,654,-1,657,654,658,-1,665,666,365,-1,365,666,667,-1,365,667,370,-1,370,667,668,-1,669,663,670,-1,670,663,662,-1,670,662,671,-1,671,662,672,-1,671,672,668,-1,668,672,673,-1,668,673,370,-1,370,673,674,-1,370,674,657,-1,657,674,675,-1,657,675,664,-1,676,677,678,-1,678,677,663,-1,678,663,665,-1,665,663,669,-1,665,669,666,-1,679,680,356,-1,356,680,681,-1,356,681,365,-1,365,681,682,-1,365,682,665,-1,665,682,683,-1,665,683,678,-1,684,685,686,-1,686,685,677,-1,686,677,679,-1,679,677,676,-1,679,676,680,-1,687,688,347,-1,347,688,689,-1,347,689,356,-1,356,689,690,-1,356,690,679,-1,679,690,691,-1,679,691,686,-1,692,693,694,-1,694,693,685,-1,694,685,687,-1,687,685,684,-1,687,684,688,-1,695,696,338,-1,338,696,697,-1,338,697,347,-1,347,697,698,-1,347,698,687,-1,687,698,699,-1,687,699,694,-1,700,701,702,-1,702,701,693,-1,702,693,695,-1,695,693,692,-1,695,692,696,-1,703,704,320,-1,320,704,705,-1,320,705,338,-1,338,705,706,-1,338,706,695,-1,695,706,707,-1,695,707,702,-1,708,709,710,-1,710,709,701,-1,710,701,703,-1,703,701,700,-1,703,700,704,-1,711,712,709,-1,713,714,311,-1,311,714,715,-1,715,716,311,-1,311,716,320,-1,311,320,314,-1,314,320,319,-1,314,319,717,-1,717,319,718,-1,717,718,318,-1,318,718,719,-1,318,719,306,-1,306,719,325,-1,306,325,327,-1,327,325,326,-1,327,326,328,-1,720,320,721,-1,721,320,716,-1,721,716,722,-1,722,716,723,-1,722,723,724,-1,723,711,724,-1,724,711,709,-1,724,709,725,-1,725,709,708,-1,725,708,726,-1,726,708,727,-1,726,727,720,-1,720,727,728,-1,720,728,320,-1,320,728,729,-1,320,729,703,-1,703,729,730,-1,703,730,710,-1,731,732,733,-1,733,732,709,-1,733,709,713,-1,713,709,712,-1,713,712,714,-1,734,735,302,-1,302,735,736,-1,302,736,311,-1,311,736,737,-1,311,737,713,-1,713,737,738,-1,713,738,733,-1,739,740,741,-1,741,740,732,-1,741,732,734,-1,734,732,731,-1,734,731,735,-1,742,743,293,-1,293,743,744,-1,293,744,302,-1,302,744,745,-1,302,745,734,-1,734,745,746,-1,734,746,741,-1,747,748,749,-1,749,748,740,-1,749,740,742,-1,742,740,739,-1,742,739,743,-1,750,751,284,-1,284,751,752,-1,284,752,293,-1,293,752,753,-1,293,753,742,-1,742,753,754,-1,742,754,749,-1,755,756,757,-1,757,756,748,-1,757,748,750,-1,750,748,747,-1,750,747,751,-1,758,759,282,-1,282,759,760,-1,282,760,284,-1,284,760,761,-1,284,761,750,-1,750,761,762,-1,750,762,757,-1,763,764,765,-1,765,764,766,-1,765,766,767,-1,768,769,266,-1,266,769,770,-1,266,770,269,-1,269,770,771,-1,269,771,767,-1,767,771,772,-1,767,772,765,-1,773,774,775,-1,775,774,764,-1,775,764,768,-1,768,764,763,-1,768,763,769,-1,776,777,257,-1,257,777,778,-1,257,778,266,-1,266,778,779,-1,266,779,768,-1,768,779,780,-1,768,780,775,-1,781,782,783,-1,783,782,774,-1,783,774,776,-1,776,774,773,-1,776,773,777,-1,784,785,248,-1,248,785,786,-1,248,786,257,-1,257,786,787,-1,257,787,776,-1,776,787,788,-1,776,788,783,-1,789,790,791,-1,791,790,782,-1,791,782,784,-1,784,782,781,-1,784,781,785,-1,792,793,229,-1,229,793,794,-1,229,794,248,-1,248,794,795,-1,248,795,784,-1,784,795,796,-1,784,796,791,-1,797,798,799,-1,799,798,790,-1,799,790,792,-1,792,790,789,-1,792,789,793,-1,800,801,224,-1,224,801,802,-1,224,802,229,-1,229,802,803,-1,804,798,805,-1,805,798,797,-1,805,797,806,-1,806,797,807,-1,806,807,803,-1,803,807,808,-1,803,808,229,-1,229,808,809,-1,229,809,792,-1,792,809,810,-1,792,810,799,-1,811,812,813,-1,813,812,798,-1,813,798,800,-1,800,798,804,-1,800,804,801,-1,814,815,215,-1,215,815,816,-1,215,816,224,-1,224,816,817,-1,224,817,800,-1,800,817,818,-1,800,818,813,-1,819,820,821,-1,821,820,812,-1,821,812,814,-1,814,812,811,-1,814,811,815,-1,822,823,206,-1,206,823,824,-1,206,824,215,-1,215,824,825,-1,215,825,814,-1,814,825,826,-1,814,826,821,-1,827,828,829,-1,829,828,820,-1,829,820,822,-1,822,820,819,-1,822,819,823,-1,830,831,197,-1,197,831,832,-1,197,832,206,-1,206,832,833,-1,206,833,822,-1,822,833,834,-1,822,834,829,-1,830,835,836,-1,835,830,837,-1,837,830,197,-1,837,197,838,-1,838,197,187,-1,838,187,839,-1,839,187,518,-1,839,518,840,-1,840,518,520,-1,840,520,836,-1,836,520,828,-1,836,828,830,-1,830,828,827,-1,830,827,831,-1,841,842,843,-1,844,278,845,-1,843,842,846,-1,846,842,847,-1,846,847,845,-1,845,847,848,-1,845,848,844,-1,849,841,850,-1,850,841,843,-1,850,843,851,-1,851,843,282,-1,851,282,852,-1,852,282,280,-1,852,280,853,-1,853,280,278,-1,853,278,854,-1,854,278,844,-1,854,844,855,-1,855,844,849,-1,855,849,850,-1,856,845,857,-1,857,845,858,-1,857,858,859,-1,859,858,860,-1,859,860,861,-1,861,860,862,-1,861,862,863,-1,863,862,843,-1,863,843,864,-1,864,843,846,-1,864,846,856,-1,856,846,845,-1,865,858,866,-1,866,858,867,-1,866,867,868,-1,868,867,869,-1,868,869,870,-1,870,869,871,-1,870,871,872,-1,872,871,862,-1,872,862,873,-1,873,862,860,-1,873,860,865,-1,865,860,858,-1,874,867,875,-1,875,867,876,-1,875,876,877,-1,877,876,878,-1,877,878,879,-1,879,878,880,-1,879,880,881,-1,881,880,871,-1,881,871,882,-1,882,871,869,-1,882,869,874,-1,874,869,867,-1,883,876,884,-1,884,876,885,-1,884,885,886,-1,886,885,887,-1,886,887,888,-1,888,887,889,-1,888,889,890,-1,890,889,880,-1,890,880,891,-1,891,880,878,-1,891,878,883,-1,883,878,876,-1,892,885,893,-1,893,885,894,-1,893,894,895,-1,895,894,896,-1,895,896,897,-1,897,896,898,-1,897,898,899,-1,899,898,889,-1,899,889,900,-1,900,889,887,-1,900,887,892,-1,892,887,885,-1,901,902,903,-1,903,902,904,-1,903,904,905,-1,901,906,907,-1,907,906,908,-1,907,908,894,-1,909,905,910,-1,910,905,904,-1,910,904,911,-1,911,904,898,-1,911,898,912,-1,912,898,896,-1,912,896,913,-1,913,896,894,-1,913,894,914,-1,914,894,908,-1,914,908,915,-1,915,908,909,-1,915,909,910,-1,901,907,902,-1,902,907,99,-1,902,99,104,-1,100,916,94,-1,94,916,917,-1,94,917,95,-1,98,95,274,-1,111,270,112,-1,112,270,269,-1,112,269,44,-1,44,269,47,-1,44,41,112,-1,112,41,36,-1,112,36,2,-1,273,110,274,-1,274,110,112,-1,274,112,98,-1,98,112,2,-1,98,2,1,-1,47,269,50,-1,50,269,767,-1,50,767,53,-1,19,18,767,-1,767,18,56,-1,767,56,53,-1,104,31,902,-1,902,31,30,-1,902,30,904,-1,904,30,918,-1,904,918,919,-1,918,7,919,-1,919,7,109,-1,919,109,920,-1,920,109,108,-1,920,108,766,-1,766,108,90,-1,766,90,767,-1,767,90,92,-1,767,92,19,-1,921,922,898,-1,898,922,923,-1,923,922,924,-1,923,924,925,-1,926,920,925,-1,925,920,927,-1,925,927,923,-1,928,921,929,-1,929,921,898,-1,929,898,930,-1,930,898,904,-1,930,904,931,-1,931,904,919,-1,931,919,932,-1,932,919,920,-1,932,920,933,-1,933,920,926,-1,933,926,934,-1,934,926,928,-1,934,928,929,-1,935,936,937,-1,936,935,938,-1,938,935,889,-1,938,889,939,-1,939,889,898,-1,939,898,940,-1,940,898,923,-1,940,923,941,-1,941,923,927,-1,941,927,937,-1,937,927,942,-1,937,942,935,-1,943,944,945,-1,943,946,880,-1,880,946,947,-1,880,947,871,-1,871,947,948,-1,871,948,949,-1,949,948,950,-1,949,950,951,-1,952,953,951,-1,951,953,954,-1,951,954,949,-1,944,943,955,-1,955,943,880,-1,955,880,956,-1,956,880,889,-1,956,889,957,-1,957,889,935,-1,957,935,958,-1,958,935,942,-1,958,942,945,-1,945,942,953,-1,945,953,943,-1,943,953,952,-1,943,952,946,-1,959,960,961,-1,959,962,862,-1,862,962,963,-1,862,963,843,-1,843,963,964,-1,843,964,965,-1,965,964,966,-1,965,966,967,-1,968,969,967,-1,967,969,970,-1,967,970,965,-1,960,959,971,-1,971,959,862,-1,971,862,972,-1,972,862,871,-1,972,871,973,-1,973,871,949,-1,973,949,974,-1,974,949,954,-1,974,954,961,-1,961,954,969,-1,961,969,959,-1,959,969,968,-1,959,968,962,-1,975,976,282,-1,282,976,758,-1,758,976,977,-1,758,977,978,-1,979,970,978,-1,978,970,756,-1,978,756,758,-1,758,756,755,-1,758,755,759,-1,980,975,981,-1,981,975,282,-1,981,282,982,-1,982,282,843,-1,982,843,983,-1,983,843,965,-1,983,965,984,-1,984,965,970,-1,984,970,985,-1,985,970,979,-1,985,979,986,-1,986,979,980,-1,986,980,981,-1,95,917,274,-1,274,917,987,-1,274,987,261,-1,261,987,988,-1,261,988,252,-1,252,988,989,-1,252,989,243,-1,243,989,990,-1,243,990,235,-1,235,990,991,-1,235,991,219,-1,219,991,992,-1,219,992,210,-1,210,992,993,-1,210,993,201,-1,201,993,994,-1,201,994,192,-1,192,994,175,-1,192,175,183,-1,183,175,174,-1,183,174,173,-1,123,122,124,-1,124,122,995,-1,124,995,504,-1,504,995,996,-1,504,996,495,-1,495,996,997,-1,495,997,486,-1,486,997,998,-1,486,998,478,-1,478,998,999,-1,478,999,462,-1,462,999,1000,-1,462,1000,453,-1,453,1000,1001,-1,453,1001,444,-1,444,1001,1002,-1,444,1002,435,-1,435,1002,1003,-1,435,1003,427,-1,427,1003,1004,-1,427,1004,411,-1,411,1004,1005,-1,411,1005,402,-1,402,1005,1006,-1,402,1006,393,-1,393,1006,1007,-1,393,1007,384,-1,384,1007,1008,-1,384,1008,376,-1,376,1008,1009,-1,376,1009,360,-1,360,1009,1010,-1,360,1010,351,-1,351,1010,1011,-1,351,1011,342,-1,342,1011,1012,-1,342,1012,333,-1,333,1012,1013,-1,333,1013,327,-1,327,1013,1014,-1,327,1014,306,-1,306,1014,1015,-1,306,1015,297,-1,297,1015,1016,-1,297,1016,288,-1,288,1016,1017,-1,288,1017,276,-1,276,1017,1018,-1,276,1018,278,-1,278,1018,1019,-1,278,1019,845,-1,845,1019,1020,-1,845,1020,858,-1,858,1020,1021,-1,858,1021,867,-1,867,1021,1022,-1,867,1022,876,-1,876,1022,1023,-1,876,1023,885,-1,885,1023,1024,-1,885,1024,894,-1,894,1024,916,-1,894,916,907,-1,907,916,100,-1,907,100,99,-1,152,1025,150,-1,150,1025,1026,-1,150,1026,136,-1,129,1027,128,-1,128,1027,1028,-1,128,1028,127,-1,114,1029,115,-1,115,1029,1030,-1,115,1030,165,-1,159,1031,142,-1,142,1031,1032,-1,142,1032,143,-1,1027,1033,1028,-1,1028,1033,1034,-1,1028,1034,1029,-1,1029,1034,1035,-1,1029,1035,1030,-1,152,151,1025,-1,1025,151,1036,-1,1025,1036,1032,-1,1032,1036,1037,-1,1032,1037,143,-1,143,1037,145,-1,114,113,1029,-1,1029,113,1038,-1,1029,1038,1028,-1,1028,1038,1039,-1,1028,1039,127,-1,127,1039,125,-1,1040,1041,1042,-1,1043,1044,1045,-1,1045,1044,1046,-1,1047,1048,1049,-1,1042,1050,1040,-1,1040,1050,1045,-1,1040,1045,1051,-1,1051,1045,1046,-1,1051,1046,1052,-1,1053,1054,1052,-1,1052,1054,1055,-1,1052,1055,1051,-1,1051,1055,1056,-1,1057,1058,1051,-1,1059,1060,1061,-1,1049,1057,1047,-1,1047,1057,1051,-1,1047,1051,1062,-1,1062,1051,1056,-1,1062,1056,1063,-1,1063,1056,1064,-1,1065,1066,1051,-1,1067,1068,1058,-1,1058,1068,1069,-1,1058,1069,1051,-1,1051,1069,1070,-1,1071,1072,1073,-1,1074,1075,1070,-1,1070,1075,1076,-1,1070,1076,1051,-1,1051,1076,1077,-1,1078,1079,1077,-1,1077,1079,1080,-1,1077,1080,1051,-1,1051,1080,1059,-1,1051,1059,1065,-1,1065,1059,1061,-1,1081,1082,1066,-1,1066,1082,1083,-1,1066,1083,1051,-1,1051,1083,1084,-1,1085,1086,1087,-1,1088,1089,1051,-1,1073,1088,1071,-1,1071,1088,1051,-1,1071,1051,1090,-1,1090,1051,1084,-1,1090,1084,1091,-1,1091,1084,1092,-1,1093,1094,1051,-1,1095,1096,1097,-1,1087,1093,1085,-1,1085,1093,1051,-1,1085,1051,1098,-1,1098,1051,1089,-1,1098,1089,1099,-1,1099,1089,1100,-1,1101,1102,1051,-1,1103,1104,1105,-1,1097,1101,1095,-1,1095,1101,1051,-1,1095,1051,1106,-1,1106,1051,1094,-1,1106,1094,1107,-1,1107,1094,1108,-1,1109,1110,1051,-1,1105,1109,1103,-1,1103,1109,1051,-1,1103,1051,1111,-1,1111,1051,1102,-1,1111,1102,1112,-1,1112,1102,1113,-1,1114,1115,1116,-1,1117,1118,1051,-1,1119,1120,1110,-1,1110,1120,1121,-1,1110,1121,1051,-1,1051,1121,1122,-1,1116,1117,1114,-1,1114,1117,1051,-1,1114,1051,1123,-1,1123,1051,1122,-1,1123,1122,1124,-1,1124,1122,1125,-1,1126,1127,1128,-1,1129,1130,1051,-1,1128,1129,1126,-1,1126,1129,1051,-1,1126,1051,1131,-1,1131,1051,1118,-1,1131,1118,1132,-1,1132,1118,1133,-1,1134,1135,1136,-1,1137,1138,1051,-1,1136,1137,1134,-1,1134,1137,1051,-1,1134,1051,1139,-1,1139,1051,1130,-1,1139,1130,1140,-1,1140,1130,1141,-1,1142,1143,1144,-1,1145,1146,1051,-1,1144,1145,1142,-1,1142,1145,1051,-1,1142,1051,1147,-1,1147,1051,1138,-1,1147,1138,1148,-1,1148,1138,1149,-1,1150,1151,1152,-1,1153,1154,1051,-1,1152,1153,1150,-1,1150,1153,1051,-1,1150,1051,1155,-1,1155,1051,1146,-1,1155,1146,1156,-1,1156,1146,1157,-1,1158,1159,1160,-1,1161,1162,1051,-1,1160,1161,1158,-1,1158,1161,1051,-1,1158,1051,1163,-1,1163,1051,1154,-1,1163,1154,1164,-1,1164,1154,1165,-1,1166,1167,1168,-1,1169,1170,1051,-1,1168,1169,1166,-1,1166,1169,1051,-1,1166,1051,1171,-1,1171,1051,1162,-1,1171,1162,1172,-1,1172,1162,1173,-1,1174,1175,1176,-1,1177,1178,1051,-1,1176,1177,1174,-1,1174,1177,1051,-1,1174,1051,1179,-1,1179,1051,1170,-1,1179,1170,1180,-1,1180,1170,1181,-1,1182,1183,1184,-1,1185,1186,1051,-1,1184,1185,1182,-1,1182,1185,1051,-1,1182,1051,1187,-1,1187,1051,1178,-1,1187,1178,1188,-1,1188,1178,1189,-1,1190,1191,1192,-1,1192,1191,1051,-1,1192,1051,1193,-1,1193,1051,1186,-1,1193,1186,1194,-1,1194,1186,1195,-1,1196,1191,1197,-1,1197,1191,1190,-1,1198,1199,1197,-1,1197,1199,1200,-1,1201,1196,1202,-1,1202,1196,1197,-1,1202,1197,1203,-1,1203,1197,1200,-1,1203,1200,1204,-1,1204,1200,1205,-1,1206,1207,1208,-1,1208,1207,1209,-1,1194,1195,1198,-1,1198,1195,1208,-1,1198,1208,1199,-1,1199,1208,1209,-1,1199,1209,1210,-1,1210,1209,1211,-1,1212,1213,1214,-1,1214,1213,1215,-1,1184,1183,1206,-1,1206,1183,1214,-1,1206,1214,1207,-1,1207,1214,1215,-1,1207,1215,1216,-1,1216,1215,1217,-1,1218,1219,1220,-1,1220,1219,1221,-1,1188,1189,1212,-1,1212,1189,1220,-1,1212,1220,1213,-1,1213,1220,1221,-1,1213,1221,1222,-1,1222,1221,1223,-1,1224,1225,1226,-1,1226,1225,1227,-1,1176,1175,1218,-1,1218,1175,1226,-1,1218,1226,1219,-1,1219,1226,1227,-1,1219,1227,1228,-1,1228,1227,1229,-1,1230,1231,1232,-1,1232,1231,1233,-1,1180,1181,1224,-1,1224,1181,1232,-1,1224,1232,1225,-1,1225,1232,1233,-1,1225,1233,1234,-1,1234,1233,1235,-1,1236,1237,1238,-1,1238,1237,1239,-1,1168,1167,1230,-1,1230,1167,1238,-1,1230,1238,1231,-1,1231,1238,1239,-1,1231,1239,1240,-1,1240,1239,1241,-1,1242,1243,1244,-1,1244,1243,1245,-1,1172,1173,1236,-1,1236,1173,1244,-1,1236,1244,1237,-1,1237,1244,1245,-1,1237,1245,1246,-1,1246,1245,1247,-1,1248,1249,1250,-1,1250,1249,1251,-1,1160,1159,1242,-1,1242,1159,1250,-1,1242,1250,1243,-1,1243,1250,1251,-1,1243,1251,1252,-1,1252,1251,1253,-1,1254,1255,1256,-1,1256,1255,1257,-1,1164,1165,1248,-1,1248,1165,1256,-1,1248,1256,1249,-1,1249,1256,1257,-1,1249,1257,1258,-1,1258,1257,1259,-1,1260,1261,1262,-1,1262,1261,1263,-1,1152,1151,1254,-1,1254,1151,1262,-1,1254,1262,1255,-1,1255,1262,1263,-1,1255,1263,1264,-1,1264,1263,1265,-1,1266,1267,1268,-1,1268,1267,1269,-1,1156,1157,1260,-1,1260,1157,1268,-1,1260,1268,1261,-1,1261,1268,1269,-1,1261,1269,1270,-1,1270,1269,1271,-1,1272,1273,1274,-1,1274,1273,1275,-1,1144,1143,1266,-1,1266,1143,1274,-1,1266,1274,1267,-1,1267,1274,1275,-1,1267,1275,1276,-1,1276,1275,1277,-1,1278,1279,1280,-1,1280,1279,1281,-1,1148,1149,1272,-1,1272,1149,1280,-1,1272,1280,1273,-1,1273,1280,1281,-1,1273,1281,1282,-1,1282,1281,1283,-1,1284,1285,1286,-1,1286,1285,1287,-1,1136,1135,1278,-1,1278,1135,1286,-1,1278,1286,1279,-1,1279,1286,1287,-1,1279,1287,1288,-1,1288,1287,1289,-1,1290,1291,1292,-1,1292,1291,1293,-1,1140,1141,1284,-1,1284,1141,1292,-1,1284,1292,1285,-1,1285,1292,1293,-1,1285,1293,1294,-1,1294,1293,1295,-1,1296,1297,1298,-1,1298,1297,1299,-1,1128,1127,1290,-1,1290,1127,1298,-1,1290,1298,1291,-1,1291,1298,1299,-1,1291,1299,1300,-1,1300,1299,1301,-1,1302,1303,1304,-1,1304,1303,1305,-1,1132,1133,1296,-1,1296,1133,1304,-1,1296,1304,1297,-1,1297,1304,1305,-1,1297,1305,1306,-1,1306,1305,1307,-1,1308,1309,1310,-1,1310,1309,1311,-1,1116,1115,1302,-1,1302,1115,1310,-1,1302,1310,1303,-1,1303,1310,1311,-1,1303,1311,1312,-1,1312,1311,1313,-1,1314,1315,1316,-1,1316,1315,1317,-1,1124,1125,1308,-1,1308,1125,1316,-1,1308,1316,1309,-1,1309,1316,1317,-1,1309,1317,1318,-1,1318,1317,1319,-1,1320,1321,1322,-1,1322,1321,1323,-1,1120,1119,1314,-1,1314,1119,1322,-1,1314,1322,1315,-1,1315,1322,1323,-1,1315,1323,1324,-1,1324,1323,1325,-1,1326,1327,1328,-1,1328,1327,1329,-1,1105,1104,1320,-1,1320,1104,1328,-1,1320,1328,1321,-1,1321,1328,1329,-1,1321,1329,1330,-1,1330,1329,1331,-1,1332,1333,1334,-1,1334,1333,1335,-1,1112,1113,1326,-1,1326,1113,1334,-1,1326,1334,1327,-1,1327,1334,1335,-1,1327,1335,1336,-1,1336,1335,1337,-1,1338,1339,1340,-1,1340,1339,1341,-1,1097,1096,1332,-1,1332,1096,1340,-1,1332,1340,1333,-1,1333,1340,1341,-1,1333,1341,1342,-1,1342,1341,1343,-1,1344,1345,1346,-1,1346,1345,1347,-1,1107,1108,1338,-1,1338,1108,1346,-1,1338,1346,1339,-1,1339,1346,1347,-1,1339,1347,1348,-1,1348,1347,1349,-1,1350,1351,1352,-1,1352,1351,1353,-1,1087,1086,1344,-1,1344,1086,1352,-1,1344,1352,1345,-1,1345,1352,1353,-1,1345,1353,1354,-1,1354,1353,1355,-1,1356,1357,1358,-1,1358,1357,1359,-1,1099,1100,1350,-1,1350,1100,1358,-1,1350,1358,1351,-1,1351,1358,1359,-1,1351,1359,1360,-1,1360,1359,1361,-1,1362,1363,1364,-1,1364,1363,1365,-1,1073,1072,1356,-1,1356,1072,1364,-1,1356,1364,1357,-1,1357,1364,1365,-1,1357,1365,1366,-1,1366,1365,1367,-1,1368,1369,1370,-1,1370,1369,1371,-1,1091,1092,1362,-1,1362,1092,1370,-1,1362,1370,1363,-1,1363,1370,1371,-1,1363,1371,1372,-1,1372,1371,1373,-1,1374,1375,1376,-1,1376,1375,1377,-1,1082,1081,1368,-1,1368,1081,1376,-1,1368,1376,1369,-1,1369,1376,1377,-1,1369,1377,1378,-1,1378,1377,1379,-1,1380,1381,1382,-1,1382,1381,1383,-1,1061,1060,1374,-1,1374,1060,1382,-1,1374,1382,1375,-1,1375,1382,1383,-1,1375,1383,1384,-1,1384,1383,1385,-1,1386,1387,1388,-1,1388,1387,1389,-1,1079,1078,1380,-1,1380,1078,1388,-1,1380,1388,1381,-1,1381,1388,1389,-1,1381,1389,1390,-1,1390,1389,1391,-1,1392,1393,1394,-1,1394,1393,1395,-1,1075,1074,1386,-1,1386,1074,1394,-1,1386,1394,1387,-1,1387,1394,1395,-1,1387,1395,1396,-1,1396,1395,1397,-1,1398,1399,1400,-1,1400,1399,1401,-1,1068,1067,1392,-1,1392,1067,1400,-1,1392,1400,1393,-1,1393,1400,1401,-1,1393,1401,1402,-1,1402,1401,1403,-1,1404,1405,1406,-1,1406,1405,1407,-1,1049,1048,1398,-1,1398,1048,1406,-1,1398,1406,1399,-1,1399,1406,1407,-1,1399,1407,1408,-1,1408,1407,1409,-1,1410,1411,1412,-1,1412,1411,1413,-1,1063,1064,1404,-1,1404,1064,1412,-1,1404,1412,1405,-1,1405,1412,1413,-1,1405,1413,1414,-1,1414,1413,1415,-1,1416,1417,1418,-1,1044,1043,1419,-1,1419,1043,1420,-1,1054,1053,1410,-1,1410,1053,1418,-1,1410,1418,1411,-1,1411,1418,1417,-1,1411,1417,1421,-1,1421,1417,1422,-1,1423,1424,1416,-1,1042,1041,1425,-1,1425,1041,1423,-1,1425,1423,1420,-1,1420,1423,1416,-1,1420,1416,1419,-1,1419,1416,1418,-1,1426,1427,1428,-1,1429,1430,1431,-1,1431,1430,1432,-1,1426,1428,1433,-1,1433,1428,1431,-1,1433,1431,1434,-1,1434,1431,1432,-1,1434,1432,1435,-1,1436,1437,1438,-1,1439,1440,1434,-1,1438,1439,1436,-1,1436,1439,1434,-1,1436,1434,1441,-1,1441,1434,1435,-1,1441,1435,1442,-1,1442,1435,1443,-1,1444,1445,1446,-1,1447,1448,1434,-1,1446,1447,1444,-1,1444,1447,1434,-1,1444,1434,1449,-1,1449,1434,1440,-1,1449,1440,1450,-1,1450,1440,1451,-1,1452,1453,1454,-1,1455,1456,1434,-1,1454,1455,1452,-1,1452,1455,1434,-1,1452,1434,1457,-1,1457,1434,1448,-1,1457,1448,1458,-1,1458,1448,1459,-1,1460,1461,1462,-1,1463,1464,1434,-1,1462,1463,1460,-1,1460,1463,1434,-1,1460,1434,1465,-1,1465,1434,1456,-1,1465,1456,1466,-1,1466,1456,1467,-1,1468,1469,1470,-1,1470,1469,1434,-1,1470,1434,1471,-1,1471,1434,1464,-1,1471,1464,1472,-1,1472,1464,1473,-1,1474,1427,1426,-1,1469,1468,1475,-1,1475,1468,1476,-1,1477,1478,1476,-1,1476,1478,1479,-1,1480,1475,1481,-1,1481,1475,1476,-1,1481,1476,1482,-1,1482,1476,1479,-1,1482,1479,1483,-1,1483,1479,1484,-1,1485,1486,1487,-1,1487,1486,1488,-1,1472,1473,1477,-1,1477,1473,1487,-1,1477,1487,1478,-1,1478,1487,1488,-1,1478,1488,1489,-1,1489,1488,1490,-1,1491,1492,1493,-1,1493,1492,1494,-1,1462,1461,1485,-1,1485,1461,1493,-1,1485,1493,1486,-1,1486,1493,1494,-1,1486,1494,1495,-1,1495,1494,1496,-1,1497,1498,1499,-1,1499,1498,1500,-1,1466,1467,1491,-1,1491,1467,1499,-1,1491,1499,1492,-1,1492,1499,1500,-1,1492,1500,1501,-1,1501,1500,1502,-1,1503,1504,1505,-1,1505,1504,1506,-1,1454,1453,1497,-1,1497,1453,1505,-1,1497,1505,1498,-1,1498,1505,1506,-1,1498,1506,1507,-1,1507,1506,1508,-1,1509,1510,1511,-1,1511,1510,1512,-1,1458,1459,1503,-1,1503,1459,1511,-1,1503,1511,1504,-1,1504,1511,1512,-1,1504,1512,1513,-1,1513,1512,1514,-1,1515,1516,1517,-1,1517,1516,1518,-1,1446,1445,1509,-1,1509,1445,1517,-1,1509,1517,1510,-1,1510,1517,1518,-1,1510,1518,1519,-1,1519,1518,1520,-1,1521,1522,1523,-1,1523,1522,1524,-1,1450,1451,1515,-1,1515,1451,1523,-1,1515,1523,1516,-1,1516,1523,1524,-1,1516,1524,1525,-1,1525,1524,1526,-1,1527,1528,1529,-1,1529,1528,1530,-1,1438,1437,1521,-1,1521,1437,1529,-1,1521,1529,1522,-1,1522,1529,1530,-1,1522,1530,1531,-1,1531,1530,1532,-1,1533,1534,1535,-1,1535,1534,1536,-1,1442,1443,1527,-1,1527,1443,1535,-1,1527,1535,1528,-1,1528,1535,1536,-1,1528,1536,1537,-1,1537,1536,1538,-1,1539,1540,1534,-1,1426,1539,1474,-1,1474,1539,1534,-1,1474,1534,1541,-1,1541,1534,1533,-1,1541,1533,1429,-1,1429,1533,1430,-1,1542,1543,1544,-1,1544,1543,1545,-1,1546,1547,1548,-1,1548,1547,1549,-1,1550,1551,1552,-1,1552,1551,1553,-1,1554,1555,1556,-1,1556,1555,1557,-1,1558,1559,1560,-1,1560,1559,1561,-1,1562,1563,1564,-1,1564,1563,1565,-1,1566,1567,1568,-1,1568,1567,1569,-1,1570,1571,1572,-1,1572,1571,1573,-1,1574,1575,1576,-1,1576,1575,1577,-1,1578,1579,1580,-1,1580,1579,1581,-1,1582,1583,1584,-1,1584,1583,1585,-1,1586,1587,1588,-1,1588,1587,1589,-1,1590,1591,1592,-1,1592,1591,1593,-1,1594,1595,1596,-1,1596,1595,1597,-1,1598,1599,1600,-1,1600,1599,1601,-1,1602,1603,1604,-1,1604,1603,1605,-1,1606,1607,1608,-1,1608,1607,1609,-1,1610,1611,1612,-1,1612,1611,1613,-1,1614,1615,1616,-1,1616,1615,1617,-1,1618,1619,1620,-1,1620,1619,1621,-1,1622,1623,1624,-1,1624,1623,1625,-1,1626,1627,1628,-1,1628,1627,1629,-1,1630,1631,1632,-1,1632,1631,1633,-1,1634,1635,1636,-1,1636,1635,1637,-1,1638,1639,1640,-1,1640,1639,1641,-1,1642,1643,1644,-1,1644,1643,1645,-1,1646,1647,1648,-1,1648,1647,1649,-1,1650,1651,1652,-1,1652,1651,1653,-1,1654,1655,1656,-1,1656,1655,1657,-1,1658,1659,1660,-1,1660,1659,1661,-1,1662,1663,1664,-1,1664,1663,1665,-1,1666,1667,1668,-1,1668,1667,1669,-1,1670,1671,1672,-1,1672,1671,1673,-1,1674,1675,1676,-1,1676,1675,1677,-1,1678,1679,1680,-1,1680,1679,1681,-1,1682,1683,1684,-1,1684,1683,1685,-1,1686,1687,1688,-1,1688,1687,1689,-1,1690,1691,1692,-1,1692,1691,1693,-1,1694,1695,1696,-1,1696,1695,1697,-1,1698,1699,1700,-1,1700,1699,1701,-1,1702,1703,1704,-1,1704,1703,1705,-1,1706,1707,1708,-1,1708,1707,1709,-1,1710,1711,1712,-1,1712,1711,1713,-1,1714,1715,1716,-1,1716,1715,1717,-1,1718,1719,1720,-1,1720,1719,1721,-1,1722,1723,1724,-1,1724,1723,1725,-1,1726,1727,1728,-1,1728,1727,1729,-1,1730,1731,1732,-1,1732,1731,1733,-1,1734,1735,1736,-1,1736,1735,1737,-1,1738,1739,1740,-1,1740,1739,1741,-1,1742,1743,1744,-1,1744,1743,1745,-1,1746,1747,1748,-1,1748,1747,1749,-1,1750,1751,1752,-1,1752,1751,1753,-1,1754,1755,1756,-1,1756,1755,1757,-1,1758,1759,1760,-1,1760,1759,1761,-1,1762,1763,1764,-1,1764,1763,1765,-1,1766,1767,1768,-1,1768,1767,1769,-1,1770,1771,1772,-1,1772,1771,1773,-1,1774,1775,1776,-1,1776,1775,1777,-1,1778,1779,1780,-1,1780,1779,1781,-1,1782,1783,1784,-1,1784,1783,1785,-1,1786,1787,1788,-1,1788,1787,1789,-1,1790,1791,1792,-1,1792,1791,1793,-1,1794,1795,1796,-1,1796,1795,1797,-1,1798,1799,1800,-1,1800,1799,1801,-1,1802,1803,1804,-1,1804,1803,1805,-1,1806,1807,1808,-1,1808,1807,1809,-1,1810,1811,1812,-1,1812,1811,1813,-1,1814,1815,1816,-1,1816,1815,1817,-1,1818,1819,1820,-1,1820,1819,1821,-1,1822,1823,1824,-1,1824,1823,1825,-1,1826,1827,1828,-1,1828,1827,1829,-1,1830,1831,1832,-1,1832,1831,1833,-1,1834,1835,1836,-1,1836,1835,1837,-1,1838,1839,1840,-1,1840,1839,1841,-1,1842,1843,1844,-1,1844,1843,1845,-1,1846,1847,1848,-1,1848,1847,1849,-1,1850,1851,1852,-1,1852,1851,1853,-1,1854,1855,1856,-1,1856,1855,1857,-1,1858,1859,1860,-1,1860,1859,1861,-1,1862,1863,1864,-1,1864,1863,1865,-1,1866,1867,1868,-1,1868,1867,1869,-1,1870,1871,1872,-1,1872,1871,1873,-1,1874,1875,1876,-1,1876,1875,1877,-1,1878,1879,1880,-1,1880,1879,1881,-1,1882,1883,1884,-1,1884,1883,1885,-1,1886,1887,1888,-1,1888,1887,1889,-1,1890,1891,1892,-1,1892,1891,1893,-1,1894,1895,1896,-1,1896,1895,1897,-1,1898,1899,1900,-1,1900,1899,1901,-1,1902,1903,1904,-1,1904,1903,1905,-1,1906,1907,1908,-1,1908,1907,1909,-1,1910,1911,1912,-1,1912,1911,1913,-1,1914,1915,1916,-1,1916,1915,1917,-1,1918,1919,1920,-1,1920,1919,1921,-1,1922,1923,1924,-1,1924,1923,1925,-1,1926,1927,1928,-1,1928,1927,1929,-1,1930,1931,1932,-1,1932,1931,1933,-1,1934,1935,1936,-1,1937,1938,1939,-1,1735,1940,1941,-1,1783,1942,1943,-1,1831,1944,1945,-1,1946,1947,1948,-1,1847,1949,1950,-1,1879,1951,1952,-1,1953,1954,1955,-1,1956,1957,1958,-1,1959,1960,1961,-1,1962,1963,1964,-1,1965,1966,1967,-1,1968,1969,1949,-1,1936,1970,1971,-1,1948,1972,1973,-1,1974,1975,1976,-1,1975,1974,1977,-1,1977,1974,1978,-1,1977,1978,1979,-1,1979,1978,1980,-1,1979,1980,1981,-1,1981,1980,1982,-1,1981,1982,1983,-1,1983,1982,1984,-1,1983,1984,1985,-1,1986,1987,1988,-1,1988,1987,1989,-1,1989,1987,1990,-1,1989,1990,1991,-1,1991,1990,1992,-1,1991,1992,1993,-1,1993,1992,1994,-1,1993,1994,1995,-1,1996,1997,1998,-1,1998,1997,1999,-1,1999,1997,2000,-1,1999,2000,2001,-1,2001,2000,2002,-1,2001,2002,2003,-1,2003,2002,2004,-1,2003,2004,2005,-1,2006,2007,2008,-1,2008,2007,2009,-1,2009,2007,2010,-1,2009,2010,2011,-1,2011,2010,2012,-1,2011,2012,2013,-1,2013,2012,2014,-1,2013,2014,2015,-1,2016,2017,2018,-1,2018,2017,2019,-1,2019,2017,2020,-1,2019,2020,2021,-1,2021,2020,2022,-1,2021,2022,2023,-1,2023,2022,2024,-1,2023,2024,2025,-1,2026,2027,2028,-1,2028,2027,2029,-1,2029,2027,2030,-1,2029,2030,2031,-1,2031,2030,2032,-1,2031,2032,2033,-1,2033,2032,2034,-1,2033,2034,2035,-1,2036,2037,2038,-1,2038,2037,2039,-1,2038,2039,2040,-1,1949,1969,1950,-1,1950,1969,2041,-1,1950,2041,2042,-1,2042,2041,2043,-1,2042,2043,1951,-1,1951,2043,2044,-1,1951,2044,1952,-1,1952,2044,2045,-1,1952,2045,2046,-1,2046,2045,2047,-1,2046,2047,2048,-1,2048,2047,2049,-1,2048,2049,2050,-1,2050,2049,2051,-1,2050,2051,2040,-1,2040,2051,2052,-1,2040,2052,2038,-1,1970,1936,2053,-1,2053,1936,1939,-1,2053,1939,2054,-1,2054,1939,2055,-1,2054,2055,2056,-1,2056,2055,2057,-1,2056,2057,2058,-1,2059,2060,2061,-1,2061,2060,2062,-1,2062,2060,2063,-1,2062,2063,2064,-1,2064,2063,2065,-1,2064,2065,2066,-1,2066,2065,2067,-1,2066,2067,2036,-1,1964,1963,2068,-1,2068,1963,2069,-1,2068,2069,2070,-1,1959,2071,2072,-1,2072,2071,2073,-1,2072,2073,2074,-1,2074,2073,2070,-1,2074,2070,2075,-1,2075,2070,2069,-1,1961,1960,2076,-1,2076,1960,2077,-1,2076,2077,2078,-1,2078,2077,2079,-1,2078,2079,1946,-1,2079,2080,1946,-1,1946,2080,2081,-1,1946,2081,1947,-1,1947,2081,2082,-1,1947,2082,2083,-1,2083,2082,2084,-1,2083,2084,1956,-1,1958,1957,2085,-1,2085,1957,2086,-1,2085,2086,2087,-1,2087,2086,2088,-1,2087,2088,2089,-1,2089,2088,2090,-1,2089,2090,2091,-1,2091,2090,2092,-1,2091,2092,2093,-1,1953,2094,2095,-1,2095,2094,2096,-1,2095,2096,2097,-1,2097,2096,2098,-1,2097,2098,2099,-1,2099,2098,2100,-1,2099,2100,2101,-1,2101,2100,2102,-1,2101,2102,2093,-1,1955,1954,2103,-1,2103,1954,2104,-1,2103,2104,2105,-1,2104,2106,2105,-1,2105,2106,2107,-1,2105,2107,2108,-1,2108,2107,2109,-1,2108,2109,2110,-1,2110,2109,2111,-1,2110,2111,2112,-1,2112,2111,2113,-1,2112,2113,2114,-1,2114,2113,2115,-1,2114,2115,2116,-1,2116,2115,2117,-1,2116,2117,2118,-1,2117,2119,2118,-1,2118,2119,2120,-1,2118,2120,2121,-1,2121,2120,2122,-1,2121,2122,2123,-1,2123,2122,2124,-1,2123,2124,2125,-1,2125,2124,2126,-1,2125,2126,2127,-1,2127,2126,2128,-1,2127,2128,2129,-1,2129,2128,2130,-1,2129,2130,2131,-1,2131,2130,2132,-1,2131,2132,2133,-1,2132,2134,2133,-1,2133,2134,2135,-1,2133,2135,2136,-1,2137,2138,2139,-1,2139,2138,2140,-1,2139,2140,2141,-1,2141,2140,2136,-1,2141,2136,2142,-1,2142,2136,2135,-1,2143,2144,2145,-1,2145,2144,2146,-1,2145,2146,2137,-1,2147,1964,2040,-1,2147,2148,1964,-1,1964,2148,2149,-1,1964,2149,1962,-1,1927,2040,1929,-1,1929,2040,2039,-1,1929,2039,2150,-1,2150,2039,2149,-1,2150,2149,2151,-1,2151,2149,2148,-1,2151,2148,1927,-1,1927,2148,1921,-1,1927,1921,2040,-1,2040,1921,1919,-1,2040,1919,2147,-1,2050,1911,2152,-1,1911,2050,1913,-1,1913,2050,2040,-1,1913,2040,2153,-1,2153,2040,1964,-1,2153,1964,2152,-1,2152,1964,2068,-1,2152,2068,2050,-1,2048,1903,2154,-1,1903,2048,1905,-1,1905,2048,2050,-1,1905,2050,2155,-1,2155,2050,2068,-1,2155,2068,2154,-1,2154,2068,2070,-1,2154,2070,2048,-1,2046,1895,2156,-1,1895,2046,1897,-1,1897,2046,2048,-1,1897,2048,2157,-1,2157,2048,2070,-1,2157,2070,2156,-1,2156,2070,2073,-1,2156,2073,2046,-1,1952,1887,2158,-1,1887,1952,1889,-1,1889,1952,2046,-1,1889,2046,2159,-1,2159,2046,2073,-1,2159,2073,2158,-1,2158,2073,2071,-1,2158,2071,1952,-1,1961,1951,2160,-1,2160,1951,1871,-1,1959,1961,2071,-1,2071,1961,2160,-1,2071,2160,2161,-1,1871,1951,1873,-1,1873,1951,1879,-1,1873,1879,2161,-1,2161,1879,2162,-1,2161,2162,2071,-1,2071,2162,2163,-1,2071,2163,1952,-1,1952,2163,1881,-1,1952,1881,1879,-1,2042,1863,2164,-1,1863,2042,1865,-1,1865,2042,1951,-1,1865,1951,2165,-1,2165,1951,1961,-1,2165,1961,2164,-1,2164,1961,2076,-1,2164,2076,2042,-1,1950,1855,2166,-1,1855,1950,1857,-1,1857,1950,2042,-1,1857,2042,2167,-1,2167,2042,2076,-1,2167,2076,2166,-1,2166,2076,2078,-1,2166,2078,1950,-1,1946,2168,2078,-1,2078,2168,2169,-1,2078,2169,1950,-1,1950,2169,1849,-1,1950,1849,1847,-1,1967,1936,1965,-1,1965,1936,1971,-1,1965,1971,1973,-1,1973,1971,1968,-1,1973,1968,1948,-1,1948,1968,1949,-1,1948,1949,1946,-1,1946,1949,1847,-1,1946,1847,2168,-1,1945,1839,2170,-1,1839,1945,1841,-1,1841,1945,1948,-1,1841,1948,2171,-1,2171,1948,1947,-1,2171,1947,2170,-1,2170,1947,2083,-1,2170,2083,1945,-1,1958,1944,2172,-1,2172,1944,1823,-1,1956,1958,2083,-1,2083,1958,2172,-1,2083,2172,2173,-1,1823,1944,1825,-1,1825,1944,1831,-1,1825,1831,2173,-1,2173,1831,2174,-1,2173,2174,2083,-1,2083,2174,2175,-1,2083,2175,1945,-1,1945,2175,1833,-1,1945,1833,1831,-1,2176,1815,2177,-1,1815,2176,1817,-1,1817,2176,1944,-1,1817,1944,2178,-1,2178,1944,1958,-1,2178,1958,2177,-1,2177,1958,2085,-1,2177,2085,2176,-1,2179,1807,2180,-1,1807,2179,1809,-1,1809,2179,2176,-1,1809,2176,2181,-1,2181,2176,2085,-1,2181,2085,2180,-1,2180,2085,2087,-1,2180,2087,2179,-1,2182,1799,2183,-1,1799,2182,1801,-1,1801,2182,2179,-1,1801,2179,2184,-1,2184,2179,2087,-1,2184,2087,2183,-1,2183,2087,2089,-1,2183,2089,2182,-1,1943,1791,2185,-1,1791,1943,1793,-1,1793,1943,2182,-1,1793,2182,2186,-1,2186,2182,2089,-1,2186,2089,2185,-1,2185,2089,2091,-1,2185,2091,1943,-1,2102,1942,2187,-1,2187,1942,1775,-1,2093,2102,2091,-1,2091,2102,2187,-1,2091,2187,2188,-1,1775,1942,1777,-1,1777,1942,1783,-1,1777,1783,2188,-1,2188,1783,2189,-1,2188,2189,2091,-1,2091,2189,2190,-1,2091,2190,1943,-1,1943,2190,1785,-1,1943,1785,1783,-1,2191,1767,2192,-1,1767,2191,1769,-1,1769,2191,1942,-1,1769,1942,2193,-1,2193,1942,2102,-1,2193,2102,2192,-1,2192,2102,2100,-1,2192,2100,2191,-1,2194,1759,2195,-1,1759,2194,1761,-1,1761,2194,2191,-1,1761,2191,2196,-1,2196,2191,2100,-1,2196,2100,2195,-1,2195,2100,2098,-1,2195,2098,2194,-1,2197,1751,2198,-1,1751,2197,1753,-1,1753,2197,2194,-1,1753,2194,2199,-1,2199,2194,2098,-1,2199,2098,2198,-1,2198,2098,2096,-1,2198,2096,2197,-1,1941,1743,2200,-1,1743,1941,1745,-1,1745,1941,2197,-1,1745,2197,2201,-1,2201,2197,2096,-1,2201,2096,2200,-1,2200,2096,2094,-1,2200,2094,1941,-1,1953,1955,2094,-1,2094,1955,2202,-1,2094,2202,2203,-1,1727,2202,2204,-1,2204,2202,1955,-1,2204,1955,2205,-1,2205,1955,1940,-1,2205,1940,1719,-1,1719,1940,1721,-1,2204,1721,1727,-1,1727,1721,1940,-1,1727,1940,1729,-1,1729,1940,1735,-1,1729,1735,2203,-1,2203,1735,2206,-1,2203,2206,2094,-1,2094,2206,2207,-1,2094,2207,1941,-1,1941,2207,1737,-1,1941,1737,1735,-1,2208,1711,2209,-1,1711,2208,1713,-1,1713,2208,1940,-1,1713,1940,2210,-1,2210,1940,1955,-1,2210,1955,2209,-1,2209,1955,2103,-1,2209,2103,2208,-1,2211,1703,2212,-1,1703,2211,1705,-1,1705,2211,2208,-1,1705,2208,2213,-1,2213,2208,2103,-1,2213,2103,2212,-1,2212,2103,2105,-1,2212,2105,2211,-1,2214,1695,2215,-1,1695,2214,1697,-1,1697,2214,2211,-1,1697,2211,2216,-1,2216,2211,2105,-1,2216,2105,2215,-1,2215,2105,2108,-1,2215,2108,2214,-1,2217,1687,2218,-1,1687,2217,1689,-1,1689,2217,2214,-1,1689,2214,2219,-1,2219,2214,2108,-1,2219,2108,2218,-1,2218,2108,2110,-1,2218,2110,2217,-1,2112,2220,2221,-1,2221,2220,1671,-1,2222,2223,1679,-1,1679,2223,1673,-1,1671,2220,1673,-1,1673,2220,2217,-1,1673,2217,1679,-1,2221,2223,2112,-1,2112,2223,2222,-1,2112,2222,2110,-1,2110,2222,2224,-1,2110,2224,2217,-1,2217,2224,1681,-1,2217,1681,1679,-1,2225,1663,2226,-1,1663,2225,1665,-1,1665,2225,2220,-1,1665,2220,2227,-1,2227,2220,2112,-1,2227,2112,2226,-1,2226,2112,2114,-1,2226,2114,2225,-1,2228,1655,2229,-1,1655,2228,1657,-1,1657,2228,2225,-1,1657,2225,2230,-1,2230,2225,2114,-1,2230,2114,2229,-1,2229,2114,2116,-1,2229,2116,2228,-1,2231,1647,2232,-1,1647,2231,1649,-1,1649,2231,2228,-1,1649,2228,2233,-1,2233,2228,2116,-1,2233,2116,2232,-1,2232,2116,2118,-1,2232,2118,2231,-1,2234,1639,2235,-1,1639,2234,1641,-1,1641,2234,2231,-1,1641,2231,2236,-1,2236,2231,2118,-1,2236,2118,2235,-1,2235,2118,2121,-1,2235,2121,2234,-1,2123,2237,2238,-1,2238,2237,1623,-1,2239,2240,1631,-1,1631,2240,1625,-1,1623,2237,1625,-1,1625,2237,2234,-1,1625,2234,1631,-1,2238,2240,2123,-1,2123,2240,2239,-1,2123,2239,2121,-1,2121,2239,2241,-1,2121,2241,2234,-1,2234,2241,1633,-1,2234,1633,1631,-1,2242,1615,2243,-1,1615,2242,1617,-1,1617,2242,2237,-1,1617,2237,2244,-1,2244,2237,2123,-1,2244,2123,2243,-1,2243,2123,2125,-1,2243,2125,2242,-1,2245,1607,2246,-1,1607,2245,1609,-1,1609,2245,2242,-1,1609,2242,2247,-1,2247,2242,2125,-1,2247,2125,2246,-1,2246,2125,2127,-1,2246,2127,2245,-1,2248,1599,2249,-1,1599,2248,1601,-1,1601,2248,2245,-1,1601,2245,2250,-1,2250,2245,2127,-1,2250,2127,2249,-1,2249,2127,2129,-1,2249,2129,2248,-1,2251,1591,2252,-1,1591,2251,1593,-1,1593,2251,2248,-1,1593,2248,2253,-1,2253,2248,2129,-1,2253,2129,2252,-1,2252,2129,2131,-1,2252,2131,2251,-1,2133,2254,2255,-1,2255,2254,1575,-1,2256,2257,1583,-1,1583,2257,1577,-1,1575,2254,1577,-1,1577,2254,2251,-1,1577,2251,1583,-1,2255,2257,2133,-1,2133,2257,2256,-1,2133,2256,2131,-1,2131,2256,2258,-1,2131,2258,2251,-1,2251,2258,1585,-1,2251,1585,1583,-1,2259,1567,2260,-1,1567,2259,1569,-1,1569,2259,2254,-1,1569,2254,2261,-1,2261,2254,2133,-1,2261,2133,2260,-1,2260,2133,2136,-1,2260,2136,2259,-1,2262,1559,2263,-1,1559,2262,1561,-1,1561,2262,2259,-1,1561,2259,2264,-1,2264,2259,2136,-1,2264,2136,2263,-1,2263,2136,2140,-1,2263,2140,2262,-1,1543,2265,2146,-1,2137,2146,2138,-1,2138,2146,2265,-1,2138,2265,2266,-1,2266,2267,2138,-1,2138,2267,2268,-1,2138,2268,2140,-1,2140,2268,2269,-1,2140,2269,2262,-1,2262,2269,1553,-1,2262,1553,2267,-1,2267,1553,1551,-1,2267,1551,2268,-1,2144,2270,2146,-1,2146,2270,2271,-1,2146,2271,1543,-1,1543,2271,2267,-1,1543,2267,1545,-1,1545,2267,2266,-1,2067,2272,2273,-1,2274,2275,2276,-1,2276,2277,2274,-1,2274,2277,2278,-1,2274,2278,2273,-1,2273,2278,2279,-1,2273,2279,2067,-1,2067,2279,2280,-1,2036,2067,2037,-1,2037,2067,2280,-1,2037,2280,2277,-1,2277,2280,2281,-1,2277,2281,2278,-1,2065,2282,2067,-1,2067,2282,2283,-1,2067,2283,2284,-1,2285,2286,2284,-1,2284,2286,2276,-1,2284,2276,2067,-1,2067,2276,2275,-1,2067,2275,2272,-1,2063,2287,2065,-1,2065,2287,2288,-1,2065,2288,2289,-1,2290,2291,2289,-1,2289,2291,2286,-1,2289,2286,2065,-1,2065,2286,2285,-1,2065,2285,2282,-1,2060,2292,2063,-1,2063,2292,2293,-1,2063,2293,2294,-1,2295,2296,2294,-1,2294,2296,2291,-1,2294,2291,2063,-1,2063,2291,2290,-1,2063,2290,2287,-1,2059,2297,2060,-1,2060,2297,2298,-1,2060,2298,2299,-1,2300,2301,2299,-1,2299,2301,2296,-1,2299,2296,2060,-1,2060,2296,2295,-1,2060,2295,2292,-1,2302,2303,2059,-1,2059,2303,2304,-1,2305,2306,2304,-1,2304,2306,2301,-1,2304,2301,2059,-1,2059,2301,2300,-1,2059,2300,2297,-1,2057,2307,2308,-1,2309,2306,2310,-1,2310,2306,2305,-1,2310,2305,2308,-1,2308,2305,2302,-1,2308,2302,2057,-1,2057,2302,2059,-1,2057,2059,2058,-1,2058,2059,2061,-1,2055,2311,2057,-1,2057,2311,2312,-1,2057,2312,2313,-1,2314,2315,2313,-1,2313,2315,2306,-1,2313,2306,2057,-1,2057,2306,2309,-1,2057,2309,2307,-1,1939,1938,2055,-1,2055,1938,2316,-1,2055,2316,2317,-1,1937,2318,2317,-1,2317,2318,2315,-1,2317,2315,2055,-1,2055,2315,2314,-1,2055,2314,2311,-1,1936,1935,1939,-1,1939,1935,2319,-1,1939,2319,2320,-1,1937,1939,2318,-1,2318,1939,2320,-1,2318,2320,2321,-1,1967,2322,1936,-1,1936,2322,2321,-1,1936,2321,1934,-1,1934,2321,2320,-1,2323,2324,2325,-1,1966,2323,1967,-1,1967,2323,2325,-1,1967,2325,2322,-1,2322,2325,2326,-1,2322,2326,2327,-1,2327,2326,2328,-1,2329,2330,2323,-1,2323,2330,2331,-1,2332,2333,2331,-1,2331,2333,2327,-1,2331,2327,2323,-1,2323,2327,2328,-1,2323,2328,2324,-1,2034,2334,2335,-1,2336,2333,2337,-1,2337,2333,2332,-1,2337,2332,2335,-1,2335,2332,2329,-1,2335,2329,2034,-1,2034,2329,2323,-1,2034,2323,2035,-1,2035,2323,1966,-1,2032,2338,2034,-1,2034,2338,2339,-1,2034,2339,2340,-1,2341,2342,2340,-1,2340,2342,2333,-1,2340,2333,2034,-1,2034,2333,2336,-1,2034,2336,2334,-1,2030,2343,2032,-1,2032,2343,2344,-1,2032,2344,2345,-1,2346,2347,2345,-1,2345,2347,2342,-1,2345,2342,2032,-1,2032,2342,2341,-1,2032,2341,2338,-1,2027,2348,2030,-1,2030,2348,2349,-1,2030,2349,2350,-1,2351,2352,2350,-1,2350,2352,2347,-1,2350,2347,2030,-1,2030,2347,2346,-1,2030,2346,2343,-1,2026,2353,2027,-1,2027,2353,2354,-1,2027,2354,2355,-1,2356,2357,2355,-1,2355,2357,2352,-1,2355,2352,2027,-1,2027,2352,2351,-1,2027,2351,2348,-1,2358,2359,2026,-1,2026,2359,2360,-1,2361,2362,2360,-1,2360,2362,2357,-1,2360,2357,2026,-1,2026,2357,2356,-1,2026,2356,2353,-1,2024,2363,2364,-1,2365,2362,2366,-1,2366,2362,2361,-1,2366,2361,2364,-1,2364,2361,2358,-1,2364,2358,2024,-1,2024,2358,2026,-1,2024,2026,2025,-1,2025,2026,2028,-1,2022,2367,2024,-1,2024,2367,2368,-1,2024,2368,2369,-1,2370,2371,2369,-1,2369,2371,2362,-1,2369,2362,2024,-1,2024,2362,2365,-1,2024,2365,2363,-1,2020,2372,2022,-1,2022,2372,2373,-1,2022,2373,2374,-1,2375,2376,2374,-1,2374,2376,2371,-1,2374,2371,2022,-1,2022,2371,2370,-1,2022,2370,2367,-1,2017,2377,2020,-1,2020,2377,2378,-1,2020,2378,2379,-1,2380,2381,2379,-1,2379,2381,2376,-1,2379,2376,2020,-1,2020,2376,2375,-1,2020,2375,2372,-1,2016,2382,2017,-1,2017,2382,2383,-1,2017,2383,2384,-1,2385,2386,2384,-1,2384,2386,2381,-1,2384,2381,2017,-1,2017,2381,2380,-1,2017,2380,2377,-1,2387,2388,2016,-1,2016,2388,2389,-1,2390,2391,2389,-1,2389,2391,2386,-1,2389,2386,2016,-1,2016,2386,2385,-1,2016,2385,2382,-1,2014,2392,2393,-1,2394,2014,2395,-1,2395,2014,2393,-1,2395,2393,2396,-1,2397,2398,2391,-1,2393,2397,2396,-1,2396,2397,2391,-1,2396,2391,2399,-1,2399,2391,2390,-1,2399,2390,2394,-1,2394,2390,2387,-1,2394,2387,2014,-1,2014,2387,2016,-1,2014,2016,2015,-1,2015,2016,2018,-1,2012,2400,2014,-1,2014,2400,2401,-1,2014,2401,2402,-1,2403,2404,2402,-1,2402,2404,2391,-1,2402,2391,2014,-1,2014,2391,2398,-1,2014,2398,2392,-1,2010,2405,2012,-1,2012,2405,2406,-1,2012,2406,2407,-1,2408,2409,2407,-1,2407,2409,2404,-1,2407,2404,2012,-1,2012,2404,2403,-1,2012,2403,2400,-1,2007,2410,2010,-1,2010,2410,2411,-1,2010,2411,2412,-1,2413,2414,2412,-1,2412,2414,2409,-1,2412,2409,2010,-1,2010,2409,2408,-1,2010,2408,2405,-1,2006,2415,2007,-1,2007,2415,2416,-1,2007,2416,2417,-1,2418,2419,2417,-1,2417,2419,2414,-1,2417,2414,2007,-1,2007,2414,2413,-1,2007,2413,2410,-1,2420,2421,2006,-1,2006,2421,2422,-1,2423,2424,2422,-1,2422,2424,2419,-1,2422,2419,2006,-1,2006,2419,2418,-1,2006,2418,2415,-1,2004,2425,2426,-1,2427,2424,2428,-1,2428,2424,2423,-1,2428,2423,2426,-1,2426,2423,2420,-1,2426,2420,2004,-1,2004,2420,2006,-1,2004,2006,2005,-1,2005,2006,2008,-1,2002,2429,2004,-1,2004,2429,2430,-1,2004,2430,2431,-1,2432,2433,2431,-1,2431,2433,2424,-1,2431,2424,2004,-1,2004,2424,2427,-1,2004,2427,2425,-1,2000,2434,2002,-1,2002,2434,2435,-1,2002,2435,2436,-1,2437,2438,2436,-1,2436,2438,2433,-1,2436,2433,2002,-1,2002,2433,2432,-1,2002,2432,2429,-1,1997,2439,2000,-1,2000,2439,2440,-1,2000,2440,2441,-1,2442,2443,2441,-1,2441,2443,2438,-1,2441,2438,2000,-1,2000,2438,2437,-1,2000,2437,2434,-1,1996,2444,1997,-1,1997,2444,2445,-1,1997,2445,2446,-1,2447,2448,2446,-1,2446,2448,2443,-1,2446,2443,1997,-1,1997,2443,2442,-1,1997,2442,2439,-1,2449,2450,1996,-1,1996,2450,2451,-1,2452,2453,2451,-1,2451,2453,2448,-1,2451,2448,1996,-1,1996,2448,2447,-1,1996,2447,2444,-1,1994,2454,2455,-1,2456,2453,2457,-1,2457,2453,2452,-1,2457,2452,2455,-1,2455,2452,2449,-1,2455,2449,1994,-1,1994,2449,1996,-1,1994,1996,1995,-1,1995,1996,1998,-1,1992,2458,1994,-1,1994,2458,2459,-1,1994,2459,2460,-1,2461,2462,2460,-1,2460,2462,2453,-1,2460,2453,1994,-1,1994,2453,2456,-1,1994,2456,2454,-1,1990,2463,1992,-1,1992,2463,2464,-1,1992,2464,2465,-1,2466,2467,2465,-1,2465,2467,2462,-1,2465,2462,1992,-1,1992,2462,2461,-1,1992,2461,2458,-1,1987,2468,1990,-1,1990,2468,2469,-1,1990,2469,2470,-1,2471,2472,2470,-1,2470,2472,2467,-1,2470,2467,1990,-1,1990,2467,2466,-1,1990,2466,2463,-1,1986,2473,1987,-1,1987,2473,2474,-1,1987,2474,2475,-1,2476,2477,2475,-1,2475,2477,2472,-1,2475,2472,1987,-1,1987,2472,2471,-1,1987,2471,2468,-1,2478,2479,1986,-1,1986,2479,2480,-1,2481,2482,2480,-1,2480,2482,2477,-1,2480,2477,1986,-1,1986,2477,2476,-1,1986,2476,2473,-1,1984,2483,2484,-1,2485,2482,2486,-1,2486,2482,2481,-1,2486,2481,2484,-1,2484,2481,2478,-1,2484,2478,1984,-1,1984,2478,1986,-1,1984,1986,1985,-1,1985,1986,1988,-1,1982,2487,1984,-1,1984,2487,2488,-1,1984,2488,2489,-1,2490,2491,2489,-1,2489,2491,2482,-1,2489,2482,1984,-1,1984,2482,2485,-1,1984,2485,2483,-1,1980,2492,1982,-1,1982,2492,2493,-1,1982,2493,2494,-1,2495,2496,2494,-1,2494,2496,2491,-1,2494,2491,1982,-1,1982,2491,2490,-1,1982,2490,2487,-1,1978,2497,1980,-1,1980,2497,2498,-1,1980,2498,2499,-1,2500,2501,2499,-1,2499,2501,2496,-1,2499,2496,1980,-1,1980,2496,2495,-1,1980,2495,2492,-1,1978,2502,2503,-1,2502,1978,2504,-1,2504,1978,1974,-1,2504,1974,2505,-1,2505,1974,2506,-1,2505,2506,2503,-1,2503,2506,2501,-1,2503,2501,1978,-1,1978,2501,2500,-1,1978,2500,2497,-1,1972,1948,2507,-1,2507,1948,1945,-1,2507,1945,2508,-1,2508,1945,1944,-1,2508,1944,2509,-1,2509,1944,2176,-1,2509,2176,2510,-1,2510,2176,2179,-1,2510,2179,2511,-1,2511,2179,2182,-1,2511,2182,2512,-1,2512,2182,1943,-1,2512,1943,2513,-1,2513,1943,1942,-1,2513,1942,2514,-1,2514,1942,2191,-1,2514,2191,2515,-1,2515,2191,2194,-1,2515,2194,2516,-1,2516,2194,2197,-1,2516,2197,2517,-1,2517,2197,1941,-1,2517,1941,2518,-1,2518,1941,1940,-1,2518,1940,2519,-1,2519,1940,2208,-1,2519,2208,2520,-1,2520,2208,2211,-1,2520,2211,2521,-1,2521,2211,2214,-1,2521,2214,2522,-1,2522,2214,2217,-1,2522,2217,2523,-1,2523,2217,2220,-1,2523,2220,2524,-1,2524,2220,2225,-1,2524,2225,2525,-1,2525,2225,2228,-1,2525,2228,2526,-1,2526,2228,2231,-1,2526,2231,2527,-1,2527,2231,2234,-1,2527,2234,2528,-1,2528,2234,2237,-1,2528,2237,2529,-1,2529,2237,2242,-1,2529,2242,2530,-1,2530,2242,2245,-1,2530,2245,2531,-1,2531,2245,2248,-1,2531,2248,2532,-1,2532,2248,2251,-1,2532,2251,2533,-1,2533,2251,2254,-1,2533,2254,2534,-1,2534,2254,2259,-1,2534,2259,2535,-1,2535,2259,2262,-1,2535,2262,2536,-1,2536,2262,2267,-1,2536,2267,2537,-1,2537,2267,2271,-1,2537,2271,2538,-1,2538,2271,2270,-1,2538,2270,1976,-1,1976,2270,2539,-1,1976,2539,1974,-1,1974,2539,2540,-1,1974,2540,2506,-1,2502,2504,2541,-1,2541,2504,2542,-1,2498,2497,2543,-1,2543,2497,2544,-1,2493,2492,2545,-1,2545,2492,2546,-1,2488,2487,2547,-1,2547,2487,2548,-1,2484,2483,2549,-1,2549,2483,2550,-1,2479,2478,2551,-1,2551,2478,2552,-1,2474,2473,2553,-1,2553,2473,2554,-1,2469,2468,2555,-1,2555,2468,2556,-1,2464,2463,2557,-1,2557,2463,2558,-1,2459,2458,2559,-1,2559,2458,2560,-1,2455,2454,2561,-1,2561,2454,2562,-1,2450,2449,2563,-1,2563,2449,2564,-1,2445,2444,2565,-1,2565,2444,2566,-1,2440,2439,2567,-1,2567,2439,2568,-1,2435,2434,2569,-1,2569,2434,2570,-1,2430,2429,2571,-1,2571,2429,2572,-1,2426,2425,2573,-1,2573,2425,2574,-1,2421,2420,2575,-1,2575,2420,2576,-1,2416,2415,2577,-1,2577,2415,2578,-1,2411,2410,2579,-1,2579,2410,2580,-1,2406,2405,2581,-1,2581,2405,2582,-1,2401,2400,2583,-1,2583,2400,2584,-1,2393,2392,2585,-1,2585,2392,2586,-1,2394,2395,2587,-1,2587,2395,2588,-1,2388,2387,2589,-1,2589,2387,2590,-1,2383,2382,2591,-1,2591,2382,2592,-1,2378,2377,2593,-1,2593,2377,2594,-1,2373,2372,2595,-1,2595,2372,2596,-1,2368,2367,2597,-1,2597,2367,2598,-1,2364,2363,2599,-1,2599,2363,2600,-1,2359,2358,2601,-1,2601,2358,2602,-1,2354,2353,2603,-1,2603,2353,2604,-1,2349,2348,2605,-1,2605,2348,2606,-1,2344,2343,2607,-1,2607,2343,2608,-1,2339,2338,2609,-1,2609,2338,2610,-1,2335,2334,2611,-1,2611,2334,2612,-1,2330,2329,2613,-1,2613,2329,2614,-1,2325,2324,2615,-1,2615,2324,2616,-1,2319,1935,2617,-1,2617,1935,2618,-1,2316,1938,2619,-1,2619,1938,2620,-1,2312,2311,2621,-1,2621,2311,2622,-1,2308,2307,2623,-1,2623,2307,2624,-1,2303,2302,2625,-1,2625,2302,2626,-1,2298,2297,2627,-1,2627,2297,2628,-1,2293,2292,2629,-1,2629,2292,2630,-1,2288,2287,2631,-1,2631,2287,2632,-1,2283,2282,2633,-1,2633,2282,2634,-1,2273,2272,2635,-1,2635,2272,2636,-1,2280,2279,2637,-1,2637,2279,2638,-1,2095,2639,1953,-1,1953,2639,2640,-1,1953,2640,1954,-1,2095,2097,2639,-1,2639,2097,2099,-1,2639,2099,2101,-1,2641,2119,2117,-1,2117,2115,2641,-1,2641,2115,2113,-1,2641,2113,2642,-1,2642,2113,2111,-1,2111,2109,2642,-1,2642,2109,2107,-1,2642,2107,2106,-1,2124,2122,2643,-1,2644,2134,2132,-1,2132,2130,2644,-1,2644,2130,2128,-1,2644,2128,2643,-1,2643,2128,2126,-1,2643,2126,2124,-1,2142,2645,2141,-1,2141,2645,2139,-1,2646,2647,2648,-1,2648,2647,2649,-1,2648,2649,2650,-1,2646,2651,2647,-1,2647,2651,2652,-1,2647,2652,2653,-1,2653,2654,2647,-1,2647,2654,2143,-1,2647,2143,2655,-1,2655,2143,2145,-1,2655,2145,2645,-1,2645,2145,2137,-1,2645,2137,2139,-1,2656,2657,2658,-1,2658,2657,2659,-1,2660,2661,2662,-1,2662,2661,2663,-1,2664,2665,2666,-1,2666,2665,2667,-1,2668,2669,2670,-1,2670,2669,2671,-1,2657,2640,2659,-1,2659,2640,2639,-1,2661,2641,2663,-1,2663,2641,2642,-1,2665,2644,2667,-1,2667,2644,2643,-1,2669,2655,2671,-1,2671,2655,2645,-1,1959,2072,2672,-1,2673,2081,2080,-1,2080,2079,2673,-1,2673,2079,2077,-1,2673,2077,2672,-1,2672,2077,1960,-1,2672,1960,1959,-1,2674,2675,2676,-1,2676,2675,2677,-1,2675,2673,2677,-1,2677,2673,2672,-1,2678,2093,2092,-1,2092,2090,2678,-1,2678,2090,2088,-1,2678,2088,2679,-1,2679,2088,2086,-1,2086,1957,2679,-1,2679,1957,1956,-1,2679,1956,2084,-1,2680,2681,2682,-1,2682,2681,2683,-1,2679,2680,2678,-1,2678,2680,2682,-1,2134,2664,2135,-1,2135,2664,2670,-1,2135,2670,2142,-1,1001,1000,2670,-1,2670,1000,999,-1,2119,2660,2120,-1,2120,2660,2666,-1,2120,2666,2122,-1,1008,1007,2666,-1,2666,1007,1006,-1,999,998,2670,-1,2670,998,997,-1,2670,997,996,-1,2662,1014,1013,-1,1954,2656,2104,-1,2104,2656,2662,-1,2104,2662,2106,-1,2101,2093,2658,-1,2658,2093,2683,-1,120,2668,122,-1,122,2668,2670,-1,122,2670,995,-1,995,2670,996,-1,1006,1005,2666,-1,2666,1005,1004,-1,2666,1004,2664,-1,2664,1004,1003,-1,2664,1003,2670,-1,2670,1003,1002,-1,2670,1002,1001,-1,1013,1012,2662,-1,2662,1012,1011,-1,2662,1011,2660,-1,2660,1011,1010,-1,2660,1010,2666,-1,2666,1010,1009,-1,2666,1009,1008,-1,1022,1021,2658,-1,2658,1021,1020,-1,2658,1020,1019,-1,2681,988,987,-1,2081,2674,2082,-1,2082,2674,2681,-1,2082,2681,2084,-1,2074,2075,2684,-1,2685,177,2684,-1,2684,177,2676,-1,2684,2676,2074,-1,2074,2676,2072,-1,177,175,2676,-1,2676,175,994,-1,2676,994,993,-1,1019,1018,2658,-1,2658,1018,1017,-1,2658,1017,2656,-1,2656,1017,1016,-1,2656,1016,2662,-1,2662,1016,1015,-1,2662,1015,1014,-1,987,917,2681,-1,2681,917,916,-1,2681,916,2683,-1,2683,916,1024,-1,2683,1024,2658,-1,2658,1024,1023,-1,2658,1023,1022,-1,993,992,2676,-1,2676,992,991,-1,2676,991,2674,-1,2674,991,990,-1,2674,990,2681,-1,2681,990,989,-1,2681,989,988,-1,144,146,2686,-1,2655,2669,2647,-1,2647,2669,2668,-1,2647,2668,2686,-1,120,118,2668,-1,2668,118,116,-1,2668,116,2686,-1,2686,116,168,-1,2686,168,144,-1,2687,155,154,-1,154,539,2687,-1,2687,539,547,-1,2687,547,555,-1,555,563,2687,-1,2687,563,571,-1,2687,571,585,-1,585,593,2687,-1,2687,593,601,-1,2687,601,609,-1,609,617,2687,-1,2687,617,631,-1,2687,631,639,-1,639,647,2687,-1,2687,647,655,-1,2687,655,663,-1,663,677,2687,-1,2687,677,685,-1,2687,685,693,-1,693,701,2687,-1,2687,701,709,-1,2687,709,2688,-1,2688,709,732,-1,732,740,2688,-1,2688,740,748,-1,2688,748,756,-1,756,970,2688,-1,2688,970,969,-1,2688,969,954,-1,954,953,2688,-1,2688,953,942,-1,2688,942,927,-1,927,920,2688,-1,2688,920,766,-1,2688,766,764,-1,764,774,2688,-1,2688,774,782,-1,2688,782,790,-1,790,798,2688,-1,2688,798,812,-1,2688,812,820,-1,820,828,2688,-1,2688,828,520,-1,2688,520,524,-1,179,177,2685,-1,2689,2690,2685,-1,2685,2690,2691,-1,2685,2691,2692,-1,526,525,2692,-1,2692,525,190,-1,2692,190,2685,-1,2685,190,181,-1,2685,181,179,-1,2693,2694,2691,-1,2693,2691,2695,-1,2694,2696,2691,-1,2691,2696,2697,-1,2691,2697,2698,-1,2698,2697,2699,-1,2075,2069,2700,-1,2700,2069,1963,-1,2700,1963,2690,-1,2690,1963,1962,-1,2690,1962,2691,-1,2691,1962,2701,-1,2691,2701,2695,-1,2689,2685,2702,-1,2702,2685,2684,-1,2690,2689,2700,-1,2700,2689,2702,-1,2681,2680,2084,-1,2084,2680,2679,-1,2675,2674,2673,-1,2673,2674,2081,-1,2676,2677,2072,-1,2072,2677,2672,-1,2702,2684,2700,-1,2700,2684,2075,-1,2670,2671,2142,-1,2142,2671,2645,-1,2665,2664,2644,-1,2644,2664,2134,-1,2666,2667,2122,-1,2122,2667,2643,-1,2661,2660,2641,-1,2641,2660,2119,-1,2662,2663,2106,-1,2106,2663,2642,-1,2657,2656,2640,-1,2640,2656,1954,-1,2658,2659,2101,-1,2101,2659,2639,-1,2682,2683,2678,-1,2678,2683,2093,-1,1051,1191,2703,-1,2703,1191,1196,-1,1196,1201,2704,-1,1204,1205,2705,-1,2705,1205,2706,-1,2707,1222,1223,-1,1196,2704,2703,-1,2703,2704,2705,-1,2703,2705,2708,-1,2708,2705,2706,-1,2708,2706,2709,-1,1210,1211,2709,-1,2709,1211,2710,-1,2709,2710,2708,-1,2708,2710,2711,-1,2712,2713,2708,-1,2714,1246,1247,-1,1223,2712,2707,-1,2707,2712,2708,-1,2707,2708,2715,-1,2715,2708,2711,-1,2715,2711,1217,-1,1217,2711,1216,-1,2716,2717,2708,-1,1228,1229,2713,-1,2713,1229,2718,-1,2713,2718,2708,-1,2708,2718,2719,-1,2720,1264,1265,-1,1234,1235,2719,-1,2719,1235,2721,-1,2719,2721,2708,-1,2708,2721,2722,-1,1240,1241,2722,-1,2722,1241,2723,-1,2722,2723,2708,-1,2708,2723,2714,-1,2708,2714,2716,-1,2716,2714,1247,-1,1252,1253,2717,-1,2717,1253,2724,-1,2717,2724,2708,-1,2708,2724,2725,-1,2726,2727,2708,-1,2728,1282,1283,-1,1265,2726,2720,-1,2720,2726,2708,-1,2720,2708,2729,-1,2729,2708,2725,-1,2729,2725,1259,-1,1259,2725,1258,-1,2730,2731,2708,-1,2732,1294,1295,-1,1270,1271,2727,-1,2727,1271,2733,-1,2727,2733,2708,-1,2708,2733,2734,-1,1276,1277,2734,-1,2734,1277,2735,-1,2734,2735,2708,-1,2708,2735,2728,-1,2708,2728,2730,-1,2730,2728,1283,-1,2736,2737,2708,-1,2738,1306,1307,-1,1295,2736,2732,-1,2732,2736,2708,-1,2732,2708,2739,-1,2739,2708,2731,-1,2739,2731,1289,-1,1289,2731,1288,-1,2740,2741,2708,-1,2742,1318,1319,-1,1307,2740,2738,-1,2738,2740,2708,-1,2738,2708,2743,-1,2743,2708,2737,-1,2743,2737,1301,-1,1301,2737,1300,-1,2744,2745,2708,-1,1312,1313,2741,-1,2741,1313,2746,-1,2741,2746,2708,-1,2708,2746,2742,-1,2708,2742,2744,-1,2744,2742,1319,-1,2747,1330,1331,-1,2748,2749,2708,-1,1331,2748,2747,-1,2747,2748,2708,-1,2747,2708,2750,-1,2750,2708,2745,-1,2750,2745,1325,-1,1325,2745,1324,-1,2751,1342,1343,-1,2752,2753,2708,-1,1343,2752,2751,-1,2751,2752,2708,-1,2751,2708,2754,-1,2754,2708,2749,-1,2754,2749,1337,-1,1337,2749,1336,-1,2755,1354,1355,-1,2756,2757,2708,-1,1355,2756,2755,-1,2755,2756,2708,-1,2755,2708,2758,-1,2758,2708,2753,-1,2758,2753,1349,-1,1349,2753,1348,-1,2759,1366,1367,-1,2760,2761,2708,-1,1367,2760,2759,-1,2759,2760,2708,-1,2759,2708,2762,-1,2762,2708,2757,-1,2762,2757,1361,-1,1361,2757,1360,-1,2763,1378,1379,-1,2764,2765,2708,-1,1379,2764,2763,-1,2763,2764,2708,-1,2763,2708,2766,-1,2766,2708,2761,-1,2766,2761,1373,-1,1373,2761,1372,-1,2767,1390,1391,-1,2768,2769,2708,-1,1391,2768,2767,-1,2767,2768,2708,-1,2767,2708,2770,-1,2770,2708,2765,-1,2770,2765,1385,-1,1385,2765,1384,-1,2771,1402,1403,-1,2772,2773,2708,-1,1403,2772,2771,-1,2771,2772,2708,-1,2771,2708,2774,-1,2774,2708,2769,-1,2774,2769,1397,-1,1397,2769,1396,-1,2775,1414,1415,-1,2776,2777,2708,-1,1415,2776,2775,-1,2775,2776,2708,-1,2775,2708,2778,-1,2778,2708,2773,-1,2778,2773,1409,-1,1409,2773,1408,-1,1424,1423,2779,-1,2779,1423,2708,-1,2779,2708,2780,-1,2780,2708,2777,-1,2780,2777,1422,-1,1422,2777,1421,-1,2708,1423,1040,-1,1040,1423,1041,-1,1434,1469,2781,-1,2781,1469,1475,-1,1475,1480,2781,-1,2781,1480,2782,-1,2781,2782,2783,-1,1483,1484,2783,-1,2783,1484,2784,-1,2783,2784,2781,-1,2781,2784,2785,-1,2781,2785,2786,-1,2787,1495,1496,-1,2788,2789,2786,-1,1496,2788,2787,-1,2787,2788,2786,-1,2787,2786,2790,-1,2790,2786,2785,-1,2790,2785,1490,-1,1490,2785,1489,-1,2791,1507,1508,-1,2792,2793,2786,-1,1508,2792,2791,-1,2791,2792,2786,-1,2791,2786,2794,-1,2794,2786,2789,-1,2794,2789,1502,-1,1502,2789,1501,-1,2795,1519,1520,-1,2796,2797,2786,-1,1520,2796,2795,-1,2795,2796,2786,-1,2795,2786,2798,-1,2798,2786,2793,-1,2798,2793,1514,-1,1514,2793,1513,-1,2799,1531,1532,-1,2800,2801,2786,-1,1532,2800,2799,-1,2799,2800,2786,-1,2799,2786,2802,-1,2802,2786,2797,-1,2802,2797,1526,-1,1526,2797,1525,-1,1540,1539,2803,-1,2803,1539,2786,-1,2803,2786,2804,-1,2804,2786,2801,-1,2804,2801,1538,-1,1538,2801,1537,-1,2786,1539,1433,-1,1433,1539,1426,-1,1973,1051,1965,-1,1965,1051,2703,-1,1973,1972,1051,-1,1051,1972,2507,-1,1051,2507,2508,-1,2508,2509,1051,-1,1051,2509,2510,-1,1051,2510,2511,-1,2511,2512,1051,-1,1051,2512,2513,-1,1051,2513,2514,-1,2514,2515,1051,-1,1051,2515,2516,-1,1051,2516,1040,-1,1040,2516,2517,-1,2517,2518,1040,-1,1040,2518,2519,-1,1040,2519,2520,-1,2520,2521,1040,-1,1040,2521,2522,-1,1040,2522,2523,-1,2523,2524,1040,-1,1040,2524,2525,-1,1040,2525,2526,-1,2526,2527,1040,-1,1040,2527,2528,-1,1040,2528,2529,-1,2529,2530,1040,-1,1040,2530,2531,-1,1040,2531,2532,-1,2532,2533,1040,-1,1040,2533,2534,-1,1040,2534,2535,-1,2535,2536,1040,-1,1040,2536,2537,-1,1040,2537,2538,-1,2708,1976,1975,-1,1975,1977,2708,-1,2708,1977,1979,-1,2708,1979,1981,-1,1981,1983,2708,-1,2708,1983,1985,-1,2708,1985,1988,-1,1988,1989,2708,-1,2708,1989,1991,-1,2708,1991,1993,-1,1993,1995,2708,-1,2708,1995,1998,-1,2708,1998,2703,-1,1998,1999,2703,-1,2703,1999,2001,-1,2703,2001,2003,-1,2003,2005,2703,-1,2703,2005,2008,-1,2703,2008,2009,-1,2009,2011,2703,-1,2703,2011,2013,-1,2703,2013,2015,-1,2015,2018,2703,-1,2703,2018,2019,-1,2703,2019,2021,-1,2021,2023,2703,-1,2703,2023,2025,-1,2703,2025,2028,-1,2028,2029,2703,-1,2703,2029,2031,-1,2703,2031,2033,-1,2033,2035,2703,-1,2703,2035,1966,-1,2703,1966,1965,-1,1976,2708,2538,-1,2538,2708,1040,-1,2038,1434,2036,-1,2036,1434,2781,-1,2038,2052,1434,-1,1434,2052,2051,-1,2051,2049,1434,-1,1434,2049,2047,-1,1434,2047,1433,-1,2047,2045,1433,-1,1433,2045,2044,-1,1433,2044,2043,-1,2043,2041,1433,-1,1433,2041,1969,-1,1433,1969,1968,-1,2786,1971,1970,-1,1970,2053,2786,-1,2786,2053,2054,-1,2786,2054,2056,-1,2056,2058,2786,-1,2786,2058,2061,-1,2786,2061,2781,-1,2781,2061,2062,-1,2062,2064,2781,-1,2781,2064,2066,-1,2781,2066,2036,-1,1971,2786,1968,-1,1968,2786,1433,-1,2281,2280,2805,-1,2805,2280,2637,-1,2805,2637,2806,-1,2806,2637,2782,-1,2806,2782,521,-1,521,2782,1480,-1,521,1480,528,-1,528,1480,1481,-1,528,1481,535,-1,2805,2807,2281,-1,2281,2807,2278,-1,2279,2278,2638,-1,2638,2278,2807,-1,2638,2807,2783,-1,2783,2807,2808,-1,2783,2808,1483,-1,536,1482,537,-1,537,1482,1483,-1,537,1483,519,-1,519,1483,2808,-1,2807,2805,2808,-1,2808,2805,2806,-1,2637,2638,2782,-1,2782,2638,2783,-1,536,535,1482,-1,1482,535,1481,-1,521,519,2806,-1,2806,519,2808,-1,2503,2502,2809,-1,2809,2502,2541,-1,2809,2541,2810,-1,2810,2541,2780,-1,2810,2780,538,-1,538,2780,1422,-1,538,1422,542,-1,542,1422,1417,-1,542,1417,543,-1,2809,2811,2503,-1,2503,2811,2505,-1,2504,2505,2542,-1,2542,2505,2811,-1,2542,2811,2779,-1,2779,2811,2812,-1,2779,2812,1424,-1,544,1416,545,-1,545,1416,1424,-1,545,1424,540,-1,540,1424,2812,-1,2811,2809,2812,-1,2812,2809,2810,-1,2499,2498,2813,-1,2813,2498,2543,-1,2813,2543,2814,-1,2814,2543,2776,-1,2814,2776,546,-1,546,2776,1415,-1,546,1415,550,-1,550,1415,1413,-1,550,1413,551,-1,2813,2815,2499,-1,2499,2815,2500,-1,2497,2500,2544,-1,2544,2500,2815,-1,2544,2815,2777,-1,2777,2815,2816,-1,2777,2816,1421,-1,552,1411,553,-1,553,1411,1421,-1,553,1421,548,-1,548,1421,2816,-1,2815,2813,2816,-1,2816,2813,2814,-1,2494,2493,2817,-1,2817,2493,2545,-1,2817,2545,2818,-1,2818,2545,2778,-1,2818,2778,554,-1,554,2778,1409,-1,554,1409,558,-1,558,1409,1407,-1,558,1407,559,-1,2817,2819,2494,-1,2494,2819,2495,-1,2492,2495,2546,-1,2546,2495,2819,-1,2546,2819,2775,-1,2775,2819,2820,-1,2775,2820,1414,-1,560,1405,561,-1,561,1405,1414,-1,561,1414,556,-1,556,1414,2820,-1,2819,2817,2820,-1,2820,2817,2818,-1,2489,2488,2821,-1,2821,2488,2547,-1,2821,2547,2822,-1,2822,2547,2772,-1,2822,2772,562,-1,562,2772,1403,-1,562,1403,566,-1,566,1403,1401,-1,566,1401,567,-1,2821,2823,2489,-1,2489,2823,2490,-1,2487,2490,2548,-1,2548,2490,2823,-1,2548,2823,2773,-1,2773,2823,2824,-1,2773,2824,1408,-1,568,1399,569,-1,569,1399,1408,-1,569,1408,564,-1,564,1408,2824,-1,2823,2821,2824,-1,2824,2821,2822,-1,2486,2484,2825,-1,2825,2484,2549,-1,2825,2549,2826,-1,2826,2549,2774,-1,2826,2774,570,-1,570,2774,1397,-1,570,1397,580,-1,580,1397,1395,-1,580,1395,581,-1,2825,2827,2486,-1,2486,2827,2485,-1,2483,2485,2550,-1,2550,2485,2827,-1,2550,2827,2771,-1,2771,2827,2828,-1,2771,2828,1402,-1,582,1393,583,-1,583,1393,1402,-1,583,1402,572,-1,572,1402,2828,-1,2827,2825,2828,-1,2828,2825,2826,-1,2480,2479,2829,-1,2829,2479,2551,-1,2829,2551,2830,-1,2830,2551,2768,-1,2830,2768,577,-1,577,2768,1391,-1,577,1391,574,-1,574,1391,1389,-1,574,1389,575,-1,2829,2831,2480,-1,2480,2831,2481,-1,2478,2481,2552,-1,2552,2481,2831,-1,2552,2831,2769,-1,2769,2831,2832,-1,2769,2832,1396,-1,576,1387,579,-1,579,1387,1396,-1,579,1396,578,-1,578,1396,2832,-1,2831,2829,2832,-1,2832,2829,2830,-1,2475,2474,2833,-1,2833,2474,2553,-1,2833,2553,2834,-1,2834,2553,2770,-1,2834,2770,584,-1,584,2770,1385,-1,584,1385,588,-1,588,1385,1383,-1,588,1383,589,-1,2833,2835,2475,-1,2475,2835,2476,-1,2473,2476,2554,-1,2554,2476,2835,-1,2554,2835,2767,-1,2767,2835,2836,-1,2767,2836,1390,-1,590,1381,591,-1,591,1381,1390,-1,591,1390,586,-1,586,1390,2836,-1,2835,2833,2836,-1,2836,2833,2834,-1,2470,2469,2837,-1,2837,2469,2555,-1,2837,2555,2838,-1,2838,2555,2764,-1,2838,2764,592,-1,592,2764,1379,-1,592,1379,596,-1,596,1379,1377,-1,596,1377,597,-1,2837,2839,2470,-1,2470,2839,2471,-1,2468,2471,2556,-1,2556,2471,2839,-1,2556,2839,2765,-1,2765,2839,2840,-1,2765,2840,1384,-1,598,1375,599,-1,599,1375,1384,-1,599,1384,594,-1,594,1384,2840,-1,2839,2837,2840,-1,2840,2837,2838,-1,2465,2464,2841,-1,2841,2464,2557,-1,2841,2557,2842,-1,2842,2557,2766,-1,2842,2766,600,-1,600,2766,1373,-1,600,1373,604,-1,604,1373,1371,-1,604,1371,605,-1,2841,2843,2465,-1,2465,2843,2466,-1,2463,2466,2558,-1,2558,2466,2843,-1,2558,2843,2763,-1,2763,2843,2844,-1,2763,2844,1378,-1,606,1369,607,-1,607,1369,1378,-1,607,1378,602,-1,602,1378,2844,-1,2843,2841,2844,-1,2844,2841,2842,-1,2460,2459,2845,-1,2845,2459,2559,-1,2845,2559,2846,-1,2846,2559,2760,-1,2846,2760,608,-1,608,2760,1367,-1,608,1367,612,-1,612,1367,1365,-1,612,1365,613,-1,2845,2847,2460,-1,2460,2847,2461,-1,2458,2461,2560,-1,2560,2461,2847,-1,2560,2847,2761,-1,2761,2847,2848,-1,2761,2848,1372,-1,614,1363,615,-1,615,1363,1372,-1,615,1372,610,-1,610,1372,2848,-1,2847,2845,2848,-1,2848,2845,2846,-1,2457,2455,2849,-1,2849,2455,2561,-1,2849,2561,2850,-1,2850,2561,2762,-1,2850,2762,616,-1,616,2762,1361,-1,616,1361,626,-1,626,1361,1359,-1,626,1359,627,-1,2849,2851,2457,-1,2457,2851,2456,-1,2454,2456,2562,-1,2562,2456,2851,-1,2562,2851,2759,-1,2759,2851,2852,-1,2759,2852,1366,-1,628,1357,629,-1,629,1357,1366,-1,629,1366,618,-1,618,1366,2852,-1,2851,2849,2852,-1,2852,2849,2850,-1,2451,2450,2853,-1,2853,2450,2563,-1,2853,2563,2854,-1,2854,2563,2756,-1,2854,2756,623,-1,623,2756,1355,-1,623,1355,620,-1,620,1355,1353,-1,620,1353,621,-1,2853,2855,2451,-1,2451,2855,2452,-1,2449,2452,2564,-1,2564,2452,2855,-1,2564,2855,2757,-1,2757,2855,2856,-1,2757,2856,1360,-1,622,1351,625,-1,625,1351,1360,-1,625,1360,624,-1,624,1360,2856,-1,2855,2853,2856,-1,2856,2853,2854,-1,2446,2445,2857,-1,2857,2445,2565,-1,2857,2565,2858,-1,2858,2565,2758,-1,2858,2758,630,-1,630,2758,1349,-1,630,1349,634,-1,634,1349,1347,-1,634,1347,635,-1,2857,2859,2446,-1,2446,2859,2447,-1,2444,2447,2566,-1,2566,2447,2859,-1,2566,2859,2755,-1,2755,2859,2860,-1,2755,2860,1354,-1,636,1345,637,-1,637,1345,1354,-1,637,1354,632,-1,632,1354,2860,-1,2859,2857,2860,-1,2860,2857,2858,-1,2441,2440,2861,-1,2861,2440,2567,-1,2861,2567,2862,-1,2862,2567,2752,-1,2862,2752,638,-1,638,2752,1343,-1,638,1343,642,-1,642,1343,1341,-1,642,1341,643,-1,2861,2863,2441,-1,2441,2863,2442,-1,2439,2442,2568,-1,2568,2442,2863,-1,2568,2863,2753,-1,2753,2863,2864,-1,2753,2864,1348,-1,644,1339,645,-1,645,1339,1348,-1,645,1348,640,-1,640,1348,2864,-1,2863,2861,2864,-1,2864,2861,2862,-1,2436,2435,2865,-1,2865,2435,2569,-1,2865,2569,2866,-1,2866,2569,2754,-1,2866,2754,646,-1,646,2754,1337,-1,646,1337,650,-1,650,1337,1335,-1,650,1335,651,-1,2865,2867,2436,-1,2436,2867,2437,-1,2434,2437,2570,-1,2570,2437,2867,-1,2570,2867,2751,-1,2751,2867,2868,-1,2751,2868,1342,-1,652,1333,653,-1,653,1333,1342,-1,653,1342,648,-1,648,1342,2868,-1,2867,2865,2868,-1,2868,2865,2866,-1,2431,2430,2869,-1,2869,2430,2571,-1,2869,2571,2870,-1,2870,2571,2748,-1,2870,2748,654,-1,654,2748,1331,-1,654,1331,658,-1,658,1331,1329,-1,658,1329,659,-1,2869,2871,2431,-1,2431,2871,2432,-1,2429,2432,2572,-1,2572,2432,2871,-1,2572,2871,2749,-1,2749,2871,2872,-1,2749,2872,1336,-1,660,1327,661,-1,661,1327,1336,-1,661,1336,656,-1,656,1336,2872,-1,2871,2869,2872,-1,2872,2869,2870,-1,2428,2426,2873,-1,2873,2426,2573,-1,2873,2573,2874,-1,2874,2573,2750,-1,2874,2750,662,-1,662,2750,1325,-1,662,1325,672,-1,672,1325,1323,-1,672,1323,673,-1,2873,2875,2428,-1,2428,2875,2427,-1,2425,2427,2574,-1,2574,2427,2875,-1,2574,2875,2747,-1,2747,2875,2876,-1,2747,2876,1330,-1,674,1321,675,-1,675,1321,1330,-1,675,1330,664,-1,664,1330,2876,-1,2875,2873,2876,-1,2876,2873,2874,-1,2422,2421,2877,-1,2877,2421,2575,-1,2877,2575,2878,-1,2878,2575,2744,-1,2878,2744,669,-1,669,2744,1319,-1,669,1319,666,-1,666,1319,1317,-1,666,1317,667,-1,2877,2879,2422,-1,2422,2879,2423,-1,2420,2423,2576,-1,2576,2423,2879,-1,2576,2879,2745,-1,2745,2879,2880,-1,2745,2880,1324,-1,668,1315,671,-1,671,1315,1324,-1,671,1324,670,-1,670,1324,2880,-1,2879,2877,2880,-1,2880,2877,2878,-1,2417,2416,2881,-1,2881,2416,2577,-1,2881,2577,2882,-1,2882,2577,2746,-1,2882,2746,676,-1,676,2746,1313,-1,676,1313,680,-1,680,1313,1311,-1,680,1311,681,-1,2881,2883,2417,-1,2417,2883,2418,-1,2415,2418,2578,-1,2578,2418,2883,-1,2578,2883,2742,-1,2742,2883,2884,-1,2742,2884,1318,-1,682,1309,683,-1,683,1309,1318,-1,683,1318,678,-1,678,1318,2884,-1,2883,2881,2884,-1,2884,2881,2882,-1,2412,2411,2885,-1,2885,2411,2579,-1,2885,2579,2886,-1,2886,2579,2740,-1,2886,2740,684,-1,684,2740,1307,-1,684,1307,688,-1,688,1307,1305,-1,688,1305,689,-1,2885,2887,2412,-1,2412,2887,2413,-1,2410,2413,2580,-1,2580,2413,2887,-1,2580,2887,2741,-1,2741,2887,2888,-1,2741,2888,1312,-1,690,1303,691,-1,691,1303,1312,-1,691,1312,686,-1,686,1312,2888,-1,2887,2885,2888,-1,2888,2885,2886,-1,2407,2406,2889,-1,2889,2406,2581,-1,2889,2581,2890,-1,2890,2581,2743,-1,2890,2743,692,-1,692,2743,1301,-1,692,1301,696,-1,696,1301,1299,-1,696,1299,697,-1,2889,2891,2407,-1,2407,2891,2408,-1,2405,2408,2582,-1,2582,2408,2891,-1,2582,2891,2738,-1,2738,2891,2892,-1,2738,2892,1306,-1,698,1297,699,-1,699,1297,1306,-1,699,1306,694,-1,694,1306,2892,-1,2891,2889,2892,-1,2892,2889,2890,-1,2402,2401,2893,-1,2893,2401,2583,-1,2893,2583,2894,-1,2894,2583,2736,-1,2894,2736,700,-1,700,2736,1295,-1,700,1295,704,-1,704,1295,1293,-1,704,1293,705,-1,2893,2895,2402,-1,2402,2895,2403,-1,2400,2403,2584,-1,2584,2403,2895,-1,2584,2895,2737,-1,2737,2895,2896,-1,2737,2896,1300,-1,706,1291,707,-1,707,1291,1300,-1,707,1300,702,-1,702,1300,2896,-1,2895,2893,2896,-1,2896,2893,2894,-1,2397,2393,2897,-1,2897,2393,2585,-1,2897,2585,2898,-1,2898,2585,2739,-1,2898,2739,708,-1,708,2739,1289,-1,708,1289,727,-1,727,1289,1287,-1,727,1287,728,-1,2897,2899,2397,-1,2397,2899,2398,-1,2392,2398,2586,-1,2586,2398,2899,-1,2586,2899,2732,-1,2732,2899,2900,-1,2732,2900,1294,-1,729,1285,730,-1,730,1285,1294,-1,730,1294,710,-1,710,1294,2900,-1,2899,2897,2900,-1,2900,2897,2898,-1,2399,2394,2901,-1,2901,2394,2587,-1,2901,2587,2902,-1,2902,2587,2730,-1,2902,2730,724,-1,724,2730,1283,-1,724,1283,722,-1,722,1283,1281,-1,722,1281,721,-1,2901,2903,2399,-1,2399,2903,2396,-1,2395,2396,2588,-1,2588,2396,2903,-1,2588,2903,2731,-1,2731,2903,2904,-1,2731,2904,1288,-1,720,1279,726,-1,726,1279,1288,-1,726,1288,725,-1,725,1288,2904,-1,2903,2901,2904,-1,2904,2901,2902,-1,2389,2388,2905,-1,2905,2388,2589,-1,2905,2589,2906,-1,2906,2589,2735,-1,2906,2735,712,-1,712,2735,1277,-1,712,1277,714,-1,714,1277,1275,-1,714,1275,715,-1,2905,2907,2389,-1,2389,2907,2390,-1,2387,2390,2590,-1,2590,2390,2907,-1,2590,2907,2728,-1,2728,2907,2908,-1,2728,2908,1282,-1,716,1273,723,-1,723,1273,1282,-1,723,1282,711,-1,711,1282,2908,-1,2907,2905,2908,-1,2908,2905,2906,-1,2384,2383,2909,-1,2909,2383,2591,-1,2909,2591,2910,-1,2910,2591,2733,-1,2910,2733,731,-1,731,2733,1271,-1,731,1271,735,-1,735,1271,1269,-1,735,1269,736,-1,2909,2911,2384,-1,2384,2911,2385,-1,2382,2385,2592,-1,2592,2385,2911,-1,2592,2911,2734,-1,2734,2911,2912,-1,2734,2912,1276,-1,737,1267,738,-1,738,1267,1276,-1,738,1276,733,-1,733,1276,2912,-1,2911,2909,2912,-1,2912,2909,2910,-1,2379,2378,2913,-1,2913,2378,2593,-1,2913,2593,2914,-1,2914,2593,2726,-1,2914,2726,739,-1,739,2726,1265,-1,739,1265,743,-1,743,1265,1263,-1,743,1263,744,-1,2913,2915,2379,-1,2379,2915,2380,-1,2377,2380,2594,-1,2594,2380,2915,-1,2594,2915,2727,-1,2727,2915,2916,-1,2727,2916,1270,-1,745,1261,746,-1,746,1261,1270,-1,746,1270,741,-1,741,1270,2916,-1,2915,2913,2916,-1,2916,2913,2914,-1,2374,2373,2917,-1,2917,2373,2595,-1,2917,2595,2918,-1,2918,2595,2729,-1,2918,2729,747,-1,747,2729,1259,-1,747,1259,751,-1,751,1259,1257,-1,751,1257,752,-1,2917,2919,2374,-1,2374,2919,2375,-1,2372,2375,2596,-1,2596,2375,2919,-1,2596,2919,2720,-1,2720,2919,2920,-1,2720,2920,1264,-1,753,1255,754,-1,754,1255,1264,-1,754,1264,749,-1,749,1264,2920,-1,2919,2917,2920,-1,2920,2917,2918,-1,2369,2368,2921,-1,2921,2368,2597,-1,2921,2597,2922,-1,2922,2597,2724,-1,2922,2724,755,-1,755,2724,1253,-1,755,1253,759,-1,759,1253,1251,-1,759,1251,760,-1,2921,2923,2369,-1,2369,2923,2370,-1,2367,2370,2598,-1,2598,2370,2923,-1,2598,2923,2725,-1,2725,2923,2924,-1,2725,2924,1258,-1,761,1249,762,-1,762,1249,1258,-1,762,1258,757,-1,757,1258,2924,-1,2923,2921,2924,-1,2924,2921,2922,-1,2366,2364,2925,-1,2925,2364,2599,-1,2925,2599,2926,-1,2926,2599,2716,-1,2926,2716,979,-1,979,2716,1247,-1,979,1247,980,-1,980,1247,1245,-1,980,1245,975,-1,2925,2927,2366,-1,2366,2927,2365,-1,2363,2365,2600,-1,2600,2365,2927,-1,2600,2927,2717,-1,2717,2927,2928,-1,2717,2928,1252,-1,976,1243,977,-1,977,1243,1252,-1,977,1252,978,-1,978,1252,2928,-1,2927,2925,2928,-1,2928,2925,2926,-1,2360,2359,2929,-1,2929,2359,2601,-1,2929,2601,2930,-1,2930,2601,2723,-1,2930,2723,984,-1,984,2723,1241,-1,984,1241,983,-1,983,1241,1239,-1,983,1239,982,-1,2929,2931,2360,-1,2360,2931,2361,-1,2358,2361,2602,-1,2602,2361,2931,-1,2602,2931,2714,-1,2714,2931,2932,-1,2714,2932,1246,-1,981,1237,986,-1,986,1237,1246,-1,986,1246,985,-1,985,1246,2932,-1,2931,2929,2932,-1,2932,2929,2930,-1,2355,2354,2933,-1,2933,2354,2603,-1,2933,2603,2934,-1,2934,2603,2721,-1,2934,2721,968,-1,968,2721,1235,-1,968,1235,962,-1,962,1235,1233,-1,962,1233,963,-1,2933,2935,2355,-1,2355,2935,2356,-1,2353,2356,2604,-1,2604,2356,2935,-1,2604,2935,2722,-1,2722,2935,2936,-1,2722,2936,1240,-1,964,1231,966,-1,966,1231,1240,-1,966,1240,967,-1,967,1240,2936,-1,2935,2933,2936,-1,2936,2933,2934,-1,2350,2349,2937,-1,2937,2349,2605,-1,2937,2605,2938,-1,2938,2605,2718,-1,2938,2718,974,-1,974,2718,1229,-1,974,1229,973,-1,973,1229,1227,-1,973,1227,972,-1,2937,2939,2350,-1,2350,2939,2351,-1,2348,2351,2606,-1,2606,2351,2939,-1,2606,2939,2719,-1,2719,2939,2940,-1,2719,2940,1234,-1,971,1225,960,-1,960,1225,1234,-1,960,1234,961,-1,961,1234,2940,-1,2939,2937,2940,-1,2940,2937,2938,-1,2345,2344,2941,-1,2941,2344,2607,-1,2941,2607,2942,-1,2942,2607,2712,-1,2942,2712,952,-1,952,2712,1223,-1,952,1223,946,-1,946,1223,1221,-1,946,1221,947,-1,2941,2943,2345,-1,2345,2943,2346,-1,2343,2346,2608,-1,2608,2346,2943,-1,2608,2943,2713,-1,2713,2943,2944,-1,2713,2944,1228,-1,948,1219,950,-1,950,1219,1228,-1,950,1228,951,-1,951,1228,2944,-1,2943,2941,2944,-1,2944,2941,2942,-1,2340,2339,2945,-1,2945,2339,2609,-1,2945,2609,2946,-1,2946,2609,2715,-1,2946,2715,958,-1,958,2715,1217,-1,958,1217,957,-1,957,1217,1215,-1,957,1215,956,-1,2945,2947,2340,-1,2340,2947,2341,-1,2338,2341,2610,-1,2610,2341,2947,-1,2610,2947,2707,-1,2707,2947,2948,-1,2707,2948,1222,-1,955,1213,944,-1,944,1213,1222,-1,944,1222,945,-1,945,1222,2948,-1,2947,2945,2948,-1,2948,2945,2946,-1,2337,2335,2949,-1,2949,2335,2611,-1,2949,2611,2950,-1,2950,2611,2710,-1,2950,2710,941,-1,941,2710,1211,-1,941,1211,940,-1,940,1211,1209,-1,940,1209,939,-1,2949,2951,2337,-1,2337,2951,2336,-1,2334,2336,2612,-1,2612,2336,2951,-1,2612,2951,2711,-1,2711,2951,2952,-1,2711,2952,1216,-1,938,1207,936,-1,936,1207,1216,-1,936,1216,937,-1,937,1216,2952,-1,2951,2949,2952,-1,2952,2949,2950,-1,2331,2330,2953,-1,2953,2330,2613,-1,2953,2613,2954,-1,2954,2613,2706,-1,2954,2706,926,-1,926,2706,1205,-1,926,1205,928,-1,928,1205,1200,-1,928,1200,921,-1,2953,2955,2331,-1,2331,2955,2332,-1,2329,2332,2614,-1,2614,2332,2955,-1,2614,2955,2709,-1,2709,2955,2956,-1,2709,2956,1210,-1,922,1199,924,-1,924,1199,1210,-1,924,1210,925,-1,925,1210,2956,-1,2955,2953,2956,-1,2956,2953,2954,-1,2326,2325,2957,-1,2957,2325,2615,-1,2957,2615,2958,-1,2958,2615,2704,-1,2958,2704,932,-1,932,2704,1201,-1,932,1201,931,-1,931,1201,1202,-1,931,1202,930,-1,2957,2959,2326,-1,2326,2959,2328,-1,2324,2328,2616,-1,2616,2328,2959,-1,2616,2959,2705,-1,2705,2959,2960,-1,2705,2960,1204,-1,929,1203,934,-1,934,1203,1204,-1,934,1204,933,-1,933,1204,2960,-1,2959,2957,2960,-1,2960,2957,2958,-1,2320,2319,2961,-1,2961,2319,2617,-1,2961,2617,2962,-1,2962,2617,2804,-1,2962,2804,763,-1,763,2804,1538,-1,763,1538,769,-1,769,1538,1536,-1,769,1536,770,-1,2961,2963,2320,-1,2320,2963,1934,-1,1935,1934,2618,-1,2618,1934,2963,-1,2618,2963,2803,-1,2803,2963,2964,-1,2803,2964,1540,-1,771,1534,772,-1,772,1534,1540,-1,772,1540,765,-1,765,1540,2964,-1,2963,2961,2964,-1,2964,2961,2962,-1,2317,2316,2965,-1,2965,2316,2619,-1,2965,2619,2966,-1,2966,2619,2800,-1,2966,2800,773,-1,773,2800,1532,-1,773,1532,777,-1,777,1532,1530,-1,777,1530,778,-1,2965,2967,2317,-1,2317,2967,1937,-1,1938,1937,2620,-1,2620,1937,2967,-1,2620,2967,2801,-1,2801,2967,2968,-1,2801,2968,1537,-1,779,1528,780,-1,780,1528,1537,-1,780,1537,775,-1,775,1537,2968,-1,2967,2965,2968,-1,2968,2965,2966,-1,2313,2312,2969,-1,2969,2312,2621,-1,2969,2621,2970,-1,2970,2621,2802,-1,2970,2802,781,-1,781,2802,1526,-1,781,1526,785,-1,785,1526,1524,-1,785,1524,786,-1,2969,2971,2313,-1,2313,2971,2314,-1,2311,2314,2622,-1,2622,2314,2971,-1,2622,2971,2799,-1,2799,2971,2972,-1,2799,2972,1531,-1,787,1522,788,-1,788,1522,1531,-1,788,1531,783,-1,783,1531,2972,-1,2971,2969,2972,-1,2972,2969,2970,-1,2310,2308,2973,-1,2973,2308,2623,-1,2973,2623,2974,-1,2974,2623,2796,-1,2974,2796,789,-1,789,2796,1520,-1,789,1520,793,-1,793,1520,1518,-1,793,1518,794,-1,2973,2975,2310,-1,2310,2975,2309,-1,2307,2309,2624,-1,2624,2309,2975,-1,2624,2975,2797,-1,2797,2975,2976,-1,2797,2976,1525,-1,795,1516,796,-1,796,1516,1525,-1,796,1525,791,-1,791,1525,2976,-1,2975,2973,2976,-1,2976,2973,2974,-1,2304,2303,2977,-1,2977,2303,2625,-1,2977,2625,2978,-1,2978,2625,2798,-1,2978,2798,797,-1,797,2798,1514,-1,797,1514,807,-1,807,1514,1512,-1,807,1512,808,-1,2977,2979,2304,-1,2304,2979,2305,-1,2302,2305,2626,-1,2626,2305,2979,-1,2626,2979,2795,-1,2795,2979,2980,-1,2795,2980,1519,-1,809,1510,810,-1,810,1510,1519,-1,810,1519,799,-1,799,1519,2980,-1,2979,2977,2980,-1,2980,2977,2978,-1,2299,2298,2981,-1,2981,2298,2627,-1,2981,2627,2982,-1,2982,2627,2792,-1,2982,2792,804,-1,804,2792,1508,-1,804,1508,801,-1,801,1508,1506,-1,801,1506,802,-1,2981,2983,2299,-1,2299,2983,2300,-1,2297,2300,2628,-1,2628,2300,2983,-1,2628,2983,2793,-1,2793,2983,2984,-1,2793,2984,1513,-1,803,1504,806,-1,806,1504,1513,-1,806,1513,805,-1,805,1513,2984,-1,2983,2981,2984,-1,2984,2981,2982,-1,2294,2293,2985,-1,2985,2293,2629,-1,2985,2629,2986,-1,2986,2629,2794,-1,2986,2794,811,-1,811,2794,1502,-1,811,1502,815,-1,815,1502,1500,-1,815,1500,816,-1,2985,2987,2294,-1,2294,2987,2295,-1,2292,2295,2630,-1,2630,2295,2987,-1,2630,2987,2791,-1,2791,2987,2988,-1,2791,2988,1507,-1,817,1498,818,-1,818,1498,1507,-1,818,1507,813,-1,813,1507,2988,-1,2987,2985,2988,-1,2988,2985,2986,-1,2289,2288,2989,-1,2989,2288,2631,-1,2989,2631,2990,-1,2990,2631,2788,-1,2990,2788,819,-1,819,2788,1496,-1,819,1496,823,-1,823,1496,1494,-1,823,1494,824,-1,2989,2991,2289,-1,2289,2991,2290,-1,2287,2290,2632,-1,2632,2290,2991,-1,2632,2991,2789,-1,2789,2991,2992,-1,2789,2992,1501,-1,825,1492,826,-1,826,1492,1501,-1,826,1501,821,-1,821,1501,2992,-1,2991,2989,2992,-1,2992,2989,2990,-1,2284,2283,2993,-1,2993,2283,2633,-1,2993,2633,2994,-1,2994,2633,2790,-1,2994,2790,827,-1,827,2790,1490,-1,827,1490,831,-1,831,1490,1488,-1,831,1488,832,-1,2993,2995,2284,-1,2284,2995,2285,-1,2282,2285,2634,-1,2634,2285,2995,-1,2634,2995,2787,-1,2787,2995,2996,-1,2787,2996,1495,-1,833,1486,834,-1,834,1486,1495,-1,834,1495,829,-1,829,1495,2996,-1,2995,2993,2996,-1,2996,2993,2994,-1,2274,2273,2997,-1,2997,2273,2635,-1,2997,2635,2998,-1,2998,2635,2784,-1,2998,2784,840,-1,840,2784,1484,-1,840,1484,839,-1,839,1484,1479,-1,839,1479,838,-1,2997,2999,2274,-1,2274,2999,2275,-1,2272,2275,2636,-1,2636,2275,2999,-1,2636,2999,2785,-1,2785,2999,3000,-1,2785,3000,1489,-1,837,1478,835,-1,835,1478,1489,-1,835,1489,836,-1,836,1489,3000,-1,2999,2997,3000,-1,3000,2997,2998,-1,2635,2636,2784,-1,2784,2636,2785,-1,837,838,1478,-1,1478,838,1479,-1,840,836,2998,-1,2998,836,3000,-1,2633,2634,2790,-1,2790,2634,2787,-1,833,832,1486,-1,1486,832,1488,-1,827,829,2994,-1,2994,829,2996,-1,2631,2632,2788,-1,2788,2632,2789,-1,825,824,1492,-1,1492,824,1494,-1,819,821,2990,-1,2990,821,2992,-1,2629,2630,2794,-1,2794,2630,2791,-1,817,816,1498,-1,1498,816,1500,-1,811,813,2986,-1,2986,813,2988,-1,2627,2628,2792,-1,2792,2628,2793,-1,803,802,1504,-1,1504,802,1506,-1,804,805,2982,-1,2982,805,2984,-1,2625,2626,2798,-1,2798,2626,2795,-1,809,808,1510,-1,1510,808,1512,-1,797,799,2978,-1,2978,799,2980,-1,2623,2624,2796,-1,2796,2624,2797,-1,795,794,1516,-1,1516,794,1518,-1,789,791,2974,-1,2974,791,2976,-1,2621,2622,2802,-1,2802,2622,2799,-1,787,786,1522,-1,1522,786,1524,-1,781,783,2970,-1,2970,783,2972,-1,2619,2620,2800,-1,2800,2620,2801,-1,779,778,1528,-1,1528,778,1530,-1,773,775,2966,-1,2966,775,2968,-1,2617,2618,2804,-1,2804,2618,2803,-1,771,770,1534,-1,1534,770,1536,-1,763,765,2962,-1,2962,765,2964,-1,2615,2616,2704,-1,2704,2616,2705,-1,929,930,1203,-1,1203,930,1202,-1,932,933,2958,-1,2958,933,2960,-1,2613,2614,2706,-1,2706,2614,2709,-1,922,921,1199,-1,1199,921,1200,-1,926,925,2954,-1,2954,925,2956,-1,2611,2612,2710,-1,2710,2612,2711,-1,938,939,1207,-1,1207,939,1209,-1,941,937,2950,-1,2950,937,2952,-1,2609,2610,2715,-1,2715,2610,2707,-1,955,956,1213,-1,1213,956,1215,-1,958,945,2946,-1,2946,945,2948,-1,2607,2608,2712,-1,2712,2608,2713,-1,948,947,1219,-1,1219,947,1221,-1,952,951,2942,-1,2942,951,2944,-1,2605,2606,2718,-1,2718,2606,2719,-1,971,972,1225,-1,1225,972,1227,-1,974,961,2938,-1,2938,961,2940,-1,2603,2604,2721,-1,2721,2604,2722,-1,964,963,1231,-1,1231,963,1233,-1,968,967,2934,-1,2934,967,2936,-1,2601,2602,2723,-1,2723,2602,2714,-1,981,982,1237,-1,1237,982,1239,-1,984,985,2930,-1,2930,985,2932,-1,2599,2600,2716,-1,2716,2600,2717,-1,976,975,1243,-1,1243,975,1245,-1,979,978,2926,-1,2926,978,2928,-1,2597,2598,2724,-1,2724,2598,2725,-1,761,760,1249,-1,1249,760,1251,-1,755,757,2922,-1,2922,757,2924,-1,2595,2596,2729,-1,2729,2596,2720,-1,753,752,1255,-1,1255,752,1257,-1,747,749,2918,-1,2918,749,2920,-1,2593,2594,2726,-1,2726,2594,2727,-1,745,744,1261,-1,1261,744,1263,-1,739,741,2914,-1,2914,741,2916,-1,2591,2592,2733,-1,2733,2592,2734,-1,737,736,1267,-1,1267,736,1269,-1,731,733,2910,-1,2910,733,2912,-1,2589,2590,2735,-1,2735,2590,2728,-1,716,715,1273,-1,1273,715,1275,-1,712,711,2906,-1,2906,711,2908,-1,2587,2588,2730,-1,2730,2588,2731,-1,720,721,1279,-1,1279,721,1281,-1,724,725,2902,-1,2902,725,2904,-1,2585,2586,2739,-1,2739,2586,2732,-1,729,728,1285,-1,1285,728,1287,-1,708,710,2898,-1,2898,710,2900,-1,2583,2584,2736,-1,2736,2584,2737,-1,706,705,1291,-1,1291,705,1293,-1,700,702,2894,-1,2894,702,2896,-1,2581,2582,2743,-1,2743,2582,2738,-1,698,697,1297,-1,1297,697,1299,-1,692,694,2890,-1,2890,694,2892,-1,2579,2580,2740,-1,2740,2580,2741,-1,690,689,1303,-1,1303,689,1305,-1,684,686,2886,-1,2886,686,2888,-1,2577,2578,2746,-1,2746,2578,2742,-1,682,681,1309,-1,1309,681,1311,-1,676,678,2882,-1,2882,678,2884,-1,2575,2576,2744,-1,2744,2576,2745,-1,668,667,1315,-1,1315,667,1317,-1,669,670,2878,-1,2878,670,2880,-1,2573,2574,2750,-1,2750,2574,2747,-1,674,673,1321,-1,1321,673,1323,-1,662,664,2874,-1,2874,664,2876,-1,2571,2572,2748,-1,2748,2572,2749,-1,660,659,1327,-1,1327,659,1329,-1,654,656,2870,-1,2870,656,2872,-1,2569,2570,2754,-1,2754,2570,2751,-1,652,651,1333,-1,1333,651,1335,-1,646,648,2866,-1,2866,648,2868,-1,2567,2568,2752,-1,2752,2568,2753,-1,644,643,1339,-1,1339,643,1341,-1,638,640,2862,-1,2862,640,2864,-1,2565,2566,2758,-1,2758,2566,2755,-1,636,635,1345,-1,1345,635,1347,-1,630,632,2858,-1,2858,632,2860,-1,2563,2564,2756,-1,2756,2564,2757,-1,622,621,1351,-1,1351,621,1353,-1,623,624,2854,-1,2854,624,2856,-1,2561,2562,2762,-1,2762,2562,2759,-1,628,627,1357,-1,1357,627,1359,-1,616,618,2850,-1,2850,618,2852,-1,2559,2560,2760,-1,2760,2560,2761,-1,614,613,1363,-1,1363,613,1365,-1,608,610,2846,-1,2846,610,2848,-1,2557,2558,2766,-1,2766,2558,2763,-1,606,605,1369,-1,1369,605,1371,-1,600,602,2842,-1,2842,602,2844,-1,2555,2556,2764,-1,2764,2556,2765,-1,598,597,1375,-1,1375,597,1377,-1,592,594,2838,-1,2838,594,2840,-1,2553,2554,2770,-1,2770,2554,2767,-1,590,589,1381,-1,1381,589,1383,-1,584,586,2834,-1,2834,586,2836,-1,2551,2552,2768,-1,2768,2552,2769,-1,576,575,1387,-1,1387,575,1389,-1,577,578,2830,-1,2830,578,2832,-1,2549,2550,2774,-1,2774,2550,2771,-1,582,581,1393,-1,1393,581,1395,-1,570,572,2826,-1,2826,572,2828,-1,2547,2548,2772,-1,2772,2548,2773,-1,568,567,1399,-1,1399,567,1401,-1,562,564,2822,-1,2822,564,2824,-1,2545,2546,2778,-1,2778,2546,2775,-1,560,559,1405,-1,1405,559,1407,-1,554,556,2818,-1,2818,556,2820,-1,2543,2544,2776,-1,2776,2544,2777,-1,552,551,1411,-1,1411,551,1413,-1,546,548,2814,-1,2814,548,2816,-1,2541,2542,2780,-1,2780,2542,2779,-1,544,543,1416,-1,1416,543,1417,-1,538,540,2810,-1,2810,540,2812,-1,1545,2266,1544,-1,1544,2266,1547,-1,1544,1547,1045,-1,1045,1547,1546,-1,1045,1546,1043,-1,515,1420,514,-1,514,1420,1043,-1,514,1043,513,-1,513,1043,1546,-1,2265,1543,1549,-1,1549,1543,1542,-1,1549,1542,1548,-1,1548,1542,1050,-1,1548,1050,512,-1,512,1050,1042,-1,512,1042,517,-1,517,1042,1425,-1,517,1425,516,-1,1549,1547,2265,-1,2265,1547,2266,-1,1553,2269,1552,-1,1552,2269,1555,-1,1552,1555,1052,-1,1052,1555,1554,-1,1052,1554,1053,-1,507,1418,506,-1,506,1418,1053,-1,506,1053,505,-1,505,1053,1554,-1,2268,1551,1557,-1,1557,1551,1550,-1,1557,1550,1556,-1,1556,1550,1046,-1,1556,1046,503,-1,503,1046,1044,-1,503,1044,510,-1,510,1044,1419,-1,510,1419,508,-1,1557,1555,2268,-1,2268,1555,2269,-1,1561,2264,1560,-1,1560,2264,1563,-1,1560,1563,1056,-1,1056,1563,1562,-1,1056,1562,1064,-1,498,1412,497,-1,497,1412,1064,-1,497,1064,496,-1,496,1064,1562,-1,2263,1559,1565,-1,1565,1559,1558,-1,1565,1558,1564,-1,1564,1558,1055,-1,1564,1055,494,-1,494,1055,1054,-1,494,1054,501,-1,501,1054,1410,-1,501,1410,499,-1,1565,1563,2263,-1,2263,1563,2264,-1,1569,2261,1568,-1,1568,2261,1571,-1,1568,1571,1047,-1,1047,1571,1570,-1,1047,1570,1048,-1,489,1406,488,-1,488,1406,1048,-1,488,1048,487,-1,487,1048,1570,-1,2260,1567,1573,-1,1573,1567,1566,-1,1573,1566,1572,-1,1572,1566,1062,-1,1572,1062,485,-1,485,1062,1063,-1,485,1063,492,-1,492,1063,1404,-1,492,1404,490,-1,1573,1571,2260,-1,2260,1571,2261,-1,1577,2257,1576,-1,1576,2257,1579,-1,1576,1579,1058,-1,1058,1579,1578,-1,1058,1578,1067,-1,474,1400,484,-1,484,1400,1067,-1,484,1067,479,-1,479,1067,1578,-1,2255,1575,1581,-1,1581,1575,1574,-1,1581,1574,1580,-1,1580,1574,1057,-1,1580,1057,477,-1,477,1057,1049,-1,477,1049,475,-1,475,1049,1398,-1,475,1398,473,-1,1581,1579,2255,-1,2255,1579,2257,-1,1585,2258,1584,-1,1584,2258,1587,-1,1584,1587,1070,-1,1070,1587,1586,-1,1070,1586,1074,-1,471,1394,480,-1,480,1394,1074,-1,480,1074,481,-1,481,1074,1586,-1,2256,1583,1589,-1,1589,1583,1582,-1,1589,1582,1588,-1,1588,1582,1069,-1,1588,1069,482,-1,482,1069,1068,-1,482,1068,483,-1,483,1068,1392,-1,483,1392,470,-1,1589,1587,2256,-1,2256,1587,2258,-1,1593,2253,1592,-1,1592,2253,1595,-1,1592,1595,1077,-1,1077,1595,1594,-1,1077,1594,1078,-1,465,1388,464,-1,464,1388,1078,-1,464,1078,463,-1,463,1078,1594,-1,2252,1591,1597,-1,1597,1591,1590,-1,1597,1590,1596,-1,1596,1590,1076,-1,1596,1076,461,-1,461,1076,1075,-1,461,1075,468,-1,468,1075,1386,-1,468,1386,466,-1,1597,1595,2252,-1,2252,1595,2253,-1,1601,2250,1600,-1,1600,2250,1603,-1,1600,1603,1059,-1,1059,1603,1602,-1,1059,1602,1060,-1,456,1382,455,-1,455,1382,1060,-1,455,1060,454,-1,454,1060,1602,-1,2249,1599,1605,-1,1605,1599,1598,-1,1605,1598,1604,-1,1604,1598,1080,-1,1604,1080,452,-1,452,1080,1079,-1,452,1079,459,-1,459,1079,1380,-1,459,1380,457,-1,1605,1603,2249,-1,2249,1603,2250,-1,1609,2247,1608,-1,1608,2247,1611,-1,1608,1611,1066,-1,1066,1611,1610,-1,1066,1610,1081,-1,447,1376,446,-1,446,1376,1081,-1,446,1081,445,-1,445,1081,1610,-1,2246,1607,1613,-1,1613,1607,1606,-1,1613,1606,1612,-1,1612,1606,1065,-1,1612,1065,443,-1,443,1065,1061,-1,443,1061,450,-1,450,1061,1374,-1,450,1374,448,-1,1613,1611,2246,-1,2246,1611,2247,-1,1617,2244,1616,-1,1616,2244,1619,-1,1616,1619,1084,-1,1084,1619,1618,-1,1084,1618,1092,-1,438,1370,437,-1,437,1370,1092,-1,437,1092,436,-1,436,1092,1618,-1,2243,1615,1621,-1,1621,1615,1614,-1,1621,1614,1620,-1,1620,1614,1083,-1,1620,1083,434,-1,434,1083,1082,-1,434,1082,441,-1,441,1082,1368,-1,441,1368,439,-1,1621,1619,2243,-1,2243,1619,2244,-1,1625,2240,1624,-1,1624,2240,1627,-1,1624,1627,1071,-1,1071,1627,1626,-1,1071,1626,1072,-1,423,1364,433,-1,433,1364,1072,-1,433,1072,428,-1,428,1072,1626,-1,2238,1623,1629,-1,1629,1623,1622,-1,1629,1622,1628,-1,1628,1622,1090,-1,1628,1090,426,-1,426,1090,1091,-1,426,1091,424,-1,424,1091,1362,-1,424,1362,422,-1,1629,1627,2238,-1,2238,1627,2240,-1,1633,2241,1632,-1,1632,2241,1635,-1,1632,1635,1089,-1,1089,1635,1634,-1,1089,1634,1100,-1,420,1358,429,-1,429,1358,1100,-1,429,1100,430,-1,430,1100,1634,-1,2239,1631,1637,-1,1637,1631,1630,-1,1637,1630,1636,-1,1636,1630,1088,-1,1636,1088,431,-1,431,1088,1073,-1,431,1073,432,-1,432,1073,1356,-1,432,1356,419,-1,1637,1635,2239,-1,2239,1635,2241,-1,1641,2236,1640,-1,1640,2236,1643,-1,1640,1643,1085,-1,1085,1643,1642,-1,1085,1642,1086,-1,414,1352,413,-1,413,1352,1086,-1,413,1086,412,-1,412,1086,1642,-1,2235,1639,1645,-1,1645,1639,1638,-1,1645,1638,1644,-1,1644,1638,1098,-1,1644,1098,410,-1,410,1098,1099,-1,410,1099,417,-1,417,1099,1350,-1,417,1350,415,-1,1645,1643,2235,-1,2235,1643,2236,-1,1649,2233,1648,-1,1648,2233,1651,-1,1648,1651,1094,-1,1094,1651,1650,-1,1094,1650,1108,-1,405,1346,404,-1,404,1346,1108,-1,404,1108,403,-1,403,1108,1650,-1,2232,1647,1653,-1,1653,1647,1646,-1,1653,1646,1652,-1,1652,1646,1093,-1,1652,1093,401,-1,401,1093,1087,-1,401,1087,408,-1,408,1087,1344,-1,408,1344,406,-1,1653,1651,2232,-1,2232,1651,2233,-1,1657,2230,1656,-1,1656,2230,1659,-1,1656,1659,1095,-1,1095,1659,1658,-1,1095,1658,1096,-1,396,1340,395,-1,395,1340,1096,-1,395,1096,394,-1,394,1096,1658,-1,2229,1655,1661,-1,1661,1655,1654,-1,1661,1654,1660,-1,1660,1654,1106,-1,1660,1106,392,-1,392,1106,1107,-1,392,1107,399,-1,399,1107,1338,-1,399,1338,397,-1,1661,1659,2229,-1,2229,1659,2230,-1,1665,2227,1664,-1,1664,2227,1667,-1,1664,1667,1102,-1,1102,1667,1666,-1,1102,1666,1113,-1,387,1334,386,-1,386,1334,1113,-1,386,1113,385,-1,385,1113,1666,-1,2226,1663,1669,-1,1669,1663,1662,-1,1669,1662,1668,-1,1668,1662,1101,-1,1668,1101,383,-1,383,1101,1097,-1,383,1097,390,-1,390,1097,1332,-1,390,1332,388,-1,1669,1667,2226,-1,2226,1667,2227,-1,1673,2223,1672,-1,1672,2223,1675,-1,1672,1675,1103,-1,1103,1675,1674,-1,1103,1674,1104,-1,372,1328,382,-1,382,1328,1104,-1,382,1104,377,-1,377,1104,1674,-1,2221,1671,1677,-1,1677,1671,1670,-1,1677,1670,1676,-1,1676,1670,1111,-1,1676,1111,375,-1,375,1111,1112,-1,375,1112,373,-1,373,1112,1326,-1,373,1326,371,-1,1677,1675,2221,-1,2221,1675,2223,-1,1681,2224,1680,-1,1680,2224,1683,-1,1680,1683,1110,-1,1110,1683,1682,-1,1110,1682,1119,-1,369,1322,378,-1,378,1322,1119,-1,378,1119,379,-1,379,1119,1682,-1,2222,1679,1685,-1,1685,1679,1678,-1,1685,1678,1684,-1,1684,1678,1109,-1,1684,1109,380,-1,380,1109,1105,-1,380,1105,381,-1,381,1105,1320,-1,381,1320,368,-1,1685,1683,2222,-1,2222,1683,2224,-1,1689,2219,1688,-1,1688,2219,1691,-1,1688,1691,1122,-1,1122,1691,1690,-1,1122,1690,1125,-1,363,1316,362,-1,362,1316,1125,-1,362,1125,361,-1,361,1125,1690,-1,2218,1687,1693,-1,1693,1687,1686,-1,1693,1686,1692,-1,1692,1686,1121,-1,1692,1121,359,-1,359,1121,1120,-1,359,1120,366,-1,366,1120,1314,-1,366,1314,364,-1,1693,1691,2218,-1,2218,1691,2219,-1,1697,2216,1696,-1,1696,2216,1699,-1,1696,1699,1114,-1,1114,1699,1698,-1,1114,1698,1115,-1,354,1310,353,-1,353,1310,1115,-1,353,1115,352,-1,352,1115,1698,-1,2215,1695,1701,-1,1701,1695,1694,-1,1701,1694,1700,-1,1700,1694,1123,-1,1700,1123,350,-1,350,1123,1124,-1,350,1124,357,-1,357,1124,1308,-1,357,1308,355,-1,1701,1699,2215,-1,2215,1699,2216,-1,1705,2213,1704,-1,1704,2213,1707,-1,1704,1707,1118,-1,1118,1707,1706,-1,1118,1706,1133,-1,345,1304,344,-1,344,1304,1133,-1,344,1133,343,-1,343,1133,1706,-1,2212,1703,1709,-1,1709,1703,1702,-1,1709,1702,1708,-1,1708,1702,1117,-1,1708,1117,341,-1,341,1117,1116,-1,341,1116,348,-1,348,1116,1302,-1,348,1302,346,-1,1709,1707,2212,-1,2212,1707,2213,-1,1713,2210,1712,-1,1712,2210,1715,-1,1712,1715,1126,-1,1126,1715,1714,-1,1126,1714,1127,-1,336,1298,335,-1,335,1298,1127,-1,335,1127,334,-1,334,1127,1714,-1,2209,1711,1717,-1,1717,1711,1710,-1,1717,1710,1716,-1,1716,1710,1131,-1,1716,1131,332,-1,332,1131,1132,-1,332,1132,339,-1,339,1132,1296,-1,339,1296,337,-1,1717,1715,2209,-1,2209,1715,2210,-1,1721,2204,1720,-1,1720,2204,1723,-1,1720,1723,1130,-1,1130,1723,1722,-1,1130,1722,1141,-1,322,1292,324,-1,324,1292,1141,-1,324,1141,326,-1,326,1141,1722,-1,2205,1719,1725,-1,1725,1719,1718,-1,1725,1718,1724,-1,1724,1718,1129,-1,1724,1129,328,-1,328,1129,1128,-1,328,1128,330,-1,330,1128,1290,-1,330,1290,331,-1,1725,1723,2205,-1,2205,1723,2204,-1,1729,2203,1728,-1,1728,2203,1731,-1,1728,1731,1134,-1,1134,1731,1730,-1,1134,1730,1135,-1,319,1286,718,-1,718,1286,1135,-1,718,1135,719,-1,719,1135,1730,-1,2202,1727,1733,-1,1733,1727,1726,-1,1733,1726,1732,-1,1732,1726,1139,-1,1732,1139,325,-1,325,1139,1140,-1,325,1140,323,-1,323,1140,1284,-1,323,1284,321,-1,1733,1731,2202,-1,2202,1731,2203,-1,1737,2207,1736,-1,1736,2207,1739,-1,1736,1739,1138,-1,1138,1739,1738,-1,1138,1738,1149,-1,315,1280,316,-1,316,1280,1149,-1,316,1149,317,-1,317,1149,1738,-1,2206,1735,1741,-1,1741,1735,1734,-1,1741,1734,1740,-1,1740,1734,1137,-1,1740,1137,318,-1,318,1137,1136,-1,318,1136,717,-1,717,1136,1278,-1,717,1278,314,-1,1741,1739,2206,-1,2206,1739,2207,-1,1745,2201,1744,-1,1744,2201,1747,-1,1744,1747,1142,-1,1142,1747,1746,-1,1142,1746,1143,-1,309,1274,308,-1,308,1274,1143,-1,308,1143,307,-1,307,1143,1746,-1,2200,1743,1749,-1,1749,1743,1742,-1,1749,1742,1748,-1,1748,1742,1147,-1,1748,1147,305,-1,305,1147,1148,-1,305,1148,312,-1,312,1148,1272,-1,312,1272,310,-1,1749,1747,2200,-1,2200,1747,2201,-1,1753,2199,1752,-1,1752,2199,1755,-1,1752,1755,1146,-1,1146,1755,1754,-1,1146,1754,1157,-1,300,1268,299,-1,299,1268,1157,-1,299,1157,298,-1,298,1157,1754,-1,2198,1751,1757,-1,1757,1751,1750,-1,1757,1750,1756,-1,1756,1750,1145,-1,1756,1145,296,-1,296,1145,1144,-1,296,1144,303,-1,303,1144,1266,-1,303,1266,301,-1,1757,1755,2198,-1,2198,1755,2199,-1,1761,2196,1760,-1,1760,2196,1763,-1,1760,1763,1150,-1,1150,1763,1762,-1,1150,1762,1151,-1,291,1262,290,-1,290,1262,1151,-1,290,1151,289,-1,289,1151,1762,-1,2195,1759,1765,-1,1765,1759,1758,-1,1765,1758,1764,-1,1764,1758,1155,-1,1764,1155,287,-1,287,1155,1156,-1,287,1156,294,-1,294,1156,1260,-1,294,1260,292,-1,1765,1763,2195,-1,2195,1763,2196,-1,1769,2193,1768,-1,1768,2193,1771,-1,1768,1771,1154,-1,1154,1771,1770,-1,1154,1770,1165,-1,281,1256,279,-1,279,1256,1165,-1,279,1165,277,-1,277,1165,1770,-1,2192,1767,1773,-1,1773,1767,1766,-1,1773,1766,1772,-1,1772,1766,1153,-1,1772,1153,275,-1,275,1153,1152,-1,275,1152,285,-1,285,1152,1254,-1,285,1254,283,-1,1773,1771,2192,-1,2192,1771,2193,-1,1777,2188,1776,-1,1776,2188,1779,-1,1776,1779,1158,-1,1158,1779,1778,-1,1158,1778,1159,-1,850,1250,855,-1,855,1250,1159,-1,855,1159,854,-1,854,1159,1778,-1,2187,1775,1781,-1,1781,1775,1774,-1,1781,1774,1780,-1,1780,1774,1163,-1,1780,1163,853,-1,853,1163,1164,-1,853,1164,852,-1,852,1164,1248,-1,852,1248,851,-1,1781,1779,2187,-1,2187,1779,2188,-1,1785,2190,1784,-1,1784,2190,1787,-1,1784,1787,1162,-1,1162,1787,1786,-1,1162,1786,1173,-1,842,1244,847,-1,847,1244,1173,-1,847,1173,848,-1,848,1173,1786,-1,2189,1783,1789,-1,1789,1783,1782,-1,1789,1782,1788,-1,1788,1782,1161,-1,1788,1161,844,-1,844,1161,1160,-1,844,1160,849,-1,849,1160,1242,-1,849,1242,841,-1,1789,1787,2189,-1,2189,1787,2190,-1,1793,2186,1792,-1,1792,2186,1795,-1,1792,1795,1166,-1,1166,1795,1794,-1,1166,1794,1167,-1,861,1238,859,-1,859,1238,1167,-1,859,1167,857,-1,857,1167,1794,-1,2185,1791,1797,-1,1797,1791,1790,-1,1797,1790,1796,-1,1796,1790,1171,-1,1796,1171,856,-1,856,1171,1172,-1,856,1172,864,-1,864,1172,1236,-1,864,1236,863,-1,1797,1795,2185,-1,2185,1795,2186,-1,1801,2184,1800,-1,1800,2184,1803,-1,1800,1803,1170,-1,1170,1803,1802,-1,1170,1802,1181,-1,870,1232,868,-1,868,1232,1181,-1,868,1181,866,-1,866,1181,1802,-1,2183,1799,1805,-1,1805,1799,1798,-1,1805,1798,1804,-1,1804,1798,1169,-1,1804,1169,865,-1,865,1169,1168,-1,865,1168,873,-1,873,1168,1230,-1,873,1230,872,-1,1805,1803,2183,-1,2183,1803,2184,-1,1809,2181,1808,-1,1808,2181,1811,-1,1808,1811,1174,-1,1174,1811,1810,-1,1174,1810,1175,-1,879,1226,877,-1,877,1226,1175,-1,877,1175,875,-1,875,1175,1810,-1,2180,1807,1813,-1,1813,1807,1806,-1,1813,1806,1812,-1,1812,1806,1179,-1,1812,1179,874,-1,874,1179,1180,-1,874,1180,882,-1,882,1180,1224,-1,882,1224,881,-1,1813,1811,2180,-1,2180,1811,2181,-1,1817,2178,1816,-1,1816,2178,1819,-1,1816,1819,1178,-1,1178,1819,1818,-1,1178,1818,1189,-1,888,1220,886,-1,886,1220,1189,-1,886,1189,884,-1,884,1189,1818,-1,2177,1815,1821,-1,1821,1815,1814,-1,1821,1814,1820,-1,1820,1814,1177,-1,1820,1177,883,-1,883,1177,1176,-1,883,1176,891,-1,891,1176,1218,-1,891,1218,890,-1,1821,1819,2177,-1,2177,1819,2178,-1,1825,2173,1824,-1,1824,2173,1827,-1,1824,1827,1182,-1,1182,1827,1826,-1,1182,1826,1183,-1,897,1214,895,-1,895,1214,1183,-1,895,1183,893,-1,893,1183,1826,-1,2172,1823,1829,-1,1829,1823,1822,-1,1829,1822,1828,-1,1828,1822,1187,-1,1828,1187,892,-1,892,1187,1188,-1,892,1188,900,-1,900,1188,1212,-1,900,1212,899,-1,1829,1827,2172,-1,2172,1827,2173,-1,1833,2175,1832,-1,1832,2175,1835,-1,1832,1835,1186,-1,1186,1835,1834,-1,1186,1834,1195,-1,910,1208,915,-1,915,1208,1195,-1,915,1195,914,-1,914,1195,1834,-1,2174,1831,1837,-1,1837,1831,1830,-1,1837,1830,1836,-1,1836,1830,1185,-1,1836,1185,913,-1,913,1185,1184,-1,913,1184,912,-1,912,1184,1206,-1,912,1206,911,-1,1837,1835,2174,-1,2174,1835,2175,-1,1841,2171,1840,-1,1840,2171,1843,-1,1840,1843,1192,-1,1192,1843,1842,-1,1192,1842,1190,-1,903,1197,901,-1,901,1197,1190,-1,901,1190,906,-1,906,1190,1842,-1,2170,1839,1845,-1,1845,1839,1838,-1,1845,1838,1844,-1,1844,1838,1193,-1,1844,1193,908,-1,908,1193,1194,-1,908,1194,909,-1,909,1194,1198,-1,909,1198,905,-1,1845,1843,2170,-1,2170,1843,2171,-1,1849,2169,1848,-1,1848,2169,1851,-1,1848,1851,1431,-1,1431,1851,1850,-1,1431,1850,1429,-1,271,1541,272,-1,272,1541,1429,-1,272,1429,273,-1,273,1429,1850,-1,2168,1847,1853,-1,1853,1847,1846,-1,1853,1846,1852,-1,1852,1846,1428,-1,1852,1428,110,-1,110,1428,1427,-1,110,1427,111,-1,111,1427,1474,-1,111,1474,270,-1,1853,1851,2168,-1,2168,1851,2169,-1,1857,2167,1856,-1,1856,2167,1859,-1,1856,1859,1435,-1,1435,1859,1858,-1,1435,1858,1443,-1,264,1535,263,-1,263,1535,1443,-1,263,1443,262,-1,262,1443,1858,-1,2166,1855,1861,-1,1861,1855,1854,-1,1861,1854,1860,-1,1860,1854,1432,-1,1860,1432,260,-1,260,1432,1430,-1,260,1430,267,-1,267,1430,1533,-1,267,1533,265,-1,1861,1859,2166,-1,2166,1859,2167,-1,1865,2165,1864,-1,1864,2165,1867,-1,1864,1867,1436,-1,1436,1867,1866,-1,1436,1866,1437,-1,255,1529,254,-1,254,1529,1437,-1,254,1437,253,-1,253,1437,1866,-1,2164,1863,1869,-1,1869,1863,1862,-1,1869,1862,1868,-1,1868,1862,1441,-1,1868,1441,251,-1,251,1441,1442,-1,251,1442,258,-1,258,1442,1527,-1,258,1527,256,-1,1869,1867,2164,-1,2164,1867,2165,-1,1873,2161,1872,-1,1872,2161,1875,-1,1872,1875,1440,-1,1440,1875,1874,-1,1440,1874,1451,-1,246,1523,245,-1,245,1523,1451,-1,245,1451,244,-1,244,1451,1874,-1,2160,1871,1877,-1,1877,1871,1870,-1,1877,1870,1876,-1,1876,1870,1439,-1,1876,1439,242,-1,242,1439,1438,-1,242,1438,249,-1,249,1438,1521,-1,249,1521,247,-1,1877,1875,2160,-1,2160,1875,2161,-1,1881,2163,1880,-1,1880,2163,1883,-1,1880,1883,1444,-1,1444,1883,1882,-1,1444,1882,1445,-1,231,1517,241,-1,241,1517,1445,-1,241,1445,236,-1,236,1445,1882,-1,2162,1879,1885,-1,1885,1879,1878,-1,1885,1878,1884,-1,1884,1878,1449,-1,1884,1449,234,-1,234,1449,1450,-1,234,1450,232,-1,232,1450,1515,-1,232,1515,230,-1,1885,1883,2162,-1,2162,1883,2163,-1,1889,2159,1888,-1,1888,2159,1891,-1,1888,1891,1448,-1,1448,1891,1890,-1,1448,1890,1459,-1,228,1511,237,-1,237,1511,1459,-1,237,1459,238,-1,238,1459,1890,-1,2158,1887,1893,-1,1893,1887,1886,-1,1893,1886,1892,-1,1892,1886,1447,-1,1892,1447,239,-1,239,1447,1446,-1,239,1446,240,-1,240,1446,1509,-1,240,1509,227,-1,1893,1891,2158,-1,2158,1891,2159,-1,1897,2157,1896,-1,1896,2157,1899,-1,1896,1899,1452,-1,1452,1899,1898,-1,1452,1898,1453,-1,222,1505,221,-1,221,1505,1453,-1,221,1453,220,-1,220,1453,1898,-1,2156,1895,1901,-1,1901,1895,1894,-1,1901,1894,1900,-1,1900,1894,1457,-1,1900,1457,218,-1,218,1457,1458,-1,218,1458,225,-1,225,1458,1503,-1,225,1503,223,-1,1901,1899,2156,-1,2156,1899,2157,-1,1905,2155,1904,-1,1904,2155,1907,-1,1904,1907,1456,-1,1456,1907,1906,-1,1456,1906,1467,-1,213,1499,212,-1,212,1499,1467,-1,212,1467,211,-1,211,1467,1906,-1,2154,1903,1909,-1,1909,1903,1902,-1,1909,1902,1908,-1,1908,1902,1455,-1,1908,1455,209,-1,209,1455,1454,-1,209,1454,216,-1,216,1454,1497,-1,216,1497,214,-1,1909,1907,2154,-1,2154,1907,2155,-1,1913,2153,1912,-1,1912,2153,1915,-1,1912,1915,1460,-1,1460,1915,1914,-1,1460,1914,1461,-1,204,1493,203,-1,203,1493,1461,-1,203,1461,202,-1,202,1461,1914,-1,2152,1911,1917,-1,1917,1911,1910,-1,1917,1910,1916,-1,1916,1910,1465,-1,1916,1465,200,-1,200,1465,1466,-1,200,1466,207,-1,207,1466,1491,-1,207,1491,205,-1,1917,1915,2152,-1,2152,1915,2153,-1,1921,2148,1920,-1,1920,2148,1923,-1,1920,1923,1464,-1,1464,1923,1922,-1,1464,1922,1473,-1,195,1487,194,-1,194,1487,1473,-1,194,1473,193,-1,193,1473,1922,-1,2147,1919,1925,-1,1925,1919,1918,-1,1925,1918,1924,-1,1924,1918,1463,-1,1924,1463,191,-1,191,1463,1462,-1,191,1462,198,-1,198,1462,1485,-1,198,1485,196,-1,1925,1923,2147,-1,2147,1923,2148,-1,1929,2150,1928,-1,1928,2150,1931,-1,1928,1931,1470,-1,1470,1931,1930,-1,1470,1930,1468,-1,189,1476,171,-1,171,1476,1468,-1,171,1468,172,-1,172,1468,1930,-1,2151,1927,1933,-1,1933,1927,1926,-1,1933,1926,1932,-1,1932,1926,1471,-1,1932,1471,184,-1,184,1471,1472,-1,184,1472,186,-1,186,1472,1477,-1,186,1477,188,-1,1933,1931,2151,-1,2151,1931,2150,-1,1926,1928,1471,-1,1471,1928,1470,-1,172,1930,184,-1,184,1930,1932,-1,188,1477,189,-1,189,1477,1476,-1,1918,1920,1463,-1,1463,1920,1464,-1,193,1922,191,-1,191,1922,1924,-1,196,1485,195,-1,195,1485,1487,-1,1910,1912,1465,-1,1465,1912,1460,-1,202,1914,200,-1,200,1914,1916,-1,205,1491,204,-1,204,1491,1493,-1,1902,1904,1455,-1,1455,1904,1456,-1,211,1906,209,-1,209,1906,1908,-1,214,1497,213,-1,213,1497,1499,-1,1894,1896,1457,-1,1457,1896,1452,-1,220,1898,218,-1,218,1898,1900,-1,223,1503,222,-1,222,1503,1505,-1,1886,1888,1447,-1,1447,1888,1448,-1,238,1890,239,-1,239,1890,1892,-1,227,1509,228,-1,228,1509,1511,-1,1878,1880,1449,-1,1449,1880,1444,-1,236,1882,234,-1,234,1882,1884,-1,230,1515,231,-1,231,1515,1517,-1,1870,1872,1439,-1,1439,1872,1440,-1,244,1874,242,-1,242,1874,1876,-1,247,1521,246,-1,246,1521,1523,-1,1862,1864,1441,-1,1441,1864,1436,-1,253,1866,251,-1,251,1866,1868,-1,256,1527,255,-1,255,1527,1529,-1,1854,1856,1432,-1,1432,1856,1435,-1,262,1858,260,-1,260,1858,1860,-1,265,1533,264,-1,264,1533,1535,-1,1846,1848,1428,-1,1428,1848,1431,-1,273,1850,110,-1,110,1850,1852,-1,270,1474,271,-1,271,1474,1541,-1,1838,1840,1193,-1,1193,1840,1192,-1,906,1842,908,-1,908,1842,1844,-1,905,1198,903,-1,903,1198,1197,-1,1830,1832,1185,-1,1185,1832,1186,-1,914,1834,913,-1,913,1834,1836,-1,911,1206,910,-1,910,1206,1208,-1,1822,1824,1187,-1,1187,1824,1182,-1,893,1826,892,-1,892,1826,1828,-1,899,1212,897,-1,897,1212,1214,-1,1814,1816,1177,-1,1177,1816,1178,-1,884,1818,883,-1,883,1818,1820,-1,890,1218,888,-1,888,1218,1220,-1,1806,1808,1179,-1,1179,1808,1174,-1,875,1810,874,-1,874,1810,1812,-1,881,1224,879,-1,879,1224,1226,-1,1798,1800,1169,-1,1169,1800,1170,-1,866,1802,865,-1,865,1802,1804,-1,872,1230,870,-1,870,1230,1232,-1,1790,1792,1171,-1,1171,1792,1166,-1,857,1794,856,-1,856,1794,1796,-1,863,1236,861,-1,861,1236,1238,-1,1782,1784,1161,-1,1161,1784,1162,-1,848,1786,844,-1,844,1786,1788,-1,841,1242,842,-1,842,1242,1244,-1,1774,1776,1163,-1,1163,1776,1158,-1,854,1778,853,-1,853,1778,1780,-1,851,1248,850,-1,850,1248,1250,-1,1766,1768,1153,-1,1153,1768,1154,-1,277,1770,275,-1,275,1770,1772,-1,283,1254,281,-1,281,1254,1256,-1,1758,1760,1155,-1,1155,1760,1150,-1,289,1762,287,-1,287,1762,1764,-1,292,1260,291,-1,291,1260,1262,-1,1750,1752,1145,-1,1145,1752,1146,-1,298,1754,296,-1,296,1754,1756,-1,301,1266,300,-1,300,1266,1268,-1,1742,1744,1147,-1,1147,1744,1142,-1,307,1746,305,-1,305,1746,1748,-1,310,1272,309,-1,309,1272,1274,-1,1734,1736,1137,-1,1137,1736,1138,-1,317,1738,318,-1,318,1738,1740,-1,314,1278,315,-1,315,1278,1280,-1,1726,1728,1139,-1,1139,1728,1134,-1,719,1730,325,-1,325,1730,1732,-1,321,1284,319,-1,319,1284,1286,-1,1718,1720,1129,-1,1129,1720,1130,-1,326,1722,328,-1,328,1722,1724,-1,331,1290,322,-1,322,1290,1292,-1,1710,1712,1131,-1,1131,1712,1126,-1,334,1714,332,-1,332,1714,1716,-1,337,1296,336,-1,336,1296,1298,-1,1702,1704,1117,-1,1117,1704,1118,-1,343,1706,341,-1,341,1706,1708,-1,346,1302,345,-1,345,1302,1304,-1,1694,1696,1123,-1,1123,1696,1114,-1,352,1698,350,-1,350,1698,1700,-1,355,1308,354,-1,354,1308,1310,-1,1686,1688,1121,-1,1121,1688,1122,-1,361,1690,359,-1,359,1690,1692,-1,364,1314,363,-1,363,1314,1316,-1,1678,1680,1109,-1,1109,1680,1110,-1,379,1682,380,-1,380,1682,1684,-1,368,1320,369,-1,369,1320,1322,-1,1670,1672,1111,-1,1111,1672,1103,-1,377,1674,375,-1,375,1674,1676,-1,371,1326,372,-1,372,1326,1328,-1,1662,1664,1101,-1,1101,1664,1102,-1,385,1666,383,-1,383,1666,1668,-1,388,1332,387,-1,387,1332,1334,-1,1654,1656,1106,-1,1106,1656,1095,-1,394,1658,392,-1,392,1658,1660,-1,397,1338,396,-1,396,1338,1340,-1,1646,1648,1093,-1,1093,1648,1094,-1,403,1650,401,-1,401,1650,1652,-1,406,1344,405,-1,405,1344,1346,-1,1638,1640,1098,-1,1098,1640,1085,-1,412,1642,410,-1,410,1642,1644,-1,415,1350,414,-1,414,1350,1352,-1,1630,1632,1088,-1,1088,1632,1089,-1,430,1634,431,-1,431,1634,1636,-1,419,1356,420,-1,420,1356,1358,-1,1622,1624,1090,-1,1090,1624,1071,-1,428,1626,426,-1,426,1626,1628,-1,422,1362,423,-1,423,1362,1364,-1,1614,1616,1083,-1,1083,1616,1084,-1,436,1618,434,-1,434,1618,1620,-1,439,1368,438,-1,438,1368,1370,-1,1606,1608,1065,-1,1065,1608,1066,-1,445,1610,443,-1,443,1610,1612,-1,448,1374,447,-1,447,1374,1376,-1,1598,1600,1080,-1,1080,1600,1059,-1,454,1602,452,-1,452,1602,1604,-1,457,1380,456,-1,456,1380,1382,-1,1590,1592,1076,-1,1076,1592,1077,-1,463,1594,461,-1,461,1594,1596,-1,466,1386,465,-1,465,1386,1388,-1,1582,1584,1069,-1,1069,1584,1070,-1,481,1586,482,-1,482,1586,1588,-1,470,1392,471,-1,471,1392,1394,-1,1574,1576,1057,-1,1057,1576,1058,-1,479,1578,477,-1,477,1578,1580,-1,473,1398,474,-1,474,1398,1400,-1,1566,1568,1062,-1,1062,1568,1047,-1,487,1570,485,-1,485,1570,1572,-1,490,1404,489,-1,489,1404,1406,-1,1558,1560,1055,-1,1055,1560,1056,-1,496,1562,494,-1,494,1562,1564,-1,499,1410,498,-1,498,1410,1412,-1,1550,1552,1046,-1,1046,1552,1052,-1,505,1554,503,-1,503,1554,1556,-1,508,1419,507,-1,507,1419,1418,-1,1542,1544,1050,-1,1050,1544,1045,-1,513,1546,512,-1,512,1546,1548,-1,516,1425,515,-1,515,1425,1420,-1,180,3001,178,-1,178,3001,3002,-1,178,3002,176,-1,3003,3001,182,-1,182,3001,180,-1,174,3004,173,-1,173,3004,3003,-1,173,3003,182,-1,3002,3004,176,-1,176,3004,174,-1,3003,3004,3001,-1,3001,3004,3002,-1,3005,3006,523,-1,523,3006,529,-1,3007,3005,522,-1,522,3005,523,-1,3008,3007,527,-1,527,3007,522,-1,3006,3008,529,-1,529,3008,527,-1,3007,3008,3005,-1,3005,3008,3006,-1,1037,3009,145,-1,145,3009,147,-1,3010,1036,153,-1,153,1036,151,-1,3009,3010,147,-1,147,3010,153,-1,1036,3010,1037,-1,1037,3010,3009,-1,119,3011,117,-1,117,3011,1038,-1,117,1038,113,-1,121,3012,119,-1,119,3012,3011,-1,125,1039,123,-1,123,1039,3012,-1,123,3012,121,-1,3012,1039,3011,-1,3011,1039,1038,-1,1031,3013,1032,-1,1032,3013,3014,-1,1032,3014,1025,-1,1025,3014,3015,-1,1025,3015,1026,-1,163,165,1030,-1,3013,1031,3016,-1,3016,3017,3013,-1,3013,3017,3018,-1,3013,3018,3014,-1,3014,3018,3019,-1,3014,3019,3015,-1,133,136,1026,-1,1033,1027,3020,-1,3020,3021,1033,-1,1033,3021,3022,-1,1033,3022,1034,-1,1034,3022,3023,-1,1034,3023,1035,-1,3015,3019,1026,-1,1026,3019,3024,-1,1026,3024,133,-1,133,3024,3025,-1,133,3025,134,-1,134,3025,3026,-1,134,3026,137,-1,137,3026,3027,-1,137,3027,138,-1,138,3027,3028,-1,138,3028,140,-1,140,3028,3029,-1,140,3029,141,-1,141,3029,3030,-1,141,3030,132,-1,132,3030,3031,-1,132,3031,131,-1,131,3031,3020,-1,131,3020,130,-1,130,3020,1027,-1,130,1027,129,-1,1035,3023,1030,-1,1030,3023,3032,-1,1030,3032,163,-1,163,3032,3033,-1,163,3033,164,-1,164,3033,3034,-1,164,3034,166,-1,166,3034,3035,-1,166,3035,167,-1,167,3035,3036,-1,167,3036,169,-1,169,3036,3037,-1,169,3037,170,-1,170,3037,3038,-1,170,3038,162,-1,162,3038,3039,-1,162,3039,161,-1,161,3039,3016,-1,161,3016,160,-1,160,3016,1031,-1,160,1031,159,-1,3040,3041,3042,-1,3042,3041,3043,-1,3042,3043,3044,-1,3045,3046,3042,-1,3042,3046,3047,-1,3042,3047,3040,-1,3048,3049,3042,-1,3042,3049,3050,-1,3042,3050,3045,-1,3051,3052,3042,-1,3042,3052,3053,-1,3042,3053,3048,-1,3054,3055,3042,-1,3042,3055,3056,-1,3042,3056,3051,-1,3057,3058,3042,-1,3042,3058,3059,-1,3042,3059,3054,-1,3060,3061,3042,-1,3042,3061,3062,-1,3042,3062,3057,-1,3044,3063,3042,-1,3042,3063,3064,-1,3042,3064,3060,-1,3036,3055,3037,-1,3037,3055,3054,-1,3037,3054,3038,-1,3038,3054,3059,-1,3038,3059,3039,-1,3039,3059,3058,-1,3039,3058,3016,-1,3016,3058,3057,-1,3016,3057,3017,-1,3017,3057,3062,-1,3017,3062,3018,-1,3018,3062,3061,-1,3018,3061,3019,-1,3019,3061,3060,-1,3019,3060,3024,-1,3024,3060,3064,-1,3024,3064,3025,-1,3025,3064,3063,-1,3025,3063,3026,-1,3026,3063,3044,-1,3026,3044,3027,-1,3027,3044,3043,-1,3027,3043,3028,-1,3028,3043,3041,-1,3028,3041,3029,-1,3029,3041,3040,-1,3029,3040,3030,-1,3030,3040,3047,-1,3030,3047,3031,-1,3031,3047,3046,-1,3031,3046,3020,-1,3020,3046,3045,-1,3020,3045,3021,-1,3021,3045,3050,-1,3021,3050,3022,-1,3022,3050,3049,-1,3022,3049,3023,-1,3023,3049,3048,-1,3023,3048,3032,-1,3032,3048,3053,-1,3032,3053,3033,-1,3033,3053,3052,-1,3033,3052,3034,-1,3034,3052,3051,-1,3034,3051,3035,-1,3035,3051,3056,-1,3035,3056,3036,-1,3036,3056,3055,-1,106,88,108,-1,108,88,90,-1,93,102,94,-1,94,102,100,-1,17,20,91,-1,4,3,107,-1,107,3,11,-1,107,11,91,-1,91,11,14,-1,91,14,17,-1,89,105,91,-1,91,105,107,-1,89,88,105,-1,105,88,106,-1,103,96,101,-1,101,96,97,-1,93,96,102,-1,102,96,103,-1,30,35,918,-1,918,35,87,-1,8,7,86,-1,86,7,918,-1,86,918,64,-1,64,918,87,-1,64,87,65,-1,3065,2695,2701,-1,1962,2149,2701,-1,2701,2149,2039,-1,2701,2039,3065,-1,3065,2039,2037,-1,3065,2037,2277,-1,2695,3065,2693,-1,2693,3065,3066,-1,2693,3066,2694,-1,2694,3066,2696,-1,2696,3066,3067,-1,2696,3067,2697,-1,2697,3067,3068,-1,2697,3068,2699,-1,2699,3068,3069,-1,2699,3069,2698,-1,2698,3069,2692,-1,2698,2692,2691,-1,2688,524,534,-1,2688,534,3070,-1,3070,534,533,-1,3070,533,3071,-1,3071,533,532,-1,3071,532,3072,-1,3072,532,531,-1,3072,531,3073,-1,3073,531,530,-1,3073,530,3074,-1,3074,530,526,-1,3074,526,2692,-1,2692,3069,3075,-1,3076,3077,3078,-1,2277,3079,3080,-1,3078,3077,2277,-1,3081,2277,3077,-1,3081,3077,3082,-1,3082,3077,3076,-1,3082,3076,3083,-1,3065,2277,3081,-1,3084,3085,3086,-1,3086,3085,3080,-1,3086,3080,3087,-1,3087,3080,3079,-1,3087,3079,3088,-1,3065,3081,3066,-1,3066,3081,3082,-1,3066,3082,3067,-1,3067,3082,3083,-1,3067,3083,3068,-1,3089,3084,3090,-1,3090,3084,3086,-1,3090,3086,3091,-1,3091,3086,3087,-1,3091,3087,3092,-1,3092,3087,3088,-1,3092,3088,3093,-1,3094,3089,3095,-1,3095,3089,3090,-1,3095,3090,3096,-1,3096,3090,3091,-1,3096,3091,3097,-1,3097,3091,3092,-1,3097,3092,3098,-1,3098,3092,3093,-1,3098,3093,3099,-1,3069,3094,3075,-1,3075,3094,3095,-1,3075,3095,3100,-1,3100,3095,3096,-1,3100,3096,3101,-1,3101,3096,3097,-1,3101,3097,3102,-1,3102,3097,3098,-1,3102,3098,3103,-1,3103,3098,3099,-1,3103,3099,3104,-1,2692,3075,3074,-1,3074,3075,3100,-1,3074,3100,3073,-1,3073,3100,3101,-1,3073,3101,3072,-1,3072,3101,3102,-1,3072,3102,3071,-1,3071,3102,3103,-1,3071,3103,3070,-1,3070,3103,3104,-1,3070,3104,2688,-1,3085,2277,3080,-1,3069,3068,3094,-1,3094,3068,3083,-1,3094,3083,3089,-1,3089,3083,3076,-1,3089,3076,3084,-1,3084,3076,3078,-1,3084,3078,3085,-1,3085,3078,2277,-1,2652,2651,3105,-1,2647,2686,3106,-1,2647,3106,2649,-1,2649,3106,3107,-1,2649,3107,2650,-1,2650,3107,3108,-1,2650,3108,2648,-1,3105,2651,3108,-1,3108,2651,2646,-1,3108,2646,2648,-1,2144,2143,2654,-1,2540,2539,3109,-1,3109,2539,2270,-1,2652,3105,2653,-1,2653,3105,3109,-1,2653,3109,2654,-1,2654,3109,2270,-1,2654,2270,2144,-1,2687,2688,3104,-1,2277,2276,3079,-1,3079,2276,2286,-1,2286,2291,3079,-1,3079,2291,2296,-1,3079,2296,2301,-1,2301,2306,3079,-1,3079,2306,2315,-1,3079,2315,2318,-1,2318,2321,3079,-1,3079,2321,2322,-1,3079,2322,2327,-1,2327,2333,3079,-1,3079,2333,2342,-1,3079,2342,2347,-1,2347,2352,3079,-1,3079,2352,2357,-1,3079,2357,2362,-1,2362,2371,3079,-1,3079,2371,2376,-1,3079,2376,2381,-1,2687,3104,3110,-1,3110,3104,3099,-1,3110,3099,3111,-1,3111,3099,3093,-1,3111,3093,3112,-1,3112,3093,3088,-1,3112,3088,3113,-1,3113,3088,3079,-1,3113,3079,3114,-1,3114,3079,2381,-1,3114,2381,2386,-1,2386,2391,3114,-1,3114,2391,2404,-1,3114,2404,2409,-1,2409,2414,3114,-1,3114,2414,2419,-1,3114,2419,2424,-1,2424,2433,3114,-1,3114,2433,2438,-1,3114,2438,2443,-1,2443,2448,3114,-1,3114,2448,2453,-1,3114,2453,2462,-1,2462,2467,3114,-1,3114,2467,2472,-1,3114,2472,2477,-1,2477,2482,3114,-1,3114,2482,2491,-1,3114,2491,2496,-1,2496,2501,3114,-1,3114,2501,2506,-1,3114,2506,2540,-1,2687,3110,3115,-1,3116,3117,3118,-1,2540,3109,3119,-1,3118,3117,2540,-1,3120,2540,3117,-1,3120,3117,3121,-1,3121,3117,3116,-1,3121,3116,3122,-1,3114,2540,3120,-1,3123,3124,3125,-1,3125,3124,3119,-1,3125,3119,3126,-1,3126,3119,3109,-1,3126,3109,3105,-1,3114,3120,3113,-1,3113,3120,3121,-1,3113,3121,3112,-1,3112,3121,3122,-1,3112,3122,3111,-1,3127,3123,3128,-1,3128,3123,3125,-1,3128,3125,3129,-1,3129,3125,3126,-1,3129,3126,3130,-1,3130,3126,3105,-1,3130,3105,3108,-1,3131,3127,3132,-1,3132,3127,3128,-1,3132,3128,3133,-1,3133,3128,3129,-1,3133,3129,3134,-1,3134,3129,3130,-1,3134,3130,3135,-1,3135,3130,3108,-1,3135,3108,3107,-1,3110,3131,3115,-1,3115,3131,3132,-1,3115,3132,3136,-1,3136,3132,3133,-1,3136,3133,3137,-1,3137,3133,3134,-1,3137,3134,3138,-1,3138,3134,3135,-1,3138,3135,3139,-1,3139,3135,3107,-1,3139,3107,3106,-1,2687,3115,3140,-1,3140,3115,3136,-1,3140,3136,3141,-1,3141,3136,3137,-1,3141,3137,3142,-1,3142,3137,3138,-1,3142,3138,3143,-1,3143,3138,3139,-1,3143,3139,3144,-1,3144,3139,3106,-1,3144,3106,2686,-1,3124,2540,3119,-1,3110,3111,3131,-1,3131,3111,3122,-1,3131,3122,3127,-1,3127,3122,3116,-1,3127,3116,3123,-1,3123,3116,3118,-1,3123,3118,3124,-1,3124,3118,2540,-1,2686,146,148,-1,2686,148,3144,-1,3144,148,149,-1,3144,149,3143,-1,3143,149,158,-1,3143,158,3142,-1,3142,158,157,-1,3142,157,3141,-1,3141,157,156,-1,3141,156,3140,-1,3140,156,155,-1,3140,155,2687,-1,
        ]
    }
}
Shape{
    appearance Appearance {
        material  Material 	{
            diffuseColor 0.6666666666666666 0.6666666666666666 0.6666666666666666
            specularColor 0.4666666666666667 0.4666666666666667 0.4666666666666667
            ambientIntensity 0.6667
            transparency 0.0
            shininess 0.5
        }
    }
    geometry IndexedFaceSet {
        ccw TRUE
        solid FALSE
        coord DEF co Coordinate {
            point [
                9.5177 1.2106 -1.1517, 9.5177 1.2106 -0.0394, 9.3799 1.2106 -1.1517, 9.3799 1.2106 -0.0394, 9.4193 1.25 -1.2598, 9.4193 1.3091 -1.2598, 9.4783 1.25 -1.2598, 9.4783 1.3091 -1.2598, 9.3799 1.3484 -1.1517, 9.3799 1.3484 -0.0394, 9.5177 1.3484 -1.1517, 9.5177 1.3484 -0.0394, 9.3799 1.3388 0.0335, 9.5177 1.3388 0.0335, 9.3799 1.3107 0.1014, 9.5177 1.3107 0.1014, 9.3799 1.266 0.1597, 9.5177 1.266 0.1597, 9.3799 1.2077 0.2044, 9.5177 1.2077 0.2044, 9.3799 1.1398 0.2325, 9.5177 1.1398 0.2325, 9.3799 1.0669 0.2421, 9.5177 1.0669 0.2421, 9.5177 1.0338 0.2465, 9.3799 1.0338 0.2465, 9.5177 1.003 0.2593, 9.3799 1.003 0.2593, 9.5177 0.9765 0.2796, 9.3799 0.9765 0.2796, 9.5177 0.9561 0.3061, 9.3799 0.9561 0.3061, 9.5177 0.9433 0.337, 9.3799 0.9433 0.337, 9.5177 0.939 0.3701, 9.3799 0.939 0.3701, 9.5177 0.939 1.2488, 9.3799 0.939 1.2488, 9.3799 0.9319 1.3292, 9.5177 0.9319 1.3292, 9.3799 0.9111 1.4071, 9.5177 0.9111 1.4071, 9.3799 0.877 1.4801, 9.5177 0.877 1.4801, 9.5177 0.2994 2.4805, 9.3799 0.2994 2.4805, 9.5177 0.2755 2.5319, 9.3799 0.2755 2.5319, 9.5177 0.2608 2.5865, 9.3799 0.2608 2.5865, 9.5177 0.2559 2.6429, 9.3799 0.2559 2.6429, 9.5177 0.2559 2.9248, 9.3799 0.2559 2.9248, 9.5177 0.2634 2.9942, 9.3799 0.2634 2.9942, 9.5177 0.2856 3.0605, 9.3799 0.2856 3.0605, 9.5177 0.3214 3.1204, 9.3799 0.3214 3.1204, 9.5177 0.3693 3.1713, 9.3799 0.3693 3.1713, 9.5177 0.6709 3.4301, 9.3799 0.6709 3.4301, 9.3799 0.6927 3.4532, 9.5177 0.6927 3.4532, 9.3799 0.7089 3.4805, 9.5177 0.7089 3.4805, 9.3799 0.719 3.5106, 9.5177 0.719 3.5106, 9.3799 0.7224 3.5421, 9.5177 0.7224 3.5421, 9.5177 0.7224 4.1732, 9.3799 0.7224 4.1732, 9.5177 0.5846 4.1732, 9.3799 0.5846 4.1732, 9.5177 0.5846 3.5421, 9.3799 0.5846 3.5421, 9.5177 0.5844 3.54, 9.3799 0.5844 3.54, 9.5177 0.5837 3.538, 9.3799 0.5837 3.538, 9.5177 0.5827 3.5362, 9.3799 0.5827 3.5362, 9.5177 0.5812 3.5347, 9.3799 0.5812 3.5347, 9.5177 0.2795 3.2759, 9.3799 0.2795 3.2759, 9.3799 0.2114 3.2034, 9.5177 0.2114 3.2034, 9.3799 0.1604 3.118, 9.5177 0.1604 3.118, 9.3799 0.1288 3.0237, 9.5177 0.1288 3.0237, 9.3799 0.1181 2.9248, 9.5177 0.1181 2.9248, 9.5177 0.1181 2.6429, 9.3799 0.1181 2.6429, 9.3799 0.1251 2.5626, 9.5177 0.1251 2.5626, 9.3799 0.146 2.4847, 9.5177 0.146 2.4847, 9.3799 0.1801 2.4116, 9.5177 0.1801 2.4116, 9.5177 0.7577 1.4112, 9.3799 0.7577 1.4112, 9.5177 0.7816 1.3599, 9.3799 0.7816 1.3599, 9.5177 0.7962 1.3052, 9.3799 0.7962 1.3052, 9.5177 0.8012 1.2488, 9.3799 0.8012 1.2488, 9.5177 0.8012 0.3701, 9.3799 0.8012 0.3701, 9.3799 0.8102 0.3013, 9.5177 0.8102 0.3013, 9.3799 0.8368 0.2372, 9.5177 0.8368 0.2372, 9.3799 0.879 0.1822, 9.5177 0.879 0.1822, 9.3799 0.9341 0.1399, 9.5177 0.9341 0.1399, 9.3799 0.9981 0.1134, 9.5177 0.9981 0.1134, 9.3799 1.0669 0.1043, 9.5177 1.0669 0.1043, 9.5177 1.1041 0.0994, 9.3799 1.1041 0.0994, 9.5177 1.1388 0.0851, 9.3799 1.1388 0.0851, 9.5177 1.1685 0.0622, 9.3799 1.1685 0.0622, 9.5177 1.1914 0.0325, 9.3799 1.1914 0.0325, 9.5177 1.2057 -0.0022, 9.3799 1.2057 -0.0022, 9.9114 0.3917 -1.1517, 9.9114 0.3917 -0.0394, 9.7736 0.3917 -1.1517, 9.7736 0.3917 -0.0394, 9.813 0.4311 -1.2598, 9.813 0.4902 -1.2598, 9.872 0.4311 -1.2598, 9.872 0.4902 -1.2598, 9.7736 0.5295 -1.1517, 9.7736 0.5295 -0.0394, 9.9114 0.5295 -1.1517, 9.9114 0.5295 -0.0394, 9.9114 0.5344 -0.0022, 9.7736 0.5344 -0.0022, 9.9114 0.5488 0.0325, 9.7736 0.5488 0.0325, 9.9114 0.5716 0.0622, 9.7736 0.5716 0.0622, 9.9114 0.6014 0.0851, 9.7736 0.6014 0.0851, 9.9114 0.636 0.0994, 9.7736 0.636 0.0994, 9.9114 0.6732 0.1043, 9.7736 0.6732 0.1043, 9.7736 0.742 0.1134, 9.9114 0.742 0.1134, 9.7736 0.8061 0.1399, 9.9114 0.8061 0.1399, 9.7736 0.8611 0.1822, 9.9114 0.8611 0.1822, 9.7736 0.9034 0.2372, 9.9114 0.9034 0.2372, 9.7736 0.9299 0.3013, 9.9114 0.9299 0.3013, 9.7736 0.939 0.3701, 9.9114 0.939 0.3701, 9.9114 0.939 1.2488, 9.7736 0.939 1.2488, 9.7736 0.9319 1.3292, 9.9114 0.9319 1.3292, 9.7736 0.9111 1.4071, 9.9114 0.9111 1.4071, 9.7736 0.877 1.4801, 9.9114 0.877 1.4801, 9.9114 0.2994 2.4805, 9.7736 0.2994 2.4805, 9.9114 0.267 2.5589, 9.7736 0.267 2.5589, 9.9114 0.2559 2.6429, 9.7736 0.2559 2.6429, 9.9114 0.2559 2.9248, 9.7736 0.2559 2.9248, 9.9114 0.2634 2.9942, 9.7736 0.2634 2.9942, 9.9114 0.2856 3.0605, 9.7736 0.2856 3.0605, 9.9114 0.3214 3.1204, 9.7736 0.3214 3.1204, 9.9114 0.3693 3.1713, 9.7736 0.3693 3.1713, 9.9114 0.6709 3.4301, 9.7736 0.6709 3.4301, 9.7736 0.6927 3.4532, 9.9114 0.6927 3.4532, 9.7736 0.7089 3.4805, 9.9114 0.7089 3.4805, 9.7736 0.719 3.5106, 9.9114 0.719 3.5106, 9.7736 0.7224 3.5421, 9.9114 0.7224 3.5421, 9.9114 0.7224 4.1732, 9.7736 0.7224 4.1732, 9.9114 0.5846 4.1732, 9.7736 0.5846 4.1732, 9.9114 0.5846 3.5421, 9.7736 0.5846 3.5421, 9.9114 0.5844 3.54, 9.7736 0.5844 3.54, 9.9114 0.5837 3.538, 9.7736 0.5837 3.538, 9.9114 0.5827 3.5362, 9.7736 0.5827 3.5362, 9.9114 0.5812 3.5347, 9.7736 0.5812 3.5347, 9.9114 0.2795 3.2759, 9.7736 0.2795 3.2759, 9.7736 0.2114 3.2034, 9.9114 0.2114 3.2034, 9.7736 0.1604 3.118, 9.9114 0.1604 3.118, 9.7736 0.1288 3.0237, 9.9114 0.1288 3.0237, 9.7736 0.1181 2.9248, 9.9114 0.1181 2.9248, 9.9114 0.1181 2.6429, 9.7736 0.1181 2.6429, 9.7736 0.1251 2.5626, 9.9114 0.1251 2.5626, 9.7736 0.146 2.4847, 9.9114 0.146 2.4847, 9.7736 0.1801 2.4116, 9.9114 0.1801 2.4116, 9.9114 0.7577 1.4112, 9.7736 0.7577 1.4112, 9.9114 0.7816 1.3599, 9.7736 0.7816 1.3599, 9.9114 0.7962 1.3052, 9.7736 0.7962 1.3052, 9.9114 0.8012 1.2488, 9.7736 0.8012 1.2488, 9.9114 0.8012 0.3701, 9.7736 0.8012 0.3701, 9.9114 0.7968 0.337, 9.7736 0.7968 0.337, 9.9114 0.784 0.3061, 9.7736 0.784 0.3061, 9.9114 0.7637 0.2796, 9.7736 0.7637 0.2796, 9.9114 0.7372 0.2593, 9.7736 0.7372 0.2593, 9.9114 0.7063 0.2465, 9.7736 0.7063 0.2465, 9.9114 0.6732 0.2421, 9.7736 0.6732 0.2421, 9.7736 0.6004 0.2325, 9.9114 0.6004 0.2325, 9.7736 0.5325 0.2044, 9.9114 0.5325 0.2044, 9.7736 0.4742 0.1597, 9.9114 0.4742 0.1597, 9.7736 0.4294 0.1014, 9.9114 0.4294 0.1014, 9.7736 0.4013 0.0335, 9.9114 0.4013 0.0335, 9.5177 -1.2106 -0.0394, 9.5177 -1.2106 -1.1517, 9.3799 -1.2106 -0.0394, 9.3799 -1.2106 -1.1517, 9.4193 -1.3091 -1.2598, 9.4193 -1.25 -1.2598, 9.4783 -1.3091 -1.2598, 9.4783 -1.25 -1.2598, 9.3799 -1.3484 -0.0394, 9.3799 -1.3484 -1.1517, 9.5177 -1.3484 -0.0394, 9.5177 -1.3484 -1.1517, 9.5177 -1.0669 0.2421, 9.3799 -1.0669 0.2421, 9.3799 -1.1398 0.2325, 9.5177 -1.1398 0.2325, 9.3799 -1.2077 0.2044, 9.5177 -1.2077 0.2044, 9.3799 -1.266 0.1597, 9.5177 -1.266 0.1597, 9.3799 -1.3107 0.1014, 9.5177 -1.3107 0.1014, 9.3799 -1.3388 0.0335, 9.5177 -1.3388 0.0335, 9.5177 -0.939 0.3701, 9.3799 -0.939 0.3701, 9.5177 -0.9433 0.337, 9.3799 -0.9433 0.337, 9.5177 -0.9561 0.3061, 9.3799 -0.9561 0.3061, 9.5177 -0.9765 0.2796, 9.3799 -0.9765 0.2796, 9.5177 -1.003 0.2593, 9.3799 -1.003 0.2593, 9.5177 -1.0338 0.2465, 9.3799 -1.0338 0.2465, 9.5177 -0.939 1.2488, 9.3799 -0.939 1.2488, 9.5177 -0.877 1.4801, 9.3799 -0.877 1.4801, 9.3799 -0.9111 1.4071, 9.5177 -0.9111 1.4071, 9.3799 -0.9319 1.3292, 9.5177 -0.9319 1.3292, 9.5177 -0.2994 2.4805, 9.3799 -0.2994 2.4805, 9.5177 -0.2559 2.6429, 9.3799 -0.2559 2.6429, 9.5177 -0.2608 2.5865, 9.3799 -0.2608 2.5865, 9.5177 -0.2755 2.5319, 9.3799 -0.2755 2.5319, 9.5177 -0.2559 2.9248, 9.3799 -0.2559 2.9248, 9.5177 -0.3693 3.1713, 9.3799 -0.3693 3.1713, 9.5177 -0.3214 3.1204, 9.3799 -0.3214 3.1204, 9.5177 -0.2856 3.0605, 9.3799 -0.2856 3.0605, 9.5177 -0.2634 2.9942, 9.3799 -0.2634 2.9942, 9.5177 -0.6709 3.4301, 9.3799 -0.6709 3.4301, 9.5177 -0.7224 3.5421, 9.3799 -0.7224 3.5421, 9.3799 -0.719 3.5106, 9.5177 -0.719 3.5106, 9.3799 -0.7089 3.4805, 9.5177 -0.7089 3.4805, 9.3799 -0.6927 3.4532, 9.5177 -0.6927 3.4532, 9.5177 -0.7224 4.1732, 9.3799 -0.7224 4.1732, 9.5177 -0.5846 4.1732, 9.3799 -0.5846 4.1732, 9.5177 -0.5846 3.5421, 9.3799 -0.5846 3.5421, 9.5177 -0.5812 3.5347, 9.3799 -0.5812 3.5347, 9.5177 -0.5827 3.5362, 9.3799 -0.5827 3.5362, 9.5177 -0.5837 3.538, 9.3799 -0.5837 3.538, 9.5177 -0.5844 3.54, 9.3799 -0.5844 3.54, 9.5177 -0.2795 3.2759, 9.3799 -0.2795 3.2759, 9.5177 -0.1181 2.9248, 9.3799 -0.1181 2.9248, 9.3799 -0.1288 3.0237, 9.5177 -0.1288 3.0237, 9.3799 -0.1604 3.118, 9.5177 -0.1604 3.118, 9.3799 -0.2114 3.2034, 9.5177 -0.2114 3.2034, 9.5177 -0.1181 2.6429, 9.3799 -0.1181 2.6429, 9.5177 -0.1801 2.4116, 9.3799 -0.1801 2.4116, 9.3799 -0.146 2.4847, 9.5177 -0.146 2.4847, 9.3799 -0.1251 2.5626, 9.5177 -0.1251 2.5626, 9.5177 -0.7577 1.4112, 9.3799 -0.7577 1.4112, 9.5177 -0.8012 1.2488, 9.3799 -0.8012 1.2488, 9.5177 -0.7962 1.3052, 9.3799 -0.7962 1.3052, 9.5177 -0.7816 1.3599, 9.3799 -0.7816 1.3599, 9.5177 -0.8012 0.3701, 9.3799 -0.8012 0.3701, 9.5177 -1.0669 0.1043, 9.3799 -1.0669 0.1043, 9.3799 -0.9981 0.1134, 9.5177 -0.9981 0.1134, 9.3799 -0.9341 0.1399, 9.5177 -0.9341 0.1399, 9.3799 -0.879 0.1822, 9.5177 -0.879 0.1822, 9.3799 -0.8368 0.2372, 9.5177 -0.8368 0.2372, 9.3799 -0.8102 0.3013, 9.5177 -0.8102 0.3013, 9.5177 -1.2057 -0.0022, 9.3799 -1.2057 -0.0022, 9.5177 -1.1914 0.0325, 9.3799 -1.1914 0.0325, 9.5177 -1.1685 0.0622, 9.3799 -1.1685 0.0622, 9.5177 -1.1388 0.0851, 9.3799 -1.1388 0.0851, 9.5177 -1.1041 0.0994, 9.3799 -1.1041 0.0994, 9.9114 -0.3917 -0.0394, 9.9114 -0.3917 -1.1517, 9.7736 -0.3917 -0.0394, 9.7736 -0.3917 -1.1517, 9.813 -0.4902 -1.2598, 9.813 -0.4311 -1.2598, 9.872 -0.4902 -1.2598, 9.872 -0.4311 -1.2598, 9.7736 -0.5295 -0.0394, 9.7736 -0.5295 -1.1517, 9.9114 -0.5295 -0.0394, 9.9114 -0.5295 -1.1517, 9.9114 -0.6732 0.1043, 9.7736 -0.6732 0.1043, 9.9114 -0.636 0.0994, 9.7736 -0.636 0.0994, 9.9114 -0.6014 0.0851, 9.7736 -0.6014 0.0851, 9.9114 -0.5716 0.0622, 9.7736 -0.5716 0.0622, 9.9114 -0.5488 0.0325, 9.7736 -0.5488 0.0325, 9.9114 -0.5344 -0.0022, 9.7736 -0.5344 -0.0022, 9.9114 -0.939 0.3701, 9.7736 -0.939 0.3701, 9.7736 -0.9299 0.3013, 9.9114 -0.9299 0.3013, 9.7736 -0.9034 0.2372, 9.9114 -0.9034 0.2372, 9.7736 -0.8611 0.1822, 9.9114 -0.8611 0.1822, 9.7736 -0.8061 0.1399, 9.9114 -0.8061 0.1399, 9.7736 -0.742 0.1134, 9.9114 -0.742 0.1134, 9.9114 -0.939 1.2488, 9.7736 -0.939 1.2488, 9.9114 -0.877 1.4801, 9.7736 -0.877 1.4801, 9.7736 -0.9111 1.4071, 9.9114 -0.9111 1.4071, 9.7736 -0.9319 1.3292, 9.9114 -0.9319 1.3292, 9.9114 -0.2994 2.4805, 9.7736 -0.2994 2.4805, 9.9114 -0.2559 2.6429, 9.7736 -0.2559 2.6429, 9.9114 -0.267 2.5589, 9.7736 -0.267 2.5589, 9.9114 -0.2559 2.9248, 9.7736 -0.2559 2.9248, 9.9114 -0.3693 3.1713, 9.7736 -0.3693 3.1713, 9.9114 -0.3214 3.1204, 9.7736 -0.3214 3.1204, 9.9114 -0.2856 3.0605, 9.7736 -0.2856 3.0605, 9.9114 -0.2634 2.9942, 9.7736 -0.2634 2.9942, 9.9114 -0.6709 3.4301, 9.7736 -0.6709 3.4301, 9.9114 -0.7224 3.5421, 9.7736 -0.7224 3.5421, 9.7736 -0.719 3.5106, 9.9114 -0.719 3.5106, 9.7736 -0.7089 3.4805, 9.9114 -0.7089 3.4805, 9.7736 -0.6927 3.4532, 9.9114 -0.6927 3.4532, 9.9114 -0.7224 4.1732, 9.7736 -0.7224 4.1732, 9.9114 -0.5846 4.1732, 9.7736 -0.5846 4.1732, 9.9114 -0.5846 3.5421, 9.7736 -0.5846 3.5421, 9.9114 -0.5812 3.5347, 9.7736 -0.5812 3.5347, 9.9114 -0.5827 3.5362, 9.7736 -0.5827 3.5362, 9.9114 -0.5837 3.538, 9.7736 -0.5837 3.538, 9.9114 -0.5844 3.54, 9.7736 -0.5844 3.54, 9.9114 -0.2795 3.2759, 9.7736 -0.2795 3.2759, 9.9114 -0.1181 2.9248, 9.7736 -0.1181 2.9248, 9.7736 -0.1288 3.0237, 9.9114 -0.1288 3.0237, 9.7736 -0.1604 3.118, 9.9114 -0.1604 3.118, 9.7736 -0.2114 3.2034, 9.9114 -0.2114 3.2034, 9.9114 -0.1181 2.6429, 9.7736 -0.1181 2.6429, 9.9114 -0.1801 2.4116, 9.7736 -0.1801 2.4116, 9.7736 -0.146 2.4847, 9.9114 -0.146 2.4847, 9.7736 -0.1251 2.5626, 9.9114 -0.1251 2.5626, 9.9114 -0.7577 1.4112, 9.7736 -0.7577 1.4112, 9.9114 -0.8012 1.2488, 9.7736 -0.8012 1.2488, 9.9114 -0.7962 1.3052, 9.7736 -0.7962 1.3052, 9.9114 -0.7816 1.3599, 9.7736 -0.7816 1.3599, 9.9114 -0.8012 0.3701, 9.7736 -0.8012 0.3701, 9.9114 -0.6732 0.2421, 9.7736 -0.6732 0.2421, 9.9114 -0.7063 0.2465, 9.7736 -0.7063 0.2465, 9.9114 -0.7372 0.2593, 9.7736 -0.7372 0.2593, 9.9114 -0.7637 0.2796, 9.7736 -0.7637 0.2796, 9.9114 -0.784 0.3061, 9.7736 -0.784 0.3061, 9.9114 -0.7968 0.337, 9.7736 -0.7968 0.337, 9.7736 -0.4013 0.0335, 9.9114 -0.4013 0.0335, 9.7736 -0.4294 0.1014, 9.9114 -0.4294 0.1014, 9.7736 -0.4742 0.1597, 9.9114 -0.4742 0.1597, 9.7736 -0.5325 0.2044, 9.9114 -0.5325 0.2044, 9.7736 -0.6004 0.2325, 9.9114 -0.6004 0.2325, 9.124 -0.3917 -0.0394, 9.124 -0.3917 -1.1517, 8.9862 -0.3917 -0.0394, 8.9862 -0.3917 -1.1517, 9.0256 -0.4902 -1.2598, 9.0256 -0.4311 -1.2598, 9.0846 -0.4902 -1.2598, 9.0846 -0.4311 -1.2598, 8.9862 -0.5295 -0.0394, 8.9862 -0.5295 -1.1517, 9.124 -0.5295 -0.0394, 9.124 -0.5295 -1.1517, 9.124 -0.6732 0.1043, 8.9862 -0.6732 0.1043, 9.124 -0.636 0.0994, 8.9862 -0.636 0.0994, 9.124 -0.6014 0.0851, 8.9862 -0.6014 0.0851, 9.124 -0.5716 0.0622, 8.9862 -0.5716 0.0622, 9.124 -0.5488 0.0325, 8.9862 -0.5488 0.0325, 9.124 -0.5344 -0.0022, 8.9862 -0.5344 -0.0022, 9.124 -0.939 0.3701, 8.9862 -0.939 0.3701, 8.9862 -0.9299 0.3013, 9.124 -0.9299 0.3013, 8.9862 -0.9034 0.2372, 9.124 -0.9034 0.2372, 8.9862 -0.8611 0.1822, 9.124 -0.8611 0.1822, 8.9862 -0.8061 0.1399, 9.124 -0.8061 0.1399, 8.9862 -0.742 0.1134, 9.124 -0.742 0.1134, 9.124 -0.939 1.2488, 8.9862 -0.939 1.2488, 9.124 -0.877 1.4801, 8.9862 -0.877 1.4801, 8.9862 -0.9111 1.4071, 9.124 -0.9111 1.4071, 8.9862 -0.9319 1.3292, 9.124 -0.9319 1.3292, 9.124 -0.2994 2.4805, 8.9862 -0.2994 2.4805, 9.124 -0.2559 2.6429, 8.9862 -0.2559 2.6429, 9.124 -0.267 2.5589, 8.9862 -0.267 2.5589, 9.124 -0.2559 2.9248, 8.9862 -0.2559 2.9248, 9.124 -0.3693 3.1713, 8.9862 -0.3693 3.1713, 9.124 -0.3214 3.1204, 8.9862 -0.3214 3.1204, 9.124 -0.2856 3.0605, 8.9862 -0.2856 3.0605, 9.124 -0.2634 2.9942, 8.9862 -0.2634 2.9942, 9.124 -0.6709 3.4301, 8.9862 -0.6709 3.4301, 9.124 -0.7224 3.5421, 8.9862 -0.7224 3.5421, 8.9862 -0.719 3.5106, 9.124 -0.719 3.5106, 8.9862 -0.7089 3.4805, 9.124 -0.7089 3.4805, 8.9862 -0.6927 3.4532, 9.124 -0.6927 3.4532, 9.124 -0.7224 4.1732, 8.9862 -0.7224 4.1732, 9.124 -0.5846 4.1732, 8.9862 -0.5846 4.1732, 9.124 -0.5846 3.5421, 8.9862 -0.5846 3.5421, 9.124 -0.5812 3.5347, 8.9862 -0.5812 3.5347, 9.124 -0.5827 3.5362, 8.9862 -0.5827 3.5362, 9.124 -0.5837 3.538, 8.9862 -0.5837 3.538, 9.124 -0.5844 3.54, 8.9862 -0.5844 3.54, 9.124 -0.2795 3.2759, 8.9862 -0.2795 3.2759, 9.124 -0.1181 2.9248, 8.9862 -0.1181 2.9248, 8.9862 -0.1288 3.0237, 9.124 -0.1288 3.0237, 8.9862 -0.1604 3.118, 9.124 -0.1604 3.118, 8.9862 -0.2114 3.2034, 9.124 -0.2114 3.2034, 9.124 -0.1181 2.6429, 8.9862 -0.1181 2.6429, 9.124 -0.1801 2.4116, 8.9862 -0.1801 2.4116, 8.9862 -0.146 2.4847, 9.124 -0.146 2.4847, 8.9862 -0.1251 2.5626, 9.124 -0.1251 2.5626, 9.124 -0.7577 1.4112, 8.9862 -0.7577 1.4112, 9.124 -0.8012 1.2488, 8.9862 -0.8012 1.2488, 9.124 -0.7962 1.3052, 8.9862 -0.7962 1.3052, 9.124 -0.7816 1.3599, 8.9862 -0.7816 1.3599, 9.124 -0.8012 0.3701, 8.9862 -0.8012 0.3701, 9.124 -0.6732 0.2421, 8.9862 -0.6732 0.2421, 9.124 -0.7063 0.2465, 8.9862 -0.7063 0.2465, 9.124 -0.7372 0.2593, 8.9862 -0.7372 0.2593, 9.124 -0.7637 0.2796, 8.9862 -0.7637 0.2796, 9.124 -0.784 0.3061, 8.9862 -0.784 0.3061, 9.124 -0.7968 0.337, 8.9862 -0.7968 0.337, 8.9862 -0.4013 0.0335, 9.124 -0.4013 0.0335, 8.9862 -0.4294 0.1014, 9.124 -0.4294 0.1014, 8.9862 -0.4742 0.1597, 9.124 -0.4742 0.1597, 8.9862 -0.5325 0.2044, 9.124 -0.5325 0.2044, 8.9862 -0.6004 0.2325, 9.124 -0.6004 0.2325, 8.3366 -0.3917 -0.0394, 8.3366 -0.3917 -1.1517, 8.1988 -0.3917 -0.0394, 8.1988 -0.3917 -1.1517, 8.2382 -0.4902 -1.2598, 8.2382 -0.4311 -1.2598, 8.2972 -0.4902 -1.2598, 8.2972 -0.4311 -1.2598, 8.1988 -0.5295 -0.0394, 8.1988 -0.5295 -1.1517, 8.3366 -0.5295 -0.0394, 8.3366 -0.5295 -1.1517, 8.3366 -0.6732 0.1043, 8.1988 -0.6732 0.1043, 8.3366 -0.636 0.0994, 8.1988 -0.636 0.0994, 8.3366 -0.6014 0.0851, 8.1988 -0.6014 0.0851, 8.3366 -0.5716 0.0622, 8.1988 -0.5716 0.0622, 8.3366 -0.5488 0.0325, 8.1988 -0.5488 0.0325, 8.3366 -0.5344 -0.0022, 8.1988 -0.5344 -0.0022, 8.3366 -0.939 0.3701, 8.1988 -0.939 0.3701, 8.1988 -0.9299 0.3013, 8.3366 -0.9299 0.3013, 8.1988 -0.9034 0.2372, 8.3366 -0.9034 0.2372, 8.1988 -0.8611 0.1822, 8.3366 -0.8611 0.1822, 8.1988 -0.8061 0.1399, 8.3366 -0.8061 0.1399, 8.1988 -0.742 0.1134, 8.3366 -0.742 0.1134, 8.3366 -0.939 1.2488, 8.1988 -0.939 1.2488, 8.3366 -0.877 1.4801, 8.1988 -0.877 1.4801, 8.1988 -0.9111 1.4071, 8.3366 -0.9111 1.4071, 8.1988 -0.9319 1.3292, 8.3366 -0.9319 1.3292, 8.3366 -0.2994 2.4805, 8.1988 -0.2994 2.4805, 8.3366 -0.2559 2.6429, 8.1988 -0.2559 2.6429, 8.3366 -0.267 2.5589, 8.1988 -0.267 2.5589, 8.3366 -0.2559 2.9248, 8.1988 -0.2559 2.9248, 8.3366 -0.3693 3.1713, 8.1988 -0.3693 3.1713, 8.3366 -0.3214 3.1204, 8.1988 -0.3214 3.1204, 8.3366 -0.2856 3.0605, 8.1988 -0.2856 3.0605, 8.3366 -0.2634 2.9942, 8.1988 -0.2634 2.9942, 8.3366 -0.6709 3.4301, 8.1988 -0.6709 3.4301, 8.3366 -0.7224 3.5421, 8.1988 -0.7224 3.5421, 8.1988 -0.719 3.5106, 8.3366 -0.719 3.5106, 8.1988 -0.7089 3.4805, 8.3366 -0.7089 3.4805, 8.1988 -0.6927 3.4532, 8.3366 -0.6927 3.4532, 8.3366 -0.7224 4.1732, 8.1988 -0.7224 4.1732, 8.3366 -0.5846 4.1732, 8.1988 -0.5846 4.1732, 8.3366 -0.5846 3.5421, 8.1988 -0.5846 3.5421, 8.3366 -0.5812 3.5347, 8.1988 -0.5812 3.5347, 8.3366 -0.5827 3.5362, 8.1988 -0.5827 3.5362, 8.3366 -0.5837 3.538, 8.1988 -0.5837 3.538, 8.3366 -0.5844 3.54, 8.1988 -0.5844 3.54, 8.3366 -0.2795 3.2759, 8.1988 -0.2795 3.2759, 8.3366 -0.1181 2.9248, 8.1988 -0.1181 2.9248, 8.1988 -0.1288 3.0237, 8.3366 -0.1288 3.0237, 8.1988 -0.1604 3.118, 8.3366 -0.1604 3.118, 8.1988 -0.2114 3.2034, 8.3366 -0.2114 3.2034, 8.3366 -0.1181 2.6429, 8.1988 -0.1181 2.6429, 8.3366 -0.1801 2.4116, 8.1988 -0.1801 2.4116, 8.1988 -0.146 2.4847, 8.3366 -0.146 2.4847, 8.1988 -0.1251 2.5626, 8.3366 -0.1251 2.5626, 8.3366 -0.7577 1.4112, 8.1988 -0.7577 1.4112, 8.3366 -0.8012 1.2488, 8.1988 -0.8012 1.2488, 8.3366 -0.7962 1.3052, 8.1988 -0.7962 1.3052, 8.3366 -0.7816 1.3599, 8.1988 -0.7816 1.3599, 8.3366 -0.8012 0.3701, 8.1988 -0.8012 0.3701, 8.3366 -0.6732 0.2421, 8.1988 -0.6732 0.2421, 8.3366 -0.7063 0.2465, 8.1988 -0.7063 0.2465, 8.3366 -0.7372 0.2593, 8.1988 -0.7372 0.2593, 8.3366 -0.7637 0.2796, 8.1988 -0.7637 0.2796, 8.3366 -0.784 0.3061, 8.1988 -0.784 0.3061, 8.3366 -0.7968 0.337, 8.1988 -0.7968 0.337, 8.1988 -0.4013 0.0335, 8.3366 -0.4013 0.0335, 8.1988 -0.4294 0.1014, 8.3366 -0.4294 0.1014, 8.1988 -0.4742 0.1597, 8.3366 -0.4742 0.1597, 8.1988 -0.5325 0.2044, 8.3366 -0.5325 0.2044, 8.1988 -0.6004 0.2325, 8.3366 -0.6004 0.2325, 7.5492 -0.3917 -0.0394, 7.5492 -0.3917 -1.1517, 7.4114 -0.3917 -0.0394, 7.4114 -0.3917 -1.1517, 7.4508 -0.4902 -1.2598, 7.4508 -0.4311 -1.2598, 7.5098 -0.4902 -1.2598, 7.5098 -0.4311 -1.2598, 7.4114 -0.5295 -0.0394, 7.4114 -0.5295 -1.1517, 7.5492 -0.5295 -0.0394, 7.5492 -0.5295 -1.1517, 7.5492 -0.6732 0.1043, 7.4114 -0.6732 0.1043, 7.5492 -0.636 0.0994, 7.4114 -0.636 0.0994, 7.5492 -0.6014 0.0851, 7.4114 -0.6014 0.0851, 7.5492 -0.5716 0.0622, 7.4114 -0.5716 0.0622, 7.5492 -0.5488 0.0325, 7.4114 -0.5488 0.0325, 7.5492 -0.5344 -0.0022, 7.4114 -0.5344 -0.0022, 7.5492 -0.939 0.3701, 7.4114 -0.939 0.3701, 7.4114 -0.9299 0.3013, 7.5492 -0.9299 0.3013, 7.4114 -0.9034 0.2372, 7.5492 -0.9034 0.2372, 7.4114 -0.8611 0.1822, 7.5492 -0.8611 0.1822, 7.4114 -0.8061 0.1399, 7.5492 -0.8061 0.1399, 7.4114 -0.742 0.1134, 7.5492 -0.742 0.1134, 7.5492 -0.939 1.2488, 7.4114 -0.939 1.2488, 7.5492 -0.877 1.4801, 7.4114 -0.877 1.4801, 7.4114 -0.9111 1.4071, 7.5492 -0.9111 1.4071, 7.4114 -0.9319 1.3292, 7.5492 -0.9319 1.3292, 7.5492 -0.2994 2.4805, 7.4114 -0.2994 2.4805, 7.5492 -0.2559 2.6429, 7.4114 -0.2559 2.6429, 7.5492 -0.267 2.5589, 7.4114 -0.267 2.5589, 7.5492 -0.2559 2.9248, 7.4114 -0.2559 2.9248, 7.5492 -0.3693 3.1713, 7.4114 -0.3693 3.1713, 7.5492 -0.3214 3.1204, 7.4114 -0.3214 3.1204, 7.5492 -0.2856 3.0605, 7.4114 -0.2856 3.0605, 7.5492 -0.2634 2.9942, 7.4114 -0.2634 2.9942, 7.5492 -0.6709 3.4301, 7.4114 -0.6709 3.4301, 7.5492 -0.7224 3.5421, 7.4114 -0.7224 3.5421, 7.4114 -0.719 3.5106, 7.5492 -0.719 3.5106, 7.4114 -0.7089 3.4805, 7.5492 -0.7089 3.4805, 7.4114 -0.6927 3.4532, 7.5492 -0.6927 3.4532, 7.5492 -0.7224 4.1732, 7.4114 -0.7224 4.1732, 7.5492 -0.5846 4.1732, 7.4114 -0.5846 4.1732, 7.5492 -0.5846 3.5421, 7.4114 -0.5846 3.5421, 7.5492 -0.5812 3.5347, 7.4114 -0.5812 3.5347, 7.5492 -0.5827 3.5362, 7.4114 -0.5827 3.5362, 7.5492 -0.5837 3.538, 7.4114 -0.5837 3.538, 7.5492 -0.5844 3.54, 7.4114 -0.5844 3.54, 7.5492 -0.2795 3.2759, 7.4114 -0.2795 3.2759, 7.5492 -0.1181 2.9248, 7.4114 -0.1181 2.9248, 7.4114 -0.1288 3.0237, 7.5492 -0.1288 3.0237, 7.4114 -0.1604 3.118, 7.5492 -0.1604 3.118, 7.4114 -0.2114 3.2034, 7.5492 -0.2114 3.2034, 7.5492 -0.1181 2.6429, 7.4114 -0.1181 2.6429, 7.5492 -0.1801 2.4116, 7.4114 -0.1801 2.4116, 7.4114 -0.146 2.4847, 7.5492 -0.146 2.4847, 7.4114 -0.1251 2.5626, 7.5492 -0.1251 2.5626, 7.5492 -0.7577 1.4112, 7.4114 -0.7577 1.4112, 7.5492 -0.8012 1.2488, 7.4114 -0.8012 1.2488, 7.5492 -0.7962 1.3052, 7.4114 -0.7962 1.3052, 7.5492 -0.7816 1.3599, 7.4114 -0.7816 1.3599, 7.5492 -0.8012 0.3701, 7.4114 -0.8012 0.3701, 7.5492 -0.6732 0.2421, 7.4114 -0.6732 0.2421, 7.5492 -0.7063 0.2465, 7.4114 -0.7063 0.2465, 7.5492 -0.7372 0.2593, 7.4114 -0.7372 0.2593, 7.5492 -0.7637 0.2796, 7.4114 -0.7637 0.2796, 7.5492 -0.784 0.3061, 7.4114 -0.784 0.3061, 7.5492 -0.7968 0.337, 7.4114 -0.7968 0.337, 7.4114 -0.4013 0.0335, 7.5492 -0.4013 0.0335, 7.4114 -0.4294 0.1014, 7.5492 -0.4294 0.1014, 7.4114 -0.4742 0.1597, 7.5492 -0.4742 0.1597, 7.4114 -0.5325 0.2044, 7.5492 -0.5325 0.2044, 7.4114 -0.6004 0.2325, 7.5492 -0.6004 0.2325, 6.7618 -0.3917 -0.0394, 6.7618 -0.3917 -1.1517, 6.624 -0.3917 -0.0394, 6.624 -0.3917 -1.1517, 6.6634 -0.4902 -1.2598, 6.6634 -0.4311 -1.2598, 6.7224 -0.4902 -1.2598, 6.7224 -0.4311 -1.2598, 6.624 -0.5295 -0.0394, 6.624 -0.5295 -1.1517, 6.7618 -0.5295 -0.0394, 6.7618 -0.5295 -1.1517, 6.7618 -0.6732 0.1043, 6.624 -0.6732 0.1043, 6.7618 -0.636 0.0994, 6.624 -0.636 0.0994, 6.7618 -0.6014 0.0851, 6.624 -0.6014 0.0851, 6.7618 -0.5716 0.0622, 6.624 -0.5716 0.0622, 6.7618 -0.5488 0.0325, 6.624 -0.5488 0.0325, 6.7618 -0.5344 -0.0022, 6.624 -0.5344 -0.0022, 6.7618 -0.939 0.3701, 6.624 -0.939 0.3701, 6.624 -0.9299 0.3013, 6.7618 -0.9299 0.3013, 6.624 -0.9034 0.2372, 6.7618 -0.9034 0.2372, 6.624 -0.8611 0.1822, 6.7618 -0.8611 0.1822, 6.624 -0.8061 0.1399, 6.7618 -0.8061 0.1399, 6.624 -0.742 0.1134, 6.7618 -0.742 0.1134, 6.7618 -0.939 1.2488, 6.624 -0.939 1.2488, 6.7618 -0.877 1.4801, 6.624 -0.877 1.4801, 6.624 -0.9111 1.4071, 6.7618 -0.9111 1.4071, 6.624 -0.9319 1.3292, 6.7618 -0.9319 1.3292, 6.7618 -0.2994 2.4805, 6.624 -0.2994 2.4805, 6.7618 -0.2559 2.6429, 6.624 -0.2559 2.6429, 6.7618 -0.267 2.5589, 6.624 -0.267 2.5589, 6.7618 -0.2559 2.9248, 6.624 -0.2559 2.9248, 6.7618 -0.3693 3.1713, 6.624 -0.3693 3.1713, 6.7618 -0.3214 3.1204, 6.624 -0.3214 3.1204, 6.7618 -0.2856 3.0605, 6.624 -0.2856 3.0605, 6.7618 -0.2634 2.9942, 6.624 -0.2634 2.9942, 6.7618 -0.6709 3.4301, 6.624 -0.6709 3.4301, 6.7618 -0.7224 3.5421, 6.624 -0.7224 3.5421, 6.624 -0.719 3.5106, 6.7618 -0.719 3.5106, 6.624 -0.7089 3.4805, 6.7618 -0.7089 3.4805, 6.624 -0.6927 3.4532, 6.7618 -0.6927 3.4532, 6.7618 -0.7224 4.1732, 6.624 -0.7224 4.1732, 6.7618 -0.5846 4.1732, 6.624 -0.5846 4.1732, 6.7618 -0.5846 3.5421, 6.624 -0.5846 3.5421, 6.7618 -0.5812 3.5347, 6.624 -0.5812 3.5347, 6.7618 -0.5827 3.5362, 6.624 -0.5827 3.5362, 6.7618 -0.5837 3.538, 6.624 -0.5837 3.538, 6.7618 -0.5844 3.54, 6.624 -0.5844 3.54, 6.7618 -0.2795 3.2759, 6.624 -0.2795 3.2759, 6.7618 -0.1181 2.9248, 6.624 -0.1181 2.9248, 6.624 -0.1288 3.0237, 6.7618 -0.1288 3.0237, 6.624 -0.1604 3.118, 6.7618 -0.1604 3.118, 6.624 -0.2114 3.2034, 6.7618 -0.2114 3.2034, 6.7618 -0.1181 2.6429, 6.624 -0.1181 2.6429, 6.7618 -0.1801 2.4116, 6.624 -0.1801 2.4116, 6.624 -0.146 2.4847, 6.7618 -0.146 2.4847, 6.624 -0.1251 2.5626, 6.7618 -0.1251 2.5626, 6.7618 -0.7577 1.4112, 6.624 -0.7577 1.4112, 6.7618 -0.8012 1.2488, 6.624 -0.8012 1.2488, 6.7618 -0.7962 1.3052, 6.624 -0.7962 1.3052, 6.7618 -0.7816 1.3599, 6.624 -0.7816 1.3599, 6.7618 -0.8012 0.3701, 6.624 -0.8012 0.3701, 6.7618 -0.6732 0.2421, 6.624 -0.6732 0.2421, 6.7618 -0.7063 0.2465, 6.624 -0.7063 0.2465, 6.7618 -0.7372 0.2593, 6.624 -0.7372 0.2593, 6.7618 -0.7637 0.2796, 6.624 -0.7637 0.2796, 6.7618 -0.784 0.3061, 6.624 -0.784 0.3061, 6.7618 -0.7968 0.337, 6.624 -0.7968 0.337, 6.624 -0.4013 0.0335, 6.7618 -0.4013 0.0335, 6.624 -0.4294 0.1014, 6.7618 -0.4294 0.1014, 6.624 -0.4742 0.1597, 6.7618 -0.4742 0.1597, 6.624 -0.5325 0.2044, 6.7618 -0.5325 0.2044, 6.624 -0.6004 0.2325, 6.7618 -0.6004 0.2325, 5.9744 -0.3917 -0.0394, 5.9744 -0.3917 -1.1517, 5.8366 -0.3917 -0.0394, 5.8366 -0.3917 -1.1517, 5.876 -0.4902 -1.2598, 5.876 -0.4311 -1.2598, 5.935 -0.4902 -1.2598, 5.935 -0.4311 -1.2598, 5.8366 -0.5295 -0.0394, 5.8366 -0.5295 -1.1517, 5.9744 -0.5295 -0.0394, 5.9744 -0.5295 -1.1517, 5.9744 -0.6732 0.1043, 5.8366 -0.6732 0.1043, 5.9744 -0.636 0.0994, 5.8366 -0.636 0.0994, 5.9744 -0.6014 0.0851, 5.8366 -0.6014 0.0851, 5.9744 -0.5716 0.0622, 5.8366 -0.5716 0.0622, 5.9744 -0.5488 0.0325, 5.8366 -0.5488 0.0325, 5.9744 -0.5344 -0.0022, 5.8366 -0.5344 -0.0022, 5.9744 -0.939 0.3701, 5.8366 -0.939 0.3701, 5.8366 -0.9299 0.3013, 5.9744 -0.9299 0.3013, 5.8366 -0.9034 0.2372, 5.9744 -0.9034 0.2372, 5.8366 -0.8611 0.1822, 5.9744 -0.8611 0.1822, 5.8366 -0.8061 0.1399, 5.9744 -0.8061 0.1399, 5.8366 -0.742 0.1134, 5.9744 -0.742 0.1134, 5.9744 -0.939 1.2488, 5.8366 -0.939 1.2488, 5.9744 -0.877 1.4801, 5.8366 -0.877 1.4801, 5.8366 -0.9111 1.4071, 5.9744 -0.9111 1.4071, 5.8366 -0.9319 1.3292, 5.9744 -0.9319 1.3292, 5.9744 -0.2994 2.4805, 5.8366 -0.2994 2.4805, 5.9744 -0.2559 2.6429, 5.8366 -0.2559 2.6429, 5.9744 -0.267 2.5589, 5.8366 -0.267 2.5589, 5.9744 -0.2559 2.9248, 5.8366 -0.2559 2.9248, 5.9744 -0.3693 3.1713, 5.8366 -0.3693 3.1713, 5.9744 -0.3214 3.1204, 5.8366 -0.3214 3.1204, 5.9744 -0.2856 3.0605, 5.8366 -0.2856 3.0605, 5.9744 -0.2634 2.9942, 5.8366 -0.2634 2.9942, 5.9744 -0.6709 3.4301, 5.8366 -0.6709 3.4301, 5.9744 -0.7224 3.5421, 5.8366 -0.7224 3.5421, 5.8366 -0.719 3.5106, 5.9744 -0.719 3.5106, 5.8366 -0.7089 3.4805, 5.9744 -0.7089 3.4805, 5.8366 -0.6927 3.4532, 5.9744 -0.6927 3.4532, 5.9744 -0.7224 4.1732, 5.8366 -0.7224 4.1732, 5.9744 -0.5846 4.1732, 5.8366 -0.5846 4.1732, 5.9744 -0.5846 3.5421, 5.8366 -0.5846 3.5421, 5.9744 -0.5812 3.5347, 5.8366 -0.5812 3.5347, 5.9744 -0.5827 3.5362, 5.8366 -0.5827 3.5362, 5.9744 -0.5837 3.538, 5.8366 -0.5837 3.538, 5.9744 -0.5844 3.54, 5.8366 -0.5844 3.54, 5.9744 -0.2795 3.2759, 5.8366 -0.2795 3.2759, 5.9744 -0.1181 2.9248, 5.8366 -0.1181 2.9248, 5.8366 -0.1288 3.0237, 5.9744 -0.1288 3.0237, 5.8366 -0.1604 3.118, 5.9744 -0.1604 3.118, 5.8366 -0.2114 3.2034, 5.9744 -0.2114 3.2034, 5.9744 -0.1181 2.6429, 5.8366 -0.1181 2.6429, 5.9744 -0.1801 2.4116, 5.8366 -0.1801 2.4116, 5.8366 -0.146 2.4847, 5.9744 -0.146 2.4847, 5.8366 -0.1251 2.5626, 5.9744 -0.1251 2.5626, 5.9744 -0.7577 1.4112, 5.8366 -0.7577 1.4112, 5.9744 -0.8012 1.2488, 5.8366 -0.8012 1.2488, 5.9744 -0.7962 1.3052, 5.8366 -0.7962 1.3052, 5.9744 -0.7816 1.3599, 5.8366 -0.7816 1.3599, 5.9744 -0.8012 0.3701, 5.8366 -0.8012 0.3701, 5.9744 -0.6732 0.2421, 5.8366 -0.6732 0.2421, 5.9744 -0.7063 0.2465, 5.8366 -0.7063 0.2465, 5.9744 -0.7372 0.2593, 5.8366 -0.7372 0.2593, 5.9744 -0.7637 0.2796, 5.8366 -0.7637 0.2796, 5.9744 -0.784 0.3061, 5.8366 -0.784 0.3061, 5.9744 -0.7968 0.337, 5.8366 -0.7968 0.337, 5.8366 -0.4013 0.0335, 5.9744 -0.4013 0.0335, 5.8366 -0.4294 0.1014, 5.9744 -0.4294 0.1014, 5.8366 -0.4742 0.1597, 5.9744 -0.4742 0.1597, 5.8366 -0.5325 0.2044, 5.9744 -0.5325 0.2044, 5.8366 -0.6004 0.2325, 5.9744 -0.6004 0.2325, 5.187 -0.3917 -0.0394, 5.187 -0.3917 -1.1517, 5.0492 -0.3917 -0.0394, 5.0492 -0.3917 -1.1517, 5.0886 -0.4902 -1.2598, 5.0886 -0.4311 -1.2598, 5.1476 -0.4902 -1.2598, 5.1476 -0.4311 -1.2598, 5.0492 -0.5295 -0.0394, 5.0492 -0.5295 -1.1517, 5.187 -0.5295 -0.0394, 5.187 -0.5295 -1.1517, 5.187 -0.6732 0.1043, 5.0492 -0.6732 0.1043, 5.187 -0.636 0.0994, 5.0492 -0.636 0.0994, 5.187 -0.6014 0.0851, 5.0492 -0.6014 0.0851, 5.187 -0.5716 0.0622, 5.0492 -0.5716 0.0622, 5.187 -0.5488 0.0325, 5.0492 -0.5488 0.0325, 5.187 -0.5344 -0.0022, 5.0492 -0.5344 -0.0022, 5.187 -0.939 0.3701, 5.0492 -0.939 0.3701, 5.0492 -0.9299 0.3013, 5.187 -0.9299 0.3013, 5.0492 -0.9034 0.2372, 5.187 -0.9034 0.2372, 5.0492 -0.8611 0.1822, 5.187 -0.8611 0.1822, 5.0492 -0.8061 0.1399, 5.187 -0.8061 0.1399, 5.0492 -0.742 0.1134, 5.187 -0.742 0.1134, 5.187 -0.939 1.2488, 5.0492 -0.939 1.2488, 5.187 -0.877 1.4801, 5.0492 -0.877 1.4801, 5.0492 -0.9111 1.4071, 5.187 -0.9111 1.4071, 5.0492 -0.9319 1.3292, 5.187 -0.9319 1.3292, 5.187 -0.2994 2.4805, 5.0492 -0.2994 2.4805, 5.187 -0.2559 2.6429, 5.0492 -0.2559 2.6429, 5.187 -0.267 2.5589, 5.0492 -0.267 2.5589, 5.187 -0.2559 2.9248, 5.0492 -0.2559 2.9248, 5.187 -0.3693 3.1713, 5.0492 -0.3693 3.1713, 5.187 -0.3214 3.1204, 5.0492 -0.3214 3.1204, 5.187 -0.2856 3.0605, 5.0492 -0.2856 3.0605, 5.187 -0.2634 2.9942, 5.0492 -0.2634 2.9942, 5.187 -0.6709 3.4301, 5.0492 -0.6709 3.4301, 5.187 -0.7224 3.5421, 5.0492 -0.7224 3.5421, 5.0492 -0.719 3.5106, 5.187 -0.719 3.5106, 5.0492 -0.7089 3.4805, 5.187 -0.7089 3.4805, 5.0492 -0.6927 3.4532, 5.187 -0.6927 3.4532, 5.187 -0.7224 4.1732, 5.0492 -0.7224 4.1732, 5.187 -0.5846 4.1732, 5.0492 -0.5846 4.1732, 5.187 -0.5846 3.5421, 5.0492 -0.5846 3.5421, 5.187 -0.5812 3.5347, 5.0492 -0.5812 3.5347, 5.187 -0.5827 3.5362, 5.0492 -0.5827 3.5362, 5.187 -0.5837 3.538, 5.0492 -0.5837 3.538, 5.187 -0.5844 3.54, 5.0492 -0.5844 3.54, 5.187 -0.2795 3.2759, 5.0492 -0.2795 3.2759, 5.187 -0.1181 2.9248, 5.0492 -0.1181 2.9248, 5.0492 -0.1288 3.0237, 5.187 -0.1288 3.0237, 5.0492 -0.1604 3.118, 5.187 -0.1604 3.118, 5.0492 -0.2114 3.2034, 5.187 -0.2114 3.2034, 5.187 -0.1181 2.6429, 5.0492 -0.1181 2.6429, 5.187 -0.1801 2.4116, 5.0492 -0.1801 2.4116, 5.0492 -0.146 2.4847, 5.187 -0.146 2.4847, 5.0492 -0.1251 2.5626, 5.187 -0.1251 2.5626, 5.187 -0.7577 1.4112, 5.0492 -0.7577 1.4112, 5.187 -0.8012 1.2488, 5.0492 -0.8012 1.2488, 5.187 -0.7962 1.3052, 5.0492 -0.7962 1.3052, 5.187 -0.7816 1.3599, 5.0492 -0.7816 1.3599, 5.187 -0.8012 0.3701, 5.0492 -0.8012 0.3701, 5.187 -0.6732 0.2421, 5.0492 -0.6732 0.2421, 5.187 -0.7063 0.2465, 5.0492 -0.7063 0.2465, 5.187 -0.7372 0.2593, 5.0492 -0.7372 0.2593, 5.187 -0.7637 0.2796, 5.0492 -0.7637 0.2796, 5.187 -0.784 0.3061, 5.0492 -0.784 0.3061, 5.187 -0.7968 0.337, 5.0492 -0.7968 0.337, 5.0492 -0.4013 0.0335, 5.187 -0.4013 0.0335, 5.0492 -0.4294 0.1014, 5.187 -0.4294 0.1014, 5.0492 -0.4742 0.1597, 5.187 -0.4742 0.1597, 5.0492 -0.5325 0.2044, 5.187 -0.5325 0.2044, 5.0492 -0.6004 0.2325, 5.187 -0.6004 0.2325, 4.3996 -0.3917 -0.0394, 4.3996 -0.3917 -1.1517, 4.2618 -0.3917 -0.0394, 4.2618 -0.3917 -1.1517, 4.3012 -0.4902 -1.2598, 4.3012 -0.4311 -1.2598, 4.3602 -0.4902 -1.2598, 4.3602 -0.4311 -1.2598, 4.2618 -0.5295 -0.0394, 4.2618 -0.5295 -1.1517, 4.3996 -0.5295 -0.0394, 4.3996 -0.5295 -1.1517, 4.3996 -0.6732 0.1043, 4.2618 -0.6732 0.1043, 4.3996 -0.636 0.0994, 4.2618 -0.636 0.0994, 4.3996 -0.6014 0.0851, 4.2618 -0.6014 0.0851, 4.3996 -0.5716 0.0622, 4.2618 -0.5716 0.0622, 4.3996 -0.5488 0.0325, 4.2618 -0.5488 0.0325, 4.3996 -0.5344 -0.0022, 4.2618 -0.5344 -0.0022, 4.3996 -0.939 0.3701, 4.2618 -0.939 0.3701, 4.2618 -0.9299 0.3013, 4.3996 -0.9299 0.3013, 4.2618 -0.9034 0.2372, 4.3996 -0.9034 0.2372, 4.2618 -0.8611 0.1822, 4.3996 -0.8611 0.1822, 4.2618 -0.8061 0.1399, 4.3996 -0.8061 0.1399, 4.2618 -0.742 0.1134, 4.3996 -0.742 0.1134, 4.3996 -0.939 1.2488, 4.2618 -0.939 1.2488, 4.3996 -0.877 1.4801, 4.2618 -0.877 1.4801, 4.2618 -0.9111 1.4071, 4.3996 -0.9111 1.4071, 4.2618 -0.9319 1.3292, 4.3996 -0.9319 1.3292, 4.3996 -0.2994 2.4805, 4.2618 -0.2994 2.4805, 4.3996 -0.2559 2.6429, 4.2618 -0.2559 2.6429, 4.3996 -0.267 2.5589, 4.2618 -0.267 2.5589, 4.3996 -0.2559 2.9248, 4.2618 -0.2559 2.9248, 4.3996 -0.3693 3.1713, 4.2618 -0.3693 3.1713, 4.3996 -0.3214 3.1204, 4.2618 -0.3214 3.1204, 4.3996 -0.2856 3.0605, 4.2618 -0.2856 3.0605, 4.3996 -0.2634 2.9942, 4.2618 -0.2634 2.9942, 4.3996 -0.6709 3.4301, 4.2618 -0.6709 3.4301, 4.3996 -0.7224 3.5421, 4.2618 -0.7224 3.5421, 4.2618 -0.719 3.5106, 4.3996 -0.719 3.5106, 4.2618 -0.7089 3.4805, 4.3996 -0.7089 3.4805, 4.2618 -0.6927 3.4532, 4.3996 -0.6927 3.4532, 4.3996 -0.7224 4.1732, 4.2618 -0.7224 4.1732, 4.3996 -0.5846 4.1732, 4.2618 -0.5846 4.1732, 4.3996 -0.5846 3.5421, 4.2618 -0.5846 3.5421, 4.3996 -0.5812 3.5347, 4.2618 -0.5812 3.5347, 4.3996 -0.5827 3.5362, 4.2618 -0.5827 3.5362, 4.3996 -0.5837 3.538, 4.2618 -0.5837 3.538, 4.3996 -0.5844 3.54, 4.2618 -0.5844 3.54, 4.3996 -0.2795 3.2759, 4.2618 -0.2795 3.2759, 4.3996 -0.1181 2.9248, 4.2618 -0.1181 2.9248, 4.2618 -0.1288 3.0237, 4.3996 -0.1288 3.0237, 4.2618 -0.1604 3.118, 4.3996 -0.1604 3.118, 4.2618 -0.2114 3.2034, 4.3996 -0.2114 3.2034, 4.3996 -0.1181 2.6429, 4.2618 -0.1181 2.6429, 4.3996 -0.1801 2.4116, 4.2618 -0.1801 2.4116, 4.2618 -0.146 2.4847, 4.3996 -0.146 2.4847, 4.2618 -0.1251 2.5626, 4.3996 -0.1251 2.5626, 4.3996 -0.7577 1.4112, 4.2618 -0.7577 1.4112, 4.3996 -0.8012 1.2488, 4.2618 -0.8012 1.2488, 4.3996 -0.7962 1.3052, 4.2618 -0.7962 1.3052, 4.3996 -0.7816 1.3599, 4.2618 -0.7816 1.3599, 4.3996 -0.8012 0.3701, 4.2618 -0.8012 0.3701, 4.3996 -0.6732 0.2421, 4.2618 -0.6732 0.2421, 4.3996 -0.7063 0.2465, 4.2618 -0.7063 0.2465, 4.3996 -0.7372 0.2593, 4.2618 -0.7372 0.2593, 4.3996 -0.7637 0.2796, 4.2618 -0.7637 0.2796, 4.3996 -0.784 0.3061, 4.2618 -0.784 0.3061, 4.3996 -0.7968 0.337, 4.2618 -0.7968 0.337, 4.2618 -0.4013 0.0335, 4.3996 -0.4013 0.0335, 4.2618 -0.4294 0.1014, 4.3996 -0.4294 0.1014, 4.2618 -0.4742 0.1597, 4.3996 -0.4742 0.1597, 4.2618 -0.5325 0.2044, 4.3996 -0.5325 0.2044, 4.2618 -0.6004 0.2325, 4.3996 -0.6004 0.2325, 3.6122 -0.3917 -0.0394, 3.6122 -0.3917 -1.1517, 3.4744 -0.3917 -0.0394, 3.4744 -0.3917 -1.1517, 3.5138 -0.4902 -1.2598, 3.5138 -0.4311 -1.2598, 3.5728 -0.4902 -1.2598, 3.5728 -0.4311 -1.2598, 3.4744 -0.5295 -0.0394, 3.4744 -0.5295 -1.1517, 3.6122 -0.5295 -0.0394, 3.6122 -0.5295 -1.1517, 3.6122 -0.6732 0.1043, 3.4744 -0.6732 0.1043, 3.6122 -0.636 0.0994, 3.4744 -0.636 0.0994, 3.6122 -0.6014 0.0851, 3.4744 -0.6014 0.0851, 3.6122 -0.5716 0.0622, 3.4744 -0.5716 0.0622, 3.6122 -0.5488 0.0325, 3.4744 -0.5488 0.0325, 3.6122 -0.5344 -0.0022, 3.4744 -0.5344 -0.0022, 3.6122 -0.939 0.3701, 3.4744 -0.939 0.3701, 3.4744 -0.9299 0.3013, 3.6122 -0.9299 0.3013, 3.4744 -0.9034 0.2372, 3.6122 -0.9034 0.2372, 3.4744 -0.8611 0.1822, 3.6122 -0.8611 0.1822, 3.4744 -0.8061 0.1399, 3.6122 -0.8061 0.1399, 3.4744 -0.742 0.1134, 3.6122 -0.742 0.1134, 3.6122 -0.939 1.2488, 3.4744 -0.939 1.2488, 3.6122 -0.877 1.4801, 3.4744 -0.877 1.4801, 3.4744 -0.9111 1.4071, 3.6122 -0.9111 1.4071, 3.4744 -0.9319 1.3292, 3.6122 -0.9319 1.3292, 3.6122 -0.2994 2.4805, 3.4744 -0.2994 2.4805, 3.6122 -0.2559 2.6429, 3.4744 -0.2559 2.6429, 3.6122 -0.267 2.5589, 3.4744 -0.267 2.5589, 3.6122 -0.2559 2.9248, 3.4744 -0.2559 2.9248, 3.6122 -0.3693 3.1713, 3.4744 -0.3693 3.1713, 3.6122 -0.3214 3.1204, 3.4744 -0.3214 3.1204, 3.6122 -0.2856 3.0605, 3.4744 -0.2856 3.0605, 3.6122 -0.2634 2.9942, 3.4744 -0.2634 2.9942, 3.6122 -0.6709 3.4301, 3.4744 -0.6709 3.4301, 3.6122 -0.7224 3.5421, 3.4744 -0.7224 3.5421, 3.4744 -0.719 3.5106, 3.6122 -0.719 3.5106, 3.4744 -0.7089 3.4805, 3.6122 -0.7089 3.4805, 3.4744 -0.6927 3.4532, 3.6122 -0.6927 3.4532, 3.6122 -0.7224 4.1732, 3.4744 -0.7224 4.1732, 3.6122 -0.5846 4.1732, 3.4744 -0.5846 4.1732, 3.6122 -0.5846 3.5421, 3.4744 -0.5846 3.5421, 3.6122 -0.5812 3.5347, 3.4744 -0.5812 3.5347, 3.6122 -0.5827 3.5362, 3.4744 -0.5827 3.5362, 3.6122 -0.5837 3.538, 3.4744 -0.5837 3.538, 3.6122 -0.5844 3.54, 3.4744 -0.5844 3.54, 3.6122 -0.2795 3.2759, 3.4744 -0.2795 3.2759, 3.6122 -0.1181 2.9248, 3.4744 -0.1181 2.9248, 3.4744 -0.1288 3.0237, 3.6122 -0.1288 3.0237, 3.4744 -0.1604 3.118, 3.6122 -0.1604 3.118, 3.4744 -0.2114 3.2034, 3.6122 -0.2114 3.2034, 3.6122 -0.1181 2.6429, 3.4744 -0.1181 2.6429, 3.6122 -0.1801 2.4116, 3.4744 -0.1801 2.4116, 3.4744 -0.146 2.4847, 3.6122 -0.146 2.4847, 3.4744 -0.1251 2.5626, 3.6122 -0.1251 2.5626, 3.6122 -0.7577 1.4112, 3.4744 -0.7577 1.4112, 3.6122 -0.8012 1.2488, 3.4744 -0.8012 1.2488, 3.6122 -0.7962 1.3052, 3.4744 -0.7962 1.3052, 3.6122 -0.7816 1.3599, 3.4744 -0.7816 1.3599, 3.6122 -0.8012 0.3701, 3.4744 -0.8012 0.3701, 3.6122 -0.6732 0.2421, 3.4744 -0.6732 0.2421, 3.6122 -0.7063 0.2465, 3.4744 -0.7063 0.2465, 3.6122 -0.7372 0.2593, 3.4744 -0.7372 0.2593, 3.6122 -0.7637 0.2796, 3.4744 -0.7637 0.2796, 3.6122 -0.784 0.3061, 3.4744 -0.784 0.3061, 3.6122 -0.7968 0.337, 3.4744 -0.7968 0.337, 3.4744 -0.4013 0.0335, 3.6122 -0.4013 0.0335, 3.4744 -0.4294 0.1014, 3.6122 -0.4294 0.1014, 3.4744 -0.4742 0.1597, 3.6122 -0.4742 0.1597, 3.4744 -0.5325 0.2044, 3.6122 -0.5325 0.2044, 3.4744 -0.6004 0.2325, 3.6122 -0.6004 0.2325, 2.8248 -0.3917 -0.0394, 2.8248 -0.3917 -1.1517, 2.687 -0.3917 -0.0394, 2.687 -0.3917 -1.1517, 2.7264 -0.4902 -1.2598, 2.7264 -0.4311 -1.2598, 2.7854 -0.4902 -1.2598, 2.7854 -0.4311 -1.2598, 2.687 -0.5295 -0.0394, 2.687 -0.5295 -1.1517, 2.8248 -0.5295 -0.0394, 2.8248 -0.5295 -1.1517, 2.8248 -0.6732 0.1043, 2.687 -0.6732 0.1043, 2.8248 -0.636 0.0994, 2.687 -0.636 0.0994, 2.8248 -0.6014 0.0851, 2.687 -0.6014 0.0851, 2.8248 -0.5716 0.0622, 2.687 -0.5716 0.0622, 2.8248 -0.5488 0.0325, 2.687 -0.5488 0.0325, 2.8248 -0.5344 -0.0022, 2.687 -0.5344 -0.0022, 2.8248 -0.939 0.3701, 2.687 -0.939 0.3701, 2.687 -0.9299 0.3013, 2.8248 -0.9299 0.3013, 2.687 -0.9034 0.2372, 2.8248 -0.9034 0.2372, 2.687 -0.8611 0.1822, 2.8248 -0.8611 0.1822, 2.687 -0.8061 0.1399, 2.8248 -0.8061 0.1399, 2.687 -0.742 0.1134, 2.8248 -0.742 0.1134, 2.8248 -0.939 1.2488, 2.687 -0.939 1.2488, 2.8248 -0.877 1.4801, 2.687 -0.877 1.4801, 2.687 -0.9111 1.4071, 2.8248 -0.9111 1.4071, 2.687 -0.9319 1.3292, 2.8248 -0.9319 1.3292, 2.8248 -0.2994 2.4805, 2.687 -0.2994 2.4805, 2.8248 -0.2559 2.6429, 2.687 -0.2559 2.6429, 2.8248 -0.267 2.5589, 2.687 -0.267 2.5589, 2.8248 -0.2559 2.9248, 2.687 -0.2559 2.9248, 2.8248 -0.3693 3.1713, 2.687 -0.3693 3.1713, 2.8248 -0.3214 3.1204, 2.687 -0.3214 3.1204, 2.8248 -0.2856 3.0605, 2.687 -0.2856 3.0605, 2.8248 -0.2634 2.9942, 2.687 -0.2634 2.9942, 2.8248 -0.6709 3.4301, 2.687 -0.6709 3.4301, 2.8248 -0.7224 3.5421, 2.687 -0.7224 3.5421, 2.687 -0.719 3.5106, 2.8248 -0.719 3.5106, 2.687 -0.7089 3.4805, 2.8248 -0.7089 3.4805, 2.687 -0.6927 3.4532, 2.8248 -0.6927 3.4532, 2.8248 -0.7224 4.1732, 2.687 -0.7224 4.1732, 2.8248 -0.5846 4.1732, 2.687 -0.5846 4.1732, 2.8248 -0.5846 3.5421, 2.687 -0.5846 3.5421, 2.8248 -0.5812 3.5347, 2.687 -0.5812 3.5347, 2.8248 -0.5827 3.5362, 2.687 -0.5827 3.5362, 2.8248 -0.5837 3.538, 2.687 -0.5837 3.538, 2.8248 -0.5844 3.54, 2.687 -0.5844 3.54, 2.8248 -0.2795 3.2759, 2.687 -0.2795 3.2759, 2.8248 -0.1181 2.9248, 2.687 -0.1181 2.9248, 2.687 -0.1288 3.0237, 2.8248 -0.1288 3.0237, 2.687 -0.1604 3.118, 2.8248 -0.1604 3.118, 2.687 -0.2114 3.2034, 2.8248 -0.2114 3.2034, 2.8248 -0.1181 2.6429, 2.687 -0.1181 2.6429, 2.8248 -0.1801 2.4116, 2.687 -0.1801 2.4116, 2.687 -0.146 2.4847, 2.8248 -0.146 2.4847, 2.687 -0.1251 2.5626, 2.8248 -0.1251 2.5626, 2.8248 -0.7577 1.4112, 2.687 -0.7577 1.4112, 2.8248 -0.8012 1.2488, 2.687 -0.8012 1.2488, 2.8248 -0.7962 1.3052, 2.687 -0.7962 1.3052, 2.8248 -0.7816 1.3599, 2.687 -0.7816 1.3599, 2.8248 -0.8012 0.3701, 2.687 -0.8012 0.3701, 2.8248 -0.6732 0.2421, 2.687 -0.6732 0.2421, 2.8248 -0.7063 0.2465, 2.687 -0.7063 0.2465, 2.8248 -0.7372 0.2593, 2.687 -0.7372 0.2593, 2.8248 -0.7637 0.2796, 2.687 -0.7637 0.2796, 2.8248 -0.784 0.3061, 2.687 -0.784 0.3061, 2.8248 -0.7968 0.337, 2.687 -0.7968 0.337, 2.687 -0.4013 0.0335, 2.8248 -0.4013 0.0335, 2.687 -0.4294 0.1014, 2.8248 -0.4294 0.1014, 2.687 -0.4742 0.1597, 2.8248 -0.4742 0.1597, 2.687 -0.5325 0.2044, 2.8248 -0.5325 0.2044, 2.687 -0.6004 0.2325, 2.8248 -0.6004 0.2325, 2.0374 -0.3917 -0.0394, 2.0374 -0.3917 -1.1517, 1.8996 -0.3917 -0.0394, 1.8996 -0.3917 -1.1517, 1.939 -0.4902 -1.2598, 1.939 -0.4311 -1.2598, 1.998 -0.4902 -1.2598, 1.998 -0.4311 -1.2598, 1.8996 -0.5295 -0.0394, 1.8996 -0.5295 -1.1517, 2.0374 -0.5295 -0.0394, 2.0374 -0.5295 -1.1517, 2.0374 -0.6732 0.1043, 1.8996 -0.6732 0.1043, 2.0374 -0.636 0.0994, 1.8996 -0.636 0.0994, 2.0374 -0.6014 0.0851, 1.8996 -0.6014 0.0851, 2.0374 -0.5716 0.0622, 1.8996 -0.5716 0.0622, 2.0374 -0.5488 0.0325, 1.8996 -0.5488 0.0325, 2.0374 -0.5344 -0.0022, 1.8996 -0.5344 -0.0022, 2.0374 -0.939 0.3701, 1.8996 -0.939 0.3701, 1.8996 -0.9299 0.3013, 2.0374 -0.9299 0.3013, 1.8996 -0.9034 0.2372, 2.0374 -0.9034 0.2372, 1.8996 -0.8611 0.1822, 2.0374 -0.8611 0.1822, 1.8996 -0.8061 0.1399, 2.0374 -0.8061 0.1399, 1.8996 -0.742 0.1134, 2.0374 -0.742 0.1134, 2.0374 -0.939 1.2488, 1.8996 -0.939 1.2488, 2.0374 -0.877 1.4801, 1.8996 -0.877 1.4801, 1.8996 -0.9111 1.4071, 2.0374 -0.9111 1.4071, 1.8996 -0.9319 1.3292, 2.0374 -0.9319 1.3292, 2.0374 -0.2994 2.4805, 1.8996 -0.2994 2.4805, 2.0374 -0.2559 2.6429, 1.8996 -0.2559 2.6429, 2.0374 -0.267 2.5589, 1.8996 -0.267 2.5589, 2.0374 -0.2559 2.9248, 1.8996 -0.2559 2.9248, 2.0374 -0.3693 3.1713, 1.8996 -0.3693 3.1713, 2.0374 -0.3214 3.1204, 1.8996 -0.3214 3.1204, 2.0374 -0.2856 3.0605, 1.8996 -0.2856 3.0605, 2.0374 -0.2634 2.9942, 1.8996 -0.2634 2.9942, 2.0374 -0.6709 3.4301, 1.8996 -0.6709 3.4301, 2.0374 -0.7224 3.5421, 1.8996 -0.7224 3.5421, 1.8996 -0.719 3.5106, 2.0374 -0.719 3.5106, 1.8996 -0.7089 3.4805, 2.0374 -0.7089 3.4805, 1.8996 -0.6927 3.4532, 2.0374 -0.6927 3.4532, 2.0374 -0.7224 4.1732, 1.8996 -0.7224 4.1732, 2.0374 -0.5846 4.1732, 1.8996 -0.5846 4.1732, 2.0374 -0.5846 3.5421, 1.8996 -0.5846 3.5421, 2.0374 -0.5812 3.5347, 1.8996 -0.5812 3.5347, 2.0374 -0.5827 3.5362, 1.8996 -0.5827 3.5362, 2.0374 -0.5837 3.538, 1.8996 -0.5837 3.538, 2.0374 -0.5844 3.54, 1.8996 -0.5844 3.54, 2.0374 -0.2795 3.2759, 1.8996 -0.2795 3.2759, 2.0374 -0.1181 2.9248, 1.8996 -0.1181 2.9248, 1.8996 -0.1288 3.0237, 2.0374 -0.1288 3.0237, 1.8996 -0.1604 3.118, 2.0374 -0.1604 3.118, 1.8996 -0.2114 3.2034, 2.0374 -0.2114 3.2034, 2.0374 -0.1181 2.6429, 1.8996 -0.1181 2.6429, 2.0374 -0.1801 2.4116, 1.8996 -0.1801 2.4116, 1.8996 -0.146 2.4847, 2.0374 -0.146 2.4847, 1.8996 -0.1251 2.5626, 2.0374 -0.1251 2.5626, 2.0374 -0.7577 1.4112, 1.8996 -0.7577 1.4112, 2.0374 -0.8012 1.2488, 1.8996 -0.8012 1.2488, 2.0374 -0.7962 1.3052, 1.8996 -0.7962 1.3052, 2.0374 -0.7816 1.3599, 1.8996 -0.7816 1.3599, 2.0374 -0.8012 0.3701, 1.8996 -0.8012 0.3701, 2.0374 -0.6732 0.2421, 1.8996 -0.6732 0.2421, 2.0374 -0.7063 0.2465, 1.8996 -0.7063 0.2465, 2.0374 -0.7372 0.2593, 1.8996 -0.7372 0.2593, 2.0374 -0.7637 0.2796, 1.8996 -0.7637 0.2796, 2.0374 -0.784 0.3061, 1.8996 -0.784 0.3061, 2.0374 -0.7968 0.337, 1.8996 -0.7968 0.337, 1.8996 -0.4013 0.0335, 2.0374 -0.4013 0.0335, 1.8996 -0.4294 0.1014, 2.0374 -0.4294 0.1014, 1.8996 -0.4742 0.1597, 2.0374 -0.4742 0.1597, 1.8996 -0.5325 0.2044, 2.0374 -0.5325 0.2044, 1.8996 -0.6004 0.2325, 2.0374 -0.6004 0.2325, 1.25 -0.3917 -0.0394, 1.25 -0.3917 -1.1517, 1.1122 -0.3917 -0.0394, 1.1122 -0.3917 -1.1517, 1.1516 -0.4902 -1.2598, 1.1516 -0.4311 -1.2598, 1.2106 -0.4902 -1.2598, 1.2106 -0.4311 -1.2598, 1.1122 -0.5295 -0.0394, 1.1122 -0.5295 -1.1517, 1.25 -0.5295 -0.0394, 1.25 -0.5295 -1.1517, 1.25 -0.6732 0.1043, 1.1122 -0.6732 0.1043, 1.25 -0.636 0.0994, 1.1122 -0.636 0.0994, 1.25 -0.6014 0.0851, 1.1122 -0.6014 0.0851, 1.25 -0.5716 0.0622, 1.1122 -0.5716 0.0622, 1.25 -0.5488 0.0325, 1.1122 -0.5488 0.0325, 1.25 -0.5344 -0.0022, 1.1122 -0.5344 -0.0022, 1.25 -0.939 0.3701, 1.1122 -0.939 0.3701, 1.1122 -0.9299 0.3013, 1.25 -0.9299 0.3013, 1.1122 -0.9034 0.2372, 1.25 -0.9034 0.2372, 1.1122 -0.8611 0.1822, 1.25 -0.8611 0.1822, 1.1122 -0.8061 0.1399, 1.25 -0.8061 0.1399, 1.1122 -0.742 0.1134, 1.25 -0.742 0.1134, 1.25 -0.939 1.2488, 1.1122 -0.939 1.2488, 1.25 -0.877 1.4801, 1.1122 -0.877 1.4801, 1.1122 -0.9111 1.4071, 1.25 -0.9111 1.4071, 1.1122 -0.9319 1.3292, 1.25 -0.9319 1.3292, 1.25 -0.2994 2.4805, 1.1122 -0.2994 2.4805, 1.25 -0.2559 2.6429, 1.1122 -0.2559 2.6429, 1.25 -0.267 2.5589, 1.1122 -0.267 2.5589, 1.25 -0.2559 2.9248, 1.1122 -0.2559 2.9248, 1.25 -0.3693 3.1713, 1.1122 -0.3693 3.1713, 1.25 -0.3214 3.1204, 1.1122 -0.3214 3.1204, 1.25 -0.2856 3.0605, 1.1122 -0.2856 3.0605, 1.25 -0.2634 2.9942, 1.1122 -0.2634 2.9942, 1.25 -0.6709 3.4301, 1.1122 -0.6709 3.4301, 1.25 -0.7224 3.5421, 1.1122 -0.7224 3.5421, 1.1122 -0.719 3.5106, 1.25 -0.719 3.5106, 1.1122 -0.7089 3.4805, 1.25 -0.7089 3.4805, 1.1122 -0.6927 3.4532, 1.25 -0.6927 3.4532, 1.25 -0.7224 4.1732, 1.1122 -0.7224 4.1732, 1.25 -0.5846 4.1732, 1.1122 -0.5846 4.1732, 1.25 -0.5846 3.5421, 1.1122 -0.5846 3.5421, 1.25 -0.5812 3.5347, 1.1122 -0.5812 3.5347, 1.25 -0.5827 3.5362, 1.1122 -0.5827 3.5362, 1.25 -0.5837 3.538, 1.1122 -0.5837 3.538, 1.25 -0.5844 3.54, 1.1122 -0.5844 3.54, 1.25 -0.2795 3.2759, 1.1122 -0.2795 3.2759, 1.25 -0.1181 2.9248, 1.1122 -0.1181 2.9248, 1.1122 -0.1288 3.0237, 1.25 -0.1288 3.0237, 1.1122 -0.1604 3.118, 1.25 -0.1604 3.118, 1.1122 -0.2114 3.2034, 1.25 -0.2114 3.2034, 1.25 -0.1181 2.6429, 1.1122 -0.1181 2.6429, 1.25 -0.1801 2.4116, 1.1122 -0.1801 2.4116, 1.1122 -0.146 2.4847, 1.25 -0.146 2.4847, 1.1122 -0.1251 2.5626, 1.25 -0.1251 2.5626, 1.25 -0.7577 1.4112, 1.1122 -0.7577 1.4112, 1.25 -0.8012 1.2488, 1.1122 -0.8012 1.2488, 1.25 -0.7962 1.3052, 1.1122 -0.7962 1.3052, 1.25 -0.7816 1.3599, 1.1122 -0.7816 1.3599, 1.25 -0.8012 0.3701, 1.1122 -0.8012 0.3701, 1.25 -0.6732 0.2421, 1.1122 -0.6732 0.2421, 1.25 -0.7063 0.2465, 1.1122 -0.7063 0.2465, 1.25 -0.7372 0.2593, 1.1122 -0.7372 0.2593, 1.25 -0.7637 0.2796, 1.1122 -0.7637 0.2796, 1.25 -0.784 0.3061, 1.1122 -0.784 0.3061, 1.25 -0.7968 0.337, 1.1122 -0.7968 0.337, 1.1122 -0.4013 0.0335, 1.25 -0.4013 0.0335, 1.1122 -0.4294 0.1014, 1.25 -0.4294 0.1014, 1.1122 -0.4742 0.1597, 1.25 -0.4742 0.1597, 1.1122 -0.5325 0.2044, 1.25 -0.5325 0.2044, 1.1122 -0.6004 0.2325, 1.25 -0.6004 0.2325, 0.4626 -0.3917 -0.0394, 0.4626 -0.3917 -1.1517, 0.3248 -0.3917 -0.0394, 0.3248 -0.3917 -1.1517, 0.3642 -0.4902 -1.2598, 0.3642 -0.4311 -1.2598, 0.4232 -0.4902 -1.2598, 0.4232 -0.4311 -1.2598, 0.3248 -0.5295 -0.0394, 0.3248 -0.5295 -1.1517, 0.4626 -0.5295 -0.0394, 0.4626 -0.5295 -1.1517, 0.4626 -0.6732 0.1043, 0.3248 -0.6732 0.1043, 0.4626 -0.636 0.0994, 0.3248 -0.636 0.0994, 0.4626 -0.6014 0.0851, 0.3248 -0.6014 0.0851, 0.4626 -0.5716 0.0622, 0.3248 -0.5716 0.0622, 0.4626 -0.5488 0.0325, 0.3248 -0.5488 0.0325, 0.4626 -0.5344 -0.0022, 0.3248 -0.5344 -0.0022, 0.4626 -0.939 0.3701, 0.3248 -0.939 0.3701, 0.3248 -0.9299 0.3013, 0.4626 -0.9299 0.3013, 0.3248 -0.9034 0.2372, 0.4626 -0.9034 0.2372, 0.3248 -0.8611 0.1822, 0.4626 -0.8611 0.1822, 0.3248 -0.8061 0.1399, 0.4626 -0.8061 0.1399, 0.3248 -0.742 0.1134, 0.4626 -0.742 0.1134, 0.4626 -0.939 1.2488, 0.3248 -0.939 1.2488, 0.4626 -0.877 1.4801, 0.3248 -0.877 1.4801, 0.3248 -0.9111 1.4071, 0.4626 -0.9111 1.4071, 0.3248 -0.9319 1.3292, 0.4626 -0.9319 1.3292, 0.4626 -0.2994 2.4805, 0.3248 -0.2994 2.4805, 0.4626 -0.2559 2.6429, 0.3248 -0.2559 2.6429, 0.4626 -0.267 2.5589, 0.3248 -0.267 2.5589, 0.4626 -0.2559 2.9248, 0.3248 -0.2559 2.9248, 0.4626 -0.3693 3.1713, 0.3248 -0.3693 3.1713, 0.4626 -0.3214 3.1204, 0.3248 -0.3214 3.1204, 0.4626 -0.2856 3.0605, 0.3248 -0.2856 3.0605, 0.4626 -0.2634 2.9942, 0.3248 -0.2634 2.9942, 0.4626 -0.6709 3.4301, 0.3248 -0.6709 3.4301, 0.4626 -0.7224 3.5421, 0.3248 -0.7224 3.5421, 0.3248 -0.719 3.5106, 0.4626 -0.719 3.5106, 0.3248 -0.7089 3.4805, 0.4626 -0.7089 3.4805, 0.3248 -0.6927 3.4532, 0.4626 -0.6927 3.4532, 0.4626 -0.7224 4.1732, 0.3248 -0.7224 4.1732, 0.4626 -0.5846 4.1732, 0.3248 -0.5846 4.1732, 0.4626 -0.5846 3.5421, 0.3248 -0.5846 3.5421, 0.4626 -0.5812 3.5347, 0.3248 -0.5812 3.5347, 0.4626 -0.5827 3.5362, 0.3248 -0.5827 3.5362, 0.4626 -0.5837 3.538, 0.3248 -0.5837 3.538, 0.4626 -0.5844 3.54, 0.3248 -0.5844 3.54, 0.4626 -0.2795 3.2759, 0.3248 -0.2795 3.2759, 0.4626 -0.1181 2.9248, 0.3248 -0.1181 2.9248, 0.3248 -0.1288 3.0237, 0.4626 -0.1288 3.0237, 0.3248 -0.1604 3.118, 0.4626 -0.1604 3.118, 0.3248 -0.2114 3.2034, 0.4626 -0.2114 3.2034, 0.4626 -0.1181 2.6429, 0.3248 -0.1181 2.6429, 0.4626 -0.1801 2.4116, 0.3248 -0.1801 2.4116, 0.3248 -0.146 2.4847, 0.4626 -0.146 2.4847, 0.3248 -0.1251 2.5626, 0.4626 -0.1251 2.5626, 0.4626 -0.7577 1.4112, 0.3248 -0.7577 1.4112, 0.4626 -0.8012 1.2488, 0.3248 -0.8012 1.2488, 0.4626 -0.7962 1.3052, 0.3248 -0.7962 1.3052, 0.4626 -0.7816 1.3599, 0.3248 -0.7816 1.3599, 0.4626 -0.8012 0.3701, 0.3248 -0.8012 0.3701, 0.4626 -0.6732 0.2421, 0.3248 -0.6732 0.2421, 0.4626 -0.7063 0.2465, 0.3248 -0.7063 0.2465, 0.4626 -0.7372 0.2593, 0.3248 -0.7372 0.2593, 0.4626 -0.7637 0.2796, 0.3248 -0.7637 0.2796, 0.4626 -0.784 0.3061, 0.3248 -0.784 0.3061, 0.4626 -0.7968 0.337, 0.3248 -0.7968 0.337, 0.3248 -0.4013 0.0335, 0.4626 -0.4013 0.0335, 0.3248 -0.4294 0.1014, 0.4626 -0.4294 0.1014, 0.3248 -0.4742 0.1597, 0.4626 -0.4742 0.1597, 0.3248 -0.5325 0.2044, 0.4626 -0.5325 0.2044, 0.3248 -0.6004 0.2325, 0.4626 -0.6004 0.2325, -0.3248 -0.3917 -0.0394, -0.3248 -0.3917 -1.1517, -0.4626 -0.3917 -0.0394, -0.4626 -0.3917 -1.1517, -0.4232 -0.4902 -1.2598, -0.4232 -0.4311 -1.2598, -0.3642 -0.4902 -1.2598, -0.3642 -0.4311 -1.2598, -0.4626 -0.5295 -0.0394, -0.4626 -0.5295 -1.1517, -0.3248 -0.5295 -0.0394, -0.3248 -0.5295 -1.1517, -0.3248 -0.6732 0.1043, -0.4626 -0.6732 0.1043, -0.3248 -0.636 0.0994, -0.4626 -0.636 0.0994, -0.3248 -0.6014 0.0851, -0.4626 -0.6014 0.0851, -0.3248 -0.5716 0.0622, -0.4626 -0.5716 0.0622, -0.3248 -0.5488 0.0325, -0.4626 -0.5488 0.0325, -0.3248 -0.5344 -0.0022, -0.4626 -0.5344 -0.0022, -0.3248 -0.939 0.3701, -0.4626 -0.939 0.3701, -0.4626 -0.9299 0.3013, -0.3248 -0.9299 0.3013, -0.4626 -0.9034 0.2372, -0.3248 -0.9034 0.2372, -0.4626 -0.8611 0.1822, -0.3248 -0.8611 0.1822, -0.4626 -0.8061 0.1399, -0.3248 -0.8061 0.1399, -0.4626 -0.742 0.1134, -0.3248 -0.742 0.1134, -0.3248 -0.939 1.2488, -0.4626 -0.939 1.2488, -0.3248 -0.877 1.4801, -0.4626 -0.877 1.4801, -0.4626 -0.9111 1.4071, -0.3248 -0.9111 1.4071, -0.4626 -0.9319 1.3292, -0.3248 -0.9319 1.3292, -0.3248 -0.2994 2.4805, -0.4626 -0.2994 2.4805, -0.3248 -0.2559 2.6429, -0.4626 -0.2559 2.6429, -0.3248 -0.267 2.5589, -0.4626 -0.267 2.5589, -0.3248 -0.2559 2.9248, -0.4626 -0.2559 2.9248, -0.3248 -0.3693 3.1713, -0.4626 -0.3693 3.1713, -0.3248 -0.3214 3.1204, -0.4626 -0.3214 3.1204, -0.3248 -0.2856 3.0605, -0.4626 -0.2856 3.0605, -0.3248 -0.2634 2.9942, -0.4626 -0.2634 2.9942, -0.3248 -0.6709 3.4301, -0.4626 -0.6709 3.4301, -0.3248 -0.7224 3.5421, -0.4626 -0.7224 3.5421, -0.4626 -0.719 3.5106, -0.3248 -0.719 3.5106, -0.4626 -0.7089 3.4805, -0.3248 -0.7089 3.4805, -0.4626 -0.6927 3.4532, -0.3248 -0.6927 3.4532, -0.3248 -0.7224 4.1732, -0.4626 -0.7224 4.1732, -0.3248 -0.5846 4.1732, -0.4626 -0.5846 4.1732, -0.3248 -0.5846 3.5421, -0.4626 -0.5846 3.5421, -0.3248 -0.5812 3.5347, -0.4626 -0.5812 3.5347, -0.3248 -0.5827 3.5362, -0.4626 -0.5827 3.5362, -0.3248 -0.5837 3.538, -0.4626 -0.5837 3.538, -0.3248 -0.5844 3.54, -0.4626 -0.5844 3.54, -0.3248 -0.2795 3.2759, -0.4626 -0.2795 3.2759, -0.3248 -0.1181 2.9248, -0.4626 -0.1181 2.9248, -0.4626 -0.1288 3.0237, -0.3248 -0.1288 3.0237, -0.4626 -0.1604 3.118, -0.3248 -0.1604 3.118, -0.4626 -0.2114 3.2034, -0.3248 -0.2114 3.2034, -0.3248 -0.1181 2.6429, -0.4626 -0.1181 2.6429, -0.3248 -0.1801 2.4116, -0.4626 -0.1801 2.4116, -0.4626 -0.146 2.4847, -0.3248 -0.146 2.4847, -0.4626 -0.1251 2.5626, -0.3248 -0.1251 2.5626, -0.3248 -0.7577 1.4112, -0.4626 -0.7577 1.4112, -0.3248 -0.8012 1.2488, -0.4626 -0.8012 1.2488, -0.3248 -0.7962 1.3052, -0.4626 -0.7962 1.3052, -0.3248 -0.7816 1.3599, -0.4626 -0.7816 1.3599, -0.3248 -0.8012 0.3701, -0.4626 -0.8012 0.3701, -0.3248 -0.6732 0.2421, -0.4626 -0.6732 0.2421, -0.3248 -0.7063 0.2465, -0.4626 -0.7063 0.2465, -0.3248 -0.7372 0.2593, -0.4626 -0.7372 0.2593, -0.3248 -0.7637 0.2796, -0.4626 -0.7637 0.2796, -0.3248 -0.784 0.3061, -0.4626 -0.784 0.3061, -0.3248 -0.7968 0.337, -0.4626 -0.7968 0.337, -0.4626 -0.4013 0.0335, -0.3248 -0.4013 0.0335, -0.4626 -0.4294 0.1014, -0.3248 -0.4294 0.1014, -0.4626 -0.4742 0.1597, -0.3248 -0.4742 0.1597, -0.4626 -0.5325 0.2044, -0.3248 -0.5325 0.2044, -0.4626 -0.6004 0.2325, -0.3248 -0.6004 0.2325, -1.1122 -0.3917 -0.0394, -1.1122 -0.3917 -1.1517, -1.25 -0.3917 -0.0394, -1.25 -0.3917 -1.1517, -1.2106 -0.4902 -1.2598, -1.2106 -0.4311 -1.2598, -1.1516 -0.4902 -1.2598, -1.1516 -0.4311 -1.2598, -1.25 -0.5295 -0.0394, -1.25 -0.5295 -1.1517, -1.1122 -0.5295 -0.0394, -1.1122 -0.5295 -1.1517, -1.1122 -0.6732 0.1043, -1.25 -0.6732 0.1043, -1.1122 -0.636 0.0994, -1.25 -0.636 0.0994, -1.1122 -0.6014 0.0851, -1.25 -0.6014 0.0851, -1.1122 -0.5716 0.0622, -1.25 -0.5716 0.0622, -1.1122 -0.5488 0.0325, -1.25 -0.5488 0.0325, -1.1122 -0.5344 -0.0022, -1.25 -0.5344 -0.0022, -1.1122 -0.939 0.3701, -1.25 -0.939 0.3701, -1.25 -0.9299 0.3013, -1.1122 -0.9299 0.3013, -1.25 -0.9034 0.2372, -1.1122 -0.9034 0.2372, -1.25 -0.8611 0.1822, -1.1122 -0.8611 0.1822, -1.25 -0.8061 0.1399, -1.1122 -0.8061 0.1399, -1.25 -0.742 0.1134, -1.1122 -0.742 0.1134, -1.1122 -0.939 1.2488, -1.25 -0.939 1.2488, -1.1122 -0.877 1.4801, -1.25 -0.877 1.4801, -1.25 -0.9111 1.4071, -1.1122 -0.9111 1.4071, -1.25 -0.9319 1.3292, -1.1122 -0.9319 1.3292, -1.1122 -0.2994 2.4805, -1.25 -0.2994 2.4805, -1.1122 -0.2559 2.6429, -1.25 -0.2559 2.6429, -1.1122 -0.267 2.5589, -1.25 -0.267 2.5589, -1.1122 -0.2559 2.9248, -1.25 -0.2559 2.9248, -1.1122 -0.3693 3.1713, -1.25 -0.3693 3.1713, -1.1122 -0.3214 3.1204, -1.25 -0.3214 3.1204, -1.1122 -0.2856 3.0605, -1.25 -0.2856 3.0605, -1.1122 -0.2634 2.9942, -1.25 -0.2634 2.9942, -1.1122 -0.6709 3.4301, -1.25 -0.6709 3.4301, -1.1122 -0.7224 3.5421, -1.25 -0.7224 3.5421, -1.25 -0.719 3.5106, -1.1122 -0.719 3.5106, -1.25 -0.7089 3.4805, -1.1122 -0.7089 3.4805, -1.25 -0.6927 3.4532, -1.1122 -0.6927 3.4532, -1.1122 -0.7224 4.1732, -1.25 -0.7224 4.1732, -1.1122 -0.5846 4.1732, -1.25 -0.5846 4.1732, -1.1122 -0.5846 3.5421, -1.25 -0.5846 3.5421, -1.1122 -0.5812 3.5347, -1.25 -0.5812 3.5347, -1.1122 -0.5827 3.5362, -1.25 -0.5827 3.5362, -1.1122 -0.5837 3.538, -1.25 -0.5837 3.538, -1.1122 -0.5844 3.54, -1.25 -0.5844 3.54, -1.1122 -0.2795 3.2759, -1.25 -0.2795 3.2759, -1.1122 -0.1181 2.9248, -1.25 -0.1181 2.9248, -1.25 -0.1288 3.0237, -1.1122 -0.1288 3.0237, -1.25 -0.1604 3.118, -1.1122 -0.1604 3.118, -1.25 -0.2114 3.2034, -1.1122 -0.2114 3.2034, -1.1122 -0.1181 2.6429, -1.25 -0.1181 2.6429, -1.1122 -0.1801 2.4116, -1.25 -0.1801 2.4116, -1.25 -0.146 2.4847, -1.1122 -0.146 2.4847, -1.25 -0.1251 2.5626, -1.1122 -0.1251 2.5626, -1.1122 -0.7577 1.4112, -1.25 -0.7577 1.4112, -1.1122 -0.8012 1.2488, -1.25 -0.8012 1.2488, -1.1122 -0.7962 1.3052, -1.25 -0.7962 1.3052, -1.1122 -0.7816 1.3599, -1.25 -0.7816 1.3599, -1.1122 -0.8012 0.3701, -1.25 -0.8012 0.3701, -1.1122 -0.6732 0.2421, -1.25 -0.6732 0.2421, -1.1122 -0.7063 0.2465, -1.25 -0.7063 0.2465, -1.1122 -0.7372 0.2593, -1.25 -0.7372 0.2593, -1.1122 -0.7637 0.2796, -1.25 -0.7637 0.2796, -1.1122 -0.784 0.3061, -1.25 -0.784 0.3061, -1.1122 -0.7968 0.337, -1.25 -0.7968 0.337, -1.25 -0.4013 0.0335, -1.1122 -0.4013 0.0335, -1.25 -0.4294 0.1014, -1.1122 -0.4294 0.1014, -1.25 -0.4742 0.1597, -1.1122 -0.4742 0.1597, -1.25 -0.5325 0.2044, -1.1122 -0.5325 0.2044, -1.25 -0.6004 0.2325, -1.1122 -0.6004 0.2325, -1.8996 -0.3917 -0.0394, -1.8996 -0.3917 -1.1517, -2.0374 -0.3917 -0.0394, -2.0374 -0.3917 -1.1517, -1.998 -0.4902 -1.2598, -1.998 -0.4311 -1.2598, -1.939 -0.4902 -1.2598, -1.939 -0.4311 -1.2598, -2.0374 -0.5295 -0.0394, -2.0374 -0.5295 -1.1517, -1.8996 -0.5295 -0.0394, -1.8996 -0.5295 -1.1517, -1.8996 -0.6732 0.1043, -2.0374 -0.6732 0.1043, -1.8996 -0.636 0.0994, -2.0374 -0.636 0.0994, -1.8996 -0.6014 0.0851, -2.0374 -0.6014 0.0851, -1.8996 -0.5716 0.0622, -2.0374 -0.5716 0.0622, -1.8996 -0.5488 0.0325, -2.0374 -0.5488 0.0325, -1.8996 -0.5344 -0.0022, -2.0374 -0.5344 -0.0022, -1.8996 -0.939 0.3701, -2.0374 -0.939 0.3701, -2.0374 -0.9299 0.3013, -1.8996 -0.9299 0.3013, -2.0374 -0.9034 0.2372, -1.8996 -0.9034 0.2372, -2.0374 -0.8611 0.1822, -1.8996 -0.8611 0.1822, -2.0374 -0.8061 0.1399, -1.8996 -0.8061 0.1399, -2.0374 -0.742 0.1134, -1.8996 -0.742 0.1134, -1.8996 -0.939 1.2488, -2.0374 -0.939 1.2488, -1.8996 -0.877 1.4801, -2.0374 -0.877 1.4801, -2.0374 -0.9111 1.4071, -1.8996 -0.9111 1.4071, -2.0374 -0.9319 1.3292, -1.8996 -0.9319 1.3292, -1.8996 -0.2994 2.4805, -2.0374 -0.2994 2.4805, -1.8996 -0.2559 2.6429, -2.0374 -0.2559 2.6429, -1.8996 -0.267 2.5589, -2.0374 -0.267 2.5589, -1.8996 -0.2559 2.9248, -2.0374 -0.2559 2.9248, -1.8996 -0.3693 3.1713, -2.0374 -0.3693 3.1713, -1.8996 -0.3214 3.1204, -2.0374 -0.3214 3.1204, -1.8996 -0.2856 3.0605, -2.0374 -0.2856 3.0605, -1.8996 -0.2634 2.9942, -2.0374 -0.2634 2.9942, -1.8996 -0.6709 3.4301, -2.0374 -0.6709 3.4301, -1.8996 -0.7224 3.5421, -2.0374 -0.7224 3.5421, -2.0374 -0.719 3.5106, -1.8996 -0.719 3.5106, -2.0374 -0.7089 3.4805, -1.8996 -0.7089 3.4805, -2.0374 -0.6927 3.4532, -1.8996 -0.6927 3.4532, -1.8996 -0.7224 4.1732, -2.0374 -0.7224 4.1732, -1.8996 -0.5846 4.1732, -2.0374 -0.5846 4.1732, -1.8996 -0.5846 3.5421, -2.0374 -0.5846 3.5421, -1.8996 -0.5812 3.5347, -2.0374 -0.5812 3.5347, -1.8996 -0.5827 3.5362, -2.0374 -0.5827 3.5362, -1.8996 -0.5837 3.538, -2.0374 -0.5837 3.538, -1.8996 -0.5844 3.54, -2.0374 -0.5844 3.54, -1.8996 -0.2795 3.2759, -2.0374 -0.2795 3.2759, -1.8996 -0.1181 2.9248, -2.0374 -0.1181 2.9248, -2.0374 -0.1288 3.0237, -1.8996 -0.1288 3.0237, -2.0374 -0.1604 3.118, -1.8996 -0.1604 3.118, -2.0374 -0.2114 3.2034, -1.8996 -0.2114 3.2034, -1.8996 -0.1181 2.6429, -2.0374 -0.1181 2.6429, -1.8996 -0.1801 2.4116, -2.0374 -0.1801 2.4116, -2.0374 -0.146 2.4847, -1.8996 -0.146 2.4847, -2.0374 -0.1251 2.5626, -1.8996 -0.1251 2.5626, -1.8996 -0.7577 1.4112, -2.0374 -0.7577 1.4112, -1.8996 -0.8012 1.2488, -2.0374 -0.8012 1.2488, -1.8996 -0.7962 1.3052, -2.0374 -0.7962 1.3052, -1.8996 -0.7816 1.3599, -2.0374 -0.7816 1.3599, -1.8996 -0.8012 0.3701, -2.0374 -0.8012 0.3701, -1.8996 -0.6732 0.2421, -2.0374 -0.6732 0.2421, -1.8996 -0.7063 0.2465, -2.0374 -0.7063 0.2465, -1.8996 -0.7372 0.2593, -2.0374 -0.7372 0.2593, -1.8996 -0.7637 0.2796, -2.0374 -0.7637 0.2796, -1.8996 -0.784 0.3061, -2.0374 -0.784 0.3061, -1.8996 -0.7968 0.337, -2.0374 -0.7968 0.337, -2.0374 -0.4013 0.0335, -1.8996 -0.4013 0.0335, -2.0374 -0.4294 0.1014, -1.8996 -0.4294 0.1014, -2.0374 -0.4742 0.1597, -1.8996 -0.4742 0.1597, -2.0374 -0.5325 0.2044, -1.8996 -0.5325 0.2044, -2.0374 -0.6004 0.2325, -1.8996 -0.6004 0.2325, -2.687 -0.3917 -0.0394, -2.687 -0.3917 -1.1517, -2.8248 -0.3917 -0.0394, -2.8248 -0.3917 -1.1517, -2.7854 -0.4902 -1.2598, -2.7854 -0.4311 -1.2598, -2.7264 -0.4902 -1.2598, -2.7264 -0.4311 -1.2598, -2.8248 -0.5295 -0.0394, -2.8248 -0.5295 -1.1517, -2.687 -0.5295 -0.0394, -2.687 -0.5295 -1.1517, -2.687 -0.6732 0.1043, -2.8248 -0.6732 0.1043, -2.687 -0.636 0.0994, -2.8248 -0.636 0.0994, -2.687 -0.6014 0.0851, -2.8248 -0.6014 0.0851, -2.687 -0.5716 0.0622, -2.8248 -0.5716 0.0622, -2.687 -0.5488 0.0325, -2.8248 -0.5488 0.0325, -2.687 -0.5344 -0.0022, -2.8248 -0.5344 -0.0022, -2.687 -0.939 0.3701, -2.8248 -0.939 0.3701, -2.8248 -0.9299 0.3013, -2.687 -0.9299 0.3013, -2.8248 -0.9034 0.2372, -2.687 -0.9034 0.2372, -2.8248 -0.8611 0.1822, -2.687 -0.8611 0.1822, -2.8248 -0.8061 0.1399, -2.687 -0.8061 0.1399, -2.8248 -0.742 0.1134, -2.687 -0.742 0.1134, -2.687 -0.939 1.2488, -2.8248 -0.939 1.2488, -2.687 -0.877 1.4801, -2.8248 -0.877 1.4801, -2.8248 -0.9111 1.4071, -2.687 -0.9111 1.4071, -2.8248 -0.9319 1.3292, -2.687 -0.9319 1.3292, -2.687 -0.2994 2.4805, -2.8248 -0.2994 2.4805, -2.687 -0.2559 2.6429, -2.8248 -0.2559 2.6429, -2.687 -0.267 2.5589, -2.8248 -0.267 2.5589, -2.687 -0.2559 2.9248, -2.8248 -0.2559 2.9248, -2.687 -0.3693 3.1713, -2.8248 -0.3693 3.1713, -2.687 -0.3214 3.1204, -2.8248 -0.3214 3.1204, -2.687 -0.2856 3.0605, -2.8248 -0.2856 3.0605, -2.687 -0.2634 2.9942, -2.8248 -0.2634 2.9942, -2.687 -0.6709 3.4301, -2.8248 -0.6709 3.4301, -2.687 -0.7224 3.5421, -2.8248 -0.7224 3.5421, -2.8248 -0.719 3.5106, -2.687 -0.719 3.5106, -2.8248 -0.7089 3.4805, -2.687 -0.7089 3.4805, -2.8248 -0.6927 3.4532, -2.687 -0.6927 3.4532, -2.687 -0.7224 4.1732, -2.8248 -0.7224 4.1732, -2.687 -0.5846 4.1732, -2.8248 -0.5846 4.1732, -2.687 -0.5846 3.5421, -2.8248 -0.5846 3.5421, -2.687 -0.5812 3.5347, -2.8248 -0.5812 3.5347, -2.687 -0.5827 3.5362, -2.8248 -0.5827 3.5362, -2.687 -0.5837 3.538, -2.8248 -0.5837 3.538, -2.687 -0.5844 3.54, -2.8248 -0.5844 3.54, -2.687 -0.2795 3.2759, -2.8248 -0.2795 3.2759, -2.687 -0.1181 2.9248, -2.8248 -0.1181 2.9248, -2.8248 -0.1288 3.0237, -2.687 -0.1288 3.0237, -2.8248 -0.1604 3.118, -2.687 -0.1604 3.118, -2.8248 -0.2114 3.2034, -2.687 -0.2114 3.2034, -2.687 -0.1181 2.6429, -2.8248 -0.1181 2.6429, -2.687 -0.1801 2.4116, -2.8248 -0.1801 2.4116, -2.8248 -0.146 2.4847, -2.687 -0.146 2.4847, -2.8248 -0.1251 2.5626, -2.687 -0.1251 2.5626, -2.687 -0.7577 1.4112, -2.8248 -0.7577 1.4112, -2.687 -0.8012 1.2488, -2.8248 -0.8012 1.2488, -2.687 -0.7962 1.3052, -2.8248 -0.7962 1.3052, -2.687 -0.7816 1.3599, -2.8248 -0.7816 1.3599, -2.687 -0.8012 0.3701, -2.8248 -0.8012 0.3701, -2.687 -0.6732 0.2421, -2.8248 -0.6732 0.2421, -2.687 -0.7063 0.2465, -2.8248 -0.7063 0.2465, -2.687 -0.7372 0.2593, -2.8248 -0.7372 0.2593, -2.687 -0.7637 0.2796, -2.8248 -0.7637 0.2796, -2.687 -0.784 0.3061, -2.8248 -0.784 0.3061, -2.687 -0.7968 0.337, -2.8248 -0.7968 0.337, -2.8248 -0.4013 0.0335, -2.687 -0.4013 0.0335, -2.8248 -0.4294 0.1014, -2.687 -0.4294 0.1014, -2.8248 -0.4742 0.1597, -2.687 -0.4742 0.1597, -2.8248 -0.5325 0.2044, -2.687 -0.5325 0.2044, -2.8248 -0.6004 0.2325, -2.687 -0.6004 0.2325, 9.124 0.3917 -1.1517, 9.124 0.3917 -0.0394, 8.9862 0.3917 -1.1517, 8.9862 0.3917 -0.0394, 9.0256 0.4311 -1.2598, 9.0256 0.4902 -1.2598, 9.0846 0.4311 -1.2598, 9.0846 0.4902 -1.2598, 8.9862 0.5295 -1.1517, 8.9862 0.5295 -0.0394, 9.124 0.5295 -1.1517, 9.124 0.5295 -0.0394, 9.124 0.5344 -0.0022, 8.9862 0.5344 -0.0022, 9.124 0.5488 0.0325, 8.9862 0.5488 0.0325, 9.124 0.5716 0.0622, 8.9862 0.5716 0.0622, 9.124 0.6014 0.0851, 8.9862 0.6014 0.0851, 9.124 0.636 0.0994, 8.9862 0.636 0.0994, 9.124 0.6732 0.1043, 8.9862 0.6732 0.1043, 8.9862 0.742 0.1134, 9.124 0.742 0.1134, 8.9862 0.8061 0.1399, 9.124 0.8061 0.1399, 8.9862 0.8611 0.1822, 9.124 0.8611 0.1822, 8.9862 0.9034 0.2372, 9.124 0.9034 0.2372, 8.9862 0.9299 0.3013, 9.124 0.9299 0.3013, 8.9862 0.939 0.3701, 9.124 0.939 0.3701, 9.124 0.939 1.2488, 8.9862 0.939 1.2488, 8.9862 0.9319 1.3292, 9.124 0.9319 1.3292, 8.9862 0.9111 1.4071, 9.124 0.9111 1.4071, 8.9862 0.877 1.4801, 9.124 0.877 1.4801, 9.124 0.2994 2.4805, 8.9862 0.2994 2.4805, 9.124 0.267 2.5589, 8.9862 0.267 2.5589, 9.124 0.2559 2.6429, 8.9862 0.2559 2.6429, 9.124 0.2559 2.9248, 8.9862 0.2559 2.9248, 9.124 0.2634 2.9942, 8.9862 0.2634 2.9942, 9.124 0.2856 3.0605, 8.9862 0.2856 3.0605, 9.124 0.3214 3.1204, 8.9862 0.3214 3.1204, 9.124 0.3693 3.1713, 8.9862 0.3693 3.1713, 9.124 0.6709 3.4301, 8.9862 0.6709 3.4301, 8.9862 0.6927 3.4532, 9.124 0.6927 3.4532, 8.9862 0.7089 3.4805, 9.124 0.7089 3.4805, 8.9862 0.719 3.5106, 9.124 0.719 3.5106, 8.9862 0.7224 3.5421, 9.124 0.7224 3.5421, 9.124 0.7224 4.1732, 8.9862 0.7224 4.1732, 9.124 0.5846 4.1732, 8.9862 0.5846 4.1732, 9.124 0.5846 3.5421, 8.9862 0.5846 3.5421, 9.124 0.5844 3.54, 8.9862 0.5844 3.54, 9.124 0.5837 3.538, 8.9862 0.5837 3.538, 9.124 0.5827 3.5362, 8.9862 0.5827 3.5362, 9.124 0.5812 3.5347, 8.9862 0.5812 3.5347, 9.124 0.2795 3.2759, 8.9862 0.2795 3.2759, 8.9862 0.2114 3.2034, 9.124 0.2114 3.2034, 8.9862 0.1604 3.118, 9.124 0.1604 3.118, 8.9862 0.1288 3.0237, 9.124 0.1288 3.0237, 8.9862 0.1181 2.9248, 9.124 0.1181 2.9248, 9.124 0.1181 2.6429, 8.9862 0.1181 2.6429, 8.9862 0.1251 2.5626, 9.124 0.1251 2.5626, 8.9862 0.146 2.4847, 9.124 0.146 2.4847, 8.9862 0.1801 2.4116, 9.124 0.1801 2.4116, 9.124 0.7577 1.4112, 8.9862 0.7577 1.4112, 9.124 0.7816 1.3599, 8.9862 0.7816 1.3599, 9.124 0.7962 1.3052, 8.9862 0.7962 1.3052, 9.124 0.8012 1.2488, 8.9862 0.8012 1.2488, 9.124 0.8012 0.3701, 8.9862 0.8012 0.3701, 9.124 0.7968 0.337, 8.9862 0.7968 0.337, 9.124 0.784 0.3061, 8.9862 0.784 0.3061, 9.124 0.7637 0.2796, 8.9862 0.7637 0.2796, 9.124 0.7372 0.2593, 8.9862 0.7372 0.2593, 9.124 0.7063 0.2465, 8.9862 0.7063 0.2465, 9.124 0.6732 0.2421, 8.9862 0.6732 0.2421, 8.9862 0.6004 0.2325, 9.124 0.6004 0.2325, 8.9862 0.5325 0.2044, 9.124 0.5325 0.2044, 8.9862 0.4742 0.1597, 9.124 0.4742 0.1597, 8.9862 0.4294 0.1014, 9.124 0.4294 0.1014, 8.9862 0.4013 0.0335, 9.124 0.4013 0.0335, 8.3366 0.3917 -1.1517, 8.3366 0.3917 -0.0394, 8.1988 0.3917 -1.1517, 8.1988 0.3917 -0.0394, 8.2382 0.4311 -1.2598, 8.2382 0.4902 -1.2598, 8.2972 0.4311 -1.2598, 8.2972 0.4902 -1.2598, 8.1988 0.5295 -1.1517, 8.1988 0.5295 -0.0394, 8.3366 0.5295 -1.1517, 8.3366 0.5295 -0.0394, 8.3366 0.5344 -0.0022, 8.1988 0.5344 -0.0022, 8.3366 0.5488 0.0325, 8.1988 0.5488 0.0325, 8.3366 0.5716 0.0622, 8.1988 0.5716 0.0622, 8.3366 0.6014 0.0851, 8.1988 0.6014 0.0851, 8.3366 0.636 0.0994, 8.1988 0.636 0.0994, 8.3366 0.6732 0.1043, 8.1988 0.6732 0.1043, 8.1988 0.742 0.1134, 8.3366 0.742 0.1134, 8.1988 0.8061 0.1399, 8.3366 0.8061 0.1399, 8.1988 0.8611 0.1822, 8.3366 0.8611 0.1822, 8.1988 0.9034 0.2372, 8.3366 0.9034 0.2372, 8.1988 0.9299 0.3013, 8.3366 0.9299 0.3013, 8.1988 0.939 0.3701, 8.3366 0.939 0.3701, 8.3366 0.939 1.2488, 8.1988 0.939 1.2488, 8.1988 0.9319 1.3292, 8.3366 0.9319 1.3292, 8.1988 0.9111 1.4071, 8.3366 0.9111 1.4071, 8.1988 0.877 1.4801, 8.3366 0.877 1.4801, 8.3366 0.2994 2.4805, 8.1988 0.2994 2.4805, 8.3366 0.267 2.5589, 8.1988 0.267 2.5589, 8.3366 0.2559 2.6429, 8.1988 0.2559 2.6429, 8.3366 0.2559 2.9248, 8.1988 0.2559 2.9248, 8.3366 0.2634 2.9942, 8.1988 0.2634 2.9942, 8.3366 0.2856 3.0605, 8.1988 0.2856 3.0605, 8.3366 0.3214 3.1204, 8.1988 0.3214 3.1204, 8.3366 0.3693 3.1713, 8.1988 0.3693 3.1713, 8.3366 0.6709 3.4301, 8.1988 0.6709 3.4301, 8.1988 0.6927 3.4532, 8.3366 0.6927 3.4532, 8.1988 0.7089 3.4805, 8.3366 0.7089 3.4805, 8.1988 0.719 3.5106, 8.3366 0.719 3.5106, 8.1988 0.7224 3.5421, 8.3366 0.7224 3.5421, 8.3366 0.7224 4.1732, 8.1988 0.7224 4.1732, 8.3366 0.5846 4.1732, 8.1988 0.5846 4.1732, 8.3366 0.5846 3.5421, 8.1988 0.5846 3.5421, 8.3366 0.5844 3.54, 8.1988 0.5844 3.54, 8.3366 0.5837 3.538, 8.1988 0.5837 3.538, 8.3366 0.5827 3.5362, 8.1988 0.5827 3.5362, 8.3366 0.5812 3.5347, 8.1988 0.5812 3.5347, 8.3366 0.2795 3.2759, 8.1988 0.2795 3.2759, 8.1988 0.2114 3.2034, 8.3366 0.2114 3.2034, 8.1988 0.1604 3.118, 8.3366 0.1604 3.118, 8.1988 0.1288 3.0237, 8.3366 0.1288 3.0237, 8.1988 0.1181 2.9248, 8.3366 0.1181 2.9248, 8.3366 0.1181 2.6429, 8.1988 0.1181 2.6429, 8.1988 0.1251 2.5626, 8.3366 0.1251 2.5626, 8.1988 0.146 2.4847, 8.3366 0.146 2.4847, 8.1988 0.1801 2.4116, 8.3366 0.1801 2.4116, 8.3366 0.7577 1.4112, 8.1988 0.7577 1.4112, 8.3366 0.7816 1.3599, 8.1988 0.7816 1.3599, 8.3366 0.7962 1.3052, 8.1988 0.7962 1.3052, 8.3366 0.8012 1.2488, 8.1988 0.8012 1.2488, 8.3366 0.8012 0.3701, 8.1988 0.8012 0.3701, 8.3366 0.7968 0.337, 8.1988 0.7968 0.337, 8.3366 0.784 0.3061, 8.1988 0.784 0.3061, 8.3366 0.7637 0.2796, 8.1988 0.7637 0.2796, 8.3366 0.7372 0.2593, 8.1988 0.7372 0.2593, 8.3366 0.7063 0.2465, 8.1988 0.7063 0.2465, 8.3366 0.6732 0.2421, 8.1988 0.6732 0.2421, 8.1988 0.6004 0.2325, 8.3366 0.6004 0.2325, 8.1988 0.5325 0.2044, 8.3366 0.5325 0.2044, 8.1988 0.4742 0.1597, 8.3366 0.4742 0.1597, 8.1988 0.4294 0.1014, 8.3366 0.4294 0.1014, 8.1988 0.4013 0.0335, 8.3366 0.4013 0.0335, 7.5492 0.3917 -1.1517, 7.5492 0.3917 -0.0394, 7.4114 0.3917 -1.1517, 7.4114 0.3917 -0.0394, 7.4508 0.4311 -1.2598, 7.4508 0.4902 -1.2598, 7.5098 0.4311 -1.2598, 7.5098 0.4902 -1.2598, 7.4114 0.5295 -1.1517, 7.4114 0.5295 -0.0394, 7.5492 0.5295 -1.1517, 7.5492 0.5295 -0.0394, 7.5492 0.5344 -0.0022, 7.4114 0.5344 -0.0022, 7.5492 0.5488 0.0325, 7.4114 0.5488 0.0325, 7.5492 0.5716 0.0622, 7.4114 0.5716 0.0622, 7.5492 0.6014 0.0851, 7.4114 0.6014 0.0851, 7.5492 0.636 0.0994, 7.4114 0.636 0.0994, 7.5492 0.6732 0.1043, 7.4114 0.6732 0.1043, 7.4114 0.742 0.1134, 7.5492 0.742 0.1134, 7.4114 0.8061 0.1399, 7.5492 0.8061 0.1399, 7.4114 0.8611 0.1822, 7.5492 0.8611 0.1822, 7.4114 0.9034 0.2372, 7.5492 0.9034 0.2372, 7.4114 0.9299 0.3013, 7.5492 0.9299 0.3013, 7.4114 0.939 0.3701, 7.5492 0.939 0.3701, 7.5492 0.939 1.2488, 7.4114 0.939 1.2488, 7.4114 0.9319 1.3292, 7.5492 0.9319 1.3292, 7.4114 0.9111 1.4071, 7.5492 0.9111 1.4071, 7.4114 0.877 1.4801, 7.5492 0.877 1.4801, 7.5492 0.2994 2.4805, 7.4114 0.2994 2.4805, 7.5492 0.267 2.5589, 7.4114 0.267 2.5589, 7.5492 0.2559 2.6429, 7.4114 0.2559 2.6429, 7.5492 0.2559 2.9248, 7.4114 0.2559 2.9248, 7.5492 0.2634 2.9942, 7.4114 0.2634 2.9942, 7.5492 0.2856 3.0605, 7.4114 0.2856 3.0605, 7.5492 0.3214 3.1204, 7.4114 0.3214 3.1204, 7.5492 0.3693 3.1713, 7.4114 0.3693 3.1713, 7.5492 0.6709 3.4301, 7.4114 0.6709 3.4301, 7.4114 0.6927 3.4532, 7.5492 0.6927 3.4532, 7.4114 0.7089 3.4805, 7.5492 0.7089 3.4805, 7.4114 0.719 3.5106, 7.5492 0.719 3.5106, 7.4114 0.7224 3.5421, 7.5492 0.7224 3.5421, 7.5492 0.7224 4.1732, 7.4114 0.7224 4.1732, 7.5492 0.5846 4.1732, 7.4114 0.5846 4.1732, 7.5492 0.5846 3.5421, 7.4114 0.5846 3.5421, 7.5492 0.5844 3.54, 7.4114 0.5844 3.54, 7.5492 0.5837 3.538, 7.4114 0.5837 3.538, 7.5492 0.5827 3.5362, 7.4114 0.5827 3.5362, 7.5492 0.5812 3.5347, 7.4114 0.5812 3.5347, 7.5492 0.2795 3.2759, 7.4114 0.2795 3.2759, 7.4114 0.2114 3.2034, 7.5492 0.2114 3.2034, 7.4114 0.1604 3.118, 7.5492 0.1604 3.118, 7.4114 0.1288 3.0237, 7.5492 0.1288 3.0237, 7.4114 0.1181 2.9248, 7.5492 0.1181 2.9248, 7.5492 0.1181 2.6429, 7.4114 0.1181 2.6429, 7.4114 0.1251 2.5626, 7.5492 0.1251 2.5626, 7.4114 0.146 2.4847, 7.5492 0.146 2.4847, 7.4114 0.1801 2.4116, 7.5492 0.1801 2.4116, 7.5492 0.7577 1.4112, 7.4114 0.7577 1.4112, 7.5492 0.7816 1.3599, 7.4114 0.7816 1.3599, 7.5492 0.7962 1.3052, 7.4114 0.7962 1.3052, 7.5492 0.8012 1.2488, 7.4114 0.8012 1.2488, 7.5492 0.8012 0.3701, 7.4114 0.8012 0.3701, 7.5492 0.7968 0.337, 7.4114 0.7968 0.337, 7.5492 0.784 0.3061, 7.4114 0.784 0.3061, 7.5492 0.7637 0.2796, 7.4114 0.7637 0.2796, 7.5492 0.7372 0.2593, 7.4114 0.7372 0.2593, 7.5492 0.7063 0.2465, 7.4114 0.7063 0.2465, 7.5492 0.6732 0.2421, 7.4114 0.6732 0.2421, 7.4114 0.6004 0.2325, 7.5492 0.6004 0.2325, 7.4114 0.5325 0.2044, 7.5492 0.5325 0.2044, 7.4114 0.4742 0.1597, 7.5492 0.4742 0.1597, 7.4114 0.4294 0.1014, 7.5492 0.4294 0.1014, 7.4114 0.4013 0.0335, 7.5492 0.4013 0.0335, 6.7618 0.3917 -1.1517, 6.7618 0.3917 -0.0394, 6.624 0.3917 -1.1517, 6.624 0.3917 -0.0394, 6.6634 0.4311 -1.2598, 6.6634 0.4902 -1.2598, 6.7224 0.4311 -1.2598, 6.7224 0.4902 -1.2598, 6.624 0.5295 -1.1517, 6.624 0.5295 -0.0394, 6.7618 0.5295 -1.1517, 6.7618 0.5295 -0.0394, 6.7618 0.5344 -0.0022, 6.624 0.5344 -0.0022, 6.7618 0.5488 0.0325, 6.624 0.5488 0.0325, 6.7618 0.5716 0.0622, 6.624 0.5716 0.0622, 6.7618 0.6014 0.0851, 6.624 0.6014 0.0851, 6.7618 0.636 0.0994, 6.624 0.636 0.0994, 6.7618 0.6732 0.1043, 6.624 0.6732 0.1043, 6.624 0.742 0.1134, 6.7618 0.742 0.1134, 6.624 0.8061 0.1399, 6.7618 0.8061 0.1399, 6.624 0.8611 0.1822, 6.7618 0.8611 0.1822, 6.624 0.9034 0.2372, 6.7618 0.9034 0.2372, 6.624 0.9299 0.3013, 6.7618 0.9299 0.3013, 6.624 0.939 0.3701, 6.7618 0.939 0.3701, 6.7618 0.939 1.2488, 6.624 0.939 1.2488, 6.624 0.9319 1.3292, 6.7618 0.9319 1.3292, 6.624 0.9111 1.4071, 6.7618 0.9111 1.4071, 6.624 0.877 1.4801, 6.7618 0.877 1.4801, 6.7618 0.2994 2.4805, 6.624 0.2994 2.4805, 6.7618 0.267 2.5589, 6.624 0.267 2.5589, 6.7618 0.2559 2.6429, 6.624 0.2559 2.6429, 6.7618 0.2559 2.9248, 6.624 0.2559 2.9248, 6.7618 0.2634 2.9942, 6.624 0.2634 2.9942, 6.7618 0.2856 3.0605, 6.624 0.2856 3.0605, 6.7618 0.3214 3.1204, 6.624 0.3214 3.1204, 6.7618 0.3693 3.1713, 6.624 0.3693 3.1713, 6.7618 0.6709 3.4301, 6.624 0.6709 3.4301, 6.624 0.6927 3.4532, 6.7618 0.6927 3.4532, 6.624 0.7089 3.4805, 6.7618 0.7089 3.4805, 6.624 0.719 3.5106, 6.7618 0.719 3.5106, 6.624 0.7224 3.5421, 6.7618 0.7224 3.5421, 6.7618 0.7224 4.1732, 6.624 0.7224 4.1732, 6.7618 0.5846 4.1732, 6.624 0.5846 4.1732, 6.7618 0.5846 3.5421, 6.624 0.5846 3.5421, 6.7618 0.5844 3.54, 6.624 0.5844 3.54, 6.7618 0.5837 3.538, 6.624 0.5837 3.538, 6.7618 0.5827 3.5362, 6.624 0.5827 3.5362, 6.7618 0.5812 3.5347, 6.624 0.5812 3.5347, 6.7618 0.2795 3.2759, 6.624 0.2795 3.2759, 6.624 0.2114 3.2034, 6.7618 0.2114 3.2034, 6.624 0.1604 3.118, 6.7618 0.1604 3.118, 6.624 0.1288 3.0237, 6.7618 0.1288 3.0237, 6.624 0.1181 2.9248, 6.7618 0.1181 2.9248, 6.7618 0.1181 2.6429, 6.624 0.1181 2.6429, 6.624 0.1251 2.5626, 6.7618 0.1251 2.5626, 6.624 0.146 2.4847, 6.7618 0.146 2.4847, 6.624 0.1801 2.4116, 6.7618 0.1801 2.4116, 6.7618 0.7577 1.4112, 6.624 0.7577 1.4112, 6.7618 0.7816 1.3599, 6.624 0.7816 1.3599, 6.7618 0.7962 1.3052, 6.624 0.7962 1.3052, 6.7618 0.8012 1.2488, 6.624 0.8012 1.2488, 6.7618 0.8012 0.3701, 6.624 0.8012 0.3701, 6.7618 0.7968 0.337, 6.624 0.7968 0.337, 6.7618 0.784 0.3061, 6.624 0.784 0.3061, 6.7618 0.7637 0.2796, 6.624 0.7637 0.2796, 6.7618 0.7372 0.2593, 6.624 0.7372 0.2593, 6.7618 0.7063 0.2465, 6.624 0.7063 0.2465, 6.7618 0.6732 0.2421, 6.624 0.6732 0.2421, 6.624 0.6004 0.2325, 6.7618 0.6004 0.2325, 6.624 0.5325 0.2044, 6.7618 0.5325 0.2044, 6.624 0.4742 0.1597, 6.7618 0.4742 0.1597, 6.624 0.4294 0.1014, 6.7618 0.4294 0.1014, 6.624 0.4013 0.0335, 6.7618 0.4013 0.0335, 5.9744 0.3917 -1.1517, 5.9744 0.3917 -0.0394, 5.8366 0.3917 -1.1517, 5.8366 0.3917 -0.0394, 5.876 0.4311 -1.2598, 5.876 0.4902 -1.2598, 5.935 0.4311 -1.2598, 5.935 0.4902 -1.2598, 5.8366 0.5295 -1.1517, 5.8366 0.5295 -0.0394, 5.9744 0.5295 -1.1517, 5.9744 0.5295 -0.0394, 5.9744 0.5344 -0.0022, 5.8366 0.5344 -0.0022, 5.9744 0.5488 0.0325, 5.8366 0.5488 0.0325, 5.9744 0.5716 0.0622, 5.8366 0.5716 0.0622, 5.9744 0.6014 0.0851, 5.8366 0.6014 0.0851, 5.9744 0.636 0.0994, 5.8366 0.636 0.0994, 5.9744 0.6732 0.1043, 5.8366 0.6732 0.1043, 5.8366 0.742 0.1134, 5.9744 0.742 0.1134, 5.8366 0.8061 0.1399, 5.9744 0.8061 0.1399, 5.8366 0.8611 0.1822, 5.9744 0.8611 0.1822, 5.8366 0.9034 0.2372, 5.9744 0.9034 0.2372, 5.8366 0.9299 0.3013, 5.9744 0.9299 0.3013, 5.8366 0.939 0.3701, 5.9744 0.939 0.3701, 5.9744 0.939 1.2488, 5.8366 0.939 1.2488, 5.8366 0.9319 1.3292, 5.9744 0.9319 1.3292, 5.8366 0.9111 1.4071, 5.9744 0.9111 1.4071, 5.8366 0.877 1.4801, 5.9744 0.877 1.4801, 5.9744 0.2994 2.4805, 5.8366 0.2994 2.4805, 5.9744 0.267 2.5589, 5.8366 0.267 2.5589, 5.9744 0.2559 2.6429, 5.8366 0.2559 2.6429, 5.9744 0.2559 2.9248, 5.8366 0.2559 2.9248, 5.9744 0.2634 2.9942, 5.8366 0.2634 2.9942, 5.9744 0.2856 3.0605, 5.8366 0.2856 3.0605, 5.9744 0.3214 3.1204, 5.8366 0.3214 3.1204, 5.9744 0.3693 3.1713, 5.8366 0.3693 3.1713, 5.9744 0.6709 3.4301, 5.8366 0.6709 3.4301, 5.8366 0.6927 3.4532, 5.9744 0.6927 3.4532, 5.8366 0.7089 3.4805, 5.9744 0.7089 3.4805, 5.8366 0.719 3.5106, 5.9744 0.719 3.5106, 5.8366 0.7224 3.5421, 5.9744 0.7224 3.5421, 5.9744 0.7224 4.1732, 5.8366 0.7224 4.1732, 5.9744 0.5846 4.1732, 5.8366 0.5846 4.1732, 5.9744 0.5846 3.5421, 5.8366 0.5846 3.5421, 5.9744 0.5844 3.54, 5.8366 0.5844 3.54, 5.9744 0.5837 3.538, 5.8366 0.5837 3.538, 5.9744 0.5827 3.5362, 5.8366 0.5827 3.5362, 5.9744 0.5812 3.5347, 5.8366 0.5812 3.5347, 5.9744 0.2795 3.2759, 5.8366 0.2795 3.2759, 5.8366 0.2114 3.2034, 5.9744 0.2114 3.2034, 5.8366 0.1604 3.118, 5.9744 0.1604 3.118, 5.8366 0.1288 3.0237, 5.9744 0.1288 3.0237, 5.8366 0.1181 2.9248, 5.9744 0.1181 2.9248, 5.9744 0.1181 2.6429, 5.8366 0.1181 2.6429, 5.8366 0.1251 2.5626, 5.9744 0.1251 2.5626, 5.8366 0.146 2.4847, 5.9744 0.146 2.4847, 5.8366 0.1801 2.4116, 5.9744 0.1801 2.4116, 5.9744 0.7577 1.4112, 5.8366 0.7577 1.4112, 5.9744 0.7816 1.3599, 5.8366 0.7816 1.3599, 5.9744 0.7962 1.3052, 5.8366 0.7962 1.3052, 5.9744 0.8012 1.2488, 5.8366 0.8012 1.2488, 5.9744 0.8012 0.3701, 5.8366 0.8012 0.3701, 5.9744 0.7968 0.337, 5.8366 0.7968 0.337, 5.9744 0.784 0.3061, 5.8366 0.784 0.3061, 5.9744 0.7637 0.2796, 5.8366 0.7637 0.2796, 5.9744 0.7372 0.2593, 5.8366 0.7372 0.2593, 5.9744 0.7063 0.2465, 5.8366 0.7063 0.2465, 5.9744 0.6732 0.2421, 5.8366 0.6732 0.2421, 5.8366 0.6004 0.2325, 5.9744 0.6004 0.2325, 5.8366 0.5325 0.2044, 5.9744 0.5325 0.2044, 5.8366 0.4742 0.1597, 5.9744 0.4742 0.1597, 5.8366 0.4294 0.1014, 5.9744 0.4294 0.1014, 5.8366 0.4013 0.0335, 5.9744 0.4013 0.0335, 5.187 0.3917 -1.1517, 5.187 0.3917 -0.0394, 5.0492 0.3917 -1.1517, 5.0492 0.3917 -0.0394, 5.0886 0.4311 -1.2598, 5.0886 0.4902 -1.2598, 5.1476 0.4311 -1.2598, 5.1476 0.4902 -1.2598, 5.0492 0.5295 -1.1517, 5.0492 0.5295 -0.0394, 5.187 0.5295 -1.1517, 5.187 0.5295 -0.0394, 5.187 0.5344 -0.0022, 5.0492 0.5344 -0.0022, 5.187 0.5488 0.0325, 5.0492 0.5488 0.0325, 5.187 0.5716 0.0622, 5.0492 0.5716 0.0622, 5.187 0.6014 0.0851, 5.0492 0.6014 0.0851, 5.187 0.636 0.0994, 5.0492 0.636 0.0994, 5.187 0.6732 0.1043, 5.0492 0.6732 0.1043, 5.0492 0.742 0.1134, 5.187 0.742 0.1134, 5.0492 0.8061 0.1399, 5.187 0.8061 0.1399, 5.0492 0.8611 0.1822, 5.187 0.8611 0.1822, 5.0492 0.9034 0.2372, 5.187 0.9034 0.2372, 5.0492 0.9299 0.3013, 5.187 0.9299 0.3013, 5.0492 0.939 0.3701, 5.187 0.939 0.3701, 5.187 0.939 1.2488, 5.0492 0.939 1.2488, 5.0492 0.9319 1.3292, 5.187 0.9319 1.3292, 5.0492 0.9111 1.4071, 5.187 0.9111 1.4071, 5.0492 0.877 1.4801, 5.187 0.877 1.4801, 5.187 0.2994 2.4805, 5.0492 0.2994 2.4805, 5.187 0.267 2.5589, 5.0492 0.267 2.5589, 5.187 0.2559 2.6429, 5.0492 0.2559 2.6429, 5.187 0.2559 2.9248, 5.0492 0.2559 2.9248, 5.187 0.2634 2.9942, 5.0492 0.2634 2.9942, 5.187 0.2856 3.0605, 5.0492 0.2856 3.0605, 5.187 0.3214 3.1204, 5.0492 0.3214 3.1204, 5.187 0.3693 3.1713, 5.0492 0.3693 3.1713, 5.187 0.6709 3.4301, 5.0492 0.6709 3.4301, 5.0492 0.6927 3.4532, 5.187 0.6927 3.4532, 5.0492 0.7089 3.4805, 5.187 0.7089 3.4805, 5.0492 0.719 3.5106, 5.187 0.719 3.5106, 5.0492 0.7224 3.5421, 5.187 0.7224 3.5421, 5.187 0.7224 4.1732, 5.0492 0.7224 4.1732, 5.187 0.5846 4.1732, 5.0492 0.5846 4.1732, 5.187 0.5846 3.5421, 5.0492 0.5846 3.5421, 5.187 0.5844 3.54, 5.0492 0.5844 3.54, 5.187 0.5837 3.538, 5.0492 0.5837 3.538, 5.187 0.5827 3.5362, 5.0492 0.5827 3.5362, 5.187 0.5812 3.5347, 5.0492 0.5812 3.5347, 5.187 0.2795 3.2759, 5.0492 0.2795 3.2759, 5.0492 0.2114 3.2034, 5.187 0.2114 3.2034, 5.0492 0.1604 3.118, 5.187 0.1604 3.118, 5.0492 0.1288 3.0237, 5.187 0.1288 3.0237, 5.0492 0.1181 2.9248, 5.187 0.1181 2.9248, 5.187 0.1181 2.6429, 5.0492 0.1181 2.6429, 5.0492 0.1251 2.5626, 5.187 0.1251 2.5626, 5.0492 0.146 2.4847, 5.187 0.146 2.4847, 5.0492 0.1801 2.4116, 5.187 0.1801 2.4116, 5.187 0.7577 1.4112, 5.0492 0.7577 1.4112, 5.187 0.7816 1.3599, 5.0492 0.7816 1.3599, 5.187 0.7962 1.3052, 5.0492 0.7962 1.3052, 5.187 0.8012 1.2488, 5.0492 0.8012 1.2488, 5.187 0.8012 0.3701, 5.0492 0.8012 0.3701, 5.187 0.7968 0.337, 5.0492 0.7968 0.337, 5.187 0.784 0.3061, 5.0492 0.784 0.3061, 5.187 0.7637 0.2796, 5.0492 0.7637 0.2796, 5.187 0.7372 0.2593, 5.0492 0.7372 0.2593, 5.187 0.7063 0.2465, 5.0492 0.7063 0.2465, 5.187 0.6732 0.2421, 5.0492 0.6732 0.2421, 5.0492 0.6004 0.2325, 5.187 0.6004 0.2325, 5.0492 0.5325 0.2044, 5.187 0.5325 0.2044, 5.0492 0.4742 0.1597, 5.187 0.4742 0.1597, 5.0492 0.4294 0.1014, 5.187 0.4294 0.1014, 5.0492 0.4013 0.0335, 5.187 0.4013 0.0335, 4.3996 0.3917 -1.1517, 4.3996 0.3917 -0.0394, 4.2618 0.3917 -1.1517, 4.2618 0.3917 -0.0394, 4.3012 0.4311 -1.2598, 4.3012 0.4902 -1.2598, 4.3602 0.4311 -1.2598, 4.3602 0.4902 -1.2598, 4.2618 0.5295 -1.1517, 4.2618 0.5295 -0.0394, 4.3996 0.5295 -1.1517, 4.3996 0.5295 -0.0394, 4.3996 0.5344 -0.0022, 4.2618 0.5344 -0.0022, 4.3996 0.5488 0.0325, 4.2618 0.5488 0.0325, 4.3996 0.5716 0.0622, 4.2618 0.5716 0.0622, 4.3996 0.6014 0.0851, 4.2618 0.6014 0.0851, 4.3996 0.636 0.0994, 4.2618 0.636 0.0994, 4.3996 0.6732 0.1043, 4.2618 0.6732 0.1043, 4.2618 0.742 0.1134, 4.3996 0.742 0.1134, 4.2618 0.8061 0.1399, 4.3996 0.8061 0.1399, 4.2618 0.8611 0.1822, 4.3996 0.8611 0.1822, 4.2618 0.9034 0.2372, 4.3996 0.9034 0.2372, 4.2618 0.9299 0.3013, 4.3996 0.9299 0.3013, 4.2618 0.939 0.3701, 4.3996 0.939 0.3701, 4.3996 0.939 1.2488, 4.2618 0.939 1.2488, 4.2618 0.9319 1.3292, 4.3996 0.9319 1.3292, 4.2618 0.9111 1.4071, 4.3996 0.9111 1.4071, 4.2618 0.877 1.4801, 4.3996 0.877 1.4801, 4.3996 0.2994 2.4805, 4.2618 0.2994 2.4805, 4.3996 0.267 2.5589, 4.2618 0.267 2.5589, 4.3996 0.2559 2.6429, 4.2618 0.2559 2.6429, 4.3996 0.2559 2.9248, 4.2618 0.2559 2.9248, 4.3996 0.2634 2.9942, 4.2618 0.2634 2.9942, 4.3996 0.2856 3.0605, 4.2618 0.2856 3.0605, 4.3996 0.3214 3.1204, 4.2618 0.3214 3.1204, 4.3996 0.3693 3.1713, 4.2618 0.3693 3.1713, 4.3996 0.6709 3.4301, 4.2618 0.6709 3.4301, 4.2618 0.6927 3.4532, 4.3996 0.6927 3.4532, 4.2618 0.7089 3.4805, 4.3996 0.7089 3.4805, 4.2618 0.719 3.5106, 4.3996 0.719 3.5106, 4.2618 0.7224 3.5421, 4.3996 0.7224 3.5421, 4.3996 0.7224 4.1732, 4.2618 0.7224 4.1732, 4.3996 0.5846 4.1732, 4.2618 0.5846 4.1732, 4.3996 0.5846 3.5421, 4.2618 0.5846 3.5421, 4.3996 0.5844 3.54, 4.2618 0.5844 3.54, 4.3996 0.5837 3.538, 4.2618 0.5837 3.538, 4.3996 0.5827 3.5362, 4.2618 0.5827 3.5362, 4.3996 0.5812 3.5347, 4.2618 0.5812 3.5347, 4.3996 0.2795 3.2759, 4.2618 0.2795 3.2759, 4.2618 0.2114 3.2034, 4.3996 0.2114 3.2034, 4.2618 0.1604 3.118, 4.3996 0.1604 3.118, 4.2618 0.1288 3.0237, 4.3996 0.1288 3.0237, 4.2618 0.1181 2.9248, 4.3996 0.1181 2.9248, 4.3996 0.1181 2.6429, 4.2618 0.1181 2.6429, 4.2618 0.1251 2.5626, 4.3996 0.1251 2.5626, 4.2618 0.146 2.4847, 4.3996 0.146 2.4847, 4.2618 0.1801 2.4116, 4.3996 0.1801 2.4116, 4.3996 0.7577 1.4112, 4.2618 0.7577 1.4112, 4.3996 0.7816 1.3599, 4.2618 0.7816 1.3599, 4.3996 0.7962 1.3052, 4.2618 0.7962 1.3052, 4.3996 0.8012 1.2488, 4.2618 0.8012 1.2488, 4.3996 0.8012 0.3701, 4.2618 0.8012 0.3701, 4.3996 0.7968 0.337, 4.2618 0.7968 0.337, 4.3996 0.784 0.3061, 4.2618 0.784 0.3061, 4.3996 0.7637 0.2796, 4.2618 0.7637 0.2796, 4.3996 0.7372 0.2593, 4.2618 0.7372 0.2593, 4.3996 0.7063 0.2465, 4.2618 0.7063 0.2465, 4.3996 0.6732 0.2421, 4.2618 0.6732 0.2421, 4.2618 0.6004 0.2325, 4.3996 0.6004 0.2325, 4.2618 0.5325 0.2044, 4.3996 0.5325 0.2044, 4.2618 0.4742 0.1597, 4.3996 0.4742 0.1597, 4.2618 0.4294 0.1014, 4.3996 0.4294 0.1014, 4.2618 0.4013 0.0335, 4.3996 0.4013 0.0335, 3.6122 0.3917 -1.1517, 3.6122 0.3917 -0.0394, 3.4744 0.3917 -1.1517, 3.4744 0.3917 -0.0394, 3.5138 0.4311 -1.2598, 3.5138 0.4902 -1.2598, 3.5728 0.4311 -1.2598, 3.5728 0.4902 -1.2598, 3.4744 0.5295 -1.1517, 3.4744 0.5295 -0.0394, 3.6122 0.5295 -1.1517, 3.6122 0.5295 -0.0394, 3.6122 0.5344 -0.0022, 3.4744 0.5344 -0.0022, 3.6122 0.5488 0.0325, 3.4744 0.5488 0.0325, 3.6122 0.5716 0.0622, 3.4744 0.5716 0.0622, 3.6122 0.6014 0.0851, 3.4744 0.6014 0.0851, 3.6122 0.636 0.0994, 3.4744 0.636 0.0994, 3.6122 0.6732 0.1043, 3.4744 0.6732 0.1043, 3.4744 0.742 0.1134, 3.6122 0.742 0.1134, 3.4744 0.8061 0.1399, 3.6122 0.8061 0.1399, 3.4744 0.8611 0.1822, 3.6122 0.8611 0.1822, 3.4744 0.9034 0.2372, 3.6122 0.9034 0.2372, 3.4744 0.9299 0.3013, 3.6122 0.9299 0.3013, 3.4744 0.939 0.3701, 3.6122 0.939 0.3701, 3.6122 0.939 1.2488, 3.4744 0.939 1.2488, 3.4744 0.9319 1.3292, 3.6122 0.9319 1.3292, 3.4744 0.9111 1.4071, 3.6122 0.9111 1.4071, 3.4744 0.877 1.4801, 3.6122 0.877 1.4801, 3.6122 0.2994 2.4805, 3.4744 0.2994 2.4805, 3.6122 0.267 2.5589, 3.4744 0.267 2.5589, 3.6122 0.2559 2.6429, 3.4744 0.2559 2.6429, 3.6122 0.2559 2.9248, 3.4744 0.2559 2.9248, 3.6122 0.2634 2.9942, 3.4744 0.2634 2.9942, 3.6122 0.2856 3.0605, 3.4744 0.2856 3.0605, 3.6122 0.3214 3.1204, 3.4744 0.3214 3.1204, 3.6122 0.3693 3.1713, 3.4744 0.3693 3.1713, 3.6122 0.6709 3.4301, 3.4744 0.6709 3.4301, 3.4744 0.6927 3.4532, 3.6122 0.6927 3.4532, 3.4744 0.7089 3.4805, 3.6122 0.7089 3.4805, 3.4744 0.719 3.5106, 3.6122 0.719 3.5106, 3.4744 0.7224 3.5421, 3.6122 0.7224 3.5421, 3.6122 0.7224 4.1732, 3.4744 0.7224 4.1732, 3.6122 0.5846 4.1732, 3.4744 0.5846 4.1732, 3.6122 0.5846 3.5421, 3.4744 0.5846 3.5421, 3.6122 0.5844 3.54, 3.4744 0.5844 3.54, 3.6122 0.5837 3.538, 3.4744 0.5837 3.538, 3.6122 0.5827 3.5362, 3.4744 0.5827 3.5362, 3.6122 0.5812 3.5347, 3.4744 0.5812 3.5347, 3.6122 0.2795 3.2759, 3.4744 0.2795 3.2759, 3.4744 0.2114 3.2034, 3.6122 0.2114 3.2034, 3.4744 0.1604 3.118, 3.6122 0.1604 3.118, 3.4744 0.1288 3.0237, 3.6122 0.1288 3.0237, 3.4744 0.1181 2.9248, 3.6122 0.1181 2.9248, 3.6122 0.1181 2.6429, 3.4744 0.1181 2.6429, 3.4744 0.1251 2.5626, 3.6122 0.1251 2.5626, 3.4744 0.146 2.4847, 3.6122 0.146 2.4847, 3.4744 0.1801 2.4116, 3.6122 0.1801 2.4116, 3.6122 0.7577 1.4112, 3.4744 0.7577 1.4112, 3.6122 0.7816 1.3599, 3.4744 0.7816 1.3599, 3.6122 0.7962 1.3052, 3.4744 0.7962 1.3052, 3.6122 0.8012 1.2488, 3.4744 0.8012 1.2488, 3.6122 0.8012 0.3701, 3.4744 0.8012 0.3701, 3.6122 0.7968 0.337, 3.4744 0.7968 0.337, 3.6122 0.784 0.3061, 3.4744 0.784 0.3061, 3.6122 0.7637 0.2796, 3.4744 0.7637 0.2796, 3.6122 0.7372 0.2593, 3.4744 0.7372 0.2593, 3.6122 0.7063 0.2465, 3.4744 0.7063 0.2465, 3.6122 0.6732 0.2421, 3.4744 0.6732 0.2421, 3.4744 0.6004 0.2325, 3.6122 0.6004 0.2325, 3.4744 0.5325 0.2044, 3.6122 0.5325 0.2044, 3.4744 0.4742 0.1597, 3.6122 0.4742 0.1597, 3.4744 0.4294 0.1014, 3.6122 0.4294 0.1014, 3.4744 0.4013 0.0335, 3.6122 0.4013 0.0335, 2.8248 0.3917 -1.1517, 2.8248 0.3917 -0.0394, 2.687 0.3917 -1.1517, 2.687 0.3917 -0.0394, 2.7264 0.4311 -1.2598, 2.7264 0.4902 -1.2598, 2.7854 0.4311 -1.2598, 2.7854 0.4902 -1.2598, 2.687 0.5295 -1.1517, 2.687 0.5295 -0.0394, 2.8248 0.5295 -1.1517, 2.8248 0.5295 -0.0394, 2.8248 0.5344 -0.0022, 2.687 0.5344 -0.0022, 2.8248 0.5488 0.0325, 2.687 0.5488 0.0325, 2.8248 0.5716 0.0622, 2.687 0.5716 0.0622, 2.8248 0.6014 0.0851, 2.687 0.6014 0.0851, 2.8248 0.636 0.0994, 2.687 0.636 0.0994, 2.8248 0.6732 0.1043, 2.687 0.6732 0.1043, 2.687 0.742 0.1134, 2.8248 0.742 0.1134, 2.687 0.8061 0.1399, 2.8248 0.8061 0.1399, 2.687 0.8611 0.1822, 2.8248 0.8611 0.1822, 2.687 0.9034 0.2372, 2.8248 0.9034 0.2372, 2.687 0.9299 0.3013, 2.8248 0.9299 0.3013, 2.687 0.939 0.3701, 2.8248 0.939 0.3701, 2.8248 0.939 1.2488, 2.687 0.939 1.2488, 2.687 0.9319 1.3292, 2.8248 0.9319 1.3292, 2.687 0.9111 1.4071, 2.8248 0.9111 1.4071, 2.687 0.877 1.4801, 2.8248 0.877 1.4801, 2.8248 0.2994 2.4805, 2.687 0.2994 2.4805, 2.8248 0.267 2.5589, 2.687 0.267 2.5589, 2.8248 0.2559 2.6429, 2.687 0.2559 2.6429, 2.8248 0.2559 2.9248, 2.687 0.2559 2.9248, 2.8248 0.2634 2.9942, 2.687 0.2634 2.9942, 2.8248 0.2856 3.0605, 2.687 0.2856 3.0605, 2.8248 0.3214 3.1204, 2.687 0.3214 3.1204, 2.8248 0.3693 3.1713, 2.687 0.3693 3.1713, 2.8248 0.6709 3.4301, 2.687 0.6709 3.4301, 2.687 0.6927 3.4532, 2.8248 0.6927 3.4532, 2.687 0.7089 3.4805, 2.8248 0.7089 3.4805, 2.687 0.719 3.5106, 2.8248 0.719 3.5106, 2.687 0.7224 3.5421, 2.8248 0.7224 3.5421, 2.8248 0.7224 4.1732, 2.687 0.7224 4.1732, 2.8248 0.5846 4.1732, 2.687 0.5846 4.1732, 2.8248 0.5846 3.5421, 2.687 0.5846 3.5421, 2.8248 0.5844 3.54, 2.687 0.5844 3.54, 2.8248 0.5837 3.538, 2.687 0.5837 3.538, 2.8248 0.5827 3.5362, 2.687 0.5827 3.5362, 2.8248 0.5812 3.5347, 2.687 0.5812 3.5347, 2.8248 0.2795 3.2759, 2.687 0.2795 3.2759, 2.687 0.2114 3.2034, 2.8248 0.2114 3.2034, 2.687 0.1604 3.118, 2.8248 0.1604 3.118, 2.687 0.1288 3.0237, 2.8248 0.1288 3.0237, 2.687 0.1181 2.9248, 2.8248 0.1181 2.9248, 2.8248 0.1181 2.6429, 2.687 0.1181 2.6429, 2.687 0.1251 2.5626, 2.8248 0.1251 2.5626, 2.687 0.146 2.4847, 2.8248 0.146 2.4847, 2.687 0.1801 2.4116, 2.8248 0.1801 2.4116, 2.8248 0.7577 1.4112, 2.687 0.7577 1.4112, 2.8248 0.7816 1.3599, 2.687 0.7816 1.3599, 2.8248 0.7962 1.3052, 2.687 0.7962 1.3052, 2.8248 0.8012 1.2488, 2.687 0.8012 1.2488, 2.8248 0.8012 0.3701, 2.687 0.8012 0.3701, 2.8248 0.7968 0.337, 2.687 0.7968 0.337, 2.8248 0.784 0.3061, 2.687 0.784 0.3061, 2.8248 0.7637 0.2796, 2.687 0.7637 0.2796, 2.8248 0.7372 0.2593, 2.687 0.7372 0.2593, 2.8248 0.7063 0.2465, 2.687 0.7063 0.2465, 2.8248 0.6732 0.2421, 2.687 0.6732 0.2421, 2.687 0.6004 0.2325, 2.8248 0.6004 0.2325, 2.687 0.5325 0.2044, 2.8248 0.5325 0.2044, 2.687 0.4742 0.1597, 2.8248 0.4742 0.1597, 2.687 0.4294 0.1014, 2.8248 0.4294 0.1014, 2.687 0.4013 0.0335, 2.8248 0.4013 0.0335, 2.0374 0.3917 -1.1517, 2.0374 0.3917 -0.0394, 1.8996 0.3917 -1.1517, 1.8996 0.3917 -0.0394, 1.939 0.4311 -1.2598, 1.939 0.4902 -1.2598, 1.998 0.4311 -1.2598, 1.998 0.4902 -1.2598, 1.8996 0.5295 -1.1517, 1.8996 0.5295 -0.0394, 2.0374 0.5295 -1.1517, 2.0374 0.5295 -0.0394, 2.0374 0.5344 -0.0022, 1.8996 0.5344 -0.0022, 2.0374 0.5488 0.0325, 1.8996 0.5488 0.0325, 2.0374 0.5716 0.0622, 1.8996 0.5716 0.0622, 2.0374 0.6014 0.0851, 1.8996 0.6014 0.0851, 2.0374 0.636 0.0994, 1.8996 0.636 0.0994, 2.0374 0.6732 0.1043, 1.8996 0.6732 0.1043, 1.8996 0.742 0.1134, 2.0374 0.742 0.1134, 1.8996 0.8061 0.1399, 2.0374 0.8061 0.1399, 1.8996 0.8611 0.1822, 2.0374 0.8611 0.1822, 1.8996 0.9034 0.2372, 2.0374 0.9034 0.2372, 1.8996 0.9299 0.3013, 2.0374 0.9299 0.3013, 1.8996 0.939 0.3701, 2.0374 0.939 0.3701, 2.0374 0.939 1.2488, 1.8996 0.939 1.2488, 1.8996 0.9319 1.3292, 2.0374 0.9319 1.3292, 1.8996 0.9111 1.4071, 2.0374 0.9111 1.4071, 1.8996 0.877 1.4801, 2.0374 0.877 1.4801, 2.0374 0.2994 2.4805, 1.8996 0.2994 2.4805, 2.0374 0.267 2.5589, 1.8996 0.267 2.5589, 2.0374 0.2559 2.6429, 1.8996 0.2559 2.6429, 2.0374 0.2559 2.9248, 1.8996 0.2559 2.9248, 2.0374 0.2634 2.9942, 1.8996 0.2634 2.9942, 2.0374 0.2856 3.0605, 1.8996 0.2856 3.0605, 2.0374 0.3214 3.1204, 1.8996 0.3214 3.1204, 2.0374 0.3693 3.1713, 1.8996 0.3693 3.1713, 2.0374 0.6709 3.4301, 1.8996 0.6709 3.4301, 1.8996 0.6927 3.4532, 2.0374 0.6927 3.4532, 1.8996 0.7089 3.4805, 2.0374 0.7089 3.4805, 1.8996 0.719 3.5106, 2.0374 0.719 3.5106, 1.8996 0.7224 3.5421, 2.0374 0.7224 3.5421, 2.0374 0.7224 4.1732, 1.8996 0.7224 4.1732, 2.0374 0.5846 4.1732, 1.8996 0.5846 4.1732, 2.0374 0.5846 3.5421, 1.8996 0.5846 3.5421, 2.0374 0.5844 3.54, 1.8996 0.5844 3.54, 2.0374 0.5837 3.538, 1.8996 0.5837 3.538, 2.0374 0.5827 3.5362, 1.8996 0.5827 3.5362, 2.0374 0.5812 3.5347, 1.8996 0.5812 3.5347, 2.0374 0.2795 3.2759, 1.8996 0.2795 3.2759, 1.8996 0.2114 3.2034, 2.0374 0.2114 3.2034, 1.8996 0.1604 3.118, 2.0374 0.1604 3.118, 1.8996 0.1288 3.0237, 2.0374 0.1288 3.0237, 1.8996 0.1181 2.9248, 2.0374 0.1181 2.9248, 2.0374 0.1181 2.6429, 1.8996 0.1181 2.6429, 1.8996 0.1251 2.5626, 2.0374 0.1251 2.5626, 1.8996 0.146 2.4847, 2.0374 0.146 2.4847, 1.8996 0.1801 2.4116, 2.0374 0.1801 2.4116, 2.0374 0.7577 1.4112, 1.8996 0.7577 1.4112, 2.0374 0.7816 1.3599, 1.8996 0.7816 1.3599, 2.0374 0.7962 1.3052, 1.8996 0.7962 1.3052, 2.0374 0.8012 1.2488, 1.8996 0.8012 1.2488, 2.0374 0.8012 0.3701, 1.8996 0.8012 0.3701, 2.0374 0.7968 0.337, 1.8996 0.7968 0.337, 2.0374 0.784 0.3061, 1.8996 0.784 0.3061, 2.0374 0.7637 0.2796, 1.8996 0.7637 0.2796, 2.0374 0.7372 0.2593, 1.8996 0.7372 0.2593, 2.0374 0.7063 0.2465, 1.8996 0.7063 0.2465, 2.0374 0.6732 0.2421, 1.8996 0.6732 0.2421, 1.8996 0.6004 0.2325, 2.0374 0.6004 0.2325, 1.8996 0.5325 0.2044, 2.0374 0.5325 0.2044, 1.8996 0.4742 0.1597, 2.0374 0.4742 0.1597, 1.8996 0.4294 0.1014, 2.0374 0.4294 0.1014, 1.8996 0.4013 0.0335, 2.0374 0.4013 0.0335, 1.25 0.3917 -1.1517, 1.25 0.3917 -0.0394, 1.1122 0.3917 -1.1517, 1.1122 0.3917 -0.0394, 1.1516 0.4311 -1.2598, 1.1516 0.4902 -1.2598, 1.2106 0.4311 -1.2598, 1.2106 0.4902 -1.2598, 1.1122 0.5295 -1.1517, 1.1122 0.5295 -0.0394, 1.25 0.5295 -1.1517, 1.25 0.5295 -0.0394, 1.25 0.5344 -0.0022, 1.1122 0.5344 -0.0022, 1.25 0.5488 0.0325, 1.1122 0.5488 0.0325, 1.25 0.5716 0.0622, 1.1122 0.5716 0.0622, 1.25 0.6014 0.0851, 1.1122 0.6014 0.0851, 1.25 0.636 0.0994, 1.1122 0.636 0.0994, 1.25 0.6732 0.1043, 1.1122 0.6732 0.1043, 1.1122 0.742 0.1134, 1.25 0.742 0.1134, 1.1122 0.8061 0.1399, 1.25 0.8061 0.1399, 1.1122 0.8611 0.1822, 1.25 0.8611 0.1822, 1.1122 0.9034 0.2372, 1.25 0.9034 0.2372, 1.1122 0.9299 0.3013, 1.25 0.9299 0.3013, 1.1122 0.939 0.3701, 1.25 0.939 0.3701, 1.25 0.939 1.2488, 1.1122 0.939 1.2488, 1.1122 0.9319 1.3292, 1.25 0.9319 1.3292, 1.1122 0.9111 1.4071, 1.25 0.9111 1.4071, 1.1122 0.877 1.4801, 1.25 0.877 1.4801, 1.25 0.2994 2.4805, 1.1122 0.2994 2.4805, 1.25 0.267 2.5589, 1.1122 0.267 2.5589, 1.25 0.2559 2.6429, 1.1122 0.2559 2.6429, 1.25 0.2559 2.9248, 1.1122 0.2559 2.9248, 1.25 0.2634 2.9942, 1.1122 0.2634 2.9942, 1.25 0.2856 3.0605, 1.1122 0.2856 3.0605, 1.25 0.3214 3.1204, 1.1122 0.3214 3.1204, 1.25 0.3693 3.1713, 1.1122 0.3693 3.1713, 1.25 0.6709 3.4301, 1.1122 0.6709 3.4301, 1.1122 0.6927 3.4532, 1.25 0.6927 3.4532, 1.1122 0.7089 3.4805, 1.25 0.7089 3.4805, 1.1122 0.719 3.5106, 1.25 0.719 3.5106, 1.1122 0.7224 3.5421, 1.25 0.7224 3.5421, 1.25 0.7224 4.1732, 1.1122 0.7224 4.1732, 1.25 0.5846 4.1732, 1.1122 0.5846 4.1732, 1.25 0.5846 3.5421, 1.1122 0.5846 3.5421, 1.25 0.5844 3.54, 1.1122 0.5844 3.54, 1.25 0.5837 3.538, 1.1122 0.5837 3.538, 1.25 0.5827 3.5362, 1.1122 0.5827 3.5362, 1.25 0.5812 3.5347, 1.1122 0.5812 3.5347, 1.25 0.2795 3.2759, 1.1122 0.2795 3.2759, 1.1122 0.2114 3.2034, 1.25 0.2114 3.2034, 1.1122 0.1604 3.118, 1.25 0.1604 3.118, 1.1122 0.1288 3.0237, 1.25 0.1288 3.0237, 1.1122 0.1181 2.9248, 1.25 0.1181 2.9248, 1.25 0.1181 2.6429, 1.1122 0.1181 2.6429, 1.1122 0.1251 2.5626, 1.25 0.1251 2.5626, 1.1122 0.146 2.4847, 1.25 0.146 2.4847, 1.1122 0.1801 2.4116, 1.25 0.1801 2.4116, 1.25 0.7577 1.4112, 1.1122 0.7577 1.4112, 1.25 0.7816 1.3599, 1.1122 0.7816 1.3599, 1.25 0.7962 1.3052, 1.1122 0.7962 1.3052, 1.25 0.8012 1.2488, 1.1122 0.8012 1.2488, 1.25 0.8012 0.3701, 1.1122 0.8012 0.3701, 1.25 0.7968 0.337, 1.1122 0.7968 0.337, 1.25 0.784 0.3061, 1.1122 0.784 0.3061, 1.25 0.7637 0.2796, 1.1122 0.7637 0.2796, 1.25 0.7372 0.2593, 1.1122 0.7372 0.2593, 1.25 0.7063 0.2465, 1.1122 0.7063 0.2465, 1.25 0.6732 0.2421, 1.1122 0.6732 0.2421, 1.1122 0.6004 0.2325, 1.25 0.6004 0.2325, 1.1122 0.5325 0.2044, 1.25 0.5325 0.2044, 1.1122 0.4742 0.1597, 1.25 0.4742 0.1597, 1.1122 0.4294 0.1014, 1.25 0.4294 0.1014, 1.1122 0.4013 0.0335, 1.25 0.4013 0.0335, 0.4626 0.3917 -1.1517, 0.4626 0.3917 -0.0394, 0.3248 0.3917 -1.1517, 0.3248 0.3917 -0.0394, 0.3642 0.4311 -1.2598, 0.3642 0.4902 -1.2598, 0.4232 0.4311 -1.2598, 0.4232 0.4902 -1.2598, 0.3248 0.5295 -1.1517, 0.3248 0.5295 -0.0394, 0.4626 0.5295 -1.1517, 0.4626 0.5295 -0.0394, 0.4626 0.5344 -0.0022, 0.3248 0.5344 -0.0022, 0.4626 0.5488 0.0325, 0.3248 0.5488 0.0325, 0.4626 0.5716 0.0622, 0.3248 0.5716 0.0622, 0.4626 0.6014 0.0851, 0.3248 0.6014 0.0851, 0.4626 0.636 0.0994, 0.3248 0.636 0.0994, 0.4626 0.6732 0.1043, 0.3248 0.6732 0.1043, 0.3248 0.742 0.1134, 0.4626 0.742 0.1134, 0.3248 0.8061 0.1399, 0.4626 0.8061 0.1399, 0.3248 0.8611 0.1822, 0.4626 0.8611 0.1822, 0.3248 0.9034 0.2372, 0.4626 0.9034 0.2372, 0.3248 0.9299 0.3013, 0.4626 0.9299 0.3013, 0.3248 0.939 0.3701, 0.4626 0.939 0.3701, 0.4626 0.939 1.2488, 0.3248 0.939 1.2488, 0.3248 0.9319 1.3292, 0.4626 0.9319 1.3292, 0.3248 0.9111 1.4071, 0.4626 0.9111 1.4071, 0.3248 0.877 1.4801, 0.4626 0.877 1.4801, 0.4626 0.2994 2.4805, 0.3248 0.2994 2.4805, 0.4626 0.267 2.5589, 0.3248 0.267 2.5589, 0.4626 0.2559 2.6429, 0.3248 0.2559 2.6429, 0.4626 0.2559 2.9248, 0.3248 0.2559 2.9248, 0.4626 0.2634 2.9942, 0.3248 0.2634 2.9942, 0.4626 0.2856 3.0605, 0.3248 0.2856 3.0605, 0.4626 0.3214 3.1204, 0.3248 0.3214 3.1204, 0.4626 0.3693 3.1713, 0.3248 0.3693 3.1713, 0.4626 0.6709 3.4301, 0.3248 0.6709 3.4301, 0.3248 0.6927 3.4532, 0.4626 0.6927 3.4532, 0.3248 0.7089 3.4805, 0.4626 0.7089 3.4805, 0.3248 0.719 3.5106, 0.4626 0.719 3.5106, 0.3248 0.7224 3.5421, 0.4626 0.7224 3.5421, 0.4626 0.7224 4.1732, 0.3248 0.7224 4.1732, 0.4626 0.5846 4.1732, 0.3248 0.5846 4.1732, 0.4626 0.5846 3.5421, 0.3248 0.5846 3.5421, 0.4626 0.5844 3.54, 0.3248 0.5844 3.54, 0.4626 0.5837 3.538, 0.3248 0.5837 3.538, 0.4626 0.5827 3.5362, 0.3248 0.5827 3.5362, 0.4626 0.5812 3.5347, 0.3248 0.5812 3.5347, 0.4626 0.2795 3.2759, 0.3248 0.2795 3.2759, 0.3248 0.2114 3.2034, 0.4626 0.2114 3.2034, 0.3248 0.1604 3.118, 0.4626 0.1604 3.118, 0.3248 0.1288 3.0237, 0.4626 0.1288 3.0237, 0.3248 0.1181 2.9248, 0.4626 0.1181 2.9248, 0.4626 0.1181 2.6429, 0.3248 0.1181 2.6429, 0.3248 0.1251 2.5626, 0.4626 0.1251 2.5626, 0.3248 0.146 2.4847, 0.4626 0.146 2.4847, 0.3248 0.1801 2.4116, 0.4626 0.1801 2.4116, 0.4626 0.7577 1.4112, 0.3248 0.7577 1.4112, 0.4626 0.7816 1.3599, 0.3248 0.7816 1.3599, 0.4626 0.7962 1.3052, 0.3248 0.7962 1.3052, 0.4626 0.8012 1.2488, 0.3248 0.8012 1.2488, 0.4626 0.8012 0.3701, 0.3248 0.8012 0.3701, 0.4626 0.7968 0.337, 0.3248 0.7968 0.337, 0.4626 0.784 0.3061, 0.3248 0.784 0.3061, 0.4626 0.7637 0.2796, 0.3248 0.7637 0.2796, 0.4626 0.7372 0.2593, 0.3248 0.7372 0.2593, 0.4626 0.7063 0.2465, 0.3248 0.7063 0.2465, 0.4626 0.6732 0.2421, 0.3248 0.6732 0.2421, 0.3248 0.6004 0.2325, 0.4626 0.6004 0.2325, 0.3248 0.5325 0.2044, 0.4626 0.5325 0.2044, 0.3248 0.4742 0.1597, 0.4626 0.4742 0.1597, 0.3248 0.4294 0.1014, 0.4626 0.4294 0.1014, 0.3248 0.4013 0.0335, 0.4626 0.4013 0.0335, -0.3248 0.3917 -1.1517, -0.3248 0.3917 -0.0394, -0.4626 0.3917 -1.1517, -0.4626 0.3917 -0.0394, -0.4232 0.4311 -1.2598, -0.4232 0.4902 -1.2598, -0.3642 0.4311 -1.2598, -0.3642 0.4902 -1.2598, -0.4626 0.5295 -1.1517, -0.4626 0.5295 -0.0394, -0.3248 0.5295 -1.1517, -0.3248 0.5295 -0.0394, -0.3248 0.5344 -0.0022, -0.4626 0.5344 -0.0022, -0.3248 0.5488 0.0325, -0.4626 0.5488 0.0325, -0.3248 0.5716 0.0622, -0.4626 0.5716 0.0622, -0.3248 0.6014 0.0851, -0.4626 0.6014 0.0851, -0.3248 0.636 0.0994, -0.4626 0.636 0.0994, -0.3248 0.6732 0.1043, -0.4626 0.6732 0.1043, -0.4626 0.742 0.1134, -0.3248 0.742 0.1134, -0.4626 0.8061 0.1399, -0.3248 0.8061 0.1399, -0.4626 0.8611 0.1822, -0.3248 0.8611 0.1822, -0.4626 0.9034 0.2372, -0.3248 0.9034 0.2372, -0.4626 0.9299 0.3013, -0.3248 0.9299 0.3013, -0.4626 0.939 0.3701, -0.3248 0.939 0.3701, -0.3248 0.939 1.2488, -0.4626 0.939 1.2488, -0.4626 0.9319 1.3292, -0.3248 0.9319 1.3292, -0.4626 0.9111 1.4071, -0.3248 0.9111 1.4071, -0.4626 0.877 1.4801, -0.3248 0.877 1.4801, -0.3248 0.2994 2.4805, -0.4626 0.2994 2.4805, -0.3248 0.267 2.5589, -0.4626 0.267 2.5589, -0.3248 0.2559 2.6429, -0.4626 0.2559 2.6429, -0.3248 0.2559 2.9248, -0.4626 0.2559 2.9248, -0.3248 0.2634 2.9942, -0.4626 0.2634 2.9942, -0.3248 0.2856 3.0605, -0.4626 0.2856 3.0605, -0.3248 0.3214 3.1204, -0.4626 0.3214 3.1204, -0.3248 0.3693 3.1713, -0.4626 0.3693 3.1713, -0.3248 0.6709 3.4301, -0.4626 0.6709 3.4301, -0.4626 0.6927 3.4532, -0.3248 0.6927 3.4532, -0.4626 0.7089 3.4805, -0.3248 0.7089 3.4805, -0.4626 0.719 3.5106, -0.3248 0.719 3.5106, -0.4626 0.7224 3.5421, -0.3248 0.7224 3.5421, -0.3248 0.7224 4.1732, -0.4626 0.7224 4.1732, -0.3248 0.5846 4.1732, -0.4626 0.5846 4.1732, -0.3248 0.5846 3.5421, -0.4626 0.5846 3.5421, -0.3248 0.5844 3.54, -0.4626 0.5844 3.54, -0.3248 0.5837 3.538, -0.4626 0.5837 3.538, -0.3248 0.5827 3.5362, -0.4626 0.5827 3.5362, -0.3248 0.5812 3.5347, -0.4626 0.5812 3.5347, -0.3248 0.2795 3.2759, -0.4626 0.2795 3.2759, -0.4626 0.2114 3.2034, -0.3248 0.2114 3.2034, -0.4626 0.1604 3.118, -0.3248 0.1604 3.118, -0.4626 0.1288 3.0237, -0.3248 0.1288 3.0237, -0.4626 0.1181 2.9248, -0.3248 0.1181 2.9248, -0.3248 0.1181 2.6429, -0.4626 0.1181 2.6429, -0.4626 0.1251 2.5626, -0.3248 0.1251 2.5626, -0.4626 0.146 2.4847, -0.3248 0.146 2.4847, -0.4626 0.1801 2.4116, -0.3248 0.1801 2.4116, -0.3248 0.7577 1.4112, -0.4626 0.7577 1.4112, -0.3248 0.7816 1.3599, -0.4626 0.7816 1.3599, -0.3248 0.7962 1.3052, -0.4626 0.7962 1.3052, -0.3248 0.8012 1.2488, -0.4626 0.8012 1.2488, -0.3248 0.8012 0.3701, -0.4626 0.8012 0.3701, -0.3248 0.7968 0.337, -0.4626 0.7968 0.337, -0.3248 0.784 0.3061, -0.4626 0.784 0.3061, -0.3248 0.7637 0.2796, -0.4626 0.7637 0.2796, -0.3248 0.7372 0.2593, -0.4626 0.7372 0.2593, -0.3248 0.7063 0.2465, -0.4626 0.7063 0.2465, -0.3248 0.6732 0.2421, -0.4626 0.6732 0.2421, -0.4626 0.6004 0.2325, -0.3248 0.6004 0.2325, -0.4626 0.5325 0.2044, -0.3248 0.5325 0.2044, -0.4626 0.4742 0.1597, -0.3248 0.4742 0.1597, -0.4626 0.4294 0.1014, -0.3248 0.4294 0.1014, -0.4626 0.4013 0.0335, -0.3248 0.4013 0.0335, -1.1122 0.3917 -1.1517, -1.1122 0.3917 -0.0394, -1.25 0.3917 -1.1517, -1.25 0.3917 -0.0394, -1.2106 0.4311 -1.2598, -1.2106 0.4902 -1.2598, -1.1516 0.4311 -1.2598, -1.1516 0.4902 -1.2598, -1.25 0.5295 -1.1517, -1.25 0.5295 -0.0394, -1.1122 0.5295 -1.1517, -1.1122 0.5295 -0.0394, -1.1122 0.5344 -0.0022, -1.25 0.5344 -0.0022, -1.1122 0.5488 0.0325, -1.25 0.5488 0.0325, -1.1122 0.5716 0.0622, -1.25 0.5716 0.0622, -1.1122 0.6014 0.0851, -1.25 0.6014 0.0851, -1.1122 0.636 0.0994, -1.25 0.636 0.0994, -1.1122 0.6732 0.1043, -1.25 0.6732 0.1043, -1.25 0.742 0.1134, -1.1122 0.742 0.1134, -1.25 0.8061 0.1399, -1.1122 0.8061 0.1399, -1.25 0.8611 0.1822, -1.1122 0.8611 0.1822, -1.25 0.9034 0.2372, -1.1122 0.9034 0.2372, -1.25 0.9299 0.3013, -1.1122 0.9299 0.3013, -1.25 0.939 0.3701, -1.1122 0.939 0.3701, -1.1122 0.939 1.2488, -1.25 0.939 1.2488, -1.25 0.9319 1.3292, -1.1122 0.9319 1.3292, -1.25 0.9111 1.4071, -1.1122 0.9111 1.4071, -1.25 0.877 1.4801, -1.1122 0.877 1.4801, -1.1122 0.2994 2.4805, -1.25 0.2994 2.4805, -1.1122 0.267 2.5589, -1.25 0.267 2.5589, -1.1122 0.2559 2.6429, -1.25 0.2559 2.6429, -1.1122 0.2559 2.9248, -1.25 0.2559 2.9248, -1.1122 0.2634 2.9942, -1.25 0.2634 2.9942, -1.1122 0.2856 3.0605, -1.25 0.2856 3.0605, -1.1122 0.3214 3.1204, -1.25 0.3214 3.1204, -1.1122 0.3693 3.1713, -1.25 0.3693 3.1713, -1.1122 0.6709 3.4301, -1.25 0.6709 3.4301, -1.25 0.6927 3.4532, -1.1122 0.6927 3.4532, -1.25 0.7089 3.4805, -1.1122 0.7089 3.4805, -1.25 0.719 3.5106, -1.1122 0.719 3.5106, -1.25 0.7224 3.5421, -1.1122 0.7224 3.5421, -1.1122 0.7224 4.1732, -1.25 0.7224 4.1732, -1.1122 0.5846 4.1732, -1.25 0.5846 4.1732, -1.1122 0.5846 3.5421, -1.25 0.5846 3.5421, -1.1122 0.5844 3.54, -1.25 0.5844 3.54, -1.1122 0.5837 3.538, -1.25 0.5837 3.538, -1.1122 0.5827 3.5362, -1.25 0.5827 3.5362, -1.1122 0.5812 3.5347, -1.25 0.5812 3.5347, -1.1122 0.2795 3.2759, -1.25 0.2795 3.2759, -1.25 0.2114 3.2034, -1.1122 0.2114 3.2034, -1.25 0.1604 3.118, -1.1122 0.1604 3.118, -1.25 0.1288 3.0237, -1.1122 0.1288 3.0237, -1.25 0.1181 2.9248, -1.1122 0.1181 2.9248, -1.1122 0.1181 2.6429, -1.25 0.1181 2.6429, -1.25 0.1251 2.5626, -1.1122 0.1251 2.5626, -1.25 0.146 2.4847, -1.1122 0.146 2.4847, -1.25 0.1801 2.4116, -1.1122 0.1801 2.4116, -1.1122 0.7577 1.4112, -1.25 0.7577 1.4112, -1.1122 0.7816 1.3599, -1.25 0.7816 1.3599, -1.1122 0.7962 1.3052, -1.25 0.7962 1.3052, -1.1122 0.8012 1.2488, -1.25 0.8012 1.2488, -1.1122 0.8012 0.3701, -1.25 0.8012 0.3701, -1.1122 0.7968 0.337, -1.25 0.7968 0.337, -1.1122 0.784 0.3061, -1.25 0.784 0.3061, -1.1122 0.7637 0.2796, -1.25 0.7637 0.2796, -1.1122 0.7372 0.2593, -1.25 0.7372 0.2593, -1.1122 0.7063 0.2465, -1.25 0.7063 0.2465, -1.1122 0.6732 0.2421, -1.25 0.6732 0.2421, -1.25 0.6004 0.2325, -1.1122 0.6004 0.2325, -1.25 0.5325 0.2044, -1.1122 0.5325 0.2044, -1.25 0.4742 0.1597, -1.1122 0.4742 0.1597, -1.25 0.4294 0.1014, -1.1122 0.4294 0.1014, -1.25 0.4013 0.0335, -1.1122 0.4013 0.0335, -1.8996 0.3917 -1.1517, -1.8996 0.3917 -0.0394, -2.0374 0.3917 -1.1517, -2.0374 0.3917 -0.0394, -1.998 0.4311 -1.2598, -1.998 0.4902 -1.2598, -1.939 0.4311 -1.2598, -1.939 0.4902 -1.2598, -2.0374 0.5295 -1.1517, -2.0374 0.5295 -0.0394, -1.8996 0.5295 -1.1517, -1.8996 0.5295 -0.0394, -1.8996 0.5344 -0.0022, -2.0374 0.5344 -0.0022, -1.8996 0.5488 0.0325, -2.0374 0.5488 0.0325, -1.8996 0.5716 0.0622, -2.0374 0.5716 0.0622, -1.8996 0.6014 0.0851, -2.0374 0.6014 0.0851, -1.8996 0.636 0.0994, -2.0374 0.636 0.0994, -1.8996 0.6732 0.1043, -2.0374 0.6732 0.1043, -2.0374 0.742 0.1134, -1.8996 0.742 0.1134, -2.0374 0.8061 0.1399, -1.8996 0.8061 0.1399, -2.0374 0.8611 0.1822, -1.8996 0.8611 0.1822, -2.0374 0.9034 0.2372, -1.8996 0.9034 0.2372, -2.0374 0.9299 0.3013, -1.8996 0.9299 0.3013, -2.0374 0.939 0.3701, -1.8996 0.939 0.3701, -1.8996 0.939 1.2488, -2.0374 0.939 1.2488, -2.0374 0.9319 1.3292, -1.8996 0.9319 1.3292, -2.0374 0.9111 1.4071, -1.8996 0.9111 1.4071, -2.0374 0.877 1.4801, -1.8996 0.877 1.4801, -1.8996 0.2994 2.4805, -2.0374 0.2994 2.4805, -1.8996 0.267 2.5589, -2.0374 0.267 2.5589, -1.8996 0.2559 2.6429, -2.0374 0.2559 2.6429, -1.8996 0.2559 2.9248, -2.0374 0.2559 2.9248, -1.8996 0.2634 2.9942, -2.0374 0.2634 2.9942, -1.8996 0.2856 3.0605, -2.0374 0.2856 3.0605, -1.8996 0.3214 3.1204, -2.0374 0.3214 3.1204, -1.8996 0.3693 3.1713, -2.0374 0.3693 3.1713, -1.8996 0.6709 3.4301, -2.0374 0.6709 3.4301, -2.0374 0.6927 3.4532, -1.8996 0.6927 3.4532, -2.0374 0.7089 3.4805, -1.8996 0.7089 3.4805, -2.0374 0.719 3.5106, -1.8996 0.719 3.5106, -2.0374 0.7224 3.5421, -1.8996 0.7224 3.5421, -1.8996 0.7224 4.1732, -2.0374 0.7224 4.1732, -1.8996 0.5846 4.1732, -2.0374 0.5846 4.1732, -1.8996 0.5846 3.5421, -2.0374 0.5846 3.5421, -1.8996 0.5844 3.54, -2.0374 0.5844 3.54, -1.8996 0.5837 3.538, -2.0374 0.5837 3.538, -1.8996 0.5827 3.5362, -2.0374 0.5827 3.5362, -1.8996 0.5812 3.5347, -2.0374 0.5812 3.5347, -1.8996 0.2795 3.2759, -2.0374 0.2795 3.2759, -2.0374 0.2114 3.2034, -1.8996 0.2114 3.2034, -2.0374 0.1604 3.118, -1.8996 0.1604 3.118, -2.0374 0.1288 3.0237, -1.8996 0.1288 3.0237, -2.0374 0.1181 2.9248, -1.8996 0.1181 2.9248, -1.8996 0.1181 2.6429, -2.0374 0.1181 2.6429, -2.0374 0.1251 2.5626, -1.8996 0.1251 2.5626, -2.0374 0.146 2.4847, -1.8996 0.146 2.4847, -2.0374 0.1801 2.4116, -1.8996 0.1801 2.4116, -1.8996 0.7577 1.4112, -2.0374 0.7577 1.4112, -1.8996 0.7816 1.3599, -2.0374 0.7816 1.3599, -1.8996 0.7962 1.3052, -2.0374 0.7962 1.3052, -1.8996 0.8012 1.2488, -2.0374 0.8012 1.2488, -1.8996 0.8012 0.3701, -2.0374 0.8012 0.3701, -1.8996 0.7968 0.337, -2.0374 0.7968 0.337, -1.8996 0.784 0.3061, -2.0374 0.784 0.3061, -1.8996 0.7637 0.2796, -2.0374 0.7637 0.2796, -1.8996 0.7372 0.2593, -2.0374 0.7372 0.2593, -1.8996 0.7063 0.2465, -2.0374 0.7063 0.2465, -1.8996 0.6732 0.2421, -2.0374 0.6732 0.2421, -2.0374 0.6004 0.2325, -1.8996 0.6004 0.2325, -2.0374 0.5325 0.2044, -1.8996 0.5325 0.2044, -2.0374 0.4742 0.1597, -1.8996 0.4742 0.1597, -2.0374 0.4294 0.1014, -1.8996 0.4294 0.1014, -2.0374 0.4013 0.0335, -1.8996 0.4013 0.0335, -2.687 0.3917 -1.1517, -2.687 0.3917 -0.0394, -2.8248 0.3917 -1.1517, -2.8248 0.3917 -0.0394, -2.7854 0.4311 -1.2598, -2.7854 0.4902 -1.2598, -2.7264 0.4311 -1.2598, -2.7264 0.4902 -1.2598, -2.8248 0.5295 -1.1517, -2.8248 0.5295 -0.0394, -2.687 0.5295 -1.1517, -2.687 0.5295 -0.0394, -2.687 0.5344 -0.0022, -2.8248 0.5344 -0.0022, -2.687 0.5488 0.0325, -2.8248 0.5488 0.0325, -2.687 0.5716 0.0622, -2.8248 0.5716 0.0622, -2.687 0.6014 0.0851, -2.8248 0.6014 0.0851, -2.687 0.636 0.0994, -2.8248 0.636 0.0994, -2.687 0.6732 0.1043, -2.8248 0.6732 0.1043, -2.8248 0.742 0.1134, -2.687 0.742 0.1134, -2.8248 0.8061 0.1399, -2.687 0.8061 0.1399, -2.8248 0.8611 0.1822, -2.687 0.8611 0.1822, -2.8248 0.9034 0.2372, -2.687 0.9034 0.2372, -2.8248 0.9299 0.3013, -2.687 0.9299 0.3013, -2.8248 0.939 0.3701, -2.687 0.939 0.3701, -2.687 0.939 1.2488, -2.8248 0.939 1.2488, -2.8248 0.9319 1.3292, -2.687 0.9319 1.3292, -2.8248 0.9111 1.4071, -2.687 0.9111 1.4071, -2.8248 0.877 1.4801, -2.687 0.877 1.4801, -2.687 0.2994 2.4805, -2.8248 0.2994 2.4805, -2.687 0.267 2.5589, -2.8248 0.267 2.5589, -2.687 0.2559 2.6429, -2.8248 0.2559 2.6429, -2.687 0.2559 2.9248, -2.8248 0.2559 2.9248, -2.687 0.2634 2.9942, -2.8248 0.2634 2.9942, -2.687 0.2856 3.0605, -2.8248 0.2856 3.0605, -2.687 0.3214 3.1204, -2.8248 0.3214 3.1204, -2.687 0.3693 3.1713, -2.8248 0.3693 3.1713, -2.687 0.6709 3.4301, -2.8248 0.6709 3.4301, -2.8248 0.6927 3.4532, -2.687 0.6927 3.4532, -2.8248 0.7089 3.4805, -2.687 0.7089 3.4805, -2.8248 0.719 3.5106, -2.687 0.719 3.5106, -2.8248 0.7224 3.5421, -2.687 0.7224 3.5421, -2.687 0.7224 4.1732, -2.8248 0.7224 4.1732, -2.687 0.5846 4.1732, -2.8248 0.5846 4.1732, -2.687 0.5846 3.5421, -2.8248 0.5846 3.5421, -2.687 0.5844 3.54, -2.8248 0.5844 3.54, -2.687 0.5837 3.538, -2.8248 0.5837 3.538, -2.687 0.5827 3.5362, -2.8248 0.5827 3.5362, -2.687 0.5812 3.5347, -2.8248 0.5812 3.5347, -2.687 0.2795 3.2759, -2.8248 0.2795 3.2759, -2.8248 0.2114 3.2034, -2.687 0.2114 3.2034, -2.8248 0.1604 3.118, -2.687 0.1604 3.118, -2.8248 0.1288 3.0237, -2.687 0.1288 3.0237, -2.8248 0.1181 2.9248, -2.687 0.1181 2.9248, -2.687 0.1181 2.6429, -2.8248 0.1181 2.6429, -2.8248 0.1251 2.5626, -2.687 0.1251 2.5626, -2.8248 0.146 2.4847, -2.687 0.146 2.4847, -2.8248 0.1801 2.4116, -2.687 0.1801 2.4116, -2.687 0.7577 1.4112, -2.8248 0.7577 1.4112, -2.687 0.7816 1.3599, -2.8248 0.7816 1.3599, -2.687 0.7962 1.3052, -2.8248 0.7962 1.3052, -2.687 0.8012 1.2488, -2.8248 0.8012 1.2488, -2.687 0.8012 0.3701, -2.8248 0.8012 0.3701, -2.687 0.7968 0.337, -2.8248 0.7968 0.337, -2.687 0.784 0.3061, -2.8248 0.784 0.3061, -2.687 0.7637 0.2796, -2.8248 0.7637 0.2796, -2.687 0.7372 0.2593, -2.8248 0.7372 0.2593, -2.687 0.7063 0.2465, -2.8248 0.7063 0.2465, -2.687 0.6732 0.2421, -2.8248 0.6732 0.2421, -2.8248 0.6004 0.2325, -2.687 0.6004 0.2325, -2.8248 0.5325 0.2044, -2.687 0.5325 0.2044, -2.8248 0.4742 0.1597, -2.687 0.4742 0.1597, -2.8248 0.4294 0.1014, -2.687 0.4294 0.1014, -2.8248 0.4013 0.0335, -2.687 0.4013 0.0335, 8.7303 -1.2106 -0.0394, 8.7303 -1.2106 -1.1517, 8.5925 -1.2106 -0.0394, 8.5925 -1.2106 -1.1517, 8.6319 -1.3091 -1.2598, 8.6319 -1.25 -1.2598, 8.6909 -1.3091 -1.2598, 8.6909 -1.25 -1.2598, 8.5925 -1.3484 -0.0394, 8.5925 -1.3484 -1.1517, 8.7303 -1.3484 -0.0394, 8.7303 -1.3484 -1.1517, 8.7303 -1.0669 0.2421, 8.5925 -1.0669 0.2421, 8.5925 -1.1398 0.2325, 8.7303 -1.1398 0.2325, 8.5925 -1.2077 0.2044, 8.7303 -1.2077 0.2044, 8.5925 -1.266 0.1597, 8.7303 -1.266 0.1597, 8.5925 -1.3107 0.1014, 8.7303 -1.3107 0.1014, 8.5925 -1.3388 0.0335, 8.7303 -1.3388 0.0335, 8.7303 -0.939 0.3701, 8.5925 -0.939 0.3701, 8.7303 -0.9433 0.337, 8.5925 -0.9433 0.337, 8.7303 -0.9561 0.3061, 8.5925 -0.9561 0.3061, 8.7303 -0.9765 0.2796, 8.5925 -0.9765 0.2796, 8.7303 -1.003 0.2593, 8.5925 -1.003 0.2593, 8.7303 -1.0338 0.2465, 8.5925 -1.0338 0.2465, 8.7303 -0.939 1.2488, 8.5925 -0.939 1.2488, 8.7303 -0.877 1.4801, 8.5925 -0.877 1.4801, 8.5925 -0.9111 1.4071, 8.7303 -0.9111 1.4071, 8.5925 -0.9319 1.3292, 8.7303 -0.9319 1.3292, 8.7303 -0.2994 2.4805, 8.5925 -0.2994 2.4805, 8.7303 -0.2559 2.6429, 8.5925 -0.2559 2.6429, 8.7303 -0.2608 2.5865, 8.5925 -0.2608 2.5865, 8.7303 -0.2755 2.5319, 8.5925 -0.2755 2.5319, 8.7303 -0.2559 2.9248, 8.5925 -0.2559 2.9248, 8.7303 -0.3693 3.1713, 8.5925 -0.3693 3.1713, 8.7303 -0.3214 3.1204, 8.5925 -0.3214 3.1204, 8.7303 -0.2856 3.0605, 8.5925 -0.2856 3.0605, 8.7303 -0.2634 2.9942, 8.5925 -0.2634 2.9942, 8.7303 -0.6709 3.4301, 8.5925 -0.6709 3.4301, 8.7303 -0.7224 3.5421, 8.5925 -0.7224 3.5421, 8.5925 -0.719 3.5106, 8.7303 -0.719 3.5106, 8.5925 -0.7089 3.4805, 8.7303 -0.7089 3.4805, 8.5925 -0.6927 3.4532, 8.7303 -0.6927 3.4532, 8.7303 -0.7224 4.1732, 8.5925 -0.7224 4.1732, 8.7303 -0.5846 4.1732, 8.5925 -0.5846 4.1732, 8.7303 -0.5846 3.5421, 8.5925 -0.5846 3.5421, 8.7303 -0.5812 3.5347, 8.5925 -0.5812 3.5347, 8.7303 -0.5827 3.5362, 8.5925 -0.5827 3.5362, 8.7303 -0.5837 3.538, 8.5925 -0.5837 3.538, 8.7303 -0.5844 3.54, 8.5925 -0.5844 3.54, 8.7303 -0.2795 3.2759, 8.5925 -0.2795 3.2759, 8.7303 -0.1181 2.9248, 8.5925 -0.1181 2.9248, 8.5925 -0.1288 3.0237, 8.7303 -0.1288 3.0237, 8.5925 -0.1604 3.118, 8.7303 -0.1604 3.118, 8.5925 -0.2114 3.2034, 8.7303 -0.2114 3.2034, 8.7303 -0.1181 2.6429, 8.5925 -0.1181 2.6429, 8.7303 -0.1801 2.4116, 8.5925 -0.1801 2.4116, 8.5925 -0.146 2.4847, 8.7303 -0.146 2.4847, 8.5925 -0.1251 2.5626, 8.7303 -0.1251 2.5626, 8.7303 -0.7577 1.4112, 8.5925 -0.7577 1.4112, 8.7303 -0.8012 1.2488, 8.5925 -0.8012 1.2488, 8.7303 -0.7962 1.3052, 8.5925 -0.7962 1.3052, 8.7303 -0.7816 1.3599, 8.5925 -0.7816 1.3599, 8.7303 -0.8012 0.3701, 8.5925 -0.8012 0.3701, 8.7303 -1.0669 0.1043, 8.5925 -1.0669 0.1043, 8.5925 -0.9981 0.1134, 8.7303 -0.9981 0.1134, 8.5925 -0.9341 0.1399, 8.7303 -0.9341 0.1399, 8.5925 -0.879 0.1822, 8.7303 -0.879 0.1822, 8.5925 -0.8368 0.2372, 8.7303 -0.8368 0.2372, 8.5925 -0.8102 0.3013, 8.7303 -0.8102 0.3013, 8.7303 -1.2057 -0.0022, 8.5925 -1.2057 -0.0022, 8.7303 -1.1914 0.0325, 8.5925 -1.1914 0.0325, 8.7303 -1.1685 0.0622, 8.5925 -1.1685 0.0622, 8.7303 -1.1388 0.0851, 8.5925 -1.1388 0.0851, 8.7303 -1.1041 0.0994, 8.5925 -1.1041 0.0994, 7.9429 -1.2106 -0.0394, 7.9429 -1.2106 -1.1517, 7.8051 -1.2106 -0.0394, 7.8051 -1.2106 -1.1517, 7.8445 -1.3091 -1.2598, 7.8445 -1.25 -1.2598, 7.9035 -1.3091 -1.2598, 7.9035 -1.25 -1.2598, 7.8051 -1.3484 -0.0394, 7.8051 -1.3484 -1.1517, 7.9429 -1.3484 -0.0394, 7.9429 -1.3484 -1.1517, 7.9429 -1.0669 0.2421, 7.8051 -1.0669 0.2421, 7.8051 -1.1398 0.2325, 7.9429 -1.1398 0.2325, 7.8051 -1.2077 0.2044, 7.9429 -1.2077 0.2044, 7.8051 -1.266 0.1597, 7.9429 -1.266 0.1597, 7.8051 -1.3107 0.1014, 7.9429 -1.3107 0.1014, 7.8051 -1.3388 0.0335, 7.9429 -1.3388 0.0335, 7.9429 -0.939 0.3701, 7.8051 -0.939 0.3701, 7.9429 -0.9433 0.337, 7.8051 -0.9433 0.337, 7.9429 -0.9561 0.3061, 7.8051 -0.9561 0.3061, 7.9429 -0.9765 0.2796, 7.8051 -0.9765 0.2796, 7.9429 -1.003 0.2593, 7.8051 -1.003 0.2593, 7.9429 -1.0338 0.2465, 7.8051 -1.0338 0.2465, 7.9429 -0.939 1.2488, 7.8051 -0.939 1.2488, 7.9429 -0.877 1.4801, 7.8051 -0.877 1.4801, 7.8051 -0.9111 1.4071, 7.9429 -0.9111 1.4071, 7.8051 -0.9319 1.3292, 7.9429 -0.9319 1.3292, 7.9429 -0.2994 2.4805, 7.8051 -0.2994 2.4805, 7.9429 -0.2559 2.6429, 7.8051 -0.2559 2.6429, 7.9429 -0.2608 2.5865, 7.8051 -0.2608 2.5865, 7.9429 -0.2755 2.5319, 7.8051 -0.2755 2.5319, 7.9429 -0.2559 2.9248, 7.8051 -0.2559 2.9248, 7.9429 -0.3693 3.1713, 7.8051 -0.3693 3.1713, 7.9429 -0.3214 3.1204, 7.8051 -0.3214 3.1204, 7.9429 -0.2856 3.0605, 7.8051 -0.2856 3.0605, 7.9429 -0.2634 2.9942, 7.8051 -0.2634 2.9942, 7.9429 -0.6709 3.4301, 7.8051 -0.6709 3.4301, 7.9429 -0.7224 3.5421, 7.8051 -0.7224 3.5421, 7.8051 -0.719 3.5106, 7.9429 -0.719 3.5106, 7.8051 -0.7089 3.4805, 7.9429 -0.7089 3.4805, 7.8051 -0.6927 3.4532, 7.9429 -0.6927 3.4532, 7.9429 -0.7224 4.1732, 7.8051 -0.7224 4.1732, 7.9429 -0.5846 4.1732, 7.8051 -0.5846 4.1732, 7.9429 -0.5846 3.5421, 7.8051 -0.5846 3.5421, 7.9429 -0.5812 3.5347, 7.8051 -0.5812 3.5347, 7.9429 -0.5827 3.5362, 7.8051 -0.5827 3.5362, 7.9429 -0.5837 3.538, 7.8051 -0.5837 3.538, 7.9429 -0.5844 3.54, 7.8051 -0.5844 3.54, 7.9429 -0.2795 3.2759, 7.8051 -0.2795 3.2759, 7.9429 -0.1181 2.9248, 7.8051 -0.1181 2.9248, 7.8051 -0.1288 3.0237, 7.9429 -0.1288 3.0237, 7.8051 -0.1604 3.118, 7.9429 -0.1604 3.118, 7.8051 -0.2114 3.2034, 7.9429 -0.2114 3.2034, 7.9429 -0.1181 2.6429, 7.8051 -0.1181 2.6429, 7.9429 -0.1801 2.4116, 7.8051 -0.1801 2.4116, 7.8051 -0.146 2.4847, 7.9429 -0.146 2.4847, 7.8051 -0.1251 2.5626, 7.9429 -0.1251 2.5626, 7.9429 -0.7577 1.4112, 7.8051 -0.7577 1.4112, 7.9429 -0.8012 1.2488, 7.8051 -0.8012 1.2488, 7.9429 -0.7962 1.3052, 7.8051 -0.7962 1.3052, 7.9429 -0.7816 1.3599, 7.8051 -0.7816 1.3599, 7.9429 -0.8012 0.3701, 7.8051 -0.8012 0.3701, 7.9429 -1.0669 0.1043, 7.8051 -1.0669 0.1043, 7.8051 -0.9981 0.1134, 7.9429 -0.9981 0.1134, 7.8051 -0.9341 0.1399, 7.9429 -0.9341 0.1399, 7.8051 -0.879 0.1822, 7.9429 -0.879 0.1822, 7.8051 -0.8368 0.2372, 7.9429 -0.8368 0.2372, 7.8051 -0.8102 0.3013, 7.9429 -0.8102 0.3013, 7.9429 -1.2057 -0.0022, 7.8051 -1.2057 -0.0022, 7.9429 -1.1914 0.0325, 7.8051 -1.1914 0.0325, 7.9429 -1.1685 0.0622, 7.8051 -1.1685 0.0622, 7.9429 -1.1388 0.0851, 7.8051 -1.1388 0.0851, 7.9429 -1.1041 0.0994, 7.8051 -1.1041 0.0994, 7.1555 -1.2106 -0.0394, 7.1555 -1.2106 -1.1517, 7.0177 -1.2106 -0.0394, 7.0177 -1.2106 -1.1517, 7.0571 -1.3091 -1.2598, 7.0571 -1.25 -1.2598, 7.1161 -1.3091 -1.2598, 7.1161 -1.25 -1.2598, 7.0177 -1.3484 -0.0394, 7.0177 -1.3484 -1.1517, 7.1555 -1.3484 -0.0394, 7.1555 -1.3484 -1.1517, 7.1555 -1.0669 0.2421, 7.0177 -1.0669 0.2421, 7.0177 -1.1398 0.2325, 7.1555 -1.1398 0.2325, 7.0177 -1.2077 0.2044, 7.1555 -1.2077 0.2044, 7.0177 -1.266 0.1597, 7.1555 -1.266 0.1597, 7.0177 -1.3107 0.1014, 7.1555 -1.3107 0.1014, 7.0177 -1.3388 0.0335, 7.1555 -1.3388 0.0335, 7.1555 -0.939 0.3701, 7.0177 -0.939 0.3701, 7.1555 -0.9433 0.337, 7.0177 -0.9433 0.337, 7.1555 -0.9561 0.3061, 7.0177 -0.9561 0.3061, 7.1555 -0.9765 0.2796, 7.0177 -0.9765 0.2796, 7.1555 -1.003 0.2593, 7.0177 -1.003 0.2593, 7.1555 -1.0338 0.2465, 7.0177 -1.0338 0.2465, 7.1555 -0.939 1.2488, 7.0177 -0.939 1.2488, 7.1555 -0.877 1.4801, 7.0177 -0.877 1.4801, 7.0177 -0.9111 1.4071, 7.1555 -0.9111 1.4071, 7.0177 -0.9319 1.3292, 7.1555 -0.9319 1.3292, 7.1555 -0.2994 2.4805, 7.0177 -0.2994 2.4805, 7.1555 -0.2559 2.6429, 7.0177 -0.2559 2.6429, 7.1555 -0.2608 2.5865, 7.0177 -0.2608 2.5865, 7.1555 -0.2755 2.5319, 7.0177 -0.2755 2.5319, 7.1555 -0.2559 2.9248, 7.0177 -0.2559 2.9248, 7.1555 -0.3693 3.1713, 7.0177 -0.3693 3.1713, 7.1555 -0.3214 3.1204, 7.0177 -0.3214 3.1204, 7.1555 -0.2856 3.0605, 7.0177 -0.2856 3.0605, 7.1555 -0.2634 2.9942, 7.0177 -0.2634 2.9942, 7.1555 -0.6709 3.4301, 7.0177 -0.6709 3.4301, 7.1555 -0.7224 3.5421, 7.0177 -0.7224 3.5421, 7.0177 -0.719 3.5106, 7.1555 -0.719 3.5106, 7.0177 -0.7089 3.4805, 7.1555 -0.7089 3.4805, 7.0177 -0.6927 3.4532, 7.1555 -0.6927 3.4532, 7.1555 -0.7224 4.1732, 7.0177 -0.7224 4.1732, 7.1555 -0.5846 4.1732, 7.0177 -0.5846 4.1732, 7.1555 -0.5846 3.5421, 7.0177 -0.5846 3.5421, 7.1555 -0.5812 3.5347, 7.0177 -0.5812 3.5347, 7.1555 -0.5827 3.5362, 7.0177 -0.5827 3.5362, 7.1555 -0.5837 3.538, 7.0177 -0.5837 3.538, 7.1555 -0.5844 3.54, 7.0177 -0.5844 3.54, 7.1555 -0.2795 3.2759, 7.0177 -0.2795 3.2759, 7.1555 -0.1181 2.9248, 7.0177 -0.1181 2.9248, 7.0177 -0.1288 3.0237, 7.1555 -0.1288 3.0237, 7.0177 -0.1604 3.118, 7.1555 -0.1604 3.118, 7.0177 -0.2114 3.2034, 7.1555 -0.2114 3.2034, 7.1555 -0.1181 2.6429, 7.0177 -0.1181 2.6429, 7.1555 -0.1801 2.4116, 7.0177 -0.1801 2.4116, 7.0177 -0.146 2.4847, 7.1555 -0.146 2.4847, 7.0177 -0.1251 2.5626, 7.1555 -0.1251 2.5626, 7.1555 -0.7577 1.4112, 7.0177 -0.7577 1.4112, 7.1555 -0.8012 1.2488, 7.0177 -0.8012 1.2488, 7.1555 -0.7962 1.3052, 7.0177 -0.7962 1.3052, 7.1555 -0.7816 1.3599, 7.0177 -0.7816 1.3599, 7.1555 -0.8012 0.3701, 7.0177 -0.8012 0.3701, 7.1555 -1.0669 0.1043, 7.0177 -1.0669 0.1043, 7.0177 -0.9981 0.1134, 7.1555 -0.9981 0.1134, 7.0177 -0.9341 0.1399, 7.1555 -0.9341 0.1399, 7.0177 -0.879 0.1822, 7.1555 -0.879 0.1822, 7.0177 -0.8368 0.2372, 7.1555 -0.8368 0.2372, 7.0177 -0.8102 0.3013, 7.1555 -0.8102 0.3013, 7.1555 -1.2057 -0.0022, 7.0177 -1.2057 -0.0022, 7.1555 -1.1914 0.0325, 7.0177 -1.1914 0.0325, 7.1555 -1.1685 0.0622, 7.0177 -1.1685 0.0622, 7.1555 -1.1388 0.0851, 7.0177 -1.1388 0.0851, 7.1555 -1.1041 0.0994, 7.0177 -1.1041 0.0994, 6.3681 -1.2106 -0.0394, 6.3681 -1.2106 -1.1517, 6.2303 -1.2106 -0.0394, 6.2303 -1.2106 -1.1517, 6.2697 -1.3091 -1.2598, 6.2697 -1.25 -1.2598, 6.3287 -1.3091 -1.2598, 6.3287 -1.25 -1.2598, 6.2303 -1.3484 -0.0394, 6.2303 -1.3484 -1.1517, 6.3681 -1.3484 -0.0394, 6.3681 -1.3484 -1.1517, 6.3681 -1.0669 0.2421, 6.2303 -1.0669 0.2421, 6.2303 -1.1398 0.2325, 6.3681 -1.1398 0.2325, 6.2303 -1.2077 0.2044, 6.3681 -1.2077 0.2044, 6.2303 -1.266 0.1597, 6.3681 -1.266 0.1597, 6.2303 -1.3107 0.1014, 6.3681 -1.3107 0.1014, 6.2303 -1.3388 0.0335, 6.3681 -1.3388 0.0335, 6.3681 -0.939 0.3701, 6.2303 -0.939 0.3701, 6.3681 -0.9433 0.337, 6.2303 -0.9433 0.337, 6.3681 -0.9561 0.3061, 6.2303 -0.9561 0.3061, 6.3681 -0.9765 0.2796, 6.2303 -0.9765 0.2796, 6.3681 -1.003 0.2593, 6.2303 -1.003 0.2593, 6.3681 -1.0338 0.2465, 6.2303 -1.0338 0.2465, 6.3681 -0.939 1.2488, 6.2303 -0.939 1.2488, 6.3681 -0.877 1.4801, 6.2303 -0.877 1.4801, 6.2303 -0.9111 1.4071, 6.3681 -0.9111 1.4071, 6.2303 -0.9319 1.3292, 6.3681 -0.9319 1.3292, 6.3681 -0.2994 2.4805, 6.2303 -0.2994 2.4805, 6.3681 -0.2559 2.6429, 6.2303 -0.2559 2.6429, 6.3681 -0.2608 2.5865, 6.2303 -0.2608 2.5865, 6.3681 -0.2755 2.5319, 6.2303 -0.2755 2.5319, 6.3681 -0.2559 2.9248, 6.2303 -0.2559 2.9248, 6.3681 -0.3693 3.1713, 6.2303 -0.3693 3.1713, 6.3681 -0.3214 3.1204, 6.2303 -0.3214 3.1204, 6.3681 -0.2856 3.0605, 6.2303 -0.2856 3.0605, 6.3681 -0.2634 2.9942, 6.2303 -0.2634 2.9942, 6.3681 -0.6709 3.4301, 6.2303 -0.6709 3.4301, 6.3681 -0.7224 3.5421, 6.2303 -0.7224 3.5421, 6.2303 -0.719 3.5106, 6.3681 -0.719 3.5106, 6.2303 -0.7089 3.4805, 6.3681 -0.7089 3.4805, 6.2303 -0.6927 3.4532, 6.3681 -0.6927 3.4532, 6.3681 -0.7224 4.1732, 6.2303 -0.7224 4.1732, 6.3681 -0.5846 4.1732, 6.2303 -0.5846 4.1732, 6.3681 -0.5846 3.5421, 6.2303 -0.5846 3.5421, 6.3681 -0.5812 3.5347, 6.2303 -0.5812 3.5347, 6.3681 -0.5827 3.5362, 6.2303 -0.5827 3.5362, 6.3681 -0.5837 3.538, 6.2303 -0.5837 3.538, 6.3681 -0.5844 3.54, 6.2303 -0.5844 3.54, 6.3681 -0.2795 3.2759, 6.2303 -0.2795 3.2759, 6.3681 -0.1181 2.9248, 6.2303 -0.1181 2.9248, 6.2303 -0.1288 3.0237, 6.3681 -0.1288 3.0237, 6.2303 -0.1604 3.118, 6.3681 -0.1604 3.118, 6.2303 -0.2114 3.2034, 6.3681 -0.2114 3.2034, 6.3681 -0.1181 2.6429, 6.2303 -0.1181 2.6429, 6.3681 -0.1801 2.4116, 6.2303 -0.1801 2.4116, 6.2303 -0.146 2.4847, 6.3681 -0.146 2.4847, 6.2303 -0.1251 2.5626, 6.3681 -0.1251 2.5626, 6.3681 -0.7577 1.4112, 6.2303 -0.7577 1.4112, 6.3681 -0.8012 1.2488, 6.2303 -0.8012 1.2488, 6.3681 -0.7962 1.3052, 6.2303 -0.7962 1.3052, 6.3681 -0.7816 1.3599, 6.2303 -0.7816 1.3599, 6.3681 -0.8012 0.3701, 6.2303 -0.8012 0.3701, 6.3681 -1.0669 0.1043, 6.2303 -1.0669 0.1043, 6.2303 -0.9981 0.1134, 6.3681 -0.9981 0.1134, 6.2303 -0.9341 0.1399, 6.3681 -0.9341 0.1399, 6.2303 -0.879 0.1822, 6.3681 -0.879 0.1822, 6.2303 -0.8368 0.2372, 6.3681 -0.8368 0.2372, 6.2303 -0.8102 0.3013, 6.3681 -0.8102 0.3013, 6.3681 -1.2057 -0.0022, 6.2303 -1.2057 -0.0022, 6.3681 -1.1914 0.0325, 6.2303 -1.1914 0.0325, 6.3681 -1.1685 0.0622, 6.2303 -1.1685 0.0622, 6.3681 -1.1388 0.0851, 6.2303 -1.1388 0.0851, 6.3681 -1.1041 0.0994, 6.2303 -1.1041 0.0994, 5.5807 -1.2106 -0.0394, 5.5807 -1.2106 -1.1517, 5.4429 -1.2106 -0.0394, 5.4429 -1.2106 -1.1517, 5.4823 -1.3091 -1.2598, 5.4823 -1.25 -1.2598, 5.5413 -1.3091 -1.2598, 5.5413 -1.25 -1.2598, 5.4429 -1.3484 -0.0394, 5.4429 -1.3484 -1.1517, 5.5807 -1.3484 -0.0394, 5.5807 -1.3484 -1.1517, 5.5807 -1.0669 0.2421, 5.4429 -1.0669 0.2421, 5.4429 -1.1398 0.2325, 5.5807 -1.1398 0.2325, 5.4429 -1.2077 0.2044, 5.5807 -1.2077 0.2044, 5.4429 -1.266 0.1597, 5.5807 -1.266 0.1597, 5.4429 -1.3107 0.1014, 5.5807 -1.3107 0.1014, 5.4429 -1.3388 0.0335, 5.5807 -1.3388 0.0335, 5.5807 -0.939 0.3701, 5.4429 -0.939 0.3701, 5.5807 -0.9433 0.337, 5.4429 -0.9433 0.337, 5.5807 -0.9561 0.3061, 5.4429 -0.9561 0.3061, 5.5807 -0.9765 0.2796, 5.4429 -0.9765 0.2796, 5.5807 -1.003 0.2593, 5.4429 -1.003 0.2593, 5.5807 -1.0338 0.2465, 5.4429 -1.0338 0.2465, 5.5807 -0.939 1.2488, 5.4429 -0.939 1.2488, 5.5807 -0.877 1.4801, 5.4429 -0.877 1.4801, 5.4429 -0.9111 1.4071, 5.5807 -0.9111 1.4071, 5.4429 -0.9319 1.3292, 5.5807 -0.9319 1.3292, 5.5807 -0.2994 2.4805, 5.4429 -0.2994 2.4805, 5.5807 -0.2559 2.6429, 5.4429 -0.2559 2.6429, 5.5807 -0.2608 2.5865, 5.4429 -0.2608 2.5865, 5.5807 -0.2755 2.5319, 5.4429 -0.2755 2.5319, 5.5807 -0.2559 2.9248, 5.4429 -0.2559 2.9248, 5.5807 -0.3693 3.1713, 5.4429 -0.3693 3.1713, 5.5807 -0.3214 3.1204, 5.4429 -0.3214 3.1204, 5.5807 -0.2856 3.0605, 5.4429 -0.2856 3.0605, 5.5807 -0.2634 2.9942, 5.4429 -0.2634 2.9942, 5.5807 -0.6709 3.4301, 5.4429 -0.6709 3.4301, 5.5807 -0.7224 3.5421, 5.4429 -0.7224 3.5421, 5.4429 -0.719 3.5106, 5.5807 -0.719 3.5106, 5.4429 -0.7089 3.4805, 5.5807 -0.7089 3.4805, 5.4429 -0.6927 3.4532, 5.5807 -0.6927 3.4532, 5.5807 -0.7224 4.1732, 5.4429 -0.7224 4.1732, 5.5807 -0.5846 4.1732, 5.4429 -0.5846 4.1732, 5.5807 -0.5846 3.5421, 5.4429 -0.5846 3.5421, 5.5807 -0.5812 3.5347, 5.4429 -0.5812 3.5347, 5.5807 -0.5827 3.5362, 5.4429 -0.5827 3.5362, 5.5807 -0.5837 3.538, 5.4429 -0.5837 3.538, 5.5807 -0.5844 3.54, 5.4429 -0.5844 3.54, 5.5807 -0.2795 3.2759, 5.4429 -0.2795 3.2759, 5.5807 -0.1181 2.9248, 5.4429 -0.1181 2.9248, 5.4429 -0.1288 3.0237, 5.5807 -0.1288 3.0237, 5.4429 -0.1604 3.118, 5.5807 -0.1604 3.118, 5.4429 -0.2114 3.2034, 5.5807 -0.2114 3.2034, 5.5807 -0.1181 2.6429, 5.4429 -0.1181 2.6429, 5.5807 -0.1801 2.4116, 5.4429 -0.1801 2.4116, 5.4429 -0.146 2.4847, 5.5807 -0.146 2.4847, 5.4429 -0.1251 2.5626, 5.5807 -0.1251 2.5626, 5.5807 -0.7577 1.4112, 5.4429 -0.7577 1.4112, 5.5807 -0.8012 1.2488, 5.4429 -0.8012 1.2488, 5.5807 -0.7962 1.3052, 5.4429 -0.7962 1.3052, 5.5807 -0.7816 1.3599, 5.4429 -0.7816 1.3599, 5.5807 -0.8012 0.3701, 5.4429 -0.8012 0.3701, 5.5807 -1.0669 0.1043, 5.4429 -1.0669 0.1043, 5.4429 -0.9981 0.1134, 5.5807 -0.9981 0.1134, 5.4429 -0.9341 0.1399, 5.5807 -0.9341 0.1399, 5.4429 -0.879 0.1822, 5.5807 -0.879 0.1822, 5.4429 -0.8368 0.2372, 5.5807 -0.8368 0.2372, 5.4429 -0.8102 0.3013, 5.5807 -0.8102 0.3013, 5.5807 -1.2057 -0.0022, 5.4429 -1.2057 -0.0022, 5.5807 -1.1914 0.0325, 5.4429 -1.1914 0.0325, 5.5807 -1.1685 0.0622, 5.4429 -1.1685 0.0622, 5.5807 -1.1388 0.0851, 5.4429 -1.1388 0.0851, 5.5807 -1.1041 0.0994, 5.4429 -1.1041 0.0994, 4.7933 -1.2106 -0.0394, 4.7933 -1.2106 -1.1517, 4.6555 -1.2106 -0.0394, 4.6555 -1.2106 -1.1517, 4.6949 -1.3091 -1.2598, 4.6949 -1.25 -1.2598, 4.7539 -1.3091 -1.2598, 4.7539 -1.25 -1.2598, 4.6555 -1.3484 -0.0394, 4.6555 -1.3484 -1.1517, 4.7933 -1.3484 -0.0394, 4.7933 -1.3484 -1.1517, 4.7933 -1.0669 0.2421, 4.6555 -1.0669 0.2421, 4.6555 -1.1398 0.2325, 4.7933 -1.1398 0.2325, 4.6555 -1.2077 0.2044, 4.7933 -1.2077 0.2044, 4.6555 -1.266 0.1597, 4.7933 -1.266 0.1597, 4.6555 -1.3107 0.1014, 4.7933 -1.3107 0.1014, 4.6555 -1.3388 0.0335, 4.7933 -1.3388 0.0335, 4.7933 -0.939 0.3701, 4.6555 -0.939 0.3701, 4.7933 -0.9433 0.337, 4.6555 -0.9433 0.337, 4.7933 -0.9561 0.3061, 4.6555 -0.9561 0.3061, 4.7933 -0.9765 0.2796, 4.6555 -0.9765 0.2796, 4.7933 -1.003 0.2593, 4.6555 -1.003 0.2593, 4.7933 -1.0338 0.2465, 4.6555 -1.0338 0.2465, 4.7933 -0.939 1.2488, 4.6555 -0.939 1.2488, 4.7933 -0.877 1.4801, 4.6555 -0.877 1.4801, 4.6555 -0.9111 1.4071, 4.7933 -0.9111 1.4071, 4.6555 -0.9319 1.3292, 4.7933 -0.9319 1.3292, 4.7933 -0.2994 2.4805, 4.6555 -0.2994 2.4805, 4.7933 -0.2559 2.6429, 4.6555 -0.2559 2.6429, 4.7933 -0.2608 2.5865, 4.6555 -0.2608 2.5865, 4.7933 -0.2755 2.5319, 4.6555 -0.2755 2.5319, 4.7933 -0.2559 2.9248, 4.6555 -0.2559 2.9248, 4.7933 -0.3693 3.1713, 4.6555 -0.3693 3.1713, 4.7933 -0.3214 3.1204, 4.6555 -0.3214 3.1204, 4.7933 -0.2856 3.0605, 4.6555 -0.2856 3.0605, 4.7933 -0.2634 2.9942, 4.6555 -0.2634 2.9942, 4.7933 -0.6709 3.4301, 4.6555 -0.6709 3.4301, 4.7933 -0.7224 3.5421, 4.6555 -0.7224 3.5421, 4.6555 -0.719 3.5106, 4.7933 -0.719 3.5106, 4.6555 -0.7089 3.4805, 4.7933 -0.7089 3.4805, 4.6555 -0.6927 3.4532, 4.7933 -0.6927 3.4532, 4.7933 -0.7224 4.1732, 4.6555 -0.7224 4.1732, 4.7933 -0.5846 4.1732, 4.6555 -0.5846 4.1732, 4.7933 -0.5846 3.5421, 4.6555 -0.5846 3.5421, 4.7933 -0.5812 3.5347, 4.6555 -0.5812 3.5347, 4.7933 -0.5827 3.5362, 4.6555 -0.5827 3.5362, 4.7933 -0.5837 3.538, 4.6555 -0.5837 3.538, 4.7933 -0.5844 3.54, 4.6555 -0.5844 3.54, 4.7933 -0.2795 3.2759, 4.6555 -0.2795 3.2759, 4.7933 -0.1181 2.9248, 4.6555 -0.1181 2.9248, 4.6555 -0.1288 3.0237, 4.7933 -0.1288 3.0237, 4.6555 -0.1604 3.118, 4.7933 -0.1604 3.118, 4.6555 -0.2114 3.2034, 4.7933 -0.2114 3.2034, 4.7933 -0.1181 2.6429, 4.6555 -0.1181 2.6429, 4.7933 -0.1801 2.4116, 4.6555 -0.1801 2.4116, 4.6555 -0.146 2.4847, 4.7933 -0.146 2.4847, 4.6555 -0.1251 2.5626, 4.7933 -0.1251 2.5626, 4.7933 -0.7577 1.4112, 4.6555 -0.7577 1.4112, 4.7933 -0.8012 1.2488, 4.6555 -0.8012 1.2488, 4.7933 -0.7962 1.3052, 4.6555 -0.7962 1.3052, 4.7933 -0.7816 1.3599, 4.6555 -0.7816 1.3599, 4.7933 -0.8012 0.3701, 4.6555 -0.8012 0.3701, 4.7933 -1.0669 0.1043, 4.6555 -1.0669 0.1043, 4.6555 -0.9981 0.1134, 4.7933 -0.9981 0.1134, 4.6555 -0.9341 0.1399, 4.7933 -0.9341 0.1399, 4.6555 -0.879 0.1822, 4.7933 -0.879 0.1822, 4.6555 -0.8368 0.2372, 4.7933 -0.8368 0.2372, 4.6555 -0.8102 0.3013, 4.7933 -0.8102 0.3013, 4.7933 -1.2057 -0.0022, 4.6555 -1.2057 -0.0022, 4.7933 -1.1914 0.0325, 4.6555 -1.1914 0.0325, 4.7933 -1.1685 0.0622, 4.6555 -1.1685 0.0622, 4.7933 -1.1388 0.0851, 4.6555 -1.1388 0.0851, 4.7933 -1.1041 0.0994, 4.6555 -1.1041 0.0994, 4.0059 -1.2106 -0.0394, 4.0059 -1.2106 -1.1517, 3.8681 -1.2106 -0.0394, 3.8681 -1.2106 -1.1517, 3.9075 -1.3091 -1.2598, 3.9075 -1.25 -1.2598, 3.9665 -1.3091 -1.2598, 3.9665 -1.25 -1.2598, 3.8681 -1.3484 -0.0394, 3.8681 -1.3484 -1.1517, 4.0059 -1.3484 -0.0394, 4.0059 -1.3484 -1.1517, 4.0059 -1.0669 0.2421, 3.8681 -1.0669 0.2421, 3.8681 -1.1398 0.2325, 4.0059 -1.1398 0.2325, 3.8681 -1.2077 0.2044, 4.0059 -1.2077 0.2044, 3.8681 -1.266 0.1597, 4.0059 -1.266 0.1597, 3.8681 -1.3107 0.1014, 4.0059 -1.3107 0.1014, 3.8681 -1.3388 0.0335, 4.0059 -1.3388 0.0335, 4.0059 -0.939 0.3701, 3.8681 -0.939 0.3701, 4.0059 -0.9433 0.337, 3.8681 -0.9433 0.337, 4.0059 -0.9561 0.3061, 3.8681 -0.9561 0.3061, 4.0059 -0.9765 0.2796, 3.8681 -0.9765 0.2796, 4.0059 -1.003 0.2593, 3.8681 -1.003 0.2593, 4.0059 -1.0338 0.2465, 3.8681 -1.0338 0.2465, 4.0059 -0.939 1.2488, 3.8681 -0.939 1.2488, 4.0059 -0.877 1.4801, 3.8681 -0.877 1.4801, 3.8681 -0.9111 1.4071, 4.0059 -0.9111 1.4071, 3.8681 -0.9319 1.3292, 4.0059 -0.9319 1.3292, 4.0059 -0.2994 2.4805, 3.8681 -0.2994 2.4805, 4.0059 -0.2559 2.6429, 3.8681 -0.2559 2.6429, 4.0059 -0.2608 2.5865, 3.8681 -0.2608 2.5865, 4.0059 -0.2755 2.5319, 3.8681 -0.2755 2.5319, 4.0059 -0.2559 2.9248, 3.8681 -0.2559 2.9248, 4.0059 -0.3693 3.1713, 3.8681 -0.3693 3.1713, 4.0059 -0.3214 3.1204, 3.8681 -0.3214 3.1204, 4.0059 -0.2856 3.0605, 3.8681 -0.2856 3.0605, 4.0059 -0.2634 2.9942, 3.8681 -0.2634 2.9942, 4.0059 -0.6709 3.4301, 3.8681 -0.6709 3.4301, 4.0059 -0.7224 3.5421, 3.8681 -0.7224 3.5421, 3.8681 -0.719 3.5106, 4.0059 -0.719 3.5106, 3.8681 -0.7089 3.4805, 4.0059 -0.7089 3.4805, 3.8681 -0.6927 3.4532, 4.0059 -0.6927 3.4532, 4.0059 -0.7224 4.1732, 3.8681 -0.7224 4.1732, 4.0059 -0.5846 4.1732, 3.8681 -0.5846 4.1732, 4.0059 -0.5846 3.5421, 3.8681 -0.5846 3.5421, 4.0059 -0.5812 3.5347, 3.8681 -0.5812 3.5347, 4.0059 -0.5827 3.5362, 3.8681 -0.5827 3.5362, 4.0059 -0.5837 3.538, 3.8681 -0.5837 3.538, 4.0059 -0.5844 3.54, 3.8681 -0.5844 3.54, 4.0059 -0.2795 3.2759, 3.8681 -0.2795 3.2759, 4.0059 -0.1181 2.9248, 3.8681 -0.1181 2.9248, 3.8681 -0.1288 3.0237, 4.0059 -0.1288 3.0237, 3.8681 -0.1604 3.118, 4.0059 -0.1604 3.118, 3.8681 -0.2114 3.2034, 4.0059 -0.2114 3.2034, 4.0059 -0.1181 2.6429, 3.8681 -0.1181 2.6429, 4.0059 -0.1801 2.4116, 3.8681 -0.1801 2.4116, 3.8681 -0.146 2.4847, 4.0059 -0.146 2.4847, 3.8681 -0.1251 2.5626, 4.0059 -0.1251 2.5626, 4.0059 -0.7577 1.4112, 3.8681 -0.7577 1.4112, 4.0059 -0.8012 1.2488, 3.8681 -0.8012 1.2488, 4.0059 -0.7962 1.3052, 3.8681 -0.7962 1.3052, 4.0059 -0.7816 1.3599, 3.8681 -0.7816 1.3599, 4.0059 -0.8012 0.3701, 3.8681 -0.8012 0.3701, 4.0059 -1.0669 0.1043, 3.8681 -1.0669 0.1043, 3.8681 -0.9981 0.1134, 4.0059 -0.9981 0.1134, 3.8681 -0.9341 0.1399, 4.0059 -0.9341 0.1399, 3.8681 -0.879 0.1822, 4.0059 -0.879 0.1822, 3.8681 -0.8368 0.2372, 4.0059 -0.8368 0.2372, 3.8681 -0.8102 0.3013, 4.0059 -0.8102 0.3013, 4.0059 -1.2057 -0.0022, 3.8681 -1.2057 -0.0022, 4.0059 -1.1914 0.0325, 3.8681 -1.1914 0.0325, 4.0059 -1.1685 0.0622, 3.8681 -1.1685 0.0622, 4.0059 -1.1388 0.0851, 3.8681 -1.1388 0.0851, 4.0059 -1.1041 0.0994, 3.8681 -1.1041 0.0994, 3.2185 -1.2106 -0.0394, 3.2185 -1.2106 -1.1517, 3.0807 -1.2106 -0.0394, 3.0807 -1.2106 -1.1517, 3.1201 -1.3091 -1.2598, 3.1201 -1.25 -1.2598, 3.1791 -1.3091 -1.2598, 3.1791 -1.25 -1.2598, 3.0807 -1.3484 -0.0394, 3.0807 -1.3484 -1.1517, 3.2185 -1.3484 -0.0394, 3.2185 -1.3484 -1.1517, 3.2185 -1.0669 0.2421, 3.0807 -1.0669 0.2421, 3.0807 -1.1398 0.2325, 3.2185 -1.1398 0.2325, 3.0807 -1.2077 0.2044, 3.2185 -1.2077 0.2044, 3.0807 -1.266 0.1597, 3.2185 -1.266 0.1597, 3.0807 -1.3107 0.1014, 3.2185 -1.3107 0.1014, 3.0807 -1.3388 0.0335, 3.2185 -1.3388 0.0335, 3.2185 -0.939 0.3701, 3.0807 -0.939 0.3701, 3.2185 -0.9433 0.337, 3.0807 -0.9433 0.337, 3.2185 -0.9561 0.3061, 3.0807 -0.9561 0.3061, 3.2185 -0.9765 0.2796, 3.0807 -0.9765 0.2796, 3.2185 -1.003 0.2593, 3.0807 -1.003 0.2593, 3.2185 -1.0338 0.2465, 3.0807 -1.0338 0.2465, 3.2185 -0.939 1.2488, 3.0807 -0.939 1.2488, 3.2185 -0.877 1.4801, 3.0807 -0.877 1.4801, 3.0807 -0.9111 1.4071, 3.2185 -0.9111 1.4071, 3.0807 -0.9319 1.3292, 3.2185 -0.9319 1.3292, 3.2185 -0.2994 2.4805, 3.0807 -0.2994 2.4805, 3.2185 -0.2559 2.6429, 3.0807 -0.2559 2.6429, 3.2185 -0.2608 2.5865, 3.0807 -0.2608 2.5865, 3.2185 -0.2755 2.5319, 3.0807 -0.2755 2.5319, 3.2185 -0.2559 2.9248, 3.0807 -0.2559 2.9248, 3.2185 -0.3693 3.1713, 3.0807 -0.3693 3.1713, 3.2185 -0.3214 3.1204, 3.0807 -0.3214 3.1204, 3.2185 -0.2856 3.0605, 3.0807 -0.2856 3.0605, 3.2185 -0.2634 2.9942, 3.0807 -0.2634 2.9942, 3.2185 -0.6709 3.4301, 3.0807 -0.6709 3.4301, 3.2185 -0.7224 3.5421, 3.0807 -0.7224 3.5421, 3.0807 -0.719 3.5106, 3.2185 -0.719 3.5106, 3.0807 -0.7089 3.4805, 3.2185 -0.7089 3.4805, 3.0807 -0.6927 3.4532, 3.2185 -0.6927 3.4532, 3.2185 -0.7224 4.1732, 3.0807 -0.7224 4.1732, 3.2185 -0.5846 4.1732, 3.0807 -0.5846 4.1732, 3.2185 -0.5846 3.5421, 3.0807 -0.5846 3.5421, 3.2185 -0.5812 3.5347, 3.0807 -0.5812 3.5347, 3.2185 -0.5827 3.5362, 3.0807 -0.5827 3.5362, 3.2185 -0.5837 3.538, 3.0807 -0.5837 3.538, 3.2185 -0.5844 3.54, 3.0807 -0.5844 3.54, 3.2185 -0.2795 3.2759, 3.0807 -0.2795 3.2759, 3.2185 -0.1181 2.9248, 3.0807 -0.1181 2.9248, 3.0807 -0.1288 3.0237, 3.2185 -0.1288 3.0237, 3.0807 -0.1604 3.118, 3.2185 -0.1604 3.118, 3.0807 -0.2114 3.2034, 3.2185 -0.2114 3.2034, 3.2185 -0.1181 2.6429, 3.0807 -0.1181 2.6429, 3.2185 -0.1801 2.4116, 3.0807 -0.1801 2.4116, 3.0807 -0.146 2.4847, 3.2185 -0.146 2.4847, 3.0807 -0.1251 2.5626, 3.2185 -0.1251 2.5626, 3.2185 -0.7577 1.4112, 3.0807 -0.7577 1.4112, 3.2185 -0.8012 1.2488, 3.0807 -0.8012 1.2488, 3.2185 -0.7962 1.3052, 3.0807 -0.7962 1.3052, 3.2185 -0.7816 1.3599, 3.0807 -0.7816 1.3599, 3.2185 -0.8012 0.3701, 3.0807 -0.8012 0.3701, 3.2185 -1.0669 0.1043, 3.0807 -1.0669 0.1043, 3.0807 -0.9981 0.1134, 3.2185 -0.9981 0.1134, 3.0807 -0.9341 0.1399, 3.2185 -0.9341 0.1399, 3.0807 -0.879 0.1822, 3.2185 -0.879 0.1822, 3.0807 -0.8368 0.2372, 3.2185 -0.8368 0.2372, 3.0807 -0.8102 0.3013, 3.2185 -0.8102 0.3013, 3.2185 -1.2057 -0.0022, 3.0807 -1.2057 -0.0022, 3.2185 -1.1914 0.0325, 3.0807 -1.1914 0.0325, 3.2185 -1.1685 0.0622, 3.0807 -1.1685 0.0622, 3.2185 -1.1388 0.0851, 3.0807 -1.1388 0.0851, 3.2185 -1.1041 0.0994, 3.0807 -1.1041 0.0994, 2.4311 -1.2106 -0.0394, 2.4311 -1.2106 -1.1517, 2.2933 -1.2106 -0.0394, 2.2933 -1.2106 -1.1517, 2.3327 -1.3091 -1.2598, 2.3327 -1.25 -1.2598, 2.3917 -1.3091 -1.2598, 2.3917 -1.25 -1.2598, 2.2933 -1.3484 -0.0394, 2.2933 -1.3484 -1.1517, 2.4311 -1.3484 -0.0394, 2.4311 -1.3484 -1.1517, 2.4311 -1.0669 0.2421, 2.2933 -1.0669 0.2421, 2.2933 -1.1398 0.2325, 2.4311 -1.1398 0.2325, 2.2933 -1.2077 0.2044, 2.4311 -1.2077 0.2044, 2.2933 -1.266 0.1597, 2.4311 -1.266 0.1597, 2.2933 -1.3107 0.1014, 2.4311 -1.3107 0.1014, 2.2933 -1.3388 0.0335, 2.4311 -1.3388 0.0335, 2.4311 -0.939 0.3701, 2.2933 -0.939 0.3701, 2.4311 -0.9433 0.337, 2.2933 -0.9433 0.337, 2.4311 -0.9561 0.3061, 2.2933 -0.9561 0.3061, 2.4311 -0.9765 0.2796, 2.2933 -0.9765 0.2796, 2.4311 -1.003 0.2593, 2.2933 -1.003 0.2593, 2.4311 -1.0338 0.2465, 2.2933 -1.0338 0.2465, 2.4311 -0.939 1.2488, 2.2933 -0.939 1.2488, 2.4311 -0.877 1.4801, 2.2933 -0.877 1.4801, 2.2933 -0.9111 1.4071, 2.4311 -0.9111 1.4071, 2.2933 -0.9319 1.3292, 2.4311 -0.9319 1.3292, 2.4311 -0.2994 2.4805, 2.2933 -0.2994 2.4805, 2.4311 -0.2559 2.6429, 2.2933 -0.2559 2.6429, 2.4311 -0.2608 2.5865, 2.2933 -0.2608 2.5865, 2.4311 -0.2755 2.5319, 2.2933 -0.2755 2.5319, 2.4311 -0.2559 2.9248, 2.2933 -0.2559 2.9248, 2.4311 -0.3693 3.1713, 2.2933 -0.3693 3.1713, 2.4311 -0.3214 3.1204, 2.2933 -0.3214 3.1204, 2.4311 -0.2856 3.0605, 2.2933 -0.2856 3.0605, 2.4311 -0.2634 2.9942, 2.2933 -0.2634 2.9942, 2.4311 -0.6709 3.4301, 2.2933 -0.6709 3.4301, 2.4311 -0.7224 3.5421, 2.2933 -0.7224 3.5421, 2.2933 -0.719 3.5106, 2.4311 -0.719 3.5106, 2.2933 -0.7089 3.4805, 2.4311 -0.7089 3.4805, 2.2933 -0.6927 3.4532, 2.4311 -0.6927 3.4532, 2.4311 -0.7224 4.1732, 2.2933 -0.7224 4.1732, 2.4311 -0.5846 4.1732, 2.2933 -0.5846 4.1732, 2.4311 -0.5846 3.5421, 2.2933 -0.5846 3.5421, 2.4311 -0.5812 3.5347, 2.2933 -0.5812 3.5347, 2.4311 -0.5827 3.5362, 2.2933 -0.5827 3.5362, 2.4311 -0.5837 3.538, 2.2933 -0.5837 3.538, 2.4311 -0.5844 3.54, 2.2933 -0.5844 3.54, 2.4311 -0.2795 3.2759, 2.2933 -0.2795 3.2759, 2.4311 -0.1181 2.9248, 2.2933 -0.1181 2.9248, 2.2933 -0.1288 3.0237, 2.4311 -0.1288 3.0237, 2.2933 -0.1604 3.118, 2.4311 -0.1604 3.118, 2.2933 -0.2114 3.2034, 2.4311 -0.2114 3.2034, 2.4311 -0.1181 2.6429, 2.2933 -0.1181 2.6429, 2.4311 -0.1801 2.4116, 2.2933 -0.1801 2.4116, 2.2933 -0.146 2.4847, 2.4311 -0.146 2.4847, 2.2933 -0.1251 2.5626, 2.4311 -0.1251 2.5626, 2.4311 -0.7577 1.4112, 2.2933 -0.7577 1.4112, 2.4311 -0.8012 1.2488, 2.2933 -0.8012 1.2488, 2.4311 -0.7962 1.3052, 2.2933 -0.7962 1.3052, 2.4311 -0.7816 1.3599, 2.2933 -0.7816 1.3599, 2.4311 -0.8012 0.3701, 2.2933 -0.8012 0.3701, 2.4311 -1.0669 0.1043, 2.2933 -1.0669 0.1043, 2.2933 -0.9981 0.1134, 2.4311 -0.9981 0.1134, 2.2933 -0.9341 0.1399, 2.4311 -0.9341 0.1399, 2.2933 -0.879 0.1822, 2.4311 -0.879 0.1822, 2.2933 -0.8368 0.2372, 2.4311 -0.8368 0.2372, 2.2933 -0.8102 0.3013, 2.4311 -0.8102 0.3013, 2.4311 -1.2057 -0.0022, 2.2933 -1.2057 -0.0022, 2.4311 -1.1914 0.0325, 2.2933 -1.1914 0.0325, 2.4311 -1.1685 0.0622, 2.2933 -1.1685 0.0622, 2.4311 -1.1388 0.0851, 2.2933 -1.1388 0.0851, 2.4311 -1.1041 0.0994, 2.2933 -1.1041 0.0994, 1.6437 -1.2106 -0.0394, 1.6437 -1.2106 -1.1517, 1.5059 -1.2106 -0.0394, 1.5059 -1.2106 -1.1517, 1.5453 -1.3091 -1.2598, 1.5453 -1.25 -1.2598, 1.6043 -1.3091 -1.2598, 1.6043 -1.25 -1.2598, 1.5059 -1.3484 -0.0394, 1.5059 -1.3484 -1.1517, 1.6437 -1.3484 -0.0394, 1.6437 -1.3484 -1.1517, 1.6437 -1.0669 0.2421, 1.5059 -1.0669 0.2421, 1.5059 -1.1398 0.2325, 1.6437 -1.1398 0.2325, 1.5059 -1.2077 0.2044, 1.6437 -1.2077 0.2044, 1.5059 -1.266 0.1597, 1.6437 -1.266 0.1597, 1.5059 -1.3107 0.1014, 1.6437 -1.3107 0.1014, 1.5059 -1.3388 0.0335, 1.6437 -1.3388 0.0335, 1.6437 -0.939 0.3701, 1.5059 -0.939 0.3701, 1.6437 -0.9433 0.337, 1.5059 -0.9433 0.337, 1.6437 -0.9561 0.3061, 1.5059 -0.9561 0.3061, 1.6437 -0.9765 0.2796, 1.5059 -0.9765 0.2796, 1.6437 -1.003 0.2593, 1.5059 -1.003 0.2593, 1.6437 -1.0338 0.2465, 1.5059 -1.0338 0.2465, 1.6437 -0.939 1.2488, 1.5059 -0.939 1.2488, 1.6437 -0.877 1.4801, 1.5059 -0.877 1.4801, 1.5059 -0.9111 1.4071, 1.6437 -0.9111 1.4071, 1.5059 -0.9319 1.3292, 1.6437 -0.9319 1.3292, 1.6437 -0.2994 2.4805, 1.5059 -0.2994 2.4805, 1.6437 -0.2559 2.6429, 1.5059 -0.2559 2.6429, 1.6437 -0.2608 2.5865, 1.5059 -0.2608 2.5865, 1.6437 -0.2755 2.5319, 1.5059 -0.2755 2.5319, 1.6437 -0.2559 2.9248, 1.5059 -0.2559 2.9248, 1.6437 -0.3693 3.1713, 1.5059 -0.3693 3.1713, 1.6437 -0.3214 3.1204, 1.5059 -0.3214 3.1204, 1.6437 -0.2856 3.0605, 1.5059 -0.2856 3.0605, 1.6437 -0.2634 2.9942, 1.5059 -0.2634 2.9942, 1.6437 -0.6709 3.4301, 1.5059 -0.6709 3.4301, 1.6437 -0.7224 3.5421, 1.5059 -0.7224 3.5421, 1.5059 -0.719 3.5106, 1.6437 -0.719 3.5106, 1.5059 -0.7089 3.4805, 1.6437 -0.7089 3.4805, 1.5059 -0.6927 3.4532, 1.6437 -0.6927 3.4532, 1.6437 -0.7224 4.1732, 1.5059 -0.7224 4.1732, 1.6437 -0.5846 4.1732, 1.5059 -0.5846 4.1732, 1.6437 -0.5846 3.5421, 1.5059 -0.5846 3.5421, 1.6437 -0.5812 3.5347, 1.5059 -0.5812 3.5347, 1.6437 -0.5827 3.5362, 1.5059 -0.5827 3.5362, 1.6437 -0.5837 3.538, 1.5059 -0.5837 3.538, 1.6437 -0.5844 3.54, 1.5059 -0.5844 3.54, 1.6437 -0.2795 3.2759, 1.5059 -0.2795 3.2759, 1.6437 -0.1181 2.9248, 1.5059 -0.1181 2.9248, 1.5059 -0.1288 3.0237, 1.6437 -0.1288 3.0237, 1.5059 -0.1604 3.118, 1.6437 -0.1604 3.118, 1.5059 -0.2114 3.2034, 1.6437 -0.2114 3.2034, 1.6437 -0.1181 2.6429, 1.5059 -0.1181 2.6429, 1.6437 -0.1801 2.4116, 1.5059 -0.1801 2.4116, 1.5059 -0.146 2.4847, 1.6437 -0.146 2.4847, 1.5059 -0.1251 2.5626, 1.6437 -0.1251 2.5626, 1.6437 -0.7577 1.4112, 1.5059 -0.7577 1.4112, 1.6437 -0.8012 1.2488, 1.5059 -0.8012 1.2488, 1.6437 -0.7962 1.3052, 1.5059 -0.7962 1.3052, 1.6437 -0.7816 1.3599, 1.5059 -0.7816 1.3599, 1.6437 -0.8012 0.3701, 1.5059 -0.8012 0.3701, 1.6437 -1.0669 0.1043, 1.5059 -1.0669 0.1043, 1.5059 -0.9981 0.1134, 1.6437 -0.9981 0.1134, 1.5059 -0.9341 0.1399, 1.6437 -0.9341 0.1399, 1.5059 -0.879 0.1822, 1.6437 -0.879 0.1822, 1.5059 -0.8368 0.2372, 1.6437 -0.8368 0.2372, 1.5059 -0.8102 0.3013, 1.6437 -0.8102 0.3013, 1.6437 -1.2057 -0.0022, 1.5059 -1.2057 -0.0022, 1.6437 -1.1914 0.0325, 1.5059 -1.1914 0.0325, 1.6437 -1.1685 0.0622, 1.5059 -1.1685 0.0622, 1.6437 -1.1388 0.0851, 1.5059 -1.1388 0.0851, 1.6437 -1.1041 0.0994, 1.5059 -1.1041 0.0994, 0.8563 -1.2106 -0.0394, 0.8563 -1.2106 -1.1517, 0.7185 -1.2106 -0.0394, 0.7185 -1.2106 -1.1517, 0.7579 -1.3091 -1.2598, 0.7579 -1.25 -1.2598, 0.8169 -1.3091 -1.2598, 0.8169 -1.25 -1.2598, 0.7185 -1.3484 -0.0394, 0.7185 -1.3484 -1.1517, 0.8563 -1.3484 -0.0394, 0.8563 -1.3484 -1.1517, 0.8563 -1.0669 0.2421, 0.7185 -1.0669 0.2421, 0.7185 -1.1398 0.2325, 0.8563 -1.1398 0.2325, 0.7185 -1.2077 0.2044, 0.8563 -1.2077 0.2044, 0.7185 -1.266 0.1597, 0.8563 -1.266 0.1597, 0.7185 -1.3107 0.1014, 0.8563 -1.3107 0.1014, 0.7185 -1.3388 0.0335, 0.8563 -1.3388 0.0335, 0.8563 -0.939 0.3701, 0.7185 -0.939 0.3701, 0.8563 -0.9433 0.337, 0.7185 -0.9433 0.337, 0.8563 -0.9561 0.3061, 0.7185 -0.9561 0.3061, 0.8563 -0.9765 0.2796, 0.7185 -0.9765 0.2796, 0.8563 -1.003 0.2593, 0.7185 -1.003 0.2593, 0.8563 -1.0338 0.2465, 0.7185 -1.0338 0.2465, 0.8563 -0.939 1.2488, 0.7185 -0.939 1.2488, 0.8563 -0.877 1.4801, 0.7185 -0.877 1.4801, 0.7185 -0.9111 1.4071, 0.8563 -0.9111 1.4071, 0.7185 -0.9319 1.3292, 0.8563 -0.9319 1.3292, 0.8563 -0.2994 2.4805, 0.7185 -0.2994 2.4805, 0.8563 -0.2559 2.6429, 0.7185 -0.2559 2.6429, 0.8563 -0.2608 2.5865, 0.7185 -0.2608 2.5865, 0.8563 -0.2755 2.5319, 0.7185 -0.2755 2.5319, 0.8563 -0.2559 2.9248, 0.7185 -0.2559 2.9248, 0.8563 -0.3693 3.1713, 0.7185 -0.3693 3.1713, 0.8563 -0.3214 3.1204, 0.7185 -0.3214 3.1204, 0.8563 -0.2856 3.0605, 0.7185 -0.2856 3.0605, 0.8563 -0.2634 2.9942, 0.7185 -0.2634 2.9942, 0.8563 -0.6709 3.4301, 0.7185 -0.6709 3.4301, 0.8563 -0.7224 3.5421, 0.7185 -0.7224 3.5421, 0.7185 -0.719 3.5106, 0.8563 -0.719 3.5106, 0.7185 -0.7089 3.4805, 0.8563 -0.7089 3.4805, 0.7185 -0.6927 3.4532, 0.8563 -0.6927 3.4532, 0.8563 -0.7224 4.1732, 0.7185 -0.7224 4.1732, 0.8563 -0.5846 4.1732, 0.7185 -0.5846 4.1732, 0.8563 -0.5846 3.5421, 0.7185 -0.5846 3.5421, 0.8563 -0.5812 3.5347, 0.7185 -0.5812 3.5347, 0.8563 -0.5827 3.5362, 0.7185 -0.5827 3.5362, 0.8563 -0.5837 3.538, 0.7185 -0.5837 3.538, 0.8563 -0.5844 3.54, 0.7185 -0.5844 3.54, 0.8563 -0.2795 3.2759, 0.7185 -0.2795 3.2759, 0.8563 -0.1181 2.9248, 0.7185 -0.1181 2.9248, 0.7185 -0.1288 3.0237, 0.8563 -0.1288 3.0237, 0.7185 -0.1604 3.118, 0.8563 -0.1604 3.118, 0.7185 -0.2114 3.2034, 0.8563 -0.2114 3.2034, 0.8563 -0.1181 2.6429, 0.7185 -0.1181 2.6429, 0.8563 -0.1801 2.4116, 0.7185 -0.1801 2.4116, 0.7185 -0.146 2.4847, 0.8563 -0.146 2.4847, 0.7185 -0.1251 2.5626, 0.8563 -0.1251 2.5626, 0.8563 -0.7577 1.4112, 0.7185 -0.7577 1.4112, 0.8563 -0.8012 1.2488, 0.7185 -0.8012 1.2488, 0.8563 -0.7962 1.3052, 0.7185 -0.7962 1.3052, 0.8563 -0.7816 1.3599, 0.7185 -0.7816 1.3599, 0.8563 -0.8012 0.3701, 0.7185 -0.8012 0.3701, 0.8563 -1.0669 0.1043, 0.7185 -1.0669 0.1043, 0.7185 -0.9981 0.1134, 0.8563 -0.9981 0.1134, 0.7185 -0.9341 0.1399, 0.8563 -0.9341 0.1399, 0.7185 -0.879 0.1822, 0.8563 -0.879 0.1822, 0.7185 -0.8368 0.2372, 0.8563 -0.8368 0.2372, 0.7185 -0.8102 0.3013, 0.8563 -0.8102 0.3013, 0.8563 -1.2057 -0.0022, 0.7185 -1.2057 -0.0022, 0.8563 -1.1914 0.0325, 0.7185 -1.1914 0.0325, 0.8563 -1.1685 0.0622, 0.7185 -1.1685 0.0622, 0.8563 -1.1388 0.0851, 0.7185 -1.1388 0.0851, 0.8563 -1.1041 0.0994, 0.7185 -1.1041 0.0994, 0.0689 -1.2106 -0.0394, 0.0689 -1.2106 -1.1517, -0.0689 -1.2106 -0.0394, -0.0689 -1.2106 -1.1517, -0.0295 -1.3091 -1.2598, -0.0295 -1.25 -1.2598, 0.0295 -1.3091 -1.2598, 0.0295 -1.25 -1.2598, -0.0689 -1.3484 -0.0394, -0.0689 -1.3484 -1.1517, 0.0689 -1.3484 -0.0394, 0.0689 -1.3484 -1.1517, 0.0689 -1.0669 0.2421, -0.0689 -1.0669 0.2421, -0.0689 -1.1398 0.2325, 0.0689 -1.1398 0.2325, -0.0689 -1.2077 0.2044, 0.0689 -1.2077 0.2044, -0.0689 -1.266 0.1597, 0.0689 -1.266 0.1597, -0.0689 -1.3107 0.1014, 0.0689 -1.3107 0.1014, -0.0689 -1.3388 0.0335, 0.0689 -1.3388 0.0335, 0.0689 -0.939 0.3701, -0.0689 -0.939 0.3701, 0.0689 -0.9433 0.337, -0.0689 -0.9433 0.337, 0.0689 -0.9561 0.3061, -0.0689 -0.9561 0.3061, 0.0689 -0.9765 0.2796, -0.0689 -0.9765 0.2796, 0.0689 -1.003 0.2593, -0.0689 -1.003 0.2593, 0.0689 -1.0338 0.2465, -0.0689 -1.0338 0.2465, 0.0689 -0.939 1.2488, -0.0689 -0.939 1.2488, 0.0689 -0.877 1.4801, -0.0689 -0.877 1.4801, -0.0689 -0.9111 1.4071, 0.0689 -0.9111 1.4071, -0.0689 -0.9319 1.3292, 0.0689 -0.9319 1.3292, 0.0689 -0.2994 2.4805, -0.0689 -0.2994 2.4805, 0.0689 -0.2559 2.6429, -0.0689 -0.2559 2.6429, 0.0689 -0.2608 2.5865, -0.0689 -0.2608 2.5865, 0.0689 -0.2755 2.5319, -0.0689 -0.2755 2.5319, 0.0689 -0.2559 2.9248, -0.0689 -0.2559 2.9248, 0.0689 -0.3693 3.1713, -0.0689 -0.3693 3.1713, 0.0689 -0.3214 3.1204, -0.0689 -0.3214 3.1204, 0.0689 -0.2856 3.0605, -0.0689 -0.2856 3.0605, 0.0689 -0.2634 2.9942, -0.0689 -0.2634 2.9942, 0.0689 -0.6709 3.4301, -0.0689 -0.6709 3.4301, 0.0689 -0.7224 3.5421, -0.0689 -0.7224 3.5421, -0.0689 -0.719 3.5106, 0.0689 -0.719 3.5106, -0.0689 -0.7089 3.4805, 0.0689 -0.7089 3.4805, -0.0689 -0.6927 3.4532, 0.0689 -0.6927 3.4532, 0.0689 -0.7224 4.1732, -0.0689 -0.7224 4.1732, 0.0689 -0.5846 4.1732, -0.0689 -0.5846 4.1732, 0.0689 -0.5846 3.5421, -0.0689 -0.5846 3.5421, 0.0689 -0.5812 3.5347, -0.0689 -0.5812 3.5347, 0.0689 -0.5827 3.5362, -0.0689 -0.5827 3.5362, 0.0689 -0.5837 3.538, -0.0689 -0.5837 3.538, 0.0689 -0.5844 3.54, -0.0689 -0.5844 3.54, 0.0689 -0.2795 3.2759, -0.0689 -0.2795 3.2759, 0.0689 -0.1181 2.9248, -0.0689 -0.1181 2.9248, -0.0689 -0.1288 3.0237, 0.0689 -0.1288 3.0237, -0.0689 -0.1604 3.118, 0.0689 -0.1604 3.118, -0.0689 -0.2114 3.2034, 0.0689 -0.2114 3.2034, 0.0689 -0.1181 2.6429, -0.0689 -0.1181 2.6429, 0.0689 -0.1801 2.4116, -0.0689 -0.1801 2.4116, -0.0689 -0.146 2.4847, 0.0689 -0.146 2.4847, -0.0689 -0.1251 2.5626, 0.0689 -0.1251 2.5626, 0.0689 -0.7577 1.4112, -0.0689 -0.7577 1.4112, 0.0689 -0.8012 1.2488, -0.0689 -0.8012 1.2488, 0.0689 -0.7962 1.3052, -0.0689 -0.7962 1.3052, 0.0689 -0.7816 1.3599, -0.0689 -0.7816 1.3599, 0.0689 -0.8012 0.3701, -0.0689 -0.8012 0.3701, 0.0689 -1.0669 0.1043, -0.0689 -1.0669 0.1043, -0.0689 -0.9981 0.1134, 0.0689 -0.9981 0.1134, -0.0689 -0.9341 0.1399, 0.0689 -0.9341 0.1399, -0.0689 -0.879 0.1822, 0.0689 -0.879 0.1822, -0.0689 -0.8368 0.2372, 0.0689 -0.8368 0.2372, -0.0689 -0.8102 0.3013, 0.0689 -0.8102 0.3013, 0.0689 -1.2057 -0.0022, -0.0689 -1.2057 -0.0022, 0.0689 -1.1914 0.0325, -0.0689 -1.1914 0.0325, 0.0689 -1.1685 0.0622, -0.0689 -1.1685 0.0622, 0.0689 -1.1388 0.0851, -0.0689 -1.1388 0.0851, 0.0689 -1.1041 0.0994, -0.0689 -1.1041 0.0994, -0.7185 -1.2106 -0.0394, -0.7185 -1.2106 -1.1517, -0.8563 -1.2106 -0.0394, -0.8563 -1.2106 -1.1517, -0.8169 -1.3091 -1.2598, -0.8169 -1.25 -1.2598, -0.7579 -1.3091 -1.2598, -0.7579 -1.25 -1.2598, -0.8563 -1.3484 -0.0394, -0.8563 -1.3484 -1.1517, -0.7185 -1.3484 -0.0394, -0.7185 -1.3484 -1.1517, -0.7185 -1.0669 0.2421, -0.8563 -1.0669 0.2421, -0.8563 -1.1398 0.2325, -0.7185 -1.1398 0.2325, -0.8563 -1.2077 0.2044, -0.7185 -1.2077 0.2044, -0.8563 -1.266 0.1597, -0.7185 -1.266 0.1597, -0.8563 -1.3107 0.1014, -0.7185 -1.3107 0.1014, -0.8563 -1.3388 0.0335, -0.7185 -1.3388 0.0335, -0.7185 -0.939 0.3701, -0.8563 -0.939 0.3701, -0.7185 -0.9433 0.337, -0.8563 -0.9433 0.337, -0.7185 -0.9561 0.3061, -0.8563 -0.9561 0.3061, -0.7185 -0.9765 0.2796, -0.8563 -0.9765 0.2796, -0.7185 -1.003 0.2593, -0.8563 -1.003 0.2593, -0.7185 -1.0338 0.2465, -0.8563 -1.0338 0.2465, -0.7185 -0.939 1.2488, -0.8563 -0.939 1.2488, -0.7185 -0.877 1.4801, -0.8563 -0.877 1.4801, -0.8563 -0.9111 1.4071, -0.7185 -0.9111 1.4071, -0.8563 -0.9319 1.3292, -0.7185 -0.9319 1.3292, -0.7185 -0.2994 2.4805, -0.8563 -0.2994 2.4805, -0.7185 -0.2559 2.6429, -0.8563 -0.2559 2.6429, -0.7185 -0.2608 2.5865, -0.8563 -0.2608 2.5865, -0.7185 -0.2755 2.5319, -0.8563 -0.2755 2.5319, -0.7185 -0.2559 2.9248, -0.8563 -0.2559 2.9248, -0.7185 -0.3693 3.1713, -0.8563 -0.3693 3.1713, -0.7185 -0.3214 3.1204, -0.8563 -0.3214 3.1204, -0.7185 -0.2856 3.0605, -0.8563 -0.2856 3.0605, -0.7185 -0.2634 2.9942, -0.8563 -0.2634 2.9942, -0.7185 -0.6709 3.4301, -0.8563 -0.6709 3.4301, -0.7185 -0.7224 3.5421, -0.8563 -0.7224 3.5421, -0.8563 -0.719 3.5106, -0.7185 -0.719 3.5106, -0.8563 -0.7089 3.4805, -0.7185 -0.7089 3.4805, -0.8563 -0.6927 3.4532, -0.7185 -0.6927 3.4532, -0.7185 -0.7224 4.1732, -0.8563 -0.7224 4.1732, -0.7185 -0.5846 4.1732, -0.8563 -0.5846 4.1732, -0.7185 -0.5846 3.5421, -0.8563 -0.5846 3.5421, -0.7185 -0.5812 3.5347, -0.8563 -0.5812 3.5347, -0.7185 -0.5827 3.5362, -0.8563 -0.5827 3.5362, -0.7185 -0.5837 3.538, -0.8563 -0.5837 3.538, -0.7185 -0.5844 3.54, -0.8563 -0.5844 3.54, -0.7185 -0.2795 3.2759, -0.8563 -0.2795 3.2759, -0.7185 -0.1181 2.9248, -0.8563 -0.1181 2.9248, -0.8563 -0.1288 3.0237, -0.7185 -0.1288 3.0237, -0.8563 -0.1604 3.118, -0.7185 -0.1604 3.118, -0.8563 -0.2114 3.2034, -0.7185 -0.2114 3.2034, -0.7185 -0.1181 2.6429, -0.8563 -0.1181 2.6429, -0.7185 -0.1801 2.4116, -0.8563 -0.1801 2.4116, -0.8563 -0.146 2.4847, -0.7185 -0.146 2.4847, -0.8563 -0.1251 2.5626, -0.7185 -0.1251 2.5626, -0.7185 -0.7577 1.4112, -0.8563 -0.7577 1.4112, -0.7185 -0.8012 1.2488, -0.8563 -0.8012 1.2488, -0.7185 -0.7962 1.3052, -0.8563 -0.7962 1.3052, -0.7185 -0.7816 1.3599, -0.8563 -0.7816 1.3599, -0.7185 -0.8012 0.3701, -0.8563 -0.8012 0.3701, -0.7185 -1.0669 0.1043, -0.8563 -1.0669 0.1043, -0.8563 -0.9981 0.1134, -0.7185 -0.9981 0.1134, -0.8563 -0.9341 0.1399, -0.7185 -0.9341 0.1399, -0.8563 -0.879 0.1822, -0.7185 -0.879 0.1822, -0.8563 -0.8368 0.2372, -0.7185 -0.8368 0.2372, -0.8563 -0.8102 0.3013, -0.7185 -0.8102 0.3013, -0.7185 -1.2057 -0.0022, -0.8563 -1.2057 -0.0022, -0.7185 -1.1914 0.0325, -0.8563 -1.1914 0.0325, -0.7185 -1.1685 0.0622, -0.8563 -1.1685 0.0622, -0.7185 -1.1388 0.0851, -0.8563 -1.1388 0.0851, -0.7185 -1.1041 0.0994, -0.8563 -1.1041 0.0994, -1.5059 -1.2106 -0.0394, -1.5059 -1.2106 -1.1517, -1.6437 -1.2106 -0.0394, -1.6437 -1.2106 -1.1517, -1.6043 -1.3091 -1.2598, -1.6043 -1.25 -1.2598, -1.5453 -1.3091 -1.2598, -1.5453 -1.25 -1.2598, -1.6437 -1.3484 -0.0394, -1.6437 -1.3484 -1.1517, -1.5059 -1.3484 -0.0394, -1.5059 -1.3484 -1.1517, -1.5059 -1.0669 0.2421, -1.6437 -1.0669 0.2421, -1.6437 -1.1398 0.2325, -1.5059 -1.1398 0.2325, -1.6437 -1.2077 0.2044, -1.5059 -1.2077 0.2044, -1.6437 -1.266 0.1597, -1.5059 -1.266 0.1597, -1.6437 -1.3107 0.1014, -1.5059 -1.3107 0.1014, -1.6437 -1.3388 0.0335, -1.5059 -1.3388 0.0335, -1.5059 -0.939 0.3701, -1.6437 -0.939 0.3701, -1.5059 -0.9433 0.337, -1.6437 -0.9433 0.337, -1.5059 -0.9561 0.3061, -1.6437 -0.9561 0.3061, -1.5059 -0.9765 0.2796, -1.6437 -0.9765 0.2796, -1.5059 -1.003 0.2593, -1.6437 -1.003 0.2593, -1.5059 -1.0338 0.2465, -1.6437 -1.0338 0.2465, -1.5059 -0.939 1.2488, -1.6437 -0.939 1.2488, -1.5059 -0.877 1.4801, -1.6437 -0.877 1.4801, -1.6437 -0.9111 1.4071, -1.5059 -0.9111 1.4071, -1.6437 -0.9319 1.3292, -1.5059 -0.9319 1.3292, -1.5059 -0.2994 2.4805, -1.6437 -0.2994 2.4805, -1.5059 -0.2559 2.6429, -1.6437 -0.2559 2.6429, -1.5059 -0.2608 2.5865, -1.6437 -0.2608 2.5865, -1.5059 -0.2755 2.5319, -1.6437 -0.2755 2.5319, -1.5059 -0.2559 2.9248, -1.6437 -0.2559 2.9248, -1.5059 -0.3693 3.1713, -1.6437 -0.3693 3.1713, -1.5059 -0.3214 3.1204, -1.6437 -0.3214 3.1204, -1.5059 -0.2856 3.0605, -1.6437 -0.2856 3.0605, -1.5059 -0.2634 2.9942, -1.6437 -0.2634 2.9942, -1.5059 -0.6709 3.4301, -1.6437 -0.6709 3.4301, -1.5059 -0.7224 3.5421, -1.6437 -0.7224 3.5421, -1.6437 -0.719 3.5106, -1.5059 -0.719 3.5106, -1.6437 -0.7089 3.4805, -1.5059 -0.7089 3.4805, -1.6437 -0.6927 3.4532, -1.5059 -0.6927 3.4532, -1.5059 -0.7224 4.1732, -1.6437 -0.7224 4.1732, -1.5059 -0.5846 4.1732, -1.6437 -0.5846 4.1732, -1.5059 -0.5846 3.5421, -1.6437 -0.5846 3.5421, -1.5059 -0.5812 3.5347, -1.6437 -0.5812 3.5347, -1.5059 -0.5827 3.5362, -1.6437 -0.5827 3.5362, -1.5059 -0.5837 3.538, -1.6437 -0.5837 3.538, -1.5059 -0.5844 3.54, -1.6437 -0.5844 3.54, -1.5059 -0.2795 3.2759, -1.6437 -0.2795 3.2759, -1.5059 -0.1181 2.9248, -1.6437 -0.1181 2.9248, -1.6437 -0.1288 3.0237, -1.5059 -0.1288 3.0237, -1.6437 -0.1604 3.118, -1.5059 -0.1604 3.118, -1.6437 -0.2114 3.2034, -1.5059 -0.2114 3.2034, -1.5059 -0.1181 2.6429, -1.6437 -0.1181 2.6429, -1.5059 -0.1801 2.4116, -1.6437 -0.1801 2.4116, -1.6437 -0.146 2.4847, -1.5059 -0.146 2.4847, -1.6437 -0.1251 2.5626, -1.5059 -0.1251 2.5626, -1.5059 -0.7577 1.4112, -1.6437 -0.7577 1.4112, -1.5059 -0.8012 1.2488, -1.6437 -0.8012 1.2488, -1.5059 -0.7962 1.3052, -1.6437 -0.7962 1.3052, -1.5059 -0.7816 1.3599, -1.6437 -0.7816 1.3599, -1.5059 -0.8012 0.3701, -1.6437 -0.8012 0.3701, -1.5059 -1.0669 0.1043, -1.6437 -1.0669 0.1043, -1.6437 -0.9981 0.1134, -1.5059 -0.9981 0.1134, -1.6437 -0.9341 0.1399, -1.5059 -0.9341 0.1399, -1.6437 -0.879 0.1822, -1.5059 -0.879 0.1822, -1.6437 -0.8368 0.2372, -1.5059 -0.8368 0.2372, -1.6437 -0.8102 0.3013, -1.5059 -0.8102 0.3013, -1.5059 -1.2057 -0.0022, -1.6437 -1.2057 -0.0022, -1.5059 -1.1914 0.0325, -1.6437 -1.1914 0.0325, -1.5059 -1.1685 0.0622, -1.6437 -1.1685 0.0622, -1.5059 -1.1388 0.0851, -1.6437 -1.1388 0.0851, -1.5059 -1.1041 0.0994, -1.6437 -1.1041 0.0994, -2.2933 -1.2106 -0.0394, -2.2933 -1.2106 -1.1517, -2.4311 -1.2106 -0.0394, -2.4311 -1.2106 -1.1517, -2.3917 -1.3091 -1.2598, -2.3917 -1.25 -1.2598, -2.3327 -1.3091 -1.2598, -2.3327 -1.25 -1.2598, -2.4311 -1.3484 -0.0394, -2.4311 -1.3484 -1.1517, -2.2933 -1.3484 -0.0394, -2.2933 -1.3484 -1.1517, -2.2933 -1.0669 0.2421, -2.4311 -1.0669 0.2421, -2.4311 -1.1398 0.2325, -2.2933 -1.1398 0.2325, -2.4311 -1.2077 0.2044, -2.2933 -1.2077 0.2044, -2.4311 -1.266 0.1597, -2.2933 -1.266 0.1597, -2.4311 -1.3107 0.1014, -2.2933 -1.3107 0.1014, -2.4311 -1.3388 0.0335, -2.2933 -1.3388 0.0335, -2.2933 -0.939 0.3701, -2.4311 -0.939 0.3701, -2.2933 -0.9433 0.337, -2.4311 -0.9433 0.337, -2.2933 -0.9561 0.3061, -2.4311 -0.9561 0.3061, -2.2933 -0.9765 0.2796, -2.4311 -0.9765 0.2796, -2.2933 -1.003 0.2593, -2.4311 -1.003 0.2593, -2.2933 -1.0338 0.2465, -2.4311 -1.0338 0.2465, -2.2933 -0.939 1.2488, -2.4311 -0.939 1.2488, -2.2933 -0.877 1.4801, -2.4311 -0.877 1.4801, -2.4311 -0.9111 1.4071, -2.2933 -0.9111 1.4071, -2.4311 -0.9319 1.3292, -2.2933 -0.9319 1.3292, -2.2933 -0.2994 2.4805, -2.4311 -0.2994 2.4805, -2.2933 -0.2559 2.6429, -2.4311 -0.2559 2.6429, -2.2933 -0.2608 2.5865, -2.4311 -0.2608 2.5865, -2.2933 -0.2755 2.5319, -2.4311 -0.2755 2.5319, -2.2933 -0.2559 2.9248, -2.4311 -0.2559 2.9248, -2.2933 -0.3693 3.1713, -2.4311 -0.3693 3.1713, -2.2933 -0.3214 3.1204, -2.4311 -0.3214 3.1204, -2.2933 -0.2856 3.0605, -2.4311 -0.2856 3.0605, -2.2933 -0.2634 2.9942, -2.4311 -0.2634 2.9942, -2.2933 -0.6709 3.4301, -2.4311 -0.6709 3.4301, -2.2933 -0.7224 3.5421, -2.4311 -0.7224 3.5421, -2.4311 -0.719 3.5106, -2.2933 -0.719 3.5106, -2.4311 -0.7089 3.4805, -2.2933 -0.7089 3.4805, -2.4311 -0.6927 3.4532, -2.2933 -0.6927 3.4532, -2.2933 -0.7224 4.1732, -2.4311 -0.7224 4.1732, -2.2933 -0.5846 4.1732, -2.4311 -0.5846 4.1732, -2.2933 -0.5846 3.5421, -2.4311 -0.5846 3.5421, -2.2933 -0.5812 3.5347, -2.4311 -0.5812 3.5347, -2.2933 -0.5827 3.5362, -2.4311 -0.5827 3.5362, -2.2933 -0.5837 3.538, -2.4311 -0.5837 3.538, -2.2933 -0.5844 3.54, -2.4311 -0.5844 3.54, -2.2933 -0.2795 3.2759, -2.4311 -0.2795 3.2759, -2.2933 -0.1181 2.9248, -2.4311 -0.1181 2.9248, -2.4311 -0.1288 3.0237, -2.2933 -0.1288 3.0237, -2.4311 -0.1604 3.118, -2.2933 -0.1604 3.118, -2.4311 -0.2114 3.2034, -2.2933 -0.2114 3.2034, -2.2933 -0.1181 2.6429, -2.4311 -0.1181 2.6429, -2.2933 -0.1801 2.4116, -2.4311 -0.1801 2.4116, -2.4311 -0.146 2.4847, -2.2933 -0.146 2.4847, -2.4311 -0.1251 2.5626, -2.2933 -0.1251 2.5626, -2.2933 -0.7577 1.4112, -2.4311 -0.7577 1.4112, -2.2933 -0.8012 1.2488, -2.4311 -0.8012 1.2488, -2.2933 -0.7962 1.3052, -2.4311 -0.7962 1.3052, -2.2933 -0.7816 1.3599, -2.4311 -0.7816 1.3599, -2.2933 -0.8012 0.3701, -2.4311 -0.8012 0.3701, -2.2933 -1.0669 0.1043, -2.4311 -1.0669 0.1043, -2.4311 -0.9981 0.1134, -2.2933 -0.9981 0.1134, -2.4311 -0.9341 0.1399, -2.2933 -0.9341 0.1399, -2.4311 -0.879 0.1822, -2.2933 -0.879 0.1822, -2.4311 -0.8368 0.2372, -2.2933 -0.8368 0.2372, -2.4311 -0.8102 0.3013, -2.2933 -0.8102 0.3013, -2.2933 -1.2057 -0.0022, -2.4311 -1.2057 -0.0022, -2.2933 -1.1914 0.0325, -2.4311 -1.1914 0.0325, -2.2933 -1.1685 0.0622, -2.4311 -1.1685 0.0622, -2.2933 -1.1388 0.0851, -2.4311 -1.1388 0.0851, -2.2933 -1.1041 0.0994, -2.4311 -1.1041 0.0994, -3.0807 -1.2106 -0.0394, -3.0807 -1.2106 -1.1517, -3.2185 -1.2106 -0.0394, -3.2185 -1.2106 -1.1517, -3.1791 -1.3091 -1.2598, -3.1791 -1.25 -1.2598, -3.1201 -1.3091 -1.2598, -3.1201 -1.25 -1.2598, -3.2185 -1.3484 -0.0394, -3.2185 -1.3484 -1.1517, -3.0807 -1.3484 -0.0394, -3.0807 -1.3484 -1.1517, -3.0807 -1.0669 0.2421, -3.2185 -1.0669 0.2421, -3.2185 -1.1398 0.2325, -3.0807 -1.1398 0.2325, -3.2185 -1.2077 0.2044, -3.0807 -1.2077 0.2044, -3.2185 -1.266 0.1597, -3.0807 -1.266 0.1597, -3.2185 -1.3107 0.1014, -3.0807 -1.3107 0.1014, -3.2185 -1.3388 0.0335, -3.0807 -1.3388 0.0335, -3.0807 -0.939 0.3701, -3.2185 -0.939 0.3701, -3.0807 -0.9433 0.337, -3.2185 -0.9433 0.337, -3.0807 -0.9561 0.3061, -3.2185 -0.9561 0.3061, -3.0807 -0.9765 0.2796, -3.2185 -0.9765 0.2796, -3.0807 -1.003 0.2593, -3.2185 -1.003 0.2593, -3.0807 -1.0338 0.2465, -3.2185 -1.0338 0.2465, -3.0807 -0.939 1.2488, -3.2185 -0.939 1.2488, -3.0807 -0.877 1.4801, -3.2185 -0.877 1.4801, -3.2185 -0.9111 1.4071, -3.0807 -0.9111 1.4071, -3.2185 -0.9319 1.3292, -3.0807 -0.9319 1.3292, -3.0807 -0.2994 2.4805, -3.2185 -0.2994 2.4805, -3.0807 -0.2559 2.6429, -3.2185 -0.2559 2.6429, -3.0807 -0.2608 2.5865, -3.2185 -0.2608 2.5865, -3.0807 -0.2755 2.5319, -3.2185 -0.2755 2.5319, -3.0807 -0.2559 2.9248, -3.2185 -0.2559 2.9248, -3.0807 -0.3693 3.1713, -3.2185 -0.3693 3.1713, -3.0807 -0.3214 3.1204, -3.2185 -0.3214 3.1204, -3.0807 -0.2856 3.0605, -3.2185 -0.2856 3.0605, -3.0807 -0.2634 2.9942, -3.2185 -0.2634 2.9942, -3.0807 -0.6709 3.4301, -3.2185 -0.6709 3.4301, -3.0807 -0.7224 3.5421, -3.2185 -0.7224 3.5421, -3.2185 -0.719 3.5106, -3.0807 -0.719 3.5106, -3.2185 -0.7089 3.4805, -3.0807 -0.7089 3.4805, -3.2185 -0.6927 3.4532, -3.0807 -0.6927 3.4532, -3.0807 -0.7224 4.1732, -3.2185 -0.7224 4.1732, -3.0807 -0.5846 4.1732, -3.2185 -0.5846 4.1732, -3.0807 -0.5846 3.5421, -3.2185 -0.5846 3.5421, -3.0807 -0.5812 3.5347, -3.2185 -0.5812 3.5347, -3.0807 -0.5827 3.5362, -3.2185 -0.5827 3.5362, -3.0807 -0.5837 3.538, -3.2185 -0.5837 3.538, -3.0807 -0.5844 3.54, -3.2185 -0.5844 3.54, -3.0807 -0.2795 3.2759, -3.2185 -0.2795 3.2759, -3.0807 -0.1181 2.9248, -3.2185 -0.1181 2.9248, -3.2185 -0.1288 3.0237, -3.0807 -0.1288 3.0237, -3.2185 -0.1604 3.118, -3.0807 -0.1604 3.118, -3.2185 -0.2114 3.2034, -3.0807 -0.2114 3.2034, -3.0807 -0.1181 2.6429, -3.2185 -0.1181 2.6429, -3.0807 -0.1801 2.4116, -3.2185 -0.1801 2.4116, -3.2185 -0.146 2.4847, -3.0807 -0.146 2.4847, -3.2185 -0.1251 2.5626, -3.0807 -0.1251 2.5626, -3.0807 -0.7577 1.4112, -3.2185 -0.7577 1.4112, -3.0807 -0.8012 1.2488, -3.2185 -0.8012 1.2488, -3.0807 -0.7962 1.3052, -3.2185 -0.7962 1.3052, -3.0807 -0.7816 1.3599, -3.2185 -0.7816 1.3599, -3.0807 -0.8012 0.3701, -3.2185 -0.8012 0.3701, -3.0807 -1.0669 0.1043, -3.2185 -1.0669 0.1043, -3.2185 -0.9981 0.1134, -3.0807 -0.9981 0.1134, -3.2185 -0.9341 0.1399, -3.0807 -0.9341 0.1399, -3.2185 -0.879 0.1822, -3.0807 -0.879 0.1822, -3.2185 -0.8368 0.2372, -3.0807 -0.8368 0.2372, -3.2185 -0.8102 0.3013, -3.0807 -0.8102 0.3013, -3.0807 -1.2057 -0.0022, -3.2185 -1.2057 -0.0022, -3.0807 -1.1914 0.0325, -3.2185 -1.1914 0.0325, -3.0807 -1.1685 0.0622, -3.2185 -1.1685 0.0622, -3.0807 -1.1388 0.0851, -3.2185 -1.1388 0.0851, -3.0807 -1.1041 0.0994, -3.2185 -1.1041 0.0994, 8.7303 1.2106 -1.1517, 8.7303 1.2106 -0.0394, 8.5925 1.2106 -1.1517, 8.5925 1.2106 -0.0394, 8.6319 1.25 -1.2598, 8.6319 1.3091 -1.2598, 8.6909 1.25 -1.2598, 8.6909 1.3091 -1.2598, 8.5925 1.3484 -1.1517, 8.5925 1.3484 -0.0394, 8.7303 1.3484 -1.1517, 8.7303 1.3484 -0.0394, 8.5925 1.3388 0.0335, 8.7303 1.3388 0.0335, 8.5925 1.3107 0.1014, 8.7303 1.3107 0.1014, 8.5925 1.266 0.1597, 8.7303 1.266 0.1597, 8.5925 1.2077 0.2044, 8.7303 1.2077 0.2044, 8.5925 1.1398 0.2325, 8.7303 1.1398 0.2325, 8.5925 1.0669 0.2421, 8.7303 1.0669 0.2421, 8.7303 1.0338 0.2465, 8.5925 1.0338 0.2465, 8.7303 1.003 0.2593, 8.5925 1.003 0.2593, 8.7303 0.9765 0.2796, 8.5925 0.9765 0.2796, 8.7303 0.9561 0.3061, 8.5925 0.9561 0.3061, 8.7303 0.9433 0.337, 8.5925 0.9433 0.337, 8.7303 0.939 0.3701, 8.5925 0.939 0.3701, 8.7303 0.939 1.2488, 8.5925 0.939 1.2488, 8.5925 0.9319 1.3292, 8.7303 0.9319 1.3292, 8.5925 0.9111 1.4071, 8.7303 0.9111 1.4071, 8.5925 0.877 1.4801, 8.7303 0.877 1.4801, 8.7303 0.2994 2.4805, 8.5925 0.2994 2.4805, 8.7303 0.2755 2.5319, 8.5925 0.2755 2.5319, 8.7303 0.2608 2.5865, 8.5925 0.2608 2.5865, 8.7303 0.2559 2.6429, 8.5925 0.2559 2.6429, 8.7303 0.2559 2.9248, 8.5925 0.2559 2.9248, 8.7303 0.2634 2.9942, 8.5925 0.2634 2.9942, 8.7303 0.2856 3.0605, 8.5925 0.2856 3.0605, 8.7303 0.3214 3.1204, 8.5925 0.3214 3.1204, 8.7303 0.3693 3.1713, 8.5925 0.3693 3.1713, 8.7303 0.6709 3.4301, 8.5925 0.6709 3.4301, 8.5925 0.6927 3.4532, 8.7303 0.6927 3.4532, 8.5925 0.7089 3.4805, 8.7303 0.7089 3.4805, 8.5925 0.719 3.5106, 8.7303 0.719 3.5106, 8.5925 0.7224 3.5421, 8.7303 0.7224 3.5421, 8.7303 0.7224 4.1732, 8.5925 0.7224 4.1732, 8.7303 0.5846 4.1732, 8.5925 0.5846 4.1732, 8.7303 0.5846 3.5421, 8.5925 0.5846 3.5421, 8.7303 0.5844 3.54, 8.5925 0.5844 3.54, 8.7303 0.5837 3.538, 8.5925 0.5837 3.538, 8.7303 0.5827 3.5362, 8.5925 0.5827 3.5362, 8.7303 0.5812 3.5347, 8.5925 0.5812 3.5347, 8.7303 0.2795 3.2759, 8.5925 0.2795 3.2759, 8.5925 0.2114 3.2034, 8.7303 0.2114 3.2034, 8.5925 0.1604 3.118, 8.7303 0.1604 3.118, 8.5925 0.1288 3.0237, 8.7303 0.1288 3.0237, 8.5925 0.1181 2.9248, 8.7303 0.1181 2.9248, 8.7303 0.1181 2.6429, 8.5925 0.1181 2.6429, 8.5925 0.1251 2.5626, 8.7303 0.1251 2.5626, 8.5925 0.146 2.4847, 8.7303 0.146 2.4847, 8.5925 0.1801 2.4116, 8.7303 0.1801 2.4116, 8.7303 0.7577 1.4112, 8.5925 0.7577 1.4112, 8.7303 0.7816 1.3599, 8.5925 0.7816 1.3599, 8.7303 0.7962 1.3052, 8.5925 0.7962 1.3052, 8.7303 0.8012 1.2488, 8.5925 0.8012 1.2488, 8.7303 0.8012 0.3701, 8.5925 0.8012 0.3701, 8.5925 0.8102 0.3013, 8.7303 0.8102 0.3013, 8.5925 0.8368 0.2372, 8.7303 0.8368 0.2372, 8.5925 0.879 0.1822, 8.7303 0.879 0.1822, 8.5925 0.9341 0.1399, 8.7303 0.9341 0.1399, 8.5925 0.9981 0.1134, 8.7303 0.9981 0.1134, 8.5925 1.0669 0.1043, 8.7303 1.0669 0.1043, 8.7303 1.1041 0.0994, 8.5925 1.1041 0.0994, 8.7303 1.1388 0.0851, 8.5925 1.1388 0.0851, 8.7303 1.1685 0.0622, 8.5925 1.1685 0.0622, 8.7303 1.1914 0.0325, 8.5925 1.1914 0.0325, 8.7303 1.2057 -0.0022, 8.5925 1.2057 -0.0022, 7.9429 1.2106 -1.1517, 7.9429 1.2106 -0.0394, 7.8051 1.2106 -1.1517, 7.8051 1.2106 -0.0394, 7.8445 1.25 -1.2598, 7.8445 1.3091 -1.2598, 7.9035 1.25 -1.2598, 7.9035 1.3091 -1.2598, 7.8051 1.3484 -1.1517, 7.8051 1.3484 -0.0394, 7.9429 1.3484 -1.1517, 7.9429 1.3484 -0.0394, 7.8051 1.3388 0.0335, 7.9429 1.3388 0.0335, 7.8051 1.3107 0.1014, 7.9429 1.3107 0.1014, 7.8051 1.266 0.1597, 7.9429 1.266 0.1597, 7.8051 1.2077 0.2044, 7.9429 1.2077 0.2044, 7.8051 1.1398 0.2325, 7.9429 1.1398 0.2325, 7.8051 1.0669 0.2421, 7.9429 1.0669 0.2421, 7.9429 1.0338 0.2465, 7.8051 1.0338 0.2465, 7.9429 1.003 0.2593, 7.8051 1.003 0.2593, 7.9429 0.9765 0.2796, 7.8051 0.9765 0.2796, 7.9429 0.9561 0.3061, 7.8051 0.9561 0.3061, 7.9429 0.9433 0.337, 7.8051 0.9433 0.337, 7.9429 0.939 0.3701, 7.8051 0.939 0.3701, 7.9429 0.939 1.2488, 7.8051 0.939 1.2488, 7.8051 0.9319 1.3292, 7.9429 0.9319 1.3292, 7.8051 0.9111 1.4071, 7.9429 0.9111 1.4071, 7.8051 0.877 1.4801, 7.9429 0.877 1.4801, 7.9429 0.2994 2.4805, 7.8051 0.2994 2.4805, 7.9429 0.2755 2.5319, 7.8051 0.2755 2.5319, 7.9429 0.2608 2.5865, 7.8051 0.2608 2.5865, 7.9429 0.2559 2.6429, 7.8051 0.2559 2.6429, 7.9429 0.2559 2.9248, 7.8051 0.2559 2.9248, 7.9429 0.2634 2.9942, 7.8051 0.2634 2.9942, 7.9429 0.2856 3.0605, 7.8051 0.2856 3.0605, 7.9429 0.3214 3.1204, 7.8051 0.3214 3.1204, 7.9429 0.3693 3.1713, 7.8051 0.3693 3.1713, 7.9429 0.6709 3.4301, 7.8051 0.6709 3.4301, 7.8051 0.6927 3.4532, 7.9429 0.6927 3.4532, 7.8051 0.7089 3.4805, 7.9429 0.7089 3.4805, 7.8051 0.719 3.5106, 7.9429 0.719 3.5106, 7.8051 0.7224 3.5421, 7.9429 0.7224 3.5421, 7.9429 0.7224 4.1732, 7.8051 0.7224 4.1732, 7.9429 0.5846 4.1732, 7.8051 0.5846 4.1732, 7.9429 0.5846 3.5421, 7.8051 0.5846 3.5421, 7.9429 0.5844 3.54, 7.8051 0.5844 3.54, 7.9429 0.5837 3.538, 7.8051 0.5837 3.538, 7.9429 0.5827 3.5362, 7.8051 0.5827 3.5362, 7.9429 0.5812 3.5347, 7.8051 0.5812 3.5347, 7.9429 0.2795 3.2759, 7.8051 0.2795 3.2759, 7.8051 0.2114 3.2034, 7.9429 0.2114 3.2034, 7.8051 0.1604 3.118, 7.9429 0.1604 3.118, 7.8051 0.1288 3.0237, 7.9429 0.1288 3.0237, 7.8051 0.1181 2.9248, 7.9429 0.1181 2.9248, 7.9429 0.1181 2.6429, 7.8051 0.1181 2.6429, 7.8051 0.1251 2.5626, 7.9429 0.1251 2.5626, 7.8051 0.146 2.4847, 7.9429 0.146 2.4847, 7.8051 0.1801 2.4116, 7.9429 0.1801 2.4116, 7.9429 0.7577 1.4112, 7.8051 0.7577 1.4112, 7.9429 0.7816 1.3599, 7.8051 0.7816 1.3599, 7.9429 0.7962 1.3052, 7.8051 0.7962 1.3052, 7.9429 0.8012 1.2488, 7.8051 0.8012 1.2488, 7.9429 0.8012 0.3701, 7.8051 0.8012 0.3701, 7.8051 0.8102 0.3013, 7.9429 0.8102 0.3013, 7.8051 0.8368 0.2372, 7.9429 0.8368 0.2372, 7.8051 0.879 0.1822, 7.9429 0.879 0.1822, 7.8051 0.9341 0.1399, 7.9429 0.9341 0.1399, 7.8051 0.9981 0.1134, 7.9429 0.9981 0.1134, 7.8051 1.0669 0.1043, 7.9429 1.0669 0.1043, 7.9429 1.1041 0.0994, 7.8051 1.1041 0.0994, 7.9429 1.1388 0.0851, 7.8051 1.1388 0.0851, 7.9429 1.1685 0.0622, 7.8051 1.1685 0.0622, 7.9429 1.1914 0.0325, 7.8051 1.1914 0.0325, 7.9429 1.2057 -0.0022, 7.8051 1.2057 -0.0022, 7.1555 1.2106 -1.1517, 7.1555 1.2106 -0.0394, 7.0177 1.2106 -1.1517, 7.0177 1.2106 -0.0394, 7.0571 1.25 -1.2598, 7.0571 1.3091 -1.2598, 7.1161 1.25 -1.2598, 7.1161 1.3091 -1.2598, 7.0177 1.3484 -1.1517, 7.0177 1.3484 -0.0394, 7.1555 1.3484 -1.1517, 7.1555 1.3484 -0.0394, 7.0177 1.3388 0.0335, 7.1555 1.3388 0.0335, 7.0177 1.3107 0.1014, 7.1555 1.3107 0.1014, 7.0177 1.266 0.1597, 7.1555 1.266 0.1597, 7.0177 1.2077 0.2044, 7.1555 1.2077 0.2044, 7.0177 1.1398 0.2325, 7.1555 1.1398 0.2325, 7.0177 1.0669 0.2421, 7.1555 1.0669 0.2421, 7.1555 1.0338 0.2465, 7.0177 1.0338 0.2465, 7.1555 1.003 0.2593, 7.0177 1.003 0.2593, 7.1555 0.9765 0.2796, 7.0177 0.9765 0.2796, 7.1555 0.9561 0.3061, 7.0177 0.9561 0.3061, 7.1555 0.9433 0.337, 7.0177 0.9433 0.337, 7.1555 0.939 0.3701, 7.0177 0.939 0.3701, 7.1555 0.939 1.2488, 7.0177 0.939 1.2488, 7.0177 0.9319 1.3292, 7.1555 0.9319 1.3292, 7.0177 0.9111 1.4071, 7.1555 0.9111 1.4071, 7.0177 0.877 1.4801, 7.1555 0.877 1.4801, 7.1555 0.2994 2.4805, 7.0177 0.2994 2.4805, 7.1555 0.2755 2.5319, 7.0177 0.2755 2.5319, 7.1555 0.2608 2.5865, 7.0177 0.2608 2.5865, 7.1555 0.2559 2.6429, 7.0177 0.2559 2.6429, 7.1555 0.2559 2.9248, 7.0177 0.2559 2.9248, 7.1555 0.2634 2.9942, 7.0177 0.2634 2.9942, 7.1555 0.2856 3.0605, 7.0177 0.2856 3.0605, 7.1555 0.3214 3.1204, 7.0177 0.3214 3.1204, 7.1555 0.3693 3.1713, 7.0177 0.3693 3.1713, 7.1555 0.6709 3.4301, 7.0177 0.6709 3.4301, 7.0177 0.6927 3.4532, 7.1555 0.6927 3.4532, 7.0177 0.7089 3.4805, 7.1555 0.7089 3.4805, 7.0177 0.719 3.5106, 7.1555 0.719 3.5106, 7.0177 0.7224 3.5421, 7.1555 0.7224 3.5421, 7.1555 0.7224 4.1732, 7.0177 0.7224 4.1732, 7.1555 0.5846 4.1732, 7.0177 0.5846 4.1732, 7.1555 0.5846 3.5421, 7.0177 0.5846 3.5421, 7.1555 0.5844 3.54, 7.0177 0.5844 3.54, 7.1555 0.5837 3.538, 7.0177 0.5837 3.538, 7.1555 0.5827 3.5362, 7.0177 0.5827 3.5362, 7.1555 0.5812 3.5347, 7.0177 0.5812 3.5347, 7.1555 0.2795 3.2759, 7.0177 0.2795 3.2759, 7.0177 0.2114 3.2034, 7.1555 0.2114 3.2034, 7.0177 0.1604 3.118, 7.1555 0.1604 3.118, 7.0177 0.1288 3.0237, 7.1555 0.1288 3.0237, 7.0177 0.1181 2.9248, 7.1555 0.1181 2.9248, 7.1555 0.1181 2.6429, 7.0177 0.1181 2.6429, 7.0177 0.1251 2.5626, 7.1555 0.1251 2.5626, 7.0177 0.146 2.4847, 7.1555 0.146 2.4847, 7.0177 0.1801 2.4116, 7.1555 0.1801 2.4116, 7.1555 0.7577 1.4112, 7.0177 0.7577 1.4112, 7.1555 0.7816 1.3599, 7.0177 0.7816 1.3599, 7.1555 0.7962 1.3052, 7.0177 0.7962 1.3052, 7.1555 0.8012 1.2488, 7.0177 0.8012 1.2488, 7.1555 0.8012 0.3701, 7.0177 0.8012 0.3701, 7.0177 0.8102 0.3013, 7.1555 0.8102 0.3013, 7.0177 0.8368 0.2372, 7.1555 0.8368 0.2372, 7.0177 0.879 0.1822, 7.1555 0.879 0.1822, 7.0177 0.9341 0.1399, 7.1555 0.9341 0.1399, 7.0177 0.9981 0.1134, 7.1555 0.9981 0.1134, 7.0177 1.0669 0.1043, 7.1555 1.0669 0.1043, 7.1555 1.1041 0.0994, 7.0177 1.1041 0.0994, 7.1555 1.1388 0.0851, 7.0177 1.1388 0.0851, 7.1555 1.1685 0.0622, 7.0177 1.1685 0.0622, 7.1555 1.1914 0.0325, 7.0177 1.1914 0.0325, 7.1555 1.2057 -0.0022, 7.0177 1.2057 -0.0022, 6.3681 1.2106 -1.1517, 6.3681 1.2106 -0.0394, 6.2303 1.2106 -1.1517, 6.2303 1.2106 -0.0394, 6.2697 1.25 -1.2598, 6.2697 1.3091 -1.2598, 6.3287 1.25 -1.2598, 6.3287 1.3091 -1.2598, 6.2303 1.3484 -1.1517, 6.2303 1.3484 -0.0394, 6.3681 1.3484 -1.1517, 6.3681 1.3484 -0.0394, 6.2303 1.3388 0.0335, 6.3681 1.3388 0.0335, 6.2303 1.3107 0.1014, 6.3681 1.3107 0.1014, 6.2303 1.266 0.1597, 6.3681 1.266 0.1597, 6.2303 1.2077 0.2044, 6.3681 1.2077 0.2044, 6.2303 1.1398 0.2325, 6.3681 1.1398 0.2325, 6.2303 1.0669 0.2421, 6.3681 1.0669 0.2421, 6.3681 1.0338 0.2465, 6.2303 1.0338 0.2465, 6.3681 1.003 0.2593, 6.2303 1.003 0.2593, 6.3681 0.9765 0.2796, 6.2303 0.9765 0.2796, 6.3681 0.9561 0.3061, 6.2303 0.9561 0.3061, 6.3681 0.9433 0.337, 6.2303 0.9433 0.337, 6.3681 0.939 0.3701, 6.2303 0.939 0.3701, 6.3681 0.939 1.2488, 6.2303 0.939 1.2488, 6.2303 0.9319 1.3292, 6.3681 0.9319 1.3292, 6.2303 0.9111 1.4071, 6.3681 0.9111 1.4071, 6.2303 0.877 1.4801, 6.3681 0.877 1.4801, 6.3681 0.2994 2.4805, 6.2303 0.2994 2.4805, 6.3681 0.2755 2.5319, 6.2303 0.2755 2.5319, 6.3681 0.2608 2.5865, 6.2303 0.2608 2.5865, 6.3681 0.2559 2.6429, 6.2303 0.2559 2.6429, 6.3681 0.2559 2.9248, 6.2303 0.2559 2.9248, 6.3681 0.2634 2.9942, 6.2303 0.2634 2.9942, 6.3681 0.2856 3.0605, 6.2303 0.2856 3.0605, 6.3681 0.3214 3.1204, 6.2303 0.3214 3.1204, 6.3681 0.3693 3.1713, 6.2303 0.3693 3.1713, 6.3681 0.6709 3.4301, 6.2303 0.6709 3.4301, 6.2303 0.6927 3.4532, 6.3681 0.6927 3.4532, 6.2303 0.7089 3.4805, 6.3681 0.7089 3.4805, 6.2303 0.719 3.5106, 6.3681 0.719 3.5106, 6.2303 0.7224 3.5421, 6.3681 0.7224 3.5421, 6.3681 0.7224 4.1732, 6.2303 0.7224 4.1732, 6.3681 0.5846 4.1732, 6.2303 0.5846 4.1732, 6.3681 0.5846 3.5421, 6.2303 0.5846 3.5421, 6.3681 0.5844 3.54, 6.2303 0.5844 3.54, 6.3681 0.5837 3.538, 6.2303 0.5837 3.538, 6.3681 0.5827 3.5362, 6.2303 0.5827 3.5362, 6.3681 0.5812 3.5347, 6.2303 0.5812 3.5347, 6.3681 0.2795 3.2759, 6.2303 0.2795 3.2759, 6.2303 0.2114 3.2034, 6.3681 0.2114 3.2034, 6.2303 0.1604 3.118, 6.3681 0.1604 3.118, 6.2303 0.1288 3.0237, 6.3681 0.1288 3.0237, 6.2303 0.1181 2.9248, 6.3681 0.1181 2.9248, 6.3681 0.1181 2.6429, 6.2303 0.1181 2.6429, 6.2303 0.1251 2.5626, 6.3681 0.1251 2.5626, 6.2303 0.146 2.4847, 6.3681 0.146 2.4847, 6.2303 0.1801 2.4116, 6.3681 0.1801 2.4116, 6.3681 0.7577 1.4112, 6.2303 0.7577 1.4112, 6.3681 0.7816 1.3599, 6.2303 0.7816 1.3599, 6.3681 0.7962 1.3052, 6.2303 0.7962 1.3052, 6.3681 0.8012 1.2488, 6.2303 0.8012 1.2488, 6.3681 0.8012 0.3701, 6.2303 0.8012 0.3701, 6.2303 0.8102 0.3013, 6.3681 0.8102 0.3013, 6.2303 0.8368 0.2372, 6.3681 0.8368 0.2372, 6.2303 0.879 0.1822, 6.3681 0.879 0.1822, 6.2303 0.9341 0.1399, 6.3681 0.9341 0.1399, 6.2303 0.9981 0.1134, 6.3681 0.9981 0.1134, 6.2303 1.0669 0.1043, 6.3681 1.0669 0.1043, 6.3681 1.1041 0.0994, 6.2303 1.1041 0.0994, 6.3681 1.1388 0.0851, 6.2303 1.1388 0.0851, 6.3681 1.1685 0.0622, 6.2303 1.1685 0.0622, 6.3681 1.1914 0.0325, 6.2303 1.1914 0.0325, 6.3681 1.2057 -0.0022, 6.2303 1.2057 -0.0022, 5.5807 1.2106 -1.1517, 5.5807 1.2106 -0.0394, 5.4429 1.2106 -1.1517, 5.4429 1.2106 -0.0394, 5.4823 1.25 -1.2598, 5.4823 1.3091 -1.2598, 5.5413 1.25 -1.2598, 5.5413 1.3091 -1.2598, 5.4429 1.3484 -1.1517, 5.4429 1.3484 -0.0394, 5.5807 1.3484 -1.1517, 5.5807 1.3484 -0.0394, 5.4429 1.3388 0.0335, 5.5807 1.3388 0.0335, 5.4429 1.3107 0.1014, 5.5807 1.3107 0.1014, 5.4429 1.266 0.1597, 5.5807 1.266 0.1597, 5.4429 1.2077 0.2044, 5.5807 1.2077 0.2044, 5.4429 1.1398 0.2325, 5.5807 1.1398 0.2325, 5.4429 1.0669 0.2421, 5.5807 1.0669 0.2421, 5.5807 1.0338 0.2465, 5.4429 1.0338 0.2465, 5.5807 1.003 0.2593, 5.4429 1.003 0.2593, 5.5807 0.9765 0.2796, 5.4429 0.9765 0.2796, 5.5807 0.9561 0.3061, 5.4429 0.9561 0.3061, 5.5807 0.9433 0.337, 5.4429 0.9433 0.337, 5.5807 0.939 0.3701, 5.4429 0.939 0.3701, 5.5807 0.939 1.2488, 5.4429 0.939 1.2488, 5.4429 0.9319 1.3292, 5.5807 0.9319 1.3292, 5.4429 0.9111 1.4071, 5.5807 0.9111 1.4071, 5.4429 0.877 1.4801, 5.5807 0.877 1.4801, 5.5807 0.2994 2.4805, 5.4429 0.2994 2.4805, 5.5807 0.2755 2.5319, 5.4429 0.2755 2.5319, 5.5807 0.2608 2.5865, 5.4429 0.2608 2.5865, 5.5807 0.2559 2.6429, 5.4429 0.2559 2.6429, 5.5807 0.2559 2.9248, 5.4429 0.2559 2.9248, 5.5807 0.2634 2.9942, 5.4429 0.2634 2.9942, 5.5807 0.2856 3.0605, 5.4429 0.2856 3.0605, 5.5807 0.3214 3.1204, 5.4429 0.3214 3.1204, 5.5807 0.3693 3.1713, 5.4429 0.3693 3.1713, 5.5807 0.6709 3.4301, 5.4429 0.6709 3.4301, 5.4429 0.6927 3.4532, 5.5807 0.6927 3.4532, 5.4429 0.7089 3.4805, 5.5807 0.7089 3.4805, 5.4429 0.719 3.5106, 5.5807 0.719 3.5106, 5.4429 0.7224 3.5421, 5.5807 0.7224 3.5421, 5.5807 0.7224 4.1732, 5.4429 0.7224 4.1732, 5.5807 0.5846 4.1732, 5.4429 0.5846 4.1732, 5.5807 0.5846 3.5421, 5.4429 0.5846 3.5421, 5.5807 0.5844 3.54, 5.4429 0.5844 3.54, 5.5807 0.5837 3.538, 5.4429 0.5837 3.538, 5.5807 0.5827 3.5362, 5.4429 0.5827 3.5362, 5.5807 0.5812 3.5347, 5.4429 0.5812 3.5347, 5.5807 0.2795 3.2759, 5.4429 0.2795 3.2759, 5.4429 0.2114 3.2034, 5.5807 0.2114 3.2034, 5.4429 0.1604 3.118, 5.5807 0.1604 3.118, 5.4429 0.1288 3.0237, 5.5807 0.1288 3.0237, 5.4429 0.1181 2.9248, 5.5807 0.1181 2.9248, 5.5807 0.1181 2.6429, 5.4429 0.1181 2.6429, 5.4429 0.1251 2.5626, 5.5807 0.1251 2.5626, 5.4429 0.146 2.4847, 5.5807 0.146 2.4847, 5.4429 0.1801 2.4116, 5.5807 0.1801 2.4116, 5.5807 0.7577 1.4112, 5.4429 0.7577 1.4112, 5.5807 0.7816 1.3599, 5.4429 0.7816 1.3599, 5.5807 0.7962 1.3052, 5.4429 0.7962 1.3052, 5.5807 0.8012 1.2488, 5.4429 0.8012 1.2488, 5.5807 0.8012 0.3701, 5.4429 0.8012 0.3701, 5.4429 0.8102 0.3013, 5.5807 0.8102 0.3013, 5.4429 0.8368 0.2372, 5.5807 0.8368 0.2372, 5.4429 0.879 0.1822, 5.5807 0.879 0.1822, 5.4429 0.9341 0.1399, 5.5807 0.9341 0.1399, 5.4429 0.9981 0.1134, 5.5807 0.9981 0.1134, 5.4429 1.0669 0.1043, 5.5807 1.0669 0.1043, 5.5807 1.1041 0.0994, 5.4429 1.1041 0.0994, 5.5807 1.1388 0.0851, 5.4429 1.1388 0.0851, 5.5807 1.1685 0.0622, 5.4429 1.1685 0.0622, 5.5807 1.1914 0.0325, 5.4429 1.1914 0.0325, 5.5807 1.2057 -0.0022, 5.4429 1.2057 -0.0022, 4.7933 1.2106 -1.1517, 4.7933 1.2106 -0.0394, 4.6555 1.2106 -1.1517, 4.6555 1.2106 -0.0394, 4.6949 1.25 -1.2598, 4.6949 1.3091 -1.2598, 4.7539 1.25 -1.2598, 4.7539 1.3091 -1.2598, 4.6555 1.3484 -1.1517, 4.6555 1.3484 -0.0394, 4.7933 1.3484 -1.1517, 4.7933 1.3484 -0.0394, 4.6555 1.3388 0.0335, 4.7933 1.3388 0.0335, 4.6555 1.3107 0.1014, 4.7933 1.3107 0.1014, 4.6555 1.266 0.1597, 4.7933 1.266 0.1597, 4.6555 1.2077 0.2044, 4.7933 1.2077 0.2044, 4.6555 1.1398 0.2325, 4.7933 1.1398 0.2325, 4.6555 1.0669 0.2421, 4.7933 1.0669 0.2421, 4.7933 1.0338 0.2465, 4.6555 1.0338 0.2465, 4.7933 1.003 0.2593, 4.6555 1.003 0.2593, 4.7933 0.9765 0.2796, 4.6555 0.9765 0.2796, 4.7933 0.9561 0.3061, 4.6555 0.9561 0.3061, 4.7933 0.9433 0.337, 4.6555 0.9433 0.337, 4.7933 0.939 0.3701, 4.6555 0.939 0.3701, 4.7933 0.939 1.2488, 4.6555 0.939 1.2488, 4.6555 0.9319 1.3292, 4.7933 0.9319 1.3292, 4.6555 0.9111 1.4071, 4.7933 0.9111 1.4071, 4.6555 0.877 1.4801, 4.7933 0.877 1.4801, 4.7933 0.2994 2.4805, 4.6555 0.2994 2.4805, 4.7933 0.2755 2.5319, 4.6555 0.2755 2.5319, 4.7933 0.2608 2.5865, 4.6555 0.2608 2.5865, 4.7933 0.2559 2.6429, 4.6555 0.2559 2.6429, 4.7933 0.2559 2.9248, 4.6555 0.2559 2.9248, 4.7933 0.2634 2.9942, 4.6555 0.2634 2.9942, 4.7933 0.2856 3.0605, 4.6555 0.2856 3.0605, 4.7933 0.3214 3.1204, 4.6555 0.3214 3.1204, 4.7933 0.3693 3.1713, 4.6555 0.3693 3.1713, 4.7933 0.6709 3.4301, 4.6555 0.6709 3.4301, 4.6555 0.6927 3.4532, 4.7933 0.6927 3.4532, 4.6555 0.7089 3.4805, 4.7933 0.7089 3.4805, 4.6555 0.719 3.5106, 4.7933 0.719 3.5106, 4.6555 0.7224 3.5421, 4.7933 0.7224 3.5421, 4.7933 0.7224 4.1732, 4.6555 0.7224 4.1732, 4.7933 0.5846 4.1732, 4.6555 0.5846 4.1732, 4.7933 0.5846 3.5421, 4.6555 0.5846 3.5421, 4.7933 0.5844 3.54, 4.6555 0.5844 3.54, 4.7933 0.5837 3.538, 4.6555 0.5837 3.538, 4.7933 0.5827 3.5362, 4.6555 0.5827 3.5362, 4.7933 0.5812 3.5347, 4.6555 0.5812 3.5347, 4.7933 0.2795 3.2759, 4.6555 0.2795 3.2759, 4.6555 0.2114 3.2034, 4.7933 0.2114 3.2034, 4.6555 0.1604 3.118, 4.7933 0.1604 3.118, 4.6555 0.1288 3.0237, 4.7933 0.1288 3.0237, 4.6555 0.1181 2.9248, 4.7933 0.1181 2.9248, 4.7933 0.1181 2.6429, 4.6555 0.1181 2.6429, 4.6555 0.1251 2.5626, 4.7933 0.1251 2.5626, 4.6555 0.146 2.4847, 4.7933 0.146 2.4847, 4.6555 0.1801 2.4116, 4.7933 0.1801 2.4116, 4.7933 0.7577 1.4112, 4.6555 0.7577 1.4112, 4.7933 0.7816 1.3599, 4.6555 0.7816 1.3599, 4.7933 0.7962 1.3052, 4.6555 0.7962 1.3052, 4.7933 0.8012 1.2488, 4.6555 0.8012 1.2488, 4.7933 0.8012 0.3701, 4.6555 0.8012 0.3701, 4.6555 0.8102 0.3013, 4.7933 0.8102 0.3013, 4.6555 0.8368 0.2372, 4.7933 0.8368 0.2372, 4.6555 0.879 0.1822, 4.7933 0.879 0.1822, 4.6555 0.9341 0.1399, 4.7933 0.9341 0.1399, 4.6555 0.9981 0.1134, 4.7933 0.9981 0.1134, 4.6555 1.0669 0.1043, 4.7933 1.0669 0.1043, 4.7933 1.1041 0.0994, 4.6555 1.1041 0.0994, 4.7933 1.1388 0.0851, 4.6555 1.1388 0.0851, 4.7933 1.1685 0.0622, 4.6555 1.1685 0.0622, 4.7933 1.1914 0.0325, 4.6555 1.1914 0.0325, 4.7933 1.2057 -0.0022, 4.6555 1.2057 -0.0022, 4.0059 1.2106 -1.1517, 4.0059 1.2106 -0.0394, 3.8681 1.2106 -1.1517, 3.8681 1.2106 -0.0394, 3.9075 1.25 -1.2598, 3.9075 1.3091 -1.2598, 3.9665 1.25 -1.2598, 3.9665 1.3091 -1.2598, 3.8681 1.3484 -1.1517, 3.8681 1.3484 -0.0394, 4.0059 1.3484 -1.1517, 4.0059 1.3484 -0.0394, 3.8681 1.3388 0.0335, 4.0059 1.3388 0.0335, 3.8681 1.3107 0.1014, 4.0059 1.3107 0.1014, 3.8681 1.266 0.1597, 4.0059 1.266 0.1597, 3.8681 1.2077 0.2044, 4.0059 1.2077 0.2044, 3.8681 1.1398 0.2325, 4.0059 1.1398 0.2325, 3.8681 1.0669 0.2421, 4.0059 1.0669 0.2421, 4.0059 1.0338 0.2465, 3.8681 1.0338 0.2465, 4.0059 1.003 0.2593, 3.8681 1.003 0.2593, 4.0059 0.9765 0.2796, 3.8681 0.9765 0.2796, 4.0059 0.9561 0.3061, 3.8681 0.9561 0.3061, 4.0059 0.9433 0.337, 3.8681 0.9433 0.337, 4.0059 0.939 0.3701, 3.8681 0.939 0.3701, 4.0059 0.939 1.2488, 3.8681 0.939 1.2488, 3.8681 0.9319 1.3292, 4.0059 0.9319 1.3292, 3.8681 0.9111 1.4071, 4.0059 0.9111 1.4071, 3.8681 0.877 1.4801, 4.0059 0.877 1.4801, 4.0059 0.2994 2.4805, 3.8681 0.2994 2.4805, 4.0059 0.2755 2.5319, 3.8681 0.2755 2.5319, 4.0059 0.2608 2.5865, 3.8681 0.2608 2.5865, 4.0059 0.2559 2.6429, 3.8681 0.2559 2.6429, 4.0059 0.2559 2.9248, 3.8681 0.2559 2.9248, 4.0059 0.2634 2.9942, 3.8681 0.2634 2.9942, 4.0059 0.2856 3.0605, 3.8681 0.2856 3.0605, 4.0059 0.3214 3.1204, 3.8681 0.3214 3.1204, 4.0059 0.3693 3.1713, 3.8681 0.3693 3.1713, 4.0059 0.6709 3.4301, 3.8681 0.6709 3.4301, 3.8681 0.6927 3.4532, 4.0059 0.6927 3.4532, 3.8681 0.7089 3.4805, 4.0059 0.7089 3.4805, 3.8681 0.719 3.5106, 4.0059 0.719 3.5106, 3.8681 0.7224 3.5421, 4.0059 0.7224 3.5421, 4.0059 0.7224 4.1732, 3.8681 0.7224 4.1732, 4.0059 0.5846 4.1732, 3.8681 0.5846 4.1732, 4.0059 0.5846 3.5421, 3.8681 0.5846 3.5421, 4.0059 0.5844 3.54, 3.8681 0.5844 3.54, 4.0059 0.5837 3.538, 3.8681 0.5837 3.538, 4.0059 0.5827 3.5362, 3.8681 0.5827 3.5362, 4.0059 0.5812 3.5347, 3.8681 0.5812 3.5347, 4.0059 0.2795 3.2759, 3.8681 0.2795 3.2759, 3.8681 0.2114 3.2034, 4.0059 0.2114 3.2034, 3.8681 0.1604 3.118, 4.0059 0.1604 3.118, 3.8681 0.1288 3.0237, 4.0059 0.1288 3.0237, 3.8681 0.1181 2.9248, 4.0059 0.1181 2.9248, 4.0059 0.1181 2.6429, 3.8681 0.1181 2.6429, 3.8681 0.1251 2.5626, 4.0059 0.1251 2.5626, 3.8681 0.146 2.4847, 4.0059 0.146 2.4847, 3.8681 0.1801 2.4116, 4.0059 0.1801 2.4116, 4.0059 0.7577 1.4112, 3.8681 0.7577 1.4112, 4.0059 0.7816 1.3599, 3.8681 0.7816 1.3599, 4.0059 0.7962 1.3052, 3.8681 0.7962 1.3052, 4.0059 0.8012 1.2488, 3.8681 0.8012 1.2488, 4.0059 0.8012 0.3701, 3.8681 0.8012 0.3701, 3.8681 0.8102 0.3013, 4.0059 0.8102 0.3013, 3.8681 0.8368 0.2372, 4.0059 0.8368 0.2372, 3.8681 0.879 0.1822, 4.0059 0.879 0.1822, 3.8681 0.9341 0.1399, 4.0059 0.9341 0.1399, 3.8681 0.9981 0.1134, 4.0059 0.9981 0.1134, 3.8681 1.0669 0.1043, 4.0059 1.0669 0.1043, 4.0059 1.1041 0.0994, 3.8681 1.1041 0.0994, 4.0059 1.1388 0.0851, 3.8681 1.1388 0.0851, 4.0059 1.1685 0.0622, 3.8681 1.1685 0.0622, 4.0059 1.1914 0.0325, 3.8681 1.1914 0.0325, 4.0059 1.2057 -0.0022, 3.8681 1.2057 -0.0022, 3.2185 1.2106 -1.1517, 3.2185 1.2106 -0.0394, 3.0807 1.2106 -1.1517, 3.0807 1.2106 -0.0394, 3.1201 1.25 -1.2598, 3.1201 1.3091 -1.2598, 3.1791 1.25 -1.2598, 3.1791 1.3091 -1.2598, 3.0807 1.3484 -1.1517, 3.0807 1.3484 -0.0394, 3.2185 1.3484 -1.1517, 3.2185 1.3484 -0.0394, 3.0807 1.3388 0.0335, 3.2185 1.3388 0.0335, 3.0807 1.3107 0.1014, 3.2185 1.3107 0.1014, 3.0807 1.266 0.1597, 3.2185 1.266 0.1597, 3.0807 1.2077 0.2044, 3.2185 1.2077 0.2044, 3.0807 1.1398 0.2325, 3.2185 1.1398 0.2325, 3.0807 1.0669 0.2421, 3.2185 1.0669 0.2421, 3.2185 1.0338 0.2465, 3.0807 1.0338 0.2465, 3.2185 1.003 0.2593, 3.0807 1.003 0.2593, 3.2185 0.9765 0.2796, 3.0807 0.9765 0.2796, 3.2185 0.9561 0.3061, 3.0807 0.9561 0.3061, 3.2185 0.9433 0.337, 3.0807 0.9433 0.337, 3.2185 0.939 0.3701, 3.0807 0.939 0.3701, 3.2185 0.939 1.2488, 3.0807 0.939 1.2488, 3.0807 0.9319 1.3292, 3.2185 0.9319 1.3292, 3.0807 0.9111 1.4071, 3.2185 0.9111 1.4071, 3.0807 0.877 1.4801, 3.2185 0.877 1.4801, 3.2185 0.2994 2.4805, 3.0807 0.2994 2.4805, 3.2185 0.2755 2.5319, 3.0807 0.2755 2.5319, 3.2185 0.2608 2.5865, 3.0807 0.2608 2.5865, 3.2185 0.2559 2.6429, 3.0807 0.2559 2.6429, 3.2185 0.2559 2.9248, 3.0807 0.2559 2.9248, 3.2185 0.2634 2.9942, 3.0807 0.2634 2.9942, 3.2185 0.2856 3.0605, 3.0807 0.2856 3.0605, 3.2185 0.3214 3.1204, 3.0807 0.3214 3.1204, 3.2185 0.3693 3.1713, 3.0807 0.3693 3.1713, 3.2185 0.6709 3.4301, 3.0807 0.6709 3.4301, 3.0807 0.6927 3.4532, 3.2185 0.6927 3.4532, 3.0807 0.7089 3.4805, 3.2185 0.7089 3.4805, 3.0807 0.719 3.5106, 3.2185 0.719 3.5106, 3.0807 0.7224 3.5421, 3.2185 0.7224 3.5421, 3.2185 0.7224 4.1732, 3.0807 0.7224 4.1732, 3.2185 0.5846 4.1732, 3.0807 0.5846 4.1732, 3.2185 0.5846 3.5421, 3.0807 0.5846 3.5421, 3.2185 0.5844 3.54, 3.0807 0.5844 3.54, 3.2185 0.5837 3.538, 3.0807 0.5837 3.538, 3.2185 0.5827 3.5362, 3.0807 0.5827 3.5362, 3.2185 0.5812 3.5347, 3.0807 0.5812 3.5347, 3.2185 0.2795 3.2759, 3.0807 0.2795 3.2759, 3.0807 0.2114 3.2034, 3.2185 0.2114 3.2034, 3.0807 0.1604 3.118, 3.2185 0.1604 3.118, 3.0807 0.1288 3.0237, 3.2185 0.1288 3.0237, 3.0807 0.1181 2.9248, 3.2185 0.1181 2.9248, 3.2185 0.1181 2.6429, 3.0807 0.1181 2.6429, 3.0807 0.1251 2.5626, 3.2185 0.1251 2.5626, 3.0807 0.146 2.4847, 3.2185 0.146 2.4847, 3.0807 0.1801 2.4116, 3.2185 0.1801 2.4116, 3.2185 0.7577 1.4112, 3.0807 0.7577 1.4112, 3.2185 0.7816 1.3599, 3.0807 0.7816 1.3599, 3.2185 0.7962 1.3052, 3.0807 0.7962 1.3052, 3.2185 0.8012 1.2488, 3.0807 0.8012 1.2488, 3.2185 0.8012 0.3701, 3.0807 0.8012 0.3701, 3.0807 0.8102 0.3013, 3.2185 0.8102 0.3013, 3.0807 0.8368 0.2372, 3.2185 0.8368 0.2372, 3.0807 0.879 0.1822, 3.2185 0.879 0.1822, 3.0807 0.9341 0.1399, 3.2185 0.9341 0.1399, 3.0807 0.9981 0.1134, 3.2185 0.9981 0.1134, 3.0807 1.0669 0.1043, 3.2185 1.0669 0.1043, 3.2185 1.1041 0.0994, 3.0807 1.1041 0.0994, 3.2185 1.1388 0.0851, 3.0807 1.1388 0.0851, 3.2185 1.1685 0.0622, 3.0807 1.1685 0.0622, 3.2185 1.1914 0.0325, 3.0807 1.1914 0.0325, 3.2185 1.2057 -0.0022, 3.0807 1.2057 -0.0022, 2.4311 1.2106 -1.1517, 2.4311 1.2106 -0.0394, 2.2933 1.2106 -1.1517, 2.2933 1.2106 -0.0394, 2.3327 1.25 -1.2598, 2.3327 1.3091 -1.2598, 2.3917 1.25 -1.2598, 2.3917 1.3091 -1.2598, 2.2933 1.3484 -1.1517, 2.2933 1.3484 -0.0394, 2.4311 1.3484 -1.1517, 2.4311 1.3484 -0.0394, 2.2933 1.3388 0.0335, 2.4311 1.3388 0.0335, 2.2933 1.3107 0.1014, 2.4311 1.3107 0.1014, 2.2933 1.266 0.1597, 2.4311 1.266 0.1597, 2.2933 1.2077 0.2044, 2.4311 1.2077 0.2044, 2.2933 1.1398 0.2325, 2.4311 1.1398 0.2325, 2.2933 1.0669 0.2421, 2.4311 1.0669 0.2421, 2.4311 1.0338 0.2465, 2.2933 1.0338 0.2465, 2.4311 1.003 0.2593, 2.2933 1.003 0.2593, 2.4311 0.9765 0.2796, 2.2933 0.9765 0.2796, 2.4311 0.9561 0.3061, 2.2933 0.9561 0.3061, 2.4311 0.9433 0.337, 2.2933 0.9433 0.337, 2.4311 0.939 0.3701, 2.2933 0.939 0.3701, 2.4311 0.939 1.2488, 2.2933 0.939 1.2488, 2.2933 0.9319 1.3292, 2.4311 0.9319 1.3292, 2.2933 0.9111 1.4071, 2.4311 0.9111 1.4071, 2.2933 0.877 1.4801, 2.4311 0.877 1.4801, 2.4311 0.2994 2.4805, 2.2933 0.2994 2.4805, 2.4311 0.2755 2.5319, 2.2933 0.2755 2.5319, 2.4311 0.2608 2.5865, 2.2933 0.2608 2.5865, 2.4311 0.2559 2.6429, 2.2933 0.2559 2.6429, 2.4311 0.2559 2.9248, 2.2933 0.2559 2.9248, 2.4311 0.2634 2.9942, 2.2933 0.2634 2.9942, 2.4311 0.2856 3.0605, 2.2933 0.2856 3.0605, 2.4311 0.3214 3.1204, 2.2933 0.3214 3.1204, 2.4311 0.3693 3.1713, 2.2933 0.3693 3.1713, 2.4311 0.6709 3.4301, 2.2933 0.6709 3.4301, 2.2933 0.6927 3.4532, 2.4311 0.6927 3.4532, 2.2933 0.7089 3.4805, 2.4311 0.7089 3.4805, 2.2933 0.719 3.5106, 2.4311 0.719 3.5106, 2.2933 0.7224 3.5421, 2.4311 0.7224 3.5421, 2.4311 0.7224 4.1732, 2.2933 0.7224 4.1732, 2.4311 0.5846 4.1732, 2.2933 0.5846 4.1732, 2.4311 0.5846 3.5421, 2.2933 0.5846 3.5421, 2.4311 0.5844 3.54, 2.2933 0.5844 3.54, 2.4311 0.5837 3.538, 2.2933 0.5837 3.538, 2.4311 0.5827 3.5362, 2.2933 0.5827 3.5362, 2.4311 0.5812 3.5347, 2.2933 0.5812 3.5347, 2.4311 0.2795 3.2759, 2.2933 0.2795 3.2759, 2.2933 0.2114 3.2034, 2.4311 0.2114 3.2034, 2.2933 0.1604 3.118, 2.4311 0.1604 3.118, 2.2933 0.1288 3.0237, 2.4311 0.1288 3.0237, 2.2933 0.1181 2.9248, 2.4311 0.1181 2.9248, 2.4311 0.1181 2.6429, 2.2933 0.1181 2.6429, 2.2933 0.1251 2.5626, 2.4311 0.1251 2.5626, 2.2933 0.146 2.4847, 2.4311 0.146 2.4847, 2.2933 0.1801 2.4116, 2.4311 0.1801 2.4116, 2.4311 0.7577 1.4112, 2.2933 0.7577 1.4112, 2.4311 0.7816 1.3599, 2.2933 0.7816 1.3599, 2.4311 0.7962 1.3052, 2.2933 0.7962 1.3052, 2.4311 0.8012 1.2488, 2.2933 0.8012 1.2488, 2.4311 0.8012 0.3701, 2.2933 0.8012 0.3701, 2.2933 0.8102 0.3013, 2.4311 0.8102 0.3013, 2.2933 0.8368 0.2372, 2.4311 0.8368 0.2372, 2.2933 0.879 0.1822, 2.4311 0.879 0.1822, 2.2933 0.9341 0.1399, 2.4311 0.9341 0.1399, 2.2933 0.9981 0.1134, 2.4311 0.9981 0.1134, 2.2933 1.0669 0.1043, 2.4311 1.0669 0.1043, 2.4311 1.1041 0.0994, 2.2933 1.1041 0.0994, 2.4311 1.1388 0.0851, 2.2933 1.1388 0.0851, 2.4311 1.1685 0.0622, 2.2933 1.1685 0.0622, 2.4311 1.1914 0.0325, 2.2933 1.1914 0.0325, 2.4311 1.2057 -0.0022, 2.2933 1.2057 -0.0022, 1.6437 1.2106 -1.1517, 1.6437 1.2106 -0.0394, 1.5059 1.2106 -1.1517, 1.5059 1.2106 -0.0394, 1.5453 1.25 -1.2598, 1.5453 1.3091 -1.2598, 1.6043 1.25 -1.2598, 1.6043 1.3091 -1.2598, 1.5059 1.3484 -1.1517, 1.5059 1.3484 -0.0394, 1.6437 1.3484 -1.1517, 1.6437 1.3484 -0.0394, 1.5059 1.3388 0.0335, 1.6437 1.3388 0.0335, 1.5059 1.3107 0.1014, 1.6437 1.3107 0.1014, 1.5059 1.266 0.1597, 1.6437 1.266 0.1597, 1.5059 1.2077 0.2044, 1.6437 1.2077 0.2044, 1.5059 1.1398 0.2325, 1.6437 1.1398 0.2325, 1.5059 1.0669 0.2421, 1.6437 1.0669 0.2421, 1.6437 1.0338 0.2465, 1.5059 1.0338 0.2465, 1.6437 1.003 0.2593, 1.5059 1.003 0.2593, 1.6437 0.9765 0.2796, 1.5059 0.9765 0.2796, 1.6437 0.9561 0.3061, 1.5059 0.9561 0.3061, 1.6437 0.9433 0.337, 1.5059 0.9433 0.337, 1.6437 0.939 0.3701, 1.5059 0.939 0.3701, 1.6437 0.939 1.2488, 1.5059 0.939 1.2488, 1.5059 0.9319 1.3292, 1.6437 0.9319 1.3292, 1.5059 0.9111 1.4071, 1.6437 0.9111 1.4071, 1.5059 0.877 1.4801, 1.6437 0.877 1.4801, 1.6437 0.2994 2.4805, 1.5059 0.2994 2.4805, 1.6437 0.2755 2.5319, 1.5059 0.2755 2.5319, 1.6437 0.2608 2.5865, 1.5059 0.2608 2.5865, 1.6437 0.2559 2.6429, 1.5059 0.2559 2.6429, 1.6437 0.2559 2.9248, 1.5059 0.2559 2.9248, 1.6437 0.2634 2.9942, 1.5059 0.2634 2.9942, 1.6437 0.2856 3.0605, 1.5059 0.2856 3.0605, 1.6437 0.3214 3.1204, 1.5059 0.3214 3.1204, 1.6437 0.3693 3.1713, 1.5059 0.3693 3.1713, 1.6437 0.6709 3.4301, 1.5059 0.6709 3.4301, 1.5059 0.6927 3.4532, 1.6437 0.6927 3.4532, 1.5059 0.7089 3.4805, 1.6437 0.7089 3.4805, 1.5059 0.719 3.5106, 1.6437 0.719 3.5106, 1.5059 0.7224 3.5421, 1.6437 0.7224 3.5421, 1.6437 0.7224 4.1732, 1.5059 0.7224 4.1732, 1.6437 0.5846 4.1732, 1.5059 0.5846 4.1732, 1.6437 0.5846 3.5421, 1.5059 0.5846 3.5421, 1.6437 0.5844 3.54, 1.5059 0.5844 3.54, 1.6437 0.5837 3.538, 1.5059 0.5837 3.538, 1.6437 0.5827 3.5362, 1.5059 0.5827 3.5362, 1.6437 0.5812 3.5347, 1.5059 0.5812 3.5347, 1.6437 0.2795 3.2759, 1.5059 0.2795 3.2759, 1.5059 0.2114 3.2034, 1.6437 0.2114 3.2034, 1.5059 0.1604 3.118, 1.6437 0.1604 3.118, 1.5059 0.1288 3.0237, 1.6437 0.1288 3.0237, 1.5059 0.1181 2.9248, 1.6437 0.1181 2.9248, 1.6437 0.1181 2.6429, 1.5059 0.1181 2.6429, 1.5059 0.1251 2.5626, 1.6437 0.1251 2.5626, 1.5059 0.146 2.4847, 1.6437 0.146 2.4847, 1.5059 0.1801 2.4116, 1.6437 0.1801 2.4116, 1.6437 0.7577 1.4112, 1.5059 0.7577 1.4112, 1.6437 0.7816 1.3599, 1.5059 0.7816 1.3599, 1.6437 0.7962 1.3052, 1.5059 0.7962 1.3052, 1.6437 0.8012 1.2488, 1.5059 0.8012 1.2488, 1.6437 0.8012 0.3701, 1.5059 0.8012 0.3701, 1.5059 0.8102 0.3013, 1.6437 0.8102 0.3013, 1.5059 0.8368 0.2372, 1.6437 0.8368 0.2372, 1.5059 0.879 0.1822, 1.6437 0.879 0.1822, 1.5059 0.9341 0.1399, 1.6437 0.9341 0.1399, 1.5059 0.9981 0.1134, 1.6437 0.9981 0.1134, 1.5059 1.0669 0.1043, 1.6437 1.0669 0.1043, 1.6437 1.1041 0.0994, 1.5059 1.1041 0.0994, 1.6437 1.1388 0.0851, 1.5059 1.1388 0.0851, 1.6437 1.1685 0.0622, 1.5059 1.1685 0.0622, 1.6437 1.1914 0.0325, 1.5059 1.1914 0.0325, 1.6437 1.2057 -0.0022, 1.5059 1.2057 -0.0022, 0.8563 1.2106 -1.1517, 0.8563 1.2106 -0.0394, 0.7185 1.2106 -1.1517, 0.7185 1.2106 -0.0394, 0.7579 1.25 -1.2598, 0.7579 1.3091 -1.2598, 0.8169 1.25 -1.2598, 0.8169 1.3091 -1.2598, 0.7185 1.3484 -1.1517, 0.7185 1.3484 -0.0394, 0.8563 1.3484 -1.1517, 0.8563 1.3484 -0.0394, 0.7185 1.3388 0.0335, 0.8563 1.3388 0.0335, 0.7185 1.3107 0.1014, 0.8563 1.3107 0.1014, 0.7185 1.266 0.1597, 0.8563 1.266 0.1597, 0.7185 1.2077 0.2044, 0.8563 1.2077 0.2044, 0.7185 1.1398 0.2325, 0.8563 1.1398 0.2325, 0.7185 1.0669 0.2421, 0.8563 1.0669 0.2421, 0.8563 1.0338 0.2465, 0.7185 1.0338 0.2465, 0.8563 1.003 0.2593, 0.7185 1.003 0.2593, 0.8563 0.9765 0.2796, 0.7185 0.9765 0.2796, 0.8563 0.9561 0.3061, 0.7185 0.9561 0.3061, 0.8563 0.9433 0.337, 0.7185 0.9433 0.337, 0.8563 0.939 0.3701, 0.7185 0.939 0.3701, 0.8563 0.939 1.2488, 0.7185 0.939 1.2488, 0.7185 0.9319 1.3292, 0.8563 0.9319 1.3292, 0.7185 0.9111 1.4071, 0.8563 0.9111 1.4071, 0.7185 0.877 1.4801, 0.8563 0.877 1.4801, 0.8563 0.2994 2.4805, 0.7185 0.2994 2.4805, 0.8563 0.2755 2.5319, 0.7185 0.2755 2.5319, 0.8563 0.2608 2.5865, 0.7185 0.2608 2.5865, 0.8563 0.2559 2.6429, 0.7185 0.2559 2.6429, 0.8563 0.2559 2.9248, 0.7185 0.2559 2.9248, 0.8563 0.2634 2.9942, 0.7185 0.2634 2.9942, 0.8563 0.2856 3.0605, 0.7185 0.2856 3.0605, 0.8563 0.3214 3.1204, 0.7185 0.3214 3.1204, 0.8563 0.3693 3.1713, 0.7185 0.3693 3.1713, 0.8563 0.6709 3.4301, 0.7185 0.6709 3.4301, 0.7185 0.6927 3.4532, 0.8563 0.6927 3.4532, 0.7185 0.7089 3.4805, 0.8563 0.7089 3.4805, 0.7185 0.719 3.5106, 0.8563 0.719 3.5106, 0.7185 0.7224 3.5421, 0.8563 0.7224 3.5421, 0.8563 0.7224 4.1732, 0.7185 0.7224 4.1732, 0.8563 0.5846 4.1732, 0.7185 0.5846 4.1732, 0.8563 0.5846 3.5421, 0.7185 0.5846 3.5421, 0.8563 0.5844 3.54, 0.7185 0.5844 3.54, 0.8563 0.5837 3.538, 0.7185 0.5837 3.538, 0.8563 0.5827 3.5362, 0.7185 0.5827 3.5362, 0.8563 0.5812 3.5347, 0.7185 0.5812 3.5347, 0.8563 0.2795 3.2759, 0.7185 0.2795 3.2759, 0.7185 0.2114 3.2034, 0.8563 0.2114 3.2034, 0.7185 0.1604 3.118, 0.8563 0.1604 3.118, 0.7185 0.1288 3.0237, 0.8563 0.1288 3.0237, 0.7185 0.1181 2.9248, 0.8563 0.1181 2.9248, 0.8563 0.1181 2.6429, 0.7185 0.1181 2.6429, 0.7185 0.1251 2.5626, 0.8563 0.1251 2.5626, 0.7185 0.146 2.4847, 0.8563 0.146 2.4847, 0.7185 0.1801 2.4116, 0.8563 0.1801 2.4116, 0.8563 0.7577 1.4112, 0.7185 0.7577 1.4112, 0.8563 0.7816 1.3599, 0.7185 0.7816 1.3599, 0.8563 0.7962 1.3052, 0.7185 0.7962 1.3052, 0.8563 0.8012 1.2488, 0.7185 0.8012 1.2488, 0.8563 0.8012 0.3701, 0.7185 0.8012 0.3701, 0.7185 0.8102 0.3013, 0.8563 0.8102 0.3013, 0.7185 0.8368 0.2372, 0.8563 0.8368 0.2372, 0.7185 0.879 0.1822, 0.8563 0.879 0.1822, 0.7185 0.9341 0.1399, 0.8563 0.9341 0.1399, 0.7185 0.9981 0.1134, 0.8563 0.9981 0.1134, 0.7185 1.0669 0.1043, 0.8563 1.0669 0.1043, 0.8563 1.1041 0.0994, 0.7185 1.1041 0.0994, 0.8563 1.1388 0.0851, 0.7185 1.1388 0.0851, 0.8563 1.1685 0.0622, 0.7185 1.1685 0.0622, 0.8563 1.1914 0.0325, 0.7185 1.1914 0.0325, 0.8563 1.2057 -0.0022, 0.7185 1.2057 -0.0022, 0.0689 1.2106 -1.1517, 0.0689 1.2106 -0.0394, -0.0689 1.2106 -1.1517, -0.0689 1.2106 -0.0394, -0.0295 1.25 -1.2598, -0.0295 1.3091 -1.2598, 0.0295 1.25 -1.2598, 0.0295 1.3091 -1.2598, -0.0689 1.3484 -1.1517, -0.0689 1.3484 -0.0394, 0.0689 1.3484 -1.1517, 0.0689 1.3484 -0.0394, -0.0689 1.3388 0.0335, 0.0689 1.3388 0.0335, -0.0689 1.3107 0.1014, 0.0689 1.3107 0.1014, -0.0689 1.266 0.1597, 0.0689 1.266 0.1597, -0.0689 1.2077 0.2044, 0.0689 1.2077 0.2044, -0.0689 1.1398 0.2325, 0.0689 1.1398 0.2325, -0.0689 1.0669 0.2421, 0.0689 1.0669 0.2421, 0.0689 1.0338 0.2465, -0.0689 1.0338 0.2465, 0.0689 1.003 0.2593, -0.0689 1.003 0.2593, 0.0689 0.9765 0.2796, -0.0689 0.9765 0.2796, 0.0689 0.9561 0.3061, -0.0689 0.9561 0.3061, 0.0689 0.9433 0.337, -0.0689 0.9433 0.337, 0.0689 0.939 0.3701, -0.0689 0.939 0.3701, 0.0689 0.939 1.2488, -0.0689 0.939 1.2488, -0.0689 0.9319 1.3292, 0.0689 0.9319 1.3292, -0.0689 0.9111 1.4071, 0.0689 0.9111 1.4071, -0.0689 0.877 1.4801, 0.0689 0.877 1.4801, 0.0689 0.2994 2.4805, -0.0689 0.2994 2.4805, 0.0689 0.2755 2.5319, -0.0689 0.2755 2.5319, 0.0689 0.2608 2.5865, -0.0689 0.2608 2.5865, 0.0689 0.2559 2.6429, -0.0689 0.2559 2.6429, 0.0689 0.2559 2.9248, -0.0689 0.2559 2.9248, 0.0689 0.2634 2.9942, -0.0689 0.2634 2.9942, 0.0689 0.2856 3.0605, -0.0689 0.2856 3.0605, 0.0689 0.3214 3.1204, -0.0689 0.3214 3.1204, 0.0689 0.3693 3.1713, -0.0689 0.3693 3.1713, 0.0689 0.6709 3.4301, -0.0689 0.6709 3.4301, -0.0689 0.6927 3.4532, 0.0689 0.6927 3.4532, -0.0689 0.7089 3.4805, 0.0689 0.7089 3.4805, -0.0689 0.719 3.5106, 0.0689 0.719 3.5106, -0.0689 0.7224 3.5421, 0.0689 0.7224 3.5421, 0.0689 0.7224 4.1732, -0.0689 0.7224 4.1732, 0.0689 0.5846 4.1732, -0.0689 0.5846 4.1732, 0.0689 0.5846 3.5421, -0.0689 0.5846 3.5421, 0.0689 0.5844 3.54, -0.0689 0.5844 3.54, 0.0689 0.5837 3.538, -0.0689 0.5837 3.538, 0.0689 0.5827 3.5362, -0.0689 0.5827 3.5362, 0.0689 0.5812 3.5347, -0.0689 0.5812 3.5347, 0.0689 0.2795 3.2759, -0.0689 0.2795 3.2759, -0.0689 0.2114 3.2034, 0.0689 0.2114 3.2034, -0.0689 0.1604 3.118, 0.0689 0.1604 3.118, -0.0689 0.1288 3.0237, 0.0689 0.1288 3.0237, -0.0689 0.1181 2.9248, 0.0689 0.1181 2.9248, 0.0689 0.1181 2.6429, -0.0689 0.1181 2.6429, -0.0689 0.1251 2.5626, 0.0689 0.1251 2.5626, -0.0689 0.146 2.4847, 0.0689 0.146 2.4847, -0.0689 0.1801 2.4116, 0.0689 0.1801 2.4116, 0.0689 0.7577 1.4112, -0.0689 0.7577 1.4112, 0.0689 0.7816 1.3599, -0.0689 0.7816 1.3599, 0.0689 0.7962 1.3052, -0.0689 0.7962 1.3052, 0.0689 0.8012 1.2488, -0.0689 0.8012 1.2488, 0.0689 0.8012 0.3701, -0.0689 0.8012 0.3701, -0.0689 0.8102 0.3013, 0.0689 0.8102 0.3013, -0.0689 0.8368 0.2372, 0.0689 0.8368 0.2372, -0.0689 0.879 0.1822, 0.0689 0.879 0.1822, -0.0689 0.9341 0.1399, 0.0689 0.9341 0.1399, -0.0689 0.9981 0.1134, 0.0689 0.9981 0.1134, -0.0689 1.0669 0.1043, 0.0689 1.0669 0.1043, 0.0689 1.1041 0.0994, -0.0689 1.1041 0.0994, 0.0689 1.1388 0.0851, -0.0689 1.1388 0.0851, 0.0689 1.1685 0.0622, -0.0689 1.1685 0.0622, 0.0689 1.1914 0.0325, -0.0689 1.1914 0.0325, 0.0689 1.2057 -0.0022, -0.0689 1.2057 -0.0022, -0.7185 1.2106 -1.1517, -0.7185 1.2106 -0.0394, -0.8563 1.2106 -1.1517, -0.8563 1.2106 -0.0394, -0.8169 1.25 -1.2598, -0.8169 1.3091 -1.2598, -0.7579 1.25 -1.2598, -0.7579 1.3091 -1.2598, -0.8563 1.3484 -1.1517, -0.8563 1.3484 -0.0394, -0.7185 1.3484 -1.1517, -0.7185 1.3484 -0.0394, -0.8563 1.3388 0.0335, -0.7185 1.3388 0.0335, -0.8563 1.3107 0.1014, -0.7185 1.3107 0.1014, -0.8563 1.266 0.1597, -0.7185 1.266 0.1597, -0.8563 1.2077 0.2044, -0.7185 1.2077 0.2044, -0.8563 1.1398 0.2325, -0.7185 1.1398 0.2325, -0.8563 1.0669 0.2421, -0.7185 1.0669 0.2421, -0.7185 1.0338 0.2465, -0.8563 1.0338 0.2465, -0.7185 1.003 0.2593, -0.8563 1.003 0.2593, -0.7185 0.9765 0.2796, -0.8563 0.9765 0.2796, -0.7185 0.9561 0.3061, -0.8563 0.9561 0.3061, -0.7185 0.9433 0.337, -0.8563 0.9433 0.337, -0.7185 0.939 0.3701, -0.8563 0.939 0.3701, -0.7185 0.939 1.2488, -0.8563 0.939 1.2488, -0.8563 0.9319 1.3292, -0.7185 0.9319 1.3292, -0.8563 0.9111 1.4071, -0.7185 0.9111 1.4071, -0.8563 0.877 1.4801, -0.7185 0.877 1.4801, -0.7185 0.2994 2.4805, -0.8563 0.2994 2.4805, -0.7185 0.2755 2.5319, -0.8563 0.2755 2.5319, -0.7185 0.2608 2.5865, -0.8563 0.2608 2.5865, -0.7185 0.2559 2.6429, -0.8563 0.2559 2.6429, -0.7185 0.2559 2.9248, -0.8563 0.2559 2.9248, -0.7185 0.2634 2.9942, -0.8563 0.2634 2.9942, -0.7185 0.2856 3.0605, -0.8563 0.2856 3.0605, -0.7185 0.3214 3.1204, -0.8563 0.3214 3.1204, -0.7185 0.3693 3.1713, -0.8563 0.3693 3.1713, -0.7185 0.6709 3.4301, -0.8563 0.6709 3.4301, -0.8563 0.6927 3.4532, -0.7185 0.6927 3.4532, -0.8563 0.7089 3.4805, -0.7185 0.7089 3.4805, -0.8563 0.719 3.5106, -0.7185 0.719 3.5106, -0.8563 0.7224 3.5421, -0.7185 0.7224 3.5421, -0.7185 0.7224 4.1732, -0.8563 0.7224 4.1732, -0.7185 0.5846 4.1732, -0.8563 0.5846 4.1732, -0.7185 0.5846 3.5421, -0.8563 0.5846 3.5421, -0.7185 0.5844 3.54, -0.8563 0.5844 3.54, -0.7185 0.5837 3.538, -0.8563 0.5837 3.538, -0.7185 0.5827 3.5362, -0.8563 0.5827 3.5362, -0.7185 0.5812 3.5347, -0.8563 0.5812 3.5347, -0.7185 0.2795 3.2759, -0.8563 0.2795 3.2759, -0.8563 0.2114 3.2034, -0.7185 0.2114 3.2034, -0.8563 0.1604 3.118, -0.7185 0.1604 3.118, -0.8563 0.1288 3.0237, -0.7185 0.1288 3.0237, -0.8563 0.1181 2.9248, -0.7185 0.1181 2.9248, -0.7185 0.1181 2.6429, -0.8563 0.1181 2.6429, -0.8563 0.1251 2.5626, -0.7185 0.1251 2.5626, -0.8563 0.146 2.4847, -0.7185 0.146 2.4847, -0.8563 0.1801 2.4116, -0.7185 0.1801 2.4116, -0.7185 0.7577 1.4112, -0.8563 0.7577 1.4112, -0.7185 0.7816 1.3599, -0.8563 0.7816 1.3599, -0.7185 0.7962 1.3052, -0.8563 0.7962 1.3052, -0.7185 0.8012 1.2488, -0.8563 0.8012 1.2488, -0.7185 0.8012 0.3701, -0.8563 0.8012 0.3701, -0.8563 0.8102 0.3013, -0.7185 0.8102 0.3013, -0.8563 0.8368 0.2372, -0.7185 0.8368 0.2372, -0.8563 0.879 0.1822, -0.7185 0.879 0.1822, -0.8563 0.9341 0.1399, -0.7185 0.9341 0.1399, -0.8563 0.9981 0.1134, -0.7185 0.9981 0.1134, -0.8563 1.0669 0.1043, -0.7185 1.0669 0.1043, -0.7185 1.1041 0.0994, -0.8563 1.1041 0.0994, -0.7185 1.1388 0.0851, -0.8563 1.1388 0.0851, -0.7185 1.1685 0.0622, -0.8563 1.1685 0.0622, -0.7185 1.1914 0.0325, -0.8563 1.1914 0.0325, -0.7185 1.2057 -0.0022, -0.8563 1.2057 -0.0022, -1.5059 1.2106 -1.1517, -1.5059 1.2106 -0.0394, -1.6437 1.2106 -1.1517, -1.6437 1.2106 -0.0394, -1.6043 1.25 -1.2598, -1.6043 1.3091 -1.2598, -1.5453 1.25 -1.2598, -1.5453 1.3091 -1.2598, -1.6437 1.3484 -1.1517, -1.6437 1.3484 -0.0394, -1.5059 1.3484 -1.1517, -1.5059 1.3484 -0.0394, -1.6437 1.3388 0.0335, -1.5059 1.3388 0.0335, -1.6437 1.3107 0.1014, -1.5059 1.3107 0.1014, -1.6437 1.266 0.1597, -1.5059 1.266 0.1597, -1.6437 1.2077 0.2044, -1.5059 1.2077 0.2044, -1.6437 1.1398 0.2325, -1.5059 1.1398 0.2325, -1.6437 1.0669 0.2421, -1.5059 1.0669 0.2421, -1.5059 1.0338 0.2465, -1.6437 1.0338 0.2465, -1.5059 1.003 0.2593, -1.6437 1.003 0.2593, -1.5059 0.9765 0.2796, -1.6437 0.9765 0.2796, -1.5059 0.9561 0.3061, -1.6437 0.9561 0.3061, -1.5059 0.9433 0.337, -1.6437 0.9433 0.337, -1.5059 0.939 0.3701, -1.6437 0.939 0.3701, -1.5059 0.939 1.2488, -1.6437 0.939 1.2488, -1.6437 0.9319 1.3292, -1.5059 0.9319 1.3292, -1.6437 0.9111 1.4071, -1.5059 0.9111 1.4071, -1.6437 0.877 1.4801, -1.5059 0.877 1.4801, -1.5059 0.2994 2.4805, -1.6437 0.2994 2.4805, -1.5059 0.2755 2.5319, -1.6437 0.2755 2.5319, -1.5059 0.2608 2.5865, -1.6437 0.2608 2.5865, -1.5059 0.2559 2.6429, -1.6437 0.2559 2.6429, -1.5059 0.2559 2.9248, -1.6437 0.2559 2.9248, -1.5059 0.2634 2.9942, -1.6437 0.2634 2.9942, -1.5059 0.2856 3.0605, -1.6437 0.2856 3.0605, -1.5059 0.3214 3.1204, -1.6437 0.3214 3.1204, -1.5059 0.3693 3.1713, -1.6437 0.3693 3.1713, -1.5059 0.6709 3.4301, -1.6437 0.6709 3.4301, -1.6437 0.6927 3.4532, -1.5059 0.6927 3.4532, -1.6437 0.7089 3.4805, -1.5059 0.7089 3.4805, -1.6437 0.719 3.5106, -1.5059 0.719 3.5106, -1.6437 0.7224 3.5421, -1.5059 0.7224 3.5421, -1.5059 0.7224 4.1732, -1.6437 0.7224 4.1732, -1.5059 0.5846 4.1732, -1.6437 0.5846 4.1732, -1.5059 0.5846 3.5421, -1.6437 0.5846 3.5421, -1.5059 0.5844 3.54, -1.6437 0.5844 3.54, -1.5059 0.5837 3.538, -1.6437 0.5837 3.538, -1.5059 0.5827 3.5362, -1.6437 0.5827 3.5362, -1.5059 0.5812 3.5347, -1.6437 0.5812 3.5347, -1.5059 0.2795 3.2759, -1.6437 0.2795 3.2759, -1.6437 0.2114 3.2034, -1.5059 0.2114 3.2034, -1.6437 0.1604 3.118, -1.5059 0.1604 3.118, -1.6437 0.1288 3.0237, -1.5059 0.1288 3.0237, -1.6437 0.1181 2.9248, -1.5059 0.1181 2.9248, -1.5059 0.1181 2.6429, -1.6437 0.1181 2.6429, -1.6437 0.1251 2.5626, -1.5059 0.1251 2.5626, -1.6437 0.146 2.4847, -1.5059 0.146 2.4847, -1.6437 0.1801 2.4116, -1.5059 0.1801 2.4116, -1.5059 0.7577 1.4112, -1.6437 0.7577 1.4112, -1.5059 0.7816 1.3599, -1.6437 0.7816 1.3599, -1.5059 0.7962 1.3052, -1.6437 0.7962 1.3052, -1.5059 0.8012 1.2488, -1.6437 0.8012 1.2488, -1.5059 0.8012 0.3701, -1.6437 0.8012 0.3701, -1.6437 0.8102 0.3013, -1.5059 0.8102 0.3013, -1.6437 0.8368 0.2372, -1.5059 0.8368 0.2372, -1.6437 0.879 0.1822, -1.5059 0.879 0.1822, -1.6437 0.9341 0.1399, -1.5059 0.9341 0.1399, -1.6437 0.9981 0.1134, -1.5059 0.9981 0.1134, -1.6437 1.0669 0.1043, -1.5059 1.0669 0.1043, -1.5059 1.1041 0.0994, -1.6437 1.1041 0.0994, -1.5059 1.1388 0.0851, -1.6437 1.1388 0.0851, -1.5059 1.1685 0.0622, -1.6437 1.1685 0.0622, -1.5059 1.1914 0.0325, -1.6437 1.1914 0.0325, -1.5059 1.2057 -0.0022, -1.6437 1.2057 -0.0022, -2.2933 1.2106 -1.1517, -2.2933 1.2106 -0.0394, -2.4311 1.2106 -1.1517, -2.4311 1.2106 -0.0394, -2.3917 1.25 -1.2598, -2.3917 1.3091 -1.2598, -2.3327 1.25 -1.2598, -2.3327 1.3091 -1.2598, -2.4311 1.3484 -1.1517, -2.4311 1.3484 -0.0394, -2.2933 1.3484 -1.1517, -2.2933 1.3484 -0.0394, -2.4311 1.3388 0.0335, -2.2933 1.3388 0.0335, -2.4311 1.3107 0.1014, -2.2933 1.3107 0.1014, -2.4311 1.266 0.1597, -2.2933 1.266 0.1597, -2.4311 1.2077 0.2044, -2.2933 1.2077 0.2044, -2.4311 1.1398 0.2325, -2.2933 1.1398 0.2325, -2.4311 1.0669 0.2421, -2.2933 1.0669 0.2421, -2.2933 1.0338 0.2465, -2.4311 1.0338 0.2465, -2.2933 1.003 0.2593, -2.4311 1.003 0.2593, -2.2933 0.9765 0.2796, -2.4311 0.9765 0.2796, -2.2933 0.9561 0.3061, -2.4311 0.9561 0.3061, -2.2933 0.9433 0.337, -2.4311 0.9433 0.337, -2.2933 0.939 0.3701, -2.4311 0.939 0.3701, -2.2933 0.939 1.2488, -2.4311 0.939 1.2488, -2.4311 0.9319 1.3292, -2.2933 0.9319 1.3292, -2.4311 0.9111 1.4071, -2.2933 0.9111 1.4071, -2.4311 0.877 1.4801, -2.2933 0.877 1.4801, -2.2933 0.2994 2.4805, -2.4311 0.2994 2.4805, -2.2933 0.2755 2.5319, -2.4311 0.2755 2.5319, -2.2933 0.2608 2.5865, -2.4311 0.2608 2.5865, -2.2933 0.2559 2.6429, -2.4311 0.2559 2.6429, -2.2933 0.2559 2.9248, -2.4311 0.2559 2.9248, -2.2933 0.2634 2.9942, -2.4311 0.2634 2.9942, -2.2933 0.2856 3.0605, -2.4311 0.2856 3.0605, -2.2933 0.3214 3.1204, -2.4311 0.3214 3.1204, -2.2933 0.3693 3.1713, -2.4311 0.3693 3.1713, -2.2933 0.6709 3.4301, -2.4311 0.6709 3.4301, -2.4311 0.6927 3.4532, -2.2933 0.6927 3.4532, -2.4311 0.7089 3.4805, -2.2933 0.7089 3.4805, -2.4311 0.719 3.5106, -2.2933 0.719 3.5106, -2.4311 0.7224 3.5421, -2.2933 0.7224 3.5421, -2.2933 0.7224 4.1732, -2.4311 0.7224 4.1732, -2.2933 0.5846 4.1732, -2.4311 0.5846 4.1732, -2.2933 0.5846 3.5421, -2.4311 0.5846 3.5421, -2.2933 0.5844 3.54, -2.4311 0.5844 3.54, -2.2933 0.5837 3.538, -2.4311 0.5837 3.538, -2.2933 0.5827 3.5362, -2.4311 0.5827 3.5362, -2.2933 0.5812 3.5347, -2.4311 0.5812 3.5347, -2.2933 0.2795 3.2759, -2.4311 0.2795 3.2759, -2.4311 0.2114 3.2034, -2.2933 0.2114 3.2034, -2.4311 0.1604 3.118, -2.2933 0.1604 3.118, -2.4311 0.1288 3.0237, -2.2933 0.1288 3.0237, -2.4311 0.1181 2.9248, -2.2933 0.1181 2.9248, -2.2933 0.1181 2.6429, -2.4311 0.1181 2.6429, -2.4311 0.1251 2.5626, -2.2933 0.1251 2.5626, -2.4311 0.146 2.4847, -2.2933 0.146 2.4847, -2.4311 0.1801 2.4116, -2.2933 0.1801 2.4116, -2.2933 0.7577 1.4112, -2.4311 0.7577 1.4112, -2.2933 0.7816 1.3599, -2.4311 0.7816 1.3599, -2.2933 0.7962 1.3052, -2.4311 0.7962 1.3052, -2.2933 0.8012 1.2488, -2.4311 0.8012 1.2488, -2.2933 0.8012 0.3701, -2.4311 0.8012 0.3701, -2.4311 0.8102 0.3013, -2.2933 0.8102 0.3013, -2.4311 0.8368 0.2372, -2.2933 0.8368 0.2372, -2.4311 0.879 0.1822, -2.2933 0.879 0.1822, -2.4311 0.9341 0.1399, -2.2933 0.9341 0.1399, -2.4311 0.9981 0.1134, -2.2933 0.9981 0.1134, -2.4311 1.0669 0.1043, -2.2933 1.0669 0.1043, -2.2933 1.1041 0.0994, -2.4311 1.1041 0.0994, -2.2933 1.1388 0.0851, -2.4311 1.1388 0.0851, -2.2933 1.1685 0.0622, -2.4311 1.1685 0.0622, -2.2933 1.1914 0.0325, -2.4311 1.1914 0.0325, -2.2933 1.2057 -0.0022, -2.4311 1.2057 -0.0022, -3.0807 1.2106 -1.1517, -3.0807 1.2106 -0.0394, -3.2185 1.2106 -1.1517, -3.2185 1.2106 -0.0394, -3.1791 1.25 -1.2598, -3.1791 1.3091 -1.2598, -3.1201 1.25 -1.2598, -3.1201 1.3091 -1.2598, -3.2185 1.3484 -1.1517, -3.2185 1.3484 -0.0394, -3.0807 1.3484 -1.1517, -3.0807 1.3484 -0.0394, -3.2185 1.3388 0.0335, -3.0807 1.3388 0.0335, -3.2185 1.3107 0.1014, -3.0807 1.3107 0.1014, -3.2185 1.266 0.1597, -3.0807 1.266 0.1597, -3.2185 1.2077 0.2044, -3.0807 1.2077 0.2044, -3.2185 1.1398 0.2325, -3.0807 1.1398 0.2325, -3.2185 1.0669 0.2421, -3.0807 1.0669 0.2421, -3.0807 1.0338 0.2465, -3.2185 1.0338 0.2465, -3.0807 1.003 0.2593, -3.2185 1.003 0.2593, -3.0807 0.9765 0.2796, -3.2185 0.9765 0.2796, -3.0807 0.9561 0.3061, -3.2185 0.9561 0.3061, -3.0807 0.9433 0.337, -3.2185 0.9433 0.337, -3.0807 0.939 0.3701, -3.2185 0.939 0.3701, -3.0807 0.939 1.2488, -3.2185 0.939 1.2488, -3.2185 0.9319 1.3292, -3.0807 0.9319 1.3292, -3.2185 0.9111 1.4071, -3.0807 0.9111 1.4071, -3.2185 0.877 1.4801, -3.0807 0.877 1.4801, -3.0807 0.2994 2.4805, -3.2185 0.2994 2.4805, -3.0807 0.2755 2.5319, -3.2185 0.2755 2.5319, -3.0807 0.2608 2.5865, -3.2185 0.2608 2.5865, -3.0807 0.2559 2.6429, -3.2185 0.2559 2.6429, -3.0807 0.2559 2.9248, -3.2185 0.2559 2.9248, -3.0807 0.2634 2.9942, -3.2185 0.2634 2.9942, -3.0807 0.2856 3.0605, -3.2185 0.2856 3.0605, -3.0807 0.3214 3.1204, -3.2185 0.3214 3.1204, -3.0807 0.3693 3.1713, -3.2185 0.3693 3.1713, -3.0807 0.6709 3.4301, -3.2185 0.6709 3.4301, -3.2185 0.6927 3.4532, -3.0807 0.6927 3.4532, -3.2185 0.7089 3.4805, -3.0807 0.7089 3.4805, -3.2185 0.719 3.5106, -3.0807 0.719 3.5106, -3.2185 0.7224 3.5421, -3.0807 0.7224 3.5421, -3.0807 0.7224 4.1732, -3.2185 0.7224 4.1732, -3.0807 0.5846 4.1732, -3.2185 0.5846 4.1732, -3.0807 0.5846 3.5421, -3.2185 0.5846 3.5421, -3.0807 0.5844 3.54, -3.2185 0.5844 3.54, -3.0807 0.5837 3.538, -3.2185 0.5837 3.538, -3.0807 0.5827 3.5362, -3.2185 0.5827 3.5362, -3.0807 0.5812 3.5347, -3.2185 0.5812 3.5347, -3.0807 0.2795 3.2759, -3.2185 0.2795 3.2759, -3.2185 0.2114 3.2034, -3.0807 0.2114 3.2034, -3.2185 0.1604 3.118, -3.0807 0.1604 3.118, -3.2185 0.1288 3.0237, -3.0807 0.1288 3.0237, -3.2185 0.1181 2.9248, -3.0807 0.1181 2.9248, -3.0807 0.1181 2.6429, -3.2185 0.1181 2.6429, -3.2185 0.1251 2.5626, -3.0807 0.1251 2.5626, -3.2185 0.146 2.4847, -3.0807 0.146 2.4847, -3.2185 0.1801 2.4116, -3.0807 0.1801 2.4116, -3.0807 0.7577 1.4112, -3.2185 0.7577 1.4112, -3.0807 0.7816 1.3599, -3.2185 0.7816 1.3599, -3.0807 0.7962 1.3052, -3.2185 0.7962 1.3052, -3.0807 0.8012 1.2488, -3.2185 0.8012 1.2488, -3.0807 0.8012 0.3701, -3.2185 0.8012 0.3701, -3.2185 0.8102 0.3013, -3.0807 0.8102 0.3013, -3.2185 0.8368 0.2372, -3.0807 0.8368 0.2372, -3.2185 0.879 0.1822, -3.0807 0.879 0.1822, -3.2185 0.9341 0.1399, -3.0807 0.9341 0.1399, -3.2185 0.9981 0.1134, -3.0807 0.9981 0.1134, -3.2185 1.0669 0.1043, -3.0807 1.0669 0.1043, -3.0807 1.1041 0.0994, -3.2185 1.1041 0.0994, -3.0807 1.1388 0.0851, -3.2185 1.1388 0.0851, -3.0807 1.1685 0.0622, -3.2185 1.1685 0.0622, -3.0807 1.1914 0.0325, -3.2185 1.1914 0.0325, -3.0807 1.2057 -0.0022, -3.2185 1.2057 -0.0022, -3.8681 1.2106 -1.1517, -3.8681 1.2106 -0.0394, -4.0059 1.2106 -1.1517, -4.0059 1.2106 -0.0394, -3.9665 1.25 -1.2598, -3.9665 1.3091 -1.2598, -3.9075 1.25 -1.2598, -3.9075 1.3091 -1.2598, -4.0059 1.3484 -1.1517, -4.0059 1.3484 -0.0394, -3.8681 1.3484 -1.1517, -3.8681 1.3484 -0.0394, -4.0059 1.3388 0.0335, -3.8681 1.3388 0.0335, -4.0059 1.3107 0.1014, -3.8681 1.3107 0.1014, -4.0059 1.266 0.1597, -3.8681 1.266 0.1597, -4.0059 1.2077 0.2044, -3.8681 1.2077 0.2044, -4.0059 1.1398 0.2325, -3.8681 1.1398 0.2325, -4.0059 1.0669 0.2421, -3.8681 1.0669 0.2421, -3.8681 1.0338 0.2465, -4.0059 1.0338 0.2465, -3.8681 1.003 0.2593, -4.0059 1.003 0.2593, -3.8681 0.9765 0.2796, -4.0059 0.9765 0.2796, -3.8681 0.9561 0.3061, -4.0059 0.9561 0.3061, -3.8681 0.9433 0.337, -4.0059 0.9433 0.337, -3.8681 0.939 0.3701, -4.0059 0.939 0.3701, -3.8681 0.939 1.2488, -4.0059 0.939 1.2488, -4.0059 0.9319 1.3292, -3.8681 0.9319 1.3292, -4.0059 0.9111 1.4071, -3.8681 0.9111 1.4071, -4.0059 0.877 1.4801, -3.8681 0.877 1.4801, -3.8681 0.2994 2.4805, -4.0059 0.2994 2.4805, -3.8681 0.2755 2.5319, -4.0059 0.2755 2.5319, -3.8681 0.2608 2.5865, -4.0059 0.2608 2.5865, -3.8681 0.2559 2.6429, -4.0059 0.2559 2.6429, -3.8681 0.2559 2.9248, -4.0059 0.2559 2.9248, -3.8681 0.2634 2.9942, -4.0059 0.2634 2.9942, -3.8681 0.2856 3.0605, -4.0059 0.2856 3.0605, -3.8681 0.3214 3.1204, -4.0059 0.3214 3.1204, -3.8681 0.3693 3.1713, -4.0059 0.3693 3.1713, -3.8681 0.6709 3.4301, -4.0059 0.6709 3.4301, -4.0059 0.6927 3.4532, -3.8681 0.6927 3.4532, -4.0059 0.7089 3.4805, -3.8681 0.7089 3.4805, -4.0059 0.719 3.5106, -3.8681 0.719 3.5106, -4.0059 0.7224 3.5421, -3.8681 0.7224 3.5421, -3.8681 0.7224 4.1732, -4.0059 0.7224 4.1732, -3.8681 0.5846 4.1732, -4.0059 0.5846 4.1732, -3.8681 0.5846 3.5421, -4.0059 0.5846 3.5421, -3.8681 0.5844 3.54, -4.0059 0.5844 3.54, -3.8681 0.5837 3.538, -4.0059 0.5837 3.538, -3.8681 0.5827 3.5362, -4.0059 0.5827 3.5362, -3.8681 0.5812 3.5347, -4.0059 0.5812 3.5347, -3.8681 0.2795 3.2759, -4.0059 0.2795 3.2759, -4.0059 0.2114 3.2034, -3.8681 0.2114 3.2034, -4.0059 0.1604 3.118, -3.8681 0.1604 3.118, -4.0059 0.1288 3.0237, -3.8681 0.1288 3.0237, -4.0059 0.1181 2.9248, -3.8681 0.1181 2.9248, -3.8681 0.1181 2.6429, -4.0059 0.1181 2.6429, -4.0059 0.1251 2.5626, -3.8681 0.1251 2.5626, -4.0059 0.146 2.4847, -3.8681 0.146 2.4847, -4.0059 0.1801 2.4116, -3.8681 0.1801 2.4116, -3.8681 0.7577 1.4112, -4.0059 0.7577 1.4112, -3.8681 0.7816 1.3599, -4.0059 0.7816 1.3599, -3.8681 0.7962 1.3052, -4.0059 0.7962 1.3052, -3.8681 0.8012 1.2488, -4.0059 0.8012 1.2488, -3.8681 0.8012 0.3701, -4.0059 0.8012 0.3701, -4.0059 0.8102 0.3013, -3.8681 0.8102 0.3013, -4.0059 0.8368 0.2372, -3.8681 0.8368 0.2372, -4.0059 0.879 0.1822, -3.8681 0.879 0.1822, -4.0059 0.9341 0.1399, -3.8681 0.9341 0.1399, -4.0059 0.9981 0.1134, -3.8681 0.9981 0.1134, -4.0059 1.0669 0.1043, -3.8681 1.0669 0.1043, -3.8681 1.1041 0.0994, -4.0059 1.1041 0.0994, -3.8681 1.1388 0.0851, -4.0059 1.1388 0.0851, -3.8681 1.1685 0.0622, -4.0059 1.1685 0.0622, -3.8681 1.1914 0.0325, -4.0059 1.1914 0.0325, -3.8681 1.2057 -0.0022, -4.0059 1.2057 -0.0022, -4.6555 1.2106 -1.1517, -4.6555 1.2106 -0.0394, -4.7933 1.2106 -1.1517, -4.7933 1.2106 -0.0394, -4.7539 1.25 -1.2598, -4.7539 1.3091 -1.2598, -4.6949 1.25 -1.2598, -4.6949 1.3091 -1.2598, -4.7933 1.3484 -1.1517, -4.7933 1.3484 -0.0394, -4.6555 1.3484 -1.1517, -4.6555 1.3484 -0.0394, -4.7933 1.3388 0.0335, -4.6555 1.3388 0.0335, -4.7933 1.3107 0.1014, -4.6555 1.3107 0.1014, -4.7933 1.266 0.1597, -4.6555 1.266 0.1597, -4.7933 1.2077 0.2044, -4.6555 1.2077 0.2044, -4.7933 1.1398 0.2325, -4.6555 1.1398 0.2325, -4.7933 1.0669 0.2421, -4.6555 1.0669 0.2421, -4.6555 1.0338 0.2465, -4.7933 1.0338 0.2465, -4.6555 1.003 0.2593, -4.7933 1.003 0.2593, -4.6555 0.9765 0.2796, -4.7933 0.9765 0.2796, -4.6555 0.9561 0.3061, -4.7933 0.9561 0.3061, -4.6555 0.9433 0.337, -4.7933 0.9433 0.337, -4.6555 0.939 0.3701, -4.7933 0.939 0.3701, -4.6555 0.939 1.2488, -4.7933 0.939 1.2488, -4.7933 0.9319 1.3292, -4.6555 0.9319 1.3292, -4.7933 0.9111 1.4071, -4.6555 0.9111 1.4071, -4.7933 0.877 1.4801, -4.6555 0.877 1.4801, -4.6555 0.2994 2.4805, -4.7933 0.2994 2.4805, -4.6555 0.2755 2.5319, -4.7933 0.2755 2.5319, -4.6555 0.2608 2.5865, -4.7933 0.2608 2.5865, -4.6555 0.2559 2.6429, -4.7933 0.2559 2.6429, -4.6555 0.2559 2.9248, -4.7933 0.2559 2.9248, -4.6555 0.2634 2.9942, -4.7933 0.2634 2.9942, -4.6555 0.2856 3.0605, -4.7933 0.2856 3.0605, -4.6555 0.3214 3.1204, -4.7933 0.3214 3.1204, -4.6555 0.3693 3.1713, -4.7933 0.3693 3.1713, -4.6555 0.6709 3.4301, -4.7933 0.6709 3.4301, -4.7933 0.6927 3.4532, -4.6555 0.6927 3.4532, -4.7933 0.7089 3.4805, -4.6555 0.7089 3.4805, -4.7933 0.719 3.5106, -4.6555 0.719 3.5106, -4.7933 0.7224 3.5421, -4.6555 0.7224 3.5421, -4.6555 0.7224 4.1732, -4.7933 0.7224 4.1732, -4.6555 0.5846 4.1732, -4.7933 0.5846 4.1732, -4.6555 0.5846 3.5421, -4.7933 0.5846 3.5421, -4.6555 0.5844 3.54, -4.7933 0.5844 3.54, -4.6555 0.5837 3.538, -4.7933 0.5837 3.538, -4.6555 0.5827 3.5362, -4.7933 0.5827 3.5362, -4.6555 0.5812 3.5347, -4.7933 0.5812 3.5347, -4.6555 0.2795 3.2759, -4.7933 0.2795 3.2759, -4.7933 0.2114 3.2034, -4.6555 0.2114 3.2034, -4.7933 0.1604 3.118, -4.6555 0.1604 3.118, -4.7933 0.1288 3.0237, -4.6555 0.1288 3.0237, -4.7933 0.1181 2.9248, -4.6555 0.1181 2.9248, -4.6555 0.1181 2.6429, -4.7933 0.1181 2.6429, -4.7933 0.1251 2.5626, -4.6555 0.1251 2.5626, -4.7933 0.146 2.4847, -4.6555 0.146 2.4847, -4.7933 0.1801 2.4116, -4.6555 0.1801 2.4116, -4.6555 0.7577 1.4112, -4.7933 0.7577 1.4112, -4.6555 0.7816 1.3599, -4.7933 0.7816 1.3599, -4.6555 0.7962 1.3052, -4.7933 0.7962 1.3052, -4.6555 0.8012 1.2488, -4.7933 0.8012 1.2488, -4.6555 0.8012 0.3701, -4.7933 0.8012 0.3701, -4.7933 0.8102 0.3013, -4.6555 0.8102 0.3013, -4.7933 0.8368 0.2372, -4.6555 0.8368 0.2372, -4.7933 0.879 0.1822, -4.6555 0.879 0.1822, -4.7933 0.9341 0.1399, -4.6555 0.9341 0.1399, -4.7933 0.9981 0.1134, -4.6555 0.9981 0.1134, -4.7933 1.0669 0.1043, -4.6555 1.0669 0.1043, -4.6555 1.1041 0.0994, -4.7933 1.1041 0.0994, -4.6555 1.1388 0.0851, -4.7933 1.1388 0.0851, -4.6555 1.1685 0.0622, -4.7933 1.1685 0.0622, -4.6555 1.1914 0.0325, -4.7933 1.1914 0.0325, -4.6555 1.2057 -0.0022, -4.7933 1.2057 -0.0022, -6.2303 1.2106 -1.1517, -6.2303 1.2106 -0.0394, -6.3681 1.2106 -1.1517, -6.3681 1.2106 -0.0394, -6.3287 1.25 -1.2598, -6.3287 1.3091 -1.2598, -6.2697 1.25 -1.2598, -6.2697 1.3091 -1.2598, -6.3681 1.3484 -1.1517, -6.3681 1.3484 -0.0394, -6.2303 1.3484 -1.1517, -6.2303 1.3484 -0.0394, -6.3681 1.3388 0.0335, -6.2303 1.3388 0.0335, -6.3681 1.3107 0.1014, -6.2303 1.3107 0.1014, -6.3681 1.266 0.1597, -6.2303 1.266 0.1597, -6.3681 1.2077 0.2044, -6.2303 1.2077 0.2044, -6.3681 1.1398 0.2325, -6.2303 1.1398 0.2325, -6.3681 1.0669 0.2421, -6.2303 1.0669 0.2421, -6.2303 1.0338 0.2465, -6.3681 1.0338 0.2465, -6.2303 1.003 0.2593, -6.3681 1.003 0.2593, -6.2303 0.9765 0.2796, -6.3681 0.9765 0.2796, -6.2303 0.9561 0.3061, -6.3681 0.9561 0.3061, -6.2303 0.9433 0.337, -6.3681 0.9433 0.337, -6.2303 0.939 0.3701, -6.3681 0.939 0.3701, -6.2303 0.939 1.2488, -6.3681 0.939 1.2488, -6.3681 0.9319 1.3292, -6.2303 0.9319 1.3292, -6.3681 0.9111 1.4071, -6.2303 0.9111 1.4071, -6.3681 0.877 1.4801, -6.2303 0.877 1.4801, -6.2303 0.2994 2.4805, -6.3681 0.2994 2.4805, -6.2303 0.2755 2.5319, -6.3681 0.2755 2.5319, -6.2303 0.2608 2.5865, -6.3681 0.2608 2.5865, -6.2303 0.2559 2.6429, -6.3681 0.2559 2.6429, -6.2303 0.2559 2.9248, -6.3681 0.2559 2.9248, -6.2303 0.2634 2.9942, -6.3681 0.2634 2.9942, -6.2303 0.2856 3.0605, -6.3681 0.2856 3.0605, -6.2303 0.3214 3.1204, -6.3681 0.3214 3.1204, -6.2303 0.3693 3.1713, -6.3681 0.3693 3.1713, -6.2303 0.6709 3.4301, -6.3681 0.6709 3.4301, -6.3681 0.6927 3.4532, -6.2303 0.6927 3.4532, -6.3681 0.7089 3.4805, -6.2303 0.7089 3.4805, -6.3681 0.719 3.5106, -6.2303 0.719 3.5106, -6.3681 0.7224 3.5421, -6.2303 0.7224 3.5421, -6.2303 0.7224 4.1732, -6.3681 0.7224 4.1732, -6.2303 0.5846 4.1732, -6.3681 0.5846 4.1732, -6.2303 0.5846 3.5421, -6.3681 0.5846 3.5421, -6.2303 0.5844 3.54, -6.3681 0.5844 3.54, -6.2303 0.5837 3.538, -6.3681 0.5837 3.538, -6.2303 0.5827 3.5362, -6.3681 0.5827 3.5362, -6.2303 0.5812 3.5347, -6.3681 0.5812 3.5347, -6.2303 0.2795 3.2759, -6.3681 0.2795 3.2759, -6.3681 0.2114 3.2034, -6.2303 0.2114 3.2034, -6.3681 0.1604 3.118, -6.2303 0.1604 3.118, -6.3681 0.1288 3.0237, -6.2303 0.1288 3.0237, -6.3681 0.1181 2.9248, -6.2303 0.1181 2.9248, -6.2303 0.1181 2.6429, -6.3681 0.1181 2.6429, -6.3681 0.1251 2.5626, -6.2303 0.1251 2.5626, -6.3681 0.146 2.4847, -6.2303 0.146 2.4847, -6.3681 0.1801 2.4116, -6.2303 0.1801 2.4116, -6.2303 0.7577 1.4112, -6.3681 0.7577 1.4112, -6.2303 0.7816 1.3599, -6.3681 0.7816 1.3599, -6.2303 0.7962 1.3052, -6.3681 0.7962 1.3052, -6.2303 0.8012 1.2488, -6.3681 0.8012 1.2488, -6.2303 0.8012 0.3701, -6.3681 0.8012 0.3701, -6.3681 0.8102 0.3013, -6.2303 0.8102 0.3013, -6.3681 0.8368 0.2372, -6.2303 0.8368 0.2372, -6.3681 0.879 0.1822, -6.2303 0.879 0.1822, -6.3681 0.9341 0.1399, -6.2303 0.9341 0.1399, -6.3681 0.9981 0.1134, -6.2303 0.9981 0.1134, -6.3681 1.0669 0.1043, -6.2303 1.0669 0.1043, -6.2303 1.1041 0.0994, -6.3681 1.1041 0.0994, -6.2303 1.1388 0.0851, -6.3681 1.1388 0.0851, -6.2303 1.1685 0.0622, -6.3681 1.1685 0.0622, -6.2303 1.1914 0.0325, -6.3681 1.1914 0.0325, -6.2303 1.2057 -0.0022, -6.3681 1.2057 -0.0022, -7.0177 1.2106 -1.1517, -7.0177 1.2106 -0.0394, -7.1555 1.2106 -1.1517, -7.1555 1.2106 -0.0394, -7.1161 1.25 -1.2598, -7.1161 1.3091 -1.2598, -7.0571 1.25 -1.2598, -7.0571 1.3091 -1.2598, -7.1555 1.3484 -1.1517, -7.1555 1.3484 -0.0394, -7.0177 1.3484 -1.1517, -7.0177 1.3484 -0.0394, -7.1555 1.3388 0.0335, -7.0177 1.3388 0.0335, -7.1555 1.3107 0.1014, -7.0177 1.3107 0.1014, -7.1555 1.266 0.1597, -7.0177 1.266 0.1597, -7.1555 1.2077 0.2044, -7.0177 1.2077 0.2044, -7.1555 1.1398 0.2325, -7.0177 1.1398 0.2325, -7.1555 1.0669 0.2421, -7.0177 1.0669 0.2421, -7.0177 1.0338 0.2465, -7.1555 1.0338 0.2465, -7.0177 1.003 0.2593, -7.1555 1.003 0.2593, -7.0177 0.9765 0.2796, -7.1555 0.9765 0.2796, -7.0177 0.9561 0.3061, -7.1555 0.9561 0.3061, -7.0177 0.9433 0.337, -7.1555 0.9433 0.337, -7.0177 0.939 0.3701, -7.1555 0.939 0.3701, -7.0177 0.939 1.2488, -7.1555 0.939 1.2488, -7.1555 0.9319 1.3292, -7.0177 0.9319 1.3292, -7.1555 0.9111 1.4071, -7.0177 0.9111 1.4071, -7.1555 0.877 1.4801, -7.0177 0.877 1.4801, -7.0177 0.2994 2.4805, -7.1555 0.2994 2.4805, -7.0177 0.2755 2.5319, -7.1555 0.2755 2.5319, -7.0177 0.2608 2.5865, -7.1555 0.2608 2.5865, -7.0177 0.2559 2.6429, -7.1555 0.2559 2.6429, -7.0177 0.2559 2.9248, -7.1555 0.2559 2.9248, -7.0177 0.2634 2.9942, -7.1555 0.2634 2.9942, -7.0177 0.2856 3.0605, -7.1555 0.2856 3.0605, -7.0177 0.3214 3.1204, -7.1555 0.3214 3.1204, -7.0177 0.3693 3.1713, -7.1555 0.3693 3.1713, -7.0177 0.6709 3.4301, -7.1555 0.6709 3.4301, -7.1555 0.6927 3.4532, -7.0177 0.6927 3.4532, -7.1555 0.7089 3.4805, -7.0177 0.7089 3.4805, -7.1555 0.719 3.5106, -7.0177 0.719 3.5106, -7.1555 0.7224 3.5421, -7.0177 0.7224 3.5421, -7.0177 0.7224 4.1732, -7.1555 0.7224 4.1732, -7.0177 0.5846 4.1732, -7.1555 0.5846 4.1732, -7.0177 0.5846 3.5421, -7.1555 0.5846 3.5421, -7.0177 0.5844 3.54, -7.1555 0.5844 3.54, -7.0177 0.5837 3.538, -7.1555 0.5837 3.538, -7.0177 0.5827 3.5362, -7.1555 0.5827 3.5362, -7.0177 0.5812 3.5347, -7.1555 0.5812 3.5347, -7.0177 0.2795 3.2759, -7.1555 0.2795 3.2759, -7.1555 0.2114 3.2034, -7.0177 0.2114 3.2034, -7.1555 0.1604 3.118, -7.0177 0.1604 3.118, -7.1555 0.1288 3.0237, -7.0177 0.1288 3.0237, -7.1555 0.1181 2.9248, -7.0177 0.1181 2.9248, -7.0177 0.1181 2.6429, -7.1555 0.1181 2.6429, -7.1555 0.1251 2.5626, -7.0177 0.1251 2.5626, -7.1555 0.146 2.4847, -7.0177 0.146 2.4847, -7.1555 0.1801 2.4116, -7.0177 0.1801 2.4116, -7.0177 0.7577 1.4112, -7.1555 0.7577 1.4112, -7.0177 0.7816 1.3599, -7.1555 0.7816 1.3599, -7.0177 0.7962 1.3052, -7.1555 0.7962 1.3052, -7.0177 0.8012 1.2488, -7.1555 0.8012 1.2488, -7.0177 0.8012 0.3701, -7.1555 0.8012 0.3701, -7.1555 0.8102 0.3013, -7.0177 0.8102 0.3013, -7.1555 0.8368 0.2372, -7.0177 0.8368 0.2372, -7.1555 0.879 0.1822, -7.0177 0.879 0.1822, -7.1555 0.9341 0.1399, -7.0177 0.9341 0.1399, -7.1555 0.9981 0.1134, -7.0177 0.9981 0.1134, -7.1555 1.0669 0.1043, -7.0177 1.0669 0.1043, -7.0177 1.1041 0.0994, -7.1555 1.1041 0.0994, -7.0177 1.1388 0.0851, -7.1555 1.1388 0.0851, -7.0177 1.1685 0.0622, -7.1555 1.1685 0.0622, -7.0177 1.1914 0.0325, -7.1555 1.1914 0.0325, -7.0177 1.2057 -0.0022, -7.1555 1.2057 -0.0022, -7.8051 1.2106 -1.1517, -7.8051 1.2106 -0.0394, -7.9429 1.2106 -1.1517, -7.9429 1.2106 -0.0394, -7.9035 1.25 -1.2598, -7.9035 1.3091 -1.2598, -7.8445 1.25 -1.2598, -7.8445 1.3091 -1.2598, -7.9429 1.3484 -1.1517, -7.9429 1.3484 -0.0394, -7.8051 1.3484 -1.1517, -7.8051 1.3484 -0.0394, -7.9429 1.3388 0.0335, -7.8051 1.3388 0.0335, -7.9429 1.3107 0.1014, -7.8051 1.3107 0.1014, -7.9429 1.266 0.1597, -7.8051 1.266 0.1597, -7.9429 1.2077 0.2044, -7.8051 1.2077 0.2044, -7.9429 1.1398 0.2325, -7.8051 1.1398 0.2325, -7.9429 1.0669 0.2421, -7.8051 1.0669 0.2421, -7.8051 1.0338 0.2465, -7.9429 1.0338 0.2465, -7.8051 1.003 0.2593, -7.9429 1.003 0.2593, -7.8051 0.9765 0.2796, -7.9429 0.9765 0.2796, -7.8051 0.9561 0.3061, -7.9429 0.9561 0.3061, -7.8051 0.9433 0.337, -7.9429 0.9433 0.337, -7.8051 0.939 0.3701, -7.9429 0.939 0.3701, -7.8051 0.939 1.2488, -7.9429 0.939 1.2488, -7.9429 0.9319 1.3292, -7.8051 0.9319 1.3292, -7.9429 0.9111 1.4071, -7.8051 0.9111 1.4071, -7.9429 0.877 1.4801, -7.8051 0.877 1.4801, -7.8051 0.2994 2.4805, -7.9429 0.2994 2.4805, -7.8051 0.2755 2.5319, -7.9429 0.2755 2.5319, -7.8051 0.2608 2.5865, -7.9429 0.2608 2.5865, -7.8051 0.2559 2.6429, -7.9429 0.2559 2.6429, -7.8051 0.2559 2.9248, -7.9429 0.2559 2.9248, -7.8051 0.2634 2.9942, -7.9429 0.2634 2.9942, -7.8051 0.2856 3.0605, -7.9429 0.2856 3.0605, -7.8051 0.3214 3.1204, -7.9429 0.3214 3.1204, -7.8051 0.3693 3.1713, -7.9429 0.3693 3.1713, -7.8051 0.6709 3.4301, -7.9429 0.6709 3.4301, -7.9429 0.6927 3.4532, -7.8051 0.6927 3.4532, -7.9429 0.7089 3.4805, -7.8051 0.7089 3.4805, -7.9429 0.719 3.5106, -7.8051 0.719 3.5106, -7.9429 0.7224 3.5421, -7.8051 0.7224 3.5421, -7.8051 0.7224 4.1732, -7.9429 0.7224 4.1732, -7.8051 0.5846 4.1732, -7.9429 0.5846 4.1732, -7.8051 0.5846 3.5421, -7.9429 0.5846 3.5421, -7.8051 0.5844 3.54, -7.9429 0.5844 3.54, -7.8051 0.5837 3.538, -7.9429 0.5837 3.538, -7.8051 0.5827 3.5362, -7.9429 0.5827 3.5362, -7.8051 0.5812 3.5347, -7.9429 0.5812 3.5347, -7.8051 0.2795 3.2759, -7.9429 0.2795 3.2759, -7.9429 0.2114 3.2034, -7.8051 0.2114 3.2034, -7.9429 0.1604 3.118, -7.8051 0.1604 3.118, -7.9429 0.1288 3.0237, -7.8051 0.1288 3.0237, -7.9429 0.1181 2.9248, -7.8051 0.1181 2.9248, -7.8051 0.1181 2.6429, -7.9429 0.1181 2.6429, -7.9429 0.1251 2.5626, -7.8051 0.1251 2.5626, -7.9429 0.146 2.4847, -7.8051 0.146 2.4847, -7.9429 0.1801 2.4116, -7.8051 0.1801 2.4116, -7.8051 0.7577 1.4112, -7.9429 0.7577 1.4112, -7.8051 0.7816 1.3599, -7.9429 0.7816 1.3599, -7.8051 0.7962 1.3052, -7.9429 0.7962 1.3052, -7.8051 0.8012 1.2488, -7.9429 0.8012 1.2488, -7.8051 0.8012 0.3701, -7.9429 0.8012 0.3701, -7.9429 0.8102 0.3013, -7.8051 0.8102 0.3013, -7.9429 0.8368 0.2372, -7.8051 0.8368 0.2372, -7.9429 0.879 0.1822, -7.8051 0.879 0.1822, -7.9429 0.9341 0.1399, -7.8051 0.9341 0.1399, -7.9429 0.9981 0.1134, -7.8051 0.9981 0.1134, -7.9429 1.0669 0.1043, -7.8051 1.0669 0.1043, -7.8051 1.1041 0.0994, -7.9429 1.1041 0.0994, -7.8051 1.1388 0.0851, -7.9429 1.1388 0.0851, -7.8051 1.1685 0.0622, -7.9429 1.1685 0.0622, -7.8051 1.1914 0.0325, -7.9429 1.1914 0.0325, -7.8051 1.2057 -0.0022, -7.9429 1.2057 -0.0022, -8.5925 1.2106 -1.1517, -8.5925 1.2106 -0.0394, -8.7303 1.2106 -1.1517, -8.7303 1.2106 -0.0394, -8.6909 1.25 -1.2598, -8.6909 1.3091 -1.2598, -8.6319 1.25 -1.2598, -8.6319 1.3091 -1.2598, -8.7303 1.3484 -1.1517, -8.7303 1.3484 -0.0394, -8.5925 1.3484 -1.1517, -8.5925 1.3484 -0.0394, -8.7303 1.3388 0.0335, -8.5925 1.3388 0.0335, -8.7303 1.3107 0.1014, -8.5925 1.3107 0.1014, -8.7303 1.266 0.1597, -8.5925 1.266 0.1597, -8.7303 1.2077 0.2044, -8.5925 1.2077 0.2044, -8.7303 1.1398 0.2325, -8.5925 1.1398 0.2325, -8.7303 1.0669 0.2421, -8.5925 1.0669 0.2421, -8.5925 1.0338 0.2465, -8.7303 1.0338 0.2465, -8.5925 1.003 0.2593, -8.7303 1.003 0.2593, -8.5925 0.9765 0.2796, -8.7303 0.9765 0.2796, -8.5925 0.9561 0.3061, -8.7303 0.9561 0.3061, -8.5925 0.9433 0.337, -8.7303 0.9433 0.337, -8.5925 0.939 0.3701, -8.7303 0.939 0.3701, -8.5925 0.939 1.2488, -8.7303 0.939 1.2488, -8.7303 0.9319 1.3292, -8.5925 0.9319 1.3292, -8.7303 0.9111 1.4071, -8.5925 0.9111 1.4071, -8.7303 0.877 1.4801, -8.5925 0.877 1.4801, -8.5925 0.2994 2.4805, -8.7303 0.2994 2.4805, -8.5925 0.2755 2.5319, -8.7303 0.2755 2.5319, -8.5925 0.2608 2.5865, -8.7303 0.2608 2.5865, -8.5925 0.2559 2.6429, -8.7303 0.2559 2.6429, -8.5925 0.2559 2.9248, -8.7303 0.2559 2.9248, -8.5925 0.2634 2.9942, -8.7303 0.2634 2.9942, -8.5925 0.2856 3.0605, -8.7303 0.2856 3.0605, -8.5925 0.3214 3.1204, -8.7303 0.3214 3.1204, -8.5925 0.3693 3.1713, -8.7303 0.3693 3.1713, -8.5925 0.6709 3.4301, -8.7303 0.6709 3.4301, -8.7303 0.6927 3.4532, -8.5925 0.6927 3.4532, -8.7303 0.7089 3.4805, -8.5925 0.7089 3.4805, -8.7303 0.719 3.5106, -8.5925 0.719 3.5106, -8.7303 0.7224 3.5421, -8.5925 0.7224 3.5421, -8.5925 0.7224 4.1732, -8.7303 0.7224 4.1732, -8.5925 0.5846 4.1732, -8.7303 0.5846 4.1732, -8.5925 0.5846 3.5421, -8.7303 0.5846 3.5421, -8.5925 0.5844 3.54, -8.7303 0.5844 3.54, -8.5925 0.5837 3.538, -8.7303 0.5837 3.538, -8.5925 0.5827 3.5362, -8.7303 0.5827 3.5362, -8.5925 0.5812 3.5347, -8.7303 0.5812 3.5347, -8.5925 0.2795 3.2759, -8.7303 0.2795 3.2759, -8.7303 0.2114 3.2034, -8.5925 0.2114 3.2034, -8.7303 0.1604 3.118, -8.5925 0.1604 3.118, -8.7303 0.1288 3.0237, -8.5925 0.1288 3.0237, -8.7303 0.1181 2.9248, -8.5925 0.1181 2.9248, -8.5925 0.1181 2.6429, -8.7303 0.1181 2.6429, -8.7303 0.1251 2.5626, -8.5925 0.1251 2.5626, -8.7303 0.146 2.4847, -8.5925 0.146 2.4847, -8.7303 0.1801 2.4116, -8.5925 0.1801 2.4116, -8.5925 0.7577 1.4112, -8.7303 0.7577 1.4112, -8.5925 0.7816 1.3599, -8.7303 0.7816 1.3599, -8.5925 0.7962 1.3052, -8.7303 0.7962 1.3052, -8.5925 0.8012 1.2488, -8.7303 0.8012 1.2488, -8.5925 0.8012 0.3701, -8.7303 0.8012 0.3701, -8.7303 0.8102 0.3013, -8.5925 0.8102 0.3013, -8.7303 0.8368 0.2372, -8.5925 0.8368 0.2372, -8.7303 0.879 0.1822, -8.5925 0.879 0.1822, -8.7303 0.9341 0.1399, -8.5925 0.9341 0.1399, -8.7303 0.9981 0.1134, -8.5925 0.9981 0.1134, -8.7303 1.0669 0.1043, -8.5925 1.0669 0.1043, -8.5925 1.1041 0.0994, -8.7303 1.1041 0.0994, -8.5925 1.1388 0.0851, -8.7303 1.1388 0.0851, -8.5925 1.1685 0.0622, -8.7303 1.1685 0.0622, -8.5925 1.1914 0.0325, -8.7303 1.1914 0.0325, -8.5925 1.2057 -0.0022, -8.7303 1.2057 -0.0022, -9.3799 1.2106 -1.1517, -9.3799 1.2106 -0.0394, -9.5177 1.2106 -1.1517, -9.5177 1.2106 -0.0394, -9.4783 1.25 -1.2598, -9.4783 1.3091 -1.2598, -9.4193 1.25 -1.2598, -9.4193 1.3091 -1.2598, -9.5177 1.3484 -1.1517, -9.5177 1.3484 -0.0394, -9.3799 1.3484 -1.1517, -9.3799 1.3484 -0.0394, -9.5177 1.3388 0.0335, -9.3799 1.3388 0.0335, -9.5177 1.3107 0.1014, -9.3799 1.3107 0.1014, -9.5177 1.266 0.1597, -9.3799 1.266 0.1597, -9.5177 1.2077 0.2044, -9.3799 1.2077 0.2044, -9.5177 1.1398 0.2325, -9.3799 1.1398 0.2325, -9.5177 1.0669 0.2421, -9.3799 1.0669 0.2421, -9.3799 1.0338 0.2465, -9.5177 1.0338 0.2465, -9.3799 1.003 0.2593, -9.5177 1.003 0.2593, -9.3799 0.9765 0.2796, -9.5177 0.9765 0.2796, -9.3799 0.9561 0.3061, -9.5177 0.9561 0.3061, -9.3799 0.9433 0.337, -9.5177 0.9433 0.337, -9.3799 0.939 0.3701, -9.5177 0.939 0.3701, -9.3799 0.939 1.2488, -9.5177 0.939 1.2488, -9.5177 0.9319 1.3292, -9.3799 0.9319 1.3292, -9.5177 0.9111 1.4071, -9.3799 0.9111 1.4071, -9.5177 0.877 1.4801, -9.3799 0.877 1.4801, -9.3799 0.2994 2.4805, -9.5177 0.2994 2.4805, -9.3799 0.2755 2.5319, -9.5177 0.2755 2.5319, -9.3799 0.2608 2.5865, -9.5177 0.2608 2.5865, -9.3799 0.2559 2.6429, -9.5177 0.2559 2.6429, -9.3799 0.2559 2.9248, -9.5177 0.2559 2.9248, -9.3799 0.2634 2.9942, -9.5177 0.2634 2.9942, -9.3799 0.2856 3.0605, -9.5177 0.2856 3.0605, -9.3799 0.3214 3.1204, -9.5177 0.3214 3.1204, -9.3799 0.3693 3.1713, -9.5177 0.3693 3.1713, -9.3799 0.6709 3.4301, -9.5177 0.6709 3.4301, -9.5177 0.6927 3.4532, -9.3799 0.6927 3.4532, -9.5177 0.7089 3.4805, -9.3799 0.7089 3.4805, -9.5177 0.719 3.5106, -9.3799 0.719 3.5106, -9.5177 0.7224 3.5421, -9.3799 0.7224 3.5421, -9.3799 0.7224 4.1732, -9.5177 0.7224 4.1732, -9.3799 0.5846 4.1732, -9.5177 0.5846 4.1732, -9.3799 0.5846 3.5421, -9.5177 0.5846 3.5421, -9.3799 0.5844 3.54, -9.5177 0.5844 3.54, -9.3799 0.5837 3.538, -9.5177 0.5837 3.538, -9.3799 0.5827 3.5362, -9.5177 0.5827 3.5362, -9.3799 0.5812 3.5347, -9.5177 0.5812 3.5347, -9.3799 0.2795 3.2759, -9.5177 0.2795 3.2759, -9.5177 0.2114 3.2034, -9.3799 0.2114 3.2034, -9.5177 0.1604 3.118, -9.3799 0.1604 3.118, -9.5177 0.1288 3.0237, -9.3799 0.1288 3.0237, -9.5177 0.1181 2.9248, -9.3799 0.1181 2.9248, -9.3799 0.1181 2.6429, -9.5177 0.1181 2.6429, -9.5177 0.1251 2.5626, -9.3799 0.1251 2.5626, -9.5177 0.146 2.4847, -9.3799 0.146 2.4847, -9.5177 0.1801 2.4116, -9.3799 0.1801 2.4116, -9.3799 0.7577 1.4112, -9.5177 0.7577 1.4112, -9.3799 0.7816 1.3599, -9.5177 0.7816 1.3599, -9.3799 0.7962 1.3052, -9.5177 0.7962 1.3052, -9.3799 0.8012 1.2488, -9.5177 0.8012 1.2488, -9.3799 0.8012 0.3701, -9.5177 0.8012 0.3701, -9.5177 0.8102 0.3013, -9.3799 0.8102 0.3013, -9.5177 0.8368 0.2372, -9.3799 0.8368 0.2372, -9.5177 0.879 0.1822, -9.3799 0.879 0.1822, -9.5177 0.9341 0.1399, -9.3799 0.9341 0.1399, -9.5177 0.9981 0.1134, -9.3799 0.9981 0.1134, -9.5177 1.0669 0.1043, -9.3799 1.0669 0.1043, -9.3799 1.1041 0.0994, -9.5177 1.1041 0.0994, -9.3799 1.1388 0.0851, -9.5177 1.1388 0.0851, -9.3799 1.1685 0.0622, -9.5177 1.1685 0.0622, -9.3799 1.1914 0.0325, -9.5177 1.1914 0.0325, -9.3799 1.2057 -0.0022, -9.5177 1.2057 -0.0022, -3.8681 -1.2106 -0.0394, -3.8681 -1.2106 -1.1517, -4.0059 -1.2106 -0.0394, -4.0059 -1.2106 -1.1517, -3.9665 -1.3091 -1.2598, -3.9665 -1.25 -1.2598, -3.9075 -1.3091 -1.2598, -3.9075 -1.25 -1.2598, -4.0059 -1.3484 -0.0394, -4.0059 -1.3484 -1.1517, -3.8681 -1.3484 -0.0394, -3.8681 -1.3484 -1.1517, -3.8681 -1.0669 0.2421, -4.0059 -1.0669 0.2421, -4.0059 -1.1398 0.2325, -3.8681 -1.1398 0.2325, -4.0059 -1.2077 0.2044, -3.8681 -1.2077 0.2044, -4.0059 -1.266 0.1597, -3.8681 -1.266 0.1597, -4.0059 -1.3107 0.1014, -3.8681 -1.3107 0.1014, -4.0059 -1.3388 0.0335, -3.8681 -1.3388 0.0335, -3.8681 -0.939 0.3701, -4.0059 -0.939 0.3701, -3.8681 -0.9433 0.337, -4.0059 -0.9433 0.337, -3.8681 -0.9561 0.3061, -4.0059 -0.9561 0.3061, -3.8681 -0.9765 0.2796, -4.0059 -0.9765 0.2796, -3.8681 -1.003 0.2593, -4.0059 -1.003 0.2593, -3.8681 -1.0338 0.2465, -4.0059 -1.0338 0.2465, -3.8681 -0.939 1.2488, -4.0059 -0.939 1.2488, -3.8681 -0.877 1.4801, -4.0059 -0.877 1.4801, -4.0059 -0.9111 1.4071, -3.8681 -0.9111 1.4071, -4.0059 -0.9319 1.3292, -3.8681 -0.9319 1.3292, -3.8681 -0.2994 2.4805, -4.0059 -0.2994 2.4805, -3.8681 -0.2559 2.6429, -4.0059 -0.2559 2.6429, -3.8681 -0.2608 2.5865, -4.0059 -0.2608 2.5865, -3.8681 -0.2755 2.5319, -4.0059 -0.2755 2.5319, -3.8681 -0.2559 2.9248, -4.0059 -0.2559 2.9248, -3.8681 -0.3693 3.1713, -4.0059 -0.3693 3.1713, -3.8681 -0.3214 3.1204, -4.0059 -0.3214 3.1204, -3.8681 -0.2856 3.0605, -4.0059 -0.2856 3.0605, -3.8681 -0.2634 2.9942, -4.0059 -0.2634 2.9942, -3.8681 -0.6709 3.4301, -4.0059 -0.6709 3.4301, -3.8681 -0.7224 3.5421, -4.0059 -0.7224 3.5421, -4.0059 -0.719 3.5106, -3.8681 -0.719 3.5106, -4.0059 -0.7089 3.4805, -3.8681 -0.7089 3.4805, -4.0059 -0.6927 3.4532, -3.8681 -0.6927 3.4532, -3.8681 -0.7224 4.1732, -4.0059 -0.7224 4.1732, -3.8681 -0.5846 4.1732, -4.0059 -0.5846 4.1732, -3.8681 -0.5846 3.5421, -4.0059 -0.5846 3.5421, -3.8681 -0.5812 3.5347, -4.0059 -0.5812 3.5347, -3.8681 -0.5827 3.5362, -4.0059 -0.5827 3.5362, -3.8681 -0.5837 3.538, -4.0059 -0.5837 3.538, -3.8681 -0.5844 3.54, -4.0059 -0.5844 3.54, -3.8681 -0.2795 3.2759, -4.0059 -0.2795 3.2759, -3.8681 -0.1181 2.9248, -4.0059 -0.1181 2.9248, -4.0059 -0.1288 3.0237, -3.8681 -0.1288 3.0237, -4.0059 -0.1604 3.118, -3.8681 -0.1604 3.118, -4.0059 -0.2114 3.2034, -3.8681 -0.2114 3.2034, -3.8681 -0.1181 2.6429, -4.0059 -0.1181 2.6429, -3.8681 -0.1801 2.4116, -4.0059 -0.1801 2.4116, -4.0059 -0.146 2.4847, -3.8681 -0.146 2.4847, -4.0059 -0.1251 2.5626, -3.8681 -0.1251 2.5626, -3.8681 -0.7577 1.4112, -4.0059 -0.7577 1.4112, -3.8681 -0.8012 1.2488, -4.0059 -0.8012 1.2488, -3.8681 -0.7962 1.3052, -4.0059 -0.7962 1.3052, -3.8681 -0.7816 1.3599, -4.0059 -0.7816 1.3599, -3.8681 -0.8012 0.3701, -4.0059 -0.8012 0.3701, -3.8681 -1.0669 0.1043, -4.0059 -1.0669 0.1043, -4.0059 -0.9981 0.1134, -3.8681 -0.9981 0.1134, -4.0059 -0.9341 0.1399, -3.8681 -0.9341 0.1399, -4.0059 -0.879 0.1822, -3.8681 -0.879 0.1822, -4.0059 -0.8368 0.2372, -3.8681 -0.8368 0.2372, -4.0059 -0.8102 0.3013, -3.8681 -0.8102 0.3013, -3.8681 -1.2057 -0.0022, -4.0059 -1.2057 -0.0022, -3.8681 -1.1914 0.0325, -4.0059 -1.1914 0.0325, -3.8681 -1.1685 0.0622, -4.0059 -1.1685 0.0622, -3.8681 -1.1388 0.0851, -4.0059 -1.1388 0.0851, -3.8681 -1.1041 0.0994, -4.0059 -1.1041 0.0994, -4.6555 -1.2106 -0.0394, -4.6555 -1.2106 -1.1517, -4.7933 -1.2106 -0.0394, -4.7933 -1.2106 -1.1517, -4.7539 -1.3091 -1.2598, -4.7539 -1.25 -1.2598, -4.6949 -1.3091 -1.2598, -4.6949 -1.25 -1.2598, -4.7933 -1.3484 -0.0394, -4.7933 -1.3484 -1.1517, -4.6555 -1.3484 -0.0394, -4.6555 -1.3484 -1.1517, -4.6555 -1.0669 0.2421, -4.7933 -1.0669 0.2421, -4.7933 -1.1398 0.2325, -4.6555 -1.1398 0.2325, -4.7933 -1.2077 0.2044, -4.6555 -1.2077 0.2044, -4.7933 -1.266 0.1597, -4.6555 -1.266 0.1597, -4.7933 -1.3107 0.1014, -4.6555 -1.3107 0.1014, -4.7933 -1.3388 0.0335, -4.6555 -1.3388 0.0335, -4.6555 -0.939 0.3701, -4.7933 -0.939 0.3701, -4.6555 -0.9433 0.337, -4.7933 -0.9433 0.337, -4.6555 -0.9561 0.3061, -4.7933 -0.9561 0.3061, -4.6555 -0.9765 0.2796, -4.7933 -0.9765 0.2796, -4.6555 -1.003 0.2593, -4.7933 -1.003 0.2593, -4.6555 -1.0338 0.2465, -4.7933 -1.0338 0.2465, -4.6555 -0.939 1.2488, -4.7933 -0.939 1.2488, -4.6555 -0.877 1.4801, -4.7933 -0.877 1.4801, -4.7933 -0.9111 1.4071, -4.6555 -0.9111 1.4071, -4.7933 -0.9319 1.3292, -4.6555 -0.9319 1.3292, -4.6555 -0.2994 2.4805, -4.7933 -0.2994 2.4805, -4.6555 -0.2559 2.6429, -4.7933 -0.2559 2.6429, -4.6555 -0.2608 2.5865, -4.7933 -0.2608 2.5865, -4.6555 -0.2755 2.5319, -4.7933 -0.2755 2.5319, -4.6555 -0.2559 2.9248, -4.7933 -0.2559 2.9248, -4.6555 -0.3693 3.1713, -4.7933 -0.3693 3.1713, -4.6555 -0.3214 3.1204, -4.7933 -0.3214 3.1204, -4.6555 -0.2856 3.0605, -4.7933 -0.2856 3.0605, -4.6555 -0.2634 2.9942, -4.7933 -0.2634 2.9942, -4.6555 -0.6709 3.4301, -4.7933 -0.6709 3.4301, -4.6555 -0.7224 3.5421, -4.7933 -0.7224 3.5421, -4.7933 -0.719 3.5106, -4.6555 -0.719 3.5106, -4.7933 -0.7089 3.4805, -4.6555 -0.7089 3.4805, -4.7933 -0.6927 3.4532, -4.6555 -0.6927 3.4532, -4.6555 -0.7224 4.1732, -4.7933 -0.7224 4.1732, -4.6555 -0.5846 4.1732, -4.7933 -0.5846 4.1732, -4.6555 -0.5846 3.5421, -4.7933 -0.5846 3.5421, -4.6555 -0.5812 3.5347, -4.7933 -0.5812 3.5347, -4.6555 -0.5827 3.5362, -4.7933 -0.5827 3.5362, -4.6555 -0.5837 3.538, -4.7933 -0.5837 3.538, -4.6555 -0.5844 3.54, -4.7933 -0.5844 3.54, -4.6555 -0.2795 3.2759, -4.7933 -0.2795 3.2759, -4.6555 -0.1181 2.9248, -4.7933 -0.1181 2.9248, -4.7933 -0.1288 3.0237, -4.6555 -0.1288 3.0237, -4.7933 -0.1604 3.118, -4.6555 -0.1604 3.118, -4.7933 -0.2114 3.2034, -4.6555 -0.2114 3.2034, -4.6555 -0.1181 2.6429, -4.7933 -0.1181 2.6429, -4.6555 -0.1801 2.4116, -4.7933 -0.1801 2.4116, -4.7933 -0.146 2.4847, -4.6555 -0.146 2.4847, -4.7933 -0.1251 2.5626, -4.6555 -0.1251 2.5626, -4.6555 -0.7577 1.4112, -4.7933 -0.7577 1.4112, -4.6555 -0.8012 1.2488, -4.7933 -0.8012 1.2488, -4.6555 -0.7962 1.3052, -4.7933 -0.7962 1.3052, -4.6555 -0.7816 1.3599, -4.7933 -0.7816 1.3599, -4.6555 -0.8012 0.3701, -4.7933 -0.8012 0.3701, -4.6555 -1.0669 0.1043, -4.7933 -1.0669 0.1043, -4.7933 -0.9981 0.1134, -4.6555 -0.9981 0.1134, -4.7933 -0.9341 0.1399, -4.6555 -0.9341 0.1399, -4.7933 -0.879 0.1822, -4.6555 -0.879 0.1822, -4.7933 -0.8368 0.2372, -4.6555 -0.8368 0.2372, -4.7933 -0.8102 0.3013, -4.6555 -0.8102 0.3013, -4.6555 -1.2057 -0.0022, -4.7933 -1.2057 -0.0022, -4.6555 -1.1914 0.0325, -4.7933 -1.1914 0.0325, -4.6555 -1.1685 0.0622, -4.7933 -1.1685 0.0622, -4.6555 -1.1388 0.0851, -4.7933 -1.1388 0.0851, -4.6555 -1.1041 0.0994, -4.7933 -1.1041 0.0994, -6.2303 -1.2106 -0.0394, -6.2303 -1.2106 -1.1517, -6.3681 -1.2106 -0.0394, -6.3681 -1.2106 -1.1517, -6.3287 -1.3091 -1.2598, -6.3287 -1.25 -1.2598, -6.2697 -1.3091 -1.2598, -6.2697 -1.25 -1.2598, -6.3681 -1.3484 -0.0394, -6.3681 -1.3484 -1.1517, -6.2303 -1.3484 -0.0394, -6.2303 -1.3484 -1.1517, -6.2303 -1.0669 0.2421, -6.3681 -1.0669 0.2421, -6.3681 -1.1398 0.2325, -6.2303 -1.1398 0.2325, -6.3681 -1.2077 0.2044, -6.2303 -1.2077 0.2044, -6.3681 -1.266 0.1597, -6.2303 -1.266 0.1597, -6.3681 -1.3107 0.1014, -6.2303 -1.3107 0.1014, -6.3681 -1.3388 0.0335, -6.2303 -1.3388 0.0335, -6.2303 -0.939 0.3701, -6.3681 -0.939 0.3701, -6.2303 -0.9433 0.337, -6.3681 -0.9433 0.337, -6.2303 -0.9561 0.3061, -6.3681 -0.9561 0.3061, -6.2303 -0.9765 0.2796, -6.3681 -0.9765 0.2796, -6.2303 -1.003 0.2593, -6.3681 -1.003 0.2593, -6.2303 -1.0338 0.2465, -6.3681 -1.0338 0.2465, -6.2303 -0.939 1.2488, -6.3681 -0.939 1.2488, -6.2303 -0.877 1.4801, -6.3681 -0.877 1.4801, -6.3681 -0.9111 1.4071, -6.2303 -0.9111 1.4071, -6.3681 -0.9319 1.3292, -6.2303 -0.9319 1.3292, -6.2303 -0.2994 2.4805, -6.3681 -0.2994 2.4805, -6.2303 -0.2559 2.6429, -6.3681 -0.2559 2.6429, -6.2303 -0.2608 2.5865, -6.3681 -0.2608 2.5865, -6.2303 -0.2755 2.5319, -6.3681 -0.2755 2.5319, -6.2303 -0.2559 2.9248, -6.3681 -0.2559 2.9248, -6.2303 -0.3693 3.1713, -6.3681 -0.3693 3.1713, -6.2303 -0.3214 3.1204, -6.3681 -0.3214 3.1204, -6.2303 -0.2856 3.0605, -6.3681 -0.2856 3.0605, -6.2303 -0.2634 2.9942, -6.3681 -0.2634 2.9942, -6.2303 -0.6709 3.4301, -6.3681 -0.6709 3.4301, -6.2303 -0.7224 3.5421, -6.3681 -0.7224 3.5421, -6.3681 -0.719 3.5106, -6.2303 -0.719 3.5106, -6.3681 -0.7089 3.4805, -6.2303 -0.7089 3.4805, -6.3681 -0.6927 3.4532, -6.2303 -0.6927 3.4532, -6.2303 -0.7224 4.1732, -6.3681 -0.7224 4.1732, -6.2303 -0.5846 4.1732, -6.3681 -0.5846 4.1732, -6.2303 -0.5846 3.5421, -6.3681 -0.5846 3.5421, -6.2303 -0.5812 3.5347, -6.3681 -0.5812 3.5347, -6.2303 -0.5827 3.5362, -6.3681 -0.5827 3.5362, -6.2303 -0.5837 3.538, -6.3681 -0.5837 3.538, -6.2303 -0.5844 3.54, -6.3681 -0.5844 3.54, -6.2303 -0.2795 3.2759, -6.3681 -0.2795 3.2759, -6.2303 -0.1181 2.9248, -6.3681 -0.1181 2.9248, -6.3681 -0.1288 3.0237, -6.2303 -0.1288 3.0237, -6.3681 -0.1604 3.118, -6.2303 -0.1604 3.118, -6.3681 -0.2114 3.2034, -6.2303 -0.2114 3.2034, -6.2303 -0.1181 2.6429, -6.3681 -0.1181 2.6429, -6.2303 -0.1801 2.4116, -6.3681 -0.1801 2.4116, -6.3681 -0.146 2.4847, -6.2303 -0.146 2.4847, -6.3681 -0.1251 2.5626, -6.2303 -0.1251 2.5626, -6.2303 -0.7577 1.4112, -6.3681 -0.7577 1.4112, -6.2303 -0.8012 1.2488, -6.3681 -0.8012 1.2488, -6.2303 -0.7962 1.3052, -6.3681 -0.7962 1.3052, -6.2303 -0.7816 1.3599, -6.3681 -0.7816 1.3599, -6.2303 -0.8012 0.3701, -6.3681 -0.8012 0.3701, -6.2303 -1.0669 0.1043, -6.3681 -1.0669 0.1043, -6.3681 -0.9981 0.1134, -6.2303 -0.9981 0.1134, -6.3681 -0.9341 0.1399, -6.2303 -0.9341 0.1399, -6.3681 -0.879 0.1822, -6.2303 -0.879 0.1822, -6.3681 -0.8368 0.2372, -6.2303 -0.8368 0.2372, -6.3681 -0.8102 0.3013, -6.2303 -0.8102 0.3013, -6.2303 -1.2057 -0.0022, -6.3681 -1.2057 -0.0022, -6.2303 -1.1914 0.0325, -6.3681 -1.1914 0.0325, -6.2303 -1.1685 0.0622, -6.3681 -1.1685 0.0622, -6.2303 -1.1388 0.0851, -6.3681 -1.1388 0.0851, -6.2303 -1.1041 0.0994, -6.3681 -1.1041 0.0994, -7.0177 -1.2106 -0.0394, -7.0177 -1.2106 -1.1517, -7.1555 -1.2106 -0.0394, -7.1555 -1.2106 -1.1517, -7.1161 -1.3091 -1.2598, -7.1161 -1.25 -1.2598, -7.0571 -1.3091 -1.2598, -7.0571 -1.25 -1.2598, -7.1555 -1.3484 -0.0394, -7.1555 -1.3484 -1.1517, -7.0177 -1.3484 -0.0394, -7.0177 -1.3484 -1.1517, -7.0177 -1.0669 0.2421, -7.1555 -1.0669 0.2421, -7.1555 -1.1398 0.2325, -7.0177 -1.1398 0.2325, -7.1555 -1.2077 0.2044, -7.0177 -1.2077 0.2044, -7.1555 -1.266 0.1597, -7.0177 -1.266 0.1597, -7.1555 -1.3107 0.1014, -7.0177 -1.3107 0.1014, -7.1555 -1.3388 0.0335, -7.0177 -1.3388 0.0335, -7.0177 -0.939 0.3701, -7.1555 -0.939 0.3701, -7.0177 -0.9433 0.337, -7.1555 -0.9433 0.337, -7.0177 -0.9561 0.3061, -7.1555 -0.9561 0.3061, -7.0177 -0.9765 0.2796, -7.1555 -0.9765 0.2796, -7.0177 -1.003 0.2593, -7.1555 -1.003 0.2593, -7.0177 -1.0338 0.2465, -7.1555 -1.0338 0.2465, -7.0177 -0.939 1.2488, -7.1555 -0.939 1.2488, -7.0177 -0.877 1.4801, -7.1555 -0.877 1.4801, -7.1555 -0.9111 1.4071, -7.0177 -0.9111 1.4071, -7.1555 -0.9319 1.3292, -7.0177 -0.9319 1.3292, -7.0177 -0.2994 2.4805, -7.1555 -0.2994 2.4805, -7.0177 -0.2559 2.6429, -7.1555 -0.2559 2.6429, -7.0177 -0.2608 2.5865, -7.1555 -0.2608 2.5865, -7.0177 -0.2755 2.5319, -7.1555 -0.2755 2.5319, -7.0177 -0.2559 2.9248, -7.1555 -0.2559 2.9248, -7.0177 -0.3693 3.1713, -7.1555 -0.3693 3.1713, -7.0177 -0.3214 3.1204, -7.1555 -0.3214 3.1204, -7.0177 -0.2856 3.0605, -7.1555 -0.2856 3.0605, -7.0177 -0.2634 2.9942, -7.1555 -0.2634 2.9942, -7.0177 -0.6709 3.4301, -7.1555 -0.6709 3.4301, -7.0177 -0.7224 3.5421, -7.1555 -0.7224 3.5421, -7.1555 -0.719 3.5106, -7.0177 -0.719 3.5106, -7.1555 -0.7089 3.4805, -7.0177 -0.7089 3.4805, -7.1555 -0.6927 3.4532, -7.0177 -0.6927 3.4532, -7.0177 -0.7224 4.1732, -7.1555 -0.7224 4.1732, -7.0177 -0.5846 4.1732, -7.1555 -0.5846 4.1732, -7.0177 -0.5846 3.5421, -7.1555 -0.5846 3.5421, -7.0177 -0.5812 3.5347, -7.1555 -0.5812 3.5347, -7.0177 -0.5827 3.5362, -7.1555 -0.5827 3.5362, -7.0177 -0.5837 3.538, -7.1555 -0.5837 3.538, -7.0177 -0.5844 3.54, -7.1555 -0.5844 3.54, -7.0177 -0.2795 3.2759, -7.1555 -0.2795 3.2759, -7.0177 -0.1181 2.9248, -7.1555 -0.1181 2.9248, -7.1555 -0.1288 3.0237, -7.0177 -0.1288 3.0237, -7.1555 -0.1604 3.118, -7.0177 -0.1604 3.118, -7.1555 -0.2114 3.2034, -7.0177 -0.2114 3.2034, -7.0177 -0.1181 2.6429, -7.1555 -0.1181 2.6429, -7.0177 -0.1801 2.4116, -7.1555 -0.1801 2.4116, -7.1555 -0.146 2.4847, -7.0177 -0.146 2.4847, -7.1555 -0.1251 2.5626, -7.0177 -0.1251 2.5626, -7.0177 -0.7577 1.4112, -7.1555 -0.7577 1.4112, -7.0177 -0.8012 1.2488, -7.1555 -0.8012 1.2488, -7.0177 -0.7962 1.3052, -7.1555 -0.7962 1.3052, -7.0177 -0.7816 1.3599, -7.1555 -0.7816 1.3599, -7.0177 -0.8012 0.3701, -7.1555 -0.8012 0.3701, -7.0177 -1.0669 0.1043, -7.1555 -1.0669 0.1043, -7.1555 -0.9981 0.1134, -7.0177 -0.9981 0.1134, -7.1555 -0.9341 0.1399, -7.0177 -0.9341 0.1399, -7.1555 -0.879 0.1822, -7.0177 -0.879 0.1822, -7.1555 -0.8368 0.2372, -7.0177 -0.8368 0.2372, -7.1555 -0.8102 0.3013, -7.0177 -0.8102 0.3013, -7.0177 -1.2057 -0.0022, -7.1555 -1.2057 -0.0022, -7.0177 -1.1914 0.0325, -7.1555 -1.1914 0.0325, -7.0177 -1.1685 0.0622, -7.1555 -1.1685 0.0622, -7.0177 -1.1388 0.0851, -7.1555 -1.1388 0.0851, -7.0177 -1.1041 0.0994, -7.1555 -1.1041 0.0994, -7.8051 -1.2106 -0.0394, -7.8051 -1.2106 -1.1517, -7.9429 -1.2106 -0.0394, -7.9429 -1.2106 -1.1517, -7.9035 -1.3091 -1.2598, -7.9035 -1.25 -1.2598, -7.8445 -1.3091 -1.2598, -7.8445 -1.25 -1.2598, -7.9429 -1.3484 -0.0394, -7.9429 -1.3484 -1.1517, -7.8051 -1.3484 -0.0394, -7.8051 -1.3484 -1.1517, -7.8051 -1.0669 0.2421, -7.9429 -1.0669 0.2421, -7.9429 -1.1398 0.2325, -7.8051 -1.1398 0.2325, -7.9429 -1.2077 0.2044, -7.8051 -1.2077 0.2044, -7.9429 -1.266 0.1597, -7.8051 -1.266 0.1597, -7.9429 -1.3107 0.1014, -7.8051 -1.3107 0.1014, -7.9429 -1.3388 0.0335, -7.8051 -1.3388 0.0335, -7.8051 -0.939 0.3701, -7.9429 -0.939 0.3701, -7.8051 -0.9433 0.337, -7.9429 -0.9433 0.337, -7.8051 -0.9561 0.3061, -7.9429 -0.9561 0.3061, -7.8051 -0.9765 0.2796, -7.9429 -0.9765 0.2796, -7.8051 -1.003 0.2593, -7.9429 -1.003 0.2593, -7.8051 -1.0338 0.2465, -7.9429 -1.0338 0.2465, -7.8051 -0.939 1.2488, -7.9429 -0.939 1.2488, -7.8051 -0.877 1.4801, -7.9429 -0.877 1.4801, -7.9429 -0.9111 1.4071, -7.8051 -0.9111 1.4071, -7.9429 -0.9319 1.3292, -7.8051 -0.9319 1.3292, -7.8051 -0.2994 2.4805, -7.9429 -0.2994 2.4805, -7.8051 -0.2559 2.6429, -7.9429 -0.2559 2.6429, -7.8051 -0.2608 2.5865, -7.9429 -0.2608 2.5865, -7.8051 -0.2755 2.5319, -7.9429 -0.2755 2.5319, -7.8051 -0.2559 2.9248, -7.9429 -0.2559 2.9248, -7.8051 -0.3693 3.1713, -7.9429 -0.3693 3.1713, -7.8051 -0.3214 3.1204, -7.9429 -0.3214 3.1204, -7.8051 -0.2856 3.0605, -7.9429 -0.2856 3.0605, -7.8051 -0.2634 2.9942, -7.9429 -0.2634 2.9942, -7.8051 -0.6709 3.4301, -7.9429 -0.6709 3.4301, -7.8051 -0.7224 3.5421, -7.9429 -0.7224 3.5421, -7.9429 -0.719 3.5106, -7.8051 -0.719 3.5106, -7.9429 -0.7089 3.4805, -7.8051 -0.7089 3.4805, -7.9429 -0.6927 3.4532, -7.8051 -0.6927 3.4532, -7.8051 -0.7224 4.1732, -7.9429 -0.7224 4.1732, -7.8051 -0.5846 4.1732, -7.9429 -0.5846 4.1732, -7.8051 -0.5846 3.5421, -7.9429 -0.5846 3.5421, -7.8051 -0.5812 3.5347, -7.9429 -0.5812 3.5347, -7.8051 -0.5827 3.5362, -7.9429 -0.5827 3.5362, -7.8051 -0.5837 3.538, -7.9429 -0.5837 3.538, -7.8051 -0.5844 3.54, -7.9429 -0.5844 3.54, -7.8051 -0.2795 3.2759, -7.9429 -0.2795 3.2759, -7.8051 -0.1181 2.9248, -7.9429 -0.1181 2.9248, -7.9429 -0.1288 3.0237, -7.8051 -0.1288 3.0237, -7.9429 -0.1604 3.118, -7.8051 -0.1604 3.118, -7.9429 -0.2114 3.2034, -7.8051 -0.2114 3.2034, -7.8051 -0.1181 2.6429, -7.9429 -0.1181 2.6429, -7.8051 -0.1801 2.4116, -7.9429 -0.1801 2.4116, -7.9429 -0.146 2.4847, -7.8051 -0.146 2.4847, -7.9429 -0.1251 2.5626, -7.8051 -0.1251 2.5626, -7.8051 -0.7577 1.4112, -7.9429 -0.7577 1.4112, -7.8051 -0.8012 1.2488, -7.9429 -0.8012 1.2488, -7.8051 -0.7962 1.3052, -7.9429 -0.7962 1.3052, -7.8051 -0.7816 1.3599, -7.9429 -0.7816 1.3599, -7.8051 -0.8012 0.3701, -7.9429 -0.8012 0.3701, -7.8051 -1.0669 0.1043, -7.9429 -1.0669 0.1043, -7.9429 -0.9981 0.1134, -7.8051 -0.9981 0.1134, -7.9429 -0.9341 0.1399, -7.8051 -0.9341 0.1399, -7.9429 -0.879 0.1822, -7.8051 -0.879 0.1822, -7.9429 -0.8368 0.2372, -7.8051 -0.8368 0.2372, -7.9429 -0.8102 0.3013, -7.8051 -0.8102 0.3013, -7.8051 -1.2057 -0.0022, -7.9429 -1.2057 -0.0022, -7.8051 -1.1914 0.0325, -7.9429 -1.1914 0.0325, -7.8051 -1.1685 0.0622, -7.9429 -1.1685 0.0622, -7.8051 -1.1388 0.0851, -7.9429 -1.1388 0.0851, -7.8051 -1.1041 0.0994, -7.9429 -1.1041 0.0994, -8.5925 -1.2106 -0.0394, -8.5925 -1.2106 -1.1517, -8.7303 -1.2106 -0.0394, -8.7303 -1.2106 -1.1517, -8.6909 -1.3091 -1.2598, -8.6909 -1.25 -1.2598, -8.6319 -1.3091 -1.2598, -8.6319 -1.25 -1.2598, -8.7303 -1.3484 -0.0394, -8.7303 -1.3484 -1.1517, -8.5925 -1.3484 -0.0394, -8.5925 -1.3484 -1.1517, -8.5925 -1.0669 0.2421, -8.7303 -1.0669 0.2421, -8.7303 -1.1398 0.2325, -8.5925 -1.1398 0.2325, -8.7303 -1.2077 0.2044, -8.5925 -1.2077 0.2044, -8.7303 -1.266 0.1597, -8.5925 -1.266 0.1597, -8.7303 -1.3107 0.1014, -8.5925 -1.3107 0.1014, -8.7303 -1.3388 0.0335, -8.5925 -1.3388 0.0335, -8.5925 -0.939 0.3701, -8.7303 -0.939 0.3701, -8.5925 -0.9433 0.337, -8.7303 -0.9433 0.337, -8.5925 -0.9561 0.3061, -8.7303 -0.9561 0.3061, -8.5925 -0.9765 0.2796, -8.7303 -0.9765 0.2796, -8.5925 -1.003 0.2593, -8.7303 -1.003 0.2593, -8.5925 -1.0338 0.2465, -8.7303 -1.0338 0.2465, -8.5925 -0.939 1.2488, -8.7303 -0.939 1.2488, -8.5925 -0.877 1.4801, -8.7303 -0.877 1.4801, -8.7303 -0.9111 1.4071, -8.5925 -0.9111 1.4071, -8.7303 -0.9319 1.3292, -8.5925 -0.9319 1.3292, -8.5925 -0.2994 2.4805, -8.7303 -0.2994 2.4805, -8.5925 -0.2559 2.6429, -8.7303 -0.2559 2.6429, -8.5925 -0.2608 2.5865, -8.7303 -0.2608 2.5865, -8.5925 -0.2755 2.5319, -8.7303 -0.2755 2.5319, -8.5925 -0.2559 2.9248, -8.7303 -0.2559 2.9248, -8.5925 -0.3693 3.1713, -8.7303 -0.3693 3.1713, -8.5925 -0.3214 3.1204, -8.7303 -0.3214 3.1204, -8.5925 -0.2856 3.0605, -8.7303 -0.2856 3.0605, -8.5925 -0.2634 2.9942, -8.7303 -0.2634 2.9942, -8.5925 -0.6709 3.4301, -8.7303 -0.6709 3.4301, -8.5925 -0.7224 3.5421, -8.7303 -0.7224 3.5421, -8.7303 -0.719 3.5106, -8.5925 -0.719 3.5106, -8.7303 -0.7089 3.4805, -8.5925 -0.7089 3.4805, -8.7303 -0.6927 3.4532, -8.5925 -0.6927 3.4532, -8.5925 -0.7224 4.1732, -8.7303 -0.7224 4.1732, -8.5925 -0.5846 4.1732, -8.7303 -0.5846 4.1732, -8.5925 -0.5846 3.5421, -8.7303 -0.5846 3.5421, -8.5925 -0.5812 3.5347, -8.7303 -0.5812 3.5347, -8.5925 -0.5827 3.5362, -8.7303 -0.5827 3.5362, -8.5925 -0.5837 3.538, -8.7303 -0.5837 3.538, -8.5925 -0.5844 3.54, -8.7303 -0.5844 3.54, -8.5925 -0.2795 3.2759, -8.7303 -0.2795 3.2759, -8.5925 -0.1181 2.9248, -8.7303 -0.1181 2.9248, -8.7303 -0.1288 3.0237, -8.5925 -0.1288 3.0237, -8.7303 -0.1604 3.118, -8.5925 -0.1604 3.118, -8.7303 -0.2114 3.2034, -8.5925 -0.2114 3.2034, -8.5925 -0.1181 2.6429, -8.7303 -0.1181 2.6429, -8.5925 -0.1801 2.4116, -8.7303 -0.1801 2.4116, -8.7303 -0.146 2.4847, -8.5925 -0.146 2.4847, -8.7303 -0.1251 2.5626, -8.5925 -0.1251 2.5626, -8.5925 -0.7577 1.4112, -8.7303 -0.7577 1.4112, -8.5925 -0.8012 1.2488, -8.7303 -0.8012 1.2488, -8.5925 -0.7962 1.3052, -8.7303 -0.7962 1.3052, -8.5925 -0.7816 1.3599, -8.7303 -0.7816 1.3599, -8.5925 -0.8012 0.3701, -8.7303 -0.8012 0.3701, -8.5925 -1.0669 0.1043, -8.7303 -1.0669 0.1043, -8.7303 -0.9981 0.1134, -8.5925 -0.9981 0.1134, -8.7303 -0.9341 0.1399, -8.5925 -0.9341 0.1399, -8.7303 -0.879 0.1822, -8.5925 -0.879 0.1822, -8.7303 -0.8368 0.2372, -8.5925 -0.8368 0.2372, -8.7303 -0.8102 0.3013, -8.5925 -0.8102 0.3013, -8.5925 -1.2057 -0.0022, -8.7303 -1.2057 -0.0022, -8.5925 -1.1914 0.0325, -8.7303 -1.1914 0.0325, -8.5925 -1.1685 0.0622, -8.7303 -1.1685 0.0622, -8.5925 -1.1388 0.0851, -8.7303 -1.1388 0.0851, -8.5925 -1.1041 0.0994, -8.7303 -1.1041 0.0994, -9.3799 -1.2106 -0.0394, -9.3799 -1.2106 -1.1517, -9.5177 -1.2106 -0.0394, -9.5177 -1.2106 -1.1517, -9.4783 -1.3091 -1.2598, -9.4783 -1.25 -1.2598, -9.4193 -1.3091 -1.2598, -9.4193 -1.25 -1.2598, -9.5177 -1.3484 -0.0394, -9.5177 -1.3484 -1.1517, -9.3799 -1.3484 -0.0394, -9.3799 -1.3484 -1.1517, -9.3799 -1.0669 0.2421, -9.5177 -1.0669 0.2421, -9.5177 -1.1398 0.2325, -9.3799 -1.1398 0.2325, -9.5177 -1.2077 0.2044, -9.3799 -1.2077 0.2044, -9.5177 -1.266 0.1597, -9.3799 -1.266 0.1597, -9.5177 -1.3107 0.1014, -9.3799 -1.3107 0.1014, -9.5177 -1.3388 0.0335, -9.3799 -1.3388 0.0335, -9.3799 -0.939 0.3701, -9.5177 -0.939 0.3701, -9.3799 -0.9433 0.337, -9.5177 -0.9433 0.337, -9.3799 -0.9561 0.3061, -9.5177 -0.9561 0.3061, -9.3799 -0.9765 0.2796, -9.5177 -0.9765 0.2796, -9.3799 -1.003 0.2593, -9.5177 -1.003 0.2593, -9.3799 -1.0338 0.2465, -9.5177 -1.0338 0.2465, -9.3799 -0.939 1.2488, -9.5177 -0.939 1.2488, -9.3799 -0.877 1.4801, -9.5177 -0.877 1.4801, -9.5177 -0.9111 1.4071, -9.3799 -0.9111 1.4071, -9.5177 -0.9319 1.3292, -9.3799 -0.9319 1.3292, -9.3799 -0.2994 2.4805, -9.5177 -0.2994 2.4805, -9.3799 -0.2559 2.6429, -9.5177 -0.2559 2.6429, -9.3799 -0.2608 2.5865, -9.5177 -0.2608 2.5865, -9.3799 -0.2755 2.5319, -9.5177 -0.2755 2.5319, -9.3799 -0.2559 2.9248, -9.5177 -0.2559 2.9248, -9.3799 -0.3693 3.1713, -9.5177 -0.3693 3.1713, -9.3799 -0.3214 3.1204, -9.5177 -0.3214 3.1204, -9.3799 -0.2856 3.0605, -9.5177 -0.2856 3.0605, -9.3799 -0.2634 2.9942, -9.5177 -0.2634 2.9942, -9.3799 -0.6709 3.4301, -9.5177 -0.6709 3.4301, -9.3799 -0.7224 3.5421, -9.5177 -0.7224 3.5421, -9.5177 -0.719 3.5106, -9.3799 -0.719 3.5106, -9.5177 -0.7089 3.4805, -9.3799 -0.7089 3.4805, -9.5177 -0.6927 3.4532, -9.3799 -0.6927 3.4532, -9.3799 -0.7224 4.1732, -9.5177 -0.7224 4.1732, -9.3799 -0.5846 4.1732, -9.5177 -0.5846 4.1732, -9.3799 -0.5846 3.5421, -9.5177 -0.5846 3.5421, -9.3799 -0.5812 3.5347, -9.5177 -0.5812 3.5347, -9.3799 -0.5827 3.5362, -9.5177 -0.5827 3.5362, -9.3799 -0.5837 3.538, -9.5177 -0.5837 3.538, -9.3799 -0.5844 3.54, -9.5177 -0.5844 3.54, -9.3799 -0.2795 3.2759, -9.5177 -0.2795 3.2759, -9.3799 -0.1181 2.9248, -9.5177 -0.1181 2.9248, -9.5177 -0.1288 3.0237, -9.3799 -0.1288 3.0237, -9.5177 -0.1604 3.118, -9.3799 -0.1604 3.118, -9.5177 -0.2114 3.2034, -9.3799 -0.2114 3.2034, -9.3799 -0.1181 2.6429, -9.5177 -0.1181 2.6429, -9.3799 -0.1801 2.4116, -9.5177 -0.1801 2.4116, -9.5177 -0.146 2.4847, -9.3799 -0.146 2.4847, -9.5177 -0.1251 2.5626, -9.3799 -0.1251 2.5626, -9.3799 -0.7577 1.4112, -9.5177 -0.7577 1.4112, -9.3799 -0.8012 1.2488, -9.5177 -0.8012 1.2488, -9.3799 -0.7962 1.3052, -9.5177 -0.7962 1.3052, -9.3799 -0.7816 1.3599, -9.5177 -0.7816 1.3599, -9.3799 -0.8012 0.3701, -9.5177 -0.8012 0.3701, -9.3799 -1.0669 0.1043, -9.5177 -1.0669 0.1043, -9.5177 -0.9981 0.1134, -9.3799 -0.9981 0.1134, -9.5177 -0.9341 0.1399, -9.3799 -0.9341 0.1399, -9.5177 -0.879 0.1822, -9.3799 -0.879 0.1822, -9.5177 -0.8368 0.2372, -9.3799 -0.8368 0.2372, -9.5177 -0.8102 0.3013, -9.3799 -0.8102 0.3013, -9.3799 -1.2057 -0.0022, -9.5177 -1.2057 -0.0022, -9.3799 -1.1914 0.0325, -9.5177 -1.1914 0.0325, -9.3799 -1.1685 0.0622, -9.5177 -1.1685 0.0622, -9.3799 -1.1388 0.0851, -9.5177 -1.1388 0.0851, -9.3799 -1.1041 0.0994, -9.5177 -1.1041 0.0994, -3.4744 0.3917 -1.1517, -3.4744 0.3917 -0.0394, -3.6122 0.3917 -1.1517, -3.6122 0.3917 -0.0394, -3.5728 0.4311 -1.2598, -3.5728 0.4902 -1.2598, -3.5138 0.4311 -1.2598, -3.5138 0.4902 -1.2598, -3.6122 0.5295 -1.1517, -3.6122 0.5295 -0.0394, -3.4744 0.5295 -1.1517, -3.4744 0.5295 -0.0394, -3.4744 0.5344 -0.0022, -3.6122 0.5344 -0.0022, -3.4744 0.5488 0.0325, -3.6122 0.5488 0.0325, -3.4744 0.5716 0.0622, -3.6122 0.5716 0.0622, -3.4744 0.6014 0.0851, -3.6122 0.6014 0.0851, -3.4744 0.636 0.0994, -3.6122 0.636 0.0994, -3.4744 0.6732 0.1043, -3.6122 0.6732 0.1043, -3.6122 0.742 0.1134, -3.4744 0.742 0.1134, -3.6122 0.8061 0.1399, -3.4744 0.8061 0.1399, -3.6122 0.8611 0.1822, -3.4744 0.8611 0.1822, -3.6122 0.9034 0.2372, -3.4744 0.9034 0.2372, -3.6122 0.9299 0.3013, -3.4744 0.9299 0.3013, -3.6122 0.939 0.3701, -3.4744 0.939 0.3701, -3.4744 0.939 1.2488, -3.6122 0.939 1.2488, -3.6122 0.9319 1.3292, -3.4744 0.9319 1.3292, -3.6122 0.9111 1.4071, -3.4744 0.9111 1.4071, -3.6122 0.877 1.4801, -3.4744 0.877 1.4801, -3.4744 0.2994 2.4805, -3.6122 0.2994 2.4805, -3.4744 0.267 2.5589, -3.6122 0.267 2.5589, -3.4744 0.2559 2.6429, -3.6122 0.2559 2.6429, -3.4744 0.2559 2.9248, -3.6122 0.2559 2.9248, -3.4744 0.2634 2.9942, -3.6122 0.2634 2.9942, -3.4744 0.2856 3.0605, -3.6122 0.2856 3.0605, -3.4744 0.3214 3.1204, -3.6122 0.3214 3.1204, -3.4744 0.3693 3.1713, -3.6122 0.3693 3.1713, -3.4744 0.6709 3.4301, -3.6122 0.6709 3.4301, -3.6122 0.6927 3.4532, -3.4744 0.6927 3.4532, -3.6122 0.7089 3.4805, -3.4744 0.7089 3.4805, -3.6122 0.719 3.5106, -3.4744 0.719 3.5106, -3.6122 0.7224 3.5421, -3.4744 0.7224 3.5421, -3.4744 0.7224 4.1732, -3.6122 0.7224 4.1732, -3.4744 0.5846 4.1732, -3.6122 0.5846 4.1732, -3.4744 0.5846 3.5421, -3.6122 0.5846 3.5421, -3.4744 0.5844 3.54, -3.6122 0.5844 3.54, -3.4744 0.5837 3.538, -3.6122 0.5837 3.538, -3.4744 0.5827 3.5362, -3.6122 0.5827 3.5362, -3.4744 0.5812 3.5347, -3.6122 0.5812 3.5347, -3.4744 0.2795 3.2759, -3.6122 0.2795 3.2759, -3.6122 0.2114 3.2034, -3.4744 0.2114 3.2034, -3.6122 0.1604 3.118, -3.4744 0.1604 3.118, -3.6122 0.1288 3.0237, -3.4744 0.1288 3.0237, -3.6122 0.1181 2.9248, -3.4744 0.1181 2.9248, -3.4744 0.1181 2.6429, -3.6122 0.1181 2.6429, -3.6122 0.1251 2.5626, -3.4744 0.1251 2.5626, -3.6122 0.146 2.4847, -3.4744 0.146 2.4847, -3.6122 0.1801 2.4116, -3.4744 0.1801 2.4116, -3.4744 0.7577 1.4112, -3.6122 0.7577 1.4112, -3.4744 0.7816 1.3599, -3.6122 0.7816 1.3599, -3.4744 0.7962 1.3052, -3.6122 0.7962 1.3052, -3.4744 0.8012 1.2488, -3.6122 0.8012 1.2488, -3.4744 0.8012 0.3701, -3.6122 0.8012 0.3701, -3.4744 0.7968 0.337, -3.6122 0.7968 0.337, -3.4744 0.784 0.3061, -3.6122 0.784 0.3061, -3.4744 0.7637 0.2796, -3.6122 0.7637 0.2796, -3.4744 0.7372 0.2593, -3.6122 0.7372 0.2593, -3.4744 0.7063 0.2465, -3.6122 0.7063 0.2465, -3.4744 0.6732 0.2421, -3.6122 0.6732 0.2421, -3.6122 0.6004 0.2325, -3.4744 0.6004 0.2325, -3.6122 0.5325 0.2044, -3.4744 0.5325 0.2044, -3.6122 0.4742 0.1597, -3.4744 0.4742 0.1597, -3.6122 0.4294 0.1014, -3.4744 0.4294 0.1014, -3.6122 0.4013 0.0335, -3.4744 0.4013 0.0335, -4.2618 0.3917 -1.1517, -4.2618 0.3917 -0.0394, -4.3996 0.3917 -1.1517, -4.3996 0.3917 -0.0394, -4.3602 0.4311 -1.2598, -4.3602 0.4902 -1.2598, -4.3012 0.4311 -1.2598, -4.3012 0.4902 -1.2598, -4.3996 0.5295 -1.1517, -4.3996 0.5295 -0.0394, -4.2618 0.5295 -1.1517, -4.2618 0.5295 -0.0394, -4.2618 0.5344 -0.0022, -4.3996 0.5344 -0.0022, -4.2618 0.5488 0.0325, -4.3996 0.5488 0.0325, -4.2618 0.5716 0.0622, -4.3996 0.5716 0.0622, -4.2618 0.6014 0.0851, -4.3996 0.6014 0.0851, -4.2618 0.636 0.0994, -4.3996 0.636 0.0994, -4.2618 0.6732 0.1043, -4.3996 0.6732 0.1043, -4.3996 0.742 0.1134, -4.2618 0.742 0.1134, -4.3996 0.8061 0.1399, -4.2618 0.8061 0.1399, -4.3996 0.8611 0.1822, -4.2618 0.8611 0.1822, -4.3996 0.9034 0.2372, -4.2618 0.9034 0.2372, -4.3996 0.9299 0.3013, -4.2618 0.9299 0.3013, -4.3996 0.939 0.3701, -4.2618 0.939 0.3701, -4.2618 0.939 1.2488, -4.3996 0.939 1.2488, -4.3996 0.9319 1.3292, -4.2618 0.9319 1.3292, -4.3996 0.9111 1.4071, -4.2618 0.9111 1.4071, -4.3996 0.877 1.4801, -4.2618 0.877 1.4801, -4.2618 0.2994 2.4805, -4.3996 0.2994 2.4805, -4.2618 0.267 2.5589, -4.3996 0.267 2.5589, -4.2618 0.2559 2.6429, -4.3996 0.2559 2.6429, -4.2618 0.2559 2.9248, -4.3996 0.2559 2.9248, -4.2618 0.2634 2.9942, -4.3996 0.2634 2.9942, -4.2618 0.2856 3.0605, -4.3996 0.2856 3.0605, -4.2618 0.3214 3.1204, -4.3996 0.3214 3.1204, -4.2618 0.3693 3.1713, -4.3996 0.3693 3.1713, -4.2618 0.6709 3.4301, -4.3996 0.6709 3.4301, -4.3996 0.6927 3.4532, -4.2618 0.6927 3.4532, -4.3996 0.7089 3.4805, -4.2618 0.7089 3.4805, -4.3996 0.719 3.5106, -4.2618 0.719 3.5106, -4.3996 0.7224 3.5421, -4.2618 0.7224 3.5421, -4.2618 0.7224 4.1732, -4.3996 0.7224 4.1732, -4.2618 0.5846 4.1732, -4.3996 0.5846 4.1732, -4.2618 0.5846 3.5421, -4.3996 0.5846 3.5421, -4.2618 0.5844 3.54, -4.3996 0.5844 3.54, -4.2618 0.5837 3.538, -4.3996 0.5837 3.538, -4.2618 0.5827 3.5362, -4.3996 0.5827 3.5362, -4.2618 0.5812 3.5347, -4.3996 0.5812 3.5347, -4.2618 0.2795 3.2759, -4.3996 0.2795 3.2759, -4.3996 0.2114 3.2034, -4.2618 0.2114 3.2034, -4.3996 0.1604 3.118, -4.2618 0.1604 3.118, -4.3996 0.1288 3.0237, -4.2618 0.1288 3.0237, -4.3996 0.1181 2.9248, -4.2618 0.1181 2.9248, -4.2618 0.1181 2.6429, -4.3996 0.1181 2.6429, -4.3996 0.1251 2.5626, -4.2618 0.1251 2.5626, -4.3996 0.146 2.4847, -4.2618 0.146 2.4847, -4.3996 0.1801 2.4116, -4.2618 0.1801 2.4116, -4.2618 0.7577 1.4112, -4.3996 0.7577 1.4112, -4.2618 0.7816 1.3599, -4.3996 0.7816 1.3599, -4.2618 0.7962 1.3052, -4.3996 0.7962 1.3052, -4.2618 0.8012 1.2488, -4.3996 0.8012 1.2488, -4.2618 0.8012 0.3701, -4.3996 0.8012 0.3701, -4.2618 0.7968 0.337, -4.3996 0.7968 0.337, -4.2618 0.784 0.3061, -4.3996 0.784 0.3061, -4.2618 0.7637 0.2796, -4.3996 0.7637 0.2796, -4.2618 0.7372 0.2593, -4.3996 0.7372 0.2593, -4.2618 0.7063 0.2465, -4.3996 0.7063 0.2465, -4.2618 0.6732 0.2421, -4.3996 0.6732 0.2421, -4.3996 0.6004 0.2325, -4.2618 0.6004 0.2325, -4.3996 0.5325 0.2044, -4.2618 0.5325 0.2044, -4.3996 0.4742 0.1597, -4.2618 0.4742 0.1597, -4.3996 0.4294 0.1014, -4.2618 0.4294 0.1014, -4.3996 0.4013 0.0335, -4.2618 0.4013 0.0335, -5.8366 0.3917 -1.1517, -5.8366 0.3917 -0.0394, -5.9744 0.3917 -1.1517, -5.9744 0.3917 -0.0394, -5.935 0.4311 -1.2598, -5.935 0.4902 -1.2598, -5.876 0.4311 -1.2598, -5.876 0.4902 -1.2598, -5.9744 0.5295 -1.1517, -5.9744 0.5295 -0.0394, -5.8366 0.5295 -1.1517, -5.8366 0.5295 -0.0394, -5.8366 0.5344 -0.0022, -5.9744 0.5344 -0.0022, -5.8366 0.5488 0.0325, -5.9744 0.5488 0.0325, -5.8366 0.5716 0.0622, -5.9744 0.5716 0.0622, -5.8366 0.6014 0.0851, -5.9744 0.6014 0.0851, -5.8366 0.636 0.0994, -5.9744 0.636 0.0994, -5.8366 0.6732 0.1043, -5.9744 0.6732 0.1043, -5.9744 0.742 0.1134, -5.8366 0.742 0.1134, -5.9744 0.8061 0.1399, -5.8366 0.8061 0.1399, -5.9744 0.8611 0.1822, -5.8366 0.8611 0.1822, -5.9744 0.9034 0.2372, -5.8366 0.9034 0.2372, -5.9744 0.9299 0.3013, -5.8366 0.9299 0.3013, -5.9744 0.939 0.3701, -5.8366 0.939 0.3701, -5.8366 0.939 1.2488, -5.9744 0.939 1.2488, -5.9744 0.9319 1.3292, -5.8366 0.9319 1.3292, -5.9744 0.9111 1.4071, -5.8366 0.9111 1.4071, -5.9744 0.877 1.4801, -5.8366 0.877 1.4801, -5.8366 0.2994 2.4805, -5.9744 0.2994 2.4805, -5.8366 0.267 2.5589, -5.9744 0.267 2.5589, -5.8366 0.2559 2.6429, -5.9744 0.2559 2.6429, -5.8366 0.2559 2.9248, -5.9744 0.2559 2.9248, -5.8366 0.2634 2.9942, -5.9744 0.2634 2.9942, -5.8366 0.2856 3.0605, -5.9744 0.2856 3.0605, -5.8366 0.3214 3.1204, -5.9744 0.3214 3.1204, -5.8366 0.3693 3.1713, -5.9744 0.3693 3.1713, -5.8366 0.6709 3.4301, -5.9744 0.6709 3.4301, -5.9744 0.6927 3.4532, -5.8366 0.6927 3.4532, -5.9744 0.7089 3.4805, -5.8366 0.7089 3.4805, -5.9744 0.719 3.5106, -5.8366 0.719 3.5106, -5.9744 0.7224 3.5421, -5.8366 0.7224 3.5421, -5.8366 0.7224 4.1732, -5.9744 0.7224 4.1732, -5.8366 0.5846 4.1732, -5.9744 0.5846 4.1732, -5.8366 0.5846 3.5421, -5.9744 0.5846 3.5421, -5.8366 0.5844 3.54, -5.9744 0.5844 3.54, -5.8366 0.5837 3.538, -5.9744 0.5837 3.538, -5.8366 0.5827 3.5362, -5.9744 0.5827 3.5362, -5.8366 0.5812 3.5347, -5.9744 0.5812 3.5347, -5.8366 0.2795 3.2759, -5.9744 0.2795 3.2759, -5.9744 0.2114 3.2034, -5.8366 0.2114 3.2034, -5.9744 0.1604 3.118, -5.8366 0.1604 3.118, -5.9744 0.1288 3.0237, -5.8366 0.1288 3.0237, -5.9744 0.1181 2.9248, -5.8366 0.1181 2.9248, -5.8366 0.1181 2.6429, -5.9744 0.1181 2.6429, -5.9744 0.1251 2.5626, -5.8366 0.1251 2.5626, -5.9744 0.146 2.4847, -5.8366 0.146 2.4847, -5.9744 0.1801 2.4116, -5.8366 0.1801 2.4116, -5.8366 0.7577 1.4112, -5.9744 0.7577 1.4112, -5.8366 0.7816 1.3599, -5.9744 0.7816 1.3599, -5.8366 0.7962 1.3052, -5.9744 0.7962 1.3052, -5.8366 0.8012 1.2488, -5.9744 0.8012 1.2488, -5.8366 0.8012 0.3701, -5.9744 0.8012 0.3701, -5.8366 0.7968 0.337, -5.9744 0.7968 0.337, -5.8366 0.784 0.3061, -5.9744 0.784 0.3061, -5.8366 0.7637 0.2796, -5.9744 0.7637 0.2796, -5.8366 0.7372 0.2593, -5.9744 0.7372 0.2593, -5.8366 0.7063 0.2465, -5.9744 0.7063 0.2465, -5.8366 0.6732 0.2421, -5.9744 0.6732 0.2421, -5.9744 0.6004 0.2325, -5.8366 0.6004 0.2325, -5.9744 0.5325 0.2044, -5.8366 0.5325 0.2044, -5.9744 0.4742 0.1597, -5.8366 0.4742 0.1597, -5.9744 0.4294 0.1014, -5.8366 0.4294 0.1014, -5.9744 0.4013 0.0335, -5.8366 0.4013 0.0335, -6.624 0.3917 -1.1517, -6.624 0.3917 -0.0394, -6.7618 0.3917 -1.1517, -6.7618 0.3917 -0.0394, -6.7224 0.4311 -1.2598, -6.7224 0.4902 -1.2598, -6.6634 0.4311 -1.2598, -6.6634 0.4902 -1.2598, -6.7618 0.5295 -1.1517, -6.7618 0.5295 -0.0394, -6.624 0.5295 -1.1517, -6.624 0.5295 -0.0394, -6.624 0.5344 -0.0022, -6.7618 0.5344 -0.0022, -6.624 0.5488 0.0325, -6.7618 0.5488 0.0325, -6.624 0.5716 0.0622, -6.7618 0.5716 0.0622, -6.624 0.6014 0.0851, -6.7618 0.6014 0.0851, -6.624 0.636 0.0994, -6.7618 0.636 0.0994, -6.624 0.6732 0.1043, -6.7618 0.6732 0.1043, -6.7618 0.742 0.1134, -6.624 0.742 0.1134, -6.7618 0.8061 0.1399, -6.624 0.8061 0.1399, -6.7618 0.8611 0.1822, -6.624 0.8611 0.1822, -6.7618 0.9034 0.2372, -6.624 0.9034 0.2372, -6.7618 0.9299 0.3013, -6.624 0.9299 0.3013, -6.7618 0.939 0.3701, -6.624 0.939 0.3701, -6.624 0.939 1.2488, -6.7618 0.939 1.2488, -6.7618 0.9319 1.3292, -6.624 0.9319 1.3292, -6.7618 0.9111 1.4071, -6.624 0.9111 1.4071, -6.7618 0.877 1.4801, -6.624 0.877 1.4801, -6.624 0.2994 2.4805, -6.7618 0.2994 2.4805, -6.624 0.267 2.5589, -6.7618 0.267 2.5589, -6.624 0.2559 2.6429, -6.7618 0.2559 2.6429, -6.624 0.2559 2.9248, -6.7618 0.2559 2.9248, -6.624 0.2634 2.9942, -6.7618 0.2634 2.9942, -6.624 0.2856 3.0605, -6.7618 0.2856 3.0605, -6.624 0.3214 3.1204, -6.7618 0.3214 3.1204, -6.624 0.3693 3.1713, -6.7618 0.3693 3.1713, -6.624 0.6709 3.4301, -6.7618 0.6709 3.4301, -6.7618 0.6927 3.4532, -6.624 0.6927 3.4532, -6.7618 0.7089 3.4805, -6.624 0.7089 3.4805, -6.7618 0.719 3.5106, -6.624 0.719 3.5106, -6.7618 0.7224 3.5421, -6.624 0.7224 3.5421, -6.624 0.7224 4.1732, -6.7618 0.7224 4.1732, -6.624 0.5846 4.1732, -6.7618 0.5846 4.1732, -6.624 0.5846 3.5421, -6.7618 0.5846 3.5421, -6.624 0.5844 3.54, -6.7618 0.5844 3.54, -6.624 0.5837 3.538, -6.7618 0.5837 3.538, -6.624 0.5827 3.5362, -6.7618 0.5827 3.5362, -6.624 0.5812 3.5347, -6.7618 0.5812 3.5347, -6.624 0.2795 3.2759, -6.7618 0.2795 3.2759, -6.7618 0.2114 3.2034, -6.624 0.2114 3.2034, -6.7618 0.1604 3.118, -6.624 0.1604 3.118, -6.7618 0.1288 3.0237, -6.624 0.1288 3.0237, -6.7618 0.1181 2.9248, -6.624 0.1181 2.9248, -6.624 0.1181 2.6429, -6.7618 0.1181 2.6429, -6.7618 0.1251 2.5626, -6.624 0.1251 2.5626, -6.7618 0.146 2.4847, -6.624 0.146 2.4847, -6.7618 0.1801 2.4116, -6.624 0.1801 2.4116, -6.624 0.7577 1.4112, -6.7618 0.7577 1.4112, -6.624 0.7816 1.3599, -6.7618 0.7816 1.3599, -6.624 0.7962 1.3052, -6.7618 0.7962 1.3052, -6.624 0.8012 1.2488, -6.7618 0.8012 1.2488, -6.624 0.8012 0.3701, -6.7618 0.8012 0.3701, -6.624 0.7968 0.337, -6.7618 0.7968 0.337, -6.624 0.784 0.3061, -6.7618 0.784 0.3061, -6.624 0.7637 0.2796, -6.7618 0.7637 0.2796, -6.624 0.7372 0.2593, -6.7618 0.7372 0.2593, -6.624 0.7063 0.2465, -6.7618 0.7063 0.2465, -6.624 0.6732 0.2421, -6.7618 0.6732 0.2421, -6.7618 0.6004 0.2325, -6.624 0.6004 0.2325, -6.7618 0.5325 0.2044, -6.624 0.5325 0.2044, -6.7618 0.4742 0.1597, -6.624 0.4742 0.1597, -6.7618 0.4294 0.1014, -6.624 0.4294 0.1014, -6.7618 0.4013 0.0335, -6.624 0.4013 0.0335, -7.4114 0.3917 -1.1517, -7.4114 0.3917 -0.0394, -7.5492 0.3917 -1.1517, -7.5492 0.3917 -0.0394, -7.5098 0.4311 -1.2598, -7.5098 0.4902 -1.2598, -7.4508 0.4311 -1.2598, -7.4508 0.4902 -1.2598, -7.5492 0.5295 -1.1517, -7.5492 0.5295 -0.0394, -7.4114 0.5295 -1.1517, -7.4114 0.5295 -0.0394, -7.4114 0.5344 -0.0022, -7.5492 0.5344 -0.0022, -7.4114 0.5488 0.0325, -7.5492 0.5488 0.0325, -7.4114 0.5716 0.0622, -7.5492 0.5716 0.0622, -7.4114 0.6014 0.0851, -7.5492 0.6014 0.0851, -7.4114 0.636 0.0994, -7.5492 0.636 0.0994, -7.4114 0.6732 0.1043, -7.5492 0.6732 0.1043, -7.5492 0.742 0.1134, -7.4114 0.742 0.1134, -7.5492 0.8061 0.1399, -7.4114 0.8061 0.1399, -7.5492 0.8611 0.1822, -7.4114 0.8611 0.1822, -7.5492 0.9034 0.2372, -7.4114 0.9034 0.2372, -7.5492 0.9299 0.3013, -7.4114 0.9299 0.3013, -7.5492 0.939 0.3701, -7.4114 0.939 0.3701, -7.4114 0.939 1.2488, -7.5492 0.939 1.2488, -7.5492 0.9319 1.3292, -7.4114 0.9319 1.3292, -7.5492 0.9111 1.4071, -7.4114 0.9111 1.4071, -7.5492 0.877 1.4801, -7.4114 0.877 1.4801, -7.4114 0.2994 2.4805, -7.5492 0.2994 2.4805, -7.4114 0.267 2.5589, -7.5492 0.267 2.5589, -7.4114 0.2559 2.6429, -7.5492 0.2559 2.6429, -7.4114 0.2559 2.9248, -7.5492 0.2559 2.9248, -7.4114 0.2634 2.9942, -7.5492 0.2634 2.9942, -7.4114 0.2856 3.0605, -7.5492 0.2856 3.0605, -7.4114 0.3214 3.1204, -7.5492 0.3214 3.1204, -7.4114 0.3693 3.1713, -7.5492 0.3693 3.1713, -7.4114 0.6709 3.4301, -7.5492 0.6709 3.4301, -7.5492 0.6927 3.4532, -7.4114 0.6927 3.4532, -7.5492 0.7089 3.4805, -7.4114 0.7089 3.4805, -7.5492 0.719 3.5106, -7.4114 0.719 3.5106, -7.5492 0.7224 3.5421, -7.4114 0.7224 3.5421, -7.4114 0.7224 4.1732, -7.5492 0.7224 4.1732, -7.4114 0.5846 4.1732, -7.5492 0.5846 4.1732, -7.4114 0.5846 3.5421, -7.5492 0.5846 3.5421, -7.4114 0.5844 3.54, -7.5492 0.5844 3.54, -7.4114 0.5837 3.538, -7.5492 0.5837 3.538, -7.4114 0.5827 3.5362, -7.5492 0.5827 3.5362, -7.4114 0.5812 3.5347, -7.5492 0.5812 3.5347, -7.4114 0.2795 3.2759, -7.5492 0.2795 3.2759, -7.5492 0.2114 3.2034, -7.4114 0.2114 3.2034, -7.5492 0.1604 3.118, -7.4114 0.1604 3.118, -7.5492 0.1288 3.0237, -7.4114 0.1288 3.0237, -7.5492 0.1181 2.9248, -7.4114 0.1181 2.9248, -7.4114 0.1181 2.6429, -7.5492 0.1181 2.6429, -7.5492 0.1251 2.5626, -7.4114 0.1251 2.5626, -7.5492 0.146 2.4847, -7.4114 0.146 2.4847, -7.5492 0.1801 2.4116, -7.4114 0.1801 2.4116, -7.4114 0.7577 1.4112, -7.5492 0.7577 1.4112, -7.4114 0.7816 1.3599, -7.5492 0.7816 1.3599, -7.4114 0.7962 1.3052, -7.5492 0.7962 1.3052, -7.4114 0.8012 1.2488, -7.5492 0.8012 1.2488, -7.4114 0.8012 0.3701, -7.5492 0.8012 0.3701, -7.4114 0.7968 0.337, -7.5492 0.7968 0.337, -7.4114 0.784 0.3061, -7.5492 0.784 0.3061, -7.4114 0.7637 0.2796, -7.5492 0.7637 0.2796, -7.4114 0.7372 0.2593, -7.5492 0.7372 0.2593, -7.4114 0.7063 0.2465, -7.5492 0.7063 0.2465, -7.4114 0.6732 0.2421, -7.5492 0.6732 0.2421, -7.5492 0.6004 0.2325, -7.4114 0.6004 0.2325, -7.5492 0.5325 0.2044, -7.4114 0.5325 0.2044, -7.5492 0.4742 0.1597, -7.4114 0.4742 0.1597, -7.5492 0.4294 0.1014, -7.4114 0.4294 0.1014, -7.5492 0.4013 0.0335, -7.4114 0.4013 0.0335, -8.1988 0.3917 -1.1517, -8.1988 0.3917 -0.0394, -8.3366 0.3917 -1.1517, -8.3366 0.3917 -0.0394, -8.2972 0.4311 -1.2598, -8.2972 0.4902 -1.2598, -8.2382 0.4311 -1.2598, -8.2382 0.4902 -1.2598, -8.3366 0.5295 -1.1517, -8.3366 0.5295 -0.0394, -8.1988 0.5295 -1.1517, -8.1988 0.5295 -0.0394, -8.1988 0.5344 -0.0022, -8.3366 0.5344 -0.0022, -8.1988 0.5488 0.0325, -8.3366 0.5488 0.0325, -8.1988 0.5716 0.0622, -8.3366 0.5716 0.0622, -8.1988 0.6014 0.0851, -8.3366 0.6014 0.0851, -8.1988 0.636 0.0994, -8.3366 0.636 0.0994, -8.1988 0.6732 0.1043, -8.3366 0.6732 0.1043, -8.3366 0.742 0.1134, -8.1988 0.742 0.1134, -8.3366 0.8061 0.1399, -8.1988 0.8061 0.1399, -8.3366 0.8611 0.1822, -8.1988 0.8611 0.1822, -8.3366 0.9034 0.2372, -8.1988 0.9034 0.2372, -8.3366 0.9299 0.3013, -8.1988 0.9299 0.3013, -8.3366 0.939 0.3701, -8.1988 0.939 0.3701, -8.1988 0.939 1.2488, -8.3366 0.939 1.2488, -8.3366 0.9319 1.3292, -8.1988 0.9319 1.3292, -8.3366 0.9111 1.4071, -8.1988 0.9111 1.4071, -8.3366 0.877 1.4801, -8.1988 0.877 1.4801, -8.1988 0.2994 2.4805, -8.3366 0.2994 2.4805, -8.1988 0.267 2.5589, -8.3366 0.267 2.5589, -8.1988 0.2559 2.6429, -8.3366 0.2559 2.6429, -8.1988 0.2559 2.9248, -8.3366 0.2559 2.9248, -8.1988 0.2634 2.9942, -8.3366 0.2634 2.9942, -8.1988 0.2856 3.0605, -8.3366 0.2856 3.0605, -8.1988 0.3214 3.1204, -8.3366 0.3214 3.1204, -8.1988 0.3693 3.1713, -8.3366 0.3693 3.1713, -8.1988 0.6709 3.4301, -8.3366 0.6709 3.4301, -8.3366 0.6927 3.4532, -8.1988 0.6927 3.4532, -8.3366 0.7089 3.4805, -8.1988 0.7089 3.4805, -8.3366 0.719 3.5106, -8.1988 0.719 3.5106, -8.3366 0.7224 3.5421, -8.1988 0.7224 3.5421, -8.1988 0.7224 4.1732, -8.3366 0.7224 4.1732, -8.1988 0.5846 4.1732, -8.3366 0.5846 4.1732, -8.1988 0.5846 3.5421, -8.3366 0.5846 3.5421, -8.1988 0.5844 3.54, -8.3366 0.5844 3.54, -8.1988 0.5837 3.538, -8.3366 0.5837 3.538, -8.1988 0.5827 3.5362, -8.3366 0.5827 3.5362, -8.1988 0.5812 3.5347, -8.3366 0.5812 3.5347, -8.1988 0.2795 3.2759, -8.3366 0.2795 3.2759, -8.3366 0.2114 3.2034, -8.1988 0.2114 3.2034, -8.3366 0.1604 3.118, -8.1988 0.1604 3.118, -8.3366 0.1288 3.0237, -8.1988 0.1288 3.0237, -8.3366 0.1181 2.9248, -8.1988 0.1181 2.9248, -8.1988 0.1181 2.6429, -8.3366 0.1181 2.6429, -8.3366 0.1251 2.5626, -8.1988 0.1251 2.5626, -8.3366 0.146 2.4847, -8.1988 0.146 2.4847, -8.3366 0.1801 2.4116, -8.1988 0.1801 2.4116, -8.1988 0.7577 1.4112, -8.3366 0.7577 1.4112, -8.1988 0.7816 1.3599, -8.3366 0.7816 1.3599, -8.1988 0.7962 1.3052, -8.3366 0.7962 1.3052, -8.1988 0.8012 1.2488, -8.3366 0.8012 1.2488, -8.1988 0.8012 0.3701, -8.3366 0.8012 0.3701, -8.1988 0.7968 0.337, -8.3366 0.7968 0.337, -8.1988 0.784 0.3061, -8.3366 0.784 0.3061, -8.1988 0.7637 0.2796, -8.3366 0.7637 0.2796, -8.1988 0.7372 0.2593, -8.3366 0.7372 0.2593, -8.1988 0.7063 0.2465, -8.3366 0.7063 0.2465, -8.1988 0.6732 0.2421, -8.3366 0.6732 0.2421, -8.3366 0.6004 0.2325, -8.1988 0.6004 0.2325, -8.3366 0.5325 0.2044, -8.1988 0.5325 0.2044, -8.3366 0.4742 0.1597, -8.1988 0.4742 0.1597, -8.3366 0.4294 0.1014, -8.1988 0.4294 0.1014, -8.3366 0.4013 0.0335, -8.1988 0.4013 0.0335, -8.9862 0.3917 -1.1517, -8.9862 0.3917 -0.0394, -9.124 0.3917 -1.1517, -9.124 0.3917 -0.0394, -9.0846 0.4311 -1.2598, -9.0846 0.4902 -1.2598, -9.0256 0.4311 -1.2598, -9.0256 0.4902 -1.2598, -9.124 0.5295 -1.1517, -9.124 0.5295 -0.0394, -8.9862 0.5295 -1.1517, -8.9862 0.5295 -0.0394, -8.9862 0.5344 -0.0022, -9.124 0.5344 -0.0022, -8.9862 0.5488 0.0325, -9.124 0.5488 0.0325, -8.9862 0.5716 0.0622, -9.124 0.5716 0.0622, -8.9862 0.6014 0.0851, -9.124 0.6014 0.0851, -8.9862 0.636 0.0994, -9.124 0.636 0.0994, -8.9862 0.6732 0.1043, -9.124 0.6732 0.1043, -9.124 0.742 0.1134, -8.9862 0.742 0.1134, -9.124 0.8061 0.1399, -8.9862 0.8061 0.1399, -9.124 0.8611 0.1822, -8.9862 0.8611 0.1822, -9.124 0.9034 0.2372, -8.9862 0.9034 0.2372, -9.124 0.9299 0.3013, -8.9862 0.9299 0.3013, -9.124 0.939 0.3701, -8.9862 0.939 0.3701, -8.9862 0.939 1.2488, -9.124 0.939 1.2488, -9.124 0.9319 1.3292, -8.9862 0.9319 1.3292, -9.124 0.9111 1.4071, -8.9862 0.9111 1.4071, -9.124 0.877 1.4801, -8.9862 0.877 1.4801, -8.9862 0.2994 2.4805, -9.124 0.2994 2.4805, -8.9862 0.267 2.5589, -9.124 0.267 2.5589, -8.9862 0.2559 2.6429, -9.124 0.2559 2.6429, -8.9862 0.2559 2.9248, -9.124 0.2559 2.9248, -8.9862 0.2634 2.9942, -9.124 0.2634 2.9942, -8.9862 0.2856 3.0605, -9.124 0.2856 3.0605, -8.9862 0.3214 3.1204, -9.124 0.3214 3.1204, -8.9862 0.3693 3.1713, -9.124 0.3693 3.1713, -8.9862 0.6709 3.4301, -9.124 0.6709 3.4301, -9.124 0.6927 3.4532, -8.9862 0.6927 3.4532, -9.124 0.7089 3.4805, -8.9862 0.7089 3.4805, -9.124 0.719 3.5106, -8.9862 0.719 3.5106, -9.124 0.7224 3.5421, -8.9862 0.7224 3.5421, -8.9862 0.7224 4.1732, -9.124 0.7224 4.1732, -8.9862 0.5846 4.1732, -9.124 0.5846 4.1732, -8.9862 0.5846 3.5421, -9.124 0.5846 3.5421, -8.9862 0.5844 3.54, -9.124 0.5844 3.54, -8.9862 0.5837 3.538, -9.124 0.5837 3.538, -8.9862 0.5827 3.5362, -9.124 0.5827 3.5362, -8.9862 0.5812 3.5347, -9.124 0.5812 3.5347, -8.9862 0.2795 3.2759, -9.124 0.2795 3.2759, -9.124 0.2114 3.2034, -8.9862 0.2114 3.2034, -9.124 0.1604 3.118, -8.9862 0.1604 3.118, -9.124 0.1288 3.0237, -8.9862 0.1288 3.0237, -9.124 0.1181 2.9248, -8.9862 0.1181 2.9248, -8.9862 0.1181 2.6429, -9.124 0.1181 2.6429, -9.124 0.1251 2.5626, -8.9862 0.1251 2.5626, -9.124 0.146 2.4847, -8.9862 0.146 2.4847, -9.124 0.1801 2.4116, -8.9862 0.1801 2.4116, -8.9862 0.7577 1.4112, -9.124 0.7577 1.4112, -8.9862 0.7816 1.3599, -9.124 0.7816 1.3599, -8.9862 0.7962 1.3052, -9.124 0.7962 1.3052, -8.9862 0.8012 1.2488, -9.124 0.8012 1.2488, -8.9862 0.8012 0.3701, -9.124 0.8012 0.3701, -8.9862 0.7968 0.337, -9.124 0.7968 0.337, -8.9862 0.784 0.3061, -9.124 0.784 0.3061, -8.9862 0.7637 0.2796, -9.124 0.7637 0.2796, -8.9862 0.7372 0.2593, -9.124 0.7372 0.2593, -8.9862 0.7063 0.2465, -9.124 0.7063 0.2465, -8.9862 0.6732 0.2421, -9.124 0.6732 0.2421, -9.124 0.6004 0.2325, -8.9862 0.6004 0.2325, -9.124 0.5325 0.2044, -8.9862 0.5325 0.2044, -9.124 0.4742 0.1597, -8.9862 0.4742 0.1597, -9.124 0.4294 0.1014, -8.9862 0.4294 0.1014, -9.124 0.4013 0.0335, -8.9862 0.4013 0.0335, -9.7736 0.3917 -1.1517, -9.7736 0.3917 -0.0394, -9.9114 0.3917 -1.1517, -9.9114 0.3917 -0.0394, -9.872 0.4311 -1.2598, -9.872 0.4902 -1.2598, -9.813 0.4311 -1.2598, -9.813 0.4902 -1.2598, -9.9114 0.5295 -1.1517, -9.9114 0.5295 -0.0394, -9.7736 0.5295 -1.1517, -9.7736 0.5295 -0.0394, -9.7736 0.5344 -0.0022, -9.9114 0.5344 -0.0022, -9.7736 0.5488 0.0325, -9.9114 0.5488 0.0325, -9.7736 0.5716 0.0622, -9.9114 0.5716 0.0622, -9.7736 0.6014 0.0851, -9.9114 0.6014 0.0851, -9.7736 0.636 0.0994, -9.9114 0.636 0.0994, -9.7736 0.6732 0.1043, -9.9114 0.6732 0.1043, -9.9114 0.742 0.1134, -9.7736 0.742 0.1134, -9.9114 0.8061 0.1399, -9.7736 0.8061 0.1399, -9.9114 0.8611 0.1822, -9.7736 0.8611 0.1822, -9.9114 0.9034 0.2372, -9.7736 0.9034 0.2372, -9.9114 0.9299 0.3013, -9.7736 0.9299 0.3013, -9.9114 0.939 0.3701, -9.7736 0.939 0.3701, -9.7736 0.939 1.2488, -9.9114 0.939 1.2488, -9.9114 0.9319 1.3292, -9.7736 0.9319 1.3292, -9.9114 0.9111 1.4071, -9.7736 0.9111 1.4071, -9.9114 0.877 1.4801, -9.7736 0.877 1.4801, -9.7736 0.2994 2.4805, -9.9114 0.2994 2.4805, -9.7736 0.267 2.5589, -9.9114 0.267 2.5589, -9.7736 0.2559 2.6429, -9.9114 0.2559 2.6429, -9.7736 0.2559 2.9248, -9.9114 0.2559 2.9248, -9.7736 0.2634 2.9942, -9.9114 0.2634 2.9942, -9.7736 0.2856 3.0605, -9.9114 0.2856 3.0605, -9.7736 0.3214 3.1204, -9.9114 0.3214 3.1204, -9.7736 0.3693 3.1713, -9.9114 0.3693 3.1713, -9.7736 0.6709 3.4301, -9.9114 0.6709 3.4301, -9.9114 0.6927 3.4532, -9.7736 0.6927 3.4532, -9.9114 0.7089 3.4805, -9.7736 0.7089 3.4805, -9.9114 0.719 3.5106, -9.7736 0.719 3.5106, -9.9114 0.7224 3.5421, -9.7736 0.7224 3.5421, -9.7736 0.7224 4.1732, -9.9114 0.7224 4.1732, -9.7736 0.5846 4.1732, -9.9114 0.5846 4.1732, -9.7736 0.5846 3.5421, -9.9114 0.5846 3.5421, -9.7736 0.5844 3.54, -9.9114 0.5844 3.54, -9.7736 0.5837 3.538, -9.9114 0.5837 3.538, -9.7736 0.5827 3.5362, -9.9114 0.5827 3.5362, -9.7736 0.5812 3.5347, -9.9114 0.5812 3.5347, -9.7736 0.2795 3.2759, -9.9114 0.2795 3.2759, -9.9114 0.2114 3.2034, -9.7736 0.2114 3.2034, -9.9114 0.1604 3.118, -9.7736 0.1604 3.118, -9.9114 0.1288 3.0237, -9.7736 0.1288 3.0237, -9.9114 0.1181 2.9248, -9.7736 0.1181 2.9248, -9.7736 0.1181 2.6429, -9.9114 0.1181 2.6429, -9.9114 0.1251 2.5626, -9.7736 0.1251 2.5626, -9.9114 0.146 2.4847, -9.7736 0.146 2.4847, -9.9114 0.1801 2.4116, -9.7736 0.1801 2.4116, -9.7736 0.7577 1.4112, -9.9114 0.7577 1.4112, -9.7736 0.7816 1.3599, -9.9114 0.7816 1.3599, -9.7736 0.7962 1.3052, -9.9114 0.7962 1.3052, -9.7736 0.8012 1.2488, -9.9114 0.8012 1.2488, -9.7736 0.8012 0.3701, -9.9114 0.8012 0.3701, -9.7736 0.7968 0.337, -9.9114 0.7968 0.337, -9.7736 0.784 0.3061, -9.9114 0.784 0.3061, -9.7736 0.7637 0.2796, -9.9114 0.7637 0.2796, -9.7736 0.7372 0.2593, -9.9114 0.7372 0.2593, -9.7736 0.7063 0.2465, -9.9114 0.7063 0.2465, -9.7736 0.6732 0.2421, -9.9114 0.6732 0.2421, -9.9114 0.6004 0.2325, -9.7736 0.6004 0.2325, -9.9114 0.5325 0.2044, -9.7736 0.5325 0.2044, -9.9114 0.4742 0.1597, -9.7736 0.4742 0.1597, -9.9114 0.4294 0.1014, -9.7736 0.4294 0.1014, -9.9114 0.4013 0.0335, -9.7736 0.4013 0.0335, -3.4744 -0.3917 -0.0394, -3.4744 -0.3917 -1.1517, -3.6122 -0.3917 -0.0394, -3.6122 -0.3917 -1.1517, -3.5728 -0.4902 -1.2598, -3.5728 -0.4311 -1.2598, -3.5138 -0.4902 -1.2598, -3.5138 -0.4311 -1.2598, -3.6122 -0.5295 -0.0394, -3.6122 -0.5295 -1.1517, -3.4744 -0.5295 -0.0394, -3.4744 -0.5295 -1.1517, -3.4744 -0.6732 0.1043, -3.6122 -0.6732 0.1043, -3.4744 -0.636 0.0994, -3.6122 -0.636 0.0994, -3.4744 -0.6014 0.0851, -3.6122 -0.6014 0.0851, -3.4744 -0.5716 0.0622, -3.6122 -0.5716 0.0622, -3.4744 -0.5488 0.0325, -3.6122 -0.5488 0.0325, -3.4744 -0.5344 -0.0022, -3.6122 -0.5344 -0.0022, -3.4744 -0.939 0.3701, -3.6122 -0.939 0.3701, -3.6122 -0.9299 0.3013, -3.4744 -0.9299 0.3013, -3.6122 -0.9034 0.2372, -3.4744 -0.9034 0.2372, -3.6122 -0.8611 0.1822, -3.4744 -0.8611 0.1822, -3.6122 -0.8061 0.1399, -3.4744 -0.8061 0.1399, -3.6122 -0.742 0.1134, -3.4744 -0.742 0.1134, -3.4744 -0.939 1.2488, -3.6122 -0.939 1.2488, -3.4744 -0.877 1.4801, -3.6122 -0.877 1.4801, -3.6122 -0.9111 1.4071, -3.4744 -0.9111 1.4071, -3.6122 -0.9319 1.3292, -3.4744 -0.9319 1.3292, -3.4744 -0.2994 2.4805, -3.6122 -0.2994 2.4805, -3.4744 -0.2559 2.6429, -3.6122 -0.2559 2.6429, -3.4744 -0.267 2.5589, -3.6122 -0.267 2.5589, -3.4744 -0.2559 2.9248, -3.6122 -0.2559 2.9248, -3.4744 -0.3693 3.1713, -3.6122 -0.3693 3.1713, -3.4744 -0.3214 3.1204, -3.6122 -0.3214 3.1204, -3.4744 -0.2856 3.0605, -3.6122 -0.2856 3.0605, -3.4744 -0.2634 2.9942, -3.6122 -0.2634 2.9942, -3.4744 -0.6709 3.4301, -3.6122 -0.6709 3.4301, -3.4744 -0.7224 3.5421, -3.6122 -0.7224 3.5421, -3.6122 -0.719 3.5106, -3.4744 -0.719 3.5106, -3.6122 -0.7089 3.4805, -3.4744 -0.7089 3.4805, -3.6122 -0.6927 3.4532, -3.4744 -0.6927 3.4532, -3.4744 -0.7224 4.1732, -3.6122 -0.7224 4.1732, -3.4744 -0.5846 4.1732, -3.6122 -0.5846 4.1732, -3.4744 -0.5846 3.5421, -3.6122 -0.5846 3.5421, -3.4744 -0.5812 3.5347, -3.6122 -0.5812 3.5347, -3.4744 -0.5827 3.5362, -3.6122 -0.5827 3.5362, -3.4744 -0.5837 3.538, -3.6122 -0.5837 3.538, -3.4744 -0.5844 3.54, -3.6122 -0.5844 3.54, -3.4744 -0.2795 3.2759, -3.6122 -0.2795 3.2759, -3.4744 -0.1181 2.9248, -3.6122 -0.1181 2.9248, -3.6122 -0.1288 3.0237, -3.4744 -0.1288 3.0237, -3.6122 -0.1604 3.118, -3.4744 -0.1604 3.118, -3.6122 -0.2114 3.2034, -3.4744 -0.2114 3.2034, -3.4744 -0.1181 2.6429, -3.6122 -0.1181 2.6429, -3.4744 -0.1801 2.4116, -3.6122 -0.1801 2.4116, -3.6122 -0.146 2.4847, -3.4744 -0.146 2.4847, -3.6122 -0.1251 2.5626, -3.4744 -0.1251 2.5626, -3.4744 -0.7577 1.4112, -3.6122 -0.7577 1.4112, -3.4744 -0.8012 1.2488, -3.6122 -0.8012 1.2488, -3.4744 -0.7962 1.3052, -3.6122 -0.7962 1.3052, -3.4744 -0.7816 1.3599, -3.6122 -0.7816 1.3599, -3.4744 -0.8012 0.3701, -3.6122 -0.8012 0.3701, -3.4744 -0.6732 0.2421, -3.6122 -0.6732 0.2421, -3.4744 -0.7063 0.2465, -3.6122 -0.7063 0.2465, -3.4744 -0.7372 0.2593, -3.6122 -0.7372 0.2593, -3.4744 -0.7637 0.2796, -3.6122 -0.7637 0.2796, -3.4744 -0.784 0.3061, -3.6122 -0.784 0.3061, -3.4744 -0.7968 0.337, -3.6122 -0.7968 0.337, -3.6122 -0.4013 0.0335, -3.4744 -0.4013 0.0335, -3.6122 -0.4294 0.1014, -3.4744 -0.4294 0.1014, -3.6122 -0.4742 0.1597, -3.4744 -0.4742 0.1597, -3.6122 -0.5325 0.2044, -3.4744 -0.5325 0.2044, -3.6122 -0.6004 0.2325, -3.4744 -0.6004 0.2325, -4.2618 -0.3917 -0.0394, -4.2618 -0.3917 -1.1517, -4.3996 -0.3917 -0.0394, -4.3996 -0.3917 -1.1517, -4.3602 -0.4902 -1.2598, -4.3602 -0.4311 -1.2598, -4.3012 -0.4902 -1.2598, -4.3012 -0.4311 -1.2598, -4.3996 -0.5295 -0.0394, -4.3996 -0.5295 -1.1517, -4.2618 -0.5295 -0.0394, -4.2618 -0.5295 -1.1517, -4.2618 -0.6732 0.1043, -4.3996 -0.6732 0.1043, -4.2618 -0.636 0.0994, -4.3996 -0.636 0.0994, -4.2618 -0.6014 0.0851, -4.3996 -0.6014 0.0851, -4.2618 -0.5716 0.0622, -4.3996 -0.5716 0.0622, -4.2618 -0.5488 0.0325, -4.3996 -0.5488 0.0325, -4.2618 -0.5344 -0.0022, -4.3996 -0.5344 -0.0022, -4.2618 -0.939 0.3701, -4.3996 -0.939 0.3701, -4.3996 -0.9299 0.3013, -4.2618 -0.9299 0.3013, -4.3996 -0.9034 0.2372, -4.2618 -0.9034 0.2372, -4.3996 -0.8611 0.1822, -4.2618 -0.8611 0.1822, -4.3996 -0.8061 0.1399, -4.2618 -0.8061 0.1399, -4.3996 -0.742 0.1134, -4.2618 -0.742 0.1134, -4.2618 -0.939 1.2488, -4.3996 -0.939 1.2488, -4.2618 -0.877 1.4801, -4.3996 -0.877 1.4801, -4.3996 -0.9111 1.4071, -4.2618 -0.9111 1.4071, -4.3996 -0.9319 1.3292, -4.2618 -0.9319 1.3292, -4.2618 -0.2994 2.4805, -4.3996 -0.2994 2.4805, -4.2618 -0.2559 2.6429, -4.3996 -0.2559 2.6429, -4.2618 -0.267 2.5589, -4.3996 -0.267 2.5589, -4.2618 -0.2559 2.9248, -4.3996 -0.2559 2.9248, -4.2618 -0.3693 3.1713, -4.3996 -0.3693 3.1713, -4.2618 -0.3214 3.1204, -4.3996 -0.3214 3.1204, -4.2618 -0.2856 3.0605, -4.3996 -0.2856 3.0605, -4.2618 -0.2634 2.9942, -4.3996 -0.2634 2.9942, -4.2618 -0.6709 3.4301, -4.3996 -0.6709 3.4301, -4.2618 -0.7224 3.5421, -4.3996 -0.7224 3.5421, -4.3996 -0.719 3.5106, -4.2618 -0.719 3.5106, -4.3996 -0.7089 3.4805, -4.2618 -0.7089 3.4805, -4.3996 -0.6927 3.4532, -4.2618 -0.6927 3.4532, -4.2618 -0.7224 4.1732, -4.3996 -0.7224 4.1732, -4.2618 -0.5846 4.1732, -4.3996 -0.5846 4.1732, -4.2618 -0.5846 3.5421, -4.3996 -0.5846 3.5421, -4.2618 -0.5812 3.5347, -4.3996 -0.5812 3.5347, -4.2618 -0.5827 3.5362, -4.3996 -0.5827 3.5362, -4.2618 -0.5837 3.538, -4.3996 -0.5837 3.538, -4.2618 -0.5844 3.54, -4.3996 -0.5844 3.54, -4.2618 -0.2795 3.2759, -4.3996 -0.2795 3.2759, -4.2618 -0.1181 2.9248, -4.3996 -0.1181 2.9248, -4.3996 -0.1288 3.0237, -4.2618 -0.1288 3.0237, -4.3996 -0.1604 3.118, -4.2618 -0.1604 3.118, -4.3996 -0.2114 3.2034, -4.2618 -0.2114 3.2034, -4.2618 -0.1181 2.6429, -4.3996 -0.1181 2.6429, -4.2618 -0.1801 2.4116, -4.3996 -0.1801 2.4116, -4.3996 -0.146 2.4847, -4.2618 -0.146 2.4847, -4.3996 -0.1251 2.5626, -4.2618 -0.1251 2.5626, -4.2618 -0.7577 1.4112, -4.3996 -0.7577 1.4112, -4.2618 -0.8012 1.2488, -4.3996 -0.8012 1.2488, -4.2618 -0.7962 1.3052, -4.3996 -0.7962 1.3052, -4.2618 -0.7816 1.3599, -4.3996 -0.7816 1.3599, -4.2618 -0.8012 0.3701, -4.3996 -0.8012 0.3701, -4.2618 -0.6732 0.2421, -4.3996 -0.6732 0.2421, -4.2618 -0.7063 0.2465, -4.3996 -0.7063 0.2465, -4.2618 -0.7372 0.2593, -4.3996 -0.7372 0.2593, -4.2618 -0.7637 0.2796, -4.3996 -0.7637 0.2796, -4.2618 -0.784 0.3061, -4.3996 -0.784 0.3061, -4.2618 -0.7968 0.337, -4.3996 -0.7968 0.337, -4.3996 -0.4013 0.0335, -4.2618 -0.4013 0.0335, -4.3996 -0.4294 0.1014, -4.2618 -0.4294 0.1014, -4.3996 -0.4742 0.1597, -4.2618 -0.4742 0.1597, -4.3996 -0.5325 0.2044, -4.2618 -0.5325 0.2044, -4.3996 -0.6004 0.2325, -4.2618 -0.6004 0.2325, -5.8366 -0.3917 -0.0394, -5.8366 -0.3917 -1.1517, -5.9744 -0.3917 -0.0394, -5.9744 -0.3917 -1.1517, -5.935 -0.4902 -1.2598, -5.935 -0.4311 -1.2598, -5.876 -0.4902 -1.2598, -5.876 -0.4311 -1.2598, -5.9744 -0.5295 -0.0394, -5.9744 -0.5295 -1.1517, -5.8366 -0.5295 -0.0394, -5.8366 -0.5295 -1.1517, -5.8366 -0.6732 0.1043, -5.9744 -0.6732 0.1043, -5.8366 -0.636 0.0994, -5.9744 -0.636 0.0994, -5.8366 -0.6014 0.0851, -5.9744 -0.6014 0.0851, -5.8366 -0.5716 0.0622, -5.9744 -0.5716 0.0622, -5.8366 -0.5488 0.0325, -5.9744 -0.5488 0.0325, -5.8366 -0.5344 -0.0022, -5.9744 -0.5344 -0.0022, -5.8366 -0.939 0.3701, -5.9744 -0.939 0.3701, -5.9744 -0.9299 0.3013, -5.8366 -0.9299 0.3013, -5.9744 -0.9034 0.2372, -5.8366 -0.9034 0.2372, -5.9744 -0.8611 0.1822, -5.8366 -0.8611 0.1822, -5.9744 -0.8061 0.1399, -5.8366 -0.8061 0.1399, -5.9744 -0.742 0.1134, -5.8366 -0.742 0.1134, -5.8366 -0.939 1.2488, -5.9744 -0.939 1.2488, -5.8366 -0.877 1.4801, -5.9744 -0.877 1.4801, -5.9744 -0.9111 1.4071, -5.8366 -0.9111 1.4071, -5.9744 -0.9319 1.3292, -5.8366 -0.9319 1.3292, -5.8366 -0.2994 2.4805, -5.9744 -0.2994 2.4805, -5.8366 -0.2559 2.6429, -5.9744 -0.2559 2.6429, -5.8366 -0.267 2.5589, -5.9744 -0.267 2.5589, -5.8366 -0.2559 2.9248, -5.9744 -0.2559 2.9248, -5.8366 -0.3693 3.1713, -5.9744 -0.3693 3.1713, -5.8366 -0.3214 3.1204, -5.9744 -0.3214 3.1204, -5.8366 -0.2856 3.0605, -5.9744 -0.2856 3.0605, -5.8366 -0.2634 2.9942, -5.9744 -0.2634 2.9942, -5.8366 -0.6709 3.4301, -5.9744 -0.6709 3.4301, -5.8366 -0.7224 3.5421, -5.9744 -0.7224 3.5421, -5.9744 -0.719 3.5106, -5.8366 -0.719 3.5106, -5.9744 -0.7089 3.4805, -5.8366 -0.7089 3.4805, -5.9744 -0.6927 3.4532, -5.8366 -0.6927 3.4532, -5.8366 -0.7224 4.1732, -5.9744 -0.7224 4.1732, -5.8366 -0.5846 4.1732, -5.9744 -0.5846 4.1732, -5.8366 -0.5846 3.5421, -5.9744 -0.5846 3.5421, -5.8366 -0.5812 3.5347, -5.9744 -0.5812 3.5347, -5.8366 -0.5827 3.5362, -5.9744 -0.5827 3.5362, -5.8366 -0.5837 3.538, -5.9744 -0.5837 3.538, -5.8366 -0.5844 3.54, -5.9744 -0.5844 3.54, -5.8366 -0.2795 3.2759, -5.9744 -0.2795 3.2759, -5.8366 -0.1181 2.9248, -5.9744 -0.1181 2.9248, -5.9744 -0.1288 3.0237, -5.8366 -0.1288 3.0237, -5.9744 -0.1604 3.118, -5.8366 -0.1604 3.118, -5.9744 -0.2114 3.2034, -5.8366 -0.2114 3.2034, -5.8366 -0.1181 2.6429, -5.9744 -0.1181 2.6429, -5.8366 -0.1801 2.4116, -5.9744 -0.1801 2.4116, -5.9744 -0.146 2.4847, -5.8366 -0.146 2.4847, -5.9744 -0.1251 2.5626, -5.8366 -0.1251 2.5626, -5.8366 -0.7577 1.4112, -5.9744 -0.7577 1.4112, -5.8366 -0.8012 1.2488, -5.9744 -0.8012 1.2488, -5.8366 -0.7962 1.3052, -5.9744 -0.7962 1.3052, -5.8366 -0.7816 1.3599, -5.9744 -0.7816 1.3599, -5.8366 -0.8012 0.3701, -5.9744 -0.8012 0.3701, -5.8366 -0.6732 0.2421, -5.9744 -0.6732 0.2421, -5.8366 -0.7063 0.2465, -5.9744 -0.7063 0.2465, -5.8366 -0.7372 0.2593, -5.9744 -0.7372 0.2593, -5.8366 -0.7637 0.2796, -5.9744 -0.7637 0.2796, -5.8366 -0.784 0.3061, -5.9744 -0.784 0.3061, -5.8366 -0.7968 0.337, -5.9744 -0.7968 0.337, -5.9744 -0.4013 0.0335, -5.8366 -0.4013 0.0335, -5.9744 -0.4294 0.1014, -5.8366 -0.4294 0.1014, -5.9744 -0.4742 0.1597, -5.8366 -0.4742 0.1597, -5.9744 -0.5325 0.2044, -5.8366 -0.5325 0.2044, -5.9744 -0.6004 0.2325, -5.8366 -0.6004 0.2325, -6.624 -0.3917 -0.0394, -6.624 -0.3917 -1.1517, -6.7618 -0.3917 -0.0394, -6.7618 -0.3917 -1.1517, -6.7224 -0.4902 -1.2598, -6.7224 -0.4311 -1.2598, -6.6634 -0.4902 -1.2598, -6.6634 -0.4311 -1.2598, -6.7618 -0.5295 -0.0394, -6.7618 -0.5295 -1.1517, -6.624 -0.5295 -0.0394, -6.624 -0.5295 -1.1517, -6.624 -0.6732 0.1043, -6.7618 -0.6732 0.1043, -6.624 -0.636 0.0994, -6.7618 -0.636 0.0994, -6.624 -0.6014 0.0851, -6.7618 -0.6014 0.0851, -6.624 -0.5716 0.0622, -6.7618 -0.5716 0.0622, -6.624 -0.5488 0.0325, -6.7618 -0.5488 0.0325, -6.624 -0.5344 -0.0022, -6.7618 -0.5344 -0.0022, -6.624 -0.939 0.3701, -6.7618 -0.939 0.3701, -6.7618 -0.9299 0.3013, -6.624 -0.9299 0.3013, -6.7618 -0.9034 0.2372, -6.624 -0.9034 0.2372, -6.7618 -0.8611 0.1822, -6.624 -0.8611 0.1822, -6.7618 -0.8061 0.1399, -6.624 -0.8061 0.1399, -6.7618 -0.742 0.1134, -6.624 -0.742 0.1134, -6.624 -0.939 1.2488, -6.7618 -0.939 1.2488, -6.624 -0.877 1.4801, -6.7618 -0.877 1.4801, -6.7618 -0.9111 1.4071, -6.624 -0.9111 1.4071, -6.7618 -0.9319 1.3292, -6.624 -0.9319 1.3292, -6.624 -0.2994 2.4805, -6.7618 -0.2994 2.4805, -6.624 -0.2559 2.6429, -6.7618 -0.2559 2.6429, -6.624 -0.267 2.5589, -6.7618 -0.267 2.5589, -6.624 -0.2559 2.9248, -6.7618 -0.2559 2.9248, -6.624 -0.3693 3.1713, -6.7618 -0.3693 3.1713, -6.624 -0.3214 3.1204, -6.7618 -0.3214 3.1204, -6.624 -0.2856 3.0605, -6.7618 -0.2856 3.0605, -6.624 -0.2634 2.9942, -6.7618 -0.2634 2.9942, -6.624 -0.6709 3.4301, -6.7618 -0.6709 3.4301, -6.624 -0.7224 3.5421, -6.7618 -0.7224 3.5421, -6.7618 -0.719 3.5106, -6.624 -0.719 3.5106, -6.7618 -0.7089 3.4805, -6.624 -0.7089 3.4805, -6.7618 -0.6927 3.4532, -6.624 -0.6927 3.4532, -6.624 -0.7224 4.1732, -6.7618 -0.7224 4.1732, -6.624 -0.5846 4.1732, -6.7618 -0.5846 4.1732, -6.624 -0.5846 3.5421, -6.7618 -0.5846 3.5421, -6.624 -0.5812 3.5347, -6.7618 -0.5812 3.5347, -6.624 -0.5827 3.5362, -6.7618 -0.5827 3.5362, -6.624 -0.5837 3.538, -6.7618 -0.5837 3.538, -6.624 -0.5844 3.54, -6.7618 -0.5844 3.54, -6.624 -0.2795 3.2759, -6.7618 -0.2795 3.2759, -6.624 -0.1181 2.9248, -6.7618 -0.1181 2.9248, -6.7618 -0.1288 3.0237, -6.624 -0.1288 3.0237, -6.7618 -0.1604 3.118, -6.624 -0.1604 3.118, -6.7618 -0.2114 3.2034, -6.624 -0.2114 3.2034, -6.624 -0.1181 2.6429, -6.7618 -0.1181 2.6429, -6.624 -0.1801 2.4116, -6.7618 -0.1801 2.4116, -6.7618 -0.146 2.4847, -6.624 -0.146 2.4847, -6.7618 -0.1251 2.5626, -6.624 -0.1251 2.5626, -6.624 -0.7577 1.4112, -6.7618 -0.7577 1.4112, -6.624 -0.8012 1.2488, -6.7618 -0.8012 1.2488, -6.624 -0.7962 1.3052, -6.7618 -0.7962 1.3052, -6.624 -0.7816 1.3599, -6.7618 -0.7816 1.3599, -6.624 -0.8012 0.3701, -6.7618 -0.8012 0.3701, -6.624 -0.6732 0.2421, -6.7618 -0.6732 0.2421, -6.624 -0.7063 0.2465, -6.7618 -0.7063 0.2465, -6.624 -0.7372 0.2593, -6.7618 -0.7372 0.2593, -6.624 -0.7637 0.2796, -6.7618 -0.7637 0.2796, -6.624 -0.784 0.3061, -6.7618 -0.784 0.3061, -6.624 -0.7968 0.337, -6.7618 -0.7968 0.337, -6.7618 -0.4013 0.0335, -6.624 -0.4013 0.0335, -6.7618 -0.4294 0.1014, -6.624 -0.4294 0.1014, -6.7618 -0.4742 0.1597, -6.624 -0.4742 0.1597, -6.7618 -0.5325 0.2044, -6.624 -0.5325 0.2044, -6.7618 -0.6004 0.2325, -6.624 -0.6004 0.2325, -7.4114 -0.3917 -0.0394, -7.4114 -0.3917 -1.1517, -7.5492 -0.3917 -0.0394, -7.5492 -0.3917 -1.1517, -7.5098 -0.4902 -1.2598, -7.5098 -0.4311 -1.2598, -7.4508 -0.4902 -1.2598, -7.4508 -0.4311 -1.2598, -7.5492 -0.5295 -0.0394, -7.5492 -0.5295 -1.1517, -7.4114 -0.5295 -0.0394, -7.4114 -0.5295 -1.1517, -7.4114 -0.6732 0.1043, -7.5492 -0.6732 0.1043, -7.4114 -0.636 0.0994, -7.5492 -0.636 0.0994, -7.4114 -0.6014 0.0851, -7.5492 -0.6014 0.0851, -7.4114 -0.5716 0.0622, -7.5492 -0.5716 0.0622, -7.4114 -0.5488 0.0325, -7.5492 -0.5488 0.0325, -7.4114 -0.5344 -0.0022, -7.5492 -0.5344 -0.0022, -7.4114 -0.939 0.3701, -7.5492 -0.939 0.3701, -7.5492 -0.9299 0.3013, -7.4114 -0.9299 0.3013, -7.5492 -0.9034 0.2372, -7.4114 -0.9034 0.2372, -7.5492 -0.8611 0.1822, -7.4114 -0.8611 0.1822, -7.5492 -0.8061 0.1399, -7.4114 -0.8061 0.1399, -7.5492 -0.742 0.1134, -7.4114 -0.742 0.1134, -7.4114 -0.939 1.2488, -7.5492 -0.939 1.2488, -7.4114 -0.877 1.4801, -7.5492 -0.877 1.4801, -7.5492 -0.9111 1.4071, -7.4114 -0.9111 1.4071, -7.5492 -0.9319 1.3292, -7.4114 -0.9319 1.3292, -7.4114 -0.2994 2.4805, -7.5492 -0.2994 2.4805, -7.4114 -0.2559 2.6429, -7.5492 -0.2559 2.6429, -7.4114 -0.267 2.5589, -7.5492 -0.267 2.5589, -7.4114 -0.2559 2.9248, -7.5492 -0.2559 2.9248, -7.4114 -0.3693 3.1713, -7.5492 -0.3693 3.1713, -7.4114 -0.3214 3.1204, -7.5492 -0.3214 3.1204, -7.4114 -0.2856 3.0605, -7.5492 -0.2856 3.0605, -7.4114 -0.2634 2.9942, -7.5492 -0.2634 2.9942, -7.4114 -0.6709 3.4301, -7.5492 -0.6709 3.4301, -7.4114 -0.7224 3.5421, -7.5492 -0.7224 3.5421, -7.5492 -0.719 3.5106, -7.4114 -0.719 3.5106, -7.5492 -0.7089 3.4805, -7.4114 -0.7089 3.4805, -7.5492 -0.6927 3.4532, -7.4114 -0.6927 3.4532, -7.4114 -0.7224 4.1732, -7.5492 -0.7224 4.1732, -7.4114 -0.5846 4.1732, -7.5492 -0.5846 4.1732, -7.4114 -0.5846 3.5421, -7.5492 -0.5846 3.5421, -7.4114 -0.5812 3.5347, -7.5492 -0.5812 3.5347, -7.4114 -0.5827 3.5362, -7.5492 -0.5827 3.5362, -7.4114 -0.5837 3.538, -7.5492 -0.5837 3.538, -7.4114 -0.5844 3.54, -7.5492 -0.5844 3.54, -7.4114 -0.2795 3.2759, -7.5492 -0.2795 3.2759, -7.4114 -0.1181 2.9248, -7.5492 -0.1181 2.9248, -7.5492 -0.1288 3.0237, -7.4114 -0.1288 3.0237, -7.5492 -0.1604 3.118, -7.4114 -0.1604 3.118, -7.5492 -0.2114 3.2034, -7.4114 -0.2114 3.2034, -7.4114 -0.1181 2.6429, -7.5492 -0.1181 2.6429, -7.4114 -0.1801 2.4116, -7.5492 -0.1801 2.4116, -7.5492 -0.146 2.4847, -7.4114 -0.146 2.4847, -7.5492 -0.1251 2.5626, -7.4114 -0.1251 2.5626, -7.4114 -0.7577 1.4112, -7.5492 -0.7577 1.4112, -7.4114 -0.8012 1.2488, -7.5492 -0.8012 1.2488, -7.4114 -0.7962 1.3052, -7.5492 -0.7962 1.3052, -7.4114 -0.7816 1.3599, -7.5492 -0.7816 1.3599, -7.4114 -0.8012 0.3701, -7.5492 -0.8012 0.3701, -7.4114 -0.6732 0.2421, -7.5492 -0.6732 0.2421, -7.4114 -0.7063 0.2465, -7.5492 -0.7063 0.2465, -7.4114 -0.7372 0.2593, -7.5492 -0.7372 0.2593, -7.4114 -0.7637 0.2796, -7.5492 -0.7637 0.2796, -7.4114 -0.784 0.3061, -7.5492 -0.784 0.3061, -7.4114 -0.7968 0.337, -7.5492 -0.7968 0.337, -7.5492 -0.4013 0.0335, -7.4114 -0.4013 0.0335, -7.5492 -0.4294 0.1014, -7.4114 -0.4294 0.1014, -7.5492 -0.4742 0.1597, -7.4114 -0.4742 0.1597, -7.5492 -0.5325 0.2044, -7.4114 -0.5325 0.2044, -7.5492 -0.6004 0.2325, -7.4114 -0.6004 0.2325, -8.1988 -0.3917 -0.0394, -8.1988 -0.3917 -1.1517, -8.3366 -0.3917 -0.0394, -8.3366 -0.3917 -1.1517, -8.2972 -0.4902 -1.2598, -8.2972 -0.4311 -1.2598, -8.2382 -0.4902 -1.2598, -8.2382 -0.4311 -1.2598, -8.3366 -0.5295 -0.0394, -8.3366 -0.5295 -1.1517, -8.1988 -0.5295 -0.0394, -8.1988 -0.5295 -1.1517, -8.1988 -0.6732 0.1043, -8.3366 -0.6732 0.1043, -8.1988 -0.636 0.0994, -8.3366 -0.636 0.0994, -8.1988 -0.6014 0.0851, -8.3366 -0.6014 0.0851, -8.1988 -0.5716 0.0622, -8.3366 -0.5716 0.0622, -8.1988 -0.5488 0.0325, -8.3366 -0.5488 0.0325, -8.1988 -0.5344 -0.0022, -8.3366 -0.5344 -0.0022, -8.1988 -0.939 0.3701, -8.3366 -0.939 0.3701, -8.3366 -0.9299 0.3013, -8.1988 -0.9299 0.3013, -8.3366 -0.9034 0.2372, -8.1988 -0.9034 0.2372, -8.3366 -0.8611 0.1822, -8.1988 -0.8611 0.1822, -8.3366 -0.8061 0.1399, -8.1988 -0.8061 0.1399, -8.3366 -0.742 0.1134, -8.1988 -0.742 0.1134, -8.1988 -0.939 1.2488, -8.3366 -0.939 1.2488, -8.1988 -0.877 1.4801, -8.3366 -0.877 1.4801, -8.3366 -0.9111 1.4071, -8.1988 -0.9111 1.4071, -8.3366 -0.9319 1.3292, -8.1988 -0.9319 1.3292, -8.1988 -0.2994 2.4805, -8.3366 -0.2994 2.4805, -8.1988 -0.2559 2.6429, -8.3366 -0.2559 2.6429, -8.1988 -0.267 2.5589, -8.3366 -0.267 2.5589, -8.1988 -0.2559 2.9248, -8.3366 -0.2559 2.9248, -8.1988 -0.3693 3.1713, -8.3366 -0.3693 3.1713, -8.1988 -0.3214 3.1204, -8.3366 -0.3214 3.1204, -8.1988 -0.2856 3.0605, -8.3366 -0.2856 3.0605, -8.1988 -0.2634 2.9942, -8.3366 -0.2634 2.9942, -8.1988 -0.6709 3.4301, -8.3366 -0.6709 3.4301, -8.1988 -0.7224 3.5421, -8.3366 -0.7224 3.5421, -8.3366 -0.719 3.5106, -8.1988 -0.719 3.5106, -8.3366 -0.7089 3.4805, -8.1988 -0.7089 3.4805, -8.3366 -0.6927 3.4532, -8.1988 -0.6927 3.4532, -8.1988 -0.7224 4.1732, -8.3366 -0.7224 4.1732, -8.1988 -0.5846 4.1732, -8.3366 -0.5846 4.1732, -8.1988 -0.5846 3.5421, -8.3366 -0.5846 3.5421, -8.1988 -0.5812 3.5347, -8.3366 -0.5812 3.5347, -8.1988 -0.5827 3.5362, -8.3366 -0.5827 3.5362, -8.1988 -0.5837 3.538, -8.3366 -0.5837 3.538, -8.1988 -0.5844 3.54, -8.3366 -0.5844 3.54, -8.1988 -0.2795 3.2759, -8.3366 -0.2795 3.2759, -8.1988 -0.1181 2.9248, -8.3366 -0.1181 2.9248, -8.3366 -0.1288 3.0237, -8.1988 -0.1288 3.0237, -8.3366 -0.1604 3.118, -8.1988 -0.1604 3.118, -8.3366 -0.2114 3.2034, -8.1988 -0.2114 3.2034, -8.1988 -0.1181 2.6429, -8.3366 -0.1181 2.6429, -8.1988 -0.1801 2.4116, -8.3366 -0.1801 2.4116, -8.3366 -0.146 2.4847, -8.1988 -0.146 2.4847, -8.3366 -0.1251 2.5626, -8.1988 -0.1251 2.5626, -8.1988 -0.7577 1.4112, -8.3366 -0.7577 1.4112, -8.1988 -0.8012 1.2488, -8.3366 -0.8012 1.2488, -8.1988 -0.7962 1.3052, -8.3366 -0.7962 1.3052, -8.1988 -0.7816 1.3599, -8.3366 -0.7816 1.3599, -8.1988 -0.8012 0.3701, -8.3366 -0.8012 0.3701, -8.1988 -0.6732 0.2421, -8.3366 -0.6732 0.2421, -8.1988 -0.7063 0.2465, -8.3366 -0.7063 0.2465, -8.1988 -0.7372 0.2593, -8.3366 -0.7372 0.2593, -8.1988 -0.7637 0.2796, -8.3366 -0.7637 0.2796, -8.1988 -0.784 0.3061, -8.3366 -0.784 0.3061, -8.1988 -0.7968 0.337, -8.3366 -0.7968 0.337, -8.3366 -0.4013 0.0335, -8.1988 -0.4013 0.0335, -8.3366 -0.4294 0.1014, -8.1988 -0.4294 0.1014, -8.3366 -0.4742 0.1597, -8.1988 -0.4742 0.1597, -8.3366 -0.5325 0.2044, -8.1988 -0.5325 0.2044, -8.3366 -0.6004 0.2325, -8.1988 -0.6004 0.2325, -8.9862 -0.3917 -0.0394, -8.9862 -0.3917 -1.1517, -9.124 -0.3917 -0.0394, -9.124 -0.3917 -1.1517, -9.0846 -0.4902 -1.2598, -9.0846 -0.4311 -1.2598, -9.0256 -0.4902 -1.2598, -9.0256 -0.4311 -1.2598, -9.124 -0.5295 -0.0394, -9.124 -0.5295 -1.1517, -8.9862 -0.5295 -0.0394, -8.9862 -0.5295 -1.1517, -8.9862 -0.6732 0.1043, -9.124 -0.6732 0.1043, -8.9862 -0.636 0.0994, -9.124 -0.636 0.0994, -8.9862 -0.6014 0.0851, -9.124 -0.6014 0.0851, -8.9862 -0.5716 0.0622, -9.124 -0.5716 0.0622, -8.9862 -0.5488 0.0325, -9.124 -0.5488 0.0325, -8.9862 -0.5344 -0.0022, -9.124 -0.5344 -0.0022, -8.9862 -0.939 0.3701, -9.124 -0.939 0.3701, -9.124 -0.9299 0.3013, -8.9862 -0.9299 0.3013, -9.124 -0.9034 0.2372, -8.9862 -0.9034 0.2372, -9.124 -0.8611 0.1822, -8.9862 -0.8611 0.1822, -9.124 -0.8061 0.1399, -8.9862 -0.8061 0.1399, -9.124 -0.742 0.1134, -8.9862 -0.742 0.1134, -8.9862 -0.939 1.2488, -9.124 -0.939 1.2488, -8.9862 -0.877 1.4801, -9.124 -0.877 1.4801, -9.124 -0.9111 1.4071, -8.9862 -0.9111 1.4071, -9.124 -0.9319 1.3292, -8.9862 -0.9319 1.3292, -8.9862 -0.2994 2.4805, -9.124 -0.2994 2.4805, -8.9862 -0.2559 2.6429, -9.124 -0.2559 2.6429, -8.9862 -0.267 2.5589, -9.124 -0.267 2.5589, -8.9862 -0.2559 2.9248, -9.124 -0.2559 2.9248, -8.9862 -0.3693 3.1713, -9.124 -0.3693 3.1713, -8.9862 -0.3214 3.1204, -9.124 -0.3214 3.1204, -8.9862 -0.2856 3.0605, -9.124 -0.2856 3.0605, -8.9862 -0.2634 2.9942, -9.124 -0.2634 2.9942, -8.9862 -0.6709 3.4301, -9.124 -0.6709 3.4301, -8.9862 -0.7224 3.5421, -9.124 -0.7224 3.5421, -9.124 -0.719 3.5106, -8.9862 -0.719 3.5106, -9.124 -0.7089 3.4805, -8.9862 -0.7089 3.4805, -9.124 -0.6927 3.4532, -8.9862 -0.6927 3.4532, -8.9862 -0.7224 4.1732, -9.124 -0.7224 4.1732, -8.9862 -0.5846 4.1732, -9.124 -0.5846 4.1732, -8.9862 -0.5846 3.5421, -9.124 -0.5846 3.5421, -8.9862 -0.5812 3.5347, -9.124 -0.5812 3.5347, -8.9862 -0.5827 3.5362, -9.124 -0.5827 3.5362, -8.9862 -0.5837 3.538, -9.124 -0.5837 3.538, -8.9862 -0.5844 3.54, -9.124 -0.5844 3.54, -8.9862 -0.2795 3.2759, -9.124 -0.2795 3.2759, -8.9862 -0.1181 2.9248, -9.124 -0.1181 2.9248, -9.124 -0.1288 3.0237, -8.9862 -0.1288 3.0237, -9.124 -0.1604 3.118, -8.9862 -0.1604 3.118, -9.124 -0.2114 3.2034, -8.9862 -0.2114 3.2034, -8.9862 -0.1181 2.6429, -9.124 -0.1181 2.6429, -8.9862 -0.1801 2.4116, -9.124 -0.1801 2.4116, -9.124 -0.146 2.4847, -8.9862 -0.146 2.4847, -9.124 -0.1251 2.5626, -8.9862 -0.1251 2.5626, -8.9862 -0.7577 1.4112, -9.124 -0.7577 1.4112, -8.9862 -0.8012 1.2488, -9.124 -0.8012 1.2488, -8.9862 -0.7962 1.3052, -9.124 -0.7962 1.3052, -8.9862 -0.7816 1.3599, -9.124 -0.7816 1.3599, -8.9862 -0.8012 0.3701, -9.124 -0.8012 0.3701, -8.9862 -0.6732 0.2421, -9.124 -0.6732 0.2421, -8.9862 -0.7063 0.2465, -9.124 -0.7063 0.2465, -8.9862 -0.7372 0.2593, -9.124 -0.7372 0.2593, -8.9862 -0.7637 0.2796, -9.124 -0.7637 0.2796, -8.9862 -0.784 0.3061, -9.124 -0.784 0.3061, -8.9862 -0.7968 0.337, -9.124 -0.7968 0.337, -9.124 -0.4013 0.0335, -8.9862 -0.4013 0.0335, -9.124 -0.4294 0.1014, -8.9862 -0.4294 0.1014, -9.124 -0.4742 0.1597, -8.9862 -0.4742 0.1597, -9.124 -0.5325 0.2044, -8.9862 -0.5325 0.2044, -9.124 -0.6004 0.2325, -8.9862 -0.6004 0.2325, -9.7736 -0.3917 -0.0394, -9.7736 -0.3917 -1.1517, -9.9114 -0.3917 -0.0394, -9.9114 -0.3917 -1.1517, -9.872 -0.4902 -1.2598, -9.872 -0.4311 -1.2598, -9.813 -0.4902 -1.2598, -9.813 -0.4311 -1.2598, -9.9114 -0.5295 -0.0394, -9.9114 -0.5295 -1.1517, -9.7736 -0.5295 -0.0394, -9.7736 -0.5295 -1.1517, -9.7736 -0.6732 0.1043, -9.9114 -0.6732 0.1043, -9.7736 -0.636 0.0994, -9.9114 -0.636 0.0994, -9.7736 -0.6014 0.0851, -9.9114 -0.6014 0.0851, -9.7736 -0.5716 0.0622, -9.9114 -0.5716 0.0622, -9.7736 -0.5488 0.0325, -9.9114 -0.5488 0.0325, -9.7736 -0.5344 -0.0022, -9.9114 -0.5344 -0.0022, -9.7736 -0.939 0.3701, -9.9114 -0.939 0.3701, -9.9114 -0.9299 0.3013, -9.7736 -0.9299 0.3013, -9.9114 -0.9034 0.2372, -9.7736 -0.9034 0.2372, -9.9114 -0.8611 0.1822, -9.7736 -0.8611 0.1822, -9.9114 -0.8061 0.1399, -9.7736 -0.8061 0.1399, -9.9114 -0.742 0.1134, -9.7736 -0.742 0.1134, -9.7736 -0.939 1.2488, -9.9114 -0.939 1.2488, -9.7736 -0.877 1.4801, -9.9114 -0.877 1.4801, -9.9114 -0.9111 1.4071, -9.7736 -0.9111 1.4071, -9.9114 -0.9319 1.3292, -9.7736 -0.9319 1.3292, -9.7736 -0.2994 2.4805, -9.9114 -0.2994 2.4805, -9.7736 -0.2559 2.6429, -9.9114 -0.2559 2.6429, -9.7736 -0.267 2.5589, -9.9114 -0.267 2.5589, -9.7736 -0.2559 2.9248, -9.9114 -0.2559 2.9248, -9.7736 -0.3693 3.1713, -9.9114 -0.3693 3.1713, -9.7736 -0.3214 3.1204, -9.9114 -0.3214 3.1204, -9.7736 -0.2856 3.0605, -9.9114 -0.2856 3.0605, -9.7736 -0.2634 2.9942, -9.9114 -0.2634 2.9942, -9.7736 -0.6709 3.4301, -9.9114 -0.6709 3.4301, -9.7736 -0.7224 3.5421, -9.9114 -0.7224 3.5421, -9.9114 -0.719 3.5106, -9.7736 -0.719 3.5106, -9.9114 -0.7089 3.4805, -9.7736 -0.7089 3.4805, -9.9114 -0.6927 3.4532, -9.7736 -0.6927 3.4532, -9.7736 -0.7224 4.1732, -9.9114 -0.7224 4.1732, -9.7736 -0.5846 4.1732, -9.9114 -0.5846 4.1732, -9.7736 -0.5846 3.5421, -9.9114 -0.5846 3.5421, -9.7736 -0.5812 3.5347, -9.9114 -0.5812 3.5347, -9.7736 -0.5827 3.5362, -9.9114 -0.5827 3.5362, -9.7736 -0.5837 3.538, -9.9114 -0.5837 3.538, -9.7736 -0.5844 3.54, -9.9114 -0.5844 3.54, -9.7736 -0.2795 3.2759, -9.9114 -0.2795 3.2759, -9.7736 -0.1181 2.9248, -9.9114 -0.1181 2.9248, -9.9114 -0.1288 3.0237, -9.7736 -0.1288 3.0237, -9.9114 -0.1604 3.118, -9.7736 -0.1604 3.118, -9.9114 -0.2114 3.2034, -9.7736 -0.2114 3.2034, -9.7736 -0.1181 2.6429, -9.9114 -0.1181 2.6429, -9.7736 -0.1801 2.4116, -9.9114 -0.1801 2.4116, -9.9114 -0.146 2.4847, -9.7736 -0.146 2.4847, -9.9114 -0.1251 2.5626, -9.7736 -0.1251 2.5626, -9.7736 -0.7577 1.4112, -9.9114 -0.7577 1.4112, -9.7736 -0.8012 1.2488, -9.9114 -0.8012 1.2488, -9.7736 -0.7962 1.3052, -9.9114 -0.7962 1.3052, -9.7736 -0.7816 1.3599, -9.9114 -0.7816 1.3599, -9.7736 -0.8012 0.3701, -9.9114 -0.8012 0.3701, -9.7736 -0.6732 0.2421, -9.9114 -0.6732 0.2421, -9.7736 -0.7063 0.2465, -9.9114 -0.7063 0.2465, -9.7736 -0.7372 0.2593, -9.9114 -0.7372 0.2593, -9.7736 -0.7637 0.2796, -9.9114 -0.7637 0.2796, -9.7736 -0.784 0.3061, -9.9114 -0.784 0.3061, -9.7736 -0.7968 0.337, -9.9114 -0.7968 0.337, -9.9114 -0.4013 0.0335, -9.7736 -0.4013 0.0335, -9.9114 -0.4294 0.1014, -9.7736 -0.4294 0.1014, -9.9114 -0.4742 0.1597, -9.7736 -0.4742 0.1597, -9.9114 -0.5325 0.2044, -9.7736 -0.5325 0.2044, -9.9114 -0.6004 0.2325, -9.7736 -0.6004 0.2325
            ]
        }
        coordIndex [
            0,1,2,-1,2,1,3,-1,4,5,6,-1,6,5,7,-1,8,9,10,-1,10,9,11,-1,11,9,12,-1,11,12,13,-1,13,12,14,-1,13,14,15,-1,15,14,16,-1,15,16,17,-1,17,16,18,-1,17,18,19,-1,19,18,20,-1,19,20,21,-1,21,20,22,-1,21,22,23,-1,23,22,24,-1,24,22,25,-1,24,25,26,-1,26,25,27,-1,26,27,28,-1,28,27,29,-1,28,29,30,-1,30,29,31,-1,30,31,32,-1,32,31,33,-1,32,33,34,-1,34,33,35,-1,36,34,37,-1,37,34,35,-1,36,37,38,-1,36,38,39,-1,39,38,40,-1,39,40,41,-1,41,40,42,-1,41,42,43,-1,44,43,45,-1,45,43,42,-1,44,45,46,-1,46,45,47,-1,46,47,48,-1,48,47,49,-1,48,49,50,-1,50,49,51,-1,52,50,53,-1,53,50,51,-1,52,53,54,-1,54,53,55,-1,54,55,56,-1,56,55,57,-1,56,57,58,-1,58,57,59,-1,58,59,60,-1,60,59,61,-1,62,60,63,-1,63,60,61,-1,62,63,64,-1,62,64,65,-1,65,64,66,-1,65,66,67,-1,67,66,68,-1,67,68,69,-1,69,68,70,-1,69,70,71,-1,72,71,73,-1,73,71,70,-1,74,72,75,-1,75,72,73,-1,76,74,77,-1,77,74,75,-1,76,77,78,-1,78,77,79,-1,78,79,80,-1,80,79,81,-1,80,81,82,-1,82,81,83,-1,82,83,84,-1,84,83,85,-1,86,84,87,-1,87,84,85,-1,86,87,88,-1,86,88,89,-1,89,88,90,-1,89,90,91,-1,91,90,92,-1,91,92,93,-1,93,92,94,-1,93,94,95,-1,96,95,97,-1,97,95,94,-1,96,97,98,-1,96,98,99,-1,99,98,100,-1,99,100,101,-1,101,100,102,-1,101,102,103,-1,104,103,105,-1,105,103,102,-1,104,105,106,-1,106,105,107,-1,106,107,108,-1,108,107,109,-1,108,109,110,-1,110,109,111,-1,112,110,113,-1,113,110,111,-1,112,113,114,-1,112,114,115,-1,115,114,116,-1,115,116,117,-1,117,116,118,-1,117,118,119,-1,119,118,120,-1,119,120,121,-1,121,120,122,-1,121,122,123,-1,123,122,124,-1,123,124,125,-1,125,124,126,-1,126,124,127,-1,126,127,128,-1,128,127,129,-1,128,129,130,-1,130,129,131,-1,130,131,132,-1,132,131,133,-1,132,133,134,-1,134,133,135,-1,134,135,1,-1,1,135,3,-1,72,74,71,-1,71,74,76,-1,71,76,69,-1,69,76,78,-1,69,78,67,-1,67,78,80,-1,67,80,65,-1,65,80,82,-1,65,82,62,-1,62,82,84,-1,62,84,60,-1,60,84,86,-1,60,86,58,-1,58,86,89,-1,58,89,56,-1,56,89,91,-1,56,91,54,-1,54,91,93,-1,54,93,52,-1,52,93,95,-1,52,95,50,-1,50,95,96,-1,50,96,48,-1,48,96,99,-1,48,99,46,-1,46,99,101,-1,46,101,44,-1,44,101,103,-1,44,103,43,-1,43,103,104,-1,43,104,41,-1,41,104,106,-1,41,106,39,-1,39,106,108,-1,39,108,36,-1,36,108,110,-1,36,110,34,-1,34,110,112,-1,34,112,32,-1,32,112,115,-1,32,115,30,-1,30,115,117,-1,30,117,28,-1,28,117,119,-1,28,119,26,-1,26,119,121,-1,26,121,24,-1,24,121,123,-1,24,123,23,-1,23,123,125,-1,23,125,21,-1,21,125,126,-1,21,126,19,-1,19,126,128,-1,19,128,17,-1,17,128,130,-1,17,130,15,-1,15,130,132,-1,15,132,13,-1,13,132,134,-1,13,134,11,-1,11,134,1,-1,11,1,10,-1,10,1,0,-1,75,73,77,-1,77,73,70,-1,77,70,79,-1,79,70,68,-1,79,68,81,-1,81,68,66,-1,81,66,83,-1,83,66,64,-1,83,64,85,-1,85,64,63,-1,85,63,87,-1,87,63,61,-1,87,61,88,-1,88,61,59,-1,88,59,90,-1,90,59,57,-1,90,57,92,-1,92,57,55,-1,92,55,94,-1,94,55,53,-1,94,53,97,-1,97,53,51,-1,97,51,98,-1,98,51,49,-1,98,49,100,-1,100,49,47,-1,100,47,102,-1,102,47,45,-1,102,45,105,-1,105,45,42,-1,105,42,107,-1,107,42,40,-1,107,40,109,-1,109,40,38,-1,109,38,111,-1,111,38,37,-1,111,37,113,-1,113,37,35,-1,113,35,114,-1,114,35,33,-1,114,33,116,-1,116,33,31,-1,116,31,118,-1,118,31,29,-1,118,29,120,-1,120,29,27,-1,120,27,122,-1,122,27,25,-1,122,25,124,-1,124,25,22,-1,124,22,127,-1,127,22,20,-1,127,20,129,-1,129,20,18,-1,129,18,131,-1,131,18,16,-1,131,16,133,-1,133,16,14,-1,133,14,135,-1,135,14,12,-1,135,12,3,-1,3,12,9,-1,3,9,2,-1,2,9,8,-1,10,7,8,-1,8,7,5,-1,0,6,10,-1,10,6,7,-1,4,2,5,-1,5,2,8,-1,2,4,0,-1,0,4,6,-1,136,137,138,-1,138,137,139,-1,140,141,142,-1,142,141,143,-1,144,145,146,-1,146,145,147,-1,147,145,148,-1,148,145,149,-1,148,149,150,-1,150,149,151,-1,150,151,152,-1,152,151,153,-1,152,153,154,-1,154,153,155,-1,154,155,156,-1,156,155,157,-1,156,157,158,-1,158,157,159,-1,158,159,160,-1,158,160,161,-1,161,160,162,-1,161,162,163,-1,163,162,164,-1,163,164,165,-1,165,164,166,-1,165,166,167,-1,167,166,168,-1,167,168,169,-1,169,168,170,-1,169,170,171,-1,172,171,173,-1,173,171,170,-1,172,173,174,-1,172,174,175,-1,175,174,176,-1,175,176,177,-1,177,176,178,-1,177,178,179,-1,180,179,181,-1,181,179,178,-1,180,181,182,-1,182,181,183,-1,182,183,184,-1,184,183,185,-1,186,184,187,-1,187,184,185,-1,186,187,188,-1,188,187,189,-1,188,189,190,-1,190,189,191,-1,190,191,192,-1,192,191,193,-1,192,193,194,-1,194,193,195,-1,196,194,197,-1,197,194,195,-1,196,197,198,-1,196,198,199,-1,199,198,200,-1,199,200,201,-1,201,200,202,-1,201,202,203,-1,203,202,204,-1,203,204,205,-1,206,205,207,-1,207,205,204,-1,208,206,209,-1,209,206,207,-1,210,208,211,-1,211,208,209,-1,210,211,212,-1,212,211,213,-1,212,213,214,-1,214,213,215,-1,214,215,216,-1,216,215,217,-1,216,217,218,-1,218,217,219,-1,220,218,221,-1,221,218,219,-1,220,221,222,-1,220,222,223,-1,223,222,224,-1,223,224,225,-1,225,224,226,-1,225,226,227,-1,227,226,228,-1,227,228,229,-1,230,229,231,-1,231,229,228,-1,230,231,232,-1,230,232,233,-1,233,232,234,-1,233,234,235,-1,235,234,236,-1,235,236,237,-1,238,237,239,-1,239,237,236,-1,238,239,240,-1,240,239,241,-1,240,241,242,-1,242,241,243,-1,242,243,244,-1,244,243,245,-1,246,244,247,-1,247,244,245,-1,246,247,248,-1,248,247,249,-1,248,249,250,-1,250,249,251,-1,250,251,252,-1,252,251,253,-1,252,253,254,-1,254,253,255,-1,254,255,256,-1,256,255,257,-1,256,257,258,-1,258,257,259,-1,258,259,260,-1,258,260,261,-1,261,260,262,-1,261,262,263,-1,263,262,264,-1,263,264,265,-1,265,264,266,-1,265,266,267,-1,267,266,268,-1,267,268,269,-1,269,268,139,-1,269,139,137,-1,136,146,137,-1,137,146,147,-1,137,147,269,-1,269,147,148,-1,269,148,267,-1,267,148,150,-1,267,150,265,-1,265,150,152,-1,265,152,263,-1,263,152,154,-1,263,154,261,-1,261,154,156,-1,261,156,258,-1,258,156,158,-1,258,158,256,-1,256,158,161,-1,256,161,254,-1,254,161,163,-1,254,163,252,-1,252,163,165,-1,252,165,250,-1,250,165,167,-1,250,167,248,-1,248,167,169,-1,248,169,246,-1,246,169,171,-1,246,171,244,-1,244,171,172,-1,244,172,242,-1,242,172,175,-1,242,175,240,-1,240,175,177,-1,240,177,238,-1,238,177,179,-1,238,179,237,-1,237,179,180,-1,237,180,235,-1,235,180,182,-1,235,182,233,-1,233,182,184,-1,206,208,205,-1,205,208,210,-1,205,210,203,-1,203,210,212,-1,203,212,201,-1,201,212,214,-1,201,214,199,-1,199,214,216,-1,199,216,196,-1,196,216,218,-1,196,218,194,-1,194,218,220,-1,194,220,192,-1,192,220,223,-1,192,223,190,-1,190,223,225,-1,190,225,188,-1,188,225,227,-1,188,227,186,-1,186,227,229,-1,186,229,184,-1,184,229,230,-1,184,230,233,-1,144,138,145,-1,145,138,139,-1,145,139,149,-1,149,139,268,-1,149,268,151,-1,151,268,266,-1,151,266,153,-1,153,266,264,-1,153,264,155,-1,155,264,262,-1,155,262,157,-1,157,262,260,-1,157,260,159,-1,159,260,259,-1,159,259,160,-1,160,259,257,-1,160,257,162,-1,162,257,255,-1,162,255,164,-1,164,255,253,-1,164,253,166,-1,166,253,251,-1,166,251,168,-1,168,251,249,-1,168,249,170,-1,170,249,247,-1,170,247,173,-1,173,247,245,-1,173,245,174,-1,174,245,243,-1,174,243,176,-1,176,243,241,-1,176,241,178,-1,178,241,239,-1,178,239,181,-1,181,239,236,-1,181,236,183,-1,209,207,211,-1,211,207,204,-1,211,204,213,-1,213,204,202,-1,213,202,215,-1,215,202,200,-1,215,200,217,-1,217,200,198,-1,217,198,219,-1,219,198,197,-1,219,197,221,-1,221,197,195,-1,221,195,222,-1,222,195,193,-1,222,193,224,-1,224,193,191,-1,224,191,226,-1,226,191,189,-1,226,189,228,-1,228,189,187,-1,228,187,231,-1,231,187,185,-1,231,185,232,-1,232,185,183,-1,232,183,234,-1,234,183,236,-1,146,143,144,-1,144,143,141,-1,136,142,146,-1,146,142,143,-1,140,138,141,-1,141,138,144,-1,138,140,136,-1,136,140,142,-1,270,271,272,-1,272,271,273,-1,274,275,276,-1,276,275,277,-1,278,279,280,-1,280,279,281,-1,282,283,284,-1,282,284,285,-1,285,284,286,-1,285,286,287,-1,287,286,288,-1,287,288,289,-1,289,288,290,-1,289,290,291,-1,291,290,292,-1,291,292,293,-1,293,292,278,-1,293,278,280,-1,294,295,296,-1,296,295,297,-1,296,297,298,-1,298,297,299,-1,298,299,300,-1,300,299,301,-1,300,301,302,-1,302,301,303,-1,302,303,304,-1,304,303,305,-1,304,305,282,-1,282,305,283,-1,294,306,295,-1,295,306,307,-1,308,309,310,-1,308,310,311,-1,311,310,312,-1,311,312,313,-1,313,312,307,-1,313,307,306,-1,308,314,309,-1,309,314,315,-1,316,317,318,-1,318,317,319,-1,318,319,320,-1,320,319,321,-1,320,321,314,-1,314,321,315,-1,316,322,317,-1,317,322,323,-1,324,325,326,-1,326,325,327,-1,326,327,328,-1,328,327,329,-1,328,329,330,-1,330,329,331,-1,330,331,322,-1,322,331,323,-1,324,332,325,-1,325,332,333,-1,334,335,336,-1,334,336,337,-1,337,336,338,-1,337,338,339,-1,339,338,340,-1,339,340,341,-1,341,340,333,-1,341,333,332,-1,334,342,335,-1,335,342,343,-1,342,344,343,-1,343,344,345,-1,344,346,345,-1,345,346,347,-1,348,349,350,-1,350,349,351,-1,350,351,352,-1,352,351,353,-1,352,353,354,-1,354,353,355,-1,354,355,346,-1,346,355,347,-1,348,356,349,-1,349,356,357,-1,358,359,360,-1,358,360,361,-1,361,360,362,-1,361,362,363,-1,363,362,364,-1,363,364,365,-1,365,364,357,-1,365,357,356,-1,358,366,359,-1,359,366,367,-1,368,369,370,-1,368,370,371,-1,371,370,372,-1,371,372,373,-1,373,372,367,-1,373,367,366,-1,368,374,369,-1,369,374,375,-1,376,377,378,-1,378,377,379,-1,378,379,380,-1,380,379,381,-1,380,381,374,-1,374,381,375,-1,376,382,377,-1,377,382,383,-1,384,385,386,-1,384,386,387,-1,387,386,388,-1,387,388,389,-1,389,388,390,-1,389,390,391,-1,391,390,392,-1,391,392,393,-1,393,392,394,-1,393,394,395,-1,395,394,383,-1,395,383,382,-1,270,272,396,-1,396,272,397,-1,396,397,398,-1,398,397,399,-1,398,399,400,-1,400,399,401,-1,400,401,402,-1,402,401,403,-1,402,403,404,-1,404,403,405,-1,404,405,384,-1,384,405,385,-1,344,342,346,-1,346,342,334,-1,346,334,354,-1,354,334,337,-1,354,337,352,-1,352,337,339,-1,352,339,350,-1,350,339,341,-1,350,341,348,-1,348,341,332,-1,348,332,356,-1,356,332,324,-1,356,324,365,-1,365,324,326,-1,365,326,363,-1,363,326,328,-1,363,328,361,-1,361,328,330,-1,361,330,358,-1,358,330,322,-1,358,322,366,-1,366,322,316,-1,366,316,373,-1,373,316,318,-1,373,318,371,-1,371,318,320,-1,371,320,368,-1,368,320,314,-1,368,314,374,-1,374,314,308,-1,374,308,380,-1,380,308,311,-1,380,311,378,-1,378,311,313,-1,378,313,376,-1,376,313,306,-1,376,306,382,-1,382,306,294,-1,382,294,395,-1,395,294,296,-1,395,296,393,-1,393,296,298,-1,393,298,391,-1,391,298,300,-1,391,300,389,-1,389,300,302,-1,389,302,387,-1,387,302,304,-1,387,304,384,-1,384,304,282,-1,384,282,404,-1,404,282,285,-1,404,285,402,-1,402,285,287,-1,402,287,400,-1,400,287,289,-1,400,289,398,-1,398,289,291,-1,398,291,396,-1,396,291,293,-1,396,293,270,-1,270,293,280,-1,270,280,271,-1,271,280,281,-1,343,345,335,-1,335,345,347,-1,335,347,336,-1,336,347,355,-1,336,355,338,-1,338,355,353,-1,338,353,340,-1,340,353,351,-1,340,351,333,-1,333,351,349,-1,333,349,325,-1,325,349,357,-1,325,357,327,-1,327,357,364,-1,327,364,329,-1,329,364,362,-1,329,362,331,-1,331,362,360,-1,331,360,323,-1,323,360,359,-1,323,359,317,-1,317,359,367,-1,317,367,319,-1,319,367,372,-1,319,372,321,-1,321,372,370,-1,321,370,315,-1,315,370,369,-1,315,369,309,-1,309,369,375,-1,309,375,310,-1,310,375,381,-1,310,381,312,-1,312,381,379,-1,312,379,307,-1,307,379,377,-1,307,377,295,-1,295,377,383,-1,295,383,297,-1,297,383,394,-1,297,394,299,-1,299,394,392,-1,299,392,301,-1,301,392,390,-1,301,390,303,-1,303,390,388,-1,303,388,305,-1,305,388,386,-1,305,386,283,-1,283,386,385,-1,283,385,284,-1,284,385,405,-1,284,405,286,-1,286,405,403,-1,286,403,288,-1,288,403,401,-1,288,401,290,-1,290,401,399,-1,290,399,292,-1,292,399,397,-1,292,397,278,-1,278,397,272,-1,278,272,279,-1,279,272,273,-1,276,281,274,-1,274,281,279,-1,277,271,276,-1,276,271,281,-1,273,275,279,-1,279,275,274,-1,275,273,277,-1,277,273,271,-1,406,407,408,-1,408,407,409,-1,410,411,412,-1,412,411,413,-1,414,415,416,-1,416,415,417,-1,418,419,420,-1,420,419,421,-1,420,421,422,-1,422,421,423,-1,422,423,424,-1,424,423,425,-1,424,425,426,-1,426,425,427,-1,426,427,428,-1,428,427,429,-1,428,429,416,-1,416,429,414,-1,430,431,432,-1,430,432,433,-1,433,432,434,-1,433,434,435,-1,435,434,436,-1,435,436,437,-1,437,436,438,-1,437,438,439,-1,439,438,440,-1,439,440,441,-1,441,440,419,-1,441,419,418,-1,430,442,431,-1,431,442,443,-1,444,445,446,-1,444,446,447,-1,447,446,448,-1,447,448,449,-1,449,448,443,-1,449,443,442,-1,444,450,445,-1,445,450,451,-1,452,453,454,-1,454,453,455,-1,454,455,450,-1,450,455,451,-1,452,456,453,-1,453,456,457,-1,458,459,460,-1,460,459,461,-1,460,461,462,-1,462,461,463,-1,462,463,464,-1,464,463,465,-1,464,465,456,-1,456,465,457,-1,458,466,459,-1,459,466,467,-1,468,469,470,-1,468,470,471,-1,471,470,472,-1,471,472,473,-1,473,472,474,-1,473,474,475,-1,475,474,467,-1,475,467,466,-1,468,476,469,-1,469,476,477,-1,476,478,477,-1,477,478,479,-1,478,480,479,-1,479,480,481,-1,482,483,484,-1,484,483,485,-1,484,485,486,-1,486,485,487,-1,486,487,488,-1,488,487,489,-1,488,489,480,-1,480,489,481,-1,482,490,483,-1,483,490,491,-1,492,493,494,-1,492,494,495,-1,495,494,496,-1,495,496,497,-1,497,496,498,-1,497,498,499,-1,499,498,491,-1,499,491,490,-1,492,500,493,-1,493,500,501,-1,502,503,504,-1,502,504,505,-1,505,504,506,-1,505,506,507,-1,507,506,501,-1,507,501,500,-1,502,508,503,-1,503,508,509,-1,510,511,512,-1,512,511,513,-1,512,513,514,-1,514,513,515,-1,514,515,508,-1,508,515,509,-1,510,516,511,-1,511,516,517,-1,518,519,520,-1,520,519,521,-1,520,521,522,-1,522,521,523,-1,522,523,524,-1,524,523,525,-1,524,525,526,-1,526,525,527,-1,526,527,528,-1,528,527,529,-1,528,529,516,-1,516,529,517,-1,406,408,530,-1,406,530,531,-1,531,530,532,-1,531,532,533,-1,533,532,534,-1,533,534,535,-1,535,534,536,-1,535,536,537,-1,537,536,538,-1,537,538,539,-1,539,538,519,-1,539,519,518,-1,478,476,480,-1,480,476,468,-1,480,468,488,-1,488,468,471,-1,488,471,486,-1,486,471,473,-1,486,473,484,-1,484,473,475,-1,484,475,482,-1,482,475,466,-1,482,466,490,-1,490,466,458,-1,490,458,499,-1,499,458,460,-1,499,460,497,-1,497,460,462,-1,497,462,495,-1,495,462,464,-1,495,464,492,-1,492,464,456,-1,492,456,500,-1,500,456,452,-1,500,452,507,-1,507,452,454,-1,417,407,416,-1,416,407,406,-1,416,406,428,-1,428,406,531,-1,428,531,426,-1,426,531,533,-1,426,533,424,-1,424,533,535,-1,424,535,422,-1,422,535,537,-1,422,537,420,-1,420,537,539,-1,420,539,418,-1,418,539,518,-1,418,518,441,-1,441,518,520,-1,441,520,439,-1,439,520,522,-1,439,522,437,-1,437,522,524,-1,437,524,435,-1,435,524,526,-1,435,526,433,-1,433,526,528,-1,433,528,430,-1,430,528,516,-1,430,516,442,-1,442,516,510,-1,442,510,449,-1,449,510,512,-1,449,512,447,-1,447,512,514,-1,447,514,444,-1,444,514,508,-1,444,508,450,-1,450,508,502,-1,450,502,454,-1,454,502,505,-1,454,505,507,-1,409,415,408,-1,408,415,414,-1,408,414,530,-1,530,414,429,-1,530,429,532,-1,532,429,427,-1,532,427,534,-1,534,427,425,-1,534,425,536,-1,536,425,423,-1,536,423,538,-1,538,423,421,-1,538,421,519,-1,519,421,419,-1,519,419,521,-1,521,419,440,-1,521,440,523,-1,523,440,438,-1,523,438,525,-1,525,438,436,-1,525,436,527,-1,527,436,434,-1,527,434,529,-1,529,434,432,-1,529,432,517,-1,517,432,431,-1,517,431,511,-1,511,431,443,-1,511,443,513,-1,513,443,448,-1,513,448,515,-1,515,448,446,-1,515,446,509,-1,509,446,445,-1,509,445,503,-1,503,445,451,-1,503,451,504,-1,504,451,455,-1,504,455,506,-1,506,455,453,-1,477,479,469,-1,469,479,481,-1,469,481,470,-1,470,481,489,-1,470,489,472,-1,472,489,487,-1,472,487,474,-1,474,487,485,-1,474,485,467,-1,467,485,483,-1,467,483,459,-1,459,483,491,-1,459,491,461,-1,461,491,498,-1,461,498,463,-1,463,498,496,-1,463,496,465,-1,465,496,494,-1,465,494,457,-1,457,494,493,-1,457,493,453,-1,453,493,501,-1,453,501,506,-1,412,417,410,-1,410,417,415,-1,413,407,412,-1,412,407,417,-1,409,411,415,-1,415,411,410,-1,411,409,413,-1,413,409,407,-1,540,541,542,-1,542,541,543,-1,544,545,546,-1,546,545,547,-1,548,549,550,-1,550,549,551,-1,552,553,554,-1,554,553,555,-1,554,555,556,-1,556,555,557,-1,556,557,558,-1,558,557,559,-1,558,559,560,-1,560,559,561,-1,560,561,562,-1,562,561,563,-1,562,563,550,-1,550,563,548,-1,564,565,566,-1,564,566,567,-1,567,566,568,-1,567,568,569,-1,569,568,570,-1,569,570,571,-1,571,570,572,-1,571,572,573,-1,573,572,574,-1,573,574,575,-1,575,574,553,-1,575,553,552,-1,564,576,565,-1,565,576,577,-1,578,579,580,-1,578,580,581,-1,581,580,582,-1,581,582,583,-1,583,582,577,-1,583,577,576,-1,578,584,579,-1,579,584,585,-1,586,587,588,-1,588,587,589,-1,588,589,584,-1,584,589,585,-1,586,590,587,-1,587,590,591,-1,592,593,594,-1,594,593,595,-1,594,595,596,-1,596,595,597,-1,596,597,598,-1,598,597,599,-1,598,599,590,-1,590,599,591,-1,592,600,593,-1,593,600,601,-1,602,603,604,-1,602,604,605,-1,605,604,606,-1,605,606,607,-1,607,606,608,-1,607,608,609,-1,609,608,601,-1,609,601,600,-1,602,610,603,-1,603,610,611,-1,610,612,611,-1,611,612,613,-1,612,614,613,-1,613,614,615,-1,616,617,618,-1,618,617,619,-1,618,619,620,-1,620,619,621,-1,620,621,622,-1,622,621,623,-1,622,623,614,-1,614,623,615,-1,616,624,617,-1,617,624,625,-1,626,627,628,-1,626,628,629,-1,629,628,630,-1,629,630,631,-1,631,630,632,-1,631,632,633,-1,633,632,625,-1,633,625,624,-1,626,634,627,-1,627,634,635,-1,636,637,638,-1,636,638,639,-1,639,638,640,-1,639,640,641,-1,641,640,635,-1,641,635,634,-1,636,642,637,-1,637,642,643,-1,644,645,646,-1,646,645,647,-1,646,647,648,-1,648,647,649,-1,648,649,642,-1,642,649,643,-1,644,650,645,-1,645,650,651,-1,652,653,654,-1,654,653,655,-1,654,655,656,-1,656,655,657,-1,656,657,658,-1,658,657,659,-1,658,659,660,-1,660,659,661,-1,660,661,662,-1,662,661,663,-1,662,663,650,-1,650,663,651,-1,540,542,664,-1,540,664,665,-1,665,664,666,-1,665,666,667,-1,667,666,668,-1,667,668,669,-1,669,668,670,-1,669,670,671,-1,671,670,672,-1,671,672,673,-1,673,672,653,-1,673,653,652,-1,612,610,614,-1,614,610,602,-1,614,602,622,-1,622,602,605,-1,622,605,620,-1,620,605,607,-1,620,607,618,-1,618,607,609,-1,618,609,616,-1,616,609,600,-1,616,600,624,-1,624,600,592,-1,624,592,633,-1,633,592,594,-1,633,594,631,-1,631,594,596,-1,631,596,629,-1,629,596,598,-1,629,598,626,-1,626,598,590,-1,626,590,634,-1,634,590,586,-1,634,586,641,-1,641,586,588,-1,551,541,550,-1,550,541,540,-1,550,540,562,-1,562,540,665,-1,562,665,560,-1,560,665,667,-1,560,667,558,-1,558,667,669,-1,558,669,556,-1,556,669,671,-1,556,671,554,-1,554,671,673,-1,554,673,552,-1,552,673,652,-1,552,652,575,-1,575,652,654,-1,575,654,573,-1,573,654,656,-1,573,656,571,-1,571,656,658,-1,571,658,569,-1,569,658,660,-1,569,660,567,-1,567,660,662,-1,567,662,564,-1,564,662,650,-1,564,650,576,-1,576,650,644,-1,576,644,583,-1,583,644,646,-1,583,646,581,-1,581,646,648,-1,581,648,578,-1,578,648,642,-1,578,642,584,-1,584,642,636,-1,584,636,588,-1,588,636,639,-1,588,639,641,-1,543,549,542,-1,542,549,548,-1,542,548,664,-1,664,548,563,-1,664,563,666,-1,666,563,561,-1,666,561,668,-1,668,561,559,-1,668,559,670,-1,670,559,557,-1,670,557,672,-1,672,557,555,-1,672,555,653,-1,653,555,553,-1,653,553,655,-1,655,553,574,-1,655,574,657,-1,657,574,572,-1,657,572,659,-1,659,572,570,-1,659,570,661,-1,661,570,568,-1,661,568,663,-1,663,568,566,-1,663,566,651,-1,651,566,565,-1,651,565,645,-1,645,565,577,-1,645,577,647,-1,647,577,582,-1,647,582,649,-1,649,582,580,-1,649,580,643,-1,643,580,579,-1,643,579,637,-1,637,579,585,-1,637,585,638,-1,638,585,589,-1,638,589,640,-1,640,589,587,-1,611,613,603,-1,603,613,615,-1,603,615,604,-1,604,615,623,-1,604,623,606,-1,606,623,621,-1,606,621,608,-1,608,621,619,-1,608,619,601,-1,601,619,617,-1,601,617,593,-1,593,617,625,-1,593,625,595,-1,595,625,632,-1,595,632,597,-1,597,632,630,-1,597,630,599,-1,599,630,628,-1,599,628,591,-1,591,628,627,-1,591,627,587,-1,587,627,635,-1,587,635,640,-1,546,551,544,-1,544,551,549,-1,547,541,546,-1,546,541,551,-1,543,545,549,-1,549,545,544,-1,545,543,547,-1,547,543,541,-1,674,675,676,-1,676,675,677,-1,678,679,680,-1,680,679,681,-1,682,683,684,-1,684,683,685,-1,686,687,688,-1,688,687,689,-1,688,689,690,-1,690,689,691,-1,690,691,692,-1,692,691,693,-1,692,693,694,-1,694,693,695,-1,694,695,696,-1,696,695,697,-1,696,697,684,-1,684,697,682,-1,698,699,700,-1,698,700,701,-1,701,700,702,-1,701,702,703,-1,703,702,704,-1,703,704,705,-1,705,704,706,-1,705,706,707,-1,707,706,708,-1,707,708,709,-1,709,708,687,-1,709,687,686,-1,698,710,699,-1,699,710,711,-1,712,713,714,-1,712,714,715,-1,715,714,716,-1,715,716,717,-1,717,716,711,-1,717,711,710,-1,712,718,713,-1,713,718,719,-1,720,721,722,-1,722,721,723,-1,722,723,718,-1,718,723,719,-1,720,724,721,-1,721,724,725,-1,726,727,728,-1,728,727,729,-1,728,729,730,-1,730,729,731,-1,730,731,732,-1,732,731,733,-1,732,733,724,-1,724,733,725,-1,726,734,727,-1,727,734,735,-1,736,737,738,-1,736,738,739,-1,739,738,740,-1,739,740,741,-1,741,740,742,-1,741,742,743,-1,743,742,735,-1,743,735,734,-1,736,744,737,-1,737,744,745,-1,744,746,745,-1,745,746,747,-1,746,748,747,-1,747,748,749,-1,750,751,752,-1,752,751,753,-1,752,753,754,-1,754,753,755,-1,754,755,756,-1,756,755,757,-1,756,757,748,-1,748,757,749,-1,750,758,751,-1,751,758,759,-1,760,761,762,-1,760,762,763,-1,763,762,764,-1,763,764,765,-1,765,764,766,-1,765,766,767,-1,767,766,759,-1,767,759,758,-1,760,768,761,-1,761,768,769,-1,770,771,772,-1,770,772,773,-1,773,772,774,-1,773,774,775,-1,775,774,769,-1,775,769,768,-1,770,776,771,-1,771,776,777,-1,778,779,780,-1,780,779,781,-1,780,781,782,-1,782,781,783,-1,782,783,776,-1,776,783,777,-1,778,784,779,-1,779,784,785,-1,786,787,788,-1,788,787,789,-1,788,789,790,-1,790,789,791,-1,790,791,792,-1,792,791,793,-1,792,793,794,-1,794,793,795,-1,794,795,796,-1,796,795,797,-1,796,797,784,-1,784,797,785,-1,674,676,798,-1,674,798,799,-1,799,798,800,-1,799,800,801,-1,801,800,802,-1,801,802,803,-1,803,802,804,-1,803,804,805,-1,805,804,806,-1,805,806,807,-1,807,806,787,-1,807,787,786,-1,746,744,748,-1,748,744,736,-1,748,736,756,-1,756,736,739,-1,756,739,754,-1,754,739,741,-1,754,741,752,-1,752,741,743,-1,752,743,750,-1,750,743,734,-1,750,734,758,-1,758,734,726,-1,758,726,767,-1,767,726,728,-1,767,728,765,-1,765,728,730,-1,765,730,763,-1,763,730,732,-1,763,732,760,-1,760,732,724,-1,760,724,768,-1,768,724,720,-1,768,720,775,-1,775,720,722,-1,685,675,684,-1,684,675,674,-1,684,674,696,-1,696,674,799,-1,696,799,694,-1,694,799,801,-1,694,801,692,-1,692,801,803,-1,692,803,690,-1,690,803,805,-1,690,805,688,-1,688,805,807,-1,688,807,686,-1,686,807,786,-1,686,786,709,-1,709,786,788,-1,709,788,707,-1,707,788,790,-1,707,790,705,-1,705,790,792,-1,705,792,703,-1,703,792,794,-1,703,794,701,-1,701,794,796,-1,701,796,698,-1,698,796,784,-1,698,784,710,-1,710,784,778,-1,710,778,717,-1,717,778,780,-1,717,780,715,-1,715,780,782,-1,715,782,712,-1,712,782,776,-1,712,776,718,-1,718,776,770,-1,718,770,722,-1,722,770,773,-1,722,773,775,-1,677,683,676,-1,676,683,682,-1,676,682,798,-1,798,682,697,-1,798,697,800,-1,800,697,695,-1,800,695,802,-1,802,695,693,-1,802,693,804,-1,804,693,691,-1,804,691,806,-1,806,691,689,-1,806,689,787,-1,787,689,687,-1,787,687,789,-1,789,687,708,-1,789,708,791,-1,791,708,706,-1,791,706,793,-1,793,706,704,-1,793,704,795,-1,795,704,702,-1,795,702,797,-1,797,702,700,-1,797,700,785,-1,785,700,699,-1,785,699,779,-1,779,699,711,-1,779,711,781,-1,781,711,716,-1,781,716,783,-1,783,716,714,-1,783,714,777,-1,777,714,713,-1,777,713,771,-1,771,713,719,-1,771,719,772,-1,772,719,723,-1,772,723,774,-1,774,723,721,-1,745,747,737,-1,737,747,749,-1,737,749,738,-1,738,749,757,-1,738,757,740,-1,740,757,755,-1,740,755,742,-1,742,755,753,-1,742,753,735,-1,735,753,751,-1,735,751,727,-1,727,751,759,-1,727,759,729,-1,729,759,766,-1,729,766,731,-1,731,766,764,-1,731,764,733,-1,733,764,762,-1,733,762,725,-1,725,762,761,-1,725,761,721,-1,721,761,769,-1,721,769,774,-1,680,685,678,-1,678,685,683,-1,681,675,680,-1,680,675,685,-1,677,679,683,-1,683,679,678,-1,679,677,681,-1,681,677,675,-1,808,809,810,-1,810,809,811,-1,812,813,814,-1,814,813,815,-1,816,817,818,-1,818,817,819,-1,820,821,822,-1,822,821,823,-1,822,823,824,-1,824,823,825,-1,824,825,826,-1,826,825,827,-1,826,827,828,-1,828,827,829,-1,828,829,830,-1,830,829,831,-1,830,831,818,-1,818,831,816,-1,832,833,834,-1,832,834,835,-1,835,834,836,-1,835,836,837,-1,837,836,838,-1,837,838,839,-1,839,838,840,-1,839,840,841,-1,841,840,842,-1,841,842,843,-1,843,842,821,-1,843,821,820,-1,832,844,833,-1,833,844,845,-1,846,847,848,-1,846,848,849,-1,849,848,850,-1,849,850,851,-1,851,850,845,-1,851,845,844,-1,846,852,847,-1,847,852,853,-1,854,855,856,-1,856,855,857,-1,856,857,852,-1,852,857,853,-1,854,858,855,-1,855,858,859,-1,860,861,862,-1,862,861,863,-1,862,863,864,-1,864,863,865,-1,864,865,866,-1,866,865,867,-1,866,867,858,-1,858,867,859,-1,860,868,861,-1,861,868,869,-1,870,871,872,-1,870,872,873,-1,873,872,874,-1,873,874,875,-1,875,874,876,-1,875,876,877,-1,877,876,869,-1,877,869,868,-1,870,878,871,-1,871,878,879,-1,878,880,879,-1,879,880,881,-1,880,882,881,-1,881,882,883,-1,884,885,886,-1,886,885,887,-1,886,887,888,-1,888,887,889,-1,888,889,890,-1,890,889,891,-1,890,891,882,-1,882,891,883,-1,884,892,885,-1,885,892,893,-1,894,895,896,-1,894,896,897,-1,897,896,898,-1,897,898,899,-1,899,898,900,-1,899,900,901,-1,901,900,893,-1,901,893,892,-1,894,902,895,-1,895,902,903,-1,904,905,906,-1,904,906,907,-1,907,906,908,-1,907,908,909,-1,909,908,903,-1,909,903,902,-1,904,910,905,-1,905,910,911,-1,912,913,914,-1,914,913,915,-1,914,915,916,-1,916,915,917,-1,916,917,910,-1,910,917,911,-1,912,918,913,-1,913,918,919,-1,920,921,922,-1,922,921,923,-1,922,923,924,-1,924,923,925,-1,924,925,926,-1,926,925,927,-1,926,927,928,-1,928,927,929,-1,928,929,930,-1,930,929,931,-1,930,931,918,-1,918,931,919,-1,808,810,932,-1,808,932,933,-1,933,932,934,-1,933,934,935,-1,935,934,936,-1,935,936,937,-1,937,936,938,-1,937,938,939,-1,939,938,940,-1,939,940,941,-1,941,940,921,-1,941,921,920,-1,880,878,882,-1,882,878,870,-1,882,870,890,-1,890,870,873,-1,890,873,888,-1,888,873,875,-1,888,875,886,-1,886,875,877,-1,886,877,884,-1,884,877,868,-1,884,868,892,-1,892,868,860,-1,892,860,901,-1,901,860,862,-1,901,862,899,-1,899,862,864,-1,899,864,897,-1,897,864,866,-1,897,866,894,-1,894,866,858,-1,894,858,902,-1,902,858,854,-1,902,854,909,-1,909,854,856,-1,819,809,818,-1,818,809,808,-1,818,808,830,-1,830,808,933,-1,830,933,828,-1,828,933,935,-1,828,935,826,-1,826,935,937,-1,826,937,824,-1,824,937,939,-1,824,939,822,-1,822,939,941,-1,822,941,820,-1,820,941,920,-1,820,920,843,-1,843,920,922,-1,843,922,841,-1,841,922,924,-1,841,924,839,-1,839,924,926,-1,839,926,837,-1,837,926,928,-1,837,928,835,-1,835,928,930,-1,835,930,832,-1,832,930,918,-1,832,918,844,-1,844,918,912,-1,844,912,851,-1,851,912,914,-1,851,914,849,-1,849,914,916,-1,849,916,846,-1,846,916,910,-1,846,910,852,-1,852,910,904,-1,852,904,856,-1,856,904,907,-1,856,907,909,-1,811,817,810,-1,810,817,816,-1,810,816,932,-1,932,816,831,-1,932,831,934,-1,934,831,829,-1,934,829,936,-1,936,829,827,-1,936,827,938,-1,938,827,825,-1,938,825,940,-1,940,825,823,-1,940,823,921,-1,921,823,821,-1,921,821,923,-1,923,821,842,-1,923,842,925,-1,925,842,840,-1,925,840,927,-1,927,840,838,-1,927,838,929,-1,929,838,836,-1,929,836,931,-1,931,836,834,-1,931,834,919,-1,919,834,833,-1,919,833,913,-1,913,833,845,-1,913,845,915,-1,915,845,850,-1,915,850,917,-1,917,850,848,-1,917,848,911,-1,911,848,847,-1,911,847,905,-1,905,847,853,-1,905,853,906,-1,906,853,857,-1,906,857,908,-1,908,857,855,-1,879,881,871,-1,871,881,883,-1,871,883,872,-1,872,883,891,-1,872,891,874,-1,874,891,889,-1,874,889,876,-1,876,889,887,-1,876,887,869,-1,869,887,885,-1,869,885,861,-1,861,885,893,-1,861,893,863,-1,863,893,900,-1,863,900,865,-1,865,900,898,-1,865,898,867,-1,867,898,896,-1,867,896,859,-1,859,896,895,-1,859,895,855,-1,855,895,903,-1,855,903,908,-1,814,819,812,-1,812,819,817,-1,815,809,814,-1,814,809,819,-1,811,813,817,-1,817,813,812,-1,813,811,815,-1,815,811,809,-1,942,943,944,-1,944,943,945,-1,946,947,948,-1,948,947,949,-1,950,951,952,-1,952,951,953,-1,954,955,956,-1,956,955,957,-1,956,957,958,-1,958,957,959,-1,958,959,960,-1,960,959,961,-1,960,961,962,-1,962,961,963,-1,962,963,964,-1,964,963,965,-1,964,965,952,-1,952,965,950,-1,966,967,968,-1,966,968,969,-1,969,968,970,-1,969,970,971,-1,971,970,972,-1,971,972,973,-1,973,972,974,-1,973,974,975,-1,975,974,976,-1,975,976,977,-1,977,976,955,-1,977,955,954,-1,966,978,967,-1,967,978,979,-1,980,981,982,-1,980,982,983,-1,983,982,984,-1,983,984,985,-1,985,984,979,-1,985,979,978,-1,980,986,981,-1,981,986,987,-1,988,989,990,-1,990,989,991,-1,990,991,986,-1,986,991,987,-1,988,992,989,-1,989,992,993,-1,994,995,996,-1,996,995,997,-1,996,997,998,-1,998,997,999,-1,998,999,1000,-1,1000,999,1001,-1,1000,1001,992,-1,992,1001,993,-1,994,1002,995,-1,995,1002,1003,-1,1004,1005,1006,-1,1004,1006,1007,-1,1007,1006,1008,-1,1007,1008,1009,-1,1009,1008,1010,-1,1009,1010,1011,-1,1011,1010,1003,-1,1011,1003,1002,-1,1004,1012,1005,-1,1005,1012,1013,-1,1012,1014,1013,-1,1013,1014,1015,-1,1014,1016,1015,-1,1015,1016,1017,-1,1018,1019,1020,-1,1020,1019,1021,-1,1020,1021,1022,-1,1022,1021,1023,-1,1022,1023,1024,-1,1024,1023,1025,-1,1024,1025,1016,-1,1016,1025,1017,-1,1018,1026,1019,-1,1019,1026,1027,-1,1028,1029,1030,-1,1028,1030,1031,-1,1031,1030,1032,-1,1031,1032,1033,-1,1033,1032,1034,-1,1033,1034,1035,-1,1035,1034,1027,-1,1035,1027,1026,-1,1028,1036,1029,-1,1029,1036,1037,-1,1038,1039,1040,-1,1038,1040,1041,-1,1041,1040,1042,-1,1041,1042,1043,-1,1043,1042,1037,-1,1043,1037,1036,-1,1038,1044,1039,-1,1039,1044,1045,-1,1046,1047,1048,-1,1048,1047,1049,-1,1048,1049,1050,-1,1050,1049,1051,-1,1050,1051,1044,-1,1044,1051,1045,-1,1046,1052,1047,-1,1047,1052,1053,-1,1054,1055,1056,-1,1056,1055,1057,-1,1056,1057,1058,-1,1058,1057,1059,-1,1058,1059,1060,-1,1060,1059,1061,-1,1060,1061,1062,-1,1062,1061,1063,-1,1062,1063,1064,-1,1064,1063,1065,-1,1064,1065,1052,-1,1052,1065,1053,-1,942,944,1066,-1,942,1066,1067,-1,1067,1066,1068,-1,1067,1068,1069,-1,1069,1068,1070,-1,1069,1070,1071,-1,1071,1070,1072,-1,1071,1072,1073,-1,1073,1072,1074,-1,1073,1074,1075,-1,1075,1074,1055,-1,1075,1055,1054,-1,1014,1012,1016,-1,1016,1012,1004,-1,1016,1004,1024,-1,1024,1004,1007,-1,1024,1007,1022,-1,1022,1007,1009,-1,1022,1009,1020,-1,1020,1009,1011,-1,1020,1011,1018,-1,1018,1011,1002,-1,1018,1002,1026,-1,1026,1002,994,-1,1026,994,1035,-1,1035,994,996,-1,1035,996,1033,-1,1033,996,998,-1,1033,998,1031,-1,1031,998,1000,-1,1031,1000,1028,-1,1028,1000,992,-1,1028,992,1036,-1,1036,992,988,-1,1036,988,1043,-1,1043,988,990,-1,953,943,952,-1,952,943,942,-1,952,942,964,-1,964,942,1067,-1,964,1067,962,-1,962,1067,1069,-1,962,1069,960,-1,960,1069,1071,-1,960,1071,958,-1,958,1071,1073,-1,958,1073,956,-1,956,1073,1075,-1,956,1075,954,-1,954,1075,1054,-1,954,1054,977,-1,977,1054,1056,-1,977,1056,975,-1,975,1056,1058,-1,975,1058,973,-1,973,1058,1060,-1,973,1060,971,-1,971,1060,1062,-1,971,1062,969,-1,969,1062,1064,-1,969,1064,966,-1,966,1064,1052,-1,966,1052,978,-1,978,1052,1046,-1,978,1046,985,-1,985,1046,1048,-1,985,1048,983,-1,983,1048,1050,-1,983,1050,980,-1,980,1050,1044,-1,980,1044,986,-1,986,1044,1038,-1,986,1038,990,-1,990,1038,1041,-1,990,1041,1043,-1,945,951,944,-1,944,951,950,-1,944,950,1066,-1,1066,950,965,-1,1066,965,1068,-1,1068,965,963,-1,1068,963,1070,-1,1070,963,961,-1,1070,961,1072,-1,1072,961,959,-1,1072,959,1074,-1,1074,959,957,-1,1074,957,1055,-1,1055,957,955,-1,1055,955,1057,-1,1057,955,976,-1,1057,976,1059,-1,1059,976,974,-1,1059,974,1061,-1,1061,974,972,-1,1061,972,1063,-1,1063,972,970,-1,1063,970,1065,-1,1065,970,968,-1,1065,968,1053,-1,1053,968,967,-1,1053,967,1047,-1,1047,967,979,-1,1047,979,1049,-1,1049,979,984,-1,1049,984,1051,-1,1051,984,982,-1,1051,982,1045,-1,1045,982,981,-1,1045,981,1039,-1,1039,981,987,-1,1039,987,1040,-1,1040,987,991,-1,1040,991,1042,-1,1042,991,989,-1,1013,1015,1005,-1,1005,1015,1017,-1,1005,1017,1006,-1,1006,1017,1025,-1,1006,1025,1008,-1,1008,1025,1023,-1,1008,1023,1010,-1,1010,1023,1021,-1,1010,1021,1003,-1,1003,1021,1019,-1,1003,1019,995,-1,995,1019,1027,-1,995,1027,997,-1,997,1027,1034,-1,997,1034,999,-1,999,1034,1032,-1,999,1032,1001,-1,1001,1032,1030,-1,1001,1030,993,-1,993,1030,1029,-1,993,1029,989,-1,989,1029,1037,-1,989,1037,1042,-1,948,953,946,-1,946,953,951,-1,949,943,948,-1,948,943,953,-1,945,947,951,-1,951,947,946,-1,947,945,949,-1,949,945,943,-1,1076,1077,1078,-1,1078,1077,1079,-1,1080,1081,1082,-1,1082,1081,1083,-1,1084,1085,1086,-1,1086,1085,1087,-1,1088,1089,1090,-1,1090,1089,1091,-1,1090,1091,1092,-1,1092,1091,1093,-1,1092,1093,1094,-1,1094,1093,1095,-1,1094,1095,1096,-1,1096,1095,1097,-1,1096,1097,1098,-1,1098,1097,1099,-1,1098,1099,1086,-1,1086,1099,1084,-1,1100,1101,1102,-1,1100,1102,1103,-1,1103,1102,1104,-1,1103,1104,1105,-1,1105,1104,1106,-1,1105,1106,1107,-1,1107,1106,1108,-1,1107,1108,1109,-1,1109,1108,1110,-1,1109,1110,1111,-1,1111,1110,1089,-1,1111,1089,1088,-1,1100,1112,1101,-1,1101,1112,1113,-1,1114,1115,1116,-1,1114,1116,1117,-1,1117,1116,1118,-1,1117,1118,1119,-1,1119,1118,1113,-1,1119,1113,1112,-1,1114,1120,1115,-1,1115,1120,1121,-1,1122,1123,1124,-1,1124,1123,1125,-1,1124,1125,1120,-1,1120,1125,1121,-1,1122,1126,1123,-1,1123,1126,1127,-1,1128,1129,1130,-1,1130,1129,1131,-1,1130,1131,1132,-1,1132,1131,1133,-1,1132,1133,1134,-1,1134,1133,1135,-1,1134,1135,1126,-1,1126,1135,1127,-1,1128,1136,1129,-1,1129,1136,1137,-1,1138,1139,1140,-1,1138,1140,1141,-1,1141,1140,1142,-1,1141,1142,1143,-1,1143,1142,1144,-1,1143,1144,1145,-1,1145,1144,1137,-1,1145,1137,1136,-1,1138,1146,1139,-1,1139,1146,1147,-1,1146,1148,1147,-1,1147,1148,1149,-1,1148,1150,1149,-1,1149,1150,1151,-1,1152,1153,1154,-1,1154,1153,1155,-1,1154,1155,1156,-1,1156,1155,1157,-1,1156,1157,1158,-1,1158,1157,1159,-1,1158,1159,1150,-1,1150,1159,1151,-1,1152,1160,1153,-1,1153,1160,1161,-1,1162,1163,1164,-1,1162,1164,1165,-1,1165,1164,1166,-1,1165,1166,1167,-1,1167,1166,1168,-1,1167,1168,1169,-1,1169,1168,1161,-1,1169,1161,1160,-1,1162,1170,1163,-1,1163,1170,1171,-1,1172,1173,1174,-1,1172,1174,1175,-1,1175,1174,1176,-1,1175,1176,1177,-1,1177,1176,1171,-1,1177,1171,1170,-1,1172,1178,1173,-1,1173,1178,1179,-1,1180,1181,1182,-1,1182,1181,1183,-1,1182,1183,1184,-1,1184,1183,1185,-1,1184,1185,1178,-1,1178,1185,1179,-1,1180,1186,1181,-1,1181,1186,1187,-1,1188,1189,1190,-1,1190,1189,1191,-1,1190,1191,1192,-1,1192,1191,1193,-1,1192,1193,1194,-1,1194,1193,1195,-1,1194,1195,1196,-1,1196,1195,1197,-1,1196,1197,1198,-1,1198,1197,1199,-1,1198,1199,1186,-1,1186,1199,1187,-1,1076,1078,1200,-1,1076,1200,1201,-1,1201,1200,1202,-1,1201,1202,1203,-1,1203,1202,1204,-1,1203,1204,1205,-1,1205,1204,1206,-1,1205,1206,1207,-1,1207,1206,1208,-1,1207,1208,1209,-1,1209,1208,1189,-1,1209,1189,1188,-1,1148,1146,1150,-1,1150,1146,1138,-1,1150,1138,1158,-1,1158,1138,1141,-1,1158,1141,1156,-1,1156,1141,1143,-1,1156,1143,1154,-1,1154,1143,1145,-1,1154,1145,1152,-1,1152,1145,1136,-1,1152,1136,1160,-1,1160,1136,1128,-1,1160,1128,1169,-1,1169,1128,1130,-1,1169,1130,1167,-1,1167,1130,1132,-1,1167,1132,1165,-1,1165,1132,1134,-1,1165,1134,1162,-1,1162,1134,1126,-1,1162,1126,1170,-1,1170,1126,1122,-1,1170,1122,1177,-1,1177,1122,1124,-1,1087,1077,1086,-1,1086,1077,1076,-1,1086,1076,1098,-1,1098,1076,1201,-1,1098,1201,1096,-1,1096,1201,1203,-1,1096,1203,1094,-1,1094,1203,1205,-1,1094,1205,1092,-1,1092,1205,1207,-1,1092,1207,1090,-1,1090,1207,1209,-1,1090,1209,1088,-1,1088,1209,1188,-1,1088,1188,1111,-1,1111,1188,1190,-1,1111,1190,1109,-1,1109,1190,1192,-1,1109,1192,1107,-1,1107,1192,1194,-1,1107,1194,1105,-1,1105,1194,1196,-1,1105,1196,1103,-1,1103,1196,1198,-1,1103,1198,1100,-1,1100,1198,1186,-1,1100,1186,1112,-1,1112,1186,1180,-1,1112,1180,1119,-1,1119,1180,1182,-1,1119,1182,1117,-1,1117,1182,1184,-1,1117,1184,1114,-1,1114,1184,1178,-1,1114,1178,1120,-1,1120,1178,1172,-1,1120,1172,1124,-1,1124,1172,1175,-1,1124,1175,1177,-1,1079,1085,1078,-1,1078,1085,1084,-1,1078,1084,1200,-1,1200,1084,1099,-1,1200,1099,1202,-1,1202,1099,1097,-1,1202,1097,1204,-1,1204,1097,1095,-1,1204,1095,1206,-1,1206,1095,1093,-1,1206,1093,1208,-1,1208,1093,1091,-1,1208,1091,1189,-1,1189,1091,1089,-1,1189,1089,1191,-1,1191,1089,1110,-1,1191,1110,1193,-1,1193,1110,1108,-1,1193,1108,1195,-1,1195,1108,1106,-1,1195,1106,1197,-1,1197,1106,1104,-1,1197,1104,1199,-1,1199,1104,1102,-1,1199,1102,1187,-1,1187,1102,1101,-1,1187,1101,1181,-1,1181,1101,1113,-1,1181,1113,1183,-1,1183,1113,1118,-1,1183,1118,1185,-1,1185,1118,1116,-1,1185,1116,1179,-1,1179,1116,1115,-1,1179,1115,1173,-1,1173,1115,1121,-1,1173,1121,1174,-1,1174,1121,1125,-1,1174,1125,1176,-1,1176,1125,1123,-1,1147,1149,1139,-1,1139,1149,1151,-1,1139,1151,1140,-1,1140,1151,1159,-1,1140,1159,1142,-1,1142,1159,1157,-1,1142,1157,1144,-1,1144,1157,1155,-1,1144,1155,1137,-1,1137,1155,1153,-1,1137,1153,1129,-1,1129,1153,1161,-1,1129,1161,1131,-1,1131,1161,1168,-1,1131,1168,1133,-1,1133,1168,1166,-1,1133,1166,1135,-1,1135,1166,1164,-1,1135,1164,1127,-1,1127,1164,1163,-1,1127,1163,1123,-1,1123,1163,1171,-1,1123,1171,1176,-1,1082,1087,1080,-1,1080,1087,1085,-1,1083,1077,1082,-1,1082,1077,1087,-1,1079,1081,1085,-1,1085,1081,1080,-1,1081,1079,1083,-1,1083,1079,1077,-1,1210,1211,1212,-1,1212,1211,1213,-1,1214,1215,1216,-1,1216,1215,1217,-1,1218,1219,1220,-1,1220,1219,1221,-1,1222,1223,1224,-1,1224,1223,1225,-1,1224,1225,1226,-1,1226,1225,1227,-1,1226,1227,1228,-1,1228,1227,1229,-1,1228,1229,1230,-1,1230,1229,1231,-1,1230,1231,1232,-1,1232,1231,1233,-1,1232,1233,1220,-1,1220,1233,1218,-1,1234,1235,1236,-1,1234,1236,1237,-1,1237,1236,1238,-1,1237,1238,1239,-1,1239,1238,1240,-1,1239,1240,1241,-1,1241,1240,1242,-1,1241,1242,1243,-1,1243,1242,1244,-1,1243,1244,1245,-1,1245,1244,1223,-1,1245,1223,1222,-1,1234,1246,1235,-1,1235,1246,1247,-1,1248,1249,1250,-1,1248,1250,1251,-1,1251,1250,1252,-1,1251,1252,1253,-1,1253,1252,1247,-1,1253,1247,1246,-1,1248,1254,1249,-1,1249,1254,1255,-1,1256,1257,1258,-1,1258,1257,1259,-1,1258,1259,1254,-1,1254,1259,1255,-1,1256,1260,1257,-1,1257,1260,1261,-1,1262,1263,1264,-1,1264,1263,1265,-1,1264,1265,1266,-1,1266,1265,1267,-1,1266,1267,1268,-1,1268,1267,1269,-1,1268,1269,1260,-1,1260,1269,1261,-1,1262,1270,1263,-1,1263,1270,1271,-1,1272,1273,1274,-1,1272,1274,1275,-1,1275,1274,1276,-1,1275,1276,1277,-1,1277,1276,1278,-1,1277,1278,1279,-1,1279,1278,1271,-1,1279,1271,1270,-1,1272,1280,1273,-1,1273,1280,1281,-1,1280,1282,1281,-1,1281,1282,1283,-1,1282,1284,1283,-1,1283,1284,1285,-1,1286,1287,1288,-1,1288,1287,1289,-1,1288,1289,1290,-1,1290,1289,1291,-1,1290,1291,1292,-1,1292,1291,1293,-1,1292,1293,1284,-1,1284,1293,1285,-1,1286,1294,1287,-1,1287,1294,1295,-1,1296,1297,1298,-1,1296,1298,1299,-1,1299,1298,1300,-1,1299,1300,1301,-1,1301,1300,1302,-1,1301,1302,1303,-1,1303,1302,1295,-1,1303,1295,1294,-1,1296,1304,1297,-1,1297,1304,1305,-1,1306,1307,1308,-1,1306,1308,1309,-1,1309,1308,1310,-1,1309,1310,1311,-1,1311,1310,1305,-1,1311,1305,1304,-1,1306,1312,1307,-1,1307,1312,1313,-1,1314,1315,1316,-1,1316,1315,1317,-1,1316,1317,1318,-1,1318,1317,1319,-1,1318,1319,1312,-1,1312,1319,1313,-1,1314,1320,1315,-1,1315,1320,1321,-1,1322,1323,1324,-1,1324,1323,1325,-1,1324,1325,1326,-1,1326,1325,1327,-1,1326,1327,1328,-1,1328,1327,1329,-1,1328,1329,1330,-1,1330,1329,1331,-1,1330,1331,1332,-1,1332,1331,1333,-1,1332,1333,1320,-1,1320,1333,1321,-1,1210,1212,1334,-1,1210,1334,1335,-1,1335,1334,1336,-1,1335,1336,1337,-1,1337,1336,1338,-1,1337,1338,1339,-1,1339,1338,1340,-1,1339,1340,1341,-1,1341,1340,1342,-1,1341,1342,1343,-1,1343,1342,1323,-1,1343,1323,1322,-1,1282,1280,1284,-1,1284,1280,1272,-1,1284,1272,1292,-1,1292,1272,1275,-1,1292,1275,1290,-1,1290,1275,1277,-1,1290,1277,1288,-1,1288,1277,1279,-1,1288,1279,1286,-1,1286,1279,1270,-1,1286,1270,1294,-1,1294,1270,1262,-1,1294,1262,1303,-1,1303,1262,1264,-1,1303,1264,1301,-1,1301,1264,1266,-1,1301,1266,1299,-1,1299,1266,1268,-1,1299,1268,1296,-1,1296,1268,1260,-1,1296,1260,1304,-1,1304,1260,1256,-1,1304,1256,1311,-1,1311,1256,1258,-1,1221,1211,1220,-1,1220,1211,1210,-1,1220,1210,1232,-1,1232,1210,1335,-1,1232,1335,1230,-1,1230,1335,1337,-1,1230,1337,1228,-1,1228,1337,1339,-1,1228,1339,1226,-1,1226,1339,1341,-1,1226,1341,1224,-1,1224,1341,1343,-1,1224,1343,1222,-1,1222,1343,1322,-1,1222,1322,1245,-1,1245,1322,1324,-1,1245,1324,1243,-1,1243,1324,1326,-1,1243,1326,1241,-1,1241,1326,1328,-1,1241,1328,1239,-1,1239,1328,1330,-1,1239,1330,1237,-1,1237,1330,1332,-1,1237,1332,1234,-1,1234,1332,1320,-1,1234,1320,1246,-1,1246,1320,1314,-1,1246,1314,1253,-1,1253,1314,1316,-1,1253,1316,1251,-1,1251,1316,1318,-1,1251,1318,1248,-1,1248,1318,1312,-1,1248,1312,1254,-1,1254,1312,1306,-1,1254,1306,1258,-1,1258,1306,1309,-1,1258,1309,1311,-1,1213,1219,1212,-1,1212,1219,1218,-1,1212,1218,1334,-1,1334,1218,1233,-1,1334,1233,1336,-1,1336,1233,1231,-1,1336,1231,1338,-1,1338,1231,1229,-1,1338,1229,1340,-1,1340,1229,1227,-1,1340,1227,1342,-1,1342,1227,1225,-1,1342,1225,1323,-1,1323,1225,1223,-1,1323,1223,1325,-1,1325,1223,1244,-1,1325,1244,1327,-1,1327,1244,1242,-1,1327,1242,1329,-1,1329,1242,1240,-1,1329,1240,1331,-1,1331,1240,1238,-1,1331,1238,1333,-1,1333,1238,1236,-1,1333,1236,1321,-1,1321,1236,1235,-1,1321,1235,1315,-1,1315,1235,1247,-1,1315,1247,1317,-1,1317,1247,1252,-1,1317,1252,1319,-1,1319,1252,1250,-1,1319,1250,1313,-1,1313,1250,1249,-1,1313,1249,1307,-1,1307,1249,1255,-1,1307,1255,1308,-1,1308,1255,1259,-1,1308,1259,1310,-1,1310,1259,1257,-1,1281,1283,1273,-1,1273,1283,1285,-1,1273,1285,1274,-1,1274,1285,1293,-1,1274,1293,1276,-1,1276,1293,1291,-1,1276,1291,1278,-1,1278,1291,1289,-1,1278,1289,1271,-1,1271,1289,1287,-1,1271,1287,1263,-1,1263,1287,1295,-1,1263,1295,1265,-1,1265,1295,1302,-1,1265,1302,1267,-1,1267,1302,1300,-1,1267,1300,1269,-1,1269,1300,1298,-1,1269,1298,1261,-1,1261,1298,1297,-1,1261,1297,1257,-1,1257,1297,1305,-1,1257,1305,1310,-1,1216,1221,1214,-1,1214,1221,1219,-1,1217,1211,1216,-1,1216,1211,1221,-1,1213,1215,1219,-1,1219,1215,1214,-1,1215,1213,1217,-1,1217,1213,1211,-1,1344,1345,1346,-1,1346,1345,1347,-1,1348,1349,1350,-1,1350,1349,1351,-1,1352,1353,1354,-1,1354,1353,1355,-1,1356,1357,1358,-1,1358,1357,1359,-1,1358,1359,1360,-1,1360,1359,1361,-1,1360,1361,1362,-1,1362,1361,1363,-1,1362,1363,1364,-1,1364,1363,1365,-1,1364,1365,1366,-1,1366,1365,1367,-1,1366,1367,1354,-1,1354,1367,1352,-1,1368,1369,1370,-1,1368,1370,1371,-1,1371,1370,1372,-1,1371,1372,1373,-1,1373,1372,1374,-1,1373,1374,1375,-1,1375,1374,1376,-1,1375,1376,1377,-1,1377,1376,1378,-1,1377,1378,1379,-1,1379,1378,1357,-1,1379,1357,1356,-1,1368,1380,1369,-1,1369,1380,1381,-1,1382,1383,1384,-1,1382,1384,1385,-1,1385,1384,1386,-1,1385,1386,1387,-1,1387,1386,1381,-1,1387,1381,1380,-1,1382,1388,1383,-1,1383,1388,1389,-1,1390,1391,1392,-1,1392,1391,1393,-1,1392,1393,1388,-1,1388,1393,1389,-1,1390,1394,1391,-1,1391,1394,1395,-1,1396,1397,1398,-1,1398,1397,1399,-1,1398,1399,1400,-1,1400,1399,1401,-1,1400,1401,1402,-1,1402,1401,1403,-1,1402,1403,1394,-1,1394,1403,1395,-1,1396,1404,1397,-1,1397,1404,1405,-1,1406,1407,1408,-1,1406,1408,1409,-1,1409,1408,1410,-1,1409,1410,1411,-1,1411,1410,1412,-1,1411,1412,1413,-1,1413,1412,1405,-1,1413,1405,1404,-1,1406,1414,1407,-1,1407,1414,1415,-1,1414,1416,1415,-1,1415,1416,1417,-1,1416,1418,1417,-1,1417,1418,1419,-1,1420,1421,1422,-1,1422,1421,1423,-1,1422,1423,1424,-1,1424,1423,1425,-1,1424,1425,1426,-1,1426,1425,1427,-1,1426,1427,1418,-1,1418,1427,1419,-1,1420,1428,1421,-1,1421,1428,1429,-1,1430,1431,1432,-1,1430,1432,1433,-1,1433,1432,1434,-1,1433,1434,1435,-1,1435,1434,1436,-1,1435,1436,1437,-1,1437,1436,1429,-1,1437,1429,1428,-1,1430,1438,1431,-1,1431,1438,1439,-1,1440,1441,1442,-1,1440,1442,1443,-1,1443,1442,1444,-1,1443,1444,1445,-1,1445,1444,1439,-1,1445,1439,1438,-1,1440,1446,1441,-1,1441,1446,1447,-1,1448,1449,1450,-1,1450,1449,1451,-1,1450,1451,1452,-1,1452,1451,1453,-1,1452,1453,1446,-1,1446,1453,1447,-1,1448,1454,1449,-1,1449,1454,1455,-1,1456,1457,1458,-1,1458,1457,1459,-1,1458,1459,1460,-1,1460,1459,1461,-1,1460,1461,1462,-1,1462,1461,1463,-1,1462,1463,1464,-1,1464,1463,1465,-1,1464,1465,1466,-1,1466,1465,1467,-1,1466,1467,1454,-1,1454,1467,1455,-1,1344,1346,1468,-1,1344,1468,1469,-1,1469,1468,1470,-1,1469,1470,1471,-1,1471,1470,1472,-1,1471,1472,1473,-1,1473,1472,1474,-1,1473,1474,1475,-1,1475,1474,1476,-1,1475,1476,1477,-1,1477,1476,1457,-1,1477,1457,1456,-1,1416,1414,1418,-1,1418,1414,1406,-1,1418,1406,1426,-1,1426,1406,1409,-1,1426,1409,1424,-1,1424,1409,1411,-1,1424,1411,1422,-1,1422,1411,1413,-1,1422,1413,1420,-1,1420,1413,1404,-1,1420,1404,1428,-1,1428,1404,1396,-1,1428,1396,1437,-1,1437,1396,1398,-1,1437,1398,1435,-1,1435,1398,1400,-1,1435,1400,1433,-1,1433,1400,1402,-1,1433,1402,1430,-1,1430,1402,1394,-1,1430,1394,1438,-1,1438,1394,1390,-1,1438,1390,1445,-1,1445,1390,1392,-1,1355,1345,1354,-1,1354,1345,1344,-1,1354,1344,1366,-1,1366,1344,1469,-1,1366,1469,1364,-1,1364,1469,1471,-1,1364,1471,1362,-1,1362,1471,1473,-1,1362,1473,1360,-1,1360,1473,1475,-1,1360,1475,1358,-1,1358,1475,1477,-1,1358,1477,1356,-1,1356,1477,1456,-1,1356,1456,1379,-1,1379,1456,1458,-1,1379,1458,1377,-1,1377,1458,1460,-1,1377,1460,1375,-1,1375,1460,1462,-1,1375,1462,1373,-1,1373,1462,1464,-1,1373,1464,1371,-1,1371,1464,1466,-1,1371,1466,1368,-1,1368,1466,1454,-1,1368,1454,1380,-1,1380,1454,1448,-1,1380,1448,1387,-1,1387,1448,1450,-1,1387,1450,1385,-1,1385,1450,1452,-1,1385,1452,1382,-1,1382,1452,1446,-1,1382,1446,1388,-1,1388,1446,1440,-1,1388,1440,1392,-1,1392,1440,1443,-1,1392,1443,1445,-1,1347,1353,1346,-1,1346,1353,1352,-1,1346,1352,1468,-1,1468,1352,1367,-1,1468,1367,1470,-1,1470,1367,1365,-1,1470,1365,1472,-1,1472,1365,1363,-1,1472,1363,1474,-1,1474,1363,1361,-1,1474,1361,1476,-1,1476,1361,1359,-1,1476,1359,1457,-1,1457,1359,1357,-1,1457,1357,1459,-1,1459,1357,1378,-1,1459,1378,1461,-1,1461,1378,1376,-1,1461,1376,1463,-1,1463,1376,1374,-1,1463,1374,1465,-1,1465,1374,1372,-1,1465,1372,1467,-1,1467,1372,1370,-1,1467,1370,1455,-1,1455,1370,1369,-1,1455,1369,1449,-1,1449,1369,1381,-1,1449,1381,1451,-1,1451,1381,1386,-1,1451,1386,1453,-1,1453,1386,1384,-1,1453,1384,1447,-1,1447,1384,1383,-1,1447,1383,1441,-1,1441,1383,1389,-1,1441,1389,1442,-1,1442,1389,1393,-1,1442,1393,1444,-1,1444,1393,1391,-1,1415,1417,1407,-1,1407,1417,1419,-1,1407,1419,1408,-1,1408,1419,1427,-1,1408,1427,1410,-1,1410,1427,1425,-1,1410,1425,1412,-1,1412,1425,1423,-1,1412,1423,1405,-1,1405,1423,1421,-1,1405,1421,1397,-1,1397,1421,1429,-1,1397,1429,1399,-1,1399,1429,1436,-1,1399,1436,1401,-1,1401,1436,1434,-1,1401,1434,1403,-1,1403,1434,1432,-1,1403,1432,1395,-1,1395,1432,1431,-1,1395,1431,1391,-1,1391,1431,1439,-1,1391,1439,1444,-1,1350,1355,1348,-1,1348,1355,1353,-1,1351,1345,1350,-1,1350,1345,1355,-1,1347,1349,1353,-1,1353,1349,1348,-1,1349,1347,1351,-1,1351,1347,1345,-1,1478,1479,1480,-1,1480,1479,1481,-1,1482,1483,1484,-1,1484,1483,1485,-1,1486,1487,1488,-1,1488,1487,1489,-1,1490,1491,1492,-1,1492,1491,1493,-1,1492,1493,1494,-1,1494,1493,1495,-1,1494,1495,1496,-1,1496,1495,1497,-1,1496,1497,1498,-1,1498,1497,1499,-1,1498,1499,1500,-1,1500,1499,1501,-1,1500,1501,1488,-1,1488,1501,1486,-1,1502,1503,1504,-1,1502,1504,1505,-1,1505,1504,1506,-1,1505,1506,1507,-1,1507,1506,1508,-1,1507,1508,1509,-1,1509,1508,1510,-1,1509,1510,1511,-1,1511,1510,1512,-1,1511,1512,1513,-1,1513,1512,1491,-1,1513,1491,1490,-1,1502,1514,1503,-1,1503,1514,1515,-1,1516,1517,1518,-1,1516,1518,1519,-1,1519,1518,1520,-1,1519,1520,1521,-1,1521,1520,1515,-1,1521,1515,1514,-1,1516,1522,1517,-1,1517,1522,1523,-1,1524,1525,1526,-1,1526,1525,1527,-1,1526,1527,1522,-1,1522,1527,1523,-1,1524,1528,1525,-1,1525,1528,1529,-1,1530,1531,1532,-1,1532,1531,1533,-1,1532,1533,1534,-1,1534,1533,1535,-1,1534,1535,1536,-1,1536,1535,1537,-1,1536,1537,1528,-1,1528,1537,1529,-1,1530,1538,1531,-1,1531,1538,1539,-1,1540,1541,1542,-1,1540,1542,1543,-1,1543,1542,1544,-1,1543,1544,1545,-1,1545,1544,1546,-1,1545,1546,1547,-1,1547,1546,1539,-1,1547,1539,1538,-1,1540,1548,1541,-1,1541,1548,1549,-1,1548,1550,1549,-1,1549,1550,1551,-1,1550,1552,1551,-1,1551,1552,1553,-1,1554,1555,1556,-1,1556,1555,1557,-1,1556,1557,1558,-1,1558,1557,1559,-1,1558,1559,1560,-1,1560,1559,1561,-1,1560,1561,1552,-1,1552,1561,1553,-1,1554,1562,1555,-1,1555,1562,1563,-1,1564,1565,1566,-1,1564,1566,1567,-1,1567,1566,1568,-1,1567,1568,1569,-1,1569,1568,1570,-1,1569,1570,1571,-1,1571,1570,1563,-1,1571,1563,1562,-1,1564,1572,1565,-1,1565,1572,1573,-1,1574,1575,1576,-1,1574,1576,1577,-1,1577,1576,1578,-1,1577,1578,1579,-1,1579,1578,1573,-1,1579,1573,1572,-1,1574,1580,1575,-1,1575,1580,1581,-1,1582,1583,1584,-1,1584,1583,1585,-1,1584,1585,1586,-1,1586,1585,1587,-1,1586,1587,1580,-1,1580,1587,1581,-1,1582,1588,1583,-1,1583,1588,1589,-1,1590,1591,1592,-1,1592,1591,1593,-1,1592,1593,1594,-1,1594,1593,1595,-1,1594,1595,1596,-1,1596,1595,1597,-1,1596,1597,1598,-1,1598,1597,1599,-1,1598,1599,1600,-1,1600,1599,1601,-1,1600,1601,1588,-1,1588,1601,1589,-1,1478,1480,1602,-1,1478,1602,1603,-1,1603,1602,1604,-1,1603,1604,1605,-1,1605,1604,1606,-1,1605,1606,1607,-1,1607,1606,1608,-1,1607,1608,1609,-1,1609,1608,1610,-1,1609,1610,1611,-1,1611,1610,1591,-1,1611,1591,1590,-1,1550,1548,1552,-1,1552,1548,1540,-1,1552,1540,1560,-1,1560,1540,1543,-1,1560,1543,1558,-1,1558,1543,1545,-1,1558,1545,1556,-1,1556,1545,1547,-1,1556,1547,1554,-1,1554,1547,1538,-1,1554,1538,1562,-1,1562,1538,1530,-1,1562,1530,1571,-1,1571,1530,1532,-1,1571,1532,1569,-1,1569,1532,1534,-1,1569,1534,1567,-1,1567,1534,1536,-1,1567,1536,1564,-1,1564,1536,1528,-1,1564,1528,1572,-1,1572,1528,1524,-1,1572,1524,1579,-1,1579,1524,1526,-1,1489,1479,1488,-1,1488,1479,1478,-1,1488,1478,1500,-1,1500,1478,1603,-1,1500,1603,1498,-1,1498,1603,1605,-1,1498,1605,1496,-1,1496,1605,1607,-1,1496,1607,1494,-1,1494,1607,1609,-1,1494,1609,1492,-1,1492,1609,1611,-1,1492,1611,1490,-1,1490,1611,1590,-1,1490,1590,1513,-1,1513,1590,1592,-1,1513,1592,1511,-1,1511,1592,1594,-1,1511,1594,1509,-1,1509,1594,1596,-1,1509,1596,1507,-1,1507,1596,1598,-1,1507,1598,1505,-1,1505,1598,1600,-1,1505,1600,1502,-1,1502,1600,1588,-1,1502,1588,1514,-1,1514,1588,1582,-1,1514,1582,1521,-1,1521,1582,1584,-1,1521,1584,1519,-1,1519,1584,1586,-1,1519,1586,1516,-1,1516,1586,1580,-1,1516,1580,1522,-1,1522,1580,1574,-1,1522,1574,1526,-1,1526,1574,1577,-1,1526,1577,1579,-1,1481,1487,1480,-1,1480,1487,1486,-1,1480,1486,1602,-1,1602,1486,1501,-1,1602,1501,1604,-1,1604,1501,1499,-1,1604,1499,1606,-1,1606,1499,1497,-1,1606,1497,1608,-1,1608,1497,1495,-1,1608,1495,1610,-1,1610,1495,1493,-1,1610,1493,1591,-1,1591,1493,1491,-1,1591,1491,1593,-1,1593,1491,1512,-1,1593,1512,1595,-1,1595,1512,1510,-1,1595,1510,1597,-1,1597,1510,1508,-1,1597,1508,1599,-1,1599,1508,1506,-1,1599,1506,1601,-1,1601,1506,1504,-1,1601,1504,1589,-1,1589,1504,1503,-1,1589,1503,1583,-1,1583,1503,1515,-1,1583,1515,1585,-1,1585,1515,1520,-1,1585,1520,1587,-1,1587,1520,1518,-1,1587,1518,1581,-1,1581,1518,1517,-1,1581,1517,1575,-1,1575,1517,1523,-1,1575,1523,1576,-1,1576,1523,1527,-1,1576,1527,1578,-1,1578,1527,1525,-1,1549,1551,1541,-1,1541,1551,1553,-1,1541,1553,1542,-1,1542,1553,1561,-1,1542,1561,1544,-1,1544,1561,1559,-1,1544,1559,1546,-1,1546,1559,1557,-1,1546,1557,1539,-1,1539,1557,1555,-1,1539,1555,1531,-1,1531,1555,1563,-1,1531,1563,1533,-1,1533,1563,1570,-1,1533,1570,1535,-1,1535,1570,1568,-1,1535,1568,1537,-1,1537,1568,1566,-1,1537,1566,1529,-1,1529,1566,1565,-1,1529,1565,1525,-1,1525,1565,1573,-1,1525,1573,1578,-1,1484,1489,1482,-1,1482,1489,1487,-1,1485,1479,1484,-1,1484,1479,1489,-1,1481,1483,1487,-1,1487,1483,1482,-1,1483,1481,1485,-1,1485,1481,1479,-1,1612,1613,1614,-1,1614,1613,1615,-1,1616,1617,1618,-1,1618,1617,1619,-1,1620,1621,1622,-1,1622,1621,1623,-1,1624,1625,1626,-1,1626,1625,1627,-1,1626,1627,1628,-1,1628,1627,1629,-1,1628,1629,1630,-1,1630,1629,1631,-1,1630,1631,1632,-1,1632,1631,1633,-1,1632,1633,1634,-1,1634,1633,1635,-1,1634,1635,1622,-1,1622,1635,1620,-1,1636,1637,1638,-1,1636,1638,1639,-1,1639,1638,1640,-1,1639,1640,1641,-1,1641,1640,1642,-1,1641,1642,1643,-1,1643,1642,1644,-1,1643,1644,1645,-1,1645,1644,1646,-1,1645,1646,1647,-1,1647,1646,1625,-1,1647,1625,1624,-1,1636,1648,1637,-1,1637,1648,1649,-1,1650,1651,1652,-1,1650,1652,1653,-1,1653,1652,1654,-1,1653,1654,1655,-1,1655,1654,1649,-1,1655,1649,1648,-1,1650,1656,1651,-1,1651,1656,1657,-1,1658,1659,1660,-1,1660,1659,1661,-1,1660,1661,1656,-1,1656,1661,1657,-1,1658,1662,1659,-1,1659,1662,1663,-1,1664,1665,1666,-1,1666,1665,1667,-1,1666,1667,1668,-1,1668,1667,1669,-1,1668,1669,1670,-1,1670,1669,1671,-1,1670,1671,1662,-1,1662,1671,1663,-1,1664,1672,1665,-1,1665,1672,1673,-1,1674,1675,1676,-1,1674,1676,1677,-1,1677,1676,1678,-1,1677,1678,1679,-1,1679,1678,1680,-1,1679,1680,1681,-1,1681,1680,1673,-1,1681,1673,1672,-1,1674,1682,1675,-1,1675,1682,1683,-1,1682,1684,1683,-1,1683,1684,1685,-1,1684,1686,1685,-1,1685,1686,1687,-1,1688,1689,1690,-1,1690,1689,1691,-1,1690,1691,1692,-1,1692,1691,1693,-1,1692,1693,1694,-1,1694,1693,1695,-1,1694,1695,1686,-1,1686,1695,1687,-1,1688,1696,1689,-1,1689,1696,1697,-1,1698,1699,1700,-1,1698,1700,1701,-1,1701,1700,1702,-1,1701,1702,1703,-1,1703,1702,1704,-1,1703,1704,1705,-1,1705,1704,1697,-1,1705,1697,1696,-1,1698,1706,1699,-1,1699,1706,1707,-1,1708,1709,1710,-1,1708,1710,1711,-1,1711,1710,1712,-1,1711,1712,1713,-1,1713,1712,1707,-1,1713,1707,1706,-1,1708,1714,1709,-1,1709,1714,1715,-1,1716,1717,1718,-1,1718,1717,1719,-1,1718,1719,1720,-1,1720,1719,1721,-1,1720,1721,1714,-1,1714,1721,1715,-1,1716,1722,1717,-1,1717,1722,1723,-1,1724,1725,1726,-1,1726,1725,1727,-1,1726,1727,1728,-1,1728,1727,1729,-1,1728,1729,1730,-1,1730,1729,1731,-1,1730,1731,1732,-1,1732,1731,1733,-1,1732,1733,1734,-1,1734,1733,1735,-1,1734,1735,1722,-1,1722,1735,1723,-1,1612,1614,1736,-1,1612,1736,1737,-1,1737,1736,1738,-1,1737,1738,1739,-1,1739,1738,1740,-1,1739,1740,1741,-1,1741,1740,1742,-1,1741,1742,1743,-1,1743,1742,1744,-1,1743,1744,1745,-1,1745,1744,1725,-1,1745,1725,1724,-1,1684,1682,1686,-1,1686,1682,1674,-1,1686,1674,1694,-1,1694,1674,1677,-1,1694,1677,1692,-1,1692,1677,1679,-1,1692,1679,1690,-1,1690,1679,1681,-1,1690,1681,1688,-1,1688,1681,1672,-1,1688,1672,1696,-1,1696,1672,1664,-1,1696,1664,1705,-1,1705,1664,1666,-1,1705,1666,1703,-1,1703,1666,1668,-1,1703,1668,1701,-1,1701,1668,1670,-1,1701,1670,1698,-1,1698,1670,1662,-1,1698,1662,1706,-1,1706,1662,1658,-1,1706,1658,1713,-1,1713,1658,1660,-1,1623,1613,1622,-1,1622,1613,1612,-1,1622,1612,1634,-1,1634,1612,1737,-1,1634,1737,1632,-1,1632,1737,1739,-1,1632,1739,1630,-1,1630,1739,1741,-1,1630,1741,1628,-1,1628,1741,1743,-1,1628,1743,1626,-1,1626,1743,1745,-1,1626,1745,1624,-1,1624,1745,1724,-1,1624,1724,1647,-1,1647,1724,1726,-1,1647,1726,1645,-1,1645,1726,1728,-1,1645,1728,1643,-1,1643,1728,1730,-1,1643,1730,1641,-1,1641,1730,1732,-1,1641,1732,1639,-1,1639,1732,1734,-1,1639,1734,1636,-1,1636,1734,1722,-1,1636,1722,1648,-1,1648,1722,1716,-1,1648,1716,1655,-1,1655,1716,1718,-1,1655,1718,1653,-1,1653,1718,1720,-1,1653,1720,1650,-1,1650,1720,1714,-1,1650,1714,1656,-1,1656,1714,1708,-1,1656,1708,1660,-1,1660,1708,1711,-1,1660,1711,1713,-1,1615,1621,1614,-1,1614,1621,1620,-1,1614,1620,1736,-1,1736,1620,1635,-1,1736,1635,1738,-1,1738,1635,1633,-1,1738,1633,1740,-1,1740,1633,1631,-1,1740,1631,1742,-1,1742,1631,1629,-1,1742,1629,1744,-1,1744,1629,1627,-1,1744,1627,1725,-1,1725,1627,1625,-1,1725,1625,1727,-1,1727,1625,1646,-1,1727,1646,1729,-1,1729,1646,1644,-1,1729,1644,1731,-1,1731,1644,1642,-1,1731,1642,1733,-1,1733,1642,1640,-1,1733,1640,1735,-1,1735,1640,1638,-1,1735,1638,1723,-1,1723,1638,1637,-1,1723,1637,1717,-1,1717,1637,1649,-1,1717,1649,1719,-1,1719,1649,1654,-1,1719,1654,1721,-1,1721,1654,1652,-1,1721,1652,1715,-1,1715,1652,1651,-1,1715,1651,1709,-1,1709,1651,1657,-1,1709,1657,1710,-1,1710,1657,1661,-1,1710,1661,1712,-1,1712,1661,1659,-1,1683,1685,1675,-1,1675,1685,1687,-1,1675,1687,1676,-1,1676,1687,1695,-1,1676,1695,1678,-1,1678,1695,1693,-1,1678,1693,1680,-1,1680,1693,1691,-1,1680,1691,1673,-1,1673,1691,1689,-1,1673,1689,1665,-1,1665,1689,1697,-1,1665,1697,1667,-1,1667,1697,1704,-1,1667,1704,1669,-1,1669,1704,1702,-1,1669,1702,1671,-1,1671,1702,1700,-1,1671,1700,1663,-1,1663,1700,1699,-1,1663,1699,1659,-1,1659,1699,1707,-1,1659,1707,1712,-1,1618,1623,1616,-1,1616,1623,1621,-1,1619,1613,1618,-1,1618,1613,1623,-1,1615,1617,1621,-1,1621,1617,1616,-1,1617,1615,1619,-1,1619,1615,1613,-1,1746,1747,1748,-1,1748,1747,1749,-1,1750,1751,1752,-1,1752,1751,1753,-1,1754,1755,1756,-1,1756,1755,1757,-1,1758,1759,1760,-1,1760,1759,1761,-1,1760,1761,1762,-1,1762,1761,1763,-1,1762,1763,1764,-1,1764,1763,1765,-1,1764,1765,1766,-1,1766,1765,1767,-1,1766,1767,1768,-1,1768,1767,1769,-1,1768,1769,1756,-1,1756,1769,1754,-1,1770,1771,1772,-1,1770,1772,1773,-1,1773,1772,1774,-1,1773,1774,1775,-1,1775,1774,1776,-1,1775,1776,1777,-1,1777,1776,1778,-1,1777,1778,1779,-1,1779,1778,1780,-1,1779,1780,1781,-1,1781,1780,1759,-1,1781,1759,1758,-1,1770,1782,1771,-1,1771,1782,1783,-1,1784,1785,1786,-1,1784,1786,1787,-1,1787,1786,1788,-1,1787,1788,1789,-1,1789,1788,1783,-1,1789,1783,1782,-1,1784,1790,1785,-1,1785,1790,1791,-1,1792,1793,1794,-1,1794,1793,1795,-1,1794,1795,1790,-1,1790,1795,1791,-1,1792,1796,1793,-1,1793,1796,1797,-1,1798,1799,1800,-1,1800,1799,1801,-1,1800,1801,1802,-1,1802,1801,1803,-1,1802,1803,1804,-1,1804,1803,1805,-1,1804,1805,1796,-1,1796,1805,1797,-1,1798,1806,1799,-1,1799,1806,1807,-1,1808,1809,1810,-1,1808,1810,1811,-1,1811,1810,1812,-1,1811,1812,1813,-1,1813,1812,1814,-1,1813,1814,1815,-1,1815,1814,1807,-1,1815,1807,1806,-1,1808,1816,1809,-1,1809,1816,1817,-1,1816,1818,1817,-1,1817,1818,1819,-1,1818,1820,1819,-1,1819,1820,1821,-1,1822,1823,1824,-1,1824,1823,1825,-1,1824,1825,1826,-1,1826,1825,1827,-1,1826,1827,1828,-1,1828,1827,1829,-1,1828,1829,1820,-1,1820,1829,1821,-1,1822,1830,1823,-1,1823,1830,1831,-1,1832,1833,1834,-1,1832,1834,1835,-1,1835,1834,1836,-1,1835,1836,1837,-1,1837,1836,1838,-1,1837,1838,1839,-1,1839,1838,1831,-1,1839,1831,1830,-1,1832,1840,1833,-1,1833,1840,1841,-1,1842,1843,1844,-1,1842,1844,1845,-1,1845,1844,1846,-1,1845,1846,1847,-1,1847,1846,1841,-1,1847,1841,1840,-1,1842,1848,1843,-1,1843,1848,1849,-1,1850,1851,1852,-1,1852,1851,1853,-1,1852,1853,1854,-1,1854,1853,1855,-1,1854,1855,1848,-1,1848,1855,1849,-1,1850,1856,1851,-1,1851,1856,1857,-1,1858,1859,1860,-1,1860,1859,1861,-1,1860,1861,1862,-1,1862,1861,1863,-1,1862,1863,1864,-1,1864,1863,1865,-1,1864,1865,1866,-1,1866,1865,1867,-1,1866,1867,1868,-1,1868,1867,1869,-1,1868,1869,1856,-1,1856,1869,1857,-1,1746,1748,1870,-1,1746,1870,1871,-1,1871,1870,1872,-1,1871,1872,1873,-1,1873,1872,1874,-1,1873,1874,1875,-1,1875,1874,1876,-1,1875,1876,1877,-1,1877,1876,1878,-1,1877,1878,1879,-1,1879,1878,1859,-1,1879,1859,1858,-1,1818,1816,1820,-1,1820,1816,1808,-1,1820,1808,1828,-1,1828,1808,1811,-1,1828,1811,1826,-1,1826,1811,1813,-1,1826,1813,1824,-1,1824,1813,1815,-1,1824,1815,1822,-1,1822,1815,1806,-1,1822,1806,1830,-1,1830,1806,1798,-1,1830,1798,1839,-1,1839,1798,1800,-1,1839,1800,1837,-1,1837,1800,1802,-1,1837,1802,1835,-1,1835,1802,1804,-1,1835,1804,1832,-1,1832,1804,1796,-1,1832,1796,1840,-1,1840,1796,1792,-1,1840,1792,1847,-1,1847,1792,1794,-1,1757,1747,1756,-1,1756,1747,1746,-1,1756,1746,1768,-1,1768,1746,1871,-1,1768,1871,1766,-1,1766,1871,1873,-1,1766,1873,1764,-1,1764,1873,1875,-1,1764,1875,1762,-1,1762,1875,1877,-1,1762,1877,1760,-1,1760,1877,1879,-1,1760,1879,1758,-1,1758,1879,1858,-1,1758,1858,1781,-1,1781,1858,1860,-1,1781,1860,1779,-1,1779,1860,1862,-1,1779,1862,1777,-1,1777,1862,1864,-1,1777,1864,1775,-1,1775,1864,1866,-1,1775,1866,1773,-1,1773,1866,1868,-1,1773,1868,1770,-1,1770,1868,1856,-1,1770,1856,1782,-1,1782,1856,1850,-1,1782,1850,1789,-1,1789,1850,1852,-1,1789,1852,1787,-1,1787,1852,1854,-1,1787,1854,1784,-1,1784,1854,1848,-1,1784,1848,1790,-1,1790,1848,1842,-1,1790,1842,1794,-1,1794,1842,1845,-1,1794,1845,1847,-1,1749,1755,1748,-1,1748,1755,1754,-1,1748,1754,1870,-1,1870,1754,1769,-1,1870,1769,1872,-1,1872,1769,1767,-1,1872,1767,1874,-1,1874,1767,1765,-1,1874,1765,1876,-1,1876,1765,1763,-1,1876,1763,1878,-1,1878,1763,1761,-1,1878,1761,1859,-1,1859,1761,1759,-1,1859,1759,1861,-1,1861,1759,1780,-1,1861,1780,1863,-1,1863,1780,1778,-1,1863,1778,1865,-1,1865,1778,1776,-1,1865,1776,1867,-1,1867,1776,1774,-1,1867,1774,1869,-1,1869,1774,1772,-1,1869,1772,1857,-1,1857,1772,1771,-1,1857,1771,1851,-1,1851,1771,1783,-1,1851,1783,1853,-1,1853,1783,1788,-1,1853,1788,1855,-1,1855,1788,1786,-1,1855,1786,1849,-1,1849,1786,1785,-1,1849,1785,1843,-1,1843,1785,1791,-1,1843,1791,1844,-1,1844,1791,1795,-1,1844,1795,1846,-1,1846,1795,1793,-1,1817,1819,1809,-1,1809,1819,1821,-1,1809,1821,1810,-1,1810,1821,1829,-1,1810,1829,1812,-1,1812,1829,1827,-1,1812,1827,1814,-1,1814,1827,1825,-1,1814,1825,1807,-1,1807,1825,1823,-1,1807,1823,1799,-1,1799,1823,1831,-1,1799,1831,1801,-1,1801,1831,1838,-1,1801,1838,1803,-1,1803,1838,1836,-1,1803,1836,1805,-1,1805,1836,1834,-1,1805,1834,1797,-1,1797,1834,1833,-1,1797,1833,1793,-1,1793,1833,1841,-1,1793,1841,1846,-1,1752,1757,1750,-1,1750,1757,1755,-1,1753,1747,1752,-1,1752,1747,1757,-1,1749,1751,1755,-1,1755,1751,1750,-1,1751,1749,1753,-1,1753,1749,1747,-1,1880,1881,1882,-1,1882,1881,1883,-1,1884,1885,1886,-1,1886,1885,1887,-1,1888,1889,1890,-1,1890,1889,1891,-1,1892,1893,1894,-1,1894,1893,1895,-1,1894,1895,1896,-1,1896,1895,1897,-1,1896,1897,1898,-1,1898,1897,1899,-1,1898,1899,1900,-1,1900,1899,1901,-1,1900,1901,1902,-1,1902,1901,1903,-1,1902,1903,1890,-1,1890,1903,1888,-1,1904,1905,1906,-1,1904,1906,1907,-1,1907,1906,1908,-1,1907,1908,1909,-1,1909,1908,1910,-1,1909,1910,1911,-1,1911,1910,1912,-1,1911,1912,1913,-1,1913,1912,1914,-1,1913,1914,1915,-1,1915,1914,1893,-1,1915,1893,1892,-1,1904,1916,1905,-1,1905,1916,1917,-1,1918,1919,1920,-1,1918,1920,1921,-1,1921,1920,1922,-1,1921,1922,1923,-1,1923,1922,1917,-1,1923,1917,1916,-1,1918,1924,1919,-1,1919,1924,1925,-1,1926,1927,1928,-1,1928,1927,1929,-1,1928,1929,1924,-1,1924,1929,1925,-1,1926,1930,1927,-1,1927,1930,1931,-1,1932,1933,1934,-1,1934,1933,1935,-1,1934,1935,1936,-1,1936,1935,1937,-1,1936,1937,1938,-1,1938,1937,1939,-1,1938,1939,1930,-1,1930,1939,1931,-1,1932,1940,1933,-1,1933,1940,1941,-1,1942,1943,1944,-1,1942,1944,1945,-1,1945,1944,1946,-1,1945,1946,1947,-1,1947,1946,1948,-1,1947,1948,1949,-1,1949,1948,1941,-1,1949,1941,1940,-1,1942,1950,1943,-1,1943,1950,1951,-1,1950,1952,1951,-1,1951,1952,1953,-1,1952,1954,1953,-1,1953,1954,1955,-1,1956,1957,1958,-1,1958,1957,1959,-1,1958,1959,1960,-1,1960,1959,1961,-1,1960,1961,1962,-1,1962,1961,1963,-1,1962,1963,1954,-1,1954,1963,1955,-1,1956,1964,1957,-1,1957,1964,1965,-1,1966,1967,1968,-1,1966,1968,1969,-1,1969,1968,1970,-1,1969,1970,1971,-1,1971,1970,1972,-1,1971,1972,1973,-1,1973,1972,1965,-1,1973,1965,1964,-1,1966,1974,1967,-1,1967,1974,1975,-1,1976,1977,1978,-1,1976,1978,1979,-1,1979,1978,1980,-1,1979,1980,1981,-1,1981,1980,1975,-1,1981,1975,1974,-1,1976,1982,1977,-1,1977,1982,1983,-1,1984,1985,1986,-1,1986,1985,1987,-1,1986,1987,1988,-1,1988,1987,1989,-1,1988,1989,1982,-1,1982,1989,1983,-1,1984,1990,1985,-1,1985,1990,1991,-1,1992,1993,1994,-1,1994,1993,1995,-1,1994,1995,1996,-1,1996,1995,1997,-1,1996,1997,1998,-1,1998,1997,1999,-1,1998,1999,2000,-1,2000,1999,2001,-1,2000,2001,2002,-1,2002,2001,2003,-1,2002,2003,1990,-1,1990,2003,1991,-1,1880,1882,2004,-1,1880,2004,2005,-1,2005,2004,2006,-1,2005,2006,2007,-1,2007,2006,2008,-1,2007,2008,2009,-1,2009,2008,2010,-1,2009,2010,2011,-1,2011,2010,2012,-1,2011,2012,2013,-1,2013,2012,1993,-1,2013,1993,1992,-1,1952,1950,1954,-1,1954,1950,1942,-1,1954,1942,1962,-1,1962,1942,1945,-1,1962,1945,1960,-1,1960,1945,1947,-1,1960,1947,1958,-1,1958,1947,1949,-1,1958,1949,1956,-1,1956,1949,1940,-1,1956,1940,1964,-1,1964,1940,1932,-1,1964,1932,1973,-1,1973,1932,1934,-1,1973,1934,1971,-1,1971,1934,1936,-1,1971,1936,1969,-1,1969,1936,1938,-1,1969,1938,1966,-1,1966,1938,1930,-1,1966,1930,1974,-1,1974,1930,1926,-1,1974,1926,1981,-1,1981,1926,1928,-1,1891,1881,1890,-1,1890,1881,1880,-1,1890,1880,1902,-1,1902,1880,2005,-1,1902,2005,1900,-1,1900,2005,2007,-1,1900,2007,1898,-1,1898,2007,2009,-1,1898,2009,1896,-1,1896,2009,2011,-1,1896,2011,1894,-1,1894,2011,2013,-1,1894,2013,1892,-1,1892,2013,1992,-1,1892,1992,1915,-1,1915,1992,1994,-1,1915,1994,1913,-1,1913,1994,1996,-1,1913,1996,1911,-1,1911,1996,1998,-1,1911,1998,1909,-1,1909,1998,2000,-1,1909,2000,1907,-1,1907,2000,2002,-1,1907,2002,1904,-1,1904,2002,1990,-1,1904,1990,1916,-1,1916,1990,1984,-1,1916,1984,1923,-1,1923,1984,1986,-1,1923,1986,1921,-1,1921,1986,1988,-1,1921,1988,1918,-1,1918,1988,1982,-1,1918,1982,1924,-1,1924,1982,1976,-1,1924,1976,1928,-1,1928,1976,1979,-1,1928,1979,1981,-1,1883,1889,1882,-1,1882,1889,1888,-1,1882,1888,2004,-1,2004,1888,1903,-1,2004,1903,2006,-1,2006,1903,1901,-1,2006,1901,2008,-1,2008,1901,1899,-1,2008,1899,2010,-1,2010,1899,1897,-1,2010,1897,2012,-1,2012,1897,1895,-1,2012,1895,1993,-1,1993,1895,1893,-1,1993,1893,1995,-1,1995,1893,1914,-1,1995,1914,1997,-1,1997,1914,1912,-1,1997,1912,1999,-1,1999,1912,1910,-1,1999,1910,2001,-1,2001,1910,1908,-1,2001,1908,2003,-1,2003,1908,1906,-1,2003,1906,1991,-1,1991,1906,1905,-1,1991,1905,1985,-1,1985,1905,1917,-1,1985,1917,1987,-1,1987,1917,1922,-1,1987,1922,1989,-1,1989,1922,1920,-1,1989,1920,1983,-1,1983,1920,1919,-1,1983,1919,1977,-1,1977,1919,1925,-1,1977,1925,1978,-1,1978,1925,1929,-1,1978,1929,1980,-1,1980,1929,1927,-1,1951,1953,1943,-1,1943,1953,1955,-1,1943,1955,1944,-1,1944,1955,1963,-1,1944,1963,1946,-1,1946,1963,1961,-1,1946,1961,1948,-1,1948,1961,1959,-1,1948,1959,1941,-1,1941,1959,1957,-1,1941,1957,1933,-1,1933,1957,1965,-1,1933,1965,1935,-1,1935,1965,1972,-1,1935,1972,1937,-1,1937,1972,1970,-1,1937,1970,1939,-1,1939,1970,1968,-1,1939,1968,1931,-1,1931,1968,1967,-1,1931,1967,1927,-1,1927,1967,1975,-1,1927,1975,1980,-1,1886,1891,1884,-1,1884,1891,1889,-1,1887,1881,1886,-1,1886,1881,1891,-1,1883,1885,1889,-1,1889,1885,1884,-1,1885,1883,1887,-1,1887,1883,1881,-1,2014,2015,2016,-1,2016,2015,2017,-1,2018,2019,2020,-1,2020,2019,2021,-1,2022,2023,2024,-1,2024,2023,2025,-1,2026,2027,2028,-1,2028,2027,2029,-1,2028,2029,2030,-1,2030,2029,2031,-1,2030,2031,2032,-1,2032,2031,2033,-1,2032,2033,2034,-1,2034,2033,2035,-1,2034,2035,2036,-1,2036,2035,2037,-1,2036,2037,2024,-1,2024,2037,2022,-1,2038,2039,2040,-1,2038,2040,2041,-1,2041,2040,2042,-1,2041,2042,2043,-1,2043,2042,2044,-1,2043,2044,2045,-1,2045,2044,2046,-1,2045,2046,2047,-1,2047,2046,2048,-1,2047,2048,2049,-1,2049,2048,2027,-1,2049,2027,2026,-1,2038,2050,2039,-1,2039,2050,2051,-1,2052,2053,2054,-1,2052,2054,2055,-1,2055,2054,2056,-1,2055,2056,2057,-1,2057,2056,2051,-1,2057,2051,2050,-1,2052,2058,2053,-1,2053,2058,2059,-1,2060,2061,2062,-1,2062,2061,2063,-1,2062,2063,2058,-1,2058,2063,2059,-1,2060,2064,2061,-1,2061,2064,2065,-1,2066,2067,2068,-1,2068,2067,2069,-1,2068,2069,2070,-1,2070,2069,2071,-1,2070,2071,2072,-1,2072,2071,2073,-1,2072,2073,2064,-1,2064,2073,2065,-1,2066,2074,2067,-1,2067,2074,2075,-1,2076,2077,2078,-1,2076,2078,2079,-1,2079,2078,2080,-1,2079,2080,2081,-1,2081,2080,2082,-1,2081,2082,2083,-1,2083,2082,2075,-1,2083,2075,2074,-1,2076,2084,2077,-1,2077,2084,2085,-1,2084,2086,2085,-1,2085,2086,2087,-1,2086,2088,2087,-1,2087,2088,2089,-1,2090,2091,2092,-1,2092,2091,2093,-1,2092,2093,2094,-1,2094,2093,2095,-1,2094,2095,2096,-1,2096,2095,2097,-1,2096,2097,2088,-1,2088,2097,2089,-1,2090,2098,2091,-1,2091,2098,2099,-1,2100,2101,2102,-1,2100,2102,2103,-1,2103,2102,2104,-1,2103,2104,2105,-1,2105,2104,2106,-1,2105,2106,2107,-1,2107,2106,2099,-1,2107,2099,2098,-1,2100,2108,2101,-1,2101,2108,2109,-1,2110,2111,2112,-1,2110,2112,2113,-1,2113,2112,2114,-1,2113,2114,2115,-1,2115,2114,2109,-1,2115,2109,2108,-1,2110,2116,2111,-1,2111,2116,2117,-1,2118,2119,2120,-1,2120,2119,2121,-1,2120,2121,2122,-1,2122,2121,2123,-1,2122,2123,2116,-1,2116,2123,2117,-1,2118,2124,2119,-1,2119,2124,2125,-1,2126,2127,2128,-1,2128,2127,2129,-1,2128,2129,2130,-1,2130,2129,2131,-1,2130,2131,2132,-1,2132,2131,2133,-1,2132,2133,2134,-1,2134,2133,2135,-1,2134,2135,2136,-1,2136,2135,2137,-1,2136,2137,2124,-1,2124,2137,2125,-1,2014,2016,2138,-1,2014,2138,2139,-1,2139,2138,2140,-1,2139,2140,2141,-1,2141,2140,2142,-1,2141,2142,2143,-1,2143,2142,2144,-1,2143,2144,2145,-1,2145,2144,2146,-1,2145,2146,2147,-1,2147,2146,2127,-1,2147,2127,2126,-1,2086,2084,2088,-1,2088,2084,2076,-1,2088,2076,2096,-1,2096,2076,2079,-1,2096,2079,2094,-1,2094,2079,2081,-1,2094,2081,2092,-1,2092,2081,2083,-1,2092,2083,2090,-1,2090,2083,2074,-1,2090,2074,2098,-1,2098,2074,2066,-1,2098,2066,2107,-1,2107,2066,2068,-1,2107,2068,2105,-1,2105,2068,2070,-1,2105,2070,2103,-1,2103,2070,2072,-1,2103,2072,2100,-1,2100,2072,2064,-1,2100,2064,2108,-1,2108,2064,2060,-1,2108,2060,2115,-1,2115,2060,2062,-1,2025,2015,2024,-1,2024,2015,2014,-1,2024,2014,2036,-1,2036,2014,2139,-1,2036,2139,2034,-1,2034,2139,2141,-1,2034,2141,2032,-1,2032,2141,2143,-1,2032,2143,2030,-1,2030,2143,2145,-1,2030,2145,2028,-1,2028,2145,2147,-1,2028,2147,2026,-1,2026,2147,2126,-1,2026,2126,2049,-1,2049,2126,2128,-1,2049,2128,2047,-1,2047,2128,2130,-1,2047,2130,2045,-1,2045,2130,2132,-1,2045,2132,2043,-1,2043,2132,2134,-1,2043,2134,2041,-1,2041,2134,2136,-1,2041,2136,2038,-1,2038,2136,2124,-1,2038,2124,2050,-1,2050,2124,2118,-1,2050,2118,2057,-1,2057,2118,2120,-1,2057,2120,2055,-1,2055,2120,2122,-1,2055,2122,2052,-1,2052,2122,2116,-1,2052,2116,2058,-1,2058,2116,2110,-1,2058,2110,2062,-1,2062,2110,2113,-1,2062,2113,2115,-1,2017,2023,2016,-1,2016,2023,2022,-1,2016,2022,2138,-1,2138,2022,2037,-1,2138,2037,2140,-1,2140,2037,2035,-1,2140,2035,2142,-1,2142,2035,2033,-1,2142,2033,2144,-1,2144,2033,2031,-1,2144,2031,2146,-1,2146,2031,2029,-1,2146,2029,2127,-1,2127,2029,2027,-1,2127,2027,2129,-1,2129,2027,2048,-1,2129,2048,2131,-1,2131,2048,2046,-1,2131,2046,2133,-1,2133,2046,2044,-1,2133,2044,2135,-1,2135,2044,2042,-1,2135,2042,2137,-1,2137,2042,2040,-1,2137,2040,2125,-1,2125,2040,2039,-1,2125,2039,2119,-1,2119,2039,2051,-1,2119,2051,2121,-1,2121,2051,2056,-1,2121,2056,2123,-1,2123,2056,2054,-1,2123,2054,2117,-1,2117,2054,2053,-1,2117,2053,2111,-1,2111,2053,2059,-1,2111,2059,2112,-1,2112,2059,2063,-1,2112,2063,2114,-1,2114,2063,2061,-1,2085,2087,2077,-1,2077,2087,2089,-1,2077,2089,2078,-1,2078,2089,2097,-1,2078,2097,2080,-1,2080,2097,2095,-1,2080,2095,2082,-1,2082,2095,2093,-1,2082,2093,2075,-1,2075,2093,2091,-1,2075,2091,2067,-1,2067,2091,2099,-1,2067,2099,2069,-1,2069,2099,2106,-1,2069,2106,2071,-1,2071,2106,2104,-1,2071,2104,2073,-1,2073,2104,2102,-1,2073,2102,2065,-1,2065,2102,2101,-1,2065,2101,2061,-1,2061,2101,2109,-1,2061,2109,2114,-1,2020,2025,2018,-1,2018,2025,2023,-1,2021,2015,2020,-1,2020,2015,2025,-1,2017,2019,2023,-1,2023,2019,2018,-1,2019,2017,2021,-1,2021,2017,2015,-1,2148,2149,2150,-1,2150,2149,2151,-1,2152,2153,2154,-1,2154,2153,2155,-1,2156,2157,2158,-1,2158,2157,2159,-1,2160,2161,2162,-1,2162,2161,2163,-1,2162,2163,2164,-1,2164,2163,2165,-1,2164,2165,2166,-1,2166,2165,2167,-1,2166,2167,2168,-1,2168,2167,2169,-1,2168,2169,2170,-1,2170,2169,2171,-1,2170,2171,2158,-1,2158,2171,2156,-1,2172,2173,2174,-1,2172,2174,2175,-1,2175,2174,2176,-1,2175,2176,2177,-1,2177,2176,2178,-1,2177,2178,2179,-1,2179,2178,2180,-1,2179,2180,2181,-1,2181,2180,2182,-1,2181,2182,2183,-1,2183,2182,2161,-1,2183,2161,2160,-1,2172,2184,2173,-1,2173,2184,2185,-1,2186,2187,2188,-1,2186,2188,2189,-1,2189,2188,2190,-1,2189,2190,2191,-1,2191,2190,2185,-1,2191,2185,2184,-1,2186,2192,2187,-1,2187,2192,2193,-1,2194,2195,2196,-1,2196,2195,2197,-1,2196,2197,2192,-1,2192,2197,2193,-1,2194,2198,2195,-1,2195,2198,2199,-1,2200,2201,2202,-1,2202,2201,2203,-1,2202,2203,2204,-1,2204,2203,2205,-1,2204,2205,2206,-1,2206,2205,2207,-1,2206,2207,2198,-1,2198,2207,2199,-1,2200,2208,2201,-1,2201,2208,2209,-1,2210,2211,2212,-1,2210,2212,2213,-1,2213,2212,2214,-1,2213,2214,2215,-1,2215,2214,2216,-1,2215,2216,2217,-1,2217,2216,2209,-1,2217,2209,2208,-1,2210,2218,2211,-1,2211,2218,2219,-1,2218,2220,2219,-1,2219,2220,2221,-1,2220,2222,2221,-1,2221,2222,2223,-1,2224,2225,2226,-1,2226,2225,2227,-1,2226,2227,2228,-1,2228,2227,2229,-1,2228,2229,2230,-1,2230,2229,2231,-1,2230,2231,2222,-1,2222,2231,2223,-1,2224,2232,2225,-1,2225,2232,2233,-1,2234,2235,2236,-1,2234,2236,2237,-1,2237,2236,2238,-1,2237,2238,2239,-1,2239,2238,2240,-1,2239,2240,2241,-1,2241,2240,2233,-1,2241,2233,2232,-1,2234,2242,2235,-1,2235,2242,2243,-1,2244,2245,2246,-1,2244,2246,2247,-1,2247,2246,2248,-1,2247,2248,2249,-1,2249,2248,2243,-1,2249,2243,2242,-1,2244,2250,2245,-1,2245,2250,2251,-1,2252,2253,2254,-1,2254,2253,2255,-1,2254,2255,2256,-1,2256,2255,2257,-1,2256,2257,2250,-1,2250,2257,2251,-1,2252,2258,2253,-1,2253,2258,2259,-1,2260,2261,2262,-1,2262,2261,2263,-1,2262,2263,2264,-1,2264,2263,2265,-1,2264,2265,2266,-1,2266,2265,2267,-1,2266,2267,2268,-1,2268,2267,2269,-1,2268,2269,2270,-1,2270,2269,2271,-1,2270,2271,2258,-1,2258,2271,2259,-1,2148,2150,2272,-1,2148,2272,2273,-1,2273,2272,2274,-1,2273,2274,2275,-1,2275,2274,2276,-1,2275,2276,2277,-1,2277,2276,2278,-1,2277,2278,2279,-1,2279,2278,2280,-1,2279,2280,2281,-1,2281,2280,2261,-1,2281,2261,2260,-1,2220,2218,2222,-1,2222,2218,2210,-1,2222,2210,2230,-1,2230,2210,2213,-1,2230,2213,2228,-1,2228,2213,2215,-1,2228,2215,2226,-1,2226,2215,2217,-1,2226,2217,2224,-1,2224,2217,2208,-1,2224,2208,2232,-1,2232,2208,2200,-1,2232,2200,2241,-1,2241,2200,2202,-1,2241,2202,2239,-1,2239,2202,2204,-1,2239,2204,2237,-1,2237,2204,2206,-1,2237,2206,2234,-1,2234,2206,2198,-1,2234,2198,2242,-1,2242,2198,2194,-1,2242,2194,2249,-1,2249,2194,2196,-1,2159,2149,2158,-1,2158,2149,2148,-1,2158,2148,2170,-1,2170,2148,2273,-1,2170,2273,2168,-1,2168,2273,2275,-1,2168,2275,2166,-1,2166,2275,2277,-1,2166,2277,2164,-1,2164,2277,2279,-1,2164,2279,2162,-1,2162,2279,2281,-1,2162,2281,2160,-1,2160,2281,2260,-1,2160,2260,2183,-1,2183,2260,2262,-1,2183,2262,2181,-1,2181,2262,2264,-1,2181,2264,2179,-1,2179,2264,2266,-1,2179,2266,2177,-1,2177,2266,2268,-1,2177,2268,2175,-1,2175,2268,2270,-1,2175,2270,2172,-1,2172,2270,2258,-1,2172,2258,2184,-1,2184,2258,2252,-1,2184,2252,2191,-1,2191,2252,2254,-1,2191,2254,2189,-1,2189,2254,2256,-1,2189,2256,2186,-1,2186,2256,2250,-1,2186,2250,2192,-1,2192,2250,2244,-1,2192,2244,2196,-1,2196,2244,2247,-1,2196,2247,2249,-1,2151,2157,2150,-1,2150,2157,2156,-1,2150,2156,2272,-1,2272,2156,2171,-1,2272,2171,2274,-1,2274,2171,2169,-1,2274,2169,2276,-1,2276,2169,2167,-1,2276,2167,2278,-1,2278,2167,2165,-1,2278,2165,2280,-1,2280,2165,2163,-1,2280,2163,2261,-1,2261,2163,2161,-1,2261,2161,2263,-1,2263,2161,2182,-1,2263,2182,2265,-1,2265,2182,2180,-1,2265,2180,2267,-1,2267,2180,2178,-1,2267,2178,2269,-1,2269,2178,2176,-1,2269,2176,2271,-1,2271,2176,2174,-1,2271,2174,2259,-1,2259,2174,2173,-1,2259,2173,2253,-1,2253,2173,2185,-1,2253,2185,2255,-1,2255,2185,2190,-1,2255,2190,2257,-1,2257,2190,2188,-1,2257,2188,2251,-1,2251,2188,2187,-1,2251,2187,2245,-1,2245,2187,2193,-1,2245,2193,2246,-1,2246,2193,2197,-1,2246,2197,2248,-1,2248,2197,2195,-1,2219,2221,2211,-1,2211,2221,2223,-1,2211,2223,2212,-1,2212,2223,2231,-1,2212,2231,2214,-1,2214,2231,2229,-1,2214,2229,2216,-1,2216,2229,2227,-1,2216,2227,2209,-1,2209,2227,2225,-1,2209,2225,2201,-1,2201,2225,2233,-1,2201,2233,2203,-1,2203,2233,2240,-1,2203,2240,2205,-1,2205,2240,2238,-1,2205,2238,2207,-1,2207,2238,2236,-1,2207,2236,2199,-1,2199,2236,2235,-1,2199,2235,2195,-1,2195,2235,2243,-1,2195,2243,2248,-1,2154,2159,2152,-1,2152,2159,2157,-1,2155,2149,2154,-1,2154,2149,2159,-1,2151,2153,2157,-1,2157,2153,2152,-1,2153,2151,2155,-1,2155,2151,2149,-1,2282,2283,2284,-1,2284,2283,2285,-1,2286,2287,2288,-1,2288,2287,2289,-1,2290,2291,2292,-1,2292,2291,2293,-1,2294,2295,2296,-1,2296,2295,2297,-1,2296,2297,2298,-1,2298,2297,2299,-1,2298,2299,2300,-1,2300,2299,2301,-1,2300,2301,2302,-1,2302,2301,2303,-1,2302,2303,2304,-1,2304,2303,2305,-1,2304,2305,2292,-1,2292,2305,2290,-1,2306,2307,2308,-1,2306,2308,2309,-1,2309,2308,2310,-1,2309,2310,2311,-1,2311,2310,2312,-1,2311,2312,2313,-1,2313,2312,2314,-1,2313,2314,2315,-1,2315,2314,2316,-1,2315,2316,2317,-1,2317,2316,2295,-1,2317,2295,2294,-1,2306,2318,2307,-1,2307,2318,2319,-1,2320,2321,2322,-1,2320,2322,2323,-1,2323,2322,2324,-1,2323,2324,2325,-1,2325,2324,2319,-1,2325,2319,2318,-1,2320,2326,2321,-1,2321,2326,2327,-1,2328,2329,2330,-1,2330,2329,2331,-1,2330,2331,2326,-1,2326,2331,2327,-1,2328,2332,2329,-1,2329,2332,2333,-1,2334,2335,2336,-1,2336,2335,2337,-1,2336,2337,2338,-1,2338,2337,2339,-1,2338,2339,2340,-1,2340,2339,2341,-1,2340,2341,2332,-1,2332,2341,2333,-1,2334,2342,2335,-1,2335,2342,2343,-1,2344,2345,2346,-1,2344,2346,2347,-1,2347,2346,2348,-1,2347,2348,2349,-1,2349,2348,2350,-1,2349,2350,2351,-1,2351,2350,2343,-1,2351,2343,2342,-1,2344,2352,2345,-1,2345,2352,2353,-1,2352,2354,2353,-1,2353,2354,2355,-1,2354,2356,2355,-1,2355,2356,2357,-1,2358,2359,2360,-1,2360,2359,2361,-1,2360,2361,2362,-1,2362,2361,2363,-1,2362,2363,2364,-1,2364,2363,2365,-1,2364,2365,2356,-1,2356,2365,2357,-1,2358,2366,2359,-1,2359,2366,2367,-1,2368,2369,2370,-1,2368,2370,2371,-1,2371,2370,2372,-1,2371,2372,2373,-1,2373,2372,2374,-1,2373,2374,2375,-1,2375,2374,2367,-1,2375,2367,2366,-1,2368,2376,2369,-1,2369,2376,2377,-1,2378,2379,2380,-1,2378,2380,2381,-1,2381,2380,2382,-1,2381,2382,2383,-1,2383,2382,2377,-1,2383,2377,2376,-1,2378,2384,2379,-1,2379,2384,2385,-1,2386,2387,2388,-1,2388,2387,2389,-1,2388,2389,2390,-1,2390,2389,2391,-1,2390,2391,2384,-1,2384,2391,2385,-1,2386,2392,2387,-1,2387,2392,2393,-1,2394,2395,2396,-1,2396,2395,2397,-1,2396,2397,2398,-1,2398,2397,2399,-1,2398,2399,2400,-1,2400,2399,2401,-1,2400,2401,2402,-1,2402,2401,2403,-1,2402,2403,2404,-1,2404,2403,2405,-1,2404,2405,2392,-1,2392,2405,2393,-1,2282,2284,2406,-1,2282,2406,2407,-1,2407,2406,2408,-1,2407,2408,2409,-1,2409,2408,2410,-1,2409,2410,2411,-1,2411,2410,2412,-1,2411,2412,2413,-1,2413,2412,2414,-1,2413,2414,2415,-1,2415,2414,2395,-1,2415,2395,2394,-1,2354,2352,2356,-1,2356,2352,2344,-1,2356,2344,2364,-1,2364,2344,2347,-1,2364,2347,2362,-1,2362,2347,2349,-1,2362,2349,2360,-1,2360,2349,2351,-1,2360,2351,2358,-1,2358,2351,2342,-1,2358,2342,2366,-1,2366,2342,2334,-1,2366,2334,2375,-1,2375,2334,2336,-1,2375,2336,2373,-1,2373,2336,2338,-1,2373,2338,2371,-1,2371,2338,2340,-1,2371,2340,2368,-1,2368,2340,2332,-1,2368,2332,2376,-1,2376,2332,2328,-1,2376,2328,2383,-1,2383,2328,2330,-1,2293,2283,2292,-1,2292,2283,2282,-1,2292,2282,2304,-1,2304,2282,2407,-1,2304,2407,2302,-1,2302,2407,2409,-1,2302,2409,2300,-1,2300,2409,2411,-1,2300,2411,2298,-1,2298,2411,2413,-1,2298,2413,2296,-1,2296,2413,2415,-1,2296,2415,2294,-1,2294,2415,2394,-1,2294,2394,2317,-1,2317,2394,2396,-1,2317,2396,2315,-1,2315,2396,2398,-1,2315,2398,2313,-1,2313,2398,2400,-1,2313,2400,2311,-1,2311,2400,2402,-1,2311,2402,2309,-1,2309,2402,2404,-1,2309,2404,2306,-1,2306,2404,2392,-1,2306,2392,2318,-1,2318,2392,2386,-1,2318,2386,2325,-1,2325,2386,2388,-1,2325,2388,2323,-1,2323,2388,2390,-1,2323,2390,2320,-1,2320,2390,2384,-1,2320,2384,2326,-1,2326,2384,2378,-1,2326,2378,2330,-1,2330,2378,2381,-1,2330,2381,2383,-1,2285,2291,2284,-1,2284,2291,2290,-1,2284,2290,2406,-1,2406,2290,2305,-1,2406,2305,2408,-1,2408,2305,2303,-1,2408,2303,2410,-1,2410,2303,2301,-1,2410,2301,2412,-1,2412,2301,2299,-1,2412,2299,2414,-1,2414,2299,2297,-1,2414,2297,2395,-1,2395,2297,2295,-1,2395,2295,2397,-1,2397,2295,2316,-1,2397,2316,2399,-1,2399,2316,2314,-1,2399,2314,2401,-1,2401,2314,2312,-1,2401,2312,2403,-1,2403,2312,2310,-1,2403,2310,2405,-1,2405,2310,2308,-1,2405,2308,2393,-1,2393,2308,2307,-1,2393,2307,2387,-1,2387,2307,2319,-1,2387,2319,2389,-1,2389,2319,2324,-1,2389,2324,2391,-1,2391,2324,2322,-1,2391,2322,2385,-1,2385,2322,2321,-1,2385,2321,2379,-1,2379,2321,2327,-1,2379,2327,2380,-1,2380,2327,2331,-1,2380,2331,2382,-1,2382,2331,2329,-1,2353,2355,2345,-1,2345,2355,2357,-1,2345,2357,2346,-1,2346,2357,2365,-1,2346,2365,2348,-1,2348,2365,2363,-1,2348,2363,2350,-1,2350,2363,2361,-1,2350,2361,2343,-1,2343,2361,2359,-1,2343,2359,2335,-1,2335,2359,2367,-1,2335,2367,2337,-1,2337,2367,2374,-1,2337,2374,2339,-1,2339,2374,2372,-1,2339,2372,2341,-1,2341,2372,2370,-1,2341,2370,2333,-1,2333,2370,2369,-1,2333,2369,2329,-1,2329,2369,2377,-1,2329,2377,2382,-1,2288,2293,2286,-1,2286,2293,2291,-1,2289,2283,2288,-1,2288,2283,2293,-1,2285,2287,2291,-1,2291,2287,2286,-1,2287,2285,2289,-1,2289,2285,2283,-1,2416,2417,2418,-1,2418,2417,2419,-1,2420,2421,2422,-1,2422,2421,2423,-1,2424,2425,2426,-1,2426,2425,2427,-1,2428,2429,2430,-1,2430,2429,2431,-1,2430,2431,2432,-1,2432,2431,2433,-1,2432,2433,2434,-1,2434,2433,2435,-1,2434,2435,2436,-1,2436,2435,2437,-1,2436,2437,2438,-1,2438,2437,2439,-1,2438,2439,2426,-1,2426,2439,2424,-1,2440,2441,2442,-1,2440,2442,2443,-1,2443,2442,2444,-1,2443,2444,2445,-1,2445,2444,2446,-1,2445,2446,2447,-1,2447,2446,2448,-1,2447,2448,2449,-1,2449,2448,2450,-1,2449,2450,2451,-1,2451,2450,2429,-1,2451,2429,2428,-1,2440,2452,2441,-1,2441,2452,2453,-1,2454,2455,2456,-1,2454,2456,2457,-1,2457,2456,2458,-1,2457,2458,2459,-1,2459,2458,2453,-1,2459,2453,2452,-1,2454,2460,2455,-1,2455,2460,2461,-1,2462,2463,2464,-1,2464,2463,2465,-1,2464,2465,2460,-1,2460,2465,2461,-1,2462,2466,2463,-1,2463,2466,2467,-1,2468,2469,2470,-1,2470,2469,2471,-1,2470,2471,2472,-1,2472,2471,2473,-1,2472,2473,2474,-1,2474,2473,2475,-1,2474,2475,2466,-1,2466,2475,2467,-1,2468,2476,2469,-1,2469,2476,2477,-1,2478,2479,2480,-1,2478,2480,2481,-1,2481,2480,2482,-1,2481,2482,2483,-1,2483,2482,2484,-1,2483,2484,2485,-1,2485,2484,2477,-1,2485,2477,2476,-1,2478,2486,2479,-1,2479,2486,2487,-1,2486,2488,2487,-1,2487,2488,2489,-1,2488,2490,2489,-1,2489,2490,2491,-1,2492,2493,2494,-1,2494,2493,2495,-1,2494,2495,2496,-1,2496,2495,2497,-1,2496,2497,2498,-1,2498,2497,2499,-1,2498,2499,2490,-1,2490,2499,2491,-1,2492,2500,2493,-1,2493,2500,2501,-1,2502,2503,2504,-1,2502,2504,2505,-1,2505,2504,2506,-1,2505,2506,2507,-1,2507,2506,2508,-1,2507,2508,2509,-1,2509,2508,2501,-1,2509,2501,2500,-1,2502,2510,2503,-1,2503,2510,2511,-1,2512,2513,2514,-1,2512,2514,2515,-1,2515,2514,2516,-1,2515,2516,2517,-1,2517,2516,2511,-1,2517,2511,2510,-1,2512,2518,2513,-1,2513,2518,2519,-1,2520,2521,2522,-1,2522,2521,2523,-1,2522,2523,2524,-1,2524,2523,2525,-1,2524,2525,2518,-1,2518,2525,2519,-1,2520,2526,2521,-1,2521,2526,2527,-1,2528,2529,2530,-1,2530,2529,2531,-1,2530,2531,2532,-1,2532,2531,2533,-1,2532,2533,2534,-1,2534,2533,2535,-1,2534,2535,2536,-1,2536,2535,2537,-1,2536,2537,2538,-1,2538,2537,2539,-1,2538,2539,2526,-1,2526,2539,2527,-1,2416,2418,2540,-1,2416,2540,2541,-1,2541,2540,2542,-1,2541,2542,2543,-1,2543,2542,2544,-1,2543,2544,2545,-1,2545,2544,2546,-1,2545,2546,2547,-1,2547,2546,2548,-1,2547,2548,2549,-1,2549,2548,2529,-1,2549,2529,2528,-1,2488,2486,2490,-1,2490,2486,2478,-1,2490,2478,2498,-1,2498,2478,2481,-1,2498,2481,2496,-1,2496,2481,2483,-1,2496,2483,2494,-1,2494,2483,2485,-1,2494,2485,2492,-1,2492,2485,2476,-1,2492,2476,2500,-1,2500,2476,2468,-1,2500,2468,2509,-1,2509,2468,2470,-1,2509,2470,2507,-1,2507,2470,2472,-1,2507,2472,2505,-1,2505,2472,2474,-1,2505,2474,2502,-1,2502,2474,2466,-1,2502,2466,2510,-1,2510,2466,2462,-1,2510,2462,2517,-1,2517,2462,2464,-1,2427,2417,2426,-1,2426,2417,2416,-1,2426,2416,2438,-1,2438,2416,2541,-1,2438,2541,2436,-1,2436,2541,2543,-1,2436,2543,2434,-1,2434,2543,2545,-1,2434,2545,2432,-1,2432,2545,2547,-1,2432,2547,2430,-1,2430,2547,2549,-1,2430,2549,2428,-1,2428,2549,2528,-1,2428,2528,2451,-1,2451,2528,2530,-1,2451,2530,2449,-1,2449,2530,2532,-1,2449,2532,2447,-1,2447,2532,2534,-1,2447,2534,2445,-1,2445,2534,2536,-1,2445,2536,2443,-1,2443,2536,2538,-1,2443,2538,2440,-1,2440,2538,2526,-1,2440,2526,2452,-1,2452,2526,2520,-1,2452,2520,2459,-1,2459,2520,2522,-1,2459,2522,2457,-1,2457,2522,2524,-1,2457,2524,2454,-1,2454,2524,2518,-1,2454,2518,2460,-1,2460,2518,2512,-1,2460,2512,2464,-1,2464,2512,2515,-1,2464,2515,2517,-1,2419,2425,2418,-1,2418,2425,2424,-1,2418,2424,2540,-1,2540,2424,2439,-1,2540,2439,2542,-1,2542,2439,2437,-1,2542,2437,2544,-1,2544,2437,2435,-1,2544,2435,2546,-1,2546,2435,2433,-1,2546,2433,2548,-1,2548,2433,2431,-1,2548,2431,2529,-1,2529,2431,2429,-1,2529,2429,2531,-1,2531,2429,2450,-1,2531,2450,2533,-1,2533,2450,2448,-1,2533,2448,2535,-1,2535,2448,2446,-1,2535,2446,2537,-1,2537,2446,2444,-1,2537,2444,2539,-1,2539,2444,2442,-1,2539,2442,2527,-1,2527,2442,2441,-1,2527,2441,2521,-1,2521,2441,2453,-1,2521,2453,2523,-1,2523,2453,2458,-1,2523,2458,2525,-1,2525,2458,2456,-1,2525,2456,2519,-1,2519,2456,2455,-1,2519,2455,2513,-1,2513,2455,2461,-1,2513,2461,2514,-1,2514,2461,2465,-1,2514,2465,2516,-1,2516,2465,2463,-1,2487,2489,2479,-1,2479,2489,2491,-1,2479,2491,2480,-1,2480,2491,2499,-1,2480,2499,2482,-1,2482,2499,2497,-1,2482,2497,2484,-1,2484,2497,2495,-1,2484,2495,2477,-1,2477,2495,2493,-1,2477,2493,2469,-1,2469,2493,2501,-1,2469,2501,2471,-1,2471,2501,2508,-1,2471,2508,2473,-1,2473,2508,2506,-1,2473,2506,2475,-1,2475,2506,2504,-1,2475,2504,2467,-1,2467,2504,2503,-1,2467,2503,2463,-1,2463,2503,2511,-1,2463,2511,2516,-1,2422,2427,2420,-1,2420,2427,2425,-1,2423,2417,2422,-1,2422,2417,2427,-1,2419,2421,2425,-1,2425,2421,2420,-1,2421,2419,2423,-1,2423,2419,2417,-1,2550,2551,2552,-1,2552,2551,2553,-1,2554,2555,2556,-1,2556,2555,2557,-1,2558,2559,2560,-1,2560,2559,2561,-1,2562,2563,2564,-1,2564,2563,2565,-1,2564,2565,2566,-1,2566,2565,2567,-1,2566,2567,2568,-1,2568,2567,2569,-1,2568,2569,2570,-1,2570,2569,2571,-1,2570,2571,2572,-1,2572,2571,2573,-1,2572,2573,2560,-1,2560,2573,2558,-1,2574,2575,2576,-1,2574,2576,2577,-1,2577,2576,2578,-1,2577,2578,2579,-1,2579,2578,2580,-1,2579,2580,2581,-1,2581,2580,2582,-1,2581,2582,2583,-1,2583,2582,2584,-1,2583,2584,2585,-1,2585,2584,2563,-1,2585,2563,2562,-1,2574,2586,2575,-1,2575,2586,2587,-1,2588,2589,2590,-1,2588,2590,2591,-1,2591,2590,2592,-1,2591,2592,2593,-1,2593,2592,2587,-1,2593,2587,2586,-1,2588,2594,2589,-1,2589,2594,2595,-1,2596,2597,2598,-1,2598,2597,2599,-1,2598,2599,2594,-1,2594,2599,2595,-1,2596,2600,2597,-1,2597,2600,2601,-1,2602,2603,2604,-1,2604,2603,2605,-1,2604,2605,2606,-1,2606,2605,2607,-1,2606,2607,2608,-1,2608,2607,2609,-1,2608,2609,2600,-1,2600,2609,2601,-1,2602,2610,2603,-1,2603,2610,2611,-1,2612,2613,2614,-1,2612,2614,2615,-1,2615,2614,2616,-1,2615,2616,2617,-1,2617,2616,2618,-1,2617,2618,2619,-1,2619,2618,2611,-1,2619,2611,2610,-1,2612,2620,2613,-1,2613,2620,2621,-1,2620,2622,2621,-1,2621,2622,2623,-1,2622,2624,2623,-1,2623,2624,2625,-1,2626,2627,2628,-1,2628,2627,2629,-1,2628,2629,2630,-1,2630,2629,2631,-1,2630,2631,2632,-1,2632,2631,2633,-1,2632,2633,2624,-1,2624,2633,2625,-1,2626,2634,2627,-1,2627,2634,2635,-1,2636,2637,2638,-1,2636,2638,2639,-1,2639,2638,2640,-1,2639,2640,2641,-1,2641,2640,2642,-1,2641,2642,2643,-1,2643,2642,2635,-1,2643,2635,2634,-1,2636,2644,2637,-1,2637,2644,2645,-1,2646,2647,2648,-1,2646,2648,2649,-1,2649,2648,2650,-1,2649,2650,2651,-1,2651,2650,2645,-1,2651,2645,2644,-1,2646,2652,2647,-1,2647,2652,2653,-1,2654,2655,2656,-1,2656,2655,2657,-1,2656,2657,2658,-1,2658,2657,2659,-1,2658,2659,2652,-1,2652,2659,2653,-1,2654,2660,2655,-1,2655,2660,2661,-1,2662,2663,2664,-1,2664,2663,2665,-1,2664,2665,2666,-1,2666,2665,2667,-1,2666,2667,2668,-1,2668,2667,2669,-1,2668,2669,2670,-1,2670,2669,2671,-1,2670,2671,2672,-1,2672,2671,2673,-1,2672,2673,2660,-1,2660,2673,2661,-1,2550,2552,2674,-1,2550,2674,2675,-1,2675,2674,2676,-1,2675,2676,2677,-1,2677,2676,2678,-1,2677,2678,2679,-1,2679,2678,2680,-1,2679,2680,2681,-1,2681,2680,2682,-1,2681,2682,2683,-1,2683,2682,2663,-1,2683,2663,2662,-1,2622,2620,2624,-1,2624,2620,2612,-1,2624,2612,2632,-1,2632,2612,2615,-1,2632,2615,2630,-1,2630,2615,2617,-1,2630,2617,2628,-1,2628,2617,2619,-1,2628,2619,2626,-1,2626,2619,2610,-1,2626,2610,2634,-1,2634,2610,2602,-1,2634,2602,2643,-1,2643,2602,2604,-1,2643,2604,2641,-1,2641,2604,2606,-1,2641,2606,2639,-1,2639,2606,2608,-1,2639,2608,2636,-1,2636,2608,2600,-1,2636,2600,2644,-1,2644,2600,2596,-1,2644,2596,2651,-1,2651,2596,2598,-1,2561,2551,2560,-1,2560,2551,2550,-1,2560,2550,2572,-1,2572,2550,2675,-1,2572,2675,2570,-1,2570,2675,2677,-1,2570,2677,2568,-1,2568,2677,2679,-1,2568,2679,2566,-1,2566,2679,2681,-1,2566,2681,2564,-1,2564,2681,2683,-1,2564,2683,2562,-1,2562,2683,2662,-1,2562,2662,2585,-1,2585,2662,2664,-1,2585,2664,2583,-1,2583,2664,2666,-1,2583,2666,2581,-1,2581,2666,2668,-1,2581,2668,2579,-1,2579,2668,2670,-1,2579,2670,2577,-1,2577,2670,2672,-1,2577,2672,2574,-1,2574,2672,2660,-1,2574,2660,2586,-1,2586,2660,2654,-1,2586,2654,2593,-1,2593,2654,2656,-1,2593,2656,2591,-1,2591,2656,2658,-1,2591,2658,2588,-1,2588,2658,2652,-1,2588,2652,2594,-1,2594,2652,2646,-1,2594,2646,2598,-1,2598,2646,2649,-1,2598,2649,2651,-1,2553,2559,2552,-1,2552,2559,2558,-1,2552,2558,2674,-1,2674,2558,2573,-1,2674,2573,2676,-1,2676,2573,2571,-1,2676,2571,2678,-1,2678,2571,2569,-1,2678,2569,2680,-1,2680,2569,2567,-1,2680,2567,2682,-1,2682,2567,2565,-1,2682,2565,2663,-1,2663,2565,2563,-1,2663,2563,2665,-1,2665,2563,2584,-1,2665,2584,2667,-1,2667,2584,2582,-1,2667,2582,2669,-1,2669,2582,2580,-1,2669,2580,2671,-1,2671,2580,2578,-1,2671,2578,2673,-1,2673,2578,2576,-1,2673,2576,2661,-1,2661,2576,2575,-1,2661,2575,2655,-1,2655,2575,2587,-1,2655,2587,2657,-1,2657,2587,2592,-1,2657,2592,2659,-1,2659,2592,2590,-1,2659,2590,2653,-1,2653,2590,2589,-1,2653,2589,2647,-1,2647,2589,2595,-1,2647,2595,2648,-1,2648,2595,2599,-1,2648,2599,2650,-1,2650,2599,2597,-1,2621,2623,2613,-1,2613,2623,2625,-1,2613,2625,2614,-1,2614,2625,2633,-1,2614,2633,2616,-1,2616,2633,2631,-1,2616,2631,2618,-1,2618,2631,2629,-1,2618,2629,2611,-1,2611,2629,2627,-1,2611,2627,2603,-1,2603,2627,2635,-1,2603,2635,2605,-1,2605,2635,2642,-1,2605,2642,2607,-1,2607,2642,2640,-1,2607,2640,2609,-1,2609,2640,2638,-1,2609,2638,2601,-1,2601,2638,2637,-1,2601,2637,2597,-1,2597,2637,2645,-1,2597,2645,2650,-1,2556,2561,2554,-1,2554,2561,2559,-1,2557,2551,2556,-1,2556,2551,2561,-1,2553,2555,2559,-1,2559,2555,2554,-1,2555,2553,2557,-1,2557,2553,2551,-1,2684,2685,2686,-1,2686,2685,2687,-1,2688,2689,2690,-1,2690,2689,2691,-1,2692,2693,2694,-1,2694,2693,2695,-1,2695,2693,2696,-1,2696,2693,2697,-1,2696,2697,2698,-1,2698,2697,2699,-1,2698,2699,2700,-1,2700,2699,2701,-1,2700,2701,2702,-1,2702,2701,2703,-1,2702,2703,2704,-1,2704,2703,2705,-1,2704,2705,2706,-1,2706,2705,2707,-1,2706,2707,2708,-1,2706,2708,2709,-1,2709,2708,2710,-1,2709,2710,2711,-1,2711,2710,2712,-1,2711,2712,2713,-1,2713,2712,2714,-1,2713,2714,2715,-1,2715,2714,2716,-1,2715,2716,2717,-1,2717,2716,2718,-1,2717,2718,2719,-1,2720,2719,2721,-1,2721,2719,2718,-1,2720,2721,2722,-1,2720,2722,2723,-1,2723,2722,2724,-1,2723,2724,2725,-1,2725,2724,2726,-1,2725,2726,2727,-1,2728,2727,2729,-1,2729,2727,2726,-1,2728,2729,2730,-1,2730,2729,2731,-1,2730,2731,2732,-1,2732,2731,2733,-1,2734,2732,2735,-1,2735,2732,2733,-1,2734,2735,2736,-1,2736,2735,2737,-1,2736,2737,2738,-1,2738,2737,2739,-1,2738,2739,2740,-1,2740,2739,2741,-1,2740,2741,2742,-1,2742,2741,2743,-1,2744,2742,2745,-1,2745,2742,2743,-1,2744,2745,2746,-1,2744,2746,2747,-1,2747,2746,2748,-1,2747,2748,2749,-1,2749,2748,2750,-1,2749,2750,2751,-1,2751,2750,2752,-1,2751,2752,2753,-1,2754,2753,2755,-1,2755,2753,2752,-1,2756,2754,2757,-1,2757,2754,2755,-1,2758,2756,2759,-1,2759,2756,2757,-1,2758,2759,2760,-1,2760,2759,2761,-1,2760,2761,2762,-1,2762,2761,2763,-1,2762,2763,2764,-1,2764,2763,2765,-1,2764,2765,2766,-1,2766,2765,2767,-1,2768,2766,2769,-1,2769,2766,2767,-1,2768,2769,2770,-1,2768,2770,2771,-1,2771,2770,2772,-1,2771,2772,2773,-1,2773,2772,2774,-1,2773,2774,2775,-1,2775,2774,2776,-1,2775,2776,2777,-1,2778,2777,2779,-1,2779,2777,2776,-1,2778,2779,2780,-1,2778,2780,2781,-1,2781,2780,2782,-1,2781,2782,2783,-1,2783,2782,2784,-1,2783,2784,2785,-1,2786,2785,2787,-1,2787,2785,2784,-1,2786,2787,2788,-1,2788,2787,2789,-1,2788,2789,2790,-1,2790,2789,2791,-1,2790,2791,2792,-1,2792,2791,2793,-1,2794,2792,2795,-1,2795,2792,2793,-1,2794,2795,2796,-1,2796,2795,2797,-1,2796,2797,2798,-1,2798,2797,2799,-1,2798,2799,2800,-1,2800,2799,2801,-1,2800,2801,2802,-1,2802,2801,2803,-1,2802,2803,2804,-1,2804,2803,2805,-1,2804,2805,2806,-1,2806,2805,2807,-1,2806,2807,2808,-1,2806,2808,2809,-1,2809,2808,2810,-1,2809,2810,2811,-1,2811,2810,2812,-1,2811,2812,2813,-1,2813,2812,2814,-1,2813,2814,2815,-1,2815,2814,2816,-1,2815,2816,2817,-1,2817,2816,2687,-1,2817,2687,2685,-1,2684,2694,2685,-1,2685,2694,2695,-1,2685,2695,2817,-1,2817,2695,2696,-1,2817,2696,2815,-1,2815,2696,2698,-1,2815,2698,2813,-1,2813,2698,2700,-1,2813,2700,2811,-1,2811,2700,2702,-1,2811,2702,2809,-1,2809,2702,2704,-1,2809,2704,2806,-1,2806,2704,2706,-1,2806,2706,2804,-1,2804,2706,2709,-1,2804,2709,2802,-1,2802,2709,2711,-1,2802,2711,2800,-1,2800,2711,2713,-1,2800,2713,2798,-1,2798,2713,2715,-1,2798,2715,2796,-1,2796,2715,2717,-1,2796,2717,2794,-1,2794,2717,2719,-1,2794,2719,2792,-1,2792,2719,2720,-1,2792,2720,2790,-1,2790,2720,2723,-1,2790,2723,2788,-1,2788,2723,2725,-1,2788,2725,2786,-1,2786,2725,2727,-1,2786,2727,2785,-1,2785,2727,2728,-1,2785,2728,2783,-1,2783,2728,2730,-1,2783,2730,2781,-1,2781,2730,2732,-1,2754,2756,2753,-1,2753,2756,2758,-1,2753,2758,2751,-1,2751,2758,2760,-1,2751,2760,2749,-1,2749,2760,2762,-1,2749,2762,2747,-1,2747,2762,2764,-1,2747,2764,2744,-1,2744,2764,2766,-1,2744,2766,2742,-1,2742,2766,2768,-1,2742,2768,2740,-1,2740,2768,2771,-1,2740,2771,2738,-1,2738,2771,2773,-1,2738,2773,2736,-1,2736,2773,2775,-1,2736,2775,2734,-1,2734,2775,2777,-1,2734,2777,2732,-1,2732,2777,2778,-1,2732,2778,2781,-1,2692,2686,2693,-1,2693,2686,2687,-1,2693,2687,2697,-1,2697,2687,2816,-1,2697,2816,2699,-1,2699,2816,2814,-1,2699,2814,2701,-1,2701,2814,2812,-1,2701,2812,2703,-1,2703,2812,2810,-1,2703,2810,2705,-1,2705,2810,2808,-1,2705,2808,2707,-1,2707,2808,2807,-1,2707,2807,2708,-1,2708,2807,2805,-1,2708,2805,2710,-1,2710,2805,2803,-1,2710,2803,2712,-1,2712,2803,2801,-1,2712,2801,2714,-1,2714,2801,2799,-1,2714,2799,2716,-1,2716,2799,2797,-1,2716,2797,2718,-1,2718,2797,2795,-1,2718,2795,2721,-1,2721,2795,2793,-1,2721,2793,2722,-1,2722,2793,2791,-1,2722,2791,2724,-1,2724,2791,2789,-1,2724,2789,2726,-1,2726,2789,2787,-1,2726,2787,2729,-1,2729,2787,2784,-1,2729,2784,2731,-1,2757,2755,2759,-1,2759,2755,2752,-1,2759,2752,2761,-1,2761,2752,2750,-1,2761,2750,2763,-1,2763,2750,2748,-1,2763,2748,2765,-1,2765,2748,2746,-1,2765,2746,2767,-1,2767,2746,2745,-1,2767,2745,2769,-1,2769,2745,2743,-1,2769,2743,2770,-1,2770,2743,2741,-1,2770,2741,2772,-1,2772,2741,2739,-1,2772,2739,2774,-1,2774,2739,2737,-1,2774,2737,2776,-1,2776,2737,2735,-1,2776,2735,2779,-1,2779,2735,2733,-1,2779,2733,2780,-1,2780,2733,2731,-1,2780,2731,2782,-1,2782,2731,2784,-1,2694,2691,2692,-1,2692,2691,2689,-1,2684,2690,2694,-1,2694,2690,2691,-1,2688,2686,2689,-1,2689,2686,2692,-1,2686,2688,2684,-1,2684,2688,2690,-1,2818,2819,2820,-1,2820,2819,2821,-1,2822,2823,2824,-1,2824,2823,2825,-1,2826,2827,2828,-1,2828,2827,2829,-1,2829,2827,2830,-1,2830,2827,2831,-1,2830,2831,2832,-1,2832,2831,2833,-1,2832,2833,2834,-1,2834,2833,2835,-1,2834,2835,2836,-1,2836,2835,2837,-1,2836,2837,2838,-1,2838,2837,2839,-1,2838,2839,2840,-1,2840,2839,2841,-1,2840,2841,2842,-1,2840,2842,2843,-1,2843,2842,2844,-1,2843,2844,2845,-1,2845,2844,2846,-1,2845,2846,2847,-1,2847,2846,2848,-1,2847,2848,2849,-1,2849,2848,2850,-1,2849,2850,2851,-1,2851,2850,2852,-1,2851,2852,2853,-1,2854,2853,2855,-1,2855,2853,2852,-1,2854,2855,2856,-1,2854,2856,2857,-1,2857,2856,2858,-1,2857,2858,2859,-1,2859,2858,2860,-1,2859,2860,2861,-1,2862,2861,2863,-1,2863,2861,2860,-1,2862,2863,2864,-1,2864,2863,2865,-1,2864,2865,2866,-1,2866,2865,2867,-1,2868,2866,2869,-1,2869,2866,2867,-1,2868,2869,2870,-1,2870,2869,2871,-1,2870,2871,2872,-1,2872,2871,2873,-1,2872,2873,2874,-1,2874,2873,2875,-1,2874,2875,2876,-1,2876,2875,2877,-1,2878,2876,2879,-1,2879,2876,2877,-1,2878,2879,2880,-1,2878,2880,2881,-1,2881,2880,2882,-1,2881,2882,2883,-1,2883,2882,2884,-1,2883,2884,2885,-1,2885,2884,2886,-1,2885,2886,2887,-1,2888,2887,2889,-1,2889,2887,2886,-1,2890,2888,2891,-1,2891,2888,2889,-1,2892,2890,2893,-1,2893,2890,2891,-1,2892,2893,2894,-1,2894,2893,2895,-1,2894,2895,2896,-1,2896,2895,2897,-1,2896,2897,2898,-1,2898,2897,2899,-1,2898,2899,2900,-1,2900,2899,2901,-1,2902,2900,2903,-1,2903,2900,2901,-1,2902,2903,2904,-1,2902,2904,2905,-1,2905,2904,2906,-1,2905,2906,2907,-1,2907,2906,2908,-1,2907,2908,2909,-1,2909,2908,2910,-1,2909,2910,2911,-1,2912,2911,2913,-1,2913,2911,2910,-1,2912,2913,2914,-1,2912,2914,2915,-1,2915,2914,2916,-1,2915,2916,2917,-1,2917,2916,2918,-1,2917,2918,2919,-1,2920,2919,2921,-1,2921,2919,2918,-1,2920,2921,2922,-1,2922,2921,2923,-1,2922,2923,2924,-1,2924,2923,2925,-1,2924,2925,2926,-1,2926,2925,2927,-1,2928,2926,2929,-1,2929,2926,2927,-1,2928,2929,2930,-1,2930,2929,2931,-1,2930,2931,2932,-1,2932,2931,2933,-1,2932,2933,2934,-1,2934,2933,2935,-1,2934,2935,2936,-1,2936,2935,2937,-1,2936,2937,2938,-1,2938,2937,2939,-1,2938,2939,2940,-1,2940,2939,2941,-1,2940,2941,2942,-1,2940,2942,2943,-1,2943,2942,2944,-1,2943,2944,2945,-1,2945,2944,2946,-1,2945,2946,2947,-1,2947,2946,2948,-1,2947,2948,2949,-1,2949,2948,2950,-1,2949,2950,2951,-1,2951,2950,2821,-1,2951,2821,2819,-1,2818,2828,2819,-1,2819,2828,2829,-1,2819,2829,2951,-1,2951,2829,2830,-1,2951,2830,2949,-1,2949,2830,2832,-1,2949,2832,2947,-1,2947,2832,2834,-1,2947,2834,2945,-1,2945,2834,2836,-1,2945,2836,2943,-1,2943,2836,2838,-1,2943,2838,2940,-1,2940,2838,2840,-1,2940,2840,2938,-1,2938,2840,2843,-1,2938,2843,2936,-1,2936,2843,2845,-1,2936,2845,2934,-1,2934,2845,2847,-1,2934,2847,2932,-1,2932,2847,2849,-1,2932,2849,2930,-1,2930,2849,2851,-1,2930,2851,2928,-1,2928,2851,2853,-1,2928,2853,2926,-1,2926,2853,2854,-1,2926,2854,2924,-1,2924,2854,2857,-1,2924,2857,2922,-1,2922,2857,2859,-1,2922,2859,2920,-1,2920,2859,2861,-1,2920,2861,2919,-1,2919,2861,2862,-1,2919,2862,2917,-1,2917,2862,2864,-1,2917,2864,2915,-1,2915,2864,2866,-1,2888,2890,2887,-1,2887,2890,2892,-1,2887,2892,2885,-1,2885,2892,2894,-1,2885,2894,2883,-1,2883,2894,2896,-1,2883,2896,2881,-1,2881,2896,2898,-1,2881,2898,2878,-1,2878,2898,2900,-1,2878,2900,2876,-1,2876,2900,2902,-1,2876,2902,2874,-1,2874,2902,2905,-1,2874,2905,2872,-1,2872,2905,2907,-1,2872,2907,2870,-1,2870,2907,2909,-1,2870,2909,2868,-1,2868,2909,2911,-1,2868,2911,2866,-1,2866,2911,2912,-1,2866,2912,2915,-1,2826,2820,2827,-1,2827,2820,2821,-1,2827,2821,2831,-1,2831,2821,2950,-1,2831,2950,2833,-1,2833,2950,2948,-1,2833,2948,2835,-1,2835,2948,2946,-1,2835,2946,2837,-1,2837,2946,2944,-1,2837,2944,2839,-1,2839,2944,2942,-1,2839,2942,2841,-1,2841,2942,2941,-1,2841,2941,2842,-1,2842,2941,2939,-1,2842,2939,2844,-1,2844,2939,2937,-1,2844,2937,2846,-1,2846,2937,2935,-1,2846,2935,2848,-1,2848,2935,2933,-1,2848,2933,2850,-1,2850,2933,2931,-1,2850,2931,2852,-1,2852,2931,2929,-1,2852,2929,2855,-1,2855,2929,2927,-1,2855,2927,2856,-1,2856,2927,2925,-1,2856,2925,2858,-1,2858,2925,2923,-1,2858,2923,2860,-1,2860,2923,2921,-1,2860,2921,2863,-1,2863,2921,2918,-1,2863,2918,2865,-1,2891,2889,2893,-1,2893,2889,2886,-1,2893,2886,2895,-1,2895,2886,2884,-1,2895,2884,2897,-1,2897,2884,2882,-1,2897,2882,2899,-1,2899,2882,2880,-1,2899,2880,2901,-1,2901,2880,2879,-1,2901,2879,2903,-1,2903,2879,2877,-1,2903,2877,2904,-1,2904,2877,2875,-1,2904,2875,2906,-1,2906,2875,2873,-1,2906,2873,2908,-1,2908,2873,2871,-1,2908,2871,2910,-1,2910,2871,2869,-1,2910,2869,2913,-1,2913,2869,2867,-1,2913,2867,2914,-1,2914,2867,2865,-1,2914,2865,2916,-1,2916,2865,2918,-1,2828,2825,2826,-1,2826,2825,2823,-1,2818,2824,2828,-1,2828,2824,2825,-1,2822,2820,2823,-1,2823,2820,2826,-1,2820,2822,2818,-1,2818,2822,2824,-1,2952,2953,2954,-1,2954,2953,2955,-1,2956,2957,2958,-1,2958,2957,2959,-1,2960,2961,2962,-1,2962,2961,2963,-1,2963,2961,2964,-1,2964,2961,2965,-1,2964,2965,2966,-1,2966,2965,2967,-1,2966,2967,2968,-1,2968,2967,2969,-1,2968,2969,2970,-1,2970,2969,2971,-1,2970,2971,2972,-1,2972,2971,2973,-1,2972,2973,2974,-1,2974,2973,2975,-1,2974,2975,2976,-1,2974,2976,2977,-1,2977,2976,2978,-1,2977,2978,2979,-1,2979,2978,2980,-1,2979,2980,2981,-1,2981,2980,2982,-1,2981,2982,2983,-1,2983,2982,2984,-1,2983,2984,2985,-1,2985,2984,2986,-1,2985,2986,2987,-1,2988,2987,2989,-1,2989,2987,2986,-1,2988,2989,2990,-1,2988,2990,2991,-1,2991,2990,2992,-1,2991,2992,2993,-1,2993,2992,2994,-1,2993,2994,2995,-1,2996,2995,2997,-1,2997,2995,2994,-1,2996,2997,2998,-1,2998,2997,2999,-1,2998,2999,3000,-1,3000,2999,3001,-1,3002,3000,3003,-1,3003,3000,3001,-1,3002,3003,3004,-1,3004,3003,3005,-1,3004,3005,3006,-1,3006,3005,3007,-1,3006,3007,3008,-1,3008,3007,3009,-1,3008,3009,3010,-1,3010,3009,3011,-1,3012,3010,3013,-1,3013,3010,3011,-1,3012,3013,3014,-1,3012,3014,3015,-1,3015,3014,3016,-1,3015,3016,3017,-1,3017,3016,3018,-1,3017,3018,3019,-1,3019,3018,3020,-1,3019,3020,3021,-1,3022,3021,3023,-1,3023,3021,3020,-1,3024,3022,3025,-1,3025,3022,3023,-1,3026,3024,3027,-1,3027,3024,3025,-1,3026,3027,3028,-1,3028,3027,3029,-1,3028,3029,3030,-1,3030,3029,3031,-1,3030,3031,3032,-1,3032,3031,3033,-1,3032,3033,3034,-1,3034,3033,3035,-1,3036,3034,3037,-1,3037,3034,3035,-1,3036,3037,3038,-1,3036,3038,3039,-1,3039,3038,3040,-1,3039,3040,3041,-1,3041,3040,3042,-1,3041,3042,3043,-1,3043,3042,3044,-1,3043,3044,3045,-1,3046,3045,3047,-1,3047,3045,3044,-1,3046,3047,3048,-1,3046,3048,3049,-1,3049,3048,3050,-1,3049,3050,3051,-1,3051,3050,3052,-1,3051,3052,3053,-1,3054,3053,3055,-1,3055,3053,3052,-1,3054,3055,3056,-1,3056,3055,3057,-1,3056,3057,3058,-1,3058,3057,3059,-1,3058,3059,3060,-1,3060,3059,3061,-1,3062,3060,3063,-1,3063,3060,3061,-1,3062,3063,3064,-1,3064,3063,3065,-1,3064,3065,3066,-1,3066,3065,3067,-1,3066,3067,3068,-1,3068,3067,3069,-1,3068,3069,3070,-1,3070,3069,3071,-1,3070,3071,3072,-1,3072,3071,3073,-1,3072,3073,3074,-1,3074,3073,3075,-1,3074,3075,3076,-1,3074,3076,3077,-1,3077,3076,3078,-1,3077,3078,3079,-1,3079,3078,3080,-1,3079,3080,3081,-1,3081,3080,3082,-1,3081,3082,3083,-1,3083,3082,3084,-1,3083,3084,3085,-1,3085,3084,2955,-1,3085,2955,2953,-1,2952,2962,2953,-1,2953,2962,2963,-1,2953,2963,3085,-1,3085,2963,2964,-1,3085,2964,3083,-1,3083,2964,2966,-1,3083,2966,3081,-1,3081,2966,2968,-1,3081,2968,3079,-1,3079,2968,2970,-1,3079,2970,3077,-1,3077,2970,2972,-1,3077,2972,3074,-1,3074,2972,2974,-1,3074,2974,3072,-1,3072,2974,2977,-1,3072,2977,3070,-1,3070,2977,2979,-1,3070,2979,3068,-1,3068,2979,2981,-1,3068,2981,3066,-1,3066,2981,2983,-1,3066,2983,3064,-1,3064,2983,2985,-1,3064,2985,3062,-1,3062,2985,2987,-1,3062,2987,3060,-1,3060,2987,2988,-1,3060,2988,3058,-1,3058,2988,2991,-1,3058,2991,3056,-1,3056,2991,2993,-1,3056,2993,3054,-1,3054,2993,2995,-1,3054,2995,3053,-1,3053,2995,2996,-1,3053,2996,3051,-1,3051,2996,2998,-1,3051,2998,3049,-1,3049,2998,3000,-1,3022,3024,3021,-1,3021,3024,3026,-1,3021,3026,3019,-1,3019,3026,3028,-1,3019,3028,3017,-1,3017,3028,3030,-1,3017,3030,3015,-1,3015,3030,3032,-1,3015,3032,3012,-1,3012,3032,3034,-1,3012,3034,3010,-1,3010,3034,3036,-1,3010,3036,3008,-1,3008,3036,3039,-1,3008,3039,3006,-1,3006,3039,3041,-1,3006,3041,3004,-1,3004,3041,3043,-1,3004,3043,3002,-1,3002,3043,3045,-1,3002,3045,3000,-1,3000,3045,3046,-1,3000,3046,3049,-1,2960,2954,2961,-1,2961,2954,2955,-1,2961,2955,2965,-1,2965,2955,3084,-1,2965,3084,2967,-1,2967,3084,3082,-1,2967,3082,2969,-1,2969,3082,3080,-1,2969,3080,2971,-1,2971,3080,3078,-1,2971,3078,2973,-1,2973,3078,3076,-1,2973,3076,2975,-1,2975,3076,3075,-1,2975,3075,2976,-1,2976,3075,3073,-1,2976,3073,2978,-1,2978,3073,3071,-1,2978,3071,2980,-1,2980,3071,3069,-1,2980,3069,2982,-1,2982,3069,3067,-1,2982,3067,2984,-1,2984,3067,3065,-1,2984,3065,2986,-1,2986,3065,3063,-1,2986,3063,2989,-1,2989,3063,3061,-1,2989,3061,2990,-1,2990,3061,3059,-1,2990,3059,2992,-1,2992,3059,3057,-1,2992,3057,2994,-1,2994,3057,3055,-1,2994,3055,2997,-1,2997,3055,3052,-1,2997,3052,2999,-1,3025,3023,3027,-1,3027,3023,3020,-1,3027,3020,3029,-1,3029,3020,3018,-1,3029,3018,3031,-1,3031,3018,3016,-1,3031,3016,3033,-1,3033,3016,3014,-1,3033,3014,3035,-1,3035,3014,3013,-1,3035,3013,3037,-1,3037,3013,3011,-1,3037,3011,3038,-1,3038,3011,3009,-1,3038,3009,3040,-1,3040,3009,3007,-1,3040,3007,3042,-1,3042,3007,3005,-1,3042,3005,3044,-1,3044,3005,3003,-1,3044,3003,3047,-1,3047,3003,3001,-1,3047,3001,3048,-1,3048,3001,2999,-1,3048,2999,3050,-1,3050,2999,3052,-1,2962,2959,2960,-1,2960,2959,2957,-1,2952,2958,2962,-1,2962,2958,2959,-1,2956,2954,2957,-1,2957,2954,2960,-1,2954,2956,2952,-1,2952,2956,2958,-1,3086,3087,3088,-1,3088,3087,3089,-1,3090,3091,3092,-1,3092,3091,3093,-1,3094,3095,3096,-1,3096,3095,3097,-1,3097,3095,3098,-1,3098,3095,3099,-1,3098,3099,3100,-1,3100,3099,3101,-1,3100,3101,3102,-1,3102,3101,3103,-1,3102,3103,3104,-1,3104,3103,3105,-1,3104,3105,3106,-1,3106,3105,3107,-1,3106,3107,3108,-1,3108,3107,3109,-1,3108,3109,3110,-1,3108,3110,3111,-1,3111,3110,3112,-1,3111,3112,3113,-1,3113,3112,3114,-1,3113,3114,3115,-1,3115,3114,3116,-1,3115,3116,3117,-1,3117,3116,3118,-1,3117,3118,3119,-1,3119,3118,3120,-1,3119,3120,3121,-1,3122,3121,3123,-1,3123,3121,3120,-1,3122,3123,3124,-1,3122,3124,3125,-1,3125,3124,3126,-1,3125,3126,3127,-1,3127,3126,3128,-1,3127,3128,3129,-1,3130,3129,3131,-1,3131,3129,3128,-1,3130,3131,3132,-1,3132,3131,3133,-1,3132,3133,3134,-1,3134,3133,3135,-1,3136,3134,3137,-1,3137,3134,3135,-1,3136,3137,3138,-1,3138,3137,3139,-1,3138,3139,3140,-1,3140,3139,3141,-1,3140,3141,3142,-1,3142,3141,3143,-1,3142,3143,3144,-1,3144,3143,3145,-1,3146,3144,3147,-1,3147,3144,3145,-1,3146,3147,3148,-1,3146,3148,3149,-1,3149,3148,3150,-1,3149,3150,3151,-1,3151,3150,3152,-1,3151,3152,3153,-1,3153,3152,3154,-1,3153,3154,3155,-1,3156,3155,3157,-1,3157,3155,3154,-1,3158,3156,3159,-1,3159,3156,3157,-1,3160,3158,3161,-1,3161,3158,3159,-1,3160,3161,3162,-1,3162,3161,3163,-1,3162,3163,3164,-1,3164,3163,3165,-1,3164,3165,3166,-1,3166,3165,3167,-1,3166,3167,3168,-1,3168,3167,3169,-1,3170,3168,3171,-1,3171,3168,3169,-1,3170,3171,3172,-1,3170,3172,3173,-1,3173,3172,3174,-1,3173,3174,3175,-1,3175,3174,3176,-1,3175,3176,3177,-1,3177,3176,3178,-1,3177,3178,3179,-1,3180,3179,3181,-1,3181,3179,3178,-1,3180,3181,3182,-1,3180,3182,3183,-1,3183,3182,3184,-1,3183,3184,3185,-1,3185,3184,3186,-1,3185,3186,3187,-1,3188,3187,3189,-1,3189,3187,3186,-1,3188,3189,3190,-1,3190,3189,3191,-1,3190,3191,3192,-1,3192,3191,3193,-1,3192,3193,3194,-1,3194,3193,3195,-1,3196,3194,3197,-1,3197,3194,3195,-1,3196,3197,3198,-1,3198,3197,3199,-1,3198,3199,3200,-1,3200,3199,3201,-1,3200,3201,3202,-1,3202,3201,3203,-1,3202,3203,3204,-1,3204,3203,3205,-1,3204,3205,3206,-1,3206,3205,3207,-1,3206,3207,3208,-1,3208,3207,3209,-1,3208,3209,3210,-1,3208,3210,3211,-1,3211,3210,3212,-1,3211,3212,3213,-1,3213,3212,3214,-1,3213,3214,3215,-1,3215,3214,3216,-1,3215,3216,3217,-1,3217,3216,3218,-1,3217,3218,3219,-1,3219,3218,3089,-1,3219,3089,3087,-1,3086,3096,3087,-1,3087,3096,3097,-1,3087,3097,3219,-1,3219,3097,3098,-1,3219,3098,3217,-1,3217,3098,3100,-1,3217,3100,3215,-1,3215,3100,3102,-1,3215,3102,3213,-1,3213,3102,3104,-1,3213,3104,3211,-1,3211,3104,3106,-1,3211,3106,3208,-1,3208,3106,3108,-1,3208,3108,3206,-1,3206,3108,3111,-1,3206,3111,3204,-1,3204,3111,3113,-1,3204,3113,3202,-1,3202,3113,3115,-1,3202,3115,3200,-1,3200,3115,3117,-1,3200,3117,3198,-1,3198,3117,3119,-1,3198,3119,3196,-1,3196,3119,3121,-1,3196,3121,3194,-1,3194,3121,3122,-1,3194,3122,3192,-1,3192,3122,3125,-1,3192,3125,3190,-1,3190,3125,3127,-1,3190,3127,3188,-1,3188,3127,3129,-1,3188,3129,3187,-1,3187,3129,3130,-1,3187,3130,3185,-1,3185,3130,3132,-1,3185,3132,3183,-1,3183,3132,3134,-1,3156,3158,3155,-1,3155,3158,3160,-1,3155,3160,3153,-1,3153,3160,3162,-1,3153,3162,3151,-1,3151,3162,3164,-1,3151,3164,3149,-1,3149,3164,3166,-1,3149,3166,3146,-1,3146,3166,3168,-1,3146,3168,3144,-1,3144,3168,3170,-1,3144,3170,3142,-1,3142,3170,3173,-1,3142,3173,3140,-1,3140,3173,3175,-1,3140,3175,3138,-1,3138,3175,3177,-1,3138,3177,3136,-1,3136,3177,3179,-1,3136,3179,3134,-1,3134,3179,3180,-1,3134,3180,3183,-1,3094,3088,3095,-1,3095,3088,3089,-1,3095,3089,3099,-1,3099,3089,3218,-1,3099,3218,3101,-1,3101,3218,3216,-1,3101,3216,3103,-1,3103,3216,3214,-1,3103,3214,3105,-1,3105,3214,3212,-1,3105,3212,3107,-1,3107,3212,3210,-1,3107,3210,3109,-1,3109,3210,3209,-1,3109,3209,3110,-1,3110,3209,3207,-1,3110,3207,3112,-1,3112,3207,3205,-1,3112,3205,3114,-1,3114,3205,3203,-1,3114,3203,3116,-1,3116,3203,3201,-1,3116,3201,3118,-1,3118,3201,3199,-1,3118,3199,3120,-1,3120,3199,3197,-1,3120,3197,3123,-1,3123,3197,3195,-1,3123,3195,3124,-1,3124,3195,3193,-1,3124,3193,3126,-1,3126,3193,3191,-1,3126,3191,3128,-1,3128,3191,3189,-1,3128,3189,3131,-1,3131,3189,3186,-1,3131,3186,3133,-1,3159,3157,3161,-1,3161,3157,3154,-1,3161,3154,3163,-1,3163,3154,3152,-1,3163,3152,3165,-1,3165,3152,3150,-1,3165,3150,3167,-1,3167,3150,3148,-1,3167,3148,3169,-1,3169,3148,3147,-1,3169,3147,3171,-1,3171,3147,3145,-1,3171,3145,3172,-1,3172,3145,3143,-1,3172,3143,3174,-1,3174,3143,3141,-1,3174,3141,3176,-1,3176,3141,3139,-1,3176,3139,3178,-1,3178,3139,3137,-1,3178,3137,3181,-1,3181,3137,3135,-1,3181,3135,3182,-1,3182,3135,3133,-1,3182,3133,3184,-1,3184,3133,3186,-1,3096,3093,3094,-1,3094,3093,3091,-1,3086,3092,3096,-1,3096,3092,3093,-1,3090,3088,3091,-1,3091,3088,3094,-1,3088,3090,3086,-1,3086,3090,3092,-1,3220,3221,3222,-1,3222,3221,3223,-1,3224,3225,3226,-1,3226,3225,3227,-1,3228,3229,3230,-1,3230,3229,3231,-1,3231,3229,3232,-1,3232,3229,3233,-1,3232,3233,3234,-1,3234,3233,3235,-1,3234,3235,3236,-1,3236,3235,3237,-1,3236,3237,3238,-1,3238,3237,3239,-1,3238,3239,3240,-1,3240,3239,3241,-1,3240,3241,3242,-1,3242,3241,3243,-1,3242,3243,3244,-1,3242,3244,3245,-1,3245,3244,3246,-1,3245,3246,3247,-1,3247,3246,3248,-1,3247,3248,3249,-1,3249,3248,3250,-1,3249,3250,3251,-1,3251,3250,3252,-1,3251,3252,3253,-1,3253,3252,3254,-1,3253,3254,3255,-1,3256,3255,3257,-1,3257,3255,3254,-1,3256,3257,3258,-1,3256,3258,3259,-1,3259,3258,3260,-1,3259,3260,3261,-1,3261,3260,3262,-1,3261,3262,3263,-1,3264,3263,3265,-1,3265,3263,3262,-1,3264,3265,3266,-1,3266,3265,3267,-1,3266,3267,3268,-1,3268,3267,3269,-1,3270,3268,3271,-1,3271,3268,3269,-1,3270,3271,3272,-1,3272,3271,3273,-1,3272,3273,3274,-1,3274,3273,3275,-1,3274,3275,3276,-1,3276,3275,3277,-1,3276,3277,3278,-1,3278,3277,3279,-1,3280,3278,3281,-1,3281,3278,3279,-1,3280,3281,3282,-1,3280,3282,3283,-1,3283,3282,3284,-1,3283,3284,3285,-1,3285,3284,3286,-1,3285,3286,3287,-1,3287,3286,3288,-1,3287,3288,3289,-1,3290,3289,3291,-1,3291,3289,3288,-1,3292,3290,3293,-1,3293,3290,3291,-1,3294,3292,3295,-1,3295,3292,3293,-1,3294,3295,3296,-1,3296,3295,3297,-1,3296,3297,3298,-1,3298,3297,3299,-1,3298,3299,3300,-1,3300,3299,3301,-1,3300,3301,3302,-1,3302,3301,3303,-1,3304,3302,3305,-1,3305,3302,3303,-1,3304,3305,3306,-1,3304,3306,3307,-1,3307,3306,3308,-1,3307,3308,3309,-1,3309,3308,3310,-1,3309,3310,3311,-1,3311,3310,3312,-1,3311,3312,3313,-1,3314,3313,3315,-1,3315,3313,3312,-1,3314,3315,3316,-1,3314,3316,3317,-1,3317,3316,3318,-1,3317,3318,3319,-1,3319,3318,3320,-1,3319,3320,3321,-1,3322,3321,3323,-1,3323,3321,3320,-1,3322,3323,3324,-1,3324,3323,3325,-1,3324,3325,3326,-1,3326,3325,3327,-1,3326,3327,3328,-1,3328,3327,3329,-1,3330,3328,3331,-1,3331,3328,3329,-1,3330,3331,3332,-1,3332,3331,3333,-1,3332,3333,3334,-1,3334,3333,3335,-1,3334,3335,3336,-1,3336,3335,3337,-1,3336,3337,3338,-1,3338,3337,3339,-1,3338,3339,3340,-1,3340,3339,3341,-1,3340,3341,3342,-1,3342,3341,3343,-1,3342,3343,3344,-1,3342,3344,3345,-1,3345,3344,3346,-1,3345,3346,3347,-1,3347,3346,3348,-1,3347,3348,3349,-1,3349,3348,3350,-1,3349,3350,3351,-1,3351,3350,3352,-1,3351,3352,3353,-1,3353,3352,3223,-1,3353,3223,3221,-1,3220,3230,3221,-1,3221,3230,3231,-1,3221,3231,3353,-1,3353,3231,3232,-1,3353,3232,3351,-1,3351,3232,3234,-1,3351,3234,3349,-1,3349,3234,3236,-1,3349,3236,3347,-1,3347,3236,3238,-1,3347,3238,3345,-1,3345,3238,3240,-1,3345,3240,3342,-1,3342,3240,3242,-1,3342,3242,3340,-1,3340,3242,3245,-1,3340,3245,3338,-1,3338,3245,3247,-1,3338,3247,3336,-1,3336,3247,3249,-1,3336,3249,3334,-1,3334,3249,3251,-1,3334,3251,3332,-1,3332,3251,3253,-1,3332,3253,3330,-1,3330,3253,3255,-1,3330,3255,3328,-1,3328,3255,3256,-1,3328,3256,3326,-1,3326,3256,3259,-1,3326,3259,3324,-1,3324,3259,3261,-1,3324,3261,3322,-1,3322,3261,3263,-1,3322,3263,3321,-1,3321,3263,3264,-1,3321,3264,3319,-1,3319,3264,3266,-1,3319,3266,3317,-1,3317,3266,3268,-1,3290,3292,3289,-1,3289,3292,3294,-1,3289,3294,3287,-1,3287,3294,3296,-1,3287,3296,3285,-1,3285,3296,3298,-1,3285,3298,3283,-1,3283,3298,3300,-1,3283,3300,3280,-1,3280,3300,3302,-1,3280,3302,3278,-1,3278,3302,3304,-1,3278,3304,3276,-1,3276,3304,3307,-1,3276,3307,3274,-1,3274,3307,3309,-1,3274,3309,3272,-1,3272,3309,3311,-1,3272,3311,3270,-1,3270,3311,3313,-1,3270,3313,3268,-1,3268,3313,3314,-1,3268,3314,3317,-1,3228,3222,3229,-1,3229,3222,3223,-1,3229,3223,3233,-1,3233,3223,3352,-1,3233,3352,3235,-1,3235,3352,3350,-1,3235,3350,3237,-1,3237,3350,3348,-1,3237,3348,3239,-1,3239,3348,3346,-1,3239,3346,3241,-1,3241,3346,3344,-1,3241,3344,3243,-1,3243,3344,3343,-1,3243,3343,3244,-1,3244,3343,3341,-1,3244,3341,3246,-1,3246,3341,3339,-1,3246,3339,3248,-1,3248,3339,3337,-1,3248,3337,3250,-1,3250,3337,3335,-1,3250,3335,3252,-1,3252,3335,3333,-1,3252,3333,3254,-1,3254,3333,3331,-1,3254,3331,3257,-1,3257,3331,3329,-1,3257,3329,3258,-1,3258,3329,3327,-1,3258,3327,3260,-1,3260,3327,3325,-1,3260,3325,3262,-1,3262,3325,3323,-1,3262,3323,3265,-1,3265,3323,3320,-1,3265,3320,3267,-1,3293,3291,3295,-1,3295,3291,3288,-1,3295,3288,3297,-1,3297,3288,3286,-1,3297,3286,3299,-1,3299,3286,3284,-1,3299,3284,3301,-1,3301,3284,3282,-1,3301,3282,3303,-1,3303,3282,3281,-1,3303,3281,3305,-1,3305,3281,3279,-1,3305,3279,3306,-1,3306,3279,3277,-1,3306,3277,3308,-1,3308,3277,3275,-1,3308,3275,3310,-1,3310,3275,3273,-1,3310,3273,3312,-1,3312,3273,3271,-1,3312,3271,3315,-1,3315,3271,3269,-1,3315,3269,3316,-1,3316,3269,3267,-1,3316,3267,3318,-1,3318,3267,3320,-1,3230,3227,3228,-1,3228,3227,3225,-1,3220,3226,3230,-1,3230,3226,3227,-1,3224,3222,3225,-1,3225,3222,3228,-1,3222,3224,3220,-1,3220,3224,3226,-1,3354,3355,3356,-1,3356,3355,3357,-1,3358,3359,3360,-1,3360,3359,3361,-1,3362,3363,3364,-1,3364,3363,3365,-1,3365,3363,3366,-1,3366,3363,3367,-1,3366,3367,3368,-1,3368,3367,3369,-1,3368,3369,3370,-1,3370,3369,3371,-1,3370,3371,3372,-1,3372,3371,3373,-1,3372,3373,3374,-1,3374,3373,3375,-1,3374,3375,3376,-1,3376,3375,3377,-1,3376,3377,3378,-1,3376,3378,3379,-1,3379,3378,3380,-1,3379,3380,3381,-1,3381,3380,3382,-1,3381,3382,3383,-1,3383,3382,3384,-1,3383,3384,3385,-1,3385,3384,3386,-1,3385,3386,3387,-1,3387,3386,3388,-1,3387,3388,3389,-1,3390,3389,3391,-1,3391,3389,3388,-1,3390,3391,3392,-1,3390,3392,3393,-1,3393,3392,3394,-1,3393,3394,3395,-1,3395,3394,3396,-1,3395,3396,3397,-1,3398,3397,3399,-1,3399,3397,3396,-1,3398,3399,3400,-1,3400,3399,3401,-1,3400,3401,3402,-1,3402,3401,3403,-1,3404,3402,3405,-1,3405,3402,3403,-1,3404,3405,3406,-1,3406,3405,3407,-1,3406,3407,3408,-1,3408,3407,3409,-1,3408,3409,3410,-1,3410,3409,3411,-1,3410,3411,3412,-1,3412,3411,3413,-1,3414,3412,3415,-1,3415,3412,3413,-1,3414,3415,3416,-1,3414,3416,3417,-1,3417,3416,3418,-1,3417,3418,3419,-1,3419,3418,3420,-1,3419,3420,3421,-1,3421,3420,3422,-1,3421,3422,3423,-1,3424,3423,3425,-1,3425,3423,3422,-1,3426,3424,3427,-1,3427,3424,3425,-1,3428,3426,3429,-1,3429,3426,3427,-1,3428,3429,3430,-1,3430,3429,3431,-1,3430,3431,3432,-1,3432,3431,3433,-1,3432,3433,3434,-1,3434,3433,3435,-1,3434,3435,3436,-1,3436,3435,3437,-1,3438,3436,3439,-1,3439,3436,3437,-1,3438,3439,3440,-1,3438,3440,3441,-1,3441,3440,3442,-1,3441,3442,3443,-1,3443,3442,3444,-1,3443,3444,3445,-1,3445,3444,3446,-1,3445,3446,3447,-1,3448,3447,3449,-1,3449,3447,3446,-1,3448,3449,3450,-1,3448,3450,3451,-1,3451,3450,3452,-1,3451,3452,3453,-1,3453,3452,3454,-1,3453,3454,3455,-1,3456,3455,3457,-1,3457,3455,3454,-1,3456,3457,3458,-1,3458,3457,3459,-1,3458,3459,3460,-1,3460,3459,3461,-1,3460,3461,3462,-1,3462,3461,3463,-1,3464,3462,3465,-1,3465,3462,3463,-1,3464,3465,3466,-1,3466,3465,3467,-1,3466,3467,3468,-1,3468,3467,3469,-1,3468,3469,3470,-1,3470,3469,3471,-1,3470,3471,3472,-1,3472,3471,3473,-1,3472,3473,3474,-1,3474,3473,3475,-1,3474,3475,3476,-1,3476,3475,3477,-1,3476,3477,3478,-1,3476,3478,3479,-1,3479,3478,3480,-1,3479,3480,3481,-1,3481,3480,3482,-1,3481,3482,3483,-1,3483,3482,3484,-1,3483,3484,3485,-1,3485,3484,3486,-1,3485,3486,3487,-1,3487,3486,3357,-1,3487,3357,3355,-1,3354,3364,3355,-1,3355,3364,3365,-1,3355,3365,3487,-1,3487,3365,3366,-1,3487,3366,3485,-1,3485,3366,3368,-1,3485,3368,3483,-1,3483,3368,3370,-1,3483,3370,3481,-1,3481,3370,3372,-1,3481,3372,3479,-1,3479,3372,3374,-1,3479,3374,3476,-1,3476,3374,3376,-1,3476,3376,3474,-1,3474,3376,3379,-1,3474,3379,3472,-1,3472,3379,3381,-1,3472,3381,3470,-1,3470,3381,3383,-1,3470,3383,3468,-1,3468,3383,3385,-1,3468,3385,3466,-1,3466,3385,3387,-1,3466,3387,3464,-1,3464,3387,3389,-1,3464,3389,3462,-1,3462,3389,3390,-1,3462,3390,3460,-1,3460,3390,3393,-1,3460,3393,3458,-1,3458,3393,3395,-1,3458,3395,3456,-1,3456,3395,3397,-1,3456,3397,3455,-1,3455,3397,3398,-1,3455,3398,3453,-1,3453,3398,3400,-1,3453,3400,3451,-1,3451,3400,3402,-1,3424,3426,3423,-1,3423,3426,3428,-1,3423,3428,3421,-1,3421,3428,3430,-1,3421,3430,3419,-1,3419,3430,3432,-1,3419,3432,3417,-1,3417,3432,3434,-1,3417,3434,3414,-1,3414,3434,3436,-1,3414,3436,3412,-1,3412,3436,3438,-1,3412,3438,3410,-1,3410,3438,3441,-1,3410,3441,3408,-1,3408,3441,3443,-1,3408,3443,3406,-1,3406,3443,3445,-1,3406,3445,3404,-1,3404,3445,3447,-1,3404,3447,3402,-1,3402,3447,3448,-1,3402,3448,3451,-1,3362,3356,3363,-1,3363,3356,3357,-1,3363,3357,3367,-1,3367,3357,3486,-1,3367,3486,3369,-1,3369,3486,3484,-1,3369,3484,3371,-1,3371,3484,3482,-1,3371,3482,3373,-1,3373,3482,3480,-1,3373,3480,3375,-1,3375,3480,3478,-1,3375,3478,3377,-1,3377,3478,3477,-1,3377,3477,3378,-1,3378,3477,3475,-1,3378,3475,3380,-1,3380,3475,3473,-1,3380,3473,3382,-1,3382,3473,3471,-1,3382,3471,3384,-1,3384,3471,3469,-1,3384,3469,3386,-1,3386,3469,3467,-1,3386,3467,3388,-1,3388,3467,3465,-1,3388,3465,3391,-1,3391,3465,3463,-1,3391,3463,3392,-1,3392,3463,3461,-1,3392,3461,3394,-1,3394,3461,3459,-1,3394,3459,3396,-1,3396,3459,3457,-1,3396,3457,3399,-1,3399,3457,3454,-1,3399,3454,3401,-1,3427,3425,3429,-1,3429,3425,3422,-1,3429,3422,3431,-1,3431,3422,3420,-1,3431,3420,3433,-1,3433,3420,3418,-1,3433,3418,3435,-1,3435,3418,3416,-1,3435,3416,3437,-1,3437,3416,3415,-1,3437,3415,3439,-1,3439,3415,3413,-1,3439,3413,3440,-1,3440,3413,3411,-1,3440,3411,3442,-1,3442,3411,3409,-1,3442,3409,3444,-1,3444,3409,3407,-1,3444,3407,3446,-1,3446,3407,3405,-1,3446,3405,3449,-1,3449,3405,3403,-1,3449,3403,3450,-1,3450,3403,3401,-1,3450,3401,3452,-1,3452,3401,3454,-1,3364,3361,3362,-1,3362,3361,3359,-1,3354,3360,3364,-1,3364,3360,3361,-1,3358,3356,3359,-1,3359,3356,3362,-1,3356,3358,3354,-1,3354,3358,3360,-1,3488,3489,3490,-1,3490,3489,3491,-1,3492,3493,3494,-1,3494,3493,3495,-1,3496,3497,3498,-1,3498,3497,3499,-1,3499,3497,3500,-1,3500,3497,3501,-1,3500,3501,3502,-1,3502,3501,3503,-1,3502,3503,3504,-1,3504,3503,3505,-1,3504,3505,3506,-1,3506,3505,3507,-1,3506,3507,3508,-1,3508,3507,3509,-1,3508,3509,3510,-1,3510,3509,3511,-1,3510,3511,3512,-1,3510,3512,3513,-1,3513,3512,3514,-1,3513,3514,3515,-1,3515,3514,3516,-1,3515,3516,3517,-1,3517,3516,3518,-1,3517,3518,3519,-1,3519,3518,3520,-1,3519,3520,3521,-1,3521,3520,3522,-1,3521,3522,3523,-1,3524,3523,3525,-1,3525,3523,3522,-1,3524,3525,3526,-1,3524,3526,3527,-1,3527,3526,3528,-1,3527,3528,3529,-1,3529,3528,3530,-1,3529,3530,3531,-1,3532,3531,3533,-1,3533,3531,3530,-1,3532,3533,3534,-1,3534,3533,3535,-1,3534,3535,3536,-1,3536,3535,3537,-1,3538,3536,3539,-1,3539,3536,3537,-1,3538,3539,3540,-1,3540,3539,3541,-1,3540,3541,3542,-1,3542,3541,3543,-1,3542,3543,3544,-1,3544,3543,3545,-1,3544,3545,3546,-1,3546,3545,3547,-1,3548,3546,3549,-1,3549,3546,3547,-1,3548,3549,3550,-1,3548,3550,3551,-1,3551,3550,3552,-1,3551,3552,3553,-1,3553,3552,3554,-1,3553,3554,3555,-1,3555,3554,3556,-1,3555,3556,3557,-1,3558,3557,3559,-1,3559,3557,3556,-1,3560,3558,3561,-1,3561,3558,3559,-1,3562,3560,3563,-1,3563,3560,3561,-1,3562,3563,3564,-1,3564,3563,3565,-1,3564,3565,3566,-1,3566,3565,3567,-1,3566,3567,3568,-1,3568,3567,3569,-1,3568,3569,3570,-1,3570,3569,3571,-1,3572,3570,3573,-1,3573,3570,3571,-1,3572,3573,3574,-1,3572,3574,3575,-1,3575,3574,3576,-1,3575,3576,3577,-1,3577,3576,3578,-1,3577,3578,3579,-1,3579,3578,3580,-1,3579,3580,3581,-1,3582,3581,3583,-1,3583,3581,3580,-1,3582,3583,3584,-1,3582,3584,3585,-1,3585,3584,3586,-1,3585,3586,3587,-1,3587,3586,3588,-1,3587,3588,3589,-1,3590,3589,3591,-1,3591,3589,3588,-1,3590,3591,3592,-1,3592,3591,3593,-1,3592,3593,3594,-1,3594,3593,3595,-1,3594,3595,3596,-1,3596,3595,3597,-1,3598,3596,3599,-1,3599,3596,3597,-1,3598,3599,3600,-1,3600,3599,3601,-1,3600,3601,3602,-1,3602,3601,3603,-1,3602,3603,3604,-1,3604,3603,3605,-1,3604,3605,3606,-1,3606,3605,3607,-1,3606,3607,3608,-1,3608,3607,3609,-1,3608,3609,3610,-1,3610,3609,3611,-1,3610,3611,3612,-1,3610,3612,3613,-1,3613,3612,3614,-1,3613,3614,3615,-1,3615,3614,3616,-1,3615,3616,3617,-1,3617,3616,3618,-1,3617,3618,3619,-1,3619,3618,3620,-1,3619,3620,3621,-1,3621,3620,3491,-1,3621,3491,3489,-1,3488,3498,3489,-1,3489,3498,3499,-1,3489,3499,3621,-1,3621,3499,3500,-1,3621,3500,3619,-1,3619,3500,3502,-1,3619,3502,3617,-1,3617,3502,3504,-1,3617,3504,3615,-1,3615,3504,3506,-1,3615,3506,3613,-1,3613,3506,3508,-1,3613,3508,3610,-1,3610,3508,3510,-1,3610,3510,3608,-1,3608,3510,3513,-1,3608,3513,3606,-1,3606,3513,3515,-1,3606,3515,3604,-1,3604,3515,3517,-1,3604,3517,3602,-1,3602,3517,3519,-1,3602,3519,3600,-1,3600,3519,3521,-1,3600,3521,3598,-1,3598,3521,3523,-1,3598,3523,3596,-1,3596,3523,3524,-1,3596,3524,3594,-1,3594,3524,3527,-1,3594,3527,3592,-1,3592,3527,3529,-1,3592,3529,3590,-1,3590,3529,3531,-1,3590,3531,3589,-1,3589,3531,3532,-1,3589,3532,3587,-1,3587,3532,3534,-1,3587,3534,3585,-1,3585,3534,3536,-1,3558,3560,3557,-1,3557,3560,3562,-1,3557,3562,3555,-1,3555,3562,3564,-1,3555,3564,3553,-1,3553,3564,3566,-1,3553,3566,3551,-1,3551,3566,3568,-1,3551,3568,3548,-1,3548,3568,3570,-1,3548,3570,3546,-1,3546,3570,3572,-1,3546,3572,3544,-1,3544,3572,3575,-1,3544,3575,3542,-1,3542,3575,3577,-1,3542,3577,3540,-1,3540,3577,3579,-1,3540,3579,3538,-1,3538,3579,3581,-1,3538,3581,3536,-1,3536,3581,3582,-1,3536,3582,3585,-1,3496,3490,3497,-1,3497,3490,3491,-1,3497,3491,3501,-1,3501,3491,3620,-1,3501,3620,3503,-1,3503,3620,3618,-1,3503,3618,3505,-1,3505,3618,3616,-1,3505,3616,3507,-1,3507,3616,3614,-1,3507,3614,3509,-1,3509,3614,3612,-1,3509,3612,3511,-1,3511,3612,3611,-1,3511,3611,3512,-1,3512,3611,3609,-1,3512,3609,3514,-1,3514,3609,3607,-1,3514,3607,3516,-1,3516,3607,3605,-1,3516,3605,3518,-1,3518,3605,3603,-1,3518,3603,3520,-1,3520,3603,3601,-1,3520,3601,3522,-1,3522,3601,3599,-1,3522,3599,3525,-1,3525,3599,3597,-1,3525,3597,3526,-1,3526,3597,3595,-1,3526,3595,3528,-1,3528,3595,3593,-1,3528,3593,3530,-1,3530,3593,3591,-1,3530,3591,3533,-1,3533,3591,3588,-1,3533,3588,3535,-1,3561,3559,3563,-1,3563,3559,3556,-1,3563,3556,3565,-1,3565,3556,3554,-1,3565,3554,3567,-1,3567,3554,3552,-1,3567,3552,3569,-1,3569,3552,3550,-1,3569,3550,3571,-1,3571,3550,3549,-1,3571,3549,3573,-1,3573,3549,3547,-1,3573,3547,3574,-1,3574,3547,3545,-1,3574,3545,3576,-1,3576,3545,3543,-1,3576,3543,3578,-1,3578,3543,3541,-1,3578,3541,3580,-1,3580,3541,3539,-1,3580,3539,3583,-1,3583,3539,3537,-1,3583,3537,3584,-1,3584,3537,3535,-1,3584,3535,3586,-1,3586,3535,3588,-1,3498,3495,3496,-1,3496,3495,3493,-1,3488,3494,3498,-1,3498,3494,3495,-1,3492,3490,3493,-1,3493,3490,3496,-1,3490,3492,3488,-1,3488,3492,3494,-1,3622,3623,3624,-1,3624,3623,3625,-1,3626,3627,3628,-1,3628,3627,3629,-1,3630,3631,3632,-1,3632,3631,3633,-1,3633,3631,3634,-1,3634,3631,3635,-1,3634,3635,3636,-1,3636,3635,3637,-1,3636,3637,3638,-1,3638,3637,3639,-1,3638,3639,3640,-1,3640,3639,3641,-1,3640,3641,3642,-1,3642,3641,3643,-1,3642,3643,3644,-1,3644,3643,3645,-1,3644,3645,3646,-1,3644,3646,3647,-1,3647,3646,3648,-1,3647,3648,3649,-1,3649,3648,3650,-1,3649,3650,3651,-1,3651,3650,3652,-1,3651,3652,3653,-1,3653,3652,3654,-1,3653,3654,3655,-1,3655,3654,3656,-1,3655,3656,3657,-1,3658,3657,3659,-1,3659,3657,3656,-1,3658,3659,3660,-1,3658,3660,3661,-1,3661,3660,3662,-1,3661,3662,3663,-1,3663,3662,3664,-1,3663,3664,3665,-1,3666,3665,3667,-1,3667,3665,3664,-1,3666,3667,3668,-1,3668,3667,3669,-1,3668,3669,3670,-1,3670,3669,3671,-1,3672,3670,3673,-1,3673,3670,3671,-1,3672,3673,3674,-1,3674,3673,3675,-1,3674,3675,3676,-1,3676,3675,3677,-1,3676,3677,3678,-1,3678,3677,3679,-1,3678,3679,3680,-1,3680,3679,3681,-1,3682,3680,3683,-1,3683,3680,3681,-1,3682,3683,3684,-1,3682,3684,3685,-1,3685,3684,3686,-1,3685,3686,3687,-1,3687,3686,3688,-1,3687,3688,3689,-1,3689,3688,3690,-1,3689,3690,3691,-1,3692,3691,3693,-1,3693,3691,3690,-1,3694,3692,3695,-1,3695,3692,3693,-1,3696,3694,3697,-1,3697,3694,3695,-1,3696,3697,3698,-1,3698,3697,3699,-1,3698,3699,3700,-1,3700,3699,3701,-1,3700,3701,3702,-1,3702,3701,3703,-1,3702,3703,3704,-1,3704,3703,3705,-1,3706,3704,3707,-1,3707,3704,3705,-1,3706,3707,3708,-1,3706,3708,3709,-1,3709,3708,3710,-1,3709,3710,3711,-1,3711,3710,3712,-1,3711,3712,3713,-1,3713,3712,3714,-1,3713,3714,3715,-1,3716,3715,3717,-1,3717,3715,3714,-1,3716,3717,3718,-1,3716,3718,3719,-1,3719,3718,3720,-1,3719,3720,3721,-1,3721,3720,3722,-1,3721,3722,3723,-1,3724,3723,3725,-1,3725,3723,3722,-1,3724,3725,3726,-1,3726,3725,3727,-1,3726,3727,3728,-1,3728,3727,3729,-1,3728,3729,3730,-1,3730,3729,3731,-1,3732,3730,3733,-1,3733,3730,3731,-1,3732,3733,3734,-1,3734,3733,3735,-1,3734,3735,3736,-1,3736,3735,3737,-1,3736,3737,3738,-1,3738,3737,3739,-1,3738,3739,3740,-1,3740,3739,3741,-1,3740,3741,3742,-1,3742,3741,3743,-1,3742,3743,3744,-1,3744,3743,3745,-1,3744,3745,3746,-1,3744,3746,3747,-1,3747,3746,3748,-1,3747,3748,3749,-1,3749,3748,3750,-1,3749,3750,3751,-1,3751,3750,3752,-1,3751,3752,3753,-1,3753,3752,3754,-1,3753,3754,3755,-1,3755,3754,3625,-1,3755,3625,3623,-1,3622,3632,3623,-1,3623,3632,3633,-1,3623,3633,3755,-1,3755,3633,3634,-1,3755,3634,3753,-1,3753,3634,3636,-1,3753,3636,3751,-1,3751,3636,3638,-1,3751,3638,3749,-1,3749,3638,3640,-1,3749,3640,3747,-1,3747,3640,3642,-1,3747,3642,3744,-1,3744,3642,3644,-1,3744,3644,3742,-1,3742,3644,3647,-1,3742,3647,3740,-1,3740,3647,3649,-1,3740,3649,3738,-1,3738,3649,3651,-1,3738,3651,3736,-1,3736,3651,3653,-1,3736,3653,3734,-1,3734,3653,3655,-1,3734,3655,3732,-1,3732,3655,3657,-1,3732,3657,3730,-1,3730,3657,3658,-1,3730,3658,3728,-1,3728,3658,3661,-1,3728,3661,3726,-1,3726,3661,3663,-1,3726,3663,3724,-1,3724,3663,3665,-1,3724,3665,3723,-1,3723,3665,3666,-1,3723,3666,3721,-1,3721,3666,3668,-1,3721,3668,3719,-1,3719,3668,3670,-1,3692,3694,3691,-1,3691,3694,3696,-1,3691,3696,3689,-1,3689,3696,3698,-1,3689,3698,3687,-1,3687,3698,3700,-1,3687,3700,3685,-1,3685,3700,3702,-1,3685,3702,3682,-1,3682,3702,3704,-1,3682,3704,3680,-1,3680,3704,3706,-1,3680,3706,3678,-1,3678,3706,3709,-1,3678,3709,3676,-1,3676,3709,3711,-1,3676,3711,3674,-1,3674,3711,3713,-1,3674,3713,3672,-1,3672,3713,3715,-1,3672,3715,3670,-1,3670,3715,3716,-1,3670,3716,3719,-1,3630,3624,3631,-1,3631,3624,3625,-1,3631,3625,3635,-1,3635,3625,3754,-1,3635,3754,3637,-1,3637,3754,3752,-1,3637,3752,3639,-1,3639,3752,3750,-1,3639,3750,3641,-1,3641,3750,3748,-1,3641,3748,3643,-1,3643,3748,3746,-1,3643,3746,3645,-1,3645,3746,3745,-1,3645,3745,3646,-1,3646,3745,3743,-1,3646,3743,3648,-1,3648,3743,3741,-1,3648,3741,3650,-1,3650,3741,3739,-1,3650,3739,3652,-1,3652,3739,3737,-1,3652,3737,3654,-1,3654,3737,3735,-1,3654,3735,3656,-1,3656,3735,3733,-1,3656,3733,3659,-1,3659,3733,3731,-1,3659,3731,3660,-1,3660,3731,3729,-1,3660,3729,3662,-1,3662,3729,3727,-1,3662,3727,3664,-1,3664,3727,3725,-1,3664,3725,3667,-1,3667,3725,3722,-1,3667,3722,3669,-1,3695,3693,3697,-1,3697,3693,3690,-1,3697,3690,3699,-1,3699,3690,3688,-1,3699,3688,3701,-1,3701,3688,3686,-1,3701,3686,3703,-1,3703,3686,3684,-1,3703,3684,3705,-1,3705,3684,3683,-1,3705,3683,3707,-1,3707,3683,3681,-1,3707,3681,3708,-1,3708,3681,3679,-1,3708,3679,3710,-1,3710,3679,3677,-1,3710,3677,3712,-1,3712,3677,3675,-1,3712,3675,3714,-1,3714,3675,3673,-1,3714,3673,3717,-1,3717,3673,3671,-1,3717,3671,3718,-1,3718,3671,3669,-1,3718,3669,3720,-1,3720,3669,3722,-1,3632,3629,3630,-1,3630,3629,3627,-1,3622,3628,3632,-1,3632,3628,3629,-1,3626,3624,3627,-1,3627,3624,3630,-1,3624,3626,3622,-1,3622,3626,3628,-1,3756,3757,3758,-1,3758,3757,3759,-1,3760,3761,3762,-1,3762,3761,3763,-1,3764,3765,3766,-1,3766,3765,3767,-1,3767,3765,3768,-1,3768,3765,3769,-1,3768,3769,3770,-1,3770,3769,3771,-1,3770,3771,3772,-1,3772,3771,3773,-1,3772,3773,3774,-1,3774,3773,3775,-1,3774,3775,3776,-1,3776,3775,3777,-1,3776,3777,3778,-1,3778,3777,3779,-1,3778,3779,3780,-1,3778,3780,3781,-1,3781,3780,3782,-1,3781,3782,3783,-1,3783,3782,3784,-1,3783,3784,3785,-1,3785,3784,3786,-1,3785,3786,3787,-1,3787,3786,3788,-1,3787,3788,3789,-1,3789,3788,3790,-1,3789,3790,3791,-1,3792,3791,3793,-1,3793,3791,3790,-1,3792,3793,3794,-1,3792,3794,3795,-1,3795,3794,3796,-1,3795,3796,3797,-1,3797,3796,3798,-1,3797,3798,3799,-1,3800,3799,3801,-1,3801,3799,3798,-1,3800,3801,3802,-1,3802,3801,3803,-1,3802,3803,3804,-1,3804,3803,3805,-1,3806,3804,3807,-1,3807,3804,3805,-1,3806,3807,3808,-1,3808,3807,3809,-1,3808,3809,3810,-1,3810,3809,3811,-1,3810,3811,3812,-1,3812,3811,3813,-1,3812,3813,3814,-1,3814,3813,3815,-1,3816,3814,3817,-1,3817,3814,3815,-1,3816,3817,3818,-1,3816,3818,3819,-1,3819,3818,3820,-1,3819,3820,3821,-1,3821,3820,3822,-1,3821,3822,3823,-1,3823,3822,3824,-1,3823,3824,3825,-1,3826,3825,3827,-1,3827,3825,3824,-1,3828,3826,3829,-1,3829,3826,3827,-1,3830,3828,3831,-1,3831,3828,3829,-1,3830,3831,3832,-1,3832,3831,3833,-1,3832,3833,3834,-1,3834,3833,3835,-1,3834,3835,3836,-1,3836,3835,3837,-1,3836,3837,3838,-1,3838,3837,3839,-1,3840,3838,3841,-1,3841,3838,3839,-1,3840,3841,3842,-1,3840,3842,3843,-1,3843,3842,3844,-1,3843,3844,3845,-1,3845,3844,3846,-1,3845,3846,3847,-1,3847,3846,3848,-1,3847,3848,3849,-1,3850,3849,3851,-1,3851,3849,3848,-1,3850,3851,3852,-1,3850,3852,3853,-1,3853,3852,3854,-1,3853,3854,3855,-1,3855,3854,3856,-1,3855,3856,3857,-1,3858,3857,3859,-1,3859,3857,3856,-1,3858,3859,3860,-1,3860,3859,3861,-1,3860,3861,3862,-1,3862,3861,3863,-1,3862,3863,3864,-1,3864,3863,3865,-1,3866,3864,3867,-1,3867,3864,3865,-1,3866,3867,3868,-1,3868,3867,3869,-1,3868,3869,3870,-1,3870,3869,3871,-1,3870,3871,3872,-1,3872,3871,3873,-1,3872,3873,3874,-1,3874,3873,3875,-1,3874,3875,3876,-1,3876,3875,3877,-1,3876,3877,3878,-1,3878,3877,3879,-1,3878,3879,3880,-1,3878,3880,3881,-1,3881,3880,3882,-1,3881,3882,3883,-1,3883,3882,3884,-1,3883,3884,3885,-1,3885,3884,3886,-1,3885,3886,3887,-1,3887,3886,3888,-1,3887,3888,3889,-1,3889,3888,3759,-1,3889,3759,3757,-1,3756,3766,3757,-1,3757,3766,3767,-1,3757,3767,3889,-1,3889,3767,3768,-1,3889,3768,3887,-1,3887,3768,3770,-1,3887,3770,3885,-1,3885,3770,3772,-1,3885,3772,3883,-1,3883,3772,3774,-1,3883,3774,3881,-1,3881,3774,3776,-1,3881,3776,3878,-1,3878,3776,3778,-1,3878,3778,3876,-1,3876,3778,3781,-1,3876,3781,3874,-1,3874,3781,3783,-1,3874,3783,3872,-1,3872,3783,3785,-1,3872,3785,3870,-1,3870,3785,3787,-1,3870,3787,3868,-1,3868,3787,3789,-1,3868,3789,3866,-1,3866,3789,3791,-1,3866,3791,3864,-1,3864,3791,3792,-1,3864,3792,3862,-1,3862,3792,3795,-1,3862,3795,3860,-1,3860,3795,3797,-1,3860,3797,3858,-1,3858,3797,3799,-1,3858,3799,3857,-1,3857,3799,3800,-1,3857,3800,3855,-1,3855,3800,3802,-1,3855,3802,3853,-1,3853,3802,3804,-1,3826,3828,3825,-1,3825,3828,3830,-1,3825,3830,3823,-1,3823,3830,3832,-1,3823,3832,3821,-1,3821,3832,3834,-1,3821,3834,3819,-1,3819,3834,3836,-1,3819,3836,3816,-1,3816,3836,3838,-1,3816,3838,3814,-1,3814,3838,3840,-1,3814,3840,3812,-1,3812,3840,3843,-1,3812,3843,3810,-1,3810,3843,3845,-1,3810,3845,3808,-1,3808,3845,3847,-1,3808,3847,3806,-1,3806,3847,3849,-1,3806,3849,3804,-1,3804,3849,3850,-1,3804,3850,3853,-1,3764,3758,3765,-1,3765,3758,3759,-1,3765,3759,3769,-1,3769,3759,3888,-1,3769,3888,3771,-1,3771,3888,3886,-1,3771,3886,3773,-1,3773,3886,3884,-1,3773,3884,3775,-1,3775,3884,3882,-1,3775,3882,3777,-1,3777,3882,3880,-1,3777,3880,3779,-1,3779,3880,3879,-1,3779,3879,3780,-1,3780,3879,3877,-1,3780,3877,3782,-1,3782,3877,3875,-1,3782,3875,3784,-1,3784,3875,3873,-1,3784,3873,3786,-1,3786,3873,3871,-1,3786,3871,3788,-1,3788,3871,3869,-1,3788,3869,3790,-1,3790,3869,3867,-1,3790,3867,3793,-1,3793,3867,3865,-1,3793,3865,3794,-1,3794,3865,3863,-1,3794,3863,3796,-1,3796,3863,3861,-1,3796,3861,3798,-1,3798,3861,3859,-1,3798,3859,3801,-1,3801,3859,3856,-1,3801,3856,3803,-1,3829,3827,3831,-1,3831,3827,3824,-1,3831,3824,3833,-1,3833,3824,3822,-1,3833,3822,3835,-1,3835,3822,3820,-1,3835,3820,3837,-1,3837,3820,3818,-1,3837,3818,3839,-1,3839,3818,3817,-1,3839,3817,3841,-1,3841,3817,3815,-1,3841,3815,3842,-1,3842,3815,3813,-1,3842,3813,3844,-1,3844,3813,3811,-1,3844,3811,3846,-1,3846,3811,3809,-1,3846,3809,3848,-1,3848,3809,3807,-1,3848,3807,3851,-1,3851,3807,3805,-1,3851,3805,3852,-1,3852,3805,3803,-1,3852,3803,3854,-1,3854,3803,3856,-1,3766,3763,3764,-1,3764,3763,3761,-1,3756,3762,3766,-1,3766,3762,3763,-1,3760,3758,3761,-1,3761,3758,3764,-1,3758,3760,3756,-1,3756,3760,3762,-1,3890,3891,3892,-1,3892,3891,3893,-1,3894,3895,3896,-1,3896,3895,3897,-1,3898,3899,3900,-1,3900,3899,3901,-1,3901,3899,3902,-1,3902,3899,3903,-1,3902,3903,3904,-1,3904,3903,3905,-1,3904,3905,3906,-1,3906,3905,3907,-1,3906,3907,3908,-1,3908,3907,3909,-1,3908,3909,3910,-1,3910,3909,3911,-1,3910,3911,3912,-1,3912,3911,3913,-1,3912,3913,3914,-1,3912,3914,3915,-1,3915,3914,3916,-1,3915,3916,3917,-1,3917,3916,3918,-1,3917,3918,3919,-1,3919,3918,3920,-1,3919,3920,3921,-1,3921,3920,3922,-1,3921,3922,3923,-1,3923,3922,3924,-1,3923,3924,3925,-1,3926,3925,3927,-1,3927,3925,3924,-1,3926,3927,3928,-1,3926,3928,3929,-1,3929,3928,3930,-1,3929,3930,3931,-1,3931,3930,3932,-1,3931,3932,3933,-1,3934,3933,3935,-1,3935,3933,3932,-1,3934,3935,3936,-1,3936,3935,3937,-1,3936,3937,3938,-1,3938,3937,3939,-1,3940,3938,3941,-1,3941,3938,3939,-1,3940,3941,3942,-1,3942,3941,3943,-1,3942,3943,3944,-1,3944,3943,3945,-1,3944,3945,3946,-1,3946,3945,3947,-1,3946,3947,3948,-1,3948,3947,3949,-1,3950,3948,3951,-1,3951,3948,3949,-1,3950,3951,3952,-1,3950,3952,3953,-1,3953,3952,3954,-1,3953,3954,3955,-1,3955,3954,3956,-1,3955,3956,3957,-1,3957,3956,3958,-1,3957,3958,3959,-1,3960,3959,3961,-1,3961,3959,3958,-1,3962,3960,3963,-1,3963,3960,3961,-1,3964,3962,3965,-1,3965,3962,3963,-1,3964,3965,3966,-1,3966,3965,3967,-1,3966,3967,3968,-1,3968,3967,3969,-1,3968,3969,3970,-1,3970,3969,3971,-1,3970,3971,3972,-1,3972,3971,3973,-1,3974,3972,3975,-1,3975,3972,3973,-1,3974,3975,3976,-1,3974,3976,3977,-1,3977,3976,3978,-1,3977,3978,3979,-1,3979,3978,3980,-1,3979,3980,3981,-1,3981,3980,3982,-1,3981,3982,3983,-1,3984,3983,3985,-1,3985,3983,3982,-1,3984,3985,3986,-1,3984,3986,3987,-1,3987,3986,3988,-1,3987,3988,3989,-1,3989,3988,3990,-1,3989,3990,3991,-1,3992,3991,3993,-1,3993,3991,3990,-1,3992,3993,3994,-1,3994,3993,3995,-1,3994,3995,3996,-1,3996,3995,3997,-1,3996,3997,3998,-1,3998,3997,3999,-1,4000,3998,4001,-1,4001,3998,3999,-1,4000,4001,4002,-1,4002,4001,4003,-1,4002,4003,4004,-1,4004,4003,4005,-1,4004,4005,4006,-1,4006,4005,4007,-1,4006,4007,4008,-1,4008,4007,4009,-1,4008,4009,4010,-1,4010,4009,4011,-1,4010,4011,4012,-1,4012,4011,4013,-1,4012,4013,4014,-1,4012,4014,4015,-1,4015,4014,4016,-1,4015,4016,4017,-1,4017,4016,4018,-1,4017,4018,4019,-1,4019,4018,4020,-1,4019,4020,4021,-1,4021,4020,4022,-1,4021,4022,4023,-1,4023,4022,3893,-1,4023,3893,3891,-1,3890,3900,3891,-1,3891,3900,3901,-1,3891,3901,4023,-1,4023,3901,3902,-1,4023,3902,4021,-1,4021,3902,3904,-1,4021,3904,4019,-1,4019,3904,3906,-1,4019,3906,4017,-1,4017,3906,3908,-1,4017,3908,4015,-1,4015,3908,3910,-1,4015,3910,4012,-1,4012,3910,3912,-1,4012,3912,4010,-1,4010,3912,3915,-1,4010,3915,4008,-1,4008,3915,3917,-1,4008,3917,4006,-1,4006,3917,3919,-1,4006,3919,4004,-1,4004,3919,3921,-1,4004,3921,4002,-1,4002,3921,3923,-1,4002,3923,4000,-1,4000,3923,3925,-1,4000,3925,3998,-1,3998,3925,3926,-1,3998,3926,3996,-1,3996,3926,3929,-1,3996,3929,3994,-1,3994,3929,3931,-1,3994,3931,3992,-1,3992,3931,3933,-1,3992,3933,3991,-1,3991,3933,3934,-1,3991,3934,3989,-1,3989,3934,3936,-1,3989,3936,3987,-1,3987,3936,3938,-1,3960,3962,3959,-1,3959,3962,3964,-1,3959,3964,3957,-1,3957,3964,3966,-1,3957,3966,3955,-1,3955,3966,3968,-1,3955,3968,3953,-1,3953,3968,3970,-1,3953,3970,3950,-1,3950,3970,3972,-1,3950,3972,3948,-1,3948,3972,3974,-1,3948,3974,3946,-1,3946,3974,3977,-1,3946,3977,3944,-1,3944,3977,3979,-1,3944,3979,3942,-1,3942,3979,3981,-1,3942,3981,3940,-1,3940,3981,3983,-1,3940,3983,3938,-1,3938,3983,3984,-1,3938,3984,3987,-1,3898,3892,3899,-1,3899,3892,3893,-1,3899,3893,3903,-1,3903,3893,4022,-1,3903,4022,3905,-1,3905,4022,4020,-1,3905,4020,3907,-1,3907,4020,4018,-1,3907,4018,3909,-1,3909,4018,4016,-1,3909,4016,3911,-1,3911,4016,4014,-1,3911,4014,3913,-1,3913,4014,4013,-1,3913,4013,3914,-1,3914,4013,4011,-1,3914,4011,3916,-1,3916,4011,4009,-1,3916,4009,3918,-1,3918,4009,4007,-1,3918,4007,3920,-1,3920,4007,4005,-1,3920,4005,3922,-1,3922,4005,4003,-1,3922,4003,3924,-1,3924,4003,4001,-1,3924,4001,3927,-1,3927,4001,3999,-1,3927,3999,3928,-1,3928,3999,3997,-1,3928,3997,3930,-1,3930,3997,3995,-1,3930,3995,3932,-1,3932,3995,3993,-1,3932,3993,3935,-1,3935,3993,3990,-1,3935,3990,3937,-1,3963,3961,3965,-1,3965,3961,3958,-1,3965,3958,3967,-1,3967,3958,3956,-1,3967,3956,3969,-1,3969,3956,3954,-1,3969,3954,3971,-1,3971,3954,3952,-1,3971,3952,3973,-1,3973,3952,3951,-1,3973,3951,3975,-1,3975,3951,3949,-1,3975,3949,3976,-1,3976,3949,3947,-1,3976,3947,3978,-1,3978,3947,3945,-1,3978,3945,3980,-1,3980,3945,3943,-1,3980,3943,3982,-1,3982,3943,3941,-1,3982,3941,3985,-1,3985,3941,3939,-1,3985,3939,3986,-1,3986,3939,3937,-1,3986,3937,3988,-1,3988,3937,3990,-1,3900,3897,3898,-1,3898,3897,3895,-1,3890,3896,3900,-1,3900,3896,3897,-1,3894,3892,3895,-1,3895,3892,3898,-1,3892,3894,3890,-1,3890,3894,3896,-1,4024,4025,4026,-1,4026,4025,4027,-1,4028,4029,4030,-1,4030,4029,4031,-1,4032,4033,4034,-1,4034,4033,4035,-1,4035,4033,4036,-1,4036,4033,4037,-1,4036,4037,4038,-1,4038,4037,4039,-1,4038,4039,4040,-1,4040,4039,4041,-1,4040,4041,4042,-1,4042,4041,4043,-1,4042,4043,4044,-1,4044,4043,4045,-1,4044,4045,4046,-1,4046,4045,4047,-1,4046,4047,4048,-1,4046,4048,4049,-1,4049,4048,4050,-1,4049,4050,4051,-1,4051,4050,4052,-1,4051,4052,4053,-1,4053,4052,4054,-1,4053,4054,4055,-1,4055,4054,4056,-1,4055,4056,4057,-1,4057,4056,4058,-1,4057,4058,4059,-1,4060,4059,4061,-1,4061,4059,4058,-1,4060,4061,4062,-1,4060,4062,4063,-1,4063,4062,4064,-1,4063,4064,4065,-1,4065,4064,4066,-1,4065,4066,4067,-1,4068,4067,4069,-1,4069,4067,4066,-1,4068,4069,4070,-1,4070,4069,4071,-1,4070,4071,4072,-1,4072,4071,4073,-1,4074,4072,4075,-1,4075,4072,4073,-1,4074,4075,4076,-1,4076,4075,4077,-1,4076,4077,4078,-1,4078,4077,4079,-1,4078,4079,4080,-1,4080,4079,4081,-1,4080,4081,4082,-1,4082,4081,4083,-1,4084,4082,4085,-1,4085,4082,4083,-1,4084,4085,4086,-1,4084,4086,4087,-1,4087,4086,4088,-1,4087,4088,4089,-1,4089,4088,4090,-1,4089,4090,4091,-1,4091,4090,4092,-1,4091,4092,4093,-1,4094,4093,4095,-1,4095,4093,4092,-1,4096,4094,4097,-1,4097,4094,4095,-1,4098,4096,4099,-1,4099,4096,4097,-1,4098,4099,4100,-1,4100,4099,4101,-1,4100,4101,4102,-1,4102,4101,4103,-1,4102,4103,4104,-1,4104,4103,4105,-1,4104,4105,4106,-1,4106,4105,4107,-1,4108,4106,4109,-1,4109,4106,4107,-1,4108,4109,4110,-1,4108,4110,4111,-1,4111,4110,4112,-1,4111,4112,4113,-1,4113,4112,4114,-1,4113,4114,4115,-1,4115,4114,4116,-1,4115,4116,4117,-1,4118,4117,4119,-1,4119,4117,4116,-1,4118,4119,4120,-1,4118,4120,4121,-1,4121,4120,4122,-1,4121,4122,4123,-1,4123,4122,4124,-1,4123,4124,4125,-1,4126,4125,4127,-1,4127,4125,4124,-1,4126,4127,4128,-1,4128,4127,4129,-1,4128,4129,4130,-1,4130,4129,4131,-1,4130,4131,4132,-1,4132,4131,4133,-1,4134,4132,4135,-1,4135,4132,4133,-1,4134,4135,4136,-1,4136,4135,4137,-1,4136,4137,4138,-1,4138,4137,4139,-1,4138,4139,4140,-1,4140,4139,4141,-1,4140,4141,4142,-1,4142,4141,4143,-1,4142,4143,4144,-1,4144,4143,4145,-1,4144,4145,4146,-1,4146,4145,4147,-1,4146,4147,4148,-1,4146,4148,4149,-1,4149,4148,4150,-1,4149,4150,4151,-1,4151,4150,4152,-1,4151,4152,4153,-1,4153,4152,4154,-1,4153,4154,4155,-1,4155,4154,4156,-1,4155,4156,4157,-1,4157,4156,4027,-1,4157,4027,4025,-1,4024,4034,4025,-1,4025,4034,4035,-1,4025,4035,4157,-1,4157,4035,4036,-1,4157,4036,4155,-1,4155,4036,4038,-1,4155,4038,4153,-1,4153,4038,4040,-1,4153,4040,4151,-1,4151,4040,4042,-1,4151,4042,4149,-1,4149,4042,4044,-1,4149,4044,4146,-1,4146,4044,4046,-1,4146,4046,4144,-1,4144,4046,4049,-1,4144,4049,4142,-1,4142,4049,4051,-1,4142,4051,4140,-1,4140,4051,4053,-1,4140,4053,4138,-1,4138,4053,4055,-1,4138,4055,4136,-1,4136,4055,4057,-1,4136,4057,4134,-1,4134,4057,4059,-1,4134,4059,4132,-1,4132,4059,4060,-1,4132,4060,4130,-1,4130,4060,4063,-1,4130,4063,4128,-1,4128,4063,4065,-1,4128,4065,4126,-1,4126,4065,4067,-1,4126,4067,4125,-1,4125,4067,4068,-1,4125,4068,4123,-1,4123,4068,4070,-1,4123,4070,4121,-1,4121,4070,4072,-1,4094,4096,4093,-1,4093,4096,4098,-1,4093,4098,4091,-1,4091,4098,4100,-1,4091,4100,4089,-1,4089,4100,4102,-1,4089,4102,4087,-1,4087,4102,4104,-1,4087,4104,4084,-1,4084,4104,4106,-1,4084,4106,4082,-1,4082,4106,4108,-1,4082,4108,4080,-1,4080,4108,4111,-1,4080,4111,4078,-1,4078,4111,4113,-1,4078,4113,4076,-1,4076,4113,4115,-1,4076,4115,4074,-1,4074,4115,4117,-1,4074,4117,4072,-1,4072,4117,4118,-1,4072,4118,4121,-1,4032,4026,4033,-1,4033,4026,4027,-1,4033,4027,4037,-1,4037,4027,4156,-1,4037,4156,4039,-1,4039,4156,4154,-1,4039,4154,4041,-1,4041,4154,4152,-1,4041,4152,4043,-1,4043,4152,4150,-1,4043,4150,4045,-1,4045,4150,4148,-1,4045,4148,4047,-1,4047,4148,4147,-1,4047,4147,4048,-1,4048,4147,4145,-1,4048,4145,4050,-1,4050,4145,4143,-1,4050,4143,4052,-1,4052,4143,4141,-1,4052,4141,4054,-1,4054,4141,4139,-1,4054,4139,4056,-1,4056,4139,4137,-1,4056,4137,4058,-1,4058,4137,4135,-1,4058,4135,4061,-1,4061,4135,4133,-1,4061,4133,4062,-1,4062,4133,4131,-1,4062,4131,4064,-1,4064,4131,4129,-1,4064,4129,4066,-1,4066,4129,4127,-1,4066,4127,4069,-1,4069,4127,4124,-1,4069,4124,4071,-1,4097,4095,4099,-1,4099,4095,4092,-1,4099,4092,4101,-1,4101,4092,4090,-1,4101,4090,4103,-1,4103,4090,4088,-1,4103,4088,4105,-1,4105,4088,4086,-1,4105,4086,4107,-1,4107,4086,4085,-1,4107,4085,4109,-1,4109,4085,4083,-1,4109,4083,4110,-1,4110,4083,4081,-1,4110,4081,4112,-1,4112,4081,4079,-1,4112,4079,4114,-1,4114,4079,4077,-1,4114,4077,4116,-1,4116,4077,4075,-1,4116,4075,4119,-1,4119,4075,4073,-1,4119,4073,4120,-1,4120,4073,4071,-1,4120,4071,4122,-1,4122,4071,4124,-1,4034,4031,4032,-1,4032,4031,4029,-1,4024,4030,4034,-1,4034,4030,4031,-1,4028,4026,4029,-1,4029,4026,4032,-1,4026,4028,4024,-1,4024,4028,4030,-1,4158,4159,4160,-1,4160,4159,4161,-1,4162,4163,4164,-1,4164,4163,4165,-1,4166,4167,4168,-1,4168,4167,4169,-1,4169,4167,4170,-1,4170,4167,4171,-1,4170,4171,4172,-1,4172,4171,4173,-1,4172,4173,4174,-1,4174,4173,4175,-1,4174,4175,4176,-1,4176,4175,4177,-1,4176,4177,4178,-1,4178,4177,4179,-1,4178,4179,4180,-1,4180,4179,4181,-1,4180,4181,4182,-1,4180,4182,4183,-1,4183,4182,4184,-1,4183,4184,4185,-1,4185,4184,4186,-1,4185,4186,4187,-1,4187,4186,4188,-1,4187,4188,4189,-1,4189,4188,4190,-1,4189,4190,4191,-1,4191,4190,4192,-1,4191,4192,4193,-1,4194,4193,4195,-1,4195,4193,4192,-1,4194,4195,4196,-1,4194,4196,4197,-1,4197,4196,4198,-1,4197,4198,4199,-1,4199,4198,4200,-1,4199,4200,4201,-1,4202,4201,4203,-1,4203,4201,4200,-1,4202,4203,4204,-1,4204,4203,4205,-1,4204,4205,4206,-1,4206,4205,4207,-1,4208,4206,4209,-1,4209,4206,4207,-1,4208,4209,4210,-1,4210,4209,4211,-1,4210,4211,4212,-1,4212,4211,4213,-1,4212,4213,4214,-1,4214,4213,4215,-1,4214,4215,4216,-1,4216,4215,4217,-1,4218,4216,4219,-1,4219,4216,4217,-1,4218,4219,4220,-1,4218,4220,4221,-1,4221,4220,4222,-1,4221,4222,4223,-1,4223,4222,4224,-1,4223,4224,4225,-1,4225,4224,4226,-1,4225,4226,4227,-1,4228,4227,4229,-1,4229,4227,4226,-1,4230,4228,4231,-1,4231,4228,4229,-1,4232,4230,4233,-1,4233,4230,4231,-1,4232,4233,4234,-1,4234,4233,4235,-1,4234,4235,4236,-1,4236,4235,4237,-1,4236,4237,4238,-1,4238,4237,4239,-1,4238,4239,4240,-1,4240,4239,4241,-1,4242,4240,4243,-1,4243,4240,4241,-1,4242,4243,4244,-1,4242,4244,4245,-1,4245,4244,4246,-1,4245,4246,4247,-1,4247,4246,4248,-1,4247,4248,4249,-1,4249,4248,4250,-1,4249,4250,4251,-1,4252,4251,4253,-1,4253,4251,4250,-1,4252,4253,4254,-1,4252,4254,4255,-1,4255,4254,4256,-1,4255,4256,4257,-1,4257,4256,4258,-1,4257,4258,4259,-1,4260,4259,4261,-1,4261,4259,4258,-1,4260,4261,4262,-1,4262,4261,4263,-1,4262,4263,4264,-1,4264,4263,4265,-1,4264,4265,4266,-1,4266,4265,4267,-1,4268,4266,4269,-1,4269,4266,4267,-1,4268,4269,4270,-1,4270,4269,4271,-1,4270,4271,4272,-1,4272,4271,4273,-1,4272,4273,4274,-1,4274,4273,4275,-1,4274,4275,4276,-1,4276,4275,4277,-1,4276,4277,4278,-1,4278,4277,4279,-1,4278,4279,4280,-1,4280,4279,4281,-1,4280,4281,4282,-1,4280,4282,4283,-1,4283,4282,4284,-1,4283,4284,4285,-1,4285,4284,4286,-1,4285,4286,4287,-1,4287,4286,4288,-1,4287,4288,4289,-1,4289,4288,4290,-1,4289,4290,4291,-1,4291,4290,4161,-1,4291,4161,4159,-1,4158,4168,4159,-1,4159,4168,4169,-1,4159,4169,4291,-1,4291,4169,4170,-1,4291,4170,4289,-1,4289,4170,4172,-1,4289,4172,4287,-1,4287,4172,4174,-1,4287,4174,4285,-1,4285,4174,4176,-1,4285,4176,4283,-1,4283,4176,4178,-1,4283,4178,4280,-1,4280,4178,4180,-1,4280,4180,4278,-1,4278,4180,4183,-1,4278,4183,4276,-1,4276,4183,4185,-1,4276,4185,4274,-1,4274,4185,4187,-1,4274,4187,4272,-1,4272,4187,4189,-1,4272,4189,4270,-1,4270,4189,4191,-1,4270,4191,4268,-1,4268,4191,4193,-1,4268,4193,4266,-1,4266,4193,4194,-1,4266,4194,4264,-1,4264,4194,4197,-1,4264,4197,4262,-1,4262,4197,4199,-1,4262,4199,4260,-1,4260,4199,4201,-1,4260,4201,4259,-1,4259,4201,4202,-1,4259,4202,4257,-1,4257,4202,4204,-1,4257,4204,4255,-1,4255,4204,4206,-1,4228,4230,4227,-1,4227,4230,4232,-1,4227,4232,4225,-1,4225,4232,4234,-1,4225,4234,4223,-1,4223,4234,4236,-1,4223,4236,4221,-1,4221,4236,4238,-1,4221,4238,4218,-1,4218,4238,4240,-1,4218,4240,4216,-1,4216,4240,4242,-1,4216,4242,4214,-1,4214,4242,4245,-1,4214,4245,4212,-1,4212,4245,4247,-1,4212,4247,4210,-1,4210,4247,4249,-1,4210,4249,4208,-1,4208,4249,4251,-1,4208,4251,4206,-1,4206,4251,4252,-1,4206,4252,4255,-1,4166,4160,4167,-1,4167,4160,4161,-1,4167,4161,4171,-1,4171,4161,4290,-1,4171,4290,4173,-1,4173,4290,4288,-1,4173,4288,4175,-1,4175,4288,4286,-1,4175,4286,4177,-1,4177,4286,4284,-1,4177,4284,4179,-1,4179,4284,4282,-1,4179,4282,4181,-1,4181,4282,4281,-1,4181,4281,4182,-1,4182,4281,4279,-1,4182,4279,4184,-1,4184,4279,4277,-1,4184,4277,4186,-1,4186,4277,4275,-1,4186,4275,4188,-1,4188,4275,4273,-1,4188,4273,4190,-1,4190,4273,4271,-1,4190,4271,4192,-1,4192,4271,4269,-1,4192,4269,4195,-1,4195,4269,4267,-1,4195,4267,4196,-1,4196,4267,4265,-1,4196,4265,4198,-1,4198,4265,4263,-1,4198,4263,4200,-1,4200,4263,4261,-1,4200,4261,4203,-1,4203,4261,4258,-1,4203,4258,4205,-1,4231,4229,4233,-1,4233,4229,4226,-1,4233,4226,4235,-1,4235,4226,4224,-1,4235,4224,4237,-1,4237,4224,4222,-1,4237,4222,4239,-1,4239,4222,4220,-1,4239,4220,4241,-1,4241,4220,4219,-1,4241,4219,4243,-1,4243,4219,4217,-1,4243,4217,4244,-1,4244,4217,4215,-1,4244,4215,4246,-1,4246,4215,4213,-1,4246,4213,4248,-1,4248,4213,4211,-1,4248,4211,4250,-1,4250,4211,4209,-1,4250,4209,4253,-1,4253,4209,4207,-1,4253,4207,4254,-1,4254,4207,4205,-1,4254,4205,4256,-1,4256,4205,4258,-1,4168,4165,4166,-1,4166,4165,4163,-1,4158,4164,4168,-1,4168,4164,4165,-1,4162,4160,4163,-1,4163,4160,4166,-1,4160,4162,4158,-1,4158,4162,4164,-1,4292,4293,4294,-1,4294,4293,4295,-1,4296,4297,4298,-1,4298,4297,4299,-1,4300,4301,4302,-1,4302,4301,4303,-1,4303,4301,4304,-1,4304,4301,4305,-1,4304,4305,4306,-1,4306,4305,4307,-1,4306,4307,4308,-1,4308,4307,4309,-1,4308,4309,4310,-1,4310,4309,4311,-1,4310,4311,4312,-1,4312,4311,4313,-1,4312,4313,4314,-1,4314,4313,4315,-1,4314,4315,4316,-1,4314,4316,4317,-1,4317,4316,4318,-1,4317,4318,4319,-1,4319,4318,4320,-1,4319,4320,4321,-1,4321,4320,4322,-1,4321,4322,4323,-1,4323,4322,4324,-1,4323,4324,4325,-1,4325,4324,4326,-1,4325,4326,4327,-1,4328,4327,4329,-1,4329,4327,4326,-1,4328,4329,4330,-1,4328,4330,4331,-1,4331,4330,4332,-1,4331,4332,4333,-1,4333,4332,4334,-1,4333,4334,4335,-1,4336,4335,4337,-1,4337,4335,4334,-1,4336,4337,4338,-1,4338,4337,4339,-1,4338,4339,4340,-1,4340,4339,4341,-1,4342,4340,4343,-1,4343,4340,4341,-1,4342,4343,4344,-1,4344,4343,4345,-1,4344,4345,4346,-1,4346,4345,4347,-1,4346,4347,4348,-1,4348,4347,4349,-1,4348,4349,4350,-1,4350,4349,4351,-1,4352,4350,4353,-1,4353,4350,4351,-1,4352,4353,4354,-1,4352,4354,4355,-1,4355,4354,4356,-1,4355,4356,4357,-1,4357,4356,4358,-1,4357,4358,4359,-1,4359,4358,4360,-1,4359,4360,4361,-1,4362,4361,4363,-1,4363,4361,4360,-1,4364,4362,4365,-1,4365,4362,4363,-1,4366,4364,4367,-1,4367,4364,4365,-1,4366,4367,4368,-1,4368,4367,4369,-1,4368,4369,4370,-1,4370,4369,4371,-1,4370,4371,4372,-1,4372,4371,4373,-1,4372,4373,4374,-1,4374,4373,4375,-1,4376,4374,4377,-1,4377,4374,4375,-1,4376,4377,4378,-1,4376,4378,4379,-1,4379,4378,4380,-1,4379,4380,4381,-1,4381,4380,4382,-1,4381,4382,4383,-1,4383,4382,4384,-1,4383,4384,4385,-1,4386,4385,4387,-1,4387,4385,4384,-1,4386,4387,4388,-1,4386,4388,4389,-1,4389,4388,4390,-1,4389,4390,4391,-1,4391,4390,4392,-1,4391,4392,4393,-1,4394,4393,4395,-1,4395,4393,4392,-1,4394,4395,4396,-1,4396,4395,4397,-1,4396,4397,4398,-1,4398,4397,4399,-1,4398,4399,4400,-1,4400,4399,4401,-1,4402,4400,4403,-1,4403,4400,4401,-1,4402,4403,4404,-1,4404,4403,4405,-1,4404,4405,4406,-1,4406,4405,4407,-1,4406,4407,4408,-1,4408,4407,4409,-1,4408,4409,4410,-1,4410,4409,4411,-1,4410,4411,4412,-1,4412,4411,4413,-1,4412,4413,4414,-1,4414,4413,4415,-1,4414,4415,4416,-1,4414,4416,4417,-1,4417,4416,4418,-1,4417,4418,4419,-1,4419,4418,4420,-1,4419,4420,4421,-1,4421,4420,4422,-1,4421,4422,4423,-1,4423,4422,4424,-1,4423,4424,4425,-1,4425,4424,4295,-1,4425,4295,4293,-1,4292,4302,4293,-1,4293,4302,4303,-1,4293,4303,4425,-1,4425,4303,4304,-1,4425,4304,4423,-1,4423,4304,4306,-1,4423,4306,4421,-1,4421,4306,4308,-1,4421,4308,4419,-1,4419,4308,4310,-1,4419,4310,4417,-1,4417,4310,4312,-1,4417,4312,4414,-1,4414,4312,4314,-1,4414,4314,4412,-1,4412,4314,4317,-1,4412,4317,4410,-1,4410,4317,4319,-1,4410,4319,4408,-1,4408,4319,4321,-1,4408,4321,4406,-1,4406,4321,4323,-1,4406,4323,4404,-1,4404,4323,4325,-1,4404,4325,4402,-1,4402,4325,4327,-1,4402,4327,4400,-1,4400,4327,4328,-1,4400,4328,4398,-1,4398,4328,4331,-1,4398,4331,4396,-1,4396,4331,4333,-1,4396,4333,4394,-1,4394,4333,4335,-1,4394,4335,4393,-1,4393,4335,4336,-1,4393,4336,4391,-1,4391,4336,4338,-1,4391,4338,4389,-1,4389,4338,4340,-1,4362,4364,4361,-1,4361,4364,4366,-1,4361,4366,4359,-1,4359,4366,4368,-1,4359,4368,4357,-1,4357,4368,4370,-1,4357,4370,4355,-1,4355,4370,4372,-1,4355,4372,4352,-1,4352,4372,4374,-1,4352,4374,4350,-1,4350,4374,4376,-1,4350,4376,4348,-1,4348,4376,4379,-1,4348,4379,4346,-1,4346,4379,4381,-1,4346,4381,4344,-1,4344,4381,4383,-1,4344,4383,4342,-1,4342,4383,4385,-1,4342,4385,4340,-1,4340,4385,4386,-1,4340,4386,4389,-1,4300,4294,4301,-1,4301,4294,4295,-1,4301,4295,4305,-1,4305,4295,4424,-1,4305,4424,4307,-1,4307,4424,4422,-1,4307,4422,4309,-1,4309,4422,4420,-1,4309,4420,4311,-1,4311,4420,4418,-1,4311,4418,4313,-1,4313,4418,4416,-1,4313,4416,4315,-1,4315,4416,4415,-1,4315,4415,4316,-1,4316,4415,4413,-1,4316,4413,4318,-1,4318,4413,4411,-1,4318,4411,4320,-1,4320,4411,4409,-1,4320,4409,4322,-1,4322,4409,4407,-1,4322,4407,4324,-1,4324,4407,4405,-1,4324,4405,4326,-1,4326,4405,4403,-1,4326,4403,4329,-1,4329,4403,4401,-1,4329,4401,4330,-1,4330,4401,4399,-1,4330,4399,4332,-1,4332,4399,4397,-1,4332,4397,4334,-1,4334,4397,4395,-1,4334,4395,4337,-1,4337,4395,4392,-1,4337,4392,4339,-1,4365,4363,4367,-1,4367,4363,4360,-1,4367,4360,4369,-1,4369,4360,4358,-1,4369,4358,4371,-1,4371,4358,4356,-1,4371,4356,4373,-1,4373,4356,4354,-1,4373,4354,4375,-1,4375,4354,4353,-1,4375,4353,4377,-1,4377,4353,4351,-1,4377,4351,4378,-1,4378,4351,4349,-1,4378,4349,4380,-1,4380,4349,4347,-1,4380,4347,4382,-1,4382,4347,4345,-1,4382,4345,4384,-1,4384,4345,4343,-1,4384,4343,4387,-1,4387,4343,4341,-1,4387,4341,4388,-1,4388,4341,4339,-1,4388,4339,4390,-1,4390,4339,4392,-1,4302,4299,4300,-1,4300,4299,4297,-1,4292,4298,4302,-1,4302,4298,4299,-1,4296,4294,4297,-1,4297,4294,4300,-1,4294,4296,4292,-1,4292,4296,4298,-1,4426,4427,4428,-1,4428,4427,4429,-1,4430,4431,4432,-1,4432,4431,4433,-1,4434,4435,4436,-1,4436,4435,4437,-1,4437,4435,4438,-1,4438,4435,4439,-1,4438,4439,4440,-1,4440,4439,4441,-1,4440,4441,4442,-1,4442,4441,4443,-1,4442,4443,4444,-1,4444,4443,4445,-1,4444,4445,4446,-1,4446,4445,4447,-1,4446,4447,4448,-1,4448,4447,4449,-1,4448,4449,4450,-1,4448,4450,4451,-1,4451,4450,4452,-1,4451,4452,4453,-1,4453,4452,4454,-1,4453,4454,4455,-1,4455,4454,4456,-1,4455,4456,4457,-1,4457,4456,4458,-1,4457,4458,4459,-1,4459,4458,4460,-1,4459,4460,4461,-1,4462,4461,4463,-1,4463,4461,4460,-1,4462,4463,4464,-1,4462,4464,4465,-1,4465,4464,4466,-1,4465,4466,4467,-1,4467,4466,4468,-1,4467,4468,4469,-1,4470,4469,4471,-1,4471,4469,4468,-1,4470,4471,4472,-1,4472,4471,4473,-1,4472,4473,4474,-1,4474,4473,4475,-1,4476,4474,4477,-1,4477,4474,4475,-1,4476,4477,4478,-1,4478,4477,4479,-1,4478,4479,4480,-1,4480,4479,4481,-1,4480,4481,4482,-1,4482,4481,4483,-1,4482,4483,4484,-1,4484,4483,4485,-1,4486,4484,4487,-1,4487,4484,4485,-1,4486,4487,4488,-1,4486,4488,4489,-1,4489,4488,4490,-1,4489,4490,4491,-1,4491,4490,4492,-1,4491,4492,4493,-1,4493,4492,4494,-1,4493,4494,4495,-1,4496,4495,4497,-1,4497,4495,4494,-1,4498,4496,4499,-1,4499,4496,4497,-1,4500,4498,4501,-1,4501,4498,4499,-1,4500,4501,4502,-1,4502,4501,4503,-1,4502,4503,4504,-1,4504,4503,4505,-1,4504,4505,4506,-1,4506,4505,4507,-1,4506,4507,4508,-1,4508,4507,4509,-1,4510,4508,4511,-1,4511,4508,4509,-1,4510,4511,4512,-1,4510,4512,4513,-1,4513,4512,4514,-1,4513,4514,4515,-1,4515,4514,4516,-1,4515,4516,4517,-1,4517,4516,4518,-1,4517,4518,4519,-1,4520,4519,4521,-1,4521,4519,4518,-1,4520,4521,4522,-1,4520,4522,4523,-1,4523,4522,4524,-1,4523,4524,4525,-1,4525,4524,4526,-1,4525,4526,4527,-1,4528,4527,4529,-1,4529,4527,4526,-1,4528,4529,4530,-1,4530,4529,4531,-1,4530,4531,4532,-1,4532,4531,4533,-1,4532,4533,4534,-1,4534,4533,4535,-1,4536,4534,4537,-1,4537,4534,4535,-1,4536,4537,4538,-1,4538,4537,4539,-1,4538,4539,4540,-1,4540,4539,4541,-1,4540,4541,4542,-1,4542,4541,4543,-1,4542,4543,4544,-1,4544,4543,4545,-1,4544,4545,4546,-1,4546,4545,4547,-1,4546,4547,4548,-1,4548,4547,4549,-1,4548,4549,4550,-1,4548,4550,4551,-1,4551,4550,4552,-1,4551,4552,4553,-1,4553,4552,4554,-1,4553,4554,4555,-1,4555,4554,4556,-1,4555,4556,4557,-1,4557,4556,4558,-1,4557,4558,4559,-1,4559,4558,4429,-1,4559,4429,4427,-1,4426,4436,4427,-1,4427,4436,4437,-1,4427,4437,4559,-1,4559,4437,4438,-1,4559,4438,4557,-1,4557,4438,4440,-1,4557,4440,4555,-1,4555,4440,4442,-1,4555,4442,4553,-1,4553,4442,4444,-1,4553,4444,4551,-1,4551,4444,4446,-1,4551,4446,4548,-1,4548,4446,4448,-1,4548,4448,4546,-1,4546,4448,4451,-1,4546,4451,4544,-1,4544,4451,4453,-1,4544,4453,4542,-1,4542,4453,4455,-1,4542,4455,4540,-1,4540,4455,4457,-1,4540,4457,4538,-1,4538,4457,4459,-1,4538,4459,4536,-1,4536,4459,4461,-1,4536,4461,4534,-1,4534,4461,4462,-1,4534,4462,4532,-1,4532,4462,4465,-1,4532,4465,4530,-1,4530,4465,4467,-1,4530,4467,4528,-1,4528,4467,4469,-1,4528,4469,4527,-1,4527,4469,4470,-1,4527,4470,4525,-1,4525,4470,4472,-1,4525,4472,4523,-1,4523,4472,4474,-1,4496,4498,4495,-1,4495,4498,4500,-1,4495,4500,4493,-1,4493,4500,4502,-1,4493,4502,4491,-1,4491,4502,4504,-1,4491,4504,4489,-1,4489,4504,4506,-1,4489,4506,4486,-1,4486,4506,4508,-1,4486,4508,4484,-1,4484,4508,4510,-1,4484,4510,4482,-1,4482,4510,4513,-1,4482,4513,4480,-1,4480,4513,4515,-1,4480,4515,4478,-1,4478,4515,4517,-1,4478,4517,4476,-1,4476,4517,4519,-1,4476,4519,4474,-1,4474,4519,4520,-1,4474,4520,4523,-1,4434,4428,4435,-1,4435,4428,4429,-1,4435,4429,4439,-1,4439,4429,4558,-1,4439,4558,4441,-1,4441,4558,4556,-1,4441,4556,4443,-1,4443,4556,4554,-1,4443,4554,4445,-1,4445,4554,4552,-1,4445,4552,4447,-1,4447,4552,4550,-1,4447,4550,4449,-1,4449,4550,4549,-1,4449,4549,4450,-1,4450,4549,4547,-1,4450,4547,4452,-1,4452,4547,4545,-1,4452,4545,4454,-1,4454,4545,4543,-1,4454,4543,4456,-1,4456,4543,4541,-1,4456,4541,4458,-1,4458,4541,4539,-1,4458,4539,4460,-1,4460,4539,4537,-1,4460,4537,4463,-1,4463,4537,4535,-1,4463,4535,4464,-1,4464,4535,4533,-1,4464,4533,4466,-1,4466,4533,4531,-1,4466,4531,4468,-1,4468,4531,4529,-1,4468,4529,4471,-1,4471,4529,4526,-1,4471,4526,4473,-1,4499,4497,4501,-1,4501,4497,4494,-1,4501,4494,4503,-1,4503,4494,4492,-1,4503,4492,4505,-1,4505,4492,4490,-1,4505,4490,4507,-1,4507,4490,4488,-1,4507,4488,4509,-1,4509,4488,4487,-1,4509,4487,4511,-1,4511,4487,4485,-1,4511,4485,4512,-1,4512,4485,4483,-1,4512,4483,4514,-1,4514,4483,4481,-1,4514,4481,4516,-1,4516,4481,4479,-1,4516,4479,4518,-1,4518,4479,4477,-1,4518,4477,4521,-1,4521,4477,4475,-1,4521,4475,4522,-1,4522,4475,4473,-1,4522,4473,4524,-1,4524,4473,4526,-1,4436,4433,4434,-1,4434,4433,4431,-1,4426,4432,4436,-1,4436,4432,4433,-1,4430,4428,4431,-1,4431,4428,4434,-1,4428,4430,4426,-1,4426,4430,4432,-1,4560,4561,4562,-1,4562,4561,4563,-1,4564,4565,4566,-1,4566,4565,4567,-1,4568,4569,4570,-1,4570,4569,4571,-1,4571,4569,4572,-1,4572,4569,4573,-1,4572,4573,4574,-1,4574,4573,4575,-1,4574,4575,4576,-1,4576,4575,4577,-1,4576,4577,4578,-1,4578,4577,4579,-1,4578,4579,4580,-1,4580,4579,4581,-1,4580,4581,4582,-1,4582,4581,4583,-1,4582,4583,4584,-1,4582,4584,4585,-1,4585,4584,4586,-1,4585,4586,4587,-1,4587,4586,4588,-1,4587,4588,4589,-1,4589,4588,4590,-1,4589,4590,4591,-1,4591,4590,4592,-1,4591,4592,4593,-1,4593,4592,4594,-1,4593,4594,4595,-1,4596,4595,4597,-1,4597,4595,4594,-1,4596,4597,4598,-1,4596,4598,4599,-1,4599,4598,4600,-1,4599,4600,4601,-1,4601,4600,4602,-1,4601,4602,4603,-1,4604,4603,4605,-1,4605,4603,4602,-1,4604,4605,4606,-1,4606,4605,4607,-1,4606,4607,4608,-1,4608,4607,4609,-1,4610,4608,4611,-1,4611,4608,4609,-1,4610,4611,4612,-1,4612,4611,4613,-1,4612,4613,4614,-1,4614,4613,4615,-1,4614,4615,4616,-1,4616,4615,4617,-1,4616,4617,4618,-1,4618,4617,4619,-1,4620,4618,4621,-1,4621,4618,4619,-1,4620,4621,4622,-1,4620,4622,4623,-1,4623,4622,4624,-1,4623,4624,4625,-1,4625,4624,4626,-1,4625,4626,4627,-1,4627,4626,4628,-1,4627,4628,4629,-1,4630,4629,4631,-1,4631,4629,4628,-1,4632,4630,4633,-1,4633,4630,4631,-1,4634,4632,4635,-1,4635,4632,4633,-1,4634,4635,4636,-1,4636,4635,4637,-1,4636,4637,4638,-1,4638,4637,4639,-1,4638,4639,4640,-1,4640,4639,4641,-1,4640,4641,4642,-1,4642,4641,4643,-1,4644,4642,4645,-1,4645,4642,4643,-1,4644,4645,4646,-1,4644,4646,4647,-1,4647,4646,4648,-1,4647,4648,4649,-1,4649,4648,4650,-1,4649,4650,4651,-1,4651,4650,4652,-1,4651,4652,4653,-1,4654,4653,4655,-1,4655,4653,4652,-1,4654,4655,4656,-1,4654,4656,4657,-1,4657,4656,4658,-1,4657,4658,4659,-1,4659,4658,4660,-1,4659,4660,4661,-1,4662,4661,4663,-1,4663,4661,4660,-1,4662,4663,4664,-1,4664,4663,4665,-1,4664,4665,4666,-1,4666,4665,4667,-1,4666,4667,4668,-1,4668,4667,4669,-1,4670,4668,4671,-1,4671,4668,4669,-1,4670,4671,4672,-1,4672,4671,4673,-1,4672,4673,4674,-1,4674,4673,4675,-1,4674,4675,4676,-1,4676,4675,4677,-1,4676,4677,4678,-1,4678,4677,4679,-1,4678,4679,4680,-1,4680,4679,4681,-1,4680,4681,4682,-1,4682,4681,4683,-1,4682,4683,4684,-1,4682,4684,4685,-1,4685,4684,4686,-1,4685,4686,4687,-1,4687,4686,4688,-1,4687,4688,4689,-1,4689,4688,4690,-1,4689,4690,4691,-1,4691,4690,4692,-1,4691,4692,4693,-1,4693,4692,4563,-1,4693,4563,4561,-1,4560,4570,4561,-1,4561,4570,4571,-1,4561,4571,4693,-1,4693,4571,4572,-1,4693,4572,4691,-1,4691,4572,4574,-1,4691,4574,4689,-1,4689,4574,4576,-1,4689,4576,4687,-1,4687,4576,4578,-1,4687,4578,4685,-1,4685,4578,4580,-1,4685,4580,4682,-1,4682,4580,4582,-1,4682,4582,4680,-1,4680,4582,4585,-1,4680,4585,4678,-1,4678,4585,4587,-1,4678,4587,4676,-1,4676,4587,4589,-1,4676,4589,4674,-1,4674,4589,4591,-1,4674,4591,4672,-1,4672,4591,4593,-1,4672,4593,4670,-1,4670,4593,4595,-1,4670,4595,4668,-1,4668,4595,4596,-1,4668,4596,4666,-1,4666,4596,4599,-1,4666,4599,4664,-1,4664,4599,4601,-1,4664,4601,4662,-1,4662,4601,4603,-1,4662,4603,4661,-1,4661,4603,4604,-1,4661,4604,4659,-1,4659,4604,4606,-1,4659,4606,4657,-1,4657,4606,4608,-1,4630,4632,4629,-1,4629,4632,4634,-1,4629,4634,4627,-1,4627,4634,4636,-1,4627,4636,4625,-1,4625,4636,4638,-1,4625,4638,4623,-1,4623,4638,4640,-1,4623,4640,4620,-1,4620,4640,4642,-1,4620,4642,4618,-1,4618,4642,4644,-1,4618,4644,4616,-1,4616,4644,4647,-1,4616,4647,4614,-1,4614,4647,4649,-1,4614,4649,4612,-1,4612,4649,4651,-1,4612,4651,4610,-1,4610,4651,4653,-1,4610,4653,4608,-1,4608,4653,4654,-1,4608,4654,4657,-1,4568,4562,4569,-1,4569,4562,4563,-1,4569,4563,4573,-1,4573,4563,4692,-1,4573,4692,4575,-1,4575,4692,4690,-1,4575,4690,4577,-1,4577,4690,4688,-1,4577,4688,4579,-1,4579,4688,4686,-1,4579,4686,4581,-1,4581,4686,4684,-1,4581,4684,4583,-1,4583,4684,4683,-1,4583,4683,4584,-1,4584,4683,4681,-1,4584,4681,4586,-1,4586,4681,4679,-1,4586,4679,4588,-1,4588,4679,4677,-1,4588,4677,4590,-1,4590,4677,4675,-1,4590,4675,4592,-1,4592,4675,4673,-1,4592,4673,4594,-1,4594,4673,4671,-1,4594,4671,4597,-1,4597,4671,4669,-1,4597,4669,4598,-1,4598,4669,4667,-1,4598,4667,4600,-1,4600,4667,4665,-1,4600,4665,4602,-1,4602,4665,4663,-1,4602,4663,4605,-1,4605,4663,4660,-1,4605,4660,4607,-1,4633,4631,4635,-1,4635,4631,4628,-1,4635,4628,4637,-1,4637,4628,4626,-1,4637,4626,4639,-1,4639,4626,4624,-1,4639,4624,4641,-1,4641,4624,4622,-1,4641,4622,4643,-1,4643,4622,4621,-1,4643,4621,4645,-1,4645,4621,4619,-1,4645,4619,4646,-1,4646,4619,4617,-1,4646,4617,4648,-1,4648,4617,4615,-1,4648,4615,4650,-1,4650,4615,4613,-1,4650,4613,4652,-1,4652,4613,4611,-1,4652,4611,4655,-1,4655,4611,4609,-1,4655,4609,4656,-1,4656,4609,4607,-1,4656,4607,4658,-1,4658,4607,4660,-1,4570,4567,4568,-1,4568,4567,4565,-1,4560,4566,4570,-1,4570,4566,4567,-1,4564,4562,4565,-1,4565,4562,4568,-1,4562,4564,4560,-1,4560,4564,4566,-1,4694,4695,4696,-1,4696,4695,4697,-1,4698,4699,4700,-1,4700,4699,4701,-1,4702,4703,4704,-1,4704,4703,4705,-1,4705,4703,4706,-1,4706,4703,4707,-1,4706,4707,4708,-1,4708,4707,4709,-1,4708,4709,4710,-1,4710,4709,4711,-1,4710,4711,4712,-1,4712,4711,4713,-1,4712,4713,4714,-1,4714,4713,4715,-1,4714,4715,4716,-1,4716,4715,4717,-1,4716,4717,4718,-1,4716,4718,4719,-1,4719,4718,4720,-1,4719,4720,4721,-1,4721,4720,4722,-1,4721,4722,4723,-1,4723,4722,4724,-1,4723,4724,4725,-1,4725,4724,4726,-1,4725,4726,4727,-1,4727,4726,4728,-1,4727,4728,4729,-1,4730,4729,4731,-1,4731,4729,4728,-1,4730,4731,4732,-1,4730,4732,4733,-1,4733,4732,4734,-1,4733,4734,4735,-1,4735,4734,4736,-1,4735,4736,4737,-1,4738,4737,4739,-1,4739,4737,4736,-1,4738,4739,4740,-1,4740,4739,4741,-1,4740,4741,4742,-1,4742,4741,4743,-1,4744,4742,4745,-1,4745,4742,4743,-1,4744,4745,4746,-1,4746,4745,4747,-1,4746,4747,4748,-1,4748,4747,4749,-1,4748,4749,4750,-1,4750,4749,4751,-1,4750,4751,4752,-1,4752,4751,4753,-1,4754,4752,4755,-1,4755,4752,4753,-1,4754,4755,4756,-1,4754,4756,4757,-1,4757,4756,4758,-1,4757,4758,4759,-1,4759,4758,4760,-1,4759,4760,4761,-1,4761,4760,4762,-1,4761,4762,4763,-1,4764,4763,4765,-1,4765,4763,4762,-1,4766,4764,4767,-1,4767,4764,4765,-1,4768,4766,4769,-1,4769,4766,4767,-1,4768,4769,4770,-1,4770,4769,4771,-1,4770,4771,4772,-1,4772,4771,4773,-1,4772,4773,4774,-1,4774,4773,4775,-1,4774,4775,4776,-1,4776,4775,4777,-1,4778,4776,4779,-1,4779,4776,4777,-1,4778,4779,4780,-1,4778,4780,4781,-1,4781,4780,4782,-1,4781,4782,4783,-1,4783,4782,4784,-1,4783,4784,4785,-1,4785,4784,4786,-1,4785,4786,4787,-1,4788,4787,4789,-1,4789,4787,4786,-1,4788,4789,4790,-1,4788,4790,4791,-1,4791,4790,4792,-1,4791,4792,4793,-1,4793,4792,4794,-1,4793,4794,4795,-1,4796,4795,4797,-1,4797,4795,4794,-1,4796,4797,4798,-1,4798,4797,4799,-1,4798,4799,4800,-1,4800,4799,4801,-1,4800,4801,4802,-1,4802,4801,4803,-1,4804,4802,4805,-1,4805,4802,4803,-1,4804,4805,4806,-1,4806,4805,4807,-1,4806,4807,4808,-1,4808,4807,4809,-1,4808,4809,4810,-1,4810,4809,4811,-1,4810,4811,4812,-1,4812,4811,4813,-1,4812,4813,4814,-1,4814,4813,4815,-1,4814,4815,4816,-1,4816,4815,4817,-1,4816,4817,4818,-1,4816,4818,4819,-1,4819,4818,4820,-1,4819,4820,4821,-1,4821,4820,4822,-1,4821,4822,4823,-1,4823,4822,4824,-1,4823,4824,4825,-1,4825,4824,4826,-1,4825,4826,4827,-1,4827,4826,4697,-1,4827,4697,4695,-1,4694,4704,4695,-1,4695,4704,4705,-1,4695,4705,4827,-1,4827,4705,4706,-1,4827,4706,4825,-1,4825,4706,4708,-1,4825,4708,4823,-1,4823,4708,4710,-1,4823,4710,4821,-1,4821,4710,4712,-1,4821,4712,4819,-1,4819,4712,4714,-1,4819,4714,4816,-1,4816,4714,4716,-1,4816,4716,4814,-1,4814,4716,4719,-1,4814,4719,4812,-1,4812,4719,4721,-1,4812,4721,4810,-1,4810,4721,4723,-1,4810,4723,4808,-1,4808,4723,4725,-1,4808,4725,4806,-1,4806,4725,4727,-1,4806,4727,4804,-1,4804,4727,4729,-1,4804,4729,4802,-1,4802,4729,4730,-1,4802,4730,4800,-1,4800,4730,4733,-1,4800,4733,4798,-1,4798,4733,4735,-1,4798,4735,4796,-1,4796,4735,4737,-1,4796,4737,4795,-1,4795,4737,4738,-1,4795,4738,4793,-1,4793,4738,4740,-1,4793,4740,4791,-1,4791,4740,4742,-1,4764,4766,4763,-1,4763,4766,4768,-1,4763,4768,4761,-1,4761,4768,4770,-1,4761,4770,4759,-1,4759,4770,4772,-1,4759,4772,4757,-1,4757,4772,4774,-1,4757,4774,4754,-1,4754,4774,4776,-1,4754,4776,4752,-1,4752,4776,4778,-1,4752,4778,4750,-1,4750,4778,4781,-1,4750,4781,4748,-1,4748,4781,4783,-1,4748,4783,4746,-1,4746,4783,4785,-1,4746,4785,4744,-1,4744,4785,4787,-1,4744,4787,4742,-1,4742,4787,4788,-1,4742,4788,4791,-1,4702,4696,4703,-1,4703,4696,4697,-1,4703,4697,4707,-1,4707,4697,4826,-1,4707,4826,4709,-1,4709,4826,4824,-1,4709,4824,4711,-1,4711,4824,4822,-1,4711,4822,4713,-1,4713,4822,4820,-1,4713,4820,4715,-1,4715,4820,4818,-1,4715,4818,4717,-1,4717,4818,4817,-1,4717,4817,4718,-1,4718,4817,4815,-1,4718,4815,4720,-1,4720,4815,4813,-1,4720,4813,4722,-1,4722,4813,4811,-1,4722,4811,4724,-1,4724,4811,4809,-1,4724,4809,4726,-1,4726,4809,4807,-1,4726,4807,4728,-1,4728,4807,4805,-1,4728,4805,4731,-1,4731,4805,4803,-1,4731,4803,4732,-1,4732,4803,4801,-1,4732,4801,4734,-1,4734,4801,4799,-1,4734,4799,4736,-1,4736,4799,4797,-1,4736,4797,4739,-1,4739,4797,4794,-1,4739,4794,4741,-1,4767,4765,4769,-1,4769,4765,4762,-1,4769,4762,4771,-1,4771,4762,4760,-1,4771,4760,4773,-1,4773,4760,4758,-1,4773,4758,4775,-1,4775,4758,4756,-1,4775,4756,4777,-1,4777,4756,4755,-1,4777,4755,4779,-1,4779,4755,4753,-1,4779,4753,4780,-1,4780,4753,4751,-1,4780,4751,4782,-1,4782,4751,4749,-1,4782,4749,4784,-1,4784,4749,4747,-1,4784,4747,4786,-1,4786,4747,4745,-1,4786,4745,4789,-1,4789,4745,4743,-1,4789,4743,4790,-1,4790,4743,4741,-1,4790,4741,4792,-1,4792,4741,4794,-1,4704,4701,4702,-1,4702,4701,4699,-1,4694,4700,4704,-1,4704,4700,4701,-1,4698,4696,4699,-1,4699,4696,4702,-1,4696,4698,4694,-1,4694,4698,4700,-1,4828,4829,4830,-1,4830,4829,4831,-1,4832,4833,4834,-1,4834,4833,4835,-1,4836,4837,4838,-1,4838,4837,4839,-1,4840,4841,4842,-1,4840,4842,4843,-1,4843,4842,4844,-1,4843,4844,4845,-1,4845,4844,4846,-1,4845,4846,4847,-1,4847,4846,4848,-1,4847,4848,4849,-1,4849,4848,4850,-1,4849,4850,4851,-1,4851,4850,4836,-1,4851,4836,4838,-1,4852,4853,4854,-1,4854,4853,4855,-1,4854,4855,4856,-1,4856,4855,4857,-1,4856,4857,4858,-1,4858,4857,4859,-1,4858,4859,4860,-1,4860,4859,4861,-1,4860,4861,4862,-1,4862,4861,4863,-1,4862,4863,4840,-1,4840,4863,4841,-1,4852,4864,4853,-1,4853,4864,4865,-1,4866,4867,4868,-1,4866,4868,4869,-1,4869,4868,4870,-1,4869,4870,4871,-1,4871,4870,4865,-1,4871,4865,4864,-1,4866,4872,4867,-1,4867,4872,4873,-1,4874,4875,4876,-1,4876,4875,4877,-1,4876,4877,4878,-1,4878,4877,4879,-1,4878,4879,4872,-1,4872,4879,4873,-1,4874,4880,4875,-1,4875,4880,4881,-1,4882,4883,4884,-1,4884,4883,4885,-1,4884,4885,4886,-1,4886,4885,4887,-1,4886,4887,4888,-1,4888,4887,4889,-1,4888,4889,4880,-1,4880,4889,4881,-1,4882,4890,4883,-1,4883,4890,4891,-1,4892,4893,4894,-1,4892,4894,4895,-1,4895,4894,4896,-1,4895,4896,4897,-1,4897,4896,4898,-1,4897,4898,4899,-1,4899,4898,4891,-1,4899,4891,4890,-1,4892,4900,4893,-1,4893,4900,4901,-1,4900,4902,4901,-1,4901,4902,4903,-1,4902,4904,4903,-1,4903,4904,4905,-1,4906,4907,4908,-1,4908,4907,4909,-1,4908,4909,4910,-1,4910,4909,4911,-1,4910,4911,4912,-1,4912,4911,4913,-1,4912,4913,4904,-1,4904,4913,4905,-1,4906,4914,4907,-1,4907,4914,4915,-1,4916,4917,4918,-1,4916,4918,4919,-1,4919,4918,4920,-1,4919,4920,4921,-1,4921,4920,4922,-1,4921,4922,4923,-1,4923,4922,4915,-1,4923,4915,4914,-1,4916,4924,4917,-1,4917,4924,4925,-1,4926,4927,4928,-1,4926,4928,4929,-1,4929,4928,4930,-1,4929,4930,4931,-1,4931,4930,4925,-1,4931,4925,4924,-1,4926,4932,4927,-1,4927,4932,4933,-1,4934,4935,4936,-1,4936,4935,4937,-1,4936,4937,4938,-1,4938,4937,4939,-1,4938,4939,4932,-1,4932,4939,4933,-1,4934,4940,4935,-1,4935,4940,4941,-1,4942,4943,4944,-1,4942,4944,4945,-1,4945,4944,4946,-1,4945,4946,4947,-1,4947,4946,4948,-1,4947,4948,4949,-1,4949,4948,4950,-1,4949,4950,4951,-1,4951,4950,4952,-1,4951,4952,4953,-1,4953,4952,4941,-1,4953,4941,4940,-1,4828,4830,4954,-1,4954,4830,4955,-1,4954,4955,4956,-1,4956,4955,4957,-1,4956,4957,4958,-1,4958,4957,4959,-1,4958,4959,4960,-1,4960,4959,4961,-1,4960,4961,4962,-1,4962,4961,4963,-1,4962,4963,4942,-1,4942,4963,4943,-1,4902,4900,4904,-1,4904,4900,4892,-1,4904,4892,4912,-1,4912,4892,4895,-1,4912,4895,4910,-1,4910,4895,4897,-1,4910,4897,4908,-1,4908,4897,4899,-1,4908,4899,4906,-1,4906,4899,4890,-1,4906,4890,4914,-1,4914,4890,4882,-1,4914,4882,4923,-1,4923,4882,4884,-1,4923,4884,4921,-1,4921,4884,4886,-1,4921,4886,4919,-1,4919,4886,4888,-1,4919,4888,4916,-1,4916,4888,4880,-1,4916,4880,4924,-1,4924,4880,4874,-1,4924,4874,4931,-1,4931,4874,4876,-1,4931,4876,4929,-1,4929,4876,4878,-1,4929,4878,4926,-1,4926,4878,4872,-1,4926,4872,4932,-1,4932,4872,4866,-1,4932,4866,4938,-1,4938,4866,4869,-1,4938,4869,4936,-1,4936,4869,4871,-1,4936,4871,4934,-1,4934,4871,4864,-1,4934,4864,4940,-1,4940,4864,4852,-1,4940,4852,4953,-1,4953,4852,4854,-1,4953,4854,4951,-1,4951,4854,4856,-1,4951,4856,4949,-1,4949,4856,4858,-1,4949,4858,4947,-1,4947,4858,4860,-1,4947,4860,4945,-1,4945,4860,4862,-1,4945,4862,4942,-1,4942,4862,4840,-1,4942,4840,4962,-1,4962,4840,4843,-1,4962,4843,4960,-1,4960,4843,4845,-1,4960,4845,4958,-1,4958,4845,4847,-1,4958,4847,4956,-1,4956,4847,4849,-1,4956,4849,4954,-1,4954,4849,4851,-1,4954,4851,4828,-1,4828,4851,4838,-1,4828,4838,4829,-1,4829,4838,4839,-1,4901,4903,4893,-1,4893,4903,4905,-1,4893,4905,4894,-1,4894,4905,4913,-1,4894,4913,4896,-1,4896,4913,4911,-1,4896,4911,4898,-1,4898,4911,4909,-1,4898,4909,4891,-1,4891,4909,4907,-1,4891,4907,4883,-1,4883,4907,4915,-1,4883,4915,4885,-1,4885,4915,4922,-1,4885,4922,4887,-1,4887,4922,4920,-1,4887,4920,4889,-1,4889,4920,4918,-1,4889,4918,4881,-1,4881,4918,4917,-1,4881,4917,4875,-1,4875,4917,4925,-1,4875,4925,4877,-1,4877,4925,4930,-1,4877,4930,4879,-1,4879,4930,4928,-1,4879,4928,4873,-1,4873,4928,4927,-1,4873,4927,4867,-1,4867,4927,4933,-1,4867,4933,4868,-1,4868,4933,4939,-1,4868,4939,4870,-1,4870,4939,4937,-1,4870,4937,4865,-1,4865,4937,4935,-1,4865,4935,4853,-1,4853,4935,4941,-1,4853,4941,4855,-1,4855,4941,4952,-1,4855,4952,4857,-1,4857,4952,4950,-1,4857,4950,4859,-1,4859,4950,4948,-1,4859,4948,4861,-1,4861,4948,4946,-1,4861,4946,4863,-1,4863,4946,4944,-1,4863,4944,4841,-1,4841,4944,4943,-1,4841,4943,4842,-1,4842,4943,4963,-1,4842,4963,4844,-1,4844,4963,4961,-1,4844,4961,4846,-1,4846,4961,4959,-1,4846,4959,4848,-1,4848,4959,4957,-1,4848,4957,4850,-1,4850,4957,4955,-1,4850,4955,4836,-1,4836,4955,4830,-1,4836,4830,4837,-1,4837,4830,4831,-1,4834,4839,4832,-1,4832,4839,4837,-1,4835,4829,4834,-1,4834,4829,4839,-1,4831,4833,4837,-1,4837,4833,4832,-1,4833,4831,4835,-1,4835,4831,4829,-1,4964,4965,4966,-1,4966,4965,4967,-1,4968,4969,4970,-1,4970,4969,4971,-1,4972,4973,4974,-1,4974,4973,4975,-1,4976,4977,4978,-1,4976,4978,4979,-1,4979,4978,4980,-1,4979,4980,4981,-1,4981,4980,4982,-1,4981,4982,4983,-1,4983,4982,4984,-1,4983,4984,4985,-1,4985,4984,4986,-1,4985,4986,4987,-1,4987,4986,4972,-1,4987,4972,4974,-1,4988,4989,4990,-1,4990,4989,4991,-1,4990,4991,4992,-1,4992,4991,4993,-1,4992,4993,4994,-1,4994,4993,4995,-1,4994,4995,4996,-1,4996,4995,4997,-1,4996,4997,4998,-1,4998,4997,4999,-1,4998,4999,4976,-1,4976,4999,4977,-1,4988,5000,4989,-1,4989,5000,5001,-1,5002,5003,5004,-1,5002,5004,5005,-1,5005,5004,5006,-1,5005,5006,5007,-1,5007,5006,5001,-1,5007,5001,5000,-1,5002,5008,5003,-1,5003,5008,5009,-1,5010,5011,5012,-1,5012,5011,5013,-1,5012,5013,5014,-1,5014,5013,5015,-1,5014,5015,5008,-1,5008,5015,5009,-1,5010,5016,5011,-1,5011,5016,5017,-1,5018,5019,5020,-1,5020,5019,5021,-1,5020,5021,5022,-1,5022,5021,5023,-1,5022,5023,5024,-1,5024,5023,5025,-1,5024,5025,5016,-1,5016,5025,5017,-1,5018,5026,5019,-1,5019,5026,5027,-1,5028,5029,5030,-1,5028,5030,5031,-1,5031,5030,5032,-1,5031,5032,5033,-1,5033,5032,5034,-1,5033,5034,5035,-1,5035,5034,5027,-1,5035,5027,5026,-1,5028,5036,5029,-1,5029,5036,5037,-1,5036,5038,5037,-1,5037,5038,5039,-1,5038,5040,5039,-1,5039,5040,5041,-1,5042,5043,5044,-1,5044,5043,5045,-1,5044,5045,5046,-1,5046,5045,5047,-1,5046,5047,5048,-1,5048,5047,5049,-1,5048,5049,5040,-1,5040,5049,5041,-1,5042,5050,5043,-1,5043,5050,5051,-1,5052,5053,5054,-1,5052,5054,5055,-1,5055,5054,5056,-1,5055,5056,5057,-1,5057,5056,5058,-1,5057,5058,5059,-1,5059,5058,5051,-1,5059,5051,5050,-1,5052,5060,5053,-1,5053,5060,5061,-1,5062,5063,5064,-1,5062,5064,5065,-1,5065,5064,5066,-1,5065,5066,5067,-1,5067,5066,5061,-1,5067,5061,5060,-1,5062,5068,5063,-1,5063,5068,5069,-1,5070,5071,5072,-1,5072,5071,5073,-1,5072,5073,5074,-1,5074,5073,5075,-1,5074,5075,5068,-1,5068,5075,5069,-1,5070,5076,5071,-1,5071,5076,5077,-1,5078,5079,5080,-1,5078,5080,5081,-1,5081,5080,5082,-1,5081,5082,5083,-1,5083,5082,5084,-1,5083,5084,5085,-1,5085,5084,5086,-1,5085,5086,5087,-1,5087,5086,5088,-1,5087,5088,5089,-1,5089,5088,5077,-1,5089,5077,5076,-1,4964,4966,5090,-1,5090,4966,5091,-1,5090,5091,5092,-1,5092,5091,5093,-1,5092,5093,5094,-1,5094,5093,5095,-1,5094,5095,5096,-1,5096,5095,5097,-1,5096,5097,5098,-1,5098,5097,5099,-1,5098,5099,5078,-1,5078,5099,5079,-1,5038,5036,5040,-1,5040,5036,5028,-1,5040,5028,5048,-1,5048,5028,5031,-1,5048,5031,5046,-1,5046,5031,5033,-1,5046,5033,5044,-1,5044,5033,5035,-1,5044,5035,5042,-1,5042,5035,5026,-1,5042,5026,5050,-1,5050,5026,5018,-1,5050,5018,5059,-1,5059,5018,5020,-1,5059,5020,5057,-1,5057,5020,5022,-1,5057,5022,5055,-1,5055,5022,5024,-1,5055,5024,5052,-1,5052,5024,5016,-1,5052,5016,5060,-1,5060,5016,5010,-1,5060,5010,5067,-1,5067,5010,5012,-1,5067,5012,5065,-1,5065,5012,5014,-1,5065,5014,5062,-1,5062,5014,5008,-1,5062,5008,5068,-1,5068,5008,5002,-1,5068,5002,5074,-1,5074,5002,5005,-1,5074,5005,5072,-1,5072,5005,5007,-1,5072,5007,5070,-1,5070,5007,5000,-1,5070,5000,5076,-1,5076,5000,4988,-1,5076,4988,5089,-1,5089,4988,4990,-1,5089,4990,5087,-1,5087,4990,4992,-1,5087,4992,5085,-1,5085,4992,4994,-1,5085,4994,5083,-1,5083,4994,4996,-1,5083,4996,5081,-1,5081,4996,4998,-1,5081,4998,5078,-1,5078,4998,4976,-1,5078,4976,5098,-1,5098,4976,4979,-1,5098,4979,5096,-1,5096,4979,4981,-1,5096,4981,5094,-1,5094,4981,4983,-1,5094,4983,5092,-1,5092,4983,4985,-1,5092,4985,5090,-1,5090,4985,4987,-1,5090,4987,4964,-1,4964,4987,4974,-1,4964,4974,4965,-1,4965,4974,4975,-1,5037,5039,5029,-1,5029,5039,5041,-1,5029,5041,5030,-1,5030,5041,5049,-1,5030,5049,5032,-1,5032,5049,5047,-1,5032,5047,5034,-1,5034,5047,5045,-1,5034,5045,5027,-1,5027,5045,5043,-1,5027,5043,5019,-1,5019,5043,5051,-1,5019,5051,5021,-1,5021,5051,5058,-1,5021,5058,5023,-1,5023,5058,5056,-1,5023,5056,5025,-1,5025,5056,5054,-1,5025,5054,5017,-1,5017,5054,5053,-1,5017,5053,5011,-1,5011,5053,5061,-1,5011,5061,5013,-1,5013,5061,5066,-1,5013,5066,5015,-1,5015,5066,5064,-1,5015,5064,5009,-1,5009,5064,5063,-1,5009,5063,5003,-1,5003,5063,5069,-1,5003,5069,5004,-1,5004,5069,5075,-1,5004,5075,5006,-1,5006,5075,5073,-1,5006,5073,5001,-1,5001,5073,5071,-1,5001,5071,4989,-1,4989,5071,5077,-1,4989,5077,4991,-1,4991,5077,5088,-1,4991,5088,4993,-1,4993,5088,5086,-1,4993,5086,4995,-1,4995,5086,5084,-1,4995,5084,4997,-1,4997,5084,5082,-1,4997,5082,4999,-1,4999,5082,5080,-1,4999,5080,4977,-1,4977,5080,5079,-1,4977,5079,4978,-1,4978,5079,5099,-1,4978,5099,4980,-1,4980,5099,5097,-1,4980,5097,4982,-1,4982,5097,5095,-1,4982,5095,4984,-1,4984,5095,5093,-1,4984,5093,4986,-1,4986,5093,5091,-1,4986,5091,4972,-1,4972,5091,4966,-1,4972,4966,4973,-1,4973,4966,4967,-1,4970,4975,4968,-1,4968,4975,4973,-1,4971,4965,4970,-1,4970,4965,4975,-1,4967,4969,4973,-1,4973,4969,4968,-1,4969,4967,4971,-1,4971,4967,4965,-1,5100,5101,5102,-1,5102,5101,5103,-1,5104,5105,5106,-1,5106,5105,5107,-1,5108,5109,5110,-1,5110,5109,5111,-1,5112,5113,5114,-1,5112,5114,5115,-1,5115,5114,5116,-1,5115,5116,5117,-1,5117,5116,5118,-1,5117,5118,5119,-1,5119,5118,5120,-1,5119,5120,5121,-1,5121,5120,5122,-1,5121,5122,5123,-1,5123,5122,5108,-1,5123,5108,5110,-1,5124,5125,5126,-1,5126,5125,5127,-1,5126,5127,5128,-1,5128,5127,5129,-1,5128,5129,5130,-1,5130,5129,5131,-1,5130,5131,5132,-1,5132,5131,5133,-1,5132,5133,5134,-1,5134,5133,5135,-1,5134,5135,5112,-1,5112,5135,5113,-1,5124,5136,5125,-1,5125,5136,5137,-1,5138,5139,5140,-1,5138,5140,5141,-1,5141,5140,5142,-1,5141,5142,5143,-1,5143,5142,5137,-1,5143,5137,5136,-1,5138,5144,5139,-1,5139,5144,5145,-1,5146,5147,5148,-1,5148,5147,5149,-1,5148,5149,5150,-1,5150,5149,5151,-1,5150,5151,5144,-1,5144,5151,5145,-1,5146,5152,5147,-1,5147,5152,5153,-1,5154,5155,5156,-1,5156,5155,5157,-1,5156,5157,5158,-1,5158,5157,5159,-1,5158,5159,5160,-1,5160,5159,5161,-1,5160,5161,5152,-1,5152,5161,5153,-1,5154,5162,5155,-1,5155,5162,5163,-1,5164,5165,5166,-1,5164,5166,5167,-1,5167,5166,5168,-1,5167,5168,5169,-1,5169,5168,5170,-1,5169,5170,5171,-1,5171,5170,5163,-1,5171,5163,5162,-1,5164,5172,5165,-1,5165,5172,5173,-1,5172,5174,5173,-1,5173,5174,5175,-1,5174,5176,5175,-1,5175,5176,5177,-1,5178,5179,5180,-1,5180,5179,5181,-1,5180,5181,5182,-1,5182,5181,5183,-1,5182,5183,5184,-1,5184,5183,5185,-1,5184,5185,5176,-1,5176,5185,5177,-1,5178,5186,5179,-1,5179,5186,5187,-1,5188,5189,5190,-1,5188,5190,5191,-1,5191,5190,5192,-1,5191,5192,5193,-1,5193,5192,5194,-1,5193,5194,5195,-1,5195,5194,5187,-1,5195,5187,5186,-1,5188,5196,5189,-1,5189,5196,5197,-1,5198,5199,5200,-1,5198,5200,5201,-1,5201,5200,5202,-1,5201,5202,5203,-1,5203,5202,5197,-1,5203,5197,5196,-1,5198,5204,5199,-1,5199,5204,5205,-1,5206,5207,5208,-1,5208,5207,5209,-1,5208,5209,5210,-1,5210,5209,5211,-1,5210,5211,5204,-1,5204,5211,5205,-1,5206,5212,5207,-1,5207,5212,5213,-1,5214,5215,5216,-1,5214,5216,5217,-1,5217,5216,5218,-1,5217,5218,5219,-1,5219,5218,5220,-1,5219,5220,5221,-1,5221,5220,5222,-1,5221,5222,5223,-1,5223,5222,5224,-1,5223,5224,5225,-1,5225,5224,5213,-1,5225,5213,5212,-1,5100,5102,5226,-1,5226,5102,5227,-1,5226,5227,5228,-1,5228,5227,5229,-1,5228,5229,5230,-1,5230,5229,5231,-1,5230,5231,5232,-1,5232,5231,5233,-1,5232,5233,5234,-1,5234,5233,5235,-1,5234,5235,5214,-1,5214,5235,5215,-1,5174,5172,5176,-1,5176,5172,5164,-1,5176,5164,5184,-1,5184,5164,5167,-1,5184,5167,5182,-1,5182,5167,5169,-1,5182,5169,5180,-1,5180,5169,5171,-1,5180,5171,5178,-1,5178,5171,5162,-1,5178,5162,5186,-1,5186,5162,5154,-1,5186,5154,5195,-1,5195,5154,5156,-1,5195,5156,5193,-1,5193,5156,5158,-1,5193,5158,5191,-1,5191,5158,5160,-1,5191,5160,5188,-1,5188,5160,5152,-1,5188,5152,5196,-1,5196,5152,5146,-1,5196,5146,5203,-1,5203,5146,5148,-1,5203,5148,5201,-1,5201,5148,5150,-1,5201,5150,5198,-1,5198,5150,5144,-1,5198,5144,5204,-1,5204,5144,5138,-1,5204,5138,5210,-1,5210,5138,5141,-1,5210,5141,5208,-1,5208,5141,5143,-1,5208,5143,5206,-1,5206,5143,5136,-1,5206,5136,5212,-1,5212,5136,5124,-1,5212,5124,5225,-1,5225,5124,5126,-1,5225,5126,5223,-1,5223,5126,5128,-1,5223,5128,5221,-1,5221,5128,5130,-1,5221,5130,5219,-1,5219,5130,5132,-1,5219,5132,5217,-1,5217,5132,5134,-1,5217,5134,5214,-1,5214,5134,5112,-1,5214,5112,5234,-1,5234,5112,5115,-1,5234,5115,5232,-1,5232,5115,5117,-1,5232,5117,5230,-1,5230,5117,5119,-1,5230,5119,5228,-1,5228,5119,5121,-1,5228,5121,5226,-1,5226,5121,5123,-1,5226,5123,5100,-1,5100,5123,5110,-1,5100,5110,5101,-1,5101,5110,5111,-1,5173,5175,5165,-1,5165,5175,5177,-1,5165,5177,5166,-1,5166,5177,5185,-1,5166,5185,5168,-1,5168,5185,5183,-1,5168,5183,5170,-1,5170,5183,5181,-1,5170,5181,5163,-1,5163,5181,5179,-1,5163,5179,5155,-1,5155,5179,5187,-1,5155,5187,5157,-1,5157,5187,5194,-1,5157,5194,5159,-1,5159,5194,5192,-1,5159,5192,5161,-1,5161,5192,5190,-1,5161,5190,5153,-1,5153,5190,5189,-1,5153,5189,5147,-1,5147,5189,5197,-1,5147,5197,5149,-1,5149,5197,5202,-1,5149,5202,5151,-1,5151,5202,5200,-1,5151,5200,5145,-1,5145,5200,5199,-1,5145,5199,5139,-1,5139,5199,5205,-1,5139,5205,5140,-1,5140,5205,5211,-1,5140,5211,5142,-1,5142,5211,5209,-1,5142,5209,5137,-1,5137,5209,5207,-1,5137,5207,5125,-1,5125,5207,5213,-1,5125,5213,5127,-1,5127,5213,5224,-1,5127,5224,5129,-1,5129,5224,5222,-1,5129,5222,5131,-1,5131,5222,5220,-1,5131,5220,5133,-1,5133,5220,5218,-1,5133,5218,5135,-1,5135,5218,5216,-1,5135,5216,5113,-1,5113,5216,5215,-1,5113,5215,5114,-1,5114,5215,5235,-1,5114,5235,5116,-1,5116,5235,5233,-1,5116,5233,5118,-1,5118,5233,5231,-1,5118,5231,5120,-1,5120,5231,5229,-1,5120,5229,5122,-1,5122,5229,5227,-1,5122,5227,5108,-1,5108,5227,5102,-1,5108,5102,5109,-1,5109,5102,5103,-1,5106,5111,5104,-1,5104,5111,5109,-1,5107,5101,5106,-1,5106,5101,5111,-1,5103,5105,5109,-1,5109,5105,5104,-1,5105,5103,5107,-1,5107,5103,5101,-1,5236,5237,5238,-1,5238,5237,5239,-1,5240,5241,5242,-1,5242,5241,5243,-1,5244,5245,5246,-1,5246,5245,5247,-1,5248,5249,5250,-1,5248,5250,5251,-1,5251,5250,5252,-1,5251,5252,5253,-1,5253,5252,5254,-1,5253,5254,5255,-1,5255,5254,5256,-1,5255,5256,5257,-1,5257,5256,5258,-1,5257,5258,5259,-1,5259,5258,5244,-1,5259,5244,5246,-1,5260,5261,5262,-1,5262,5261,5263,-1,5262,5263,5264,-1,5264,5263,5265,-1,5264,5265,5266,-1,5266,5265,5267,-1,5266,5267,5268,-1,5268,5267,5269,-1,5268,5269,5270,-1,5270,5269,5271,-1,5270,5271,5248,-1,5248,5271,5249,-1,5260,5272,5261,-1,5261,5272,5273,-1,5274,5275,5276,-1,5274,5276,5277,-1,5277,5276,5278,-1,5277,5278,5279,-1,5279,5278,5273,-1,5279,5273,5272,-1,5274,5280,5275,-1,5275,5280,5281,-1,5282,5283,5284,-1,5284,5283,5285,-1,5284,5285,5286,-1,5286,5285,5287,-1,5286,5287,5280,-1,5280,5287,5281,-1,5282,5288,5283,-1,5283,5288,5289,-1,5290,5291,5292,-1,5292,5291,5293,-1,5292,5293,5294,-1,5294,5293,5295,-1,5294,5295,5296,-1,5296,5295,5297,-1,5296,5297,5288,-1,5288,5297,5289,-1,5290,5298,5291,-1,5291,5298,5299,-1,5300,5301,5302,-1,5300,5302,5303,-1,5303,5302,5304,-1,5303,5304,5305,-1,5305,5304,5306,-1,5305,5306,5307,-1,5307,5306,5299,-1,5307,5299,5298,-1,5300,5308,5301,-1,5301,5308,5309,-1,5308,5310,5309,-1,5309,5310,5311,-1,5310,5312,5311,-1,5311,5312,5313,-1,5314,5315,5316,-1,5316,5315,5317,-1,5316,5317,5318,-1,5318,5317,5319,-1,5318,5319,5320,-1,5320,5319,5321,-1,5320,5321,5312,-1,5312,5321,5313,-1,5314,5322,5315,-1,5315,5322,5323,-1,5324,5325,5326,-1,5324,5326,5327,-1,5327,5326,5328,-1,5327,5328,5329,-1,5329,5328,5330,-1,5329,5330,5331,-1,5331,5330,5323,-1,5331,5323,5322,-1,5324,5332,5325,-1,5325,5332,5333,-1,5334,5335,5336,-1,5334,5336,5337,-1,5337,5336,5338,-1,5337,5338,5339,-1,5339,5338,5333,-1,5339,5333,5332,-1,5334,5340,5335,-1,5335,5340,5341,-1,5342,5343,5344,-1,5344,5343,5345,-1,5344,5345,5346,-1,5346,5345,5347,-1,5346,5347,5340,-1,5340,5347,5341,-1,5342,5348,5343,-1,5343,5348,5349,-1,5350,5351,5352,-1,5350,5352,5353,-1,5353,5352,5354,-1,5353,5354,5355,-1,5355,5354,5356,-1,5355,5356,5357,-1,5357,5356,5358,-1,5357,5358,5359,-1,5359,5358,5360,-1,5359,5360,5361,-1,5361,5360,5349,-1,5361,5349,5348,-1,5236,5238,5362,-1,5362,5238,5363,-1,5362,5363,5364,-1,5364,5363,5365,-1,5364,5365,5366,-1,5366,5365,5367,-1,5366,5367,5368,-1,5368,5367,5369,-1,5368,5369,5370,-1,5370,5369,5371,-1,5370,5371,5350,-1,5350,5371,5351,-1,5310,5308,5312,-1,5312,5308,5300,-1,5312,5300,5320,-1,5320,5300,5303,-1,5320,5303,5318,-1,5318,5303,5305,-1,5318,5305,5316,-1,5316,5305,5307,-1,5316,5307,5314,-1,5314,5307,5298,-1,5314,5298,5322,-1,5322,5298,5290,-1,5322,5290,5331,-1,5331,5290,5292,-1,5331,5292,5329,-1,5329,5292,5294,-1,5329,5294,5327,-1,5327,5294,5296,-1,5327,5296,5324,-1,5324,5296,5288,-1,5324,5288,5332,-1,5332,5288,5282,-1,5332,5282,5339,-1,5339,5282,5284,-1,5339,5284,5337,-1,5337,5284,5286,-1,5337,5286,5334,-1,5334,5286,5280,-1,5334,5280,5340,-1,5340,5280,5274,-1,5340,5274,5346,-1,5346,5274,5277,-1,5346,5277,5344,-1,5344,5277,5279,-1,5344,5279,5342,-1,5342,5279,5272,-1,5342,5272,5348,-1,5348,5272,5260,-1,5348,5260,5361,-1,5361,5260,5262,-1,5361,5262,5359,-1,5359,5262,5264,-1,5359,5264,5357,-1,5357,5264,5266,-1,5357,5266,5355,-1,5355,5266,5268,-1,5355,5268,5353,-1,5353,5268,5270,-1,5353,5270,5350,-1,5350,5270,5248,-1,5350,5248,5370,-1,5370,5248,5251,-1,5370,5251,5368,-1,5368,5251,5253,-1,5368,5253,5366,-1,5366,5253,5255,-1,5366,5255,5364,-1,5364,5255,5257,-1,5364,5257,5362,-1,5362,5257,5259,-1,5362,5259,5236,-1,5236,5259,5246,-1,5236,5246,5237,-1,5237,5246,5247,-1,5309,5311,5301,-1,5301,5311,5313,-1,5301,5313,5302,-1,5302,5313,5321,-1,5302,5321,5304,-1,5304,5321,5319,-1,5304,5319,5306,-1,5306,5319,5317,-1,5306,5317,5299,-1,5299,5317,5315,-1,5299,5315,5291,-1,5291,5315,5323,-1,5291,5323,5293,-1,5293,5323,5330,-1,5293,5330,5295,-1,5295,5330,5328,-1,5295,5328,5297,-1,5297,5328,5326,-1,5297,5326,5289,-1,5289,5326,5325,-1,5289,5325,5283,-1,5283,5325,5333,-1,5283,5333,5285,-1,5285,5333,5338,-1,5285,5338,5287,-1,5287,5338,5336,-1,5287,5336,5281,-1,5281,5336,5335,-1,5281,5335,5275,-1,5275,5335,5341,-1,5275,5341,5276,-1,5276,5341,5347,-1,5276,5347,5278,-1,5278,5347,5345,-1,5278,5345,5273,-1,5273,5345,5343,-1,5273,5343,5261,-1,5261,5343,5349,-1,5261,5349,5263,-1,5263,5349,5360,-1,5263,5360,5265,-1,5265,5360,5358,-1,5265,5358,5267,-1,5267,5358,5356,-1,5267,5356,5269,-1,5269,5356,5354,-1,5269,5354,5271,-1,5271,5354,5352,-1,5271,5352,5249,-1,5249,5352,5351,-1,5249,5351,5250,-1,5250,5351,5371,-1,5250,5371,5252,-1,5252,5371,5369,-1,5252,5369,5254,-1,5254,5369,5367,-1,5254,5367,5256,-1,5256,5367,5365,-1,5256,5365,5258,-1,5258,5365,5363,-1,5258,5363,5244,-1,5244,5363,5238,-1,5244,5238,5245,-1,5245,5238,5239,-1,5242,5247,5240,-1,5240,5247,5245,-1,5243,5237,5242,-1,5242,5237,5247,-1,5239,5241,5245,-1,5245,5241,5240,-1,5241,5239,5243,-1,5243,5239,5237,-1,5372,5373,5374,-1,5374,5373,5375,-1,5376,5377,5378,-1,5378,5377,5379,-1,5380,5381,5382,-1,5382,5381,5383,-1,5384,5385,5386,-1,5384,5386,5387,-1,5387,5386,5388,-1,5387,5388,5389,-1,5389,5388,5390,-1,5389,5390,5391,-1,5391,5390,5392,-1,5391,5392,5393,-1,5393,5392,5394,-1,5393,5394,5395,-1,5395,5394,5380,-1,5395,5380,5382,-1,5396,5397,5398,-1,5398,5397,5399,-1,5398,5399,5400,-1,5400,5399,5401,-1,5400,5401,5402,-1,5402,5401,5403,-1,5402,5403,5404,-1,5404,5403,5405,-1,5404,5405,5406,-1,5406,5405,5407,-1,5406,5407,5384,-1,5384,5407,5385,-1,5396,5408,5397,-1,5397,5408,5409,-1,5410,5411,5412,-1,5410,5412,5413,-1,5413,5412,5414,-1,5413,5414,5415,-1,5415,5414,5409,-1,5415,5409,5408,-1,5410,5416,5411,-1,5411,5416,5417,-1,5418,5419,5420,-1,5420,5419,5421,-1,5420,5421,5422,-1,5422,5421,5423,-1,5422,5423,5416,-1,5416,5423,5417,-1,5418,5424,5419,-1,5419,5424,5425,-1,5426,5427,5428,-1,5428,5427,5429,-1,5428,5429,5430,-1,5430,5429,5431,-1,5430,5431,5432,-1,5432,5431,5433,-1,5432,5433,5424,-1,5424,5433,5425,-1,5426,5434,5427,-1,5427,5434,5435,-1,5436,5437,5438,-1,5436,5438,5439,-1,5439,5438,5440,-1,5439,5440,5441,-1,5441,5440,5442,-1,5441,5442,5443,-1,5443,5442,5435,-1,5443,5435,5434,-1,5436,5444,5437,-1,5437,5444,5445,-1,5444,5446,5445,-1,5445,5446,5447,-1,5446,5448,5447,-1,5447,5448,5449,-1,5450,5451,5452,-1,5452,5451,5453,-1,5452,5453,5454,-1,5454,5453,5455,-1,5454,5455,5456,-1,5456,5455,5457,-1,5456,5457,5448,-1,5448,5457,5449,-1,5450,5458,5451,-1,5451,5458,5459,-1,5460,5461,5462,-1,5460,5462,5463,-1,5463,5462,5464,-1,5463,5464,5465,-1,5465,5464,5466,-1,5465,5466,5467,-1,5467,5466,5459,-1,5467,5459,5458,-1,5460,5468,5461,-1,5461,5468,5469,-1,5470,5471,5472,-1,5470,5472,5473,-1,5473,5472,5474,-1,5473,5474,5475,-1,5475,5474,5469,-1,5475,5469,5468,-1,5470,5476,5471,-1,5471,5476,5477,-1,5478,5479,5480,-1,5480,5479,5481,-1,5480,5481,5482,-1,5482,5481,5483,-1,5482,5483,5476,-1,5476,5483,5477,-1,5478,5484,5479,-1,5479,5484,5485,-1,5486,5487,5488,-1,5486,5488,5489,-1,5489,5488,5490,-1,5489,5490,5491,-1,5491,5490,5492,-1,5491,5492,5493,-1,5493,5492,5494,-1,5493,5494,5495,-1,5495,5494,5496,-1,5495,5496,5497,-1,5497,5496,5485,-1,5497,5485,5484,-1,5372,5374,5498,-1,5498,5374,5499,-1,5498,5499,5500,-1,5500,5499,5501,-1,5500,5501,5502,-1,5502,5501,5503,-1,5502,5503,5504,-1,5504,5503,5505,-1,5504,5505,5506,-1,5506,5505,5507,-1,5506,5507,5486,-1,5486,5507,5487,-1,5446,5444,5448,-1,5448,5444,5436,-1,5448,5436,5456,-1,5456,5436,5439,-1,5456,5439,5454,-1,5454,5439,5441,-1,5454,5441,5452,-1,5452,5441,5443,-1,5452,5443,5450,-1,5450,5443,5434,-1,5450,5434,5458,-1,5458,5434,5426,-1,5458,5426,5467,-1,5467,5426,5428,-1,5467,5428,5465,-1,5465,5428,5430,-1,5465,5430,5463,-1,5463,5430,5432,-1,5463,5432,5460,-1,5460,5432,5424,-1,5460,5424,5468,-1,5468,5424,5418,-1,5468,5418,5475,-1,5475,5418,5420,-1,5475,5420,5473,-1,5473,5420,5422,-1,5473,5422,5470,-1,5470,5422,5416,-1,5470,5416,5476,-1,5476,5416,5410,-1,5476,5410,5482,-1,5482,5410,5413,-1,5482,5413,5480,-1,5480,5413,5415,-1,5480,5415,5478,-1,5478,5415,5408,-1,5478,5408,5484,-1,5484,5408,5396,-1,5484,5396,5497,-1,5497,5396,5398,-1,5497,5398,5495,-1,5495,5398,5400,-1,5495,5400,5493,-1,5493,5400,5402,-1,5493,5402,5491,-1,5491,5402,5404,-1,5491,5404,5489,-1,5489,5404,5406,-1,5489,5406,5486,-1,5486,5406,5384,-1,5486,5384,5506,-1,5506,5384,5387,-1,5506,5387,5504,-1,5504,5387,5389,-1,5504,5389,5502,-1,5502,5389,5391,-1,5502,5391,5500,-1,5500,5391,5393,-1,5500,5393,5498,-1,5498,5393,5395,-1,5498,5395,5372,-1,5372,5395,5382,-1,5372,5382,5373,-1,5373,5382,5383,-1,5445,5447,5437,-1,5437,5447,5449,-1,5437,5449,5438,-1,5438,5449,5457,-1,5438,5457,5440,-1,5440,5457,5455,-1,5440,5455,5442,-1,5442,5455,5453,-1,5442,5453,5435,-1,5435,5453,5451,-1,5435,5451,5427,-1,5427,5451,5459,-1,5427,5459,5429,-1,5429,5459,5466,-1,5429,5466,5431,-1,5431,5466,5464,-1,5431,5464,5433,-1,5433,5464,5462,-1,5433,5462,5425,-1,5425,5462,5461,-1,5425,5461,5419,-1,5419,5461,5469,-1,5419,5469,5421,-1,5421,5469,5474,-1,5421,5474,5423,-1,5423,5474,5472,-1,5423,5472,5417,-1,5417,5472,5471,-1,5417,5471,5411,-1,5411,5471,5477,-1,5411,5477,5412,-1,5412,5477,5483,-1,5412,5483,5414,-1,5414,5483,5481,-1,5414,5481,5409,-1,5409,5481,5479,-1,5409,5479,5397,-1,5397,5479,5485,-1,5397,5485,5399,-1,5399,5485,5496,-1,5399,5496,5401,-1,5401,5496,5494,-1,5401,5494,5403,-1,5403,5494,5492,-1,5403,5492,5405,-1,5405,5492,5490,-1,5405,5490,5407,-1,5407,5490,5488,-1,5407,5488,5385,-1,5385,5488,5487,-1,5385,5487,5386,-1,5386,5487,5507,-1,5386,5507,5388,-1,5388,5507,5505,-1,5388,5505,5390,-1,5390,5505,5503,-1,5390,5503,5392,-1,5392,5503,5501,-1,5392,5501,5394,-1,5394,5501,5499,-1,5394,5499,5380,-1,5380,5499,5374,-1,5380,5374,5381,-1,5381,5374,5375,-1,5378,5383,5376,-1,5376,5383,5381,-1,5379,5373,5378,-1,5378,5373,5383,-1,5375,5377,5381,-1,5381,5377,5376,-1,5377,5375,5379,-1,5379,5375,5373,-1,5508,5509,5510,-1,5510,5509,5511,-1,5512,5513,5514,-1,5514,5513,5515,-1,5516,5517,5518,-1,5518,5517,5519,-1,5520,5521,5522,-1,5520,5522,5523,-1,5523,5522,5524,-1,5523,5524,5525,-1,5525,5524,5526,-1,5525,5526,5527,-1,5527,5526,5528,-1,5527,5528,5529,-1,5529,5528,5530,-1,5529,5530,5531,-1,5531,5530,5516,-1,5531,5516,5518,-1,5532,5533,5534,-1,5534,5533,5535,-1,5534,5535,5536,-1,5536,5535,5537,-1,5536,5537,5538,-1,5538,5537,5539,-1,5538,5539,5540,-1,5540,5539,5541,-1,5540,5541,5542,-1,5542,5541,5543,-1,5542,5543,5520,-1,5520,5543,5521,-1,5532,5544,5533,-1,5533,5544,5545,-1,5546,5547,5548,-1,5546,5548,5549,-1,5549,5548,5550,-1,5549,5550,5551,-1,5551,5550,5545,-1,5551,5545,5544,-1,5546,5552,5547,-1,5547,5552,5553,-1,5554,5555,5556,-1,5556,5555,5557,-1,5556,5557,5558,-1,5558,5557,5559,-1,5558,5559,5552,-1,5552,5559,5553,-1,5554,5560,5555,-1,5555,5560,5561,-1,5562,5563,5564,-1,5564,5563,5565,-1,5564,5565,5566,-1,5566,5565,5567,-1,5566,5567,5568,-1,5568,5567,5569,-1,5568,5569,5560,-1,5560,5569,5561,-1,5562,5570,5563,-1,5563,5570,5571,-1,5572,5573,5574,-1,5572,5574,5575,-1,5575,5574,5576,-1,5575,5576,5577,-1,5577,5576,5578,-1,5577,5578,5579,-1,5579,5578,5571,-1,5579,5571,5570,-1,5572,5580,5573,-1,5573,5580,5581,-1,5580,5582,5581,-1,5581,5582,5583,-1,5582,5584,5583,-1,5583,5584,5585,-1,5586,5587,5588,-1,5588,5587,5589,-1,5588,5589,5590,-1,5590,5589,5591,-1,5590,5591,5592,-1,5592,5591,5593,-1,5592,5593,5584,-1,5584,5593,5585,-1,5586,5594,5587,-1,5587,5594,5595,-1,5596,5597,5598,-1,5596,5598,5599,-1,5599,5598,5600,-1,5599,5600,5601,-1,5601,5600,5602,-1,5601,5602,5603,-1,5603,5602,5595,-1,5603,5595,5594,-1,5596,5604,5597,-1,5597,5604,5605,-1,5606,5607,5608,-1,5606,5608,5609,-1,5609,5608,5610,-1,5609,5610,5611,-1,5611,5610,5605,-1,5611,5605,5604,-1,5606,5612,5607,-1,5607,5612,5613,-1,5614,5615,5616,-1,5616,5615,5617,-1,5616,5617,5618,-1,5618,5617,5619,-1,5618,5619,5612,-1,5612,5619,5613,-1,5614,5620,5615,-1,5615,5620,5621,-1,5622,5623,5624,-1,5622,5624,5625,-1,5625,5624,5626,-1,5625,5626,5627,-1,5627,5626,5628,-1,5627,5628,5629,-1,5629,5628,5630,-1,5629,5630,5631,-1,5631,5630,5632,-1,5631,5632,5633,-1,5633,5632,5621,-1,5633,5621,5620,-1,5508,5510,5634,-1,5634,5510,5635,-1,5634,5635,5636,-1,5636,5635,5637,-1,5636,5637,5638,-1,5638,5637,5639,-1,5638,5639,5640,-1,5640,5639,5641,-1,5640,5641,5642,-1,5642,5641,5643,-1,5642,5643,5622,-1,5622,5643,5623,-1,5582,5580,5584,-1,5584,5580,5572,-1,5584,5572,5592,-1,5592,5572,5575,-1,5592,5575,5590,-1,5590,5575,5577,-1,5590,5577,5588,-1,5588,5577,5579,-1,5588,5579,5586,-1,5586,5579,5570,-1,5586,5570,5594,-1,5594,5570,5562,-1,5594,5562,5603,-1,5603,5562,5564,-1,5603,5564,5601,-1,5601,5564,5566,-1,5601,5566,5599,-1,5599,5566,5568,-1,5599,5568,5596,-1,5596,5568,5560,-1,5596,5560,5604,-1,5604,5560,5554,-1,5604,5554,5611,-1,5611,5554,5556,-1,5611,5556,5609,-1,5609,5556,5558,-1,5609,5558,5606,-1,5606,5558,5552,-1,5606,5552,5612,-1,5612,5552,5546,-1,5612,5546,5618,-1,5618,5546,5549,-1,5618,5549,5616,-1,5616,5549,5551,-1,5616,5551,5614,-1,5614,5551,5544,-1,5614,5544,5620,-1,5620,5544,5532,-1,5620,5532,5633,-1,5633,5532,5534,-1,5633,5534,5631,-1,5631,5534,5536,-1,5631,5536,5629,-1,5629,5536,5538,-1,5629,5538,5627,-1,5627,5538,5540,-1,5627,5540,5625,-1,5625,5540,5542,-1,5625,5542,5622,-1,5622,5542,5520,-1,5622,5520,5642,-1,5642,5520,5523,-1,5642,5523,5640,-1,5640,5523,5525,-1,5640,5525,5638,-1,5638,5525,5527,-1,5638,5527,5636,-1,5636,5527,5529,-1,5636,5529,5634,-1,5634,5529,5531,-1,5634,5531,5508,-1,5508,5531,5518,-1,5508,5518,5509,-1,5509,5518,5519,-1,5581,5583,5573,-1,5573,5583,5585,-1,5573,5585,5574,-1,5574,5585,5593,-1,5574,5593,5576,-1,5576,5593,5591,-1,5576,5591,5578,-1,5578,5591,5589,-1,5578,5589,5571,-1,5571,5589,5587,-1,5571,5587,5563,-1,5563,5587,5595,-1,5563,5595,5565,-1,5565,5595,5602,-1,5565,5602,5567,-1,5567,5602,5600,-1,5567,5600,5569,-1,5569,5600,5598,-1,5569,5598,5561,-1,5561,5598,5597,-1,5561,5597,5555,-1,5555,5597,5605,-1,5555,5605,5557,-1,5557,5605,5610,-1,5557,5610,5559,-1,5559,5610,5608,-1,5559,5608,5553,-1,5553,5608,5607,-1,5553,5607,5547,-1,5547,5607,5613,-1,5547,5613,5548,-1,5548,5613,5619,-1,5548,5619,5550,-1,5550,5619,5617,-1,5550,5617,5545,-1,5545,5617,5615,-1,5545,5615,5533,-1,5533,5615,5621,-1,5533,5621,5535,-1,5535,5621,5632,-1,5535,5632,5537,-1,5537,5632,5630,-1,5537,5630,5539,-1,5539,5630,5628,-1,5539,5628,5541,-1,5541,5628,5626,-1,5541,5626,5543,-1,5543,5626,5624,-1,5543,5624,5521,-1,5521,5624,5623,-1,5521,5623,5522,-1,5522,5623,5643,-1,5522,5643,5524,-1,5524,5643,5641,-1,5524,5641,5526,-1,5526,5641,5639,-1,5526,5639,5528,-1,5528,5639,5637,-1,5528,5637,5530,-1,5530,5637,5635,-1,5530,5635,5516,-1,5516,5635,5510,-1,5516,5510,5517,-1,5517,5510,5511,-1,5514,5519,5512,-1,5512,5519,5517,-1,5515,5509,5514,-1,5514,5509,5519,-1,5511,5513,5517,-1,5517,5513,5512,-1,5513,5511,5515,-1,5515,5511,5509,-1,5644,5645,5646,-1,5646,5645,5647,-1,5648,5649,5650,-1,5650,5649,5651,-1,5652,5653,5654,-1,5654,5653,5655,-1,5656,5657,5658,-1,5656,5658,5659,-1,5659,5658,5660,-1,5659,5660,5661,-1,5661,5660,5662,-1,5661,5662,5663,-1,5663,5662,5664,-1,5663,5664,5665,-1,5665,5664,5666,-1,5665,5666,5667,-1,5667,5666,5652,-1,5667,5652,5654,-1,5668,5669,5670,-1,5670,5669,5671,-1,5670,5671,5672,-1,5672,5671,5673,-1,5672,5673,5674,-1,5674,5673,5675,-1,5674,5675,5676,-1,5676,5675,5677,-1,5676,5677,5678,-1,5678,5677,5679,-1,5678,5679,5656,-1,5656,5679,5657,-1,5668,5680,5669,-1,5669,5680,5681,-1,5682,5683,5684,-1,5682,5684,5685,-1,5685,5684,5686,-1,5685,5686,5687,-1,5687,5686,5681,-1,5687,5681,5680,-1,5682,5688,5683,-1,5683,5688,5689,-1,5690,5691,5692,-1,5692,5691,5693,-1,5692,5693,5694,-1,5694,5693,5695,-1,5694,5695,5688,-1,5688,5695,5689,-1,5690,5696,5691,-1,5691,5696,5697,-1,5698,5699,5700,-1,5700,5699,5701,-1,5700,5701,5702,-1,5702,5701,5703,-1,5702,5703,5704,-1,5704,5703,5705,-1,5704,5705,5696,-1,5696,5705,5697,-1,5698,5706,5699,-1,5699,5706,5707,-1,5708,5709,5710,-1,5708,5710,5711,-1,5711,5710,5712,-1,5711,5712,5713,-1,5713,5712,5714,-1,5713,5714,5715,-1,5715,5714,5707,-1,5715,5707,5706,-1,5708,5716,5709,-1,5709,5716,5717,-1,5716,5718,5717,-1,5717,5718,5719,-1,5718,5720,5719,-1,5719,5720,5721,-1,5722,5723,5724,-1,5724,5723,5725,-1,5724,5725,5726,-1,5726,5725,5727,-1,5726,5727,5728,-1,5728,5727,5729,-1,5728,5729,5720,-1,5720,5729,5721,-1,5722,5730,5723,-1,5723,5730,5731,-1,5732,5733,5734,-1,5732,5734,5735,-1,5735,5734,5736,-1,5735,5736,5737,-1,5737,5736,5738,-1,5737,5738,5739,-1,5739,5738,5731,-1,5739,5731,5730,-1,5732,5740,5733,-1,5733,5740,5741,-1,5742,5743,5744,-1,5742,5744,5745,-1,5745,5744,5746,-1,5745,5746,5747,-1,5747,5746,5741,-1,5747,5741,5740,-1,5742,5748,5743,-1,5743,5748,5749,-1,5750,5751,5752,-1,5752,5751,5753,-1,5752,5753,5754,-1,5754,5753,5755,-1,5754,5755,5748,-1,5748,5755,5749,-1,5750,5756,5751,-1,5751,5756,5757,-1,5758,5759,5760,-1,5758,5760,5761,-1,5761,5760,5762,-1,5761,5762,5763,-1,5763,5762,5764,-1,5763,5764,5765,-1,5765,5764,5766,-1,5765,5766,5767,-1,5767,5766,5768,-1,5767,5768,5769,-1,5769,5768,5757,-1,5769,5757,5756,-1,5644,5646,5770,-1,5770,5646,5771,-1,5770,5771,5772,-1,5772,5771,5773,-1,5772,5773,5774,-1,5774,5773,5775,-1,5774,5775,5776,-1,5776,5775,5777,-1,5776,5777,5778,-1,5778,5777,5779,-1,5778,5779,5758,-1,5758,5779,5759,-1,5718,5716,5720,-1,5720,5716,5708,-1,5720,5708,5728,-1,5728,5708,5711,-1,5728,5711,5726,-1,5726,5711,5713,-1,5726,5713,5724,-1,5724,5713,5715,-1,5724,5715,5722,-1,5722,5715,5706,-1,5722,5706,5730,-1,5730,5706,5698,-1,5730,5698,5739,-1,5739,5698,5700,-1,5739,5700,5737,-1,5737,5700,5702,-1,5737,5702,5735,-1,5735,5702,5704,-1,5735,5704,5732,-1,5732,5704,5696,-1,5732,5696,5740,-1,5740,5696,5690,-1,5740,5690,5747,-1,5747,5690,5692,-1,5747,5692,5745,-1,5745,5692,5694,-1,5745,5694,5742,-1,5742,5694,5688,-1,5742,5688,5748,-1,5748,5688,5682,-1,5748,5682,5754,-1,5754,5682,5685,-1,5754,5685,5752,-1,5752,5685,5687,-1,5752,5687,5750,-1,5750,5687,5680,-1,5750,5680,5756,-1,5756,5680,5668,-1,5756,5668,5769,-1,5769,5668,5670,-1,5769,5670,5767,-1,5767,5670,5672,-1,5767,5672,5765,-1,5765,5672,5674,-1,5765,5674,5763,-1,5763,5674,5676,-1,5763,5676,5761,-1,5761,5676,5678,-1,5761,5678,5758,-1,5758,5678,5656,-1,5758,5656,5778,-1,5778,5656,5659,-1,5778,5659,5776,-1,5776,5659,5661,-1,5776,5661,5774,-1,5774,5661,5663,-1,5774,5663,5772,-1,5772,5663,5665,-1,5772,5665,5770,-1,5770,5665,5667,-1,5770,5667,5644,-1,5644,5667,5654,-1,5644,5654,5645,-1,5645,5654,5655,-1,5717,5719,5709,-1,5709,5719,5721,-1,5709,5721,5710,-1,5710,5721,5729,-1,5710,5729,5712,-1,5712,5729,5727,-1,5712,5727,5714,-1,5714,5727,5725,-1,5714,5725,5707,-1,5707,5725,5723,-1,5707,5723,5699,-1,5699,5723,5731,-1,5699,5731,5701,-1,5701,5731,5738,-1,5701,5738,5703,-1,5703,5738,5736,-1,5703,5736,5705,-1,5705,5736,5734,-1,5705,5734,5697,-1,5697,5734,5733,-1,5697,5733,5691,-1,5691,5733,5741,-1,5691,5741,5693,-1,5693,5741,5746,-1,5693,5746,5695,-1,5695,5746,5744,-1,5695,5744,5689,-1,5689,5744,5743,-1,5689,5743,5683,-1,5683,5743,5749,-1,5683,5749,5684,-1,5684,5749,5755,-1,5684,5755,5686,-1,5686,5755,5753,-1,5686,5753,5681,-1,5681,5753,5751,-1,5681,5751,5669,-1,5669,5751,5757,-1,5669,5757,5671,-1,5671,5757,5768,-1,5671,5768,5673,-1,5673,5768,5766,-1,5673,5766,5675,-1,5675,5766,5764,-1,5675,5764,5677,-1,5677,5764,5762,-1,5677,5762,5679,-1,5679,5762,5760,-1,5679,5760,5657,-1,5657,5760,5759,-1,5657,5759,5658,-1,5658,5759,5779,-1,5658,5779,5660,-1,5660,5779,5777,-1,5660,5777,5662,-1,5662,5777,5775,-1,5662,5775,5664,-1,5664,5775,5773,-1,5664,5773,5666,-1,5666,5773,5771,-1,5666,5771,5652,-1,5652,5771,5646,-1,5652,5646,5653,-1,5653,5646,5647,-1,5650,5655,5648,-1,5648,5655,5653,-1,5651,5645,5650,-1,5650,5645,5655,-1,5647,5649,5653,-1,5653,5649,5648,-1,5649,5647,5651,-1,5651,5647,5645,-1,5780,5781,5782,-1,5782,5781,5783,-1,5784,5785,5786,-1,5786,5785,5787,-1,5788,5789,5790,-1,5790,5789,5791,-1,5792,5793,5794,-1,5792,5794,5795,-1,5795,5794,5796,-1,5795,5796,5797,-1,5797,5796,5798,-1,5797,5798,5799,-1,5799,5798,5800,-1,5799,5800,5801,-1,5801,5800,5802,-1,5801,5802,5803,-1,5803,5802,5788,-1,5803,5788,5790,-1,5804,5805,5806,-1,5806,5805,5807,-1,5806,5807,5808,-1,5808,5807,5809,-1,5808,5809,5810,-1,5810,5809,5811,-1,5810,5811,5812,-1,5812,5811,5813,-1,5812,5813,5814,-1,5814,5813,5815,-1,5814,5815,5792,-1,5792,5815,5793,-1,5804,5816,5805,-1,5805,5816,5817,-1,5818,5819,5820,-1,5818,5820,5821,-1,5821,5820,5822,-1,5821,5822,5823,-1,5823,5822,5817,-1,5823,5817,5816,-1,5818,5824,5819,-1,5819,5824,5825,-1,5826,5827,5828,-1,5828,5827,5829,-1,5828,5829,5830,-1,5830,5829,5831,-1,5830,5831,5824,-1,5824,5831,5825,-1,5826,5832,5827,-1,5827,5832,5833,-1,5834,5835,5836,-1,5836,5835,5837,-1,5836,5837,5838,-1,5838,5837,5839,-1,5838,5839,5840,-1,5840,5839,5841,-1,5840,5841,5832,-1,5832,5841,5833,-1,5834,5842,5835,-1,5835,5842,5843,-1,5844,5845,5846,-1,5844,5846,5847,-1,5847,5846,5848,-1,5847,5848,5849,-1,5849,5848,5850,-1,5849,5850,5851,-1,5851,5850,5843,-1,5851,5843,5842,-1,5844,5852,5845,-1,5845,5852,5853,-1,5852,5854,5853,-1,5853,5854,5855,-1,5854,5856,5855,-1,5855,5856,5857,-1,5858,5859,5860,-1,5860,5859,5861,-1,5860,5861,5862,-1,5862,5861,5863,-1,5862,5863,5864,-1,5864,5863,5865,-1,5864,5865,5856,-1,5856,5865,5857,-1,5858,5866,5859,-1,5859,5866,5867,-1,5868,5869,5870,-1,5868,5870,5871,-1,5871,5870,5872,-1,5871,5872,5873,-1,5873,5872,5874,-1,5873,5874,5875,-1,5875,5874,5867,-1,5875,5867,5866,-1,5868,5876,5869,-1,5869,5876,5877,-1,5878,5879,5880,-1,5878,5880,5881,-1,5881,5880,5882,-1,5881,5882,5883,-1,5883,5882,5877,-1,5883,5877,5876,-1,5878,5884,5879,-1,5879,5884,5885,-1,5886,5887,5888,-1,5888,5887,5889,-1,5888,5889,5890,-1,5890,5889,5891,-1,5890,5891,5884,-1,5884,5891,5885,-1,5886,5892,5887,-1,5887,5892,5893,-1,5894,5895,5896,-1,5894,5896,5897,-1,5897,5896,5898,-1,5897,5898,5899,-1,5899,5898,5900,-1,5899,5900,5901,-1,5901,5900,5902,-1,5901,5902,5903,-1,5903,5902,5904,-1,5903,5904,5905,-1,5905,5904,5893,-1,5905,5893,5892,-1,5780,5782,5906,-1,5906,5782,5907,-1,5906,5907,5908,-1,5908,5907,5909,-1,5908,5909,5910,-1,5910,5909,5911,-1,5910,5911,5912,-1,5912,5911,5913,-1,5912,5913,5914,-1,5914,5913,5915,-1,5914,5915,5894,-1,5894,5915,5895,-1,5854,5852,5856,-1,5856,5852,5844,-1,5856,5844,5864,-1,5864,5844,5847,-1,5864,5847,5862,-1,5862,5847,5849,-1,5862,5849,5860,-1,5860,5849,5851,-1,5860,5851,5858,-1,5858,5851,5842,-1,5858,5842,5866,-1,5866,5842,5834,-1,5866,5834,5875,-1,5875,5834,5836,-1,5875,5836,5873,-1,5873,5836,5838,-1,5873,5838,5871,-1,5871,5838,5840,-1,5871,5840,5868,-1,5868,5840,5832,-1,5868,5832,5876,-1,5876,5832,5826,-1,5876,5826,5883,-1,5883,5826,5828,-1,5883,5828,5881,-1,5881,5828,5830,-1,5881,5830,5878,-1,5878,5830,5824,-1,5878,5824,5884,-1,5884,5824,5818,-1,5884,5818,5890,-1,5890,5818,5821,-1,5890,5821,5888,-1,5888,5821,5823,-1,5888,5823,5886,-1,5886,5823,5816,-1,5886,5816,5892,-1,5892,5816,5804,-1,5892,5804,5905,-1,5905,5804,5806,-1,5905,5806,5903,-1,5903,5806,5808,-1,5903,5808,5901,-1,5901,5808,5810,-1,5901,5810,5899,-1,5899,5810,5812,-1,5899,5812,5897,-1,5897,5812,5814,-1,5897,5814,5894,-1,5894,5814,5792,-1,5894,5792,5914,-1,5914,5792,5795,-1,5914,5795,5912,-1,5912,5795,5797,-1,5912,5797,5910,-1,5910,5797,5799,-1,5910,5799,5908,-1,5908,5799,5801,-1,5908,5801,5906,-1,5906,5801,5803,-1,5906,5803,5780,-1,5780,5803,5790,-1,5780,5790,5781,-1,5781,5790,5791,-1,5853,5855,5845,-1,5845,5855,5857,-1,5845,5857,5846,-1,5846,5857,5865,-1,5846,5865,5848,-1,5848,5865,5863,-1,5848,5863,5850,-1,5850,5863,5861,-1,5850,5861,5843,-1,5843,5861,5859,-1,5843,5859,5835,-1,5835,5859,5867,-1,5835,5867,5837,-1,5837,5867,5874,-1,5837,5874,5839,-1,5839,5874,5872,-1,5839,5872,5841,-1,5841,5872,5870,-1,5841,5870,5833,-1,5833,5870,5869,-1,5833,5869,5827,-1,5827,5869,5877,-1,5827,5877,5829,-1,5829,5877,5882,-1,5829,5882,5831,-1,5831,5882,5880,-1,5831,5880,5825,-1,5825,5880,5879,-1,5825,5879,5819,-1,5819,5879,5885,-1,5819,5885,5820,-1,5820,5885,5891,-1,5820,5891,5822,-1,5822,5891,5889,-1,5822,5889,5817,-1,5817,5889,5887,-1,5817,5887,5805,-1,5805,5887,5893,-1,5805,5893,5807,-1,5807,5893,5904,-1,5807,5904,5809,-1,5809,5904,5902,-1,5809,5902,5811,-1,5811,5902,5900,-1,5811,5900,5813,-1,5813,5900,5898,-1,5813,5898,5815,-1,5815,5898,5896,-1,5815,5896,5793,-1,5793,5896,5895,-1,5793,5895,5794,-1,5794,5895,5915,-1,5794,5915,5796,-1,5796,5915,5913,-1,5796,5913,5798,-1,5798,5913,5911,-1,5798,5911,5800,-1,5800,5911,5909,-1,5800,5909,5802,-1,5802,5909,5907,-1,5802,5907,5788,-1,5788,5907,5782,-1,5788,5782,5789,-1,5789,5782,5783,-1,5786,5791,5784,-1,5784,5791,5789,-1,5787,5781,5786,-1,5786,5781,5791,-1,5783,5785,5789,-1,5789,5785,5784,-1,5785,5783,5787,-1,5787,5783,5781,-1,5916,5917,5918,-1,5918,5917,5919,-1,5920,5921,5922,-1,5922,5921,5923,-1,5924,5925,5926,-1,5926,5925,5927,-1,5928,5929,5930,-1,5928,5930,5931,-1,5931,5930,5932,-1,5931,5932,5933,-1,5933,5932,5934,-1,5933,5934,5935,-1,5935,5934,5936,-1,5935,5936,5937,-1,5937,5936,5938,-1,5937,5938,5939,-1,5939,5938,5924,-1,5939,5924,5926,-1,5940,5941,5942,-1,5942,5941,5943,-1,5942,5943,5944,-1,5944,5943,5945,-1,5944,5945,5946,-1,5946,5945,5947,-1,5946,5947,5948,-1,5948,5947,5949,-1,5948,5949,5950,-1,5950,5949,5951,-1,5950,5951,5928,-1,5928,5951,5929,-1,5940,5952,5941,-1,5941,5952,5953,-1,5954,5955,5956,-1,5954,5956,5957,-1,5957,5956,5958,-1,5957,5958,5959,-1,5959,5958,5953,-1,5959,5953,5952,-1,5954,5960,5955,-1,5955,5960,5961,-1,5962,5963,5964,-1,5964,5963,5965,-1,5964,5965,5966,-1,5966,5965,5967,-1,5966,5967,5960,-1,5960,5967,5961,-1,5962,5968,5963,-1,5963,5968,5969,-1,5970,5971,5972,-1,5972,5971,5973,-1,5972,5973,5974,-1,5974,5973,5975,-1,5974,5975,5976,-1,5976,5975,5977,-1,5976,5977,5968,-1,5968,5977,5969,-1,5970,5978,5971,-1,5971,5978,5979,-1,5980,5981,5982,-1,5980,5982,5983,-1,5983,5982,5984,-1,5983,5984,5985,-1,5985,5984,5986,-1,5985,5986,5987,-1,5987,5986,5979,-1,5987,5979,5978,-1,5980,5988,5981,-1,5981,5988,5989,-1,5988,5990,5989,-1,5989,5990,5991,-1,5990,5992,5991,-1,5991,5992,5993,-1,5994,5995,5996,-1,5996,5995,5997,-1,5996,5997,5998,-1,5998,5997,5999,-1,5998,5999,6000,-1,6000,5999,6001,-1,6000,6001,5992,-1,5992,6001,5993,-1,5994,6002,5995,-1,5995,6002,6003,-1,6004,6005,6006,-1,6004,6006,6007,-1,6007,6006,6008,-1,6007,6008,6009,-1,6009,6008,6010,-1,6009,6010,6011,-1,6011,6010,6003,-1,6011,6003,6002,-1,6004,6012,6005,-1,6005,6012,6013,-1,6014,6015,6016,-1,6014,6016,6017,-1,6017,6016,6018,-1,6017,6018,6019,-1,6019,6018,6013,-1,6019,6013,6012,-1,6014,6020,6015,-1,6015,6020,6021,-1,6022,6023,6024,-1,6024,6023,6025,-1,6024,6025,6026,-1,6026,6025,6027,-1,6026,6027,6020,-1,6020,6027,6021,-1,6022,6028,6023,-1,6023,6028,6029,-1,6030,6031,6032,-1,6030,6032,6033,-1,6033,6032,6034,-1,6033,6034,6035,-1,6035,6034,6036,-1,6035,6036,6037,-1,6037,6036,6038,-1,6037,6038,6039,-1,6039,6038,6040,-1,6039,6040,6041,-1,6041,6040,6029,-1,6041,6029,6028,-1,5916,5918,6042,-1,6042,5918,6043,-1,6042,6043,6044,-1,6044,6043,6045,-1,6044,6045,6046,-1,6046,6045,6047,-1,6046,6047,6048,-1,6048,6047,6049,-1,6048,6049,6050,-1,6050,6049,6051,-1,6050,6051,6030,-1,6030,6051,6031,-1,5990,5988,5992,-1,5992,5988,5980,-1,5992,5980,6000,-1,6000,5980,5983,-1,6000,5983,5998,-1,5998,5983,5985,-1,5998,5985,5996,-1,5996,5985,5987,-1,5996,5987,5994,-1,5994,5987,5978,-1,5994,5978,6002,-1,6002,5978,5970,-1,6002,5970,6011,-1,6011,5970,5972,-1,6011,5972,6009,-1,6009,5972,5974,-1,6009,5974,6007,-1,6007,5974,5976,-1,6007,5976,6004,-1,6004,5976,5968,-1,6004,5968,6012,-1,6012,5968,5962,-1,6012,5962,6019,-1,6019,5962,5964,-1,6019,5964,6017,-1,6017,5964,5966,-1,6017,5966,6014,-1,6014,5966,5960,-1,6014,5960,6020,-1,6020,5960,5954,-1,6020,5954,6026,-1,6026,5954,5957,-1,6026,5957,6024,-1,6024,5957,5959,-1,6024,5959,6022,-1,6022,5959,5952,-1,6022,5952,6028,-1,6028,5952,5940,-1,6028,5940,6041,-1,6041,5940,5942,-1,6041,5942,6039,-1,6039,5942,5944,-1,6039,5944,6037,-1,6037,5944,5946,-1,6037,5946,6035,-1,6035,5946,5948,-1,6035,5948,6033,-1,6033,5948,5950,-1,6033,5950,6030,-1,6030,5950,5928,-1,6030,5928,6050,-1,6050,5928,5931,-1,6050,5931,6048,-1,6048,5931,5933,-1,6048,5933,6046,-1,6046,5933,5935,-1,6046,5935,6044,-1,6044,5935,5937,-1,6044,5937,6042,-1,6042,5937,5939,-1,6042,5939,5916,-1,5916,5939,5926,-1,5916,5926,5917,-1,5917,5926,5927,-1,5989,5991,5981,-1,5981,5991,5993,-1,5981,5993,5982,-1,5982,5993,6001,-1,5982,6001,5984,-1,5984,6001,5999,-1,5984,5999,5986,-1,5986,5999,5997,-1,5986,5997,5979,-1,5979,5997,5995,-1,5979,5995,5971,-1,5971,5995,6003,-1,5971,6003,5973,-1,5973,6003,6010,-1,5973,6010,5975,-1,5975,6010,6008,-1,5975,6008,5977,-1,5977,6008,6006,-1,5977,6006,5969,-1,5969,6006,6005,-1,5969,6005,5963,-1,5963,6005,6013,-1,5963,6013,5965,-1,5965,6013,6018,-1,5965,6018,5967,-1,5967,6018,6016,-1,5967,6016,5961,-1,5961,6016,6015,-1,5961,6015,5955,-1,5955,6015,6021,-1,5955,6021,5956,-1,5956,6021,6027,-1,5956,6027,5958,-1,5958,6027,6025,-1,5958,6025,5953,-1,5953,6025,6023,-1,5953,6023,5941,-1,5941,6023,6029,-1,5941,6029,5943,-1,5943,6029,6040,-1,5943,6040,5945,-1,5945,6040,6038,-1,5945,6038,5947,-1,5947,6038,6036,-1,5947,6036,5949,-1,5949,6036,6034,-1,5949,6034,5951,-1,5951,6034,6032,-1,5951,6032,5929,-1,5929,6032,6031,-1,5929,6031,5930,-1,5930,6031,6051,-1,5930,6051,5932,-1,5932,6051,6049,-1,5932,6049,5934,-1,5934,6049,6047,-1,5934,6047,5936,-1,5936,6047,6045,-1,5936,6045,5938,-1,5938,6045,6043,-1,5938,6043,5924,-1,5924,6043,5918,-1,5924,5918,5925,-1,5925,5918,5919,-1,5922,5927,5920,-1,5920,5927,5925,-1,5923,5917,5922,-1,5922,5917,5927,-1,5919,5921,5925,-1,5925,5921,5920,-1,5921,5919,5923,-1,5923,5919,5917,-1,6052,6053,6054,-1,6054,6053,6055,-1,6056,6057,6058,-1,6058,6057,6059,-1,6060,6061,6062,-1,6062,6061,6063,-1,6064,6065,6066,-1,6064,6066,6067,-1,6067,6066,6068,-1,6067,6068,6069,-1,6069,6068,6070,-1,6069,6070,6071,-1,6071,6070,6072,-1,6071,6072,6073,-1,6073,6072,6074,-1,6073,6074,6075,-1,6075,6074,6060,-1,6075,6060,6062,-1,6076,6077,6078,-1,6078,6077,6079,-1,6078,6079,6080,-1,6080,6079,6081,-1,6080,6081,6082,-1,6082,6081,6083,-1,6082,6083,6084,-1,6084,6083,6085,-1,6084,6085,6086,-1,6086,6085,6087,-1,6086,6087,6064,-1,6064,6087,6065,-1,6076,6088,6077,-1,6077,6088,6089,-1,6090,6091,6092,-1,6090,6092,6093,-1,6093,6092,6094,-1,6093,6094,6095,-1,6095,6094,6089,-1,6095,6089,6088,-1,6090,6096,6091,-1,6091,6096,6097,-1,6098,6099,6100,-1,6100,6099,6101,-1,6100,6101,6102,-1,6102,6101,6103,-1,6102,6103,6096,-1,6096,6103,6097,-1,6098,6104,6099,-1,6099,6104,6105,-1,6106,6107,6108,-1,6108,6107,6109,-1,6108,6109,6110,-1,6110,6109,6111,-1,6110,6111,6112,-1,6112,6111,6113,-1,6112,6113,6104,-1,6104,6113,6105,-1,6106,6114,6107,-1,6107,6114,6115,-1,6116,6117,6118,-1,6116,6118,6119,-1,6119,6118,6120,-1,6119,6120,6121,-1,6121,6120,6122,-1,6121,6122,6123,-1,6123,6122,6115,-1,6123,6115,6114,-1,6116,6124,6117,-1,6117,6124,6125,-1,6124,6126,6125,-1,6125,6126,6127,-1,6126,6128,6127,-1,6127,6128,6129,-1,6130,6131,6132,-1,6132,6131,6133,-1,6132,6133,6134,-1,6134,6133,6135,-1,6134,6135,6136,-1,6136,6135,6137,-1,6136,6137,6128,-1,6128,6137,6129,-1,6130,6138,6131,-1,6131,6138,6139,-1,6140,6141,6142,-1,6140,6142,6143,-1,6143,6142,6144,-1,6143,6144,6145,-1,6145,6144,6146,-1,6145,6146,6147,-1,6147,6146,6139,-1,6147,6139,6138,-1,6140,6148,6141,-1,6141,6148,6149,-1,6150,6151,6152,-1,6150,6152,6153,-1,6153,6152,6154,-1,6153,6154,6155,-1,6155,6154,6149,-1,6155,6149,6148,-1,6150,6156,6151,-1,6151,6156,6157,-1,6158,6159,6160,-1,6160,6159,6161,-1,6160,6161,6162,-1,6162,6161,6163,-1,6162,6163,6156,-1,6156,6163,6157,-1,6158,6164,6159,-1,6159,6164,6165,-1,6166,6167,6168,-1,6166,6168,6169,-1,6169,6168,6170,-1,6169,6170,6171,-1,6171,6170,6172,-1,6171,6172,6173,-1,6173,6172,6174,-1,6173,6174,6175,-1,6175,6174,6176,-1,6175,6176,6177,-1,6177,6176,6165,-1,6177,6165,6164,-1,6052,6054,6178,-1,6178,6054,6179,-1,6178,6179,6180,-1,6180,6179,6181,-1,6180,6181,6182,-1,6182,6181,6183,-1,6182,6183,6184,-1,6184,6183,6185,-1,6184,6185,6186,-1,6186,6185,6187,-1,6186,6187,6166,-1,6166,6187,6167,-1,6126,6124,6128,-1,6128,6124,6116,-1,6128,6116,6136,-1,6136,6116,6119,-1,6136,6119,6134,-1,6134,6119,6121,-1,6134,6121,6132,-1,6132,6121,6123,-1,6132,6123,6130,-1,6130,6123,6114,-1,6130,6114,6138,-1,6138,6114,6106,-1,6138,6106,6147,-1,6147,6106,6108,-1,6147,6108,6145,-1,6145,6108,6110,-1,6145,6110,6143,-1,6143,6110,6112,-1,6143,6112,6140,-1,6140,6112,6104,-1,6140,6104,6148,-1,6148,6104,6098,-1,6148,6098,6155,-1,6155,6098,6100,-1,6155,6100,6153,-1,6153,6100,6102,-1,6153,6102,6150,-1,6150,6102,6096,-1,6150,6096,6156,-1,6156,6096,6090,-1,6156,6090,6162,-1,6162,6090,6093,-1,6162,6093,6160,-1,6160,6093,6095,-1,6160,6095,6158,-1,6158,6095,6088,-1,6158,6088,6164,-1,6164,6088,6076,-1,6164,6076,6177,-1,6177,6076,6078,-1,6177,6078,6175,-1,6175,6078,6080,-1,6175,6080,6173,-1,6173,6080,6082,-1,6173,6082,6171,-1,6171,6082,6084,-1,6171,6084,6169,-1,6169,6084,6086,-1,6169,6086,6166,-1,6166,6086,6064,-1,6166,6064,6186,-1,6186,6064,6067,-1,6186,6067,6184,-1,6184,6067,6069,-1,6184,6069,6182,-1,6182,6069,6071,-1,6182,6071,6180,-1,6180,6071,6073,-1,6180,6073,6178,-1,6178,6073,6075,-1,6178,6075,6052,-1,6052,6075,6062,-1,6052,6062,6053,-1,6053,6062,6063,-1,6125,6127,6117,-1,6117,6127,6129,-1,6117,6129,6118,-1,6118,6129,6137,-1,6118,6137,6120,-1,6120,6137,6135,-1,6120,6135,6122,-1,6122,6135,6133,-1,6122,6133,6115,-1,6115,6133,6131,-1,6115,6131,6107,-1,6107,6131,6139,-1,6107,6139,6109,-1,6109,6139,6146,-1,6109,6146,6111,-1,6111,6146,6144,-1,6111,6144,6113,-1,6113,6144,6142,-1,6113,6142,6105,-1,6105,6142,6141,-1,6105,6141,6099,-1,6099,6141,6149,-1,6099,6149,6101,-1,6101,6149,6154,-1,6101,6154,6103,-1,6103,6154,6152,-1,6103,6152,6097,-1,6097,6152,6151,-1,6097,6151,6091,-1,6091,6151,6157,-1,6091,6157,6092,-1,6092,6157,6163,-1,6092,6163,6094,-1,6094,6163,6161,-1,6094,6161,6089,-1,6089,6161,6159,-1,6089,6159,6077,-1,6077,6159,6165,-1,6077,6165,6079,-1,6079,6165,6176,-1,6079,6176,6081,-1,6081,6176,6174,-1,6081,6174,6083,-1,6083,6174,6172,-1,6083,6172,6085,-1,6085,6172,6170,-1,6085,6170,6087,-1,6087,6170,6168,-1,6087,6168,6065,-1,6065,6168,6167,-1,6065,6167,6066,-1,6066,6167,6187,-1,6066,6187,6068,-1,6068,6187,6185,-1,6068,6185,6070,-1,6070,6185,6183,-1,6070,6183,6072,-1,6072,6183,6181,-1,6072,6181,6074,-1,6074,6181,6179,-1,6074,6179,6060,-1,6060,6179,6054,-1,6060,6054,6061,-1,6061,6054,6055,-1,6058,6063,6056,-1,6056,6063,6061,-1,6059,6053,6058,-1,6058,6053,6063,-1,6055,6057,6061,-1,6061,6057,6056,-1,6057,6055,6059,-1,6059,6055,6053,-1,6188,6189,6190,-1,6190,6189,6191,-1,6192,6193,6194,-1,6194,6193,6195,-1,6196,6197,6198,-1,6198,6197,6199,-1,6200,6201,6202,-1,6200,6202,6203,-1,6203,6202,6204,-1,6203,6204,6205,-1,6205,6204,6206,-1,6205,6206,6207,-1,6207,6206,6208,-1,6207,6208,6209,-1,6209,6208,6210,-1,6209,6210,6211,-1,6211,6210,6196,-1,6211,6196,6198,-1,6212,6213,6214,-1,6214,6213,6215,-1,6214,6215,6216,-1,6216,6215,6217,-1,6216,6217,6218,-1,6218,6217,6219,-1,6218,6219,6220,-1,6220,6219,6221,-1,6220,6221,6222,-1,6222,6221,6223,-1,6222,6223,6200,-1,6200,6223,6201,-1,6212,6224,6213,-1,6213,6224,6225,-1,6226,6227,6228,-1,6226,6228,6229,-1,6229,6228,6230,-1,6229,6230,6231,-1,6231,6230,6225,-1,6231,6225,6224,-1,6226,6232,6227,-1,6227,6232,6233,-1,6234,6235,6236,-1,6236,6235,6237,-1,6236,6237,6238,-1,6238,6237,6239,-1,6238,6239,6232,-1,6232,6239,6233,-1,6234,6240,6235,-1,6235,6240,6241,-1,6242,6243,6244,-1,6244,6243,6245,-1,6244,6245,6246,-1,6246,6245,6247,-1,6246,6247,6248,-1,6248,6247,6249,-1,6248,6249,6240,-1,6240,6249,6241,-1,6242,6250,6243,-1,6243,6250,6251,-1,6252,6253,6254,-1,6252,6254,6255,-1,6255,6254,6256,-1,6255,6256,6257,-1,6257,6256,6258,-1,6257,6258,6259,-1,6259,6258,6251,-1,6259,6251,6250,-1,6252,6260,6253,-1,6253,6260,6261,-1,6260,6262,6261,-1,6261,6262,6263,-1,6262,6264,6263,-1,6263,6264,6265,-1,6266,6267,6268,-1,6268,6267,6269,-1,6268,6269,6270,-1,6270,6269,6271,-1,6270,6271,6272,-1,6272,6271,6273,-1,6272,6273,6264,-1,6264,6273,6265,-1,6266,6274,6267,-1,6267,6274,6275,-1,6276,6277,6278,-1,6276,6278,6279,-1,6279,6278,6280,-1,6279,6280,6281,-1,6281,6280,6282,-1,6281,6282,6283,-1,6283,6282,6275,-1,6283,6275,6274,-1,6276,6284,6277,-1,6277,6284,6285,-1,6286,6287,6288,-1,6286,6288,6289,-1,6289,6288,6290,-1,6289,6290,6291,-1,6291,6290,6285,-1,6291,6285,6284,-1,6286,6292,6287,-1,6287,6292,6293,-1,6294,6295,6296,-1,6296,6295,6297,-1,6296,6297,6298,-1,6298,6297,6299,-1,6298,6299,6292,-1,6292,6299,6293,-1,6294,6300,6295,-1,6295,6300,6301,-1,6302,6303,6304,-1,6302,6304,6305,-1,6305,6304,6306,-1,6305,6306,6307,-1,6307,6306,6308,-1,6307,6308,6309,-1,6309,6308,6310,-1,6309,6310,6311,-1,6311,6310,6312,-1,6311,6312,6313,-1,6313,6312,6301,-1,6313,6301,6300,-1,6188,6190,6314,-1,6314,6190,6315,-1,6314,6315,6316,-1,6316,6315,6317,-1,6316,6317,6318,-1,6318,6317,6319,-1,6318,6319,6320,-1,6320,6319,6321,-1,6320,6321,6322,-1,6322,6321,6323,-1,6322,6323,6302,-1,6302,6323,6303,-1,6262,6260,6264,-1,6264,6260,6252,-1,6264,6252,6272,-1,6272,6252,6255,-1,6272,6255,6270,-1,6270,6255,6257,-1,6270,6257,6268,-1,6268,6257,6259,-1,6268,6259,6266,-1,6266,6259,6250,-1,6266,6250,6274,-1,6274,6250,6242,-1,6274,6242,6283,-1,6283,6242,6244,-1,6283,6244,6281,-1,6281,6244,6246,-1,6281,6246,6279,-1,6279,6246,6248,-1,6279,6248,6276,-1,6276,6248,6240,-1,6276,6240,6284,-1,6284,6240,6234,-1,6284,6234,6291,-1,6291,6234,6236,-1,6291,6236,6289,-1,6289,6236,6238,-1,6289,6238,6286,-1,6286,6238,6232,-1,6286,6232,6292,-1,6292,6232,6226,-1,6292,6226,6298,-1,6298,6226,6229,-1,6298,6229,6296,-1,6296,6229,6231,-1,6296,6231,6294,-1,6294,6231,6224,-1,6294,6224,6300,-1,6300,6224,6212,-1,6300,6212,6313,-1,6313,6212,6214,-1,6313,6214,6311,-1,6311,6214,6216,-1,6311,6216,6309,-1,6309,6216,6218,-1,6309,6218,6307,-1,6307,6218,6220,-1,6307,6220,6305,-1,6305,6220,6222,-1,6305,6222,6302,-1,6302,6222,6200,-1,6302,6200,6322,-1,6322,6200,6203,-1,6322,6203,6320,-1,6320,6203,6205,-1,6320,6205,6318,-1,6318,6205,6207,-1,6318,6207,6316,-1,6316,6207,6209,-1,6316,6209,6314,-1,6314,6209,6211,-1,6314,6211,6188,-1,6188,6211,6198,-1,6188,6198,6189,-1,6189,6198,6199,-1,6261,6263,6253,-1,6253,6263,6265,-1,6253,6265,6254,-1,6254,6265,6273,-1,6254,6273,6256,-1,6256,6273,6271,-1,6256,6271,6258,-1,6258,6271,6269,-1,6258,6269,6251,-1,6251,6269,6267,-1,6251,6267,6243,-1,6243,6267,6275,-1,6243,6275,6245,-1,6245,6275,6282,-1,6245,6282,6247,-1,6247,6282,6280,-1,6247,6280,6249,-1,6249,6280,6278,-1,6249,6278,6241,-1,6241,6278,6277,-1,6241,6277,6235,-1,6235,6277,6285,-1,6235,6285,6237,-1,6237,6285,6290,-1,6237,6290,6239,-1,6239,6290,6288,-1,6239,6288,6233,-1,6233,6288,6287,-1,6233,6287,6227,-1,6227,6287,6293,-1,6227,6293,6228,-1,6228,6293,6299,-1,6228,6299,6230,-1,6230,6299,6297,-1,6230,6297,6225,-1,6225,6297,6295,-1,6225,6295,6213,-1,6213,6295,6301,-1,6213,6301,6215,-1,6215,6301,6312,-1,6215,6312,6217,-1,6217,6312,6310,-1,6217,6310,6219,-1,6219,6310,6308,-1,6219,6308,6221,-1,6221,6308,6306,-1,6221,6306,6223,-1,6223,6306,6304,-1,6223,6304,6201,-1,6201,6304,6303,-1,6201,6303,6202,-1,6202,6303,6323,-1,6202,6323,6204,-1,6204,6323,6321,-1,6204,6321,6206,-1,6206,6321,6319,-1,6206,6319,6208,-1,6208,6319,6317,-1,6208,6317,6210,-1,6210,6317,6315,-1,6210,6315,6196,-1,6196,6315,6190,-1,6196,6190,6197,-1,6197,6190,6191,-1,6194,6199,6192,-1,6192,6199,6197,-1,6195,6189,6194,-1,6194,6189,6199,-1,6191,6193,6197,-1,6197,6193,6192,-1,6193,6191,6195,-1,6195,6191,6189,-1,6324,6325,6326,-1,6326,6325,6327,-1,6328,6329,6330,-1,6330,6329,6331,-1,6332,6333,6334,-1,6334,6333,6335,-1,6336,6337,6338,-1,6336,6338,6339,-1,6339,6338,6340,-1,6339,6340,6341,-1,6341,6340,6342,-1,6341,6342,6343,-1,6343,6342,6344,-1,6343,6344,6345,-1,6345,6344,6346,-1,6345,6346,6347,-1,6347,6346,6332,-1,6347,6332,6334,-1,6348,6349,6350,-1,6350,6349,6351,-1,6350,6351,6352,-1,6352,6351,6353,-1,6352,6353,6354,-1,6354,6353,6355,-1,6354,6355,6356,-1,6356,6355,6357,-1,6356,6357,6358,-1,6358,6357,6359,-1,6358,6359,6336,-1,6336,6359,6337,-1,6348,6360,6349,-1,6349,6360,6361,-1,6362,6363,6364,-1,6362,6364,6365,-1,6365,6364,6366,-1,6365,6366,6367,-1,6367,6366,6361,-1,6367,6361,6360,-1,6362,6368,6363,-1,6363,6368,6369,-1,6370,6371,6372,-1,6372,6371,6373,-1,6372,6373,6374,-1,6374,6373,6375,-1,6374,6375,6368,-1,6368,6375,6369,-1,6370,6376,6371,-1,6371,6376,6377,-1,6378,6379,6380,-1,6380,6379,6381,-1,6380,6381,6382,-1,6382,6381,6383,-1,6382,6383,6384,-1,6384,6383,6385,-1,6384,6385,6376,-1,6376,6385,6377,-1,6378,6386,6379,-1,6379,6386,6387,-1,6388,6389,6390,-1,6388,6390,6391,-1,6391,6390,6392,-1,6391,6392,6393,-1,6393,6392,6394,-1,6393,6394,6395,-1,6395,6394,6387,-1,6395,6387,6386,-1,6388,6396,6389,-1,6389,6396,6397,-1,6396,6398,6397,-1,6397,6398,6399,-1,6398,6400,6399,-1,6399,6400,6401,-1,6402,6403,6404,-1,6404,6403,6405,-1,6404,6405,6406,-1,6406,6405,6407,-1,6406,6407,6408,-1,6408,6407,6409,-1,6408,6409,6400,-1,6400,6409,6401,-1,6402,6410,6403,-1,6403,6410,6411,-1,6412,6413,6414,-1,6412,6414,6415,-1,6415,6414,6416,-1,6415,6416,6417,-1,6417,6416,6418,-1,6417,6418,6419,-1,6419,6418,6411,-1,6419,6411,6410,-1,6412,6420,6413,-1,6413,6420,6421,-1,6422,6423,6424,-1,6422,6424,6425,-1,6425,6424,6426,-1,6425,6426,6427,-1,6427,6426,6421,-1,6427,6421,6420,-1,6422,6428,6423,-1,6423,6428,6429,-1,6430,6431,6432,-1,6432,6431,6433,-1,6432,6433,6434,-1,6434,6433,6435,-1,6434,6435,6428,-1,6428,6435,6429,-1,6430,6436,6431,-1,6431,6436,6437,-1,6438,6439,6440,-1,6438,6440,6441,-1,6441,6440,6442,-1,6441,6442,6443,-1,6443,6442,6444,-1,6443,6444,6445,-1,6445,6444,6446,-1,6445,6446,6447,-1,6447,6446,6448,-1,6447,6448,6449,-1,6449,6448,6437,-1,6449,6437,6436,-1,6324,6326,6450,-1,6450,6326,6451,-1,6450,6451,6452,-1,6452,6451,6453,-1,6452,6453,6454,-1,6454,6453,6455,-1,6454,6455,6456,-1,6456,6455,6457,-1,6456,6457,6458,-1,6458,6457,6459,-1,6458,6459,6438,-1,6438,6459,6439,-1,6398,6396,6400,-1,6400,6396,6388,-1,6400,6388,6408,-1,6408,6388,6391,-1,6408,6391,6406,-1,6406,6391,6393,-1,6406,6393,6404,-1,6404,6393,6395,-1,6404,6395,6402,-1,6402,6395,6386,-1,6402,6386,6410,-1,6410,6386,6378,-1,6410,6378,6419,-1,6419,6378,6380,-1,6419,6380,6417,-1,6417,6380,6382,-1,6417,6382,6415,-1,6415,6382,6384,-1,6415,6384,6412,-1,6412,6384,6376,-1,6412,6376,6420,-1,6420,6376,6370,-1,6420,6370,6427,-1,6427,6370,6372,-1,6427,6372,6425,-1,6425,6372,6374,-1,6425,6374,6422,-1,6422,6374,6368,-1,6422,6368,6428,-1,6428,6368,6362,-1,6428,6362,6434,-1,6434,6362,6365,-1,6434,6365,6432,-1,6432,6365,6367,-1,6432,6367,6430,-1,6430,6367,6360,-1,6430,6360,6436,-1,6436,6360,6348,-1,6436,6348,6449,-1,6449,6348,6350,-1,6449,6350,6447,-1,6447,6350,6352,-1,6447,6352,6445,-1,6445,6352,6354,-1,6445,6354,6443,-1,6443,6354,6356,-1,6443,6356,6441,-1,6441,6356,6358,-1,6441,6358,6438,-1,6438,6358,6336,-1,6438,6336,6458,-1,6458,6336,6339,-1,6458,6339,6456,-1,6456,6339,6341,-1,6456,6341,6454,-1,6454,6341,6343,-1,6454,6343,6452,-1,6452,6343,6345,-1,6452,6345,6450,-1,6450,6345,6347,-1,6450,6347,6324,-1,6324,6347,6334,-1,6324,6334,6325,-1,6325,6334,6335,-1,6397,6399,6389,-1,6389,6399,6401,-1,6389,6401,6390,-1,6390,6401,6409,-1,6390,6409,6392,-1,6392,6409,6407,-1,6392,6407,6394,-1,6394,6407,6405,-1,6394,6405,6387,-1,6387,6405,6403,-1,6387,6403,6379,-1,6379,6403,6411,-1,6379,6411,6381,-1,6381,6411,6418,-1,6381,6418,6383,-1,6383,6418,6416,-1,6383,6416,6385,-1,6385,6416,6414,-1,6385,6414,6377,-1,6377,6414,6413,-1,6377,6413,6371,-1,6371,6413,6421,-1,6371,6421,6373,-1,6373,6421,6426,-1,6373,6426,6375,-1,6375,6426,6424,-1,6375,6424,6369,-1,6369,6424,6423,-1,6369,6423,6363,-1,6363,6423,6429,-1,6363,6429,6364,-1,6364,6429,6435,-1,6364,6435,6366,-1,6366,6435,6433,-1,6366,6433,6361,-1,6361,6433,6431,-1,6361,6431,6349,-1,6349,6431,6437,-1,6349,6437,6351,-1,6351,6437,6448,-1,6351,6448,6353,-1,6353,6448,6446,-1,6353,6446,6355,-1,6355,6446,6444,-1,6355,6444,6357,-1,6357,6444,6442,-1,6357,6442,6359,-1,6359,6442,6440,-1,6359,6440,6337,-1,6337,6440,6439,-1,6337,6439,6338,-1,6338,6439,6459,-1,6338,6459,6340,-1,6340,6459,6457,-1,6340,6457,6342,-1,6342,6457,6455,-1,6342,6455,6344,-1,6344,6455,6453,-1,6344,6453,6346,-1,6346,6453,6451,-1,6346,6451,6332,-1,6332,6451,6326,-1,6332,6326,6333,-1,6333,6326,6327,-1,6330,6335,6328,-1,6328,6335,6333,-1,6331,6325,6330,-1,6330,6325,6335,-1,6327,6329,6333,-1,6333,6329,6328,-1,6329,6327,6331,-1,6331,6327,6325,-1,6460,6461,6462,-1,6462,6461,6463,-1,6464,6465,6466,-1,6466,6465,6467,-1,6468,6469,6470,-1,6470,6469,6471,-1,6472,6473,6474,-1,6472,6474,6475,-1,6475,6474,6476,-1,6475,6476,6477,-1,6477,6476,6478,-1,6477,6478,6479,-1,6479,6478,6480,-1,6479,6480,6481,-1,6481,6480,6482,-1,6481,6482,6483,-1,6483,6482,6468,-1,6483,6468,6470,-1,6484,6485,6486,-1,6486,6485,6487,-1,6486,6487,6488,-1,6488,6487,6489,-1,6488,6489,6490,-1,6490,6489,6491,-1,6490,6491,6492,-1,6492,6491,6493,-1,6492,6493,6494,-1,6494,6493,6495,-1,6494,6495,6472,-1,6472,6495,6473,-1,6484,6496,6485,-1,6485,6496,6497,-1,6498,6499,6500,-1,6498,6500,6501,-1,6501,6500,6502,-1,6501,6502,6503,-1,6503,6502,6497,-1,6503,6497,6496,-1,6498,6504,6499,-1,6499,6504,6505,-1,6506,6507,6508,-1,6508,6507,6509,-1,6508,6509,6510,-1,6510,6509,6511,-1,6510,6511,6504,-1,6504,6511,6505,-1,6506,6512,6507,-1,6507,6512,6513,-1,6514,6515,6516,-1,6516,6515,6517,-1,6516,6517,6518,-1,6518,6517,6519,-1,6518,6519,6520,-1,6520,6519,6521,-1,6520,6521,6512,-1,6512,6521,6513,-1,6514,6522,6515,-1,6515,6522,6523,-1,6524,6525,6526,-1,6524,6526,6527,-1,6527,6526,6528,-1,6527,6528,6529,-1,6529,6528,6530,-1,6529,6530,6531,-1,6531,6530,6523,-1,6531,6523,6522,-1,6524,6532,6525,-1,6525,6532,6533,-1,6532,6534,6533,-1,6533,6534,6535,-1,6534,6536,6535,-1,6535,6536,6537,-1,6538,6539,6540,-1,6540,6539,6541,-1,6540,6541,6542,-1,6542,6541,6543,-1,6542,6543,6544,-1,6544,6543,6545,-1,6544,6545,6536,-1,6536,6545,6537,-1,6538,6546,6539,-1,6539,6546,6547,-1,6548,6549,6550,-1,6548,6550,6551,-1,6551,6550,6552,-1,6551,6552,6553,-1,6553,6552,6554,-1,6553,6554,6555,-1,6555,6554,6547,-1,6555,6547,6546,-1,6548,6556,6549,-1,6549,6556,6557,-1,6558,6559,6560,-1,6558,6560,6561,-1,6561,6560,6562,-1,6561,6562,6563,-1,6563,6562,6557,-1,6563,6557,6556,-1,6558,6564,6559,-1,6559,6564,6565,-1,6566,6567,6568,-1,6568,6567,6569,-1,6568,6569,6570,-1,6570,6569,6571,-1,6570,6571,6564,-1,6564,6571,6565,-1,6566,6572,6567,-1,6567,6572,6573,-1,6574,6575,6576,-1,6574,6576,6577,-1,6577,6576,6578,-1,6577,6578,6579,-1,6579,6578,6580,-1,6579,6580,6581,-1,6581,6580,6582,-1,6581,6582,6583,-1,6583,6582,6584,-1,6583,6584,6585,-1,6585,6584,6573,-1,6585,6573,6572,-1,6460,6462,6586,-1,6586,6462,6587,-1,6586,6587,6588,-1,6588,6587,6589,-1,6588,6589,6590,-1,6590,6589,6591,-1,6590,6591,6592,-1,6592,6591,6593,-1,6592,6593,6594,-1,6594,6593,6595,-1,6594,6595,6574,-1,6574,6595,6575,-1,6534,6532,6536,-1,6536,6532,6524,-1,6536,6524,6544,-1,6544,6524,6527,-1,6544,6527,6542,-1,6542,6527,6529,-1,6542,6529,6540,-1,6540,6529,6531,-1,6540,6531,6538,-1,6538,6531,6522,-1,6538,6522,6546,-1,6546,6522,6514,-1,6546,6514,6555,-1,6555,6514,6516,-1,6555,6516,6553,-1,6553,6516,6518,-1,6553,6518,6551,-1,6551,6518,6520,-1,6551,6520,6548,-1,6548,6520,6512,-1,6548,6512,6556,-1,6556,6512,6506,-1,6556,6506,6563,-1,6563,6506,6508,-1,6563,6508,6561,-1,6561,6508,6510,-1,6561,6510,6558,-1,6558,6510,6504,-1,6558,6504,6564,-1,6564,6504,6498,-1,6564,6498,6570,-1,6570,6498,6501,-1,6570,6501,6568,-1,6568,6501,6503,-1,6568,6503,6566,-1,6566,6503,6496,-1,6566,6496,6572,-1,6572,6496,6484,-1,6572,6484,6585,-1,6585,6484,6486,-1,6585,6486,6583,-1,6583,6486,6488,-1,6583,6488,6581,-1,6581,6488,6490,-1,6581,6490,6579,-1,6579,6490,6492,-1,6579,6492,6577,-1,6577,6492,6494,-1,6577,6494,6574,-1,6574,6494,6472,-1,6574,6472,6594,-1,6594,6472,6475,-1,6594,6475,6592,-1,6592,6475,6477,-1,6592,6477,6590,-1,6590,6477,6479,-1,6590,6479,6588,-1,6588,6479,6481,-1,6588,6481,6586,-1,6586,6481,6483,-1,6586,6483,6460,-1,6460,6483,6470,-1,6460,6470,6461,-1,6461,6470,6471,-1,6533,6535,6525,-1,6525,6535,6537,-1,6525,6537,6526,-1,6526,6537,6545,-1,6526,6545,6528,-1,6528,6545,6543,-1,6528,6543,6530,-1,6530,6543,6541,-1,6530,6541,6523,-1,6523,6541,6539,-1,6523,6539,6515,-1,6515,6539,6547,-1,6515,6547,6517,-1,6517,6547,6554,-1,6517,6554,6519,-1,6519,6554,6552,-1,6519,6552,6521,-1,6521,6552,6550,-1,6521,6550,6513,-1,6513,6550,6549,-1,6513,6549,6507,-1,6507,6549,6557,-1,6507,6557,6509,-1,6509,6557,6562,-1,6509,6562,6511,-1,6511,6562,6560,-1,6511,6560,6505,-1,6505,6560,6559,-1,6505,6559,6499,-1,6499,6559,6565,-1,6499,6565,6500,-1,6500,6565,6571,-1,6500,6571,6502,-1,6502,6571,6569,-1,6502,6569,6497,-1,6497,6569,6567,-1,6497,6567,6485,-1,6485,6567,6573,-1,6485,6573,6487,-1,6487,6573,6584,-1,6487,6584,6489,-1,6489,6584,6582,-1,6489,6582,6491,-1,6491,6582,6580,-1,6491,6580,6493,-1,6493,6580,6578,-1,6493,6578,6495,-1,6495,6578,6576,-1,6495,6576,6473,-1,6473,6576,6575,-1,6473,6575,6474,-1,6474,6575,6595,-1,6474,6595,6476,-1,6476,6595,6593,-1,6476,6593,6478,-1,6478,6593,6591,-1,6478,6591,6480,-1,6480,6591,6589,-1,6480,6589,6482,-1,6482,6589,6587,-1,6482,6587,6468,-1,6468,6587,6462,-1,6468,6462,6469,-1,6469,6462,6463,-1,6466,6471,6464,-1,6464,6471,6469,-1,6467,6461,6466,-1,6466,6461,6471,-1,6463,6465,6469,-1,6469,6465,6464,-1,6465,6463,6467,-1,6467,6463,6461,-1,6596,6597,6598,-1,6598,6597,6599,-1,6600,6601,6602,-1,6602,6601,6603,-1,6604,6605,6606,-1,6606,6605,6607,-1,6608,6609,6610,-1,6608,6610,6611,-1,6611,6610,6612,-1,6611,6612,6613,-1,6613,6612,6614,-1,6613,6614,6615,-1,6615,6614,6616,-1,6615,6616,6617,-1,6617,6616,6618,-1,6617,6618,6619,-1,6619,6618,6604,-1,6619,6604,6606,-1,6620,6621,6622,-1,6622,6621,6623,-1,6622,6623,6624,-1,6624,6623,6625,-1,6624,6625,6626,-1,6626,6625,6627,-1,6626,6627,6628,-1,6628,6627,6629,-1,6628,6629,6630,-1,6630,6629,6631,-1,6630,6631,6608,-1,6608,6631,6609,-1,6620,6632,6621,-1,6621,6632,6633,-1,6634,6635,6636,-1,6634,6636,6637,-1,6637,6636,6638,-1,6637,6638,6639,-1,6639,6638,6633,-1,6639,6633,6632,-1,6634,6640,6635,-1,6635,6640,6641,-1,6642,6643,6644,-1,6644,6643,6645,-1,6644,6645,6646,-1,6646,6645,6647,-1,6646,6647,6640,-1,6640,6647,6641,-1,6642,6648,6643,-1,6643,6648,6649,-1,6650,6651,6652,-1,6652,6651,6653,-1,6652,6653,6654,-1,6654,6653,6655,-1,6654,6655,6656,-1,6656,6655,6657,-1,6656,6657,6648,-1,6648,6657,6649,-1,6650,6658,6651,-1,6651,6658,6659,-1,6660,6661,6662,-1,6660,6662,6663,-1,6663,6662,6664,-1,6663,6664,6665,-1,6665,6664,6666,-1,6665,6666,6667,-1,6667,6666,6659,-1,6667,6659,6658,-1,6660,6668,6661,-1,6661,6668,6669,-1,6668,6670,6669,-1,6669,6670,6671,-1,6670,6672,6671,-1,6671,6672,6673,-1,6674,6675,6676,-1,6676,6675,6677,-1,6676,6677,6678,-1,6678,6677,6679,-1,6678,6679,6680,-1,6680,6679,6681,-1,6680,6681,6672,-1,6672,6681,6673,-1,6674,6682,6675,-1,6675,6682,6683,-1,6684,6685,6686,-1,6684,6686,6687,-1,6687,6686,6688,-1,6687,6688,6689,-1,6689,6688,6690,-1,6689,6690,6691,-1,6691,6690,6683,-1,6691,6683,6682,-1,6684,6692,6685,-1,6685,6692,6693,-1,6694,6695,6696,-1,6694,6696,6697,-1,6697,6696,6698,-1,6697,6698,6699,-1,6699,6698,6693,-1,6699,6693,6692,-1,6694,6700,6695,-1,6695,6700,6701,-1,6702,6703,6704,-1,6704,6703,6705,-1,6704,6705,6706,-1,6706,6705,6707,-1,6706,6707,6700,-1,6700,6707,6701,-1,6702,6708,6703,-1,6703,6708,6709,-1,6710,6711,6712,-1,6710,6712,6713,-1,6713,6712,6714,-1,6713,6714,6715,-1,6715,6714,6716,-1,6715,6716,6717,-1,6717,6716,6718,-1,6717,6718,6719,-1,6719,6718,6720,-1,6719,6720,6721,-1,6721,6720,6709,-1,6721,6709,6708,-1,6596,6598,6722,-1,6722,6598,6723,-1,6722,6723,6724,-1,6724,6723,6725,-1,6724,6725,6726,-1,6726,6725,6727,-1,6726,6727,6728,-1,6728,6727,6729,-1,6728,6729,6730,-1,6730,6729,6731,-1,6730,6731,6710,-1,6710,6731,6711,-1,6670,6668,6672,-1,6672,6668,6660,-1,6672,6660,6680,-1,6680,6660,6663,-1,6680,6663,6678,-1,6678,6663,6665,-1,6678,6665,6676,-1,6676,6665,6667,-1,6676,6667,6674,-1,6674,6667,6658,-1,6674,6658,6682,-1,6682,6658,6650,-1,6682,6650,6691,-1,6691,6650,6652,-1,6691,6652,6689,-1,6689,6652,6654,-1,6689,6654,6687,-1,6687,6654,6656,-1,6687,6656,6684,-1,6684,6656,6648,-1,6684,6648,6692,-1,6692,6648,6642,-1,6692,6642,6699,-1,6699,6642,6644,-1,6699,6644,6697,-1,6697,6644,6646,-1,6697,6646,6694,-1,6694,6646,6640,-1,6694,6640,6700,-1,6700,6640,6634,-1,6700,6634,6706,-1,6706,6634,6637,-1,6706,6637,6704,-1,6704,6637,6639,-1,6704,6639,6702,-1,6702,6639,6632,-1,6702,6632,6708,-1,6708,6632,6620,-1,6708,6620,6721,-1,6721,6620,6622,-1,6721,6622,6719,-1,6719,6622,6624,-1,6719,6624,6717,-1,6717,6624,6626,-1,6717,6626,6715,-1,6715,6626,6628,-1,6715,6628,6713,-1,6713,6628,6630,-1,6713,6630,6710,-1,6710,6630,6608,-1,6710,6608,6730,-1,6730,6608,6611,-1,6730,6611,6728,-1,6728,6611,6613,-1,6728,6613,6726,-1,6726,6613,6615,-1,6726,6615,6724,-1,6724,6615,6617,-1,6724,6617,6722,-1,6722,6617,6619,-1,6722,6619,6596,-1,6596,6619,6606,-1,6596,6606,6597,-1,6597,6606,6607,-1,6669,6671,6661,-1,6661,6671,6673,-1,6661,6673,6662,-1,6662,6673,6681,-1,6662,6681,6664,-1,6664,6681,6679,-1,6664,6679,6666,-1,6666,6679,6677,-1,6666,6677,6659,-1,6659,6677,6675,-1,6659,6675,6651,-1,6651,6675,6683,-1,6651,6683,6653,-1,6653,6683,6690,-1,6653,6690,6655,-1,6655,6690,6688,-1,6655,6688,6657,-1,6657,6688,6686,-1,6657,6686,6649,-1,6649,6686,6685,-1,6649,6685,6643,-1,6643,6685,6693,-1,6643,6693,6645,-1,6645,6693,6698,-1,6645,6698,6647,-1,6647,6698,6696,-1,6647,6696,6641,-1,6641,6696,6695,-1,6641,6695,6635,-1,6635,6695,6701,-1,6635,6701,6636,-1,6636,6701,6707,-1,6636,6707,6638,-1,6638,6707,6705,-1,6638,6705,6633,-1,6633,6705,6703,-1,6633,6703,6621,-1,6621,6703,6709,-1,6621,6709,6623,-1,6623,6709,6720,-1,6623,6720,6625,-1,6625,6720,6718,-1,6625,6718,6627,-1,6627,6718,6716,-1,6627,6716,6629,-1,6629,6716,6714,-1,6629,6714,6631,-1,6631,6714,6712,-1,6631,6712,6609,-1,6609,6712,6711,-1,6609,6711,6610,-1,6610,6711,6731,-1,6610,6731,6612,-1,6612,6731,6729,-1,6612,6729,6614,-1,6614,6729,6727,-1,6614,6727,6616,-1,6616,6727,6725,-1,6616,6725,6618,-1,6618,6725,6723,-1,6618,6723,6604,-1,6604,6723,6598,-1,6604,6598,6605,-1,6605,6598,6599,-1,6602,6607,6600,-1,6600,6607,6605,-1,6603,6597,6602,-1,6602,6597,6607,-1,6599,6601,6605,-1,6605,6601,6600,-1,6601,6599,6603,-1,6603,6599,6597,-1,6732,6733,6734,-1,6734,6733,6735,-1,6736,6737,6738,-1,6738,6737,6739,-1,6740,6741,6742,-1,6742,6741,6743,-1,6744,6745,6746,-1,6744,6746,6747,-1,6747,6746,6748,-1,6747,6748,6749,-1,6749,6748,6750,-1,6749,6750,6751,-1,6751,6750,6752,-1,6751,6752,6753,-1,6753,6752,6754,-1,6753,6754,6755,-1,6755,6754,6740,-1,6755,6740,6742,-1,6756,6757,6758,-1,6758,6757,6759,-1,6758,6759,6760,-1,6760,6759,6761,-1,6760,6761,6762,-1,6762,6761,6763,-1,6762,6763,6764,-1,6764,6763,6765,-1,6764,6765,6766,-1,6766,6765,6767,-1,6766,6767,6744,-1,6744,6767,6745,-1,6756,6768,6757,-1,6757,6768,6769,-1,6770,6771,6772,-1,6770,6772,6773,-1,6773,6772,6774,-1,6773,6774,6775,-1,6775,6774,6769,-1,6775,6769,6768,-1,6770,6776,6771,-1,6771,6776,6777,-1,6778,6779,6780,-1,6780,6779,6781,-1,6780,6781,6782,-1,6782,6781,6783,-1,6782,6783,6776,-1,6776,6783,6777,-1,6778,6784,6779,-1,6779,6784,6785,-1,6786,6787,6788,-1,6788,6787,6789,-1,6788,6789,6790,-1,6790,6789,6791,-1,6790,6791,6792,-1,6792,6791,6793,-1,6792,6793,6784,-1,6784,6793,6785,-1,6786,6794,6787,-1,6787,6794,6795,-1,6796,6797,6798,-1,6796,6798,6799,-1,6799,6798,6800,-1,6799,6800,6801,-1,6801,6800,6802,-1,6801,6802,6803,-1,6803,6802,6795,-1,6803,6795,6794,-1,6796,6804,6797,-1,6797,6804,6805,-1,6804,6806,6805,-1,6805,6806,6807,-1,6806,6808,6807,-1,6807,6808,6809,-1,6810,6811,6812,-1,6812,6811,6813,-1,6812,6813,6814,-1,6814,6813,6815,-1,6814,6815,6816,-1,6816,6815,6817,-1,6816,6817,6808,-1,6808,6817,6809,-1,6810,6818,6811,-1,6811,6818,6819,-1,6820,6821,6822,-1,6820,6822,6823,-1,6823,6822,6824,-1,6823,6824,6825,-1,6825,6824,6826,-1,6825,6826,6827,-1,6827,6826,6819,-1,6827,6819,6818,-1,6820,6828,6821,-1,6821,6828,6829,-1,6830,6831,6832,-1,6830,6832,6833,-1,6833,6832,6834,-1,6833,6834,6835,-1,6835,6834,6829,-1,6835,6829,6828,-1,6830,6836,6831,-1,6831,6836,6837,-1,6838,6839,6840,-1,6840,6839,6841,-1,6840,6841,6842,-1,6842,6841,6843,-1,6842,6843,6836,-1,6836,6843,6837,-1,6838,6844,6839,-1,6839,6844,6845,-1,6846,6847,6848,-1,6846,6848,6849,-1,6849,6848,6850,-1,6849,6850,6851,-1,6851,6850,6852,-1,6851,6852,6853,-1,6853,6852,6854,-1,6853,6854,6855,-1,6855,6854,6856,-1,6855,6856,6857,-1,6857,6856,6845,-1,6857,6845,6844,-1,6732,6734,6858,-1,6858,6734,6859,-1,6858,6859,6860,-1,6860,6859,6861,-1,6860,6861,6862,-1,6862,6861,6863,-1,6862,6863,6864,-1,6864,6863,6865,-1,6864,6865,6866,-1,6866,6865,6867,-1,6866,6867,6846,-1,6846,6867,6847,-1,6806,6804,6808,-1,6808,6804,6796,-1,6808,6796,6816,-1,6816,6796,6799,-1,6816,6799,6814,-1,6814,6799,6801,-1,6814,6801,6812,-1,6812,6801,6803,-1,6812,6803,6810,-1,6810,6803,6794,-1,6810,6794,6818,-1,6818,6794,6786,-1,6818,6786,6827,-1,6827,6786,6788,-1,6827,6788,6825,-1,6825,6788,6790,-1,6825,6790,6823,-1,6823,6790,6792,-1,6823,6792,6820,-1,6820,6792,6784,-1,6820,6784,6828,-1,6828,6784,6778,-1,6828,6778,6835,-1,6835,6778,6780,-1,6835,6780,6833,-1,6833,6780,6782,-1,6833,6782,6830,-1,6830,6782,6776,-1,6830,6776,6836,-1,6836,6776,6770,-1,6836,6770,6842,-1,6842,6770,6773,-1,6842,6773,6840,-1,6840,6773,6775,-1,6840,6775,6838,-1,6838,6775,6768,-1,6838,6768,6844,-1,6844,6768,6756,-1,6844,6756,6857,-1,6857,6756,6758,-1,6857,6758,6855,-1,6855,6758,6760,-1,6855,6760,6853,-1,6853,6760,6762,-1,6853,6762,6851,-1,6851,6762,6764,-1,6851,6764,6849,-1,6849,6764,6766,-1,6849,6766,6846,-1,6846,6766,6744,-1,6846,6744,6866,-1,6866,6744,6747,-1,6866,6747,6864,-1,6864,6747,6749,-1,6864,6749,6862,-1,6862,6749,6751,-1,6862,6751,6860,-1,6860,6751,6753,-1,6860,6753,6858,-1,6858,6753,6755,-1,6858,6755,6732,-1,6732,6755,6742,-1,6732,6742,6733,-1,6733,6742,6743,-1,6805,6807,6797,-1,6797,6807,6809,-1,6797,6809,6798,-1,6798,6809,6817,-1,6798,6817,6800,-1,6800,6817,6815,-1,6800,6815,6802,-1,6802,6815,6813,-1,6802,6813,6795,-1,6795,6813,6811,-1,6795,6811,6787,-1,6787,6811,6819,-1,6787,6819,6789,-1,6789,6819,6826,-1,6789,6826,6791,-1,6791,6826,6824,-1,6791,6824,6793,-1,6793,6824,6822,-1,6793,6822,6785,-1,6785,6822,6821,-1,6785,6821,6779,-1,6779,6821,6829,-1,6779,6829,6781,-1,6781,6829,6834,-1,6781,6834,6783,-1,6783,6834,6832,-1,6783,6832,6777,-1,6777,6832,6831,-1,6777,6831,6771,-1,6771,6831,6837,-1,6771,6837,6772,-1,6772,6837,6843,-1,6772,6843,6774,-1,6774,6843,6841,-1,6774,6841,6769,-1,6769,6841,6839,-1,6769,6839,6757,-1,6757,6839,6845,-1,6757,6845,6759,-1,6759,6845,6856,-1,6759,6856,6761,-1,6761,6856,6854,-1,6761,6854,6763,-1,6763,6854,6852,-1,6763,6852,6765,-1,6765,6852,6850,-1,6765,6850,6767,-1,6767,6850,6848,-1,6767,6848,6745,-1,6745,6848,6847,-1,6745,6847,6746,-1,6746,6847,6867,-1,6746,6867,6748,-1,6748,6867,6865,-1,6748,6865,6750,-1,6750,6865,6863,-1,6750,6863,6752,-1,6752,6863,6861,-1,6752,6861,6754,-1,6754,6861,6859,-1,6754,6859,6740,-1,6740,6859,6734,-1,6740,6734,6741,-1,6741,6734,6735,-1,6738,6743,6736,-1,6736,6743,6741,-1,6739,6733,6738,-1,6738,6733,6743,-1,6735,6737,6741,-1,6741,6737,6736,-1,6737,6735,6739,-1,6739,6735,6733,-1,6868,6869,6870,-1,6870,6869,6871,-1,6872,6873,6874,-1,6874,6873,6875,-1,6876,6877,6878,-1,6878,6877,6879,-1,6880,6881,6882,-1,6880,6882,6883,-1,6883,6882,6884,-1,6883,6884,6885,-1,6885,6884,6886,-1,6885,6886,6887,-1,6887,6886,6888,-1,6887,6888,6889,-1,6889,6888,6890,-1,6889,6890,6891,-1,6891,6890,6876,-1,6891,6876,6878,-1,6892,6893,6894,-1,6894,6893,6895,-1,6894,6895,6896,-1,6896,6895,6897,-1,6896,6897,6898,-1,6898,6897,6899,-1,6898,6899,6900,-1,6900,6899,6901,-1,6900,6901,6902,-1,6902,6901,6903,-1,6902,6903,6880,-1,6880,6903,6881,-1,6892,6904,6893,-1,6893,6904,6905,-1,6906,6907,6908,-1,6906,6908,6909,-1,6909,6908,6910,-1,6909,6910,6911,-1,6911,6910,6905,-1,6911,6905,6904,-1,6906,6912,6907,-1,6907,6912,6913,-1,6914,6915,6916,-1,6916,6915,6917,-1,6916,6917,6918,-1,6918,6917,6919,-1,6918,6919,6912,-1,6912,6919,6913,-1,6914,6920,6915,-1,6915,6920,6921,-1,6922,6923,6924,-1,6924,6923,6925,-1,6924,6925,6926,-1,6926,6925,6927,-1,6926,6927,6928,-1,6928,6927,6929,-1,6928,6929,6920,-1,6920,6929,6921,-1,6922,6930,6923,-1,6923,6930,6931,-1,6932,6933,6934,-1,6932,6934,6935,-1,6935,6934,6936,-1,6935,6936,6937,-1,6937,6936,6938,-1,6937,6938,6939,-1,6939,6938,6931,-1,6939,6931,6930,-1,6932,6940,6933,-1,6933,6940,6941,-1,6940,6942,6941,-1,6941,6942,6943,-1,6942,6944,6943,-1,6943,6944,6945,-1,6946,6947,6948,-1,6948,6947,6949,-1,6948,6949,6950,-1,6950,6949,6951,-1,6950,6951,6952,-1,6952,6951,6953,-1,6952,6953,6944,-1,6944,6953,6945,-1,6946,6954,6947,-1,6947,6954,6955,-1,6956,6957,6958,-1,6956,6958,6959,-1,6959,6958,6960,-1,6959,6960,6961,-1,6961,6960,6962,-1,6961,6962,6963,-1,6963,6962,6955,-1,6963,6955,6954,-1,6956,6964,6957,-1,6957,6964,6965,-1,6966,6967,6968,-1,6966,6968,6969,-1,6969,6968,6970,-1,6969,6970,6971,-1,6971,6970,6965,-1,6971,6965,6964,-1,6966,6972,6967,-1,6967,6972,6973,-1,6974,6975,6976,-1,6976,6975,6977,-1,6976,6977,6978,-1,6978,6977,6979,-1,6978,6979,6972,-1,6972,6979,6973,-1,6974,6980,6975,-1,6975,6980,6981,-1,6982,6983,6984,-1,6982,6984,6985,-1,6985,6984,6986,-1,6985,6986,6987,-1,6987,6986,6988,-1,6987,6988,6989,-1,6989,6988,6990,-1,6989,6990,6991,-1,6991,6990,6992,-1,6991,6992,6993,-1,6993,6992,6981,-1,6993,6981,6980,-1,6868,6870,6994,-1,6994,6870,6995,-1,6994,6995,6996,-1,6996,6995,6997,-1,6996,6997,6998,-1,6998,6997,6999,-1,6998,6999,7000,-1,7000,6999,7001,-1,7000,7001,7002,-1,7002,7001,7003,-1,7002,7003,6982,-1,6982,7003,6983,-1,6942,6940,6944,-1,6944,6940,6932,-1,6944,6932,6952,-1,6952,6932,6935,-1,6952,6935,6950,-1,6950,6935,6937,-1,6950,6937,6948,-1,6948,6937,6939,-1,6948,6939,6946,-1,6946,6939,6930,-1,6946,6930,6954,-1,6954,6930,6922,-1,6954,6922,6963,-1,6963,6922,6924,-1,6963,6924,6961,-1,6961,6924,6926,-1,6961,6926,6959,-1,6959,6926,6928,-1,6959,6928,6956,-1,6956,6928,6920,-1,6956,6920,6964,-1,6964,6920,6914,-1,6964,6914,6971,-1,6971,6914,6916,-1,6971,6916,6969,-1,6969,6916,6918,-1,6969,6918,6966,-1,6966,6918,6912,-1,6966,6912,6972,-1,6972,6912,6906,-1,6972,6906,6978,-1,6978,6906,6909,-1,6978,6909,6976,-1,6976,6909,6911,-1,6976,6911,6974,-1,6974,6911,6904,-1,6974,6904,6980,-1,6980,6904,6892,-1,6980,6892,6993,-1,6993,6892,6894,-1,6993,6894,6991,-1,6991,6894,6896,-1,6991,6896,6989,-1,6989,6896,6898,-1,6989,6898,6987,-1,6987,6898,6900,-1,6987,6900,6985,-1,6985,6900,6902,-1,6985,6902,6982,-1,6982,6902,6880,-1,6982,6880,7002,-1,7002,6880,6883,-1,7002,6883,7000,-1,7000,6883,6885,-1,7000,6885,6998,-1,6998,6885,6887,-1,6998,6887,6996,-1,6996,6887,6889,-1,6996,6889,6994,-1,6994,6889,6891,-1,6994,6891,6868,-1,6868,6891,6878,-1,6868,6878,6869,-1,6869,6878,6879,-1,6941,6943,6933,-1,6933,6943,6945,-1,6933,6945,6934,-1,6934,6945,6953,-1,6934,6953,6936,-1,6936,6953,6951,-1,6936,6951,6938,-1,6938,6951,6949,-1,6938,6949,6931,-1,6931,6949,6947,-1,6931,6947,6923,-1,6923,6947,6955,-1,6923,6955,6925,-1,6925,6955,6962,-1,6925,6962,6927,-1,6927,6962,6960,-1,6927,6960,6929,-1,6929,6960,6958,-1,6929,6958,6921,-1,6921,6958,6957,-1,6921,6957,6915,-1,6915,6957,6965,-1,6915,6965,6917,-1,6917,6965,6970,-1,6917,6970,6919,-1,6919,6970,6968,-1,6919,6968,6913,-1,6913,6968,6967,-1,6913,6967,6907,-1,6907,6967,6973,-1,6907,6973,6908,-1,6908,6973,6979,-1,6908,6979,6910,-1,6910,6979,6977,-1,6910,6977,6905,-1,6905,6977,6975,-1,6905,6975,6893,-1,6893,6975,6981,-1,6893,6981,6895,-1,6895,6981,6992,-1,6895,6992,6897,-1,6897,6992,6990,-1,6897,6990,6899,-1,6899,6990,6988,-1,6899,6988,6901,-1,6901,6988,6986,-1,6901,6986,6903,-1,6903,6986,6984,-1,6903,6984,6881,-1,6881,6984,6983,-1,6881,6983,6882,-1,6882,6983,7003,-1,6882,7003,6884,-1,6884,7003,7001,-1,6884,7001,6886,-1,6886,7001,6999,-1,6886,6999,6888,-1,6888,6999,6997,-1,6888,6997,6890,-1,6890,6997,6995,-1,6890,6995,6876,-1,6876,6995,6870,-1,6876,6870,6877,-1,6877,6870,6871,-1,6874,6879,6872,-1,6872,6879,6877,-1,6875,6869,6874,-1,6874,6869,6879,-1,6871,6873,6877,-1,6877,6873,6872,-1,6873,6871,6875,-1,6875,6871,6869,-1,7004,7005,7006,-1,7006,7005,7007,-1,7008,7009,7010,-1,7010,7009,7011,-1,7012,7013,7014,-1,7014,7013,7015,-1,7015,7013,7016,-1,7015,7016,7017,-1,7017,7016,7018,-1,7017,7018,7019,-1,7019,7018,7020,-1,7019,7020,7021,-1,7021,7020,7022,-1,7021,7022,7023,-1,7023,7022,7024,-1,7023,7024,7025,-1,7025,7024,7026,-1,7025,7026,7027,-1,7027,7026,7028,-1,7028,7026,7029,-1,7028,7029,7030,-1,7030,7029,7031,-1,7030,7031,7032,-1,7032,7031,7033,-1,7032,7033,7034,-1,7034,7033,7035,-1,7034,7035,7036,-1,7036,7035,7037,-1,7036,7037,7038,-1,7038,7037,7039,-1,7040,7038,7041,-1,7041,7038,7039,-1,7040,7041,7042,-1,7040,7042,7043,-1,7043,7042,7044,-1,7043,7044,7045,-1,7045,7044,7046,-1,7045,7046,7047,-1,7048,7047,7049,-1,7049,7047,7046,-1,7048,7049,7050,-1,7050,7049,7051,-1,7050,7051,7052,-1,7052,7051,7053,-1,7052,7053,7054,-1,7054,7053,7055,-1,7056,7054,7057,-1,7057,7054,7055,-1,7056,7057,7058,-1,7058,7057,7059,-1,7058,7059,7060,-1,7060,7059,7061,-1,7060,7061,7062,-1,7062,7061,7063,-1,7062,7063,7064,-1,7064,7063,7065,-1,7066,7064,7067,-1,7067,7064,7065,-1,7066,7067,7068,-1,7066,7068,7069,-1,7069,7068,7070,-1,7069,7070,7071,-1,7071,7070,7072,-1,7071,7072,7073,-1,7073,7072,7074,-1,7073,7074,7075,-1,7076,7075,7077,-1,7077,7075,7074,-1,7078,7076,7079,-1,7079,7076,7077,-1,7080,7078,7081,-1,7081,7078,7079,-1,7080,7081,7082,-1,7082,7081,7083,-1,7082,7083,7084,-1,7084,7083,7085,-1,7084,7085,7086,-1,7086,7085,7087,-1,7086,7087,7088,-1,7088,7087,7089,-1,7090,7088,7091,-1,7091,7088,7089,-1,7090,7091,7092,-1,7090,7092,7093,-1,7093,7092,7094,-1,7093,7094,7095,-1,7095,7094,7096,-1,7095,7096,7097,-1,7097,7096,7098,-1,7097,7098,7099,-1,7100,7099,7101,-1,7101,7099,7098,-1,7100,7101,7102,-1,7100,7102,7103,-1,7103,7102,7104,-1,7103,7104,7105,-1,7105,7104,7106,-1,7105,7106,7107,-1,7108,7107,7109,-1,7109,7107,7106,-1,7108,7109,7110,-1,7110,7109,7111,-1,7110,7111,7112,-1,7112,7111,7113,-1,7112,7113,7114,-1,7114,7113,7115,-1,7116,7114,7117,-1,7117,7114,7115,-1,7116,7117,7118,-1,7116,7118,7119,-1,7119,7118,7120,-1,7119,7120,7121,-1,7121,7120,7122,-1,7121,7122,7123,-1,7123,7122,7124,-1,7123,7124,7125,-1,7125,7124,7126,-1,7125,7126,7127,-1,7127,7126,7128,-1,7127,7128,7129,-1,7129,7128,7130,-1,7130,7128,7131,-1,7130,7131,7132,-1,7132,7131,7133,-1,7132,7133,7134,-1,7134,7133,7135,-1,7134,7135,7136,-1,7136,7135,7137,-1,7136,7137,7138,-1,7138,7137,7139,-1,7138,7139,7005,-1,7005,7139,7007,-1,7076,7078,7075,-1,7075,7078,7080,-1,7075,7080,7073,-1,7073,7080,7082,-1,7073,7082,7071,-1,7071,7082,7084,-1,7071,7084,7069,-1,7069,7084,7086,-1,7069,7086,7066,-1,7066,7086,7088,-1,7066,7088,7064,-1,7064,7088,7090,-1,7064,7090,7062,-1,7062,7090,7093,-1,7062,7093,7060,-1,7060,7093,7095,-1,7060,7095,7058,-1,7058,7095,7097,-1,7058,7097,7056,-1,7056,7097,7099,-1,7056,7099,7054,-1,7054,7099,7100,-1,7054,7100,7052,-1,7052,7100,7103,-1,7052,7103,7050,-1,7050,7103,7105,-1,7050,7105,7048,-1,7048,7105,7107,-1,7048,7107,7047,-1,7047,7107,7108,-1,7047,7108,7045,-1,7045,7108,7110,-1,7045,7110,7043,-1,7043,7110,7112,-1,7043,7112,7040,-1,7040,7112,7114,-1,7040,7114,7038,-1,7038,7114,7116,-1,7038,7116,7036,-1,7036,7116,7119,-1,7036,7119,7034,-1,7034,7119,7121,-1,7034,7121,7032,-1,7032,7121,7123,-1,7032,7123,7030,-1,7030,7123,7125,-1,7030,7125,7028,-1,7028,7125,7127,-1,7028,7127,7027,-1,7027,7127,7129,-1,7027,7129,7025,-1,7025,7129,7130,-1,7025,7130,7023,-1,7023,7130,7132,-1,7023,7132,7021,-1,7021,7132,7134,-1,7021,7134,7019,-1,7019,7134,7136,-1,7019,7136,7017,-1,7017,7136,7138,-1,7017,7138,7015,-1,7015,7138,7005,-1,7015,7005,7014,-1,7014,7005,7004,-1,7079,7077,7081,-1,7081,7077,7074,-1,7081,7074,7083,-1,7083,7074,7072,-1,7083,7072,7085,-1,7085,7072,7070,-1,7085,7070,7087,-1,7087,7070,7068,-1,7087,7068,7089,-1,7089,7068,7067,-1,7089,7067,7091,-1,7091,7067,7065,-1,7091,7065,7092,-1,7092,7065,7063,-1,7092,7063,7094,-1,7094,7063,7061,-1,7094,7061,7096,-1,7096,7061,7059,-1,7096,7059,7098,-1,7098,7059,7057,-1,7098,7057,7101,-1,7101,7057,7055,-1,7101,7055,7102,-1,7102,7055,7053,-1,7102,7053,7104,-1,7104,7053,7051,-1,7104,7051,7106,-1,7106,7051,7049,-1,7106,7049,7109,-1,7109,7049,7046,-1,7109,7046,7111,-1,7111,7046,7044,-1,7111,7044,7113,-1,7113,7044,7042,-1,7113,7042,7115,-1,7115,7042,7041,-1,7115,7041,7117,-1,7117,7041,7039,-1,7117,7039,7118,-1,7118,7039,7037,-1,7118,7037,7120,-1,7120,7037,7035,-1,7120,7035,7122,-1,7122,7035,7033,-1,7122,7033,7124,-1,7124,7033,7031,-1,7124,7031,7126,-1,7126,7031,7029,-1,7126,7029,7128,-1,7128,7029,7026,-1,7128,7026,7131,-1,7131,7026,7024,-1,7131,7024,7133,-1,7133,7024,7022,-1,7133,7022,7135,-1,7135,7022,7020,-1,7135,7020,7137,-1,7137,7020,7018,-1,7137,7018,7139,-1,7139,7018,7016,-1,7139,7016,7007,-1,7007,7016,7013,-1,7007,7013,7006,-1,7006,7013,7012,-1,7014,7011,7012,-1,7012,7011,7009,-1,7004,7010,7014,-1,7014,7010,7011,-1,7008,7006,7009,-1,7009,7006,7012,-1,7006,7008,7004,-1,7004,7008,7010,-1,7140,7141,7142,-1,7142,7141,7143,-1,7144,7145,7146,-1,7146,7145,7147,-1,7148,7149,7150,-1,7150,7149,7151,-1,7151,7149,7152,-1,7151,7152,7153,-1,7153,7152,7154,-1,7153,7154,7155,-1,7155,7154,7156,-1,7155,7156,7157,-1,7157,7156,7158,-1,7157,7158,7159,-1,7159,7158,7160,-1,7159,7160,7161,-1,7161,7160,7162,-1,7161,7162,7163,-1,7163,7162,7164,-1,7164,7162,7165,-1,7164,7165,7166,-1,7166,7165,7167,-1,7166,7167,7168,-1,7168,7167,7169,-1,7168,7169,7170,-1,7170,7169,7171,-1,7170,7171,7172,-1,7172,7171,7173,-1,7172,7173,7174,-1,7174,7173,7175,-1,7176,7174,7177,-1,7177,7174,7175,-1,7176,7177,7178,-1,7176,7178,7179,-1,7179,7178,7180,-1,7179,7180,7181,-1,7181,7180,7182,-1,7181,7182,7183,-1,7184,7183,7185,-1,7185,7183,7182,-1,7184,7185,7186,-1,7186,7185,7187,-1,7186,7187,7188,-1,7188,7187,7189,-1,7188,7189,7190,-1,7190,7189,7191,-1,7192,7190,7193,-1,7193,7190,7191,-1,7192,7193,7194,-1,7194,7193,7195,-1,7194,7195,7196,-1,7196,7195,7197,-1,7196,7197,7198,-1,7198,7197,7199,-1,7198,7199,7200,-1,7200,7199,7201,-1,7202,7200,7203,-1,7203,7200,7201,-1,7202,7203,7204,-1,7202,7204,7205,-1,7205,7204,7206,-1,7205,7206,7207,-1,7207,7206,7208,-1,7207,7208,7209,-1,7209,7208,7210,-1,7209,7210,7211,-1,7212,7211,7213,-1,7213,7211,7210,-1,7214,7212,7215,-1,7215,7212,7213,-1,7216,7214,7217,-1,7217,7214,7215,-1,7216,7217,7218,-1,7218,7217,7219,-1,7218,7219,7220,-1,7220,7219,7221,-1,7220,7221,7222,-1,7222,7221,7223,-1,7222,7223,7224,-1,7224,7223,7225,-1,7226,7224,7227,-1,7227,7224,7225,-1,7226,7227,7228,-1,7226,7228,7229,-1,7229,7228,7230,-1,7229,7230,7231,-1,7231,7230,7232,-1,7231,7232,7233,-1,7233,7232,7234,-1,7233,7234,7235,-1,7236,7235,7237,-1,7237,7235,7234,-1,7236,7237,7238,-1,7236,7238,7239,-1,7239,7238,7240,-1,7239,7240,7241,-1,7241,7240,7242,-1,7241,7242,7243,-1,7244,7243,7245,-1,7245,7243,7242,-1,7244,7245,7246,-1,7246,7245,7247,-1,7246,7247,7248,-1,7248,7247,7249,-1,7248,7249,7250,-1,7250,7249,7251,-1,7252,7250,7253,-1,7253,7250,7251,-1,7252,7253,7254,-1,7252,7254,7255,-1,7255,7254,7256,-1,7255,7256,7257,-1,7257,7256,7258,-1,7257,7258,7259,-1,7259,7258,7260,-1,7259,7260,7261,-1,7261,7260,7262,-1,7261,7262,7263,-1,7263,7262,7264,-1,7263,7264,7265,-1,7265,7264,7266,-1,7266,7264,7267,-1,7266,7267,7268,-1,7268,7267,7269,-1,7268,7269,7270,-1,7270,7269,7271,-1,7270,7271,7272,-1,7272,7271,7273,-1,7272,7273,7274,-1,7274,7273,7275,-1,7274,7275,7141,-1,7141,7275,7143,-1,7212,7214,7211,-1,7211,7214,7216,-1,7211,7216,7209,-1,7209,7216,7218,-1,7209,7218,7207,-1,7207,7218,7220,-1,7207,7220,7205,-1,7205,7220,7222,-1,7205,7222,7202,-1,7202,7222,7224,-1,7202,7224,7200,-1,7200,7224,7226,-1,7200,7226,7198,-1,7198,7226,7229,-1,7198,7229,7196,-1,7196,7229,7231,-1,7196,7231,7194,-1,7194,7231,7233,-1,7194,7233,7192,-1,7192,7233,7235,-1,7192,7235,7190,-1,7190,7235,7236,-1,7190,7236,7188,-1,7188,7236,7239,-1,7188,7239,7186,-1,7186,7239,7241,-1,7186,7241,7184,-1,7184,7241,7243,-1,7184,7243,7183,-1,7183,7243,7244,-1,7183,7244,7181,-1,7181,7244,7246,-1,7181,7246,7179,-1,7179,7246,7248,-1,7179,7248,7176,-1,7176,7248,7250,-1,7176,7250,7174,-1,7174,7250,7252,-1,7174,7252,7172,-1,7172,7252,7255,-1,7172,7255,7170,-1,7170,7255,7257,-1,7170,7257,7168,-1,7168,7257,7259,-1,7168,7259,7166,-1,7166,7259,7261,-1,7166,7261,7164,-1,7164,7261,7263,-1,7164,7263,7163,-1,7163,7263,7265,-1,7163,7265,7161,-1,7161,7265,7266,-1,7161,7266,7159,-1,7159,7266,7268,-1,7159,7268,7157,-1,7157,7268,7270,-1,7157,7270,7155,-1,7155,7270,7272,-1,7155,7272,7153,-1,7153,7272,7274,-1,7153,7274,7151,-1,7151,7274,7141,-1,7151,7141,7150,-1,7150,7141,7140,-1,7215,7213,7217,-1,7217,7213,7210,-1,7217,7210,7219,-1,7219,7210,7208,-1,7219,7208,7221,-1,7221,7208,7206,-1,7221,7206,7223,-1,7223,7206,7204,-1,7223,7204,7225,-1,7225,7204,7203,-1,7225,7203,7227,-1,7227,7203,7201,-1,7227,7201,7228,-1,7228,7201,7199,-1,7228,7199,7230,-1,7230,7199,7197,-1,7230,7197,7232,-1,7232,7197,7195,-1,7232,7195,7234,-1,7234,7195,7193,-1,7234,7193,7237,-1,7237,7193,7191,-1,7237,7191,7238,-1,7238,7191,7189,-1,7238,7189,7240,-1,7240,7189,7187,-1,7240,7187,7242,-1,7242,7187,7185,-1,7242,7185,7245,-1,7245,7185,7182,-1,7245,7182,7247,-1,7247,7182,7180,-1,7247,7180,7249,-1,7249,7180,7178,-1,7249,7178,7251,-1,7251,7178,7177,-1,7251,7177,7253,-1,7253,7177,7175,-1,7253,7175,7254,-1,7254,7175,7173,-1,7254,7173,7256,-1,7256,7173,7171,-1,7256,7171,7258,-1,7258,7171,7169,-1,7258,7169,7260,-1,7260,7169,7167,-1,7260,7167,7262,-1,7262,7167,7165,-1,7262,7165,7264,-1,7264,7165,7162,-1,7264,7162,7267,-1,7267,7162,7160,-1,7267,7160,7269,-1,7269,7160,7158,-1,7269,7158,7271,-1,7271,7158,7156,-1,7271,7156,7273,-1,7273,7156,7154,-1,7273,7154,7275,-1,7275,7154,7152,-1,7275,7152,7143,-1,7143,7152,7149,-1,7143,7149,7142,-1,7142,7149,7148,-1,7150,7147,7148,-1,7148,7147,7145,-1,7140,7146,7150,-1,7150,7146,7147,-1,7144,7142,7145,-1,7145,7142,7148,-1,7142,7144,7140,-1,7140,7144,7146,-1,7276,7277,7278,-1,7278,7277,7279,-1,7280,7281,7282,-1,7282,7281,7283,-1,7284,7285,7286,-1,7286,7285,7287,-1,7287,7285,7288,-1,7287,7288,7289,-1,7289,7288,7290,-1,7289,7290,7291,-1,7291,7290,7292,-1,7291,7292,7293,-1,7293,7292,7294,-1,7293,7294,7295,-1,7295,7294,7296,-1,7295,7296,7297,-1,7297,7296,7298,-1,7297,7298,7299,-1,7299,7298,7300,-1,7300,7298,7301,-1,7300,7301,7302,-1,7302,7301,7303,-1,7302,7303,7304,-1,7304,7303,7305,-1,7304,7305,7306,-1,7306,7305,7307,-1,7306,7307,7308,-1,7308,7307,7309,-1,7308,7309,7310,-1,7310,7309,7311,-1,7312,7310,7313,-1,7313,7310,7311,-1,7312,7313,7314,-1,7312,7314,7315,-1,7315,7314,7316,-1,7315,7316,7317,-1,7317,7316,7318,-1,7317,7318,7319,-1,7320,7319,7321,-1,7321,7319,7318,-1,7320,7321,7322,-1,7322,7321,7323,-1,7322,7323,7324,-1,7324,7323,7325,-1,7324,7325,7326,-1,7326,7325,7327,-1,7328,7326,7329,-1,7329,7326,7327,-1,7328,7329,7330,-1,7330,7329,7331,-1,7330,7331,7332,-1,7332,7331,7333,-1,7332,7333,7334,-1,7334,7333,7335,-1,7334,7335,7336,-1,7336,7335,7337,-1,7338,7336,7339,-1,7339,7336,7337,-1,7338,7339,7340,-1,7338,7340,7341,-1,7341,7340,7342,-1,7341,7342,7343,-1,7343,7342,7344,-1,7343,7344,7345,-1,7345,7344,7346,-1,7345,7346,7347,-1,7348,7347,7349,-1,7349,7347,7346,-1,7350,7348,7351,-1,7351,7348,7349,-1,7352,7350,7353,-1,7353,7350,7351,-1,7352,7353,7354,-1,7354,7353,7355,-1,7354,7355,7356,-1,7356,7355,7357,-1,7356,7357,7358,-1,7358,7357,7359,-1,7358,7359,7360,-1,7360,7359,7361,-1,7362,7360,7363,-1,7363,7360,7361,-1,7362,7363,7364,-1,7362,7364,7365,-1,7365,7364,7366,-1,7365,7366,7367,-1,7367,7366,7368,-1,7367,7368,7369,-1,7369,7368,7370,-1,7369,7370,7371,-1,7372,7371,7373,-1,7373,7371,7370,-1,7372,7373,7374,-1,7372,7374,7375,-1,7375,7374,7376,-1,7375,7376,7377,-1,7377,7376,7378,-1,7377,7378,7379,-1,7380,7379,7381,-1,7381,7379,7378,-1,7380,7381,7382,-1,7382,7381,7383,-1,7382,7383,7384,-1,7384,7383,7385,-1,7384,7385,7386,-1,7386,7385,7387,-1,7388,7386,7389,-1,7389,7386,7387,-1,7388,7389,7390,-1,7388,7390,7391,-1,7391,7390,7392,-1,7391,7392,7393,-1,7393,7392,7394,-1,7393,7394,7395,-1,7395,7394,7396,-1,7395,7396,7397,-1,7397,7396,7398,-1,7397,7398,7399,-1,7399,7398,7400,-1,7399,7400,7401,-1,7401,7400,7402,-1,7402,7400,7403,-1,7402,7403,7404,-1,7404,7403,7405,-1,7404,7405,7406,-1,7406,7405,7407,-1,7406,7407,7408,-1,7408,7407,7409,-1,7408,7409,7410,-1,7410,7409,7411,-1,7410,7411,7277,-1,7277,7411,7279,-1,7348,7350,7347,-1,7347,7350,7352,-1,7347,7352,7345,-1,7345,7352,7354,-1,7345,7354,7343,-1,7343,7354,7356,-1,7343,7356,7341,-1,7341,7356,7358,-1,7341,7358,7338,-1,7338,7358,7360,-1,7338,7360,7336,-1,7336,7360,7362,-1,7336,7362,7334,-1,7334,7362,7365,-1,7334,7365,7332,-1,7332,7365,7367,-1,7332,7367,7330,-1,7330,7367,7369,-1,7330,7369,7328,-1,7328,7369,7371,-1,7328,7371,7326,-1,7326,7371,7372,-1,7326,7372,7324,-1,7324,7372,7375,-1,7324,7375,7322,-1,7322,7375,7377,-1,7322,7377,7320,-1,7320,7377,7379,-1,7320,7379,7319,-1,7319,7379,7380,-1,7319,7380,7317,-1,7317,7380,7382,-1,7317,7382,7315,-1,7315,7382,7384,-1,7315,7384,7312,-1,7312,7384,7386,-1,7312,7386,7310,-1,7310,7386,7388,-1,7310,7388,7308,-1,7308,7388,7391,-1,7308,7391,7306,-1,7306,7391,7393,-1,7306,7393,7304,-1,7304,7393,7395,-1,7304,7395,7302,-1,7302,7395,7397,-1,7302,7397,7300,-1,7300,7397,7399,-1,7300,7399,7299,-1,7299,7399,7401,-1,7299,7401,7297,-1,7297,7401,7402,-1,7297,7402,7295,-1,7295,7402,7404,-1,7295,7404,7293,-1,7293,7404,7406,-1,7293,7406,7291,-1,7291,7406,7408,-1,7291,7408,7289,-1,7289,7408,7410,-1,7289,7410,7287,-1,7287,7410,7277,-1,7287,7277,7286,-1,7286,7277,7276,-1,7351,7349,7353,-1,7353,7349,7346,-1,7353,7346,7355,-1,7355,7346,7344,-1,7355,7344,7357,-1,7357,7344,7342,-1,7357,7342,7359,-1,7359,7342,7340,-1,7359,7340,7361,-1,7361,7340,7339,-1,7361,7339,7363,-1,7363,7339,7337,-1,7363,7337,7364,-1,7364,7337,7335,-1,7364,7335,7366,-1,7366,7335,7333,-1,7366,7333,7368,-1,7368,7333,7331,-1,7368,7331,7370,-1,7370,7331,7329,-1,7370,7329,7373,-1,7373,7329,7327,-1,7373,7327,7374,-1,7374,7327,7325,-1,7374,7325,7376,-1,7376,7325,7323,-1,7376,7323,7378,-1,7378,7323,7321,-1,7378,7321,7381,-1,7381,7321,7318,-1,7381,7318,7383,-1,7383,7318,7316,-1,7383,7316,7385,-1,7385,7316,7314,-1,7385,7314,7387,-1,7387,7314,7313,-1,7387,7313,7389,-1,7389,7313,7311,-1,7389,7311,7390,-1,7390,7311,7309,-1,7390,7309,7392,-1,7392,7309,7307,-1,7392,7307,7394,-1,7394,7307,7305,-1,7394,7305,7396,-1,7396,7305,7303,-1,7396,7303,7398,-1,7398,7303,7301,-1,7398,7301,7400,-1,7400,7301,7298,-1,7400,7298,7403,-1,7403,7298,7296,-1,7403,7296,7405,-1,7405,7296,7294,-1,7405,7294,7407,-1,7407,7294,7292,-1,7407,7292,7409,-1,7409,7292,7290,-1,7409,7290,7411,-1,7411,7290,7288,-1,7411,7288,7279,-1,7279,7288,7285,-1,7279,7285,7278,-1,7278,7285,7284,-1,7286,7283,7284,-1,7284,7283,7281,-1,7276,7282,7286,-1,7286,7282,7283,-1,7280,7278,7281,-1,7281,7278,7284,-1,7278,7280,7276,-1,7276,7280,7282,-1,7412,7413,7414,-1,7414,7413,7415,-1,7416,7417,7418,-1,7418,7417,7419,-1,7420,7421,7422,-1,7422,7421,7423,-1,7423,7421,7424,-1,7423,7424,7425,-1,7425,7424,7426,-1,7425,7426,7427,-1,7427,7426,7428,-1,7427,7428,7429,-1,7429,7428,7430,-1,7429,7430,7431,-1,7431,7430,7432,-1,7431,7432,7433,-1,7433,7432,7434,-1,7433,7434,7435,-1,7435,7434,7436,-1,7436,7434,7437,-1,7436,7437,7438,-1,7438,7437,7439,-1,7438,7439,7440,-1,7440,7439,7441,-1,7440,7441,7442,-1,7442,7441,7443,-1,7442,7443,7444,-1,7444,7443,7445,-1,7444,7445,7446,-1,7446,7445,7447,-1,7448,7446,7449,-1,7449,7446,7447,-1,7448,7449,7450,-1,7448,7450,7451,-1,7451,7450,7452,-1,7451,7452,7453,-1,7453,7452,7454,-1,7453,7454,7455,-1,7456,7455,7457,-1,7457,7455,7454,-1,7456,7457,7458,-1,7458,7457,7459,-1,7458,7459,7460,-1,7460,7459,7461,-1,7460,7461,7462,-1,7462,7461,7463,-1,7464,7462,7465,-1,7465,7462,7463,-1,7464,7465,7466,-1,7466,7465,7467,-1,7466,7467,7468,-1,7468,7467,7469,-1,7468,7469,7470,-1,7470,7469,7471,-1,7470,7471,7472,-1,7472,7471,7473,-1,7474,7472,7475,-1,7475,7472,7473,-1,7474,7475,7476,-1,7474,7476,7477,-1,7477,7476,7478,-1,7477,7478,7479,-1,7479,7478,7480,-1,7479,7480,7481,-1,7481,7480,7482,-1,7481,7482,7483,-1,7484,7483,7485,-1,7485,7483,7482,-1,7486,7484,7487,-1,7487,7484,7485,-1,7488,7486,7489,-1,7489,7486,7487,-1,7488,7489,7490,-1,7490,7489,7491,-1,7490,7491,7492,-1,7492,7491,7493,-1,7492,7493,7494,-1,7494,7493,7495,-1,7494,7495,7496,-1,7496,7495,7497,-1,7498,7496,7499,-1,7499,7496,7497,-1,7498,7499,7500,-1,7498,7500,7501,-1,7501,7500,7502,-1,7501,7502,7503,-1,7503,7502,7504,-1,7503,7504,7505,-1,7505,7504,7506,-1,7505,7506,7507,-1,7508,7507,7509,-1,7509,7507,7506,-1,7508,7509,7510,-1,7508,7510,7511,-1,7511,7510,7512,-1,7511,7512,7513,-1,7513,7512,7514,-1,7513,7514,7515,-1,7516,7515,7517,-1,7517,7515,7514,-1,7516,7517,7518,-1,7518,7517,7519,-1,7518,7519,7520,-1,7520,7519,7521,-1,7520,7521,7522,-1,7522,7521,7523,-1,7524,7522,7525,-1,7525,7522,7523,-1,7524,7525,7526,-1,7524,7526,7527,-1,7527,7526,7528,-1,7527,7528,7529,-1,7529,7528,7530,-1,7529,7530,7531,-1,7531,7530,7532,-1,7531,7532,7533,-1,7533,7532,7534,-1,7533,7534,7535,-1,7535,7534,7536,-1,7535,7536,7537,-1,7537,7536,7538,-1,7538,7536,7539,-1,7538,7539,7540,-1,7540,7539,7541,-1,7540,7541,7542,-1,7542,7541,7543,-1,7542,7543,7544,-1,7544,7543,7545,-1,7544,7545,7546,-1,7546,7545,7547,-1,7546,7547,7413,-1,7413,7547,7415,-1,7484,7486,7483,-1,7483,7486,7488,-1,7483,7488,7481,-1,7481,7488,7490,-1,7481,7490,7479,-1,7479,7490,7492,-1,7479,7492,7477,-1,7477,7492,7494,-1,7477,7494,7474,-1,7474,7494,7496,-1,7474,7496,7472,-1,7472,7496,7498,-1,7472,7498,7470,-1,7470,7498,7501,-1,7470,7501,7468,-1,7468,7501,7503,-1,7468,7503,7466,-1,7466,7503,7505,-1,7466,7505,7464,-1,7464,7505,7507,-1,7464,7507,7462,-1,7462,7507,7508,-1,7462,7508,7460,-1,7460,7508,7511,-1,7460,7511,7458,-1,7458,7511,7513,-1,7458,7513,7456,-1,7456,7513,7515,-1,7456,7515,7455,-1,7455,7515,7516,-1,7455,7516,7453,-1,7453,7516,7518,-1,7453,7518,7451,-1,7451,7518,7520,-1,7451,7520,7448,-1,7448,7520,7522,-1,7448,7522,7446,-1,7446,7522,7524,-1,7446,7524,7444,-1,7444,7524,7527,-1,7444,7527,7442,-1,7442,7527,7529,-1,7442,7529,7440,-1,7440,7529,7531,-1,7440,7531,7438,-1,7438,7531,7533,-1,7438,7533,7436,-1,7436,7533,7535,-1,7436,7535,7435,-1,7435,7535,7537,-1,7435,7537,7433,-1,7433,7537,7538,-1,7433,7538,7431,-1,7431,7538,7540,-1,7431,7540,7429,-1,7429,7540,7542,-1,7429,7542,7427,-1,7427,7542,7544,-1,7427,7544,7425,-1,7425,7544,7546,-1,7425,7546,7423,-1,7423,7546,7413,-1,7423,7413,7422,-1,7422,7413,7412,-1,7487,7485,7489,-1,7489,7485,7482,-1,7489,7482,7491,-1,7491,7482,7480,-1,7491,7480,7493,-1,7493,7480,7478,-1,7493,7478,7495,-1,7495,7478,7476,-1,7495,7476,7497,-1,7497,7476,7475,-1,7497,7475,7499,-1,7499,7475,7473,-1,7499,7473,7500,-1,7500,7473,7471,-1,7500,7471,7502,-1,7502,7471,7469,-1,7502,7469,7504,-1,7504,7469,7467,-1,7504,7467,7506,-1,7506,7467,7465,-1,7506,7465,7509,-1,7509,7465,7463,-1,7509,7463,7510,-1,7510,7463,7461,-1,7510,7461,7512,-1,7512,7461,7459,-1,7512,7459,7514,-1,7514,7459,7457,-1,7514,7457,7517,-1,7517,7457,7454,-1,7517,7454,7519,-1,7519,7454,7452,-1,7519,7452,7521,-1,7521,7452,7450,-1,7521,7450,7523,-1,7523,7450,7449,-1,7523,7449,7525,-1,7525,7449,7447,-1,7525,7447,7526,-1,7526,7447,7445,-1,7526,7445,7528,-1,7528,7445,7443,-1,7528,7443,7530,-1,7530,7443,7441,-1,7530,7441,7532,-1,7532,7441,7439,-1,7532,7439,7534,-1,7534,7439,7437,-1,7534,7437,7536,-1,7536,7437,7434,-1,7536,7434,7539,-1,7539,7434,7432,-1,7539,7432,7541,-1,7541,7432,7430,-1,7541,7430,7543,-1,7543,7430,7428,-1,7543,7428,7545,-1,7545,7428,7426,-1,7545,7426,7547,-1,7547,7426,7424,-1,7547,7424,7415,-1,7415,7424,7421,-1,7415,7421,7414,-1,7414,7421,7420,-1,7422,7419,7420,-1,7420,7419,7417,-1,7412,7418,7422,-1,7422,7418,7419,-1,7416,7414,7417,-1,7417,7414,7420,-1,7414,7416,7412,-1,7412,7416,7418,-1,7548,7549,7550,-1,7550,7549,7551,-1,7552,7553,7554,-1,7554,7553,7555,-1,7556,7557,7558,-1,7558,7557,7559,-1,7559,7557,7560,-1,7559,7560,7561,-1,7561,7560,7562,-1,7561,7562,7563,-1,7563,7562,7564,-1,7563,7564,7565,-1,7565,7564,7566,-1,7565,7566,7567,-1,7567,7566,7568,-1,7567,7568,7569,-1,7569,7568,7570,-1,7569,7570,7571,-1,7571,7570,7572,-1,7572,7570,7573,-1,7572,7573,7574,-1,7574,7573,7575,-1,7574,7575,7576,-1,7576,7575,7577,-1,7576,7577,7578,-1,7578,7577,7579,-1,7578,7579,7580,-1,7580,7579,7581,-1,7580,7581,7582,-1,7582,7581,7583,-1,7584,7582,7585,-1,7585,7582,7583,-1,7584,7585,7586,-1,7584,7586,7587,-1,7587,7586,7588,-1,7587,7588,7589,-1,7589,7588,7590,-1,7589,7590,7591,-1,7592,7591,7593,-1,7593,7591,7590,-1,7592,7593,7594,-1,7594,7593,7595,-1,7594,7595,7596,-1,7596,7595,7597,-1,7596,7597,7598,-1,7598,7597,7599,-1,7600,7598,7601,-1,7601,7598,7599,-1,7600,7601,7602,-1,7602,7601,7603,-1,7602,7603,7604,-1,7604,7603,7605,-1,7604,7605,7606,-1,7606,7605,7607,-1,7606,7607,7608,-1,7608,7607,7609,-1,7610,7608,7611,-1,7611,7608,7609,-1,7610,7611,7612,-1,7610,7612,7613,-1,7613,7612,7614,-1,7613,7614,7615,-1,7615,7614,7616,-1,7615,7616,7617,-1,7617,7616,7618,-1,7617,7618,7619,-1,7620,7619,7621,-1,7621,7619,7618,-1,7622,7620,7623,-1,7623,7620,7621,-1,7624,7622,7625,-1,7625,7622,7623,-1,7624,7625,7626,-1,7626,7625,7627,-1,7626,7627,7628,-1,7628,7627,7629,-1,7628,7629,7630,-1,7630,7629,7631,-1,7630,7631,7632,-1,7632,7631,7633,-1,7634,7632,7635,-1,7635,7632,7633,-1,7634,7635,7636,-1,7634,7636,7637,-1,7637,7636,7638,-1,7637,7638,7639,-1,7639,7638,7640,-1,7639,7640,7641,-1,7641,7640,7642,-1,7641,7642,7643,-1,7644,7643,7645,-1,7645,7643,7642,-1,7644,7645,7646,-1,7644,7646,7647,-1,7647,7646,7648,-1,7647,7648,7649,-1,7649,7648,7650,-1,7649,7650,7651,-1,7652,7651,7653,-1,7653,7651,7650,-1,7652,7653,7654,-1,7654,7653,7655,-1,7654,7655,7656,-1,7656,7655,7657,-1,7656,7657,7658,-1,7658,7657,7659,-1,7660,7658,7661,-1,7661,7658,7659,-1,7660,7661,7662,-1,7660,7662,7663,-1,7663,7662,7664,-1,7663,7664,7665,-1,7665,7664,7666,-1,7665,7666,7667,-1,7667,7666,7668,-1,7667,7668,7669,-1,7669,7668,7670,-1,7669,7670,7671,-1,7671,7670,7672,-1,7671,7672,7673,-1,7673,7672,7674,-1,7674,7672,7675,-1,7674,7675,7676,-1,7676,7675,7677,-1,7676,7677,7678,-1,7678,7677,7679,-1,7678,7679,7680,-1,7680,7679,7681,-1,7680,7681,7682,-1,7682,7681,7683,-1,7682,7683,7549,-1,7549,7683,7551,-1,7620,7622,7619,-1,7619,7622,7624,-1,7619,7624,7617,-1,7617,7624,7626,-1,7617,7626,7615,-1,7615,7626,7628,-1,7615,7628,7613,-1,7613,7628,7630,-1,7613,7630,7610,-1,7610,7630,7632,-1,7610,7632,7608,-1,7608,7632,7634,-1,7608,7634,7606,-1,7606,7634,7637,-1,7606,7637,7604,-1,7604,7637,7639,-1,7604,7639,7602,-1,7602,7639,7641,-1,7602,7641,7600,-1,7600,7641,7643,-1,7600,7643,7598,-1,7598,7643,7644,-1,7598,7644,7596,-1,7596,7644,7647,-1,7596,7647,7594,-1,7594,7647,7649,-1,7594,7649,7592,-1,7592,7649,7651,-1,7592,7651,7591,-1,7591,7651,7652,-1,7591,7652,7589,-1,7589,7652,7654,-1,7589,7654,7587,-1,7587,7654,7656,-1,7587,7656,7584,-1,7584,7656,7658,-1,7584,7658,7582,-1,7582,7658,7660,-1,7582,7660,7580,-1,7580,7660,7663,-1,7580,7663,7578,-1,7578,7663,7665,-1,7578,7665,7576,-1,7576,7665,7667,-1,7576,7667,7574,-1,7574,7667,7669,-1,7574,7669,7572,-1,7572,7669,7671,-1,7572,7671,7571,-1,7571,7671,7673,-1,7571,7673,7569,-1,7569,7673,7674,-1,7569,7674,7567,-1,7567,7674,7676,-1,7567,7676,7565,-1,7565,7676,7678,-1,7565,7678,7563,-1,7563,7678,7680,-1,7563,7680,7561,-1,7561,7680,7682,-1,7561,7682,7559,-1,7559,7682,7549,-1,7559,7549,7558,-1,7558,7549,7548,-1,7623,7621,7625,-1,7625,7621,7618,-1,7625,7618,7627,-1,7627,7618,7616,-1,7627,7616,7629,-1,7629,7616,7614,-1,7629,7614,7631,-1,7631,7614,7612,-1,7631,7612,7633,-1,7633,7612,7611,-1,7633,7611,7635,-1,7635,7611,7609,-1,7635,7609,7636,-1,7636,7609,7607,-1,7636,7607,7638,-1,7638,7607,7605,-1,7638,7605,7640,-1,7640,7605,7603,-1,7640,7603,7642,-1,7642,7603,7601,-1,7642,7601,7645,-1,7645,7601,7599,-1,7645,7599,7646,-1,7646,7599,7597,-1,7646,7597,7648,-1,7648,7597,7595,-1,7648,7595,7650,-1,7650,7595,7593,-1,7650,7593,7653,-1,7653,7593,7590,-1,7653,7590,7655,-1,7655,7590,7588,-1,7655,7588,7657,-1,7657,7588,7586,-1,7657,7586,7659,-1,7659,7586,7585,-1,7659,7585,7661,-1,7661,7585,7583,-1,7661,7583,7662,-1,7662,7583,7581,-1,7662,7581,7664,-1,7664,7581,7579,-1,7664,7579,7666,-1,7666,7579,7577,-1,7666,7577,7668,-1,7668,7577,7575,-1,7668,7575,7670,-1,7670,7575,7573,-1,7670,7573,7672,-1,7672,7573,7570,-1,7672,7570,7675,-1,7675,7570,7568,-1,7675,7568,7677,-1,7677,7568,7566,-1,7677,7566,7679,-1,7679,7566,7564,-1,7679,7564,7681,-1,7681,7564,7562,-1,7681,7562,7683,-1,7683,7562,7560,-1,7683,7560,7551,-1,7551,7560,7557,-1,7551,7557,7550,-1,7550,7557,7556,-1,7558,7555,7556,-1,7556,7555,7553,-1,7548,7554,7558,-1,7558,7554,7555,-1,7552,7550,7553,-1,7553,7550,7556,-1,7550,7552,7548,-1,7548,7552,7554,-1,7684,7685,7686,-1,7686,7685,7687,-1,7688,7689,7690,-1,7690,7689,7691,-1,7692,7693,7694,-1,7694,7693,7695,-1,7695,7693,7696,-1,7695,7696,7697,-1,7697,7696,7698,-1,7697,7698,7699,-1,7699,7698,7700,-1,7699,7700,7701,-1,7701,7700,7702,-1,7701,7702,7703,-1,7703,7702,7704,-1,7703,7704,7705,-1,7705,7704,7706,-1,7705,7706,7707,-1,7707,7706,7708,-1,7708,7706,7709,-1,7708,7709,7710,-1,7710,7709,7711,-1,7710,7711,7712,-1,7712,7711,7713,-1,7712,7713,7714,-1,7714,7713,7715,-1,7714,7715,7716,-1,7716,7715,7717,-1,7716,7717,7718,-1,7718,7717,7719,-1,7720,7718,7721,-1,7721,7718,7719,-1,7720,7721,7722,-1,7720,7722,7723,-1,7723,7722,7724,-1,7723,7724,7725,-1,7725,7724,7726,-1,7725,7726,7727,-1,7728,7727,7729,-1,7729,7727,7726,-1,7728,7729,7730,-1,7730,7729,7731,-1,7730,7731,7732,-1,7732,7731,7733,-1,7732,7733,7734,-1,7734,7733,7735,-1,7736,7734,7737,-1,7737,7734,7735,-1,7736,7737,7738,-1,7738,7737,7739,-1,7738,7739,7740,-1,7740,7739,7741,-1,7740,7741,7742,-1,7742,7741,7743,-1,7742,7743,7744,-1,7744,7743,7745,-1,7746,7744,7747,-1,7747,7744,7745,-1,7746,7747,7748,-1,7746,7748,7749,-1,7749,7748,7750,-1,7749,7750,7751,-1,7751,7750,7752,-1,7751,7752,7753,-1,7753,7752,7754,-1,7753,7754,7755,-1,7756,7755,7757,-1,7757,7755,7754,-1,7758,7756,7759,-1,7759,7756,7757,-1,7760,7758,7761,-1,7761,7758,7759,-1,7760,7761,7762,-1,7762,7761,7763,-1,7762,7763,7764,-1,7764,7763,7765,-1,7764,7765,7766,-1,7766,7765,7767,-1,7766,7767,7768,-1,7768,7767,7769,-1,7770,7768,7771,-1,7771,7768,7769,-1,7770,7771,7772,-1,7770,7772,7773,-1,7773,7772,7774,-1,7773,7774,7775,-1,7775,7774,7776,-1,7775,7776,7777,-1,7777,7776,7778,-1,7777,7778,7779,-1,7780,7779,7781,-1,7781,7779,7778,-1,7780,7781,7782,-1,7780,7782,7783,-1,7783,7782,7784,-1,7783,7784,7785,-1,7785,7784,7786,-1,7785,7786,7787,-1,7788,7787,7789,-1,7789,7787,7786,-1,7788,7789,7790,-1,7790,7789,7791,-1,7790,7791,7792,-1,7792,7791,7793,-1,7792,7793,7794,-1,7794,7793,7795,-1,7796,7794,7797,-1,7797,7794,7795,-1,7796,7797,7798,-1,7796,7798,7799,-1,7799,7798,7800,-1,7799,7800,7801,-1,7801,7800,7802,-1,7801,7802,7803,-1,7803,7802,7804,-1,7803,7804,7805,-1,7805,7804,7806,-1,7805,7806,7807,-1,7807,7806,7808,-1,7807,7808,7809,-1,7809,7808,7810,-1,7810,7808,7811,-1,7810,7811,7812,-1,7812,7811,7813,-1,7812,7813,7814,-1,7814,7813,7815,-1,7814,7815,7816,-1,7816,7815,7817,-1,7816,7817,7818,-1,7818,7817,7819,-1,7818,7819,7685,-1,7685,7819,7687,-1,7756,7758,7755,-1,7755,7758,7760,-1,7755,7760,7753,-1,7753,7760,7762,-1,7753,7762,7751,-1,7751,7762,7764,-1,7751,7764,7749,-1,7749,7764,7766,-1,7749,7766,7746,-1,7746,7766,7768,-1,7746,7768,7744,-1,7744,7768,7770,-1,7744,7770,7742,-1,7742,7770,7773,-1,7742,7773,7740,-1,7740,7773,7775,-1,7740,7775,7738,-1,7738,7775,7777,-1,7738,7777,7736,-1,7736,7777,7779,-1,7736,7779,7734,-1,7734,7779,7780,-1,7734,7780,7732,-1,7732,7780,7783,-1,7732,7783,7730,-1,7730,7783,7785,-1,7730,7785,7728,-1,7728,7785,7787,-1,7728,7787,7727,-1,7727,7787,7788,-1,7727,7788,7725,-1,7725,7788,7790,-1,7725,7790,7723,-1,7723,7790,7792,-1,7723,7792,7720,-1,7720,7792,7794,-1,7720,7794,7718,-1,7718,7794,7796,-1,7718,7796,7716,-1,7716,7796,7799,-1,7716,7799,7714,-1,7714,7799,7801,-1,7714,7801,7712,-1,7712,7801,7803,-1,7712,7803,7710,-1,7710,7803,7805,-1,7710,7805,7708,-1,7708,7805,7807,-1,7708,7807,7707,-1,7707,7807,7809,-1,7707,7809,7705,-1,7705,7809,7810,-1,7705,7810,7703,-1,7703,7810,7812,-1,7703,7812,7701,-1,7701,7812,7814,-1,7701,7814,7699,-1,7699,7814,7816,-1,7699,7816,7697,-1,7697,7816,7818,-1,7697,7818,7695,-1,7695,7818,7685,-1,7695,7685,7694,-1,7694,7685,7684,-1,7759,7757,7761,-1,7761,7757,7754,-1,7761,7754,7763,-1,7763,7754,7752,-1,7763,7752,7765,-1,7765,7752,7750,-1,7765,7750,7767,-1,7767,7750,7748,-1,7767,7748,7769,-1,7769,7748,7747,-1,7769,7747,7771,-1,7771,7747,7745,-1,7771,7745,7772,-1,7772,7745,7743,-1,7772,7743,7774,-1,7774,7743,7741,-1,7774,7741,7776,-1,7776,7741,7739,-1,7776,7739,7778,-1,7778,7739,7737,-1,7778,7737,7781,-1,7781,7737,7735,-1,7781,7735,7782,-1,7782,7735,7733,-1,7782,7733,7784,-1,7784,7733,7731,-1,7784,7731,7786,-1,7786,7731,7729,-1,7786,7729,7789,-1,7789,7729,7726,-1,7789,7726,7791,-1,7791,7726,7724,-1,7791,7724,7793,-1,7793,7724,7722,-1,7793,7722,7795,-1,7795,7722,7721,-1,7795,7721,7797,-1,7797,7721,7719,-1,7797,7719,7798,-1,7798,7719,7717,-1,7798,7717,7800,-1,7800,7717,7715,-1,7800,7715,7802,-1,7802,7715,7713,-1,7802,7713,7804,-1,7804,7713,7711,-1,7804,7711,7806,-1,7806,7711,7709,-1,7806,7709,7808,-1,7808,7709,7706,-1,7808,7706,7811,-1,7811,7706,7704,-1,7811,7704,7813,-1,7813,7704,7702,-1,7813,7702,7815,-1,7815,7702,7700,-1,7815,7700,7817,-1,7817,7700,7698,-1,7817,7698,7819,-1,7819,7698,7696,-1,7819,7696,7687,-1,7687,7696,7693,-1,7687,7693,7686,-1,7686,7693,7692,-1,7694,7691,7692,-1,7692,7691,7689,-1,7684,7690,7694,-1,7694,7690,7691,-1,7688,7686,7689,-1,7689,7686,7692,-1,7686,7688,7684,-1,7684,7688,7690,-1,7820,7821,7822,-1,7822,7821,7823,-1,7824,7825,7826,-1,7826,7825,7827,-1,7828,7829,7830,-1,7830,7829,7831,-1,7831,7829,7832,-1,7831,7832,7833,-1,7833,7832,7834,-1,7833,7834,7835,-1,7835,7834,7836,-1,7835,7836,7837,-1,7837,7836,7838,-1,7837,7838,7839,-1,7839,7838,7840,-1,7839,7840,7841,-1,7841,7840,7842,-1,7841,7842,7843,-1,7843,7842,7844,-1,7844,7842,7845,-1,7844,7845,7846,-1,7846,7845,7847,-1,7846,7847,7848,-1,7848,7847,7849,-1,7848,7849,7850,-1,7850,7849,7851,-1,7850,7851,7852,-1,7852,7851,7853,-1,7852,7853,7854,-1,7854,7853,7855,-1,7856,7854,7857,-1,7857,7854,7855,-1,7856,7857,7858,-1,7856,7858,7859,-1,7859,7858,7860,-1,7859,7860,7861,-1,7861,7860,7862,-1,7861,7862,7863,-1,7864,7863,7865,-1,7865,7863,7862,-1,7864,7865,7866,-1,7866,7865,7867,-1,7866,7867,7868,-1,7868,7867,7869,-1,7868,7869,7870,-1,7870,7869,7871,-1,7872,7870,7873,-1,7873,7870,7871,-1,7872,7873,7874,-1,7874,7873,7875,-1,7874,7875,7876,-1,7876,7875,7877,-1,7876,7877,7878,-1,7878,7877,7879,-1,7878,7879,7880,-1,7880,7879,7881,-1,7882,7880,7883,-1,7883,7880,7881,-1,7882,7883,7884,-1,7882,7884,7885,-1,7885,7884,7886,-1,7885,7886,7887,-1,7887,7886,7888,-1,7887,7888,7889,-1,7889,7888,7890,-1,7889,7890,7891,-1,7892,7891,7893,-1,7893,7891,7890,-1,7894,7892,7895,-1,7895,7892,7893,-1,7896,7894,7897,-1,7897,7894,7895,-1,7896,7897,7898,-1,7898,7897,7899,-1,7898,7899,7900,-1,7900,7899,7901,-1,7900,7901,7902,-1,7902,7901,7903,-1,7902,7903,7904,-1,7904,7903,7905,-1,7906,7904,7907,-1,7907,7904,7905,-1,7906,7907,7908,-1,7906,7908,7909,-1,7909,7908,7910,-1,7909,7910,7911,-1,7911,7910,7912,-1,7911,7912,7913,-1,7913,7912,7914,-1,7913,7914,7915,-1,7916,7915,7917,-1,7917,7915,7914,-1,7916,7917,7918,-1,7916,7918,7919,-1,7919,7918,7920,-1,7919,7920,7921,-1,7921,7920,7922,-1,7921,7922,7923,-1,7924,7923,7925,-1,7925,7923,7922,-1,7924,7925,7926,-1,7926,7925,7927,-1,7926,7927,7928,-1,7928,7927,7929,-1,7928,7929,7930,-1,7930,7929,7931,-1,7932,7930,7933,-1,7933,7930,7931,-1,7932,7933,7934,-1,7932,7934,7935,-1,7935,7934,7936,-1,7935,7936,7937,-1,7937,7936,7938,-1,7937,7938,7939,-1,7939,7938,7940,-1,7939,7940,7941,-1,7941,7940,7942,-1,7941,7942,7943,-1,7943,7942,7944,-1,7943,7944,7945,-1,7945,7944,7946,-1,7946,7944,7947,-1,7946,7947,7948,-1,7948,7947,7949,-1,7948,7949,7950,-1,7950,7949,7951,-1,7950,7951,7952,-1,7952,7951,7953,-1,7952,7953,7954,-1,7954,7953,7955,-1,7954,7955,7821,-1,7821,7955,7823,-1,7892,7894,7891,-1,7891,7894,7896,-1,7891,7896,7889,-1,7889,7896,7898,-1,7889,7898,7887,-1,7887,7898,7900,-1,7887,7900,7885,-1,7885,7900,7902,-1,7885,7902,7882,-1,7882,7902,7904,-1,7882,7904,7880,-1,7880,7904,7906,-1,7880,7906,7878,-1,7878,7906,7909,-1,7878,7909,7876,-1,7876,7909,7911,-1,7876,7911,7874,-1,7874,7911,7913,-1,7874,7913,7872,-1,7872,7913,7915,-1,7872,7915,7870,-1,7870,7915,7916,-1,7870,7916,7868,-1,7868,7916,7919,-1,7868,7919,7866,-1,7866,7919,7921,-1,7866,7921,7864,-1,7864,7921,7923,-1,7864,7923,7863,-1,7863,7923,7924,-1,7863,7924,7861,-1,7861,7924,7926,-1,7861,7926,7859,-1,7859,7926,7928,-1,7859,7928,7856,-1,7856,7928,7930,-1,7856,7930,7854,-1,7854,7930,7932,-1,7854,7932,7852,-1,7852,7932,7935,-1,7852,7935,7850,-1,7850,7935,7937,-1,7850,7937,7848,-1,7848,7937,7939,-1,7848,7939,7846,-1,7846,7939,7941,-1,7846,7941,7844,-1,7844,7941,7943,-1,7844,7943,7843,-1,7843,7943,7945,-1,7843,7945,7841,-1,7841,7945,7946,-1,7841,7946,7839,-1,7839,7946,7948,-1,7839,7948,7837,-1,7837,7948,7950,-1,7837,7950,7835,-1,7835,7950,7952,-1,7835,7952,7833,-1,7833,7952,7954,-1,7833,7954,7831,-1,7831,7954,7821,-1,7831,7821,7830,-1,7830,7821,7820,-1,7895,7893,7897,-1,7897,7893,7890,-1,7897,7890,7899,-1,7899,7890,7888,-1,7899,7888,7901,-1,7901,7888,7886,-1,7901,7886,7903,-1,7903,7886,7884,-1,7903,7884,7905,-1,7905,7884,7883,-1,7905,7883,7907,-1,7907,7883,7881,-1,7907,7881,7908,-1,7908,7881,7879,-1,7908,7879,7910,-1,7910,7879,7877,-1,7910,7877,7912,-1,7912,7877,7875,-1,7912,7875,7914,-1,7914,7875,7873,-1,7914,7873,7917,-1,7917,7873,7871,-1,7917,7871,7918,-1,7918,7871,7869,-1,7918,7869,7920,-1,7920,7869,7867,-1,7920,7867,7922,-1,7922,7867,7865,-1,7922,7865,7925,-1,7925,7865,7862,-1,7925,7862,7927,-1,7927,7862,7860,-1,7927,7860,7929,-1,7929,7860,7858,-1,7929,7858,7931,-1,7931,7858,7857,-1,7931,7857,7933,-1,7933,7857,7855,-1,7933,7855,7934,-1,7934,7855,7853,-1,7934,7853,7936,-1,7936,7853,7851,-1,7936,7851,7938,-1,7938,7851,7849,-1,7938,7849,7940,-1,7940,7849,7847,-1,7940,7847,7942,-1,7942,7847,7845,-1,7942,7845,7944,-1,7944,7845,7842,-1,7944,7842,7947,-1,7947,7842,7840,-1,7947,7840,7949,-1,7949,7840,7838,-1,7949,7838,7951,-1,7951,7838,7836,-1,7951,7836,7953,-1,7953,7836,7834,-1,7953,7834,7955,-1,7955,7834,7832,-1,7955,7832,7823,-1,7823,7832,7829,-1,7823,7829,7822,-1,7822,7829,7828,-1,7830,7827,7828,-1,7828,7827,7825,-1,7820,7826,7830,-1,7830,7826,7827,-1,7824,7822,7825,-1,7825,7822,7828,-1,7822,7824,7820,-1,7820,7824,7826,-1,7956,7957,7958,-1,7958,7957,7959,-1,7960,7961,7962,-1,7962,7961,7963,-1,7964,7965,7966,-1,7966,7965,7967,-1,7967,7965,7968,-1,7967,7968,7969,-1,7969,7968,7970,-1,7969,7970,7971,-1,7971,7970,7972,-1,7971,7972,7973,-1,7973,7972,7974,-1,7973,7974,7975,-1,7975,7974,7976,-1,7975,7976,7977,-1,7977,7976,7978,-1,7977,7978,7979,-1,7979,7978,7980,-1,7980,7978,7981,-1,7980,7981,7982,-1,7982,7981,7983,-1,7982,7983,7984,-1,7984,7983,7985,-1,7984,7985,7986,-1,7986,7985,7987,-1,7986,7987,7988,-1,7988,7987,7989,-1,7988,7989,7990,-1,7990,7989,7991,-1,7992,7990,7993,-1,7993,7990,7991,-1,7992,7993,7994,-1,7992,7994,7995,-1,7995,7994,7996,-1,7995,7996,7997,-1,7997,7996,7998,-1,7997,7998,7999,-1,8000,7999,8001,-1,8001,7999,7998,-1,8000,8001,8002,-1,8002,8001,8003,-1,8002,8003,8004,-1,8004,8003,8005,-1,8004,8005,8006,-1,8006,8005,8007,-1,8008,8006,8009,-1,8009,8006,8007,-1,8008,8009,8010,-1,8010,8009,8011,-1,8010,8011,8012,-1,8012,8011,8013,-1,8012,8013,8014,-1,8014,8013,8015,-1,8014,8015,8016,-1,8016,8015,8017,-1,8018,8016,8019,-1,8019,8016,8017,-1,8018,8019,8020,-1,8018,8020,8021,-1,8021,8020,8022,-1,8021,8022,8023,-1,8023,8022,8024,-1,8023,8024,8025,-1,8025,8024,8026,-1,8025,8026,8027,-1,8028,8027,8029,-1,8029,8027,8026,-1,8030,8028,8031,-1,8031,8028,8029,-1,8032,8030,8033,-1,8033,8030,8031,-1,8032,8033,8034,-1,8034,8033,8035,-1,8034,8035,8036,-1,8036,8035,8037,-1,8036,8037,8038,-1,8038,8037,8039,-1,8038,8039,8040,-1,8040,8039,8041,-1,8042,8040,8043,-1,8043,8040,8041,-1,8042,8043,8044,-1,8042,8044,8045,-1,8045,8044,8046,-1,8045,8046,8047,-1,8047,8046,8048,-1,8047,8048,8049,-1,8049,8048,8050,-1,8049,8050,8051,-1,8052,8051,8053,-1,8053,8051,8050,-1,8052,8053,8054,-1,8052,8054,8055,-1,8055,8054,8056,-1,8055,8056,8057,-1,8057,8056,8058,-1,8057,8058,8059,-1,8060,8059,8061,-1,8061,8059,8058,-1,8060,8061,8062,-1,8062,8061,8063,-1,8062,8063,8064,-1,8064,8063,8065,-1,8064,8065,8066,-1,8066,8065,8067,-1,8068,8066,8069,-1,8069,8066,8067,-1,8068,8069,8070,-1,8068,8070,8071,-1,8071,8070,8072,-1,8071,8072,8073,-1,8073,8072,8074,-1,8073,8074,8075,-1,8075,8074,8076,-1,8075,8076,8077,-1,8077,8076,8078,-1,8077,8078,8079,-1,8079,8078,8080,-1,8079,8080,8081,-1,8081,8080,8082,-1,8082,8080,8083,-1,8082,8083,8084,-1,8084,8083,8085,-1,8084,8085,8086,-1,8086,8085,8087,-1,8086,8087,8088,-1,8088,8087,8089,-1,8088,8089,8090,-1,8090,8089,8091,-1,8090,8091,7957,-1,7957,8091,7959,-1,8028,8030,8027,-1,8027,8030,8032,-1,8027,8032,8025,-1,8025,8032,8034,-1,8025,8034,8023,-1,8023,8034,8036,-1,8023,8036,8021,-1,8021,8036,8038,-1,8021,8038,8018,-1,8018,8038,8040,-1,8018,8040,8016,-1,8016,8040,8042,-1,8016,8042,8014,-1,8014,8042,8045,-1,8014,8045,8012,-1,8012,8045,8047,-1,8012,8047,8010,-1,8010,8047,8049,-1,8010,8049,8008,-1,8008,8049,8051,-1,8008,8051,8006,-1,8006,8051,8052,-1,8006,8052,8004,-1,8004,8052,8055,-1,8004,8055,8002,-1,8002,8055,8057,-1,8002,8057,8000,-1,8000,8057,8059,-1,8000,8059,7999,-1,7999,8059,8060,-1,7999,8060,7997,-1,7997,8060,8062,-1,7997,8062,7995,-1,7995,8062,8064,-1,7995,8064,7992,-1,7992,8064,8066,-1,7992,8066,7990,-1,7990,8066,8068,-1,7990,8068,7988,-1,7988,8068,8071,-1,7988,8071,7986,-1,7986,8071,8073,-1,7986,8073,7984,-1,7984,8073,8075,-1,7984,8075,7982,-1,7982,8075,8077,-1,7982,8077,7980,-1,7980,8077,8079,-1,7980,8079,7979,-1,7979,8079,8081,-1,7979,8081,7977,-1,7977,8081,8082,-1,7977,8082,7975,-1,7975,8082,8084,-1,7975,8084,7973,-1,7973,8084,8086,-1,7973,8086,7971,-1,7971,8086,8088,-1,7971,8088,7969,-1,7969,8088,8090,-1,7969,8090,7967,-1,7967,8090,7957,-1,7967,7957,7966,-1,7966,7957,7956,-1,8031,8029,8033,-1,8033,8029,8026,-1,8033,8026,8035,-1,8035,8026,8024,-1,8035,8024,8037,-1,8037,8024,8022,-1,8037,8022,8039,-1,8039,8022,8020,-1,8039,8020,8041,-1,8041,8020,8019,-1,8041,8019,8043,-1,8043,8019,8017,-1,8043,8017,8044,-1,8044,8017,8015,-1,8044,8015,8046,-1,8046,8015,8013,-1,8046,8013,8048,-1,8048,8013,8011,-1,8048,8011,8050,-1,8050,8011,8009,-1,8050,8009,8053,-1,8053,8009,8007,-1,8053,8007,8054,-1,8054,8007,8005,-1,8054,8005,8056,-1,8056,8005,8003,-1,8056,8003,8058,-1,8058,8003,8001,-1,8058,8001,8061,-1,8061,8001,7998,-1,8061,7998,8063,-1,8063,7998,7996,-1,8063,7996,8065,-1,8065,7996,7994,-1,8065,7994,8067,-1,8067,7994,7993,-1,8067,7993,8069,-1,8069,7993,7991,-1,8069,7991,8070,-1,8070,7991,7989,-1,8070,7989,8072,-1,8072,7989,7987,-1,8072,7987,8074,-1,8074,7987,7985,-1,8074,7985,8076,-1,8076,7985,7983,-1,8076,7983,8078,-1,8078,7983,7981,-1,8078,7981,8080,-1,8080,7981,7978,-1,8080,7978,8083,-1,8083,7978,7976,-1,8083,7976,8085,-1,8085,7976,7974,-1,8085,7974,8087,-1,8087,7974,7972,-1,8087,7972,8089,-1,8089,7972,7970,-1,8089,7970,8091,-1,8091,7970,7968,-1,8091,7968,7959,-1,7959,7968,7965,-1,7959,7965,7958,-1,7958,7965,7964,-1,7966,7963,7964,-1,7964,7963,7961,-1,7956,7962,7966,-1,7966,7962,7963,-1,7960,7958,7961,-1,7961,7958,7964,-1,7958,7960,7956,-1,7956,7960,7962,-1,8092,8093,8094,-1,8094,8093,8095,-1,8096,8097,8098,-1,8098,8097,8099,-1,8100,8101,8102,-1,8102,8101,8103,-1,8103,8101,8104,-1,8103,8104,8105,-1,8105,8104,8106,-1,8105,8106,8107,-1,8107,8106,8108,-1,8107,8108,8109,-1,8109,8108,8110,-1,8109,8110,8111,-1,8111,8110,8112,-1,8111,8112,8113,-1,8113,8112,8114,-1,8113,8114,8115,-1,8115,8114,8116,-1,8116,8114,8117,-1,8116,8117,8118,-1,8118,8117,8119,-1,8118,8119,8120,-1,8120,8119,8121,-1,8120,8121,8122,-1,8122,8121,8123,-1,8122,8123,8124,-1,8124,8123,8125,-1,8124,8125,8126,-1,8126,8125,8127,-1,8128,8126,8129,-1,8129,8126,8127,-1,8128,8129,8130,-1,8128,8130,8131,-1,8131,8130,8132,-1,8131,8132,8133,-1,8133,8132,8134,-1,8133,8134,8135,-1,8136,8135,8137,-1,8137,8135,8134,-1,8136,8137,8138,-1,8138,8137,8139,-1,8138,8139,8140,-1,8140,8139,8141,-1,8140,8141,8142,-1,8142,8141,8143,-1,8144,8142,8145,-1,8145,8142,8143,-1,8144,8145,8146,-1,8146,8145,8147,-1,8146,8147,8148,-1,8148,8147,8149,-1,8148,8149,8150,-1,8150,8149,8151,-1,8150,8151,8152,-1,8152,8151,8153,-1,8154,8152,8155,-1,8155,8152,8153,-1,8154,8155,8156,-1,8154,8156,8157,-1,8157,8156,8158,-1,8157,8158,8159,-1,8159,8158,8160,-1,8159,8160,8161,-1,8161,8160,8162,-1,8161,8162,8163,-1,8164,8163,8165,-1,8165,8163,8162,-1,8166,8164,8167,-1,8167,8164,8165,-1,8168,8166,8169,-1,8169,8166,8167,-1,8168,8169,8170,-1,8170,8169,8171,-1,8170,8171,8172,-1,8172,8171,8173,-1,8172,8173,8174,-1,8174,8173,8175,-1,8174,8175,8176,-1,8176,8175,8177,-1,8178,8176,8179,-1,8179,8176,8177,-1,8178,8179,8180,-1,8178,8180,8181,-1,8181,8180,8182,-1,8181,8182,8183,-1,8183,8182,8184,-1,8183,8184,8185,-1,8185,8184,8186,-1,8185,8186,8187,-1,8188,8187,8189,-1,8189,8187,8186,-1,8188,8189,8190,-1,8188,8190,8191,-1,8191,8190,8192,-1,8191,8192,8193,-1,8193,8192,8194,-1,8193,8194,8195,-1,8196,8195,8197,-1,8197,8195,8194,-1,8196,8197,8198,-1,8198,8197,8199,-1,8198,8199,8200,-1,8200,8199,8201,-1,8200,8201,8202,-1,8202,8201,8203,-1,8204,8202,8205,-1,8205,8202,8203,-1,8204,8205,8206,-1,8204,8206,8207,-1,8207,8206,8208,-1,8207,8208,8209,-1,8209,8208,8210,-1,8209,8210,8211,-1,8211,8210,8212,-1,8211,8212,8213,-1,8213,8212,8214,-1,8213,8214,8215,-1,8215,8214,8216,-1,8215,8216,8217,-1,8217,8216,8218,-1,8218,8216,8219,-1,8218,8219,8220,-1,8220,8219,8221,-1,8220,8221,8222,-1,8222,8221,8223,-1,8222,8223,8224,-1,8224,8223,8225,-1,8224,8225,8226,-1,8226,8225,8227,-1,8226,8227,8093,-1,8093,8227,8095,-1,8164,8166,8163,-1,8163,8166,8168,-1,8163,8168,8161,-1,8161,8168,8170,-1,8161,8170,8159,-1,8159,8170,8172,-1,8159,8172,8157,-1,8157,8172,8174,-1,8157,8174,8154,-1,8154,8174,8176,-1,8154,8176,8152,-1,8152,8176,8178,-1,8152,8178,8150,-1,8150,8178,8181,-1,8150,8181,8148,-1,8148,8181,8183,-1,8148,8183,8146,-1,8146,8183,8185,-1,8146,8185,8144,-1,8144,8185,8187,-1,8144,8187,8142,-1,8142,8187,8188,-1,8142,8188,8140,-1,8140,8188,8191,-1,8140,8191,8138,-1,8138,8191,8193,-1,8138,8193,8136,-1,8136,8193,8195,-1,8136,8195,8135,-1,8135,8195,8196,-1,8135,8196,8133,-1,8133,8196,8198,-1,8133,8198,8131,-1,8131,8198,8200,-1,8131,8200,8128,-1,8128,8200,8202,-1,8128,8202,8126,-1,8126,8202,8204,-1,8126,8204,8124,-1,8124,8204,8207,-1,8124,8207,8122,-1,8122,8207,8209,-1,8122,8209,8120,-1,8120,8209,8211,-1,8120,8211,8118,-1,8118,8211,8213,-1,8118,8213,8116,-1,8116,8213,8215,-1,8116,8215,8115,-1,8115,8215,8217,-1,8115,8217,8113,-1,8113,8217,8218,-1,8113,8218,8111,-1,8111,8218,8220,-1,8111,8220,8109,-1,8109,8220,8222,-1,8109,8222,8107,-1,8107,8222,8224,-1,8107,8224,8105,-1,8105,8224,8226,-1,8105,8226,8103,-1,8103,8226,8093,-1,8103,8093,8102,-1,8102,8093,8092,-1,8167,8165,8169,-1,8169,8165,8162,-1,8169,8162,8171,-1,8171,8162,8160,-1,8171,8160,8173,-1,8173,8160,8158,-1,8173,8158,8175,-1,8175,8158,8156,-1,8175,8156,8177,-1,8177,8156,8155,-1,8177,8155,8179,-1,8179,8155,8153,-1,8179,8153,8180,-1,8180,8153,8151,-1,8180,8151,8182,-1,8182,8151,8149,-1,8182,8149,8184,-1,8184,8149,8147,-1,8184,8147,8186,-1,8186,8147,8145,-1,8186,8145,8189,-1,8189,8145,8143,-1,8189,8143,8190,-1,8190,8143,8141,-1,8190,8141,8192,-1,8192,8141,8139,-1,8192,8139,8194,-1,8194,8139,8137,-1,8194,8137,8197,-1,8197,8137,8134,-1,8197,8134,8199,-1,8199,8134,8132,-1,8199,8132,8201,-1,8201,8132,8130,-1,8201,8130,8203,-1,8203,8130,8129,-1,8203,8129,8205,-1,8205,8129,8127,-1,8205,8127,8206,-1,8206,8127,8125,-1,8206,8125,8208,-1,8208,8125,8123,-1,8208,8123,8210,-1,8210,8123,8121,-1,8210,8121,8212,-1,8212,8121,8119,-1,8212,8119,8214,-1,8214,8119,8117,-1,8214,8117,8216,-1,8216,8117,8114,-1,8216,8114,8219,-1,8219,8114,8112,-1,8219,8112,8221,-1,8221,8112,8110,-1,8221,8110,8223,-1,8223,8110,8108,-1,8223,8108,8225,-1,8225,8108,8106,-1,8225,8106,8227,-1,8227,8106,8104,-1,8227,8104,8095,-1,8095,8104,8101,-1,8095,8101,8094,-1,8094,8101,8100,-1,8102,8099,8100,-1,8100,8099,8097,-1,8092,8098,8102,-1,8102,8098,8099,-1,8096,8094,8097,-1,8097,8094,8100,-1,8094,8096,8092,-1,8092,8096,8098,-1,8228,8229,8230,-1,8230,8229,8231,-1,8232,8233,8234,-1,8234,8233,8235,-1,8236,8237,8238,-1,8238,8237,8239,-1,8239,8237,8240,-1,8239,8240,8241,-1,8241,8240,8242,-1,8241,8242,8243,-1,8243,8242,8244,-1,8243,8244,8245,-1,8245,8244,8246,-1,8245,8246,8247,-1,8247,8246,8248,-1,8247,8248,8249,-1,8249,8248,8250,-1,8249,8250,8251,-1,8251,8250,8252,-1,8252,8250,8253,-1,8252,8253,8254,-1,8254,8253,8255,-1,8254,8255,8256,-1,8256,8255,8257,-1,8256,8257,8258,-1,8258,8257,8259,-1,8258,8259,8260,-1,8260,8259,8261,-1,8260,8261,8262,-1,8262,8261,8263,-1,8264,8262,8265,-1,8265,8262,8263,-1,8264,8265,8266,-1,8264,8266,8267,-1,8267,8266,8268,-1,8267,8268,8269,-1,8269,8268,8270,-1,8269,8270,8271,-1,8272,8271,8273,-1,8273,8271,8270,-1,8272,8273,8274,-1,8274,8273,8275,-1,8274,8275,8276,-1,8276,8275,8277,-1,8276,8277,8278,-1,8278,8277,8279,-1,8280,8278,8281,-1,8281,8278,8279,-1,8280,8281,8282,-1,8282,8281,8283,-1,8282,8283,8284,-1,8284,8283,8285,-1,8284,8285,8286,-1,8286,8285,8287,-1,8286,8287,8288,-1,8288,8287,8289,-1,8290,8288,8291,-1,8291,8288,8289,-1,8290,8291,8292,-1,8290,8292,8293,-1,8293,8292,8294,-1,8293,8294,8295,-1,8295,8294,8296,-1,8295,8296,8297,-1,8297,8296,8298,-1,8297,8298,8299,-1,8300,8299,8301,-1,8301,8299,8298,-1,8302,8300,8303,-1,8303,8300,8301,-1,8304,8302,8305,-1,8305,8302,8303,-1,8304,8305,8306,-1,8306,8305,8307,-1,8306,8307,8308,-1,8308,8307,8309,-1,8308,8309,8310,-1,8310,8309,8311,-1,8310,8311,8312,-1,8312,8311,8313,-1,8314,8312,8315,-1,8315,8312,8313,-1,8314,8315,8316,-1,8314,8316,8317,-1,8317,8316,8318,-1,8317,8318,8319,-1,8319,8318,8320,-1,8319,8320,8321,-1,8321,8320,8322,-1,8321,8322,8323,-1,8324,8323,8325,-1,8325,8323,8322,-1,8324,8325,8326,-1,8324,8326,8327,-1,8327,8326,8328,-1,8327,8328,8329,-1,8329,8328,8330,-1,8329,8330,8331,-1,8332,8331,8333,-1,8333,8331,8330,-1,8332,8333,8334,-1,8334,8333,8335,-1,8334,8335,8336,-1,8336,8335,8337,-1,8336,8337,8338,-1,8338,8337,8339,-1,8340,8338,8341,-1,8341,8338,8339,-1,8340,8341,8342,-1,8340,8342,8343,-1,8343,8342,8344,-1,8343,8344,8345,-1,8345,8344,8346,-1,8345,8346,8347,-1,8347,8346,8348,-1,8347,8348,8349,-1,8349,8348,8350,-1,8349,8350,8351,-1,8351,8350,8352,-1,8351,8352,8353,-1,8353,8352,8354,-1,8354,8352,8355,-1,8354,8355,8356,-1,8356,8355,8357,-1,8356,8357,8358,-1,8358,8357,8359,-1,8358,8359,8360,-1,8360,8359,8361,-1,8360,8361,8362,-1,8362,8361,8363,-1,8362,8363,8229,-1,8229,8363,8231,-1,8300,8302,8299,-1,8299,8302,8304,-1,8299,8304,8297,-1,8297,8304,8306,-1,8297,8306,8295,-1,8295,8306,8308,-1,8295,8308,8293,-1,8293,8308,8310,-1,8293,8310,8290,-1,8290,8310,8312,-1,8290,8312,8288,-1,8288,8312,8314,-1,8288,8314,8286,-1,8286,8314,8317,-1,8286,8317,8284,-1,8284,8317,8319,-1,8284,8319,8282,-1,8282,8319,8321,-1,8282,8321,8280,-1,8280,8321,8323,-1,8280,8323,8278,-1,8278,8323,8324,-1,8278,8324,8276,-1,8276,8324,8327,-1,8276,8327,8274,-1,8274,8327,8329,-1,8274,8329,8272,-1,8272,8329,8331,-1,8272,8331,8271,-1,8271,8331,8332,-1,8271,8332,8269,-1,8269,8332,8334,-1,8269,8334,8267,-1,8267,8334,8336,-1,8267,8336,8264,-1,8264,8336,8338,-1,8264,8338,8262,-1,8262,8338,8340,-1,8262,8340,8260,-1,8260,8340,8343,-1,8260,8343,8258,-1,8258,8343,8345,-1,8258,8345,8256,-1,8256,8345,8347,-1,8256,8347,8254,-1,8254,8347,8349,-1,8254,8349,8252,-1,8252,8349,8351,-1,8252,8351,8251,-1,8251,8351,8353,-1,8251,8353,8249,-1,8249,8353,8354,-1,8249,8354,8247,-1,8247,8354,8356,-1,8247,8356,8245,-1,8245,8356,8358,-1,8245,8358,8243,-1,8243,8358,8360,-1,8243,8360,8241,-1,8241,8360,8362,-1,8241,8362,8239,-1,8239,8362,8229,-1,8239,8229,8238,-1,8238,8229,8228,-1,8303,8301,8305,-1,8305,8301,8298,-1,8305,8298,8307,-1,8307,8298,8296,-1,8307,8296,8309,-1,8309,8296,8294,-1,8309,8294,8311,-1,8311,8294,8292,-1,8311,8292,8313,-1,8313,8292,8291,-1,8313,8291,8315,-1,8315,8291,8289,-1,8315,8289,8316,-1,8316,8289,8287,-1,8316,8287,8318,-1,8318,8287,8285,-1,8318,8285,8320,-1,8320,8285,8283,-1,8320,8283,8322,-1,8322,8283,8281,-1,8322,8281,8325,-1,8325,8281,8279,-1,8325,8279,8326,-1,8326,8279,8277,-1,8326,8277,8328,-1,8328,8277,8275,-1,8328,8275,8330,-1,8330,8275,8273,-1,8330,8273,8333,-1,8333,8273,8270,-1,8333,8270,8335,-1,8335,8270,8268,-1,8335,8268,8337,-1,8337,8268,8266,-1,8337,8266,8339,-1,8339,8266,8265,-1,8339,8265,8341,-1,8341,8265,8263,-1,8341,8263,8342,-1,8342,8263,8261,-1,8342,8261,8344,-1,8344,8261,8259,-1,8344,8259,8346,-1,8346,8259,8257,-1,8346,8257,8348,-1,8348,8257,8255,-1,8348,8255,8350,-1,8350,8255,8253,-1,8350,8253,8352,-1,8352,8253,8250,-1,8352,8250,8355,-1,8355,8250,8248,-1,8355,8248,8357,-1,8357,8248,8246,-1,8357,8246,8359,-1,8359,8246,8244,-1,8359,8244,8361,-1,8361,8244,8242,-1,8361,8242,8363,-1,8363,8242,8240,-1,8363,8240,8231,-1,8231,8240,8237,-1,8231,8237,8230,-1,8230,8237,8236,-1,8238,8235,8236,-1,8236,8235,8233,-1,8228,8234,8238,-1,8238,8234,8235,-1,8232,8230,8233,-1,8233,8230,8236,-1,8230,8232,8228,-1,8228,8232,8234,-1,8364,8365,8366,-1,8366,8365,8367,-1,8368,8369,8370,-1,8370,8369,8371,-1,8372,8373,8374,-1,8374,8373,8375,-1,8375,8373,8376,-1,8375,8376,8377,-1,8377,8376,8378,-1,8377,8378,8379,-1,8379,8378,8380,-1,8379,8380,8381,-1,8381,8380,8382,-1,8381,8382,8383,-1,8383,8382,8384,-1,8383,8384,8385,-1,8385,8384,8386,-1,8385,8386,8387,-1,8387,8386,8388,-1,8388,8386,8389,-1,8388,8389,8390,-1,8390,8389,8391,-1,8390,8391,8392,-1,8392,8391,8393,-1,8392,8393,8394,-1,8394,8393,8395,-1,8394,8395,8396,-1,8396,8395,8397,-1,8396,8397,8398,-1,8398,8397,8399,-1,8400,8398,8401,-1,8401,8398,8399,-1,8400,8401,8402,-1,8400,8402,8403,-1,8403,8402,8404,-1,8403,8404,8405,-1,8405,8404,8406,-1,8405,8406,8407,-1,8408,8407,8409,-1,8409,8407,8406,-1,8408,8409,8410,-1,8410,8409,8411,-1,8410,8411,8412,-1,8412,8411,8413,-1,8412,8413,8414,-1,8414,8413,8415,-1,8416,8414,8417,-1,8417,8414,8415,-1,8416,8417,8418,-1,8418,8417,8419,-1,8418,8419,8420,-1,8420,8419,8421,-1,8420,8421,8422,-1,8422,8421,8423,-1,8422,8423,8424,-1,8424,8423,8425,-1,8426,8424,8427,-1,8427,8424,8425,-1,8426,8427,8428,-1,8426,8428,8429,-1,8429,8428,8430,-1,8429,8430,8431,-1,8431,8430,8432,-1,8431,8432,8433,-1,8433,8432,8434,-1,8433,8434,8435,-1,8436,8435,8437,-1,8437,8435,8434,-1,8438,8436,8439,-1,8439,8436,8437,-1,8440,8438,8441,-1,8441,8438,8439,-1,8440,8441,8442,-1,8442,8441,8443,-1,8442,8443,8444,-1,8444,8443,8445,-1,8444,8445,8446,-1,8446,8445,8447,-1,8446,8447,8448,-1,8448,8447,8449,-1,8450,8448,8451,-1,8451,8448,8449,-1,8450,8451,8452,-1,8450,8452,8453,-1,8453,8452,8454,-1,8453,8454,8455,-1,8455,8454,8456,-1,8455,8456,8457,-1,8457,8456,8458,-1,8457,8458,8459,-1,8460,8459,8461,-1,8461,8459,8458,-1,8460,8461,8462,-1,8460,8462,8463,-1,8463,8462,8464,-1,8463,8464,8465,-1,8465,8464,8466,-1,8465,8466,8467,-1,8468,8467,8469,-1,8469,8467,8466,-1,8468,8469,8470,-1,8470,8469,8471,-1,8470,8471,8472,-1,8472,8471,8473,-1,8472,8473,8474,-1,8474,8473,8475,-1,8476,8474,8477,-1,8477,8474,8475,-1,8476,8477,8478,-1,8476,8478,8479,-1,8479,8478,8480,-1,8479,8480,8481,-1,8481,8480,8482,-1,8481,8482,8483,-1,8483,8482,8484,-1,8483,8484,8485,-1,8485,8484,8486,-1,8485,8486,8487,-1,8487,8486,8488,-1,8487,8488,8489,-1,8489,8488,8490,-1,8490,8488,8491,-1,8490,8491,8492,-1,8492,8491,8493,-1,8492,8493,8494,-1,8494,8493,8495,-1,8494,8495,8496,-1,8496,8495,8497,-1,8496,8497,8498,-1,8498,8497,8499,-1,8498,8499,8365,-1,8365,8499,8367,-1,8436,8438,8435,-1,8435,8438,8440,-1,8435,8440,8433,-1,8433,8440,8442,-1,8433,8442,8431,-1,8431,8442,8444,-1,8431,8444,8429,-1,8429,8444,8446,-1,8429,8446,8426,-1,8426,8446,8448,-1,8426,8448,8424,-1,8424,8448,8450,-1,8424,8450,8422,-1,8422,8450,8453,-1,8422,8453,8420,-1,8420,8453,8455,-1,8420,8455,8418,-1,8418,8455,8457,-1,8418,8457,8416,-1,8416,8457,8459,-1,8416,8459,8414,-1,8414,8459,8460,-1,8414,8460,8412,-1,8412,8460,8463,-1,8412,8463,8410,-1,8410,8463,8465,-1,8410,8465,8408,-1,8408,8465,8467,-1,8408,8467,8407,-1,8407,8467,8468,-1,8407,8468,8405,-1,8405,8468,8470,-1,8405,8470,8403,-1,8403,8470,8472,-1,8403,8472,8400,-1,8400,8472,8474,-1,8400,8474,8398,-1,8398,8474,8476,-1,8398,8476,8396,-1,8396,8476,8479,-1,8396,8479,8394,-1,8394,8479,8481,-1,8394,8481,8392,-1,8392,8481,8483,-1,8392,8483,8390,-1,8390,8483,8485,-1,8390,8485,8388,-1,8388,8485,8487,-1,8388,8487,8387,-1,8387,8487,8489,-1,8387,8489,8385,-1,8385,8489,8490,-1,8385,8490,8383,-1,8383,8490,8492,-1,8383,8492,8381,-1,8381,8492,8494,-1,8381,8494,8379,-1,8379,8494,8496,-1,8379,8496,8377,-1,8377,8496,8498,-1,8377,8498,8375,-1,8375,8498,8365,-1,8375,8365,8374,-1,8374,8365,8364,-1,8439,8437,8441,-1,8441,8437,8434,-1,8441,8434,8443,-1,8443,8434,8432,-1,8443,8432,8445,-1,8445,8432,8430,-1,8445,8430,8447,-1,8447,8430,8428,-1,8447,8428,8449,-1,8449,8428,8427,-1,8449,8427,8451,-1,8451,8427,8425,-1,8451,8425,8452,-1,8452,8425,8423,-1,8452,8423,8454,-1,8454,8423,8421,-1,8454,8421,8456,-1,8456,8421,8419,-1,8456,8419,8458,-1,8458,8419,8417,-1,8458,8417,8461,-1,8461,8417,8415,-1,8461,8415,8462,-1,8462,8415,8413,-1,8462,8413,8464,-1,8464,8413,8411,-1,8464,8411,8466,-1,8466,8411,8409,-1,8466,8409,8469,-1,8469,8409,8406,-1,8469,8406,8471,-1,8471,8406,8404,-1,8471,8404,8473,-1,8473,8404,8402,-1,8473,8402,8475,-1,8475,8402,8401,-1,8475,8401,8477,-1,8477,8401,8399,-1,8477,8399,8478,-1,8478,8399,8397,-1,8478,8397,8480,-1,8480,8397,8395,-1,8480,8395,8482,-1,8482,8395,8393,-1,8482,8393,8484,-1,8484,8393,8391,-1,8484,8391,8486,-1,8486,8391,8389,-1,8486,8389,8488,-1,8488,8389,8386,-1,8488,8386,8491,-1,8491,8386,8384,-1,8491,8384,8493,-1,8493,8384,8382,-1,8493,8382,8495,-1,8495,8382,8380,-1,8495,8380,8497,-1,8497,8380,8378,-1,8497,8378,8499,-1,8499,8378,8376,-1,8499,8376,8367,-1,8367,8376,8373,-1,8367,8373,8366,-1,8366,8373,8372,-1,8374,8371,8372,-1,8372,8371,8369,-1,8364,8370,8374,-1,8374,8370,8371,-1,8368,8366,8369,-1,8369,8366,8372,-1,8366,8368,8364,-1,8364,8368,8370,-1,8500,8501,8502,-1,8502,8501,8503,-1,8504,8505,8506,-1,8506,8505,8507,-1,8508,8509,8510,-1,8510,8509,8511,-1,8511,8509,8512,-1,8511,8512,8513,-1,8513,8512,8514,-1,8513,8514,8515,-1,8515,8514,8516,-1,8515,8516,8517,-1,8517,8516,8518,-1,8517,8518,8519,-1,8519,8518,8520,-1,8519,8520,8521,-1,8521,8520,8522,-1,8521,8522,8523,-1,8523,8522,8524,-1,8524,8522,8525,-1,8524,8525,8526,-1,8526,8525,8527,-1,8526,8527,8528,-1,8528,8527,8529,-1,8528,8529,8530,-1,8530,8529,8531,-1,8530,8531,8532,-1,8532,8531,8533,-1,8532,8533,8534,-1,8534,8533,8535,-1,8536,8534,8537,-1,8537,8534,8535,-1,8536,8537,8538,-1,8536,8538,8539,-1,8539,8538,8540,-1,8539,8540,8541,-1,8541,8540,8542,-1,8541,8542,8543,-1,8544,8543,8545,-1,8545,8543,8542,-1,8544,8545,8546,-1,8546,8545,8547,-1,8546,8547,8548,-1,8548,8547,8549,-1,8548,8549,8550,-1,8550,8549,8551,-1,8552,8550,8553,-1,8553,8550,8551,-1,8552,8553,8554,-1,8554,8553,8555,-1,8554,8555,8556,-1,8556,8555,8557,-1,8556,8557,8558,-1,8558,8557,8559,-1,8558,8559,8560,-1,8560,8559,8561,-1,8562,8560,8563,-1,8563,8560,8561,-1,8562,8563,8564,-1,8562,8564,8565,-1,8565,8564,8566,-1,8565,8566,8567,-1,8567,8566,8568,-1,8567,8568,8569,-1,8569,8568,8570,-1,8569,8570,8571,-1,8572,8571,8573,-1,8573,8571,8570,-1,8574,8572,8575,-1,8575,8572,8573,-1,8576,8574,8577,-1,8577,8574,8575,-1,8576,8577,8578,-1,8578,8577,8579,-1,8578,8579,8580,-1,8580,8579,8581,-1,8580,8581,8582,-1,8582,8581,8583,-1,8582,8583,8584,-1,8584,8583,8585,-1,8586,8584,8587,-1,8587,8584,8585,-1,8586,8587,8588,-1,8586,8588,8589,-1,8589,8588,8590,-1,8589,8590,8591,-1,8591,8590,8592,-1,8591,8592,8593,-1,8593,8592,8594,-1,8593,8594,8595,-1,8596,8595,8597,-1,8597,8595,8594,-1,8596,8597,8598,-1,8596,8598,8599,-1,8599,8598,8600,-1,8599,8600,8601,-1,8601,8600,8602,-1,8601,8602,8603,-1,8604,8603,8605,-1,8605,8603,8602,-1,8604,8605,8606,-1,8606,8605,8607,-1,8606,8607,8608,-1,8608,8607,8609,-1,8608,8609,8610,-1,8610,8609,8611,-1,8612,8610,8613,-1,8613,8610,8611,-1,8612,8613,8614,-1,8612,8614,8615,-1,8615,8614,8616,-1,8615,8616,8617,-1,8617,8616,8618,-1,8617,8618,8619,-1,8619,8618,8620,-1,8619,8620,8621,-1,8621,8620,8622,-1,8621,8622,8623,-1,8623,8622,8624,-1,8623,8624,8625,-1,8625,8624,8626,-1,8626,8624,8627,-1,8626,8627,8628,-1,8628,8627,8629,-1,8628,8629,8630,-1,8630,8629,8631,-1,8630,8631,8632,-1,8632,8631,8633,-1,8632,8633,8634,-1,8634,8633,8635,-1,8634,8635,8501,-1,8501,8635,8503,-1,8572,8574,8571,-1,8571,8574,8576,-1,8571,8576,8569,-1,8569,8576,8578,-1,8569,8578,8567,-1,8567,8578,8580,-1,8567,8580,8565,-1,8565,8580,8582,-1,8565,8582,8562,-1,8562,8582,8584,-1,8562,8584,8560,-1,8560,8584,8586,-1,8560,8586,8558,-1,8558,8586,8589,-1,8558,8589,8556,-1,8556,8589,8591,-1,8556,8591,8554,-1,8554,8591,8593,-1,8554,8593,8552,-1,8552,8593,8595,-1,8552,8595,8550,-1,8550,8595,8596,-1,8550,8596,8548,-1,8548,8596,8599,-1,8548,8599,8546,-1,8546,8599,8601,-1,8546,8601,8544,-1,8544,8601,8603,-1,8544,8603,8543,-1,8543,8603,8604,-1,8543,8604,8541,-1,8541,8604,8606,-1,8541,8606,8539,-1,8539,8606,8608,-1,8539,8608,8536,-1,8536,8608,8610,-1,8536,8610,8534,-1,8534,8610,8612,-1,8534,8612,8532,-1,8532,8612,8615,-1,8532,8615,8530,-1,8530,8615,8617,-1,8530,8617,8528,-1,8528,8617,8619,-1,8528,8619,8526,-1,8526,8619,8621,-1,8526,8621,8524,-1,8524,8621,8623,-1,8524,8623,8523,-1,8523,8623,8625,-1,8523,8625,8521,-1,8521,8625,8626,-1,8521,8626,8519,-1,8519,8626,8628,-1,8519,8628,8517,-1,8517,8628,8630,-1,8517,8630,8515,-1,8515,8630,8632,-1,8515,8632,8513,-1,8513,8632,8634,-1,8513,8634,8511,-1,8511,8634,8501,-1,8511,8501,8510,-1,8510,8501,8500,-1,8575,8573,8577,-1,8577,8573,8570,-1,8577,8570,8579,-1,8579,8570,8568,-1,8579,8568,8581,-1,8581,8568,8566,-1,8581,8566,8583,-1,8583,8566,8564,-1,8583,8564,8585,-1,8585,8564,8563,-1,8585,8563,8587,-1,8587,8563,8561,-1,8587,8561,8588,-1,8588,8561,8559,-1,8588,8559,8590,-1,8590,8559,8557,-1,8590,8557,8592,-1,8592,8557,8555,-1,8592,8555,8594,-1,8594,8555,8553,-1,8594,8553,8597,-1,8597,8553,8551,-1,8597,8551,8598,-1,8598,8551,8549,-1,8598,8549,8600,-1,8600,8549,8547,-1,8600,8547,8602,-1,8602,8547,8545,-1,8602,8545,8605,-1,8605,8545,8542,-1,8605,8542,8607,-1,8607,8542,8540,-1,8607,8540,8609,-1,8609,8540,8538,-1,8609,8538,8611,-1,8611,8538,8537,-1,8611,8537,8613,-1,8613,8537,8535,-1,8613,8535,8614,-1,8614,8535,8533,-1,8614,8533,8616,-1,8616,8533,8531,-1,8616,8531,8618,-1,8618,8531,8529,-1,8618,8529,8620,-1,8620,8529,8527,-1,8620,8527,8622,-1,8622,8527,8525,-1,8622,8525,8624,-1,8624,8525,8522,-1,8624,8522,8627,-1,8627,8522,8520,-1,8627,8520,8629,-1,8629,8520,8518,-1,8629,8518,8631,-1,8631,8518,8516,-1,8631,8516,8633,-1,8633,8516,8514,-1,8633,8514,8635,-1,8635,8514,8512,-1,8635,8512,8503,-1,8503,8512,8509,-1,8503,8509,8502,-1,8502,8509,8508,-1,8510,8507,8508,-1,8508,8507,8505,-1,8500,8506,8510,-1,8510,8506,8507,-1,8504,8502,8505,-1,8505,8502,8508,-1,8502,8504,8500,-1,8500,8504,8506,-1,8636,8637,8638,-1,8638,8637,8639,-1,8640,8641,8642,-1,8642,8641,8643,-1,8644,8645,8646,-1,8646,8645,8647,-1,8647,8645,8648,-1,8647,8648,8649,-1,8649,8648,8650,-1,8649,8650,8651,-1,8651,8650,8652,-1,8651,8652,8653,-1,8653,8652,8654,-1,8653,8654,8655,-1,8655,8654,8656,-1,8655,8656,8657,-1,8657,8656,8658,-1,8657,8658,8659,-1,8659,8658,8660,-1,8660,8658,8661,-1,8660,8661,8662,-1,8662,8661,8663,-1,8662,8663,8664,-1,8664,8663,8665,-1,8664,8665,8666,-1,8666,8665,8667,-1,8666,8667,8668,-1,8668,8667,8669,-1,8668,8669,8670,-1,8670,8669,8671,-1,8672,8670,8673,-1,8673,8670,8671,-1,8672,8673,8674,-1,8672,8674,8675,-1,8675,8674,8676,-1,8675,8676,8677,-1,8677,8676,8678,-1,8677,8678,8679,-1,8680,8679,8681,-1,8681,8679,8678,-1,8680,8681,8682,-1,8682,8681,8683,-1,8682,8683,8684,-1,8684,8683,8685,-1,8684,8685,8686,-1,8686,8685,8687,-1,8688,8686,8689,-1,8689,8686,8687,-1,8688,8689,8690,-1,8690,8689,8691,-1,8690,8691,8692,-1,8692,8691,8693,-1,8692,8693,8694,-1,8694,8693,8695,-1,8694,8695,8696,-1,8696,8695,8697,-1,8698,8696,8699,-1,8699,8696,8697,-1,8698,8699,8700,-1,8698,8700,8701,-1,8701,8700,8702,-1,8701,8702,8703,-1,8703,8702,8704,-1,8703,8704,8705,-1,8705,8704,8706,-1,8705,8706,8707,-1,8708,8707,8709,-1,8709,8707,8706,-1,8710,8708,8711,-1,8711,8708,8709,-1,8712,8710,8713,-1,8713,8710,8711,-1,8712,8713,8714,-1,8714,8713,8715,-1,8714,8715,8716,-1,8716,8715,8717,-1,8716,8717,8718,-1,8718,8717,8719,-1,8718,8719,8720,-1,8720,8719,8721,-1,8722,8720,8723,-1,8723,8720,8721,-1,8722,8723,8724,-1,8722,8724,8725,-1,8725,8724,8726,-1,8725,8726,8727,-1,8727,8726,8728,-1,8727,8728,8729,-1,8729,8728,8730,-1,8729,8730,8731,-1,8732,8731,8733,-1,8733,8731,8730,-1,8732,8733,8734,-1,8732,8734,8735,-1,8735,8734,8736,-1,8735,8736,8737,-1,8737,8736,8738,-1,8737,8738,8739,-1,8740,8739,8741,-1,8741,8739,8738,-1,8740,8741,8742,-1,8742,8741,8743,-1,8742,8743,8744,-1,8744,8743,8745,-1,8744,8745,8746,-1,8746,8745,8747,-1,8748,8746,8749,-1,8749,8746,8747,-1,8748,8749,8750,-1,8748,8750,8751,-1,8751,8750,8752,-1,8751,8752,8753,-1,8753,8752,8754,-1,8753,8754,8755,-1,8755,8754,8756,-1,8755,8756,8757,-1,8757,8756,8758,-1,8757,8758,8759,-1,8759,8758,8760,-1,8759,8760,8761,-1,8761,8760,8762,-1,8762,8760,8763,-1,8762,8763,8764,-1,8764,8763,8765,-1,8764,8765,8766,-1,8766,8765,8767,-1,8766,8767,8768,-1,8768,8767,8769,-1,8768,8769,8770,-1,8770,8769,8771,-1,8770,8771,8637,-1,8637,8771,8639,-1,8708,8710,8707,-1,8707,8710,8712,-1,8707,8712,8705,-1,8705,8712,8714,-1,8705,8714,8703,-1,8703,8714,8716,-1,8703,8716,8701,-1,8701,8716,8718,-1,8701,8718,8698,-1,8698,8718,8720,-1,8698,8720,8696,-1,8696,8720,8722,-1,8696,8722,8694,-1,8694,8722,8725,-1,8694,8725,8692,-1,8692,8725,8727,-1,8692,8727,8690,-1,8690,8727,8729,-1,8690,8729,8688,-1,8688,8729,8731,-1,8688,8731,8686,-1,8686,8731,8732,-1,8686,8732,8684,-1,8684,8732,8735,-1,8684,8735,8682,-1,8682,8735,8737,-1,8682,8737,8680,-1,8680,8737,8739,-1,8680,8739,8679,-1,8679,8739,8740,-1,8679,8740,8677,-1,8677,8740,8742,-1,8677,8742,8675,-1,8675,8742,8744,-1,8675,8744,8672,-1,8672,8744,8746,-1,8672,8746,8670,-1,8670,8746,8748,-1,8670,8748,8668,-1,8668,8748,8751,-1,8668,8751,8666,-1,8666,8751,8753,-1,8666,8753,8664,-1,8664,8753,8755,-1,8664,8755,8662,-1,8662,8755,8757,-1,8662,8757,8660,-1,8660,8757,8759,-1,8660,8759,8659,-1,8659,8759,8761,-1,8659,8761,8657,-1,8657,8761,8762,-1,8657,8762,8655,-1,8655,8762,8764,-1,8655,8764,8653,-1,8653,8764,8766,-1,8653,8766,8651,-1,8651,8766,8768,-1,8651,8768,8649,-1,8649,8768,8770,-1,8649,8770,8647,-1,8647,8770,8637,-1,8647,8637,8646,-1,8646,8637,8636,-1,8711,8709,8713,-1,8713,8709,8706,-1,8713,8706,8715,-1,8715,8706,8704,-1,8715,8704,8717,-1,8717,8704,8702,-1,8717,8702,8719,-1,8719,8702,8700,-1,8719,8700,8721,-1,8721,8700,8699,-1,8721,8699,8723,-1,8723,8699,8697,-1,8723,8697,8724,-1,8724,8697,8695,-1,8724,8695,8726,-1,8726,8695,8693,-1,8726,8693,8728,-1,8728,8693,8691,-1,8728,8691,8730,-1,8730,8691,8689,-1,8730,8689,8733,-1,8733,8689,8687,-1,8733,8687,8734,-1,8734,8687,8685,-1,8734,8685,8736,-1,8736,8685,8683,-1,8736,8683,8738,-1,8738,8683,8681,-1,8738,8681,8741,-1,8741,8681,8678,-1,8741,8678,8743,-1,8743,8678,8676,-1,8743,8676,8745,-1,8745,8676,8674,-1,8745,8674,8747,-1,8747,8674,8673,-1,8747,8673,8749,-1,8749,8673,8671,-1,8749,8671,8750,-1,8750,8671,8669,-1,8750,8669,8752,-1,8752,8669,8667,-1,8752,8667,8754,-1,8754,8667,8665,-1,8754,8665,8756,-1,8756,8665,8663,-1,8756,8663,8758,-1,8758,8663,8661,-1,8758,8661,8760,-1,8760,8661,8658,-1,8760,8658,8763,-1,8763,8658,8656,-1,8763,8656,8765,-1,8765,8656,8654,-1,8765,8654,8767,-1,8767,8654,8652,-1,8767,8652,8769,-1,8769,8652,8650,-1,8769,8650,8771,-1,8771,8650,8648,-1,8771,8648,8639,-1,8639,8648,8645,-1,8639,8645,8638,-1,8638,8645,8644,-1,8646,8643,8644,-1,8644,8643,8641,-1,8636,8642,8646,-1,8646,8642,8643,-1,8640,8638,8641,-1,8641,8638,8644,-1,8638,8640,8636,-1,8636,8640,8642,-1,8772,8773,8774,-1,8774,8773,8775,-1,8776,8777,8778,-1,8778,8777,8779,-1,8780,8781,8782,-1,8782,8781,8783,-1,8783,8781,8784,-1,8783,8784,8785,-1,8785,8784,8786,-1,8785,8786,8787,-1,8787,8786,8788,-1,8787,8788,8789,-1,8789,8788,8790,-1,8789,8790,8791,-1,8791,8790,8792,-1,8791,8792,8793,-1,8793,8792,8794,-1,8793,8794,8795,-1,8795,8794,8796,-1,8796,8794,8797,-1,8796,8797,8798,-1,8798,8797,8799,-1,8798,8799,8800,-1,8800,8799,8801,-1,8800,8801,8802,-1,8802,8801,8803,-1,8802,8803,8804,-1,8804,8803,8805,-1,8804,8805,8806,-1,8806,8805,8807,-1,8808,8806,8809,-1,8809,8806,8807,-1,8808,8809,8810,-1,8808,8810,8811,-1,8811,8810,8812,-1,8811,8812,8813,-1,8813,8812,8814,-1,8813,8814,8815,-1,8816,8815,8817,-1,8817,8815,8814,-1,8816,8817,8818,-1,8818,8817,8819,-1,8818,8819,8820,-1,8820,8819,8821,-1,8820,8821,8822,-1,8822,8821,8823,-1,8824,8822,8825,-1,8825,8822,8823,-1,8824,8825,8826,-1,8826,8825,8827,-1,8826,8827,8828,-1,8828,8827,8829,-1,8828,8829,8830,-1,8830,8829,8831,-1,8830,8831,8832,-1,8832,8831,8833,-1,8834,8832,8835,-1,8835,8832,8833,-1,8834,8835,8836,-1,8834,8836,8837,-1,8837,8836,8838,-1,8837,8838,8839,-1,8839,8838,8840,-1,8839,8840,8841,-1,8841,8840,8842,-1,8841,8842,8843,-1,8844,8843,8845,-1,8845,8843,8842,-1,8846,8844,8847,-1,8847,8844,8845,-1,8848,8846,8849,-1,8849,8846,8847,-1,8848,8849,8850,-1,8850,8849,8851,-1,8850,8851,8852,-1,8852,8851,8853,-1,8852,8853,8854,-1,8854,8853,8855,-1,8854,8855,8856,-1,8856,8855,8857,-1,8858,8856,8859,-1,8859,8856,8857,-1,8858,8859,8860,-1,8858,8860,8861,-1,8861,8860,8862,-1,8861,8862,8863,-1,8863,8862,8864,-1,8863,8864,8865,-1,8865,8864,8866,-1,8865,8866,8867,-1,8868,8867,8869,-1,8869,8867,8866,-1,8868,8869,8870,-1,8868,8870,8871,-1,8871,8870,8872,-1,8871,8872,8873,-1,8873,8872,8874,-1,8873,8874,8875,-1,8876,8875,8877,-1,8877,8875,8874,-1,8876,8877,8878,-1,8878,8877,8879,-1,8878,8879,8880,-1,8880,8879,8881,-1,8880,8881,8882,-1,8882,8881,8883,-1,8884,8882,8885,-1,8885,8882,8883,-1,8884,8885,8886,-1,8884,8886,8887,-1,8887,8886,8888,-1,8887,8888,8889,-1,8889,8888,8890,-1,8889,8890,8891,-1,8891,8890,8892,-1,8891,8892,8893,-1,8893,8892,8894,-1,8893,8894,8895,-1,8895,8894,8896,-1,8895,8896,8897,-1,8897,8896,8898,-1,8898,8896,8899,-1,8898,8899,8900,-1,8900,8899,8901,-1,8900,8901,8902,-1,8902,8901,8903,-1,8902,8903,8904,-1,8904,8903,8905,-1,8904,8905,8906,-1,8906,8905,8907,-1,8906,8907,8773,-1,8773,8907,8775,-1,8844,8846,8843,-1,8843,8846,8848,-1,8843,8848,8841,-1,8841,8848,8850,-1,8841,8850,8839,-1,8839,8850,8852,-1,8839,8852,8837,-1,8837,8852,8854,-1,8837,8854,8834,-1,8834,8854,8856,-1,8834,8856,8832,-1,8832,8856,8858,-1,8832,8858,8830,-1,8830,8858,8861,-1,8830,8861,8828,-1,8828,8861,8863,-1,8828,8863,8826,-1,8826,8863,8865,-1,8826,8865,8824,-1,8824,8865,8867,-1,8824,8867,8822,-1,8822,8867,8868,-1,8822,8868,8820,-1,8820,8868,8871,-1,8820,8871,8818,-1,8818,8871,8873,-1,8818,8873,8816,-1,8816,8873,8875,-1,8816,8875,8815,-1,8815,8875,8876,-1,8815,8876,8813,-1,8813,8876,8878,-1,8813,8878,8811,-1,8811,8878,8880,-1,8811,8880,8808,-1,8808,8880,8882,-1,8808,8882,8806,-1,8806,8882,8884,-1,8806,8884,8804,-1,8804,8884,8887,-1,8804,8887,8802,-1,8802,8887,8889,-1,8802,8889,8800,-1,8800,8889,8891,-1,8800,8891,8798,-1,8798,8891,8893,-1,8798,8893,8796,-1,8796,8893,8895,-1,8796,8895,8795,-1,8795,8895,8897,-1,8795,8897,8793,-1,8793,8897,8898,-1,8793,8898,8791,-1,8791,8898,8900,-1,8791,8900,8789,-1,8789,8900,8902,-1,8789,8902,8787,-1,8787,8902,8904,-1,8787,8904,8785,-1,8785,8904,8906,-1,8785,8906,8783,-1,8783,8906,8773,-1,8783,8773,8782,-1,8782,8773,8772,-1,8847,8845,8849,-1,8849,8845,8842,-1,8849,8842,8851,-1,8851,8842,8840,-1,8851,8840,8853,-1,8853,8840,8838,-1,8853,8838,8855,-1,8855,8838,8836,-1,8855,8836,8857,-1,8857,8836,8835,-1,8857,8835,8859,-1,8859,8835,8833,-1,8859,8833,8860,-1,8860,8833,8831,-1,8860,8831,8862,-1,8862,8831,8829,-1,8862,8829,8864,-1,8864,8829,8827,-1,8864,8827,8866,-1,8866,8827,8825,-1,8866,8825,8869,-1,8869,8825,8823,-1,8869,8823,8870,-1,8870,8823,8821,-1,8870,8821,8872,-1,8872,8821,8819,-1,8872,8819,8874,-1,8874,8819,8817,-1,8874,8817,8877,-1,8877,8817,8814,-1,8877,8814,8879,-1,8879,8814,8812,-1,8879,8812,8881,-1,8881,8812,8810,-1,8881,8810,8883,-1,8883,8810,8809,-1,8883,8809,8885,-1,8885,8809,8807,-1,8885,8807,8886,-1,8886,8807,8805,-1,8886,8805,8888,-1,8888,8805,8803,-1,8888,8803,8890,-1,8890,8803,8801,-1,8890,8801,8892,-1,8892,8801,8799,-1,8892,8799,8894,-1,8894,8799,8797,-1,8894,8797,8896,-1,8896,8797,8794,-1,8896,8794,8899,-1,8899,8794,8792,-1,8899,8792,8901,-1,8901,8792,8790,-1,8901,8790,8903,-1,8903,8790,8788,-1,8903,8788,8905,-1,8905,8788,8786,-1,8905,8786,8907,-1,8907,8786,8784,-1,8907,8784,8775,-1,8775,8784,8781,-1,8775,8781,8774,-1,8774,8781,8780,-1,8782,8779,8780,-1,8780,8779,8777,-1,8772,8778,8782,-1,8782,8778,8779,-1,8776,8774,8777,-1,8777,8774,8780,-1,8774,8776,8772,-1,8772,8776,8778,-1,8908,8909,8910,-1,8910,8909,8911,-1,8912,8913,8914,-1,8914,8913,8915,-1,8916,8917,8918,-1,8918,8917,8919,-1,8919,8917,8920,-1,8919,8920,8921,-1,8921,8920,8922,-1,8921,8922,8923,-1,8923,8922,8924,-1,8923,8924,8925,-1,8925,8924,8926,-1,8925,8926,8927,-1,8927,8926,8928,-1,8927,8928,8929,-1,8929,8928,8930,-1,8929,8930,8931,-1,8931,8930,8932,-1,8932,8930,8933,-1,8932,8933,8934,-1,8934,8933,8935,-1,8934,8935,8936,-1,8936,8935,8937,-1,8936,8937,8938,-1,8938,8937,8939,-1,8938,8939,8940,-1,8940,8939,8941,-1,8940,8941,8942,-1,8942,8941,8943,-1,8944,8942,8945,-1,8945,8942,8943,-1,8944,8945,8946,-1,8944,8946,8947,-1,8947,8946,8948,-1,8947,8948,8949,-1,8949,8948,8950,-1,8949,8950,8951,-1,8952,8951,8953,-1,8953,8951,8950,-1,8952,8953,8954,-1,8954,8953,8955,-1,8954,8955,8956,-1,8956,8955,8957,-1,8956,8957,8958,-1,8958,8957,8959,-1,8960,8958,8961,-1,8961,8958,8959,-1,8960,8961,8962,-1,8962,8961,8963,-1,8962,8963,8964,-1,8964,8963,8965,-1,8964,8965,8966,-1,8966,8965,8967,-1,8966,8967,8968,-1,8968,8967,8969,-1,8970,8968,8971,-1,8971,8968,8969,-1,8970,8971,8972,-1,8970,8972,8973,-1,8973,8972,8974,-1,8973,8974,8975,-1,8975,8974,8976,-1,8975,8976,8977,-1,8977,8976,8978,-1,8977,8978,8979,-1,8980,8979,8981,-1,8981,8979,8978,-1,8982,8980,8983,-1,8983,8980,8981,-1,8984,8982,8985,-1,8985,8982,8983,-1,8984,8985,8986,-1,8986,8985,8987,-1,8986,8987,8988,-1,8988,8987,8989,-1,8988,8989,8990,-1,8990,8989,8991,-1,8990,8991,8992,-1,8992,8991,8993,-1,8994,8992,8995,-1,8995,8992,8993,-1,8994,8995,8996,-1,8994,8996,8997,-1,8997,8996,8998,-1,8997,8998,8999,-1,8999,8998,9000,-1,8999,9000,9001,-1,9001,9000,9002,-1,9001,9002,9003,-1,9004,9003,9005,-1,9005,9003,9002,-1,9004,9005,9006,-1,9004,9006,9007,-1,9007,9006,9008,-1,9007,9008,9009,-1,9009,9008,9010,-1,9009,9010,9011,-1,9012,9011,9013,-1,9013,9011,9010,-1,9012,9013,9014,-1,9014,9013,9015,-1,9014,9015,9016,-1,9016,9015,9017,-1,9016,9017,9018,-1,9018,9017,9019,-1,9020,9018,9021,-1,9021,9018,9019,-1,9020,9021,9022,-1,9020,9022,9023,-1,9023,9022,9024,-1,9023,9024,9025,-1,9025,9024,9026,-1,9025,9026,9027,-1,9027,9026,9028,-1,9027,9028,9029,-1,9029,9028,9030,-1,9029,9030,9031,-1,9031,9030,9032,-1,9031,9032,9033,-1,9033,9032,9034,-1,9034,9032,9035,-1,9034,9035,9036,-1,9036,9035,9037,-1,9036,9037,9038,-1,9038,9037,9039,-1,9038,9039,9040,-1,9040,9039,9041,-1,9040,9041,9042,-1,9042,9041,9043,-1,9042,9043,8909,-1,8909,9043,8911,-1,8980,8982,8979,-1,8979,8982,8984,-1,8979,8984,8977,-1,8977,8984,8986,-1,8977,8986,8975,-1,8975,8986,8988,-1,8975,8988,8973,-1,8973,8988,8990,-1,8973,8990,8970,-1,8970,8990,8992,-1,8970,8992,8968,-1,8968,8992,8994,-1,8968,8994,8966,-1,8966,8994,8997,-1,8966,8997,8964,-1,8964,8997,8999,-1,8964,8999,8962,-1,8962,8999,9001,-1,8962,9001,8960,-1,8960,9001,9003,-1,8960,9003,8958,-1,8958,9003,9004,-1,8958,9004,8956,-1,8956,9004,9007,-1,8956,9007,8954,-1,8954,9007,9009,-1,8954,9009,8952,-1,8952,9009,9011,-1,8952,9011,8951,-1,8951,9011,9012,-1,8951,9012,8949,-1,8949,9012,9014,-1,8949,9014,8947,-1,8947,9014,9016,-1,8947,9016,8944,-1,8944,9016,9018,-1,8944,9018,8942,-1,8942,9018,9020,-1,8942,9020,8940,-1,8940,9020,9023,-1,8940,9023,8938,-1,8938,9023,9025,-1,8938,9025,8936,-1,8936,9025,9027,-1,8936,9027,8934,-1,8934,9027,9029,-1,8934,9029,8932,-1,8932,9029,9031,-1,8932,9031,8931,-1,8931,9031,9033,-1,8931,9033,8929,-1,8929,9033,9034,-1,8929,9034,8927,-1,8927,9034,9036,-1,8927,9036,8925,-1,8925,9036,9038,-1,8925,9038,8923,-1,8923,9038,9040,-1,8923,9040,8921,-1,8921,9040,9042,-1,8921,9042,8919,-1,8919,9042,8909,-1,8919,8909,8918,-1,8918,8909,8908,-1,8983,8981,8985,-1,8985,8981,8978,-1,8985,8978,8987,-1,8987,8978,8976,-1,8987,8976,8989,-1,8989,8976,8974,-1,8989,8974,8991,-1,8991,8974,8972,-1,8991,8972,8993,-1,8993,8972,8971,-1,8993,8971,8995,-1,8995,8971,8969,-1,8995,8969,8996,-1,8996,8969,8967,-1,8996,8967,8998,-1,8998,8967,8965,-1,8998,8965,9000,-1,9000,8965,8963,-1,9000,8963,9002,-1,9002,8963,8961,-1,9002,8961,9005,-1,9005,8961,8959,-1,9005,8959,9006,-1,9006,8959,8957,-1,9006,8957,9008,-1,9008,8957,8955,-1,9008,8955,9010,-1,9010,8955,8953,-1,9010,8953,9013,-1,9013,8953,8950,-1,9013,8950,9015,-1,9015,8950,8948,-1,9015,8948,9017,-1,9017,8948,8946,-1,9017,8946,9019,-1,9019,8946,8945,-1,9019,8945,9021,-1,9021,8945,8943,-1,9021,8943,9022,-1,9022,8943,8941,-1,9022,8941,9024,-1,9024,8941,8939,-1,9024,8939,9026,-1,9026,8939,8937,-1,9026,8937,9028,-1,9028,8937,8935,-1,9028,8935,9030,-1,9030,8935,8933,-1,9030,8933,9032,-1,9032,8933,8930,-1,9032,8930,9035,-1,9035,8930,8928,-1,9035,8928,9037,-1,9037,8928,8926,-1,9037,8926,9039,-1,9039,8926,8924,-1,9039,8924,9041,-1,9041,8924,8922,-1,9041,8922,9043,-1,9043,8922,8920,-1,9043,8920,8911,-1,8911,8920,8917,-1,8911,8917,8910,-1,8910,8917,8916,-1,8918,8915,8916,-1,8916,8915,8913,-1,8908,8914,8918,-1,8918,8914,8915,-1,8912,8910,8913,-1,8913,8910,8916,-1,8910,8912,8908,-1,8908,8912,8914,-1,9044,9045,9046,-1,9046,9045,9047,-1,9048,9049,9050,-1,9050,9049,9051,-1,9052,9053,9054,-1,9054,9053,9055,-1,9055,9053,9056,-1,9055,9056,9057,-1,9057,9056,9058,-1,9057,9058,9059,-1,9059,9058,9060,-1,9059,9060,9061,-1,9061,9060,9062,-1,9061,9062,9063,-1,9063,9062,9064,-1,9063,9064,9065,-1,9065,9064,9066,-1,9065,9066,9067,-1,9067,9066,9068,-1,9068,9066,9069,-1,9068,9069,9070,-1,9070,9069,9071,-1,9070,9071,9072,-1,9072,9071,9073,-1,9072,9073,9074,-1,9074,9073,9075,-1,9074,9075,9076,-1,9076,9075,9077,-1,9076,9077,9078,-1,9078,9077,9079,-1,9080,9078,9081,-1,9081,9078,9079,-1,9080,9081,9082,-1,9080,9082,9083,-1,9083,9082,9084,-1,9083,9084,9085,-1,9085,9084,9086,-1,9085,9086,9087,-1,9088,9087,9089,-1,9089,9087,9086,-1,9088,9089,9090,-1,9090,9089,9091,-1,9090,9091,9092,-1,9092,9091,9093,-1,9092,9093,9094,-1,9094,9093,9095,-1,9096,9094,9097,-1,9097,9094,9095,-1,9096,9097,9098,-1,9098,9097,9099,-1,9098,9099,9100,-1,9100,9099,9101,-1,9100,9101,9102,-1,9102,9101,9103,-1,9102,9103,9104,-1,9104,9103,9105,-1,9106,9104,9107,-1,9107,9104,9105,-1,9106,9107,9108,-1,9106,9108,9109,-1,9109,9108,9110,-1,9109,9110,9111,-1,9111,9110,9112,-1,9111,9112,9113,-1,9113,9112,9114,-1,9113,9114,9115,-1,9116,9115,9117,-1,9117,9115,9114,-1,9118,9116,9119,-1,9119,9116,9117,-1,9120,9118,9121,-1,9121,9118,9119,-1,9120,9121,9122,-1,9122,9121,9123,-1,9122,9123,9124,-1,9124,9123,9125,-1,9124,9125,9126,-1,9126,9125,9127,-1,9126,9127,9128,-1,9128,9127,9129,-1,9130,9128,9131,-1,9131,9128,9129,-1,9130,9131,9132,-1,9130,9132,9133,-1,9133,9132,9134,-1,9133,9134,9135,-1,9135,9134,9136,-1,9135,9136,9137,-1,9137,9136,9138,-1,9137,9138,9139,-1,9140,9139,9141,-1,9141,9139,9138,-1,9140,9141,9142,-1,9140,9142,9143,-1,9143,9142,9144,-1,9143,9144,9145,-1,9145,9144,9146,-1,9145,9146,9147,-1,9148,9147,9149,-1,9149,9147,9146,-1,9148,9149,9150,-1,9150,9149,9151,-1,9150,9151,9152,-1,9152,9151,9153,-1,9152,9153,9154,-1,9154,9153,9155,-1,9156,9154,9157,-1,9157,9154,9155,-1,9156,9157,9158,-1,9156,9158,9159,-1,9159,9158,9160,-1,9159,9160,9161,-1,9161,9160,9162,-1,9161,9162,9163,-1,9163,9162,9164,-1,9163,9164,9165,-1,9165,9164,9166,-1,9165,9166,9167,-1,9167,9166,9168,-1,9167,9168,9169,-1,9169,9168,9170,-1,9170,9168,9171,-1,9170,9171,9172,-1,9172,9171,9173,-1,9172,9173,9174,-1,9174,9173,9175,-1,9174,9175,9176,-1,9176,9175,9177,-1,9176,9177,9178,-1,9178,9177,9179,-1,9178,9179,9045,-1,9045,9179,9047,-1,9116,9118,9115,-1,9115,9118,9120,-1,9115,9120,9113,-1,9113,9120,9122,-1,9113,9122,9111,-1,9111,9122,9124,-1,9111,9124,9109,-1,9109,9124,9126,-1,9109,9126,9106,-1,9106,9126,9128,-1,9106,9128,9104,-1,9104,9128,9130,-1,9104,9130,9102,-1,9102,9130,9133,-1,9102,9133,9100,-1,9100,9133,9135,-1,9100,9135,9098,-1,9098,9135,9137,-1,9098,9137,9096,-1,9096,9137,9139,-1,9096,9139,9094,-1,9094,9139,9140,-1,9094,9140,9092,-1,9092,9140,9143,-1,9092,9143,9090,-1,9090,9143,9145,-1,9090,9145,9088,-1,9088,9145,9147,-1,9088,9147,9087,-1,9087,9147,9148,-1,9087,9148,9085,-1,9085,9148,9150,-1,9085,9150,9083,-1,9083,9150,9152,-1,9083,9152,9080,-1,9080,9152,9154,-1,9080,9154,9078,-1,9078,9154,9156,-1,9078,9156,9076,-1,9076,9156,9159,-1,9076,9159,9074,-1,9074,9159,9161,-1,9074,9161,9072,-1,9072,9161,9163,-1,9072,9163,9070,-1,9070,9163,9165,-1,9070,9165,9068,-1,9068,9165,9167,-1,9068,9167,9067,-1,9067,9167,9169,-1,9067,9169,9065,-1,9065,9169,9170,-1,9065,9170,9063,-1,9063,9170,9172,-1,9063,9172,9061,-1,9061,9172,9174,-1,9061,9174,9059,-1,9059,9174,9176,-1,9059,9176,9057,-1,9057,9176,9178,-1,9057,9178,9055,-1,9055,9178,9045,-1,9055,9045,9054,-1,9054,9045,9044,-1,9119,9117,9121,-1,9121,9117,9114,-1,9121,9114,9123,-1,9123,9114,9112,-1,9123,9112,9125,-1,9125,9112,9110,-1,9125,9110,9127,-1,9127,9110,9108,-1,9127,9108,9129,-1,9129,9108,9107,-1,9129,9107,9131,-1,9131,9107,9105,-1,9131,9105,9132,-1,9132,9105,9103,-1,9132,9103,9134,-1,9134,9103,9101,-1,9134,9101,9136,-1,9136,9101,9099,-1,9136,9099,9138,-1,9138,9099,9097,-1,9138,9097,9141,-1,9141,9097,9095,-1,9141,9095,9142,-1,9142,9095,9093,-1,9142,9093,9144,-1,9144,9093,9091,-1,9144,9091,9146,-1,9146,9091,9089,-1,9146,9089,9149,-1,9149,9089,9086,-1,9149,9086,9151,-1,9151,9086,9084,-1,9151,9084,9153,-1,9153,9084,9082,-1,9153,9082,9155,-1,9155,9082,9081,-1,9155,9081,9157,-1,9157,9081,9079,-1,9157,9079,9158,-1,9158,9079,9077,-1,9158,9077,9160,-1,9160,9077,9075,-1,9160,9075,9162,-1,9162,9075,9073,-1,9162,9073,9164,-1,9164,9073,9071,-1,9164,9071,9166,-1,9166,9071,9069,-1,9166,9069,9168,-1,9168,9069,9066,-1,9168,9066,9171,-1,9171,9066,9064,-1,9171,9064,9173,-1,9173,9064,9062,-1,9173,9062,9175,-1,9175,9062,9060,-1,9175,9060,9177,-1,9177,9060,9058,-1,9177,9058,9179,-1,9179,9058,9056,-1,9179,9056,9047,-1,9047,9056,9053,-1,9047,9053,9046,-1,9046,9053,9052,-1,9054,9051,9052,-1,9052,9051,9049,-1,9044,9050,9054,-1,9054,9050,9051,-1,9048,9046,9049,-1,9049,9046,9052,-1,9046,9048,9044,-1,9044,9048,9050,-1,9180,9181,9182,-1,9182,9181,9183,-1,9184,9185,9186,-1,9186,9185,9187,-1,9188,9189,9190,-1,9190,9189,9191,-1,9191,9189,9192,-1,9191,9192,9193,-1,9193,9192,9194,-1,9193,9194,9195,-1,9195,9194,9196,-1,9195,9196,9197,-1,9197,9196,9198,-1,9197,9198,9199,-1,9199,9198,9200,-1,9199,9200,9201,-1,9201,9200,9202,-1,9201,9202,9203,-1,9203,9202,9204,-1,9204,9202,9205,-1,9204,9205,9206,-1,9206,9205,9207,-1,9206,9207,9208,-1,9208,9207,9209,-1,9208,9209,9210,-1,9210,9209,9211,-1,9210,9211,9212,-1,9212,9211,9213,-1,9212,9213,9214,-1,9214,9213,9215,-1,9216,9214,9217,-1,9217,9214,9215,-1,9216,9217,9218,-1,9216,9218,9219,-1,9219,9218,9220,-1,9219,9220,9221,-1,9221,9220,9222,-1,9221,9222,9223,-1,9224,9223,9225,-1,9225,9223,9222,-1,9224,9225,9226,-1,9226,9225,9227,-1,9226,9227,9228,-1,9228,9227,9229,-1,9228,9229,9230,-1,9230,9229,9231,-1,9232,9230,9233,-1,9233,9230,9231,-1,9232,9233,9234,-1,9234,9233,9235,-1,9234,9235,9236,-1,9236,9235,9237,-1,9236,9237,9238,-1,9238,9237,9239,-1,9238,9239,9240,-1,9240,9239,9241,-1,9242,9240,9243,-1,9243,9240,9241,-1,9242,9243,9244,-1,9242,9244,9245,-1,9245,9244,9246,-1,9245,9246,9247,-1,9247,9246,9248,-1,9247,9248,9249,-1,9249,9248,9250,-1,9249,9250,9251,-1,9252,9251,9253,-1,9253,9251,9250,-1,9254,9252,9255,-1,9255,9252,9253,-1,9256,9254,9257,-1,9257,9254,9255,-1,9256,9257,9258,-1,9258,9257,9259,-1,9258,9259,9260,-1,9260,9259,9261,-1,9260,9261,9262,-1,9262,9261,9263,-1,9262,9263,9264,-1,9264,9263,9265,-1,9266,9264,9267,-1,9267,9264,9265,-1,9266,9267,9268,-1,9266,9268,9269,-1,9269,9268,9270,-1,9269,9270,9271,-1,9271,9270,9272,-1,9271,9272,9273,-1,9273,9272,9274,-1,9273,9274,9275,-1,9276,9275,9277,-1,9277,9275,9274,-1,9276,9277,9278,-1,9276,9278,9279,-1,9279,9278,9280,-1,9279,9280,9281,-1,9281,9280,9282,-1,9281,9282,9283,-1,9284,9283,9285,-1,9285,9283,9282,-1,9284,9285,9286,-1,9286,9285,9287,-1,9286,9287,9288,-1,9288,9287,9289,-1,9288,9289,9290,-1,9290,9289,9291,-1,9292,9290,9293,-1,9293,9290,9291,-1,9292,9293,9294,-1,9292,9294,9295,-1,9295,9294,9296,-1,9295,9296,9297,-1,9297,9296,9298,-1,9297,9298,9299,-1,9299,9298,9300,-1,9299,9300,9301,-1,9301,9300,9302,-1,9301,9302,9303,-1,9303,9302,9304,-1,9303,9304,9305,-1,9305,9304,9306,-1,9306,9304,9307,-1,9306,9307,9308,-1,9308,9307,9309,-1,9308,9309,9310,-1,9310,9309,9311,-1,9310,9311,9312,-1,9312,9311,9313,-1,9312,9313,9314,-1,9314,9313,9315,-1,9314,9315,9181,-1,9181,9315,9183,-1,9252,9254,9251,-1,9251,9254,9256,-1,9251,9256,9249,-1,9249,9256,9258,-1,9249,9258,9247,-1,9247,9258,9260,-1,9247,9260,9245,-1,9245,9260,9262,-1,9245,9262,9242,-1,9242,9262,9264,-1,9242,9264,9240,-1,9240,9264,9266,-1,9240,9266,9238,-1,9238,9266,9269,-1,9238,9269,9236,-1,9236,9269,9271,-1,9236,9271,9234,-1,9234,9271,9273,-1,9234,9273,9232,-1,9232,9273,9275,-1,9232,9275,9230,-1,9230,9275,9276,-1,9230,9276,9228,-1,9228,9276,9279,-1,9228,9279,9226,-1,9226,9279,9281,-1,9226,9281,9224,-1,9224,9281,9283,-1,9224,9283,9223,-1,9223,9283,9284,-1,9223,9284,9221,-1,9221,9284,9286,-1,9221,9286,9219,-1,9219,9286,9288,-1,9219,9288,9216,-1,9216,9288,9290,-1,9216,9290,9214,-1,9214,9290,9292,-1,9214,9292,9212,-1,9212,9292,9295,-1,9212,9295,9210,-1,9210,9295,9297,-1,9210,9297,9208,-1,9208,9297,9299,-1,9208,9299,9206,-1,9206,9299,9301,-1,9206,9301,9204,-1,9204,9301,9303,-1,9204,9303,9203,-1,9203,9303,9305,-1,9203,9305,9201,-1,9201,9305,9306,-1,9201,9306,9199,-1,9199,9306,9308,-1,9199,9308,9197,-1,9197,9308,9310,-1,9197,9310,9195,-1,9195,9310,9312,-1,9195,9312,9193,-1,9193,9312,9314,-1,9193,9314,9191,-1,9191,9314,9181,-1,9191,9181,9190,-1,9190,9181,9180,-1,9255,9253,9257,-1,9257,9253,9250,-1,9257,9250,9259,-1,9259,9250,9248,-1,9259,9248,9261,-1,9261,9248,9246,-1,9261,9246,9263,-1,9263,9246,9244,-1,9263,9244,9265,-1,9265,9244,9243,-1,9265,9243,9267,-1,9267,9243,9241,-1,9267,9241,9268,-1,9268,9241,9239,-1,9268,9239,9270,-1,9270,9239,9237,-1,9270,9237,9272,-1,9272,9237,9235,-1,9272,9235,9274,-1,9274,9235,9233,-1,9274,9233,9277,-1,9277,9233,9231,-1,9277,9231,9278,-1,9278,9231,9229,-1,9278,9229,9280,-1,9280,9229,9227,-1,9280,9227,9282,-1,9282,9227,9225,-1,9282,9225,9285,-1,9285,9225,9222,-1,9285,9222,9287,-1,9287,9222,9220,-1,9287,9220,9289,-1,9289,9220,9218,-1,9289,9218,9291,-1,9291,9218,9217,-1,9291,9217,9293,-1,9293,9217,9215,-1,9293,9215,9294,-1,9294,9215,9213,-1,9294,9213,9296,-1,9296,9213,9211,-1,9296,9211,9298,-1,9298,9211,9209,-1,9298,9209,9300,-1,9300,9209,9207,-1,9300,9207,9302,-1,9302,9207,9205,-1,9302,9205,9304,-1,9304,9205,9202,-1,9304,9202,9307,-1,9307,9202,9200,-1,9307,9200,9309,-1,9309,9200,9198,-1,9309,9198,9311,-1,9311,9198,9196,-1,9311,9196,9313,-1,9313,9196,9194,-1,9313,9194,9315,-1,9315,9194,9192,-1,9315,9192,9183,-1,9183,9192,9189,-1,9183,9189,9182,-1,9182,9189,9188,-1,9190,9187,9188,-1,9188,9187,9185,-1,9180,9186,9190,-1,9190,9186,9187,-1,9184,9182,9185,-1,9185,9182,9188,-1,9182,9184,9180,-1,9180,9184,9186,-1,9316,9317,9318,-1,9318,9317,9319,-1,9320,9321,9322,-1,9322,9321,9323,-1,9324,9325,9326,-1,9326,9325,9327,-1,9327,9325,9328,-1,9327,9328,9329,-1,9329,9328,9330,-1,9329,9330,9331,-1,9331,9330,9332,-1,9331,9332,9333,-1,9333,9332,9334,-1,9333,9334,9335,-1,9335,9334,9336,-1,9335,9336,9337,-1,9337,9336,9338,-1,9337,9338,9339,-1,9339,9338,9340,-1,9340,9338,9341,-1,9340,9341,9342,-1,9342,9341,9343,-1,9342,9343,9344,-1,9344,9343,9345,-1,9344,9345,9346,-1,9346,9345,9347,-1,9346,9347,9348,-1,9348,9347,9349,-1,9348,9349,9350,-1,9350,9349,9351,-1,9352,9350,9353,-1,9353,9350,9351,-1,9352,9353,9354,-1,9352,9354,9355,-1,9355,9354,9356,-1,9355,9356,9357,-1,9357,9356,9358,-1,9357,9358,9359,-1,9360,9359,9361,-1,9361,9359,9358,-1,9360,9361,9362,-1,9362,9361,9363,-1,9362,9363,9364,-1,9364,9363,9365,-1,9364,9365,9366,-1,9366,9365,9367,-1,9368,9366,9369,-1,9369,9366,9367,-1,9368,9369,9370,-1,9370,9369,9371,-1,9370,9371,9372,-1,9372,9371,9373,-1,9372,9373,9374,-1,9374,9373,9375,-1,9374,9375,9376,-1,9376,9375,9377,-1,9378,9376,9379,-1,9379,9376,9377,-1,9378,9379,9380,-1,9378,9380,9381,-1,9381,9380,9382,-1,9381,9382,9383,-1,9383,9382,9384,-1,9383,9384,9385,-1,9385,9384,9386,-1,9385,9386,9387,-1,9388,9387,9389,-1,9389,9387,9386,-1,9390,9388,9391,-1,9391,9388,9389,-1,9392,9390,9393,-1,9393,9390,9391,-1,9392,9393,9394,-1,9394,9393,9395,-1,9394,9395,9396,-1,9396,9395,9397,-1,9396,9397,9398,-1,9398,9397,9399,-1,9398,9399,9400,-1,9400,9399,9401,-1,9402,9400,9403,-1,9403,9400,9401,-1,9402,9403,9404,-1,9402,9404,9405,-1,9405,9404,9406,-1,9405,9406,9407,-1,9407,9406,9408,-1,9407,9408,9409,-1,9409,9408,9410,-1,9409,9410,9411,-1,9412,9411,9413,-1,9413,9411,9410,-1,9412,9413,9414,-1,9412,9414,9415,-1,9415,9414,9416,-1,9415,9416,9417,-1,9417,9416,9418,-1,9417,9418,9419,-1,9420,9419,9421,-1,9421,9419,9418,-1,9420,9421,9422,-1,9422,9421,9423,-1,9422,9423,9424,-1,9424,9423,9425,-1,9424,9425,9426,-1,9426,9425,9427,-1,9428,9426,9429,-1,9429,9426,9427,-1,9428,9429,9430,-1,9428,9430,9431,-1,9431,9430,9432,-1,9431,9432,9433,-1,9433,9432,9434,-1,9433,9434,9435,-1,9435,9434,9436,-1,9435,9436,9437,-1,9437,9436,9438,-1,9437,9438,9439,-1,9439,9438,9440,-1,9439,9440,9441,-1,9441,9440,9442,-1,9442,9440,9443,-1,9442,9443,9444,-1,9444,9443,9445,-1,9444,9445,9446,-1,9446,9445,9447,-1,9446,9447,9448,-1,9448,9447,9449,-1,9448,9449,9450,-1,9450,9449,9451,-1,9450,9451,9317,-1,9317,9451,9319,-1,9388,9390,9387,-1,9387,9390,9392,-1,9387,9392,9385,-1,9385,9392,9394,-1,9385,9394,9383,-1,9383,9394,9396,-1,9383,9396,9381,-1,9381,9396,9398,-1,9381,9398,9378,-1,9378,9398,9400,-1,9378,9400,9376,-1,9376,9400,9402,-1,9376,9402,9374,-1,9374,9402,9405,-1,9374,9405,9372,-1,9372,9405,9407,-1,9372,9407,9370,-1,9370,9407,9409,-1,9370,9409,9368,-1,9368,9409,9411,-1,9368,9411,9366,-1,9366,9411,9412,-1,9366,9412,9364,-1,9364,9412,9415,-1,9364,9415,9362,-1,9362,9415,9417,-1,9362,9417,9360,-1,9360,9417,9419,-1,9360,9419,9359,-1,9359,9419,9420,-1,9359,9420,9357,-1,9357,9420,9422,-1,9357,9422,9355,-1,9355,9422,9424,-1,9355,9424,9352,-1,9352,9424,9426,-1,9352,9426,9350,-1,9350,9426,9428,-1,9350,9428,9348,-1,9348,9428,9431,-1,9348,9431,9346,-1,9346,9431,9433,-1,9346,9433,9344,-1,9344,9433,9435,-1,9344,9435,9342,-1,9342,9435,9437,-1,9342,9437,9340,-1,9340,9437,9439,-1,9340,9439,9339,-1,9339,9439,9441,-1,9339,9441,9337,-1,9337,9441,9442,-1,9337,9442,9335,-1,9335,9442,9444,-1,9335,9444,9333,-1,9333,9444,9446,-1,9333,9446,9331,-1,9331,9446,9448,-1,9331,9448,9329,-1,9329,9448,9450,-1,9329,9450,9327,-1,9327,9450,9317,-1,9327,9317,9326,-1,9326,9317,9316,-1,9391,9389,9393,-1,9393,9389,9386,-1,9393,9386,9395,-1,9395,9386,9384,-1,9395,9384,9397,-1,9397,9384,9382,-1,9397,9382,9399,-1,9399,9382,9380,-1,9399,9380,9401,-1,9401,9380,9379,-1,9401,9379,9403,-1,9403,9379,9377,-1,9403,9377,9404,-1,9404,9377,9375,-1,9404,9375,9406,-1,9406,9375,9373,-1,9406,9373,9408,-1,9408,9373,9371,-1,9408,9371,9410,-1,9410,9371,9369,-1,9410,9369,9413,-1,9413,9369,9367,-1,9413,9367,9414,-1,9414,9367,9365,-1,9414,9365,9416,-1,9416,9365,9363,-1,9416,9363,9418,-1,9418,9363,9361,-1,9418,9361,9421,-1,9421,9361,9358,-1,9421,9358,9423,-1,9423,9358,9356,-1,9423,9356,9425,-1,9425,9356,9354,-1,9425,9354,9427,-1,9427,9354,9353,-1,9427,9353,9429,-1,9429,9353,9351,-1,9429,9351,9430,-1,9430,9351,9349,-1,9430,9349,9432,-1,9432,9349,9347,-1,9432,9347,9434,-1,9434,9347,9345,-1,9434,9345,9436,-1,9436,9345,9343,-1,9436,9343,9438,-1,9438,9343,9341,-1,9438,9341,9440,-1,9440,9341,9338,-1,9440,9338,9443,-1,9443,9338,9336,-1,9443,9336,9445,-1,9445,9336,9334,-1,9445,9334,9447,-1,9447,9334,9332,-1,9447,9332,9449,-1,9449,9332,9330,-1,9449,9330,9451,-1,9451,9330,9328,-1,9451,9328,9319,-1,9319,9328,9325,-1,9319,9325,9318,-1,9318,9325,9324,-1,9326,9323,9324,-1,9324,9323,9321,-1,9316,9322,9326,-1,9326,9322,9323,-1,9320,9318,9321,-1,9321,9318,9324,-1,9318,9320,9316,-1,9316,9320,9322,-1,9452,9453,9454,-1,9454,9453,9455,-1,9456,9457,9458,-1,9458,9457,9459,-1,9460,9461,9462,-1,9462,9461,9463,-1,9463,9461,9464,-1,9463,9464,9465,-1,9465,9464,9466,-1,9465,9466,9467,-1,9467,9466,9468,-1,9467,9468,9469,-1,9469,9468,9470,-1,9469,9470,9471,-1,9471,9470,9472,-1,9471,9472,9473,-1,9473,9472,9474,-1,9473,9474,9475,-1,9475,9474,9476,-1,9476,9474,9477,-1,9476,9477,9478,-1,9478,9477,9479,-1,9478,9479,9480,-1,9480,9479,9481,-1,9480,9481,9482,-1,9482,9481,9483,-1,9482,9483,9484,-1,9484,9483,9485,-1,9484,9485,9486,-1,9486,9485,9487,-1,9488,9486,9489,-1,9489,9486,9487,-1,9488,9489,9490,-1,9488,9490,9491,-1,9491,9490,9492,-1,9491,9492,9493,-1,9493,9492,9494,-1,9493,9494,9495,-1,9496,9495,9497,-1,9497,9495,9494,-1,9496,9497,9498,-1,9498,9497,9499,-1,9498,9499,9500,-1,9500,9499,9501,-1,9500,9501,9502,-1,9502,9501,9503,-1,9504,9502,9505,-1,9505,9502,9503,-1,9504,9505,9506,-1,9506,9505,9507,-1,9506,9507,9508,-1,9508,9507,9509,-1,9508,9509,9510,-1,9510,9509,9511,-1,9510,9511,9512,-1,9512,9511,9513,-1,9514,9512,9515,-1,9515,9512,9513,-1,9514,9515,9516,-1,9514,9516,9517,-1,9517,9516,9518,-1,9517,9518,9519,-1,9519,9518,9520,-1,9519,9520,9521,-1,9521,9520,9522,-1,9521,9522,9523,-1,9524,9523,9525,-1,9525,9523,9522,-1,9526,9524,9527,-1,9527,9524,9525,-1,9528,9526,9529,-1,9529,9526,9527,-1,9528,9529,9530,-1,9530,9529,9531,-1,9530,9531,9532,-1,9532,9531,9533,-1,9532,9533,9534,-1,9534,9533,9535,-1,9534,9535,9536,-1,9536,9535,9537,-1,9538,9536,9539,-1,9539,9536,9537,-1,9538,9539,9540,-1,9538,9540,9541,-1,9541,9540,9542,-1,9541,9542,9543,-1,9543,9542,9544,-1,9543,9544,9545,-1,9545,9544,9546,-1,9545,9546,9547,-1,9548,9547,9549,-1,9549,9547,9546,-1,9548,9549,9550,-1,9548,9550,9551,-1,9551,9550,9552,-1,9551,9552,9553,-1,9553,9552,9554,-1,9553,9554,9555,-1,9556,9555,9557,-1,9557,9555,9554,-1,9556,9557,9558,-1,9558,9557,9559,-1,9558,9559,9560,-1,9560,9559,9561,-1,9560,9561,9562,-1,9562,9561,9563,-1,9564,9562,9565,-1,9565,9562,9563,-1,9564,9565,9566,-1,9564,9566,9567,-1,9567,9566,9568,-1,9567,9568,9569,-1,9569,9568,9570,-1,9569,9570,9571,-1,9571,9570,9572,-1,9571,9572,9573,-1,9573,9572,9574,-1,9573,9574,9575,-1,9575,9574,9576,-1,9575,9576,9577,-1,9577,9576,9578,-1,9578,9576,9579,-1,9578,9579,9580,-1,9580,9579,9581,-1,9580,9581,9582,-1,9582,9581,9583,-1,9582,9583,9584,-1,9584,9583,9585,-1,9584,9585,9586,-1,9586,9585,9587,-1,9586,9587,9453,-1,9453,9587,9455,-1,9524,9526,9523,-1,9523,9526,9528,-1,9523,9528,9521,-1,9521,9528,9530,-1,9521,9530,9519,-1,9519,9530,9532,-1,9519,9532,9517,-1,9517,9532,9534,-1,9517,9534,9514,-1,9514,9534,9536,-1,9514,9536,9512,-1,9512,9536,9538,-1,9512,9538,9510,-1,9510,9538,9541,-1,9510,9541,9508,-1,9508,9541,9543,-1,9508,9543,9506,-1,9506,9543,9545,-1,9506,9545,9504,-1,9504,9545,9547,-1,9504,9547,9502,-1,9502,9547,9548,-1,9502,9548,9500,-1,9500,9548,9551,-1,9500,9551,9498,-1,9498,9551,9553,-1,9498,9553,9496,-1,9496,9553,9555,-1,9496,9555,9495,-1,9495,9555,9556,-1,9495,9556,9493,-1,9493,9556,9558,-1,9493,9558,9491,-1,9491,9558,9560,-1,9491,9560,9488,-1,9488,9560,9562,-1,9488,9562,9486,-1,9486,9562,9564,-1,9486,9564,9484,-1,9484,9564,9567,-1,9484,9567,9482,-1,9482,9567,9569,-1,9482,9569,9480,-1,9480,9569,9571,-1,9480,9571,9478,-1,9478,9571,9573,-1,9478,9573,9476,-1,9476,9573,9575,-1,9476,9575,9475,-1,9475,9575,9577,-1,9475,9577,9473,-1,9473,9577,9578,-1,9473,9578,9471,-1,9471,9578,9580,-1,9471,9580,9469,-1,9469,9580,9582,-1,9469,9582,9467,-1,9467,9582,9584,-1,9467,9584,9465,-1,9465,9584,9586,-1,9465,9586,9463,-1,9463,9586,9453,-1,9463,9453,9462,-1,9462,9453,9452,-1,9527,9525,9529,-1,9529,9525,9522,-1,9529,9522,9531,-1,9531,9522,9520,-1,9531,9520,9533,-1,9533,9520,9518,-1,9533,9518,9535,-1,9535,9518,9516,-1,9535,9516,9537,-1,9537,9516,9515,-1,9537,9515,9539,-1,9539,9515,9513,-1,9539,9513,9540,-1,9540,9513,9511,-1,9540,9511,9542,-1,9542,9511,9509,-1,9542,9509,9544,-1,9544,9509,9507,-1,9544,9507,9546,-1,9546,9507,9505,-1,9546,9505,9549,-1,9549,9505,9503,-1,9549,9503,9550,-1,9550,9503,9501,-1,9550,9501,9552,-1,9552,9501,9499,-1,9552,9499,9554,-1,9554,9499,9497,-1,9554,9497,9557,-1,9557,9497,9494,-1,9557,9494,9559,-1,9559,9494,9492,-1,9559,9492,9561,-1,9561,9492,9490,-1,9561,9490,9563,-1,9563,9490,9489,-1,9563,9489,9565,-1,9565,9489,9487,-1,9565,9487,9566,-1,9566,9487,9485,-1,9566,9485,9568,-1,9568,9485,9483,-1,9568,9483,9570,-1,9570,9483,9481,-1,9570,9481,9572,-1,9572,9481,9479,-1,9572,9479,9574,-1,9574,9479,9477,-1,9574,9477,9576,-1,9576,9477,9474,-1,9576,9474,9579,-1,9579,9474,9472,-1,9579,9472,9581,-1,9581,9472,9470,-1,9581,9470,9583,-1,9583,9470,9468,-1,9583,9468,9585,-1,9585,9468,9466,-1,9585,9466,9587,-1,9587,9466,9464,-1,9587,9464,9455,-1,9455,9464,9461,-1,9455,9461,9454,-1,9454,9461,9460,-1,9462,9459,9460,-1,9460,9459,9457,-1,9452,9458,9462,-1,9462,9458,9459,-1,9456,9454,9457,-1,9457,9454,9460,-1,9454,9456,9452,-1,9452,9456,9458,-1,9588,9589,9590,-1,9590,9589,9591,-1,9592,9593,9594,-1,9594,9593,9595,-1,9596,9597,9598,-1,9598,9597,9599,-1,9599,9597,9600,-1,9599,9600,9601,-1,9601,9600,9602,-1,9601,9602,9603,-1,9603,9602,9604,-1,9603,9604,9605,-1,9605,9604,9606,-1,9605,9606,9607,-1,9607,9606,9608,-1,9607,9608,9609,-1,9609,9608,9610,-1,9609,9610,9611,-1,9611,9610,9612,-1,9612,9610,9613,-1,9612,9613,9614,-1,9614,9613,9615,-1,9614,9615,9616,-1,9616,9615,9617,-1,9616,9617,9618,-1,9618,9617,9619,-1,9618,9619,9620,-1,9620,9619,9621,-1,9620,9621,9622,-1,9622,9621,9623,-1,9624,9622,9625,-1,9625,9622,9623,-1,9624,9625,9626,-1,9624,9626,9627,-1,9627,9626,9628,-1,9627,9628,9629,-1,9629,9628,9630,-1,9629,9630,9631,-1,9632,9631,9633,-1,9633,9631,9630,-1,9632,9633,9634,-1,9634,9633,9635,-1,9634,9635,9636,-1,9636,9635,9637,-1,9636,9637,9638,-1,9638,9637,9639,-1,9640,9638,9641,-1,9641,9638,9639,-1,9640,9641,9642,-1,9642,9641,9643,-1,9642,9643,9644,-1,9644,9643,9645,-1,9644,9645,9646,-1,9646,9645,9647,-1,9646,9647,9648,-1,9648,9647,9649,-1,9650,9648,9651,-1,9651,9648,9649,-1,9650,9651,9652,-1,9650,9652,9653,-1,9653,9652,9654,-1,9653,9654,9655,-1,9655,9654,9656,-1,9655,9656,9657,-1,9657,9656,9658,-1,9657,9658,9659,-1,9660,9659,9661,-1,9661,9659,9658,-1,9662,9660,9663,-1,9663,9660,9661,-1,9664,9662,9665,-1,9665,9662,9663,-1,9664,9665,9666,-1,9666,9665,9667,-1,9666,9667,9668,-1,9668,9667,9669,-1,9668,9669,9670,-1,9670,9669,9671,-1,9670,9671,9672,-1,9672,9671,9673,-1,9674,9672,9675,-1,9675,9672,9673,-1,9674,9675,9676,-1,9674,9676,9677,-1,9677,9676,9678,-1,9677,9678,9679,-1,9679,9678,9680,-1,9679,9680,9681,-1,9681,9680,9682,-1,9681,9682,9683,-1,9684,9683,9685,-1,9685,9683,9682,-1,9684,9685,9686,-1,9684,9686,9687,-1,9687,9686,9688,-1,9687,9688,9689,-1,9689,9688,9690,-1,9689,9690,9691,-1,9692,9691,9693,-1,9693,9691,9690,-1,9692,9693,9694,-1,9694,9693,9695,-1,9694,9695,9696,-1,9696,9695,9697,-1,9696,9697,9698,-1,9698,9697,9699,-1,9700,9698,9701,-1,9701,9698,9699,-1,9700,9701,9702,-1,9700,9702,9703,-1,9703,9702,9704,-1,9703,9704,9705,-1,9705,9704,9706,-1,9705,9706,9707,-1,9707,9706,9708,-1,9707,9708,9709,-1,9709,9708,9710,-1,9709,9710,9711,-1,9711,9710,9712,-1,9711,9712,9713,-1,9713,9712,9714,-1,9714,9712,9715,-1,9714,9715,9716,-1,9716,9715,9717,-1,9716,9717,9718,-1,9718,9717,9719,-1,9718,9719,9720,-1,9720,9719,9721,-1,9720,9721,9722,-1,9722,9721,9723,-1,9722,9723,9589,-1,9589,9723,9591,-1,9660,9662,9659,-1,9659,9662,9664,-1,9659,9664,9657,-1,9657,9664,9666,-1,9657,9666,9655,-1,9655,9666,9668,-1,9655,9668,9653,-1,9653,9668,9670,-1,9653,9670,9650,-1,9650,9670,9672,-1,9650,9672,9648,-1,9648,9672,9674,-1,9648,9674,9646,-1,9646,9674,9677,-1,9646,9677,9644,-1,9644,9677,9679,-1,9644,9679,9642,-1,9642,9679,9681,-1,9642,9681,9640,-1,9640,9681,9683,-1,9640,9683,9638,-1,9638,9683,9684,-1,9638,9684,9636,-1,9636,9684,9687,-1,9636,9687,9634,-1,9634,9687,9689,-1,9634,9689,9632,-1,9632,9689,9691,-1,9632,9691,9631,-1,9631,9691,9692,-1,9631,9692,9629,-1,9629,9692,9694,-1,9629,9694,9627,-1,9627,9694,9696,-1,9627,9696,9624,-1,9624,9696,9698,-1,9624,9698,9622,-1,9622,9698,9700,-1,9622,9700,9620,-1,9620,9700,9703,-1,9620,9703,9618,-1,9618,9703,9705,-1,9618,9705,9616,-1,9616,9705,9707,-1,9616,9707,9614,-1,9614,9707,9709,-1,9614,9709,9612,-1,9612,9709,9711,-1,9612,9711,9611,-1,9611,9711,9713,-1,9611,9713,9609,-1,9609,9713,9714,-1,9609,9714,9607,-1,9607,9714,9716,-1,9607,9716,9605,-1,9605,9716,9718,-1,9605,9718,9603,-1,9603,9718,9720,-1,9603,9720,9601,-1,9601,9720,9722,-1,9601,9722,9599,-1,9599,9722,9589,-1,9599,9589,9598,-1,9598,9589,9588,-1,9663,9661,9665,-1,9665,9661,9658,-1,9665,9658,9667,-1,9667,9658,9656,-1,9667,9656,9669,-1,9669,9656,9654,-1,9669,9654,9671,-1,9671,9654,9652,-1,9671,9652,9673,-1,9673,9652,9651,-1,9673,9651,9675,-1,9675,9651,9649,-1,9675,9649,9676,-1,9676,9649,9647,-1,9676,9647,9678,-1,9678,9647,9645,-1,9678,9645,9680,-1,9680,9645,9643,-1,9680,9643,9682,-1,9682,9643,9641,-1,9682,9641,9685,-1,9685,9641,9639,-1,9685,9639,9686,-1,9686,9639,9637,-1,9686,9637,9688,-1,9688,9637,9635,-1,9688,9635,9690,-1,9690,9635,9633,-1,9690,9633,9693,-1,9693,9633,9630,-1,9693,9630,9695,-1,9695,9630,9628,-1,9695,9628,9697,-1,9697,9628,9626,-1,9697,9626,9699,-1,9699,9626,9625,-1,9699,9625,9701,-1,9701,9625,9623,-1,9701,9623,9702,-1,9702,9623,9621,-1,9702,9621,9704,-1,9704,9621,9619,-1,9704,9619,9706,-1,9706,9619,9617,-1,9706,9617,9708,-1,9708,9617,9615,-1,9708,9615,9710,-1,9710,9615,9613,-1,9710,9613,9712,-1,9712,9613,9610,-1,9712,9610,9715,-1,9715,9610,9608,-1,9715,9608,9717,-1,9717,9608,9606,-1,9717,9606,9719,-1,9719,9606,9604,-1,9719,9604,9721,-1,9721,9604,9602,-1,9721,9602,9723,-1,9723,9602,9600,-1,9723,9600,9591,-1,9591,9600,9597,-1,9591,9597,9590,-1,9590,9597,9596,-1,9598,9595,9596,-1,9596,9595,9593,-1,9588,9594,9598,-1,9598,9594,9595,-1,9592,9590,9593,-1,9593,9590,9596,-1,9590,9592,9588,-1,9588,9592,9594,-1,9724,9725,9726,-1,9726,9725,9727,-1,9728,9729,9730,-1,9730,9729,9731,-1,9732,9733,9734,-1,9734,9733,9735,-1,9735,9733,9736,-1,9735,9736,9737,-1,9737,9736,9738,-1,9737,9738,9739,-1,9739,9738,9740,-1,9739,9740,9741,-1,9741,9740,9742,-1,9741,9742,9743,-1,9743,9742,9744,-1,9743,9744,9745,-1,9745,9744,9746,-1,9745,9746,9747,-1,9747,9746,9748,-1,9748,9746,9749,-1,9748,9749,9750,-1,9750,9749,9751,-1,9750,9751,9752,-1,9752,9751,9753,-1,9752,9753,9754,-1,9754,9753,9755,-1,9754,9755,9756,-1,9756,9755,9757,-1,9756,9757,9758,-1,9758,9757,9759,-1,9760,9758,9761,-1,9761,9758,9759,-1,9760,9761,9762,-1,9760,9762,9763,-1,9763,9762,9764,-1,9763,9764,9765,-1,9765,9764,9766,-1,9765,9766,9767,-1,9768,9767,9769,-1,9769,9767,9766,-1,9768,9769,9770,-1,9770,9769,9771,-1,9770,9771,9772,-1,9772,9771,9773,-1,9772,9773,9774,-1,9774,9773,9775,-1,9776,9774,9777,-1,9777,9774,9775,-1,9776,9777,9778,-1,9778,9777,9779,-1,9778,9779,9780,-1,9780,9779,9781,-1,9780,9781,9782,-1,9782,9781,9783,-1,9782,9783,9784,-1,9784,9783,9785,-1,9786,9784,9787,-1,9787,9784,9785,-1,9786,9787,9788,-1,9786,9788,9789,-1,9789,9788,9790,-1,9789,9790,9791,-1,9791,9790,9792,-1,9791,9792,9793,-1,9793,9792,9794,-1,9793,9794,9795,-1,9796,9795,9797,-1,9797,9795,9794,-1,9798,9796,9799,-1,9799,9796,9797,-1,9800,9798,9801,-1,9801,9798,9799,-1,9800,9801,9802,-1,9802,9801,9803,-1,9802,9803,9804,-1,9804,9803,9805,-1,9804,9805,9806,-1,9806,9805,9807,-1,9806,9807,9808,-1,9808,9807,9809,-1,9810,9808,9811,-1,9811,9808,9809,-1,9810,9811,9812,-1,9810,9812,9813,-1,9813,9812,9814,-1,9813,9814,9815,-1,9815,9814,9816,-1,9815,9816,9817,-1,9817,9816,9818,-1,9817,9818,9819,-1,9820,9819,9821,-1,9821,9819,9818,-1,9820,9821,9822,-1,9820,9822,9823,-1,9823,9822,9824,-1,9823,9824,9825,-1,9825,9824,9826,-1,9825,9826,9827,-1,9828,9827,9829,-1,9829,9827,9826,-1,9828,9829,9830,-1,9830,9829,9831,-1,9830,9831,9832,-1,9832,9831,9833,-1,9832,9833,9834,-1,9834,9833,9835,-1,9836,9834,9837,-1,9837,9834,9835,-1,9836,9837,9838,-1,9836,9838,9839,-1,9839,9838,9840,-1,9839,9840,9841,-1,9841,9840,9842,-1,9841,9842,9843,-1,9843,9842,9844,-1,9843,9844,9845,-1,9845,9844,9846,-1,9845,9846,9847,-1,9847,9846,9848,-1,9847,9848,9849,-1,9849,9848,9850,-1,9850,9848,9851,-1,9850,9851,9852,-1,9852,9851,9853,-1,9852,9853,9854,-1,9854,9853,9855,-1,9854,9855,9856,-1,9856,9855,9857,-1,9856,9857,9858,-1,9858,9857,9859,-1,9858,9859,9725,-1,9725,9859,9727,-1,9796,9798,9795,-1,9795,9798,9800,-1,9795,9800,9793,-1,9793,9800,9802,-1,9793,9802,9791,-1,9791,9802,9804,-1,9791,9804,9789,-1,9789,9804,9806,-1,9789,9806,9786,-1,9786,9806,9808,-1,9786,9808,9784,-1,9784,9808,9810,-1,9784,9810,9782,-1,9782,9810,9813,-1,9782,9813,9780,-1,9780,9813,9815,-1,9780,9815,9778,-1,9778,9815,9817,-1,9778,9817,9776,-1,9776,9817,9819,-1,9776,9819,9774,-1,9774,9819,9820,-1,9774,9820,9772,-1,9772,9820,9823,-1,9772,9823,9770,-1,9770,9823,9825,-1,9770,9825,9768,-1,9768,9825,9827,-1,9768,9827,9767,-1,9767,9827,9828,-1,9767,9828,9765,-1,9765,9828,9830,-1,9765,9830,9763,-1,9763,9830,9832,-1,9763,9832,9760,-1,9760,9832,9834,-1,9760,9834,9758,-1,9758,9834,9836,-1,9758,9836,9756,-1,9756,9836,9839,-1,9756,9839,9754,-1,9754,9839,9841,-1,9754,9841,9752,-1,9752,9841,9843,-1,9752,9843,9750,-1,9750,9843,9845,-1,9750,9845,9748,-1,9748,9845,9847,-1,9748,9847,9747,-1,9747,9847,9849,-1,9747,9849,9745,-1,9745,9849,9850,-1,9745,9850,9743,-1,9743,9850,9852,-1,9743,9852,9741,-1,9741,9852,9854,-1,9741,9854,9739,-1,9739,9854,9856,-1,9739,9856,9737,-1,9737,9856,9858,-1,9737,9858,9735,-1,9735,9858,9725,-1,9735,9725,9734,-1,9734,9725,9724,-1,9799,9797,9801,-1,9801,9797,9794,-1,9801,9794,9803,-1,9803,9794,9792,-1,9803,9792,9805,-1,9805,9792,9790,-1,9805,9790,9807,-1,9807,9790,9788,-1,9807,9788,9809,-1,9809,9788,9787,-1,9809,9787,9811,-1,9811,9787,9785,-1,9811,9785,9812,-1,9812,9785,9783,-1,9812,9783,9814,-1,9814,9783,9781,-1,9814,9781,9816,-1,9816,9781,9779,-1,9816,9779,9818,-1,9818,9779,9777,-1,9818,9777,9821,-1,9821,9777,9775,-1,9821,9775,9822,-1,9822,9775,9773,-1,9822,9773,9824,-1,9824,9773,9771,-1,9824,9771,9826,-1,9826,9771,9769,-1,9826,9769,9829,-1,9829,9769,9766,-1,9829,9766,9831,-1,9831,9766,9764,-1,9831,9764,9833,-1,9833,9764,9762,-1,9833,9762,9835,-1,9835,9762,9761,-1,9835,9761,9837,-1,9837,9761,9759,-1,9837,9759,9838,-1,9838,9759,9757,-1,9838,9757,9840,-1,9840,9757,9755,-1,9840,9755,9842,-1,9842,9755,9753,-1,9842,9753,9844,-1,9844,9753,9751,-1,9844,9751,9846,-1,9846,9751,9749,-1,9846,9749,9848,-1,9848,9749,9746,-1,9848,9746,9851,-1,9851,9746,9744,-1,9851,9744,9853,-1,9853,9744,9742,-1,9853,9742,9855,-1,9855,9742,9740,-1,9855,9740,9857,-1,9857,9740,9738,-1,9857,9738,9859,-1,9859,9738,9736,-1,9859,9736,9727,-1,9727,9736,9733,-1,9727,9733,9726,-1,9726,9733,9732,-1,9734,9731,9732,-1,9732,9731,9729,-1,9724,9730,9734,-1,9734,9730,9731,-1,9728,9726,9729,-1,9729,9726,9732,-1,9726,9728,9724,-1,9724,9728,9730,-1,9860,9861,9862,-1,9862,9861,9863,-1,9864,9865,9866,-1,9866,9865,9867,-1,9868,9869,9870,-1,9870,9869,9871,-1,9871,9869,9872,-1,9871,9872,9873,-1,9873,9872,9874,-1,9873,9874,9875,-1,9875,9874,9876,-1,9875,9876,9877,-1,9877,9876,9878,-1,9877,9878,9879,-1,9879,9878,9880,-1,9879,9880,9881,-1,9881,9880,9882,-1,9881,9882,9883,-1,9883,9882,9884,-1,9884,9882,9885,-1,9884,9885,9886,-1,9886,9885,9887,-1,9886,9887,9888,-1,9888,9887,9889,-1,9888,9889,9890,-1,9890,9889,9891,-1,9890,9891,9892,-1,9892,9891,9893,-1,9892,9893,9894,-1,9894,9893,9895,-1,9896,9894,9897,-1,9897,9894,9895,-1,9896,9897,9898,-1,9896,9898,9899,-1,9899,9898,9900,-1,9899,9900,9901,-1,9901,9900,9902,-1,9901,9902,9903,-1,9904,9903,9905,-1,9905,9903,9902,-1,9904,9905,9906,-1,9906,9905,9907,-1,9906,9907,9908,-1,9908,9907,9909,-1,9908,9909,9910,-1,9910,9909,9911,-1,9912,9910,9913,-1,9913,9910,9911,-1,9912,9913,9914,-1,9914,9913,9915,-1,9914,9915,9916,-1,9916,9915,9917,-1,9916,9917,9918,-1,9918,9917,9919,-1,9918,9919,9920,-1,9920,9919,9921,-1,9922,9920,9923,-1,9923,9920,9921,-1,9922,9923,9924,-1,9922,9924,9925,-1,9925,9924,9926,-1,9925,9926,9927,-1,9927,9926,9928,-1,9927,9928,9929,-1,9929,9928,9930,-1,9929,9930,9931,-1,9932,9931,9933,-1,9933,9931,9930,-1,9934,9932,9935,-1,9935,9932,9933,-1,9936,9934,9937,-1,9937,9934,9935,-1,9936,9937,9938,-1,9938,9937,9939,-1,9938,9939,9940,-1,9940,9939,9941,-1,9940,9941,9942,-1,9942,9941,9943,-1,9942,9943,9944,-1,9944,9943,9945,-1,9946,9944,9947,-1,9947,9944,9945,-1,9946,9947,9948,-1,9946,9948,9949,-1,9949,9948,9950,-1,9949,9950,9951,-1,9951,9950,9952,-1,9951,9952,9953,-1,9953,9952,9954,-1,9953,9954,9955,-1,9956,9955,9957,-1,9957,9955,9954,-1,9956,9957,9958,-1,9956,9958,9959,-1,9959,9958,9960,-1,9959,9960,9961,-1,9961,9960,9962,-1,9961,9962,9963,-1,9964,9963,9965,-1,9965,9963,9962,-1,9964,9965,9966,-1,9966,9965,9967,-1,9966,9967,9968,-1,9968,9967,9969,-1,9968,9969,9970,-1,9970,9969,9971,-1,9972,9970,9973,-1,9973,9970,9971,-1,9972,9973,9974,-1,9972,9974,9975,-1,9975,9974,9976,-1,9975,9976,9977,-1,9977,9976,9978,-1,9977,9978,9979,-1,9979,9978,9980,-1,9979,9980,9981,-1,9981,9980,9982,-1,9981,9982,9983,-1,9983,9982,9984,-1,9983,9984,9985,-1,9985,9984,9986,-1,9986,9984,9987,-1,9986,9987,9988,-1,9988,9987,9989,-1,9988,9989,9990,-1,9990,9989,9991,-1,9990,9991,9992,-1,9992,9991,9993,-1,9992,9993,9994,-1,9994,9993,9995,-1,9994,9995,9861,-1,9861,9995,9863,-1,9932,9934,9931,-1,9931,9934,9936,-1,9931,9936,9929,-1,9929,9936,9938,-1,9929,9938,9927,-1,9927,9938,9940,-1,9927,9940,9925,-1,9925,9940,9942,-1,9925,9942,9922,-1,9922,9942,9944,-1,9922,9944,9920,-1,9920,9944,9946,-1,9920,9946,9918,-1,9918,9946,9949,-1,9918,9949,9916,-1,9916,9949,9951,-1,9916,9951,9914,-1,9914,9951,9953,-1,9914,9953,9912,-1,9912,9953,9955,-1,9912,9955,9910,-1,9910,9955,9956,-1,9910,9956,9908,-1,9908,9956,9959,-1,9908,9959,9906,-1,9906,9959,9961,-1,9906,9961,9904,-1,9904,9961,9963,-1,9904,9963,9903,-1,9903,9963,9964,-1,9903,9964,9901,-1,9901,9964,9966,-1,9901,9966,9899,-1,9899,9966,9968,-1,9899,9968,9896,-1,9896,9968,9970,-1,9896,9970,9894,-1,9894,9970,9972,-1,9894,9972,9892,-1,9892,9972,9975,-1,9892,9975,9890,-1,9890,9975,9977,-1,9890,9977,9888,-1,9888,9977,9979,-1,9888,9979,9886,-1,9886,9979,9981,-1,9886,9981,9884,-1,9884,9981,9983,-1,9884,9983,9883,-1,9883,9983,9985,-1,9883,9985,9881,-1,9881,9985,9986,-1,9881,9986,9879,-1,9879,9986,9988,-1,9879,9988,9877,-1,9877,9988,9990,-1,9877,9990,9875,-1,9875,9990,9992,-1,9875,9992,9873,-1,9873,9992,9994,-1,9873,9994,9871,-1,9871,9994,9861,-1,9871,9861,9870,-1,9870,9861,9860,-1,9935,9933,9937,-1,9937,9933,9930,-1,9937,9930,9939,-1,9939,9930,9928,-1,9939,9928,9941,-1,9941,9928,9926,-1,9941,9926,9943,-1,9943,9926,9924,-1,9943,9924,9945,-1,9945,9924,9923,-1,9945,9923,9947,-1,9947,9923,9921,-1,9947,9921,9948,-1,9948,9921,9919,-1,9948,9919,9950,-1,9950,9919,9917,-1,9950,9917,9952,-1,9952,9917,9915,-1,9952,9915,9954,-1,9954,9915,9913,-1,9954,9913,9957,-1,9957,9913,9911,-1,9957,9911,9958,-1,9958,9911,9909,-1,9958,9909,9960,-1,9960,9909,9907,-1,9960,9907,9962,-1,9962,9907,9905,-1,9962,9905,9965,-1,9965,9905,9902,-1,9965,9902,9967,-1,9967,9902,9900,-1,9967,9900,9969,-1,9969,9900,9898,-1,9969,9898,9971,-1,9971,9898,9897,-1,9971,9897,9973,-1,9973,9897,9895,-1,9973,9895,9974,-1,9974,9895,9893,-1,9974,9893,9976,-1,9976,9893,9891,-1,9976,9891,9978,-1,9978,9891,9889,-1,9978,9889,9980,-1,9980,9889,9887,-1,9980,9887,9982,-1,9982,9887,9885,-1,9982,9885,9984,-1,9984,9885,9882,-1,9984,9882,9987,-1,9987,9882,9880,-1,9987,9880,9989,-1,9989,9880,9878,-1,9989,9878,9991,-1,9991,9878,9876,-1,9991,9876,9993,-1,9993,9876,9874,-1,9993,9874,9995,-1,9995,9874,9872,-1,9995,9872,9863,-1,9863,9872,9869,-1,9863,9869,9862,-1,9862,9869,9868,-1,9870,9867,9868,-1,9868,9867,9865,-1,9860,9866,9870,-1,9870,9866,9867,-1,9864,9862,9865,-1,9865,9862,9868,-1,9862,9864,9860,-1,9860,9864,9866,-1,9996,9997,9998,-1,9998,9997,9999,-1,10000,10001,10002,-1,10002,10001,10003,-1,10004,10005,10006,-1,10006,10005,10007,-1,10007,10005,10008,-1,10007,10008,10009,-1,10009,10008,10010,-1,10009,10010,10011,-1,10011,10010,10012,-1,10011,10012,10013,-1,10013,10012,10014,-1,10013,10014,10015,-1,10015,10014,10016,-1,10015,10016,10017,-1,10017,10016,10018,-1,10017,10018,10019,-1,10019,10018,10020,-1,10020,10018,10021,-1,10020,10021,10022,-1,10022,10021,10023,-1,10022,10023,10024,-1,10024,10023,10025,-1,10024,10025,10026,-1,10026,10025,10027,-1,10026,10027,10028,-1,10028,10027,10029,-1,10028,10029,10030,-1,10030,10029,10031,-1,10032,10030,10033,-1,10033,10030,10031,-1,10032,10033,10034,-1,10032,10034,10035,-1,10035,10034,10036,-1,10035,10036,10037,-1,10037,10036,10038,-1,10037,10038,10039,-1,10040,10039,10041,-1,10041,10039,10038,-1,10040,10041,10042,-1,10042,10041,10043,-1,10042,10043,10044,-1,10044,10043,10045,-1,10044,10045,10046,-1,10046,10045,10047,-1,10048,10046,10049,-1,10049,10046,10047,-1,10048,10049,10050,-1,10050,10049,10051,-1,10050,10051,10052,-1,10052,10051,10053,-1,10052,10053,10054,-1,10054,10053,10055,-1,10054,10055,10056,-1,10056,10055,10057,-1,10058,10056,10059,-1,10059,10056,10057,-1,10058,10059,10060,-1,10058,10060,10061,-1,10061,10060,10062,-1,10061,10062,10063,-1,10063,10062,10064,-1,10063,10064,10065,-1,10065,10064,10066,-1,10065,10066,10067,-1,10068,10067,10069,-1,10069,10067,10066,-1,10070,10068,10071,-1,10071,10068,10069,-1,10072,10070,10073,-1,10073,10070,10071,-1,10072,10073,10074,-1,10074,10073,10075,-1,10074,10075,10076,-1,10076,10075,10077,-1,10076,10077,10078,-1,10078,10077,10079,-1,10078,10079,10080,-1,10080,10079,10081,-1,10082,10080,10083,-1,10083,10080,10081,-1,10082,10083,10084,-1,10082,10084,10085,-1,10085,10084,10086,-1,10085,10086,10087,-1,10087,10086,10088,-1,10087,10088,10089,-1,10089,10088,10090,-1,10089,10090,10091,-1,10092,10091,10093,-1,10093,10091,10090,-1,10092,10093,10094,-1,10092,10094,10095,-1,10095,10094,10096,-1,10095,10096,10097,-1,10097,10096,10098,-1,10097,10098,10099,-1,10100,10099,10101,-1,10101,10099,10098,-1,10100,10101,10102,-1,10102,10101,10103,-1,10102,10103,10104,-1,10104,10103,10105,-1,10104,10105,10106,-1,10106,10105,10107,-1,10108,10106,10109,-1,10109,10106,10107,-1,10108,10109,10110,-1,10108,10110,10111,-1,10111,10110,10112,-1,10111,10112,10113,-1,10113,10112,10114,-1,10113,10114,10115,-1,10115,10114,10116,-1,10115,10116,10117,-1,10117,10116,10118,-1,10117,10118,10119,-1,10119,10118,10120,-1,10119,10120,10121,-1,10121,10120,10122,-1,10122,10120,10123,-1,10122,10123,10124,-1,10124,10123,10125,-1,10124,10125,10126,-1,10126,10125,10127,-1,10126,10127,10128,-1,10128,10127,10129,-1,10128,10129,10130,-1,10130,10129,10131,-1,10130,10131,9997,-1,9997,10131,9999,-1,10068,10070,10067,-1,10067,10070,10072,-1,10067,10072,10065,-1,10065,10072,10074,-1,10065,10074,10063,-1,10063,10074,10076,-1,10063,10076,10061,-1,10061,10076,10078,-1,10061,10078,10058,-1,10058,10078,10080,-1,10058,10080,10056,-1,10056,10080,10082,-1,10056,10082,10054,-1,10054,10082,10085,-1,10054,10085,10052,-1,10052,10085,10087,-1,10052,10087,10050,-1,10050,10087,10089,-1,10050,10089,10048,-1,10048,10089,10091,-1,10048,10091,10046,-1,10046,10091,10092,-1,10046,10092,10044,-1,10044,10092,10095,-1,10044,10095,10042,-1,10042,10095,10097,-1,10042,10097,10040,-1,10040,10097,10099,-1,10040,10099,10039,-1,10039,10099,10100,-1,10039,10100,10037,-1,10037,10100,10102,-1,10037,10102,10035,-1,10035,10102,10104,-1,10035,10104,10032,-1,10032,10104,10106,-1,10032,10106,10030,-1,10030,10106,10108,-1,10030,10108,10028,-1,10028,10108,10111,-1,10028,10111,10026,-1,10026,10111,10113,-1,10026,10113,10024,-1,10024,10113,10115,-1,10024,10115,10022,-1,10022,10115,10117,-1,10022,10117,10020,-1,10020,10117,10119,-1,10020,10119,10019,-1,10019,10119,10121,-1,10019,10121,10017,-1,10017,10121,10122,-1,10017,10122,10015,-1,10015,10122,10124,-1,10015,10124,10013,-1,10013,10124,10126,-1,10013,10126,10011,-1,10011,10126,10128,-1,10011,10128,10009,-1,10009,10128,10130,-1,10009,10130,10007,-1,10007,10130,9997,-1,10007,9997,10006,-1,10006,9997,9996,-1,10071,10069,10073,-1,10073,10069,10066,-1,10073,10066,10075,-1,10075,10066,10064,-1,10075,10064,10077,-1,10077,10064,10062,-1,10077,10062,10079,-1,10079,10062,10060,-1,10079,10060,10081,-1,10081,10060,10059,-1,10081,10059,10083,-1,10083,10059,10057,-1,10083,10057,10084,-1,10084,10057,10055,-1,10084,10055,10086,-1,10086,10055,10053,-1,10086,10053,10088,-1,10088,10053,10051,-1,10088,10051,10090,-1,10090,10051,10049,-1,10090,10049,10093,-1,10093,10049,10047,-1,10093,10047,10094,-1,10094,10047,10045,-1,10094,10045,10096,-1,10096,10045,10043,-1,10096,10043,10098,-1,10098,10043,10041,-1,10098,10041,10101,-1,10101,10041,10038,-1,10101,10038,10103,-1,10103,10038,10036,-1,10103,10036,10105,-1,10105,10036,10034,-1,10105,10034,10107,-1,10107,10034,10033,-1,10107,10033,10109,-1,10109,10033,10031,-1,10109,10031,10110,-1,10110,10031,10029,-1,10110,10029,10112,-1,10112,10029,10027,-1,10112,10027,10114,-1,10114,10027,10025,-1,10114,10025,10116,-1,10116,10025,10023,-1,10116,10023,10118,-1,10118,10023,10021,-1,10118,10021,10120,-1,10120,10021,10018,-1,10120,10018,10123,-1,10123,10018,10016,-1,10123,10016,10125,-1,10125,10016,10014,-1,10125,10014,10127,-1,10127,10014,10012,-1,10127,10012,10129,-1,10129,10012,10010,-1,10129,10010,10131,-1,10131,10010,10008,-1,10131,10008,9999,-1,9999,10008,10005,-1,9999,10005,9998,-1,9998,10005,10004,-1,10006,10003,10004,-1,10004,10003,10001,-1,9996,10002,10006,-1,10006,10002,10003,-1,10000,9998,10001,-1,10001,9998,10004,-1,9998,10000,9996,-1,9996,10000,10002,-1,10132,10133,10134,-1,10134,10133,10135,-1,10136,10137,10138,-1,10138,10137,10139,-1,10140,10141,10142,-1,10142,10141,10143,-1,10144,10145,10146,-1,10144,10146,10147,-1,10147,10146,10148,-1,10147,10148,10149,-1,10149,10148,10150,-1,10149,10150,10151,-1,10151,10150,10152,-1,10151,10152,10153,-1,10153,10152,10154,-1,10153,10154,10155,-1,10155,10154,10140,-1,10155,10140,10142,-1,10156,10157,10158,-1,10158,10157,10159,-1,10158,10159,10160,-1,10160,10159,10161,-1,10160,10161,10162,-1,10162,10161,10163,-1,10162,10163,10164,-1,10164,10163,10165,-1,10164,10165,10166,-1,10166,10165,10167,-1,10166,10167,10144,-1,10144,10167,10145,-1,10156,10168,10157,-1,10157,10168,10169,-1,10170,10171,10172,-1,10170,10172,10173,-1,10173,10172,10174,-1,10173,10174,10175,-1,10175,10174,10169,-1,10175,10169,10168,-1,10170,10176,10171,-1,10171,10176,10177,-1,10178,10179,10180,-1,10180,10179,10181,-1,10180,10181,10182,-1,10182,10181,10183,-1,10182,10183,10176,-1,10176,10183,10177,-1,10178,10184,10179,-1,10179,10184,10185,-1,10186,10187,10188,-1,10188,10187,10189,-1,10188,10189,10190,-1,10190,10189,10191,-1,10190,10191,10192,-1,10192,10191,10193,-1,10192,10193,10184,-1,10184,10193,10185,-1,10186,10194,10187,-1,10187,10194,10195,-1,10196,10197,10198,-1,10196,10198,10199,-1,10199,10198,10200,-1,10199,10200,10201,-1,10201,10200,10202,-1,10201,10202,10203,-1,10203,10202,10195,-1,10203,10195,10194,-1,10196,10204,10197,-1,10197,10204,10205,-1,10204,10206,10205,-1,10205,10206,10207,-1,10206,10208,10207,-1,10207,10208,10209,-1,10210,10211,10212,-1,10212,10211,10213,-1,10212,10213,10214,-1,10214,10213,10215,-1,10214,10215,10216,-1,10216,10215,10217,-1,10216,10217,10208,-1,10208,10217,10209,-1,10210,10218,10211,-1,10211,10218,10219,-1,10220,10221,10222,-1,10220,10222,10223,-1,10223,10222,10224,-1,10223,10224,10225,-1,10225,10224,10226,-1,10225,10226,10227,-1,10227,10226,10219,-1,10227,10219,10218,-1,10220,10228,10221,-1,10221,10228,10229,-1,10230,10231,10232,-1,10230,10232,10233,-1,10233,10232,10234,-1,10233,10234,10235,-1,10235,10234,10229,-1,10235,10229,10228,-1,10230,10236,10231,-1,10231,10236,10237,-1,10238,10239,10240,-1,10240,10239,10241,-1,10240,10241,10242,-1,10242,10241,10243,-1,10242,10243,10236,-1,10236,10243,10237,-1,10238,10244,10239,-1,10239,10244,10245,-1,10246,10247,10248,-1,10246,10248,10249,-1,10249,10248,10250,-1,10249,10250,10251,-1,10251,10250,10252,-1,10251,10252,10253,-1,10253,10252,10254,-1,10253,10254,10255,-1,10255,10254,10256,-1,10255,10256,10257,-1,10257,10256,10245,-1,10257,10245,10244,-1,10132,10134,10258,-1,10258,10134,10259,-1,10258,10259,10260,-1,10260,10259,10261,-1,10260,10261,10262,-1,10262,10261,10263,-1,10262,10263,10264,-1,10264,10263,10265,-1,10264,10265,10266,-1,10266,10265,10267,-1,10266,10267,10246,-1,10246,10267,10247,-1,10206,10204,10208,-1,10208,10204,10196,-1,10208,10196,10216,-1,10216,10196,10199,-1,10216,10199,10214,-1,10214,10199,10201,-1,10214,10201,10212,-1,10212,10201,10203,-1,10212,10203,10210,-1,10210,10203,10194,-1,10210,10194,10218,-1,10218,10194,10186,-1,10218,10186,10227,-1,10227,10186,10188,-1,10227,10188,10225,-1,10225,10188,10190,-1,10225,10190,10223,-1,10223,10190,10192,-1,10223,10192,10220,-1,10220,10192,10184,-1,10220,10184,10228,-1,10228,10184,10178,-1,10228,10178,10235,-1,10235,10178,10180,-1,10235,10180,10233,-1,10233,10180,10182,-1,10233,10182,10230,-1,10230,10182,10176,-1,10230,10176,10236,-1,10236,10176,10170,-1,10236,10170,10242,-1,10242,10170,10173,-1,10242,10173,10240,-1,10240,10173,10175,-1,10240,10175,10238,-1,10238,10175,10168,-1,10238,10168,10244,-1,10244,10168,10156,-1,10244,10156,10257,-1,10257,10156,10158,-1,10257,10158,10255,-1,10255,10158,10160,-1,10255,10160,10253,-1,10253,10160,10162,-1,10253,10162,10251,-1,10251,10162,10164,-1,10251,10164,10249,-1,10249,10164,10166,-1,10249,10166,10246,-1,10246,10166,10144,-1,10246,10144,10266,-1,10266,10144,10147,-1,10266,10147,10264,-1,10264,10147,10149,-1,10264,10149,10262,-1,10262,10149,10151,-1,10262,10151,10260,-1,10260,10151,10153,-1,10260,10153,10258,-1,10258,10153,10155,-1,10258,10155,10132,-1,10132,10155,10142,-1,10132,10142,10133,-1,10133,10142,10143,-1,10205,10207,10197,-1,10197,10207,10209,-1,10197,10209,10198,-1,10198,10209,10217,-1,10198,10217,10200,-1,10200,10217,10215,-1,10200,10215,10202,-1,10202,10215,10213,-1,10202,10213,10195,-1,10195,10213,10211,-1,10195,10211,10187,-1,10187,10211,10219,-1,10187,10219,10189,-1,10189,10219,10226,-1,10189,10226,10191,-1,10191,10226,10224,-1,10191,10224,10193,-1,10193,10224,10222,-1,10193,10222,10185,-1,10185,10222,10221,-1,10185,10221,10179,-1,10179,10221,10229,-1,10179,10229,10181,-1,10181,10229,10234,-1,10181,10234,10183,-1,10183,10234,10232,-1,10183,10232,10177,-1,10177,10232,10231,-1,10177,10231,10171,-1,10171,10231,10237,-1,10171,10237,10172,-1,10172,10237,10243,-1,10172,10243,10174,-1,10174,10243,10241,-1,10174,10241,10169,-1,10169,10241,10239,-1,10169,10239,10157,-1,10157,10239,10245,-1,10157,10245,10159,-1,10159,10245,10256,-1,10159,10256,10161,-1,10161,10256,10254,-1,10161,10254,10163,-1,10163,10254,10252,-1,10163,10252,10165,-1,10165,10252,10250,-1,10165,10250,10167,-1,10167,10250,10248,-1,10167,10248,10145,-1,10145,10248,10247,-1,10145,10247,10146,-1,10146,10247,10267,-1,10146,10267,10148,-1,10148,10267,10265,-1,10148,10265,10150,-1,10150,10265,10263,-1,10150,10263,10152,-1,10152,10263,10261,-1,10152,10261,10154,-1,10154,10261,10259,-1,10154,10259,10140,-1,10140,10259,10134,-1,10140,10134,10141,-1,10141,10134,10135,-1,10138,10143,10136,-1,10136,10143,10141,-1,10139,10133,10138,-1,10138,10133,10143,-1,10135,10137,10141,-1,10141,10137,10136,-1,10137,10135,10139,-1,10139,10135,10133,-1,10268,10269,10270,-1,10270,10269,10271,-1,10272,10273,10274,-1,10274,10273,10275,-1,10276,10277,10278,-1,10278,10277,10279,-1,10280,10281,10282,-1,10280,10282,10283,-1,10283,10282,10284,-1,10283,10284,10285,-1,10285,10284,10286,-1,10285,10286,10287,-1,10287,10286,10288,-1,10287,10288,10289,-1,10289,10288,10290,-1,10289,10290,10291,-1,10291,10290,10276,-1,10291,10276,10278,-1,10292,10293,10294,-1,10294,10293,10295,-1,10294,10295,10296,-1,10296,10295,10297,-1,10296,10297,10298,-1,10298,10297,10299,-1,10298,10299,10300,-1,10300,10299,10301,-1,10300,10301,10302,-1,10302,10301,10303,-1,10302,10303,10280,-1,10280,10303,10281,-1,10292,10304,10293,-1,10293,10304,10305,-1,10306,10307,10308,-1,10306,10308,10309,-1,10309,10308,10310,-1,10309,10310,10311,-1,10311,10310,10305,-1,10311,10305,10304,-1,10306,10312,10307,-1,10307,10312,10313,-1,10314,10315,10316,-1,10316,10315,10317,-1,10316,10317,10318,-1,10318,10317,10319,-1,10318,10319,10312,-1,10312,10319,10313,-1,10314,10320,10315,-1,10315,10320,10321,-1,10322,10323,10324,-1,10324,10323,10325,-1,10324,10325,10326,-1,10326,10325,10327,-1,10326,10327,10328,-1,10328,10327,10329,-1,10328,10329,10320,-1,10320,10329,10321,-1,10322,10330,10323,-1,10323,10330,10331,-1,10332,10333,10334,-1,10332,10334,10335,-1,10335,10334,10336,-1,10335,10336,10337,-1,10337,10336,10338,-1,10337,10338,10339,-1,10339,10338,10331,-1,10339,10331,10330,-1,10332,10340,10333,-1,10333,10340,10341,-1,10340,10342,10341,-1,10341,10342,10343,-1,10342,10344,10343,-1,10343,10344,10345,-1,10346,10347,10348,-1,10348,10347,10349,-1,10348,10349,10350,-1,10350,10349,10351,-1,10350,10351,10352,-1,10352,10351,10353,-1,10352,10353,10344,-1,10344,10353,10345,-1,10346,10354,10347,-1,10347,10354,10355,-1,10356,10357,10358,-1,10356,10358,10359,-1,10359,10358,10360,-1,10359,10360,10361,-1,10361,10360,10362,-1,10361,10362,10363,-1,10363,10362,10355,-1,10363,10355,10354,-1,10356,10364,10357,-1,10357,10364,10365,-1,10366,10367,10368,-1,10366,10368,10369,-1,10369,10368,10370,-1,10369,10370,10371,-1,10371,10370,10365,-1,10371,10365,10364,-1,10366,10372,10367,-1,10367,10372,10373,-1,10374,10375,10376,-1,10376,10375,10377,-1,10376,10377,10378,-1,10378,10377,10379,-1,10378,10379,10372,-1,10372,10379,10373,-1,10374,10380,10375,-1,10375,10380,10381,-1,10382,10383,10384,-1,10382,10384,10385,-1,10385,10384,10386,-1,10385,10386,10387,-1,10387,10386,10388,-1,10387,10388,10389,-1,10389,10388,10390,-1,10389,10390,10391,-1,10391,10390,10392,-1,10391,10392,10393,-1,10393,10392,10381,-1,10393,10381,10380,-1,10268,10270,10394,-1,10394,10270,10395,-1,10394,10395,10396,-1,10396,10395,10397,-1,10396,10397,10398,-1,10398,10397,10399,-1,10398,10399,10400,-1,10400,10399,10401,-1,10400,10401,10402,-1,10402,10401,10403,-1,10402,10403,10382,-1,10382,10403,10383,-1,10342,10340,10344,-1,10344,10340,10332,-1,10344,10332,10352,-1,10352,10332,10335,-1,10352,10335,10350,-1,10350,10335,10337,-1,10350,10337,10348,-1,10348,10337,10339,-1,10348,10339,10346,-1,10346,10339,10330,-1,10346,10330,10354,-1,10354,10330,10322,-1,10354,10322,10363,-1,10363,10322,10324,-1,10363,10324,10361,-1,10361,10324,10326,-1,10361,10326,10359,-1,10359,10326,10328,-1,10359,10328,10356,-1,10356,10328,10320,-1,10356,10320,10364,-1,10364,10320,10314,-1,10364,10314,10371,-1,10371,10314,10316,-1,10371,10316,10369,-1,10369,10316,10318,-1,10369,10318,10366,-1,10366,10318,10312,-1,10366,10312,10372,-1,10372,10312,10306,-1,10372,10306,10378,-1,10378,10306,10309,-1,10378,10309,10376,-1,10376,10309,10311,-1,10376,10311,10374,-1,10374,10311,10304,-1,10374,10304,10380,-1,10380,10304,10292,-1,10380,10292,10393,-1,10393,10292,10294,-1,10393,10294,10391,-1,10391,10294,10296,-1,10391,10296,10389,-1,10389,10296,10298,-1,10389,10298,10387,-1,10387,10298,10300,-1,10387,10300,10385,-1,10385,10300,10302,-1,10385,10302,10382,-1,10382,10302,10280,-1,10382,10280,10402,-1,10402,10280,10283,-1,10402,10283,10400,-1,10400,10283,10285,-1,10400,10285,10398,-1,10398,10285,10287,-1,10398,10287,10396,-1,10396,10287,10289,-1,10396,10289,10394,-1,10394,10289,10291,-1,10394,10291,10268,-1,10268,10291,10278,-1,10268,10278,10269,-1,10269,10278,10279,-1,10341,10343,10333,-1,10333,10343,10345,-1,10333,10345,10334,-1,10334,10345,10353,-1,10334,10353,10336,-1,10336,10353,10351,-1,10336,10351,10338,-1,10338,10351,10349,-1,10338,10349,10331,-1,10331,10349,10347,-1,10331,10347,10323,-1,10323,10347,10355,-1,10323,10355,10325,-1,10325,10355,10362,-1,10325,10362,10327,-1,10327,10362,10360,-1,10327,10360,10329,-1,10329,10360,10358,-1,10329,10358,10321,-1,10321,10358,10357,-1,10321,10357,10315,-1,10315,10357,10365,-1,10315,10365,10317,-1,10317,10365,10370,-1,10317,10370,10319,-1,10319,10370,10368,-1,10319,10368,10313,-1,10313,10368,10367,-1,10313,10367,10307,-1,10307,10367,10373,-1,10307,10373,10308,-1,10308,10373,10379,-1,10308,10379,10310,-1,10310,10379,10377,-1,10310,10377,10305,-1,10305,10377,10375,-1,10305,10375,10293,-1,10293,10375,10381,-1,10293,10381,10295,-1,10295,10381,10392,-1,10295,10392,10297,-1,10297,10392,10390,-1,10297,10390,10299,-1,10299,10390,10388,-1,10299,10388,10301,-1,10301,10388,10386,-1,10301,10386,10303,-1,10303,10386,10384,-1,10303,10384,10281,-1,10281,10384,10383,-1,10281,10383,10282,-1,10282,10383,10403,-1,10282,10403,10284,-1,10284,10403,10401,-1,10284,10401,10286,-1,10286,10401,10399,-1,10286,10399,10288,-1,10288,10399,10397,-1,10288,10397,10290,-1,10290,10397,10395,-1,10290,10395,10276,-1,10276,10395,10270,-1,10276,10270,10277,-1,10277,10270,10271,-1,10274,10279,10272,-1,10272,10279,10277,-1,10275,10269,10274,-1,10274,10269,10279,-1,10271,10273,10277,-1,10277,10273,10272,-1,10273,10271,10275,-1,10275,10271,10269,-1,10404,10405,10406,-1,10406,10405,10407,-1,10408,10409,10410,-1,10410,10409,10411,-1,10412,10413,10414,-1,10414,10413,10415,-1,10416,10417,10418,-1,10416,10418,10419,-1,10419,10418,10420,-1,10419,10420,10421,-1,10421,10420,10422,-1,10421,10422,10423,-1,10423,10422,10424,-1,10423,10424,10425,-1,10425,10424,10426,-1,10425,10426,10427,-1,10427,10426,10412,-1,10427,10412,10414,-1,10428,10429,10430,-1,10430,10429,10431,-1,10430,10431,10432,-1,10432,10431,10433,-1,10432,10433,10434,-1,10434,10433,10435,-1,10434,10435,10436,-1,10436,10435,10437,-1,10436,10437,10438,-1,10438,10437,10439,-1,10438,10439,10416,-1,10416,10439,10417,-1,10428,10440,10429,-1,10429,10440,10441,-1,10442,10443,10444,-1,10442,10444,10445,-1,10445,10444,10446,-1,10445,10446,10447,-1,10447,10446,10441,-1,10447,10441,10440,-1,10442,10448,10443,-1,10443,10448,10449,-1,10450,10451,10452,-1,10452,10451,10453,-1,10452,10453,10454,-1,10454,10453,10455,-1,10454,10455,10448,-1,10448,10455,10449,-1,10450,10456,10451,-1,10451,10456,10457,-1,10458,10459,10460,-1,10460,10459,10461,-1,10460,10461,10462,-1,10462,10461,10463,-1,10462,10463,10464,-1,10464,10463,10465,-1,10464,10465,10456,-1,10456,10465,10457,-1,10458,10466,10459,-1,10459,10466,10467,-1,10468,10469,10470,-1,10468,10470,10471,-1,10471,10470,10472,-1,10471,10472,10473,-1,10473,10472,10474,-1,10473,10474,10475,-1,10475,10474,10467,-1,10475,10467,10466,-1,10468,10476,10469,-1,10469,10476,10477,-1,10476,10478,10477,-1,10477,10478,10479,-1,10478,10480,10479,-1,10479,10480,10481,-1,10482,10483,10484,-1,10484,10483,10485,-1,10484,10485,10486,-1,10486,10485,10487,-1,10486,10487,10488,-1,10488,10487,10489,-1,10488,10489,10480,-1,10480,10489,10481,-1,10482,10490,10483,-1,10483,10490,10491,-1,10492,10493,10494,-1,10492,10494,10495,-1,10495,10494,10496,-1,10495,10496,10497,-1,10497,10496,10498,-1,10497,10498,10499,-1,10499,10498,10491,-1,10499,10491,10490,-1,10492,10500,10493,-1,10493,10500,10501,-1,10502,10503,10504,-1,10502,10504,10505,-1,10505,10504,10506,-1,10505,10506,10507,-1,10507,10506,10501,-1,10507,10501,10500,-1,10502,10508,10503,-1,10503,10508,10509,-1,10510,10511,10512,-1,10512,10511,10513,-1,10512,10513,10514,-1,10514,10513,10515,-1,10514,10515,10508,-1,10508,10515,10509,-1,10510,10516,10511,-1,10511,10516,10517,-1,10518,10519,10520,-1,10518,10520,10521,-1,10521,10520,10522,-1,10521,10522,10523,-1,10523,10522,10524,-1,10523,10524,10525,-1,10525,10524,10526,-1,10525,10526,10527,-1,10527,10526,10528,-1,10527,10528,10529,-1,10529,10528,10517,-1,10529,10517,10516,-1,10404,10406,10530,-1,10530,10406,10531,-1,10530,10531,10532,-1,10532,10531,10533,-1,10532,10533,10534,-1,10534,10533,10535,-1,10534,10535,10536,-1,10536,10535,10537,-1,10536,10537,10538,-1,10538,10537,10539,-1,10538,10539,10518,-1,10518,10539,10519,-1,10478,10476,10480,-1,10480,10476,10468,-1,10480,10468,10488,-1,10488,10468,10471,-1,10488,10471,10486,-1,10486,10471,10473,-1,10486,10473,10484,-1,10484,10473,10475,-1,10484,10475,10482,-1,10482,10475,10466,-1,10482,10466,10490,-1,10490,10466,10458,-1,10490,10458,10499,-1,10499,10458,10460,-1,10499,10460,10497,-1,10497,10460,10462,-1,10497,10462,10495,-1,10495,10462,10464,-1,10495,10464,10492,-1,10492,10464,10456,-1,10492,10456,10500,-1,10500,10456,10450,-1,10500,10450,10507,-1,10507,10450,10452,-1,10507,10452,10505,-1,10505,10452,10454,-1,10505,10454,10502,-1,10502,10454,10448,-1,10502,10448,10508,-1,10508,10448,10442,-1,10508,10442,10514,-1,10514,10442,10445,-1,10514,10445,10512,-1,10512,10445,10447,-1,10512,10447,10510,-1,10510,10447,10440,-1,10510,10440,10516,-1,10516,10440,10428,-1,10516,10428,10529,-1,10529,10428,10430,-1,10529,10430,10527,-1,10527,10430,10432,-1,10527,10432,10525,-1,10525,10432,10434,-1,10525,10434,10523,-1,10523,10434,10436,-1,10523,10436,10521,-1,10521,10436,10438,-1,10521,10438,10518,-1,10518,10438,10416,-1,10518,10416,10538,-1,10538,10416,10419,-1,10538,10419,10536,-1,10536,10419,10421,-1,10536,10421,10534,-1,10534,10421,10423,-1,10534,10423,10532,-1,10532,10423,10425,-1,10532,10425,10530,-1,10530,10425,10427,-1,10530,10427,10404,-1,10404,10427,10414,-1,10404,10414,10405,-1,10405,10414,10415,-1,10477,10479,10469,-1,10469,10479,10481,-1,10469,10481,10470,-1,10470,10481,10489,-1,10470,10489,10472,-1,10472,10489,10487,-1,10472,10487,10474,-1,10474,10487,10485,-1,10474,10485,10467,-1,10467,10485,10483,-1,10467,10483,10459,-1,10459,10483,10491,-1,10459,10491,10461,-1,10461,10491,10498,-1,10461,10498,10463,-1,10463,10498,10496,-1,10463,10496,10465,-1,10465,10496,10494,-1,10465,10494,10457,-1,10457,10494,10493,-1,10457,10493,10451,-1,10451,10493,10501,-1,10451,10501,10453,-1,10453,10501,10506,-1,10453,10506,10455,-1,10455,10506,10504,-1,10455,10504,10449,-1,10449,10504,10503,-1,10449,10503,10443,-1,10443,10503,10509,-1,10443,10509,10444,-1,10444,10509,10515,-1,10444,10515,10446,-1,10446,10515,10513,-1,10446,10513,10441,-1,10441,10513,10511,-1,10441,10511,10429,-1,10429,10511,10517,-1,10429,10517,10431,-1,10431,10517,10528,-1,10431,10528,10433,-1,10433,10528,10526,-1,10433,10526,10435,-1,10435,10526,10524,-1,10435,10524,10437,-1,10437,10524,10522,-1,10437,10522,10439,-1,10439,10522,10520,-1,10439,10520,10417,-1,10417,10520,10519,-1,10417,10519,10418,-1,10418,10519,10539,-1,10418,10539,10420,-1,10420,10539,10537,-1,10420,10537,10422,-1,10422,10537,10535,-1,10422,10535,10424,-1,10424,10535,10533,-1,10424,10533,10426,-1,10426,10533,10531,-1,10426,10531,10412,-1,10412,10531,10406,-1,10412,10406,10413,-1,10413,10406,10407,-1,10410,10415,10408,-1,10408,10415,10413,-1,10411,10405,10410,-1,10410,10405,10415,-1,10407,10409,10413,-1,10413,10409,10408,-1,10409,10407,10411,-1,10411,10407,10405,-1,10540,10541,10542,-1,10542,10541,10543,-1,10544,10545,10546,-1,10546,10545,10547,-1,10548,10549,10550,-1,10550,10549,10551,-1,10552,10553,10554,-1,10552,10554,10555,-1,10555,10554,10556,-1,10555,10556,10557,-1,10557,10556,10558,-1,10557,10558,10559,-1,10559,10558,10560,-1,10559,10560,10561,-1,10561,10560,10562,-1,10561,10562,10563,-1,10563,10562,10548,-1,10563,10548,10550,-1,10564,10565,10566,-1,10566,10565,10567,-1,10566,10567,10568,-1,10568,10567,10569,-1,10568,10569,10570,-1,10570,10569,10571,-1,10570,10571,10572,-1,10572,10571,10573,-1,10572,10573,10574,-1,10574,10573,10575,-1,10574,10575,10552,-1,10552,10575,10553,-1,10564,10576,10565,-1,10565,10576,10577,-1,10578,10579,10580,-1,10578,10580,10581,-1,10581,10580,10582,-1,10581,10582,10583,-1,10583,10582,10577,-1,10583,10577,10576,-1,10578,10584,10579,-1,10579,10584,10585,-1,10586,10587,10588,-1,10588,10587,10589,-1,10588,10589,10590,-1,10590,10589,10591,-1,10590,10591,10584,-1,10584,10591,10585,-1,10586,10592,10587,-1,10587,10592,10593,-1,10594,10595,10596,-1,10596,10595,10597,-1,10596,10597,10598,-1,10598,10597,10599,-1,10598,10599,10600,-1,10600,10599,10601,-1,10600,10601,10592,-1,10592,10601,10593,-1,10594,10602,10595,-1,10595,10602,10603,-1,10604,10605,10606,-1,10604,10606,10607,-1,10607,10606,10608,-1,10607,10608,10609,-1,10609,10608,10610,-1,10609,10610,10611,-1,10611,10610,10603,-1,10611,10603,10602,-1,10604,10612,10605,-1,10605,10612,10613,-1,10612,10614,10613,-1,10613,10614,10615,-1,10614,10616,10615,-1,10615,10616,10617,-1,10618,10619,10620,-1,10620,10619,10621,-1,10620,10621,10622,-1,10622,10621,10623,-1,10622,10623,10624,-1,10624,10623,10625,-1,10624,10625,10616,-1,10616,10625,10617,-1,10618,10626,10619,-1,10619,10626,10627,-1,10628,10629,10630,-1,10628,10630,10631,-1,10631,10630,10632,-1,10631,10632,10633,-1,10633,10632,10634,-1,10633,10634,10635,-1,10635,10634,10627,-1,10635,10627,10626,-1,10628,10636,10629,-1,10629,10636,10637,-1,10638,10639,10640,-1,10638,10640,10641,-1,10641,10640,10642,-1,10641,10642,10643,-1,10643,10642,10637,-1,10643,10637,10636,-1,10638,10644,10639,-1,10639,10644,10645,-1,10646,10647,10648,-1,10648,10647,10649,-1,10648,10649,10650,-1,10650,10649,10651,-1,10650,10651,10644,-1,10644,10651,10645,-1,10646,10652,10647,-1,10647,10652,10653,-1,10654,10655,10656,-1,10654,10656,10657,-1,10657,10656,10658,-1,10657,10658,10659,-1,10659,10658,10660,-1,10659,10660,10661,-1,10661,10660,10662,-1,10661,10662,10663,-1,10663,10662,10664,-1,10663,10664,10665,-1,10665,10664,10653,-1,10665,10653,10652,-1,10540,10542,10666,-1,10666,10542,10667,-1,10666,10667,10668,-1,10668,10667,10669,-1,10668,10669,10670,-1,10670,10669,10671,-1,10670,10671,10672,-1,10672,10671,10673,-1,10672,10673,10674,-1,10674,10673,10675,-1,10674,10675,10654,-1,10654,10675,10655,-1,10614,10612,10616,-1,10616,10612,10604,-1,10616,10604,10624,-1,10624,10604,10607,-1,10624,10607,10622,-1,10622,10607,10609,-1,10622,10609,10620,-1,10620,10609,10611,-1,10620,10611,10618,-1,10618,10611,10602,-1,10618,10602,10626,-1,10626,10602,10594,-1,10626,10594,10635,-1,10635,10594,10596,-1,10635,10596,10633,-1,10633,10596,10598,-1,10633,10598,10631,-1,10631,10598,10600,-1,10631,10600,10628,-1,10628,10600,10592,-1,10628,10592,10636,-1,10636,10592,10586,-1,10636,10586,10643,-1,10643,10586,10588,-1,10643,10588,10641,-1,10641,10588,10590,-1,10641,10590,10638,-1,10638,10590,10584,-1,10638,10584,10644,-1,10644,10584,10578,-1,10644,10578,10650,-1,10650,10578,10581,-1,10650,10581,10648,-1,10648,10581,10583,-1,10648,10583,10646,-1,10646,10583,10576,-1,10646,10576,10652,-1,10652,10576,10564,-1,10652,10564,10665,-1,10665,10564,10566,-1,10665,10566,10663,-1,10663,10566,10568,-1,10663,10568,10661,-1,10661,10568,10570,-1,10661,10570,10659,-1,10659,10570,10572,-1,10659,10572,10657,-1,10657,10572,10574,-1,10657,10574,10654,-1,10654,10574,10552,-1,10654,10552,10674,-1,10674,10552,10555,-1,10674,10555,10672,-1,10672,10555,10557,-1,10672,10557,10670,-1,10670,10557,10559,-1,10670,10559,10668,-1,10668,10559,10561,-1,10668,10561,10666,-1,10666,10561,10563,-1,10666,10563,10540,-1,10540,10563,10550,-1,10540,10550,10541,-1,10541,10550,10551,-1,10613,10615,10605,-1,10605,10615,10617,-1,10605,10617,10606,-1,10606,10617,10625,-1,10606,10625,10608,-1,10608,10625,10623,-1,10608,10623,10610,-1,10610,10623,10621,-1,10610,10621,10603,-1,10603,10621,10619,-1,10603,10619,10595,-1,10595,10619,10627,-1,10595,10627,10597,-1,10597,10627,10634,-1,10597,10634,10599,-1,10599,10634,10632,-1,10599,10632,10601,-1,10601,10632,10630,-1,10601,10630,10593,-1,10593,10630,10629,-1,10593,10629,10587,-1,10587,10629,10637,-1,10587,10637,10589,-1,10589,10637,10642,-1,10589,10642,10591,-1,10591,10642,10640,-1,10591,10640,10585,-1,10585,10640,10639,-1,10585,10639,10579,-1,10579,10639,10645,-1,10579,10645,10580,-1,10580,10645,10651,-1,10580,10651,10582,-1,10582,10651,10649,-1,10582,10649,10577,-1,10577,10649,10647,-1,10577,10647,10565,-1,10565,10647,10653,-1,10565,10653,10567,-1,10567,10653,10664,-1,10567,10664,10569,-1,10569,10664,10662,-1,10569,10662,10571,-1,10571,10662,10660,-1,10571,10660,10573,-1,10573,10660,10658,-1,10573,10658,10575,-1,10575,10658,10656,-1,10575,10656,10553,-1,10553,10656,10655,-1,10553,10655,10554,-1,10554,10655,10675,-1,10554,10675,10556,-1,10556,10675,10673,-1,10556,10673,10558,-1,10558,10673,10671,-1,10558,10671,10560,-1,10560,10671,10669,-1,10560,10669,10562,-1,10562,10669,10667,-1,10562,10667,10548,-1,10548,10667,10542,-1,10548,10542,10549,-1,10549,10542,10543,-1,10546,10551,10544,-1,10544,10551,10549,-1,10547,10541,10546,-1,10546,10541,10551,-1,10543,10545,10549,-1,10549,10545,10544,-1,10545,10543,10547,-1,10547,10543,10541,-1,10676,10677,10678,-1,10678,10677,10679,-1,10680,10681,10682,-1,10682,10681,10683,-1,10684,10685,10686,-1,10686,10685,10687,-1,10688,10689,10690,-1,10688,10690,10691,-1,10691,10690,10692,-1,10691,10692,10693,-1,10693,10692,10694,-1,10693,10694,10695,-1,10695,10694,10696,-1,10695,10696,10697,-1,10697,10696,10698,-1,10697,10698,10699,-1,10699,10698,10684,-1,10699,10684,10686,-1,10700,10701,10702,-1,10702,10701,10703,-1,10702,10703,10704,-1,10704,10703,10705,-1,10704,10705,10706,-1,10706,10705,10707,-1,10706,10707,10708,-1,10708,10707,10709,-1,10708,10709,10710,-1,10710,10709,10711,-1,10710,10711,10688,-1,10688,10711,10689,-1,10700,10712,10701,-1,10701,10712,10713,-1,10714,10715,10716,-1,10714,10716,10717,-1,10717,10716,10718,-1,10717,10718,10719,-1,10719,10718,10713,-1,10719,10713,10712,-1,10714,10720,10715,-1,10715,10720,10721,-1,10722,10723,10724,-1,10724,10723,10725,-1,10724,10725,10726,-1,10726,10725,10727,-1,10726,10727,10720,-1,10720,10727,10721,-1,10722,10728,10723,-1,10723,10728,10729,-1,10730,10731,10732,-1,10732,10731,10733,-1,10732,10733,10734,-1,10734,10733,10735,-1,10734,10735,10736,-1,10736,10735,10737,-1,10736,10737,10728,-1,10728,10737,10729,-1,10730,10738,10731,-1,10731,10738,10739,-1,10740,10741,10742,-1,10740,10742,10743,-1,10743,10742,10744,-1,10743,10744,10745,-1,10745,10744,10746,-1,10745,10746,10747,-1,10747,10746,10739,-1,10747,10739,10738,-1,10740,10748,10741,-1,10741,10748,10749,-1,10748,10750,10749,-1,10749,10750,10751,-1,10750,10752,10751,-1,10751,10752,10753,-1,10754,10755,10756,-1,10756,10755,10757,-1,10756,10757,10758,-1,10758,10757,10759,-1,10758,10759,10760,-1,10760,10759,10761,-1,10760,10761,10752,-1,10752,10761,10753,-1,10754,10762,10755,-1,10755,10762,10763,-1,10764,10765,10766,-1,10764,10766,10767,-1,10767,10766,10768,-1,10767,10768,10769,-1,10769,10768,10770,-1,10769,10770,10771,-1,10771,10770,10763,-1,10771,10763,10762,-1,10764,10772,10765,-1,10765,10772,10773,-1,10774,10775,10776,-1,10774,10776,10777,-1,10777,10776,10778,-1,10777,10778,10779,-1,10779,10778,10773,-1,10779,10773,10772,-1,10774,10780,10775,-1,10775,10780,10781,-1,10782,10783,10784,-1,10784,10783,10785,-1,10784,10785,10786,-1,10786,10785,10787,-1,10786,10787,10780,-1,10780,10787,10781,-1,10782,10788,10783,-1,10783,10788,10789,-1,10790,10791,10792,-1,10790,10792,10793,-1,10793,10792,10794,-1,10793,10794,10795,-1,10795,10794,10796,-1,10795,10796,10797,-1,10797,10796,10798,-1,10797,10798,10799,-1,10799,10798,10800,-1,10799,10800,10801,-1,10801,10800,10789,-1,10801,10789,10788,-1,10676,10678,10802,-1,10802,10678,10803,-1,10802,10803,10804,-1,10804,10803,10805,-1,10804,10805,10806,-1,10806,10805,10807,-1,10806,10807,10808,-1,10808,10807,10809,-1,10808,10809,10810,-1,10810,10809,10811,-1,10810,10811,10790,-1,10790,10811,10791,-1,10750,10748,10752,-1,10752,10748,10740,-1,10752,10740,10760,-1,10760,10740,10743,-1,10760,10743,10758,-1,10758,10743,10745,-1,10758,10745,10756,-1,10756,10745,10747,-1,10756,10747,10754,-1,10754,10747,10738,-1,10754,10738,10762,-1,10762,10738,10730,-1,10762,10730,10771,-1,10771,10730,10732,-1,10771,10732,10769,-1,10769,10732,10734,-1,10769,10734,10767,-1,10767,10734,10736,-1,10767,10736,10764,-1,10764,10736,10728,-1,10764,10728,10772,-1,10772,10728,10722,-1,10772,10722,10779,-1,10779,10722,10724,-1,10779,10724,10777,-1,10777,10724,10726,-1,10777,10726,10774,-1,10774,10726,10720,-1,10774,10720,10780,-1,10780,10720,10714,-1,10780,10714,10786,-1,10786,10714,10717,-1,10786,10717,10784,-1,10784,10717,10719,-1,10784,10719,10782,-1,10782,10719,10712,-1,10782,10712,10788,-1,10788,10712,10700,-1,10788,10700,10801,-1,10801,10700,10702,-1,10801,10702,10799,-1,10799,10702,10704,-1,10799,10704,10797,-1,10797,10704,10706,-1,10797,10706,10795,-1,10795,10706,10708,-1,10795,10708,10793,-1,10793,10708,10710,-1,10793,10710,10790,-1,10790,10710,10688,-1,10790,10688,10810,-1,10810,10688,10691,-1,10810,10691,10808,-1,10808,10691,10693,-1,10808,10693,10806,-1,10806,10693,10695,-1,10806,10695,10804,-1,10804,10695,10697,-1,10804,10697,10802,-1,10802,10697,10699,-1,10802,10699,10676,-1,10676,10699,10686,-1,10676,10686,10677,-1,10677,10686,10687,-1,10749,10751,10741,-1,10741,10751,10753,-1,10741,10753,10742,-1,10742,10753,10761,-1,10742,10761,10744,-1,10744,10761,10759,-1,10744,10759,10746,-1,10746,10759,10757,-1,10746,10757,10739,-1,10739,10757,10755,-1,10739,10755,10731,-1,10731,10755,10763,-1,10731,10763,10733,-1,10733,10763,10770,-1,10733,10770,10735,-1,10735,10770,10768,-1,10735,10768,10737,-1,10737,10768,10766,-1,10737,10766,10729,-1,10729,10766,10765,-1,10729,10765,10723,-1,10723,10765,10773,-1,10723,10773,10725,-1,10725,10773,10778,-1,10725,10778,10727,-1,10727,10778,10776,-1,10727,10776,10721,-1,10721,10776,10775,-1,10721,10775,10715,-1,10715,10775,10781,-1,10715,10781,10716,-1,10716,10781,10787,-1,10716,10787,10718,-1,10718,10787,10785,-1,10718,10785,10713,-1,10713,10785,10783,-1,10713,10783,10701,-1,10701,10783,10789,-1,10701,10789,10703,-1,10703,10789,10800,-1,10703,10800,10705,-1,10705,10800,10798,-1,10705,10798,10707,-1,10707,10798,10796,-1,10707,10796,10709,-1,10709,10796,10794,-1,10709,10794,10711,-1,10711,10794,10792,-1,10711,10792,10689,-1,10689,10792,10791,-1,10689,10791,10690,-1,10690,10791,10811,-1,10690,10811,10692,-1,10692,10811,10809,-1,10692,10809,10694,-1,10694,10809,10807,-1,10694,10807,10696,-1,10696,10807,10805,-1,10696,10805,10698,-1,10698,10805,10803,-1,10698,10803,10684,-1,10684,10803,10678,-1,10684,10678,10685,-1,10685,10678,10679,-1,10682,10687,10680,-1,10680,10687,10685,-1,10683,10677,10682,-1,10682,10677,10687,-1,10679,10681,10685,-1,10685,10681,10680,-1,10681,10679,10683,-1,10683,10679,10677,-1,10812,10813,10814,-1,10814,10813,10815,-1,10816,10817,10818,-1,10818,10817,10819,-1,10820,10821,10822,-1,10822,10821,10823,-1,10824,10825,10826,-1,10824,10826,10827,-1,10827,10826,10828,-1,10827,10828,10829,-1,10829,10828,10830,-1,10829,10830,10831,-1,10831,10830,10832,-1,10831,10832,10833,-1,10833,10832,10834,-1,10833,10834,10835,-1,10835,10834,10820,-1,10835,10820,10822,-1,10836,10837,10838,-1,10838,10837,10839,-1,10838,10839,10840,-1,10840,10839,10841,-1,10840,10841,10842,-1,10842,10841,10843,-1,10842,10843,10844,-1,10844,10843,10845,-1,10844,10845,10846,-1,10846,10845,10847,-1,10846,10847,10824,-1,10824,10847,10825,-1,10836,10848,10837,-1,10837,10848,10849,-1,10850,10851,10852,-1,10850,10852,10853,-1,10853,10852,10854,-1,10853,10854,10855,-1,10855,10854,10849,-1,10855,10849,10848,-1,10850,10856,10851,-1,10851,10856,10857,-1,10858,10859,10860,-1,10860,10859,10861,-1,10860,10861,10862,-1,10862,10861,10863,-1,10862,10863,10856,-1,10856,10863,10857,-1,10858,10864,10859,-1,10859,10864,10865,-1,10866,10867,10868,-1,10868,10867,10869,-1,10868,10869,10870,-1,10870,10869,10871,-1,10870,10871,10872,-1,10872,10871,10873,-1,10872,10873,10864,-1,10864,10873,10865,-1,10866,10874,10867,-1,10867,10874,10875,-1,10876,10877,10878,-1,10876,10878,10879,-1,10879,10878,10880,-1,10879,10880,10881,-1,10881,10880,10882,-1,10881,10882,10883,-1,10883,10882,10875,-1,10883,10875,10874,-1,10876,10884,10877,-1,10877,10884,10885,-1,10884,10886,10885,-1,10885,10886,10887,-1,10886,10888,10887,-1,10887,10888,10889,-1,10890,10891,10892,-1,10892,10891,10893,-1,10892,10893,10894,-1,10894,10893,10895,-1,10894,10895,10896,-1,10896,10895,10897,-1,10896,10897,10888,-1,10888,10897,10889,-1,10890,10898,10891,-1,10891,10898,10899,-1,10900,10901,10902,-1,10900,10902,10903,-1,10903,10902,10904,-1,10903,10904,10905,-1,10905,10904,10906,-1,10905,10906,10907,-1,10907,10906,10899,-1,10907,10899,10898,-1,10900,10908,10901,-1,10901,10908,10909,-1,10910,10911,10912,-1,10910,10912,10913,-1,10913,10912,10914,-1,10913,10914,10915,-1,10915,10914,10909,-1,10915,10909,10908,-1,10910,10916,10911,-1,10911,10916,10917,-1,10918,10919,10920,-1,10920,10919,10921,-1,10920,10921,10922,-1,10922,10921,10923,-1,10922,10923,10916,-1,10916,10923,10917,-1,10918,10924,10919,-1,10919,10924,10925,-1,10926,10927,10928,-1,10926,10928,10929,-1,10929,10928,10930,-1,10929,10930,10931,-1,10931,10930,10932,-1,10931,10932,10933,-1,10933,10932,10934,-1,10933,10934,10935,-1,10935,10934,10936,-1,10935,10936,10937,-1,10937,10936,10925,-1,10937,10925,10924,-1,10812,10814,10938,-1,10938,10814,10939,-1,10938,10939,10940,-1,10940,10939,10941,-1,10940,10941,10942,-1,10942,10941,10943,-1,10942,10943,10944,-1,10944,10943,10945,-1,10944,10945,10946,-1,10946,10945,10947,-1,10946,10947,10926,-1,10926,10947,10927,-1,10886,10884,10888,-1,10888,10884,10876,-1,10888,10876,10896,-1,10896,10876,10879,-1,10896,10879,10894,-1,10894,10879,10881,-1,10894,10881,10892,-1,10892,10881,10883,-1,10892,10883,10890,-1,10890,10883,10874,-1,10890,10874,10898,-1,10898,10874,10866,-1,10898,10866,10907,-1,10907,10866,10868,-1,10907,10868,10905,-1,10905,10868,10870,-1,10905,10870,10903,-1,10903,10870,10872,-1,10903,10872,10900,-1,10900,10872,10864,-1,10900,10864,10908,-1,10908,10864,10858,-1,10908,10858,10915,-1,10915,10858,10860,-1,10915,10860,10913,-1,10913,10860,10862,-1,10913,10862,10910,-1,10910,10862,10856,-1,10910,10856,10916,-1,10916,10856,10850,-1,10916,10850,10922,-1,10922,10850,10853,-1,10922,10853,10920,-1,10920,10853,10855,-1,10920,10855,10918,-1,10918,10855,10848,-1,10918,10848,10924,-1,10924,10848,10836,-1,10924,10836,10937,-1,10937,10836,10838,-1,10937,10838,10935,-1,10935,10838,10840,-1,10935,10840,10933,-1,10933,10840,10842,-1,10933,10842,10931,-1,10931,10842,10844,-1,10931,10844,10929,-1,10929,10844,10846,-1,10929,10846,10926,-1,10926,10846,10824,-1,10926,10824,10946,-1,10946,10824,10827,-1,10946,10827,10944,-1,10944,10827,10829,-1,10944,10829,10942,-1,10942,10829,10831,-1,10942,10831,10940,-1,10940,10831,10833,-1,10940,10833,10938,-1,10938,10833,10835,-1,10938,10835,10812,-1,10812,10835,10822,-1,10812,10822,10813,-1,10813,10822,10823,-1,10885,10887,10877,-1,10877,10887,10889,-1,10877,10889,10878,-1,10878,10889,10897,-1,10878,10897,10880,-1,10880,10897,10895,-1,10880,10895,10882,-1,10882,10895,10893,-1,10882,10893,10875,-1,10875,10893,10891,-1,10875,10891,10867,-1,10867,10891,10899,-1,10867,10899,10869,-1,10869,10899,10906,-1,10869,10906,10871,-1,10871,10906,10904,-1,10871,10904,10873,-1,10873,10904,10902,-1,10873,10902,10865,-1,10865,10902,10901,-1,10865,10901,10859,-1,10859,10901,10909,-1,10859,10909,10861,-1,10861,10909,10914,-1,10861,10914,10863,-1,10863,10914,10912,-1,10863,10912,10857,-1,10857,10912,10911,-1,10857,10911,10851,-1,10851,10911,10917,-1,10851,10917,10852,-1,10852,10917,10923,-1,10852,10923,10854,-1,10854,10923,10921,-1,10854,10921,10849,-1,10849,10921,10919,-1,10849,10919,10837,-1,10837,10919,10925,-1,10837,10925,10839,-1,10839,10925,10936,-1,10839,10936,10841,-1,10841,10936,10934,-1,10841,10934,10843,-1,10843,10934,10932,-1,10843,10932,10845,-1,10845,10932,10930,-1,10845,10930,10847,-1,10847,10930,10928,-1,10847,10928,10825,-1,10825,10928,10927,-1,10825,10927,10826,-1,10826,10927,10947,-1,10826,10947,10828,-1,10828,10947,10945,-1,10828,10945,10830,-1,10830,10945,10943,-1,10830,10943,10832,-1,10832,10943,10941,-1,10832,10941,10834,-1,10834,10941,10939,-1,10834,10939,10820,-1,10820,10939,10814,-1,10820,10814,10821,-1,10821,10814,10815,-1,10818,10823,10816,-1,10816,10823,10821,-1,10819,10813,10818,-1,10818,10813,10823,-1,10815,10817,10821,-1,10821,10817,10816,-1,10817,10815,10819,-1,10819,10815,10813,-1,10948,10949,10950,-1,10950,10949,10951,-1,10952,10953,10954,-1,10954,10953,10955,-1,10956,10957,10958,-1,10958,10957,10959,-1,10960,10961,10962,-1,10960,10962,10963,-1,10963,10962,10964,-1,10963,10964,10965,-1,10965,10964,10966,-1,10965,10966,10967,-1,10967,10966,10968,-1,10967,10968,10969,-1,10969,10968,10970,-1,10969,10970,10971,-1,10971,10970,10956,-1,10971,10956,10958,-1,10972,10973,10974,-1,10974,10973,10975,-1,10974,10975,10976,-1,10976,10975,10977,-1,10976,10977,10978,-1,10978,10977,10979,-1,10978,10979,10980,-1,10980,10979,10981,-1,10980,10981,10982,-1,10982,10981,10983,-1,10982,10983,10960,-1,10960,10983,10961,-1,10972,10984,10973,-1,10973,10984,10985,-1,10986,10987,10988,-1,10986,10988,10989,-1,10989,10988,10990,-1,10989,10990,10991,-1,10991,10990,10985,-1,10991,10985,10984,-1,10986,10992,10987,-1,10987,10992,10993,-1,10994,10995,10996,-1,10996,10995,10997,-1,10996,10997,10998,-1,10998,10997,10999,-1,10998,10999,10992,-1,10992,10999,10993,-1,10994,11000,10995,-1,10995,11000,11001,-1,11002,11003,11004,-1,11004,11003,11005,-1,11004,11005,11006,-1,11006,11005,11007,-1,11006,11007,11008,-1,11008,11007,11009,-1,11008,11009,11000,-1,11000,11009,11001,-1,11002,11010,11003,-1,11003,11010,11011,-1,11012,11013,11014,-1,11012,11014,11015,-1,11015,11014,11016,-1,11015,11016,11017,-1,11017,11016,11018,-1,11017,11018,11019,-1,11019,11018,11011,-1,11019,11011,11010,-1,11012,11020,11013,-1,11013,11020,11021,-1,11020,11022,11021,-1,11021,11022,11023,-1,11022,11024,11023,-1,11023,11024,11025,-1,11026,11027,11028,-1,11028,11027,11029,-1,11028,11029,11030,-1,11030,11029,11031,-1,11030,11031,11032,-1,11032,11031,11033,-1,11032,11033,11024,-1,11024,11033,11025,-1,11026,11034,11027,-1,11027,11034,11035,-1,11036,11037,11038,-1,11036,11038,11039,-1,11039,11038,11040,-1,11039,11040,11041,-1,11041,11040,11042,-1,11041,11042,11043,-1,11043,11042,11035,-1,11043,11035,11034,-1,11036,11044,11037,-1,11037,11044,11045,-1,11046,11047,11048,-1,11046,11048,11049,-1,11049,11048,11050,-1,11049,11050,11051,-1,11051,11050,11045,-1,11051,11045,11044,-1,11046,11052,11047,-1,11047,11052,11053,-1,11054,11055,11056,-1,11056,11055,11057,-1,11056,11057,11058,-1,11058,11057,11059,-1,11058,11059,11052,-1,11052,11059,11053,-1,11054,11060,11055,-1,11055,11060,11061,-1,11062,11063,11064,-1,11062,11064,11065,-1,11065,11064,11066,-1,11065,11066,11067,-1,11067,11066,11068,-1,11067,11068,11069,-1,11069,11068,11070,-1,11069,11070,11071,-1,11071,11070,11072,-1,11071,11072,11073,-1,11073,11072,11061,-1,11073,11061,11060,-1,10948,10950,11074,-1,11074,10950,11075,-1,11074,11075,11076,-1,11076,11075,11077,-1,11076,11077,11078,-1,11078,11077,11079,-1,11078,11079,11080,-1,11080,11079,11081,-1,11080,11081,11082,-1,11082,11081,11083,-1,11082,11083,11062,-1,11062,11083,11063,-1,11022,11020,11024,-1,11024,11020,11012,-1,11024,11012,11032,-1,11032,11012,11015,-1,11032,11015,11030,-1,11030,11015,11017,-1,11030,11017,11028,-1,11028,11017,11019,-1,11028,11019,11026,-1,11026,11019,11010,-1,11026,11010,11034,-1,11034,11010,11002,-1,11034,11002,11043,-1,11043,11002,11004,-1,11043,11004,11041,-1,11041,11004,11006,-1,11041,11006,11039,-1,11039,11006,11008,-1,11039,11008,11036,-1,11036,11008,11000,-1,11036,11000,11044,-1,11044,11000,10994,-1,11044,10994,11051,-1,11051,10994,10996,-1,11051,10996,11049,-1,11049,10996,10998,-1,11049,10998,11046,-1,11046,10998,10992,-1,11046,10992,11052,-1,11052,10992,10986,-1,11052,10986,11058,-1,11058,10986,10989,-1,11058,10989,11056,-1,11056,10989,10991,-1,11056,10991,11054,-1,11054,10991,10984,-1,11054,10984,11060,-1,11060,10984,10972,-1,11060,10972,11073,-1,11073,10972,10974,-1,11073,10974,11071,-1,11071,10974,10976,-1,11071,10976,11069,-1,11069,10976,10978,-1,11069,10978,11067,-1,11067,10978,10980,-1,11067,10980,11065,-1,11065,10980,10982,-1,11065,10982,11062,-1,11062,10982,10960,-1,11062,10960,11082,-1,11082,10960,10963,-1,11082,10963,11080,-1,11080,10963,10965,-1,11080,10965,11078,-1,11078,10965,10967,-1,11078,10967,11076,-1,11076,10967,10969,-1,11076,10969,11074,-1,11074,10969,10971,-1,11074,10971,10948,-1,10948,10971,10958,-1,10948,10958,10949,-1,10949,10958,10959,-1,11021,11023,11013,-1,11013,11023,11025,-1,11013,11025,11014,-1,11014,11025,11033,-1,11014,11033,11016,-1,11016,11033,11031,-1,11016,11031,11018,-1,11018,11031,11029,-1,11018,11029,11011,-1,11011,11029,11027,-1,11011,11027,11003,-1,11003,11027,11035,-1,11003,11035,11005,-1,11005,11035,11042,-1,11005,11042,11007,-1,11007,11042,11040,-1,11007,11040,11009,-1,11009,11040,11038,-1,11009,11038,11001,-1,11001,11038,11037,-1,11001,11037,10995,-1,10995,11037,11045,-1,10995,11045,10997,-1,10997,11045,11050,-1,10997,11050,10999,-1,10999,11050,11048,-1,10999,11048,10993,-1,10993,11048,11047,-1,10993,11047,10987,-1,10987,11047,11053,-1,10987,11053,10988,-1,10988,11053,11059,-1,10988,11059,10990,-1,10990,11059,11057,-1,10990,11057,10985,-1,10985,11057,11055,-1,10985,11055,10973,-1,10973,11055,11061,-1,10973,11061,10975,-1,10975,11061,11072,-1,10975,11072,10977,-1,10977,11072,11070,-1,10977,11070,10979,-1,10979,11070,11068,-1,10979,11068,10981,-1,10981,11068,11066,-1,10981,11066,10983,-1,10983,11066,11064,-1,10983,11064,10961,-1,10961,11064,11063,-1,10961,11063,10962,-1,10962,11063,11083,-1,10962,11083,10964,-1,10964,11083,11081,-1,10964,11081,10966,-1,10966,11081,11079,-1,10966,11079,10968,-1,10968,11079,11077,-1,10968,11077,10970,-1,10970,11077,11075,-1,10970,11075,10956,-1,10956,11075,10950,-1,10956,10950,10957,-1,10957,10950,10951,-1,10954,10959,10952,-1,10952,10959,10957,-1,10955,10949,10954,-1,10954,10949,10959,-1,10951,10953,10957,-1,10957,10953,10952,-1,10953,10951,10955,-1,10955,10951,10949,-1,11084,11085,11086,-1,11086,11085,11087,-1,11088,11089,11090,-1,11090,11089,11091,-1,11092,11093,11094,-1,11094,11093,11095,-1,11095,11093,11096,-1,11096,11093,11097,-1,11096,11097,11098,-1,11098,11097,11099,-1,11098,11099,11100,-1,11100,11099,11101,-1,11100,11101,11102,-1,11102,11101,11103,-1,11102,11103,11104,-1,11104,11103,11105,-1,11104,11105,11106,-1,11106,11105,11107,-1,11106,11107,11108,-1,11106,11108,11109,-1,11109,11108,11110,-1,11109,11110,11111,-1,11111,11110,11112,-1,11111,11112,11113,-1,11113,11112,11114,-1,11113,11114,11115,-1,11115,11114,11116,-1,11115,11116,11117,-1,11117,11116,11118,-1,11117,11118,11119,-1,11120,11119,11121,-1,11121,11119,11118,-1,11120,11121,11122,-1,11120,11122,11123,-1,11123,11122,11124,-1,11123,11124,11125,-1,11125,11124,11126,-1,11125,11126,11127,-1,11128,11127,11129,-1,11129,11127,11126,-1,11128,11129,11130,-1,11130,11129,11131,-1,11130,11131,11132,-1,11132,11131,11133,-1,11134,11132,11135,-1,11135,11132,11133,-1,11134,11135,11136,-1,11136,11135,11137,-1,11136,11137,11138,-1,11138,11137,11139,-1,11138,11139,11140,-1,11140,11139,11141,-1,11140,11141,11142,-1,11142,11141,11143,-1,11144,11142,11145,-1,11145,11142,11143,-1,11144,11145,11146,-1,11144,11146,11147,-1,11147,11146,11148,-1,11147,11148,11149,-1,11149,11148,11150,-1,11149,11150,11151,-1,11151,11150,11152,-1,11151,11152,11153,-1,11154,11153,11155,-1,11155,11153,11152,-1,11156,11154,11157,-1,11157,11154,11155,-1,11158,11156,11159,-1,11159,11156,11157,-1,11158,11159,11160,-1,11160,11159,11161,-1,11160,11161,11162,-1,11162,11161,11163,-1,11162,11163,11164,-1,11164,11163,11165,-1,11164,11165,11166,-1,11166,11165,11167,-1,11168,11166,11169,-1,11169,11166,11167,-1,11168,11169,11170,-1,11168,11170,11171,-1,11171,11170,11172,-1,11171,11172,11173,-1,11173,11172,11174,-1,11173,11174,11175,-1,11175,11174,11176,-1,11175,11176,11177,-1,11178,11177,11179,-1,11179,11177,11176,-1,11178,11179,11180,-1,11178,11180,11181,-1,11181,11180,11182,-1,11181,11182,11183,-1,11183,11182,11184,-1,11183,11184,11185,-1,11186,11185,11187,-1,11187,11185,11184,-1,11186,11187,11188,-1,11188,11187,11189,-1,11188,11189,11190,-1,11190,11189,11191,-1,11190,11191,11192,-1,11192,11191,11193,-1,11194,11192,11195,-1,11195,11192,11193,-1,11194,11195,11196,-1,11196,11195,11197,-1,11196,11197,11198,-1,11198,11197,11199,-1,11198,11199,11200,-1,11200,11199,11201,-1,11200,11201,11202,-1,11202,11201,11203,-1,11202,11203,11204,-1,11204,11203,11205,-1,11204,11205,11206,-1,11206,11205,11207,-1,11206,11207,11208,-1,11206,11208,11209,-1,11209,11208,11210,-1,11209,11210,11211,-1,11211,11210,11212,-1,11211,11212,11213,-1,11213,11212,11214,-1,11213,11214,11215,-1,11215,11214,11216,-1,11215,11216,11217,-1,11217,11216,11087,-1,11217,11087,11085,-1,11084,11094,11085,-1,11085,11094,11095,-1,11085,11095,11217,-1,11217,11095,11096,-1,11217,11096,11215,-1,11215,11096,11098,-1,11215,11098,11213,-1,11213,11098,11100,-1,11213,11100,11211,-1,11211,11100,11102,-1,11211,11102,11209,-1,11209,11102,11104,-1,11209,11104,11206,-1,11206,11104,11106,-1,11206,11106,11204,-1,11204,11106,11109,-1,11204,11109,11202,-1,11202,11109,11111,-1,11202,11111,11200,-1,11200,11111,11113,-1,11200,11113,11198,-1,11198,11113,11115,-1,11198,11115,11196,-1,11196,11115,11117,-1,11196,11117,11194,-1,11194,11117,11119,-1,11194,11119,11192,-1,11192,11119,11120,-1,11192,11120,11190,-1,11190,11120,11123,-1,11190,11123,11188,-1,11188,11123,11125,-1,11188,11125,11186,-1,11186,11125,11127,-1,11186,11127,11185,-1,11185,11127,11128,-1,11185,11128,11183,-1,11183,11128,11130,-1,11183,11130,11181,-1,11181,11130,11132,-1,11154,11156,11153,-1,11153,11156,11158,-1,11153,11158,11151,-1,11151,11158,11160,-1,11151,11160,11149,-1,11149,11160,11162,-1,11149,11162,11147,-1,11147,11162,11164,-1,11147,11164,11144,-1,11144,11164,11166,-1,11144,11166,11142,-1,11142,11166,11168,-1,11142,11168,11140,-1,11140,11168,11171,-1,11140,11171,11138,-1,11138,11171,11173,-1,11138,11173,11136,-1,11136,11173,11175,-1,11136,11175,11134,-1,11134,11175,11177,-1,11134,11177,11132,-1,11132,11177,11178,-1,11132,11178,11181,-1,11092,11086,11093,-1,11093,11086,11087,-1,11093,11087,11097,-1,11097,11087,11216,-1,11097,11216,11099,-1,11099,11216,11214,-1,11099,11214,11101,-1,11101,11214,11212,-1,11101,11212,11103,-1,11103,11212,11210,-1,11103,11210,11105,-1,11105,11210,11208,-1,11105,11208,11107,-1,11107,11208,11207,-1,11107,11207,11108,-1,11108,11207,11205,-1,11108,11205,11110,-1,11110,11205,11203,-1,11110,11203,11112,-1,11112,11203,11201,-1,11112,11201,11114,-1,11114,11201,11199,-1,11114,11199,11116,-1,11116,11199,11197,-1,11116,11197,11118,-1,11118,11197,11195,-1,11118,11195,11121,-1,11121,11195,11193,-1,11121,11193,11122,-1,11122,11193,11191,-1,11122,11191,11124,-1,11124,11191,11189,-1,11124,11189,11126,-1,11126,11189,11187,-1,11126,11187,11129,-1,11129,11187,11184,-1,11129,11184,11131,-1,11157,11155,11159,-1,11159,11155,11152,-1,11159,11152,11161,-1,11161,11152,11150,-1,11161,11150,11163,-1,11163,11150,11148,-1,11163,11148,11165,-1,11165,11148,11146,-1,11165,11146,11167,-1,11167,11146,11145,-1,11167,11145,11169,-1,11169,11145,11143,-1,11169,11143,11170,-1,11170,11143,11141,-1,11170,11141,11172,-1,11172,11141,11139,-1,11172,11139,11174,-1,11174,11139,11137,-1,11174,11137,11176,-1,11176,11137,11135,-1,11176,11135,11179,-1,11179,11135,11133,-1,11179,11133,11180,-1,11180,11133,11131,-1,11180,11131,11182,-1,11182,11131,11184,-1,11094,11091,11092,-1,11092,11091,11089,-1,11084,11090,11094,-1,11094,11090,11091,-1,11088,11086,11089,-1,11089,11086,11092,-1,11086,11088,11084,-1,11084,11088,11090,-1,11218,11219,11220,-1,11220,11219,11221,-1,11222,11223,11224,-1,11224,11223,11225,-1,11226,11227,11228,-1,11228,11227,11229,-1,11229,11227,11230,-1,11230,11227,11231,-1,11230,11231,11232,-1,11232,11231,11233,-1,11232,11233,11234,-1,11234,11233,11235,-1,11234,11235,11236,-1,11236,11235,11237,-1,11236,11237,11238,-1,11238,11237,11239,-1,11238,11239,11240,-1,11240,11239,11241,-1,11240,11241,11242,-1,11240,11242,11243,-1,11243,11242,11244,-1,11243,11244,11245,-1,11245,11244,11246,-1,11245,11246,11247,-1,11247,11246,11248,-1,11247,11248,11249,-1,11249,11248,11250,-1,11249,11250,11251,-1,11251,11250,11252,-1,11251,11252,11253,-1,11254,11253,11255,-1,11255,11253,11252,-1,11254,11255,11256,-1,11254,11256,11257,-1,11257,11256,11258,-1,11257,11258,11259,-1,11259,11258,11260,-1,11259,11260,11261,-1,11262,11261,11263,-1,11263,11261,11260,-1,11262,11263,11264,-1,11264,11263,11265,-1,11264,11265,11266,-1,11266,11265,11267,-1,11268,11266,11269,-1,11269,11266,11267,-1,11268,11269,11270,-1,11270,11269,11271,-1,11270,11271,11272,-1,11272,11271,11273,-1,11272,11273,11274,-1,11274,11273,11275,-1,11274,11275,11276,-1,11276,11275,11277,-1,11278,11276,11279,-1,11279,11276,11277,-1,11278,11279,11280,-1,11278,11280,11281,-1,11281,11280,11282,-1,11281,11282,11283,-1,11283,11282,11284,-1,11283,11284,11285,-1,11285,11284,11286,-1,11285,11286,11287,-1,11288,11287,11289,-1,11289,11287,11286,-1,11290,11288,11291,-1,11291,11288,11289,-1,11292,11290,11293,-1,11293,11290,11291,-1,11292,11293,11294,-1,11294,11293,11295,-1,11294,11295,11296,-1,11296,11295,11297,-1,11296,11297,11298,-1,11298,11297,11299,-1,11298,11299,11300,-1,11300,11299,11301,-1,11302,11300,11303,-1,11303,11300,11301,-1,11302,11303,11304,-1,11302,11304,11305,-1,11305,11304,11306,-1,11305,11306,11307,-1,11307,11306,11308,-1,11307,11308,11309,-1,11309,11308,11310,-1,11309,11310,11311,-1,11312,11311,11313,-1,11313,11311,11310,-1,11312,11313,11314,-1,11312,11314,11315,-1,11315,11314,11316,-1,11315,11316,11317,-1,11317,11316,11318,-1,11317,11318,11319,-1,11320,11319,11321,-1,11321,11319,11318,-1,11320,11321,11322,-1,11322,11321,11323,-1,11322,11323,11324,-1,11324,11323,11325,-1,11324,11325,11326,-1,11326,11325,11327,-1,11328,11326,11329,-1,11329,11326,11327,-1,11328,11329,11330,-1,11330,11329,11331,-1,11330,11331,11332,-1,11332,11331,11333,-1,11332,11333,11334,-1,11334,11333,11335,-1,11334,11335,11336,-1,11336,11335,11337,-1,11336,11337,11338,-1,11338,11337,11339,-1,11338,11339,11340,-1,11340,11339,11341,-1,11340,11341,11342,-1,11340,11342,11343,-1,11343,11342,11344,-1,11343,11344,11345,-1,11345,11344,11346,-1,11345,11346,11347,-1,11347,11346,11348,-1,11347,11348,11349,-1,11349,11348,11350,-1,11349,11350,11351,-1,11351,11350,11221,-1,11351,11221,11219,-1,11218,11228,11219,-1,11219,11228,11229,-1,11219,11229,11351,-1,11351,11229,11230,-1,11351,11230,11349,-1,11349,11230,11232,-1,11349,11232,11347,-1,11347,11232,11234,-1,11347,11234,11345,-1,11345,11234,11236,-1,11345,11236,11343,-1,11343,11236,11238,-1,11343,11238,11340,-1,11340,11238,11240,-1,11340,11240,11338,-1,11338,11240,11243,-1,11338,11243,11336,-1,11336,11243,11245,-1,11336,11245,11334,-1,11334,11245,11247,-1,11334,11247,11332,-1,11332,11247,11249,-1,11332,11249,11330,-1,11330,11249,11251,-1,11330,11251,11328,-1,11328,11251,11253,-1,11328,11253,11326,-1,11326,11253,11254,-1,11326,11254,11324,-1,11324,11254,11257,-1,11324,11257,11322,-1,11322,11257,11259,-1,11322,11259,11320,-1,11320,11259,11261,-1,11320,11261,11319,-1,11319,11261,11262,-1,11319,11262,11317,-1,11317,11262,11264,-1,11317,11264,11315,-1,11315,11264,11266,-1,11288,11290,11287,-1,11287,11290,11292,-1,11287,11292,11285,-1,11285,11292,11294,-1,11285,11294,11283,-1,11283,11294,11296,-1,11283,11296,11281,-1,11281,11296,11298,-1,11281,11298,11278,-1,11278,11298,11300,-1,11278,11300,11276,-1,11276,11300,11302,-1,11276,11302,11274,-1,11274,11302,11305,-1,11274,11305,11272,-1,11272,11305,11307,-1,11272,11307,11270,-1,11270,11307,11309,-1,11270,11309,11268,-1,11268,11309,11311,-1,11268,11311,11266,-1,11266,11311,11312,-1,11266,11312,11315,-1,11226,11220,11227,-1,11227,11220,11221,-1,11227,11221,11231,-1,11231,11221,11350,-1,11231,11350,11233,-1,11233,11350,11348,-1,11233,11348,11235,-1,11235,11348,11346,-1,11235,11346,11237,-1,11237,11346,11344,-1,11237,11344,11239,-1,11239,11344,11342,-1,11239,11342,11241,-1,11241,11342,11341,-1,11241,11341,11242,-1,11242,11341,11339,-1,11242,11339,11244,-1,11244,11339,11337,-1,11244,11337,11246,-1,11246,11337,11335,-1,11246,11335,11248,-1,11248,11335,11333,-1,11248,11333,11250,-1,11250,11333,11331,-1,11250,11331,11252,-1,11252,11331,11329,-1,11252,11329,11255,-1,11255,11329,11327,-1,11255,11327,11256,-1,11256,11327,11325,-1,11256,11325,11258,-1,11258,11325,11323,-1,11258,11323,11260,-1,11260,11323,11321,-1,11260,11321,11263,-1,11263,11321,11318,-1,11263,11318,11265,-1,11291,11289,11293,-1,11293,11289,11286,-1,11293,11286,11295,-1,11295,11286,11284,-1,11295,11284,11297,-1,11297,11284,11282,-1,11297,11282,11299,-1,11299,11282,11280,-1,11299,11280,11301,-1,11301,11280,11279,-1,11301,11279,11303,-1,11303,11279,11277,-1,11303,11277,11304,-1,11304,11277,11275,-1,11304,11275,11306,-1,11306,11275,11273,-1,11306,11273,11308,-1,11308,11273,11271,-1,11308,11271,11310,-1,11310,11271,11269,-1,11310,11269,11313,-1,11313,11269,11267,-1,11313,11267,11314,-1,11314,11267,11265,-1,11314,11265,11316,-1,11316,11265,11318,-1,11228,11225,11226,-1,11226,11225,11223,-1,11218,11224,11228,-1,11228,11224,11225,-1,11222,11220,11223,-1,11223,11220,11226,-1,11220,11222,11218,-1,11218,11222,11224,-1,11352,11353,11354,-1,11354,11353,11355,-1,11356,11357,11358,-1,11358,11357,11359,-1,11360,11361,11362,-1,11362,11361,11363,-1,11363,11361,11364,-1,11364,11361,11365,-1,11364,11365,11366,-1,11366,11365,11367,-1,11366,11367,11368,-1,11368,11367,11369,-1,11368,11369,11370,-1,11370,11369,11371,-1,11370,11371,11372,-1,11372,11371,11373,-1,11372,11373,11374,-1,11374,11373,11375,-1,11374,11375,11376,-1,11374,11376,11377,-1,11377,11376,11378,-1,11377,11378,11379,-1,11379,11378,11380,-1,11379,11380,11381,-1,11381,11380,11382,-1,11381,11382,11383,-1,11383,11382,11384,-1,11383,11384,11385,-1,11385,11384,11386,-1,11385,11386,11387,-1,11388,11387,11389,-1,11389,11387,11386,-1,11388,11389,11390,-1,11388,11390,11391,-1,11391,11390,11392,-1,11391,11392,11393,-1,11393,11392,11394,-1,11393,11394,11395,-1,11396,11395,11397,-1,11397,11395,11394,-1,11396,11397,11398,-1,11398,11397,11399,-1,11398,11399,11400,-1,11400,11399,11401,-1,11402,11400,11403,-1,11403,11400,11401,-1,11402,11403,11404,-1,11404,11403,11405,-1,11404,11405,11406,-1,11406,11405,11407,-1,11406,11407,11408,-1,11408,11407,11409,-1,11408,11409,11410,-1,11410,11409,11411,-1,11412,11410,11413,-1,11413,11410,11411,-1,11412,11413,11414,-1,11412,11414,11415,-1,11415,11414,11416,-1,11415,11416,11417,-1,11417,11416,11418,-1,11417,11418,11419,-1,11419,11418,11420,-1,11419,11420,11421,-1,11422,11421,11423,-1,11423,11421,11420,-1,11424,11422,11425,-1,11425,11422,11423,-1,11426,11424,11427,-1,11427,11424,11425,-1,11426,11427,11428,-1,11428,11427,11429,-1,11428,11429,11430,-1,11430,11429,11431,-1,11430,11431,11432,-1,11432,11431,11433,-1,11432,11433,11434,-1,11434,11433,11435,-1,11436,11434,11437,-1,11437,11434,11435,-1,11436,11437,11438,-1,11436,11438,11439,-1,11439,11438,11440,-1,11439,11440,11441,-1,11441,11440,11442,-1,11441,11442,11443,-1,11443,11442,11444,-1,11443,11444,11445,-1,11446,11445,11447,-1,11447,11445,11444,-1,11446,11447,11448,-1,11446,11448,11449,-1,11449,11448,11450,-1,11449,11450,11451,-1,11451,11450,11452,-1,11451,11452,11453,-1,11454,11453,11455,-1,11455,11453,11452,-1,11454,11455,11456,-1,11456,11455,11457,-1,11456,11457,11458,-1,11458,11457,11459,-1,11458,11459,11460,-1,11460,11459,11461,-1,11462,11460,11463,-1,11463,11460,11461,-1,11462,11463,11464,-1,11464,11463,11465,-1,11464,11465,11466,-1,11466,11465,11467,-1,11466,11467,11468,-1,11468,11467,11469,-1,11468,11469,11470,-1,11470,11469,11471,-1,11470,11471,11472,-1,11472,11471,11473,-1,11472,11473,11474,-1,11474,11473,11475,-1,11474,11475,11476,-1,11474,11476,11477,-1,11477,11476,11478,-1,11477,11478,11479,-1,11479,11478,11480,-1,11479,11480,11481,-1,11481,11480,11482,-1,11481,11482,11483,-1,11483,11482,11484,-1,11483,11484,11485,-1,11485,11484,11355,-1,11485,11355,11353,-1,11352,11362,11353,-1,11353,11362,11363,-1,11353,11363,11485,-1,11485,11363,11364,-1,11485,11364,11483,-1,11483,11364,11366,-1,11483,11366,11481,-1,11481,11366,11368,-1,11481,11368,11479,-1,11479,11368,11370,-1,11479,11370,11477,-1,11477,11370,11372,-1,11477,11372,11474,-1,11474,11372,11374,-1,11474,11374,11472,-1,11472,11374,11377,-1,11472,11377,11470,-1,11470,11377,11379,-1,11470,11379,11468,-1,11468,11379,11381,-1,11468,11381,11466,-1,11466,11381,11383,-1,11466,11383,11464,-1,11464,11383,11385,-1,11464,11385,11462,-1,11462,11385,11387,-1,11462,11387,11460,-1,11460,11387,11388,-1,11460,11388,11458,-1,11458,11388,11391,-1,11458,11391,11456,-1,11456,11391,11393,-1,11456,11393,11454,-1,11454,11393,11395,-1,11454,11395,11453,-1,11453,11395,11396,-1,11453,11396,11451,-1,11451,11396,11398,-1,11451,11398,11449,-1,11449,11398,11400,-1,11422,11424,11421,-1,11421,11424,11426,-1,11421,11426,11419,-1,11419,11426,11428,-1,11419,11428,11417,-1,11417,11428,11430,-1,11417,11430,11415,-1,11415,11430,11432,-1,11415,11432,11412,-1,11412,11432,11434,-1,11412,11434,11410,-1,11410,11434,11436,-1,11410,11436,11408,-1,11408,11436,11439,-1,11408,11439,11406,-1,11406,11439,11441,-1,11406,11441,11404,-1,11404,11441,11443,-1,11404,11443,11402,-1,11402,11443,11445,-1,11402,11445,11400,-1,11400,11445,11446,-1,11400,11446,11449,-1,11360,11354,11361,-1,11361,11354,11355,-1,11361,11355,11365,-1,11365,11355,11484,-1,11365,11484,11367,-1,11367,11484,11482,-1,11367,11482,11369,-1,11369,11482,11480,-1,11369,11480,11371,-1,11371,11480,11478,-1,11371,11478,11373,-1,11373,11478,11476,-1,11373,11476,11375,-1,11375,11476,11475,-1,11375,11475,11376,-1,11376,11475,11473,-1,11376,11473,11378,-1,11378,11473,11471,-1,11378,11471,11380,-1,11380,11471,11469,-1,11380,11469,11382,-1,11382,11469,11467,-1,11382,11467,11384,-1,11384,11467,11465,-1,11384,11465,11386,-1,11386,11465,11463,-1,11386,11463,11389,-1,11389,11463,11461,-1,11389,11461,11390,-1,11390,11461,11459,-1,11390,11459,11392,-1,11392,11459,11457,-1,11392,11457,11394,-1,11394,11457,11455,-1,11394,11455,11397,-1,11397,11455,11452,-1,11397,11452,11399,-1,11425,11423,11427,-1,11427,11423,11420,-1,11427,11420,11429,-1,11429,11420,11418,-1,11429,11418,11431,-1,11431,11418,11416,-1,11431,11416,11433,-1,11433,11416,11414,-1,11433,11414,11435,-1,11435,11414,11413,-1,11435,11413,11437,-1,11437,11413,11411,-1,11437,11411,11438,-1,11438,11411,11409,-1,11438,11409,11440,-1,11440,11409,11407,-1,11440,11407,11442,-1,11442,11407,11405,-1,11442,11405,11444,-1,11444,11405,11403,-1,11444,11403,11447,-1,11447,11403,11401,-1,11447,11401,11448,-1,11448,11401,11399,-1,11448,11399,11450,-1,11450,11399,11452,-1,11362,11359,11360,-1,11360,11359,11357,-1,11352,11358,11362,-1,11362,11358,11359,-1,11356,11354,11357,-1,11357,11354,11360,-1,11354,11356,11352,-1,11352,11356,11358,-1,11486,11487,11488,-1,11488,11487,11489,-1,11490,11491,11492,-1,11492,11491,11493,-1,11494,11495,11496,-1,11496,11495,11497,-1,11497,11495,11498,-1,11498,11495,11499,-1,11498,11499,11500,-1,11500,11499,11501,-1,11500,11501,11502,-1,11502,11501,11503,-1,11502,11503,11504,-1,11504,11503,11505,-1,11504,11505,11506,-1,11506,11505,11507,-1,11506,11507,11508,-1,11508,11507,11509,-1,11508,11509,11510,-1,11508,11510,11511,-1,11511,11510,11512,-1,11511,11512,11513,-1,11513,11512,11514,-1,11513,11514,11515,-1,11515,11514,11516,-1,11515,11516,11517,-1,11517,11516,11518,-1,11517,11518,11519,-1,11519,11518,11520,-1,11519,11520,11521,-1,11522,11521,11523,-1,11523,11521,11520,-1,11522,11523,11524,-1,11522,11524,11525,-1,11525,11524,11526,-1,11525,11526,11527,-1,11527,11526,11528,-1,11527,11528,11529,-1,11530,11529,11531,-1,11531,11529,11528,-1,11530,11531,11532,-1,11532,11531,11533,-1,11532,11533,11534,-1,11534,11533,11535,-1,11536,11534,11537,-1,11537,11534,11535,-1,11536,11537,11538,-1,11538,11537,11539,-1,11538,11539,11540,-1,11540,11539,11541,-1,11540,11541,11542,-1,11542,11541,11543,-1,11542,11543,11544,-1,11544,11543,11545,-1,11546,11544,11547,-1,11547,11544,11545,-1,11546,11547,11548,-1,11546,11548,11549,-1,11549,11548,11550,-1,11549,11550,11551,-1,11551,11550,11552,-1,11551,11552,11553,-1,11553,11552,11554,-1,11553,11554,11555,-1,11556,11555,11557,-1,11557,11555,11554,-1,11558,11556,11559,-1,11559,11556,11557,-1,11560,11558,11561,-1,11561,11558,11559,-1,11560,11561,11562,-1,11562,11561,11563,-1,11562,11563,11564,-1,11564,11563,11565,-1,11564,11565,11566,-1,11566,11565,11567,-1,11566,11567,11568,-1,11568,11567,11569,-1,11570,11568,11571,-1,11571,11568,11569,-1,11570,11571,11572,-1,11570,11572,11573,-1,11573,11572,11574,-1,11573,11574,11575,-1,11575,11574,11576,-1,11575,11576,11577,-1,11577,11576,11578,-1,11577,11578,11579,-1,11580,11579,11581,-1,11581,11579,11578,-1,11580,11581,11582,-1,11580,11582,11583,-1,11583,11582,11584,-1,11583,11584,11585,-1,11585,11584,11586,-1,11585,11586,11587,-1,11588,11587,11589,-1,11589,11587,11586,-1,11588,11589,11590,-1,11590,11589,11591,-1,11590,11591,11592,-1,11592,11591,11593,-1,11592,11593,11594,-1,11594,11593,11595,-1,11596,11594,11597,-1,11597,11594,11595,-1,11596,11597,11598,-1,11598,11597,11599,-1,11598,11599,11600,-1,11600,11599,11601,-1,11600,11601,11602,-1,11602,11601,11603,-1,11602,11603,11604,-1,11604,11603,11605,-1,11604,11605,11606,-1,11606,11605,11607,-1,11606,11607,11608,-1,11608,11607,11609,-1,11608,11609,11610,-1,11608,11610,11611,-1,11611,11610,11612,-1,11611,11612,11613,-1,11613,11612,11614,-1,11613,11614,11615,-1,11615,11614,11616,-1,11615,11616,11617,-1,11617,11616,11618,-1,11617,11618,11619,-1,11619,11618,11489,-1,11619,11489,11487,-1,11486,11496,11487,-1,11487,11496,11497,-1,11487,11497,11619,-1,11619,11497,11498,-1,11619,11498,11617,-1,11617,11498,11500,-1,11617,11500,11615,-1,11615,11500,11502,-1,11615,11502,11613,-1,11613,11502,11504,-1,11613,11504,11611,-1,11611,11504,11506,-1,11611,11506,11608,-1,11608,11506,11508,-1,11608,11508,11606,-1,11606,11508,11511,-1,11606,11511,11604,-1,11604,11511,11513,-1,11604,11513,11602,-1,11602,11513,11515,-1,11602,11515,11600,-1,11600,11515,11517,-1,11600,11517,11598,-1,11598,11517,11519,-1,11598,11519,11596,-1,11596,11519,11521,-1,11596,11521,11594,-1,11594,11521,11522,-1,11594,11522,11592,-1,11592,11522,11525,-1,11592,11525,11590,-1,11590,11525,11527,-1,11590,11527,11588,-1,11588,11527,11529,-1,11588,11529,11587,-1,11587,11529,11530,-1,11587,11530,11585,-1,11585,11530,11532,-1,11585,11532,11583,-1,11583,11532,11534,-1,11556,11558,11555,-1,11555,11558,11560,-1,11555,11560,11553,-1,11553,11560,11562,-1,11553,11562,11551,-1,11551,11562,11564,-1,11551,11564,11549,-1,11549,11564,11566,-1,11549,11566,11546,-1,11546,11566,11568,-1,11546,11568,11544,-1,11544,11568,11570,-1,11544,11570,11542,-1,11542,11570,11573,-1,11542,11573,11540,-1,11540,11573,11575,-1,11540,11575,11538,-1,11538,11575,11577,-1,11538,11577,11536,-1,11536,11577,11579,-1,11536,11579,11534,-1,11534,11579,11580,-1,11534,11580,11583,-1,11494,11488,11495,-1,11495,11488,11489,-1,11495,11489,11499,-1,11499,11489,11618,-1,11499,11618,11501,-1,11501,11618,11616,-1,11501,11616,11503,-1,11503,11616,11614,-1,11503,11614,11505,-1,11505,11614,11612,-1,11505,11612,11507,-1,11507,11612,11610,-1,11507,11610,11509,-1,11509,11610,11609,-1,11509,11609,11510,-1,11510,11609,11607,-1,11510,11607,11512,-1,11512,11607,11605,-1,11512,11605,11514,-1,11514,11605,11603,-1,11514,11603,11516,-1,11516,11603,11601,-1,11516,11601,11518,-1,11518,11601,11599,-1,11518,11599,11520,-1,11520,11599,11597,-1,11520,11597,11523,-1,11523,11597,11595,-1,11523,11595,11524,-1,11524,11595,11593,-1,11524,11593,11526,-1,11526,11593,11591,-1,11526,11591,11528,-1,11528,11591,11589,-1,11528,11589,11531,-1,11531,11589,11586,-1,11531,11586,11533,-1,11559,11557,11561,-1,11561,11557,11554,-1,11561,11554,11563,-1,11563,11554,11552,-1,11563,11552,11565,-1,11565,11552,11550,-1,11565,11550,11567,-1,11567,11550,11548,-1,11567,11548,11569,-1,11569,11548,11547,-1,11569,11547,11571,-1,11571,11547,11545,-1,11571,11545,11572,-1,11572,11545,11543,-1,11572,11543,11574,-1,11574,11543,11541,-1,11574,11541,11576,-1,11576,11541,11539,-1,11576,11539,11578,-1,11578,11539,11537,-1,11578,11537,11581,-1,11581,11537,11535,-1,11581,11535,11582,-1,11582,11535,11533,-1,11582,11533,11584,-1,11584,11533,11586,-1,11496,11493,11494,-1,11494,11493,11491,-1,11486,11492,11496,-1,11496,11492,11493,-1,11490,11488,11491,-1,11491,11488,11494,-1,11488,11490,11486,-1,11486,11490,11492,-1,11620,11621,11622,-1,11622,11621,11623,-1,11624,11625,11626,-1,11626,11625,11627,-1,11628,11629,11630,-1,11630,11629,11631,-1,11631,11629,11632,-1,11632,11629,11633,-1,11632,11633,11634,-1,11634,11633,11635,-1,11634,11635,11636,-1,11636,11635,11637,-1,11636,11637,11638,-1,11638,11637,11639,-1,11638,11639,11640,-1,11640,11639,11641,-1,11640,11641,11642,-1,11642,11641,11643,-1,11642,11643,11644,-1,11642,11644,11645,-1,11645,11644,11646,-1,11645,11646,11647,-1,11647,11646,11648,-1,11647,11648,11649,-1,11649,11648,11650,-1,11649,11650,11651,-1,11651,11650,11652,-1,11651,11652,11653,-1,11653,11652,11654,-1,11653,11654,11655,-1,11656,11655,11657,-1,11657,11655,11654,-1,11656,11657,11658,-1,11656,11658,11659,-1,11659,11658,11660,-1,11659,11660,11661,-1,11661,11660,11662,-1,11661,11662,11663,-1,11664,11663,11665,-1,11665,11663,11662,-1,11664,11665,11666,-1,11666,11665,11667,-1,11666,11667,11668,-1,11668,11667,11669,-1,11670,11668,11671,-1,11671,11668,11669,-1,11670,11671,11672,-1,11672,11671,11673,-1,11672,11673,11674,-1,11674,11673,11675,-1,11674,11675,11676,-1,11676,11675,11677,-1,11676,11677,11678,-1,11678,11677,11679,-1,11680,11678,11681,-1,11681,11678,11679,-1,11680,11681,11682,-1,11680,11682,11683,-1,11683,11682,11684,-1,11683,11684,11685,-1,11685,11684,11686,-1,11685,11686,11687,-1,11687,11686,11688,-1,11687,11688,11689,-1,11690,11689,11691,-1,11691,11689,11688,-1,11692,11690,11693,-1,11693,11690,11691,-1,11694,11692,11695,-1,11695,11692,11693,-1,11694,11695,11696,-1,11696,11695,11697,-1,11696,11697,11698,-1,11698,11697,11699,-1,11698,11699,11700,-1,11700,11699,11701,-1,11700,11701,11702,-1,11702,11701,11703,-1,11704,11702,11705,-1,11705,11702,11703,-1,11704,11705,11706,-1,11704,11706,11707,-1,11707,11706,11708,-1,11707,11708,11709,-1,11709,11708,11710,-1,11709,11710,11711,-1,11711,11710,11712,-1,11711,11712,11713,-1,11714,11713,11715,-1,11715,11713,11712,-1,11714,11715,11716,-1,11714,11716,11717,-1,11717,11716,11718,-1,11717,11718,11719,-1,11719,11718,11720,-1,11719,11720,11721,-1,11722,11721,11723,-1,11723,11721,11720,-1,11722,11723,11724,-1,11724,11723,11725,-1,11724,11725,11726,-1,11726,11725,11727,-1,11726,11727,11728,-1,11728,11727,11729,-1,11730,11728,11731,-1,11731,11728,11729,-1,11730,11731,11732,-1,11732,11731,11733,-1,11732,11733,11734,-1,11734,11733,11735,-1,11734,11735,11736,-1,11736,11735,11737,-1,11736,11737,11738,-1,11738,11737,11739,-1,11738,11739,11740,-1,11740,11739,11741,-1,11740,11741,11742,-1,11742,11741,11743,-1,11742,11743,11744,-1,11742,11744,11745,-1,11745,11744,11746,-1,11745,11746,11747,-1,11747,11746,11748,-1,11747,11748,11749,-1,11749,11748,11750,-1,11749,11750,11751,-1,11751,11750,11752,-1,11751,11752,11753,-1,11753,11752,11623,-1,11753,11623,11621,-1,11620,11630,11621,-1,11621,11630,11631,-1,11621,11631,11753,-1,11753,11631,11632,-1,11753,11632,11751,-1,11751,11632,11634,-1,11751,11634,11749,-1,11749,11634,11636,-1,11749,11636,11747,-1,11747,11636,11638,-1,11747,11638,11745,-1,11745,11638,11640,-1,11745,11640,11742,-1,11742,11640,11642,-1,11742,11642,11740,-1,11740,11642,11645,-1,11740,11645,11738,-1,11738,11645,11647,-1,11738,11647,11736,-1,11736,11647,11649,-1,11736,11649,11734,-1,11734,11649,11651,-1,11734,11651,11732,-1,11732,11651,11653,-1,11732,11653,11730,-1,11730,11653,11655,-1,11730,11655,11728,-1,11728,11655,11656,-1,11728,11656,11726,-1,11726,11656,11659,-1,11726,11659,11724,-1,11724,11659,11661,-1,11724,11661,11722,-1,11722,11661,11663,-1,11722,11663,11721,-1,11721,11663,11664,-1,11721,11664,11719,-1,11719,11664,11666,-1,11719,11666,11717,-1,11717,11666,11668,-1,11690,11692,11689,-1,11689,11692,11694,-1,11689,11694,11687,-1,11687,11694,11696,-1,11687,11696,11685,-1,11685,11696,11698,-1,11685,11698,11683,-1,11683,11698,11700,-1,11683,11700,11680,-1,11680,11700,11702,-1,11680,11702,11678,-1,11678,11702,11704,-1,11678,11704,11676,-1,11676,11704,11707,-1,11676,11707,11674,-1,11674,11707,11709,-1,11674,11709,11672,-1,11672,11709,11711,-1,11672,11711,11670,-1,11670,11711,11713,-1,11670,11713,11668,-1,11668,11713,11714,-1,11668,11714,11717,-1,11628,11622,11629,-1,11629,11622,11623,-1,11629,11623,11633,-1,11633,11623,11752,-1,11633,11752,11635,-1,11635,11752,11750,-1,11635,11750,11637,-1,11637,11750,11748,-1,11637,11748,11639,-1,11639,11748,11746,-1,11639,11746,11641,-1,11641,11746,11744,-1,11641,11744,11643,-1,11643,11744,11743,-1,11643,11743,11644,-1,11644,11743,11741,-1,11644,11741,11646,-1,11646,11741,11739,-1,11646,11739,11648,-1,11648,11739,11737,-1,11648,11737,11650,-1,11650,11737,11735,-1,11650,11735,11652,-1,11652,11735,11733,-1,11652,11733,11654,-1,11654,11733,11731,-1,11654,11731,11657,-1,11657,11731,11729,-1,11657,11729,11658,-1,11658,11729,11727,-1,11658,11727,11660,-1,11660,11727,11725,-1,11660,11725,11662,-1,11662,11725,11723,-1,11662,11723,11665,-1,11665,11723,11720,-1,11665,11720,11667,-1,11693,11691,11695,-1,11695,11691,11688,-1,11695,11688,11697,-1,11697,11688,11686,-1,11697,11686,11699,-1,11699,11686,11684,-1,11699,11684,11701,-1,11701,11684,11682,-1,11701,11682,11703,-1,11703,11682,11681,-1,11703,11681,11705,-1,11705,11681,11679,-1,11705,11679,11706,-1,11706,11679,11677,-1,11706,11677,11708,-1,11708,11677,11675,-1,11708,11675,11710,-1,11710,11675,11673,-1,11710,11673,11712,-1,11712,11673,11671,-1,11712,11671,11715,-1,11715,11671,11669,-1,11715,11669,11716,-1,11716,11669,11667,-1,11716,11667,11718,-1,11718,11667,11720,-1,11630,11627,11628,-1,11628,11627,11625,-1,11620,11626,11630,-1,11630,11626,11627,-1,11624,11622,11625,-1,11625,11622,11628,-1,11622,11624,11620,-1,11620,11624,11626,-1,11754,11755,11756,-1,11756,11755,11757,-1,11758,11759,11760,-1,11760,11759,11761,-1,11762,11763,11764,-1,11764,11763,11765,-1,11765,11763,11766,-1,11766,11763,11767,-1,11766,11767,11768,-1,11768,11767,11769,-1,11768,11769,11770,-1,11770,11769,11771,-1,11770,11771,11772,-1,11772,11771,11773,-1,11772,11773,11774,-1,11774,11773,11775,-1,11774,11775,11776,-1,11776,11775,11777,-1,11776,11777,11778,-1,11776,11778,11779,-1,11779,11778,11780,-1,11779,11780,11781,-1,11781,11780,11782,-1,11781,11782,11783,-1,11783,11782,11784,-1,11783,11784,11785,-1,11785,11784,11786,-1,11785,11786,11787,-1,11787,11786,11788,-1,11787,11788,11789,-1,11790,11789,11791,-1,11791,11789,11788,-1,11790,11791,11792,-1,11790,11792,11793,-1,11793,11792,11794,-1,11793,11794,11795,-1,11795,11794,11796,-1,11795,11796,11797,-1,11798,11797,11799,-1,11799,11797,11796,-1,11798,11799,11800,-1,11800,11799,11801,-1,11800,11801,11802,-1,11802,11801,11803,-1,11804,11802,11805,-1,11805,11802,11803,-1,11804,11805,11806,-1,11806,11805,11807,-1,11806,11807,11808,-1,11808,11807,11809,-1,11808,11809,11810,-1,11810,11809,11811,-1,11810,11811,11812,-1,11812,11811,11813,-1,11814,11812,11815,-1,11815,11812,11813,-1,11814,11815,11816,-1,11814,11816,11817,-1,11817,11816,11818,-1,11817,11818,11819,-1,11819,11818,11820,-1,11819,11820,11821,-1,11821,11820,11822,-1,11821,11822,11823,-1,11824,11823,11825,-1,11825,11823,11822,-1,11826,11824,11827,-1,11827,11824,11825,-1,11828,11826,11829,-1,11829,11826,11827,-1,11828,11829,11830,-1,11830,11829,11831,-1,11830,11831,11832,-1,11832,11831,11833,-1,11832,11833,11834,-1,11834,11833,11835,-1,11834,11835,11836,-1,11836,11835,11837,-1,11838,11836,11839,-1,11839,11836,11837,-1,11838,11839,11840,-1,11838,11840,11841,-1,11841,11840,11842,-1,11841,11842,11843,-1,11843,11842,11844,-1,11843,11844,11845,-1,11845,11844,11846,-1,11845,11846,11847,-1,11848,11847,11849,-1,11849,11847,11846,-1,11848,11849,11850,-1,11848,11850,11851,-1,11851,11850,11852,-1,11851,11852,11853,-1,11853,11852,11854,-1,11853,11854,11855,-1,11856,11855,11857,-1,11857,11855,11854,-1,11856,11857,11858,-1,11858,11857,11859,-1,11858,11859,11860,-1,11860,11859,11861,-1,11860,11861,11862,-1,11862,11861,11863,-1,11864,11862,11865,-1,11865,11862,11863,-1,11864,11865,11866,-1,11866,11865,11867,-1,11866,11867,11868,-1,11868,11867,11869,-1,11868,11869,11870,-1,11870,11869,11871,-1,11870,11871,11872,-1,11872,11871,11873,-1,11872,11873,11874,-1,11874,11873,11875,-1,11874,11875,11876,-1,11876,11875,11877,-1,11876,11877,11878,-1,11876,11878,11879,-1,11879,11878,11880,-1,11879,11880,11881,-1,11881,11880,11882,-1,11881,11882,11883,-1,11883,11882,11884,-1,11883,11884,11885,-1,11885,11884,11886,-1,11885,11886,11887,-1,11887,11886,11757,-1,11887,11757,11755,-1,11754,11764,11755,-1,11755,11764,11765,-1,11755,11765,11887,-1,11887,11765,11766,-1,11887,11766,11885,-1,11885,11766,11768,-1,11885,11768,11883,-1,11883,11768,11770,-1,11883,11770,11881,-1,11881,11770,11772,-1,11881,11772,11879,-1,11879,11772,11774,-1,11879,11774,11876,-1,11876,11774,11776,-1,11876,11776,11874,-1,11874,11776,11779,-1,11874,11779,11872,-1,11872,11779,11781,-1,11872,11781,11870,-1,11870,11781,11783,-1,11870,11783,11868,-1,11868,11783,11785,-1,11868,11785,11866,-1,11866,11785,11787,-1,11866,11787,11864,-1,11864,11787,11789,-1,11864,11789,11862,-1,11862,11789,11790,-1,11862,11790,11860,-1,11860,11790,11793,-1,11860,11793,11858,-1,11858,11793,11795,-1,11858,11795,11856,-1,11856,11795,11797,-1,11856,11797,11855,-1,11855,11797,11798,-1,11855,11798,11853,-1,11853,11798,11800,-1,11853,11800,11851,-1,11851,11800,11802,-1,11824,11826,11823,-1,11823,11826,11828,-1,11823,11828,11821,-1,11821,11828,11830,-1,11821,11830,11819,-1,11819,11830,11832,-1,11819,11832,11817,-1,11817,11832,11834,-1,11817,11834,11814,-1,11814,11834,11836,-1,11814,11836,11812,-1,11812,11836,11838,-1,11812,11838,11810,-1,11810,11838,11841,-1,11810,11841,11808,-1,11808,11841,11843,-1,11808,11843,11806,-1,11806,11843,11845,-1,11806,11845,11804,-1,11804,11845,11847,-1,11804,11847,11802,-1,11802,11847,11848,-1,11802,11848,11851,-1,11762,11756,11763,-1,11763,11756,11757,-1,11763,11757,11767,-1,11767,11757,11886,-1,11767,11886,11769,-1,11769,11886,11884,-1,11769,11884,11771,-1,11771,11884,11882,-1,11771,11882,11773,-1,11773,11882,11880,-1,11773,11880,11775,-1,11775,11880,11878,-1,11775,11878,11777,-1,11777,11878,11877,-1,11777,11877,11778,-1,11778,11877,11875,-1,11778,11875,11780,-1,11780,11875,11873,-1,11780,11873,11782,-1,11782,11873,11871,-1,11782,11871,11784,-1,11784,11871,11869,-1,11784,11869,11786,-1,11786,11869,11867,-1,11786,11867,11788,-1,11788,11867,11865,-1,11788,11865,11791,-1,11791,11865,11863,-1,11791,11863,11792,-1,11792,11863,11861,-1,11792,11861,11794,-1,11794,11861,11859,-1,11794,11859,11796,-1,11796,11859,11857,-1,11796,11857,11799,-1,11799,11857,11854,-1,11799,11854,11801,-1,11827,11825,11829,-1,11829,11825,11822,-1,11829,11822,11831,-1,11831,11822,11820,-1,11831,11820,11833,-1,11833,11820,11818,-1,11833,11818,11835,-1,11835,11818,11816,-1,11835,11816,11837,-1,11837,11816,11815,-1,11837,11815,11839,-1,11839,11815,11813,-1,11839,11813,11840,-1,11840,11813,11811,-1,11840,11811,11842,-1,11842,11811,11809,-1,11842,11809,11844,-1,11844,11809,11807,-1,11844,11807,11846,-1,11846,11807,11805,-1,11846,11805,11849,-1,11849,11805,11803,-1,11849,11803,11850,-1,11850,11803,11801,-1,11850,11801,11852,-1,11852,11801,11854,-1,11764,11761,11762,-1,11762,11761,11759,-1,11754,11760,11764,-1,11764,11760,11761,-1,11758,11756,11759,-1,11759,11756,11762,-1,11756,11758,11754,-1,11754,11758,11760,-1,11888,11889,11890,-1,11890,11889,11891,-1,11892,11893,11894,-1,11894,11893,11895,-1,11896,11897,11898,-1,11898,11897,11899,-1,11899,11897,11900,-1,11900,11897,11901,-1,11900,11901,11902,-1,11902,11901,11903,-1,11902,11903,11904,-1,11904,11903,11905,-1,11904,11905,11906,-1,11906,11905,11907,-1,11906,11907,11908,-1,11908,11907,11909,-1,11908,11909,11910,-1,11910,11909,11911,-1,11910,11911,11912,-1,11910,11912,11913,-1,11913,11912,11914,-1,11913,11914,11915,-1,11915,11914,11916,-1,11915,11916,11917,-1,11917,11916,11918,-1,11917,11918,11919,-1,11919,11918,11920,-1,11919,11920,11921,-1,11921,11920,11922,-1,11921,11922,11923,-1,11924,11923,11925,-1,11925,11923,11922,-1,11924,11925,11926,-1,11924,11926,11927,-1,11927,11926,11928,-1,11927,11928,11929,-1,11929,11928,11930,-1,11929,11930,11931,-1,11932,11931,11933,-1,11933,11931,11930,-1,11932,11933,11934,-1,11934,11933,11935,-1,11934,11935,11936,-1,11936,11935,11937,-1,11938,11936,11939,-1,11939,11936,11937,-1,11938,11939,11940,-1,11940,11939,11941,-1,11940,11941,11942,-1,11942,11941,11943,-1,11942,11943,11944,-1,11944,11943,11945,-1,11944,11945,11946,-1,11946,11945,11947,-1,11948,11946,11949,-1,11949,11946,11947,-1,11948,11949,11950,-1,11948,11950,11951,-1,11951,11950,11952,-1,11951,11952,11953,-1,11953,11952,11954,-1,11953,11954,11955,-1,11955,11954,11956,-1,11955,11956,11957,-1,11958,11957,11959,-1,11959,11957,11956,-1,11960,11958,11961,-1,11961,11958,11959,-1,11962,11960,11963,-1,11963,11960,11961,-1,11962,11963,11964,-1,11964,11963,11965,-1,11964,11965,11966,-1,11966,11965,11967,-1,11966,11967,11968,-1,11968,11967,11969,-1,11968,11969,11970,-1,11970,11969,11971,-1,11972,11970,11973,-1,11973,11970,11971,-1,11972,11973,11974,-1,11972,11974,11975,-1,11975,11974,11976,-1,11975,11976,11977,-1,11977,11976,11978,-1,11977,11978,11979,-1,11979,11978,11980,-1,11979,11980,11981,-1,11982,11981,11983,-1,11983,11981,11980,-1,11982,11983,11984,-1,11982,11984,11985,-1,11985,11984,11986,-1,11985,11986,11987,-1,11987,11986,11988,-1,11987,11988,11989,-1,11990,11989,11991,-1,11991,11989,11988,-1,11990,11991,11992,-1,11992,11991,11993,-1,11992,11993,11994,-1,11994,11993,11995,-1,11994,11995,11996,-1,11996,11995,11997,-1,11998,11996,11999,-1,11999,11996,11997,-1,11998,11999,12000,-1,12000,11999,12001,-1,12000,12001,12002,-1,12002,12001,12003,-1,12002,12003,12004,-1,12004,12003,12005,-1,12004,12005,12006,-1,12006,12005,12007,-1,12006,12007,12008,-1,12008,12007,12009,-1,12008,12009,12010,-1,12010,12009,12011,-1,12010,12011,12012,-1,12010,12012,12013,-1,12013,12012,12014,-1,12013,12014,12015,-1,12015,12014,12016,-1,12015,12016,12017,-1,12017,12016,12018,-1,12017,12018,12019,-1,12019,12018,12020,-1,12019,12020,12021,-1,12021,12020,11891,-1,12021,11891,11889,-1,11888,11898,11889,-1,11889,11898,11899,-1,11889,11899,12021,-1,12021,11899,11900,-1,12021,11900,12019,-1,12019,11900,11902,-1,12019,11902,12017,-1,12017,11902,11904,-1,12017,11904,12015,-1,12015,11904,11906,-1,12015,11906,12013,-1,12013,11906,11908,-1,12013,11908,12010,-1,12010,11908,11910,-1,12010,11910,12008,-1,12008,11910,11913,-1,12008,11913,12006,-1,12006,11913,11915,-1,12006,11915,12004,-1,12004,11915,11917,-1,12004,11917,12002,-1,12002,11917,11919,-1,12002,11919,12000,-1,12000,11919,11921,-1,12000,11921,11998,-1,11998,11921,11923,-1,11998,11923,11996,-1,11996,11923,11924,-1,11996,11924,11994,-1,11994,11924,11927,-1,11994,11927,11992,-1,11992,11927,11929,-1,11992,11929,11990,-1,11990,11929,11931,-1,11990,11931,11989,-1,11989,11931,11932,-1,11989,11932,11987,-1,11987,11932,11934,-1,11987,11934,11985,-1,11985,11934,11936,-1,11958,11960,11957,-1,11957,11960,11962,-1,11957,11962,11955,-1,11955,11962,11964,-1,11955,11964,11953,-1,11953,11964,11966,-1,11953,11966,11951,-1,11951,11966,11968,-1,11951,11968,11948,-1,11948,11968,11970,-1,11948,11970,11946,-1,11946,11970,11972,-1,11946,11972,11944,-1,11944,11972,11975,-1,11944,11975,11942,-1,11942,11975,11977,-1,11942,11977,11940,-1,11940,11977,11979,-1,11940,11979,11938,-1,11938,11979,11981,-1,11938,11981,11936,-1,11936,11981,11982,-1,11936,11982,11985,-1,11896,11890,11897,-1,11897,11890,11891,-1,11897,11891,11901,-1,11901,11891,12020,-1,11901,12020,11903,-1,11903,12020,12018,-1,11903,12018,11905,-1,11905,12018,12016,-1,11905,12016,11907,-1,11907,12016,12014,-1,11907,12014,11909,-1,11909,12014,12012,-1,11909,12012,11911,-1,11911,12012,12011,-1,11911,12011,11912,-1,11912,12011,12009,-1,11912,12009,11914,-1,11914,12009,12007,-1,11914,12007,11916,-1,11916,12007,12005,-1,11916,12005,11918,-1,11918,12005,12003,-1,11918,12003,11920,-1,11920,12003,12001,-1,11920,12001,11922,-1,11922,12001,11999,-1,11922,11999,11925,-1,11925,11999,11997,-1,11925,11997,11926,-1,11926,11997,11995,-1,11926,11995,11928,-1,11928,11995,11993,-1,11928,11993,11930,-1,11930,11993,11991,-1,11930,11991,11933,-1,11933,11991,11988,-1,11933,11988,11935,-1,11961,11959,11963,-1,11963,11959,11956,-1,11963,11956,11965,-1,11965,11956,11954,-1,11965,11954,11967,-1,11967,11954,11952,-1,11967,11952,11969,-1,11969,11952,11950,-1,11969,11950,11971,-1,11971,11950,11949,-1,11971,11949,11973,-1,11973,11949,11947,-1,11973,11947,11974,-1,11974,11947,11945,-1,11974,11945,11976,-1,11976,11945,11943,-1,11976,11943,11978,-1,11978,11943,11941,-1,11978,11941,11980,-1,11980,11941,11939,-1,11980,11939,11983,-1,11983,11939,11937,-1,11983,11937,11984,-1,11984,11937,11935,-1,11984,11935,11986,-1,11986,11935,11988,-1,11898,11895,11896,-1,11896,11895,11893,-1,11888,11894,11898,-1,11898,11894,11895,-1,11892,11890,11893,-1,11893,11890,11896,-1,11890,11892,11888,-1,11888,11892,11894,-1,12022,12023,12024,-1,12024,12023,12025,-1,12026,12027,12028,-1,12028,12027,12029,-1,12030,12031,12032,-1,12032,12031,12033,-1,12033,12031,12034,-1,12034,12031,12035,-1,12034,12035,12036,-1,12036,12035,12037,-1,12036,12037,12038,-1,12038,12037,12039,-1,12038,12039,12040,-1,12040,12039,12041,-1,12040,12041,12042,-1,12042,12041,12043,-1,12042,12043,12044,-1,12044,12043,12045,-1,12044,12045,12046,-1,12044,12046,12047,-1,12047,12046,12048,-1,12047,12048,12049,-1,12049,12048,12050,-1,12049,12050,12051,-1,12051,12050,12052,-1,12051,12052,12053,-1,12053,12052,12054,-1,12053,12054,12055,-1,12055,12054,12056,-1,12055,12056,12057,-1,12058,12057,12059,-1,12059,12057,12056,-1,12058,12059,12060,-1,12058,12060,12061,-1,12061,12060,12062,-1,12061,12062,12063,-1,12063,12062,12064,-1,12063,12064,12065,-1,12066,12065,12067,-1,12067,12065,12064,-1,12066,12067,12068,-1,12068,12067,12069,-1,12068,12069,12070,-1,12070,12069,12071,-1,12072,12070,12073,-1,12073,12070,12071,-1,12072,12073,12074,-1,12074,12073,12075,-1,12074,12075,12076,-1,12076,12075,12077,-1,12076,12077,12078,-1,12078,12077,12079,-1,12078,12079,12080,-1,12080,12079,12081,-1,12082,12080,12083,-1,12083,12080,12081,-1,12082,12083,12084,-1,12082,12084,12085,-1,12085,12084,12086,-1,12085,12086,12087,-1,12087,12086,12088,-1,12087,12088,12089,-1,12089,12088,12090,-1,12089,12090,12091,-1,12092,12091,12093,-1,12093,12091,12090,-1,12094,12092,12095,-1,12095,12092,12093,-1,12096,12094,12097,-1,12097,12094,12095,-1,12096,12097,12098,-1,12098,12097,12099,-1,12098,12099,12100,-1,12100,12099,12101,-1,12100,12101,12102,-1,12102,12101,12103,-1,12102,12103,12104,-1,12104,12103,12105,-1,12106,12104,12107,-1,12107,12104,12105,-1,12106,12107,12108,-1,12106,12108,12109,-1,12109,12108,12110,-1,12109,12110,12111,-1,12111,12110,12112,-1,12111,12112,12113,-1,12113,12112,12114,-1,12113,12114,12115,-1,12116,12115,12117,-1,12117,12115,12114,-1,12116,12117,12118,-1,12116,12118,12119,-1,12119,12118,12120,-1,12119,12120,12121,-1,12121,12120,12122,-1,12121,12122,12123,-1,12124,12123,12125,-1,12125,12123,12122,-1,12124,12125,12126,-1,12126,12125,12127,-1,12126,12127,12128,-1,12128,12127,12129,-1,12128,12129,12130,-1,12130,12129,12131,-1,12132,12130,12133,-1,12133,12130,12131,-1,12132,12133,12134,-1,12134,12133,12135,-1,12134,12135,12136,-1,12136,12135,12137,-1,12136,12137,12138,-1,12138,12137,12139,-1,12138,12139,12140,-1,12140,12139,12141,-1,12140,12141,12142,-1,12142,12141,12143,-1,12142,12143,12144,-1,12144,12143,12145,-1,12144,12145,12146,-1,12144,12146,12147,-1,12147,12146,12148,-1,12147,12148,12149,-1,12149,12148,12150,-1,12149,12150,12151,-1,12151,12150,12152,-1,12151,12152,12153,-1,12153,12152,12154,-1,12153,12154,12155,-1,12155,12154,12025,-1,12155,12025,12023,-1,12022,12032,12023,-1,12023,12032,12033,-1,12023,12033,12155,-1,12155,12033,12034,-1,12155,12034,12153,-1,12153,12034,12036,-1,12153,12036,12151,-1,12151,12036,12038,-1,12151,12038,12149,-1,12149,12038,12040,-1,12149,12040,12147,-1,12147,12040,12042,-1,12147,12042,12144,-1,12144,12042,12044,-1,12144,12044,12142,-1,12142,12044,12047,-1,12142,12047,12140,-1,12140,12047,12049,-1,12140,12049,12138,-1,12138,12049,12051,-1,12138,12051,12136,-1,12136,12051,12053,-1,12136,12053,12134,-1,12134,12053,12055,-1,12134,12055,12132,-1,12132,12055,12057,-1,12132,12057,12130,-1,12130,12057,12058,-1,12130,12058,12128,-1,12128,12058,12061,-1,12128,12061,12126,-1,12126,12061,12063,-1,12126,12063,12124,-1,12124,12063,12065,-1,12124,12065,12123,-1,12123,12065,12066,-1,12123,12066,12121,-1,12121,12066,12068,-1,12121,12068,12119,-1,12119,12068,12070,-1,12092,12094,12091,-1,12091,12094,12096,-1,12091,12096,12089,-1,12089,12096,12098,-1,12089,12098,12087,-1,12087,12098,12100,-1,12087,12100,12085,-1,12085,12100,12102,-1,12085,12102,12082,-1,12082,12102,12104,-1,12082,12104,12080,-1,12080,12104,12106,-1,12080,12106,12078,-1,12078,12106,12109,-1,12078,12109,12076,-1,12076,12109,12111,-1,12076,12111,12074,-1,12074,12111,12113,-1,12074,12113,12072,-1,12072,12113,12115,-1,12072,12115,12070,-1,12070,12115,12116,-1,12070,12116,12119,-1,12030,12024,12031,-1,12031,12024,12025,-1,12031,12025,12035,-1,12035,12025,12154,-1,12035,12154,12037,-1,12037,12154,12152,-1,12037,12152,12039,-1,12039,12152,12150,-1,12039,12150,12041,-1,12041,12150,12148,-1,12041,12148,12043,-1,12043,12148,12146,-1,12043,12146,12045,-1,12045,12146,12145,-1,12045,12145,12046,-1,12046,12145,12143,-1,12046,12143,12048,-1,12048,12143,12141,-1,12048,12141,12050,-1,12050,12141,12139,-1,12050,12139,12052,-1,12052,12139,12137,-1,12052,12137,12054,-1,12054,12137,12135,-1,12054,12135,12056,-1,12056,12135,12133,-1,12056,12133,12059,-1,12059,12133,12131,-1,12059,12131,12060,-1,12060,12131,12129,-1,12060,12129,12062,-1,12062,12129,12127,-1,12062,12127,12064,-1,12064,12127,12125,-1,12064,12125,12067,-1,12067,12125,12122,-1,12067,12122,12069,-1,12095,12093,12097,-1,12097,12093,12090,-1,12097,12090,12099,-1,12099,12090,12088,-1,12099,12088,12101,-1,12101,12088,12086,-1,12101,12086,12103,-1,12103,12086,12084,-1,12103,12084,12105,-1,12105,12084,12083,-1,12105,12083,12107,-1,12107,12083,12081,-1,12107,12081,12108,-1,12108,12081,12079,-1,12108,12079,12110,-1,12110,12079,12077,-1,12110,12077,12112,-1,12112,12077,12075,-1,12112,12075,12114,-1,12114,12075,12073,-1,12114,12073,12117,-1,12117,12073,12071,-1,12117,12071,12118,-1,12118,12071,12069,-1,12118,12069,12120,-1,12120,12069,12122,-1,12032,12029,12030,-1,12030,12029,12027,-1,12022,12028,12032,-1,12032,12028,12029,-1,12026,12024,12027,-1,12027,12024,12030,-1,12024,12026,12022,-1,12022,12026,12028,-1,12156,12157,12158,-1,12158,12157,12159,-1,12160,12161,12162,-1,12162,12161,12163,-1,12164,12165,12166,-1,12166,12165,12167,-1,12168,12169,12170,-1,12170,12169,12171,-1,12170,12171,12172,-1,12172,12171,12173,-1,12172,12173,12174,-1,12174,12173,12175,-1,12174,12175,12176,-1,12176,12175,12177,-1,12176,12177,12178,-1,12178,12177,12179,-1,12178,12179,12166,-1,12166,12179,12164,-1,12180,12181,12182,-1,12180,12182,12183,-1,12183,12182,12184,-1,12183,12184,12185,-1,12185,12184,12186,-1,12185,12186,12187,-1,12187,12186,12188,-1,12187,12188,12189,-1,12189,12188,12190,-1,12189,12190,12191,-1,12191,12190,12169,-1,12191,12169,12168,-1,12180,12192,12181,-1,12181,12192,12193,-1,12194,12195,12196,-1,12194,12196,12197,-1,12197,12196,12198,-1,12197,12198,12199,-1,12199,12198,12193,-1,12199,12193,12192,-1,12194,12200,12195,-1,12195,12200,12201,-1,12202,12203,12204,-1,12204,12203,12205,-1,12204,12205,12200,-1,12200,12205,12201,-1,12202,12206,12203,-1,12203,12206,12207,-1,12208,12209,12210,-1,12210,12209,12211,-1,12210,12211,12212,-1,12212,12211,12213,-1,12212,12213,12214,-1,12214,12213,12215,-1,12214,12215,12206,-1,12206,12215,12207,-1,12208,12216,12209,-1,12209,12216,12217,-1,12218,12219,12220,-1,12218,12220,12221,-1,12221,12220,12222,-1,12221,12222,12223,-1,12223,12222,12224,-1,12223,12224,12225,-1,12225,12224,12217,-1,12225,12217,12216,-1,12218,12226,12219,-1,12219,12226,12227,-1,12226,12228,12227,-1,12227,12228,12229,-1,12228,12230,12229,-1,12229,12230,12231,-1,12232,12233,12234,-1,12234,12233,12235,-1,12234,12235,12236,-1,12236,12235,12237,-1,12236,12237,12238,-1,12238,12237,12239,-1,12238,12239,12230,-1,12230,12239,12231,-1,12232,12240,12233,-1,12233,12240,12241,-1,12242,12243,12244,-1,12242,12244,12245,-1,12245,12244,12246,-1,12245,12246,12247,-1,12247,12246,12248,-1,12247,12248,12249,-1,12249,12248,12241,-1,12249,12241,12240,-1,12242,12250,12243,-1,12243,12250,12251,-1,12252,12253,12254,-1,12252,12254,12255,-1,12255,12254,12256,-1,12255,12256,12257,-1,12257,12256,12251,-1,12257,12251,12250,-1,12252,12258,12253,-1,12253,12258,12259,-1,12260,12261,12262,-1,12262,12261,12263,-1,12262,12263,12264,-1,12264,12263,12265,-1,12264,12265,12258,-1,12258,12265,12259,-1,12260,12266,12261,-1,12261,12266,12267,-1,12268,12269,12270,-1,12270,12269,12271,-1,12270,12271,12272,-1,12272,12271,12273,-1,12272,12273,12274,-1,12274,12273,12275,-1,12274,12275,12276,-1,12276,12275,12277,-1,12276,12277,12278,-1,12278,12277,12279,-1,12278,12279,12266,-1,12266,12279,12267,-1,12156,12158,12280,-1,12156,12280,12281,-1,12281,12280,12282,-1,12281,12282,12283,-1,12283,12282,12284,-1,12283,12284,12285,-1,12285,12284,12286,-1,12285,12286,12287,-1,12287,12286,12288,-1,12287,12288,12289,-1,12289,12288,12269,-1,12289,12269,12268,-1,12228,12226,12230,-1,12230,12226,12218,-1,12230,12218,12238,-1,12238,12218,12221,-1,12238,12221,12236,-1,12236,12221,12223,-1,12236,12223,12234,-1,12234,12223,12225,-1,12234,12225,12232,-1,12232,12225,12216,-1,12232,12216,12240,-1,12240,12216,12208,-1,12240,12208,12249,-1,12249,12208,12210,-1,12249,12210,12247,-1,12247,12210,12212,-1,12247,12212,12245,-1,12245,12212,12214,-1,12245,12214,12242,-1,12242,12214,12206,-1,12242,12206,12250,-1,12250,12206,12202,-1,12250,12202,12257,-1,12257,12202,12204,-1,12167,12157,12166,-1,12166,12157,12156,-1,12166,12156,12178,-1,12178,12156,12281,-1,12178,12281,12176,-1,12176,12281,12283,-1,12176,12283,12174,-1,12174,12283,12285,-1,12174,12285,12172,-1,12172,12285,12287,-1,12172,12287,12170,-1,12170,12287,12289,-1,12170,12289,12168,-1,12168,12289,12268,-1,12168,12268,12191,-1,12191,12268,12270,-1,12191,12270,12189,-1,12189,12270,12272,-1,12189,12272,12187,-1,12187,12272,12274,-1,12187,12274,12185,-1,12185,12274,12276,-1,12185,12276,12183,-1,12183,12276,12278,-1,12183,12278,12180,-1,12180,12278,12266,-1,12180,12266,12192,-1,12192,12266,12260,-1,12192,12260,12199,-1,12199,12260,12262,-1,12199,12262,12197,-1,12197,12262,12264,-1,12197,12264,12194,-1,12194,12264,12258,-1,12194,12258,12200,-1,12200,12258,12252,-1,12200,12252,12204,-1,12204,12252,12255,-1,12204,12255,12257,-1,12159,12165,12158,-1,12158,12165,12164,-1,12158,12164,12280,-1,12280,12164,12179,-1,12280,12179,12282,-1,12282,12179,12177,-1,12282,12177,12284,-1,12284,12177,12175,-1,12284,12175,12286,-1,12286,12175,12173,-1,12286,12173,12288,-1,12288,12173,12171,-1,12288,12171,12269,-1,12269,12171,12169,-1,12269,12169,12271,-1,12271,12169,12190,-1,12271,12190,12273,-1,12273,12190,12188,-1,12273,12188,12275,-1,12275,12188,12186,-1,12275,12186,12277,-1,12277,12186,12184,-1,12277,12184,12279,-1,12279,12184,12182,-1,12279,12182,12267,-1,12267,12182,12181,-1,12267,12181,12261,-1,12261,12181,12193,-1,12261,12193,12263,-1,12263,12193,12198,-1,12263,12198,12265,-1,12265,12198,12196,-1,12265,12196,12259,-1,12259,12196,12195,-1,12259,12195,12253,-1,12253,12195,12201,-1,12253,12201,12254,-1,12254,12201,12205,-1,12254,12205,12256,-1,12256,12205,12203,-1,12227,12229,12219,-1,12219,12229,12231,-1,12219,12231,12220,-1,12220,12231,12239,-1,12220,12239,12222,-1,12222,12239,12237,-1,12222,12237,12224,-1,12224,12237,12235,-1,12224,12235,12217,-1,12217,12235,12233,-1,12217,12233,12209,-1,12209,12233,12241,-1,12209,12241,12211,-1,12211,12241,12248,-1,12211,12248,12213,-1,12213,12248,12246,-1,12213,12246,12215,-1,12215,12246,12244,-1,12215,12244,12207,-1,12207,12244,12243,-1,12207,12243,12203,-1,12203,12243,12251,-1,12203,12251,12256,-1,12162,12167,12160,-1,12160,12167,12165,-1,12163,12157,12162,-1,12162,12157,12167,-1,12159,12161,12165,-1,12165,12161,12160,-1,12161,12159,12163,-1,12163,12159,12157,-1,12290,12291,12292,-1,12292,12291,12293,-1,12294,12295,12296,-1,12296,12295,12297,-1,12298,12299,12300,-1,12300,12299,12301,-1,12302,12303,12304,-1,12304,12303,12305,-1,12304,12305,12306,-1,12306,12305,12307,-1,12306,12307,12308,-1,12308,12307,12309,-1,12308,12309,12310,-1,12310,12309,12311,-1,12310,12311,12312,-1,12312,12311,12313,-1,12312,12313,12300,-1,12300,12313,12298,-1,12314,12315,12316,-1,12314,12316,12317,-1,12317,12316,12318,-1,12317,12318,12319,-1,12319,12318,12320,-1,12319,12320,12321,-1,12321,12320,12322,-1,12321,12322,12323,-1,12323,12322,12324,-1,12323,12324,12325,-1,12325,12324,12303,-1,12325,12303,12302,-1,12314,12326,12315,-1,12315,12326,12327,-1,12328,12329,12330,-1,12328,12330,12331,-1,12331,12330,12332,-1,12331,12332,12333,-1,12333,12332,12327,-1,12333,12327,12326,-1,12328,12334,12329,-1,12329,12334,12335,-1,12336,12337,12338,-1,12338,12337,12339,-1,12338,12339,12334,-1,12334,12339,12335,-1,12336,12340,12337,-1,12337,12340,12341,-1,12342,12343,12344,-1,12344,12343,12345,-1,12344,12345,12346,-1,12346,12345,12347,-1,12346,12347,12348,-1,12348,12347,12349,-1,12348,12349,12340,-1,12340,12349,12341,-1,12342,12350,12343,-1,12343,12350,12351,-1,12352,12353,12354,-1,12352,12354,12355,-1,12355,12354,12356,-1,12355,12356,12357,-1,12357,12356,12358,-1,12357,12358,12359,-1,12359,12358,12351,-1,12359,12351,12350,-1,12352,12360,12353,-1,12353,12360,12361,-1,12360,12362,12361,-1,12361,12362,12363,-1,12362,12364,12363,-1,12363,12364,12365,-1,12366,12367,12368,-1,12368,12367,12369,-1,12368,12369,12370,-1,12370,12369,12371,-1,12370,12371,12372,-1,12372,12371,12373,-1,12372,12373,12364,-1,12364,12373,12365,-1,12366,12374,12367,-1,12367,12374,12375,-1,12376,12377,12378,-1,12376,12378,12379,-1,12379,12378,12380,-1,12379,12380,12381,-1,12381,12380,12382,-1,12381,12382,12383,-1,12383,12382,12375,-1,12383,12375,12374,-1,12376,12384,12377,-1,12377,12384,12385,-1,12386,12387,12388,-1,12386,12388,12389,-1,12389,12388,12390,-1,12389,12390,12391,-1,12391,12390,12385,-1,12391,12385,12384,-1,12386,12392,12387,-1,12387,12392,12393,-1,12394,12395,12396,-1,12396,12395,12397,-1,12396,12397,12398,-1,12398,12397,12399,-1,12398,12399,12392,-1,12392,12399,12393,-1,12394,12400,12395,-1,12395,12400,12401,-1,12402,12403,12404,-1,12404,12403,12405,-1,12404,12405,12406,-1,12406,12405,12407,-1,12406,12407,12408,-1,12408,12407,12409,-1,12408,12409,12410,-1,12410,12409,12411,-1,12410,12411,12412,-1,12412,12411,12413,-1,12412,12413,12400,-1,12400,12413,12401,-1,12290,12292,12414,-1,12290,12414,12415,-1,12415,12414,12416,-1,12415,12416,12417,-1,12417,12416,12418,-1,12417,12418,12419,-1,12419,12418,12420,-1,12419,12420,12421,-1,12421,12420,12422,-1,12421,12422,12423,-1,12423,12422,12403,-1,12423,12403,12402,-1,12362,12360,12364,-1,12364,12360,12352,-1,12364,12352,12372,-1,12372,12352,12355,-1,12372,12355,12370,-1,12370,12355,12357,-1,12370,12357,12368,-1,12368,12357,12359,-1,12368,12359,12366,-1,12366,12359,12350,-1,12366,12350,12374,-1,12374,12350,12342,-1,12374,12342,12383,-1,12383,12342,12344,-1,12383,12344,12381,-1,12381,12344,12346,-1,12381,12346,12379,-1,12379,12346,12348,-1,12379,12348,12376,-1,12376,12348,12340,-1,12376,12340,12384,-1,12384,12340,12336,-1,12384,12336,12391,-1,12391,12336,12338,-1,12301,12291,12300,-1,12300,12291,12290,-1,12300,12290,12312,-1,12312,12290,12415,-1,12312,12415,12310,-1,12310,12415,12417,-1,12310,12417,12308,-1,12308,12417,12419,-1,12308,12419,12306,-1,12306,12419,12421,-1,12306,12421,12304,-1,12304,12421,12423,-1,12304,12423,12302,-1,12302,12423,12402,-1,12302,12402,12325,-1,12325,12402,12404,-1,12325,12404,12323,-1,12323,12404,12406,-1,12323,12406,12321,-1,12321,12406,12408,-1,12321,12408,12319,-1,12319,12408,12410,-1,12319,12410,12317,-1,12317,12410,12412,-1,12317,12412,12314,-1,12314,12412,12400,-1,12314,12400,12326,-1,12326,12400,12394,-1,12326,12394,12333,-1,12333,12394,12396,-1,12333,12396,12331,-1,12331,12396,12398,-1,12331,12398,12328,-1,12328,12398,12392,-1,12328,12392,12334,-1,12334,12392,12386,-1,12334,12386,12338,-1,12338,12386,12389,-1,12338,12389,12391,-1,12293,12299,12292,-1,12292,12299,12298,-1,12292,12298,12414,-1,12414,12298,12313,-1,12414,12313,12416,-1,12416,12313,12311,-1,12416,12311,12418,-1,12418,12311,12309,-1,12418,12309,12420,-1,12420,12309,12307,-1,12420,12307,12422,-1,12422,12307,12305,-1,12422,12305,12403,-1,12403,12305,12303,-1,12403,12303,12405,-1,12405,12303,12324,-1,12405,12324,12407,-1,12407,12324,12322,-1,12407,12322,12409,-1,12409,12322,12320,-1,12409,12320,12411,-1,12411,12320,12318,-1,12411,12318,12413,-1,12413,12318,12316,-1,12413,12316,12401,-1,12401,12316,12315,-1,12401,12315,12395,-1,12395,12315,12327,-1,12395,12327,12397,-1,12397,12327,12332,-1,12397,12332,12399,-1,12399,12332,12330,-1,12399,12330,12393,-1,12393,12330,12329,-1,12393,12329,12387,-1,12387,12329,12335,-1,12387,12335,12388,-1,12388,12335,12339,-1,12388,12339,12390,-1,12390,12339,12337,-1,12361,12363,12353,-1,12353,12363,12365,-1,12353,12365,12354,-1,12354,12365,12373,-1,12354,12373,12356,-1,12356,12373,12371,-1,12356,12371,12358,-1,12358,12371,12369,-1,12358,12369,12351,-1,12351,12369,12367,-1,12351,12367,12343,-1,12343,12367,12375,-1,12343,12375,12345,-1,12345,12375,12382,-1,12345,12382,12347,-1,12347,12382,12380,-1,12347,12380,12349,-1,12349,12380,12378,-1,12349,12378,12341,-1,12341,12378,12377,-1,12341,12377,12337,-1,12337,12377,12385,-1,12337,12385,12390,-1,12296,12301,12294,-1,12294,12301,12299,-1,12297,12291,12296,-1,12296,12291,12301,-1,12293,12295,12299,-1,12299,12295,12294,-1,12295,12293,12297,-1,12297,12293,12291,-1,12424,12425,12426,-1,12426,12425,12427,-1,12428,12429,12430,-1,12430,12429,12431,-1,12432,12433,12434,-1,12434,12433,12435,-1,12436,12437,12438,-1,12438,12437,12439,-1,12438,12439,12440,-1,12440,12439,12441,-1,12440,12441,12442,-1,12442,12441,12443,-1,12442,12443,12444,-1,12444,12443,12445,-1,12444,12445,12446,-1,12446,12445,12447,-1,12446,12447,12434,-1,12434,12447,12432,-1,12448,12449,12450,-1,12448,12450,12451,-1,12451,12450,12452,-1,12451,12452,12453,-1,12453,12452,12454,-1,12453,12454,12455,-1,12455,12454,12456,-1,12455,12456,12457,-1,12457,12456,12458,-1,12457,12458,12459,-1,12459,12458,12437,-1,12459,12437,12436,-1,12448,12460,12449,-1,12449,12460,12461,-1,12462,12463,12464,-1,12462,12464,12465,-1,12465,12464,12466,-1,12465,12466,12467,-1,12467,12466,12461,-1,12467,12461,12460,-1,12462,12468,12463,-1,12463,12468,12469,-1,12470,12471,12472,-1,12472,12471,12473,-1,12472,12473,12468,-1,12468,12473,12469,-1,12470,12474,12471,-1,12471,12474,12475,-1,12476,12477,12478,-1,12478,12477,12479,-1,12478,12479,12480,-1,12480,12479,12481,-1,12480,12481,12482,-1,12482,12481,12483,-1,12482,12483,12474,-1,12474,12483,12475,-1,12476,12484,12477,-1,12477,12484,12485,-1,12486,12487,12488,-1,12486,12488,12489,-1,12489,12488,12490,-1,12489,12490,12491,-1,12491,12490,12492,-1,12491,12492,12493,-1,12493,12492,12485,-1,12493,12485,12484,-1,12486,12494,12487,-1,12487,12494,12495,-1,12494,12496,12495,-1,12495,12496,12497,-1,12496,12498,12497,-1,12497,12498,12499,-1,12500,12501,12502,-1,12502,12501,12503,-1,12502,12503,12504,-1,12504,12503,12505,-1,12504,12505,12506,-1,12506,12505,12507,-1,12506,12507,12498,-1,12498,12507,12499,-1,12500,12508,12501,-1,12501,12508,12509,-1,12510,12511,12512,-1,12510,12512,12513,-1,12513,12512,12514,-1,12513,12514,12515,-1,12515,12514,12516,-1,12515,12516,12517,-1,12517,12516,12509,-1,12517,12509,12508,-1,12510,12518,12511,-1,12511,12518,12519,-1,12520,12521,12522,-1,12520,12522,12523,-1,12523,12522,12524,-1,12523,12524,12525,-1,12525,12524,12519,-1,12525,12519,12518,-1,12520,12526,12521,-1,12521,12526,12527,-1,12528,12529,12530,-1,12530,12529,12531,-1,12530,12531,12532,-1,12532,12531,12533,-1,12532,12533,12526,-1,12526,12533,12527,-1,12528,12534,12529,-1,12529,12534,12535,-1,12536,12537,12538,-1,12538,12537,12539,-1,12538,12539,12540,-1,12540,12539,12541,-1,12540,12541,12542,-1,12542,12541,12543,-1,12542,12543,12544,-1,12544,12543,12545,-1,12544,12545,12546,-1,12546,12545,12547,-1,12546,12547,12534,-1,12534,12547,12535,-1,12424,12426,12548,-1,12424,12548,12549,-1,12549,12548,12550,-1,12549,12550,12551,-1,12551,12550,12552,-1,12551,12552,12553,-1,12553,12552,12554,-1,12553,12554,12555,-1,12555,12554,12556,-1,12555,12556,12557,-1,12557,12556,12537,-1,12557,12537,12536,-1,12496,12494,12498,-1,12498,12494,12486,-1,12498,12486,12506,-1,12506,12486,12489,-1,12506,12489,12504,-1,12504,12489,12491,-1,12504,12491,12502,-1,12502,12491,12493,-1,12502,12493,12500,-1,12500,12493,12484,-1,12500,12484,12508,-1,12508,12484,12476,-1,12508,12476,12517,-1,12517,12476,12478,-1,12517,12478,12515,-1,12515,12478,12480,-1,12515,12480,12513,-1,12513,12480,12482,-1,12513,12482,12510,-1,12510,12482,12474,-1,12510,12474,12518,-1,12518,12474,12470,-1,12518,12470,12525,-1,12525,12470,12472,-1,12435,12425,12434,-1,12434,12425,12424,-1,12434,12424,12446,-1,12446,12424,12549,-1,12446,12549,12444,-1,12444,12549,12551,-1,12444,12551,12442,-1,12442,12551,12553,-1,12442,12553,12440,-1,12440,12553,12555,-1,12440,12555,12438,-1,12438,12555,12557,-1,12438,12557,12436,-1,12436,12557,12536,-1,12436,12536,12459,-1,12459,12536,12538,-1,12459,12538,12457,-1,12457,12538,12540,-1,12457,12540,12455,-1,12455,12540,12542,-1,12455,12542,12453,-1,12453,12542,12544,-1,12453,12544,12451,-1,12451,12544,12546,-1,12451,12546,12448,-1,12448,12546,12534,-1,12448,12534,12460,-1,12460,12534,12528,-1,12460,12528,12467,-1,12467,12528,12530,-1,12467,12530,12465,-1,12465,12530,12532,-1,12465,12532,12462,-1,12462,12532,12526,-1,12462,12526,12468,-1,12468,12526,12520,-1,12468,12520,12472,-1,12472,12520,12523,-1,12472,12523,12525,-1,12427,12433,12426,-1,12426,12433,12432,-1,12426,12432,12548,-1,12548,12432,12447,-1,12548,12447,12550,-1,12550,12447,12445,-1,12550,12445,12552,-1,12552,12445,12443,-1,12552,12443,12554,-1,12554,12443,12441,-1,12554,12441,12556,-1,12556,12441,12439,-1,12556,12439,12537,-1,12537,12439,12437,-1,12537,12437,12539,-1,12539,12437,12458,-1,12539,12458,12541,-1,12541,12458,12456,-1,12541,12456,12543,-1,12543,12456,12454,-1,12543,12454,12545,-1,12545,12454,12452,-1,12545,12452,12547,-1,12547,12452,12450,-1,12547,12450,12535,-1,12535,12450,12449,-1,12535,12449,12529,-1,12529,12449,12461,-1,12529,12461,12531,-1,12531,12461,12466,-1,12531,12466,12533,-1,12533,12466,12464,-1,12533,12464,12527,-1,12527,12464,12463,-1,12527,12463,12521,-1,12521,12463,12469,-1,12521,12469,12522,-1,12522,12469,12473,-1,12522,12473,12524,-1,12524,12473,12471,-1,12495,12497,12487,-1,12487,12497,12499,-1,12487,12499,12488,-1,12488,12499,12507,-1,12488,12507,12490,-1,12490,12507,12505,-1,12490,12505,12492,-1,12492,12505,12503,-1,12492,12503,12485,-1,12485,12503,12501,-1,12485,12501,12477,-1,12477,12501,12509,-1,12477,12509,12479,-1,12479,12509,12516,-1,12479,12516,12481,-1,12481,12516,12514,-1,12481,12514,12483,-1,12483,12514,12512,-1,12483,12512,12475,-1,12475,12512,12511,-1,12475,12511,12471,-1,12471,12511,12519,-1,12471,12519,12524,-1,12430,12435,12428,-1,12428,12435,12433,-1,12431,12425,12430,-1,12430,12425,12435,-1,12427,12429,12433,-1,12433,12429,12428,-1,12429,12427,12431,-1,12431,12427,12425,-1,12558,12559,12560,-1,12560,12559,12561,-1,12562,12563,12564,-1,12564,12563,12565,-1,12566,12567,12568,-1,12568,12567,12569,-1,12570,12571,12572,-1,12572,12571,12573,-1,12572,12573,12574,-1,12574,12573,12575,-1,12574,12575,12576,-1,12576,12575,12577,-1,12576,12577,12578,-1,12578,12577,12579,-1,12578,12579,12580,-1,12580,12579,12581,-1,12580,12581,12568,-1,12568,12581,12566,-1,12582,12583,12584,-1,12582,12584,12585,-1,12585,12584,12586,-1,12585,12586,12587,-1,12587,12586,12588,-1,12587,12588,12589,-1,12589,12588,12590,-1,12589,12590,12591,-1,12591,12590,12592,-1,12591,12592,12593,-1,12593,12592,12571,-1,12593,12571,12570,-1,12582,12594,12583,-1,12583,12594,12595,-1,12596,12597,12598,-1,12596,12598,12599,-1,12599,12598,12600,-1,12599,12600,12601,-1,12601,12600,12595,-1,12601,12595,12594,-1,12596,12602,12597,-1,12597,12602,12603,-1,12604,12605,12606,-1,12606,12605,12607,-1,12606,12607,12602,-1,12602,12607,12603,-1,12604,12608,12605,-1,12605,12608,12609,-1,12610,12611,12612,-1,12612,12611,12613,-1,12612,12613,12614,-1,12614,12613,12615,-1,12614,12615,12616,-1,12616,12615,12617,-1,12616,12617,12608,-1,12608,12617,12609,-1,12610,12618,12611,-1,12611,12618,12619,-1,12620,12621,12622,-1,12620,12622,12623,-1,12623,12622,12624,-1,12623,12624,12625,-1,12625,12624,12626,-1,12625,12626,12627,-1,12627,12626,12619,-1,12627,12619,12618,-1,12620,12628,12621,-1,12621,12628,12629,-1,12628,12630,12629,-1,12629,12630,12631,-1,12630,12632,12631,-1,12631,12632,12633,-1,12634,12635,12636,-1,12636,12635,12637,-1,12636,12637,12638,-1,12638,12637,12639,-1,12638,12639,12640,-1,12640,12639,12641,-1,12640,12641,12632,-1,12632,12641,12633,-1,12634,12642,12635,-1,12635,12642,12643,-1,12644,12645,12646,-1,12644,12646,12647,-1,12647,12646,12648,-1,12647,12648,12649,-1,12649,12648,12650,-1,12649,12650,12651,-1,12651,12650,12643,-1,12651,12643,12642,-1,12644,12652,12645,-1,12645,12652,12653,-1,12654,12655,12656,-1,12654,12656,12657,-1,12657,12656,12658,-1,12657,12658,12659,-1,12659,12658,12653,-1,12659,12653,12652,-1,12654,12660,12655,-1,12655,12660,12661,-1,12662,12663,12664,-1,12664,12663,12665,-1,12664,12665,12666,-1,12666,12665,12667,-1,12666,12667,12660,-1,12660,12667,12661,-1,12662,12668,12663,-1,12663,12668,12669,-1,12670,12671,12672,-1,12672,12671,12673,-1,12672,12673,12674,-1,12674,12673,12675,-1,12674,12675,12676,-1,12676,12675,12677,-1,12676,12677,12678,-1,12678,12677,12679,-1,12678,12679,12680,-1,12680,12679,12681,-1,12680,12681,12668,-1,12668,12681,12669,-1,12558,12560,12682,-1,12558,12682,12683,-1,12683,12682,12684,-1,12683,12684,12685,-1,12685,12684,12686,-1,12685,12686,12687,-1,12687,12686,12688,-1,12687,12688,12689,-1,12689,12688,12690,-1,12689,12690,12691,-1,12691,12690,12671,-1,12691,12671,12670,-1,12630,12628,12632,-1,12632,12628,12620,-1,12632,12620,12640,-1,12640,12620,12623,-1,12640,12623,12638,-1,12638,12623,12625,-1,12638,12625,12636,-1,12636,12625,12627,-1,12636,12627,12634,-1,12634,12627,12618,-1,12634,12618,12642,-1,12642,12618,12610,-1,12642,12610,12651,-1,12651,12610,12612,-1,12651,12612,12649,-1,12649,12612,12614,-1,12649,12614,12647,-1,12647,12614,12616,-1,12647,12616,12644,-1,12644,12616,12608,-1,12644,12608,12652,-1,12652,12608,12604,-1,12652,12604,12659,-1,12659,12604,12606,-1,12569,12559,12568,-1,12568,12559,12558,-1,12568,12558,12580,-1,12580,12558,12683,-1,12580,12683,12578,-1,12578,12683,12685,-1,12578,12685,12576,-1,12576,12685,12687,-1,12576,12687,12574,-1,12574,12687,12689,-1,12574,12689,12572,-1,12572,12689,12691,-1,12572,12691,12570,-1,12570,12691,12670,-1,12570,12670,12593,-1,12593,12670,12672,-1,12593,12672,12591,-1,12591,12672,12674,-1,12591,12674,12589,-1,12589,12674,12676,-1,12589,12676,12587,-1,12587,12676,12678,-1,12587,12678,12585,-1,12585,12678,12680,-1,12585,12680,12582,-1,12582,12680,12668,-1,12582,12668,12594,-1,12594,12668,12662,-1,12594,12662,12601,-1,12601,12662,12664,-1,12601,12664,12599,-1,12599,12664,12666,-1,12599,12666,12596,-1,12596,12666,12660,-1,12596,12660,12602,-1,12602,12660,12654,-1,12602,12654,12606,-1,12606,12654,12657,-1,12606,12657,12659,-1,12561,12567,12560,-1,12560,12567,12566,-1,12560,12566,12682,-1,12682,12566,12581,-1,12682,12581,12684,-1,12684,12581,12579,-1,12684,12579,12686,-1,12686,12579,12577,-1,12686,12577,12688,-1,12688,12577,12575,-1,12688,12575,12690,-1,12690,12575,12573,-1,12690,12573,12671,-1,12671,12573,12571,-1,12671,12571,12673,-1,12673,12571,12592,-1,12673,12592,12675,-1,12675,12592,12590,-1,12675,12590,12677,-1,12677,12590,12588,-1,12677,12588,12679,-1,12679,12588,12586,-1,12679,12586,12681,-1,12681,12586,12584,-1,12681,12584,12669,-1,12669,12584,12583,-1,12669,12583,12663,-1,12663,12583,12595,-1,12663,12595,12665,-1,12665,12595,12600,-1,12665,12600,12667,-1,12667,12600,12598,-1,12667,12598,12661,-1,12661,12598,12597,-1,12661,12597,12655,-1,12655,12597,12603,-1,12655,12603,12656,-1,12656,12603,12607,-1,12656,12607,12658,-1,12658,12607,12605,-1,12629,12631,12621,-1,12621,12631,12633,-1,12621,12633,12622,-1,12622,12633,12641,-1,12622,12641,12624,-1,12624,12641,12639,-1,12624,12639,12626,-1,12626,12639,12637,-1,12626,12637,12619,-1,12619,12637,12635,-1,12619,12635,12611,-1,12611,12635,12643,-1,12611,12643,12613,-1,12613,12643,12650,-1,12613,12650,12615,-1,12615,12650,12648,-1,12615,12648,12617,-1,12617,12648,12646,-1,12617,12646,12609,-1,12609,12646,12645,-1,12609,12645,12605,-1,12605,12645,12653,-1,12605,12653,12658,-1,12564,12569,12562,-1,12562,12569,12567,-1,12565,12559,12564,-1,12564,12559,12569,-1,12561,12563,12567,-1,12567,12563,12562,-1,12563,12561,12565,-1,12565,12561,12559,-1,12692,12693,12694,-1,12694,12693,12695,-1,12696,12697,12698,-1,12698,12697,12699,-1,12700,12701,12702,-1,12702,12701,12703,-1,12704,12705,12706,-1,12706,12705,12707,-1,12706,12707,12708,-1,12708,12707,12709,-1,12708,12709,12710,-1,12710,12709,12711,-1,12710,12711,12712,-1,12712,12711,12713,-1,12712,12713,12714,-1,12714,12713,12715,-1,12714,12715,12702,-1,12702,12715,12700,-1,12716,12717,12718,-1,12716,12718,12719,-1,12719,12718,12720,-1,12719,12720,12721,-1,12721,12720,12722,-1,12721,12722,12723,-1,12723,12722,12724,-1,12723,12724,12725,-1,12725,12724,12726,-1,12725,12726,12727,-1,12727,12726,12705,-1,12727,12705,12704,-1,12716,12728,12717,-1,12717,12728,12729,-1,12730,12731,12732,-1,12730,12732,12733,-1,12733,12732,12734,-1,12733,12734,12735,-1,12735,12734,12729,-1,12735,12729,12728,-1,12730,12736,12731,-1,12731,12736,12737,-1,12738,12739,12740,-1,12740,12739,12741,-1,12740,12741,12736,-1,12736,12741,12737,-1,12738,12742,12739,-1,12739,12742,12743,-1,12744,12745,12746,-1,12746,12745,12747,-1,12746,12747,12748,-1,12748,12747,12749,-1,12748,12749,12750,-1,12750,12749,12751,-1,12750,12751,12742,-1,12742,12751,12743,-1,12744,12752,12745,-1,12745,12752,12753,-1,12754,12755,12756,-1,12754,12756,12757,-1,12757,12756,12758,-1,12757,12758,12759,-1,12759,12758,12760,-1,12759,12760,12761,-1,12761,12760,12753,-1,12761,12753,12752,-1,12754,12762,12755,-1,12755,12762,12763,-1,12762,12764,12763,-1,12763,12764,12765,-1,12764,12766,12765,-1,12765,12766,12767,-1,12768,12769,12770,-1,12770,12769,12771,-1,12770,12771,12772,-1,12772,12771,12773,-1,12772,12773,12774,-1,12774,12773,12775,-1,12774,12775,12766,-1,12766,12775,12767,-1,12768,12776,12769,-1,12769,12776,12777,-1,12778,12779,12780,-1,12778,12780,12781,-1,12781,12780,12782,-1,12781,12782,12783,-1,12783,12782,12784,-1,12783,12784,12785,-1,12785,12784,12777,-1,12785,12777,12776,-1,12778,12786,12779,-1,12779,12786,12787,-1,12788,12789,12790,-1,12788,12790,12791,-1,12791,12790,12792,-1,12791,12792,12793,-1,12793,12792,12787,-1,12793,12787,12786,-1,12788,12794,12789,-1,12789,12794,12795,-1,12796,12797,12798,-1,12798,12797,12799,-1,12798,12799,12800,-1,12800,12799,12801,-1,12800,12801,12794,-1,12794,12801,12795,-1,12796,12802,12797,-1,12797,12802,12803,-1,12804,12805,12806,-1,12806,12805,12807,-1,12806,12807,12808,-1,12808,12807,12809,-1,12808,12809,12810,-1,12810,12809,12811,-1,12810,12811,12812,-1,12812,12811,12813,-1,12812,12813,12814,-1,12814,12813,12815,-1,12814,12815,12802,-1,12802,12815,12803,-1,12692,12694,12816,-1,12692,12816,12817,-1,12817,12816,12818,-1,12817,12818,12819,-1,12819,12818,12820,-1,12819,12820,12821,-1,12821,12820,12822,-1,12821,12822,12823,-1,12823,12822,12824,-1,12823,12824,12825,-1,12825,12824,12805,-1,12825,12805,12804,-1,12764,12762,12766,-1,12766,12762,12754,-1,12766,12754,12774,-1,12774,12754,12757,-1,12774,12757,12772,-1,12772,12757,12759,-1,12772,12759,12770,-1,12770,12759,12761,-1,12770,12761,12768,-1,12768,12761,12752,-1,12768,12752,12776,-1,12776,12752,12744,-1,12776,12744,12785,-1,12785,12744,12746,-1,12785,12746,12783,-1,12783,12746,12748,-1,12783,12748,12781,-1,12781,12748,12750,-1,12781,12750,12778,-1,12778,12750,12742,-1,12778,12742,12786,-1,12786,12742,12738,-1,12786,12738,12793,-1,12793,12738,12740,-1,12703,12693,12702,-1,12702,12693,12692,-1,12702,12692,12714,-1,12714,12692,12817,-1,12714,12817,12712,-1,12712,12817,12819,-1,12712,12819,12710,-1,12710,12819,12821,-1,12710,12821,12708,-1,12708,12821,12823,-1,12708,12823,12706,-1,12706,12823,12825,-1,12706,12825,12704,-1,12704,12825,12804,-1,12704,12804,12727,-1,12727,12804,12806,-1,12727,12806,12725,-1,12725,12806,12808,-1,12725,12808,12723,-1,12723,12808,12810,-1,12723,12810,12721,-1,12721,12810,12812,-1,12721,12812,12719,-1,12719,12812,12814,-1,12719,12814,12716,-1,12716,12814,12802,-1,12716,12802,12728,-1,12728,12802,12796,-1,12728,12796,12735,-1,12735,12796,12798,-1,12735,12798,12733,-1,12733,12798,12800,-1,12733,12800,12730,-1,12730,12800,12794,-1,12730,12794,12736,-1,12736,12794,12788,-1,12736,12788,12740,-1,12740,12788,12791,-1,12740,12791,12793,-1,12695,12701,12694,-1,12694,12701,12700,-1,12694,12700,12816,-1,12816,12700,12715,-1,12816,12715,12818,-1,12818,12715,12713,-1,12818,12713,12820,-1,12820,12713,12711,-1,12820,12711,12822,-1,12822,12711,12709,-1,12822,12709,12824,-1,12824,12709,12707,-1,12824,12707,12805,-1,12805,12707,12705,-1,12805,12705,12807,-1,12807,12705,12726,-1,12807,12726,12809,-1,12809,12726,12724,-1,12809,12724,12811,-1,12811,12724,12722,-1,12811,12722,12813,-1,12813,12722,12720,-1,12813,12720,12815,-1,12815,12720,12718,-1,12815,12718,12803,-1,12803,12718,12717,-1,12803,12717,12797,-1,12797,12717,12729,-1,12797,12729,12799,-1,12799,12729,12734,-1,12799,12734,12801,-1,12801,12734,12732,-1,12801,12732,12795,-1,12795,12732,12731,-1,12795,12731,12789,-1,12789,12731,12737,-1,12789,12737,12790,-1,12790,12737,12741,-1,12790,12741,12792,-1,12792,12741,12739,-1,12763,12765,12755,-1,12755,12765,12767,-1,12755,12767,12756,-1,12756,12767,12775,-1,12756,12775,12758,-1,12758,12775,12773,-1,12758,12773,12760,-1,12760,12773,12771,-1,12760,12771,12753,-1,12753,12771,12769,-1,12753,12769,12745,-1,12745,12769,12777,-1,12745,12777,12747,-1,12747,12777,12784,-1,12747,12784,12749,-1,12749,12784,12782,-1,12749,12782,12751,-1,12751,12782,12780,-1,12751,12780,12743,-1,12743,12780,12779,-1,12743,12779,12739,-1,12739,12779,12787,-1,12739,12787,12792,-1,12698,12703,12696,-1,12696,12703,12701,-1,12699,12693,12698,-1,12698,12693,12703,-1,12695,12697,12701,-1,12701,12697,12696,-1,12697,12695,12699,-1,12699,12695,12693,-1,12826,12827,12828,-1,12828,12827,12829,-1,12830,12831,12832,-1,12832,12831,12833,-1,12834,12835,12836,-1,12836,12835,12837,-1,12838,12839,12840,-1,12840,12839,12841,-1,12840,12841,12842,-1,12842,12841,12843,-1,12842,12843,12844,-1,12844,12843,12845,-1,12844,12845,12846,-1,12846,12845,12847,-1,12846,12847,12848,-1,12848,12847,12849,-1,12848,12849,12836,-1,12836,12849,12834,-1,12850,12851,12852,-1,12850,12852,12853,-1,12853,12852,12854,-1,12853,12854,12855,-1,12855,12854,12856,-1,12855,12856,12857,-1,12857,12856,12858,-1,12857,12858,12859,-1,12859,12858,12860,-1,12859,12860,12861,-1,12861,12860,12839,-1,12861,12839,12838,-1,12850,12862,12851,-1,12851,12862,12863,-1,12864,12865,12866,-1,12864,12866,12867,-1,12867,12866,12868,-1,12867,12868,12869,-1,12869,12868,12863,-1,12869,12863,12862,-1,12864,12870,12865,-1,12865,12870,12871,-1,12872,12873,12874,-1,12874,12873,12875,-1,12874,12875,12870,-1,12870,12875,12871,-1,12872,12876,12873,-1,12873,12876,12877,-1,12878,12879,12880,-1,12880,12879,12881,-1,12880,12881,12882,-1,12882,12881,12883,-1,12882,12883,12884,-1,12884,12883,12885,-1,12884,12885,12876,-1,12876,12885,12877,-1,12878,12886,12879,-1,12879,12886,12887,-1,12888,12889,12890,-1,12888,12890,12891,-1,12891,12890,12892,-1,12891,12892,12893,-1,12893,12892,12894,-1,12893,12894,12895,-1,12895,12894,12887,-1,12895,12887,12886,-1,12888,12896,12889,-1,12889,12896,12897,-1,12896,12898,12897,-1,12897,12898,12899,-1,12898,12900,12899,-1,12899,12900,12901,-1,12902,12903,12904,-1,12904,12903,12905,-1,12904,12905,12906,-1,12906,12905,12907,-1,12906,12907,12908,-1,12908,12907,12909,-1,12908,12909,12900,-1,12900,12909,12901,-1,12902,12910,12903,-1,12903,12910,12911,-1,12912,12913,12914,-1,12912,12914,12915,-1,12915,12914,12916,-1,12915,12916,12917,-1,12917,12916,12918,-1,12917,12918,12919,-1,12919,12918,12911,-1,12919,12911,12910,-1,12912,12920,12913,-1,12913,12920,12921,-1,12922,12923,12924,-1,12922,12924,12925,-1,12925,12924,12926,-1,12925,12926,12927,-1,12927,12926,12921,-1,12927,12921,12920,-1,12922,12928,12923,-1,12923,12928,12929,-1,12930,12931,12932,-1,12932,12931,12933,-1,12932,12933,12934,-1,12934,12933,12935,-1,12934,12935,12928,-1,12928,12935,12929,-1,12930,12936,12931,-1,12931,12936,12937,-1,12938,12939,12940,-1,12940,12939,12941,-1,12940,12941,12942,-1,12942,12941,12943,-1,12942,12943,12944,-1,12944,12943,12945,-1,12944,12945,12946,-1,12946,12945,12947,-1,12946,12947,12948,-1,12948,12947,12949,-1,12948,12949,12936,-1,12936,12949,12937,-1,12826,12828,12950,-1,12826,12950,12951,-1,12951,12950,12952,-1,12951,12952,12953,-1,12953,12952,12954,-1,12953,12954,12955,-1,12955,12954,12956,-1,12955,12956,12957,-1,12957,12956,12958,-1,12957,12958,12959,-1,12959,12958,12939,-1,12959,12939,12938,-1,12898,12896,12900,-1,12900,12896,12888,-1,12900,12888,12908,-1,12908,12888,12891,-1,12908,12891,12906,-1,12906,12891,12893,-1,12906,12893,12904,-1,12904,12893,12895,-1,12904,12895,12902,-1,12902,12895,12886,-1,12902,12886,12910,-1,12910,12886,12878,-1,12910,12878,12919,-1,12919,12878,12880,-1,12919,12880,12917,-1,12917,12880,12882,-1,12917,12882,12915,-1,12915,12882,12884,-1,12915,12884,12912,-1,12912,12884,12876,-1,12912,12876,12920,-1,12920,12876,12872,-1,12920,12872,12927,-1,12927,12872,12874,-1,12837,12827,12836,-1,12836,12827,12826,-1,12836,12826,12848,-1,12848,12826,12951,-1,12848,12951,12846,-1,12846,12951,12953,-1,12846,12953,12844,-1,12844,12953,12955,-1,12844,12955,12842,-1,12842,12955,12957,-1,12842,12957,12840,-1,12840,12957,12959,-1,12840,12959,12838,-1,12838,12959,12938,-1,12838,12938,12861,-1,12861,12938,12940,-1,12861,12940,12859,-1,12859,12940,12942,-1,12859,12942,12857,-1,12857,12942,12944,-1,12857,12944,12855,-1,12855,12944,12946,-1,12855,12946,12853,-1,12853,12946,12948,-1,12853,12948,12850,-1,12850,12948,12936,-1,12850,12936,12862,-1,12862,12936,12930,-1,12862,12930,12869,-1,12869,12930,12932,-1,12869,12932,12867,-1,12867,12932,12934,-1,12867,12934,12864,-1,12864,12934,12928,-1,12864,12928,12870,-1,12870,12928,12922,-1,12870,12922,12874,-1,12874,12922,12925,-1,12874,12925,12927,-1,12829,12835,12828,-1,12828,12835,12834,-1,12828,12834,12950,-1,12950,12834,12849,-1,12950,12849,12952,-1,12952,12849,12847,-1,12952,12847,12954,-1,12954,12847,12845,-1,12954,12845,12956,-1,12956,12845,12843,-1,12956,12843,12958,-1,12958,12843,12841,-1,12958,12841,12939,-1,12939,12841,12839,-1,12939,12839,12941,-1,12941,12839,12860,-1,12941,12860,12943,-1,12943,12860,12858,-1,12943,12858,12945,-1,12945,12858,12856,-1,12945,12856,12947,-1,12947,12856,12854,-1,12947,12854,12949,-1,12949,12854,12852,-1,12949,12852,12937,-1,12937,12852,12851,-1,12937,12851,12931,-1,12931,12851,12863,-1,12931,12863,12933,-1,12933,12863,12868,-1,12933,12868,12935,-1,12935,12868,12866,-1,12935,12866,12929,-1,12929,12866,12865,-1,12929,12865,12923,-1,12923,12865,12871,-1,12923,12871,12924,-1,12924,12871,12875,-1,12924,12875,12926,-1,12926,12875,12873,-1,12897,12899,12889,-1,12889,12899,12901,-1,12889,12901,12890,-1,12890,12901,12909,-1,12890,12909,12892,-1,12892,12909,12907,-1,12892,12907,12894,-1,12894,12907,12905,-1,12894,12905,12887,-1,12887,12905,12903,-1,12887,12903,12879,-1,12879,12903,12911,-1,12879,12911,12881,-1,12881,12911,12918,-1,12881,12918,12883,-1,12883,12918,12916,-1,12883,12916,12885,-1,12885,12916,12914,-1,12885,12914,12877,-1,12877,12914,12913,-1,12877,12913,12873,-1,12873,12913,12921,-1,12873,12921,12926,-1,12832,12837,12830,-1,12830,12837,12835,-1,12833,12827,12832,-1,12832,12827,12837,-1,12829,12831,12835,-1,12835,12831,12830,-1,12831,12829,12833,-1,12833,12829,12827,-1,12960,12961,12962,-1,12962,12961,12963,-1,12964,12965,12966,-1,12966,12965,12967,-1,12968,12969,12970,-1,12970,12969,12971,-1,12972,12973,12974,-1,12974,12973,12975,-1,12974,12975,12976,-1,12976,12975,12977,-1,12976,12977,12978,-1,12978,12977,12979,-1,12978,12979,12980,-1,12980,12979,12981,-1,12980,12981,12982,-1,12982,12981,12983,-1,12982,12983,12970,-1,12970,12983,12968,-1,12984,12985,12986,-1,12984,12986,12987,-1,12987,12986,12988,-1,12987,12988,12989,-1,12989,12988,12990,-1,12989,12990,12991,-1,12991,12990,12992,-1,12991,12992,12993,-1,12993,12992,12994,-1,12993,12994,12995,-1,12995,12994,12973,-1,12995,12973,12972,-1,12984,12996,12985,-1,12985,12996,12997,-1,12998,12999,13000,-1,12998,13000,13001,-1,13001,13000,13002,-1,13001,13002,13003,-1,13003,13002,12997,-1,13003,12997,12996,-1,12998,13004,12999,-1,12999,13004,13005,-1,13006,13007,13008,-1,13008,13007,13009,-1,13008,13009,13004,-1,13004,13009,13005,-1,13006,13010,13007,-1,13007,13010,13011,-1,13012,13013,13014,-1,13014,13013,13015,-1,13014,13015,13016,-1,13016,13015,13017,-1,13016,13017,13018,-1,13018,13017,13019,-1,13018,13019,13010,-1,13010,13019,13011,-1,13012,13020,13013,-1,13013,13020,13021,-1,13022,13023,13024,-1,13022,13024,13025,-1,13025,13024,13026,-1,13025,13026,13027,-1,13027,13026,13028,-1,13027,13028,13029,-1,13029,13028,13021,-1,13029,13021,13020,-1,13022,13030,13023,-1,13023,13030,13031,-1,13030,13032,13031,-1,13031,13032,13033,-1,13032,13034,13033,-1,13033,13034,13035,-1,13036,13037,13038,-1,13038,13037,13039,-1,13038,13039,13040,-1,13040,13039,13041,-1,13040,13041,13042,-1,13042,13041,13043,-1,13042,13043,13034,-1,13034,13043,13035,-1,13036,13044,13037,-1,13037,13044,13045,-1,13046,13047,13048,-1,13046,13048,13049,-1,13049,13048,13050,-1,13049,13050,13051,-1,13051,13050,13052,-1,13051,13052,13053,-1,13053,13052,13045,-1,13053,13045,13044,-1,13046,13054,13047,-1,13047,13054,13055,-1,13056,13057,13058,-1,13056,13058,13059,-1,13059,13058,13060,-1,13059,13060,13061,-1,13061,13060,13055,-1,13061,13055,13054,-1,13056,13062,13057,-1,13057,13062,13063,-1,13064,13065,13066,-1,13066,13065,13067,-1,13066,13067,13068,-1,13068,13067,13069,-1,13068,13069,13062,-1,13062,13069,13063,-1,13064,13070,13065,-1,13065,13070,13071,-1,13072,13073,13074,-1,13074,13073,13075,-1,13074,13075,13076,-1,13076,13075,13077,-1,13076,13077,13078,-1,13078,13077,13079,-1,13078,13079,13080,-1,13080,13079,13081,-1,13080,13081,13082,-1,13082,13081,13083,-1,13082,13083,13070,-1,13070,13083,13071,-1,12960,12962,13084,-1,12960,13084,13085,-1,13085,13084,13086,-1,13085,13086,13087,-1,13087,13086,13088,-1,13087,13088,13089,-1,13089,13088,13090,-1,13089,13090,13091,-1,13091,13090,13092,-1,13091,13092,13093,-1,13093,13092,13073,-1,13093,13073,13072,-1,13032,13030,13034,-1,13034,13030,13022,-1,13034,13022,13042,-1,13042,13022,13025,-1,13042,13025,13040,-1,13040,13025,13027,-1,13040,13027,13038,-1,13038,13027,13029,-1,13038,13029,13036,-1,13036,13029,13020,-1,13036,13020,13044,-1,13044,13020,13012,-1,13044,13012,13053,-1,13053,13012,13014,-1,13053,13014,13051,-1,13051,13014,13016,-1,13051,13016,13049,-1,13049,13016,13018,-1,13049,13018,13046,-1,13046,13018,13010,-1,13046,13010,13054,-1,13054,13010,13006,-1,13054,13006,13061,-1,13061,13006,13008,-1,12971,12961,12970,-1,12970,12961,12960,-1,12970,12960,12982,-1,12982,12960,13085,-1,12982,13085,12980,-1,12980,13085,13087,-1,12980,13087,12978,-1,12978,13087,13089,-1,12978,13089,12976,-1,12976,13089,13091,-1,12976,13091,12974,-1,12974,13091,13093,-1,12974,13093,12972,-1,12972,13093,13072,-1,12972,13072,12995,-1,12995,13072,13074,-1,12995,13074,12993,-1,12993,13074,13076,-1,12993,13076,12991,-1,12991,13076,13078,-1,12991,13078,12989,-1,12989,13078,13080,-1,12989,13080,12987,-1,12987,13080,13082,-1,12987,13082,12984,-1,12984,13082,13070,-1,12984,13070,12996,-1,12996,13070,13064,-1,12996,13064,13003,-1,13003,13064,13066,-1,13003,13066,13001,-1,13001,13066,13068,-1,13001,13068,12998,-1,12998,13068,13062,-1,12998,13062,13004,-1,13004,13062,13056,-1,13004,13056,13008,-1,13008,13056,13059,-1,13008,13059,13061,-1,12963,12969,12962,-1,12962,12969,12968,-1,12962,12968,13084,-1,13084,12968,12983,-1,13084,12983,13086,-1,13086,12983,12981,-1,13086,12981,13088,-1,13088,12981,12979,-1,13088,12979,13090,-1,13090,12979,12977,-1,13090,12977,13092,-1,13092,12977,12975,-1,13092,12975,13073,-1,13073,12975,12973,-1,13073,12973,13075,-1,13075,12973,12994,-1,13075,12994,13077,-1,13077,12994,12992,-1,13077,12992,13079,-1,13079,12992,12990,-1,13079,12990,13081,-1,13081,12990,12988,-1,13081,12988,13083,-1,13083,12988,12986,-1,13083,12986,13071,-1,13071,12986,12985,-1,13071,12985,13065,-1,13065,12985,12997,-1,13065,12997,13067,-1,13067,12997,13002,-1,13067,13002,13069,-1,13069,13002,13000,-1,13069,13000,13063,-1,13063,13000,12999,-1,13063,12999,13057,-1,13057,12999,13005,-1,13057,13005,13058,-1,13058,13005,13009,-1,13058,13009,13060,-1,13060,13009,13007,-1,13031,13033,13023,-1,13023,13033,13035,-1,13023,13035,13024,-1,13024,13035,13043,-1,13024,13043,13026,-1,13026,13043,13041,-1,13026,13041,13028,-1,13028,13041,13039,-1,13028,13039,13021,-1,13021,13039,13037,-1,13021,13037,13013,-1,13013,13037,13045,-1,13013,13045,13015,-1,13015,13045,13052,-1,13015,13052,13017,-1,13017,13052,13050,-1,13017,13050,13019,-1,13019,13050,13048,-1,13019,13048,13011,-1,13011,13048,13047,-1,13011,13047,13007,-1,13007,13047,13055,-1,13007,13055,13060,-1,12966,12971,12964,-1,12964,12971,12969,-1,12967,12961,12966,-1,12966,12961,12971,-1,12963,12965,12969,-1,12969,12965,12964,-1,12965,12963,12967,-1,12967,12963,12961,-1,13094,13095,13096,-1,13096,13095,13097,-1,13098,13099,13100,-1,13100,13099,13101,-1,13102,13103,13104,-1,13104,13103,13105,-1,13106,13107,13108,-1,13108,13107,13109,-1,13108,13109,13110,-1,13110,13109,13111,-1,13110,13111,13112,-1,13112,13111,13113,-1,13112,13113,13114,-1,13114,13113,13115,-1,13114,13115,13116,-1,13116,13115,13117,-1,13116,13117,13104,-1,13104,13117,13102,-1,13118,13119,13120,-1,13118,13120,13121,-1,13121,13120,13122,-1,13121,13122,13123,-1,13123,13122,13124,-1,13123,13124,13125,-1,13125,13124,13126,-1,13125,13126,13127,-1,13127,13126,13128,-1,13127,13128,13129,-1,13129,13128,13107,-1,13129,13107,13106,-1,13118,13130,13119,-1,13119,13130,13131,-1,13132,13133,13134,-1,13132,13134,13135,-1,13135,13134,13136,-1,13135,13136,13137,-1,13137,13136,13131,-1,13137,13131,13130,-1,13132,13138,13133,-1,13133,13138,13139,-1,13140,13141,13142,-1,13142,13141,13143,-1,13142,13143,13138,-1,13138,13143,13139,-1,13140,13144,13141,-1,13141,13144,13145,-1,13146,13147,13148,-1,13148,13147,13149,-1,13148,13149,13150,-1,13150,13149,13151,-1,13150,13151,13152,-1,13152,13151,13153,-1,13152,13153,13144,-1,13144,13153,13145,-1,13146,13154,13147,-1,13147,13154,13155,-1,13156,13157,13158,-1,13156,13158,13159,-1,13159,13158,13160,-1,13159,13160,13161,-1,13161,13160,13162,-1,13161,13162,13163,-1,13163,13162,13155,-1,13163,13155,13154,-1,13156,13164,13157,-1,13157,13164,13165,-1,13164,13166,13165,-1,13165,13166,13167,-1,13166,13168,13167,-1,13167,13168,13169,-1,13170,13171,13172,-1,13172,13171,13173,-1,13172,13173,13174,-1,13174,13173,13175,-1,13174,13175,13176,-1,13176,13175,13177,-1,13176,13177,13168,-1,13168,13177,13169,-1,13170,13178,13171,-1,13171,13178,13179,-1,13180,13181,13182,-1,13180,13182,13183,-1,13183,13182,13184,-1,13183,13184,13185,-1,13185,13184,13186,-1,13185,13186,13187,-1,13187,13186,13179,-1,13187,13179,13178,-1,13180,13188,13181,-1,13181,13188,13189,-1,13190,13191,13192,-1,13190,13192,13193,-1,13193,13192,13194,-1,13193,13194,13195,-1,13195,13194,13189,-1,13195,13189,13188,-1,13190,13196,13191,-1,13191,13196,13197,-1,13198,13199,13200,-1,13200,13199,13201,-1,13200,13201,13202,-1,13202,13201,13203,-1,13202,13203,13196,-1,13196,13203,13197,-1,13198,13204,13199,-1,13199,13204,13205,-1,13206,13207,13208,-1,13208,13207,13209,-1,13208,13209,13210,-1,13210,13209,13211,-1,13210,13211,13212,-1,13212,13211,13213,-1,13212,13213,13214,-1,13214,13213,13215,-1,13214,13215,13216,-1,13216,13215,13217,-1,13216,13217,13204,-1,13204,13217,13205,-1,13094,13096,13218,-1,13094,13218,13219,-1,13219,13218,13220,-1,13219,13220,13221,-1,13221,13220,13222,-1,13221,13222,13223,-1,13223,13222,13224,-1,13223,13224,13225,-1,13225,13224,13226,-1,13225,13226,13227,-1,13227,13226,13207,-1,13227,13207,13206,-1,13166,13164,13168,-1,13168,13164,13156,-1,13168,13156,13176,-1,13176,13156,13159,-1,13176,13159,13174,-1,13174,13159,13161,-1,13174,13161,13172,-1,13172,13161,13163,-1,13172,13163,13170,-1,13170,13163,13154,-1,13170,13154,13178,-1,13178,13154,13146,-1,13178,13146,13187,-1,13187,13146,13148,-1,13187,13148,13185,-1,13185,13148,13150,-1,13185,13150,13183,-1,13183,13150,13152,-1,13183,13152,13180,-1,13180,13152,13144,-1,13180,13144,13188,-1,13188,13144,13140,-1,13188,13140,13195,-1,13195,13140,13142,-1,13105,13095,13104,-1,13104,13095,13094,-1,13104,13094,13116,-1,13116,13094,13219,-1,13116,13219,13114,-1,13114,13219,13221,-1,13114,13221,13112,-1,13112,13221,13223,-1,13112,13223,13110,-1,13110,13223,13225,-1,13110,13225,13108,-1,13108,13225,13227,-1,13108,13227,13106,-1,13106,13227,13206,-1,13106,13206,13129,-1,13129,13206,13208,-1,13129,13208,13127,-1,13127,13208,13210,-1,13127,13210,13125,-1,13125,13210,13212,-1,13125,13212,13123,-1,13123,13212,13214,-1,13123,13214,13121,-1,13121,13214,13216,-1,13121,13216,13118,-1,13118,13216,13204,-1,13118,13204,13130,-1,13130,13204,13198,-1,13130,13198,13137,-1,13137,13198,13200,-1,13137,13200,13135,-1,13135,13200,13202,-1,13135,13202,13132,-1,13132,13202,13196,-1,13132,13196,13138,-1,13138,13196,13190,-1,13138,13190,13142,-1,13142,13190,13193,-1,13142,13193,13195,-1,13097,13103,13096,-1,13096,13103,13102,-1,13096,13102,13218,-1,13218,13102,13117,-1,13218,13117,13220,-1,13220,13117,13115,-1,13220,13115,13222,-1,13222,13115,13113,-1,13222,13113,13224,-1,13224,13113,13111,-1,13224,13111,13226,-1,13226,13111,13109,-1,13226,13109,13207,-1,13207,13109,13107,-1,13207,13107,13209,-1,13209,13107,13128,-1,13209,13128,13211,-1,13211,13128,13126,-1,13211,13126,13213,-1,13213,13126,13124,-1,13213,13124,13215,-1,13215,13124,13122,-1,13215,13122,13217,-1,13217,13122,13120,-1,13217,13120,13205,-1,13205,13120,13119,-1,13205,13119,13199,-1,13199,13119,13131,-1,13199,13131,13201,-1,13201,13131,13136,-1,13201,13136,13203,-1,13203,13136,13134,-1,13203,13134,13197,-1,13197,13134,13133,-1,13197,13133,13191,-1,13191,13133,13139,-1,13191,13139,13192,-1,13192,13139,13143,-1,13192,13143,13194,-1,13194,13143,13141,-1,13165,13167,13157,-1,13157,13167,13169,-1,13157,13169,13158,-1,13158,13169,13177,-1,13158,13177,13160,-1,13160,13177,13175,-1,13160,13175,13162,-1,13162,13175,13173,-1,13162,13173,13155,-1,13155,13173,13171,-1,13155,13171,13147,-1,13147,13171,13179,-1,13147,13179,13149,-1,13149,13179,13186,-1,13149,13186,13151,-1,13151,13186,13184,-1,13151,13184,13153,-1,13153,13184,13182,-1,13153,13182,13145,-1,13145,13182,13181,-1,13145,13181,13141,-1,13141,13181,13189,-1,13141,13189,13194,-1,13100,13105,13098,-1,13098,13105,13103,-1,13101,13095,13100,-1,13100,13095,13105,-1,13097,13099,13103,-1,13103,13099,13098,-1,13099,13097,13101,-1,13101,13097,13095,-1,
        ]
    }
}