#VRML V2.0 utf8
# 3D model generated by easyeda2kicad.py (https://github.com/uPesy/easyeda2kicad.py)

Shape{
    appearance Appearance {
        material  Material 	{
            diffuseColor 0.5019607843137255 0.5019607843137255 0.5019607843137255
            specularColor 0.25098039215686274 0.25098039215686274 0.25098039215686274
            ambientIntensity 0.502
            transparency 0.0
            shininess 0.5
        }
    }
    geometry IndexedFaceSet {
        ccw TRUE
        solid FALSE
        coord DEF co Coordinate {
            point [
                -0.4921 -0.4134 0.5157, -0.4273 -0.3642 0.5157, -0.4921 -0.5118 0.5157, -0.3935 -0.4005 0.5157, -0.3567 -0.4336 0.5157, -0.3171 -0.4633 0.5157, -0.2751 -0.4895 0.5157, -0.2309 -0.5118 0.5157, -0.5077 0.2397 0.5157, -0.5269 0.1941 0.5157, -0.5906 0.315 0.5157, -0.5419 0.1469 0.5157, -0.5527 0.0986 0.5157, -0.2309 0.5118 0.5157, -0.2751 0.4895 0.5157, -0.4921 0.5118 0.5157, -0.3171 0.4633 0.5157, -0.5269 -0.1941 0.5157, -0.5906 -0.315 0.5157, -0.5419 -0.1469 0.5157, -0.5527 -0.0986 0.5157, -0.3567 0.4336 0.5157, -0.3935 0.4005 0.5157, -0.4921 0.4134 0.5157, -0.4273 0.3642 0.5157, -0.4577 0.3252 0.5157, -0.4846 0.2836 0.5157, -0.5077 -0.2397 0.5157, -0.4846 -0.2836 0.5157, -0.4577 -0.3252 0.5157, -0.5593 0.0495 0.5157, -0.5615 0.0 0.5157, -0.5593 -0.0495 0.5157, 0.5906 -0.315 0.0039, 0.4921 -0.4134 0.0039, 0.5906 -0.0197 0.0039, 0.4921 -0.2953 0.0039, 0.0335 -0.0197 0.0039, 0.0351 -0.0199 0.0039, -0.0073 -0.2953 0.0039, 0.0361 -0.0199 0.0039, -0.0035 -0.0151 0.0039, -0.0035 -0.0194 0.0039, -0.0073 -0.0197 0.0039, 0.0176 -0.0194 0.0039, 0.4921 0.4134 0.0039, 0.5906 0.315 0.0039, 0.4921 0.2953 0.0039, -0.0025 0.0156 0.0039, 0.0123 0.0156 0.0039, 0.0123 0.0027 0.0039, 0.0253 -0.0174 0.0039, 0.0253 -0.0131 0.0039, 0.0176 0.0199 0.0039, 0.0123 -0.0017 0.0039, 0.0123 -0.0151 0.0039, -0.0016 -0.0017 0.0039, -0.0016 0.0027 0.0039, 0.0781 -0.0194 0.0039, 0.0385 -0.0197 0.0039, 0.058 -0.0194 0.0039, 0.041 -0.0194 0.0039, 0.0448 -0.0181 0.0039, -0.0025 0.0199 0.0039, -0.0073 0.2953 0.0039, 0.0384 0.0157 0.0039, 0.0413 0.0146 0.0039, 0.026 -0.0135 0.0039, 0.0441 0.0128 0.0039, 0.0464 0.0101 0.0039, 0.0493 -0.0002 0.0039, 0.0489 -0.0044 0.0039, 0.0478 -0.0078 0.0039, 0.0391 -0.0152 0.0039, 0.0354 -0.0156 0.0039, 0.042 -0.0141 0.0039, 0.0444 -0.0125 0.0039, 0.0462 -0.0105 0.0039, 0.0302 -0.015 0.0039, 0.0525 0.0096 0.0039, 0.0502 0.0132 0.0039, 0.0728 0.0199 0.0039, 0.0481 0.0071 0.0039, 0.0491 0.0029 0.0039, 0.0467 0.0167 0.0039, 0.0781 0.0199 0.0039, 0.048 -0.0161 0.0039, 0.0509 -0.013 0.0039, 0.058 -0.0151 0.0039, 0.053 -0.0092 0.0039, 0.0728 -0.0151 0.0039, 0.0542 -0.005 0.0039, 0.0546 -0.0005 0.0039, 0.054 0.0051 0.0039, 0.0429 0.0188 0.0039, 0.0385 0.0201 0.0039, 0.0346 0.0204 0.0039, 0.0299 0.0201 0.0039, 0.0253 0.0189 0.0039, 0.0253 0.0136 0.0039, 0.0297 0.0155 0.0039, 0.0345 0.0161 0.0039, -0.0515 -0.0194 0.0039, -0.0458 -0.0194 0.0039, -0.5906 -0.0197 0.0039, -0.5906 0.315 0.0039, -0.4921 0.2953 0.0039, -0.4921 0.4134 0.0039, -0.0409 -0.0086 0.0039, -0.0386 -0.0122 0.0039, -0.0354 -0.0153 0.0039, -0.0313 -0.0177 0.0039, -0.0606 0.0199 0.0039, -0.0659 0.0199 0.0039, -0.0813 -0.0194 0.0039, -0.0755 -0.0194 0.0039, -0.0715 -0.0084 0.0039, -0.0553 -0.0084 0.0039, -0.0112 0.0199 0.0039, -0.0223 0.0199 0.0039, -0.0369 0.0148 0.0039, -0.0397 0.0117 0.0039, -0.0415 0.0083 0.0039, -0.0268 -0.019 0.0039, -0.0219 -0.0194 0.0039, -0.0112 -0.0194 0.0039, -0.028 0.0193 0.0039, -0.0326 0.0177 0.0039, -0.0369 0.0148 0.0039, -0.0426 0.0045 0.0039, -0.0429 0.0007 0.0039, -0.0423 -0.0045 0.0039, -0.4921 -0.4134 0.0039, -0.5906 -0.315 0.0039, -0.4921 -0.2953 0.0039, 0.0295 -0.0191 0.0039, -0.4921 -0.5118 0.5945, -0.4921 -0.4134 0.5945, 0.4921 -0.5118 0.5157, 0.4921 -0.4134 0.5157, 0.4921 -0.5118 0.5945, 0.4921 -0.4134 0.5945, 0.5906 -0.315 0.5945, 0.5906 -0.315 0.5157, 0.5906 0.315 0.5945, 0.5906 0.315 0.5157, 0.4921 0.4134 0.5945, 0.4921 0.4134 0.5157, 0.4921 0.5118 0.5945, 0.4921 0.5118 0.5157, -0.4921 0.5118 0.5945, -0.4921 0.4134 0.5945, -0.5906 0.315 0.5945, -0.5906 -0.315 0.5945, 0.4273 0.3642 0.5157, 0.3935 0.4005 0.5157, 0.3567 0.4336 0.5157, 0.3171 -0.4633 0.5157, 0.2751 -0.4895 0.5157, 0.2309 -0.5118 0.5157, 0.3171 0.4633 0.5157, 0.2751 0.4895 0.5157, 0.2309 0.5118 0.5157, 0.5527 0.0986 0.5157, 0.5419 0.1469 0.5157, 0.5269 0.1941 0.5157, 0.3567 -0.4336 0.5157, 0.3935 -0.4005 0.5157, 0.5077 0.2397 0.5157, 0.4846 0.2836 0.5157, 0.4577 0.3252 0.5157, 0.5077 -0.2397 0.5157, 0.5269 -0.1941 0.5157, 0.5419 -0.1469 0.5157, 0.5527 -0.0986 0.5157, 0.4273 -0.3642 0.5157, 0.4577 -0.3252 0.5157, 0.4846 -0.2836 0.5157, 0.5593 -0.0495 0.5157, 0.5615 0.0 0.5157, 0.5593 0.0495 0.5157
            ]
        }
        coordIndex [
            0,1,2,-1,2,1,3,-1,2,3,4,-1,4,5,2,-1,2,5,6,-1,2,6,7,-1,8,9,10,-1,10,9,11,-1,10,11,12,-1,13,14,15,-1,15,14,16,-1,17,18,19,-1,19,18,20,-1,16,21,15,-1,15,21,22,-1,15,22,23,-1,22,24,23,-1,23,24,25,-1,23,25,10,-1,10,25,26,-1,10,26,8,-1,17,27,18,-1,18,27,28,-1,18,28,0,-1,0,28,29,-1,0,29,1,-1,12,30,10,-1,10,30,31,-1,10,31,18,-1,18,31,32,-1,18,32,20,-1,33,34,35,-1,35,34,36,-1,37,38,39,-1,39,38,36,-1,36,38,40,-1,36,40,35,-1,41,42,43,-1,43,42,44,-1,45,46,47,-1,47,46,35,-1,48,49,50,-1,51,44,52,-1,52,44,53,-1,54,55,56,-1,56,55,41,-1,56,41,57,-1,58,59,60,-1,60,59,61,-1,60,61,62,-1,50,57,48,-1,48,57,41,-1,48,41,63,-1,63,41,64,-1,63,64,53,-1,65,66,67,-1,67,66,68,-1,67,68,69,-1,70,71,67,-1,67,71,72,-1,73,74,75,-1,75,74,76,-1,72,77,67,-1,67,77,76,-1,67,76,78,-1,78,76,74,-1,79,80,81,-1,69,82,67,-1,67,82,83,-1,67,83,70,-1,80,84,81,-1,81,84,64,-1,81,64,85,-1,85,64,47,-1,85,47,58,-1,58,47,35,-1,58,35,59,-1,59,35,40,-1,62,86,60,-1,60,86,87,-1,60,87,88,-1,88,87,89,-1,88,89,90,-1,89,91,90,-1,90,91,92,-1,90,92,81,-1,81,92,93,-1,81,93,79,-1,84,94,64,-1,64,94,95,-1,64,95,96,-1,96,97,64,-1,64,97,98,-1,64,98,53,-1,53,98,99,-1,53,99,52,-1,52,99,100,-1,52,100,67,-1,67,100,101,-1,67,101,65,-1,102,103,43,-1,104,105,106,-1,106,105,107,-1,108,109,103,-1,103,109,110,-1,103,110,111,-1,64,112,106,-1,106,112,113,-1,106,113,104,-1,104,113,114,-1,104,114,43,-1,43,114,115,-1,43,115,102,-1,102,115,116,-1,102,116,117,-1,41,43,64,-1,64,43,118,-1,64,118,119,-1,120,121,112,-1,112,121,122,-1,111,123,103,-1,103,123,124,-1,103,124,43,-1,43,124,125,-1,43,125,118,-1,119,126,64,-1,64,126,127,-1,64,127,112,-1,112,127,128,-1,112,128,120,-1,122,129,112,-1,112,129,130,-1,112,130,103,-1,103,130,131,-1,103,131,108,-1,132,133,134,-1,134,133,104,-1,134,104,39,-1,39,104,43,-1,39,43,37,-1,37,43,44,-1,37,44,135,-1,135,44,51,-1,136,137,2,-1,2,137,0,-1,138,139,140,-1,140,139,141,-1,142,141,143,-1,143,141,139,-1,144,142,145,-1,145,142,143,-1,146,144,147,-1,147,144,145,-1,148,146,149,-1,149,146,147,-1,15,23,150,-1,150,23,151,-1,152,151,10,-1,10,151,23,-1,153,152,18,-1,18,152,10,-1,137,153,0,-1,0,153,18,-1,151,152,153,-1,141,142,144,-1,146,148,150,-1,137,136,140,-1,140,141,137,-1,137,141,144,-1,137,144,153,-1,153,144,146,-1,153,146,151,-1,151,146,150,-1,147,154,149,-1,149,154,155,-1,149,155,156,-1,157,138,158,-1,158,138,159,-1,156,160,149,-1,149,160,161,-1,149,161,162,-1,163,164,145,-1,145,164,165,-1,157,166,138,-1,138,166,167,-1,138,167,139,-1,165,168,145,-1,145,168,169,-1,145,169,147,-1,147,169,170,-1,147,170,154,-1,171,172,143,-1,143,172,173,-1,143,173,174,-1,167,175,139,-1,139,175,176,-1,139,176,143,-1,143,176,177,-1,143,177,171,-1,174,178,143,-1,143,178,179,-1,143,179,145,-1,145,179,180,-1,145,180,163,-1,
        ]
    }
}
Shape{
    appearance Appearance {
        material  Material 	{
            diffuseColor 0.25098039215686274 0.25098039215686274 0.25098039215686274
            specularColor 0.12549019607843137 0.12549019607843137 0.12549019607843137
            ambientIntensity 0.251
            transparency 0.0
            shininess 0.5
        }
    }
    geometry IndexedFaceSet {
        ccw TRUE
        solid FALSE
        coord DEF co Coordinate {
            point [
                0.0394 0.4504 0.1561, 0.0 0.4521 0.1561, 0.0 0.4391 0.1936, 0.4467 0.0 0.4282, 0.4466 0.0 0.4279, 0.4447 0.0412 0.4279, 0.4521 0.0 0.4423, 0.4504 0.0398 0.4423, 0.4501 0.0417 0.4423, 0.4451 0.0794 0.4423, 0.439 0.0821 0.4279, 0.4443 0.083 0.4423, 0.4364 0.1183 0.4423, 0.4295 0.1222 0.4279, 0.4347 0.1237 0.4423, 0.4243 0.1563 0.4423, 0.4164 0.1613 0.4279, 0.4214 0.1632 0.4423, 0.4088 0.1931 0.4423, 0.3998 0.1991 0.4279, 0.4045 0.2014 0.4423, 0.3902 0.2283 0.4423, 0.3797 0.2351 0.4279, 0.3841 0.2378 0.4423, 0.3686 0.2618 0.4423, 0.3564 0.2691 0.4279, 0.3605 0.2722 0.4423, 0.3441 0.2933 0.4423, 0.33 0.3009 0.4279, 0.3338 0.3043 0.4423, 0.3169 0.3225 0.4423, 0.3009 0.33 0.4279, 0.3043 0.3338 0.4423, 0.2873 0.3492 0.4423, 0.2691 0.3564 0.4279, 0.2722 0.3605 0.4423, 0.2554 0.3731 0.4423, 0.2351 0.3797 0.4279, 0.2378 0.384 0.4423, 0.1991 0.3998 0.4279, 0.1613 0.4164 0.4279, 0.1652 0.4212 0.4431, 0.1859 0.4121 0.4423, 0.2013 0.4043 0.4423, 0.2215 0.3942 0.4423, 0.1212 0.4382 0.4483, 0.1243 0.4371 0.4479, 0.1222 0.4295 0.4279, 0.1435 0.43 0.4452, 0.1635 0.4219 0.4433, 0.0985 0.4455 0.4521, 0.0821 0.439 0.4279, 0.084 0.4495 0.4545, 0.0389 0.4586 0.4607, 0.0424 0.458 0.4603, 0.0412 0.4447 0.4279, 0.0593 0.4552 0.4583, 0.0805 0.4505 0.455, 0.0 0.4466 0.4279, 0.0 0.4467 0.4282, 0.0193 0.4606 0.4623, 0.0 0.4612 0.4628, 0.4504 0.0394 0.1561, 0.4501 0.0417 0.1561, 0.4372 0.0405 0.1936, 0.4453 0.0785 0.1561, 0.4316 0.0807 0.1936, 0.4443 0.083 0.1561, 0.4367 0.117 0.1561, 0.4223 0.1202 0.1936, 0.4346 0.1237 0.1561, 0.4249 0.1546 0.1561, 0.4094 0.1586 0.1936, 0.4213 0.1632 0.1561, 0.4098 0.1911 0.1561, 0.393 0.1957 0.1936, 0.4044 0.2014 0.1561, 0.3916 0.2261 0.1561, 0.3733 0.2311 0.1936, 0.3841 0.2378 0.1561, 0.3704 0.2593 0.1561, 0.3504 0.2646 0.1936, 0.3605 0.2722 0.1561, 0.3464 0.2906 0.1561, 0.3245 0.2958 0.1936, 0.3338 0.3043 0.1561, 0.3197 0.3197 0.1561, 0.2958 0.3245 0.1936, 0.3043 0.3338 0.1561, 0.2906 0.3464 0.1561, 0.2646 0.3504 0.1936, 0.2722 0.3605 0.1561, 0.2593 0.3704 0.1561, 0.2311 0.3733 0.1936, 0.2378 0.3841 0.1561, 0.2261 0.3916 0.1561, 0.1957 0.393 0.1936, 0.2014 0.4044 0.1561, 0.1911 0.4098 0.1561, 0.1586 0.4094 0.1936, 0.1632 0.4213 0.1561, 0.1546 0.4249 0.1561, 0.1202 0.4223 0.1936, 0.1237 0.4346 0.1561, 0.117 0.4367 0.1561, 0.0807 0.4316 0.1936, 0.0417 0.4501 0.1561, 0.0405 0.4372 0.1936, 0.0785 0.4453 0.1561, 0.083 0.4443 0.1561, 0.4521 0.0 0.1561, 0.4391 0.0 0.1936, 0.4391 0.0 0.1936, 0.43 0.0 0.2323, 0.0397 0.4282 0.2323, 0.079 0.4227 0.2323, 0.1177 0.4136 0.2323, 0.1553 0.401 0.2323, 0.1917 0.3849 0.2323, 0.2264 0.3656 0.2323, 0.2591 0.3431 0.2323, 0.2897 0.3178 0.2323, 0.3178 0.2897 0.2323, 0.3431 0.2591 0.2323, 0.3656 0.2264 0.2323, 0.3849 0.1917 0.2323, 0.401 0.1553 0.2323, 0.4136 0.1177 0.2323, 0.4227 0.079 0.2323, 0.4282 0.0397 0.2323, 0.0 0.4391 0.1936, 0.0 0.43 0.2323, 0.0 0.425 0.2716, 0.0392 0.4232 0.2716, 0.0781 0.4178 0.2716, 0.1163 0.4088 0.2716, 0.1535 0.3963 0.2716, 0.1895 0.3805 0.2716, 0.2237 0.3614 0.2716, 0.2561 0.3392 0.2716, 0.2863 0.3141 0.2716, 0.3141 0.2863 0.2716, 0.3392 0.2561 0.2716, 0.3614 0.2237 0.2716, 0.3805 0.1895 0.2716, 0.3963 0.1535 0.2716, 0.4088 0.1163 0.2716, 0.4178 0.0781 0.2716, 0.4232 0.0392 0.2716, 0.425 0.0 0.2718, 0.0 0.4242 0.3113, 0.0391 0.4224 0.3113, 0.0779 0.417 0.3113, 0.1161 0.408 0.3113, 0.1532 0.3956 0.3113, 0.1891 0.3797 0.3113, 0.2233 0.3607 0.3113, 0.2556 0.3385 0.3113, 0.2858 0.3135 0.3113, 0.3135 0.2858 0.3113, 0.3385 0.2556 0.3113, 0.3607 0.2233 0.3113, 0.3797 0.1891 0.3113, 0.3956 0.1532 0.3113, 0.408 0.1161 0.3113, 0.417 0.0779 0.3113, 0.4224 0.0391 0.3113, 0.4242 0.0 0.3115, 0.0 0.4276 0.3509, 0.0395 0.4257 0.3509, 0.0786 0.4203 0.3509, 0.117 0.4112 0.3509, 0.1545 0.3987 0.3509, 0.1906 0.3827 0.3509, 0.2251 0.3635 0.3509, 0.2577 0.3412 0.3509, 0.2881 0.316 0.3509, 0.316 0.2881 0.3509, 0.3412 0.2577 0.3509, 0.3635 0.2251 0.3509, 0.3827 0.1906 0.3509, 0.3987 0.1545 0.3509, 0.4112 0.117 0.3509, 0.4203 0.0786 0.3509, 0.4257 0.0395 0.3509, 0.4276 0.0 0.3511, 0.0 0.4351 0.3899, 0.0401 0.4332 0.3899, 0.0799 0.4276 0.3899, 0.1191 0.4184 0.3899, 0.1572 0.4057 0.3899, 0.1939 0.3894 0.3899, 0.229 0.3699 0.3899, 0.2622 0.3472 0.3899, 0.2931 0.3215 0.3899, 0.3215 0.2931 0.3899, 0.3472 0.2622 0.3899, 0.3699 0.229 0.3899, 0.3894 0.1939 0.3899, 0.4057 0.1572 0.3899, 0.4184 0.1191 0.3899, 0.4276 0.0799 0.3899, 0.4332 0.0401 0.3899, 0.4351 0.0 0.3902, 0.4446 -0.0429 0.4282, -0.0418 0.4331 0.3902, 0.437 -0.0422 0.1936, 0.4364 -0.1183 0.4423, 0.4331 -0.1285 0.4423, 0.4282 -0.1271 0.4282, 0.1035 -0.444 0.4512, 0.1015 -0.4446 0.4516, 0.0994 -0.4355 0.4282, 0.0634 -0.4544 0.4577, 0.0587 -0.4552 0.4583, 0.0571 -0.443 0.4282, -0.4504 -0.0398 0.4423, -0.4509 -0.029 0.4423, -0.4458 -0.0286 0.4282, -0.2554 0.3731 0.4423, -0.2465 0.3786 0.4423, -0.2437 0.3744 0.4282, -0.0442 0.4578 0.4602, -0.0437 0.4579 0.4602, -0.0429 0.4446 0.4282, -0.0276 0.4599 0.4617, -0.0092 0.4611 0.4627, -0.0634 0.4544 0.4577, -0.0854 0.4384 0.4282, -0.0833 0.4498 0.4546, -0.1292 0.4353 0.4472, -0.1239 0.4373 0.4479, -0.1271 0.4282 0.4282, -0.1035 0.444 0.4512, -0.0874 0.4486 0.4539, -0.1676 0.414 0.4282, -0.1697 0.4192 0.4429, -0.1651 0.4213 0.4431, -0.1444 0.4297 0.4451, -0.2066 0.396 0.4282, -0.2215 0.3942 0.4423, -0.2089 0.4005 0.4423, -0.1859 0.4121 0.4423, -0.2818 0.3533 0.4423, -0.2785 0.3492 0.4282, -0.2873 0.3492 0.4423, -0.3108 0.3209 0.4282, -0.3145 0.3247 0.4423, -0.3169 0.3225 0.4423, -0.3401 0.2896 0.4282, -0.3441 0.2933 0.4423, -0.3686 0.2618 0.4423, -0.3664 0.2556 0.4282, -0.3707 0.2586 0.4423, -0.3902 0.2283 0.4423, -0.3892 0.2192 0.4282, -0.3937 0.2217 0.4423, -0.4088 0.1931 0.4423, -0.4085 0.1808 0.4282, -0.4131 0.1829 0.4423, -0.4243 0.1563 0.4423, -0.4239 0.1408 0.4282, -0.4287 0.1423 0.4423, -0.4364 0.1183 0.4423, -0.4355 0.0994 0.4282, -0.4404 0.1005 0.4423, -0.443 0.0571 0.4282, -0.448 0.0578 0.4423, -0.4451 0.0794 0.4423, -0.4465 0.0143 0.4282, -0.4521 0.0 0.4423, -0.4515 0.0145 0.4423, -0.4504 0.0398 0.4423, -0.4461 -0.0721 0.4423, -0.441 -0.0713 0.4282, -0.4451 -0.0794 0.4423, -0.4321 -0.1133 0.4282, -0.4372 -0.1147 0.4423, -0.4364 -0.1183 0.4423, -0.4192 -0.1543 0.4282, -0.4243 -0.1563 0.4423, -0.4088 -0.1931 0.4423, -0.4024 -0.1938 0.4282, -0.4072 -0.1961 0.4423, -0.3902 -0.2283 0.4423, -0.382 -0.2316 0.4282, -0.3864 -0.2342 0.4423, -0.3686 -0.2618 0.4423, -0.358 -0.2672 0.4282, -0.3621 -0.2702 0.4423, -0.3441 -0.2933 0.4423, -0.3307 -0.3003 0.4282, -0.3344 -0.3037 0.4423, -0.3169 -0.3225 0.4423, -0.3003 -0.3307 0.4282, -0.3037 -0.3344 0.4423, -0.2873 -0.3492 0.4423, -0.2672 -0.358 0.4282, -0.2702 -0.362 0.4423, -0.2316 -0.382 0.4282, -0.2342 -0.3863 0.4423, -0.2554 -0.3731 0.4423, -0.1543 -0.4192 0.4282, -0.1563 -0.4248 0.444, -0.1685 -0.4198 0.4429, -0.1938 -0.4024 0.4282, -0.1859 -0.4121 0.4423, -0.196 -0.407 0.4423, -0.2215 -0.3942 0.4423, -0.1133 -0.4321 0.4282, -0.1247 -0.437 0.4478, -0.1469 -0.4287 0.4448, -0.0731 -0.4522 0.4562, -0.0932 -0.447 0.4529, -0.0713 -0.441 0.4282, -0.1018 -0.4445 0.4515, -0.1154 -0.44 0.4493, -0.0295 -0.4597 0.4615, -0.0305 -0.4596 0.4615, -0.0286 -0.4458 0.4282, -0.0506 -0.4568 0.4594, -0.0714 -0.4527 0.4565, 0.0143 -0.4465 0.4282, 0.0083 -0.4611 0.4627, -0.011 -0.461 0.4626, 0.0437 -0.4579 0.4602, 0.0276 -0.4599 0.4617, 0.0148 -0.4607 0.4624, 0.0833 -0.4498 0.4546, 0.1651 -0.4213 0.4431, 0.1408 -0.4239 0.4282, 0.183 -0.4134 0.4424, 0.1808 -0.4085 0.4282, 0.1859 -0.4121 0.4423, 0.1444 -0.4297 0.4451, 0.1428 -0.4302 0.4453, 0.1239 -0.4373 0.4479, 0.2215 -0.3942 0.4423, 0.2192 -0.3892 0.4282, 0.2219 -0.3939 0.4423, 0.2554 -0.3731 0.4423, 0.2556 -0.3664 0.4282, 0.2586 -0.3707 0.4423, 0.2873 -0.3492 0.4423, 0.2896 -0.3401 0.4282, 0.2929 -0.3441 0.4423, 0.3169 -0.3225 0.4423, 0.3209 -0.3108 0.4282, 0.3245 -0.3143 0.4423, 0.3441 -0.2933 0.4423, 0.3492 -0.2785 0.4282, 0.3532 -0.2816 0.4423, 0.3686 -0.2618 0.4423, 0.3744 -0.2437 0.4282, 0.3786 -0.2464 0.4423, 0.396 -0.2066 0.4282, 0.4005 -0.2089 0.4423, 0.3902 -0.2283 0.4423, 0.414 -0.1676 0.4282, 0.4243 -0.1563 0.4423, 0.4187 -0.1695 0.4423, 0.4088 -0.1931 0.4423, 0.4435 -0.0864 0.4423, 0.4384 -0.0854 0.4282, 0.4451 -0.0794 0.4423, 0.4499 -0.0434 0.4423, 0.4504 -0.0398 0.4423, -0.0422 0.437 0.1936, -0.0394 0.4504 0.1561, -0.0434 0.4499 0.1561, -0.0785 0.4453 0.1561, -0.0839 0.431 0.1936, -0.0864 0.4435 0.1561, -0.117 0.4367 0.1561, -0.1249 0.4209 0.1936, -0.1285 0.4331 0.1561, -0.1546 0.4249 0.1561, -0.1648 0.407 0.1936, -0.1695 0.4187 0.1561, -0.1911 0.4098 0.1561, -0.2031 0.3893 0.1936, -0.2089 0.4005 0.1561, -0.2261 0.3916 0.1561, -0.2395 0.368 0.1936, -0.2464 0.3786 0.1561, -0.2593 0.3704 0.1561, -0.2737 0.3433 0.1936, -0.2817 0.3532 0.1561, -0.2906 0.3464 0.1561, -0.3054 0.3154 0.1936, -0.3442 0.293 0.1561, -0.3343 0.2846 0.1936, -0.3197 0.3197 0.1561, -0.3144 0.3246 0.1561, -0.3464 0.2906 0.1561, -0.3704 0.2593 0.1561, -0.3601 0.2512 0.1936, -0.3708 0.2587 0.1561, -0.3916 0.2261 0.1561, -0.3826 0.2154 0.1936, -0.3938 0.2218 0.1561, -0.4098 0.1911 0.1561, -0.4015 0.1777 0.1936, -0.4132 0.1829 0.1561, -0.4249 0.1546 0.1561, -0.4167 0.1383 0.1936, -0.4287 0.1424 0.1561, -0.4367 0.117 0.1561, -0.428 0.0977 0.1936, -0.4404 0.1005 0.1561, -0.4453 0.0785 0.1561, -0.4354 0.0561 0.1936, -0.448 0.0578 0.1561, -0.4504 0.0394 0.1561, -0.4388 0.0141 0.1936, -0.4515 0.0145 0.1561, -0.4521 0.0 0.1561, -0.4381 -0.0281 0.1936, -0.4509 -0.029 0.1561, -0.4504 -0.0394 0.1561, -0.4334 -0.0701 0.1936, -0.4373 -0.1147 0.1561, -0.4247 -0.1114 0.1936, -0.4453 -0.0785 0.1561, -0.4461 -0.0721 0.1561, -0.4367 -0.117 0.1561, -0.4249 -0.1546 0.1561, -0.412 -0.1516 0.1936, -0.4243 -0.1561 0.1561, -0.4098 -0.1911 0.1561, -0.3956 -0.1905 0.1936, -0.4072 -0.1961 0.1561, -0.3916 -0.2261 0.1561, -0.3755 -0.2276 0.1936, -0.3864 -0.2342 0.1561, -0.3704 -0.2593 0.1561, -0.3519 -0.2626 0.1936, -0.362 -0.2702 0.1561, -0.3464 -0.2906 0.1561, -0.325 -0.2952 0.1936, -0.3344 -0.3037 0.1561, -0.3197 -0.3197 0.1561, -0.2952 -0.325 0.1936, -0.3037 -0.3344 0.1561, -0.2906 -0.3464 0.1561, -0.2626 -0.3519 0.1936, -0.2702 -0.362 0.1561, -0.2593 -0.3704 0.1561, -0.2276 -0.3755 0.1936, -0.2342 -0.3864 0.1561, -0.2261 -0.3916 0.1561, -0.1905 -0.3956 0.1936, -0.1961 -0.4072 0.1561, -0.1911 -0.4098 0.1561, -0.1516 -0.412 0.1936, -0.117 -0.4367 0.1561, -0.1114 -0.4247 0.1936, -0.1546 -0.4249 0.1561, -0.1561 -0.4243 0.1561, -0.1147 -0.4373 0.1561, -0.0785 -0.4453 0.1561, -0.0701 -0.4334 0.1936, -0.0721 -0.4461 0.1561, -0.0394 -0.4504 0.1561, -0.0281 -0.4381 0.1936, -0.029 -0.4509 0.1561, 0.0 -0.4521 0.1561, 0.0141 -0.4388 0.1936, 0.0145 -0.4515 0.1561, 0.0394 -0.4504 0.1561, 0.0561 -0.4354 0.1936, 0.0578 -0.448 0.1561, 0.0785 -0.4453 0.1561, 0.0977 -0.428 0.1936, 0.1005 -0.4404 0.1561, 0.117 -0.4367 0.1561, 0.1383 -0.4167 0.1936, 0.1424 -0.4287 0.1561, 0.1546 -0.4249 0.1561, 0.1777 -0.4015 0.1936, 0.1829 -0.4132 0.1561, 0.1911 -0.4098 0.1561, 0.2154 -0.3826 0.1936, 0.2218 -0.3938 0.1561, 0.2261 -0.3916 0.1561, 0.2512 -0.3601 0.1936, 0.2906 -0.3464 0.1561, 0.2846 -0.3343 0.1936, 0.2593 -0.3704 0.1561, 0.2587 -0.3708 0.1561, 0.293 -0.3442 0.1561, 0.3197 -0.3197 0.1561, 0.3154 -0.3054 0.1936, 0.3246 -0.3144 0.1561, 0.3464 -0.2906 0.1561, 0.3433 -0.2737 0.1936, 0.3532 -0.2817 0.1561, 0.3704 -0.2593 0.1561, 0.368 -0.2395 0.1936, 0.3786 -0.2464 0.1561, 0.3916 -0.2261 0.1561, 0.3893 -0.2031 0.1936, 0.4005 -0.2089 0.1561, 0.4098 -0.1911 0.1561, 0.407 -0.1648 0.1936, 0.4187 -0.1695 0.1561, 0.4249 -0.1546 0.1561, 0.4209 -0.1249 0.1936, 0.4331 -0.1285 0.1561, 0.4367 -0.117 0.1561, 0.431 -0.0839 0.1936, 0.4435 -0.0864 0.1561, 0.4453 -0.0785 0.1561, 0.4504 -0.0394 0.1561, 0.4499 -0.0434 0.1561, 0.428 -0.0413 0.2323, 0.422 -0.0822 0.2323, 0.4122 -0.1223 0.2323, 0.3986 -0.1614 0.2323, 0.3812 -0.1989 0.2323, 0.3604 -0.2346 0.2323, 0.3362 -0.2681 0.2323, 0.3089 -0.2991 0.2323, 0.2787 -0.3274 0.2323, 0.246 -0.3527 0.2323, 0.211 -0.3746 0.2323, 0.174 -0.3932 0.2323, 0.1355 -0.4081 0.2323, 0.0957 -0.4192 0.2323, 0.055 -0.4264 0.2323, 0.0138 -0.4298 0.2323, -0.0275 -0.4291 0.2323, -0.0686 -0.4245 0.2323, -0.1091 -0.4159 0.2323, -0.1485 -0.4035 0.2323, -0.1866 -0.3874 0.2323, -0.2229 -0.3677 0.2323, -0.2572 -0.3446 0.2323, -0.2891 -0.3183 0.2323, -0.3183 -0.2891 0.2323, -0.3446 -0.2572 0.2323, -0.3677 -0.2229 0.2323, -0.3874 -0.1866 0.2323, -0.4035 -0.1485 0.2323, -0.4159 -0.1091 0.2323, -0.4245 -0.0686 0.2323, -0.4291 -0.0275 0.2323, -0.4298 0.0138 0.2323, -0.4264 0.055 0.2323, -0.4192 0.0957 0.2323, -0.4081 0.1355 0.2323, -0.3932 0.174 0.2323, -0.3746 0.211 0.2323, -0.3527 0.246 0.2323, -0.3274 0.2787 0.2323, -0.2991 0.3089 0.2323, -0.2681 0.3362 0.2323, -0.2346 0.3604 0.2323, -0.1989 0.3812 0.2323, -0.1614 0.3986 0.2323, -0.1223 0.4122 0.2323, -0.0822 0.422 0.2323, -0.0413 0.428 0.2323, 0.4231 -0.0408 0.2718, 0.4172 -0.0812 0.2718, 0.4074 -0.1209 0.2718, 0.394 -0.1595 0.2718, 0.3768 -0.1966 0.2718, 0.3562 -0.2319 0.2718, 0.3323 -0.265 0.2718, 0.3053 -0.2957 0.2718, 0.2755 -0.3236 0.2718, 0.2432 -0.3486 0.2718, 0.2086 -0.3703 0.2718, 0.172 -0.3886 0.2718, 0.1339 -0.4034 0.2718, 0.0946 -0.4144 0.2718, 0.0543 -0.4215 0.2718, 0.0136 -0.4248 0.2718, -0.0272 -0.4241 0.2718, -0.0678 -0.4196 0.2718, -0.1078 -0.4111 0.2718, -0.1468 -0.3989 0.2718, -0.1844 -0.3829 0.2718, -0.2203 -0.3634 0.2718, -0.2542 -0.3406 0.2718, -0.2857 -0.3146 0.2718, -0.3146 -0.2857 0.2718, -0.3406 -0.2542 0.2718, -0.3634 -0.2203 0.2718, -0.3829 -0.1844 0.2718, -0.3989 -0.1468 0.2718, -0.4111 -0.1078 0.2718, -0.4196 -0.0678 0.2718, -0.4241 -0.0272 0.2718, -0.4248 0.0136 0.2718, -0.4215 0.0543 0.2718, -0.4144 0.0946 0.2718, -0.4034 0.1339 0.2718, -0.3886 0.172 0.2718, -0.3703 0.2086 0.2718, -0.3486 0.2432 0.2718, -0.3236 0.2755 0.2718, -0.2957 0.3053 0.2718, -0.265 0.3323 0.2718, -0.2319 0.3562 0.2718, -0.1966 0.3768 0.2718, -0.1595 0.394 0.2718, -0.1209 0.4074 0.2718, -0.0812 0.4172 0.2718, -0.0408 0.4231 0.2718, 0.4223 -0.0407 0.3115, 0.4164 -0.0811 0.3115, 0.4067 -0.1207 0.3115, 0.3932 -0.1592 0.3115, 0.3761 -0.1962 0.3115, 0.3555 -0.2314 0.3115, 0.3317 -0.2645 0.3115, 0.3047 -0.2951 0.3115, 0.275 -0.323 0.3115, 0.2427 -0.3479 0.3115, 0.2082 -0.3696 0.3115, 0.1717 -0.3879 0.3115, 0.1337 -0.4026 0.3115, 0.0944 -0.4136 0.3115, 0.0542 -0.4207 0.3115, 0.0136 -0.424 0.3115, -0.0272 -0.4233 0.3115, -0.0677 -0.4188 0.3115, -0.1076 -0.4103 0.3115, -0.1465 -0.3981 0.3115, -0.1841 -0.3822 0.3115, -0.2199 -0.3628 0.3115, -0.2537 -0.34 0.3115, -0.2852 -0.314 0.3115, -0.314 -0.2852 0.3115, -0.34 -0.2537 0.3115, -0.3628 -0.2199 0.3115, -0.3822 -0.1841 0.3115, -0.3981 -0.1465 0.3115, -0.4103 -0.1076 0.3115, -0.4188 -0.0677 0.3115, -0.4233 -0.0272 0.3115, -0.424 0.0136 0.3115, -0.4207 0.0542 0.3115, -0.4136 0.0944 0.3115, -0.4026 0.1337 0.3115, -0.3879 0.1717 0.3115, -0.3696 0.2082 0.3115, -0.3479 0.2427 0.3115, -0.323 0.275 0.3115, -0.2951 0.3047 0.3115, -0.2645 0.3317 0.3115, -0.2314 0.3555 0.3115, -0.1962 0.3761 0.3115, -0.1592 0.3932 0.3115, -0.1207 0.4067 0.3115, -0.0811 0.4164 0.3115, -0.0407 0.4223 0.3115, 0.4256 -0.0411 0.3511, 0.4197 -0.0817 0.3511, 0.4099 -0.1217 0.3511, 0.3963 -0.1605 0.3511, 0.3791 -0.1978 0.3511, 0.3584 -0.2333 0.3511, 0.3343 -0.2666 0.3511, 0.3072 -0.2975 0.3511, 0.2772 -0.3256 0.3511, 0.2446 -0.3507 0.3511, 0.2098 -0.3726 0.3511, 0.1731 -0.391 0.3511, 0.1347 -0.4058 0.3511, 0.0951 -0.4169 0.3511, 0.0547 -0.4241 0.3511, 0.0137 -0.4274 0.3511, -0.0274 -0.4267 0.3511, -0.0682 -0.4221 0.3511, -0.1085 -0.4136 0.3511, -0.1477 -0.4013 0.3511, -0.1855 -0.3853 0.3511, -0.2217 -0.3657 0.3511, -0.2558 -0.3427 0.3511, -0.2875 -0.3165 0.3511, -0.3165 -0.2875 0.3511, -0.3427 -0.2558 0.3511, -0.3657 -0.2217 0.3511, -0.3853 -0.1855 0.3511, -0.4013 -0.1477 0.3511, -0.4136 -0.1085 0.3511, -0.4221 -0.0682 0.3511, -0.4267 -0.0274 0.3511, -0.4274 0.0137 0.3511, -0.4241 0.0547 0.3511, -0.4169 0.0951 0.3511, -0.4058 0.1347 0.3511, -0.391 0.1731 0.3511, -0.3726 0.2098 0.3511, -0.3507 0.2446 0.3511, -0.3256 0.2772 0.3511, -0.2975 0.3072 0.3511, -0.2666 0.3343 0.3511, -0.2333 0.3584 0.3511, -0.1978 0.3791 0.3511, -0.1605 0.3963 0.3511, -0.1217 0.4099 0.3511, -0.0817 0.4197 0.3511, -0.0411 0.4256 0.3511, 0.4331 -0.0418 0.3902, 0.4271 -0.0832 0.3902, 0.4171 -0.1238 0.3902, 0.4033 -0.1633 0.3902, 0.3858 -0.2013 0.3902, 0.3647 -0.2374 0.3902, 0.3402 -0.2713 0.3902, 0.3126 -0.3027 0.3902, 0.2821 -0.3313 0.3902, 0.2489 -0.3569 0.3902, 0.2135 -0.3791 0.3902, 0.1761 -0.3979 0.3902, 0.1371 -0.4129 0.3902, 0.0968 -0.4242 0.3902, 0.0556 -0.4315 0.3902, 0.0139 -0.4349 0.3902, -0.0279 -0.4342 0.3902, -0.0694 -0.4295 0.3902, -0.1104 -0.4209 0.3902, -0.1503 -0.4083 0.3902, -0.1888 -0.392 0.3902, -0.2256 -0.3721 0.3902, -0.2602 -0.3487 0.3902, -0.2925 -0.3221 0.3902, -0.3221 -0.2925 0.3902, -0.3487 -0.2602 0.3902, -0.3721 -0.2256 0.3902, -0.392 -0.1888 0.3902, -0.4083 -0.1503 0.3902, -0.4209 -0.1104 0.3902, -0.4295 -0.0694 0.3902, -0.4342 -0.0279 0.3902, -0.4349 0.0139 0.3902, -0.4315 0.0556 0.3902, -0.4242 0.0968 0.3902, -0.4129 0.1371 0.3902, -0.3979 0.1761 0.3902, -0.3791 0.2135 0.3902, -0.3569 0.2489 0.3902, -0.3313 0.2821 0.3902, -0.3027 0.3126 0.3902, -0.2713 0.3402 0.3902, -0.2374 0.3647 0.3902, -0.2013 0.3858 0.3902, -0.1633 0.4033 0.3902, -0.1238 0.4171 0.3902, -0.0832 0.4271 0.3902
            ]
        }
        coordIndex [
            0,1,2,-1,3,4,5,-1,6,3,7,-1,7,3,5,-1,7,5,8,-1,8,5,9,-1,9,5,10,-1,9,10,11,-1,11,10,12,-1,12,10,13,-1,12,13,14,-1,14,13,15,-1,15,13,16,-1,15,16,17,-1,17,16,18,-1,18,16,19,-1,18,19,20,-1,20,19,21,-1,21,19,22,-1,21,22,23,-1,23,22,24,-1,24,22,25,-1,24,25,26,-1,26,25,27,-1,27,25,28,-1,27,28,29,-1,29,28,30,-1,30,28,31,-1,30,31,32,-1,32,31,33,-1,33,31,34,-1,33,34,35,-1,35,34,36,-1,36,34,37,-1,36,37,38,-1,39,40,41,-1,41,42,39,-1,39,42,43,-1,39,43,37,-1,37,43,44,-1,37,44,38,-1,45,46,47,-1,47,46,48,-1,47,48,40,-1,40,48,49,-1,40,49,41,-1,45,47,50,-1,50,47,51,-1,50,51,52,-1,53,54,55,-1,55,54,56,-1,55,56,51,-1,51,56,57,-1,51,57,52,-1,55,58,59,-1,53,55,60,-1,60,55,59,-1,60,59,61,-1,62,63,64,-1,64,63,65,-1,64,65,66,-1,65,67,66,-1,66,67,68,-1,66,68,69,-1,68,70,69,-1,69,70,71,-1,69,71,72,-1,71,73,72,-1,72,73,74,-1,72,74,75,-1,74,76,75,-1,75,76,77,-1,75,77,78,-1,77,79,78,-1,78,79,80,-1,78,80,81,-1,80,82,81,-1,81,82,83,-1,81,83,84,-1,83,85,84,-1,84,85,86,-1,84,86,87,-1,86,88,87,-1,87,88,89,-1,87,89,90,-1,89,91,90,-1,90,91,92,-1,90,92,93,-1,92,94,93,-1,93,94,95,-1,93,95,96,-1,95,97,96,-1,96,97,98,-1,96,98,99,-1,98,100,99,-1,99,100,101,-1,99,101,102,-1,101,103,102,-1,102,103,104,-1,102,104,105,-1,106,107,108,-1,108,107,105,-1,108,105,109,-1,109,105,104,-1,110,62,111,-1,111,62,64,-1,111,64,112,-1,112,64,113,-1,107,114,105,-1,105,114,115,-1,105,115,102,-1,102,115,116,-1,102,116,99,-1,99,116,117,-1,99,117,96,-1,96,117,118,-1,96,118,93,-1,93,118,119,-1,93,119,90,-1,90,119,120,-1,90,120,87,-1,87,120,121,-1,87,121,84,-1,84,121,122,-1,84,122,81,-1,81,122,123,-1,81,123,78,-1,78,123,124,-1,78,124,75,-1,75,124,125,-1,75,125,72,-1,72,125,126,-1,72,126,69,-1,69,126,127,-1,69,127,66,-1,66,127,128,-1,66,128,64,-1,64,128,129,-1,64,129,113,-1,106,0,107,-1,107,0,2,-1,107,2,114,-1,114,2,130,-1,114,130,131,-1,131,132,114,-1,114,132,133,-1,114,133,115,-1,115,133,134,-1,115,134,116,-1,116,134,135,-1,116,135,117,-1,117,135,136,-1,117,136,118,-1,118,136,137,-1,118,137,119,-1,119,137,138,-1,119,138,120,-1,120,138,139,-1,120,139,121,-1,121,139,140,-1,121,140,122,-1,122,140,141,-1,122,141,123,-1,123,141,142,-1,123,142,124,-1,124,142,143,-1,124,143,125,-1,125,143,144,-1,125,144,126,-1,126,144,145,-1,126,145,127,-1,127,145,146,-1,127,146,128,-1,128,146,147,-1,128,147,129,-1,129,147,148,-1,129,148,113,-1,113,148,149,-1,132,150,133,-1,133,150,151,-1,133,151,134,-1,134,151,152,-1,134,152,135,-1,135,152,153,-1,135,153,136,-1,136,153,154,-1,136,154,137,-1,137,154,155,-1,137,155,138,-1,138,155,156,-1,138,156,139,-1,139,156,157,-1,139,157,140,-1,140,157,158,-1,140,158,141,-1,141,158,159,-1,141,159,142,-1,142,159,160,-1,142,160,143,-1,143,160,161,-1,143,161,144,-1,144,161,162,-1,144,162,145,-1,145,162,163,-1,145,163,146,-1,146,163,164,-1,146,164,147,-1,147,164,165,-1,147,165,148,-1,148,165,166,-1,148,166,149,-1,149,166,167,-1,150,168,151,-1,151,168,169,-1,151,169,152,-1,152,169,170,-1,152,170,153,-1,153,170,171,-1,153,171,154,-1,154,171,172,-1,154,172,155,-1,155,172,173,-1,155,173,156,-1,156,173,174,-1,156,174,157,-1,157,174,175,-1,157,175,158,-1,158,175,176,-1,158,176,159,-1,159,176,177,-1,159,177,160,-1,160,177,178,-1,160,178,161,-1,161,178,179,-1,161,179,162,-1,162,179,180,-1,162,180,163,-1,163,180,181,-1,163,181,164,-1,164,181,182,-1,164,182,165,-1,165,182,183,-1,165,183,166,-1,166,183,184,-1,166,184,167,-1,167,184,185,-1,168,186,169,-1,169,186,187,-1,169,187,170,-1,170,187,188,-1,170,188,171,-1,171,188,189,-1,171,189,172,-1,172,189,190,-1,172,190,173,-1,173,190,191,-1,173,191,174,-1,174,191,192,-1,174,192,175,-1,175,192,193,-1,175,193,176,-1,176,193,194,-1,176,194,177,-1,177,194,195,-1,177,195,178,-1,178,195,196,-1,178,196,179,-1,179,196,197,-1,179,197,180,-1,180,197,198,-1,180,198,181,-1,181,198,199,-1,181,199,182,-1,182,199,200,-1,182,200,183,-1,183,200,201,-1,183,201,184,-1,184,201,202,-1,184,202,185,-1,185,202,203,-1,186,58,187,-1,187,58,55,-1,187,55,188,-1,188,55,51,-1,188,51,189,-1,189,51,47,-1,189,47,190,-1,190,47,40,-1,190,40,191,-1,191,40,39,-1,191,39,192,-1,192,39,37,-1,192,37,193,-1,193,37,34,-1,193,34,194,-1,194,34,31,-1,194,31,195,-1,195,31,28,-1,195,28,196,-1,196,28,25,-1,196,25,197,-1,197,25,22,-1,197,22,198,-1,198,22,19,-1,198,19,199,-1,199,19,16,-1,199,16,200,-1,200,16,13,-1,200,13,201,-1,201,13,10,-1,201,10,202,-1,202,10,5,-1,202,5,203,-1,203,5,4,-1,4,3,204,-1,58,186,205,-1,111,112,206,-1,207,208,209,-1,210,211,212,-1,213,214,215,-1,216,217,218,-1,219,220,221,-1,222,223,224,-1,224,223,225,-1,224,225,59,-1,59,225,226,-1,59,226,61,-1,222,224,227,-1,227,224,228,-1,227,228,229,-1,230,231,232,-1,232,231,233,-1,232,233,228,-1,228,233,234,-1,228,234,229,-1,235,236,237,-1,235,237,232,-1,232,237,238,-1,232,238,230,-1,221,220,239,-1,220,240,239,-1,239,240,241,-1,239,241,235,-1,235,241,242,-1,235,242,236,-1,219,221,243,-1,243,221,244,-1,243,244,245,-1,245,244,246,-1,245,246,247,-1,247,246,248,-1,248,246,249,-1,248,249,250,-1,250,249,251,-1,251,249,252,-1,251,252,253,-1,253,252,254,-1,254,252,255,-1,254,255,256,-1,256,255,257,-1,257,255,258,-1,257,258,259,-1,259,258,260,-1,260,258,261,-1,260,261,262,-1,262,261,263,-1,263,261,264,-1,263,264,265,-1,266,267,264,-1,264,267,268,-1,264,268,265,-1,218,217,269,-1,217,270,269,-1,269,270,271,-1,269,271,266,-1,266,271,272,-1,266,272,267,-1,216,218,273,-1,273,218,274,-1,273,274,275,-1,275,274,276,-1,275,276,277,-1,277,276,278,-1,278,276,279,-1,278,279,280,-1,280,279,281,-1,281,279,282,-1,281,282,283,-1,283,282,284,-1,284,282,285,-1,284,285,286,-1,286,285,287,-1,287,285,288,-1,287,288,289,-1,289,288,290,-1,290,288,291,-1,290,291,292,-1,292,291,293,-1,293,291,294,-1,293,294,295,-1,295,294,296,-1,296,294,297,-1,296,297,298,-1,299,300,297,-1,297,300,301,-1,297,301,298,-1,302,303,304,-1,302,304,305,-1,304,306,305,-1,305,306,307,-1,305,307,299,-1,299,307,308,-1,299,308,300,-1,309,310,302,-1,302,310,311,-1,302,311,303,-1,312,313,314,-1,314,313,315,-1,314,315,309,-1,309,315,316,-1,309,316,310,-1,317,318,319,-1,319,318,320,-1,319,320,314,-1,314,320,321,-1,314,321,312,-1,322,323,319,-1,319,323,324,-1,319,324,317,-1,214,325,215,-1,215,325,326,-1,215,326,322,-1,322,326,327,-1,322,327,323,-1,212,211,215,-1,215,211,328,-1,215,328,213,-1,329,330,331,-1,331,330,332,-1,331,332,333,-1,329,334,330,-1,330,334,335,-1,330,335,212,-1,212,335,336,-1,212,336,210,-1,333,332,337,-1,337,332,338,-1,337,338,339,-1,339,338,340,-1,340,338,341,-1,340,341,342,-1,342,341,343,-1,343,341,344,-1,343,344,345,-1,345,344,346,-1,346,344,347,-1,346,347,348,-1,348,347,349,-1,349,347,350,-1,349,350,351,-1,351,350,352,-1,352,350,353,-1,352,353,354,-1,355,356,353,-1,353,356,357,-1,353,357,354,-1,209,208,358,-1,208,359,358,-1,358,359,360,-1,358,360,355,-1,355,360,361,-1,355,361,356,-1,207,209,362,-1,362,209,363,-1,362,363,364,-1,364,363,204,-1,364,204,365,-1,365,204,366,-1,366,204,3,-1,366,3,6,-1,367,130,2,-1,1,368,2,-1,2,368,369,-1,2,369,367,-1,367,369,370,-1,367,370,371,-1,370,372,371,-1,371,372,373,-1,371,373,374,-1,373,375,374,-1,374,375,376,-1,374,376,377,-1,376,378,377,-1,377,378,379,-1,377,379,380,-1,379,381,380,-1,380,381,382,-1,380,382,383,-1,382,384,383,-1,383,384,385,-1,383,385,386,-1,385,387,386,-1,386,387,388,-1,386,388,389,-1,390,391,392,-1,392,391,389,-1,392,389,393,-1,393,389,388,-1,390,394,391,-1,391,394,395,-1,391,395,396,-1,395,397,396,-1,396,397,398,-1,396,398,399,-1,398,400,399,-1,399,400,401,-1,399,401,402,-1,401,403,402,-1,402,403,404,-1,402,404,405,-1,404,406,405,-1,405,406,407,-1,405,407,408,-1,407,409,408,-1,408,409,410,-1,408,410,411,-1,410,412,411,-1,411,412,413,-1,411,413,414,-1,413,415,414,-1,414,415,416,-1,414,416,417,-1,416,418,417,-1,417,418,419,-1,417,419,420,-1,421,422,423,-1,423,422,420,-1,423,420,424,-1,424,420,419,-1,421,425,422,-1,422,425,426,-1,422,426,427,-1,426,428,427,-1,427,428,429,-1,427,429,430,-1,429,431,430,-1,430,431,432,-1,430,432,433,-1,432,434,433,-1,433,434,435,-1,433,435,436,-1,435,437,436,-1,436,437,438,-1,436,438,439,-1,438,440,439,-1,439,440,441,-1,439,441,442,-1,441,443,442,-1,442,443,444,-1,442,444,445,-1,444,446,445,-1,445,446,447,-1,445,447,448,-1,447,449,448,-1,448,449,450,-1,448,450,451,-1,450,452,451,-1,451,452,453,-1,451,453,454,-1,455,456,457,-1,457,456,454,-1,457,454,458,-1,458,454,453,-1,455,459,456,-1,456,459,460,-1,456,460,461,-1,460,462,461,-1,461,462,463,-1,461,463,464,-1,463,465,464,-1,464,465,466,-1,464,466,467,-1,466,468,467,-1,467,468,469,-1,467,469,470,-1,469,471,470,-1,470,471,472,-1,470,472,473,-1,472,474,473,-1,473,474,475,-1,473,475,476,-1,475,477,476,-1,476,477,478,-1,476,478,479,-1,478,480,479,-1,479,480,481,-1,479,481,482,-1,481,483,482,-1,482,483,484,-1,482,484,485,-1,486,487,488,-1,488,487,485,-1,488,485,489,-1,489,485,484,-1,486,490,487,-1,487,490,491,-1,487,491,492,-1,491,493,492,-1,492,493,494,-1,492,494,495,-1,494,496,495,-1,495,496,497,-1,495,497,498,-1,497,499,498,-1,498,499,500,-1,498,500,501,-1,500,502,501,-1,501,502,503,-1,501,503,504,-1,503,505,504,-1,504,505,506,-1,504,506,507,-1,506,508,507,-1,507,508,509,-1,507,509,510,-1,509,511,510,-1,510,511,512,-1,510,512,206,-1,110,111,513,-1,513,111,206,-1,513,206,514,-1,514,206,512,-1,112,113,206,-1,206,113,515,-1,206,515,510,-1,510,515,516,-1,510,516,507,-1,507,516,517,-1,507,517,504,-1,504,517,518,-1,504,518,501,-1,501,518,519,-1,501,519,498,-1,498,519,520,-1,498,520,495,-1,495,520,521,-1,495,521,492,-1,492,521,522,-1,492,522,487,-1,487,522,523,-1,487,523,485,-1,485,523,524,-1,485,524,482,-1,482,524,525,-1,482,525,479,-1,479,525,526,-1,479,526,476,-1,476,526,527,-1,476,527,473,-1,473,527,528,-1,473,528,470,-1,470,528,529,-1,470,529,467,-1,467,529,530,-1,467,530,464,-1,464,530,531,-1,464,531,461,-1,461,531,532,-1,461,532,456,-1,456,532,533,-1,456,533,454,-1,454,533,534,-1,454,534,451,-1,451,534,535,-1,451,535,448,-1,448,535,536,-1,448,536,445,-1,445,536,537,-1,445,537,442,-1,442,537,538,-1,442,538,439,-1,439,538,539,-1,439,539,436,-1,436,539,540,-1,436,540,433,-1,433,540,541,-1,433,541,430,-1,430,541,542,-1,430,542,427,-1,427,542,543,-1,427,543,422,-1,422,543,544,-1,422,544,420,-1,420,544,545,-1,420,545,417,-1,417,545,546,-1,417,546,414,-1,414,546,547,-1,414,547,411,-1,411,547,548,-1,411,548,408,-1,408,548,549,-1,408,549,405,-1,405,549,550,-1,405,550,402,-1,402,550,551,-1,402,551,399,-1,399,551,552,-1,399,552,396,-1,396,552,553,-1,396,553,391,-1,391,553,554,-1,391,554,389,-1,389,554,555,-1,389,555,386,-1,386,555,556,-1,386,556,383,-1,383,556,557,-1,383,557,380,-1,380,557,558,-1,380,558,377,-1,377,558,559,-1,377,559,374,-1,374,559,560,-1,374,560,371,-1,371,560,561,-1,371,561,367,-1,367,561,562,-1,367,562,130,-1,130,562,131,-1,113,149,515,-1,515,149,563,-1,515,563,516,-1,516,563,564,-1,516,564,517,-1,517,564,565,-1,517,565,518,-1,518,565,566,-1,518,566,519,-1,519,566,567,-1,519,567,520,-1,520,567,568,-1,520,568,521,-1,521,568,569,-1,521,569,522,-1,522,569,570,-1,522,570,523,-1,523,570,571,-1,523,571,524,-1,524,571,572,-1,524,572,525,-1,525,572,573,-1,525,573,526,-1,526,573,574,-1,526,574,527,-1,527,574,575,-1,527,575,528,-1,528,575,576,-1,528,576,529,-1,529,576,577,-1,529,577,530,-1,530,577,578,-1,530,578,531,-1,531,578,579,-1,531,579,532,-1,532,579,580,-1,532,580,533,-1,533,580,581,-1,533,581,534,-1,534,581,582,-1,534,582,535,-1,535,582,583,-1,535,583,536,-1,536,583,584,-1,536,584,537,-1,537,584,585,-1,537,585,538,-1,538,585,586,-1,538,586,539,-1,539,586,587,-1,539,587,540,-1,540,587,588,-1,540,588,541,-1,541,588,589,-1,541,589,542,-1,542,589,590,-1,542,590,543,-1,543,590,591,-1,543,591,544,-1,544,591,592,-1,544,592,545,-1,545,592,593,-1,545,593,546,-1,546,593,594,-1,546,594,547,-1,547,594,595,-1,547,595,548,-1,548,595,596,-1,548,596,549,-1,549,596,597,-1,549,597,550,-1,550,597,598,-1,550,598,551,-1,551,598,599,-1,551,599,552,-1,552,599,600,-1,552,600,553,-1,553,600,601,-1,553,601,554,-1,554,601,602,-1,554,602,555,-1,555,602,603,-1,555,603,556,-1,556,603,604,-1,556,604,557,-1,557,604,605,-1,557,605,558,-1,558,605,606,-1,558,606,559,-1,559,606,607,-1,559,607,560,-1,560,607,608,-1,560,608,561,-1,561,608,609,-1,561,609,562,-1,562,609,610,-1,562,610,131,-1,131,610,132,-1,149,167,563,-1,563,167,611,-1,563,611,564,-1,564,611,612,-1,564,612,565,-1,565,612,613,-1,565,613,566,-1,566,613,614,-1,566,614,567,-1,567,614,615,-1,567,615,568,-1,568,615,616,-1,568,616,569,-1,569,616,617,-1,569,617,570,-1,570,617,618,-1,570,618,571,-1,571,618,619,-1,571,619,572,-1,572,619,620,-1,572,620,573,-1,573,620,621,-1,573,621,574,-1,574,621,622,-1,574,622,575,-1,575,622,623,-1,575,623,576,-1,576,623,624,-1,576,624,577,-1,577,624,625,-1,577,625,578,-1,578,625,626,-1,578,626,579,-1,579,626,627,-1,579,627,580,-1,580,627,628,-1,580,628,581,-1,581,628,629,-1,581,629,582,-1,582,629,630,-1,582,630,583,-1,583,630,631,-1,583,631,584,-1,584,631,632,-1,584,632,585,-1,585,632,633,-1,585,633,586,-1,586,633,634,-1,586,634,587,-1,587,634,635,-1,587,635,588,-1,588,635,636,-1,588,636,589,-1,589,636,637,-1,589,637,590,-1,590,637,638,-1,590,638,591,-1,591,638,639,-1,591,639,592,-1,592,639,640,-1,592,640,593,-1,593,640,641,-1,593,641,594,-1,594,641,642,-1,594,642,595,-1,595,642,643,-1,595,643,596,-1,596,643,644,-1,596,644,597,-1,597,644,645,-1,597,645,598,-1,598,645,646,-1,598,646,599,-1,599,646,647,-1,599,647,600,-1,600,647,648,-1,600,648,601,-1,601,648,649,-1,601,649,602,-1,602,649,650,-1,602,650,603,-1,603,650,651,-1,603,651,604,-1,604,651,652,-1,604,652,605,-1,605,652,653,-1,605,653,606,-1,606,653,654,-1,606,654,607,-1,607,654,655,-1,607,655,608,-1,608,655,656,-1,608,656,609,-1,609,656,657,-1,609,657,610,-1,610,657,658,-1,610,658,132,-1,132,658,150,-1,167,185,611,-1,611,185,659,-1,611,659,612,-1,612,659,660,-1,612,660,613,-1,613,660,661,-1,613,661,614,-1,614,661,662,-1,614,662,615,-1,615,662,663,-1,615,663,616,-1,616,663,664,-1,616,664,617,-1,617,664,665,-1,617,665,618,-1,618,665,666,-1,618,666,619,-1,619,666,667,-1,619,667,620,-1,620,667,668,-1,620,668,621,-1,621,668,669,-1,621,669,622,-1,622,669,670,-1,622,670,623,-1,623,670,671,-1,623,671,624,-1,624,671,672,-1,624,672,625,-1,625,672,673,-1,625,673,626,-1,626,673,674,-1,626,674,627,-1,627,674,675,-1,627,675,628,-1,628,675,676,-1,628,676,629,-1,629,676,677,-1,629,677,630,-1,630,677,678,-1,630,678,631,-1,631,678,679,-1,631,679,632,-1,632,679,680,-1,632,680,633,-1,633,680,681,-1,633,681,634,-1,634,681,682,-1,634,682,635,-1,635,682,683,-1,635,683,636,-1,636,683,684,-1,636,684,637,-1,637,684,685,-1,637,685,638,-1,638,685,686,-1,638,686,639,-1,639,686,687,-1,639,687,640,-1,640,687,688,-1,640,688,641,-1,641,688,689,-1,641,689,642,-1,642,689,690,-1,642,690,643,-1,643,690,691,-1,643,691,644,-1,644,691,692,-1,644,692,645,-1,645,692,693,-1,645,693,646,-1,646,693,694,-1,646,694,647,-1,647,694,695,-1,647,695,648,-1,648,695,696,-1,648,696,649,-1,649,696,697,-1,649,697,650,-1,650,697,698,-1,650,698,651,-1,651,698,699,-1,651,699,652,-1,652,699,700,-1,652,700,653,-1,653,700,701,-1,653,701,654,-1,654,701,702,-1,654,702,655,-1,655,702,703,-1,655,703,656,-1,656,703,704,-1,656,704,657,-1,657,704,705,-1,657,705,658,-1,658,705,706,-1,658,706,150,-1,150,706,168,-1,185,203,659,-1,659,203,707,-1,659,707,660,-1,660,707,708,-1,660,708,661,-1,661,708,709,-1,661,709,662,-1,662,709,710,-1,662,710,663,-1,663,710,711,-1,663,711,664,-1,664,711,712,-1,664,712,665,-1,665,712,713,-1,665,713,666,-1,666,713,714,-1,666,714,667,-1,667,714,715,-1,667,715,668,-1,668,715,716,-1,668,716,669,-1,669,716,717,-1,669,717,670,-1,670,717,718,-1,670,718,671,-1,671,718,719,-1,671,719,672,-1,672,719,720,-1,672,720,673,-1,673,720,721,-1,673,721,674,-1,674,721,722,-1,674,722,675,-1,675,722,723,-1,675,723,676,-1,676,723,724,-1,676,724,677,-1,677,724,725,-1,677,725,678,-1,678,725,726,-1,678,726,679,-1,679,726,727,-1,679,727,680,-1,680,727,728,-1,680,728,681,-1,681,728,729,-1,681,729,682,-1,682,729,730,-1,682,730,683,-1,683,730,731,-1,683,731,684,-1,684,731,732,-1,684,732,685,-1,685,732,733,-1,685,733,686,-1,686,733,734,-1,686,734,687,-1,687,734,735,-1,687,735,688,-1,688,735,736,-1,688,736,689,-1,689,736,737,-1,689,737,690,-1,690,737,738,-1,690,738,691,-1,691,738,739,-1,691,739,692,-1,692,739,740,-1,692,740,693,-1,693,740,741,-1,693,741,694,-1,694,741,742,-1,694,742,695,-1,695,742,743,-1,695,743,696,-1,696,743,744,-1,696,744,697,-1,697,744,745,-1,697,745,698,-1,698,745,746,-1,698,746,699,-1,699,746,747,-1,699,747,700,-1,700,747,748,-1,700,748,701,-1,701,748,749,-1,701,749,702,-1,702,749,750,-1,702,750,703,-1,703,750,751,-1,703,751,704,-1,704,751,752,-1,704,752,705,-1,705,752,753,-1,705,753,706,-1,706,753,205,-1,706,205,168,-1,168,205,186,-1,203,4,707,-1,707,4,204,-1,707,204,708,-1,708,204,363,-1,708,363,709,-1,709,363,209,-1,709,209,710,-1,710,209,358,-1,710,358,711,-1,711,358,355,-1,711,355,712,-1,712,355,353,-1,712,353,713,-1,713,353,350,-1,713,350,714,-1,714,350,347,-1,714,347,715,-1,715,347,344,-1,715,344,716,-1,716,344,341,-1,716,341,717,-1,717,341,338,-1,717,338,718,-1,718,338,332,-1,718,332,719,-1,719,332,330,-1,719,330,720,-1,720,330,212,-1,720,212,721,-1,721,212,215,-1,721,215,722,-1,722,215,322,-1,722,322,723,-1,723,322,319,-1,723,319,724,-1,724,319,314,-1,724,314,725,-1,725,314,309,-1,725,309,726,-1,726,309,302,-1,726,302,727,-1,727,302,305,-1,727,305,728,-1,728,305,299,-1,728,299,729,-1,729,299,297,-1,729,297,730,-1,730,297,294,-1,730,294,731,-1,731,294,291,-1,731,291,732,-1,732,291,288,-1,732,288,733,-1,733,288,285,-1,733,285,734,-1,734,285,282,-1,734,282,735,-1,735,282,279,-1,735,279,736,-1,736,279,276,-1,736,276,737,-1,737,276,274,-1,737,274,738,-1,738,274,218,-1,738,218,739,-1,739,218,269,-1,739,269,740,-1,740,269,266,-1,740,266,741,-1,741,266,264,-1,741,264,742,-1,742,264,261,-1,742,261,743,-1,743,261,258,-1,743,258,744,-1,744,258,255,-1,744,255,745,-1,745,255,252,-1,745,252,746,-1,746,252,249,-1,746,249,747,-1,747,249,246,-1,747,246,748,-1,748,246,244,-1,748,244,749,-1,749,244,221,-1,749,221,750,-1,750,221,239,-1,750,239,751,-1,751,239,235,-1,751,235,752,-1,752,235,232,-1,752,232,753,-1,753,232,228,-1,753,228,205,-1,205,228,224,-1,205,224,58,-1,58,224,59,-1,
        ]
    }
}
Shape{
    appearance Appearance {
        material  Material 	{
            diffuseColor 0.5019607843137255 0.5019607843137255 0.5019607843137255
            specularColor 0.25098039215686274 0.25098039215686274 0.25098039215686274
            ambientIntensity 0.502
            transparency 0.0
            shininess 0.5
        }
    }
    geometry IndexedFaceSet {
        ccw TRUE
        solid FALSE
        coord DEF co Coordinate {
            point [
                -0.5906 0.315 0.0827, -0.4921 0.4134 0.0827, -0.5906 0.315 0.0039, -0.4921 0.4134 0.0039, -0.4921 0.2953 0.0, -0.4921 0.2953 0.0039, -0.4921 0.5906 0.0827, -0.4921 0.5906 0.0, 0.4921 0.5906 0.0, 0.4921 0.5906 0.0827, 0.4921 0.2953 0.0039, 0.4921 0.2953 0.0, 0.4921 0.4134 0.0039, 0.4921 0.4134 0.0827, 0.5906 0.315 0.0827, 0.5906 0.315 0.0039, 0.5906 -0.0197 0.0039, 0.5906 -0.315 0.0827, 0.5906 -0.315 0.0039, 0.4921 -0.4134 0.0827, 0.4921 -0.4134 0.0039, 0.4921 -0.2953 0.0, 0.4921 -0.2953 0.0039, 0.4921 -0.5906 0.0827, 0.4921 -0.5906 0.0, -0.4921 -0.5906 0.0, -0.4921 -0.5906 0.0827, -0.4921 -0.2953 0.0039, -0.4921 -0.2953 0.0, -0.4921 -0.4134 0.0039, -0.4921 -0.4134 0.0827, -0.5906 -0.315 0.0827, -0.5906 -0.315 0.0039, -0.5906 -0.0197 0.0039, 0.5593 -0.0489 0.0827, 0.5615 0.0 0.0827, 0.5593 0.0489 0.0827, 0.5529 0.0975 0.0827, 0.5089 0.2373 0.0827, 0.5276 0.192 0.0827, 0.5423 0.1453 0.0827, -0.3609 0.4301 0.0827, -0.397 0.397 0.0827, -0.4301 0.3609 0.0827, 0.0975 0.5529 0.0827, 0.1453 0.5423 0.0827, 0.192 0.5276 0.0827, 0.2373 0.5089 0.0827, 0.2807 0.4862 0.0827, -0.5089 0.2373 0.0827, -0.4862 0.2807 0.0827, 0.322 0.4599 0.0827, 0.3609 0.4301 0.0827, 0.397 0.397 0.0827, 0.322 -0.4599 0.0827, 0.2807 -0.4862 0.0827, 0.2373 -0.5089 0.0827, 0.5529 -0.0975 0.0827, 0.5423 -0.1453 0.0827, 0.5276 -0.192 0.0827, 0.4301 0.3609 0.0827, 0.4599 0.322 0.0827, 0.4862 0.2807 0.0827, -0.322 0.4599 0.0827, -0.2807 0.4862 0.0827, -0.2373 0.5089 0.0827, -0.192 0.5276 0.0827, -0.1453 0.5423 0.0827, -0.0975 0.5529 0.0827, -0.0489 0.5593 0.0827, 0.0 0.5615 0.0827, 0.0489 0.5593 0.0827, -0.2807 -0.4862 0.0827, -0.322 -0.4599 0.0827, -0.3609 -0.4301 0.0827, -0.397 -0.397 0.0827, -0.4599 0.322 0.0827, 0.5089 -0.2373 0.0827, 0.4862 -0.2807 0.0827, 0.4599 -0.322 0.0827, 0.4301 -0.3609 0.0827, 0.397 -0.397 0.0827, 0.3609 -0.4301 0.0827, -0.5529 0.0975 0.0827, -0.5423 0.1453 0.0827, -0.5276 0.192 0.0827, 0.192 -0.5276 0.0827, 0.1453 -0.5423 0.0827, 0.0975 -0.5529 0.0827, 0.0489 -0.5593 0.0827, 0.0 -0.5615 0.0827, -0.0489 -0.5593 0.0827, -0.0975 -0.5529 0.0827, -0.1453 -0.5423 0.0827, -0.192 -0.5276 0.0827, -0.2373 -0.5089 0.0827, -0.4301 -0.3609 0.0827, -0.4599 -0.322 0.0827, -0.4862 -0.2807 0.0827, -0.5089 -0.2373 0.0827, -0.5276 -0.192 0.0827, -0.5423 -0.1453 0.0827, -0.5529 -0.0975 0.0827, -0.5593 -0.0489 0.0827, -0.5615 0.0 0.0827, -0.5593 0.0489 0.0827
            ]
        }
        coordIndex [
            0,1,2,-1,2,1,3,-1,4,5,3,-1,1,6,3,-1,3,6,7,-1,3,7,4,-1,8,7,9,-1,9,7,6,-1,10,11,12,-1,12,11,8,-1,12,8,13,-1,13,8,9,-1,13,14,12,-1,12,14,15,-1,15,14,16,-1,16,14,17,-1,16,17,18,-1,17,19,18,-1,18,19,20,-1,21,22,20,-1,19,23,20,-1,20,23,24,-1,20,24,21,-1,25,24,26,-1,26,24,23,-1,27,28,29,-1,29,28,25,-1,29,25,30,-1,30,25,26,-1,30,31,29,-1,29,31,32,-1,32,31,33,-1,33,31,0,-1,33,0,2,-1,34,17,35,-1,35,17,14,-1,35,14,36,-1,36,14,37,-1,38,39,14,-1,14,39,40,-1,14,40,37,-1,41,6,42,-1,42,6,1,-1,42,1,43,-1,44,45,9,-1,9,45,46,-1,9,46,13,-1,13,46,47,-1,13,47,48,-1,0,49,50,-1,48,51,13,-1,13,51,52,-1,13,52,53,-1,54,55,23,-1,23,55,56,-1,34,57,17,-1,17,57,58,-1,17,58,59,-1,53,60,13,-1,13,60,61,-1,13,61,14,-1,14,61,62,-1,14,62,38,-1,41,63,6,-1,6,63,64,-1,6,64,65,-1,65,66,6,-1,6,66,67,-1,6,67,68,-1,68,69,6,-1,6,69,70,-1,6,70,9,-1,9,70,71,-1,9,71,44,-1,72,73,30,-1,30,73,74,-1,30,74,75,-1,0,50,1,-1,1,50,76,-1,1,76,43,-1,59,77,17,-1,17,77,78,-1,17,78,19,-1,19,78,79,-1,79,80,19,-1,19,80,81,-1,19,81,23,-1,23,81,82,-1,23,82,54,-1,83,84,0,-1,0,84,85,-1,0,85,49,-1,56,86,23,-1,23,86,87,-1,23,87,88,-1,88,89,23,-1,23,89,90,-1,23,90,26,-1,26,90,91,-1,26,91,92,-1,92,93,26,-1,26,93,94,-1,26,94,30,-1,30,94,95,-1,30,95,72,-1,75,96,30,-1,30,96,97,-1,30,97,31,-1,31,97,98,-1,31,98,99,-1,99,100,31,-1,31,100,101,-1,31,101,102,-1,102,103,31,-1,31,103,104,-1,31,104,0,-1,0,104,105,-1,0,105,83,-1,
        ]
    }
}
Shape{
    appearance Appearance {
        material  Material 	{
            diffuseColor 0.0 0.0 0.0
            specularColor 0.0 0.0 0.0
            ambientIntensity 0.0
            transparency 0.0
            shininess 0.5
        }
    }
    geometry IndexedFaceSet {
        ccw TRUE
        solid FALSE
        coord DEF co Coordinate {
            point [
                -0.0659 0.0199 0.0043, -0.0813 -0.0194 0.0043, -0.0659 0.0199 0.0039, -0.0813 -0.0194 0.0039, -0.0755 -0.0194 0.0043, -0.0755 -0.0194 0.0039, -0.0715 -0.0084 0.0043, -0.0715 -0.0084 0.0039, -0.0553 -0.0084 0.0043, -0.0553 -0.0084 0.0039, -0.0515 -0.0194 0.0043, -0.0515 -0.0194 0.0039, -0.0458 -0.0194 0.0043, -0.0458 -0.0194 0.0039, -0.0606 0.0199 0.0043, -0.0606 0.0199 0.0039, -0.0566 -0.0041 0.0043, -0.0698 -0.0041 0.0043, -0.0625 0.0124 0.0043, -0.0629 0.0137 0.0043, -0.0631 0.0151 0.0043, -0.0632 0.0151 0.0043, -0.0635 0.0137 0.0043, -0.0638 0.0124 0.0043, -0.0566 -0.0041 0.0039, -0.0698 -0.0041 0.0039, -0.0625 0.0124 0.0039, -0.0629 0.0137 0.0039, -0.0631 0.0151 0.0039, -0.0632 0.0151 0.0039, -0.0635 0.0137 0.0039, -0.0638 0.0124 0.0039, -0.0219 -0.0194 0.0043, -0.0112 -0.0194 0.0043, -0.0219 -0.0194 0.0039, -0.0112 -0.0194 0.0039, -0.0112 0.0199 0.0043, -0.0112 0.0199 0.0039, -0.0223 0.0199 0.0043, -0.0223 0.0199 0.0039, -0.0429 0.0007 0.0043, -0.0429 0.0007 0.0039, -0.0426 0.0045 0.0039, -0.0426 0.0045 0.0043, -0.0415 0.0083 0.0039, -0.0415 0.0083 0.0043, -0.0397 0.0117 0.0039, -0.0397 0.0117 0.0043, -0.0369 0.0148 0.0039, -0.0369 0.0148 0.0043, -0.0369 0.0148 0.0039, -0.0369 0.0148 0.0043, -0.0326 0.0177 0.0039, -0.0326 0.0177 0.0043, -0.028 0.0193 0.0039, -0.028 0.0193 0.0043, -0.0268 -0.019 0.0039, -0.0268 -0.019 0.0043, -0.0313 -0.0177 0.0039, -0.0313 -0.0177 0.0043, -0.0354 -0.0153 0.0039, -0.0354 -0.0153 0.0043, -0.0386 -0.0122 0.0039, -0.0386 -0.0122 0.0043, -0.0409 -0.0086 0.0039, -0.0409 -0.0086 0.0043, -0.0423 -0.0045 0.0039, -0.0423 -0.0045 0.0043, -0.035 0.0101 0.0043, -0.0331 0.0121 0.0043, -0.0302 0.014 0.0043, -0.0269 0.0151 0.0043, -0.0223 0.0156 0.0043, -0.0165 0.0156 0.0043, -0.0165 -0.0151 0.0043, -0.0221 -0.0151 0.0043, -0.0262 -0.0147 0.0043, -0.0295 -0.0137 0.0043, -0.0322 -0.0121 0.0043, -0.0344 -0.0099 0.0043, -0.0361 -0.0072 0.0043, -0.0372 -0.0035 0.0043, -0.0376 0.0006 0.0043, -0.0373 0.0046 0.0043, -0.0363 0.0077 0.0043, -0.0223 0.0156 0.0039, -0.0165 0.0156 0.0039, -0.0269 0.0151 0.0039, -0.0302 0.014 0.0039, -0.0331 0.0121 0.0039, -0.035 0.0101 0.0039, -0.0363 0.0077 0.0039, -0.0373 0.0046 0.0039, -0.0376 0.0006 0.0039, -0.0372 -0.0035 0.0039, -0.0361 -0.0072 0.0039, -0.0344 -0.0099 0.0039, -0.0322 -0.0121 0.0039, -0.0295 -0.0137 0.0039, -0.0262 -0.0147 0.0039, -0.0221 -0.0151 0.0039, -0.0165 -0.0151 0.0039, -0.0035 -0.0151 0.0043, -0.0035 -0.0194 0.0043, -0.0035 -0.0151 0.0039, -0.0035 -0.0194 0.0039, 0.0176 -0.0194 0.0043, 0.0176 -0.0194 0.0039, 0.0176 0.0199 0.0043, 0.0176 0.0199 0.0039, -0.0025 0.0199 0.0043, -0.0025 0.0199 0.0039, -0.0025 0.0156 0.0043, -0.0025 0.0156 0.0039, 0.0123 0.0156 0.0043, 0.0123 0.0156 0.0039, 0.0123 0.0027 0.0043, 0.0123 0.0027 0.0039, -0.0016 0.0027 0.0043, -0.0016 0.0027 0.0039, -0.0016 -0.0017 0.0043, -0.0016 -0.0017 0.0039, 0.0123 -0.0017 0.0043, 0.0123 -0.0017 0.0039, 0.0123 -0.0151 0.0043, 0.0123 -0.0151 0.0039, 0.0253 -0.0131 0.0043, 0.0253 -0.0174 0.0043, 0.0253 -0.0131 0.0039, 0.0253 -0.0174 0.0039, 0.0295 -0.0191 0.0043, 0.0361 -0.0199 0.0043, 0.0361 -0.0199 0.0039, 0.0351 -0.0199 0.0039, 0.0351 -0.0199 0.0043, 0.0335 -0.0197 0.0039, 0.0295 -0.0191 0.0039, 0.0385 -0.0197 0.0039, 0.041 -0.0194 0.0043, 0.041 -0.0194 0.0039, 0.0448 -0.0181 0.0043, 0.0448 -0.0181 0.0039, 0.048 -0.0161 0.0043, 0.048 -0.0161 0.0039, 0.0509 -0.013 0.0043, 0.0509 -0.013 0.0039, 0.053 -0.0092 0.0043, 0.053 -0.0092 0.0039, 0.0542 -0.005 0.0043, 0.0542 -0.005 0.0039, 0.0546 -0.0005 0.0043, 0.0546 -0.0005 0.0039, 0.0346 0.0204 0.0043, 0.0346 0.0204 0.0039, 0.0385 0.0201 0.0039, 0.0385 0.0201 0.0043, 0.0429 0.0188 0.0039, 0.0429 0.0188 0.0043, 0.0467 0.0167 0.0039, 0.0467 0.0167 0.0043, 0.0502 0.0132 0.0039, 0.0502 0.0132 0.0043, 0.0525 0.0096 0.0039, 0.0525 0.0096 0.0043, 0.054 0.0051 0.0039, 0.054 0.0051 0.0043, 0.0253 0.0189 0.0043, 0.0253 0.0189 0.0039, 0.0299 0.0201 0.0039, 0.0299 0.0201 0.0043, 0.0253 0.0136 0.0043, 0.0253 0.0136 0.0039, 0.0345 0.0161 0.0043, 0.0345 0.0161 0.0039, 0.0297 0.0155 0.0039, 0.0297 0.0155 0.0043, 0.0493 -0.0002 0.0043, 0.0493 -0.0002 0.0039, 0.0491 0.0029 0.0039, 0.0491 0.0029 0.0043, 0.0481 0.0071 0.0039, 0.0481 0.0071 0.0043, 0.0464 0.0101 0.0039, 0.0464 0.0101 0.0043, 0.0441 0.0128 0.0039, 0.0441 0.0128 0.0043, 0.0413 0.0146 0.0039, 0.0413 0.0146 0.0043, 0.0384 0.0157 0.0039, 0.0384 0.0157 0.0043, 0.0354 -0.0156 0.0043, 0.0354 -0.0156 0.0039, 0.0391 -0.0152 0.0039, 0.0391 -0.0152 0.0043, 0.042 -0.0141 0.0039, 0.042 -0.0141 0.0043, 0.0444 -0.0125 0.0039, 0.0444 -0.0125 0.0043, 0.0462 -0.0105 0.0039, 0.0462 -0.0105 0.0043, 0.0478 -0.0078 0.0039, 0.0478 -0.0078 0.0043, 0.0489 -0.0044 0.0039, 0.0489 -0.0044 0.0043, 0.026 -0.0135 0.0039, 0.026 -0.0135 0.0043, 0.0302 -0.015 0.0039, 0.0302 -0.015 0.0043, 0.058 -0.0151 0.0043, 0.058 -0.0194 0.0043, 0.058 -0.0151 0.0039, 0.058 -0.0194 0.0039, 0.0781 -0.0194 0.0043, 0.0781 -0.0194 0.0039, 0.0781 0.0199 0.0043, 0.0781 0.0199 0.0039, 0.0728 0.0199 0.0043, 0.0728 0.0199 0.0039, 0.0728 -0.0151 0.0043, 0.0728 -0.0151 0.0039
            ]
        }
        coordIndex [
            0,1,2,-1,2,1,3,-1,1,4,3,-1,3,4,5,-1,4,6,5,-1,5,6,7,-1,6,8,7,-1,7,8,9,-1,8,10,9,-1,9,10,11,-1,10,12,11,-1,11,12,13,-1,12,14,13,-1,13,14,15,-1,14,0,15,-1,15,0,2,-1,16,8,17,-1,17,8,6,-1,18,14,16,-1,16,14,12,-1,16,12,8,-1,8,12,10,-1,18,19,14,-1,14,19,20,-1,14,20,0,-1,0,20,21,-1,0,21,22,-1,22,23,0,-1,0,23,17,-1,0,17,1,-1,1,17,6,-1,1,6,4,-1,16,17,24,-1,24,17,25,-1,18,16,26,-1,26,16,24,-1,18,26,27,-1,18,27,19,-1,19,27,28,-1,19,28,20,-1,21,20,29,-1,29,20,28,-1,21,29,30,-1,21,30,22,-1,22,30,31,-1,22,31,23,-1,17,23,25,-1,25,23,31,-1,32,33,34,-1,34,33,35,-1,33,36,35,-1,35,36,37,-1,36,38,37,-1,37,38,39,-1,40,41,42,-1,40,42,43,-1,43,42,44,-1,43,44,45,-1,45,44,46,-1,45,46,47,-1,47,46,48,-1,47,48,49,-1,49,48,50,-1,49,50,51,-1,51,50,52,-1,51,52,53,-1,53,52,54,-1,53,54,55,-1,55,54,39,-1,55,39,38,-1,32,34,56,-1,32,56,57,-1,57,56,58,-1,57,58,59,-1,59,58,60,-1,59,60,61,-1,61,60,62,-1,61,62,63,-1,63,62,64,-1,63,64,65,-1,65,64,66,-1,65,66,67,-1,67,66,41,-1,67,41,40,-1,45,47,68,-1,68,47,49,-1,68,49,69,-1,69,49,51,-1,69,51,70,-1,70,51,53,-1,70,53,71,-1,71,53,55,-1,71,55,72,-1,72,55,38,-1,72,38,73,-1,73,38,36,-1,73,36,74,-1,74,36,33,-1,74,33,75,-1,75,33,32,-1,75,32,76,-1,76,32,57,-1,76,57,77,-1,77,57,59,-1,77,59,78,-1,78,59,61,-1,78,61,79,-1,79,61,63,-1,79,63,80,-1,80,63,65,-1,80,65,81,-1,81,65,67,-1,81,67,82,-1,82,67,40,-1,82,40,83,-1,83,40,43,-1,83,43,84,-1,84,43,45,-1,84,45,68,-1,72,73,85,-1,85,73,86,-1,72,85,87,-1,72,87,71,-1,71,87,88,-1,71,88,70,-1,70,88,89,-1,70,89,69,-1,69,89,90,-1,69,90,68,-1,68,90,91,-1,68,91,84,-1,84,91,92,-1,84,92,83,-1,83,92,93,-1,83,93,82,-1,82,93,94,-1,82,94,81,-1,81,94,95,-1,81,95,80,-1,80,95,96,-1,80,96,79,-1,79,96,97,-1,79,97,78,-1,78,97,98,-1,78,98,77,-1,77,98,99,-1,77,99,76,-1,76,99,100,-1,76,100,75,-1,74,75,101,-1,101,75,100,-1,73,74,86,-1,86,74,101,-1,102,103,104,-1,104,103,105,-1,103,106,105,-1,105,106,107,-1,106,108,107,-1,107,108,109,-1,108,110,109,-1,109,110,111,-1,110,112,111,-1,111,112,113,-1,112,114,113,-1,113,114,115,-1,114,116,115,-1,115,116,117,-1,116,118,117,-1,117,118,119,-1,118,120,119,-1,119,120,121,-1,120,122,121,-1,121,122,123,-1,122,124,123,-1,123,124,125,-1,124,102,125,-1,125,102,104,-1,106,103,102,-1,102,124,106,-1,106,124,122,-1,106,122,108,-1,112,110,114,-1,114,110,108,-1,114,108,116,-1,116,108,122,-1,116,122,118,-1,118,122,120,-1,126,127,128,-1,128,127,129,-1,129,127,130,-1,131,132,133,-1,131,133,134,-1,134,133,135,-1,134,135,130,-1,130,135,136,-1,130,136,129,-1,132,131,137,-1,137,131,138,-1,137,138,139,-1,139,138,140,-1,139,140,141,-1,141,140,142,-1,141,142,143,-1,143,142,144,-1,143,144,145,-1,145,144,146,-1,145,146,147,-1,147,146,148,-1,147,148,149,-1,149,148,150,-1,149,150,151,-1,152,153,154,-1,152,154,155,-1,155,154,156,-1,155,156,157,-1,157,156,158,-1,157,158,159,-1,159,158,160,-1,159,160,161,-1,161,160,162,-1,161,162,163,-1,163,162,164,-1,163,164,165,-1,165,164,151,-1,165,151,150,-1,166,167,168,-1,166,168,169,-1,169,168,153,-1,169,153,152,-1,166,170,167,-1,167,170,171,-1,172,173,174,-1,172,174,175,-1,175,174,171,-1,175,171,170,-1,176,177,178,-1,176,178,179,-1,179,178,180,-1,179,180,181,-1,181,180,182,-1,181,182,183,-1,183,182,184,-1,183,184,185,-1,185,184,186,-1,185,186,187,-1,187,186,188,-1,187,188,189,-1,189,188,173,-1,189,173,172,-1,190,191,192,-1,190,192,193,-1,193,192,194,-1,193,194,195,-1,195,194,196,-1,195,196,197,-1,197,196,198,-1,197,198,199,-1,199,198,200,-1,199,200,201,-1,201,200,202,-1,201,202,203,-1,203,202,177,-1,203,177,176,-1,126,128,204,-1,126,204,205,-1,205,204,206,-1,205,206,207,-1,207,206,191,-1,207,191,190,-1,193,131,190,-1,190,131,134,-1,190,134,207,-1,207,134,130,-1,207,130,205,-1,205,130,127,-1,205,127,126,-1,170,166,175,-1,175,166,169,-1,175,169,172,-1,172,169,152,-1,172,152,189,-1,189,152,155,-1,189,155,187,-1,187,155,157,-1,187,157,185,-1,185,157,159,-1,185,159,183,-1,183,159,161,-1,183,161,181,-1,181,161,163,-1,181,163,179,-1,179,163,165,-1,179,165,176,-1,176,165,150,-1,176,150,203,-1,203,150,148,-1,203,148,201,-1,201,148,146,-1,201,146,199,-1,199,146,144,-1,199,144,197,-1,197,144,142,-1,197,142,195,-1,195,142,140,-1,195,140,193,-1,193,140,138,-1,193,138,131,-1,208,209,210,-1,210,209,211,-1,209,212,211,-1,211,212,213,-1,212,214,213,-1,213,214,215,-1,214,216,215,-1,215,216,217,-1,216,218,217,-1,217,218,219,-1,218,208,219,-1,219,208,210,-1,216,214,218,-1,218,214,212,-1,218,212,208,-1,208,212,209,-1,
        ]
    }
}
Shape{
    appearance Appearance {
        material  Material 	{
            diffuseColor 0.5019607843137255 0.5019607843137255 0.5019607843137255
            specularColor 0.25098039215686274 0.25098039215686274 0.25098039215686274
            ambientIntensity 0.502
            transparency 0.0
            shininess 0.5
        }
    }
    geometry IndexedFaceSet {
        ccw TRUE
        solid FALSE
        coord DEF co Coordinate {
            point [
                -0.0566 -0.0041 0.0039, -0.0698 -0.0041 0.0039, -0.0625 0.0124 0.0039, -0.0638 0.0124 0.0039, -0.0629 0.0137 0.0039, -0.0635 0.0137 0.0039, -0.0631 0.0151 0.0039, -0.0632 0.0151 0.0039, -0.0165 0.0156 0.0039, -0.0165 -0.0151 0.0039, -0.0223 0.0156 0.0039, -0.0221 -0.0151 0.0039, -0.0262 -0.0147 0.0039, -0.0376 0.0006 0.0039, -0.0373 0.0046 0.0039, -0.0363 0.0077 0.0039, -0.0269 0.0151 0.0039, -0.0295 -0.0137 0.0039, -0.0322 -0.0121 0.0039, -0.0344 -0.0099 0.0039, -0.0361 -0.0072 0.0039, -0.0372 -0.0035 0.0039, -0.035 0.0101 0.0039, -0.0331 0.0121 0.0039, -0.0302 0.014 0.0039, -0.4921 -0.5118 0.5157, -0.2309 -0.5118 0.5157, -0.4921 -0.5118 0.5945, -0.2092 -0.5118 0.5157, -0.1823 -0.5118 0.5157, -0.1545 -0.5118 0.5157, -0.126 -0.5118 0.5157, -0.1153 -0.5118 0.5157, -0.0882 -0.5118 0.5157, -0.0623 -0.5118 0.5157, -0.0376 -0.5118 0.5157, -0.0136 -0.5118 0.5157, 0.0102 -0.5118 0.5157, 0.4921 -0.5118 0.5945, 0.034 -0.5118 0.5157, 0.0539 -0.5118 0.5157, 0.0782 -0.5118 0.5157, 0.1029 -0.5118 0.5157, 0.128 -0.5118 0.5157, 0.1535 -0.5118 0.5157, 0.1792 -0.5118 0.5157, 0.2049 -0.5118 0.5157, 0.2309 -0.5118 0.5157, 0.4921 -0.5118 0.5157, 0.4921 0.5118 0.5157, 0.2309 0.5118 0.5157, 0.4921 0.5118 0.5945, 0.2051 0.5118 0.5157, 0.178 0.5118 0.5157, 0.1502 0.5118 0.5157, 0.1218 0.5118 0.5157, 0.0994 0.5118 0.5157, 0.0731 0.5118 0.5157, 0.048 0.5118 0.5157, 0.0237 0.5118 0.5157, 0.0 0.5118 0.5157, -0.4921 0.5118 0.5945, -0.0113 0.5118 0.5157, -0.034 0.5118 0.5157, -0.0539 0.5118 0.5157, -0.0782 0.5118 0.5157, -0.1029 0.5118 0.5157, -0.128 0.5118 0.5157, -0.1535 0.5118 0.5157, -0.1792 0.5118 0.5157, -0.2049 0.5118 0.5157, -0.2309 0.5118 0.5157, -0.4921 0.5118 0.5157
            ]
        }
        coordIndex [
            0,1,2,-1,2,1,3,-1,2,3,4,-1,4,3,5,-1,4,5,6,-1,6,5,7,-1,8,9,10,-1,10,9,11,-1,10,11,12,-1,13,14,10,-1,10,14,15,-1,10,15,16,-1,12,17,10,-1,10,17,18,-1,10,18,19,-1,19,20,10,-1,10,20,21,-1,10,21,13,-1,22,23,15,-1,15,23,24,-1,15,24,16,-1,25,26,27,-1,27,26,28,-1,27,28,29,-1,29,30,27,-1,27,30,31,-1,27,31,32,-1,32,33,27,-1,27,33,34,-1,27,34,35,-1,35,36,27,-1,27,36,37,-1,27,37,38,-1,38,37,39,-1,39,40,38,-1,38,40,41,-1,38,41,42,-1,42,43,38,-1,38,43,44,-1,38,44,45,-1,45,46,38,-1,38,46,47,-1,38,47,48,-1,49,50,51,-1,51,50,52,-1,52,53,51,-1,51,53,54,-1,51,54,55,-1,55,56,51,-1,51,56,57,-1,51,57,58,-1,58,59,51,-1,51,59,60,-1,51,60,61,-1,61,60,62,-1,61,62,63,-1,63,64,61,-1,61,64,65,-1,61,65,66,-1,66,67,61,-1,61,67,68,-1,61,68,69,-1,69,70,61,-1,61,70,71,-1,61,71,72,-1,
        ]
    }
}
Shape{
    appearance Appearance {
        material  Material 	{
            diffuseColor 1.0 1.0 1.0
            specularColor 0.5019607843137255 0.5019607843137255 0.5019607843137255
            ambientIntensity 1.0
            transparency 0.0
            shininess 0.5
        }
    }
    geometry IndexedFaceSet {
        ccw TRUE
        solid FALSE
        coord DEF co Coordinate {
            point [
                -0.4921 0.2953 0.0039, -0.4921 0.2953 0.0, -0.0073 0.2953 0.0039, 0.4921 0.2953 0.0, 0.4921 0.2953 0.0039, 0.4921 0.5906 0.0, -0.4921 0.5906 0.0, 0.4921 -0.2953 0.0039, 0.4921 -0.2953 0.0, -0.0073 -0.2953 0.0039, -0.4921 -0.2953 0.0, -0.4921 -0.2953 0.0039, -0.4921 -0.5906 0.0, 0.4921 -0.5906 0.0
            ]
        }
        coordIndex [
            0,1,2,-1,2,1,3,-1,2,3,4,-1,5,3,6,-1,6,3,1,-1,7,8,9,-1,9,8,10,-1,9,10,11,-1,12,10,13,-1,13,10,8,-1,
        ]
    }
}
Shape{
    appearance Appearance {
        material  Material 	{
            diffuseColor 0.25098039215686274 0.25098039215686274 0.25098039215686274
            specularColor 0.12549019607843137 0.12549019607843137 0.12549019607843137
            ambientIntensity 0.251
            transparency 0.0
            shininess 0.5
        }
    }
    geometry IndexedFaceSet {
        ccw TRUE
        solid FALSE
        coord DEF co Coordinate {
            point [
                -0.2195 -0.4866 0.5125, -0.2227 -0.4938 0.5134, -0.2653 -0.4722 0.5141, -0.2389 -0.4251 0.4898, -0.2006 -0.4447 0.4894, -0.2074 -0.4597 0.5006, -0.2006 0.4447 0.4894, -0.2389 0.4251 0.4898, -0.247 0.4395 0.5009, -0.293 -0.3562 0.4601, -0.2605 -0.3806 0.4601, -0.2672 -0.3904 0.476, -0.196 -0.407 0.4423, -0.1859 -0.4121 0.4423, -0.1899 -0.421 0.4597, -0.2342 -0.3863 0.4423, -0.2215 -0.3942 0.4423, -0.2259 -0.4021 0.4601, -0.3037 -0.3344 0.4423, -0.2873 -0.3492 0.4423, -0.3344 -0.3037 0.4423, -0.3169 -0.3225 0.4423, -0.3233 -0.329 0.4601, -0.3621 -0.2702 0.4423, -0.3441 -0.2933 0.4423, -0.351 -0.2992 0.4601, -0.1859 0.4121 0.4423, -0.2089 0.4005 0.4423, -0.2259 0.4021 0.4601, -0.2215 0.3942 0.4423, -0.2465 0.3786 0.4423, -0.2605 0.3806 0.4601, -0.2554 0.3731 0.4423, -0.2818 0.3533 0.4423, -0.293 0.3562 0.4601, -0.2873 0.3492 0.4423, -0.3145 0.3247 0.4423, -0.3233 0.329 0.4601, -0.3169 0.3225 0.4423, -0.351 0.2992 0.4601, -0.3441 0.2933 0.4423, -0.376 0.2671 0.4601, -0.3686 0.2618 0.4423, -0.3707 0.2586 0.4423, -0.3981 0.2329 0.4601, -0.3902 0.2283 0.4423, -0.3937 0.2217 0.4423, -0.417 0.1969 0.4601, -0.4088 0.1931 0.4423, -0.4131 0.1829 0.4423, -0.4328 0.1594 0.4601, -0.4243 0.1563 0.4423, -0.4287 0.1423 0.4423, -0.4451 0.1207 0.4601, -0.4364 0.1183 0.4423, -0.4404 0.1005 0.4423, -0.454 0.081 0.4601, -0.4451 0.0794 0.4423, -0.4594 0.0406 0.4601, -0.448 0.0578 0.4423, -0.4504 0.0398 0.4423, -0.4612 0.0 0.4601, -0.4515 0.0145 0.4423, -0.4521 0.0 0.4423, -0.4509 -0.029 0.4423, -0.4594 -0.0406 0.4601, -0.4504 -0.0398 0.4423, -0.4461 -0.0721 0.4423, -0.454 -0.081 0.4601, -0.4451 -0.0794 0.4423, -0.4372 -0.1147 0.4423, -0.4451 -0.1207 0.4601, -0.4364 -0.1183 0.4423, -0.4328 -0.1594 0.4601, -0.4243 -0.1563 0.4423, -0.417 -0.1969 0.4601, -0.4088 -0.1931 0.4423, -0.4072 -0.1961 0.4423, -0.3981 -0.2329 0.4601, -0.3686 -0.2618 0.4423, -0.376 -0.2671 0.4601, -0.3864 -0.2342 0.4423, -0.3902 -0.2283 0.4423, -0.2702 -0.362 0.4423, -0.2554 -0.3731 0.4423, -0.1948 0.4318 0.4755, -0.1915 0.4245 0.4667, -0.1899 0.421 0.4597, -0.1992 0.4417 0.4872, -0.2318 0.4125 0.476, -0.2672 0.3904 0.476, -0.3006 0.3654 0.476, -0.3316 0.3375 0.476, -0.3601 0.3069 0.476, -0.3857 0.274 0.476, -0.4084 0.2389 0.476, -0.4278 0.202 0.476, -0.444 0.1635 0.476, -0.4567 0.1238 0.476, -0.4658 0.0831 0.476, -0.4713 0.0417 0.476, -0.4731 0.0 0.476, -0.4713 -0.0417 0.476, -0.4658 -0.0831 0.476, -0.4567 -0.1238 0.476, -0.444 -0.1635 0.476, -0.4278 -0.202 0.476, -0.4084 -0.2389 0.476, -0.3857 -0.274 0.476, -0.3601 -0.3069 0.476, -0.2318 -0.4125 0.476, -0.2754 0.4024 0.4898, -0.3098 0.3765 0.4898, -0.3417 0.3478 0.4898, -0.3711 0.3163 0.4898, -0.3975 0.2824 0.4898, -0.4208 0.2462 0.4898, -0.4409 0.2082 0.4898, -0.4575 0.1685 0.4898, -0.4706 0.1276 0.4898, -0.48 0.0856 0.4898, -0.4857 0.043 0.4898, -0.4876 0.0 0.4898, -0.4857 -0.043 0.4898, -0.48 -0.0856 0.4898, -0.4706 -0.1276 0.4898, -0.4575 -0.1685 0.4898, -0.4409 -0.2082 0.4898, -0.4208 -0.2462 0.4898, -0.3975 -0.2824 0.4898, -0.3711 -0.3163 0.4898, -0.3417 -0.3478 0.4898, -0.1915 -0.4245 0.4667, -0.1948 -0.4318 0.4755, -0.1992 -0.4417 0.4872, -0.2847 0.416 0.5009, -0.3203 0.3893 0.5009, -0.3533 0.3596 0.5009, -0.3837 0.327 0.5009, -0.411 0.2919 0.5009, -0.4351 0.2546 0.5009, -0.4559 0.2153 0.5009, -0.4731 0.1743 0.5009, -0.4866 0.1319 0.5009, -0.4963 0.0885 0.5009, -0.5022 0.0444 0.5009, -0.5041 0.0 0.5009, -0.5022 -0.0444 0.5009, -0.4963 -0.0885 0.5009, -0.4866 -0.1319 0.5009, -0.4731 -0.1743 0.5009, -0.4559 -0.2153 0.5009, -0.4351 -0.2546 0.5009, -0.411 -0.2919 0.5009, -0.3837 -0.327 0.5009, -0.3533 -0.3596 0.5009, -0.3203 -0.3893 0.5009, -0.2149 0.4764 0.5083, -0.2087 0.4628 0.5028, -0.2074 0.4597 0.5006, -0.2195 0.4866 0.5125, -0.2559 0.4553 0.5091, -0.295 0.431 0.5091, -0.3318 0.4033 0.5091, -0.3661 0.3725 0.5091, -0.3975 0.3388 0.5091, -0.4258 0.3025 0.5091, -0.4508 0.2638 0.5091, -0.4723 0.223 0.5091, -0.4901 0.1805 0.5091, -0.5041 0.1366 0.5091, -0.5142 0.0917 0.5091, -0.5203 0.046 0.5091, -0.5223 0.0 0.5091, -0.5203 -0.046 0.5091, -0.5142 -0.0917 0.5091, -0.5041 -0.1366 0.5091, -0.4901 -0.1805 0.5091, -0.4723 -0.223 0.5091, -0.4508 -0.2638 0.5091, -0.4258 -0.3025 0.5091, -0.3975 -0.3388 0.5091, -0.3661 -0.3725 0.5091, -0.3318 -0.4033 0.5091, -0.295 -0.431 0.5091, -0.3006 -0.3654 0.476, -0.2754 -0.4024 0.4898, -0.247 -0.4395 0.5009, -0.2087 -0.4628 0.5028, -0.3316 -0.3375 0.476, -0.3098 -0.3765 0.4898, -0.2847 -0.416 0.5009, -0.2559 -0.4553 0.5091, -0.2149 -0.4764 0.5083, -0.2227 0.4938 0.5134, -0.2653 0.4722 0.5141, -0.3059 0.4469 0.5141, -0.3441 0.4182 0.5141, -0.3796 0.3863 0.5141, -0.4122 0.3513 0.5141, -0.4415 0.3137 0.5141, -0.4675 0.2735 0.5141, -0.4897 0.2313 0.5141, -0.5082 0.1872 0.5141, -0.5227 0.1417 0.5141, -0.5332 0.0951 0.5141, -0.5395 0.0477 0.5141, -0.5416 0.0 0.5141, -0.5395 -0.0477 0.5141, -0.5332 -0.0951 0.5141, -0.5227 -0.1417 0.5141, -0.5082 -0.1872 0.5141, -0.4897 -0.2313 0.5141, -0.4675 -0.2735 0.5141, -0.4415 -0.3137 0.5141, -0.4122 -0.3513 0.5141, -0.3796 -0.3863 0.5141, -0.3441 -0.4182 0.5141, -0.3059 -0.4469 0.5141, -0.2309 -0.5118 0.5157, -0.2751 -0.4895 0.5157, -0.3171 -0.4633 0.5157, -0.3567 -0.4336 0.5157, -0.3935 -0.4005 0.5157, -0.4273 -0.3642 0.5157, -0.4577 -0.3252 0.5157, -0.4846 -0.2836 0.5157, -0.5077 -0.2397 0.5157, -0.5269 -0.1941 0.5157, -0.5419 -0.1469 0.5157, -0.5527 -0.0986 0.5157, -0.5593 -0.0495 0.5157, -0.5615 0.0 0.5157, -0.5593 0.0495 0.5157, -0.5527 0.0986 0.5157, -0.5419 0.1469 0.5157, -0.5269 0.1941 0.5157, -0.5077 0.2397 0.5157, -0.4846 0.2836 0.5157, -0.4577 0.3252 0.5157, -0.4273 0.3642 0.5157, -0.3935 0.4005 0.5157, -0.3567 0.4336 0.5157, -0.3171 0.4633 0.5157, -0.2751 0.4895 0.5157, -0.2309 0.5118 0.5157, 0.1651 -0.4213 0.4431, 0.1705 -0.4324 0.4657, 0.1495 -0.4398 0.4659, -0.1993 -0.4882 0.511, -0.1812 -0.4468 0.4854, -0.1685 -0.4198 0.4429, -0.174 -0.4311 0.4658, -0.1897 -0.4661 0.5007, -0.2092 -0.5118 0.5157, -0.1563 -0.4248 0.444, -0.1521 -0.439 0.4658, -0.1469 -0.4287 0.4448, -0.1247 -0.437 0.4478, -0.1293 -0.4464 0.4669, -0.1154 -0.44 0.4493, -0.1058 -0.4533 0.4688, -0.1018 -0.4445 0.4515, -0.0932 -0.447 0.4529, -0.0969 -0.4556 0.4696, -0.0731 -0.4522 0.4562, -0.0743 -0.4607 0.4717, -0.0714 -0.4527 0.4565, -0.0506 -0.4568 0.4594, -0.0526 -0.4645 0.4736, -0.0305 -0.4596 0.4615, -0.0318 -0.467 0.4749, -0.0295 -0.4597 0.4615, -0.0115 -0.4683 0.4756, -0.011 -0.461 0.4626, 0.0083 -0.4611 0.4627, 0.0086 -0.4684 0.4757, 0.0148 -0.4607 0.4624, 0.0288 -0.4673 0.4751, 0.0276 -0.4599 0.4617, 0.0437 -0.4579 0.4602, 0.0455 -0.4655 0.4741, 0.0587 -0.4552 0.4583, 0.0659 -0.4623 0.4725, 0.0634 -0.4544 0.4577, 0.0833 -0.4498 0.4546, 0.0866 -0.458 0.4706, 0.1015 -0.4446 0.4516, 0.1075 -0.4528 0.4686, 0.1035 -0.444 0.4512, 0.1239 -0.4373 0.4479, 0.1285 -0.4467 0.467, 0.1428 -0.4302 0.4453, 0.1444 -0.4297 0.4451, 0.1776 -0.4478 0.4851, 0.1558 -0.4538 0.484, 0.134 -0.4593 0.4838, 0.1121 -0.4643 0.4842, 0.0903 -0.4687 0.485, 0.0688 -0.4722 0.4859, 0.0475 -0.4748 0.4868, 0.03 -0.4763 0.4873, 0.009 -0.4772 0.4877, -0.012 -0.4772 0.4877, -0.0331 -0.4761 0.4873, -0.0549 -0.474 0.4865, -0.0775 -0.4709 0.4855, -0.1011 -0.4666 0.4846, -0.1103 -0.4647 0.4843, -0.1348 -0.4591 0.4838, -0.1585 -0.4531 0.4841, 0.1859 -0.4668 0.5003, 0.1952 -0.4885 0.5107, 0.1631 -0.4709 0.4987, 0.1709 -0.4905 0.5095, 0.1401 -0.4747 0.4978, 0.1467 -0.4924 0.5086, 0.1172 -0.4783 0.4975, 0.1225 -0.4943 0.5081, 0.0943 -0.4814 0.4975, 0.0986 -0.4959 0.5079, 0.0718 -0.4839 0.4978, 0.0749 -0.4972 0.5078, 0.0496 -0.4858 0.4981, 0.0517 -0.4982 0.5078, 0.0313 -0.4869 0.4983, 0.0327 -0.4988 0.5078, 0.0093 -0.4875 0.4985, 0.0097 -0.4991 0.5079, -0.0125 -0.4875 0.4985, -0.013 -0.4991 0.5079, -0.0346 -0.4867 0.4983, -0.0361 -0.4987 0.5078, -0.0573 -0.4852 0.498, -0.0598 -0.4979 0.5078, -0.0809 -0.483 0.4977, -0.0845 -0.4967 0.5078, -0.1056 -0.4799 0.4975, -0.1104 -0.4951 0.5079, -0.1153 -0.4786 0.4975, -0.1206 -0.4944 0.5081, -0.141 -0.4746 0.4979, -0.1476 -0.4924 0.5086, -0.1658 -0.4704 0.4989, -0.1739 -0.4902 0.5096, 0.1859 -0.4121 0.4423, 0.1899 -0.421 0.4597, 0.183 -0.4134 0.4424, 0.1915 -0.4245 0.4667, 0.1948 -0.4318 0.4755, 0.1992 -0.4417 0.4872, 0.2006 -0.4447 0.4894, 0.2074 -0.4597 0.5006, 0.2087 -0.4628 0.5028, 0.2149 -0.4764 0.5083, 0.2195 -0.4866 0.5125, 0.2227 -0.4938 0.5134, -0.1823 -0.5118 0.5157, -0.1545 -0.5118 0.5157, -0.126 -0.5118 0.5157, -0.1153 -0.5118 0.5157, -0.0882 -0.5118 0.5157, -0.0623 -0.5118 0.5157, -0.0376 -0.5118 0.5157, -0.0136 -0.5118 0.5157, 0.0102 -0.5118 0.5157, 0.034 -0.5118 0.5157, 0.0539 -0.5118 0.5157, 0.0782 -0.5118 0.5157, 0.1029 -0.5118 0.5157, 0.128 -0.5118 0.5157, 0.1535 -0.5118 0.5157, 0.1792 -0.5118 0.5157, 0.2049 -0.5118 0.5157, 0.2309 -0.5118 0.5157, -0.1776 0.4478 0.4851, -0.1705 0.4324 0.4657, 0.0 0.4685 0.4758, 0.0 0.4612 0.4628, -0.0092 0.4611 0.4627, 0.0 0.4773 0.4877, -0.0095 0.4683 0.4757, -0.0276 0.4599 0.4617, -0.0288 0.4673 0.4751, -0.0437 0.4579 0.4602, -0.0455 0.4655 0.4741, -0.0442 0.4578 0.4602, -0.0659 0.4623 0.4725, -0.0634 0.4544 0.4577, -0.0833 0.4498 0.4546, -0.0866 0.458 0.4706, -0.0874 0.4486 0.4539, -0.1075 0.4528 0.4686, -0.1035 0.444 0.4512, -0.1239 0.4373 0.4479, -0.1285 0.4467 0.467, -0.1292 0.4353 0.4472, -0.1495 0.4398 0.4659, -0.1859 0.4668 0.5003, -0.1952 0.4885 0.5107, -0.1631 0.4709 0.4987, -0.1709 0.4905 0.5095, -0.1401 0.4747 0.4978, -0.1467 0.4924 0.5086, -0.1172 0.4783 0.4975, -0.1225 0.4943 0.5081, -0.0943 0.4814 0.4975, -0.0986 0.4959 0.5079, -0.0718 0.4839 0.4978, -0.0749 0.4972 0.5078, -0.0496 0.4858 0.4981, -0.0517 0.4982 0.5078, -0.0313 0.4869 0.4983, -0.0327 0.4988 0.5078, -0.0104 0.4875 0.4985, -0.0108 0.4991 0.5079, 0.0 0.4992 0.5079, 0.0 0.5118 0.5157, -0.1697 0.4192 0.4429, -0.1651 0.4213 0.4431, -0.1444 0.4297 0.4451, -0.1558 0.4538 0.484, -0.134 0.4593 0.4838, -0.1121 0.4643 0.4842, -0.0903 0.4687 0.485, -0.0688 0.4722 0.4859, -0.0475 0.4748 0.4868, -0.03 0.4763 0.4873, -0.01 0.4772 0.4877, 0.0 0.4876 0.4985, -0.0113 0.5118 0.5157, -0.034 0.5118 0.5157, -0.0539 0.5118 0.5157, -0.0782 0.5118 0.5157, -0.1029 0.5118 0.5157, -0.128 0.5118 0.5157, -0.1535 0.5118 0.5157, -0.1792 0.5118 0.5157, -0.2049 0.5118 0.5157, 0.2215 -0.3942 0.4423, 0.2259 -0.4021 0.4601, 0.2219 -0.3939 0.4423, 0.2605 -0.3806 0.4601, 0.2554 -0.3731 0.4423, 0.2586 -0.3707 0.4423, 0.293 -0.3562 0.4601, 0.2873 -0.3492 0.4423, 0.2929 -0.3441 0.4423, 0.3233 -0.329 0.4601, 0.3169 -0.3225 0.4423, 0.3245 -0.3143 0.4423, 0.351 -0.2992 0.4601, 0.3441 -0.2933 0.4423, 0.3532 -0.2816 0.4423, 0.376 -0.2671 0.4601, 0.3686 -0.2618 0.4423, 0.3786 -0.2464 0.4423, 0.3981 -0.2329 0.4601, 0.3902 -0.2283 0.4423, 0.417 -0.1969 0.4601, 0.4005 -0.2089 0.4423, 0.4088 -0.1931 0.4423, 0.4328 -0.1594 0.4601, 0.4187 -0.1695 0.4423, 0.4243 -0.1563 0.4423, 0.4331 -0.1285 0.4423, 0.4451 -0.1207 0.4601, 0.4364 -0.1183 0.4423, 0.4435 -0.0864 0.4423, 0.454 -0.081 0.4601, 0.4521 0.0 0.4423, 0.4612 0.0 0.4601, 0.4504 -0.0398 0.4423, 0.4594 -0.0406 0.4601, 0.4499 -0.0434 0.4423, 0.4451 -0.0794 0.4423, 0.4731 0.0 0.476, 0.4713 -0.0417 0.476, 0.4658 -0.0831 0.476, 0.4567 -0.1238 0.476, 0.444 -0.1635 0.476, 0.4278 -0.202 0.476, 0.4084 -0.2389 0.476, 0.3857 -0.274 0.476, 0.3601 -0.3069 0.476, 0.3316 -0.3375 0.476, 0.3006 -0.3654 0.476, 0.2672 -0.3904 0.476, 0.2318 -0.4125 0.476, 0.4876 0.0 0.4898, 0.4857 -0.043 0.4898, 0.48 -0.0856 0.4898, 0.4706 -0.1276 0.4898, 0.4575 -0.1685 0.4898, 0.4409 -0.2082 0.4898, 0.4208 -0.2462 0.4898, 0.3975 -0.2824 0.4898, 0.3711 -0.3163 0.4898, 0.3417 -0.3478 0.4898, 0.3098 -0.3765 0.4898, 0.2754 -0.4024 0.4898, 0.2389 -0.4251 0.4898, 0.5041 0.0 0.5009, 0.5022 -0.0444 0.5009, 0.4963 -0.0885 0.5009, 0.4866 -0.1319 0.5009, 0.4731 -0.1743 0.5009, 0.4559 -0.2153 0.5009, 0.4351 -0.2546 0.5009, 0.411 -0.2919 0.5009, 0.3837 -0.327 0.5009, 0.3533 -0.3596 0.5009, 0.3203 -0.3893 0.5009, 0.2847 -0.416 0.5009, 0.247 -0.4395 0.5009, 0.5223 0.0 0.5091, 0.5203 -0.046 0.5091, 0.5142 -0.0917 0.5091, 0.5041 -0.1366 0.5091, 0.4901 -0.1805 0.5091, 0.4723 -0.223 0.5091, 0.4508 -0.2638 0.5091, 0.4258 -0.3025 0.5091, 0.3975 -0.3388 0.5091, 0.3661 -0.3725 0.5091, 0.3318 -0.4033 0.5091, 0.295 -0.431 0.5091, 0.2559 -0.4553 0.5091, 0.5416 0.0 0.5141, 0.5395 -0.0477 0.5141, 0.5332 -0.0951 0.5141, 0.5227 -0.1417 0.5141, 0.5082 -0.1872 0.5141, 0.4897 -0.2313 0.5141, 0.4675 -0.2735 0.5141, 0.4415 -0.3137 0.5141, 0.4122 -0.3513 0.5141, 0.3796 -0.3863 0.5141, 0.3441 -0.4182 0.5141, 0.3059 -0.4469 0.5141, 0.2653 -0.4722 0.5141, 0.5615 0.0 0.5157, 0.5593 -0.0495 0.5157, 0.5527 -0.0986 0.5157, 0.5419 -0.1469 0.5157, 0.5269 -0.1941 0.5157, 0.5077 -0.2397 0.5157, 0.4846 -0.2836 0.5157, 0.4577 -0.3252 0.5157, 0.4273 -0.3642 0.5157, 0.3935 -0.4005 0.5157, 0.3567 -0.4336 0.5157, 0.3171 -0.4633 0.5157, 0.2751 -0.4895 0.5157, 0.0228 0.499 0.5079, 0.2227 0.4938 0.5134, 0.2195 0.4866 0.5125, 0.1953 0.4885 0.5107, 0.2149 0.4764 0.5083, 0.2087 0.4628 0.5028, 0.186 0.4668 0.5003, 0.2006 0.4447 0.4894, 0.1992 0.4417 0.4872, 0.1777 0.4478 0.4851, 0.1899 0.421 0.4597, 0.1859 0.4121 0.4423, 0.1652 0.4212 0.4431, 0.1948 0.4318 0.4755, 0.1915 0.4245 0.4667, 0.1706 0.4323 0.4657, 0.2074 0.4597 0.5006, 0.2051 0.5118 0.5157, 0.2309 0.5118 0.5157, 0.1635 0.4219 0.4433, 0.1486 0.4402 0.4659, 0.1435 0.43 0.4452, 0.1243 0.4371 0.4479, 0.1258 0.4475 0.4672, 0.1212 0.4382 0.4483, 0.0985 0.4455 0.4521, 0.1023 0.4542 0.4691, 0.084 0.4495 0.4545, 0.0837 0.4587 0.4708, 0.0805 0.4505 0.455, 0.0593 0.4552 0.4583, 0.0617 0.463 0.4728, 0.0424 0.458 0.4603, 0.0405 0.4661 0.4744, 0.0389 0.4586 0.4607, 0.0193 0.4606 0.4623, 0.0201 0.4679 0.4754, 0.0209 0.4768 0.4875, 0.0423 0.4753 0.487, 0.0643 0.4728 0.4861, 0.0873 0.4692 0.4851, 0.1067 0.4655 0.4844, 0.1311 0.46 0.4838, 0.1548 0.454 0.484, 0.0218 0.4873 0.4984, 0.0441 0.4862 0.4982, 0.0671 0.4844 0.4978, 0.0911 0.4818 0.4975, 0.1115 0.4791 0.4975, 0.1371 0.4752 0.4978, 0.162 0.471 0.4987, 0.046 0.4984 0.5078, 0.0701 0.4974 0.5078, 0.0952 0.4961 0.5078, 0.1166 0.4947 0.508, 0.1436 0.4927 0.5085, 0.1698 0.4906 0.5094, 0.178 0.5118 0.5157, 0.1502 0.5118 0.5157, 0.1218 0.5118 0.5157, 0.0994 0.5118 0.5157, 0.0731 0.5118 0.5157, 0.048 0.5118 0.5157, 0.0237 0.5118 0.5157, 0.2653 0.4722 0.5141, 0.2389 0.4251 0.4898, 0.293 0.3562 0.4601, 0.2605 0.3806 0.4601, 0.2672 0.3904 0.476, 0.2013 0.4043 0.4423, 0.2378 0.384 0.4423, 0.2215 0.3942 0.4423, 0.2259 0.4021 0.4601, 0.3338 0.3043 0.4423, 0.3169 0.3225 0.4423, 0.3233 0.329 0.4601, 0.3605 0.2722 0.4423, 0.3441 0.2933 0.4423, 0.351 0.2992 0.4601, 0.4594 0.0406 0.4601, 0.4504 0.0398 0.4423, 0.4501 0.0417 0.4423, 0.454 0.081 0.4601, 0.4451 0.0794 0.4423, 0.4443 0.083 0.4423, 0.4451 0.1207 0.4601, 0.4364 0.1183 0.4423, 0.4347 0.1237 0.4423, 0.4328 0.1594 0.4601, 0.4243 0.1563 0.4423, 0.4214 0.1632 0.4423, 0.417 0.1969 0.4601, 0.4088 0.1931 0.4423, 0.4045 0.2014 0.4423, 0.3981 0.2329 0.4601, 0.3686 0.2618 0.4423, 0.376 0.2671 0.4601, 0.3841 0.2378 0.4423, 0.3902 0.2283 0.4423, 0.2554 0.3731 0.4423, 0.2722 0.3605 0.4423, 0.2873 0.3492 0.4423, 0.3043 0.3338 0.4423, 0.4713 0.0417 0.476, 0.4658 0.0831 0.476, 0.4567 0.1238 0.476, 0.444 0.1635 0.476, 0.4278 0.202 0.476, 0.4084 0.2389 0.476, 0.3857 0.274 0.476, 0.3601 0.3069 0.476, 0.2318 0.4125 0.476, 0.4857 0.043 0.4898, 0.48 0.0856 0.4898, 0.4706 0.1276 0.4898, 0.4575 0.1685 0.4898, 0.4409 0.2082 0.4898, 0.4208 0.2462 0.4898, 0.3975 0.2824 0.4898, 0.3711 0.3163 0.4898, 0.3417 0.3478 0.4898, 0.5022 0.0444 0.5009, 0.4963 0.0885 0.5009, 0.4866 0.1319 0.5009, 0.4731 0.1743 0.5009, 0.4559 0.2153 0.5009, 0.4351 0.2546 0.5009, 0.411 0.2919 0.5009, 0.3837 0.327 0.5009, 0.3533 0.3596 0.5009, 0.3203 0.3893 0.5009, 0.5203 0.046 0.5091, 0.5142 0.0917 0.5091, 0.5041 0.1366 0.5091, 0.4901 0.1805 0.5091, 0.4723 0.223 0.5091, 0.4508 0.2638 0.5091, 0.4258 0.3025 0.5091, 0.3975 0.3388 0.5091, 0.3661 0.3725 0.5091, 0.3318 0.4033 0.5091, 0.295 0.431 0.5091, 0.3006 0.3654 0.476, 0.2754 0.4024 0.4898, 0.247 0.4395 0.5009, 0.3316 0.3375 0.476, 0.3098 0.3765 0.4898, 0.2847 0.416 0.5009, 0.2559 0.4553 0.5091, 0.5395 0.0477 0.5141, 0.5332 0.0951 0.5141, 0.5227 0.1417 0.5141, 0.5082 0.1872 0.5141, 0.4897 0.2313 0.5141, 0.4675 0.2735 0.5141, 0.4415 0.3137 0.5141, 0.4122 0.3513 0.5141, 0.3796 0.3863 0.5141, 0.3441 0.4182 0.5141, 0.3059 0.4469 0.5141, 0.2751 0.4895 0.5157, 0.3171 0.4633 0.5157, 0.3567 0.4336 0.5157, 0.3935 0.4005 0.5157, 0.4273 0.3642 0.5157, 0.4577 0.3252 0.5157, 0.4846 0.2836 0.5157, 0.5077 0.2397 0.5157, 0.5269 0.1941 0.5157, 0.5419 0.1469 0.5157, 0.5527 0.0986 0.5157, 0.5593 0.0495 0.5157, 0.4005 -0.2089 0.1561, 0.3916 -0.2261 0.1561, 0.3994 -0.2306 0.1384, 0.3786 -0.2464 0.1561, 0.3704 -0.2593 0.1561, 0.3778 -0.2645 0.1384, 0.3532 -0.2817 0.1561, 0.3464 -0.2906 0.1561, 0.3533 -0.2965 0.1384, 0.3246 -0.3144 0.1561, 0.3197 -0.3197 0.1561, 0.3261 -0.3261 0.1384, 0.2218 -0.3938 0.1561, 0.1911 -0.4098 0.1561, 0.1949 -0.418 0.1384, 0.1829 -0.4132 0.1561, 0.1546 -0.4249 0.1561, 0.1577 -0.4334 0.1384, 0.1424 -0.4287 0.1561, 0.117 -0.4367 0.1561, 0.1194 -0.4455 0.1384, -0.029 -0.4509 0.1561, -0.0394 -0.4504 0.1561, -0.0402 -0.4595 0.1384, -0.0721 -0.4461 0.1561, -0.0785 -0.4453 0.1561, -0.0801 -0.4542 0.1384, -0.1961 -0.4072 0.1561, -0.2261 -0.3916 0.1561, -0.2306 -0.3994 0.1384, -0.2342 -0.3864 0.1561, -0.2593 -0.3704 0.1561, -0.2645 -0.3778 0.1384, -0.2702 -0.362 0.1561, -0.2906 -0.3464 0.1561, -0.2965 -0.3533 0.1384, -0.3864 -0.2342 0.1561, -0.3916 -0.2261 0.1561, -0.3994 -0.2306 0.1384, -0.4072 -0.1961 0.1561, -0.4098 -0.1911 0.1561, -0.418 -0.1949 0.1384, -0.4461 -0.0721 0.1561, -0.4504 -0.0394 0.1561, -0.4595 -0.0402 0.1384, -0.4509 -0.029 0.1561, -0.4521 0.0 0.1561, -0.4612 0.0 0.1384, -0.4515 0.0145 0.1561, -0.4504 0.0394 0.1561, -0.4595 0.0402 0.1384, -0.4132 0.1829 0.1561, -0.4098 0.1911 0.1561, -0.418 0.1949 0.1384, -0.3938 0.2218 0.1561, -0.3916 0.2261 0.1561, -0.3994 0.2306 0.1384, -0.3144 0.3246 0.1561, -0.2906 0.3464 0.1561, -0.2965 0.3533 0.1384, -0.2817 0.3532 0.1561, -0.2593 0.3704 0.1561, -0.2645 0.3778 0.1384, -0.2464 0.3786 0.1561, -0.2261 0.3916 0.1561, -0.2306 0.3994 0.1384, 0.2289 -0.4909 0.0844, 0.2708 -0.469 0.0844, 0.2612 -0.4523 0.0894, 0.5593 -0.0489 0.0827, 0.5615 0.0 0.0827, 0.5416 0.0 0.0844, 0.5529 -0.0975 0.0827, 0.5395 -0.0472 0.0844, 0.5423 -0.1453 0.0827, 0.5334 -0.094 0.0844, 0.5276 -0.192 0.0827, 0.5231 -0.1402 0.0844, 0.5089 -0.2373 0.0827, 0.5089 -0.1852 0.0844, 0.4862 -0.2807 0.0827, 0.4909 -0.2289 0.0844, 0.4599 -0.322 0.0827, 0.469 -0.2708 0.0844, 0.4301 -0.3609 0.0827, 0.4437 -0.3107 0.0844, 0.2807 -0.4862 0.0827, 0.2373 -0.5089 0.0827, 0.192 -0.5276 0.0827, 0.2892 -0.413 0.0975, 0.2996 -0.4278 0.0894, 0.3107 -0.4437 0.0844, 0.322 -0.4599 0.0827, 0.3134 -0.3735 0.1086, 0.324 -0.3862 0.0975, 0.3357 -0.4001 0.0894, 0.3481 -0.4149 0.0844, 0.3609 -0.4301 0.0827, 0.3346 -0.3346 0.1224, 0.3448 -0.3448 0.1086, 0.3565 -0.3565 0.0975, 0.3693 -0.3693 0.0894, 0.383 -0.383 0.0844, 0.397 -0.397 0.0827, -0.0412 0.4713 0.1224, 0.0 0.4731 0.1224, 0.0 0.4876 0.1086, 0.3624 -0.3041 0.1224, 0.3735 -0.3134 0.1086, 0.3862 -0.324 0.0975, 0.4001 -0.3357 0.0894, 0.4149 -0.3481 0.0844, 0.0 0.4612 0.1384, -0.0402 0.4595 0.1384, -0.0801 0.4542 0.1384, -0.1577 0.4334 0.1384, -0.1194 0.4455 0.1384, -0.1225 0.457 0.1224, -0.0822 0.4659 0.1224, -0.0847 0.4802 0.1086, -0.0425 0.4857 0.1086, -0.0439 0.5022 0.0975, 0.0 0.5041 0.0975, 0.0 0.5223 0.0894, -0.1453 0.5423 0.0827, -0.192 0.5276 0.0827, -0.1852 0.5089 0.0844, -0.2289 0.4909 0.0844, -0.2207 0.4734 0.0894, -0.2612 0.4523 0.0894, -0.2521 0.4366 0.0975, -0.2892 0.413 0.0975, -0.2797 0.3994 0.1086, -0.3134 0.3735 0.1086, -0.3041 0.3624 0.1224, -0.3346 0.3346 0.1224, -0.3261 0.3261 0.1384, -0.3533 0.2965 0.1384, -0.2373 0.5089 0.0827, -0.2708 0.469 0.0844, -0.2996 0.4278 0.0894, -0.324 0.3862 0.0975, -0.3448 0.3448 0.1086, -0.3624 0.3041 0.1224, -0.3778 0.2645 0.1384, -0.3704 0.2593 0.1561, -0.3708 0.2587 0.1561, -0.3609 0.4301 0.0827, -0.397 0.397 0.0827, -0.383 0.383 0.0844, -0.4149 0.3481 0.0844, -0.4001 0.3357 0.0894, -0.4278 0.2996 0.0894, -0.413 0.2892 0.0975, -0.4366 0.2521 0.0975, -0.4223 0.2438 0.1086, -0.4419 0.2061 0.1086, -0.4288 0.2 0.1224, -0.4446 0.1618 0.1224, -0.4334 0.1577 0.1384, -0.4455 0.1194 0.1384, -0.5276 0.192 0.0827, -0.5423 0.1453 0.0827, -0.5231 0.1402 0.0844, -0.5334 0.094 0.0844, -0.5144 0.0907 0.0894, -0.5203 0.0455 0.0894, -0.5022 0.0439 0.0975, -0.5041 0.0 0.0975, -0.4876 0.0 0.1086, -0.4857 -0.0425 0.1086, -0.4713 -0.0412 0.1224, -0.4659 -0.0822 0.1224, -0.4542 -0.0801 0.1384, -0.4455 -0.1194 0.1384, -0.5529 0.0975 0.0827, -0.5395 0.0472 0.0844, -0.5223 0.0 0.0894, -0.5022 -0.0439 0.0975, -0.4802 -0.0847 0.1086, -0.457 -0.1225 0.1224, -0.4334 -0.1577 0.1384, -0.4249 -0.1546 0.1561, -0.4243 -0.1561 0.1561, -0.5593 -0.0489 0.0827, -0.5529 -0.0975 0.0827, -0.5334 -0.094 0.0844, -0.5231 -0.1402 0.0844, -0.5045 -0.1352 0.0894, -0.4908 -0.1786 0.0894, -0.4737 -0.1724 0.0975, -0.4569 -0.2131 0.0975, -0.4419 -0.2061 0.1086, -0.4223 -0.2438 0.1086, -0.4097 -0.2366 0.1224, -0.3876 -0.2714 0.1224, -0.3778 -0.2645 0.1384, -0.3533 -0.2965 0.1384, -0.4599 -0.322 0.0827, -0.4301 -0.3609 0.0827, -0.4149 -0.3481 0.0844, -0.383 -0.383 0.0844, -0.3693 -0.3693 0.0894, -0.3357 -0.4001 0.0894, -0.324 -0.3862 0.0975, -0.2892 -0.413 0.0975, -0.2797 -0.3994 0.1086, -0.2438 -0.4223 0.1086, -0.2366 -0.4097 0.1224, -0.2 -0.4288 0.1224, -0.1949 -0.418 0.1384, -0.1577 -0.4334 0.1384, -0.397 -0.397 0.0827, -0.3481 -0.4149 0.0844, -0.2996 -0.4278 0.0894, -0.2521 -0.4366 0.0975, -0.2061 -0.4419 0.1086, -0.1618 -0.4446 0.1224, -0.1194 -0.4455 0.1384, -0.117 -0.4367 0.1561, -0.1147 -0.4373 0.1561, -0.2807 -0.4862 0.0827, -0.2373 -0.5089 0.0827, -0.2289 -0.4909 0.0844, -0.1852 -0.5089 0.0844, -0.1786 -0.4908 0.0894, -0.1352 -0.5045 0.0894, -0.1305 -0.4869 0.0975, -0.0875 -0.4965 0.0975, -0.0847 -0.4802 0.1086, -0.0425 -0.4857 0.1086, -0.0412 -0.4713 0.1224, 0.0 -0.4731 0.1224, 0.0 -0.4612 0.1384, 0.0402 -0.4595 0.1384, 0.0 -0.5615 0.0827, 0.0489 -0.5593 0.0827, 0.0472 -0.5395 0.0844, 0.094 -0.5334 0.0844, 0.0907 -0.5144 0.0894, 0.1352 -0.5045 0.0894, 0.1305 -0.4869 0.0975, 0.1724 -0.4737 0.0975, 0.1668 -0.4582 0.1086, 0.2061 -0.4419 0.1086, 0.2 -0.4288 0.1224, 0.2366 -0.4097 0.1224, 0.2306 -0.3994 0.1384, 0.2645 -0.3778 0.1384, 0.0975 -0.5529 0.0827, 0.1402 -0.5231 0.0844, 0.1786 -0.4908 0.0894, 0.2131 -0.4569 0.0975, 0.2438 -0.4223 0.1086, 0.2714 -0.3876 0.1224, 0.2965 -0.3533 0.1384, 0.2906 -0.3464 0.1561, 0.293 -0.3442 0.1561, 0.0 0.4521 0.1561, -0.0394 0.4504 0.1561, -0.0434 0.4499 0.1561, -0.0785 0.4453 0.1561, -0.0864 0.4435 0.1561, -0.117 0.4367 0.1561, -0.2089 0.4005 0.1561, -0.1911 0.4098 0.1561, -0.1949 0.418 0.1384, -0.1618 0.4446 0.1224, -0.1262 0.471 0.1086, -0.0875 0.4965 0.0975, -0.0455 0.5203 0.0894, 0.0 0.5416 0.0844, -0.1695 0.4187 0.1561, -0.1546 0.4249 0.1561, -0.1285 0.4331 0.1561, -0.2 0.4288 0.1224, -0.1668 0.4582 0.1086, -0.1305 0.4869 0.0975, -0.0907 0.5144 0.0894, -0.0472 0.5395 0.0844, 0.0 0.5615 0.0827, -0.2366 0.4097 0.1224, -0.2061 0.4419 0.1086, -0.1724 0.4737 0.0975, -0.1352 0.5045 0.0894, -0.094 0.5334 0.0844, -0.0489 0.5593 0.0827, -0.2714 0.3876 0.1224, -0.2438 0.4223 0.1086, -0.2131 0.4569 0.0975, -0.1786 0.4908 0.0894, -0.1402 0.5231 0.0844, -0.0975 0.5529 0.0827, -0.3464 0.2906 0.1561, -0.3442 0.293 0.1561, -0.3197 0.3197 0.1561, -0.3876 0.2714 0.1224, -0.3735 0.3134 0.1086, -0.3565 0.3565 0.0975, -0.3357 0.4001 0.0894, -0.3107 0.4437 0.0844, -0.2807 0.4862 0.0827, -0.4097 0.2366 0.1224, -0.3994 0.2797 0.1086, -0.3862 0.324 0.0975, -0.3693 0.3693 0.0894, -0.3481 0.4149 0.0844, -0.322 0.4599 0.0827, -0.4249 0.1546 0.1561, -0.448 0.0578 0.1561, -0.4453 0.0785 0.1561, -0.4542 0.0801 0.1384, -0.457 0.1225 0.1224, -0.4582 0.1668 0.1086, -0.4569 0.2131 0.0975, -0.4523 0.2612 0.0894, -0.4437 0.3107 0.0844, -0.4301 0.3609 0.0827, -0.4404 0.1005 0.1561, -0.4367 0.117 0.1561, -0.4287 0.1424 0.1561, -0.4659 0.0822 0.1224, -0.471 0.1262 0.1086, -0.4737 0.1724 0.0975, -0.4734 0.2207 0.0894, -0.469 0.2708 0.0844, -0.4599 0.322 0.0827, -0.4713 0.0412 0.1224, -0.4802 0.0847 0.1086, -0.4869 0.1305 0.0975, -0.4908 0.1786 0.0894, -0.4909 0.2289 0.0844, -0.4862 0.2807 0.0827, -0.4731 0.0 0.1224, -0.4857 0.0425 0.1086, -0.4965 0.0875 0.0975, -0.5045 0.1352 0.0894, -0.5089 0.1852 0.0844, -0.5089 0.2373 0.0827, -0.4367 -0.117 0.1561, -0.4373 -0.1147 0.1561, -0.4453 -0.0785 0.1561, -0.4446 -0.1618 0.1224, -0.471 -0.1262 0.1086, -0.4965 -0.0875 0.0975, -0.5203 -0.0455 0.0894, -0.5416 0.0 0.0844, -0.5593 0.0489 0.0827, -0.4288 -0.2 0.1224, -0.4582 -0.1668 0.1086, -0.4869 -0.1305 0.0975, -0.5144 -0.0907 0.0894, -0.5395 -0.0472 0.0844, -0.5615 0.0 0.0827, -0.3704 -0.2593 0.1561, -0.3037 -0.3344 0.1561, -0.3197 -0.3197 0.1561, -0.3261 -0.3261 0.1384, -0.3624 -0.3041 0.1224, -0.3994 -0.2797 0.1086, -0.4366 -0.2521 0.0975, -0.4734 -0.2207 0.0894, -0.5089 -0.1852 0.0844, -0.5423 -0.1453 0.0827, -0.3344 -0.3037 0.1561, -0.3464 -0.2906 0.1561, -0.362 -0.2702 0.1561, -0.3346 -0.3346 0.1224, -0.3735 -0.3134 0.1086, -0.413 -0.2892 0.0975, -0.4523 -0.2612 0.0894, -0.4909 -0.2289 0.0844, -0.5276 -0.192 0.0827, -0.3041 -0.3624 0.1224, -0.3448 -0.3448 0.1086, -0.3862 -0.324 0.0975, -0.4278 -0.2996 0.0894, -0.469 -0.2708 0.0844, -0.5089 -0.2373 0.0827, -0.2714 -0.3876 0.1224, -0.3134 -0.3735 0.1086, -0.3565 -0.3565 0.0975, -0.4001 -0.3357 0.0894, -0.4437 -0.3107 0.0844, -0.4862 -0.2807 0.0827, -0.1546 -0.4249 0.1561, -0.1561 -0.4243 0.1561, -0.1911 -0.4098 0.1561, -0.1225 -0.457 0.1224, -0.1668 -0.4582 0.1086, -0.2131 -0.4569 0.0975, -0.2612 -0.4523 0.0894, -0.3107 -0.4437 0.0844, -0.3609 -0.4301 0.0827, -0.0822 -0.4659 0.1224, -0.1262 -0.471 0.1086, -0.1724 -0.4737 0.0975, -0.2207 -0.4734 0.0894, -0.2708 -0.469 0.0844, -0.322 -0.4599 0.0827, 0.0 -0.4521 0.1561, 0.1005 -0.4404 0.1561, 0.0785 -0.4453 0.1561, 0.0801 -0.4542 0.1384, 0.0412 -0.4713 0.1224, 0.0 -0.4876 0.1086, -0.0439 -0.5022 0.0975, -0.0907 -0.5144 0.0894, -0.1402 -0.5231 0.0844, -0.192 -0.5276 0.0827, 0.0578 -0.448 0.1561, 0.0394 -0.4504 0.1561, 0.0145 -0.4515 0.1561, 0.0822 -0.4659 0.1224, 0.0425 -0.4857 0.1086, 0.0 -0.5041 0.0975, -0.0455 -0.5203 0.0894, -0.094 -0.5334 0.0844, -0.1453 -0.5423 0.0827, 0.1225 -0.457 0.1224, 0.0847 -0.4802 0.1086, 0.0439 -0.5022 0.0975, 0.0 -0.5223 0.0894, -0.0472 -0.5395 0.0844, -0.0975 -0.5529 0.0827, 0.1618 -0.4446 0.1224, 0.1262 -0.471 0.1086, 0.0875 -0.4965 0.0975, 0.0455 -0.5203 0.0894, 0.0 -0.5416 0.0844, -0.0489 -0.5593 0.0827, 0.2593 -0.3704 0.1561, 0.2587 -0.3708 0.1561, 0.2261 -0.3916 0.1561, 0.3041 -0.3624 0.1224, 0.2797 -0.3994 0.1086, 0.2521 -0.4366 0.0975, 0.2207 -0.4734 0.0894, 0.1852 -0.5089 0.0844, 0.1453 -0.5423 0.0827, 0.4278 -0.2996 0.0894, 0.413 -0.2892 0.0975, 0.3994 -0.2797 0.1086, 0.3876 -0.2714 0.1224, 0.4523 -0.2612 0.0894, 0.4366 -0.2521 0.0975, 0.4223 -0.2438 0.1086, 0.4097 -0.2366 0.1224, 0.4734 -0.2207 0.0894, 0.4569 -0.2131 0.0975, 0.4419 -0.2061 0.1086, 0.4288 -0.2 0.1224, 0.418 -0.1949 0.1384, 0.4098 -0.1911 0.1561, 0.4334 -0.1577 0.1384, 0.4249 -0.1546 0.1561, 0.4187 -0.1695 0.1561, 0.4908 -0.1786 0.0894, 0.4737 -0.1724 0.0975, 0.4582 -0.1668 0.1086, 0.4446 -0.1618 0.1224, 0.4455 -0.1194 0.1384, 0.4367 -0.117 0.1561, 0.4331 -0.1285 0.1561, 0.5045 -0.1352 0.0894, 0.4869 -0.1305 0.0975, 0.471 -0.1262 0.1086, 0.457 -0.1225 0.1224, 0.4542 -0.0801 0.1384, 0.4453 -0.0785 0.1561, 0.4435 -0.0864 0.1561, 0.5144 -0.0907 0.0894, 0.4965 -0.0875 0.0975, 0.4802 -0.0847 0.1086, 0.4659 -0.0822 0.1224, 0.4595 -0.0402 0.1384, 0.4504 -0.0394 0.1561, 0.4499 -0.0434 0.1561, 0.5203 -0.0455 0.0894, 0.5022 -0.0439 0.0975, 0.4857 -0.0425 0.1086, 0.4713 -0.0412 0.1224, 0.5223 0.0 0.0894, 0.5041 0.0 0.0975, 0.4876 0.0 0.1086, 0.4731 0.0 0.1224, 0.4612 0.0 0.1384, 0.4521 0.0 0.1561, 0.3338 0.3043 0.1561, 0.3464 0.2906 0.1561, 0.3533 0.2965 0.1384, 0.3605 0.2722 0.1561, 0.3704 0.2593 0.1561, 0.3778 0.2645 0.1384, 0.3841 0.2378 0.1561, 0.3916 0.2261 0.1561, 0.3994 0.2306 0.1384, 0.0489 0.5593 0.0827, 0.0975 0.5529 0.0827, 0.0472 0.5395 0.0844, 0.1453 0.5423 0.0827, 0.094 0.5334 0.0844, 0.192 0.5276 0.0827, 0.1402 0.5231 0.0844, 0.2373 0.5089 0.0827, 0.1852 0.5089 0.0844, 0.2807 0.4862 0.0827, 0.2289 0.4909 0.0844, 0.322 0.4599 0.0827, 0.2708 0.469 0.0844, 0.3609 0.4301 0.0827, 0.3107 0.4437 0.0844, 0.397 0.397 0.0827, 0.3481 0.4149 0.0844, 0.4301 0.3609 0.0827, 0.383 0.383 0.0844, 0.4599 0.322 0.0827, 0.4149 0.3481 0.0844, 0.4862 0.2807 0.0827, 0.4437 0.3107 0.0844, 0.5089 0.2373 0.0827, 0.469 0.2708 0.0844, 0.5276 0.192 0.0827, 0.4909 0.2289 0.0844, 0.5423 0.1453 0.0827, 0.5089 0.1852 0.0844, 0.5529 0.0975 0.0827, 0.5231 0.1402 0.0844, 0.5593 0.0489 0.0827, 0.5334 0.094 0.0844, 0.5395 0.0472 0.0844, 0.5203 0.0455 0.0894, 0.5022 0.0439 0.0975, 0.4857 0.0425 0.1086, 0.4713 0.0412 0.1224, 0.4595 0.0402 0.1384, 0.4504 0.0394 0.1561, 0.4542 0.0801 0.1384, 0.4453 0.0785 0.1561, 0.4501 0.0417 0.1561, 0.5144 0.0907 0.0894, 0.4965 0.0875 0.0975, 0.4802 0.0847 0.1086, 0.4659 0.0822 0.1224, 0.4455 0.1194 0.1384, 0.4367 0.117 0.1561, 0.4443 0.083 0.1561, 0.5045 0.1352 0.0894, 0.4869 0.1305 0.0975, 0.471 0.1262 0.1086, 0.457 0.1225 0.1224, 0.4334 0.1577 0.1384, 0.4249 0.1546 0.1561, 0.4346 0.1237 0.1561, 0.4908 0.1786 0.0894, 0.4737 0.1724 0.0975, 0.4582 0.1668 0.1086, 0.4446 0.1618 0.1224, 0.4044 0.2014 0.1561, 0.4098 0.1911 0.1561, 0.418 0.1949 0.1384, 0.4213 0.1632 0.1561, 0.4734 0.2207 0.0894, 0.4569 0.2131 0.0975, 0.4419 0.2061 0.1086, 0.4288 0.2 0.1224, 0.4523 0.2612 0.0894, 0.4366 0.2521 0.0975, 0.4223 0.2438 0.1086, 0.4097 0.2366 0.1224, 0.4278 0.2996 0.0894, 0.413 0.2892 0.0975, 0.3994 0.2797 0.1086, 0.3876 0.2714 0.1224, 0.4001 0.3357 0.0894, 0.3862 0.324 0.0975, 0.3735 0.3134 0.1086, 0.3624 0.3041 0.1224, 0.3693 0.3693 0.0894, 0.3565 0.3565 0.0975, 0.3448 0.3448 0.1086, 0.3346 0.3346 0.1224, 0.3261 0.3261 0.1384, 0.3197 0.3197 0.1561, 0.2965 0.3533 0.1384, 0.2906 0.3464 0.1561, 0.3043 0.3338 0.1561, 0.3357 0.4001 0.0894, 0.324 0.3862 0.0975, 0.3134 0.3735 0.1086, 0.3041 0.3624 0.1224, 0.2645 0.3778 0.1384, 0.2593 0.3704 0.1561, 0.2722 0.3605 0.1561, 0.2996 0.4278 0.0894, 0.2892 0.413 0.0975, 0.2797 0.3994 0.1086, 0.2714 0.3876 0.1224, 0.2306 0.3994 0.1384, 0.2261 0.3916 0.1561, 0.2378 0.3841 0.1561, 0.2612 0.4523 0.0894, 0.2521 0.4366 0.0975, 0.2438 0.4223 0.1086, 0.2366 0.4097 0.1224, 0.1949 0.418 0.1384, 0.1911 0.4098 0.1561, 0.2014 0.4044 0.1561, 0.2207 0.4734 0.0894, 0.2131 0.4569 0.0975, 0.2061 0.4419 0.1086, 0.2 0.4288 0.1224, 0.1577 0.4334 0.1384, 0.1546 0.4249 0.1561, 0.1632 0.4213 0.1561, 0.1786 0.4908 0.0894, 0.1724 0.4737 0.0975, 0.1668 0.4582 0.1086, 0.1618 0.4446 0.1224, 0.1194 0.4455 0.1384, 0.117 0.4367 0.1561, 0.1237 0.4346 0.1561, 0.1352 0.5045 0.0894, 0.1305 0.4869 0.0975, 0.1262 0.471 0.1086, 0.1225 0.457 0.1224, 0.0801 0.4542 0.1384, 0.0785 0.4453 0.1561, 0.083 0.4443 0.1561, 0.0907 0.5144 0.0894, 0.0875 0.4965 0.0975, 0.0847 0.4802 0.1086, 0.0822 0.4659 0.1224, 0.0402 0.4595 0.1384, 0.0394 0.4504 0.1561, 0.0417 0.4501 0.1561, 0.0455 0.5203 0.0894, 0.0439 0.5022 0.0975, 0.0425 0.4857 0.1086, 0.0412 0.4713 0.1224
            ]
        }
        coordIndex [
            0,1,2,-1,3,4,5,-1,6,7,8,-1,9,10,11,-1,12,13,14,-1,15,16,17,-1,18,19,9,-1,20,21,22,-1,23,24,25,-1,26,27,28,-1,27,29,28,-1,28,29,30,-1,28,30,31,-1,30,32,31,-1,31,32,33,-1,31,33,34,-1,33,35,34,-1,34,35,36,-1,34,36,37,-1,37,36,38,-1,37,38,39,-1,39,38,40,-1,39,40,41,-1,40,42,41,-1,41,42,43,-1,41,43,44,-1,43,45,44,-1,44,45,46,-1,44,46,47,-1,46,48,47,-1,47,48,49,-1,47,49,50,-1,49,51,50,-1,50,51,52,-1,50,52,53,-1,52,54,53,-1,53,54,55,-1,53,55,56,-1,56,55,57,-1,56,57,58,-1,57,59,58,-1,58,59,60,-1,58,60,61,-1,61,60,62,-1,62,63,61,-1,61,63,64,-1,61,64,65,-1,64,66,65,-1,65,66,67,-1,65,67,68,-1,67,69,68,-1,68,69,70,-1,68,70,71,-1,71,70,72,-1,71,72,73,-1,73,72,74,-1,73,74,75,-1,74,76,75,-1,75,76,77,-1,75,77,78,-1,79,80,81,-1,81,80,78,-1,81,78,82,-1,82,78,77,-1,9,19,10,-1,10,19,83,-1,10,83,84,-1,12,14,16,-1,85,86,28,-1,28,86,87,-1,28,87,26,-1,88,85,89,-1,89,85,28,-1,89,28,90,-1,90,28,31,-1,90,31,91,-1,91,31,34,-1,91,34,92,-1,92,34,37,-1,92,37,93,-1,93,37,39,-1,93,39,94,-1,94,39,41,-1,94,41,95,-1,95,41,44,-1,95,44,96,-1,96,44,47,-1,96,47,97,-1,97,47,50,-1,97,50,98,-1,98,50,53,-1,98,53,99,-1,99,53,56,-1,99,56,100,-1,100,56,58,-1,100,58,101,-1,101,58,61,-1,101,61,102,-1,102,61,65,-1,102,65,103,-1,103,65,68,-1,103,68,104,-1,104,68,71,-1,104,71,105,-1,105,71,73,-1,105,73,106,-1,106,73,75,-1,106,75,107,-1,107,75,78,-1,107,78,108,-1,108,78,80,-1,108,80,109,-1,3,11,110,-1,110,11,10,-1,110,10,17,-1,17,10,84,-1,17,84,15,-1,6,88,7,-1,7,88,89,-1,7,89,111,-1,111,89,90,-1,111,90,112,-1,112,90,91,-1,112,91,113,-1,113,91,92,-1,113,92,114,-1,114,92,93,-1,114,93,115,-1,115,93,94,-1,115,94,116,-1,116,94,95,-1,116,95,117,-1,117,95,96,-1,117,96,118,-1,118,96,97,-1,118,97,119,-1,119,97,98,-1,119,98,120,-1,120,98,99,-1,120,99,121,-1,121,99,100,-1,121,100,122,-1,122,100,101,-1,122,101,123,-1,123,101,102,-1,123,102,124,-1,124,102,103,-1,124,103,125,-1,125,103,104,-1,125,104,126,-1,126,104,105,-1,126,105,127,-1,127,105,106,-1,127,106,128,-1,128,106,107,-1,128,107,129,-1,129,107,108,-1,129,108,130,-1,130,108,109,-1,130,109,131,-1,16,14,17,-1,17,14,132,-1,17,132,110,-1,110,132,133,-1,110,133,3,-1,3,133,134,-1,3,134,4,-1,8,7,135,-1,135,7,111,-1,135,111,136,-1,136,111,112,-1,136,112,137,-1,137,112,113,-1,137,113,138,-1,138,113,114,-1,138,114,139,-1,139,114,115,-1,139,115,140,-1,140,115,116,-1,140,116,141,-1,141,116,117,-1,141,117,142,-1,142,117,118,-1,142,118,143,-1,143,118,119,-1,143,119,144,-1,144,119,120,-1,144,120,145,-1,145,120,121,-1,145,121,146,-1,146,121,122,-1,146,122,147,-1,147,122,123,-1,147,123,148,-1,148,123,124,-1,148,124,149,-1,149,124,125,-1,149,125,150,-1,150,125,126,-1,150,126,151,-1,151,126,127,-1,151,127,152,-1,152,127,128,-1,152,128,153,-1,153,128,129,-1,153,129,154,-1,154,129,130,-1,154,130,155,-1,155,130,131,-1,155,131,156,-1,157,158,8,-1,8,158,159,-1,8,159,6,-1,160,157,161,-1,161,157,8,-1,161,8,162,-1,162,8,135,-1,162,135,163,-1,163,135,136,-1,163,136,164,-1,164,136,137,-1,164,137,165,-1,165,137,138,-1,165,138,166,-1,166,138,139,-1,166,139,167,-1,167,139,140,-1,167,140,168,-1,168,140,141,-1,168,141,169,-1,169,141,142,-1,169,142,170,-1,170,142,143,-1,170,143,171,-1,171,143,144,-1,171,144,172,-1,172,144,145,-1,172,145,173,-1,173,145,146,-1,173,146,174,-1,174,146,147,-1,174,147,175,-1,175,147,148,-1,175,148,176,-1,176,148,149,-1,176,149,177,-1,177,149,150,-1,177,150,178,-1,178,150,151,-1,178,151,179,-1,179,151,152,-1,179,152,180,-1,180,152,153,-1,180,153,181,-1,181,153,154,-1,181,154,182,-1,182,154,155,-1,182,155,183,-1,183,155,156,-1,183,156,184,-1,21,18,22,-1,22,18,9,-1,22,9,185,-1,185,9,11,-1,185,11,186,-1,186,11,3,-1,186,3,187,-1,187,3,5,-1,187,5,188,-1,24,20,25,-1,25,20,22,-1,25,22,189,-1,189,22,185,-1,189,185,190,-1,190,185,186,-1,190,186,191,-1,191,186,187,-1,191,187,192,-1,192,187,188,-1,192,188,193,-1,194,160,195,-1,195,160,161,-1,195,161,196,-1,196,161,162,-1,196,162,197,-1,197,162,163,-1,197,163,198,-1,198,163,164,-1,198,164,199,-1,199,164,165,-1,199,165,200,-1,200,165,166,-1,200,166,201,-1,201,166,167,-1,201,167,202,-1,202,167,168,-1,202,168,203,-1,203,168,169,-1,203,169,204,-1,204,169,170,-1,204,170,205,-1,205,170,171,-1,205,171,206,-1,206,171,172,-1,206,172,207,-1,207,172,173,-1,207,173,208,-1,208,173,174,-1,208,174,209,-1,209,174,175,-1,209,175,210,-1,210,175,176,-1,210,176,211,-1,211,176,177,-1,211,177,212,-1,212,177,178,-1,212,178,213,-1,213,178,179,-1,213,179,214,-1,214,179,180,-1,214,180,215,-1,215,180,181,-1,215,181,216,-1,216,181,182,-1,216,182,217,-1,217,182,183,-1,217,183,218,-1,218,183,184,-1,218,184,2,-1,79,23,80,-1,80,23,25,-1,80,25,109,-1,109,25,189,-1,109,189,131,-1,131,189,190,-1,131,190,156,-1,156,190,191,-1,156,191,184,-1,184,191,192,-1,184,192,2,-1,2,192,193,-1,2,193,0,-1,1,219,2,-1,2,219,220,-1,2,220,218,-1,218,220,221,-1,218,221,217,-1,217,221,222,-1,217,222,216,-1,216,222,223,-1,216,223,215,-1,215,223,224,-1,215,224,214,-1,214,224,225,-1,214,225,213,-1,213,225,226,-1,213,226,212,-1,212,226,227,-1,212,227,211,-1,211,227,228,-1,211,228,210,-1,210,228,229,-1,210,229,209,-1,209,229,230,-1,209,230,208,-1,208,230,231,-1,208,231,207,-1,207,231,232,-1,207,232,206,-1,206,232,233,-1,206,233,205,-1,205,233,234,-1,205,234,204,-1,204,234,235,-1,204,235,203,-1,203,235,236,-1,203,236,202,-1,202,236,237,-1,202,237,201,-1,201,237,238,-1,201,238,200,-1,200,238,239,-1,200,239,199,-1,199,239,240,-1,199,240,198,-1,198,240,241,-1,198,241,197,-1,197,241,242,-1,197,242,196,-1,196,242,243,-1,196,243,195,-1,195,243,244,-1,195,244,194,-1,194,244,245,-1,246,247,248,-1,1,0,249,-1,4,134,250,-1,14,13,251,-1,133,132,252,-1,252,132,14,-1,193,188,253,-1,253,188,5,-1,254,219,1,-1,14,251,252,-1,252,251,255,-1,252,255,256,-1,255,257,256,-1,256,257,258,-1,256,258,259,-1,259,258,260,-1,259,260,261,-1,260,262,261,-1,261,262,263,-1,261,263,264,-1,264,263,265,-1,264,265,266,-1,265,267,266,-1,266,267,268,-1,266,268,269,-1,269,268,270,-1,269,270,271,-1,271,270,272,-1,271,272,273,-1,272,274,273,-1,273,274,275,-1,273,275,276,-1,276,275,277,-1,276,277,278,-1,277,279,278,-1,278,279,280,-1,278,280,281,-1,281,280,282,-1,281,282,283,-1,282,284,283,-1,283,284,285,-1,283,285,286,-1,286,285,287,-1,286,287,288,-1,287,289,288,-1,288,289,290,-1,288,290,291,-1,291,290,292,-1,291,292,248,-1,248,292,293,-1,248,293,246,-1,247,294,248,-1,248,294,295,-1,248,295,291,-1,291,295,296,-1,291,296,288,-1,288,296,297,-1,288,297,286,-1,286,297,298,-1,286,298,283,-1,283,298,299,-1,283,299,281,-1,281,299,300,-1,281,300,278,-1,278,300,301,-1,278,301,276,-1,276,301,302,-1,276,302,273,-1,273,302,303,-1,273,303,271,-1,271,303,304,-1,271,304,269,-1,269,304,305,-1,269,305,266,-1,266,305,306,-1,266,306,264,-1,264,306,307,-1,264,307,261,-1,261,307,308,-1,261,308,259,-1,259,308,309,-1,259,309,256,-1,256,309,310,-1,256,310,252,-1,252,310,250,-1,252,250,133,-1,133,250,134,-1,311,312,313,-1,313,312,314,-1,313,314,315,-1,315,314,316,-1,315,316,317,-1,317,316,318,-1,317,318,319,-1,319,318,320,-1,319,320,321,-1,321,320,322,-1,321,322,323,-1,323,322,324,-1,323,324,325,-1,325,324,326,-1,325,326,327,-1,327,326,328,-1,327,328,329,-1,329,328,330,-1,329,330,331,-1,331,330,332,-1,331,332,333,-1,333,332,334,-1,333,334,335,-1,335,334,336,-1,335,336,337,-1,337,336,338,-1,337,338,339,-1,339,338,340,-1,339,340,341,-1,341,340,342,-1,341,342,343,-1,343,342,344,-1,343,344,253,-1,253,344,249,-1,253,249,193,-1,193,249,0,-1,345,346,347,-1,347,346,348,-1,347,348,246,-1,246,348,247,-1,247,348,349,-1,247,349,294,-1,294,349,350,-1,294,350,351,-1,351,352,294,-1,294,352,311,-1,294,311,295,-1,295,311,313,-1,295,313,296,-1,296,313,315,-1,296,315,297,-1,297,315,317,-1,297,317,298,-1,298,317,319,-1,298,319,299,-1,299,319,321,-1,299,321,300,-1,300,321,323,-1,300,323,301,-1,301,323,325,-1,301,325,302,-1,302,325,327,-1,302,327,303,-1,303,327,329,-1,303,329,304,-1,304,329,331,-1,304,331,305,-1,305,331,333,-1,305,333,306,-1,306,333,335,-1,306,335,307,-1,307,335,337,-1,307,337,308,-1,308,337,339,-1,308,339,309,-1,309,339,341,-1,309,341,310,-1,310,341,343,-1,310,343,250,-1,250,343,253,-1,250,253,4,-1,4,253,5,-1,352,353,311,-1,311,353,354,-1,311,354,312,-1,312,354,355,-1,312,355,356,-1,1,249,254,-1,254,249,344,-1,254,344,357,-1,357,344,342,-1,357,342,358,-1,358,342,340,-1,358,340,359,-1,359,340,338,-1,359,338,360,-1,360,338,336,-1,360,336,361,-1,361,336,334,-1,361,334,362,-1,362,334,332,-1,362,332,363,-1,363,332,330,-1,363,330,364,-1,364,330,328,-1,364,328,365,-1,365,328,326,-1,365,326,366,-1,366,326,324,-1,366,324,367,-1,367,324,322,-1,367,322,368,-1,368,322,320,-1,368,320,369,-1,369,320,318,-1,369,318,370,-1,370,318,316,-1,370,316,371,-1,371,316,314,-1,371,314,372,-1,372,314,312,-1,372,312,373,-1,373,312,356,-1,373,356,374,-1,85,88,375,-1,87,86,376,-1,377,378,379,-1,380,377,381,-1,377,379,381,-1,381,379,382,-1,381,382,383,-1,383,382,384,-1,383,384,385,-1,385,384,386,-1,385,386,387,-1,386,388,387,-1,387,388,389,-1,387,389,390,-1,390,389,391,-1,390,391,392,-1,391,393,392,-1,392,393,394,-1,392,394,395,-1,395,394,396,-1,395,396,397,-1,398,399,400,-1,400,399,401,-1,400,401,402,-1,402,401,403,-1,402,403,404,-1,404,403,405,-1,404,405,406,-1,406,405,407,-1,406,407,408,-1,408,407,409,-1,408,409,410,-1,410,409,411,-1,410,411,412,-1,412,411,413,-1,412,413,414,-1,414,413,415,-1,414,415,416,-1,416,415,417,-1,26,87,418,-1,418,87,376,-1,418,376,419,-1,419,376,397,-1,419,397,420,-1,420,397,396,-1,86,85,376,-1,376,85,375,-1,376,375,397,-1,397,375,421,-1,397,421,395,-1,395,421,422,-1,395,422,392,-1,392,422,423,-1,392,423,390,-1,390,423,424,-1,390,424,387,-1,387,424,425,-1,387,425,385,-1,385,425,426,-1,385,426,383,-1,383,426,427,-1,383,427,381,-1,381,427,428,-1,381,428,380,-1,380,428,429,-1,6,159,398,-1,88,6,375,-1,375,6,398,-1,375,398,421,-1,421,398,400,-1,421,400,422,-1,422,400,402,-1,422,402,423,-1,423,402,404,-1,423,404,424,-1,424,404,406,-1,424,406,425,-1,425,406,408,-1,425,408,426,-1,426,408,410,-1,426,410,427,-1,427,410,412,-1,427,412,428,-1,428,412,414,-1,428,414,429,-1,429,414,416,-1,159,158,398,-1,398,158,157,-1,398,157,399,-1,399,157,160,-1,399,160,194,-1,417,415,430,-1,430,415,413,-1,430,413,431,-1,431,413,411,-1,431,411,432,-1,432,411,409,-1,432,409,433,-1,433,409,407,-1,433,407,434,-1,434,407,405,-1,434,405,435,-1,435,405,403,-1,435,403,436,-1,436,403,401,-1,436,401,437,-1,437,401,399,-1,437,399,438,-1,438,399,194,-1,438,194,245,-1,345,439,440,-1,440,439,441,-1,440,441,442,-1,441,443,442,-1,442,443,444,-1,442,444,445,-1,444,446,445,-1,445,446,447,-1,445,447,448,-1,447,449,448,-1,448,449,450,-1,448,450,451,-1,450,452,451,-1,451,452,453,-1,451,453,454,-1,453,455,454,-1,454,455,456,-1,454,456,457,-1,457,456,458,-1,457,458,459,-1,458,460,459,-1,459,460,461,-1,459,461,462,-1,462,461,463,-1,463,464,462,-1,462,464,465,-1,462,465,466,-1,465,467,466,-1,466,467,468,-1,466,468,469,-1,470,471,472,-1,472,471,473,-1,472,473,474,-1,474,473,469,-1,474,469,475,-1,475,469,468,-1,349,348,440,-1,440,348,346,-1,440,346,345,-1,471,476,473,-1,473,476,477,-1,473,477,469,-1,469,477,478,-1,469,478,466,-1,466,478,479,-1,466,479,462,-1,462,479,480,-1,462,480,459,-1,459,480,481,-1,459,481,457,-1,457,481,482,-1,457,482,454,-1,454,482,483,-1,454,483,451,-1,451,483,484,-1,451,484,448,-1,448,484,485,-1,448,485,445,-1,445,485,486,-1,445,486,442,-1,442,486,487,-1,442,487,440,-1,440,487,488,-1,440,488,349,-1,349,488,350,-1,476,489,477,-1,477,489,490,-1,477,490,478,-1,478,490,491,-1,478,491,479,-1,479,491,492,-1,479,492,480,-1,480,492,493,-1,480,493,481,-1,481,493,494,-1,481,494,482,-1,482,494,495,-1,482,495,483,-1,483,495,496,-1,483,496,484,-1,484,496,497,-1,484,497,485,-1,485,497,498,-1,485,498,486,-1,486,498,499,-1,486,499,487,-1,487,499,500,-1,487,500,488,-1,488,500,501,-1,488,501,350,-1,350,501,351,-1,489,502,490,-1,490,502,503,-1,490,503,491,-1,491,503,504,-1,491,504,492,-1,492,504,505,-1,492,505,493,-1,493,505,506,-1,493,506,494,-1,494,506,507,-1,494,507,495,-1,495,507,508,-1,495,508,496,-1,496,508,509,-1,496,509,497,-1,497,509,510,-1,497,510,498,-1,498,510,511,-1,498,511,499,-1,499,511,512,-1,499,512,500,-1,500,512,513,-1,500,513,501,-1,501,513,514,-1,501,514,351,-1,354,353,514,-1,514,353,352,-1,514,352,351,-1,502,515,503,-1,503,515,516,-1,503,516,504,-1,504,516,517,-1,504,517,505,-1,505,517,518,-1,505,518,506,-1,506,518,519,-1,506,519,507,-1,507,519,520,-1,507,520,508,-1,508,520,521,-1,508,521,509,-1,509,521,522,-1,509,522,510,-1,510,522,523,-1,510,523,511,-1,511,523,524,-1,511,524,512,-1,512,524,525,-1,512,525,513,-1,513,525,526,-1,513,526,514,-1,514,526,527,-1,514,527,354,-1,354,527,355,-1,515,528,516,-1,516,528,529,-1,516,529,517,-1,517,529,530,-1,517,530,518,-1,518,530,531,-1,518,531,519,-1,519,531,532,-1,519,532,520,-1,520,532,533,-1,520,533,521,-1,521,533,534,-1,521,534,522,-1,522,534,535,-1,522,535,523,-1,523,535,536,-1,523,536,524,-1,524,536,537,-1,524,537,525,-1,525,537,538,-1,525,538,526,-1,526,538,539,-1,526,539,527,-1,527,539,540,-1,527,540,355,-1,355,540,356,-1,528,541,529,-1,529,541,542,-1,529,542,530,-1,530,542,543,-1,530,543,531,-1,531,543,544,-1,531,544,532,-1,532,544,545,-1,532,545,533,-1,533,545,546,-1,533,546,534,-1,534,546,547,-1,534,547,535,-1,535,547,548,-1,535,548,536,-1,536,548,549,-1,536,549,537,-1,537,549,550,-1,537,550,538,-1,538,550,551,-1,538,551,539,-1,539,551,552,-1,539,552,540,-1,540,552,553,-1,540,553,356,-1,356,553,374,-1,429,416,554,-1,555,556,557,-1,558,559,560,-1,561,562,563,-1,564,565,566,-1,567,568,569,-1,569,568,564,-1,561,563,570,-1,571,572,555,-1,564,566,569,-1,569,566,573,-1,569,573,574,-1,573,575,574,-1,574,575,576,-1,574,576,577,-1,576,578,577,-1,577,578,579,-1,577,579,580,-1,580,579,581,-1,580,581,582,-1,581,583,582,-1,582,583,584,-1,582,584,585,-1,585,584,586,-1,585,586,587,-1,586,588,587,-1,587,588,589,-1,587,589,590,-1,590,589,378,-1,378,377,590,-1,590,377,591,-1,590,591,587,-1,587,591,592,-1,587,592,585,-1,585,592,593,-1,585,593,582,-1,582,593,594,-1,582,594,580,-1,580,594,595,-1,580,595,577,-1,577,595,596,-1,577,596,574,-1,574,596,597,-1,574,597,569,-1,569,597,563,-1,569,563,567,-1,567,563,562,-1,377,380,591,-1,591,380,598,-1,591,598,592,-1,592,598,599,-1,592,599,593,-1,593,599,600,-1,593,600,594,-1,594,600,601,-1,594,601,595,-1,595,601,602,-1,595,602,596,-1,596,602,603,-1,596,603,597,-1,597,603,604,-1,597,604,563,-1,563,604,560,-1,563,560,570,-1,570,560,559,-1,380,429,598,-1,598,429,554,-1,598,554,599,-1,599,554,605,-1,599,605,600,-1,600,605,606,-1,600,606,601,-1,601,606,607,-1,601,607,602,-1,602,607,608,-1,602,608,603,-1,603,608,609,-1,603,609,604,-1,604,609,610,-1,604,610,560,-1,560,610,557,-1,560,557,558,-1,558,557,556,-1,555,557,571,-1,571,557,610,-1,571,610,611,-1,611,610,609,-1,611,609,612,-1,612,609,608,-1,612,608,613,-1,613,608,607,-1,613,607,614,-1,614,607,606,-1,614,606,615,-1,615,606,605,-1,615,605,616,-1,616,605,554,-1,616,554,617,-1,617,554,416,-1,617,416,417,-1,556,555,618,-1,619,561,570,-1,620,621,622,-1,623,565,564,-1,624,625,626,-1,627,628,629,-1,630,631,632,-1,633,471,470,-1,470,634,633,-1,633,634,635,-1,633,635,636,-1,635,637,636,-1,636,637,638,-1,636,638,639,-1,638,640,639,-1,639,640,641,-1,639,641,642,-1,641,643,642,-1,642,643,644,-1,642,644,645,-1,644,646,645,-1,645,646,647,-1,645,647,648,-1,649,650,651,-1,651,650,648,-1,651,648,652,-1,652,648,647,-1,653,621,654,-1,654,621,620,-1,654,620,655,-1,655,620,656,-1,623,564,625,-1,476,471,657,-1,657,471,633,-1,657,633,658,-1,658,633,636,-1,658,636,659,-1,659,636,639,-1,659,639,660,-1,660,639,642,-1,660,642,661,-1,661,642,645,-1,661,645,662,-1,662,645,648,-1,662,648,663,-1,663,648,650,-1,663,650,664,-1,619,622,665,-1,665,622,621,-1,665,621,626,-1,626,621,653,-1,626,653,624,-1,489,476,666,-1,666,476,657,-1,666,657,667,-1,667,657,658,-1,667,658,668,-1,668,658,659,-1,668,659,669,-1,669,659,660,-1,669,660,670,-1,670,660,661,-1,670,661,671,-1,671,661,662,-1,671,662,672,-1,672,662,663,-1,672,663,673,-1,673,663,664,-1,673,664,674,-1,625,564,626,-1,626,564,568,-1,626,568,665,-1,665,568,567,-1,665,567,619,-1,619,567,562,-1,619,562,561,-1,502,489,675,-1,675,489,666,-1,675,666,676,-1,676,666,667,-1,676,667,677,-1,677,667,668,-1,677,668,678,-1,678,668,669,-1,678,669,679,-1,679,669,670,-1,679,670,680,-1,680,670,671,-1,680,671,681,-1,681,671,672,-1,681,672,682,-1,682,672,673,-1,682,673,683,-1,683,673,674,-1,683,674,684,-1,515,502,685,-1,685,502,675,-1,685,675,686,-1,686,675,676,-1,686,676,687,-1,687,676,677,-1,687,677,688,-1,688,677,678,-1,688,678,689,-1,689,678,679,-1,689,679,690,-1,690,679,680,-1,690,680,691,-1,691,680,681,-1,691,681,692,-1,692,681,682,-1,692,682,693,-1,693,682,683,-1,693,683,694,-1,694,683,684,-1,694,684,695,-1,628,656,629,-1,629,656,620,-1,629,620,696,-1,696,620,622,-1,696,622,697,-1,697,622,619,-1,697,619,698,-1,698,619,570,-1,698,570,559,-1,631,627,632,-1,632,627,629,-1,632,629,699,-1,699,629,696,-1,699,696,700,-1,700,696,697,-1,700,697,701,-1,701,697,698,-1,701,698,702,-1,702,698,559,-1,702,559,558,-1,528,515,703,-1,703,515,685,-1,703,685,704,-1,704,685,686,-1,704,686,705,-1,705,686,687,-1,705,687,706,-1,706,687,688,-1,706,688,707,-1,707,688,689,-1,707,689,708,-1,708,689,690,-1,708,690,709,-1,709,690,691,-1,709,691,710,-1,710,691,692,-1,710,692,711,-1,711,692,693,-1,711,693,712,-1,712,693,694,-1,712,694,713,-1,713,694,695,-1,713,695,618,-1,649,630,650,-1,650,630,632,-1,650,632,664,-1,664,632,699,-1,664,699,674,-1,674,699,700,-1,674,700,684,-1,684,700,701,-1,684,701,695,-1,695,701,702,-1,695,702,618,-1,618,702,558,-1,618,558,556,-1,555,572,618,-1,618,572,714,-1,618,714,713,-1,713,714,715,-1,713,715,712,-1,712,715,716,-1,712,716,711,-1,711,716,717,-1,711,717,710,-1,710,717,718,-1,710,718,709,-1,709,718,719,-1,709,719,708,-1,708,719,720,-1,708,720,707,-1,707,720,721,-1,707,721,706,-1,706,721,722,-1,706,722,705,-1,705,722,723,-1,705,723,704,-1,704,723,724,-1,704,724,703,-1,703,724,725,-1,703,725,528,-1,528,725,541,-1,726,727,728,-1,729,730,731,-1,732,733,734,-1,735,736,737,-1,738,739,740,-1,741,742,743,-1,744,745,746,-1,747,748,749,-1,750,751,752,-1,753,754,755,-1,756,757,758,-1,759,760,761,-1,762,763,764,-1,765,766,767,-1,768,769,770,-1,771,772,773,-1,774,775,776,-1,777,778,779,-1,780,781,782,-1,783,784,785,-1,786,787,788,-1,789,790,791,-1,792,793,794,-1,795,796,797,-1,798,795,799,-1,800,798,801,-1,802,800,803,-1,804,802,805,-1,806,804,807,-1,808,806,809,-1,810,808,811,-1,812,793,813,-1,813,793,792,-1,813,792,814,-1,815,794,816,-1,816,794,793,-1,816,793,817,-1,817,793,812,-1,817,812,818,-1,819,815,820,-1,820,815,816,-1,820,816,821,-1,821,816,817,-1,821,817,822,-1,822,817,818,-1,822,818,823,-1,824,819,825,-1,825,819,820,-1,825,820,826,-1,826,820,821,-1,826,821,827,-1,827,821,822,-1,827,822,828,-1,828,822,823,-1,828,823,829,-1,830,831,832,-1,734,824,833,-1,833,824,825,-1,833,825,834,-1,834,825,826,-1,834,826,835,-1,835,826,827,-1,835,827,836,-1,836,827,828,-1,836,828,837,-1,837,828,829,-1,837,829,810,-1,838,831,839,-1,839,831,830,-1,839,830,840,-1,841,842,843,-1,843,842,844,-1,843,844,845,-1,845,844,846,-1,845,846,847,-1,847,846,848,-1,847,848,849,-1,850,851,852,-1,852,851,853,-1,852,853,854,-1,854,853,855,-1,854,855,856,-1,856,855,857,-1,856,857,858,-1,858,857,859,-1,858,859,860,-1,860,859,861,-1,860,861,862,-1,862,861,863,-1,851,864,853,-1,853,864,865,-1,853,865,855,-1,855,865,866,-1,855,866,857,-1,857,866,867,-1,857,867,859,-1,859,867,868,-1,859,868,861,-1,861,868,869,-1,861,869,863,-1,863,869,870,-1,863,870,871,-1,871,870,872,-1,873,874,875,-1,875,874,876,-1,875,876,877,-1,877,876,878,-1,877,878,879,-1,879,878,880,-1,879,880,881,-1,881,880,882,-1,881,882,883,-1,883,882,884,-1,883,884,885,-1,885,884,886,-1,887,888,889,-1,889,888,890,-1,889,890,891,-1,891,890,892,-1,891,892,893,-1,893,892,894,-1,893,894,895,-1,895,894,896,-1,895,896,897,-1,897,896,898,-1,897,898,899,-1,899,898,900,-1,888,901,890,-1,890,901,902,-1,890,902,892,-1,892,902,903,-1,892,903,894,-1,894,903,904,-1,894,904,896,-1,896,904,905,-1,896,905,898,-1,898,905,906,-1,898,906,900,-1,900,906,907,-1,900,907,908,-1,908,907,909,-1,910,911,912,-1,912,911,913,-1,912,913,914,-1,914,913,915,-1,914,915,916,-1,916,915,917,-1,916,917,918,-1,918,917,919,-1,918,919,920,-1,920,919,921,-1,920,921,922,-1,922,921,923,-1,924,925,926,-1,926,925,927,-1,926,927,928,-1,928,927,929,-1,928,929,930,-1,930,929,931,-1,930,931,932,-1,932,931,933,-1,932,933,934,-1,934,933,935,-1,934,935,936,-1,936,935,937,-1,925,938,927,-1,927,938,939,-1,927,939,929,-1,929,939,940,-1,929,940,931,-1,931,940,941,-1,931,941,933,-1,933,941,942,-1,933,942,935,-1,935,942,943,-1,935,943,937,-1,937,943,944,-1,937,944,945,-1,945,944,946,-1,947,948,949,-1,949,948,950,-1,949,950,951,-1,951,950,952,-1,951,952,953,-1,953,952,954,-1,953,954,955,-1,955,954,956,-1,955,956,957,-1,957,956,958,-1,957,958,959,-1,959,958,960,-1,961,962,963,-1,963,962,964,-1,963,964,965,-1,965,964,966,-1,965,966,967,-1,967,966,968,-1,967,968,969,-1,969,968,970,-1,969,970,971,-1,971,970,972,-1,971,972,973,-1,973,972,974,-1,962,975,964,-1,964,975,976,-1,964,976,966,-1,966,976,977,-1,966,977,968,-1,968,977,978,-1,968,978,970,-1,970,978,979,-1,970,979,972,-1,972,979,980,-1,972,980,974,-1,974,980,981,-1,974,981,982,-1,982,981,983,-1,984,838,985,-1,985,838,839,-1,985,839,986,-1,986,839,840,-1,986,840,987,-1,987,840,988,-1,989,988,842,-1,842,988,840,-1,842,840,844,-1,844,840,830,-1,844,830,846,-1,846,830,832,-1,846,832,848,-1,990,991,992,-1,992,991,841,-1,992,841,993,-1,993,841,843,-1,993,843,994,-1,994,843,845,-1,994,845,995,-1,995,845,847,-1,995,847,996,-1,996,847,849,-1,996,849,997,-1,991,998,841,-1,841,998,999,-1,841,999,842,-1,842,999,1000,-1,842,1000,989,-1,790,990,791,-1,791,990,992,-1,791,992,1001,-1,1001,992,993,-1,1001,993,1002,-1,1002,993,994,-1,1002,994,1003,-1,1003,994,995,-1,1003,995,1004,-1,1004,995,996,-1,1004,996,1005,-1,1005,996,997,-1,1005,997,1006,-1,787,789,788,-1,788,789,791,-1,788,791,1007,-1,1007,791,1001,-1,1007,1001,1008,-1,1008,1001,1002,-1,1008,1002,1009,-1,1009,1002,1003,-1,1009,1003,1010,-1,1010,1003,1004,-1,1010,1004,1011,-1,1011,1004,1005,-1,1011,1005,1012,-1,1012,1005,1006,-1,784,786,785,-1,785,786,788,-1,785,788,1013,-1,1013,788,1007,-1,1013,1007,1014,-1,1014,1007,1008,-1,1014,1008,1015,-1,1015,1008,1009,-1,1015,1009,1016,-1,1016,1009,1010,-1,1016,1010,1017,-1,1017,1010,1011,-1,1017,1011,1018,-1,1018,1011,1012,-1,1018,850,1017,-1,1017,850,852,-1,1017,852,1016,-1,1016,852,854,-1,1016,854,1015,-1,1015,854,856,-1,1015,856,1014,-1,1014,856,858,-1,1014,858,1013,-1,1013,858,860,-1,1013,860,785,-1,785,860,862,-1,785,862,783,-1,871,1019,863,-1,863,1019,1020,-1,863,1020,862,-1,862,1020,1021,-1,862,1021,783,-1,781,872,782,-1,782,872,870,-1,782,870,1022,-1,1022,870,869,-1,1022,869,1023,-1,1023,869,868,-1,1023,868,1024,-1,1024,868,867,-1,1024,867,1025,-1,1025,867,866,-1,1025,866,1026,-1,1026,866,865,-1,1026,865,1027,-1,1027,865,864,-1,778,780,779,-1,779,780,782,-1,779,782,1028,-1,1028,782,1022,-1,1028,1022,1029,-1,1029,1022,1023,-1,1029,1023,1030,-1,1030,1023,1024,-1,1030,1024,1031,-1,1031,1024,1025,-1,1031,1025,1032,-1,1032,1025,1026,-1,1032,1026,1033,-1,1033,1026,1027,-1,1034,777,885,-1,885,777,779,-1,885,779,883,-1,883,779,1028,-1,883,1028,881,-1,881,1028,1029,-1,881,1029,879,-1,879,1029,1030,-1,879,1030,877,-1,877,1030,1031,-1,877,1031,875,-1,875,1031,1032,-1,875,1032,873,-1,873,1032,1033,-1,1035,1036,1037,-1,1037,1036,886,-1,1037,886,1038,-1,1038,886,884,-1,1038,884,1039,-1,1039,884,882,-1,1039,882,1040,-1,1040,882,880,-1,1040,880,1041,-1,1041,880,878,-1,1041,878,1042,-1,1042,878,876,-1,1042,876,1043,-1,1043,876,874,-1,1036,1044,886,-1,886,1044,1045,-1,886,1045,885,-1,885,1045,1046,-1,885,1046,1034,-1,775,1035,776,-1,776,1035,1037,-1,776,1037,1047,-1,1047,1037,1038,-1,1047,1038,1048,-1,1048,1038,1039,-1,1048,1039,1049,-1,1049,1039,1040,-1,1049,1040,1050,-1,1050,1040,1041,-1,1050,1041,1051,-1,1051,1041,1042,-1,1051,1042,1052,-1,1052,1042,1043,-1,772,774,773,-1,773,774,776,-1,773,776,1053,-1,1053,776,1047,-1,1053,1047,1054,-1,1054,1047,1048,-1,1054,1048,1055,-1,1055,1048,1049,-1,1055,1049,1056,-1,1056,1049,1050,-1,1056,1050,1057,-1,1057,1050,1051,-1,1057,1051,1058,-1,1058,1051,1052,-1,769,771,770,-1,770,771,773,-1,770,773,1059,-1,1059,773,1053,-1,1059,1053,1060,-1,1060,1053,1054,-1,1060,1054,1061,-1,1061,1054,1055,-1,1061,1055,1062,-1,1062,1055,1056,-1,1062,1056,1063,-1,1063,1056,1057,-1,1063,1057,1064,-1,1064,1057,1058,-1,1064,887,1063,-1,1063,887,889,-1,1063,889,1062,-1,1062,889,891,-1,1062,891,1061,-1,1061,891,893,-1,1061,893,1060,-1,1060,893,895,-1,1060,895,1059,-1,1059,895,897,-1,1059,897,770,-1,770,897,899,-1,770,899,768,-1,908,1065,900,-1,900,1065,1066,-1,900,1066,899,-1,899,1066,1067,-1,899,1067,768,-1,766,909,767,-1,767,909,907,-1,767,907,1068,-1,1068,907,906,-1,1068,906,1069,-1,1069,906,905,-1,1069,905,1070,-1,1070,905,904,-1,1070,904,1071,-1,1071,904,903,-1,1071,903,1072,-1,1072,903,902,-1,1072,902,1073,-1,1073,902,901,-1,763,765,764,-1,764,765,767,-1,764,767,1074,-1,1074,767,1068,-1,1074,1068,1075,-1,1075,1068,1069,-1,1075,1069,1076,-1,1076,1069,1070,-1,1076,1070,1077,-1,1077,1070,1071,-1,1077,1071,1078,-1,1078,1071,1072,-1,1078,1072,1079,-1,1079,1072,1073,-1,1080,762,922,-1,922,762,764,-1,922,764,920,-1,920,764,1074,-1,920,1074,918,-1,918,1074,1075,-1,918,1075,916,-1,916,1075,1076,-1,916,1076,914,-1,914,1076,1077,-1,914,1077,912,-1,912,1077,1078,-1,912,1078,910,-1,910,1078,1079,-1,1081,1082,1083,-1,1083,1082,923,-1,1083,923,1084,-1,1084,923,921,-1,1084,921,1085,-1,1085,921,919,-1,1085,919,1086,-1,1086,919,917,-1,1086,917,1087,-1,1087,917,915,-1,1087,915,1088,-1,1088,915,913,-1,1088,913,1089,-1,1089,913,911,-1,1082,1090,923,-1,923,1090,1091,-1,923,1091,922,-1,922,1091,1092,-1,922,1092,1080,-1,760,1081,761,-1,761,1081,1083,-1,761,1083,1093,-1,1093,1083,1084,-1,1093,1084,1094,-1,1094,1084,1085,-1,1094,1085,1095,-1,1095,1085,1086,-1,1095,1086,1096,-1,1096,1086,1087,-1,1096,1087,1097,-1,1097,1087,1088,-1,1097,1088,1098,-1,1098,1088,1089,-1,757,759,758,-1,758,759,761,-1,758,761,1099,-1,1099,761,1093,-1,1099,1093,1100,-1,1100,1093,1094,-1,1100,1094,1101,-1,1101,1094,1095,-1,1101,1095,1102,-1,1102,1095,1096,-1,1102,1096,1103,-1,1103,1096,1097,-1,1103,1097,1104,-1,1104,1097,1098,-1,754,756,755,-1,755,756,758,-1,755,758,1105,-1,1105,758,1099,-1,1105,1099,1106,-1,1106,1099,1100,-1,1106,1100,1107,-1,1107,1100,1101,-1,1107,1101,1108,-1,1108,1101,1102,-1,1108,1102,1109,-1,1109,1102,1103,-1,1109,1103,1110,-1,1110,1103,1104,-1,1110,924,1109,-1,1109,924,926,-1,1109,926,1108,-1,1108,926,928,-1,1108,928,1107,-1,1107,928,930,-1,1107,930,1106,-1,1106,930,932,-1,1106,932,1105,-1,1105,932,934,-1,1105,934,755,-1,755,934,936,-1,755,936,753,-1,945,1111,937,-1,937,1111,1112,-1,937,1112,936,-1,936,1112,1113,-1,936,1113,753,-1,751,946,752,-1,752,946,944,-1,752,944,1114,-1,1114,944,943,-1,1114,943,1115,-1,1115,943,942,-1,1115,942,1116,-1,1116,942,941,-1,1116,941,1117,-1,1117,941,940,-1,1117,940,1118,-1,1118,940,939,-1,1118,939,1119,-1,1119,939,938,-1,748,750,749,-1,749,750,752,-1,749,752,1120,-1,1120,752,1114,-1,1120,1114,1121,-1,1121,1114,1115,-1,1121,1115,1122,-1,1122,1115,1116,-1,1122,1116,1123,-1,1123,1116,1117,-1,1123,1117,1124,-1,1124,1117,1118,-1,1124,1118,1125,-1,1125,1118,1119,-1,1126,747,959,-1,959,747,749,-1,959,749,957,-1,957,749,1120,-1,957,1120,955,-1,955,1120,1121,-1,955,1121,953,-1,953,1121,1122,-1,953,1122,951,-1,951,1122,1123,-1,951,1123,949,-1,949,1123,1124,-1,949,1124,947,-1,947,1124,1125,-1,1127,1128,1129,-1,1129,1128,960,-1,1129,960,1130,-1,1130,960,958,-1,1130,958,1131,-1,1131,958,956,-1,1131,956,1132,-1,1132,956,954,-1,1132,954,1133,-1,1133,954,952,-1,1133,952,1134,-1,1134,952,950,-1,1134,950,1135,-1,1135,950,948,-1,1128,1136,960,-1,960,1136,1137,-1,960,1137,959,-1,959,1137,1138,-1,959,1138,1126,-1,745,1127,746,-1,746,1127,1129,-1,746,1129,1139,-1,1139,1129,1130,-1,1139,1130,1140,-1,1140,1130,1131,-1,1140,1131,1141,-1,1141,1131,1132,-1,1141,1132,1142,-1,1142,1132,1133,-1,1142,1133,1143,-1,1143,1133,1134,-1,1143,1134,1144,-1,1144,1134,1135,-1,742,744,743,-1,743,744,746,-1,743,746,1145,-1,1145,746,1139,-1,1145,1139,1146,-1,1146,1139,1140,-1,1146,1140,1147,-1,1147,1140,1141,-1,1147,1141,1148,-1,1148,1141,1142,-1,1148,1142,1149,-1,1149,1142,1143,-1,1149,1143,1150,-1,1150,1143,1144,-1,739,741,740,-1,740,741,743,-1,740,743,1151,-1,1151,743,1145,-1,1151,1145,1152,-1,1152,1145,1146,-1,1152,1146,1153,-1,1153,1146,1147,-1,1153,1147,1154,-1,1154,1147,1148,-1,1154,1148,1155,-1,1155,1148,1149,-1,1155,1149,1156,-1,1156,1149,1150,-1,1156,961,1155,-1,1155,961,963,-1,1155,963,1154,-1,1154,963,965,-1,1154,965,1153,-1,1153,965,967,-1,1153,967,1152,-1,1152,967,969,-1,1152,969,1151,-1,1151,969,971,-1,1151,971,740,-1,740,971,973,-1,740,973,738,-1,982,1157,974,-1,974,1157,1158,-1,974,1158,973,-1,973,1158,1159,-1,973,1159,738,-1,736,983,737,-1,737,983,981,-1,737,981,1160,-1,1160,981,980,-1,1160,980,1161,-1,1161,980,979,-1,1161,979,1162,-1,1162,979,978,-1,1162,978,1163,-1,1163,978,977,-1,1163,977,1164,-1,1164,977,976,-1,1164,976,1165,-1,1165,976,975,-1,733,735,734,-1,734,735,737,-1,734,737,824,-1,824,737,1160,-1,824,1160,819,-1,819,1160,1161,-1,819,1161,815,-1,815,1161,1162,-1,815,1162,794,-1,794,1162,1163,-1,794,1163,792,-1,792,1163,1164,-1,792,1164,814,-1,814,1164,1165,-1,810,811,837,-1,837,811,1166,-1,837,1166,836,-1,836,1166,1167,-1,836,1167,835,-1,835,1167,1168,-1,835,1168,834,-1,834,1168,1169,-1,834,1169,833,-1,833,1169,731,-1,833,731,734,-1,734,731,730,-1,734,730,732,-1,808,809,811,-1,811,809,1170,-1,811,1170,1166,-1,1166,1170,1171,-1,1166,1171,1167,-1,1167,1171,1172,-1,1167,1172,1168,-1,1168,1172,1173,-1,1168,1173,1169,-1,1169,1173,728,-1,1169,728,731,-1,731,728,727,-1,731,727,729,-1,806,807,809,-1,809,807,1174,-1,809,1174,1170,-1,1170,1174,1175,-1,1170,1175,1171,-1,1171,1175,1176,-1,1171,1176,1172,-1,1172,1176,1177,-1,1172,1177,1173,-1,1173,1177,1178,-1,1173,1178,728,-1,728,1178,1179,-1,728,1179,726,-1,1180,1181,1182,-1,804,805,807,-1,807,805,1183,-1,807,1183,1174,-1,1174,1183,1184,-1,1174,1184,1175,-1,1175,1184,1185,-1,1175,1185,1176,-1,1176,1185,1186,-1,1176,1186,1177,-1,1177,1186,1180,-1,1177,1180,1178,-1,1178,1180,1182,-1,1178,1182,1179,-1,1187,1188,1189,-1,802,803,805,-1,805,803,1190,-1,805,1190,1183,-1,1183,1190,1191,-1,1183,1191,1184,-1,1184,1191,1192,-1,1184,1192,1185,-1,1185,1192,1193,-1,1185,1193,1186,-1,1186,1193,1187,-1,1186,1187,1180,-1,1180,1187,1189,-1,1180,1189,1181,-1,1194,1195,1196,-1,800,801,803,-1,803,801,1197,-1,803,1197,1190,-1,1190,1197,1198,-1,1190,1198,1191,-1,1191,1198,1199,-1,1191,1199,1192,-1,1192,1199,1200,-1,1192,1200,1193,-1,1193,1200,1194,-1,1193,1194,1187,-1,1187,1194,1196,-1,1187,1196,1188,-1,1201,1202,1203,-1,798,799,801,-1,801,799,1204,-1,801,1204,1197,-1,1197,1204,1205,-1,1197,1205,1198,-1,1198,1205,1206,-1,1198,1206,1199,-1,1199,1206,1207,-1,1199,1207,1200,-1,1200,1207,1201,-1,1200,1201,1194,-1,1194,1201,1203,-1,1194,1203,1195,-1,795,797,799,-1,799,797,1208,-1,799,1208,1204,-1,1204,1208,1209,-1,1204,1209,1205,-1,1205,1209,1210,-1,1205,1210,1206,-1,1206,1210,1211,-1,1206,1211,1207,-1,1207,1211,1212,-1,1207,1212,1201,-1,1201,1212,1213,-1,1201,1213,1202,-1,1214,1215,1216,-1,1217,1218,1219,-1,1220,1221,1222,-1,1223,1006,997,-1,1224,1223,1225,-1,1226,1224,1227,-1,1228,1226,1229,-1,1230,1228,1231,-1,1232,1230,1233,-1,1234,1232,1235,-1,1236,1234,1237,-1,1238,1236,1239,-1,1240,1238,1241,-1,1242,1240,1243,-1,1244,1242,1245,-1,1246,1244,1247,-1,1248,1246,1249,-1,1250,1248,1251,-1,1252,1250,1253,-1,1254,1252,1255,-1,796,1254,1256,-1,796,1256,797,-1,797,1256,1257,-1,797,1257,1208,-1,1208,1257,1258,-1,1208,1258,1209,-1,1209,1258,1259,-1,1209,1259,1210,-1,1210,1259,1260,-1,1210,1260,1211,-1,1211,1260,1261,-1,1211,1261,1212,-1,1212,1261,1262,-1,1212,1262,1213,-1,1263,1264,1265,-1,1254,1255,1256,-1,1256,1255,1266,-1,1256,1266,1257,-1,1257,1266,1267,-1,1257,1267,1258,-1,1258,1267,1268,-1,1258,1268,1259,-1,1259,1268,1269,-1,1259,1269,1260,-1,1260,1269,1263,-1,1260,1263,1261,-1,1261,1263,1265,-1,1261,1265,1262,-1,1270,1271,1272,-1,1252,1253,1255,-1,1255,1253,1273,-1,1255,1273,1266,-1,1266,1273,1274,-1,1266,1274,1267,-1,1267,1274,1275,-1,1267,1275,1268,-1,1268,1275,1276,-1,1268,1276,1269,-1,1269,1276,1270,-1,1269,1270,1263,-1,1263,1270,1272,-1,1263,1272,1264,-1,1277,1278,1279,-1,1250,1251,1253,-1,1253,1251,1280,-1,1253,1280,1273,-1,1273,1280,1281,-1,1273,1281,1274,-1,1274,1281,1282,-1,1274,1282,1275,-1,1275,1282,1283,-1,1275,1283,1276,-1,1276,1283,1277,-1,1276,1277,1270,-1,1270,1277,1279,-1,1270,1279,1271,-1,1284,1285,1286,-1,1286,1285,1287,-1,1248,1249,1251,-1,1251,1249,1288,-1,1251,1288,1280,-1,1280,1288,1289,-1,1280,1289,1281,-1,1281,1289,1290,-1,1281,1290,1282,-1,1282,1290,1291,-1,1282,1291,1283,-1,1283,1291,1286,-1,1283,1286,1277,-1,1277,1286,1287,-1,1277,1287,1278,-1,1246,1247,1249,-1,1249,1247,1292,-1,1249,1292,1288,-1,1288,1292,1293,-1,1288,1293,1289,-1,1289,1293,1294,-1,1289,1294,1290,-1,1290,1294,1295,-1,1290,1295,1291,-1,1291,1295,1222,-1,1291,1222,1286,-1,1286,1222,1221,-1,1286,1221,1284,-1,1244,1245,1247,-1,1247,1245,1296,-1,1247,1296,1292,-1,1292,1296,1297,-1,1292,1297,1293,-1,1293,1297,1298,-1,1293,1298,1294,-1,1294,1298,1299,-1,1294,1299,1295,-1,1295,1299,1219,-1,1295,1219,1222,-1,1222,1219,1218,-1,1222,1218,1220,-1,1242,1243,1245,-1,1245,1243,1300,-1,1245,1300,1296,-1,1296,1300,1301,-1,1296,1301,1297,-1,1297,1301,1302,-1,1297,1302,1298,-1,1298,1302,1303,-1,1298,1303,1299,-1,1299,1303,1216,-1,1299,1216,1219,-1,1219,1216,1215,-1,1219,1215,1217,-1,1240,1241,1243,-1,1243,1241,1304,-1,1243,1304,1300,-1,1300,1304,1305,-1,1300,1305,1301,-1,1301,1305,1306,-1,1301,1306,1302,-1,1302,1306,1307,-1,1302,1307,1303,-1,1303,1307,1308,-1,1303,1308,1216,-1,1216,1308,1309,-1,1216,1309,1214,-1,1310,1311,1312,-1,1238,1239,1241,-1,1241,1239,1313,-1,1241,1313,1304,-1,1304,1313,1314,-1,1304,1314,1305,-1,1305,1314,1315,-1,1305,1315,1306,-1,1306,1315,1316,-1,1306,1316,1307,-1,1307,1316,1310,-1,1307,1310,1308,-1,1308,1310,1312,-1,1308,1312,1309,-1,1317,1318,1319,-1,1236,1237,1239,-1,1239,1237,1320,-1,1239,1320,1313,-1,1313,1320,1321,-1,1313,1321,1314,-1,1314,1321,1322,-1,1314,1322,1315,-1,1315,1322,1323,-1,1315,1323,1316,-1,1316,1323,1317,-1,1316,1317,1310,-1,1310,1317,1319,-1,1310,1319,1311,-1,1324,1325,1326,-1,1234,1235,1237,-1,1237,1235,1327,-1,1237,1327,1320,-1,1320,1327,1328,-1,1320,1328,1321,-1,1321,1328,1329,-1,1321,1329,1322,-1,1322,1329,1330,-1,1322,1330,1323,-1,1323,1330,1324,-1,1323,1324,1317,-1,1317,1324,1326,-1,1317,1326,1318,-1,1331,1332,1333,-1,1232,1233,1235,-1,1235,1233,1334,-1,1235,1334,1327,-1,1327,1334,1335,-1,1327,1335,1328,-1,1328,1335,1336,-1,1328,1336,1329,-1,1329,1336,1337,-1,1329,1337,1330,-1,1330,1337,1331,-1,1330,1331,1324,-1,1324,1331,1333,-1,1324,1333,1325,-1,1338,1339,1340,-1,1230,1231,1233,-1,1233,1231,1341,-1,1233,1341,1334,-1,1334,1341,1342,-1,1334,1342,1335,-1,1335,1342,1343,-1,1335,1343,1336,-1,1336,1343,1344,-1,1336,1344,1337,-1,1337,1344,1338,-1,1337,1338,1331,-1,1331,1338,1340,-1,1331,1340,1332,-1,1345,1346,1347,-1,1228,1229,1231,-1,1231,1229,1348,-1,1231,1348,1341,-1,1341,1348,1349,-1,1341,1349,1342,-1,1342,1349,1350,-1,1342,1350,1343,-1,1343,1350,1351,-1,1343,1351,1344,-1,1344,1351,1345,-1,1344,1345,1338,-1,1338,1345,1347,-1,1338,1347,1339,-1,1352,1353,1354,-1,1226,1227,1229,-1,1229,1227,1355,-1,1229,1355,1348,-1,1348,1355,1356,-1,1348,1356,1349,-1,1349,1356,1357,-1,1349,1357,1350,-1,1350,1357,1358,-1,1350,1358,1351,-1,1351,1358,1352,-1,1351,1352,1345,-1,1345,1352,1354,-1,1345,1354,1346,-1,1359,1360,1361,-1,1224,1225,1227,-1,1227,1225,1362,-1,1227,1362,1355,-1,1355,1362,1363,-1,1355,1363,1356,-1,1356,1363,1364,-1,1356,1364,1357,-1,1357,1364,1365,-1,1357,1365,1358,-1,1358,1365,1359,-1,1358,1359,1352,-1,1352,1359,1361,-1,1352,1361,1353,-1,1223,997,1225,-1,1225,997,849,-1,1225,849,1362,-1,1362,849,848,-1,1362,848,1363,-1,1363,848,832,-1,1363,832,1364,-1,1364,832,831,-1,1364,831,1365,-1,1365,831,838,-1,1365,838,1359,-1,1359,838,984,-1,1359,984,1360,-1,
        ]
    }
}