#VRML V2.0 utf8
# 3D model generated by easyeda2kicad.py (https://github.com/uPesy/easyeda2kicad.py)

Shape{
    appearance Appearance {
        material  Material 	{
            diffuseColor 0.25098039215686274 0.25098039215686274 0.25098039215686274
            specularColor 0.12549019607843137 0.12549019607843137 0.12549019607843137
            ambientIntensity 0.251
            transparency 0.0
            shininess 0.5
        }
    }
    geometry IndexedFaceSet {
        ccw TRUE
        solid FALSE
        coord DEF co Coordinate {
            point [
                0.6299 0.0187 0.1474, 0.6299 0.0187 0.1146, 0.6299 0.0334 0.1146, 0.6299 0.1747 0.0039, 0.6299 0.326 0.0039, 0.6299 0.326 0.0366, 0.6299 0.14 0.0039, 0.6299 0.1747 0.0366, 0.6299 0.0772 0.0515, 0.6299 0.0756 0.0513, 0.6299 0.0849 0.0513, 0.6299 0.1166 0.0886, 0.6299 0.1283 0.0886, 0.6299 0.1283 0.0992, 0.6299 -0.1845 0.0966, 0.6299 -0.184 0.0992, 0.6299 -0.433 0.0992, 0.6299 -0.0331 0.1183, 0.6299 -0.026 0.1122, 0.6299 -0.0013 0.1478, 0.6299 -0.0013 0.1101, 0.6299 -0.0685 0.1516, 0.6299 -0.0628 0.1478, 0.6299 -0.0568 0.1437, 0.6299 -0.0482 0.1338, 0.6299 -0.0426 0.1229, 0.6299 -0.0409 0.1223, 0.6299 -0.0013 0.2795, 0.6299 -0.4429 0.2795, 0.6299 -0.433 0.185, 0.6299 -0.4429 0.185, 0.6299 -0.0818 0.1563, 0.6299 -0.0926 0.1574, 0.6299 -0.1057 0.1558, 0.6299 -0.1722 0.1234, 0.6299 -0.1698 0.1257, 0.6299 -0.433 0.1478, 0.6299 -0.1179 0.1511, 0.6299 -0.1232 0.1478, 0.6299 -0.1243 0.1471, 0.6299 -0.1609 0.1316, 0.6299 -0.1511 0.1351, 0.6299 -0.1419 0.136, 0.6299 -0.1305 0.1418, 0.6299 -0.1389 0.1359, 0.6299 -0.1359 0.1355, 0.6299 -0.433 0.1101, 0.6299 -0.1824 0.107, 0.6299 -0.1809 0.1101, 0.6299 -0.1779 0.1163, 0.6299 -0.1525 0.052, 0.6299 -0.1571 0.0535, 0.6299 -0.433 0.0513, 0.6299 -0.1665 0.0584, 0.6299 -0.1735 0.0646, 0.6299 -0.1746 0.0659, 0.6299 -0.1802 0.0744, 0.6299 -0.1836 0.0843, 0.6299 -0.1846 0.0933, 0.6299 -0.1459 0.0415, 0.6299 -0.1498 0.0463, 0.6299 -0.1521 0.0513, 0.6299 -0.0013 0.0366, 0.6299 -0.1165 0.0366, 0.6299 -0.0013 0.0039, 0.6299 -0.1211 0.0348, 0.6299 -0.1274 0.034, 0.6299 -0.1285 0.0341, 0.6299 -0.433 0.0039, 0.6299 -0.1347 0.035, 0.6299 -0.433 0.0366, 0.6299 -0.1383 0.0366, 0.6299 -0.1408 0.0376, 0.6299 -0.0013 0.0513, 0.6299 -0.1027 0.0513, 0.6299 -0.1027 0.0512, 0.6299 -0.1058 0.0453, 0.6299 -0.1099 0.0407, 0.6299 -0.1152 0.0371, 0.6299 -0.0262 0.0633, 0.6299 -0.0338 0.057, 0.6299 -0.0212 0.0701, 0.6299 -0.1077 0.0781, 0.6299 -0.0723 0.0965, 0.6299 -0.1123 0.0822, 0.6299 -0.1178 0.0852, 0.6299 -0.0329 0.0903, 0.6299 -0.0342 0.0954, 0.6299 -0.0362 0.0992, 0.6299 -0.1674 0.0992, 0.6299 -0.0671 0.0676, 0.6299 -0.0642 0.0825, 0.6299 -0.069 0.0669, 0.6299 -0.0706 0.0658, 0.6299 -0.067 0.0516, 0.6299 -0.0687 0.0522, 0.6299 -0.0705 0.0534, 0.6299 -0.0714 0.0543, 0.6299 -0.1658 0.0834, 0.6299 -0.1627 0.078, 0.6299 -0.1493 0.0753, 0.6299 -0.1579 0.0732, 0.6299 -0.1522 0.0696, 0.6299 -0.1395 0.084, 0.6299 -0.1449 0.0803, 0.6299 -0.168 0.0939, 0.6299 -0.1677 0.0899, 0.6299 -0.0176 0.0966, 0.6299 -0.0165 0.0883, 0.6299 -0.0013 0.0992, 0.6299 -0.0165 0.0871, 0.6299 -0.0178 0.0784, 0.6299 -0.0419 0.0531, 0.6299 -0.0502 0.0514, 0.6299 -0.0658 0.0514, 0.6299 -0.1337 0.0863, 0.6299 -0.1274 0.087, 0.6299 -0.1242 0.0868, 0.6299 -0.0652 0.0678, 0.6299 -0.065 0.0678, 0.6299 -0.0642 0.0676, 0.6299 -0.0734 0.0596, 0.6299 -0.0734 0.0604, 0.6299 -0.1011 0.063, 0.6299 -0.0729 0.0624, 0.6299 -0.072 0.0642, 0.6299 -0.0725 0.0559, 0.6299 -0.0732 0.0577, 0.6299 -0.1012 0.0577, 0.6299 -0.1011 0.0604, 0.6299 -0.0381 0.0741, 0.6299 -0.0353 0.0783, 0.6299 -0.0334 0.083, 0.6299 -0.0328 0.0881, 0.6299 -0.0636 0.0675, 0.6299 -0.0518 0.0675, 0.6299 -0.0471 0.0684, 0.6299 -0.0424 0.0706, 0.6299 -0.0385 0.0737, 0.6299 -0.0555 0.1086, 0.6299 -0.165 0.1061, 0.6299 -0.1672 0.1002, 0.6299 -0.0534 0.1086, 0.6299 -0.0366 0.1, 0.6299 -0.0397 0.1034, 0.6299 -0.0438 0.1063, 0.6299 -0.0484 0.108, 0.6299 -0.1622 0.1101, 0.6299 -0.1277 0.1163, 0.6299 -0.1296 0.1173, 0.6299 -0.0602 0.123, 0.6299 -0.0659 0.1304, 0.6299 -0.0682 0.1326, 0.6299 -0.0757 0.1376, 0.6299 -0.084 0.1406, 0.6299 -0.1355 0.1195, 0.6299 -0.1417 0.1202, 0.6299 -0.1444 0.1201, 0.6299 -0.0558 0.1101, 0.6299 -0.0566 0.1143, 0.6299 -0.0924 0.1416, 0.6299 -0.0936 0.1416, 0.6299 -0.124 0.1241, 0.6299 -0.1023 0.1403, 0.6299 -0.1182 0.1312, 0.6299 -0.1109 0.1367, 0.6299 -0.1509 0.1186, 0.6299 -0.1567 0.1155, 0.6299 -0.1613 0.1114, 0.6299 -0.0245 0.1101, 0.6299 -0.0207 0.1046, 0.6299 -0.0186 0.0992, 0.6299 0.1365 0.0558, 0.6299 0.1365 0.0516, 0.6299 0.14 0.0513, 0.6299 0.14 0.0992, 0.6299 0.1356 0.0886, 0.6299 0.1356 0.0844, 0.6299 0.1213 0.0683, 0.6299 0.1213 0.0558, 0.6299 0.1283 0.0683, 0.6299 0.1283 0.0558, 0.6299 0.1346 0.0683, 0.6299 0.1346 0.0725, 0.6299 0.1213 0.0844, 0.6299 0.1213 0.0725, 0.6299 0.1283 0.0844, 0.6299 0.1283 0.0725, 0.6299 0.1283 0.0513, 0.6299 0.1283 0.0516, 0.6299 0.1166 0.0516, 0.6299 0.0982 0.0581, 0.6299 0.0988 0.056, 0.6299 0.0989 0.056, 0.6299 0.1115 0.078, 0.6299 0.0936 0.0992, 0.6299 0.1067 0.078, 0.6299 0.0936 0.0716, 0.6299 0.0995 0.0581, 0.6299 0.0992 0.0569, 0.6299 0.0658 0.0573, 0.6299 0.0611 0.0992, 0.6299 0.0611 0.0513, 0.6299 0.0675 0.0562, 0.6299 0.068 0.0561, 0.6299 0.068 0.0659, 0.6299 0.0665 0.0739, 0.6299 0.0674 0.0752, 0.6299 0.0672 0.0667, 0.6299 0.0667 0.0675, 0.6299 0.068 0.0992, 0.6299 0.0679 0.0659, 0.6299 0.0661 0.0689, 0.6299 0.0659 0.0709, 0.6299 0.066 0.0724, 0.6299 0.07 0.0513, 0.6299 0.0691 0.0514, 0.6299 0.068 0.0513, 0.6299 0.068 0.0517, 0.6299 0.0658 0.0525, 0.6299 0.0824 0.0775, 0.6299 0.0824 0.073, 0.6299 0.0822 0.0632, 0.6299 0.0829 0.062, 0.6299 0.083 0.0556, 0.6299 0.0822 0.0543, 0.6299 0.068 0.0758, 0.6299 0.0688 0.0765, 0.6299 0.07 0.0772, 0.6299 0.0725 0.0782, 0.6299 0.0762 0.0787, 0.6299 0.0849 0.0992, 0.6299 0.0794 0.0784, 0.6299 0.0807 0.053, 0.6299 0.0797 0.0524, 0.6299 0.0835 0.0607, 0.6299 0.0837 0.0588, 0.6299 0.0835 0.0571, 0.6299 0.0757 0.0749, 0.6299 0.0743 0.0748, 0.6299 0.0707 0.0713, 0.6299 0.0731 0.0745, 0.6299 0.0721 0.0739, 0.6299 0.0707 0.0707, 0.6299 0.0709 0.07, 0.6299 0.0712 0.0694, 0.6299 0.0717 0.0689, 0.6299 0.0733 0.0678, 0.6299 0.079 0.0745, 0.6299 0.0762 0.0666, 0.6299 0.0816 0.0735, 0.6299 0.078 0.0659, 0.6299 0.0811 0.0641, 0.6299 0.0714 0.0733, 0.6299 0.071 0.0727, 0.6299 0.0707 0.0721, 0.6299 0.0704 0.0551, 0.6299 0.0729 0.0632, 0.6299 0.0701 0.0645, 0.6299 0.0735 0.0547, 0.6299 0.0737 0.0547, 0.6299 0.0759 0.0619, 0.6299 0.0761 0.055, 0.6299 0.079 0.0583, 0.6299 0.0789 0.0589, 0.6299 0.0773 0.0554, 0.6299 0.0777 0.0557, 0.6299 0.0782 0.0562, 0.6299 0.0786 0.0568, 0.6299 0.0789 0.0574, 0.6299 0.0787 0.0596, 0.6299 0.0783 0.0602, 0.6299 0.0778 0.0608, 0.6299 0.1747 0.1101, 0.6299 0.1627 0.1104, 0.6299 0.1574 0.1104, 0.6299 0.1536 0.1205, 0.6299 0.14 0.1205, 0.6299 0.14 0.1101, 0.6299 0.1485 0.1474, 0.6299 0.1747 0.1478, 0.6299 0.14 0.1478, 0.6299 0.1382 0.1205, 0.6299 0.1346 0.1104, 0.6299 0.1283 0.1101, 0.6299 0.1293 0.1104, 0.6299 0.1283 0.1478, 0.6299 0.14 0.1384, 0.6299 0.1434 0.1474, 0.6299 0.0892 0.1474, 0.6299 0.0936 0.1478, 0.6299 0.0849 0.1478, 0.6299 0.0749 0.1271, 0.6299 0.0749 0.1146, 0.6299 0.0849 0.1271, 0.6299 0.0849 0.1146, 0.6299 0.0882 0.1271, 0.6299 0.0901 0.1146, 0.6299 0.0882 0.1313, 0.6299 0.0892 0.1432, 0.6299 0.0849 0.1313, 0.6299 0.0849 0.1432, 0.6299 0.0749 0.1313, 0.6299 0.0749 0.1432, 0.6299 0.0701 0.1104, 0.6299 0.068 0.1101, 0.6299 0.0849 0.1101, 0.6299 0.0936 0.1101, 0.6299 0.0901 0.1104, 0.6299 0.0849 0.1104, 0.6299 0.068 0.1478, 0.6299 0.0701 0.1474, 0.6299 0.0849 0.1474, 0.6299 0.4429 0.185, 0.6299 0.4429 0.2795, 0.6299 0.4331 0.185, 0.6299 0.326 0.2795, 0.6299 0.4331 0.1478, 0.6299 0.0549 0.1141, 0.6299 0.0591 0.1149, 0.6299 0.0611 0.1422, 0.6299 0.0611 0.1158, 0.6299 0.0623 0.1418, 0.6299 0.0627 0.1165, 0.6299 0.0627 0.1416, 0.6299 0.0418 0.1204, 0.6299 0.0436 0.1179, 0.6299 0.0443 0.1172, 0.6299 0.0468 0.1155, 0.6299 0.0439 0.1396, 0.6299 0.0419 0.1368, 0.6299 0.0464 0.1417, 0.6299 0.0493 0.1431, 0.6299 0.0585 0.1432, 0.6299 0.054 0.1438, 0.6299 0.04 0.1271, 0.6299 0.0525 0.1437, 0.6299 0.04 0.1285, 0.6299 0.0406 0.1336, 0.6299 0.0494 0.1145, 0.6299 0.0531 0.114, 0.6299 0.0406 0.1234, 0.6299 0.0579 0.1478, 0.6299 0.0588 0.1477, 0.6299 0.0611 0.1478, 0.6299 0.0611 0.147, 0.6299 0.0627 0.1466, 0.6299 0.054 0.1481, 0.6299 0.0611 0.2795, 0.6299 0.0539 0.1481, 0.6299 0.0366 0.2795, 0.6299 0.0514 0.1478, 0.6299 0.0366 0.1478, 0.6299 0.0376 0.1391, 0.6299 0.0403 0.1426, 0.6299 0.0412 0.1435, 0.6299 0.0447 0.1459, 0.6299 0.0485 0.1474, 0.6299 0.0344 0.1478, 0.6299 0.0359 0.135, 0.6299 0.0366 0.1367, 0.6299 0.0366 0.1198, 0.6299 0.0357 0.1221, 0.6299 0.0344 0.1101, 0.6299 0.035 0.1282, 0.6299 0.035 0.1301, 0.6299 0.0462 0.1107, 0.6299 0.0427 0.1123, 0.6299 0.0366 0.1101, 0.6299 0.0397 0.1148, 0.6299 0.0372 0.1183, 0.6299 0.0492 0.1101, 0.6299 0.0366 0.0992, 0.6299 0.0502 0.1099, 0.6299 0.0524 0.1098, 0.6299 0.0557 0.1101, 0.6299 0.0627 0.1119, 0.6299 0.0621 0.1116, 0.6299 0.0611 0.1101, 0.6299 0.0611 0.1113, 0.6299 0.0581 0.1103, 0.6299 0.0401 0.0642, 0.6299 0.0409 0.0717, 0.6299 0.0392 0.0629, 0.6299 0.0386 0.0612, 0.6299 0.0438 0.0513, 0.6299 0.0421 0.052, 0.6299 0.0366 0.0513, 0.6299 0.0391 0.0549, 0.6299 0.0385 0.0565, 0.6299 0.0511 0.0747, 0.6299 0.0495 0.0749, 0.6299 0.0471 0.0673, 0.6299 0.0575 0.0758, 0.6299 0.0584 0.0743, 0.6299 0.0416 0.0654, 0.6299 0.0435 0.0664, 0.6299 0.0441 0.0737, 0.6299 0.047 0.0746, 0.6299 0.0405 0.053, 0.6299 0.0401 0.0535, 0.6299 0.0527 0.0784, 0.6299 0.0547 0.0778, 0.6299 0.0562 0.0769, 0.6299 0.0549 0.0557, 0.6299 0.0548 0.0557, 0.6299 0.0549 0.0516, 0.6299 0.054 0.0545, 0.6299 0.0526 0.053, 0.6299 0.0383 0.0587, 0.6299 0.0383 0.0592, 0.6299 0.0409 0.0762, 0.6299 0.0418 0.0767, 0.6299 0.0452 0.0781, 0.6299 0.05 0.0787, 0.6299 0.0592 0.0722, 0.6299 0.0595 0.0686, 0.6299 0.0595 0.0516, 0.6299 0.0549 0.0684, 0.6299 0.0547 0.0704, 0.6299 0.0543 0.0721, 0.6299 0.0537 0.073, 0.6299 0.053 0.0738, 0.6299 0.0522 0.0743, 0.6299 0.0492 0.0513, 0.6299 0.049 0.0512, 0.6299 0.0611 0.0366, 0.6299 0.044 0.0513, 0.6299 0.0366 0.0366, 0.6299 0.0465 0.0509, 0.6299 0.0467 0.0509, 0.6299 0.0936 0.0513, 0.6299 0.0936 0.0591, 0.6299 0.0861 0.078, 0.6299 0.0913 0.078, 0.6299 0.0965 0.0516, 0.6299 0.0964 0.0513, 0.6299 0.0945 0.0468, 0.6299 0.0849 0.0366, 0.6299 0.0871 0.0395, 0.6299 0.0871 0.0436, 0.6299 0.073 0.0509, 0.6299 0.068 0.0366, 0.6299 0.088 0.0433, 0.6299 0.0897 0.0431, 0.6299 0.0906 0.0432, 0.6299 0.0916 0.0435, 0.6299 0.0925 0.044, 0.6299 0.0936 0.0399, 0.6299 0.0921 0.0393, 0.6299 0.0936 0.0366, 0.6299 0.0901 0.0391, 0.6299 0.0891 0.0391, 0.6299 0.0934 0.045, 0.6299 0.0936 0.0452, 0.6299 0.1283 0.0366, 0.6299 0.0955 0.0412, 0.6299 0.0939 0.0401, 0.6299 0.101 0.0513, 0.6299 0.0995 0.0476, 0.6299 0.0974 0.0434, 0.6299 0.14 0.0366, 0.6299 0.1283 0.0039, 0.6299 0.0936 0.0039, 0.6299 0.0849 0.0039, 0.6299 0.068 0.0039, 0.6299 0.0611 0.0039, 0.6299 0.0366 0.0039, 0.6299 0.0509 0.0519, 0.6299 0.326 0.0513, 0.6299 0.1747 0.0513, 0.6299 0.0139 0.0886, 0.6299 0.0139 0.0516, 0.6299 0.0344 0.0513, 0.6299 0.0344 0.0366, 0.6299 0.0344 0.0039, 0.6299 0.033 0.0886, 0.6299 0.0344 0.0992, 0.6299 0.033 0.0844, 0.6299 0.0338 0.0558, 0.6299 0.0338 0.0516, 0.6299 0.0187 0.0683, 0.6299 0.0187 0.0558, 0.6299 0.0319 0.0683, 0.6299 0.0319 0.0725, 0.6299 0.0187 0.0725, 0.6299 0.0187 0.0844, 0.6299 0.1435 0.0516, 0.6299 0.1727 0.0639, 0.6299 0.1708 0.0601, 0.6299 0.1681 0.0568, 0.6299 0.1717 0.0793, 0.6299 0.173 0.0757, 0.6299 0.1747 0.0992, 0.6299 0.1737 0.0706, 0.6299 0.1736 0.0682, 0.6299 0.1643 0.054, 0.6299 0.16 0.0524, 0.6299 0.1537 0.0516, 0.6299 0.1435 0.0886, 0.6299 0.1541 0.0886, 0.6299 0.1597 0.088, 0.6299 0.1642 0.0864, 0.6299 0.1681 0.0837, 0.6299 0.1694 0.0825, 0.6299 0.181 0.0516, 0.6299 0.1757 0.0516, 0.6299 0.2038 0.0516, 0.6299 0.2 0.0617, 0.6299 0.1846 0.0617, 0.6299 0.1898 0.0886, 0.6299 0.195 0.0886, 0.6299 0.0139 0.1104, 0.6299 0.0139 0.1474, 0.6299 0.0334 0.1104, 0.6299 0.1252 0.1381, 0.6299 0.1266 0.1345, 0.6299 0.1273 0.1294, 0.6299 0.1271 0.127, 0.6299 0.1262 0.1227, 0.6299 0.1244 0.1189, 0.6299 0.1217 0.1156, 0.6299 0.1178 0.1128, 0.6299 0.1076 0.1474, 0.6299 0.1133 0.1468, 0.6299 0.1178 0.1452, 0.6299 0.1136 0.1112, 0.6299 0.1073 0.1104, 0.6299 0.0971 0.1104, 0.6299 0.0971 0.1474, 0.6299 0.1217 0.1425, 0.6299 0.1229 0.1413, 0.6299 0.2091 0.0516, 0.6299 0.326 0.0992, 0.6299 0.326 0.1101, 0.6299 0.326 0.1478, 0.6299 0.0344 0.2795, 0.6299 0.068 0.2795, 0.6299 0.0849 0.2795, 0.6299 0.0936 0.2795, 0.6299 0.1283 0.2795, 0.6299 0.14 0.2795, 0.6299 0.1747 0.2795, 0.6299 0.4331 0.1101, 0.6299 0.4331 0.0992, 0.6299 0.4331 0.0513, 0.6299 0.4331 0.0366, 0.6299 0.4331 0.0039
            ]
        }
        coordIndex [
            0,1,2,-1,3,4,5,-1,6,3,7,-1,8,9,10,-1,11,12,13,-1,14,15,16,-1,17,18,19,-1,19,18,20,-1,21,22,19,-1,19,22,23,-1,19,23,24,-1,24,25,19,-1,19,25,26,-1,19,26,17,-1,27,28,29,-1,29,28,30,-1,31,27,32,-1,32,27,33,-1,34,35,36,-1,33,27,37,-1,37,27,29,-1,37,29,38,-1,38,29,36,-1,38,36,39,-1,35,40,36,-1,36,40,41,-1,36,41,39,-1,39,41,42,-1,39,42,43,-1,43,42,44,-1,43,44,45,-1,16,15,46,-1,15,47,46,-1,46,47,48,-1,46,48,36,-1,36,48,49,-1,36,49,34,-1,50,51,52,-1,51,53,52,-1,52,53,54,-1,52,54,55,-1,55,56,52,-1,52,56,57,-1,52,57,16,-1,16,57,58,-1,16,58,14,-1,59,60,52,-1,52,60,61,-1,52,61,50,-1,62,63,64,-1,64,63,65,-1,65,66,64,-1,64,66,67,-1,64,67,68,-1,68,67,69,-1,68,69,70,-1,70,69,71,-1,70,71,52,-1,52,71,72,-1,52,72,59,-1,73,74,62,-1,62,74,75,-1,62,75,76,-1,76,77,62,-1,62,77,78,-1,62,78,63,-1,79,80,73,-1,79,73,81,-1,82,83,84,-1,84,83,85,-1,86,87,83,-1,83,87,88,-1,83,88,89,-1,90,91,92,-1,92,91,93,-1,94,95,74,-1,74,95,96,-1,74,96,97,-1,98,99,100,-1,100,99,101,-1,100,101,102,-1,103,89,104,-1,104,89,105,-1,104,105,100,-1,100,105,106,-1,100,106,98,-1,107,108,109,-1,109,108,110,-1,109,110,73,-1,73,110,111,-1,73,111,81,-1,80,112,73,-1,73,112,113,-1,73,113,74,-1,74,113,114,-1,74,114,94,-1,103,115,89,-1,89,115,116,-1,89,116,83,-1,83,116,117,-1,83,117,85,-1,90,118,91,-1,91,118,119,-1,91,119,120,-1,121,122,123,-1,123,122,124,-1,123,124,91,-1,91,124,125,-1,91,125,93,-1,97,126,74,-1,74,126,127,-1,74,127,128,-1,128,127,121,-1,128,121,129,-1,129,121,123,-1,130,131,91,-1,91,131,132,-1,91,132,83,-1,83,132,133,-1,83,133,86,-1,120,134,91,-1,91,134,135,-1,91,135,136,-1,136,137,91,-1,91,137,138,-1,91,138,130,-1,139,140,141,-1,141,89,139,-1,139,89,88,-1,139,88,142,-1,142,88,143,-1,143,144,142,-1,142,144,145,-1,142,145,146,-1,147,148,149,-1,150,151,148,-1,151,152,148,-1,148,152,153,-1,148,153,154,-1,149,155,147,-1,147,155,156,-1,147,156,157,-1,140,139,147,-1,147,139,158,-1,147,158,148,-1,148,158,159,-1,148,159,150,-1,154,160,148,-1,148,160,161,-1,148,161,162,-1,162,161,163,-1,162,163,164,-1,164,163,165,-1,166,167,157,-1,157,167,168,-1,157,168,147,-1,18,169,20,-1,20,169,170,-1,20,170,109,-1,109,170,171,-1,109,171,107,-1,172,173,174,-1,13,12,175,-1,175,12,176,-1,175,176,177,-1,178,179,180,-1,180,179,181,-1,180,181,182,-1,182,181,172,-1,182,172,183,-1,184,185,186,-1,186,185,187,-1,186,187,177,-1,174,173,188,-1,188,173,189,-1,188,189,190,-1,191,192,193,-1,194,195,196,-1,196,195,197,-1,196,197,198,-1,198,197,191,-1,198,191,199,-1,199,191,193,-1,200,201,202,-1,203,204,205,-1,206,207,201,-1,208,209,200,-1,201,207,210,-1,203,205,200,-1,200,205,211,-1,200,211,208,-1,209,212,200,-1,200,212,213,-1,200,213,201,-1,201,213,214,-1,201,214,206,-1,215,216,217,-1,217,216,218,-1,217,218,202,-1,202,218,219,-1,202,219,200,-1,220,221,10,-1,222,223,221,-1,224,225,10,-1,207,226,210,-1,210,226,227,-1,210,227,228,-1,228,229,210,-1,210,229,230,-1,210,230,231,-1,231,230,232,-1,231,232,220,-1,225,233,10,-1,10,233,234,-1,10,234,8,-1,223,235,221,-1,221,235,236,-1,221,236,10,-1,10,236,237,-1,10,237,224,-1,238,239,240,-1,240,239,241,-1,240,241,242,-1,240,243,238,-1,238,243,244,-1,238,244,245,-1,245,246,238,-1,238,246,247,-1,238,247,248,-1,248,247,249,-1,248,249,250,-1,250,249,251,-1,250,251,221,-1,221,251,252,-1,221,252,222,-1,253,254,242,-1,242,254,255,-1,242,255,240,-1,256,257,204,-1,204,257,258,-1,204,258,205,-1,256,259,257,-1,257,259,260,-1,257,260,261,-1,261,260,262,-1,261,263,264,-1,262,265,261,-1,261,265,266,-1,261,266,267,-1,267,268,261,-1,261,268,269,-1,261,269,263,-1,264,270,261,-1,261,270,271,-1,261,271,272,-1,273,274,275,-1,276,277,275,-1,275,277,278,-1,275,278,273,-1,274,273,279,-1,279,273,280,-1,279,280,281,-1,277,282,278,-1,278,282,283,-1,278,283,284,-1,284,283,285,-1,284,285,286,-1,286,285,287,-1,286,287,281,-1,281,287,288,-1,281,288,279,-1,289,290,291,-1,292,293,294,-1,294,293,295,-1,294,295,296,-1,296,295,297,-1,296,297,298,-1,298,297,299,-1,298,299,300,-1,300,299,301,-1,300,301,302,-1,302,301,303,-1,304,305,306,-1,289,299,290,-1,290,299,297,-1,290,297,307,-1,307,297,308,-1,307,308,306,-1,306,308,309,-1,306,309,304,-1,310,311,291,-1,291,311,312,-1,291,312,289,-1,313,314,315,-1,315,314,316,-1,315,316,317,-1,318,319,320,-1,320,319,321,-1,320,321,322,-1,322,321,323,-1,322,323,324,-1,324,323,305,-1,324,305,310,-1,310,305,304,-1,310,304,311,-1,325,326,320,-1,320,326,327,-1,320,327,328,-1,329,330,331,-1,331,330,332,-1,333,334,335,-1,335,334,336,-1,335,336,337,-1,337,336,332,-1,337,332,338,-1,338,332,330,-1,328,339,320,-1,320,339,340,-1,320,340,318,-1,333,335,320,-1,320,335,341,-1,320,341,325,-1,342,343,344,-1,344,343,345,-1,344,345,310,-1,310,345,346,-1,310,346,324,-1,347,348,349,-1,349,348,350,-1,349,350,351,-1,352,353,354,-1,354,355,352,-1,352,355,356,-1,352,356,357,-1,358,359,352,-1,352,359,360,-1,352,360,353,-1,361,362,363,-1,363,362,364,-1,363,364,358,-1,358,364,365,-1,358,365,359,-1,366,367,368,-1,367,369,368,-1,368,369,370,-1,368,370,361,-1,366,368,371,-1,371,368,372,-1,371,372,373,-1,373,372,374,-1,374,372,201,-1,374,201,375,-1,323,376,305,-1,305,376,377,-1,305,377,378,-1,378,377,379,-1,378,379,380,-1,381,382,383,-1,383,382,384,-1,385,386,387,-1,387,388,389,-1,390,391,392,-1,201,393,394,-1,381,395,382,-1,382,395,396,-1,382,396,397,-1,397,396,392,-1,397,392,398,-1,398,392,391,-1,386,399,387,-1,387,399,400,-1,387,400,388,-1,401,402,201,-1,201,402,403,-1,201,403,393,-1,404,405,406,-1,406,405,407,-1,406,407,408,-1,389,409,387,-1,387,409,410,-1,387,410,372,-1,372,410,384,-1,372,384,411,-1,411,384,382,-1,411,412,372,-1,372,412,413,-1,372,413,201,-1,201,413,414,-1,201,414,401,-1,394,415,201,-1,201,415,416,-1,201,416,202,-1,202,416,417,-1,202,417,406,-1,418,419,392,-1,392,419,420,-1,392,420,421,-1,421,422,392,-1,392,422,423,-1,392,423,390,-1,424,425,426,-1,385,387,427,-1,427,387,428,-1,427,428,429,-1,426,425,428,-1,428,425,430,-1,428,430,429,-1,431,432,10,-1,10,432,433,-1,220,10,231,-1,231,10,433,-1,231,433,195,-1,195,433,434,-1,195,434,197,-1,435,432,436,-1,436,432,431,-1,436,431,437,-1,438,439,440,-1,441,442,9,-1,9,442,438,-1,9,438,10,-1,10,438,440,-1,10,440,431,-1,431,440,443,-1,431,443,444,-1,444,445,431,-1,431,445,446,-1,431,446,447,-1,448,449,450,-1,450,449,451,-1,450,451,438,-1,438,451,452,-1,438,452,439,-1,447,453,431,-1,431,453,454,-1,431,454,437,-1,455,456,450,-1,450,456,457,-1,450,457,448,-1,458,459,455,-1,455,459,460,-1,455,460,456,-1,6,461,462,-1,462,461,455,-1,462,455,463,-1,463,455,450,-1,463,450,464,-1,464,450,438,-1,464,438,465,-1,465,438,442,-1,465,442,466,-1,466,442,426,-1,466,426,467,-1,467,426,428,-1,441,215,442,-1,442,215,217,-1,442,217,426,-1,426,217,202,-1,426,202,424,-1,424,202,406,-1,424,406,468,-1,468,406,408,-1,461,174,455,-1,455,174,188,-1,455,188,458,-1,458,188,190,-1,458,190,194,-1,194,190,11,-1,194,11,195,-1,195,11,13,-1,3,5,7,-1,7,5,469,-1,7,469,470,-1,471,109,472,-1,472,109,73,-1,472,73,473,-1,473,73,62,-1,473,62,474,-1,474,62,64,-1,474,64,475,-1,471,476,477,-1,476,478,477,-1,477,478,479,-1,477,479,473,-1,473,479,480,-1,473,480,472,-1,481,482,483,-1,483,482,479,-1,483,479,484,-1,484,479,478,-1,484,478,485,-1,485,478,486,-1,187,183,177,-1,177,183,172,-1,177,172,175,-1,175,172,174,-1,175,174,487,-1,488,489,470,-1,470,489,490,-1,491,492,493,-1,493,492,494,-1,493,494,470,-1,470,494,495,-1,470,495,488,-1,490,496,470,-1,470,496,497,-1,470,497,498,-1,6,7,461,-1,461,7,470,-1,461,470,174,-1,174,470,498,-1,174,498,487,-1,487,499,175,-1,175,499,500,-1,175,500,493,-1,493,500,501,-1,493,501,502,-1,502,503,493,-1,493,503,504,-1,493,504,491,-1,505,506,470,-1,507,508,509,-1,470,506,493,-1,493,506,510,-1,493,510,511,-1,361,363,368,-1,368,363,477,-1,368,477,372,-1,372,477,473,-1,372,473,387,-1,387,473,474,-1,387,474,428,-1,428,474,475,-1,428,475,467,-1,493,273,175,-1,175,273,278,-1,175,278,13,-1,13,278,284,-1,13,284,195,-1,195,284,307,-1,195,307,231,-1,231,307,306,-1,231,306,210,-1,210,306,305,-1,210,305,201,-1,201,305,378,-1,201,378,375,-1,375,378,380,-1,471,477,109,-1,109,477,363,-1,109,363,20,-1,20,363,512,-1,20,512,19,-1,512,513,19,-1,19,513,0,-1,19,0,358,-1,358,0,2,-1,358,2,363,-1,363,2,514,-1,363,514,512,-1,515,516,286,-1,286,516,517,-1,286,517,284,-1,284,517,518,-1,284,518,519,-1,519,520,284,-1,284,520,521,-1,284,521,522,-1,290,523,286,-1,286,523,524,-1,286,524,525,-1,522,526,284,-1,284,526,527,-1,284,527,307,-1,307,527,528,-1,307,528,290,-1,290,528,529,-1,290,529,523,-1,525,530,286,-1,286,530,531,-1,286,531,515,-1,509,505,507,-1,507,505,470,-1,507,470,532,-1,532,470,469,-1,532,469,511,-1,511,469,533,-1,511,533,493,-1,493,533,534,-1,493,534,273,-1,273,534,535,-1,273,535,280,-1,357,351,352,-1,352,351,350,-1,352,350,358,-1,358,350,536,-1,358,536,19,-1,19,536,27,-1,19,27,21,-1,21,27,31,-1,347,342,348,-1,348,342,344,-1,348,344,537,-1,537,344,310,-1,537,310,538,-1,538,310,291,-1,538,291,539,-1,539,291,290,-1,539,290,540,-1,540,290,286,-1,540,286,541,-1,541,286,281,-1,541,281,542,-1,542,281,280,-1,542,280,316,-1,316,280,535,-1,316,535,317,-1,317,535,534,-1,317,534,543,-1,543,534,533,-1,543,533,544,-1,544,533,469,-1,544,469,545,-1,545,469,5,-1,545,5,546,-1,546,5,4,-1,546,4,547,-1,
        ]
    }
}
Shape{
    appearance Appearance {
        material  Material 	{
            diffuseColor 1.0 1.0 0.0
            specularColor 0.5019607843137255 0.5019607843137255 0.0
            ambientIntensity 0.886
            transparency 0.0
            shininess 0.5
        }
    }
    geometry IndexedFaceSet {
        ccw TRUE
        solid FALSE
        coord DEF co Coordinate {
            point [
                -0.5118 0.1693 0.0039, -0.6083 0.1693 0.0039, -0.5118 0.1693 0.0, -0.6083 0.1693 0.0, -0.3838 0.3544 0.0, -0.3838 0.4705 0.0, -0.3838 0.3544 0.0039, -0.3838 0.4705 0.0039, -0.5118 0.315 0.0, -0.6083 0.4331 0.0, -0.5105 0.3252 0.0, -0.5065 0.3347 0.0, -0.6182 0.4484 0.0, -0.6073 0.4529 0.0, -0.5979 0.4601 0.0, -0.5709 0.4705 0.0, -0.6299 0.4469 0.0, -0.6338 0.4331 0.0, -0.6338 0.4469 0.0, -0.4724 0.3544 0.0, -0.4826 0.353 0.0, -0.4921 0.3491 0.0, -0.5003 0.3428 0.0, -0.5907 0.4695 0.0, -0.5862 0.4804 0.0, -0.5709 0.4961 0.0, -0.5846 0.4922 0.0, -0.5846 0.4961 0.0, 0.3839 0.3544 0.0039, 0.3839 0.4705 0.0039, 0.3839 0.3544 0.0, 0.3839 0.4705 0.0, 0.5118 0.1693 0.0, 0.6083 0.1693 0.0, 0.5118 0.1693 0.0039, 0.6083 0.1693 0.0039, 0.6083 0.4331 0.0, 0.5118 0.315 0.0, 0.5105 0.3252 0.0, 0.5862 0.4804 0.0, 0.5907 0.4695 0.0, 0.5709 0.4705 0.0, 0.5979 0.4601 0.0, 0.5065 0.3347 0.0, 0.5003 0.3428 0.0, 0.4921 0.3491 0.0, 0.6073 0.4529 0.0, 0.6182 0.4484 0.0, 0.6339 0.4331 0.0, 0.6299 0.4469 0.0, 0.6339 0.4469 0.0, 0.5847 0.4922 0.0, 0.5709 0.4961 0.0, 0.5847 0.4961 0.0, 0.4725 0.3544 0.0, 0.4826 0.353 0.0, 0.5118 -0.1693 0.0039, 0.6083 -0.1693 0.0039, 0.5118 -0.1693 0.0, 0.6083 -0.1693 0.0, 0.3839 -0.3543 0.0, 0.3839 -0.4704 0.0, 0.3839 -0.3543 0.0039, 0.3839 -0.4704 0.0039, 0.5709 -0.4704 0.0, 0.4725 -0.3543 0.0, 0.6199 -0.448 0.0, 0.6083 -0.433 0.0, 0.6299 -0.4468 0.0, 0.6339 -0.433 0.0, 0.6339 -0.4468 0.0, 0.6103 -0.4513 0.0, 0.6017 -0.4567 0.0, 0.5945 -0.4639 0.0, 0.4826 -0.353 0.0, 0.4921 -0.349 0.0, 0.5003 -0.3428 0.0, 0.5065 -0.3346 0.0, 0.5118 -0.3149 0.0, 0.5105 -0.3251 0.0, 0.5891 -0.4725 0.0, 0.5858 -0.482 0.0, 0.5709 -0.496 0.0, 0.5847 -0.4921 0.0, 0.5847 -0.496 0.0, -0.3838 -0.3543 0.0039, -0.3838 -0.4704 0.0039, -0.3838 -0.3543 0.0, -0.3838 -0.4704 0.0, -0.5118 -0.1693 0.0, -0.5295 -0.1693 0.0, -0.5118 -0.1693 0.0039, -0.5295 -0.1693 0.0039, -0.6103 -0.4513 0.0, -0.6198 -0.448 0.0, -0.6083 -0.433 0.0, -0.6338 -0.433 0.0, -0.6299 -0.4468 0.0, -0.6338 -0.4468 0.0, -0.5105 -0.3251 0.0, -0.5118 -0.3149 0.0, -0.6083 -0.248 0.0, -0.5858 -0.482 0.0, -0.5709 -0.4704 0.0, -0.5846 -0.4921 0.0, -0.5709 -0.496 0.0, -0.5846 -0.496 0.0, -0.5065 -0.3346 0.0, -0.5003 -0.3428 0.0, -0.4921 -0.349 0.0, -0.4724 -0.3543 0.0, -0.4826 -0.353 0.0, -0.5891 -0.4725 0.0, -0.5945 -0.4639 0.0, -0.6017 -0.4567 0.0
            ]
        }
        coordIndex [
            0,1,2,-1,2,1,3,-1,4,5,6,-1,6,5,7,-1,2,3,8,-1,8,3,9,-1,8,9,10,-1,10,9,11,-1,12,13,9,-1,9,13,14,-1,9,14,15,-1,12,9,16,-1,16,9,17,-1,16,17,18,-1,5,4,15,-1,15,4,19,-1,19,20,15,-1,15,20,21,-1,15,21,9,-1,9,21,22,-1,9,22,11,-1,14,23,15,-1,15,23,24,-1,15,24,25,-1,25,24,26,-1,25,26,27,-1,28,29,30,-1,30,29,31,-1,32,33,34,-1,34,33,35,-1,33,32,36,-1,36,32,37,-1,36,37,38,-1,39,40,41,-1,41,40,42,-1,41,42,36,-1,38,43,36,-1,36,43,44,-1,36,44,41,-1,41,44,45,-1,42,46,36,-1,36,46,47,-1,36,47,48,-1,48,47,49,-1,48,49,50,-1,39,41,51,-1,51,41,52,-1,51,52,53,-1,30,31,54,-1,54,31,41,-1,54,41,55,-1,55,41,45,-1,56,57,58,-1,58,57,59,-1,60,61,62,-1,62,61,63,-1,61,60,64,-1,64,60,65,-1,66,67,68,-1,68,67,69,-1,68,69,70,-1,66,71,67,-1,67,71,72,-1,67,72,64,-1,64,72,73,-1,65,74,64,-1,64,74,75,-1,64,75,67,-1,67,75,76,-1,67,76,77,-1,58,59,78,-1,78,59,67,-1,78,67,79,-1,79,67,77,-1,73,80,64,-1,64,80,81,-1,64,81,82,-1,82,81,83,-1,82,83,84,-1,85,86,87,-1,87,86,88,-1,89,90,91,-1,91,90,92,-1,93,94,95,-1,95,94,96,-1,96,94,97,-1,96,97,98,-1,99,95,100,-1,100,95,101,-1,100,101,89,-1,89,101,90,-1,102,103,104,-1,104,103,105,-1,104,105,106,-1,99,107,95,-1,95,107,108,-1,95,108,103,-1,103,108,109,-1,87,88,110,-1,110,88,103,-1,110,103,111,-1,111,103,109,-1,102,112,103,-1,103,112,113,-1,103,113,95,-1,95,113,114,-1,95,114,93,-1,
        ]
    }
}
Shape{
    appearance Appearance {
        material  Material 	{
            diffuseColor 0.25098039215686274 0.25098039215686274 0.25098039215686274
            specularColor 0.12549019607843137 0.12549019607843137 0.12549019607843137
            ambientIntensity 0.251
            transparency 0.0
            shininess 0.5
        }
    }
    geometry IndexedFaceSet {
        ccw TRUE
        solid FALSE
        coord DEF co Coordinate {
            point [
                -0.5807 0.4922 0.185, -0.5807 0.4922 0.2795, -0.5709 0.4922 0.185, -0.25 0.4922 0.2795, -0.5709 0.4922 0.0039, -0.25 0.4922 0.0039, -0.065 0.4922 0.2795, 0.065 0.4922 0.2795, -0.065 0.4922 0.0039, 0.065 0.4922 0.0039, 0.5807 -0.4921 0.185, 0.5807 -0.4921 0.2795, 0.5709 -0.4921 0.185, 0.25 -0.4921 0.2795, 0.5709 -0.4921 0.0039, 0.25 -0.4921 0.0039, -0.065 -0.4921 0.0039, 0.065 -0.4921 0.0039, -0.065 -0.4921 0.2795, 0.065 -0.4921 0.2795, -0.2303 0.4725 0.2795, -0.5118 0.4725 0.2795, -0.531 0.4706 0.2795, -0.5824 0.4794 0.2795, -0.6172 -0.4446 0.2795, -0.6053 -0.4495 0.2795, -0.5936 -0.4287 0.2795, -0.5814 -0.4436 0.2795, -0.5951 -0.4573 0.2795, -0.5665 -0.4558 0.2795, -0.5873 -0.4675 0.2795, -0.5495 -0.4649 0.2795, -0.5824 -0.4794 0.2795, -0.531 -0.4705 0.2795, -0.5807 -0.4921 0.2795, -0.5118 -0.4724 0.2795, -0.25 -0.4921 0.2795, -0.2303 -0.4724 0.2795, -0.6027 -0.4117 0.2795, -0.6083 -0.3932 0.2795, -0.6299 -0.4429 0.2795, -0.6102 -0.374 0.2795, -0.6102 0.374 0.2795, -0.6299 0.4429 0.2795, -0.6083 0.3932 0.2795, -0.6172 0.4446 0.2795, -0.6027 0.4117 0.2795, -0.6053 0.4495 0.2795, -0.5936 0.4287 0.2795, -0.5951 0.4574 0.2795, -0.5814 0.4436 0.2795, -0.5873 0.4675 0.2795, -0.5665 0.4559 0.2795, -0.5495 0.465 0.2795, 0.6172 0.4446 0.2795, 0.6053 0.4495 0.2795, 0.5937 0.4287 0.2795, 0.5814 0.4436 0.2795, 0.5951 0.4574 0.2795, 0.5665 0.4559 0.2795, 0.5873 0.4675 0.2795, 0.5495 0.465 0.2795, 0.5824 0.4794 0.2795, 0.531 0.4706 0.2795, 0.5807 0.4922 0.2795, 0.5118 0.4725 0.2795, 0.25 0.4922 0.2795, 0.2303 0.4725 0.2795, 0.582 -0.4811 0.2795, 0.5856 -0.4707 0.2795, 0.5665 -0.4558 0.2795, 0.5814 -0.4436 0.2795, 0.2303 -0.4724 0.2795, 0.5118 -0.4724 0.2795, 0.531 -0.4705 0.2795, 0.5495 -0.4649 0.2795, 0.6028 0.4117 0.2795, 0.6084 0.3932 0.2795, 0.6299 0.4429 0.2795, 0.6102 0.374 0.2795, 0.6102 -0.374 0.2795, 0.6299 -0.4429 0.2795, 0.6084 -0.3932 0.2795, 0.619 -0.4441 0.2795, 0.6028 -0.4117 0.2795, 0.6086 -0.4478 0.2795, 0.5937 -0.4287 0.2795, 0.5992 -0.4536 0.2795, 0.5915 -0.4614 0.2795, -0.0846 -0.4724 0.2795, 0.0847 -0.4724 0.2795, -0.5807 -0.4921 0.185, -0.5824 -0.4794 0.185, -0.5873 -0.4675 0.185, -0.5951 -0.4573 0.185, -0.6053 -0.4495 0.185, -0.6172 -0.4446 0.185, -0.6299 -0.4429 0.185, 0.5807 0.4922 0.185, 0.5824 0.4794 0.185, 0.5873 0.4675 0.185, 0.5951 0.4574 0.185, 0.6053 0.4495 0.185, 0.6172 0.4446 0.185, 0.6299 0.4429 0.185, 0.5709 0.4922 0.185, 0.5709 0.4922 0.0039, 0.25 0.4922 0.0039, -0.6299 -0.433 0.185, -0.6299 0.4429 0.185, -0.6299 0.4331 0.185, -0.6299 0.4331 0.0039, -0.6299 -0.433 0.0039, -0.5709 -0.4921 0.185, -0.5709 -0.4921 0.0039, -0.25 -0.4921 0.0039, -0.0846 0.4725 0.2795, 0.0847 0.4725 0.2795, 0.6083 0.1693 0.0039, 0.6083 0.4331 0.0039, 0.6299 0.4331 0.0039, -0.6083 0.4331 0.0039, -0.6083 0.1693 0.0039, 0.5709 0.4705 0.0039, 0.3839 0.4705 0.0039, -0.3838 -0.4704 0.0039, -0.5709 -0.4704 0.0039, -0.6083 -0.248 0.0039, -0.6083 -0.433 0.0039, 0.5118 0.315 0.0039, 0.5118 0.1693 0.0039, 0.3839 0.3544 0.0039, 0.6299 -0.433 0.0039, 0.6083 -0.433 0.0039, 0.6083 -0.1693 0.0039, -0.0886 0.4685 0.0039, 0.0886 0.4685 0.0039, -0.3838 0.3544 0.0039, -0.5118 -0.1693 0.0039, 0.5118 -0.3149 0.0039, 0.3839 -0.3543 0.0039, 0.5118 -0.1693 0.0039, 0.2264 0.4685 0.0039, -0.4826 0.353 0.0039, -0.4724 0.3544 0.0039, -0.5118 0.315 0.0039, -0.5118 0.1693 0.0039, -0.5295 -0.1693 0.0039, -0.5709 0.4705 0.0039, -0.3838 0.4705 0.0039, -0.2264 0.4685 0.0039, 0.4921 -0.349 0.0039, 0.4826 -0.353 0.0039, 0.4725 -0.3543 0.0039, 0.5709 -0.4704 0.0039, 0.3839 -0.4704 0.0039, 0.2264 -0.4685 0.0039, 0.0886 -0.4685 0.0039, -0.2264 -0.4685 0.0039, -0.3838 -0.3543 0.0039, -0.0886 -0.4685 0.0039, -0.5065 0.3347 0.0039, -0.5003 0.3428 0.0039, -0.4921 0.3491 0.0039, -0.4724 -0.3543 0.0039, -0.4826 -0.353 0.0039, -0.4921 -0.349 0.0039, 0.5003 0.3428 0.0039, 0.5065 0.3347 0.0039, 0.4921 0.3491 0.0039, 0.4826 0.353 0.0039, 0.4725 0.3544 0.0039, 0.5105 0.3252 0.0039, 0.5003 -0.3428 0.0039, 0.5105 -0.3251 0.0039, 0.5065 -0.3346 0.0039, -0.5003 -0.3428 0.0039, -0.5065 -0.3346 0.0039, -0.5105 -0.3251 0.0039, -0.5105 0.3252 0.0039, -0.5118 -0.3149 0.0039
            ]
        }
        coordIndex [
            0,1,2,-1,2,1,3,-1,2,3,4,-1,4,3,5,-1,6,7,8,-1,8,7,9,-1,10,11,12,-1,12,11,13,-1,12,13,14,-1,14,13,15,-1,16,17,18,-1,18,17,19,-1,20,3,21,-1,21,3,1,-1,21,1,22,-1,22,1,23,-1,24,25,26,-1,26,25,27,-1,27,25,28,-1,27,28,29,-1,29,28,30,-1,29,30,31,-1,31,30,32,-1,31,32,33,-1,33,32,34,-1,33,34,35,-1,35,34,36,-1,35,36,37,-1,26,38,24,-1,24,38,39,-1,24,39,40,-1,39,41,40,-1,40,41,42,-1,40,42,43,-1,43,42,44,-1,43,44,45,-1,45,44,46,-1,45,46,47,-1,47,46,48,-1,47,48,49,-1,49,48,50,-1,49,50,51,-1,51,50,52,-1,51,52,23,-1,23,52,53,-1,23,53,22,-1,54,55,56,-1,56,55,57,-1,57,55,58,-1,57,58,59,-1,59,58,60,-1,59,60,61,-1,61,60,62,-1,61,62,63,-1,63,62,64,-1,63,64,65,-1,65,64,66,-1,65,66,67,-1,68,69,70,-1,70,69,71,-1,72,13,73,-1,73,13,11,-1,73,11,74,-1,74,11,68,-1,74,68,75,-1,75,68,70,-1,56,76,54,-1,54,76,77,-1,54,77,78,-1,77,79,78,-1,78,79,80,-1,78,80,81,-1,81,80,82,-1,81,82,83,-1,83,82,84,-1,83,84,85,-1,85,84,86,-1,85,86,87,-1,87,86,71,-1,87,71,88,-1,88,71,69,-1,18,19,89,-1,89,19,90,-1,91,34,92,-1,92,34,32,-1,92,32,93,-1,93,32,30,-1,93,30,94,-1,94,30,28,-1,94,28,95,-1,95,28,25,-1,95,25,96,-1,96,25,24,-1,96,24,97,-1,97,24,40,-1,98,64,99,-1,99,64,62,-1,99,62,100,-1,100,62,60,-1,100,60,101,-1,101,60,58,-1,101,58,102,-1,102,58,55,-1,102,55,103,-1,103,55,54,-1,103,54,104,-1,104,54,78,-1,64,98,105,-1,106,107,105,-1,105,107,66,-1,105,66,64,-1,108,97,40,-1,43,109,110,-1,111,112,110,-1,110,112,108,-1,110,108,43,-1,43,108,40,-1,34,91,113,-1,114,115,113,-1,113,115,36,-1,113,36,34,-1,116,117,6,-1,6,117,7,-1,118,119,120,-1,111,121,122,-1,106,123,124,-1,115,114,125,-1,125,114,126,-1,111,122,112,-1,112,122,127,-1,112,127,128,-1,129,130,131,-1,132,133,134,-1,8,9,135,-1,135,9,136,-1,135,136,137,-1,137,136,138,-1,139,140,141,-1,141,140,136,-1,141,136,142,-1,143,144,145,-1,145,144,137,-1,145,137,146,-1,146,137,138,-1,146,138,122,-1,122,138,147,-1,122,147,127,-1,148,4,149,-1,149,4,5,-1,149,5,137,-1,137,5,150,-1,137,150,135,-1,120,132,118,-1,118,132,134,-1,118,134,130,-1,130,134,141,-1,130,141,131,-1,131,141,142,-1,131,142,124,-1,124,142,107,-1,124,107,106,-1,151,152,139,-1,139,152,153,-1,139,153,140,-1,154,14,155,-1,155,14,15,-1,155,15,140,-1,140,15,156,-1,140,156,136,-1,136,156,157,-1,115,125,158,-1,158,125,159,-1,158,159,160,-1,161,162,163,-1,164,165,166,-1,167,168,169,-1,169,168,170,-1,131,171,129,-1,129,171,170,-1,129,170,172,-1,172,170,168,-1,151,139,173,-1,173,139,174,-1,173,174,175,-1,166,176,164,-1,164,176,177,-1,164,177,178,-1,143,145,163,-1,163,145,179,-1,163,179,161,-1,17,16,157,-1,157,16,160,-1,157,160,136,-1,136,160,159,-1,136,159,138,-1,138,159,164,-1,138,164,180,-1,180,164,178,-1,
        ]
    }
}
Shape{
    appearance Appearance {
        material  Material 	{
            diffuseColor 1.0 1.0 0.0
            specularColor 0.5019607843137255 0.5019607843137255 0.0
            ambientIntensity 0.886
            transparency 0.0
            shininess 0.5
        }
    }
    geometry IndexedFaceSet {
        ccw TRUE
        solid FALSE
        coord DEF co Coordinate {
            point [
                -0.5118 0.4528 0.3189, -0.5118 0.4528 0.2992, -0.5293 0.4508 0.3189, -0.5272 0.4513 0.2992, -0.5321 0.4498 0.3189, -0.5321 0.4498 0.2992, -0.546 0.445 0.3189, -0.5419 0.4468 0.2992, -0.5509 0.4419 0.3189, -0.551 0.4419 0.2992, -0.5609 0.4356 0.3189, -0.5555 0.4395 0.2992, -0.5671 0.4294 0.3189, -0.5675 0.4297 0.2992, -0.5734 0.4231 0.3189, -0.5773 0.4178 0.2992, -0.5796 0.4132 0.3189, -0.5797 0.4133 0.2992, -0.5827 0.4082 0.3189, -0.5845 0.4042 0.2992, -0.5876 0.3943 0.3189, -0.5875 0.3943 0.2992, -0.5886 0.3916 0.3189, -0.589 0.3894 0.2992, -0.5905 0.374 0.3189, -0.5905 0.374 0.2992, -0.5905 -0.374 0.3189, -0.5905 -0.374 0.2992, -0.5886 -0.3915 0.3189, -0.589 -0.3893 0.2992, -0.5876 -0.3943 0.3189, -0.5875 -0.3943 0.2992, -0.5827 -0.4081 0.3189, -0.5845 -0.4041 0.2992, -0.5796 -0.4131 0.3189, -0.5797 -0.4132 0.2992, -0.5734 -0.4231 0.3189, -0.5773 -0.4177 0.2992, -0.5671 -0.4293 0.3189, -0.5675 -0.4297 0.2992, -0.5609 -0.4355 0.3189, -0.5555 -0.4395 0.2992, -0.5509 -0.4418 0.3189, -0.551 -0.4419 0.2992, -0.546 -0.4449 0.3189, -0.5419 -0.4467 0.2992, -0.5321 -0.4498 0.3189, -0.5321 -0.4497 0.2992, -0.5293 -0.4508 0.3189, -0.5272 -0.4512 0.2992, -0.5118 -0.4527 0.3189, -0.5118 -0.4527 0.2992, 0.5118 -0.4527 0.3189, 0.5118 -0.4527 0.2992, 0.5293 -0.4508 0.3189, 0.5272 -0.4512 0.2992, 0.5321 -0.4498 0.3189, 0.5321 -0.4497 0.2992, 0.546 -0.4449 0.3189, 0.542 -0.4467 0.2992, 0.551 -0.4418 0.3189, 0.551 -0.4419 0.2992, 0.5609 -0.4355 0.3189, 0.5556 -0.4395 0.2992, 0.5671 -0.4293 0.3189, 0.5675 -0.4297 0.2992, 0.5734 -0.4231 0.3189, 0.5773 -0.4177 0.2992, 0.5796 -0.4131 0.3189, 0.5797 -0.4132 0.2992, 0.5828 -0.4081 0.3189, 0.5846 -0.4041 0.2992, 0.5876 -0.3943 0.3189, 0.5876 -0.3943 0.2992, 0.5886 -0.3915 0.3189, 0.589 -0.3893 0.2992, 0.5906 -0.374 0.3189, 0.5906 -0.374 0.2992, 0.5906 0.374 0.3189, 0.5906 0.374 0.2992, 0.5886 0.3916 0.3189, 0.589 0.3894 0.2992, 0.5876 0.3943 0.3189, 0.5876 0.3943 0.2992, 0.5828 0.4082 0.3189, 0.5846 0.4042 0.2992, 0.5796 0.4132 0.3189, 0.5797 0.4133 0.2992, 0.5734 0.4231 0.3189, 0.5773 0.4178 0.2992, 0.5671 0.4294 0.3189, 0.5675 0.4297 0.2992, 0.5609 0.4356 0.3189, 0.5556 0.4395 0.2992, 0.551 0.4419 0.3189, 0.551 0.4419 0.2992, 0.546 0.445 0.3189, 0.542 0.4468 0.2992, 0.5321 0.4498 0.3189, 0.5321 0.4498 0.2992, 0.5293 0.4508 0.3189, 0.5272 0.4513 0.2992, 0.5118 0.4528 0.3189, 0.5118 0.4528 0.2992
            ]
        }
        coordIndex [
            0,1,2,-1,2,1,3,-1,2,3,4,-1,4,3,5,-1,4,5,6,-1,6,5,7,-1,6,7,8,-1,8,7,9,-1,8,9,10,-1,10,9,11,-1,10,11,12,-1,12,11,13,-1,12,13,14,-1,14,13,15,-1,14,15,16,-1,16,15,17,-1,16,17,18,-1,18,17,19,-1,18,19,20,-1,20,19,21,-1,20,21,22,-1,22,21,23,-1,22,23,24,-1,24,23,25,-1,24,25,26,-1,26,25,27,-1,26,27,28,-1,28,27,29,-1,28,29,30,-1,30,29,31,-1,30,31,32,-1,32,31,33,-1,32,33,34,-1,34,33,35,-1,34,35,36,-1,36,35,37,-1,36,37,38,-1,38,37,39,-1,38,39,40,-1,40,39,41,-1,40,41,42,-1,42,41,43,-1,42,43,44,-1,44,43,45,-1,44,45,46,-1,46,45,47,-1,46,47,48,-1,48,47,49,-1,48,49,50,-1,50,49,51,-1,50,51,52,-1,52,51,53,-1,52,53,54,-1,54,53,55,-1,54,55,56,-1,56,55,57,-1,56,57,58,-1,58,57,59,-1,58,59,60,-1,60,59,61,-1,60,61,62,-1,62,61,63,-1,62,63,64,-1,64,63,65,-1,64,65,66,-1,66,65,67,-1,66,67,68,-1,68,67,69,-1,68,69,70,-1,70,69,71,-1,70,71,72,-1,72,71,73,-1,72,73,74,-1,74,73,75,-1,74,75,76,-1,76,75,77,-1,76,77,78,-1,78,77,79,-1,78,79,80,-1,80,79,81,-1,80,81,82,-1,82,81,83,-1,82,83,84,-1,84,83,85,-1,84,85,86,-1,86,85,87,-1,86,87,88,-1,88,87,89,-1,88,89,90,-1,90,89,91,-1,90,91,92,-1,92,91,93,-1,92,93,94,-1,94,93,95,-1,94,95,96,-1,96,95,97,-1,96,97,98,-1,98,97,99,-1,98,99,100,-1,100,99,101,-1,100,101,102,-1,102,101,103,-1,102,103,0,-1,0,103,1,-1,
        ]
    }
}
Shape{
    appearance Appearance {
        material  Material 	{
            diffuseColor 0.7529411764705882 0.7529411764705882 0.7529411764705882
            specularColor 0.3764705882352941 0.3764705882352941 0.3764705882352941
            ambientIntensity 0.7529
            transparency 0.0
            shininess 0.5
        }
    }
    geometry IndexedFaceSet {
        ccw TRUE
        solid FALSE
        coord DEF co Coordinate {
            point [
                0.5512 -0.374 0.3583, -0.3909 -0.2985 0.3583, -0.3921 -0.3077 0.3583, -0.4571 -0.3163 0.3583, -0.4607 -0.3077 0.3583, -0.5512 -0.374 0.3583, -0.3956 -0.3163 0.3583, -0.4013 -0.3237 0.3583, 0.5118 -0.4134 0.3583, 0.5459 -0.3937 0.3583, 0.522 -0.412 0.3583, 0.5397 -0.4018 0.3583, 0.5315 -0.4081 0.3583, 0.5498 -0.3842 0.3583, -0.4515 -0.2734 0.3583, -0.4441 -0.2678 0.3583, -0.5512 0.374 0.3583, -0.4356 -0.2642 0.3583, -0.4264 -0.263 0.3583, -0.4086 -0.3293 0.3583, -0.4172 -0.3328 0.3583, -0.5118 -0.4134 0.3583, -0.4264 -0.3341 0.3583, -0.4619 -0.2985 0.3583, -0.4607 -0.2894 0.3583, -0.4571 -0.2808 0.3583, -0.5315 0.4081 0.3583, -0.5396 0.4019 0.3583, -0.522 0.4121 0.3583, -0.5459 0.3937 0.3583, -0.5498 0.3842 0.3583, -0.5118 0.4134 0.3583, -0.4172 -0.2642 0.3583, 0.5118 0.4134 0.3583, -0.4356 -0.3328 0.3583, -0.4441 -0.3293 0.3583, -0.522 -0.412 0.3583, -0.4515 -0.3237 0.3583, -0.5498 -0.3842 0.3583, -0.5459 -0.3937 0.3583, 0.5459 0.3937 0.3583, 0.5397 0.4019 0.3583, -0.3956 -0.2808 0.3583, -0.5396 -0.4018 0.3583, -0.5315 -0.4081 0.3583, -0.4086 -0.2678 0.3583, -0.4013 -0.2734 0.3583, 0.522 0.4121 0.3583, 0.5315 0.4081 0.3583, -0.3921 -0.2894 0.3583, 0.5512 0.374 0.3583, 0.5498 0.3842 0.3583
            ]
        }
        coordIndex [
            0,1,2,-1,3,4,5,-1,6,7,8,-1,9,10,11,-1,11,10,12,-1,9,13,10,-1,10,13,0,-1,10,0,8,-1,8,0,2,-1,8,2,6,-1,14,15,16,-1,16,15,17,-1,16,17,18,-1,7,19,8,-1,8,19,20,-1,8,20,21,-1,21,20,22,-1,4,23,5,-1,5,23,24,-1,5,24,16,-1,16,24,25,-1,16,25,14,-1,26,27,28,-1,28,27,29,-1,28,29,30,-1,30,16,28,-1,28,16,18,-1,28,18,31,-1,31,18,32,-1,31,32,33,-1,22,34,21,-1,21,34,35,-1,21,35,36,-1,36,35,37,-1,3,5,37,-1,37,5,38,-1,37,38,39,-1,40,41,42,-1,39,43,37,-1,37,43,44,-1,37,44,36,-1,32,45,33,-1,33,45,46,-1,33,46,47,-1,47,46,42,-1,47,42,48,-1,48,42,41,-1,1,0,49,-1,49,0,50,-1,49,50,42,-1,42,50,51,-1,42,51,40,-1,
        ]
    }
}
Shape{
    appearance Appearance {
        material  Material 	{
            diffuseColor 0.25098039215686274 0.25098039215686274 0.25098039215686274
            specularColor 0.12549019607843137 0.12549019607843137 0.12549019607843137
            ambientIntensity 0.251
            transparency 0.0
            shininess 0.5
        }
    }
    geometry IndexedFaceSet {
        ccw TRUE
        solid FALSE
        coord DEF co Coordinate {
            point [
                -0.6299 0.4429 0.185, -0.6299 0.4429 0.2795, -0.6172 0.4446 0.185, -0.6172 0.4446 0.2795, -0.6053 0.4495 0.185, -0.6053 0.4495 0.2795, -0.5951 0.4574 0.185, -0.5951 0.4574 0.2795, -0.5873 0.4675 0.185, -0.5873 0.4675 0.2795, -0.5824 0.4794 0.185, -0.5824 0.4794 0.2795, -0.5807 0.4922 0.185, -0.5807 0.4922 0.2795, 0.6299 -0.4429 0.185, 0.6299 -0.4429 0.2795, 0.619 -0.4441 0.185, 0.619 -0.4441 0.2795, 0.6086 -0.4478 0.185, 0.6086 -0.4478 0.2795, 0.5992 -0.4536 0.185, 0.5992 -0.4536 0.2795, 0.5915 -0.4614 0.185, 0.5915 -0.4614 0.2795, 0.5856 -0.4707 0.185, 0.5856 -0.4707 0.2795, 0.582 -0.4811 0.185, 0.582 -0.4811 0.2795, 0.5807 -0.4921 0.185, 0.5807 -0.4921 0.2795
            ]
        }
        coordIndex [
            0,1,2,-1,2,1,3,-1,2,3,4,-1,4,3,5,-1,4,5,6,-1,6,5,7,-1,6,7,8,-1,8,7,9,-1,8,9,10,-1,10,9,11,-1,10,11,12,-1,12,11,13,-1,14,15,16,-1,16,15,17,-1,16,17,18,-1,18,17,19,-1,18,19,20,-1,20,19,21,-1,20,21,22,-1,22,21,23,-1,22,23,24,-1,24,23,25,-1,24,25,26,-1,26,25,27,-1,26,27,28,-1,28,27,29,-1,
        ]
    }
}
Shape{
    appearance Appearance {
        material  Material 	{
            diffuseColor 1.0 1.0 0.0
            specularColor 0.5019607843137255 0.5019607843137255 0.0
            ambientIntensity 0.886
            transparency 0.0
            shininess 0.5
        }
    }
    geometry IndexedFaceSet {
        ccw TRUE
        solid FALSE
        coord DEF co Coordinate {
            point [
                0.5876 0.3943 0.3189, 0.5828 0.4082 0.3189, 0.5822 0.4079 0.324, 0.5321 0.4498 0.3189, 0.5293 0.4508 0.3189, 0.5292 0.4502 0.324, 0.5687 0.3893 0.3386, 0.5694 0.3872 0.3386, 0.5744 0.3883 0.3379, 0.5627 0.4034 0.3386, 0.565 0.3997 0.3386, 0.5696 0.4019 0.3379, 0.527 0.4309 0.3386, 0.5374 0.4273 0.3386, 0.5397 0.4318 0.3379, 0.5118 0.4331 0.3386, 0.525 0.4316 0.3386, 0.5118 0.4375 0.338, 0.5261 0.4366 0.3379, 0.5118 0.4382 0.3379, 0.5486 0.4202 0.3386, 0.5533 0.4155 0.3386, 0.562 0.414 0.3379, 0.558 0.4109 0.3386, 0.5118 0.4416 0.3365, 0.5272 0.4412 0.3359, 0.5118 0.4429 0.3359, 0.5118 0.4453 0.3342, 0.5281 0.4452 0.3328, 0.5118 0.447 0.3328, 0.5118 0.4484 0.3311, 0.5288 0.4482 0.3287, 0.5118 0.4501 0.3287, 0.5118 0.4507 0.3274, 0.5118 0.4521 0.324, 0.5412 0.4249 0.3386, 0.5518 0.4242 0.3379, 0.5417 0.4361 0.3359, 0.5548 0.4279 0.3359, 0.5435 0.4398 0.3328, 0.5573 0.4311 0.3328, 0.5448 0.4426 0.3287, 0.5593 0.4335 0.3287, 0.5457 0.4444 0.324, 0.5605 0.4351 0.324, 0.5118 0.4522 0.3233, 0.5118 0.4528 0.3189, 0.546 0.445 0.3189, 0.5796 0.4132 0.3189, 0.5734 0.4231 0.3189, 0.5729 0.4227 0.324, 0.5713 0.4215 0.3287, 0.5689 0.4195 0.3328, 0.5657 0.417 0.3359, 0.5671 0.4294 0.3189, 0.5609 0.4356 0.3189, 0.551 0.4419 0.3189, 0.5804 0.4071 0.3287, 0.5776 0.4057 0.3328, 0.5739 0.4039 0.3359, 0.5886 0.3916 0.3189, 0.5879 0.3914 0.324, 0.586 0.391 0.3287, 0.583 0.3903 0.3328, 0.579 0.3894 0.3359, 0.5709 0.374 0.3386, 0.576 0.374 0.3379, 0.5807 0.374 0.3359, 0.5848 0.374 0.3328, 0.5879 0.374 0.3287, 0.5899 0.374 0.324, 0.5906 0.374 0.3189, -0.5118 0.4331 0.3386, -0.5118 0.4375 0.338, -0.5118 0.4382 0.3379, -0.5118 0.4416 0.3365, -0.5118 0.4429 0.3359, -0.5118 0.4453 0.3342, -0.5118 0.447 0.3328, -0.5118 0.4484 0.3311, -0.5118 0.4501 0.3287, -0.5118 0.4507 0.3274, -0.5118 0.4521 0.324, -0.5118 0.4522 0.3233, -0.5118 0.4528 0.3189, 0.5709 -0.374 0.3386, 0.576 -0.374 0.3379, 0.5807 -0.374 0.3359, 0.5848 -0.374 0.3328, 0.5879 -0.374 0.3287, 0.5899 -0.374 0.324, 0.5906 -0.374 0.3189, -0.5876 0.3943 0.3189, -0.5886 0.3916 0.3189, -0.5879 0.3914 0.324, -0.5412 0.4249 0.3386, -0.5374 0.4273 0.3386, -0.5396 0.4318 0.3379, -0.5686 0.3893 0.3386, -0.565 0.3997 0.3386, -0.5696 0.4019 0.3379, -0.558 0.4109 0.3386, -0.5533 0.4155 0.3386, -0.5518 0.4242 0.3379, -0.5486 0.4202 0.3386, -0.5249 0.4316 0.3386, -0.5261 0.4366 0.3379, -0.527 0.4309 0.3386, -0.5271 0.4412 0.3359, -0.528 0.4452 0.3328, -0.5287 0.4482 0.3287, -0.5627 0.4034 0.3386, -0.562 0.414 0.3379, -0.5739 0.4039 0.3359, -0.5657 0.417 0.3359, -0.5775 0.4057 0.3328, -0.5689 0.4195 0.3328, -0.5804 0.4071 0.3287, -0.5713 0.4215 0.3287, -0.5821 0.4079 0.324, -0.5728 0.4227 0.324, -0.5417 0.4361 0.3359, -0.5435 0.4398 0.3328, -0.5448 0.4426 0.3287, -0.5457 0.4444 0.324, -0.5292 0.4502 0.324, -0.5709 0.374 0.3386, -0.5694 0.3872 0.3386, -0.576 0.374 0.3379, -0.5743 0.3883 0.3379, -0.5807 0.374 0.3359, -0.579 0.3894 0.3359, -0.5848 0.374 0.3328, -0.5829 0.3903 0.3328, -0.5879 0.374 0.3287, -0.586 0.391 0.3287, -0.5899 0.374 0.324, -0.5905 0.374 0.3189, -0.5827 0.4082 0.3189, -0.5509 0.4419 0.3189, -0.5609 0.4356 0.3189, -0.5605 0.4351 0.324, -0.5593 0.4335 0.3287, -0.5573 0.4311 0.3328, -0.5548 0.4279 0.3359, -0.5671 0.4294 0.3189, -0.5734 0.4231 0.3189, -0.5796 0.4132 0.3189, -0.546 0.445 0.3189, -0.5321 0.4498 0.3189, -0.5293 0.4508 0.3189, 0.5321 -0.4498 0.3189, 0.546 -0.4449 0.3189, 0.5457 -0.4443 0.324, 0.5876 -0.3943 0.3189, 0.5886 -0.3915 0.3189, 0.5879 -0.3914 0.324, 0.527 -0.4308 0.3386, 0.525 -0.4316 0.3386, 0.5261 -0.4365 0.3379, 0.5412 -0.4248 0.3386, 0.5374 -0.4272 0.3386, 0.5397 -0.4318 0.3379, 0.5687 -0.3892 0.3386, 0.565 -0.3996 0.3386, 0.5696 -0.4018 0.3379, 0.558 -0.4108 0.3386, 0.5533 -0.4155 0.3386, 0.5518 -0.4241 0.3379, 0.5486 -0.4202 0.3386, 0.5627 -0.4033 0.3386, 0.562 -0.414 0.3379, 0.5739 -0.4039 0.3359, 0.5657 -0.4169 0.3359, 0.5776 -0.4056 0.3328, 0.5689 -0.4195 0.3328, 0.5804 -0.407 0.3287, 0.5713 -0.4214 0.3287, 0.5822 -0.4079 0.324, 0.5729 -0.4227 0.324, 0.5694 -0.3871 0.3386, 0.5744 -0.3883 0.3379, 0.579 -0.3893 0.3359, 0.583 -0.3902 0.3328, 0.586 -0.3909 0.3287, 0.5828 -0.4081 0.3189, 0.551 -0.4418 0.3189, 0.5609 -0.4355 0.3189, 0.5605 -0.435 0.324, 0.5593 -0.4335 0.3287, 0.5573 -0.431 0.3328, 0.5548 -0.4279 0.3359, 0.5671 -0.4293 0.3189, 0.5734 -0.4231 0.3189, 0.5796 -0.4131 0.3189, 0.5448 -0.4426 0.3287, 0.5435 -0.4397 0.3328, 0.5417 -0.4361 0.3359, 0.5293 -0.4508 0.3189, 0.5292 -0.4501 0.324, 0.5288 -0.4482 0.3287, 0.5281 -0.4451 0.3328, 0.5272 -0.4412 0.3359, 0.5118 -0.433 0.3386, 0.5118 -0.4381 0.3379, 0.5118 -0.4429 0.3359, 0.5118 -0.447 0.3328, 0.5118 -0.4501 0.3287, 0.5118 -0.4521 0.324, 0.5118 -0.4527 0.3189, -0.5709 -0.374 0.3386, -0.576 -0.374 0.3379, -0.5807 -0.374 0.3359, -0.5848 -0.374 0.3328, -0.5879 -0.374 0.3287, -0.5899 -0.374 0.324, -0.5905 -0.374 0.3189, -0.5118 -0.433 0.3386, -0.5118 -0.4381 0.3379, -0.5118 -0.4429 0.3359, -0.5118 -0.447 0.3328, -0.5118 -0.4501 0.3287, -0.5118 -0.4521 0.324, -0.5118 -0.4527 0.3189, -0.5876 -0.3943 0.3189, -0.5827 -0.4081 0.3189, -0.5821 -0.4079 0.324, -0.5321 -0.4498 0.3189, -0.5293 -0.4508 0.3189, -0.5292 -0.4501 0.324, -0.5686 -0.3892 0.3386, -0.5694 -0.3871 0.3386, -0.5743 -0.3883 0.3379, -0.5627 -0.4033 0.3386, -0.565 -0.3996 0.3386, -0.5696 -0.4018 0.3379, -0.527 -0.4308 0.3386, -0.5374 -0.4272 0.3386, -0.5396 -0.4318 0.3379, -0.5486 -0.4202 0.3386, -0.5533 -0.4155 0.3386, -0.562 -0.414 0.3379, -0.558 -0.4108 0.3386, -0.5412 -0.4248 0.3386, -0.5518 -0.4241 0.3379, -0.5417 -0.4361 0.3359, -0.5548 -0.4279 0.3359, -0.5435 -0.4397 0.3328, -0.5573 -0.431 0.3328, -0.5448 -0.4426 0.3287, -0.5593 -0.4335 0.3287, -0.5457 -0.4443 0.324, -0.5605 -0.435 0.324, -0.5249 -0.4316 0.3386, -0.5261 -0.4365 0.3379, -0.5271 -0.4412 0.3359, -0.528 -0.4451 0.3328, -0.5287 -0.4482 0.3287, -0.546 -0.4449 0.3189, -0.5796 -0.4131 0.3189, -0.5734 -0.4231 0.3189, -0.5728 -0.4227 0.324, -0.5713 -0.4214 0.3287, -0.5689 -0.4195 0.3328, -0.5657 -0.4169 0.3359, -0.5671 -0.4293 0.3189, -0.5609 -0.4355 0.3189, -0.5509 -0.4418 0.3189, -0.5804 -0.407 0.3287, -0.5775 -0.4056 0.3328, -0.5739 -0.4039 0.3359, -0.5886 -0.3915 0.3189, -0.5879 -0.3914 0.324, -0.586 -0.3909 0.3287, -0.5829 -0.3902 0.3328, -0.579 -0.3893 0.3359, 0.5273 0.4519 0.2941, 0.5118 0.4535 0.2941, 0.5118 0.4528 0.2992, 0.5272 0.4513 0.2992, 0.5321 0.4498 0.2992, 0.5422 0.4474 0.2941, 0.542 0.4468 0.2992, 0.5559 0.4401 0.2941, 0.551 0.4419 0.2992, 0.5556 0.4395 0.2992, 0.568 0.4302 0.2941, 0.5675 0.4297 0.2992, 0.5778 0.4182 0.2941, 0.5773 0.4178 0.2992, 0.5797 0.4133 0.2992, 0.5852 0.4044 0.2941, 0.5846 0.4042 0.2992, 0.5897 0.3895 0.2941, 0.5906 0.374 0.2992, 0.5912 0.374 0.2941, 0.589 0.3894 0.2992, 0.5876 0.3943 0.2992, 0.5932 0.374 0.2894, 0.5916 0.3899 0.2894, 0.587 0.4052 0.2894, 0.5795 0.4193 0.2894, 0.5694 0.4316 0.2894, 0.557 0.4417 0.2894, 0.543 0.4492 0.2894, 0.5277 0.4539 0.2894, 0.5118 0.4554 0.2894, 0.5963 0.374 0.2853, 0.5947 0.3905 0.2853, 0.5899 0.4064 0.2853, 0.5821 0.421 0.2853, 0.5716 0.4338 0.2853, 0.5588 0.4443 0.2853, 0.5442 0.4521 0.2853, 0.5283 0.4569 0.2853, 0.5118 0.4586 0.2853, 0.6004 0.374 0.2822, 0.5987 0.3913 0.2822, 0.5937 0.4079 0.2822, 0.5855 0.4233 0.2822, 0.5745 0.4367 0.2822, 0.561 0.4477 0.2822, 0.5457 0.4559 0.2822, 0.5291 0.4609 0.2822, 0.5118 0.4626 0.2822, 0.6052 0.374 0.2802, 0.6034 0.3923 0.2802, 0.598 0.4098 0.2802, 0.5894 0.4259 0.2802, 0.5778 0.44 0.2802, 0.5637 0.4516 0.2802, 0.5475 0.4603 0.2802, 0.53 0.4656 0.2802, 0.5118 0.4674 0.2802, 0.6102 0.374 0.2795, 0.6084 0.3932 0.2795, 0.6028 0.4117 0.2795, 0.5937 0.4287 0.2795, 0.5814 0.4436 0.2795, 0.5665 0.4559 0.2795, 0.5495 0.465 0.2795, 0.531 0.4706 0.2795, 0.5118 0.4725 0.2795, 0.2303 0.4725 0.2795, 0.2264 0.4685 0.2799, 0.0886 0.4685 0.2799, -0.2303 0.4725 0.2795, -0.5118 0.4725 0.2795, -0.2264 0.4685 0.2799, -0.5118 0.4674 0.2802, -0.0886 0.4685 0.2799, 0.0847 0.4725 0.2795, -0.0846 0.4725 0.2795, -0.5118 0.4626 0.2822, -0.5118 0.4586 0.2853, -0.5118 0.4554 0.2894, -0.5118 0.4535 0.2941, -0.5118 0.4528 0.2992, 0.6102 -0.374 0.2795, 0.6052 -0.374 0.2802, 0.6004 -0.374 0.2822, 0.5963 -0.374 0.2853, 0.5932 -0.374 0.2894, 0.5912 -0.374 0.2941, 0.5906 -0.374 0.2992, -0.5897 0.3895 0.2941, -0.5912 0.374 0.2941, -0.5905 0.374 0.2992, -0.589 0.3894 0.2992, -0.5875 0.3943 0.2992, -0.5852 0.4044 0.2941, -0.5845 0.4042 0.2992, -0.5778 0.4182 0.2941, -0.5797 0.4133 0.2992, -0.5773 0.4178 0.2992, -0.568 0.4302 0.2941, -0.5675 0.4297 0.2992, -0.5559 0.4401 0.2941, -0.5555 0.4395 0.2992, -0.551 0.4419 0.2992, -0.5422 0.4474 0.2941, -0.5419 0.4468 0.2992, -0.5273 0.4519 0.2941, -0.5272 0.4513 0.2992, -0.5321 0.4498 0.2992, -0.5277 0.4539 0.2894, -0.5429 0.4492 0.2894, -0.557 0.4417 0.2894, -0.5693 0.4316 0.2894, -0.5795 0.4193 0.2894, -0.587 0.4052 0.2894, -0.5916 0.3899 0.2894, -0.5932 0.374 0.2894, -0.5283 0.4569 0.2853, -0.5441 0.4521 0.2853, -0.5587 0.4443 0.2853, -0.5716 0.4338 0.2853, -0.5821 0.421 0.2853, -0.5899 0.4064 0.2853, -0.5947 0.3905 0.2853, -0.5963 0.374 0.2853, -0.5291 0.4609 0.2822, -0.5457 0.4559 0.2822, -0.561 0.4477 0.2822, -0.5744 0.4367 0.2822, -0.5855 0.4233 0.2822, -0.5936 0.4079 0.2822, -0.5987 0.3913 0.2822, -0.6004 0.374 0.2822, -0.53 0.4656 0.2802, -0.5475 0.4603 0.2802, -0.5637 0.4516 0.2802, -0.5778 0.44 0.2802, -0.5894 0.4259 0.2802, -0.598 0.4098 0.2802, -0.6033 0.3923 0.2802, -0.6051 0.374 0.2802, -0.531 0.4706 0.2795, -0.5495 0.465 0.2795, -0.5665 0.4559 0.2795, -0.5814 0.4436 0.2795, -0.5936 0.4287 0.2795, -0.6027 0.4117 0.2795, -0.6083 0.3932 0.2795, -0.6102 0.374 0.2795, 0.5897 -0.3895 0.2941, 0.589 -0.3893 0.2992, 0.5876 -0.3943 0.2992, 0.5852 -0.4044 0.2941, 0.5846 -0.4041 0.2992, 0.5778 -0.4181 0.2941, 0.5797 -0.4132 0.2992, 0.5773 -0.4177 0.2992, 0.568 -0.4301 0.2941, 0.5675 -0.4297 0.2992, 0.5559 -0.44 0.2941, 0.5556 -0.4395 0.2992, 0.551 -0.4419 0.2992, 0.5422 -0.4474 0.2941, 0.542 -0.4467 0.2992, 0.5273 -0.4519 0.2941, 0.5118 -0.4527 0.2992, 0.5118 -0.4534 0.2941, 0.5272 -0.4512 0.2992, 0.5321 -0.4497 0.2992, 0.5118 -0.4554 0.2894, 0.5277 -0.4538 0.2894, 0.543 -0.4492 0.2894, 0.557 -0.4416 0.2894, 0.5694 -0.4315 0.2894, 0.5795 -0.4192 0.2894, 0.587 -0.4051 0.2894, 0.5916 -0.3899 0.2894, 0.5118 -0.4585 0.2853, 0.5283 -0.4569 0.2853, 0.5442 -0.4521 0.2853, 0.5588 -0.4442 0.2853, 0.5716 -0.4337 0.2853, 0.5821 -0.4209 0.2853, 0.5899 -0.4063 0.2853, 0.5947 -0.3905 0.2853, 0.5118 -0.4626 0.2822, 0.5291 -0.4609 0.2822, 0.5457 -0.4558 0.2822, 0.561 -0.4476 0.2822, 0.5745 -0.4366 0.2822, 0.5855 -0.4232 0.2822, 0.5937 -0.4079 0.2822, 0.5987 -0.3913 0.2822, 0.5118 -0.4673 0.2802, 0.53 -0.4655 0.2802, 0.5475 -0.4602 0.2802, 0.5637 -0.4516 0.2802, 0.5778 -0.44 0.2802, 0.5894 -0.4258 0.2802, 0.598 -0.4097 0.2802, 0.6034 -0.3922 0.2802, 0.5118 -0.4724 0.2795, 0.531 -0.4705 0.2795, 0.5495 -0.4649 0.2795, 0.5665 -0.4558 0.2795, 0.5814 -0.4436 0.2795, 0.5937 -0.4287 0.2795, 0.6028 -0.4117 0.2795, 0.6084 -0.3932 0.2795, -0.6102 -0.374 0.2795, -0.6051 -0.374 0.2802, -0.6004 -0.374 0.2822, -0.5963 -0.374 0.2853, -0.5932 -0.374 0.2894, -0.5912 -0.374 0.2941, -0.5905 -0.374 0.2992, 0.2303 -0.4724 0.2795, 0.2264 -0.4685 0.2799, 0.0886 -0.4685 0.2799, -0.5118 -0.4724 0.2795, -0.2303 -0.4724 0.2795, -0.5118 -0.4673 0.2802, -0.2264 -0.4685 0.2799, -0.0886 -0.4685 0.2799, -0.0846 -0.4724 0.2795, 0.0847 -0.4724 0.2795, -0.5118 -0.4626 0.2822, -0.5118 -0.4585 0.2853, -0.5118 -0.4554 0.2894, -0.5118 -0.4534 0.2941, -0.5118 -0.4527 0.2992, -0.5273 -0.4519 0.2941, -0.5272 -0.4512 0.2992, -0.5321 -0.4497 0.2992, -0.5422 -0.4474 0.2941, -0.5419 -0.4467 0.2992, -0.5559 -0.44 0.2941, -0.551 -0.4419 0.2992, -0.5555 -0.4395 0.2992, -0.568 -0.4301 0.2941, -0.5675 -0.4297 0.2992, -0.5778 -0.4181 0.2941, -0.5773 -0.4177 0.2992, -0.5797 -0.4132 0.2992, -0.5852 -0.4044 0.2941, -0.5845 -0.4041 0.2992, -0.5897 -0.3895 0.2941, -0.589 -0.3893 0.2992, -0.5875 -0.3943 0.2992, -0.5916 -0.3899 0.2894, -0.587 -0.4051 0.2894, -0.5795 -0.4192 0.2894, -0.5693 -0.4315 0.2894, -0.557 -0.4416 0.2894, -0.5429 -0.4492 0.2894, -0.5277 -0.4538 0.2894, -0.5947 -0.3905 0.2853, -0.5899 -0.4063 0.2853, -0.5821 -0.4209 0.2853, -0.5716 -0.4337 0.2853, -0.5587 -0.4442 0.2853, -0.5441 -0.4521 0.2853, -0.5283 -0.4569 0.2853, -0.5987 -0.3913 0.2822, -0.5936 -0.4079 0.2822, -0.5855 -0.4232 0.2822, -0.5744 -0.4366 0.2822, -0.561 -0.4476 0.2822, -0.5457 -0.4558 0.2822, -0.5291 -0.4609 0.2822, -0.6033 -0.3922 0.2802, -0.598 -0.4097 0.2802, -0.5894 -0.4258 0.2802, -0.5778 -0.44 0.2802, -0.5637 -0.4516 0.2802, -0.5475 -0.4602 0.2802, -0.53 -0.4655 0.2802, -0.6083 -0.3932 0.2795, -0.6027 -0.4117 0.2795, -0.5936 -0.4287 0.2795, -0.5814 -0.4436 0.2795, -0.5665 -0.4558 0.2795, -0.5495 -0.4649 0.2795, -0.531 -0.4705 0.2795
            ]
        }
        coordIndex [
            0,1,2,-1,3,4,5,-1,6,7,8,-1,9,10,11,-1,12,13,14,-1,15,16,17,-1,17,16,18,-1,17,18,19,-1,20,21,22,-1,9,11,23,-1,19,18,24,-1,24,18,25,-1,24,25,26,-1,26,25,27,-1,27,25,28,-1,27,28,29,-1,29,28,30,-1,30,28,31,-1,30,31,32,-1,32,31,33,-1,33,31,5,-1,33,5,34,-1,13,35,14,-1,14,35,36,-1,14,36,37,-1,37,36,38,-1,37,38,39,-1,39,38,40,-1,39,40,41,-1,41,40,42,-1,41,42,43,-1,43,42,44,-1,34,5,45,-1,45,5,4,-1,45,4,46,-1,47,3,43,-1,43,3,5,-1,43,5,41,-1,41,5,31,-1,41,31,39,-1,39,31,28,-1,39,28,37,-1,37,28,25,-1,37,25,14,-1,14,25,18,-1,14,18,12,-1,12,18,16,-1,48,49,50,-1,50,49,44,-1,50,44,51,-1,51,44,42,-1,51,42,52,-1,52,42,40,-1,52,40,53,-1,53,40,38,-1,53,38,22,-1,22,38,36,-1,22,36,20,-1,20,36,35,-1,49,54,44,-1,44,54,55,-1,44,55,43,-1,43,55,56,-1,43,56,47,-1,1,48,2,-1,2,48,50,-1,2,50,57,-1,57,50,51,-1,57,51,58,-1,58,51,52,-1,58,52,59,-1,59,52,53,-1,59,53,11,-1,11,53,22,-1,11,22,23,-1,23,22,21,-1,60,0,61,-1,61,0,2,-1,61,2,62,-1,62,2,57,-1,62,57,63,-1,63,57,58,-1,63,58,64,-1,64,58,59,-1,64,59,8,-1,8,59,11,-1,8,11,6,-1,6,11,10,-1,7,65,8,-1,8,65,66,-1,8,66,64,-1,64,66,67,-1,64,67,63,-1,63,67,68,-1,63,68,62,-1,62,68,69,-1,62,69,61,-1,61,69,70,-1,61,70,60,-1,60,70,71,-1,15,17,72,-1,72,17,73,-1,73,17,74,-1,74,17,19,-1,74,19,75,-1,75,19,24,-1,75,24,76,-1,76,24,26,-1,76,26,77,-1,77,26,27,-1,77,27,78,-1,78,27,29,-1,78,29,79,-1,79,29,30,-1,79,30,80,-1,80,30,32,-1,80,32,81,-1,81,32,33,-1,81,33,82,-1,82,33,34,-1,82,34,83,-1,34,45,83,-1,83,45,46,-1,83,46,84,-1,65,85,86,-1,65,86,66,-1,66,86,87,-1,66,87,67,-1,67,87,88,-1,67,88,68,-1,68,88,89,-1,68,89,69,-1,69,89,90,-1,69,90,70,-1,70,90,91,-1,70,91,71,-1,92,93,94,-1,95,96,97,-1,98,99,100,-1,101,102,103,-1,95,97,104,-1,72,73,105,-1,105,73,106,-1,105,106,107,-1,73,74,106,-1,106,74,75,-1,106,75,108,-1,75,76,108,-1,108,76,77,-1,108,77,109,-1,77,78,109,-1,109,78,79,-1,109,79,110,-1,99,111,100,-1,100,111,112,-1,100,112,113,-1,113,112,114,-1,113,114,115,-1,115,114,116,-1,115,116,117,-1,117,116,118,-1,117,118,119,-1,119,118,120,-1,96,107,97,-1,97,107,106,-1,97,106,121,-1,121,106,108,-1,121,108,122,-1,122,108,109,-1,122,109,123,-1,123,109,110,-1,123,110,124,-1,124,110,125,-1,126,127,128,-1,128,127,129,-1,128,129,130,-1,130,129,131,-1,130,131,132,-1,132,131,133,-1,132,133,134,-1,134,133,135,-1,134,135,136,-1,136,135,94,-1,136,94,137,-1,137,94,93,-1,138,92,119,-1,119,92,94,-1,119,94,117,-1,117,94,135,-1,117,135,115,-1,115,135,133,-1,115,133,113,-1,113,133,131,-1,113,131,100,-1,100,131,129,-1,100,129,98,-1,98,129,127,-1,139,140,141,-1,141,140,120,-1,141,120,142,-1,142,120,118,-1,142,118,143,-1,143,118,116,-1,143,116,144,-1,144,116,114,-1,144,114,103,-1,103,114,112,-1,103,112,101,-1,101,112,111,-1,140,145,120,-1,120,145,146,-1,120,146,119,-1,119,146,147,-1,119,147,138,-1,148,139,124,-1,124,139,141,-1,124,141,123,-1,123,141,142,-1,123,142,122,-1,122,142,143,-1,122,143,121,-1,121,143,144,-1,121,144,97,-1,97,144,103,-1,97,103,104,-1,104,103,102,-1,79,80,110,-1,110,80,81,-1,110,81,125,-1,125,81,82,-1,125,82,83,-1,148,124,149,-1,149,124,125,-1,149,125,150,-1,150,125,83,-1,150,83,84,-1,151,152,153,-1,154,155,156,-1,157,158,159,-1,160,161,162,-1,163,164,165,-1,166,167,168,-1,160,162,169,-1,164,170,165,-1,165,170,171,-1,165,171,172,-1,172,171,173,-1,172,173,174,-1,174,173,175,-1,174,175,176,-1,176,175,177,-1,176,177,178,-1,178,177,179,-1,85,180,86,-1,86,180,181,-1,86,181,87,-1,87,181,182,-1,87,182,88,-1,88,182,183,-1,88,183,89,-1,89,183,184,-1,89,184,90,-1,90,184,156,-1,90,156,91,-1,91,156,155,-1,185,154,178,-1,178,154,156,-1,178,156,176,-1,176,156,184,-1,176,184,174,-1,174,184,183,-1,174,183,172,-1,172,183,182,-1,172,182,165,-1,165,182,181,-1,165,181,163,-1,163,181,180,-1,186,187,188,-1,188,187,179,-1,188,179,189,-1,189,179,177,-1,189,177,190,-1,190,177,175,-1,190,175,191,-1,191,175,173,-1,191,173,168,-1,168,173,171,-1,168,171,166,-1,166,171,170,-1,187,192,179,-1,179,192,193,-1,179,193,178,-1,178,193,194,-1,178,194,185,-1,152,186,153,-1,153,186,188,-1,153,188,195,-1,195,188,189,-1,195,189,196,-1,196,189,190,-1,196,190,197,-1,197,190,191,-1,197,191,162,-1,162,191,168,-1,162,168,169,-1,169,168,167,-1,198,151,199,-1,199,151,153,-1,199,153,200,-1,200,153,195,-1,200,195,201,-1,201,195,196,-1,201,196,202,-1,202,196,197,-1,202,197,159,-1,159,197,162,-1,159,162,157,-1,157,162,161,-1,158,203,159,-1,159,203,204,-1,159,204,202,-1,202,204,205,-1,202,205,201,-1,201,205,206,-1,201,206,200,-1,200,206,207,-1,200,207,199,-1,199,207,208,-1,199,208,198,-1,198,208,209,-1,210,126,128,-1,210,128,211,-1,211,128,130,-1,211,130,212,-1,212,130,132,-1,212,132,213,-1,213,132,134,-1,213,134,214,-1,214,134,136,-1,214,136,215,-1,215,136,137,-1,215,137,216,-1,203,217,218,-1,203,218,204,-1,204,218,219,-1,204,219,205,-1,205,219,220,-1,205,220,206,-1,206,220,221,-1,206,221,207,-1,207,221,222,-1,207,222,208,-1,208,222,223,-1,208,223,209,-1,224,225,226,-1,227,228,229,-1,230,231,232,-1,233,234,235,-1,236,237,238,-1,239,240,241,-1,233,235,242,-1,237,243,238,-1,238,243,244,-1,238,244,245,-1,245,244,246,-1,245,246,247,-1,247,246,248,-1,247,248,249,-1,249,248,250,-1,249,250,251,-1,251,250,252,-1,217,253,218,-1,218,253,254,-1,218,254,219,-1,219,254,255,-1,219,255,220,-1,220,255,256,-1,220,256,221,-1,221,256,257,-1,221,257,222,-1,222,257,229,-1,222,229,223,-1,223,229,228,-1,258,227,251,-1,251,227,229,-1,251,229,249,-1,249,229,257,-1,249,257,247,-1,247,257,256,-1,247,256,245,-1,245,256,255,-1,245,255,238,-1,238,255,254,-1,238,254,236,-1,236,254,253,-1,259,260,261,-1,261,260,252,-1,261,252,262,-1,262,252,250,-1,262,250,263,-1,263,250,248,-1,263,248,264,-1,264,248,246,-1,264,246,241,-1,241,246,244,-1,241,244,239,-1,239,244,243,-1,260,265,252,-1,252,265,266,-1,252,266,251,-1,251,266,267,-1,251,267,258,-1,225,259,226,-1,226,259,261,-1,226,261,268,-1,268,261,262,-1,268,262,269,-1,269,262,263,-1,269,263,270,-1,270,263,264,-1,270,264,235,-1,235,264,241,-1,235,241,242,-1,242,241,240,-1,271,224,272,-1,272,224,226,-1,272,226,273,-1,273,226,268,-1,273,268,274,-1,274,268,269,-1,274,269,275,-1,275,269,270,-1,275,270,232,-1,232,270,235,-1,232,235,230,-1,230,235,234,-1,231,210,232,-1,232,210,211,-1,232,211,275,-1,275,211,212,-1,275,212,274,-1,274,212,213,-1,274,213,273,-1,273,213,214,-1,273,214,272,-1,272,214,215,-1,272,215,271,-1,271,215,216,-1,276,277,278,-1,278,279,276,-1,276,279,280,-1,276,280,281,-1,281,280,282,-1,281,282,283,-1,282,284,283,-1,283,284,285,-1,283,285,286,-1,286,285,287,-1,286,287,288,-1,287,289,288,-1,288,289,290,-1,288,290,291,-1,291,290,292,-1,291,292,293,-1,294,295,296,-1,296,295,293,-1,296,293,297,-1,297,293,292,-1,295,298,293,-1,293,298,299,-1,293,299,291,-1,291,299,300,-1,291,300,288,-1,288,300,301,-1,288,301,286,-1,286,301,302,-1,286,302,283,-1,283,302,303,-1,283,303,281,-1,281,303,304,-1,281,304,276,-1,276,304,305,-1,276,305,277,-1,277,305,306,-1,298,307,299,-1,299,307,308,-1,299,308,300,-1,300,308,309,-1,300,309,301,-1,301,309,310,-1,301,310,302,-1,302,310,311,-1,302,311,303,-1,303,311,312,-1,303,312,304,-1,304,312,313,-1,304,313,305,-1,305,313,314,-1,305,314,306,-1,306,314,315,-1,307,316,308,-1,308,316,317,-1,308,317,309,-1,309,317,318,-1,309,318,310,-1,310,318,319,-1,310,319,311,-1,311,319,320,-1,311,320,312,-1,312,320,321,-1,312,321,313,-1,313,321,322,-1,313,322,314,-1,314,322,323,-1,314,323,315,-1,315,323,324,-1,316,325,317,-1,317,325,326,-1,317,326,318,-1,318,326,327,-1,318,327,319,-1,319,327,328,-1,319,328,320,-1,320,328,329,-1,320,329,321,-1,321,329,330,-1,321,330,322,-1,322,330,331,-1,322,331,323,-1,323,331,332,-1,323,332,324,-1,324,332,333,-1,325,334,326,-1,326,334,335,-1,326,335,327,-1,327,335,336,-1,327,336,328,-1,328,336,337,-1,328,337,329,-1,329,337,338,-1,329,338,330,-1,330,338,339,-1,330,339,331,-1,331,339,340,-1,331,340,332,-1,332,340,341,-1,332,341,333,-1,333,341,342,-1,342,343,333,-1,333,343,344,-1,333,344,345,-1,346,347,348,-1,348,347,349,-1,348,349,350,-1,351,352,345,-1,345,352,350,-1,345,350,333,-1,333,350,349,-1,333,349,324,-1,324,349,353,-1,324,353,315,-1,315,353,354,-1,315,354,306,-1,306,354,355,-1,306,355,277,-1,277,355,356,-1,277,356,278,-1,278,356,357,-1,358,334,359,-1,359,334,325,-1,359,325,360,-1,360,325,316,-1,360,316,361,-1,361,316,307,-1,361,307,362,-1,362,307,298,-1,362,298,363,-1,363,298,295,-1,363,295,364,-1,364,295,294,-1,365,366,367,-1,367,368,365,-1,365,368,369,-1,365,369,370,-1,370,369,371,-1,370,371,372,-1,371,373,372,-1,372,373,374,-1,372,374,375,-1,375,374,376,-1,375,376,377,-1,376,378,377,-1,377,378,379,-1,377,379,380,-1,380,379,381,-1,380,381,382,-1,357,356,383,-1,383,356,382,-1,383,382,384,-1,384,382,381,-1,356,355,382,-1,382,355,385,-1,382,385,380,-1,380,385,386,-1,380,386,377,-1,377,386,387,-1,377,387,375,-1,375,387,388,-1,375,388,372,-1,372,388,389,-1,372,389,370,-1,370,389,390,-1,370,390,365,-1,365,390,391,-1,365,391,366,-1,366,391,392,-1,355,354,385,-1,385,354,393,-1,385,393,386,-1,386,393,394,-1,386,394,387,-1,387,394,395,-1,387,395,388,-1,388,395,396,-1,388,396,389,-1,389,396,397,-1,389,397,390,-1,390,397,398,-1,390,398,391,-1,391,398,399,-1,391,399,392,-1,392,399,400,-1,354,353,393,-1,393,353,401,-1,393,401,394,-1,394,401,402,-1,394,402,395,-1,395,402,403,-1,395,403,396,-1,396,403,404,-1,396,404,397,-1,397,404,405,-1,397,405,398,-1,398,405,406,-1,398,406,399,-1,399,406,407,-1,399,407,400,-1,400,407,408,-1,353,349,401,-1,401,349,409,-1,401,409,402,-1,402,409,410,-1,402,410,403,-1,403,410,411,-1,403,411,404,-1,404,411,412,-1,404,412,405,-1,405,412,413,-1,405,413,406,-1,406,413,414,-1,406,414,407,-1,407,414,415,-1,407,415,408,-1,408,415,416,-1,349,347,409,-1,409,347,417,-1,409,417,410,-1,410,417,418,-1,410,418,411,-1,411,418,419,-1,411,419,412,-1,412,419,420,-1,412,420,413,-1,413,420,421,-1,413,421,414,-1,414,421,422,-1,414,422,415,-1,415,422,423,-1,415,423,416,-1,416,423,424,-1,425,363,364,-1,364,426,425,-1,425,426,427,-1,425,427,428,-1,428,427,429,-1,428,429,430,-1,429,431,430,-1,430,431,432,-1,430,432,433,-1,433,432,434,-1,433,434,435,-1,434,436,435,-1,435,436,437,-1,435,437,438,-1,438,437,439,-1,438,439,440,-1,441,442,443,-1,443,442,440,-1,443,440,444,-1,444,440,439,-1,442,445,440,-1,440,445,446,-1,440,446,438,-1,438,446,447,-1,438,447,435,-1,435,447,448,-1,435,448,433,-1,433,448,449,-1,433,449,430,-1,430,449,450,-1,430,450,428,-1,428,450,451,-1,428,451,425,-1,425,451,452,-1,425,452,363,-1,363,452,362,-1,445,453,446,-1,446,453,454,-1,446,454,447,-1,447,454,455,-1,447,455,448,-1,448,455,456,-1,448,456,449,-1,449,456,457,-1,449,457,450,-1,450,457,458,-1,450,458,451,-1,451,458,459,-1,451,459,452,-1,452,459,460,-1,452,460,362,-1,362,460,361,-1,453,461,454,-1,454,461,462,-1,454,462,455,-1,455,462,463,-1,455,463,456,-1,456,463,464,-1,456,464,457,-1,457,464,465,-1,457,465,458,-1,458,465,466,-1,458,466,459,-1,459,466,467,-1,459,467,460,-1,460,467,468,-1,460,468,361,-1,361,468,360,-1,461,469,462,-1,462,469,470,-1,462,470,463,-1,463,470,471,-1,463,471,464,-1,464,471,472,-1,464,472,465,-1,465,472,473,-1,465,473,466,-1,466,473,474,-1,466,474,467,-1,467,474,475,-1,467,475,468,-1,468,475,476,-1,468,476,360,-1,360,476,359,-1,469,477,470,-1,470,477,478,-1,470,478,471,-1,471,478,479,-1,471,479,472,-1,472,479,480,-1,472,480,473,-1,473,480,481,-1,473,481,474,-1,474,481,482,-1,474,482,475,-1,475,482,483,-1,475,483,476,-1,476,483,484,-1,476,484,359,-1,359,484,358,-1,424,485,416,-1,416,485,486,-1,416,486,408,-1,408,486,487,-1,408,487,400,-1,400,487,488,-1,400,488,392,-1,392,488,489,-1,392,489,366,-1,366,489,490,-1,366,490,367,-1,367,490,491,-1,492,477,493,-1,493,477,469,-1,493,469,494,-1,495,496,497,-1,497,496,498,-1,497,498,499,-1,500,501,499,-1,499,501,494,-1,499,494,497,-1,497,494,469,-1,497,469,502,-1,502,469,461,-1,502,461,503,-1,503,461,453,-1,503,453,504,-1,504,453,445,-1,504,445,505,-1,505,445,442,-1,505,442,506,-1,506,442,441,-1,507,505,506,-1,506,508,507,-1,507,508,509,-1,507,509,510,-1,510,509,511,-1,510,511,512,-1,511,513,512,-1,512,513,514,-1,512,514,515,-1,515,514,516,-1,515,516,517,-1,516,518,517,-1,517,518,519,-1,517,519,520,-1,520,519,521,-1,520,521,522,-1,491,490,523,-1,523,490,522,-1,523,522,524,-1,524,522,521,-1,490,489,522,-1,522,489,525,-1,522,525,520,-1,520,525,526,-1,520,526,517,-1,517,526,527,-1,517,527,515,-1,515,527,528,-1,515,528,512,-1,512,528,529,-1,512,529,510,-1,510,529,530,-1,510,530,507,-1,507,530,531,-1,507,531,505,-1,505,531,504,-1,489,488,525,-1,525,488,532,-1,525,532,526,-1,526,532,533,-1,526,533,527,-1,527,533,534,-1,527,534,528,-1,528,534,535,-1,528,535,529,-1,529,535,536,-1,529,536,530,-1,530,536,537,-1,530,537,531,-1,531,537,538,-1,531,538,504,-1,504,538,503,-1,488,487,532,-1,532,487,539,-1,532,539,533,-1,533,539,540,-1,533,540,534,-1,534,540,541,-1,534,541,535,-1,535,541,542,-1,535,542,536,-1,536,542,543,-1,536,543,537,-1,537,543,544,-1,537,544,538,-1,538,544,545,-1,538,545,503,-1,503,545,502,-1,487,486,539,-1,539,486,546,-1,539,546,540,-1,540,546,547,-1,540,547,541,-1,541,547,548,-1,541,548,542,-1,542,548,549,-1,542,549,543,-1,543,549,550,-1,543,550,544,-1,544,550,551,-1,544,551,545,-1,545,551,552,-1,545,552,502,-1,502,552,497,-1,486,485,546,-1,546,485,553,-1,546,553,547,-1,547,553,554,-1,547,554,548,-1,548,554,555,-1,548,555,549,-1,549,555,556,-1,549,556,550,-1,550,556,557,-1,550,557,551,-1,551,557,558,-1,551,558,552,-1,552,558,559,-1,552,559,497,-1,497,559,495,-1,
        ]
    }
}
Shape{
    appearance Appearance {
        material  Material 	{
            diffuseColor 0.7529411764705882 0.7529411764705882 0.7529411764705882
            specularColor 0.3764705882352941 0.3764705882352941 0.3764705882352941
            ambientIntensity 0.7529
            transparency 0.0
            shininess 0.5
        }
    }
    geometry IndexedFaceSet {
        ccw TRUE
        solid FALSE
        coord DEF co Coordinate {
            point [
                -0.5118 0.4178 0.3578, -0.5118 0.4134 0.3583, 0.5118 0.4134 0.3583, -0.5118 0.4185 0.3575, 0.5118 0.4185 0.3576, -0.5118 0.422 0.3563, -0.5118 0.4232 0.3555, 0.5118 0.4233 0.3556, -0.5118 0.4257 0.354, -0.5118 0.4272 0.3524, 0.5118 0.4273 0.3525, -0.5118 0.4288 0.3509, 0.5118 0.4305 0.3484, -0.5118 0.4304 0.3484, -0.5118 0.4312 0.3471, 0.5118 0.4324 0.3437, -0.5118 0.4324 0.3437, -0.5118 0.4326 0.343, 0.5118 0.4331 0.3386, -0.5118 0.4331 0.3386, -0.558 0.4109 0.3386, -0.5627 0.4034 0.3386, -0.5625 0.4033 0.343, -0.5231 0.4163 0.3578, -0.522 0.4121 0.3583, -0.5512 0.374 0.3583, -0.5498 0.3842 0.3583, -0.5556 0.374 0.3578, -0.5541 0.3854 0.3578, -0.5562 0.374 0.3575, -0.5581 0.3864 0.3563, -0.5597 0.374 0.3563, -0.5242 0.4203 0.3563, -0.561 0.374 0.3555, -0.5617 0.3874 0.354, -0.5634 0.374 0.354, -0.5252 0.4239 0.354, -0.565 0.374 0.3524, -0.5647 0.3882 0.3509, -0.5666 0.374 0.3509, -0.526 0.4269 0.3509, -0.5681 0.374 0.3484, -0.567 0.3888 0.3471, -0.5689 0.374 0.3471, -0.5266 0.4292 0.3471, -0.5396 0.4019 0.3583, -0.5315 0.4081 0.3583, -0.5427 0.405 0.3578, -0.5337 0.4119 0.3578, -0.5457 0.4079 0.3563, -0.5358 0.4155 0.3563, -0.5483 0.4106 0.354, -0.5376 0.4188 0.354, -0.5505 0.4128 0.3509, -0.5392 0.4215 0.3509, -0.5522 0.4144 0.3471, -0.5404 0.4235 0.3471, -0.5532 0.4155 0.343, -0.5411 0.4248 0.343, -0.565 0.3997 0.3386, -0.5686 0.3893 0.3386, -0.5684 0.3892 0.343, -0.5694 0.3872 0.3386, -0.5701 0.374 0.3437, -0.5704 0.374 0.343, -0.5709 0.374 0.3386, -0.5613 0.4026 0.3471, -0.5592 0.4014 0.3509, -0.5565 0.3999 0.354, -0.5533 0.398 0.3563, -0.5497 0.3959 0.3578, -0.5459 0.3937 0.3583, -0.5533 0.4155 0.3386, -0.5249 0.4316 0.3386, -0.527 0.4309 0.3386, -0.527 0.4306 0.343, -0.5374 0.4273 0.3386, -0.5412 0.4249 0.3386, -0.5486 0.4202 0.3386, 0.5486 0.4202 0.3386, 0.5412 0.4249 0.3386, 0.541 0.4246 0.3437, 0.5374 0.4273 0.3386, 0.527 0.4309 0.3386, 0.5269 0.4304 0.3437, 0.525 0.4316 0.3386, 0.5397 0.4019 0.3583, 0.5459 0.3937 0.3583, 0.5433 0.4055 0.3576, 0.5503 0.3963 0.3576, 0.5466 0.4088 0.3556, 0.5544 0.3987 0.3556, 0.5495 0.4117 0.3525, 0.558 0.4007 0.3525, 0.5517 0.4139 0.3484, 0.5607 0.4023 0.3484, 0.5531 0.4153 0.3437, 0.5624 0.4032 0.3437, 0.5264 0.4285 0.3484, 0.5256 0.4255 0.3525, 0.5246 0.4216 0.3556, 0.5233 0.417 0.3576, 0.522 0.4121 0.3583, 0.54 0.4229 0.3484, 0.5385 0.4202 0.3525, 0.5364 0.4167 0.3556, 0.5341 0.4126 0.3576, 0.5315 0.4081 0.3583, 0.5533 0.4155 0.3386, 0.5694 0.3872 0.3386, 0.5687 0.3893 0.3386, 0.5682 0.3892 0.3437, 0.5663 0.3886 0.3484, 0.5633 0.3878 0.3525, 0.5594 0.3868 0.3556, 0.5548 0.3856 0.3576, 0.5498 0.3842 0.3583, 0.565 0.3997 0.3386, 0.5627 0.4034 0.3386, 0.558 0.4109 0.3386, 0.5709 0.374 0.3386, 0.5702 0.374 0.3437, 0.5682 0.374 0.3484, 0.5651 0.374 0.3525, 0.561 0.374 0.3556, 0.5563 0.374 0.3576, 0.5512 0.374 0.3583, -0.5512 -0.374 0.3583, -0.5563 -0.374 0.3576, -0.561 -0.374 0.3556, -0.5651 -0.374 0.3525, -0.5682 -0.374 0.3484, -0.5702 -0.374 0.3437, -0.5709 -0.374 0.3386, 0.5512 -0.374 0.3583, 0.5556 -0.374 0.3578, 0.5563 -0.374 0.3575, 0.5597 -0.374 0.3563, 0.561 -0.374 0.3555, 0.5635 -0.374 0.354, 0.565 -0.374 0.3524, 0.5666 -0.374 0.3509, 0.5681 -0.374 0.3484, 0.5689 -0.374 0.3471, 0.5701 -0.374 0.3437, 0.5704 -0.374 0.343, 0.5709 -0.374 0.3386, -0.5486 -0.4202 0.3386, -0.5412 -0.4248 0.3386, -0.541 -0.4245 0.3437, -0.5374 -0.4272 0.3386, -0.527 -0.4308 0.3386, -0.5269 -0.4304 0.3437, -0.5249 -0.4316 0.3386, -0.5118 -0.433 0.3386, -0.5118 -0.4324 0.3437, -0.5396 -0.4018 0.3583, -0.5459 -0.3937 0.3583, -0.5432 -0.4054 0.3576, -0.5503 -0.3962 0.3576, -0.5466 -0.4088 0.3556, -0.5544 -0.3986 0.3556, -0.5495 -0.4117 0.3525, -0.558 -0.4006 0.3525, -0.5517 -0.4139 0.3484, -0.5607 -0.4022 0.3484, -0.5531 -0.4153 0.3437, -0.5624 -0.4032 0.3437, -0.5264 -0.4285 0.3484, -0.5118 -0.4304 0.3484, -0.5256 -0.4255 0.3525, -0.5118 -0.4273 0.3525, -0.5245 -0.4215 0.3556, -0.5118 -0.4232 0.3556, -0.5233 -0.4169 0.3576, -0.5118 -0.4185 0.3576, -0.522 -0.412 0.3583, -0.5118 -0.4134 0.3583, -0.54 -0.4228 0.3484, -0.5384 -0.4201 0.3525, -0.5364 -0.4166 0.3556, -0.534 -0.4125 0.3576, -0.5315 -0.4081 0.3583, -0.5533 -0.4155 0.3386, -0.5694 -0.3871 0.3386, -0.5686 -0.3892 0.3386, -0.5682 -0.3891 0.3437, -0.5663 -0.3886 0.3484, -0.5633 -0.3878 0.3525, -0.5593 -0.3867 0.3556, -0.5548 -0.3855 0.3576, -0.5498 -0.3842 0.3583, -0.565 -0.3996 0.3386, -0.5627 -0.4033 0.3386, -0.558 -0.4108 0.3386, 0.558 -0.4108 0.3386, 0.5627 -0.4033 0.3386, 0.5625 -0.4033 0.343, 0.5231 -0.4162 0.3578, 0.522 -0.412 0.3583, 0.5118 -0.4134 0.3583, 0.5498 -0.3842 0.3583, 0.5541 -0.3853 0.3578, 0.5581 -0.3864 0.3563, 0.5118 -0.4177 0.3578, 0.5118 -0.4184 0.3575, 0.5242 -0.4203 0.3563, 0.5617 -0.3874 0.354, 0.5118 -0.4219 0.3563, 0.5118 -0.4231 0.3555, 0.5252 -0.4239 0.354, 0.5647 -0.3882 0.3509, 0.5118 -0.4256 0.354, 0.5118 -0.4272 0.3524, 0.526 -0.4269 0.3509, 0.567 -0.3888 0.3471, 0.5118 -0.4287 0.3509, 0.5118 -0.4303 0.3484, 0.5266 -0.4291 0.3471, 0.5397 -0.4018 0.3583, 0.5315 -0.4081 0.3583, 0.5428 -0.4049 0.3578, 0.5337 -0.4119 0.3578, 0.5457 -0.4079 0.3563, 0.5358 -0.4155 0.3563, 0.5483 -0.4105 0.354, 0.5376 -0.4187 0.354, 0.5505 -0.4127 0.3509, 0.5392 -0.4214 0.3509, 0.5522 -0.4144 0.3471, 0.5404 -0.4234 0.3471, 0.5532 -0.4154 0.343, 0.5411 -0.4247 0.343, 0.565 -0.3996 0.3386, 0.5687 -0.3892 0.3386, 0.5684 -0.3891 0.343, 0.5694 -0.3871 0.3386, 0.5613 -0.4025 0.3471, 0.5592 -0.4014 0.3509, 0.5565 -0.3998 0.354, 0.5533 -0.3979 0.3563, 0.5497 -0.3959 0.3578, 0.5459 -0.3937 0.3583, 0.5533 -0.4155 0.3386, 0.525 -0.4316 0.3386, 0.527 -0.4308 0.3386, 0.527 -0.4306 0.343, 0.5374 -0.4272 0.3386, 0.5412 -0.4248 0.3386, 0.5486 -0.4202 0.3386, 0.5118 -0.433 0.3386, 0.5118 -0.4325 0.343, 0.5118 -0.4323 0.3437, 0.5118 -0.4311 0.3471
            ]
        }
        coordIndex [
            0,1,2,-1,0,2,3,-1,3,2,4,-1,3,4,5,-1,5,4,6,-1,6,4,7,-1,6,7,8,-1,8,7,9,-1,9,7,10,-1,9,10,11,-1,11,10,12,-1,11,12,13,-1,13,12,14,-1,14,12,15,-1,14,15,16,-1,16,15,17,-1,17,15,18,-1,17,18,19,-1,20,21,22,-1,23,24,1,-1,25,26,27,-1,27,26,28,-1,27,28,29,-1,29,28,30,-1,29,30,31,-1,1,0,23,-1,23,0,3,-1,23,3,32,-1,31,30,33,-1,33,30,34,-1,33,34,35,-1,3,5,32,-1,32,5,6,-1,32,6,36,-1,35,34,37,-1,37,34,38,-1,37,38,39,-1,6,8,36,-1,36,8,9,-1,36,9,40,-1,39,38,41,-1,41,38,42,-1,41,42,43,-1,9,11,40,-1,40,11,13,-1,40,13,44,-1,45,46,47,-1,47,46,48,-1,47,48,49,-1,49,48,50,-1,49,50,51,-1,51,50,52,-1,51,52,53,-1,53,52,54,-1,53,54,55,-1,55,54,56,-1,55,56,57,-1,57,56,58,-1,59,60,61,-1,61,60,62,-1,43,42,63,-1,63,42,61,-1,63,61,64,-1,64,61,62,-1,64,62,65,-1,21,59,22,-1,22,59,61,-1,22,61,66,-1,66,61,42,-1,66,42,67,-1,67,42,38,-1,67,38,68,-1,68,38,34,-1,68,34,69,-1,69,34,30,-1,69,30,70,-1,70,30,28,-1,70,28,71,-1,71,28,26,-1,72,20,57,-1,57,20,22,-1,57,22,55,-1,55,22,66,-1,55,66,53,-1,53,66,67,-1,53,67,51,-1,51,67,68,-1,51,68,49,-1,49,68,69,-1,49,69,47,-1,47,69,70,-1,47,70,45,-1,45,70,71,-1,73,74,75,-1,75,74,58,-1,75,58,44,-1,44,58,56,-1,44,56,40,-1,40,56,54,-1,40,54,36,-1,36,54,52,-1,36,52,32,-1,32,52,50,-1,32,50,23,-1,23,50,48,-1,23,48,24,-1,24,48,46,-1,74,76,58,-1,58,76,77,-1,58,77,57,-1,57,77,78,-1,57,78,72,-1,19,73,17,-1,17,73,75,-1,17,75,16,-1,16,75,44,-1,16,44,14,-1,14,44,13,-1,79,80,81,-1,82,83,84,-1,85,18,15,-1,86,87,88,-1,88,87,89,-1,88,89,90,-1,90,89,91,-1,90,91,92,-1,92,91,93,-1,92,93,94,-1,94,93,95,-1,94,95,96,-1,96,95,97,-1,83,85,84,-1,84,85,15,-1,84,15,98,-1,98,15,12,-1,98,12,99,-1,99,12,10,-1,99,10,100,-1,100,10,7,-1,100,7,101,-1,101,7,4,-1,101,4,102,-1,102,4,2,-1,80,82,81,-1,81,82,84,-1,81,84,103,-1,103,84,98,-1,103,98,104,-1,104,98,99,-1,104,99,105,-1,105,99,100,-1,105,100,106,-1,106,100,101,-1,106,101,107,-1,107,101,102,-1,108,79,96,-1,96,79,81,-1,96,81,94,-1,94,81,103,-1,94,103,92,-1,92,103,104,-1,92,104,90,-1,90,104,105,-1,90,105,88,-1,88,105,106,-1,88,106,86,-1,86,106,107,-1,109,110,111,-1,111,110,97,-1,111,97,112,-1,112,97,95,-1,112,95,113,-1,113,95,93,-1,113,93,114,-1,114,93,91,-1,114,91,115,-1,115,91,89,-1,115,89,116,-1,116,89,87,-1,110,117,97,-1,97,117,118,-1,97,118,96,-1,96,118,119,-1,96,119,108,-1,120,109,121,-1,121,109,111,-1,121,111,122,-1,122,111,112,-1,122,112,123,-1,123,112,113,-1,123,113,124,-1,124,113,114,-1,124,114,125,-1,125,114,115,-1,125,115,126,-1,126,115,116,-1,25,27,127,-1,127,27,128,-1,27,29,128,-1,128,29,31,-1,128,31,129,-1,31,33,129,-1,129,33,35,-1,129,35,130,-1,130,35,37,-1,130,37,131,-1,37,39,131,-1,131,39,41,-1,131,41,132,-1,41,43,132,-1,132,43,63,-1,132,63,133,-1,133,63,64,-1,133,64,65,-1,134,135,126,-1,126,135,125,-1,135,136,125,-1,125,136,137,-1,125,137,124,-1,137,138,124,-1,124,138,139,-1,124,139,123,-1,123,139,140,-1,123,140,122,-1,140,141,122,-1,122,141,142,-1,122,142,121,-1,142,143,121,-1,121,143,144,-1,121,144,120,-1,120,144,145,-1,120,145,146,-1,147,148,149,-1,150,151,152,-1,153,154,155,-1,156,157,158,-1,158,157,159,-1,158,159,160,-1,160,159,161,-1,160,161,162,-1,162,161,163,-1,162,163,164,-1,164,163,165,-1,164,165,166,-1,166,165,167,-1,151,153,152,-1,152,153,155,-1,152,155,168,-1,168,155,169,-1,168,169,170,-1,170,169,171,-1,170,171,172,-1,172,171,173,-1,172,173,174,-1,174,173,175,-1,174,175,176,-1,176,175,177,-1,148,150,149,-1,149,150,152,-1,149,152,178,-1,178,152,168,-1,178,168,179,-1,179,168,170,-1,179,170,180,-1,180,170,172,-1,180,172,181,-1,181,172,174,-1,181,174,182,-1,182,174,176,-1,183,147,166,-1,166,147,149,-1,166,149,164,-1,164,149,178,-1,164,178,162,-1,162,178,179,-1,162,179,160,-1,160,179,180,-1,160,180,158,-1,158,180,181,-1,158,181,156,-1,156,181,182,-1,184,185,186,-1,186,185,167,-1,186,167,187,-1,187,167,165,-1,187,165,188,-1,188,165,163,-1,188,163,189,-1,189,163,161,-1,189,161,190,-1,190,161,159,-1,190,159,191,-1,191,159,157,-1,185,192,167,-1,167,192,193,-1,167,193,166,-1,166,193,194,-1,166,194,183,-1,133,184,132,-1,132,184,186,-1,132,186,131,-1,131,186,187,-1,131,187,130,-1,130,187,188,-1,130,188,129,-1,129,188,189,-1,129,189,128,-1,128,189,190,-1,128,190,127,-1,127,190,191,-1,195,196,197,-1,198,199,200,-1,134,201,135,-1,135,201,202,-1,135,202,136,-1,136,202,203,-1,136,203,137,-1,200,204,198,-1,198,204,205,-1,198,205,206,-1,137,203,138,-1,138,203,207,-1,138,207,139,-1,205,208,206,-1,206,208,209,-1,206,209,210,-1,139,207,140,-1,140,207,211,-1,140,211,141,-1,209,212,210,-1,210,212,213,-1,210,213,214,-1,141,211,142,-1,142,211,215,-1,142,215,143,-1,213,216,214,-1,214,216,217,-1,214,217,218,-1,219,220,221,-1,221,220,222,-1,221,222,223,-1,223,222,224,-1,223,224,225,-1,225,224,226,-1,225,226,227,-1,227,226,228,-1,227,228,229,-1,229,228,230,-1,229,230,231,-1,231,230,232,-1,233,234,235,-1,235,234,236,-1,143,215,144,-1,144,215,235,-1,144,235,145,-1,145,235,236,-1,145,236,146,-1,196,233,197,-1,197,233,235,-1,197,235,237,-1,237,235,215,-1,237,215,238,-1,238,215,211,-1,238,211,239,-1,239,211,207,-1,239,207,240,-1,240,207,203,-1,240,203,241,-1,241,203,202,-1,241,202,242,-1,242,202,201,-1,243,195,231,-1,231,195,197,-1,231,197,229,-1,229,197,237,-1,229,237,227,-1,227,237,238,-1,227,238,225,-1,225,238,239,-1,225,239,223,-1,223,239,240,-1,223,240,221,-1,221,240,241,-1,221,241,219,-1,219,241,242,-1,244,245,246,-1,246,245,232,-1,246,232,218,-1,218,232,230,-1,218,230,214,-1,214,230,228,-1,214,228,210,-1,210,228,226,-1,210,226,206,-1,206,226,224,-1,206,224,198,-1,198,224,222,-1,198,222,199,-1,199,222,220,-1,245,247,232,-1,232,247,248,-1,232,248,231,-1,231,248,249,-1,231,249,243,-1,250,244,251,-1,251,244,246,-1,251,246,252,-1,252,246,218,-1,252,218,253,-1,253,218,217,-1,204,200,177,-1,204,177,205,-1,205,177,175,-1,205,175,208,-1,208,175,209,-1,209,175,173,-1,209,173,212,-1,212,173,213,-1,213,173,171,-1,213,171,216,-1,216,171,169,-1,216,169,217,-1,217,169,253,-1,253,169,155,-1,253,155,252,-1,252,155,251,-1,251,155,154,-1,251,154,250,-1,
        ]
    }
}
Shape{
    appearance Appearance {
        material  Material 	{
            diffuseColor 0.25098039215686274 0.25098039215686274 0.25098039215686274
            specularColor 0.12549019607843137 0.12549019607843137 0.12549019607843137
            ambientIntensity 0.251
            transparency 0.0
            shininess 0.5
        }
    }
    geometry IndexedFaceSet {
        ccw TRUE
        solid FALSE
        coord DEF co Coordinate {
            point [
                -0.3909 -0.2985 0.3579, -0.3909 -0.2985 0.3583, -0.3921 -0.2894 0.3579, -0.3921 -0.2894 0.3583, -0.3956 -0.2808 0.3579, -0.3956 -0.2808 0.3583, -0.4013 -0.2734 0.3579, -0.4013 -0.2734 0.3583, -0.4086 -0.2678 0.3579, -0.4086 -0.2678 0.3583, -0.4172 -0.2642 0.3579, -0.4172 -0.2642 0.3583, -0.4264 -0.263 0.3579, -0.4264 -0.263 0.3583, -0.4356 -0.2642 0.3579, -0.4356 -0.2642 0.3583, -0.4441 -0.2678 0.3579, -0.4441 -0.2678 0.3583, -0.4515 -0.2734 0.3579, -0.4515 -0.2734 0.3583, -0.4571 -0.2808 0.3579, -0.4571 -0.2808 0.3583, -0.4607 -0.2894 0.3579, -0.4607 -0.2894 0.3583, -0.4619 -0.2985 0.3579, -0.4619 -0.2985 0.3583, -0.4607 -0.3077 0.3579, -0.4607 -0.3077 0.3583, -0.4571 -0.3163 0.3579, -0.4571 -0.3163 0.3583, -0.4515 -0.3237 0.3579, -0.4515 -0.3237 0.3583, -0.4441 -0.3293 0.3579, -0.4441 -0.3293 0.3583, -0.4356 -0.3328 0.3579, -0.4356 -0.3328 0.3583, -0.4264 -0.3341 0.3579, -0.4264 -0.3341 0.3583, -0.4172 -0.3328 0.3579, -0.4172 -0.3328 0.3583, -0.4086 -0.3293 0.3579, -0.4086 -0.3293 0.3583, -0.4013 -0.3237 0.3579, -0.4013 -0.3237 0.3583, -0.3956 -0.3163 0.3579, -0.3956 -0.3163 0.3583, -0.3921 -0.3077 0.3579, -0.3921 -0.3077 0.3583, -0.4264 -0.2985 0.3579
            ]
        }
        coordIndex [
            0,1,2,-1,2,1,3,-1,2,3,4,-1,4,3,5,-1,4,5,6,-1,6,5,7,-1,6,7,8,-1,8,7,9,-1,8,9,10,-1,10,9,11,-1,10,11,12,-1,12,11,13,-1,12,13,14,-1,14,13,15,-1,14,15,16,-1,16,15,17,-1,16,17,18,-1,18,17,19,-1,18,19,20,-1,20,19,21,-1,20,21,22,-1,22,21,23,-1,22,23,24,-1,24,23,25,-1,24,25,26,-1,26,25,27,-1,26,27,28,-1,28,27,29,-1,28,29,30,-1,30,29,31,-1,30,31,32,-1,32,31,33,-1,32,33,34,-1,34,33,35,-1,34,35,36,-1,36,35,37,-1,36,37,38,-1,38,37,39,-1,38,39,40,-1,40,39,41,-1,40,41,42,-1,42,41,43,-1,42,43,44,-1,44,43,45,-1,44,45,46,-1,46,45,47,-1,46,47,0,-1,0,47,1,-1,44,46,48,-1,48,46,0,-1,48,0,2,-1,38,40,48,-1,48,40,42,-1,48,42,44,-1,32,34,48,-1,48,34,36,-1,48,36,38,-1,26,28,48,-1,48,28,30,-1,48,30,32,-1,20,22,48,-1,48,22,24,-1,48,24,26,-1,14,16,48,-1,48,16,18,-1,48,18,20,-1,8,10,48,-1,48,10,12,-1,48,12,14,-1,2,4,48,-1,48,4,6,-1,48,6,8,-1,
        ]
    }
}
Shape{
    appearance Appearance {
        material  Material 	{
            diffuseColor 1.0 1.0 0.0
            specularColor 0.5019607843137255 0.5019607843137255 0.0
            ambientIntensity 0.886
            transparency 0.0
            shininess 0.5
        }
    }
    geometry IndexedFaceSet {
        ccw TRUE
        solid FALSE
        coord DEF co Coordinate {
            point [
                -0.6299 0.4331 0.185, -0.6338 0.4331 0.185, -0.6299 0.4331 0.0039, -0.6338 0.4331 0.0, -0.6083 0.4331 0.0039, -0.6083 0.4331 0.0, -0.6083 0.1693 0.0, -0.6083 0.1693 0.0039, -0.3838 0.4705 0.0, -0.5709 0.4705 0.0, -0.3838 0.4705 0.0039, -0.5709 0.4705 0.0039, -0.5709 0.4922 0.0039, -0.5709 0.4961 0.0, -0.5709 0.4922 0.185, -0.5709 0.4961 0.185, -0.5807 0.4922 0.185, -0.6338 0.4469 0.185, -0.6299 0.4429 0.185, -0.5846 0.4961 0.185, -0.5846 0.4922 0.185, -0.5824 0.4794 0.185, -0.5862 0.4804 0.185, -0.5873 0.4675 0.185, -0.5907 0.4695 0.185, -0.5951 0.4574 0.185, -0.5979 0.4601 0.185, -0.6053 0.4495 0.185, -0.6073 0.4529 0.185, -0.6172 0.4446 0.185, -0.6182 0.4484 0.185, -0.6299 0.4469 0.185, -0.5846 0.4922 0.0, -0.5862 0.4804 0.0, -0.5907 0.4695 0.0, -0.5979 0.4601 0.0, -0.6073 0.4529 0.0, -0.6182 0.4484 0.0, -0.6299 0.4469 0.0, -0.6338 0.4469 0.0, -0.5846 0.4961 0.0, 0.5709 0.4705 0.0, 0.3839 0.4705 0.0, 0.5709 0.4705 0.0039, 0.3839 0.4705 0.0039, 0.6083 0.1693 0.0, 0.6083 0.4331 0.0, 0.6083 0.1693 0.0039, 0.6083 0.4331 0.0039, 0.6299 0.4331 0.0039, 0.6339 0.4331 0.0, 0.6299 0.4331 0.185, 0.6339 0.4331 0.185, 0.5709 0.4922 0.185, 0.5709 0.4961 0.185, 0.5709 0.4922 0.0039, 0.5709 0.4961 0.0, 0.6299 0.4429 0.185, 0.5847 0.4961 0.185, 0.5807 0.4922 0.185, 0.6339 0.4469 0.185, 0.6299 0.4469 0.185, 0.6172 0.4446 0.185, 0.6182 0.4484 0.185, 0.6053 0.4495 0.185, 0.6073 0.4529 0.185, 0.5951 0.4574 0.185, 0.5979 0.4601 0.185, 0.5873 0.4675 0.185, 0.5907 0.4695 0.185, 0.5824 0.4794 0.185, 0.5862 0.4804 0.185, 0.5847 0.4922 0.185, 0.6339 0.4469 0.0, 0.6299 0.4469 0.0, 0.6182 0.4484 0.0, 0.6073 0.4529 0.0, 0.5979 0.4601 0.0, 0.5907 0.4695 0.0, 0.5862 0.4804 0.0, 0.5847 0.4922 0.0, 0.5847 0.4961 0.0, 0.6299 -0.433 0.185, 0.6339 -0.433 0.185, 0.6299 -0.433 0.0039, 0.6339 -0.433 0.0, 0.6083 -0.433 0.0039, 0.6083 -0.433 0.0, 0.6083 -0.1693 0.0, 0.6083 -0.1693 0.0039, 0.3839 -0.4704 0.0, 0.5709 -0.4704 0.0, 0.3839 -0.4704 0.0039, 0.5709 -0.4704 0.0039, 0.5709 -0.4921 0.0039, 0.5709 -0.496 0.0, 0.5709 -0.4921 0.185, 0.5709 -0.496 0.185, 0.5807 -0.4921 0.185, 0.6339 -0.4468 0.185, 0.6299 -0.4429 0.185, 0.5847 -0.496 0.185, 0.5847 -0.4921 0.185, 0.582 -0.4811 0.185, 0.5858 -0.482 0.185, 0.5856 -0.4707 0.185, 0.5891 -0.4725 0.185, 0.5915 -0.4614 0.185, 0.5945 -0.4639 0.185, 0.5992 -0.4536 0.185, 0.6017 -0.4567 0.185, 0.6086 -0.4478 0.185, 0.6103 -0.4513 0.185, 0.619 -0.4441 0.185, 0.6199 -0.448 0.185, 0.6299 -0.4468 0.185, 0.5847 -0.4921 0.0, 0.5858 -0.482 0.0, 0.5891 -0.4725 0.0, 0.5945 -0.4639 0.0, 0.6017 -0.4567 0.0, 0.6103 -0.4513 0.0, 0.6199 -0.448 0.0, 0.6299 -0.4468 0.0, 0.6339 -0.4468 0.0, 0.5847 -0.496 0.0, -0.5709 -0.4921 0.185, -0.5709 -0.496 0.185, -0.5709 -0.4921 0.0039, -0.5709 -0.496 0.0, -0.5709 -0.4704 0.0039, -0.5709 -0.4704 0.0, -0.3838 -0.4704 0.0, -0.3838 -0.4704 0.0039, -0.6083 -0.248 0.0, -0.6083 -0.433 0.0, -0.6083 -0.248 0.0039, -0.6083 -0.433 0.0039, -0.6299 -0.433 0.0039, -0.6338 -0.433 0.0, -0.6299 -0.433 0.185, -0.6338 -0.433 0.185, -0.6299 -0.4429 0.185, -0.5846 -0.496 0.185, -0.5807 -0.4921 0.185, -0.6338 -0.4468 0.185, -0.6299 -0.4468 0.185, -0.6172 -0.4446 0.185, -0.6198 -0.448 0.185, -0.6053 -0.4495 0.185, -0.6103 -0.4513 0.185, -0.5951 -0.4573 0.185, -0.6017 -0.4567 0.185, -0.5945 -0.4639 0.185, -0.5873 -0.4675 0.185, -0.5891 -0.4725 0.185, -0.5824 -0.4794 0.185, -0.5858 -0.482 0.185, -0.5846 -0.4921 0.185, -0.6299 -0.4468 0.0, -0.6198 -0.448 0.0, -0.6103 -0.4513 0.0, -0.6017 -0.4567 0.0, -0.5945 -0.4639 0.0, -0.5891 -0.4725 0.0, -0.5858 -0.482 0.0, -0.5846 -0.4921 0.0, -0.5846 -0.496 0.0, -0.6338 -0.4468 0.0
            ]
        }
        coordIndex [
            0,1,2,-1,2,1,3,-1,2,3,4,-1,4,3,5,-1,5,6,4,-1,4,6,7,-1,8,9,10,-1,10,9,11,-1,11,9,12,-1,12,9,13,-1,12,13,14,-1,14,13,15,-1,16,14,15,-1,1,0,17,-1,17,0,18,-1,15,19,16,-1,16,19,20,-1,16,20,21,-1,21,20,22,-1,21,22,23,-1,23,22,24,-1,23,24,25,-1,25,24,26,-1,25,26,27,-1,27,26,28,-1,27,28,29,-1,29,28,30,-1,29,30,18,-1,18,30,31,-1,18,31,17,-1,20,32,22,-1,22,32,33,-1,22,33,24,-1,24,33,34,-1,24,34,26,-1,26,34,35,-1,26,35,28,-1,28,35,36,-1,28,36,30,-1,30,36,37,-1,30,37,31,-1,31,37,38,-1,39,17,38,-1,38,17,31,-1,3,1,39,-1,39,1,17,-1,40,19,13,-1,13,19,15,-1,32,20,40,-1,40,20,19,-1,41,42,43,-1,43,42,44,-1,45,46,47,-1,47,46,48,-1,48,46,49,-1,49,46,50,-1,49,50,51,-1,51,50,52,-1,53,54,55,-1,55,54,56,-1,55,56,43,-1,43,56,41,-1,57,51,52,-1,54,53,58,-1,58,53,59,-1,52,60,57,-1,57,60,61,-1,57,61,62,-1,62,61,63,-1,62,63,64,-1,64,63,65,-1,64,65,66,-1,66,65,67,-1,66,67,68,-1,68,67,69,-1,68,69,70,-1,70,69,71,-1,70,71,59,-1,59,71,72,-1,59,72,58,-1,73,60,50,-1,50,60,52,-1,74,61,73,-1,73,61,60,-1,61,74,63,-1,63,74,75,-1,63,75,65,-1,65,75,76,-1,65,76,67,-1,67,76,77,-1,67,77,69,-1,69,77,78,-1,69,78,71,-1,71,78,79,-1,71,79,72,-1,72,79,80,-1,81,58,80,-1,80,58,72,-1,56,54,81,-1,81,54,58,-1,82,83,84,-1,84,83,85,-1,84,85,86,-1,86,85,87,-1,87,88,86,-1,86,88,89,-1,90,91,92,-1,92,91,93,-1,93,91,94,-1,94,91,95,-1,94,95,96,-1,96,95,97,-1,98,96,97,-1,83,82,99,-1,99,82,100,-1,97,101,98,-1,98,101,102,-1,98,102,103,-1,103,102,104,-1,103,104,105,-1,105,104,106,-1,105,106,107,-1,107,106,108,-1,107,108,109,-1,109,108,110,-1,109,110,111,-1,111,110,112,-1,111,112,113,-1,113,112,114,-1,113,114,100,-1,100,114,115,-1,100,115,99,-1,102,116,104,-1,104,116,117,-1,104,117,106,-1,106,117,118,-1,106,118,108,-1,108,118,119,-1,108,119,110,-1,110,119,120,-1,110,120,112,-1,112,120,121,-1,112,121,114,-1,114,121,122,-1,114,122,115,-1,115,122,123,-1,124,99,123,-1,123,99,115,-1,85,83,124,-1,124,83,99,-1,125,101,95,-1,95,101,97,-1,116,102,125,-1,125,102,101,-1,126,127,128,-1,128,127,129,-1,128,129,130,-1,130,129,131,-1,131,132,130,-1,130,132,133,-1,134,135,136,-1,136,135,137,-1,137,135,138,-1,138,135,139,-1,138,139,140,-1,140,139,141,-1,142,140,141,-1,127,126,143,-1,143,126,144,-1,141,145,142,-1,142,145,146,-1,142,146,147,-1,147,146,148,-1,147,148,149,-1,149,148,150,-1,149,150,151,-1,150,152,151,-1,151,152,153,-1,151,153,154,-1,154,153,155,-1,154,155,156,-1,156,155,157,-1,156,157,144,-1,144,157,158,-1,144,158,143,-1,146,159,148,-1,148,159,160,-1,148,160,150,-1,150,160,161,-1,150,161,152,-1,152,161,162,-1,152,162,153,-1,153,162,163,-1,153,163,155,-1,155,163,164,-1,155,164,157,-1,157,164,165,-1,157,165,158,-1,158,165,166,-1,167,143,166,-1,166,143,158,-1,129,127,167,-1,167,127,143,-1,168,145,139,-1,139,145,141,-1,159,146,168,-1,168,146,145,-1,
        ]
    }
}
Shape{
    appearance Appearance {
        material  Material 	{
            diffuseColor 0.5019607843137255 0.25098039215686274 0.25098039215686274
            specularColor 0.44313725490196076 0.2196078431372549 0.2196078431372549
            ambientIntensity 0.326
            transparency 0.0
            shininess 0.5
        }
    }
    geometry IndexedFaceSet {
        ccw TRUE
        solid FALSE
        coord DEF co Coordinate {
            point [
                -0.5295 -0.1693 0.0, -0.6083 -0.248 0.0, -0.5295 -0.1693 0.0039, -0.6083 -0.248 0.0039
            ]
        }
        coordIndex [
            0,1,2,-1,2,1,3,-1,
        ]
    }
}
Shape{
    appearance Appearance {
        material  Material 	{
            diffuseColor 0.25098039215686274 0.25098039215686274 0.25098039215686274
            specularColor 0.12549019607843137 0.12549019607843137 0.12549019607843137
            ambientIntensity 0.251
            transparency 0.0
            shininess 0.5
        }
    }
    geometry IndexedFaceSet {
        ccw TRUE
        solid FALSE
        coord DEF co Coordinate {
            point [
                -0.0886 -0.4685 0.0039, -0.0886 -0.4685 0.2799, -0.2264 -0.4685 0.0039, -0.2264 -0.4685 0.2799, 0.2264 -0.4685 0.0039, 0.2264 -0.4685 0.2799, 0.0886 -0.4685 0.0039, 0.0886 -0.4685 0.2799, 0.0886 0.4685 0.0039, 0.0886 0.4685 0.2799, 0.2264 0.4685 0.0039, 0.2264 0.4685 0.2799, -0.2264 0.4685 0.0039, -0.2264 0.4685 0.2799, -0.0886 0.4685 0.0039, -0.0886 0.4685 0.2799, -0.25 -0.4921 0.2795, -0.25 -0.4921 0.0039, -0.2303 -0.4724 0.2795, -0.065 -0.4921 0.0039, -0.065 -0.4921 0.2795, -0.0846 -0.4724 0.2795, 0.065 -0.4921 0.2795, 0.065 -0.4921 0.0039, 0.0847 -0.4724 0.2795, 0.25 -0.4921 0.0039, 0.25 -0.4921 0.2795, 0.2303 -0.4724 0.2795, -0.25 0.4922 0.0039, -0.25 0.4922 0.2795, -0.2303 0.4725 0.2795, -0.065 0.4922 0.2795, -0.065 0.4922 0.0039, -0.0846 0.4725 0.2795, 0.065 0.4922 0.0039, 0.065 0.4922 0.2795, 0.0847 0.4725 0.2795, 0.25 0.4922 0.2795, 0.25 0.4922 0.0039, 0.2303 0.4725 0.2795
            ]
        }
        coordIndex [
            0,1,2,-1,2,1,3,-1,4,5,6,-1,6,5,7,-1,8,9,10,-1,10,9,11,-1,12,13,14,-1,14,13,15,-1,16,17,18,-1,18,17,2,-1,18,2,3,-1,19,20,0,-1,0,20,21,-1,0,21,1,-1,22,23,24,-1,24,23,6,-1,24,6,7,-1,25,26,4,-1,4,26,27,-1,4,27,5,-1,28,29,12,-1,12,29,30,-1,12,30,13,-1,31,32,33,-1,33,32,14,-1,33,14,15,-1,34,35,8,-1,8,35,36,-1,8,36,9,-1,37,38,39,-1,39,38,10,-1,39,10,11,-1,
        ]
    }
}
Shape{
    appearance Appearance {
        material  Material 	{
            diffuseColor 1.0 1.0 0.0
            specularColor 0.5019607843137255 0.5019607843137255 0.0
            ambientIntensity 0.886
            transparency 0.0
            shininess 0.5
        }
    }
    geometry IndexedFaceSet {
        ccw TRUE
        solid FALSE
        coord DEF co Coordinate {
            point [
                -0.5118 -0.3149 0.0, -0.5118 -0.1693 0.0, -0.5118 -0.3149 0.0039, -0.5118 -0.1693 0.0039, -0.5105 -0.3251 0.0, -0.5105 -0.3251 0.0039, -0.5065 -0.3346 0.0, -0.5065 -0.3346 0.0039, -0.5003 -0.3428 0.0, -0.5003 -0.3428 0.0039, -0.4921 -0.349 0.0, -0.4921 -0.349 0.0039, -0.4826 -0.353 0.0, -0.4826 -0.353 0.0039, -0.4724 -0.3543 0.0, -0.4724 -0.3543 0.0039, -0.3838 -0.3543 0.0039, -0.3838 -0.3543 0.0, 0.4725 -0.3543 0.0, 0.3839 -0.3543 0.0, 0.4725 -0.3543 0.0039, 0.3839 -0.3543 0.0039, 0.4826 -0.353 0.0, 0.4826 -0.353 0.0039, 0.4921 -0.349 0.0, 0.4921 -0.349 0.0039, 0.5003 -0.3428 0.0, 0.5003 -0.3428 0.0039, 0.5065 -0.3346 0.0, 0.5065 -0.3346 0.0039, 0.5105 -0.3251 0.0, 0.5105 -0.3251 0.0039, 0.5118 -0.3149 0.0, 0.5118 -0.3149 0.0039, 0.5118 -0.1693 0.0039, 0.5118 -0.1693 0.0, 0.5118 0.315 0.0, 0.5118 0.1693 0.0, 0.5118 0.315 0.0039, 0.5118 0.1693 0.0039, 0.5105 0.3252 0.0, 0.5105 0.3252 0.0039, 0.5065 0.3347 0.0, 0.5065 0.3347 0.0039, 0.5003 0.3428 0.0, 0.5003 0.3428 0.0039, 0.4921 0.3491 0.0, 0.4921 0.3491 0.0039, 0.4826 0.353 0.0, 0.4826 0.353 0.0039, 0.4725 0.3544 0.0, 0.4725 0.3544 0.0039, 0.3839 0.3544 0.0039, 0.3839 0.3544 0.0, -0.4724 0.3544 0.0, -0.4724 0.3544 0.0039, -0.4826 0.353 0.0, -0.4826 0.353 0.0039, -0.4921 0.3491 0.0, -0.4921 0.3491 0.0039, -0.5003 0.3428 0.0, -0.5003 0.3428 0.0039, -0.5065 0.3347 0.0, -0.5065 0.3347 0.0039, -0.5105 0.3252 0.0, -0.5105 0.3252 0.0039, -0.5118 0.315 0.0, -0.5118 0.315 0.0039, -0.3838 0.3544 0.0, -0.3838 0.3544 0.0039, -0.5118 0.1693 0.0039, -0.5118 0.1693 0.0
            ]
        }
        coordIndex [
            0,1,2,-1,2,1,3,-1,0,2,4,-1,4,2,5,-1,4,5,6,-1,6,5,7,-1,6,7,8,-1,8,7,9,-1,8,9,10,-1,10,9,11,-1,10,11,12,-1,12,11,13,-1,12,13,14,-1,14,13,15,-1,15,16,14,-1,14,16,17,-1,18,19,20,-1,20,19,21,-1,18,20,22,-1,22,20,23,-1,22,23,24,-1,24,23,25,-1,24,25,26,-1,26,25,27,-1,26,27,28,-1,28,27,29,-1,28,29,30,-1,30,29,31,-1,30,31,32,-1,32,31,33,-1,33,34,32,-1,32,34,35,-1,36,37,38,-1,38,37,39,-1,36,38,40,-1,40,38,41,-1,40,41,42,-1,42,41,43,-1,42,43,44,-1,44,43,45,-1,44,45,46,-1,46,45,47,-1,46,47,48,-1,48,47,49,-1,48,49,50,-1,50,49,51,-1,51,52,50,-1,50,52,53,-1,54,55,56,-1,56,55,57,-1,56,57,58,-1,58,57,59,-1,58,59,60,-1,60,59,61,-1,60,61,62,-1,62,61,63,-1,62,63,64,-1,64,63,65,-1,64,65,66,-1,66,65,67,-1,54,68,55,-1,55,68,69,-1,67,70,66,-1,66,70,71,-1,
        ]
    }
}
Shape{
    appearance Appearance {
        material  Material 	{
            diffuseColor 1.0 1.0 1.0
            specularColor 0.5019607843137255 0.5019607843137255 0.5019607843137255
            ambientIntensity 1.0
            transparency 0.0
            shininess 0.5
        }
    }
    geometry IndexedFaceSet {
        ccw TRUE
        solid FALSE
        coord DEF co Coordinate {
            point [
                0.6339 0.0334 0.1146, 0.6339 0.0334 0.1104, 0.6299 0.0334 0.1146, 0.6299 0.0334 0.1104, 0.6339 0.0187 0.1146, 0.6299 0.0187 0.1146, 0.6339 0.0187 0.1474, 0.6299 0.0187 0.1474, 0.6339 0.0139 0.1474, 0.6299 0.0139 0.1474, 0.6339 0.0139 0.1104, 0.6299 0.0139 0.1104, 0.6299 0.0627 0.1119, 0.6339 0.0627 0.1119, 0.6339 0.0621 0.1116, 0.6339 0.0524 0.1098, 0.6299 0.0524 0.1098, 0.6339 0.0581 0.1103, 0.6299 0.0557 0.1101, 0.6299 0.0581 0.1103, 0.6299 0.0611 0.1113, 0.6299 0.0621 0.1116, 0.6339 0.0627 0.1165, 0.6299 0.0627 0.1165, 0.6299 0.0611 0.1158, 0.6339 0.0591 0.1149, 0.6299 0.0591 0.1149, 0.6299 0.0549 0.1141, 0.6339 0.0549 0.1141, 0.6299 0.0531 0.114, 0.6339 0.0531 0.114, 0.6299 0.0494 0.1145, 0.6339 0.0494 0.1145, 0.6299 0.0468 0.1155, 0.6339 0.0468 0.1155, 0.6299 0.0443 0.1172, 0.6339 0.0443 0.1172, 0.6299 0.0436 0.1179, 0.6339 0.0436 0.1179, 0.6299 0.0418 0.1204, 0.6339 0.0418 0.1204, 0.6299 0.0406 0.1234, 0.6339 0.0406 0.1234, 0.6299 0.04 0.1271, 0.6339 0.04 0.1271, 0.6299 0.04 0.1285, 0.6339 0.04 0.1285, 0.6299 0.0406 0.1336, 0.6339 0.0406 0.1336, 0.6299 0.0419 0.1368, 0.6339 0.0419 0.1368, 0.6299 0.0439 0.1396, 0.6339 0.0439 0.1396, 0.6299 0.0464 0.1417, 0.6339 0.0464 0.1417, 0.6299 0.0493 0.1431, 0.6339 0.0493 0.1431, 0.6299 0.0525 0.1437, 0.6339 0.0525 0.1437, 0.6299 0.054 0.1438, 0.6339 0.054 0.1438, 0.6299 0.0627 0.1416, 0.6339 0.0627 0.1416, 0.6339 0.0623 0.1418, 0.6299 0.0585 0.1432, 0.6339 0.0585 0.1432, 0.6299 0.0611 0.1422, 0.6299 0.0623 0.1418, 0.6339 0.0627 0.1466, 0.6299 0.0627 0.1466, 0.6299 0.0539 0.1481, 0.6339 0.0539 0.1481, 0.6339 0.054 0.1481, 0.6299 0.0611 0.147, 0.6339 0.0588 0.1477, 0.6299 0.0588 0.1477, 0.6299 0.0579 0.1478, 0.6299 0.054 0.1481, 0.6299 0.0514 0.1478, 0.6339 0.0485 0.1474, 0.6299 0.0485 0.1474, 0.6299 0.0447 0.1459, 0.6339 0.0447 0.1459, 0.6299 0.0412 0.1435, 0.6339 0.0412 0.1435, 0.6299 0.0403 0.1426, 0.6339 0.0403 0.1426, 0.6299 0.0376 0.1391, 0.6339 0.0376 0.1391, 0.6299 0.0366 0.1367, 0.6339 0.0359 0.135, 0.6299 0.0359 0.135, 0.6299 0.035 0.1301, 0.6339 0.035 0.1301, 0.6299 0.035 0.1282, 0.6339 0.035 0.1282, 0.6299 0.0397 0.1148, 0.6339 0.0397 0.1148, 0.6339 0.0372 0.1183, 0.6299 0.0357 0.1221, 0.6339 0.0357 0.1221, 0.6299 0.0366 0.1198, 0.6299 0.0372 0.1183, 0.6339 0.0502 0.1099, 0.6299 0.0427 0.1123, 0.6339 0.0427 0.1123, 0.6299 0.0462 0.1107, 0.6339 0.0462 0.1107, 0.6299 0.0492 0.1101, 0.6299 0.0502 0.1099, 0.6339 0.0901 0.1146, 0.6339 0.0901 0.1104, 0.6299 0.0901 0.1146, 0.6299 0.0901 0.1104, 0.6299 0.0749 0.1146, 0.6339 0.0749 0.1146, 0.6299 0.0849 0.1146, 0.6339 0.0749 0.1271, 0.6299 0.0749 0.1271, 0.6339 0.0882 0.1271, 0.6299 0.0849 0.1271, 0.6299 0.0882 0.1271, 0.6339 0.0882 0.1313, 0.6299 0.0882 0.1313, 0.6299 0.0749 0.1313, 0.6339 0.0749 0.1313, 0.6299 0.0849 0.1313, 0.6339 0.0749 0.1432, 0.6299 0.0749 0.1432, 0.6339 0.0892 0.1432, 0.6299 0.0849 0.1432, 0.6299 0.0892 0.1432, 0.6339 0.0892 0.1474, 0.6299 0.0892 0.1474, 0.6299 0.0701 0.1474, 0.6339 0.0701 0.1474, 0.6299 0.0849 0.1474, 0.6339 0.0701 0.1104, 0.6299 0.0701 0.1104, 0.6299 0.0849 0.1104, 0.6339 0.1201 0.1208, 0.6339 0.1183 0.1185, 0.6339 0.1217 0.1156, 0.6339 0.1176 0.1179, 0.6339 0.1178 0.1128, 0.6339 0.1151 0.1162, 0.6339 0.1136 0.1112, 0.6339 0.112 0.1151, 0.6339 0.1073 0.1104, 0.6339 0.1072 0.1146, 0.6339 0.0971 0.1104, 0.6339 0.1019 0.1146, 0.6339 0.0971 0.1474, 0.6339 0.1019 0.1432, 0.6339 0.1076 0.1474, 0.6339 0.1075 0.1432, 0.6339 0.1133 0.1468, 0.6339 0.1122 0.1427, 0.6339 0.1178 0.1452, 0.6339 0.1154 0.1415, 0.6339 0.1217 0.1425, 0.6339 0.1182 0.1397, 0.6339 0.1229 0.1413, 0.6339 0.1194 0.1385, 0.6339 0.1252 0.1381, 0.6339 0.1208 0.1363, 0.6339 0.1266 0.1345, 0.6339 0.1218 0.1335, 0.6339 0.1273 0.1294, 0.6339 0.1222 0.1293, 0.6339 0.1271 0.127, 0.6339 0.1221 0.1269, 0.6339 0.1262 0.1227, 0.6339 0.1214 0.1235, 0.6339 0.1244 0.1189, 0.6299 0.1073 0.1104, 0.6299 0.0971 0.1104, 0.6299 0.1136 0.1112, 0.6299 0.1178 0.1128, 0.6299 0.1217 0.1156, 0.6299 0.1244 0.1189, 0.6299 0.1262 0.1227, 0.6299 0.1271 0.127, 0.6299 0.1273 0.1294, 0.6299 0.1266 0.1345, 0.6299 0.1252 0.1381, 0.6299 0.1229 0.1413, 0.6299 0.1217 0.1425, 0.6299 0.1178 0.1452, 0.6299 0.1133 0.1468, 0.6299 0.1076 0.1474, 0.6299 0.0971 0.1474, 0.6299 0.1075 0.1432, 0.6299 0.1019 0.1432, 0.6299 0.1019 0.1146, 0.6299 0.1072 0.1146, 0.6299 0.1183 0.1185, 0.6299 0.1176 0.1179, 0.6299 0.1151 0.1162, 0.6299 0.112 0.1151, 0.6299 0.1222 0.1293, 0.6299 0.1221 0.1269, 0.6299 0.1214 0.1235, 0.6299 0.1201 0.1208, 0.6299 0.1182 0.1397, 0.6299 0.1194 0.1385, 0.6299 0.1208 0.1363, 0.6299 0.1218 0.1335, 0.6299 0.1122 0.1427, 0.6299 0.1154 0.1415
            ]
        }
        coordIndex [
            0,1,2,-1,2,1,3,-1,4,0,5,-1,5,0,2,-1,6,4,7,-1,7,4,5,-1,8,6,9,-1,9,6,7,-1,10,8,11,-1,11,8,9,-1,1,10,3,-1,3,10,11,-1,6,8,4,-1,4,8,10,-1,4,10,0,-1,0,10,1,-1,12,13,14,-1,15,16,17,-1,17,16,18,-1,18,19,17,-1,17,19,20,-1,17,20,14,-1,14,20,21,-1,14,21,12,-1,22,13,23,-1,23,13,12,-1,22,23,24,-1,22,24,25,-1,24,26,25,-1,25,26,27,-1,25,27,28,-1,28,27,29,-1,28,29,30,-1,30,29,31,-1,30,31,32,-1,32,31,33,-1,32,33,34,-1,34,33,35,-1,34,35,36,-1,36,35,37,-1,36,37,38,-1,38,37,39,-1,38,39,40,-1,40,39,41,-1,40,41,42,-1,42,41,43,-1,42,43,44,-1,44,43,45,-1,44,45,46,-1,46,45,47,-1,46,47,48,-1,48,47,49,-1,48,49,50,-1,50,49,51,-1,50,51,52,-1,52,51,53,-1,52,53,54,-1,54,53,55,-1,54,55,56,-1,56,55,57,-1,56,57,58,-1,58,57,59,-1,58,59,60,-1,61,62,63,-1,60,59,64,-1,60,64,65,-1,65,64,66,-1,65,66,63,-1,63,66,67,-1,63,67,61,-1,68,62,69,-1,69,62,61,-1,70,71,72,-1,68,69,73,-1,68,73,74,-1,73,75,74,-1,74,75,76,-1,74,76,72,-1,72,76,77,-1,72,77,70,-1,71,70,78,-1,71,78,79,-1,78,80,79,-1,79,80,81,-1,79,81,82,-1,82,81,83,-1,82,83,84,-1,84,83,85,-1,84,85,86,-1,86,85,87,-1,86,87,88,-1,88,87,89,-1,88,89,90,-1,89,91,90,-1,90,91,92,-1,90,92,93,-1,93,92,94,-1,93,94,95,-1,96,97,98,-1,95,94,99,-1,95,99,100,-1,100,99,101,-1,100,101,98,-1,98,101,102,-1,98,102,96,-1,16,15,103,-1,97,96,104,-1,97,104,105,-1,105,104,106,-1,105,106,107,-1,107,106,108,-1,107,108,103,-1,103,108,109,-1,103,109,16,-1,63,62,68,-1,54,84,52,-1,52,84,86,-1,52,86,50,-1,50,86,88,-1,50,88,48,-1,63,68,65,-1,65,68,74,-1,65,74,60,-1,60,74,72,-1,60,72,58,-1,58,72,71,-1,58,71,56,-1,56,71,79,-1,56,79,54,-1,54,79,82,-1,54,82,84,-1,95,46,93,-1,93,46,48,-1,93,48,90,-1,90,48,88,-1,13,22,14,-1,14,22,25,-1,14,25,17,-1,17,25,28,-1,17,28,15,-1,15,28,30,-1,15,30,103,-1,103,30,32,-1,103,32,107,-1,107,32,34,-1,107,34,105,-1,105,34,36,-1,105,36,97,-1,97,36,38,-1,97,38,98,-1,98,38,40,-1,98,40,100,-1,100,40,42,-1,100,42,95,-1,95,42,44,-1,95,44,46,-1,110,111,112,-1,112,111,113,-1,114,115,116,-1,116,115,110,-1,116,110,112,-1,117,115,118,-1,118,115,114,-1,117,118,119,-1,119,118,120,-1,119,120,121,-1,122,119,123,-1,123,119,121,-1,124,125,126,-1,126,125,122,-1,126,122,123,-1,127,125,128,-1,128,125,124,-1,127,128,129,-1,129,128,130,-1,129,130,131,-1,132,129,133,-1,133,129,131,-1,134,135,136,-1,136,135,132,-1,136,132,133,-1,137,135,138,-1,138,135,134,-1,137,138,111,-1,111,138,139,-1,111,139,113,-1,137,111,110,-1,110,115,137,-1,137,115,117,-1,137,117,135,-1,129,132,127,-1,127,132,135,-1,127,135,125,-1,125,135,117,-1,125,117,122,-1,122,117,119,-1,140,141,142,-1,142,141,143,-1,142,143,144,-1,144,143,145,-1,144,145,146,-1,146,145,147,-1,146,147,148,-1,148,147,149,-1,148,149,150,-1,150,149,151,-1,150,151,152,-1,152,151,153,-1,152,153,154,-1,154,153,155,-1,154,155,156,-1,156,155,157,-1,156,157,158,-1,158,157,159,-1,158,159,160,-1,160,159,161,-1,160,161,162,-1,162,161,163,-1,162,163,164,-1,164,163,165,-1,164,165,166,-1,166,165,167,-1,166,167,168,-1,168,167,169,-1,168,169,170,-1,170,169,171,-1,170,171,172,-1,172,171,173,-1,172,173,174,-1,174,173,140,-1,174,140,142,-1,148,150,175,-1,175,150,176,-1,148,175,177,-1,148,177,146,-1,146,177,178,-1,146,178,144,-1,144,178,179,-1,144,179,142,-1,142,179,180,-1,142,180,174,-1,174,180,181,-1,174,181,172,-1,172,181,182,-1,172,182,170,-1,170,182,183,-1,170,183,168,-1,168,183,184,-1,168,184,166,-1,166,184,185,-1,166,185,164,-1,164,185,186,-1,164,186,162,-1,162,186,187,-1,162,187,160,-1,160,187,188,-1,160,188,158,-1,158,188,189,-1,158,189,156,-1,156,189,190,-1,156,190,154,-1,152,154,191,-1,191,154,190,-1,150,152,176,-1,176,152,191,-1,155,153,192,-1,192,153,193,-1,153,151,193,-1,193,151,194,-1,151,149,194,-1,194,149,195,-1,141,196,197,-1,141,197,143,-1,143,197,198,-1,143,198,145,-1,145,198,199,-1,145,199,147,-1,147,199,195,-1,147,195,149,-1,169,200,201,-1,169,201,171,-1,171,201,202,-1,171,202,173,-1,173,202,203,-1,173,203,140,-1,140,203,196,-1,140,196,141,-1,161,204,205,-1,161,205,163,-1,163,205,206,-1,163,206,165,-1,165,206,207,-1,165,207,167,-1,167,207,200,-1,167,200,169,-1,155,192,208,-1,155,208,157,-1,157,208,209,-1,157,209,159,-1,159,209,204,-1,159,204,161,-1,
        ]
    }
}
Shape{
    appearance Appearance {
        material  Material 	{
            diffuseColor 0.25098039215686274 0.25098039215686274 0.25098039215686274
            specularColor 0.12549019607843137 0.12549019607843137 0.12549019607843137
            ambientIntensity 0.251
            transparency 0.0
            shininess 0.5
        }
    }
    geometry IndexedFaceSet {
        ccw TRUE
        solid FALSE
        coord DEF co Coordinate {
            point [
                0.6299 0.1019 0.1432, 0.6299 0.1019 0.1146, 0.6299 0.1075 0.1432, 0.6299 0.1072 0.1146, 0.6299 0.112 0.1151, 0.6299 0.1151 0.1162, 0.6299 0.1176 0.1179, 0.6299 0.1183 0.1185, 0.6299 0.1201 0.1208, 0.6299 0.1214 0.1235, 0.6299 0.1221 0.1269, 0.6299 0.1222 0.1293, 0.6299 0.1218 0.1335, 0.6299 0.1208 0.1363, 0.6299 0.1194 0.1385, 0.6299 0.1182 0.1397, 0.6299 0.1122 0.1427, 0.6299 0.1154 0.1415
            ]
        }
        coordIndex [
            0,1,2,-1,2,1,3,-1,2,3,4,-1,4,5,2,-1,2,5,6,-1,2,6,7,-1,7,8,2,-1,2,8,9,-1,2,9,10,-1,10,11,2,-1,2,11,12,-1,2,12,13,-1,13,14,2,-1,2,14,15,-1,2,15,16,-1,16,15,17,-1,
        ]
    }
}
Shape{
    appearance Appearance {
        material  Material 	{
            diffuseColor 1.0 1.0 1.0
            specularColor 0.5019607843137255 0.5019607843137255 0.5019607843137255
            ambientIntensity 1.0
            transparency 0.0
            shininess 0.5
        }
    }
    geometry IndexedFaceSet {
        ccw TRUE
        solid FALSE
        coord DEF co Coordinate {
            point [
                0.6339 0.1397 0.1247, 0.6339 0.1382 0.1205, 0.6339 0.1521 0.1247, 0.6339 0.1536 0.1205, 0.6339 0.1452 0.1401, 0.6339 0.1434 0.1474, 0.6339 0.1293 0.1104, 0.6339 0.1346 0.1104, 0.6339 0.1455 0.1412, 0.6339 0.1458 0.1427, 0.6339 0.1485 0.1474, 0.6339 0.1459 0.1427, 0.6339 0.1462 0.1411, 0.6339 0.1465 0.1401, 0.6339 0.1627 0.1104, 0.6339 0.1574 0.1104, 0.6299 0.1485 0.1474, 0.6299 0.1627 0.1104, 0.6299 0.1434 0.1474, 0.6299 0.1293 0.1104, 0.6299 0.14 0.1384, 0.6299 0.1346 0.1104, 0.6299 0.1382 0.1205, 0.6299 0.1536 0.1205, 0.6299 0.14 0.1205, 0.6299 0.1574 0.1104, 0.6299 0.1397 0.1247, 0.6299 0.1521 0.1247, 0.6299 0.1465 0.1401, 0.6299 0.1459 0.1427, 0.6299 0.1462 0.1411, 0.6299 0.1458 0.1427, 0.6299 0.1452 0.1401, 0.6299 0.1455 0.1412
            ]
        }
        coordIndex [
            0,1,2,-1,2,1,3,-1,4,5,0,-1,0,5,6,-1,0,6,1,-1,1,6,7,-1,4,8,5,-1,5,8,9,-1,5,9,10,-1,10,9,11,-1,10,11,12,-1,12,13,10,-1,10,13,2,-1,10,2,14,-1,14,2,3,-1,14,3,15,-1,10,14,16,-1,16,14,17,-1,5,10,18,-1,18,10,16,-1,19,6,20,-1,20,6,5,-1,20,5,18,-1,7,6,21,-1,21,6,19,-1,1,7,22,-1,22,7,21,-1,23,3,24,-1,24,3,1,-1,24,1,22,-1,15,3,25,-1,25,3,23,-1,14,15,17,-1,17,15,25,-1,0,2,26,-1,26,2,27,-1,2,13,27,-1,27,13,28,-1,11,29,30,-1,11,30,12,-1,12,30,28,-1,12,28,13,-1,11,9,29,-1,29,9,31,-1,4,32,33,-1,4,33,8,-1,8,33,31,-1,8,31,9,-1,4,0,32,-1,32,0,26,-1,
        ]
    }
}
Shape{
    appearance Appearance {
        material  Material 	{
            diffuseColor 0.25098039215686274 0.25098039215686274 0.25098039215686274
            specularColor 0.12549019607843137 0.12549019607843137 0.12549019607843137
            ambientIntensity 0.251
            transparency 0.0
            shininess 0.5
        }
    }
    geometry IndexedFaceSet {
        ccw TRUE
        solid FALSE
        coord DEF co Coordinate {
            point [
                0.6299 0.1459 0.1427, 0.6299 0.1458 0.1427, 0.6299 0.1462 0.1411, 0.6299 0.1455 0.1412, 0.6299 0.1465 0.1401, 0.6299 0.1452 0.1401, 0.6299 0.1521 0.1247, 0.6299 0.1397 0.1247
            ]
        }
        coordIndex [
            0,1,2,-1,2,1,3,-1,2,3,4,-1,4,3,5,-1,4,5,6,-1,6,5,7,-1,
        ]
    }
}
Shape{
    appearance Appearance {
        material  Material 	{
            diffuseColor 1.0 1.0 1.0
            specularColor 0.5019607843137255 0.5019607843137255 0.5019607843137255
            ambientIntensity 1.0
            transparency 0.0
            shininess 0.5
        }
    }
    geometry IndexedFaceSet {
        ccw TRUE
        solid FALSE
        coord DEF co Coordinate {
            point [
                0.6339 0.0338 0.0558, 0.6339 0.0338 0.0516, 0.6299 0.0338 0.0558, 0.6299 0.0338 0.0516, 0.6339 0.0187 0.0558, 0.6299 0.0187 0.0558, 0.6339 0.0187 0.0683, 0.6299 0.0187 0.0683, 0.6339 0.0319 0.0683, 0.6299 0.0319 0.0683, 0.6339 0.0319 0.0725, 0.6299 0.0319 0.0725, 0.6339 0.0187 0.0725, 0.6299 0.0187 0.0725, 0.6339 0.0187 0.0844, 0.6299 0.0187 0.0844, 0.6339 0.033 0.0844, 0.6299 0.033 0.0844, 0.6339 0.033 0.0886, 0.6299 0.033 0.0886, 0.6339 0.0139 0.0886, 0.6299 0.0139 0.0886, 0.6339 0.0139 0.0516, 0.6299 0.0139 0.0516, 0.6339 0.0595 0.0686, 0.6339 0.0549 0.0649, 0.6339 0.0549 0.0623, 0.6339 0.0548 0.0557, 0.6339 0.0549 0.0557, 0.6339 0.0546 0.0601, 0.6339 0.0549 0.0516, 0.6339 0.0595 0.0516, 0.6339 0.043 0.0598, 0.6339 0.0433 0.0608, 0.6339 0.0392 0.0629, 0.6339 0.0439 0.0563, 0.6339 0.0405 0.053, 0.6339 0.0443 0.0559, 0.6339 0.0421 0.052, 0.6339 0.0453 0.0553, 0.6339 0.0438 0.0513, 0.6339 0.0463 0.0549, 0.6339 0.0401 0.0642, 0.6339 0.0437 0.0617, 0.6339 0.0416 0.0654, 0.6339 0.0442 0.0624, 0.6339 0.0435 0.0664, 0.6339 0.0465 0.0509, 0.6339 0.0467 0.0509, 0.6339 0.0479 0.0548, 0.6339 0.049 0.0512, 0.6339 0.0498 0.055, 0.6339 0.0509 0.0519, 0.6339 0.0512 0.0555, 0.6339 0.0526 0.053, 0.6339 0.0525 0.0565, 0.6339 0.054 0.0545, 0.6339 0.0529 0.0569, 0.6339 0.054 0.0584, 0.6339 0.0448 0.0629, 0.6339 0.0459 0.0634, 0.6339 0.0471 0.0673, 0.6339 0.0487 0.064, 0.6339 0.0549 0.0684, 0.6339 0.0386 0.0612, 0.6339 0.0383 0.0592, 0.6339 0.043 0.059, 0.6339 0.0383 0.0587, 0.6339 0.0431 0.058, 0.6339 0.0385 0.0565, 0.6339 0.0434 0.0571, 0.6339 0.0391 0.0549, 0.6339 0.0401 0.0535, 0.6339 0.0409 0.0762, 0.6339 0.0409 0.0717, 0.6339 0.0418 0.0767, 0.6339 0.0441 0.0737, 0.6339 0.0452 0.0781, 0.6339 0.047 0.0746, 0.6339 0.05 0.0787, 0.6339 0.0495 0.0749, 0.6339 0.0527 0.0784, 0.6339 0.0511 0.0747, 0.6339 0.0547 0.0778, 0.6339 0.0522 0.0743, 0.6339 0.0562 0.0769, 0.6339 0.053 0.0738, 0.6339 0.0575 0.0758, 0.6339 0.0537 0.073, 0.6339 0.0584 0.0743, 0.6339 0.0543 0.0721, 0.6339 0.0592 0.0722, 0.6339 0.0547 0.0704, 0.6299 0.05 0.0787, 0.6299 0.0452 0.0781, 0.6299 0.0418 0.0767, 0.6299 0.0409 0.0762, 0.6299 0.0409 0.0717, 0.6299 0.0441 0.0737, 0.6299 0.047 0.0746, 0.6299 0.0495 0.0749, 0.6299 0.0511 0.0747, 0.6299 0.0522 0.0743, 0.6299 0.053 0.0738, 0.6299 0.0537 0.073, 0.6299 0.0543 0.0721, 0.6299 0.0547 0.0704, 0.6299 0.0549 0.0684, 0.6299 0.0471 0.0673, 0.6299 0.0435 0.0664, 0.6299 0.0416 0.0654, 0.6299 0.0401 0.0642, 0.6299 0.0392 0.0629, 0.6299 0.0386 0.0612, 0.6299 0.0383 0.0592, 0.6299 0.0383 0.0587, 0.6299 0.0385 0.0565, 0.6299 0.0391 0.0549, 0.6299 0.0401 0.0535, 0.6299 0.0405 0.053, 0.6299 0.0467 0.0509, 0.6299 0.0421 0.052, 0.6299 0.0438 0.0513, 0.6299 0.044 0.0513, 0.6299 0.0465 0.0509, 0.6299 0.049 0.0512, 0.6299 0.0492 0.0513, 0.6299 0.0509 0.0519, 0.6299 0.0526 0.053, 0.6299 0.054 0.0545, 0.6299 0.0548 0.0557, 0.6299 0.0549 0.0557, 0.6299 0.0549 0.0516, 0.6299 0.0595 0.0516, 0.6299 0.0595 0.0686, 0.6299 0.0592 0.0722, 0.6299 0.0584 0.0743, 0.6299 0.0575 0.0758, 0.6299 0.0562 0.0769, 0.6299 0.0547 0.0778, 0.6299 0.0527 0.0784, 0.6299 0.0442 0.0624, 0.6299 0.0448 0.0629, 0.6299 0.0459 0.0634, 0.6299 0.0487 0.064, 0.6299 0.043 0.059, 0.6299 0.043 0.0598, 0.6299 0.0433 0.0608, 0.6299 0.0437 0.0617, 0.6299 0.0443 0.0559, 0.6299 0.0439 0.0563, 0.6299 0.0434 0.0571, 0.6299 0.0431 0.058, 0.6299 0.0479 0.0548, 0.6299 0.0463 0.0549, 0.6299 0.0453 0.0553, 0.6299 0.0529 0.0569, 0.6299 0.0525 0.0565, 0.6299 0.0512 0.0555, 0.6299 0.0498 0.055, 0.6299 0.0549 0.0623, 0.6299 0.0546 0.0601, 0.6299 0.054 0.0584, 0.6299 0.0549 0.0649
            ]
        }
        coordIndex [
            0,1,2,-1,2,1,3,-1,4,0,5,-1,5,0,2,-1,6,4,7,-1,7,4,5,-1,8,6,9,-1,9,6,7,-1,10,8,11,-1,11,8,9,-1,12,10,13,-1,13,10,11,-1,14,12,15,-1,15,12,13,-1,16,14,17,-1,17,14,15,-1,18,16,19,-1,19,16,17,-1,20,18,21,-1,21,18,19,-1,22,20,23,-1,23,20,21,-1,1,22,3,-1,3,22,23,-1,8,10,6,-1,6,10,12,-1,1,0,22,-1,22,0,4,-1,16,18,14,-1,14,18,20,-1,14,20,12,-1,12,20,22,-1,12,22,6,-1,6,22,4,-1,24,25,26,-1,27,28,29,-1,30,31,28,-1,28,31,24,-1,28,24,29,-1,29,24,26,-1,32,33,34,-1,35,36,37,-1,37,36,38,-1,37,38,39,-1,39,38,40,-1,39,40,41,-1,34,33,42,-1,42,33,43,-1,42,43,44,-1,44,43,45,-1,44,45,46,-1,40,47,41,-1,41,47,48,-1,41,48,49,-1,49,48,50,-1,49,50,51,-1,51,50,52,-1,51,52,53,-1,53,52,54,-1,53,54,55,-1,55,54,56,-1,55,56,57,-1,57,56,27,-1,57,27,58,-1,58,27,29,-1,45,59,46,-1,46,59,60,-1,46,60,61,-1,61,60,62,-1,61,62,63,-1,34,64,32,-1,32,64,65,-1,32,65,66,-1,66,65,67,-1,66,67,68,-1,68,67,69,-1,68,69,70,-1,70,69,71,-1,70,71,35,-1,35,71,72,-1,35,72,36,-1,73,74,75,-1,75,74,76,-1,75,76,77,-1,77,76,78,-1,77,78,79,-1,79,78,80,-1,79,80,81,-1,81,80,82,-1,81,82,83,-1,83,82,84,-1,83,84,85,-1,85,84,86,-1,85,86,87,-1,87,86,88,-1,87,88,89,-1,89,88,90,-1,89,90,91,-1,91,90,92,-1,91,92,24,-1,24,92,63,-1,24,63,25,-1,25,63,62,-1,79,93,94,-1,79,94,77,-1,77,94,95,-1,77,95,75,-1,75,95,96,-1,75,96,73,-1,74,73,97,-1,97,73,96,-1,74,97,98,-1,74,98,76,-1,76,98,99,-1,76,99,78,-1,78,99,100,-1,78,100,80,-1,80,100,101,-1,80,101,82,-1,82,101,102,-1,82,102,84,-1,84,102,103,-1,84,103,86,-1,86,103,104,-1,86,104,88,-1,88,104,105,-1,88,105,90,-1,90,105,106,-1,90,106,92,-1,92,106,107,-1,92,107,63,-1,61,63,108,-1,108,63,107,-1,61,108,109,-1,61,109,46,-1,46,109,110,-1,46,110,44,-1,44,110,111,-1,44,111,42,-1,42,111,112,-1,42,112,34,-1,34,112,113,-1,34,113,64,-1,64,113,114,-1,64,114,65,-1,65,114,115,-1,65,115,67,-1,67,115,116,-1,67,116,69,-1,69,116,117,-1,69,117,71,-1,71,117,118,-1,71,118,72,-1,72,118,119,-1,72,119,36,-1,120,48,47,-1,36,119,121,-1,36,121,38,-1,38,121,122,-1,38,122,40,-1,40,122,123,-1,40,123,47,-1,47,123,124,-1,47,124,120,-1,48,120,125,-1,48,125,50,-1,50,125,126,-1,50,126,52,-1,126,127,52,-1,52,127,128,-1,52,128,54,-1,54,128,129,-1,54,129,56,-1,56,129,130,-1,56,130,27,-1,28,27,131,-1,131,27,130,-1,30,28,132,-1,132,28,131,-1,31,30,133,-1,133,30,132,-1,24,31,134,-1,134,31,133,-1,24,134,135,-1,24,135,91,-1,91,135,136,-1,91,136,89,-1,89,136,137,-1,89,137,87,-1,87,137,138,-1,87,138,85,-1,85,138,139,-1,85,139,83,-1,83,139,140,-1,83,140,81,-1,81,140,93,-1,81,93,79,-1,45,141,142,-1,45,142,59,-1,59,142,143,-1,59,143,60,-1,60,143,144,-1,60,144,62,-1,66,145,146,-1,66,146,32,-1,32,146,147,-1,32,147,33,-1,33,147,148,-1,33,148,43,-1,43,148,141,-1,43,141,45,-1,37,149,150,-1,37,150,35,-1,35,150,151,-1,35,151,70,-1,70,151,152,-1,70,152,68,-1,68,152,145,-1,68,145,66,-1,49,153,154,-1,49,154,41,-1,41,154,155,-1,41,155,39,-1,39,155,149,-1,39,149,37,-1,57,156,157,-1,57,157,55,-1,55,157,158,-1,55,158,53,-1,53,158,159,-1,53,159,51,-1,51,159,153,-1,51,153,49,-1,26,160,161,-1,26,161,29,-1,29,161,162,-1,29,162,58,-1,58,162,156,-1,58,156,57,-1,26,25,160,-1,160,25,163,-1,25,62,163,-1,163,62,144,-1,
        ]
    }
}
Shape{
    appearance Appearance {
        material  Material 	{
            diffuseColor 0.25098039215686274 0.25098039215686274 0.25098039215686274
            specularColor 0.12549019607843137 0.12549019607843137 0.12549019607843137
            ambientIntensity 0.251
            transparency 0.0
            shininess 0.5
        }
    }
    geometry IndexedFaceSet {
        ccw TRUE
        solid FALSE
        coord DEF co Coordinate {
            point [
                0.6299 0.0549 0.0623, 0.6299 0.0549 0.0649, 0.6299 0.0487 0.064, 0.6299 0.0525 0.0565, 0.6299 0.0529 0.0569, 0.6299 0.0459 0.0634, 0.6299 0.0448 0.0629, 0.6299 0.0498 0.055, 0.6299 0.0512 0.0555, 0.6299 0.054 0.0584, 0.6299 0.0546 0.0601, 0.6299 0.0442 0.0624, 0.6299 0.0437 0.0617, 0.6299 0.0433 0.0608, 0.6299 0.043 0.0598, 0.6299 0.043 0.059, 0.6299 0.0431 0.058, 0.6299 0.0453 0.0553, 0.6299 0.0463 0.0549, 0.6299 0.0443 0.0559, 0.6299 0.0479 0.0548, 0.6299 0.0434 0.0571, 0.6299 0.0439 0.0563
            ]
        }
        coordIndex [
            0,1,2,-1,3,4,2,-1,5,6,7,-1,5,7,2,-1,2,7,8,-1,2,8,3,-1,4,9,2,-1,2,9,10,-1,2,10,0,-1,6,11,7,-1,7,11,12,-1,7,12,13,-1,13,14,7,-1,7,14,15,-1,7,15,16,-1,17,18,19,-1,19,18,20,-1,19,20,7,-1,16,21,7,-1,7,21,22,-1,7,22,19,-1,
        ]
    }
}
Shape{
    appearance Appearance {
        material  Material 	{
            diffuseColor 1.0 1.0 1.0
            specularColor 0.5019607843137255 0.5019607843137255 0.5019607843137255
            ambientIntensity 1.0
            transparency 0.0
            shininess 0.5
        }
    }
    geometry IndexedFaceSet {
        ccw TRUE
        solid FALSE
        coord DEF co Coordinate {
            point [
                0.6299 0.0658 0.0573, 0.6339 0.0658 0.0573, 0.6339 0.0675 0.0562, 0.6339 0.0735 0.0547, 0.6299 0.0735 0.0547, 0.6299 0.0704 0.0551, 0.6339 0.0704 0.0551, 0.6299 0.068 0.0561, 0.6299 0.0675 0.0562, 0.6339 0.0658 0.0525, 0.6299 0.0658 0.0525, 0.6299 0.068 0.0517, 0.6339 0.0691 0.0514, 0.6299 0.073 0.0509, 0.6339 0.073 0.0509, 0.6299 0.07 0.0513, 0.6299 0.0691 0.0514, 0.6299 0.0756 0.0513, 0.6339 0.0772 0.0515, 0.6299 0.0772 0.0515, 0.6299 0.0797 0.0524, 0.6339 0.0797 0.0524, 0.6299 0.0807 0.053, 0.6339 0.0807 0.053, 0.6299 0.0822 0.0543, 0.6339 0.0822 0.0543, 0.6299 0.083 0.0556, 0.6339 0.083 0.0556, 0.6299 0.0835 0.0571, 0.6339 0.0835 0.0571, 0.6299 0.0837 0.0588, 0.6339 0.0837 0.0588, 0.6299 0.0835 0.0607, 0.6339 0.0835 0.0607, 0.6299 0.0829 0.062, 0.6339 0.0829 0.062, 0.6299 0.0822 0.0632, 0.6339 0.0822 0.0632, 0.6299 0.0811 0.0641, 0.6339 0.0811 0.0641, 0.6299 0.078 0.0659, 0.6339 0.078 0.0659, 0.6299 0.0762 0.0666, 0.6339 0.0762 0.0666, 0.6299 0.0733 0.0678, 0.6339 0.0733 0.0678, 0.6299 0.0717 0.0689, 0.6339 0.0717 0.0689, 0.6299 0.0712 0.0694, 0.6339 0.0712 0.0694, 0.6299 0.0709 0.07, 0.6339 0.0709 0.07, 0.6299 0.0707 0.0707, 0.6339 0.0707 0.0707, 0.6299 0.0707 0.0713, 0.6339 0.0707 0.0713, 0.6299 0.0707 0.0721, 0.6339 0.0707 0.0721, 0.6299 0.071 0.0727, 0.6339 0.071 0.0727, 0.6299 0.0714 0.0733, 0.6339 0.0714 0.0733, 0.6299 0.0721 0.0739, 0.6339 0.0721 0.0739, 0.6299 0.0731 0.0745, 0.6339 0.0731 0.0745, 0.6299 0.0743 0.0748, 0.6339 0.0743 0.0748, 0.6299 0.0757 0.0749, 0.6339 0.0757 0.0749, 0.6299 0.079 0.0745, 0.6339 0.079 0.0745, 0.6299 0.0816 0.0735, 0.6339 0.0816 0.0735, 0.6299 0.0824 0.073, 0.6339 0.0824 0.073, 0.6339 0.0824 0.0775, 0.6299 0.0824 0.0775, 0.6299 0.0794 0.0784, 0.6339 0.0794 0.0784, 0.6299 0.0762 0.0787, 0.6339 0.0762 0.0787, 0.6299 0.0725 0.0782, 0.6339 0.0725 0.0782, 0.6299 0.07 0.0772, 0.6339 0.07 0.0772, 0.6299 0.0688 0.0765, 0.6339 0.0688 0.0765, 0.6299 0.068 0.0758, 0.6339 0.0674 0.0752, 0.6299 0.0674 0.0752, 0.6299 0.0665 0.0739, 0.6339 0.0665 0.0739, 0.6299 0.066 0.0724, 0.6339 0.066 0.0724, 0.6299 0.0659 0.0709, 0.6339 0.0659 0.0709, 0.6299 0.0661 0.0689, 0.6339 0.0661 0.0689, 0.6299 0.0667 0.0675, 0.6339 0.0667 0.0675, 0.6299 0.0672 0.0667, 0.6339 0.0672 0.0667, 0.6299 0.0729 0.0632, 0.6339 0.0729 0.0632, 0.6339 0.0701 0.0645, 0.6299 0.0679 0.0659, 0.6339 0.0679 0.0659, 0.6299 0.068 0.0659, 0.6299 0.0701 0.0645, 0.6299 0.0759 0.0619, 0.6339 0.0759 0.0619, 0.6299 0.0778 0.0608, 0.6339 0.0778 0.0608, 0.6299 0.0783 0.0602, 0.6339 0.0783 0.0602, 0.6299 0.0787 0.0596, 0.6339 0.0787 0.0596, 0.6299 0.0789 0.0589, 0.6339 0.0789 0.0589, 0.6299 0.079 0.0583, 0.6339 0.079 0.0583, 0.6299 0.0789 0.0574, 0.6339 0.0789 0.0574, 0.6299 0.0786 0.0568, 0.6339 0.0786 0.0568, 0.6299 0.0782 0.0562, 0.6339 0.0782 0.0562, 0.6299 0.0777 0.0557, 0.6339 0.0777 0.0557, 0.6299 0.0773 0.0554, 0.6339 0.0773 0.0554, 0.6299 0.0761 0.055, 0.6339 0.0761 0.055, 0.6299 0.0737 0.0547, 0.6339 0.0737 0.0547, 0.6339 0.1067 0.078, 0.6339 0.1115 0.078, 0.6299 0.1067 0.078, 0.6299 0.1115 0.078, 0.6339 0.0995 0.0581, 0.6299 0.0995 0.0581, 0.6299 0.0992 0.0569, 0.6339 0.0992 0.0569, 0.6299 0.0989 0.056, 0.6339 0.0989 0.056, 0.6339 0.0988 0.056, 0.6299 0.0988 0.056, 0.6339 0.0982 0.0581, 0.6299 0.0982 0.0581, 0.6339 0.0913 0.078, 0.6299 0.0936 0.0716, 0.6299 0.0913 0.078, 0.6339 0.0861 0.078, 0.6299 0.0861 0.078, 0.6339 0.0965 0.0516, 0.6299 0.0936 0.0591, 0.6299 0.0965 0.0516, 0.6299 0.0945 0.0468, 0.6339 0.0945 0.0468, 0.6299 0.0964 0.0513, 0.6299 0.0936 0.0452, 0.6339 0.0934 0.045, 0.6299 0.0934 0.045, 0.6299 0.0925 0.044, 0.6339 0.0925 0.044, 0.6299 0.0916 0.0435, 0.6339 0.0916 0.0435, 0.6299 0.0906 0.0432, 0.6339 0.0906 0.0432, 0.6299 0.0897 0.0431, 0.6339 0.0897 0.0431, 0.6299 0.088 0.0433, 0.6339 0.088 0.0433, 0.6299 0.0871 0.0436, 0.6339 0.0871 0.0436, 0.6339 0.0871 0.0395, 0.6299 0.0871 0.0395, 0.6299 0.0891 0.0391, 0.6339 0.0891 0.0391, 0.6299 0.0901 0.0391, 0.6339 0.0901 0.0391, 0.6299 0.0921 0.0393, 0.6339 0.0921 0.0393, 0.6299 0.0936 0.0399, 0.6339 0.0939 0.0401, 0.6299 0.0939 0.0401, 0.6299 0.0955 0.0412, 0.6339 0.0955 0.0412, 0.6299 0.0974 0.0434, 0.6339 0.0974 0.0434, 0.6299 0.0995 0.0476, 0.6339 0.0995 0.0476, 0.6299 0.101 0.0513, 0.6339 0.1365 0.0558, 0.6339 0.1365 0.0516, 0.6299 0.1365 0.0558, 0.6299 0.1365 0.0516, 0.6339 0.1213 0.0558, 0.6299 0.1283 0.0558, 0.6299 0.1213 0.0558, 0.6339 0.1213 0.0683, 0.6299 0.1213 0.0683, 0.6339 0.1346 0.0683, 0.6299 0.1283 0.0683, 0.6299 0.1346 0.0683, 0.6339 0.1346 0.0725, 0.6299 0.1346 0.0725, 0.6299 0.1213 0.0725, 0.6339 0.1213 0.0725, 0.6299 0.1283 0.0725, 0.6339 0.1213 0.0844, 0.6299 0.1213 0.0844, 0.6299 0.1356 0.0844, 0.6339 0.1356 0.0844, 0.6299 0.1283 0.0844, 0.6339 0.1356 0.0886, 0.6299 0.1356 0.0886, 0.6299 0.1166 0.0886, 0.6339 0.1166 0.0886, 0.6299 0.1283 0.0886, 0.6339 0.1166 0.0516, 0.6299 0.1166 0.0516, 0.6299 0.1283 0.0516, 0.6339 0.1665 0.062, 0.6339 0.1647 0.0597, 0.6339 0.1681 0.0568, 0.6339 0.164 0.059, 0.6339 0.1643 0.054, 0.6339 0.1615 0.0574, 0.6339 0.16 0.0524, 0.6339 0.1584 0.0563, 0.6339 0.1537 0.0516, 0.6339 0.1537 0.0558, 0.6339 0.1435 0.0516, 0.6339 0.1483 0.0558, 0.6339 0.1435 0.0886, 0.6339 0.1483 0.0844, 0.6339 0.1541 0.0886, 0.6339 0.1539 0.0844, 0.6339 0.1597 0.088, 0.6339 0.1586 0.0839, 0.6339 0.1642 0.0864, 0.6339 0.1619 0.0827, 0.6339 0.1681 0.0837, 0.6339 0.1646 0.0809, 0.6339 0.1694 0.0825, 0.6339 0.1658 0.0797, 0.6339 0.1717 0.0793, 0.6339 0.1672 0.0775, 0.6339 0.173 0.0757, 0.6339 0.1682 0.0747, 0.6339 0.1737 0.0706, 0.6339 0.1686 0.0704, 0.6339 0.1736 0.0682, 0.6339 0.1685 0.0681, 0.6339 0.1727 0.0639, 0.6339 0.1678 0.0647, 0.6339 0.1708 0.0601, 0.6299 0.1537 0.0516, 0.6299 0.1435 0.0516, 0.6299 0.16 0.0524, 0.6299 0.1643 0.054, 0.6299 0.1681 0.0568, 0.6299 0.1708 0.0601, 0.6299 0.1727 0.0639, 0.6299 0.1736 0.0682, 0.6299 0.1737 0.0706, 0.6299 0.173 0.0757, 0.6299 0.1717 0.0793, 0.6299 0.1694 0.0825, 0.6299 0.1681 0.0837, 0.6299 0.1642 0.0864, 0.6299 0.1597 0.088, 0.6299 0.1541 0.0886, 0.6299 0.1435 0.0886, 0.6299 0.1539 0.0844, 0.6299 0.1483 0.0844, 0.6299 0.1483 0.0558, 0.6299 0.1537 0.0558, 0.6299 0.1647 0.0597, 0.6299 0.164 0.059, 0.6299 0.1615 0.0574, 0.6299 0.1584 0.0563, 0.6299 0.1686 0.0704, 0.6299 0.1685 0.0681, 0.6299 0.1678 0.0647, 0.6299 0.1665 0.062, 0.6299 0.1646 0.0809, 0.6299 0.1658 0.0797, 0.6299 0.1672 0.0775, 0.6299 0.1682 0.0747, 0.6299 0.1586 0.0839, 0.6299 0.1619 0.0827
            ]
        }
        coordIndex [
            0,1,2,-1,3,4,5,-1,3,5,6,-1,6,5,7,-1,6,7,2,-1,2,7,8,-1,2,8,0,-1,9,1,10,-1,10,1,0,-1,10,11,9,-1,9,11,12,-1,13,14,15,-1,15,14,12,-1,15,12,16,-1,16,12,11,-1,13,17,14,-1,14,17,18,-1,17,19,18,-1,18,19,20,-1,18,20,21,-1,21,20,22,-1,21,22,23,-1,23,22,24,-1,23,24,25,-1,25,24,26,-1,25,26,27,-1,27,26,28,-1,27,28,29,-1,29,28,30,-1,29,30,31,-1,31,30,32,-1,31,32,33,-1,33,32,34,-1,33,34,35,-1,35,34,36,-1,35,36,37,-1,37,36,38,-1,37,38,39,-1,39,38,40,-1,39,40,41,-1,41,40,42,-1,41,42,43,-1,43,42,44,-1,43,44,45,-1,45,44,46,-1,45,46,47,-1,47,46,48,-1,47,48,49,-1,49,48,50,-1,49,50,51,-1,51,50,52,-1,51,52,53,-1,53,52,54,-1,53,54,55,-1,55,54,56,-1,55,56,57,-1,57,56,58,-1,57,58,59,-1,59,58,60,-1,59,60,61,-1,61,60,62,-1,61,62,63,-1,63,62,64,-1,63,64,65,-1,65,64,66,-1,65,66,67,-1,67,66,68,-1,67,68,69,-1,69,68,70,-1,69,70,71,-1,71,70,72,-1,71,72,73,-1,73,72,74,-1,73,74,75,-1,76,75,77,-1,77,75,74,-1,76,77,78,-1,76,78,79,-1,79,78,80,-1,79,80,81,-1,81,80,82,-1,81,82,83,-1,83,82,84,-1,83,84,85,-1,85,84,86,-1,85,86,87,-1,86,88,87,-1,87,88,89,-1,88,90,89,-1,89,90,91,-1,89,91,92,-1,92,91,93,-1,92,93,94,-1,94,93,95,-1,94,95,96,-1,96,95,97,-1,96,97,98,-1,98,97,99,-1,98,99,100,-1,100,99,101,-1,100,101,102,-1,103,104,105,-1,102,101,106,-1,102,106,107,-1,107,106,108,-1,107,108,105,-1,105,108,109,-1,105,109,103,-1,104,103,110,-1,104,110,111,-1,111,110,112,-1,111,112,113,-1,113,112,114,-1,113,114,115,-1,115,114,116,-1,115,116,117,-1,117,116,118,-1,117,118,119,-1,119,118,120,-1,119,120,121,-1,121,120,122,-1,121,122,123,-1,123,122,124,-1,123,124,125,-1,125,124,126,-1,125,126,127,-1,127,126,128,-1,127,128,129,-1,129,128,130,-1,129,130,131,-1,131,130,132,-1,131,132,133,-1,133,132,134,-1,133,134,135,-1,135,134,4,-1,135,4,3,-1,59,61,87,-1,87,61,85,-1,85,61,63,-1,85,63,83,-1,125,25,27,-1,111,43,104,-1,104,43,45,-1,125,27,123,-1,123,27,29,-1,123,29,121,-1,121,29,31,-1,121,31,119,-1,119,31,33,-1,119,33,117,-1,117,33,35,-1,117,35,115,-1,115,35,37,-1,115,37,113,-1,113,37,39,-1,113,39,111,-1,111,39,41,-1,111,41,43,-1,25,125,23,-1,23,125,127,-1,23,127,21,-1,14,3,12,-1,12,3,6,-1,12,6,9,-1,9,6,2,-1,9,2,1,-1,63,65,83,-1,83,65,67,-1,83,67,81,-1,81,67,69,-1,81,69,79,-1,79,69,71,-1,79,71,76,-1,76,71,73,-1,76,73,75,-1,127,129,21,-1,21,129,131,-1,21,131,18,-1,18,131,133,-1,18,133,14,-1,14,133,135,-1,14,135,3,-1,87,89,59,-1,59,89,92,-1,59,92,57,-1,57,92,94,-1,57,94,55,-1,55,94,96,-1,55,96,53,-1,53,96,98,-1,53,98,51,-1,51,98,100,-1,51,100,49,-1,49,100,102,-1,49,102,47,-1,47,102,107,-1,47,107,45,-1,45,107,105,-1,45,105,104,-1,136,137,138,-1,138,137,139,-1,140,136,141,-1,141,136,138,-1,140,141,142,-1,140,142,143,-1,143,142,144,-1,143,144,145,-1,146,145,147,-1,147,145,144,-1,148,146,149,-1,149,146,147,-1,148,149,150,-1,150,149,151,-1,150,151,152,-1,153,150,154,-1,154,150,152,-1,153,154,155,-1,155,154,156,-1,155,156,157,-1,158,159,160,-1,160,159,155,-1,160,155,157,-1,158,161,159,-1,159,161,162,-1,161,163,162,-1,162,163,164,-1,162,164,165,-1,165,164,166,-1,165,166,167,-1,167,166,168,-1,167,168,169,-1,169,168,170,-1,169,170,171,-1,171,170,172,-1,171,172,173,-1,173,172,174,-1,173,174,175,-1,176,175,177,-1,177,175,174,-1,176,177,178,-1,176,178,179,-1,179,178,180,-1,179,180,181,-1,181,180,182,-1,181,182,183,-1,183,182,184,-1,183,184,185,-1,184,186,185,-1,185,186,187,-1,185,187,188,-1,188,187,189,-1,188,189,190,-1,190,189,191,-1,190,191,192,-1,139,137,193,-1,193,137,192,-1,193,192,191,-1,143,145,192,-1,137,136,192,-1,192,136,140,-1,192,140,143,-1,150,153,148,-1,148,153,155,-1,148,155,146,-1,145,146,192,-1,192,146,155,-1,192,155,190,-1,155,159,190,-1,190,159,162,-1,190,162,188,-1,188,162,165,-1,188,165,185,-1,185,165,167,-1,185,167,183,-1,183,167,169,-1,183,169,181,-1,181,169,171,-1,181,171,179,-1,179,171,173,-1,179,173,176,-1,176,173,175,-1,194,195,196,-1,196,195,197,-1,194,196,198,-1,198,196,199,-1,198,199,200,-1,201,198,202,-1,202,198,200,-1,201,202,203,-1,203,202,204,-1,203,204,205,-1,206,203,207,-1,207,203,205,-1,208,209,210,-1,210,209,206,-1,210,206,207,-1,211,209,212,-1,212,209,208,-1,213,214,215,-1,215,214,211,-1,215,211,212,-1,216,214,217,-1,217,214,213,-1,218,219,220,-1,220,219,216,-1,220,216,217,-1,221,219,222,-1,222,219,218,-1,221,222,195,-1,195,222,223,-1,195,223,197,-1,195,194,221,-1,221,194,198,-1,203,206,201,-1,201,206,209,-1,214,216,211,-1,211,216,219,-1,211,219,209,-1,209,219,221,-1,209,221,201,-1,201,221,198,-1,224,225,226,-1,226,225,227,-1,226,227,228,-1,228,227,229,-1,228,229,230,-1,230,229,231,-1,230,231,232,-1,232,231,233,-1,232,233,234,-1,234,233,235,-1,234,235,236,-1,236,235,237,-1,236,237,238,-1,238,237,239,-1,238,239,240,-1,240,239,241,-1,240,241,242,-1,242,241,243,-1,242,243,244,-1,244,243,245,-1,244,245,246,-1,246,245,247,-1,246,247,248,-1,248,247,249,-1,248,249,250,-1,250,249,251,-1,250,251,252,-1,252,251,253,-1,252,253,254,-1,254,253,255,-1,254,255,256,-1,256,255,257,-1,256,257,258,-1,258,257,224,-1,258,224,226,-1,232,234,259,-1,259,234,260,-1,232,259,261,-1,232,261,230,-1,230,261,262,-1,230,262,228,-1,228,262,263,-1,228,263,226,-1,226,263,264,-1,226,264,258,-1,258,264,265,-1,258,265,256,-1,256,265,266,-1,256,266,254,-1,254,266,267,-1,254,267,252,-1,252,267,268,-1,252,268,250,-1,250,268,269,-1,250,269,248,-1,248,269,270,-1,248,270,246,-1,246,270,271,-1,246,271,244,-1,244,271,272,-1,244,272,242,-1,242,272,273,-1,242,273,240,-1,240,273,274,-1,240,274,238,-1,236,238,275,-1,275,238,274,-1,234,236,260,-1,260,236,275,-1,239,237,276,-1,276,237,277,-1,237,235,277,-1,277,235,278,-1,235,233,278,-1,278,233,279,-1,225,280,281,-1,225,281,227,-1,227,281,282,-1,227,282,229,-1,229,282,283,-1,229,283,231,-1,231,283,279,-1,231,279,233,-1,253,284,285,-1,253,285,255,-1,255,285,286,-1,255,286,257,-1,257,286,287,-1,257,287,224,-1,224,287,280,-1,224,280,225,-1,245,288,289,-1,245,289,247,-1,247,289,290,-1,247,290,249,-1,249,290,291,-1,249,291,251,-1,251,291,284,-1,251,284,253,-1,239,276,292,-1,239,292,241,-1,241,292,293,-1,241,293,243,-1,243,293,288,-1,243,288,245,-1,
        ]
    }
}
Shape{
    appearance Appearance {
        material  Material 	{
            diffuseColor 0.25098039215686274 0.25098039215686274 0.25098039215686274
            specularColor 0.12549019607843137 0.12549019607843137 0.12549019607843137
            ambientIntensity 0.251
            transparency 0.0
            shininess 0.5
        }
    }
    geometry IndexedFaceSet {
        ccw TRUE
        solid FALSE
        coord DEF co Coordinate {
            point [
                0.6299 0.1483 0.0844, 0.6299 0.1483 0.0558, 0.6299 0.1539 0.0844, 0.6299 0.1537 0.0558, 0.6299 0.1584 0.0563, 0.6299 0.1615 0.0574, 0.6299 0.164 0.059, 0.6299 0.1647 0.0597, 0.6299 0.1665 0.062, 0.6299 0.1678 0.0647, 0.6299 0.1685 0.0681, 0.6299 0.1686 0.0704, 0.6299 0.1682 0.0747, 0.6299 0.1672 0.0775, 0.6299 0.1658 0.0797, 0.6299 0.1646 0.0809, 0.6299 0.1586 0.0839, 0.6299 0.1619 0.0827
            ]
        }
        coordIndex [
            0,1,2,-1,2,1,3,-1,2,3,4,-1,4,5,2,-1,2,5,6,-1,2,6,7,-1,7,8,2,-1,2,8,9,-1,2,9,10,-1,10,11,2,-1,2,11,12,-1,2,12,13,-1,13,14,2,-1,2,14,15,-1,2,15,16,-1,16,15,17,-1,
        ]
    }
}
Shape{
    appearance Appearance {
        material  Material 	{
            diffuseColor 1.0 1.0 1.0
            specularColor 0.5019607843137255 0.5019607843137255 0.5019607843137255
            ambientIntensity 1.0
            transparency 0.0
            shininess 0.5
        }
    }
    geometry IndexedFaceSet {
        ccw TRUE
        solid FALSE
        coord DEF co Coordinate {
            point [
                0.6339 0.1861 0.0659, 0.6339 0.1846 0.0617, 0.6339 0.1985 0.0659, 0.6339 0.2 0.0617, 0.6339 0.1916 0.0813, 0.6339 0.1898 0.0886, 0.6339 0.1757 0.0516, 0.6339 0.181 0.0516, 0.6339 0.192 0.0824, 0.6339 0.1922 0.0839, 0.6339 0.195 0.0886, 0.6339 0.1924 0.0839, 0.6339 0.1927 0.0823, 0.6339 0.1929 0.0813, 0.6339 0.2091 0.0516, 0.6339 0.2038 0.0516, 0.6299 0.195 0.0886, 0.6299 0.2091 0.0516, 0.6299 0.1898 0.0886, 0.6299 0.1757 0.0516, 0.6299 0.181 0.0516, 0.6299 0.1846 0.0617, 0.6299 0.2 0.0617, 0.6299 0.2038 0.0516, 0.6299 0.1861 0.0659, 0.6299 0.1985 0.0659, 0.6299 0.1929 0.0813, 0.6299 0.1924 0.0839, 0.6299 0.1927 0.0823, 0.6299 0.1922 0.0839, 0.6299 0.1916 0.0813, 0.6299 0.192 0.0824
            ]
        }
        coordIndex [
            0,1,2,-1,2,1,3,-1,4,5,0,-1,0,5,6,-1,0,6,1,-1,1,6,7,-1,4,8,5,-1,5,8,9,-1,5,9,10,-1,10,9,11,-1,10,11,12,-1,12,13,10,-1,10,13,2,-1,10,2,14,-1,14,2,3,-1,14,3,15,-1,10,14,16,-1,16,14,17,-1,5,10,18,-1,18,10,16,-1,6,5,19,-1,19,5,18,-1,7,6,20,-1,20,6,19,-1,1,7,21,-1,21,7,20,-1,3,1,22,-1,22,1,21,-1,15,3,23,-1,23,3,22,-1,14,15,17,-1,17,15,23,-1,0,2,24,-1,24,2,25,-1,2,13,25,-1,25,13,26,-1,11,27,28,-1,11,28,12,-1,12,28,26,-1,12,26,13,-1,11,9,27,-1,27,9,29,-1,4,30,31,-1,4,31,8,-1,8,31,29,-1,8,29,9,-1,4,0,30,-1,30,0,24,-1,
        ]
    }
}
Shape{
    appearance Appearance {
        material  Material 	{
            diffuseColor 0.25098039215686274 0.25098039215686274 0.25098039215686274
            specularColor 0.12549019607843137 0.12549019607843137 0.12549019607843137
            ambientIntensity 0.251
            transparency 0.0
            shininess 0.5
        }
    }
    geometry IndexedFaceSet {
        ccw TRUE
        solid FALSE
        coord DEF co Coordinate {
            point [
                0.6299 0.1924 0.0839, 0.6299 0.1922 0.0839, 0.6299 0.1927 0.0823, 0.6299 0.192 0.0824, 0.6299 0.1929 0.0813, 0.6299 0.1916 0.0813, 0.6299 0.1985 0.0659, 0.6299 0.1861 0.0659
            ]
        }
        coordIndex [
            0,1,2,-1,2,1,3,-1,2,3,4,-1,4,3,5,-1,4,5,6,-1,6,5,7,-1,
        ]
    }
}
Shape{
    appearance Appearance {
        material  Material 	{
            diffuseColor 1.0 1.0 1.0
            specularColor 0.5019607843137255 0.5019607843137255 0.5019607843137255
            ambientIntensity 1.0
            transparency 0.0
            shininess 0.5
        }
    }
    geometry IndexedFaceSet {
        ccw TRUE
        solid FALSE
        coord DEF co Coordinate {
            point [
                0.6339 -0.1498 0.0463, 0.6339 -0.1459 0.0415, 0.6339 -0.1522 0.0696, 0.6339 -0.1058 0.0453, 0.6339 -0.1027 0.0512, 0.6339 -0.1012 0.0577, 0.6339 -0.1345 0.0525, 0.6339 -0.1324 0.051, 0.6339 -0.1408 0.0376, 0.6339 -0.13 0.0501, 0.6339 -0.0328 0.0881, 0.6339 -0.0334 0.083, 0.6339 -0.0178 0.0784, 0.6339 -0.0642 0.0825, 0.6339 -0.0723 0.0965, 0.6339 -0.1011 0.063, 0.6339 -0.1077 0.0781, 0.6339 -0.1011 0.0604, 0.6339 -0.1152 0.0371, 0.6339 -0.1099 0.0407, 0.6339 -0.1579 0.0732, 0.6339 -0.1571 0.0535, 0.6339 -0.1525 0.052, 0.6339 -0.0555 0.1086, 0.6339 -0.0534 0.1086, 0.6339 -0.0426 0.1229, 0.6339 -0.0484 0.108, 0.6339 -0.0409 0.1223, 0.6339 -0.0438 0.1063, 0.6339 -0.0331 0.1183, 0.6339 -0.026 0.1122, 0.6339 -0.1296 0.1173, 0.6339 -0.1277 0.1163, 0.6339 -0.1359 0.1355, 0.6339 -0.124 0.1241, 0.6339 -0.1305 0.1418, 0.6339 -0.1182 0.1312, 0.6339 -0.1243 0.1471, 0.6339 -0.1109 0.1367, 0.6339 -0.1179 0.1511, 0.6339 -0.1362 0.0544, 0.6339 -0.1373 0.0565, 0.6339 -0.1379 0.059, 0.6339 -0.1181 0.0639, 0.6339 -0.1175 0.0614, 0.6339 -0.1175 0.0589, 0.6339 -0.1181 0.0564, 0.6339 -0.1194 0.0541, 0.6339 -0.1347 0.035, 0.6339 -0.1285 0.0341, 0.6339 -0.1277 0.0499, 0.6339 -0.1274 0.034, 0.6339 -0.1255 0.0501, 0.6339 -0.1211 0.0348, 0.6339 -0.1232 0.0509, 0.6339 -0.1211 0.0522, 0.6339 -0.0212 0.0701, 0.6339 -0.0353 0.0783, 0.6339 -0.0262 0.0633, 0.6339 -0.1057 0.1558, 0.6339 -0.1023 0.1403, 0.6339 -0.0926 0.1574, 0.6339 -0.0568 0.1437, 0.6339 -0.0659 0.1304, 0.6339 -0.0482 0.1338, 0.6339 -0.0602 0.123, 0.6339 -0.0566 0.1143, 0.6339 -0.1627 0.078, 0.6339 -0.1735 0.0646, 0.6339 -0.1665 0.0584, 0.6339 -0.1672 0.1002, 0.6339 -0.1845 0.0966, 0.6339 -0.168 0.0939, 0.6339 -0.1846 0.0933, 0.6339 -0.1677 0.0899, 0.6339 -0.1836 0.0843, 0.6339 -0.1658 0.0834, 0.6339 -0.1802 0.0744, 0.6339 -0.1746 0.0659, 0.6339 -0.0397 0.1034, 0.6339 -0.0366 0.1, 0.6339 -0.0207 0.1046, 0.6339 -0.0342 0.0954, 0.6339 -0.0176 0.0966, 0.6339 -0.0329 0.0903, 0.6339 -0.0165 0.0883, 0.6339 -0.0165 0.0871, 0.6339 -0.0381 0.0741, 0.6339 -0.0385 0.0737, 0.6339 -0.0338 0.057, 0.6339 -0.0424 0.0706, 0.6339 -0.0419 0.0531, 0.6339 -0.0471 0.0684, 0.6339 -0.0502 0.0514, 0.6339 -0.0518 0.0675, 0.6339 -0.0658 0.0514, 0.6339 -0.0636 0.0675, 0.6339 -0.067 0.0516, 0.6339 -0.1355 0.1195, 0.6339 -0.1389 0.1359, 0.6339 -0.1417 0.1202, 0.6339 -0.1419 0.136, 0.6339 -0.1444 0.1201, 0.6339 -0.1511 0.1351, 0.6339 -0.1509 0.1186, 0.6339 -0.1609 0.1316, 0.6339 -0.1567 0.1155, 0.6339 -0.1698 0.1257, 0.6339 -0.1613 0.1114, 0.6339 -0.1722 0.1234, 0.6339 -0.165 0.1061, 0.6339 -0.1779 0.1163, 0.6339 -0.1824 0.107, 0.6339 -0.0936 0.1416, 0.6339 -0.0924 0.1416, 0.6339 -0.0818 0.1563, 0.6339 -0.084 0.1406, 0.6339 -0.0685 0.1516, 0.6339 -0.0757 0.1376, 0.6339 -0.0682 0.1326, 0.6339 -0.1379 0.0613, 0.6339 -0.1373 0.0638, 0.6339 -0.1493 0.0753, 0.6339 -0.136 0.0661, 0.6339 -0.1449 0.0803, 0.6339 -0.1343 0.068, 0.6339 -0.1395 0.084, 0.6339 -0.1322 0.0694, 0.6339 -0.1337 0.0863, 0.6339 -0.1299 0.0702, 0.6339 -0.1274 0.087, 0.6339 -0.1277 0.0704, 0.6339 -0.1242 0.0868, 0.6339 -0.1256 0.0702, 0.6339 -0.1178 0.0852, 0.6339 -0.1231 0.0693, 0.6339 -0.1123 0.0822, 0.6339 -0.121 0.0679, 0.6339 -0.1193 0.066, 0.6339 -0.065 0.0678, 0.6339 -0.0714 0.0543, 0.6339 -0.0705 0.0534, 0.6339 -0.0671 0.0676, 0.6339 -0.069 0.0669, 0.6339 -0.0734 0.0604, 0.6339 -0.0734 0.0596, 0.6339 -0.0732 0.0577, 0.6339 -0.0725 0.0559, 0.6339 -0.0642 0.0676, 0.6339 -0.0687 0.0522, 0.6339 -0.0652 0.0678, 0.6339 -0.0706 0.0658, 0.6339 -0.072 0.0642, 0.6339 -0.0729 0.0624, 0.6299 -0.0245 0.1101, 0.6299 -0.0207 0.1046, 0.6299 -0.0186 0.0992, 0.6299 -0.0176 0.0966, 0.6299 -0.0165 0.0883, 0.6299 -0.026 0.1122, 0.6299 -0.0331 0.1183, 0.6299 -0.0409 0.1223, 0.6299 -0.0426 0.1229, 0.6299 -0.0482 0.1338, 0.6299 -0.0568 0.1437, 0.6299 -0.0628 0.1478, 0.6299 -0.0685 0.1516, 0.6299 -0.0818 0.1563, 0.6299 -0.0926 0.1574, 0.6299 -0.1243 0.1471, 0.6299 -0.1232 0.1478, 0.6299 -0.1179 0.1511, 0.6299 -0.1057 0.1558, 0.6299 -0.1305 0.1418, 0.6299 -0.1359 0.1355, 0.6299 -0.1389 0.1359, 0.6299 -0.1419 0.136, 0.6299 -0.1511 0.1351, 0.6299 -0.1609 0.1316, 0.6299 -0.1698 0.1257, 0.6299 -0.1722 0.1234, 0.6299 -0.1779 0.1163, 0.6299 -0.1809 0.1101, 0.6299 -0.1824 0.107, 0.6299 -0.184 0.0992, 0.6299 -0.1845 0.0966, 0.6299 -0.1846 0.0933, 0.6299 -0.1836 0.0843, 0.6299 -0.1802 0.0744, 0.6299 -0.1746 0.0659, 0.6299 -0.1735 0.0646, 0.6299 -0.1665 0.0584, 0.6299 -0.1571 0.0535, 0.6299 -0.1525 0.052, 0.6299 -0.1521 0.0513, 0.6299 -0.1498 0.0463, 0.6299 -0.1459 0.0415, 0.6299 -0.1408 0.0376, 0.6299 -0.1383 0.0366, 0.6299 -0.1347 0.035, 0.6299 -0.1285 0.0341, 0.6299 -0.1274 0.034, 0.6299 -0.1011 0.0604, 0.6299 -0.1211 0.0348, 0.6299 -0.1165 0.0366, 0.6299 -0.1152 0.0371, 0.6299 -0.1099 0.0407, 0.6299 -0.1058 0.0453, 0.6299 -0.1027 0.0512, 0.6299 -0.1027 0.0513, 0.6299 -0.1012 0.0577, 0.6299 -0.1011 0.063, 0.6299 -0.0642 0.0825, 0.6299 -0.0723 0.0965, 0.6299 -0.1077 0.0781, 0.6299 -0.1123 0.0822, 0.6299 -0.1178 0.0852, 0.6299 -0.1242 0.0868, 0.6299 -0.1274 0.087, 0.6299 -0.1337 0.0863, 0.6299 -0.1395 0.084, 0.6299 -0.1449 0.0803, 0.6299 -0.1493 0.0753, 0.6299 -0.1522 0.0696, 0.6299 -0.1579 0.0732, 0.6299 -0.1627 0.078, 0.6299 -0.1658 0.0834, 0.6299 -0.1677 0.0899, 0.6299 -0.168 0.0939, 0.6299 -0.1674 0.0992, 0.6299 -0.1672 0.1002, 0.6299 -0.165 0.1061, 0.6299 -0.1622 0.1101, 0.6299 -0.1613 0.1114, 0.6299 -0.1567 0.1155, 0.6299 -0.1509 0.1186, 0.6299 -0.1444 0.1201, 0.6299 -0.1417 0.1202, 0.6299 -0.1355 0.1195, 0.6299 -0.1296 0.1173, 0.6299 -0.1277 0.1163, 0.6299 -0.124 0.1241, 0.6299 -0.1182 0.1312, 0.6299 -0.1109 0.1367, 0.6299 -0.1023 0.1403, 0.6299 -0.0936 0.1416, 0.6299 -0.0924 0.1416, 0.6299 -0.0555 0.1086, 0.6299 -0.0558 0.1101, 0.6299 -0.0566 0.1143, 0.6299 -0.0602 0.123, 0.6299 -0.0659 0.1304, 0.6299 -0.0682 0.1326, 0.6299 -0.0757 0.1376, 0.6299 -0.084 0.1406, 0.6299 -0.0534 0.1086, 0.6299 -0.0484 0.108, 0.6299 -0.0438 0.1063, 0.6299 -0.0397 0.1034, 0.6299 -0.0366 0.1, 0.6299 -0.0362 0.0992, 0.6299 -0.0342 0.0954, 0.6299 -0.0329 0.0903, 0.6299 -0.0328 0.0881, 0.6299 -0.0334 0.083, 0.6299 -0.0353 0.0783, 0.6299 -0.0381 0.0741, 0.6299 -0.0385 0.0737, 0.6299 -0.0424 0.0706, 0.6299 -0.0471 0.0684, 0.6299 -0.0518 0.0675, 0.6299 -0.0636 0.0675, 0.6299 -0.0642 0.0676, 0.6299 -0.065 0.0678, 0.6299 -0.0652 0.0678, 0.6299 -0.0671 0.0676, 0.6299 -0.069 0.0669, 0.6299 -0.0706 0.0658, 0.6299 -0.072 0.0642, 0.6299 -0.0729 0.0624, 0.6299 -0.0734 0.0604, 0.6299 -0.0734 0.0596, 0.6299 -0.0732 0.0577, 0.6299 -0.0725 0.0559, 0.6299 -0.0714 0.0543, 0.6299 -0.0705 0.0534, 0.6299 -0.0687 0.0522, 0.6299 -0.067 0.0516, 0.6299 -0.0658 0.0514, 0.6299 -0.0502 0.0514, 0.6299 -0.0419 0.0531, 0.6299 -0.0338 0.057, 0.6299 -0.0262 0.0633, 0.6299 -0.0212 0.0701, 0.6299 -0.0178 0.0784, 0.6299 -0.0165 0.0871, 0.6299 -0.1277 0.0704, 0.6299 -0.1256 0.0702, 0.6299 -0.1231 0.0693, 0.6299 -0.121 0.0679, 0.6299 -0.1193 0.066, 0.6299 -0.1181 0.0639, 0.6299 -0.1175 0.0614, 0.6299 -0.1175 0.0589, 0.6299 -0.1181 0.0564, 0.6299 -0.1194 0.0541, 0.6299 -0.1211 0.0522, 0.6299 -0.1232 0.0509, 0.6299 -0.1255 0.0501, 0.6299 -0.1277 0.0499, 0.6299 -0.13 0.0501, 0.6299 -0.1324 0.051, 0.6299 -0.1345 0.0525, 0.6299 -0.1362 0.0544, 0.6299 -0.1373 0.0565, 0.6299 -0.1379 0.059, 0.6299 -0.1379 0.0613, 0.6299 -0.1373 0.0638, 0.6299 -0.136 0.0661, 0.6299 -0.1343 0.068, 0.6299 -0.1322 0.0694, 0.6299 -0.1299 0.0702
            ]
        }
        coordIndex [
            0,1,2,-1,3,4,5,-1,6,1,7,-1,7,1,8,-1,7,8,9,-1,10,11,12,-1,13,14,15,-1,15,14,16,-1,15,16,17,-1,17,16,18,-1,17,18,5,-1,5,18,19,-1,5,19,3,-1,20,21,2,-1,2,21,22,-1,2,22,0,-1,23,24,25,-1,25,24,26,-1,25,26,27,-1,27,26,28,-1,27,28,29,-1,29,28,30,-1,31,32,33,-1,33,32,34,-1,33,34,35,-1,35,34,36,-1,35,36,37,-1,37,36,38,-1,37,38,39,-1,6,40,1,-1,1,40,41,-1,1,41,2,-1,2,41,42,-1,43,44,16,-1,16,44,45,-1,16,45,18,-1,18,45,46,-1,18,46,47,-1,8,48,9,-1,9,48,49,-1,9,49,50,-1,50,49,51,-1,50,51,52,-1,52,51,53,-1,52,53,54,-1,54,53,18,-1,54,18,55,-1,55,18,47,-1,12,11,56,-1,56,11,57,-1,56,57,58,-1,39,38,59,-1,59,38,60,-1,59,60,61,-1,62,63,64,-1,64,63,65,-1,64,65,25,-1,25,65,66,-1,25,66,23,-1,67,68,20,-1,20,68,69,-1,20,69,21,-1,70,71,72,-1,72,71,73,-1,72,73,74,-1,74,73,75,-1,74,75,76,-1,76,75,77,-1,76,77,67,-1,67,77,78,-1,67,78,68,-1,28,79,30,-1,30,79,80,-1,30,80,81,-1,81,80,82,-1,81,82,83,-1,83,82,84,-1,83,84,85,-1,85,84,10,-1,85,10,86,-1,86,10,12,-1,57,87,58,-1,58,87,88,-1,58,88,89,-1,89,88,90,-1,89,90,91,-1,91,90,92,-1,91,92,93,-1,93,92,94,-1,93,94,95,-1,95,94,96,-1,95,96,97,-1,31,33,98,-1,98,33,99,-1,98,99,100,-1,100,99,101,-1,100,101,102,-1,102,101,103,-1,102,103,104,-1,104,103,105,-1,104,105,106,-1,106,105,107,-1,106,107,108,-1,108,107,109,-1,108,109,110,-1,110,109,111,-1,110,111,70,-1,70,111,112,-1,70,112,71,-1,60,113,61,-1,61,113,114,-1,61,114,115,-1,115,114,116,-1,115,116,117,-1,117,116,118,-1,117,118,62,-1,62,118,119,-1,62,119,63,-1,42,120,2,-1,2,120,121,-1,2,121,122,-1,122,121,123,-1,122,123,124,-1,124,123,125,-1,124,125,126,-1,126,125,127,-1,126,127,128,-1,128,127,129,-1,128,129,130,-1,130,129,131,-1,130,131,132,-1,132,131,133,-1,132,133,134,-1,134,133,135,-1,134,135,136,-1,136,135,137,-1,136,137,16,-1,16,137,138,-1,16,138,43,-1,139,140,141,-1,142,143,144,-1,145,146,139,-1,139,146,147,-1,139,147,140,-1,96,148,97,-1,97,148,139,-1,97,139,149,-1,149,139,141,-1,145,139,144,-1,144,139,150,-1,144,150,142,-1,143,151,144,-1,144,151,152,-1,144,152,153,-1,154,30,155,-1,155,30,81,-1,155,81,156,-1,156,81,83,-1,156,83,157,-1,157,83,85,-1,157,85,158,-1,154,159,30,-1,30,159,160,-1,30,160,29,-1,29,160,161,-1,29,161,27,-1,27,161,162,-1,27,162,25,-1,25,162,163,-1,25,163,64,-1,64,163,164,-1,64,164,62,-1,62,164,117,-1,117,164,165,-1,165,166,117,-1,117,166,167,-1,117,167,115,-1,115,167,168,-1,115,168,61,-1,169,37,170,-1,170,37,39,-1,170,39,171,-1,171,39,59,-1,171,59,172,-1,172,59,61,-1,172,61,168,-1,37,169,173,-1,37,173,35,-1,35,173,174,-1,35,174,33,-1,33,174,175,-1,33,175,99,-1,99,175,176,-1,99,176,101,-1,101,176,177,-1,101,177,103,-1,103,177,178,-1,103,178,105,-1,105,178,179,-1,105,179,107,-1,107,179,180,-1,107,180,109,-1,112,111,181,-1,181,111,109,-1,181,109,180,-1,181,182,112,-1,112,182,183,-1,112,183,71,-1,71,183,184,-1,184,185,71,-1,71,185,186,-1,71,186,73,-1,73,186,187,-1,73,187,75,-1,75,187,188,-1,75,188,77,-1,77,188,189,-1,77,189,78,-1,78,189,190,-1,78,190,68,-1,68,190,191,-1,68,191,69,-1,69,191,192,-1,69,192,21,-1,21,192,193,-1,21,193,22,-1,22,193,194,-1,22,194,0,-1,194,195,0,-1,0,195,196,-1,0,196,1,-1,1,196,197,-1,1,197,8,-1,8,197,198,-1,8,198,48,-1,198,199,48,-1,48,199,200,-1,48,200,49,-1,49,200,201,-1,49,201,51,-1,202,17,5,-1,51,201,203,-1,51,203,53,-1,53,203,204,-1,53,204,18,-1,204,205,18,-1,18,205,206,-1,18,206,19,-1,19,206,207,-1,19,207,3,-1,3,207,208,-1,3,208,4,-1,4,208,209,-1,4,209,5,-1,5,209,210,-1,5,210,202,-1,15,17,211,-1,211,17,202,-1,13,15,212,-1,212,15,211,-1,14,13,213,-1,213,13,212,-1,16,14,214,-1,214,14,213,-1,16,214,215,-1,16,215,136,-1,136,215,216,-1,136,216,134,-1,134,216,217,-1,134,217,132,-1,132,217,218,-1,132,218,130,-1,130,218,219,-1,130,219,128,-1,128,219,220,-1,128,220,126,-1,126,220,221,-1,126,221,124,-1,124,221,222,-1,124,222,122,-1,122,222,223,-1,122,223,2,-1,2,223,224,-1,2,224,20,-1,20,224,225,-1,20,225,67,-1,67,225,226,-1,67,226,76,-1,76,226,227,-1,76,227,74,-1,74,227,228,-1,74,228,72,-1,228,229,72,-1,72,229,70,-1,229,230,70,-1,70,230,231,-1,70,231,110,-1,110,231,232,-1,110,232,108,-1,232,233,108,-1,108,233,234,-1,108,234,106,-1,106,234,235,-1,106,235,104,-1,104,235,236,-1,104,236,102,-1,102,236,237,-1,102,237,100,-1,100,237,238,-1,100,238,98,-1,98,238,239,-1,98,239,31,-1,31,239,240,-1,31,240,32,-1,32,240,241,-1,32,241,34,-1,34,241,242,-1,34,242,36,-1,36,242,243,-1,36,243,38,-1,38,243,244,-1,38,244,60,-1,60,244,245,-1,60,245,113,-1,113,245,246,-1,113,246,114,-1,247,23,248,-1,248,23,66,-1,248,66,249,-1,249,66,65,-1,249,65,250,-1,250,65,63,-1,250,63,251,-1,251,63,119,-1,251,119,252,-1,252,119,118,-1,252,118,253,-1,253,118,116,-1,253,116,254,-1,254,116,114,-1,254,114,246,-1,24,23,255,-1,255,23,247,-1,24,255,256,-1,24,256,26,-1,26,256,257,-1,26,257,28,-1,28,257,258,-1,28,258,79,-1,79,258,259,-1,79,259,80,-1,80,259,260,-1,80,260,82,-1,260,261,82,-1,82,261,262,-1,82,262,84,-1,84,262,263,-1,84,263,10,-1,10,263,264,-1,10,264,11,-1,11,264,265,-1,11,265,57,-1,57,265,266,-1,57,266,87,-1,87,266,267,-1,87,267,88,-1,88,267,268,-1,88,268,90,-1,90,268,269,-1,90,269,92,-1,92,269,270,-1,92,270,94,-1,96,94,271,-1,271,94,270,-1,96,271,272,-1,96,272,148,-1,148,272,273,-1,148,273,139,-1,139,273,274,-1,139,274,150,-1,150,274,275,-1,150,275,142,-1,142,275,276,-1,142,276,143,-1,143,276,277,-1,143,277,151,-1,151,277,278,-1,151,278,152,-1,152,278,279,-1,152,279,153,-1,153,279,280,-1,153,280,144,-1,144,280,281,-1,144,281,145,-1,145,281,282,-1,145,282,146,-1,146,282,283,-1,146,283,147,-1,147,283,284,-1,147,284,140,-1,140,284,285,-1,140,285,141,-1,141,285,286,-1,141,286,149,-1,149,286,287,-1,149,287,97,-1,97,287,288,-1,97,288,95,-1,93,95,289,-1,289,95,288,-1,93,289,290,-1,93,290,91,-1,91,290,291,-1,91,291,89,-1,89,291,292,-1,89,292,58,-1,58,292,293,-1,58,293,56,-1,56,293,294,-1,56,294,12,-1,12,294,295,-1,12,295,86,-1,86,295,158,-1,86,158,85,-1,131,296,297,-1,131,297,133,-1,133,297,298,-1,133,298,135,-1,135,298,299,-1,135,299,137,-1,137,299,300,-1,137,300,138,-1,138,300,301,-1,138,301,43,-1,43,301,302,-1,43,302,44,-1,44,302,303,-1,44,303,45,-1,45,303,304,-1,45,304,46,-1,46,304,305,-1,46,305,47,-1,47,305,306,-1,47,306,55,-1,55,306,307,-1,55,307,54,-1,54,307,308,-1,54,308,52,-1,52,308,309,-1,52,309,50,-1,50,309,310,-1,50,310,9,-1,9,310,311,-1,9,311,7,-1,7,311,312,-1,7,312,6,-1,6,312,313,-1,6,313,40,-1,40,313,314,-1,40,314,41,-1,41,314,315,-1,41,315,42,-1,42,315,316,-1,42,316,120,-1,120,316,317,-1,120,317,121,-1,121,317,318,-1,121,318,123,-1,123,318,319,-1,123,319,125,-1,125,319,320,-1,125,320,127,-1,127,320,321,-1,127,321,129,-1,129,321,296,-1,129,296,131,-1,
        ]
    }
}
Shape{
    appearance Appearance {
        material  Material 	{
            diffuseColor 0.25098039215686274 0.25098039215686274 0.25098039215686274
            specularColor 0.12549019607843137 0.12549019607843137 0.12549019607843137
            ambientIntensity 0.251
            transparency 0.0
            shininess 0.5
        }
    }
    geometry IndexedFaceSet {
        ccw TRUE
        solid FALSE
        coord DEF co Coordinate {
            point [
                0.6299 -0.1299 0.0702, 0.6299 -0.1277 0.0499, 0.6299 -0.1277 0.0704, 0.6299 -0.1255 0.0501, 0.6299 -0.1256 0.0702, 0.6299 -0.1379 0.059, 0.6299 -0.1379 0.0613, 0.6299 -0.1322 0.0694, 0.6299 -0.1373 0.0565, 0.6299 -0.1362 0.0544, 0.6299 -0.1345 0.0525, 0.6299 -0.1211 0.0522, 0.6299 -0.1193 0.066, 0.6299 -0.121 0.0679, 0.6299 -0.1343 0.068, 0.6299 -0.136 0.0661, 0.6299 -0.1373 0.0638, 0.6299 -0.1324 0.051, 0.6299 -0.13 0.0501, 0.6299 -0.1232 0.0509, 0.6299 -0.1231 0.0693, 0.6299 -0.1181 0.0564, 0.6299 -0.1175 0.0589, 0.6299 -0.1194 0.0541, 0.6299 -0.1175 0.0614, 0.6299 -0.1181 0.0639
            ]
        }
        coordIndex [
            0,1,2,-1,2,1,3,-1,2,3,4,-1,5,0,6,-1,6,0,7,-1,5,8,0,-1,0,8,9,-1,0,9,10,-1,11,12,13,-1,7,14,6,-1,6,14,15,-1,6,15,16,-1,10,17,0,-1,0,17,18,-1,0,18,1,-1,3,19,4,-1,4,19,11,-1,4,11,20,-1,20,11,13,-1,21,22,23,-1,23,22,24,-1,23,24,11,-1,11,24,25,-1,11,25,12,-1,
        ]
    }
}