#VRML V2.0 utf8
# 3D model generated by easyeda2kicad.py (https://github.com/uPesy/easyeda2kicad.py)

Shape{
    appearance Appearance {
        material  Material 	{
            diffuseColor 1.0 1.0 1.0
            specularColor 0.5019607843137255 0.5019607843137255 0.5019607843137255
            ambientIntensity 1.0
            transparency 0.0
            shininess 0.5
        }
    }
    geometry IndexedFaceSet {
        ccw TRUE
        solid FALSE
        coord DEF co Coordinate {
            point [
                8.0709 0.7884 0.0, 8.0709 0.7884 0.1969, 8.0709 0.2372 0.0, 8.0709 0.2372 0.1969, 7.0079 -0.5896 0.1969, 7.0079 -0.2353 0.1969, 6.9977 -0.5896 0.1982, 6.9977 -0.2353 0.1982, 6.9882 -0.5896 0.2021, 6.9882 -0.2353 0.2021, 6.98 -0.5896 0.2084, 6.98 -0.2353 0.2084, 6.9738 -0.5896 0.2165, 6.9738 -0.2353 0.2165, 6.9698 -0.5896 0.226, 6.9698 -0.2353 0.226, 6.9685 -0.5896 0.2362, 6.9685 -0.2353 0.2362, 6.9685 -0.2353 0.2598, 6.9685 -0.5896 0.2598, 6.7717 -0.2353 0.2598, 6.7717 -0.5896 0.2598, 6.7717 -0.5896 0.2362, 6.7717 -0.2353 0.2362, 6.7762 -0.2353 0.1901, 6.7762 -0.5896 0.1901, 6.7896 -0.2353 0.1458, 6.7896 -0.5896 0.1458, 6.8115 -0.2353 0.105, 6.8115 -0.5896 0.105, 6.8408 -0.2353 0.0692, 6.8408 -0.5896 0.0692, 6.8766 -0.2353 0.0398, 6.8766 -0.5896 0.0398, 6.9175 -0.2353 0.018, 6.9175 -0.5896 0.018, 6.9618 -0.2353 0.0045, 6.9618 -0.5896 0.0045, 7.0079 -0.2353 0.0, 7.0079 -0.5896 0.0, 7.2441 -0.5896 0.0, 7.4803 -0.2353 0.0, 7.2441 -0.7864 0.0, 8.0709 -0.7864 0.0, 7.9724 0.2372 0.0, 7.0079 0.2372 0.0, 7.0079 0.5915 0.0, 7.4803 0.2372 0.0, 7.2441 0.5915 0.0, 8.0709 -0.2353 0.0, 7.9724 -0.2353 0.0, 7.2441 0.7884 0.0, 8.0709 -0.7864 0.1969, 8.0709 -0.2353 0.1969, 7.0079 0.5915 0.1969, 7.0079 0.2372 0.1969, 7.2441 0.5915 0.1969, 7.4803 0.2372 0.1969, 7.2441 0.7884 0.1969, 7.9724 -0.2353 0.1969, 7.4803 -0.2353 0.1969, 7.2441 -0.5896 0.1969, 7.9724 0.2372 0.1969, 7.2441 -0.7864 0.1969, 6.9977 0.2372 0.1982, 6.9977 0.5915 0.1982, 6.9882 0.2372 0.2021, 6.9882 0.5915 0.2021, 6.98 0.2372 0.2084, 6.98 0.5915 0.2084, 6.9738 0.2372 0.2165, 6.9738 0.5915 0.2165, 6.9698 0.2372 0.226, 6.9698 0.5915 0.226, 6.9685 0.2372 0.2362, 6.9685 0.5915 0.2362, 6.9685 0.2372 0.2598, 6.9685 0.5915 0.2598, 6.7717 0.2372 0.2598, 6.7717 0.5915 0.2598, 6.7717 0.5915 0.2362, 6.7717 0.2372 0.2362, 6.7762 0.5915 0.1901, 6.7762 0.2372 0.1901, 6.7896 0.5915 0.1458, 6.7896 0.2372 0.1458, 6.8115 0.5915 0.105, 6.8115 0.2372 0.105, 6.8408 0.5915 0.0692, 6.8408 0.2372 0.0692, 6.8766 0.5915 0.0398, 6.8766 0.2372 0.0398, 6.9175 0.5915 0.018, 6.9175 0.2372 0.018, 6.9618 0.5915 0.0045, 6.9618 0.2372 0.0045, -8.0709 0.7884 0.1969, -8.0709 0.7884 0.0, -8.0709 0.2372 0.1969, -8.0709 0.2372 0.0, -6.9685 -0.5896 0.2362, -6.9685 -0.2353 0.2362, -6.9698 -0.5896 0.226, -6.9698 -0.2353 0.226, -6.9738 -0.5896 0.2165, -6.9738 -0.2353 0.2165, -6.98 -0.5896 0.2084, -6.98 -0.2353 0.2084, -6.9882 -0.5896 0.2021, -6.9882 -0.2353 0.2021, -6.9977 -0.5896 0.1982, -6.9977 -0.2353 0.1982, -7.0079 -0.5896 0.1969, -7.0079 -0.2353 0.1969, -6.9685 -0.2353 0.2598, -6.9685 -0.5896 0.2598, -6.7717 -0.2353 0.2598, -6.7717 -0.5896 0.2598, -6.7717 -0.2353 0.2362, -6.7717 -0.5896 0.2362, -7.0079 -0.5896 0.0, -7.0079 -0.2353 0.0, -6.9618 -0.2353 0.0045, -6.9618 -0.5896 0.0045, -6.9175 -0.2353 0.018, -6.9175 -0.5896 0.018, -6.8766 -0.2353 0.0398, -6.8766 -0.5896 0.0398, -6.8408 -0.2353 0.0692, -6.8408 -0.5896 0.0692, -6.8115 -0.2353 0.105, -6.8115 -0.5896 0.105, -6.7896 -0.2353 0.1458, -6.7896 -0.5896 0.1458, -6.7762 -0.2353 0.1901, -6.7762 -0.5896 0.1901, -7.0079 0.5915 0.0, -7.0079 0.2372 0.0, -7.2441 0.5915 0.0, -7.4803 0.2372 0.0, -7.2441 0.7884 0.0, -8.0709 -0.7864 0.0, -8.0709 -0.2353 0.0, -7.9724 -0.2353 0.0, -7.4803 -0.2353 0.0, -7.2441 -0.5896 0.0, -7.9724 0.2372 0.0, -7.2441 -0.7864 0.0, -8.0709 -0.7864 0.1969, -8.0709 -0.2353 0.1969, -7.2441 -0.5896 0.1969, -7.4803 -0.2353 0.1969, -7.2441 -0.7864 0.1969, -7.9724 0.2372 0.1969, -7.0079 0.2372 0.1969, -7.0079 0.5915 0.1969, -7.4803 0.2372 0.1969, -7.2441 0.5915 0.1969, -7.9724 -0.2353 0.1969, -7.2441 0.7884 0.1969, -6.9685 0.2372 0.2362, -6.9685 0.5915 0.2362, -6.9698 0.2372 0.226, -6.9698 0.5915 0.226, -6.9738 0.2372 0.2165, -6.9738 0.5915 0.2165, -6.98 0.2372 0.2084, -6.98 0.5915 0.2084, -6.9882 0.2372 0.2021, -6.9882 0.5915 0.2021, -6.9977 0.2372 0.1982, -6.9977 0.5915 0.1982, -6.9685 0.2372 0.2598, -6.9685 0.5915 0.2598, -6.7717 0.2372 0.2598, -6.7717 0.5915 0.2598, -6.7717 0.2372 0.2362, -6.7717 0.5915 0.2362, -6.9618 0.5915 0.0045, -6.9618 0.2372 0.0045, -6.9175 0.5915 0.018, -6.9175 0.2372 0.018, -6.8766 0.5915 0.0398, -6.8766 0.2372 0.0398, -6.8408 0.5915 0.0692, -6.8408 0.2372 0.0692, -6.8115 0.5915 0.105, -6.8115 0.2372 0.105, -6.7896 0.5915 0.1458, -6.7896 0.2372 0.1458, -6.7762 0.5915 0.1901, -6.7762 0.2372 0.1901
            ]
        }
        coordIndex [
            0,1,2,-1,2,1,3,-1,4,5,6,-1,6,5,7,-1,6,7,8,-1,8,7,9,-1,8,9,10,-1,10,9,11,-1,10,11,12,-1,12,11,13,-1,12,13,14,-1,14,13,15,-1,14,15,16,-1,16,15,17,-1,17,18,16,-1,16,18,19,-1,18,20,19,-1,19,20,21,-1,21,20,22,-1,22,20,23,-1,22,23,24,-1,22,24,25,-1,25,24,26,-1,25,26,27,-1,27,26,28,-1,27,28,29,-1,29,28,30,-1,29,30,31,-1,31,30,32,-1,31,32,33,-1,33,32,34,-1,33,34,35,-1,35,34,36,-1,35,36,37,-1,37,36,38,-1,37,38,39,-1,39,38,40,-1,40,38,41,-1,40,41,42,-1,42,41,43,-1,0,2,44,-1,45,46,47,-1,47,46,48,-1,49,43,50,-1,50,43,41,-1,50,41,44,-1,44,41,47,-1,44,47,0,-1,0,47,48,-1,0,48,51,-1,52,43,53,-1,53,43,49,-1,54,55,56,-1,56,55,57,-1,56,57,58,-1,58,57,1,-1,52,53,59,-1,5,4,60,-1,60,4,61,-1,3,1,62,-1,62,1,57,-1,62,57,59,-1,59,57,60,-1,59,60,52,-1,52,60,61,-1,52,61,63,-1,55,54,64,-1,64,54,65,-1,64,65,66,-1,66,65,67,-1,66,67,68,-1,68,67,69,-1,68,69,70,-1,70,69,71,-1,70,71,72,-1,72,71,73,-1,72,73,74,-1,74,73,75,-1,76,74,77,-1,77,74,75,-1,78,76,79,-1,79,76,77,-1,80,81,79,-1,79,81,78,-1,81,80,82,-1,81,82,83,-1,83,82,84,-1,83,84,85,-1,85,84,86,-1,85,86,87,-1,87,86,88,-1,87,88,89,-1,89,88,90,-1,89,90,91,-1,91,90,92,-1,91,92,93,-1,93,92,94,-1,93,94,95,-1,95,94,46,-1,95,46,45,-1,43,52,42,-1,42,52,63,-1,58,1,51,-1,51,1,0,-1,79,77,80,-1,80,77,75,-1,80,75,82,-1,82,75,73,-1,82,73,84,-1,84,73,71,-1,65,92,67,-1,67,92,90,-1,67,90,69,-1,69,90,88,-1,69,88,71,-1,71,88,86,-1,71,86,84,-1,56,48,54,-1,54,48,46,-1,54,46,65,-1,65,46,94,-1,65,94,92,-1,51,48,58,-1,58,48,56,-1,14,27,12,-1,12,27,29,-1,12,29,10,-1,10,29,31,-1,10,31,8,-1,19,21,16,-1,16,21,22,-1,16,22,14,-1,14,22,25,-1,14,25,27,-1,31,33,8,-1,8,33,35,-1,8,35,6,-1,6,35,37,-1,6,37,4,-1,4,37,39,-1,4,39,61,-1,61,39,40,-1,40,42,61,-1,61,42,63,-1,20,18,23,-1,23,18,17,-1,23,17,24,-1,24,17,15,-1,24,15,26,-1,26,15,13,-1,7,34,9,-1,9,34,32,-1,9,32,11,-1,11,32,30,-1,11,30,13,-1,13,30,28,-1,13,28,26,-1,60,41,5,-1,5,41,38,-1,5,38,7,-1,7,38,36,-1,7,36,34,-1,72,85,70,-1,70,85,87,-1,70,87,68,-1,68,87,89,-1,68,89,66,-1,76,78,74,-1,74,78,81,-1,74,81,72,-1,72,81,83,-1,72,83,85,-1,89,91,66,-1,66,91,93,-1,66,93,64,-1,64,93,95,-1,64,95,55,-1,55,95,45,-1,55,45,57,-1,57,45,47,-1,47,41,57,-1,57,41,60,-1,62,44,3,-1,3,44,2,-1,50,44,59,-1,59,44,62,-1,50,59,49,-1,49,59,53,-1,96,97,98,-1,98,97,99,-1,100,101,102,-1,102,101,103,-1,102,103,104,-1,104,103,105,-1,104,105,106,-1,106,105,107,-1,106,107,108,-1,108,107,109,-1,108,109,110,-1,110,109,111,-1,110,111,112,-1,112,111,113,-1,114,101,115,-1,115,101,100,-1,116,114,117,-1,117,114,115,-1,116,117,118,-1,118,117,119,-1,120,121,122,-1,120,122,123,-1,123,122,124,-1,123,124,125,-1,125,124,126,-1,125,126,127,-1,127,126,128,-1,127,128,129,-1,129,128,130,-1,129,130,131,-1,131,130,132,-1,131,132,133,-1,133,132,134,-1,133,134,135,-1,135,134,118,-1,135,118,119,-1,136,137,138,-1,138,137,139,-1,138,139,140,-1,140,139,97,-1,141,142,143,-1,121,120,144,-1,144,120,145,-1,99,97,146,-1,146,97,139,-1,146,139,143,-1,143,139,144,-1,143,144,141,-1,141,144,145,-1,141,145,147,-1,141,148,142,-1,142,148,149,-1,112,113,150,-1,150,113,151,-1,150,151,152,-1,152,151,148,-1,96,98,153,-1,154,155,156,-1,156,155,157,-1,149,148,158,-1,158,148,151,-1,158,151,153,-1,153,151,156,-1,153,156,96,-1,96,156,157,-1,96,157,159,-1,160,161,162,-1,162,161,163,-1,162,163,164,-1,164,163,165,-1,164,165,166,-1,166,165,167,-1,166,167,168,-1,168,167,169,-1,168,169,170,-1,170,169,171,-1,170,171,154,-1,154,171,155,-1,160,172,161,-1,161,172,173,-1,172,174,173,-1,173,174,175,-1,176,177,174,-1,174,177,175,-1,137,136,178,-1,137,178,179,-1,179,178,180,-1,179,180,181,-1,181,180,182,-1,181,182,183,-1,183,182,184,-1,183,184,185,-1,185,184,186,-1,185,186,187,-1,187,186,188,-1,187,188,189,-1,189,188,190,-1,189,190,191,-1,191,190,177,-1,191,177,176,-1,148,141,152,-1,152,141,147,-1,96,159,97,-1,97,159,140,-1,163,188,165,-1,165,188,186,-1,165,186,167,-1,167,186,184,-1,167,184,169,-1,173,175,161,-1,161,175,177,-1,161,177,163,-1,163,177,190,-1,163,190,188,-1,184,182,169,-1,169,182,180,-1,169,180,171,-1,171,180,178,-1,171,178,155,-1,155,178,136,-1,155,136,157,-1,157,136,138,-1,138,140,157,-1,157,140,159,-1,117,115,119,-1,119,115,100,-1,119,100,135,-1,135,100,102,-1,135,102,133,-1,133,102,104,-1,110,125,108,-1,108,125,127,-1,108,127,106,-1,106,127,129,-1,106,129,104,-1,104,129,131,-1,104,131,133,-1,150,145,112,-1,112,145,120,-1,112,120,110,-1,110,120,123,-1,110,123,125,-1,147,145,152,-1,152,145,150,-1,103,132,105,-1,105,132,130,-1,105,130,107,-1,107,130,128,-1,107,128,109,-1,114,116,101,-1,101,116,118,-1,101,118,103,-1,103,118,134,-1,103,134,132,-1,128,126,109,-1,109,126,124,-1,109,124,111,-1,111,124,122,-1,111,122,113,-1,113,122,121,-1,113,121,151,-1,151,121,144,-1,174,172,176,-1,176,172,160,-1,176,160,191,-1,191,160,162,-1,191,162,189,-1,189,162,164,-1,170,181,168,-1,168,181,183,-1,168,183,166,-1,166,183,185,-1,166,185,164,-1,164,185,187,-1,164,187,189,-1,156,139,154,-1,154,139,137,-1,154,137,170,-1,170,137,179,-1,170,179,181,-1,144,139,151,-1,151,139,156,-1,146,153,99,-1,99,153,98,-1,146,143,153,-1,153,143,158,-1,158,143,149,-1,149,143,142,-1,
        ]
    }
}
Shape{
    appearance Appearance {
        material  Material 	{
            diffuseColor 0.25098039215686274 0.25098039215686274 0.25098039215686274
            specularColor 0.12549019607843137 0.12549019607843137 0.12549019607843137
            ambientIntensity 0.251
            transparency 0.0
            shininess 0.5
        }
    }
    geometry IndexedFaceSet {
        ccw TRUE
        solid FALSE
        coord DEF co Coordinate {
            point [
                -0.2784 -1.436 0.7509, -0.2784 -1.436 0.6663, -0.0729 -1.436 0.6663, -0.2784 -1.436 1.0896, -0.2784 -1.436 1.027, -0.0729 -1.436 1.027, -4.9213 -1.436 2.9331, -7.6772 -1.436 2.9331, -7.6772 -1.436 1.3068, 0.1606 -1.436 1.2804, 0.1606 -1.436 1.2121, 0.2182 -1.436 1.2121, 0.6355 -1.436 1.0915, 0.6137 -1.436 1.1499, 0.5354 -1.436 1.1499, 0.1721 -1.436 0.7516, 0.1662 -1.436 0.7509, 0.2182 -1.436 0.7509, 0.1266 -1.436 0.7516, 0.1206 -1.436 0.7537, 0.1206 -1.436 0.7509, 0.4279 -1.436 0.9417, 0.4279 -1.436 0.8733, 0.4679 -1.436 0.8733, -0.4635 -1.436 1.1385, -0.4223 -1.436 1.1037, -0.2784 -1.436 1.3068, -0.5477 -1.436 1.2249, -0.5161 -1.436 1.1634, -0.5087 -1.436 1.1609, -0.6653 -1.436 1.3286, -0.6329 -1.436 1.3068, -0.5981 -1.436 1.2833, -0.9496 -1.436 1.326, -0.8796 -1.436 1.353, -1.378 -1.436 2.9331, -0.2784 -1.436 2.9331, -0.8045 -1.436 1.3623, -0.7414 -1.436 1.3556, -0.9807 -1.436 1.3068, -4.5058 -1.436 1.3068, -0.9867 -1.436 1.3031, -1.1483 -1.436 1.2319, -1.0884 -1.436 1.2393, -1.0224 -1.436 1.2725, -1.071 -1.436 1.2383, -1.0535 -1.436 1.2363, -1.263 -1.436 1.1664, -1.2528 -1.436 1.1761, -1.2045 -1.436 1.2101, -4.5058 -1.436 1.0896, -4.5058 -1.436 1.027, -1.3305 -1.436 1.027, -1.3237 -1.436 1.0649, -1.3128 -1.436 1.0896, -1.2995 -1.436 1.1196, -1.1684 -1.436 0.7608, -1.2232 -1.436 0.7875, -4.5058 -1.436 0.7509, -1.2706 -1.436 0.8279, -1.3052 -1.436 0.8773, -1.327 -1.436 0.9338, -1.3344 -1.436 0.9934, -1.3339 -1.436 1.0079, -1.1491 -1.436 0.755, -1.1472 -1.436 0.7509, -1.1339 -1.436 0.7224, -1.1113 -1.436 0.6945, -0.9421 -1.436 0.6663, -0.9681 -1.436 0.6563, -0.2784 -1.436 0.2598, -1.0049 -1.436 0.6518, -1.0107 -1.436 0.6519, -4.5058 -1.436 0.2598, -1.0465 -1.436 0.6575, -4.5058 -1.436 0.6663, -1.0677 -1.436 0.6663, -1.0816 -1.436 0.6722, -0.8627 -1.436 0.7509, -0.8629 -1.436 0.7501, -0.8809 -1.436 0.7163, -0.904 -1.436 0.6904, -0.9343 -1.436 0.6694, -0.3728 -1.436 1.0142, -0.3658 -1.436 0.9645, -0.6688 -1.436 0.8405, -0.6584 -1.436 0.8446, -0.6406 -1.436 0.9311, -0.422 -1.436 0.8203, -0.4633 -1.436 0.7854, -0.8911 -1.436 0.9053, -0.6876 -1.436 1.0116, -0.9176 -1.436 0.9295, -0.9499 -1.436 0.9468, -0.6782 -1.436 0.8339, -0.3918 -1.436 0.8623, -0.4607 -1.436 0.9765, -0.4679 -1.436 1.0056, -0.4795 -1.436 1.027, -1.2349 -1.436 1.027, -0.3728 -1.436 0.9104, -0.6467 -1.436 0.8461, -0.6452 -1.436 0.846, -0.6406 -1.436 0.845, -1.2259 -1.436 0.9357, -1.208 -1.436 0.9051, -1.1309 -1.436 0.8893, -1.1808 -1.436 0.8771, -1.1476 -1.436 0.8567, -1.0748 -1.436 0.9396, -1.1058 -1.436 0.918, -1.2387 -1.436 0.9964, -1.2369 -1.436 0.9728, -1.0412 -1.436 0.9524, -1.0049 -1.436 0.9569, -0.9865 -1.436 0.9558, -0.6937 -1.436 0.799, -0.6933 -1.436 0.805, -0.8531 -1.436 0.8188, -0.6903 -1.436 0.8166, -0.6844 -1.436 0.8269, -0.4908 -1.436 0.8827, -0.4741 -1.436 0.9063, -0.4636 -1.436 0.9334, -0.4599 -1.436 0.963, -0.6582 -1.436 0.7534, -0.6683 -1.436 0.7573, -0.6781 -1.436 0.7643, -0.6817 -1.436 0.7679, -0.6883 -1.436 0.7774, -0.6923 -1.436 0.7877, -0.854 -1.436 0.7876, -0.8531 -1.436 0.8036, -0.5096 -1.436 0.7627, -0.5601 -1.436 0.752, -0.6497 -1.436 0.752, -0.6375 -1.436 0.8446, -0.5692 -1.436 0.8446, -0.5418 -1.436 0.8499, -0.5151 -1.436 0.8623, -0.4926 -1.436 0.8807, -0.5905 -1.436 1.0814, -1.2211 -1.436 1.0671, -1.2342 -1.436 1.0332, -0.5783 -1.436 1.0814, -0.482 -1.436 1.0318, -0.4994 -1.436 1.0512, -0.5229 -1.436 1.0676, -0.5494 -1.436 1.0778, -0.6233 -1.436 1.1728, -0.6576 -1.436 1.2137, -1.0064 -1.436 1.1254, -0.6612 -1.436 1.217, -0.7039 -1.436 1.2466, -0.9832 -1.436 1.1735, -1.2054 -1.436 1.0896, -1.017 -1.436 1.1312, -0.5923 -1.436 1.0896, -0.5998 -1.436 1.1239, -1.0511 -1.436 1.1437, -1.0869 -1.436 1.1482, -1.1029 -1.436 1.1474, -0.9492 -1.436 1.2142, -0.7515 -1.436 1.2648, -0.9085 -1.436 1.2439, -0.803 -1.436 1.2712, -0.859 -1.436 1.264, -1.1404 -1.436 1.1384, -1.1742 -1.436 1.1204, -1.2001 -1.436 1.0973, -0.4123 -1.436 1.0896, -0.3913 -1.436 1.0605, -0.3779 -1.436 1.027, 0.5152 -1.436 0.7771, 0.5152 -1.436 0.7527, 0.5354 -1.436 0.7509, 0.4679 -1.436 0.7509, 0.5354 -1.436 1.027, 0.5104 -1.436 0.9417, 0.5104 -1.436 0.9662, 0.5043 -1.436 0.8489, 0.4679 -1.436 0.8489, 0.4679 -1.436 0.7771, 0.4279 -1.436 0.8489, 0.4279 -1.436 0.7771, 0.5043 -1.436 0.8733, 0.4679 -1.436 0.9417, 0.4679 -1.436 0.7527, 0.4004 -1.436 0.7527, 0.386 -1.436 0.7509, 0.4004 -1.436 0.9662, -0.0402 -1.436 0.8248, -0.0356 -1.436 0.8685, -0.0459 -1.436 0.8162, -0.0492 -1.436 0.8064, 0.1083 -1.436 0.7857, 0.072 -1.436 0.8509, 0.1083 -1.436 0.7581, 0.072 -1.436 0.7527, 0.032 -1.436 0.7609, 0.0225 -1.436 0.7546, 0.0453 -1.436 0.7527, 0.0124 -1.436 0.7509, -0.0323 -1.436 0.832, -0.0213 -1.436 0.8379, -0.0179 -1.436 0.8798, 0.0001 -1.436 0.8433, 0.0235 -1.436 0.886, 0.0144 -1.436 0.887, -0.0012 -1.436 0.8854, -0.0601 -1.436 0.6663, -0.0177 -1.436 0.7509, -0.0601 -1.436 0.7509, -0.0181 -1.436 0.751, -0.0284 -1.436 0.7548, -0.0374 -1.436 0.7611, -0.0404 -1.436 0.7642, -0.046 -1.436 0.7724, 0.1127 -1.436 0.8822, 0.0535 -1.436 0.8985, 0.0597 -1.436 0.8927, -0.0067 -1.436 0.9063, -0.0601 -1.436 1.027, -0.0271 -1.436 0.8992, -0.0356 -1.436 0.8945, 0.0453 -1.436 0.7763, 0.0446 -1.436 0.7763, 0.0404 -1.436 0.77, -0.0492 -1.436 0.7814, -0.0505 -1.436 0.7936, 0.0696 -1.436 0.8726, 0.1096 -1.436 0.8537, 0.1095 -1.436 0.8736, 0.0169 -1.436 0.9087, 0.0335 -1.436 0.9072, 0.0447 -1.436 0.9037, 0.0453 -1.436 0.8497, 0.0444 -1.436 0.8615, 0.0416 -1.436 0.871, 0.0384 -1.436 0.8765, 0.0653 -1.436 0.8843, 0.1084 -1.436 0.8641, 0.0344 -1.436 0.8808, 0.0297 -1.436 0.8839, 0.1206 -1.436 0.7787, 0.1206 -1.436 0.8352, 0.1172 -1.436 0.78, 0.1204 -1.436 0.8354, 0.116 -1.436 0.8399, 0.1125 -1.436 0.8455, 0.1327 -1.436 0.7509, 0.1206 -1.436 0.6663, 0.1496 -1.436 0.7491, 0.2182 -1.436 0.6663, 0.204 -1.436 0.9019, 0.204 -1.436 0.876, 0.21 -1.436 0.7835, 0.2067 -1.436 0.775, 0.2017 -1.436 0.7679, 0.1176 -1.436 0.8895, 0.1206 -1.436 0.8922, 0.1206 -1.436 1.027, 0.1256 -1.436 0.8966, 0.1326 -1.436 0.9009, 0.147 -1.436 0.9063, 0.1678 -1.436 0.9087, 0.2182 -1.436 1.027, 0.1845 -1.436 0.9074, 0.2023 -1.436 0.8194, 0.2073 -1.436 0.8121, 0.2102 -1.436 0.8042, 0.2113 -1.436 0.7942, 0.1941 -1.436 0.7612, 0.1865 -1.436 0.7567, 0.1652 -1.436 0.887, 0.1573 -1.436 0.8864, 0.136 -1.436 0.8665, 0.1501 -1.436 0.8845, 0.1441 -1.436 0.8813, 0.1362 -1.436 0.8629, 0.1373 -1.436 0.8588, 0.1392 -1.436 0.8551, 0.1418 -1.436 0.8523, 0.1513 -1.436 0.8464, 0.1843 -1.436 0.8846, 0.1678 -1.436 0.8392, 0.1994 -1.436 0.8787, 0.1782 -1.436 0.835, 0.1959 -1.436 0.8251, 0.1401 -1.436 0.8777, 0.1378 -1.436 0.8743, 0.1365 -1.436 0.8707, 0.1339 -1.436 0.7733, 0.1489 -1.436 0.8197, 0.133 -1.436 0.8271, 0.1523 -1.436 0.771, 0.1534 -1.436 0.771, 0.1665 -1.436 0.8124, 0.1672 -1.436 0.7725, 0.1838 -1.436 0.7916, 0.1835 -1.436 0.7949, 0.1741 -1.436 0.775, 0.1765 -1.436 0.7765, 0.1796 -1.436 0.7792, 0.1819 -1.436 0.7827, 0.1833 -1.436 0.7865, 0.1823 -1.436 0.7991, 0.1803 -1.436 0.8026, 0.1769 -1.436 0.8061, 0.666 -1.436 1.0915, 0.5354 -1.436 1.0896, 0.5847 -1.436 1.305, 7.6772 -1.436 1.0896, 7.6772 -1.436 1.3068, 0.5248 -1.436 1.1499, 0.5043 -1.436 1.0915, 0.4679 -1.436 1.0896, 0.4739 -1.436 1.0915, 0.4679 -1.436 1.3068, 0.5354 -1.436 1.253, 0.5354 -1.436 1.3068, 0.5552 -1.436 1.305, 0.386 -1.436 1.0896, 0.3828 -1.436 1.0958, 0.3469 -1.436 1.0915, 0.3535 -1.436 1.3049, 0.386 -1.436 1.3068, 0.3491 -1.436 1.305, 0.268 -1.436 1.3068, 0.268 -1.436 1.0896, 0.2882 -1.436 1.0915, 0.2882 -1.436 1.305, 0.4375 -1.436 1.2692, 0.4507 -1.436 1.2505, 0.4554 -1.436 1.1599, 0.4443 -1.436 1.1381, 0.4298 -1.436 1.2767, 0.4298 -1.436 1.1214, 0.4072 -1.436 1.1052, 0.386 -1.436 1.097, 0.3857 -1.436 1.3004, 0.386 -1.436 1.3002, 0.4109 -1.436 1.2901, 0.4585 -1.436 1.2301, 0.462 -1.436 1.2009, 0.4611 -1.436 1.1845, 0.2182 -1.436 1.3068, 0.243 -1.436 1.305, 0.2182 -1.436 1.305, 0.1606 -1.436 1.1158, 0.2182 -1.436 1.1158, 0.1606 -1.436 1.1876, 0.2182 -1.436 1.1876, 0.2369 -1.436 1.1876, 0.2478 -1.436 1.1158, 0.2369 -1.436 1.2121, 0.243 -1.436 1.2804, 0.2182 -1.436 1.2804, 0.133 -1.436 1.0915, 0.1206 -1.436 1.0896, 0.2182 -1.436 1.0896, 0.2478 -1.436 1.0915, 0.2182 -1.436 1.0915, 0.133 -1.436 1.305, 0.1206 -1.436 1.3068, -4.7244 -1.436 4.1969, -4.9213 -1.436 4.1969, -1.378 -1.436 4.1969, -1.7717 -1.436 4.1969, -1.7717 -1.436 2.9331, -4.5058 -1.436 2.9331, -4.5276 -1.436 2.9331, -0.0729 -1.436 1.3068, -0.0729 -1.436 2.9331, -0.0601 -1.436 1.3068, -0.0601 -1.436 2.9331, 1.378 -1.436 2.9331, 0.5354 -1.436 2.9331, 0.4679 -1.436 2.9331, 0.386 -1.436 2.9331, 0.268 -1.436 2.9331, 0.2182 -1.436 2.9331, 0.1206 -1.436 2.9331, 0.0611 -1.436 1.3068, 7.6772 -1.436 2.9331, 4.9213 -1.436 2.9331, 4.7244 -1.436 4.1969, 4.5276 -1.436 4.1969, 4.5276 -1.436 2.9331, 1.7717 -1.436 2.9331, 1.7717 -1.436 4.1969, 1.5748 -1.436 4.1969, 4.9213 -1.436 4.1969, 1.378 -1.436 4.1969, 0.0704 -1.436 1.3059, 0.0903 -1.436 1.2998, 0.0903 -1.436 1.271, 0.0903 -1.436 1.1267, 0.0903 -1.436 1.1003, 0.0866 -1.436 1.0985, 0.0637 -1.436 1.091, 0.05 -1.436 1.0896, 0.0853 -1.436 1.2736, 0.0633 -1.436 1.2812, 0.0473 -1.436 1.113, 0.0711 -1.436 1.1179, -0.0407 -1.436 1.1933, -0.0407 -1.436 1.1958, 0.0399 -1.436 1.2837, 0.0321 -1.436 1.2834, 0.0134 -1.436 1.2799, -0.0221 -1.436 1.2556, -0.0317 -1.436 1.2401, -0.0382 -1.436 1.2206, -0.0372 -1.436 1.1673, -0.0304 -1.436 1.1499, -0.0197 -1.436 1.1349, -0.001 -1.436 1.1206, 0.0144 -1.436 1.1148, 0.0351 -1.436 1.1124, -0.0034 -1.436 1.2722, -0.0182 -1.436 1.26, -0.015 -1.436 1.1303, -0.0133 -1.436 1.2963, 0.009 -1.436 1.3049, 0.0247 -1.436 1.3068, 0.0397 -1.436 1.3086, 0.0431 -1.436 1.3085, -0.0601 -1.436 1.2436, -0.0527 -1.436 1.2595, -0.0388 -1.436 1.2771, -0.034 -1.436 1.2817, -0.0634 -1.436 1.2362, -0.0601 -1.436 1.1457, -0.0655 -1.436 1.1598, -0.0729 -1.436 1.0896, -0.0696 -1.436 1.1942, -0.0689 -1.436 1.2091, -0.0262 -1.436 1.1035, -0.0422 -1.436 1.117, -0.0601 -1.436 1.0896, -0.0442 -1.436 1.1191, -0.0569 -1.436 1.1374, 0.0311 -1.436 1.0878, 0.0167 -1.436 1.0886, 0.012 -1.436 1.0896, -0.0062 -1.436 1.0937, 0.0116 -1.436 0.7506, -0.0021 -1.436 0.7491, 0.3438 -1.436 0.9052, 0.3716 -1.436 0.9052, 0.386 -1.436 1.027, 0.4679 -1.436 0.9662, 0.4679 -1.436 1.027, 0.3107 -1.436 0.7509, 0.2949 -1.436 0.7906, 0.2982 -1.436 0.778, 0.2989 -1.436 0.778, 0.268 -1.436 1.027, 0.268 -1.436 0.8681, 0.3022 -1.436 0.7904, 0.3001 -1.436 0.7833, 0.268 -1.436 0.7963, 0.2252 -1.436 0.9052, 0.2551 -1.436 0.9052, 0.2841 -1.436 0.7509, 0.285 -1.436 0.7531, 0.268 -1.436 0.7157, 0.268 -1.436 0.7157, 0.268 -1.436 0.7509, 0.2733 -1.436 0.7253, 0.2307 -1.436 0.7069, 0.2307 -1.436 0.6831, 0.2362 -1.436 0.7051, 0.2459 -1.436 0.7038, 0.2523 -1.436 0.7045, 0.268 -1.436 0.6857, 0.2587 -1.436 0.6821, 0.268 -1.436 0.6663, 0.2479 -1.436 0.6809, 0.242 -1.436 0.6811, 0.2581 -1.436 0.7067, 0.2631 -1.436 0.7101, 0.3024 -1.436 0.7297, 0.2903 -1.436 0.7061, 0.386 -1.436 0.6663, 0.2805 -1.436 0.6944, 0.2786 -1.436 0.6927, 0.2693 -1.436 0.6862, -7.6772 -1.436 0.2598, -7.6772 -1.436 0.6663, -7.6772 -1.436 0.7509, -7.6772 -1.436 1.027, -7.6772 -1.436 1.0896, -4.5276 -1.436 4.1969, -0.0783 -1.436 1.1158, -0.0783 -1.436 1.0915, -0.1909 -1.436 1.0915, -0.1634 -1.436 1.1158, -0.1634 -1.436 1.305, -0.1909 -1.436 1.305, -0.081 -1.436 0.9417, -0.0729 -1.436 0.7509, -0.0761 -1.436 0.7771, -0.0761 -1.436 0.7527, -0.1909 -1.436 0.7527, -0.1634 -1.436 0.8489, -0.1634 -1.436 0.7771, -0.087 -1.436 0.8489, -0.087 -1.436 0.8733, -0.1634 -1.436 0.8733, -0.1634 -1.436 0.9417, -0.1909 -1.436 0.9662, -0.081 -1.436 0.9662, 7.6772 -1.436 1.027, 0.9029 -1.436 0.7527, 0.8811 -1.436 0.8111, 0.7922 -1.436 0.8111, 0.7717 -1.436 0.7527, 0.7412 -1.436 0.7527, 0.8226 -1.436 0.9662, 0.852 -1.436 0.9662, 0.9334 -1.436 0.7527, 7.6772 -1.436 0.7509, 0.6746 -1.436 0.7665, 0.6972 -1.436 0.7826, 0.7117 -1.436 0.7994, 0.6502 -1.436 0.757, 0.6143 -1.436 0.7527, 0.5556 -1.436 0.7527, 0.5556 -1.436 0.9662, 0.6165 -1.436 0.9662, 0.6972 -1.436 0.938, 0.7049 -1.436 0.9304, 0.7181 -1.436 0.9118, 0.7259 -1.436 0.8914, 0.7294 -1.436 0.8622, 0.7284 -1.436 0.8457, 0.7227 -1.436 0.8212, 0.6209 -1.436 0.9662, 0.6531 -1.436 0.9616, 0.6783 -1.436 0.9514, 0.4679 -1.436 0.6663, 0.5354 -1.436 0.6663, 7.6772 -1.436 0.6663, -0.0729 -1.436 0.2598, -0.0601 -1.436 0.2598, 0.1206 -1.436 0.2598, 0.2182 -1.436 0.2598, 0.268 -1.436 0.2598, 0.386 -1.436 0.2598, 0.4679 -1.436 0.2598, 0.5354 -1.436 0.2598, 7.6772 -1.436 0.2598, -1.5703 -0.5757 0.2598, -2.3077 -0.5757 0.2598, -2.3077 -0.2353 0.2598, -7.126 -1.436 0.2598, -7.6772 -1.1769 0.2598, -1.6838 -1.2425 0.2598, -1.6838 -1.1769 0.2598, -1.5703 -1.1769 0.2598, -4.2126 1.064 0.2598, -4.2126 0.5776 0.2598, -4.3307 0.5776 0.2598, -2.6378 1.064 0.2598, -2.6378 0.5776 0.2598, -2.7559 0.5776 0.2598, -1.2992 1.064 0.2598, -1.3051 1.064 0.2598, -1.3051 1.1132 0.2598, -1.4508 1.1132 0.2598, -1.5703 1.438 0.2598, -1.1811 1.438 0.2598, -1.1811 0.5776 0.2598, -1.2992 0.5776 0.2598, -1.4508 1.064 0.2598, -1.4567 1.064 0.2598, -1.5703 0.5776 0.2598, -1.2992 0.2766 0.2598, -1.1811 0.2372 0.2598, -1.4567 0.2766 0.2598, -1.5703 0.2372 0.2598, -1.4567 0.5776 0.2598, 0.0 1.438 0.2598, 0.0 0.5776 0.2598, -0.1181 1.064 0.2598, -0.1181 0.5776 0.2598, -0.5177 1.1132 0.2598, -0.6634 1.1132 0.2598, -0.7874 1.438 0.2598, -0.124 1.064 0.2598, -0.124 1.1132 0.2598, -0.2697 1.1132 0.2598, -0.2756 1.064 0.2598, -0.2697 1.064 0.2598, -0.1181 0.2766 0.2598, 0.0 0.2372 0.2598, -0.2756 0.2766 0.2598, -0.6634 1.064 0.2598, -0.6693 1.064 0.2598, -0.7874 0.5776 0.2598, -0.6693 0.5776 0.2598, -0.7874 0.2372 0.2598, -0.6693 0.2766 0.2598, -0.5118 0.2766 0.2598, -0.5177 1.064 0.2598, -0.5118 1.064 0.2598, -0.5118 0.5776 0.2598, -0.2756 0.5776 0.2598, 0.2756 1.064 0.2598, 0.2697 1.064 0.2598, 0.2697 1.1132 0.2598, 0.3937 0.5776 0.2598, 0.3937 1.438 0.2598, 0.124 1.1132 0.2598, 0.124 1.064 0.2598, 0.1181 1.064 0.2598, 0.1181 0.5776 0.2598, 0.1181 0.2766 0.2598, 0.3937 0.2372 0.2598, 0.2756 0.2766 0.2598, 0.2756 0.5776 0.2598, 1.063 1.064 0.2598, 1.0571 1.064 0.2598, 1.0571 1.1132 0.2598, 1.1811 0.5776 0.2598, 1.1811 1.438 0.2598, 0.7874 1.438 0.2598, 0.9114 1.1132 0.2598, 0.9114 1.064 0.2598, 0.9055 1.064 0.2598, 0.7874 0.5776 0.2598, 0.9055 0.5776 0.2598, 0.7874 0.2372 0.2598, 0.9055 0.2766 0.2598, 1.1811 0.2372 0.2598, 1.063 0.2766 0.2598, 1.063 0.5776 0.2598, 1.8504 1.064 0.2598, 1.8445 1.064 0.2598, 1.8445 1.1132 0.2598, 1.9685 0.5776 0.2598, 1.9685 1.438 0.2598, 1.5748 1.438 0.2598, 1.6988 1.1132 0.2598, 1.6988 1.064 0.2598, 1.6929 1.064 0.2598, 1.5748 0.5776 0.2598, 1.6929 0.5776 0.2598, 1.5748 0.2372 0.2598, 1.6929 0.2766 0.2598, 1.9685 0.2372 0.2598, 1.8504 0.2766 0.2598, 1.8504 0.5776 0.2598, 2.6378 1.064 0.2598, 2.6319 1.064 0.2598, 2.6319 1.1132 0.2598, 2.7559 0.5776 0.2598, 2.7559 1.438 0.2598, 2.3622 1.438 0.2598, 2.4862 1.1132 0.2598, 2.4862 1.064 0.2598, 2.4803 1.064 0.2598, 2.3622 0.5776 0.2598, 2.4803 0.5776 0.2598, 2.3622 0.2372 0.2598, 2.4803 0.2766 0.2598, 2.7559 0.2372 0.2598, 2.6378 0.2766 0.2598, 2.6378 0.5776 0.2598, 3.4252 1.064 0.2598, 3.4193 1.064 0.2598, 3.4193 1.1132 0.2598, 3.5433 0.5776 0.2598, 3.5433 1.438 0.2598, 3.2736 1.1132 0.2598, 3.2736 1.064 0.2598, 3.2677 1.064 0.2598, 3.0256 1.1132 0.2598, 2.8799 1.1132 0.2598, 3.0315 0.2766 0.2598, 3.5433 0.2372 0.2598, 2.8799 1.064 0.2598, 2.874 1.064 0.2598, 2.874 0.5776 0.2598, 2.874 0.2766 0.2598, 3.0256 1.064 0.2598, 3.0315 1.064 0.2598, 3.0315 0.5776 0.2598, 3.2677 0.5776 0.2598, 3.2677 0.2766 0.2598, 3.4252 0.2766 0.2598, 3.4252 0.5776 0.2598, 4.2126 1.064 0.2598, 4.2067 1.064 0.2598, 4.2067 1.1132 0.2598, 4.3307 0.5776 0.2598, 4.3307 1.438 0.2598, 3.937 1.438 0.2598, 4.061 1.1132 0.2598, 4.061 1.064 0.2598, 4.0551 1.064 0.2598, 3.937 0.5776 0.2598, 4.0551 0.5776 0.2598, 3.937 0.2372 0.2598, 4.0551 0.2766 0.2598, 4.3307 0.2372 0.2598, 4.2126 0.2766 0.2598, 4.2126 0.5776 0.2598, 5.0 1.064 0.2598, 4.9941 1.064 0.2598, 4.9941 1.1132 0.2598, 5.1181 0.5776 0.2598, 5.1181 1.438 0.2598, 4.7244 1.438 0.2598, 4.8484 1.1132 0.2598, 4.8484 1.064 0.2598, 4.8425 1.064 0.2598, 4.7244 0.5776 0.2598, 4.8425 0.5776 0.2598, 4.7244 0.2372 0.2598, 4.8425 0.2766 0.2598, 5.1181 0.2372 0.2598, 5.0 0.2766 0.2598, 5.0 0.5776 0.2598, 5.7874 1.064 0.2598, 5.7815 1.064 0.2598, 5.7815 1.1132 0.2598, 5.9055 0.5776 0.2598, 5.9055 1.438 0.2598, 5.5118 1.438 0.2598, 5.6358 1.1132 0.2598, 5.6358 1.064 0.2598, 5.6299 1.064 0.2598, 5.5118 0.5776 0.2598, 5.6299 0.5776 0.2598, 5.5118 0.2372 0.2598, 5.6299 0.2766 0.2598, 5.9055 0.2372 0.2598, 5.7874 0.2766 0.2598, 5.7874 0.5776 0.2598, 6.4232 1.1132 0.2598, 6.2992 1.438 0.2598, 6.5689 1.1132 0.2598, 7.6772 1.438 0.2598, 6.4232 1.064 0.2598, 6.4173 1.064 0.2598, 6.2992 0.5776 0.2598, 6.4173 0.5776 0.2598, 6.2992 0.2372 0.2598, 6.4173 0.2766 0.2598, 6.5748 0.2766 0.2598, -0.9114 -1.1112 0.2598, -0.7874 -1.1769 0.2598, -1.0571 -1.1112 0.2598, -1.1811 -1.1769 0.2598, -1.0571 -1.062 0.2598, -0.9114 -1.062 0.2598, -0.9055 -1.062 0.2598, -0.7874 -0.5757 0.2598, -0.9055 -0.5757 0.2598, -0.7874 -0.2353 0.2598, -0.9055 -0.2746 0.2598, -1.1811 -0.2353 0.2598, -1.063 -0.2746 0.2598, -1.1811 -0.5757 0.2598, -1.063 -0.5757 0.2598, -1.063 -1.062 0.2598, -0.2697 -1.1112 0.2598, -0.124 -1.1112 0.2598, 0.0 -1.1769 0.2598, -0.6693 -1.062 0.2598, -0.6634 -1.062 0.2598, -0.5177 -1.1112 0.2598, -0.5177 -1.062 0.2598, -0.5118 -1.062 0.2598, -0.6634 -1.1112 0.2598, -0.6693 -0.5757 0.2598, -0.6693 -0.2746 0.2598, -0.5118 -0.2746 0.2598, -0.124 -1.062 0.2598, -0.1181 -1.062 0.2598, 0.0 -0.5757 0.2598, -0.1181 -0.5757 0.2598, 0.0 -0.2353 0.2598, -0.1181 -0.2746 0.2598, -0.2756 -0.2746 0.2598, -0.2697 -1.062 0.2598, -0.2756 -1.062 0.2598, -0.2756 -0.5757 0.2598, -0.5118 -0.5757 0.2598, 0.6634 -1.1112 0.2598, 0.7874 -1.1769 0.2598, 0.5177 -1.1112 0.2598, 0.3937 -1.1769 0.2598, 0.5177 -1.062 0.2598, 0.6634 -1.062 0.2598, 0.6693 -1.062 0.2598, 0.7874 -0.5757 0.2598, 0.6693 -0.5757 0.2598, 0.7874 -0.2353 0.2598, 0.6693 -0.2746 0.2598, 0.3937 -0.2353 0.2598, 0.5118 -0.2746 0.2598, 0.3937 -0.5757 0.2598, 0.5118 -0.5757 0.2598, 0.5118 -1.062 0.2598, 1.4508 -1.1112 0.2598, 1.5748 -1.1769 0.2598, 1.3051 -1.1112 0.2598, 1.1811 -1.1769 0.2598, 1.3051 -1.062 0.2598, 1.4508 -1.062 0.2598, 1.4567 -1.062 0.2598, 1.5748 -0.5757 0.2598, 1.4567 -0.5757 0.2598, 1.5748 -0.2353 0.2598, 1.4567 -0.2746 0.2598, 1.1811 -0.2353 0.2598, 1.2992 -0.2746 0.2598, 1.1811 -0.5757 0.2598, 1.2992 -0.5757 0.2598, 1.2992 -1.062 0.2598, 2.2382 -1.1112 0.2598, 2.3622 -1.1769 0.2598, 2.0925 -1.1112 0.2598, 1.9685 -1.1769 0.2598, 2.0925 -1.062 0.2598, 2.2382 -1.062 0.2598, 2.2441 -1.062 0.2598, 2.3622 -0.5757 0.2598, 2.2441 -0.5757 0.2598, 2.3622 -0.2353 0.2598, 2.2441 -0.2746 0.2598, 1.9685 -0.2353 0.2598, 2.0866 -0.2746 0.2598, 1.9685 -0.5757 0.2598, 2.0866 -0.5757 0.2598, 2.0866 -1.062 0.2598, 3.0256 -1.1112 0.2598, 3.0256 -1.062 0.2598, 3.0315 -1.062 0.2598, 3.2736 -1.1112 0.2598, 3.4193 -1.1112 0.2598, 3.5433 -1.1769 0.2598, 2.8799 -1.062 0.2598, 2.8799 -1.1112 0.2598, 2.7559 -1.1769 0.2598, 3.2677 -0.2746 0.2598, 2.7559 -0.2353 0.2598, 3.5433 -0.2353 0.2598, 3.4193 -1.062 0.2598, 3.4252 -1.062 0.2598, 3.5433 -0.5757 0.2598, 3.4252 -0.5757 0.2598, 3.4252 -0.2746 0.2598, 3.2736 -1.062 0.2598, 3.2677 -1.062 0.2598, 3.2677 -0.5757 0.2598, 3.0315 -0.5757 0.2598, 3.0315 -0.2746 0.2598, 2.874 -0.2746 0.2598, 2.7559 -0.5757 0.2598, 2.874 -0.5757 0.2598, 2.874 -1.062 0.2598, 3.813 -1.1112 0.2598, 3.937 -1.1769 0.2598, 3.6673 -1.1112 0.2598, 3.6673 -1.062 0.2598, 3.813 -1.062 0.2598, 3.8189 -1.062 0.2598, 3.937 -0.5757 0.2598, 3.8189 -0.5757 0.2598, 3.937 -0.2353 0.2598, 3.8189 -0.2746 0.2598, 3.6614 -0.2746 0.2598, 3.6614 -0.5757 0.2598, 3.6614 -1.062 0.2598, 4.6004 -1.1112 0.2598, 4.7244 -1.1769 0.2598, 4.4547 -1.1112 0.2598, 4.3307 -1.1769 0.2598, 4.4547 -1.062 0.2598, 4.6004 -1.062 0.2598, 4.6063 -1.062 0.2598, 4.7244 -0.5757 0.2598, 4.6063 -0.5757 0.2598, 4.7244 -0.2353 0.2598, 4.6063 -0.2746 0.2598, 4.3307 -0.2353 0.2598, 4.4488 -0.2746 0.2598, 4.3307 -0.5757 0.2598, 4.4488 -0.5757 0.2598, 4.4488 -1.062 0.2598, 5.3878 -1.1112 0.2598, 5.5118 -1.1769 0.2598, 5.2421 -1.1112 0.2598, 5.1181 -1.1769 0.2598, 5.2421 -1.062 0.2598, 5.3878 -1.062 0.2598, 5.3937 -1.062 0.2598, 5.5118 -0.5757 0.2598, 5.3937 -0.5757 0.2598, 5.5118 -0.2353 0.2598, 5.3937 -0.2746 0.2598, 5.1181 -0.2353 0.2598, 5.2362 -0.2746 0.2598, 5.1181 -0.5757 0.2598, 5.2362 -0.5757 0.2598, 5.2362 -1.062 0.2598, 6.1752 -1.1112 0.2598, 6.2992 -1.1769 0.2598, 6.0295 -1.1112 0.2598, 5.9055 -1.1769 0.2598, 6.0295 -1.062 0.2598, 6.1752 -1.062 0.2598, 6.1811 -1.062 0.2598, 6.2992 -0.5757 0.2598, 6.1811 -0.5757 0.2598, 6.2992 -0.2353 0.2598, 6.1811 -0.2746 0.2598, 5.9055 -0.2353 0.2598, 6.0236 -0.2746 0.2598, 5.9055 -0.5757 0.2598, 6.0236 -0.5757 0.2598, 6.0236 -1.062 0.2598, -2.4862 -1.1112 0.2598, -2.4862 -1.062 0.2598, -2.4803 -1.062 0.2598, -2.3077 -1.1769 0.2598, -2.7559 -1.1769 0.2598, -2.6319 -1.1112 0.2598, -2.6319 -1.062 0.2598, -2.6378 -1.062 0.2598, -2.6378 -0.5757 0.2598, -2.7559 -0.5757 0.2598, -2.6378 -0.2746 0.2598, -2.7559 -0.2353 0.2598, -2.4803 -0.2746 0.2598, -2.4803 -0.5757 0.2598, -2.4803 1.064 0.2598, -2.3077 1.438 0.2598, -2.4803 0.5776 0.2598, -2.3077 0.5776 0.2598, -2.4803 0.2766 0.2598, -2.4862 1.064 0.2598, -2.4862 1.1132 0.2598, -2.7559 1.438 0.2598, -2.6319 1.1132 0.2598, -2.6319 1.064 0.2598, -2.7559 0.2372 0.2598, -2.874 1.064 0.2598, -2.874 0.5776 0.2598, -2.8799 1.064 0.2598, -2.8799 1.1132 0.2598, -3.1496 1.438 0.2598, -3.0256 1.1132 0.2598, -3.0256 1.064 0.2598, -2.874 0.2766 0.2598, -3.0315 0.2766 0.2598, -3.1496 0.2372 0.2598, -3.0315 0.5776 0.2598, -3.1496 0.5776 0.2598, -3.0315 1.064 0.2598, -6.0295 -1.1112 0.2598, -6.0295 -1.062 0.2598, -6.0236 -1.062 0.2598, -5.9055 -1.1769 0.2598, -6.2992 -1.1769 0.2598, -6.1752 -1.1112 0.2598, -6.1752 -1.062 0.2598, -6.1811 -1.062 0.2598, -6.1811 -0.5757 0.2598, -6.2992 -0.5757 0.2598, -6.1811 -0.2746 0.2598, -6.2992 -0.2353 0.2598, -6.0236 -0.2746 0.2598, -5.9055 -0.2353 0.2598, -6.0236 -0.5757 0.2598, -5.9055 -0.5757 0.2598, -6.4173 1.064 0.2598, -6.2992 1.438 0.2598, -6.2992 0.5776 0.2598, -6.4232 1.064 0.2598, -6.4232 1.1132 0.2598, -7.126 1.438 0.2598, -6.5689 1.1132 0.2598, -6.5689 1.064 0.2598, -6.5748 1.064 0.2598, -7.126 0.5776 0.2598, -6.5748 0.5776 0.2598, -7.126 0.2372 0.2598, -6.5748 0.2766 0.2598, -6.2992 0.2372 0.2598, -6.4173 0.2766 0.2598, -6.4173 0.5776 0.2598, -6.4232 -1.1112 0.2598, -6.4232 -1.062 0.2598, -6.4173 -1.062 0.2598, -7.126 -1.1769 0.2598, -6.5689 -1.1112 0.2598, -6.4173 -0.5757 0.2598, -6.4173 -0.2746 0.2598, -6.5748 -0.2746 0.2598, -6.5689 -1.062 0.2598, -6.5748 -1.062 0.2598, -6.5748 -0.5757 0.2598, -7.126 -0.5757 0.2598, -7.126 -0.2353 0.2598, -3.6673 -1.1112 0.2598, -3.6673 -1.062 0.2598, -3.6614 -1.062 0.2598, -4.3307 -1.1769 0.2598, -4.2067 -1.1112 0.2598, -4.061 -1.1112 0.2598, -3.5433 -1.1769 0.2598, -3.813 -1.1112 0.2598, -4.0551 -1.062 0.2598, -4.061 -1.062 0.2598, -4.2067 -1.062 0.2598, -4.2126 -1.062 0.2598, -4.2126 -0.5757 0.2598, -4.3307 -0.5757 0.2598, -4.2126 -0.2746 0.2598, -4.3307 -0.2353 0.2598, -4.0551 -0.2746 0.2598, -3.5433 -0.5757 0.2598, -3.6614 -0.5757 0.2598, -3.5433 -0.2353 0.2598, -3.6614 -0.2746 0.2598, -3.8189 -0.2746 0.2598, -3.813 -1.062 0.2598, -3.8189 -1.062 0.2598, -3.8189 -0.5757 0.2598, -4.0551 -0.5757 0.2598, -3.6673 1.064 0.2598, -3.5433 1.438 0.2598, -3.6614 1.064 0.2598, -3.5433 0.5776 0.2598, -3.6614 0.5776 0.2598, -4.0551 1.064 0.2598, -4.061 1.064 0.2598, -4.061 1.1132 0.2598, -4.3307 1.438 0.2598, -4.2067 1.1132 0.2598, -4.2067 1.064 0.2598, -3.813 1.1132 0.2598, -3.813 1.064 0.2598, -3.8189 1.064 0.2598, -3.6614 0.2766 0.2598, -3.5433 0.2372 0.2598, -3.8189 0.2766 0.2598, -4.3307 0.2372 0.2598, -4.2126 0.2766 0.2598, -4.0551 0.2766 0.2598, -3.6673 1.1132 0.2598, -4.0551 0.5776 0.2598, -3.8189 0.5776 0.2598, -4.4488 1.064 0.2598, -4.4488 0.5776 0.2598, -4.4547 1.064 0.2598, -4.4547 1.1132 0.2598, -4.7244 1.438 0.2598, -4.6004 1.1132 0.2598, -4.6004 1.064 0.2598, -4.4488 0.2766 0.2598, -4.6063 0.2766 0.2598, -4.7244 0.2372 0.2598, -4.6063 0.5776 0.2598, -4.7244 0.5776 0.2598, -4.6063 1.064 0.2598, -2.8799 -1.1112 0.2598, -2.8799 -1.062 0.2598, -2.874 -1.062 0.2598, -3.1496 -1.1769 0.2598, -3.0256 -1.1112 0.2598, -3.0256 -1.062 0.2598, -3.0315 -1.062 0.2598, -3.0315 -0.5757 0.2598, -3.1496 -0.5757 0.2598, -3.0315 -0.2746 0.2598, -3.1496 -0.2353 0.2598, -2.874 -0.2746 0.2598, -2.874 -0.5757 0.2598, -3.2677 1.064 0.2598, -3.2736 1.064 0.2598, -3.2736 1.1132 0.2598, -3.4193 1.1132 0.2598, -3.4193 1.064 0.2598, -3.4252 1.064 0.2598, -3.4252 0.5776 0.2598, -3.4252 0.2766 0.2598, -3.2677 0.2766 0.2598, -3.2677 0.5776 0.2598, -3.2736 -1.1112 0.2598, -3.2736 -1.062 0.2598, -3.2677 -1.062 0.2598, -3.4193 -1.1112 0.2598, -3.4193 -1.062 0.2598, -3.4252 -1.062 0.2598, -3.4252 -0.5757 0.2598, -3.4252 -0.2746 0.2598, -3.2677 -0.2746 0.2598, -3.2677 -0.5757 0.2598, -5.2421 -1.1112 0.2598, -5.2421 -1.062 0.2598, -5.2362 -1.062 0.2598, -5.1181 -1.1769 0.2598, -5.5118 -1.1769 0.2598, -5.3878 -1.1112 0.2598, -5.3878 -1.062 0.2598, -5.3937 -1.062 0.2598, -5.3937 -0.5757 0.2598, -5.5118 -0.5757 0.2598, -5.3937 -0.2746 0.2598, -5.5118 -0.2353 0.2598, -5.2362 -0.2746 0.2598, -5.1181 -0.2353 0.2598, -5.2362 -0.5757 0.2598, -5.1181 -0.5757 0.2598, -5.5118 1.438 0.2598, -5.5118 0.5776 0.2598, -5.6299 1.064 0.2598, -5.6299 0.5776 0.2598, -5.6358 1.064 0.2598, -5.6358 1.1132 0.2598, -5.9055 1.438 0.2598, -5.7815 1.1132 0.2598, -5.7815 1.064 0.2598, -5.6299 0.2766 0.2598, -5.5118 0.2372 0.2598, -5.7874 0.2766 0.2598, -5.9055 0.2372 0.2598, -5.7874 0.5776 0.2598, -5.9055 0.5776 0.2598, -5.7874 1.064 0.2598, -5.6358 -1.1112 0.2598, -5.6358 -1.062 0.2598, -5.6299 -1.062 0.2598, -5.7815 -1.1112 0.2598, -5.7815 -1.062 0.2598, -5.7874 -1.062 0.2598, -5.7874 -0.5757 0.2598, -5.7874 -0.2746 0.2598, -5.6299 -0.2746 0.2598, -5.6299 -0.5757 0.2598, -6.0236 1.064 0.2598, -6.0295 1.064 0.2598, -6.0295 1.1132 0.2598, -6.1752 1.1132 0.2598, -6.1752 1.064 0.2598, -6.1811 1.064 0.2598, -6.1811 0.5776 0.2598, -6.1811 0.2766 0.2598, -6.0236 0.2766 0.2598, -6.0236 0.5776 0.2598, -4.4547 -1.1112 0.2598, -4.4547 -1.062 0.2598, -4.4488 -1.062 0.2598, -4.7244 -1.1769 0.2598, -4.6004 -1.1112 0.2598, -4.6004 -1.062 0.2598, -4.6063 -1.062 0.2598, -4.6063 -0.5757 0.2598, -4.7244 -0.5757 0.2598, -4.6063 -0.2746 0.2598, -4.7244 -0.2353 0.2598, -4.4488 -0.2746 0.2598, -4.4488 -0.5757 0.2598, -4.8425 1.064 0.2598, -4.8425 0.5776 0.2598, -4.8484 1.064 0.2598, -4.8484 1.1132 0.2598, -5.1181 1.438 0.2598, -4.9941 1.1132 0.2598, -4.9941 1.064 0.2598, -4.8425 0.2766 0.2598, -5.0 0.2766 0.2598, -5.1181 0.2372 0.2598, -5.0 0.5776 0.2598, -5.1181 0.5776 0.2598, -5.0 1.064 0.2598, -4.8484 -1.1112 0.2598, -4.8484 -1.062 0.2598, -4.8425 -1.062 0.2598, -4.9941 -1.1112 0.2598, -4.9941 -1.062 0.2598, -5.0 -1.062 0.2598, -5.0 -0.5757 0.2598, -5.0 -0.2746 0.2598, -4.8425 -0.2746 0.2598, -4.8425 -0.5757 0.2598, -5.2362 1.064 0.2598, -5.2421 1.064 0.2598, -5.2421 1.1132 0.2598, -5.3878 1.1132 0.2598, -5.3878 1.064 0.2598, -5.3937 1.064 0.2598, -5.3937 0.5776 0.2598, -5.3937 0.2766 0.2598, -5.2362 0.2766 0.2598, -5.2362 0.5776 0.2598, 6.5689 -1.1112 0.2598, 6.5689 -1.062 0.2598, 6.5748 -1.062 0.2598, 6.4232 -1.062 0.2598, 6.4232 -1.1112 0.2598, 7.6772 -1.1769 0.2598, 7.6772 -0.5757 0.2598, 6.5748 -0.5757 0.2598, 7.6772 -0.2353 0.2598, 6.5748 -0.2746 0.2598, 6.4173 -0.2746 0.2598, 6.4173 -0.5757 0.2598, 6.4173 -1.062 0.2598, 5.7815 -1.1112 0.2598, 5.6358 -1.1112 0.2598, 5.6358 -1.062 0.2598, 5.7815 -1.062 0.2598, 5.7874 -1.062 0.2598, 5.7874 -0.5757 0.2598, 5.7874 -0.2746 0.2598, 5.6299 -0.2746 0.2598, 5.6299 -0.5757 0.2598, 5.6299 -1.062 0.2598, 4.9941 -1.1112 0.2598, 4.8484 -1.1112 0.2598, 4.8484 -1.062 0.2598, 4.9941 -1.062 0.2598, 5.0 -1.062 0.2598, 5.0 -0.5757 0.2598, 5.0 -0.2746 0.2598, 4.8425 -0.2746 0.2598, 4.8425 -0.5757 0.2598, 4.8425 -1.062 0.2598, 4.2067 -1.1112 0.2598, 4.061 -1.1112 0.2598, 4.061 -1.062 0.2598, 4.2067 -1.062 0.2598, 4.2126 -1.062 0.2598, 4.2126 -0.5757 0.2598, 4.2126 -0.2746 0.2598, 4.0551 -0.2746 0.2598, 4.0551 -0.5757 0.2598, 4.0551 -1.062 0.2598, 2.6319 -1.1112 0.2598, 2.4862 -1.1112 0.2598, 2.4862 -1.062 0.2598, 2.6319 -1.062 0.2598, 2.6378 -1.062 0.2598, 2.6378 -0.5757 0.2598, 2.6378 -0.2746 0.2598, 2.4803 -0.2746 0.2598, 2.4803 -0.5757 0.2598, 2.4803 -1.062 0.2598, 1.8445 -1.1112 0.2598, 1.6988 -1.1112 0.2598, 1.6988 -1.062 0.2598, 1.8445 -1.062 0.2598, 1.8504 -1.062 0.2598, 1.8504 -0.5757 0.2598, 1.8504 -0.2746 0.2598, 1.6929 -0.2746 0.2598, 1.6929 -0.5757 0.2598, 1.6929 -1.062 0.2598, 1.0571 -1.1112 0.2598, 0.9114 -1.1112 0.2598, 0.9114 -1.062 0.2598, 1.0571 -1.062 0.2598, 1.063 -1.062 0.2598, 1.063 -0.5757 0.2598, 1.063 -0.2746 0.2598, 0.9055 -0.2746 0.2598, 0.9055 -0.5757 0.2598, 0.9055 -1.062 0.2598, 0.2697 -1.1112 0.2598, 0.124 -1.1112 0.2598, 0.124 -1.062 0.2598, 0.2697 -1.062 0.2598, 0.2756 -1.062 0.2598, 0.2756 -0.5757 0.2598, 0.2756 -0.2746 0.2598, 0.1181 -0.2746 0.2598, 0.1181 -0.5757 0.2598, 0.1181 -1.062 0.2598, -1.4567 -0.5757 0.2598, -1.4567 -1.062 0.2598, -1.3051 -1.1112 0.2598, -1.4508 -1.1112 0.2598, -1.4508 -1.062 0.2598, -1.3051 -1.062 0.2598, -1.2992 -1.062 0.2598, -1.2992 -0.5757 0.2598, -1.2992 -0.2746 0.2598, -1.4567 -0.2746 0.2598, -1.5703 -0.2353 0.2598, 6.1811 1.064 0.2598, 6.1752 1.064 0.2598, 6.1752 1.1132 0.2598, 6.0295 1.1132 0.2598, 6.0295 1.064 0.2598, 6.0236 1.064 0.2598, 6.0236 0.5776 0.2598, 6.0236 0.2766 0.2598, 6.1811 0.2766 0.2598, 6.1811 0.5776 0.2598, 5.3937 1.064 0.2598, 5.3878 1.064 0.2598, 5.3878 1.1132 0.2598, 5.2421 1.1132 0.2598, 5.2421 1.064 0.2598, 5.2362 1.064 0.2598, 5.2362 0.5776 0.2598, 5.2362 0.2766 0.2598, 5.3937 0.2766 0.2598, 5.3937 0.5776 0.2598, 4.6063 1.064 0.2598, 4.6004 1.064 0.2598, 4.6004 1.1132 0.2598, 4.4547 1.1132 0.2598, 4.4547 1.064 0.2598, 4.4488 1.064 0.2598, 4.4488 0.5776 0.2598, 4.4488 0.2766 0.2598, 4.6063 0.2766 0.2598, 4.6063 0.5776 0.2598, 3.8189 1.064 0.2598, 3.813 1.064 0.2598, 3.813 1.1132 0.2598, 3.6673 1.1132 0.2598, 3.6673 1.064 0.2598, 3.6614 1.064 0.2598, 3.6614 0.5776 0.2598, 3.6614 0.2766 0.2598, 3.8189 0.2766 0.2598, 3.8189 0.5776 0.2598, 2.2441 1.064 0.2598, 2.2382 1.064 0.2598, 2.2382 1.1132 0.2598, 2.0925 1.1132 0.2598, 2.0925 1.064 0.2598, 2.0866 1.064 0.2598, 2.0866 0.5776 0.2598, 2.0866 0.2766 0.2598, 2.2441 0.2766 0.2598, 2.2441 0.5776 0.2598, 1.4567 1.064 0.2598, 1.4508 1.064 0.2598, 1.4508 1.1132 0.2598, 1.3051 1.1132 0.2598, 1.3051 1.064 0.2598, 1.2992 1.064 0.2598, 1.2992 0.5776 0.2598, 1.2992 0.2766 0.2598, 1.4567 0.2766 0.2598, 1.4567 0.5776 0.2598, 0.6693 1.064 0.2598, 0.6634 1.064 0.2598, 0.6634 1.1132 0.2598, 0.5177 1.1132 0.2598, 0.5177 1.064 0.2598, 0.5118 1.064 0.2598, 0.5118 0.5776 0.2598, 0.5118 0.2766 0.2598, 0.6693 0.2766 0.2598, 0.6693 0.5776 0.2598, -0.9055 1.064 0.2598, -0.9114 1.064 0.2598, -0.9114 1.1132 0.2598, -1.0571 1.1132 0.2598, -1.0571 1.064 0.2598, -1.063 1.064 0.2598, -1.063 0.5776 0.2598, -1.063 0.2766 0.2598, -0.9055 0.2766 0.2598, -0.9055 0.5776 0.2598, -1.6838 -0.8768 0.2598, -2.1351 -0.8768 0.2598, -2.1351 -1.1769 0.2598, -2.1351 -1.2425 0.2598, -2.3077 -1.436 0.2598, -1.5703 -1.436 0.2598, -1.1811 -1.436 0.2598, -0.7874 -1.436 0.2598, 0.0 -1.436 0.2598, 0.3937 -1.436 0.2598, 0.7874 -1.436 0.2598, 1.1811 -1.436 0.2598, 1.5748 -1.436 0.2598, 1.9685 -1.436 0.2598, 2.3622 -1.436 0.2598, 2.7559 -1.436 0.2598, 3.5433 -1.436 0.2598, 3.937 -1.436 0.2598, 4.3307 -1.436 0.2598, 4.7244 -1.436 0.2598, 5.1181 -1.436 0.2598, 5.5118 -1.436 0.2598, 5.9055 -1.436 0.2598, 6.2992 -1.436 0.2598, -6.2992 -1.436 0.2598, -5.9055 -1.436 0.2598, -5.5118 -1.436 0.2598, -5.1181 -1.436 0.2598, -4.7244 -1.436 0.2598, -4.3307 -1.436 0.2598, -3.5433 -1.436 0.2598, -3.1496 -1.436 0.2598, -2.7559 -1.436 0.2598, 7.0146 0.0519 0.2598, 7.0079 0.001 0.2598, 7.0146 -0.05 0.2598, 7.0342 -0.0975 0.2598, 7.0655 -0.1382 0.2598, 7.1063 -0.1695 0.2598, 7.3752 -0.0975 0.2598, 7.3439 -0.1382 0.2598, 7.3031 -0.1695 0.2598, 7.3949 -0.05 0.2598, 7.4016 0.001 0.2598, 7.6772 0.2372 0.2598, 7.1538 0.1911 0.2598, 7.1063 0.1714 0.2598, 7.0655 0.1402 0.2598, 7.0342 0.0994 0.2598, 7.1538 -0.1892 0.2598, 7.2047 -0.1959 0.2598, 7.2557 -0.1892 0.2598, 7.3949 0.0519 0.2598, 7.3752 0.0994 0.2598, 7.3439 0.1402 0.2598, 7.3031 0.1714 0.2598, 7.2557 0.1911 0.2598, 7.2047 0.1978 0.2598, 6.5689 1.064 0.2598, 6.5748 1.064 0.2598, 6.5748 0.5776 0.2598, 7.6772 0.5776 0.2598, -2.0996 -0.05 0.2598, -2.0799 -0.0975 0.2598, -1.7126 0.001 0.2598, -1.7193 0.0519 0.2598, -2.1063 0.001 0.2598, -1.739 -0.0975 0.2598, -1.7193 -0.05 0.2598, -2.0486 -0.1382 0.2598, -2.0079 -0.1695 0.2598, -1.9604 -0.1892 0.2598, -2.0079 0.1714 0.2598, -2.0486 0.1402 0.2598, -2.3077 0.2372 0.2598, -2.0799 0.0994 0.2598, -2.0996 0.0519 0.2598, -1.9094 -0.1959 0.2598, -1.8585 -0.1892 0.2598, -1.739 0.0994 0.2598, -1.7703 0.1402 0.2598, -1.811 0.1714 0.2598, -1.811 -0.1695 0.2598, -1.7703 -0.1382 0.2598, -1.8585 0.1911 0.2598, -1.9094 0.1978 0.2598, -1.9604 0.1911 0.2598, -2.6378 0.2766 0.2598, -2.1351 1.2444 0.2598, -1.6838 1.2444 0.2598, -1.6838 0.8787 0.2598, -2.1351 0.8787 0.2598, -7.6772 -0.5757 0.2598, -7.6772 -0.2353 0.2598, -7.6772 0.2372 0.2598, -7.6772 0.5776 0.2598, -7.6772 1.438 0.2598, 5.7815 0.3553 3.064, 5.7815 0.3553 2.6935, 5.9055 0.3553 1.9688, 3.4193 0.3553 3.064, 3.4193 0.3553 2.6935, 3.5433 0.3553 1.9688, 1.4508 0.3553 3.064, 1.4508 0.3553 2.6935, 1.5748 0.3553 1.9688, -1.3051 0.3553 2.6935, -1.4508 0.3553 2.6935, -1.6181 0.3553 1.9688, -1.4508 0.3553 3.064, -1.6181 0.3553 4.0, -1.3051 0.3553 3.064, -1.1811 0.3553 4.1969, -1.6329 0.3553 4.0148, -1.6329 0.3553 4.1969, -1.815 0.3553 4.1969, 6.0236 0.3553 1.4409, 6.1811 0.3553 1.4409, 6.9055 0.3553 1.9688, 6.5748 0.3553 1.2441, 6.9055 0.3553 1.2441, 6.5748 0.3553 1.4409, 6.4173 0.3553 1.4409, 6.4173 0.3553 1.2441, 6.1811 0.3553 1.2441, 5.5118 0.3553 1.2441, 5.6299 0.3553 1.2441, 5.6299 0.3553 1.4409, 5.7874 0.3553 1.2441, 5.9055 0.3553 1.2441, 5.7874 0.3553 1.4409, 5.5118 0.3553 1.9688, 5.1181 0.3553 1.2441, 5.2362 0.3553 1.2441, 5.2362 0.3553 1.4409, 4.7244 0.3553 1.2441, 4.8425 0.3553 1.2441, 4.8425 0.3553 1.4409, 5.0 0.3553 1.4409, 5.1181 0.3553 1.9688, 4.7244 0.3553 1.9688, 5.3937 0.3553 1.2441, 5.3937 0.3553 1.4409, 5.0 0.3553 1.2441, 4.3307 0.3553 1.2441, 4.4488 0.3553 1.2441, 4.4488 0.3553 1.4409, 3.6614 0.3553 1.4409, 3.8189 0.3553 1.4409, 4.3307 0.3553 1.9688, 4.2126 0.3553 1.4409, 4.0551 0.3553 1.4409, 4.0551 0.3553 1.2441, 3.8189 0.3553 1.2441, 4.6063 0.3553 1.2441, 4.6063 0.3553 1.4409, 4.2126 0.3553 1.2441, 3.1496 0.3553 1.2441, 3.2677 0.3553 1.2441, 3.2677 0.3553 1.4409, 2.7559 0.3553 1.2441, 2.874 0.3553 1.2441, 2.874 0.3553 1.4409, 3.0315 0.3553 1.4409, 3.1496 0.3553 1.9688, 2.7559 0.3553 1.9688, 3.4252 0.3553 1.2441, 3.5433 0.3553 1.2441, 3.4252 0.3553 1.4409, 3.0315 0.3553 1.2441, 2.3622 0.3553 1.2441, 2.4803 0.3553 1.2441, 2.4803 0.3553 1.4409, 1.6929 0.3553 1.4409, 1.8504 0.3553 1.4409, 2.3622 0.3553 1.9688, 2.2441 0.3553 1.4409, 2.0866 0.3553 1.4409, 2.0866 0.3553 1.2441, 1.8504 0.3553 1.2441, 2.6378 0.3553 1.2441, 2.6378 0.3553 1.4409, 2.2441 0.3553 1.2441, 1.1811 0.3553 1.2441, 1.2992 0.3553 1.2441, 1.2992 0.3553 1.4409, 0.7874 0.3553 1.2441, 0.9055 0.3553 1.2441, 0.9055 0.3553 1.4409, 1.063 0.3553 1.4409, 1.1811 0.3553 1.9688, 0.7874 0.3553 1.9688, 1.4567 0.3553 1.2441, 1.5748 0.3553 1.2441, 1.4567 0.3553 1.4409, 1.063 0.3553 1.2441, 0.3937 0.3553 1.2441, 0.5118 0.3553 1.2441, 0.5118 0.3553 1.4409, -0.2756 0.3553 1.4409, -0.1181 0.3553 1.4409, 0.3937 0.3553 1.9688, 0.2756 0.3553 1.4409, 0.1181 0.3553 1.4409, 0.1181 0.3553 1.2441, -0.1181 0.3553 1.2441, 0.6693 0.3553 1.2441, 0.6693 0.3553 1.4409, 0.2756 0.3553 1.2441, -0.7874 0.3553 1.2441, -0.6693 0.3553 1.2441, -0.6693 0.3553 1.4409, -0.5118 0.3553 1.2441, -0.3937 0.3553 1.2441, -0.5118 0.3553 1.4409, -0.3937 0.3553 1.9688, -0.7874 0.3553 1.9688, -1.1811 0.3553 1.2441, -1.063 0.3553 1.2441, -1.063 0.3553 1.4409, -1.6181 0.3553 1.2441, -1.4567 0.3553 1.4409, -1.4567 0.3553 1.2441, -1.1811 0.3553 1.9688, -1.2992 0.3553 1.4409, -0.9055 0.3553 1.2441, -0.9055 0.3553 1.4409, -1.2992 0.3553 1.2441, -0.9114 0.3553 2.6935, -1.0571 0.3553 2.6935, -1.0571 0.3553 3.064, -0.9114 0.3553 3.064, -0.7874 0.3553 4.1969, -0.5177 0.3553 2.6935, -0.6634 0.3553 2.6935, -0.6634 0.3553 3.064, -0.5177 0.3553 3.064, -0.3937 0.3553 4.1969, -0.124 0.3553 2.6935, -0.2697 0.3553 2.6935, -0.2697 0.3553 3.064, -0.124 0.3553 3.064, 0.3937 0.3553 4.1969, 0.2697 0.3553 2.6935, 0.124 0.3553 2.6935, 0.2697 0.3553 3.064, 0.124 0.3553 3.064, -0.2756 0.3553 1.2441, 0.6634 0.3553 2.6935, 0.5177 0.3553 2.6935, 0.5177 0.3553 3.064, 0.6634 0.3553 3.064, 0.7874 0.3553 4.1969, 1.0571 0.3553 2.6935, 0.9114 0.3553 2.6935, 0.9114 0.3553 3.064, 1.0571 0.3553 3.064, 1.1811 0.3553 4.1969, 1.3051 0.3553 2.6935, 1.3051 0.3553 3.064, 1.5748 0.3553 4.1969, 2.2382 0.3553 2.6935, 2.0925 0.3553 2.6935, 1.8445 0.3553 2.6935, 1.6988 0.3553 2.6935, 1.6988 0.3553 3.064, 1.9685 0.3553 4.1969, 1.8445 0.3553 3.064, 2.3622 0.3553 4.1969, 2.2382 0.3553 3.064, 2.0925 0.3553 3.064, 1.6929 0.3553 1.2441, 2.6319 0.3553 2.6935, 2.4862 0.3553 2.6935, 2.4862 0.3553 3.064, 2.6319 0.3553 3.064, 2.7559 0.3553 4.1969, 3.0256 0.3553 2.6935, 2.8799 0.3553 2.6935, 2.8799 0.3553 3.064, 3.0256 0.3553 3.064, 3.1496 0.3553 4.1969, 3.2736 0.3553 2.6935, 3.2736 0.3553 3.064, 3.5433 0.3553 4.1969, 3.813 0.3553 2.6935, 3.6673 0.3553 2.6935, 3.6673 0.3553 3.064, 3.937 0.3553 4.1969, 3.813 0.3553 3.064, 4.3307 0.3553 4.1969, 4.2067 0.3553 2.6935, 4.061 0.3553 2.6935, 4.2067 0.3553 3.064, 4.061 0.3553 3.064, 3.6614 0.3553 1.2441, 4.6004 0.3553 2.6935, 4.4547 0.3553 2.6935, 4.4547 0.3553 3.064, 4.6004 0.3553 3.064, 4.7244 0.3553 4.1969, 4.9941 0.3553 2.6935, 4.8484 0.3553 2.6935, 4.8484 0.3553 3.064, 4.9941 0.3553 3.064, 5.1181 0.3553 4.1969, 5.3878 0.3553 2.6935, 5.2421 0.3553 2.6935, 5.2421 0.3553 3.064, 5.3878 0.3553 3.064, 5.5118 0.3553 4.1969, 5.6358 0.3553 2.6935, 5.6358 0.3553 3.064, 5.9055 0.3553 4.1969, 6.1752 0.3553 2.6935, 6.0295 0.3553 2.6935, 6.0295 0.3553 3.064, 6.2992 0.3553 4.1969, 6.1752 0.3553 3.064, 6.9055 0.3553 4.1969, 6.5689 0.3553 2.6935, 6.4232 0.3553 2.6935, 6.5689 0.3553 3.064, 6.4232 0.3553 3.064, 6.0236 0.3553 1.2441, -1.4508 0.6703 2.1707, -1.4508 0.6703 3.242, -1.3051 0.6703 2.1707, -1.3051 0.6703 3.242, -1.3051 0.6703 1.9745, -1.2992 0.6703 1.4409, -1.4508 0.6703 1.9745, -1.4567 0.6703 1.4409, -1.4567 0.6703 4.1969, -1.2992 0.6703 4.1969, -1.3051 0.6703 3.2881, -1.4508 0.6703 3.2881, -1.4508 1.064 1.272, -1.3051 1.064 1.272, -1.2992 1.064 4.1969, -1.4567 1.064 4.1969, -1.0571 0.6703 2.1707, -1.0571 0.6703 3.242, -0.9114 0.6703 2.1707, -0.9114 0.6703 3.242, -0.9114 0.6703 1.9745, -0.9055 0.6703 1.4409, -1.0571 0.6703 1.9745, -1.063 0.6703 1.4409, -1.063 0.6703 4.1969, -0.9055 0.6703 4.1969, -0.9114 0.6703 3.2881, -1.0571 0.6703 3.2881, -1.0571 1.064 1.272, -0.9114 1.064 1.272, -0.9055 1.064 4.1969, -1.063 1.064 4.1969, -0.6634 0.6703 2.1707, -0.6634 0.6703 3.242, -0.5177 0.6703 2.1707, -0.5177 0.6703 3.242, -0.5177 0.6703 1.9745, -0.5118 0.6703 1.4409, -0.6634 0.6703 1.9745, -0.6693 0.6703 1.4409, -0.6693 0.6703 4.1969, -0.5118 0.6703 4.1969, -0.5177 0.6703 3.2881, -0.6634 0.6703 3.2881, -0.6634 1.064 1.272, -0.5177 1.064 1.272, -0.5118 1.064 4.1969, -0.6693 1.064 4.1969, -0.2697 0.6703 2.1707, -0.2697 0.6703 3.242, -0.124 0.6703 2.1707, -0.124 0.6703 3.242, -0.124 0.6703 1.9745, -0.1181 0.6703 1.4409, -0.2697 0.6703 1.9745, -0.2756 0.6703 1.4409, -0.2756 0.6703 4.1969, -0.1181 0.6703 4.1969, -0.124 0.6703 3.2881, -0.2697 0.6703 3.2881, -0.2697 1.064 1.272, -0.124 1.064 1.272, -0.1181 1.064 4.1969, -0.2756 1.064 4.1969, 0.124 0.6703 2.1707, 0.124 0.6703 3.242, 0.2697 0.6703 2.1707, 0.2697 0.6703 3.242, 0.2697 0.6703 1.9745, 0.2756 0.6703 1.4409, 0.124 0.6703 1.9745, 0.1181 0.6703 1.4409, 0.1181 0.6703 4.1969, 0.2756 0.6703 4.1969, 0.2697 0.6703 3.2881, 0.124 0.6703 3.2881, 0.124 1.064 1.272, 0.2697 1.064 1.272, 0.2756 1.064 4.1969, 0.1181 1.064 4.1969, 0.5177 0.6703 2.1707, 0.5177 0.6703 3.242, 0.6634 0.6703 2.1707, 0.6634 0.6703 3.242, 0.6634 0.6703 1.9745, 0.6693 0.6703 1.4409, 0.5177 0.6703 1.9745, 0.5118 0.6703 1.4409, 0.5118 0.6703 4.1969, 0.6693 0.6703 4.1969, 0.6634 0.6703 3.2881, 0.5177 0.6703 3.2881, 0.5177 1.064 1.272, 0.6634 1.064 1.272, 0.6693 1.064 4.1969, 0.5118 1.064 4.1969, 0.9114 0.6703 2.1707, 0.9114 0.6703 3.242, 1.0571 0.6703 2.1707, 1.0571 0.6703 3.242, 1.0571 0.6703 1.9745, 1.063 0.6703 1.4409, 0.9114 0.6703 1.9745, 0.9055 0.6703 1.4409, 0.9055 0.6703 4.1969, 1.063 0.6703 4.1969, 1.0571 0.6703 3.2881, 0.9114 0.6703 3.2881, 0.9114 1.064 1.272, 1.0571 1.064 1.272, 1.063 1.064 4.1969, 0.9055 1.064 4.1969, 1.3051 0.6703 2.1707, 1.3051 0.6703 3.242, 1.4508 0.6703 2.1707, 1.4508 0.6703 3.242, 1.4508 0.6703 1.9745, 1.4567 0.6703 1.4409, 1.3051 0.6703 1.9745, 1.2992 0.6703 1.4409, 1.2992 0.6703 4.1969, 1.4567 0.6703 4.1969, 1.4508 0.6703 3.2881, 1.3051 0.6703 3.2881, 1.3051 1.064 1.272, 1.4508 1.064 1.272, 1.4567 1.064 4.1969, 1.2992 1.064 4.1969, 1.6988 0.6703 2.1707, 1.6988 0.6703 3.242, 1.8445 0.6703 2.1707, 1.8445 0.6703 3.242, 1.8445 0.6703 1.9745, 1.8504 0.6703 1.4409, 1.6988 0.6703 1.9745, 1.6929 0.6703 1.4409, 1.6929 0.6703 4.1969, 1.8504 0.6703 4.1969, 1.8445 0.6703 3.2881, 1.6988 0.6703 3.2881, 1.6988 1.064 1.272, 1.8445 1.064 1.272, 1.8504 1.064 4.1969, 1.6929 1.064 4.1969, 2.0925 0.6703 2.1707, 2.0925 0.6703 3.242, 2.2382 0.6703 2.1707, 2.2382 0.6703 3.242, 2.2382 0.6703 1.9745, 2.2441 0.6703 1.4409, 2.0925 0.6703 1.9745, 2.0866 0.6703 1.4409, 2.0866 0.6703 4.1969, 2.2441 0.6703 4.1969, 2.2382 0.6703 3.2881, 2.0925 0.6703 3.2881, 2.0925 1.064 1.272, 2.2382 1.064 1.272, 2.2441 1.064 4.1969, 2.0866 1.064 4.1969, 2.4862 0.6703 2.1707, 2.4862 0.6703 3.242, 2.6319 0.6703 2.1707, 2.6319 0.6703 3.242, 2.6319 0.6703 1.9745, 2.6378 0.6703 1.4409, 2.4862 0.6703 1.9745, 2.4803 0.6703 1.4409, 2.4803 0.6703 4.1969, 2.6378 0.6703 4.1969, 2.6319 0.6703 3.2881, 2.4862 0.6703 3.2881, 2.4862 1.064 1.272, 2.6319 1.064 1.272, 2.6378 1.064 4.1969, 2.4803 1.064 4.1969, 2.8799 0.6703 2.1707, 2.8799 0.6703 3.242, 3.0256 0.6703 2.1707, 3.0256 0.6703 3.242, 3.0256 0.6703 1.9745, 3.0315 0.6703 1.4409, 2.8799 0.6703 1.9745, 2.874 0.6703 1.4409, 2.874 0.6703 4.1969, 3.0315 0.6703 4.1969, 3.0256 0.6703 3.2881, 2.8799 0.6703 3.2881, 2.8799 1.064 1.272, 3.0256 1.064 1.272, 3.0315 1.064 4.1969, 2.874 1.064 4.1969, 3.2736 0.6703 2.1707, 3.2736 0.6703 3.242, 3.4193 0.6703 2.1707, 3.4193 0.6703 3.242, 3.4193 0.6703 1.9745, 3.4252 0.6703 1.4409, 3.2736 0.6703 1.9745, 3.2677 0.6703 1.4409, 3.2677 0.6703 4.1969, 3.4252 0.6703 4.1969, 3.4193 0.6703 3.2881, 3.2736 0.6703 3.2881, 3.2736 1.064 1.272, 3.4193 1.064 1.272, 3.4252 1.064 4.1969, 3.2677 1.064 4.1969, 3.6673 0.6703 2.1707, 3.6673 0.6703 3.242, 3.813 0.6703 2.1707, 3.813 0.6703 3.242, 3.813 0.6703 1.9745, 3.8189 0.6703 1.4409, 3.6673 0.6703 1.9745, 3.6614 0.6703 1.4409, 3.6614 0.6703 4.1969, 3.8189 0.6703 4.1969, 3.813 0.6703 3.2881, 3.6673 0.6703 3.2881, 3.6673 1.064 1.272, 3.813 1.064 1.272, 3.8189 1.064 4.1969, 3.6614 1.064 4.1969, 4.061 0.6703 2.1707, 4.061 0.6703 3.242, 4.2067 0.6703 2.1707, 4.2067 0.6703 3.242, 4.2067 0.6703 1.9745, 4.2126 0.6703 1.4409, 4.061 0.6703 1.9745, 4.0551 0.6703 1.4409, 4.0551 0.6703 4.1969, 4.2126 0.6703 4.1969, 4.2067 0.6703 3.2881, 4.061 0.6703 3.2881, 4.061 1.064 1.272, 4.2067 1.064 1.272, 4.2126 1.064 4.1969, 4.0551 1.064 4.1969, 4.4547 0.6703 2.1707, 4.4547 0.6703 3.242, 4.6004 0.6703 2.1707, 4.6004 0.6703 3.242, 4.6004 0.6703 1.9745, 4.6063 0.6703 1.4409, 4.4547 0.6703 1.9745, 4.4488 0.6703 1.4409, 4.4488 0.6703 4.1969, 4.6063 0.6703 4.1969, 4.6004 0.6703 3.2881, 4.4547 0.6703 3.2881, 4.4547 1.064 1.272, 4.6004 1.064 1.272, 4.6063 1.064 4.1969, 4.4488 1.064 4.1969, 4.8484 0.6703 2.1707, 4.8484 0.6703 3.242, 4.9941 0.6703 2.1707, 4.9941 0.6703 3.242, 4.9941 0.6703 1.9745, 5.0 0.6703 1.4409, 4.8484 0.6703 1.9745, 4.8425 0.6703 1.4409, 4.8425 0.6703 4.1969, 5.0 0.6703 4.1969, 4.9941 0.6703 3.2881, 4.8484 0.6703 3.2881, 4.8484 1.064 1.272, 4.9941 1.064 1.272, 5.0 1.064 4.1969, 4.8425 1.064 4.1969, 5.2421 0.6703 2.1707, 5.2421 0.6703 3.242, 5.3878 0.6703 2.1707, 5.3878 0.6703 3.242, 5.3878 0.6703 1.9745, 5.3937 0.6703 1.4409, 5.2421 0.6703 1.9745, 5.2362 0.6703 1.4409, 5.2362 0.6703 4.1969, 5.3937 0.6703 4.1969, 5.3878 0.6703 3.2881, 5.2421 0.6703 3.2881, 5.2421 1.064 1.272, 5.3878 1.064 1.272, 5.3937 1.064 4.1969, 5.2362 1.064 4.1969, 5.6358 0.6703 2.1707, 5.6358 0.6703 3.242, 5.7815 0.6703 2.1707, 5.7815 0.6703 3.242, 5.7815 0.6703 1.9745, 5.7874 0.6703 1.4409, 5.6358 0.6703 1.9745, 5.6299 0.6703 1.4409, 5.6299 0.6703 4.1969, 5.7874 0.6703 4.1969, 5.7815 0.6703 3.2881, 5.6358 0.6703 3.2881, 5.6358 1.064 1.272, 5.7815 1.064 1.272, 5.7874 1.064 4.1969, 5.6299 1.064 4.1969, 6.0295 0.6703 2.1707, 6.0295 0.6703 3.242, 6.1752 0.6703 2.1707, 6.1752 0.6703 3.242, 6.1752 0.6703 1.9745, 6.1811 0.6703 1.4409, 6.0295 0.6703 1.9745, 6.0236 0.6703 1.4409, 6.0236 0.6703 4.1969, 6.1811 0.6703 4.1969, 6.1752 0.6703 3.2881, 6.0295 0.6703 3.2881, 6.0295 1.064 1.272, 6.1752 1.064 1.272, 6.1811 1.064 4.1969, 6.0236 1.064 4.1969, 6.4232 0.6703 2.1707, 6.4232 0.6703 3.242, 6.5689 0.6703 2.1707, 6.5689 0.6703 3.242, 6.5689 0.6703 1.9745, 6.5748 0.6703 1.4409, 6.4232 0.6703 1.9745, 6.4173 0.6703 1.4409, 6.4173 0.6703 4.1969, 6.5748 0.6703 4.1969, 6.5689 0.6703 3.2881, 6.4232 0.6703 3.2881, 6.4232 1.064 1.272, 6.5689 1.064 1.272, 6.5748 1.064 4.1969, 6.4173 1.064 4.1969, 6.0236 -0.3534 1.4409, 6.0236 -0.3534 1.2441, 5.9055 -0.3534 1.2441, 5.6299 -0.3534 1.4409, 5.6299 -0.3534 1.2441, 5.5118 -0.3534 1.2441, 5.2362 -0.3534 1.4409, 5.2362 -0.3534 1.2441, 5.1181 -0.3534 1.2441, 4.8425 -0.3534 1.4409, 4.8425 -0.3534 1.2441, 4.7244 -0.3534 1.2441, 4.4488 -0.3534 1.4409, 4.4488 -0.3534 1.2441, 4.3307 -0.3534 1.2441, 3.6614 -0.3534 1.4409, 3.6614 -0.3534 1.2441, 3.5433 -0.3534 1.2441, 3.2677 -0.3534 1.4409, 3.2677 -0.3534 1.2441, 3.1496 -0.3534 1.2441, 2.874 -0.3534 1.4409, 2.874 -0.3534 1.2441, 2.7559 -0.3534 1.2441, 2.4803 -0.3534 1.4409, 2.4803 -0.3534 1.2441, 2.3622 -0.3534 1.2441, 1.6929 -0.3534 1.4409, 1.6929 -0.3534 1.2441, 1.5748 -0.3534 1.2441, 1.2992 -0.3534 1.4409, 1.2992 -0.3534 1.2441, 1.1811 -0.3534 1.2441, 0.9055 -0.3534 1.4409, 0.9055 -0.3534 1.2441, 0.7874 -0.3534 1.2441, 0.5118 -0.3534 1.4409, 0.5118 -0.3534 1.2441, 0.3937 -0.3534 1.2441, -0.2756 -0.3534 1.4409, -0.2756 -0.3534 1.2441, -0.3937 -0.3534 1.2441, -0.6693 -0.3534 1.4409, -0.6693 -0.3534 1.2441, -0.7874 -0.3534 1.2441, -1.063 -0.3534 1.4409, -1.063 -0.3534 1.2441, -1.1811 -0.3534 1.2441, -1.4567 -0.3534 1.4409, -1.4567 -0.3534 1.2441, -1.6181 -0.3534 1.2441, -1.1811 -0.3534 4.1969, -1.6181 -0.3534 4.0, -1.6329 -0.3534 4.1969, -1.6329 -0.3534 4.0148, -1.815 -0.3534 4.1969, -1.3051 -0.3534 2.6935, -1.3051 -0.3534 3.064, -1.1811 -0.3534 3.6304, -1.2992 -0.3534 1.2441, -1.2992 -0.3534 1.4409, -1.6181 -0.3534 3.6304, -1.4508 -0.3534 3.064, -1.4508 -0.3534 2.6935, -0.9114 -0.3534 2.6935, -0.9114 -0.3534 3.064, -0.7874 -0.3534 3.6304, -0.9055 -0.3534 1.2441, -0.9055 -0.3534 1.4409, -1.0571 -0.3534 3.064, -1.0571 -0.3534 2.6935, -0.5177 -0.3534 2.6935, -0.5177 -0.3534 3.064, -0.3937 -0.3534 3.6304, -0.5118 -0.3534 1.2441, -0.5118 -0.3534 1.4409, -0.6634 -0.3534 3.064, -0.6634 -0.3534 2.6935, 0.2697 -0.3534 2.6935, 0.2697 -0.3534 3.064, 0.3937 -0.3534 3.6304, 0.2756 -0.3534 1.2441, 0.2756 -0.3534 1.4409, -0.124 -0.3534 3.064, 0.124 -0.3534 3.064, -0.124 -0.3534 2.6935, 0.124 -0.3534 2.6935, 0.1181 -0.3534 1.4409, -0.2697 -0.3534 2.6935, -0.2697 -0.3534 3.064, -0.1181 -0.3534 1.4409, -0.1181 -0.3534 1.2441, 0.1181 -0.3534 1.2441, 0.6634 -0.3534 2.6935, 0.6634 -0.3534 3.064, 0.7874 -0.3534 3.6304, 0.6693 -0.3534 1.2441, 0.6693 -0.3534 1.4409, 0.5177 -0.3534 3.064, 0.5177 -0.3534 2.6935, 1.0571 -0.3534 2.6935, 1.0571 -0.3534 3.064, 1.1811 -0.3534 3.6304, 1.063 -0.3534 1.2441, 1.063 -0.3534 1.4409, 0.9114 -0.3534 3.064, 0.9114 -0.3534 2.6935, 1.4508 -0.3534 2.6935, 1.4508 -0.3534 3.064, 1.5748 -0.3534 3.6304, 1.4567 -0.3534 1.2441, 1.4567 -0.3534 1.4409, 1.3051 -0.3534 3.064, 1.3051 -0.3534 2.6935, 2.2382 -0.3534 2.6935, 2.2382 -0.3534 3.064, 2.3622 -0.3534 3.6304, 2.2441 -0.3534 1.2441, 2.2441 -0.3534 1.4409, 1.8445 -0.3534 3.064, 2.0925 -0.3534 3.064, 1.8445 -0.3534 2.6935, 2.0925 -0.3534 2.6935, 2.0866 -0.3534 1.4409, 1.6988 -0.3534 2.6935, 1.6988 -0.3534 3.064, 1.8504 -0.3534 1.4409, 1.8504 -0.3534 1.2441, 2.0866 -0.3534 1.2441, 2.6319 -0.3534 2.6935, 2.6319 -0.3534 3.064, 2.7559 -0.3534 3.6304, 2.6378 -0.3534 1.2441, 2.6378 -0.3534 1.4409, 2.4862 -0.3534 3.064, 2.4862 -0.3534 2.6935, 3.0256 -0.3534 2.6935, 3.0256 -0.3534 3.064, 3.1496 -0.3534 3.6304, 3.0315 -0.3534 1.2441, 3.0315 -0.3534 1.4409, 2.8799 -0.3534 3.064, 2.8799 -0.3534 2.6935, 3.4193 -0.3534 2.6935, 3.4193 -0.3534 3.064, 3.5433 -0.3534 3.6304, 3.4252 -0.3534 1.2441, 3.4252 -0.3534 1.4409, 3.2736 -0.3534 3.064, 3.2736 -0.3534 2.6935, 4.0551 -0.3534 1.4409, 4.0551 -0.3534 1.2441, 3.8189 -0.3534 1.2441, 4.061 -0.3534 2.6935, 4.2067 -0.3534 2.6935, 3.8189 -0.3534 1.4409, 4.2126 -0.3534 1.4409, 4.3307 -0.3534 3.6304, 3.813 -0.3534 3.064, 3.6673 -0.3534 3.064, 3.6673 -0.3534 2.6935, 4.2067 -0.3534 3.064, 4.061 -0.3534 3.064, 3.813 -0.3534 2.6935, 4.6004 -0.3534 2.6935, 4.6004 -0.3534 3.064, 4.7244 -0.3534 3.6304, 4.6063 -0.3534 1.2441, 4.6063 -0.3534 1.4409, 4.4547 -0.3534 3.064, 4.4547 -0.3534 2.6935, 4.9941 -0.3534 2.6935, 4.9941 -0.3534 3.064, 5.1181 -0.3534 3.6304, 5.0 -0.3534 1.2441, 5.0 -0.3534 1.4409, 4.8484 -0.3534 3.064, 4.8484 -0.3534 2.6935, 5.3878 -0.3534 2.6935, 5.3878 -0.3534 3.064, 5.5118 -0.3534 3.6304, 5.3937 -0.3534 1.2441, 5.3937 -0.3534 1.4409, 5.2421 -0.3534 3.064, 5.2421 -0.3534 2.6935, 5.7815 -0.3534 2.6935, 5.7815 -0.3534 3.064, 5.9055 -0.3534 3.6304, 5.7874 -0.3534 1.2441, 5.7874 -0.3534 1.4409, 5.6358 -0.3534 3.064, 5.6358 -0.3534 2.6935, 6.0295 -0.3534 2.6935, 6.5748 -0.3534 1.4409, 6.4173 -0.3534 1.4409, 6.1752 -0.3534 2.6935, 6.9055 -0.3534 1.2441, 6.5748 -0.3534 1.2441, 6.5689 -0.3534 3.064, 6.9055 -0.3534 3.6304, 6.5689 -0.3534 2.6935, 6.4232 -0.3534 2.6935, 6.4232 -0.3534 3.064, 6.1752 -0.3534 3.064, 6.0295 -0.3534 3.064, 4.2126 -0.3534 1.2441, 6.1811 -0.3534 1.4409, 6.1811 -0.3534 1.2441, 6.4173 -0.3534 1.2441, 1.5748 -0.3534 4.1969, 1.1811 -0.3534 4.1969, 0.7874 -0.3534 4.1969, 0.3937 -0.3534 4.1969, -0.3937 -0.3534 4.1969, -0.7874 -0.3534 4.1969, 1.9685 -0.3534 4.1969, 3.5433 -0.3534 4.1969, 3.1496 -0.3534 4.1969, 2.7559 -0.3534 4.1969, 2.3622 -0.3534 4.1969, 3.937 -0.3534 4.1969, 6.9055 -0.3534 4.1969, 6.2992 -0.3534 4.1969, 5.9055 -0.3534 4.1969, 5.5118 -0.3534 4.1969, 5.1181 -0.3534 4.1969, 4.7244 -0.3534 4.1969, 4.3307 -0.3534 4.1969, -1.2992 -0.6683 1.4409, -1.3051 -0.6683 1.9745, -1.4567 -0.6683 1.4409, -1.4508 -0.6683 1.9745, -1.4508 -0.6683 3.242, -1.4508 -0.6683 2.1707, -1.3051 -0.6683 3.242, -1.3051 -0.6683 2.1707, -1.4567 -0.6683 4.1969, -1.4508 -0.6683 3.2881, -1.2992 -0.6683 4.1969, -1.3051 -0.6683 3.2881, -1.3051 -1.062 1.272, -1.4508 -1.062 1.272, -1.4567 -1.062 4.1969, -1.2992 -1.062 4.1969, -0.9055 -0.6683 1.4409, -0.9114 -0.6683 1.9745, -1.063 -0.6683 1.4409, -1.0571 -0.6683 1.9745, -1.0571 -0.6683 3.242, -1.0571 -0.6683 2.1707, -0.9114 -0.6683 3.242, -0.9114 -0.6683 2.1707, -1.063 -0.6683 4.1969, -1.0571 -0.6683 3.2881, -0.9055 -0.6683 4.1969, -0.9114 -0.6683 3.2881, -0.9114 -1.062 1.272, -1.0571 -1.062 1.272, -1.063 -1.062 4.1969, -0.9055 -1.062 4.1969, -0.5118 -0.6683 1.4409, -0.5177 -0.6683 1.9745, -0.6693 -0.6683 1.4409, -0.6634 -0.6683 1.9745, -0.6634 -0.6683 3.242, -0.6634 -0.6683 2.1707, -0.5177 -0.6683 3.242, -0.5177 -0.6683 2.1707, -0.6693 -0.6683 4.1969, -0.6634 -0.6683 3.2881, -0.5118 -0.6683 4.1969, -0.5177 -0.6683 3.2881, -0.5177 -1.062 1.272, -0.6634 -1.062 1.272, -0.6693 -1.062 4.1969, -0.5118 -1.062 4.1969, -0.1181 -0.6683 1.4409, -0.124 -0.6683 1.9745, -0.2756 -0.6683 1.4409, -0.2697 -0.6683 1.9745, -0.2697 -0.6683 3.242, -0.2697 -0.6683 2.1707, -0.124 -0.6683 3.242, -0.124 -0.6683 2.1707, -0.2756 -0.6683 4.1969, -0.2697 -0.6683 3.2881, -0.1181 -0.6683 4.1969, -0.124 -0.6683 3.2881, -0.124 -1.062 1.272, -0.2697 -1.062 1.272, -0.2756 -1.062 4.1969, -0.1181 -1.062 4.1969, 0.2756 -0.6683 1.4409, 0.2697 -0.6683 1.9745, 0.1181 -0.6683 1.4409, 0.124 -0.6683 1.9745, 0.124 -0.6683 3.242, 0.124 -0.6683 2.1707, 0.2697 -0.6683 3.242, 0.2697 -0.6683 2.1707, 0.1181 -0.6683 4.1969, 0.124 -0.6683 3.2881, 0.2756 -0.6683 4.1969, 0.2697 -0.6683 3.2881, 0.2697 -1.062 1.272, 0.124 -1.062 1.272, 0.1181 -1.062 4.1969, 0.2756 -1.062 4.1969, 0.6693 -0.6683 1.4409, 0.6634 -0.6683 1.9745, 0.5118 -0.6683 1.4409, 0.5177 -0.6683 1.9745, 0.5177 -0.6683 3.242, 0.5177 -0.6683 2.1707, 0.6634 -0.6683 3.242, 0.6634 -0.6683 2.1707, 0.5118 -0.6683 4.1969, 0.5177 -0.6683 3.2881, 0.6693 -0.6683 4.1969, 0.6634 -0.6683 3.2881, 0.6634 -1.062 1.272, 0.5177 -1.062 1.272, 0.5118 -1.062 4.1969, 0.6693 -1.062 4.1969, 1.063 -0.6683 1.4409, 1.0571 -0.6683 1.9745, 0.9055 -0.6683 1.4409, 0.9114 -0.6683 1.9745, 0.9114 -0.6683 3.242, 0.9114 -0.6683 2.1707, 1.0571 -0.6683 3.242, 1.0571 -0.6683 2.1707, 0.9055 -0.6683 4.1969, 0.9114 -0.6683 3.2881, 1.063 -0.6683 4.1969, 1.0571 -0.6683 3.2881, 1.0571 -1.062 1.272, 0.9114 -1.062 1.272, 0.9055 -1.062 4.1969, 1.063 -1.062 4.1969, 1.4567 -0.6683 1.4409, 1.4508 -0.6683 1.9745, 1.2992 -0.6683 1.4409, 1.3051 -0.6683 1.9745, 1.3051 -0.6683 3.242, 1.3051 -0.6683 2.1707, 1.4508 -0.6683 3.242, 1.4508 -0.6683 2.1707, 1.2992 -0.6683 4.1969, 1.3051 -0.6683 3.2881, 1.4567 -0.6683 4.1969, 1.4508 -0.6683 3.2881, 1.4508 -1.062 1.272, 1.3051 -1.062 1.272, 1.2992 -1.062 4.1969, 1.4567 -1.062 4.1969, 1.8504 -0.6683 1.4409, 1.8445 -0.6683 1.9745, 1.6929 -0.6683 1.4409, 1.6988 -0.6683 1.9745, 1.6988 -0.6683 3.242, 1.6988 -0.6683 2.1707, 1.8445 -0.6683 3.242, 1.8445 -0.6683 2.1707, 1.6929 -0.6683 4.1969, 1.6988 -0.6683 3.2881, 1.8504 -0.6683 4.1969, 1.8445 -0.6683 3.2881, 1.8445 -1.062 1.272, 1.6988 -1.062 1.272, 1.6929 -1.062 4.1969, 1.8504 -1.062 4.1969, 2.2441 -0.6683 1.4409, 2.2382 -0.6683 1.9745, 2.0866 -0.6683 1.4409, 2.0925 -0.6683 1.9745, 2.0925 -0.6683 3.242, 2.0925 -0.6683 2.1707, 2.2382 -0.6683 3.242, 2.2382 -0.6683 2.1707, 2.0866 -0.6683 4.1969, 2.0925 -0.6683 3.2881, 2.2441 -0.6683 4.1969, 2.2382 -0.6683 3.2881, 2.2382 -1.062 1.272, 2.0925 -1.062 1.272, 2.0866 -1.062 4.1969, 2.2441 -1.062 4.1969, 2.6378 -0.6683 1.4409, 2.6319 -0.6683 1.9745, 2.4803 -0.6683 1.4409, 2.4862 -0.6683 1.9745, 2.4862 -0.6683 3.242, 2.4862 -0.6683 2.1707, 2.6319 -0.6683 3.242, 2.6319 -0.6683 2.1707, 2.4803 -0.6683 4.1969, 2.4862 -0.6683 3.2881, 2.6378 -0.6683 4.1969, 2.6319 -0.6683 3.2881, 2.6319 -1.062 1.272, 2.4862 -1.062 1.272, 2.4803 -1.062 4.1969, 2.6378 -1.062 4.1969, 3.0315 -0.6683 1.4409, 3.0256 -0.6683 1.9745, 2.874 -0.6683 1.4409, 2.8799 -0.6683 1.9745, 2.8799 -0.6683 3.242, 2.8799 -0.6683 2.1707, 3.0256 -0.6683 3.242, 3.0256 -0.6683 2.1707, 2.874 -0.6683 4.1969, 2.8799 -0.6683 3.2881, 3.0315 -0.6683 4.1969, 3.0256 -0.6683 3.2881, 3.0256 -1.062 1.272, 2.8799 -1.062 1.272, 2.874 -1.062 4.1969, 3.0315 -1.062 4.1969, 3.4252 -0.6683 1.4409, 3.4193 -0.6683 1.9745, 3.2677 -0.6683 1.4409, 3.2736 -0.6683 1.9745, 3.2736 -0.6683 3.242, 3.2736 -0.6683 2.1707, 3.4193 -0.6683 3.242, 3.4193 -0.6683 2.1707, 3.2677 -0.6683 4.1969, 3.2736 -0.6683 3.2881, 3.4252 -0.6683 4.1969, 3.4193 -0.6683 3.2881, 3.4193 -1.062 1.272, 3.2736 -1.062 1.272, 3.2677 -1.062 4.1969, 3.4252 -1.062 4.1969, 3.8189 -0.6683 1.4409, 3.813 -0.6683 1.9745, 3.6614 -0.6683 1.4409, 3.6673 -0.6683 1.9745, 3.6673 -0.6683 3.242, 3.6673 -0.6683 2.1707, 3.813 -0.6683 3.242, 3.813 -0.6683 2.1707, 3.6614 -0.6683 4.1969, 3.6673 -0.6683 3.2881, 3.8189 -0.6683 4.1969, 3.813 -0.6683 3.2881, 3.813 -1.062 1.272, 3.6673 -1.062 1.272, 3.6614 -1.062 4.1969, 3.8189 -1.062 4.1969, 4.2126 -0.6683 1.4409, 4.2067 -0.6683 1.9745, 4.0551 -0.6683 1.4409, 4.061 -0.6683 1.9745, 4.061 -0.6683 3.242, 4.061 -0.6683 2.1707, 4.2067 -0.6683 3.242, 4.2067 -0.6683 2.1707, 4.0551 -0.6683 4.1969, 4.061 -0.6683 3.2881, 4.2126 -0.6683 4.1969, 4.2067 -0.6683 3.2881, 4.2067 -1.062 1.272, 4.061 -1.062 1.272, 4.0551 -1.062 4.1969, 4.2126 -1.062 4.1969, 4.6063 -0.6683 1.4409, 4.6004 -0.6683 1.9745, 4.4488 -0.6683 1.4409, 4.4547 -0.6683 1.9745, 4.4547 -0.6683 3.242, 4.4547 -0.6683 2.1707, 4.6004 -0.6683 3.242, 4.6004 -0.6683 2.1707, 4.4488 -0.6683 4.1969, 4.4547 -0.6683 3.2881, 4.6063 -0.6683 4.1969, 4.6004 -0.6683 3.2881, 4.6004 -1.062 1.272, 4.4547 -1.062 1.272, 4.4488 -1.062 4.1969, 4.6063 -1.062 4.1969, 5.0 -0.6683 1.4409, 4.9941 -0.6683 1.9745, 4.8425 -0.6683 1.4409, 4.8484 -0.6683 1.9745, 4.8484 -0.6683 3.242, 4.8484 -0.6683 2.1707, 4.9941 -0.6683 3.242, 4.9941 -0.6683 2.1707, 4.8425 -0.6683 4.1969, 4.8484 -0.6683 3.2881, 5.0 -0.6683 4.1969, 4.9941 -0.6683 3.2881, 4.9941 -1.062 1.272, 4.8484 -1.062 1.272, 4.8425 -1.062 4.1969, 5.0 -1.062 4.1969, 5.3937 -0.6683 1.4409, 5.3878 -0.6683 1.9745, 5.2362 -0.6683 1.4409, 5.2421 -0.6683 1.9745, 5.2421 -0.6683 3.242, 5.2421 -0.6683 2.1707, 5.3878 -0.6683 3.242, 5.3878 -0.6683 2.1707, 5.2362 -0.6683 4.1969, 5.2421 -0.6683 3.2881, 5.3937 -0.6683 4.1969, 5.3878 -0.6683 3.2881, 5.3878 -1.062 1.272, 5.2421 -1.062 1.272, 5.2362 -1.062 4.1969, 5.3937 -1.062 4.1969, 5.7874 -0.6683 1.4409, 5.7815 -0.6683 1.9745, 5.6299 -0.6683 1.4409, 5.6358 -0.6683 1.9745, 5.6358 -0.6683 3.242, 5.6358 -0.6683 2.1707, 5.7815 -0.6683 3.242, 5.7815 -0.6683 2.1707, 5.6299 -0.6683 4.1969, 5.6358 -0.6683 3.2881, 5.7874 -0.6683 4.1969, 5.7815 -0.6683 3.2881, 5.7815 -1.062 1.272, 5.6358 -1.062 1.272, 5.6299 -1.062 4.1969, 5.7874 -1.062 4.1969, 6.1811 -0.6683 1.4409, 6.1752 -0.6683 1.9745, 6.0236 -0.6683 1.4409, 6.0295 -0.6683 1.9745, 6.0295 -0.6683 3.242, 6.0295 -0.6683 2.1707, 6.1752 -0.6683 3.242, 6.1752 -0.6683 2.1707, 6.0236 -0.6683 4.1969, 6.0295 -0.6683 3.2881, 6.1811 -0.6683 4.1969, 6.1752 -0.6683 3.2881, 6.1752 -1.062 1.272, 6.0295 -1.062 1.272, 6.0236 -1.062 4.1969, 6.1811 -1.062 4.1969, 6.5748 -0.6683 1.4409, 6.5689 -0.6683 1.9745, 6.4173 -0.6683 1.4409, 6.4232 -0.6683 1.9745, 6.4232 -0.6683 3.242, 6.4232 -0.6683 2.1707, 6.5689 -0.6683 3.242, 6.5689 -0.6683 2.1707, 6.4173 -0.6683 4.1969, 6.4232 -0.6683 3.2881, 6.5748 -0.6683 4.1969, 6.5689 -0.6683 3.2881, 6.5689 -1.062 1.272, 6.4232 -1.062 1.272, 6.4173 -1.062 4.1969, 6.5748 -1.062 4.1969, -2.8799 0.6703 1.9745, -2.8799 0.6703 2.1707, -2.874 0.6703 1.4409, -3.0256 0.6703 1.9745, -3.0315 0.6703 1.4409, -3.0256 0.6703 2.1707, -3.0315 0.6703 4.1969, -2.874 0.6703 4.1969, -6.1752 -0.6683 2.1707, -6.1811 -0.6683 4.1969, -6.1811 -0.6683 1.4409, -6.0236 -0.6683 4.1969, -6.0295 -0.6683 2.1707, -6.0236 -0.6683 1.4409, -6.0295 -0.6683 1.9745, -6.1752 -0.6683 1.9745, -6.4232 0.6703 1.9745, -6.4232 0.6703 2.1707, -6.4173 0.6703 1.4409, -6.5689 0.6703 1.9745, -6.5748 0.6703 1.4409, -6.5689 0.6703 2.1707, -6.5748 0.6703 4.1969, -6.4173 0.6703 4.1969, -6.5689 -0.6683 2.1707, -6.5748 -0.6683 4.1969, -6.5748 -0.6683 1.4409, -6.4173 -0.6683 4.1969, -6.4232 -0.6683 2.1707, -6.4173 -0.6683 1.4409, -6.4232 -0.6683 1.9745, -6.5689 -0.6683 1.9745, -3.813 -0.6683 2.1707, -3.8189 -0.6683 4.1969, -3.8189 -0.6683 1.4409, -3.6614 -0.6683 4.1969, -3.6673 -0.6683 2.1707, -3.6614 -0.6683 1.4409, -3.6673 -0.6683 1.9745, -3.813 -0.6683 1.9745, -4.061 0.6703 1.9745, -4.061 0.6703 2.1707, -4.0551 0.6703 1.4409, -4.2067 0.6703 1.9745, -4.2126 0.6703 1.4409, -4.2067 0.6703 2.1707, -4.2126 0.6703 4.1969, -4.0551 0.6703 4.1969, -4.2067 -0.6683 2.1707, -4.2126 -0.6683 4.1969, -4.2126 -0.6683 1.4409, -4.0551 -0.6683 4.1969, -4.061 -0.6683 2.1707, -4.0551 -0.6683 1.4409, -4.061 -0.6683 1.9745, -4.2067 -0.6683 1.9745, -4.4547 0.6703 1.9745, -4.4547 0.6703 2.1707, -4.4488 0.6703 1.4409, -4.6004 0.6703 1.9745, -4.6063 0.6703 1.4409, -4.6004 0.6703 2.1707, -4.6063 0.6703 4.1969, -4.4488 0.6703 4.1969, -3.0256 -0.6683 2.1707, -3.0315 -0.6683 4.1969, -3.0315 -0.6683 1.4409, -2.874 -0.6683 4.1969, -2.8799 -0.6683 2.1707, -2.874 -0.6683 1.4409, -2.8799 -0.6683 1.9745, -3.0256 -0.6683 1.9745, -3.2736 0.6703 1.9745, -3.2736 0.6703 2.1707, -3.2677 0.6703 1.4409, -3.4193 0.6703 1.9745, -3.4252 0.6703 1.4409, -3.4193 0.6703 2.1707, -3.4252 0.6703 4.1969, -3.2677 0.6703 4.1969, -3.4193 -0.6683 2.1707, -3.4252 -0.6683 4.1969, -3.4252 -0.6683 1.4409, -3.2677 -0.6683 4.1969, -3.2736 -0.6683 2.1707, -3.2677 -0.6683 1.4409, -3.2736 -0.6683 1.9745, -3.4193 -0.6683 1.9745, -3.6673 0.6703 1.9745, -3.6673 0.6703 2.1707, -3.6614 0.6703 1.4409, -3.813 0.6703 1.9745, -3.8189 0.6703 1.4409, -3.813 0.6703 2.1707, -3.8189 0.6703 4.1969, -3.6614 0.6703 4.1969, -5.3878 -0.6683 2.1707, -5.3937 -0.6683 4.1969, -5.3937 -0.6683 1.4409, -5.2362 -0.6683 4.1969, -5.2421 -0.6683 2.1707, -5.2362 -0.6683 1.4409, -5.2421 -0.6683 1.9745, -5.3878 -0.6683 1.9745, -5.6358 0.6703 1.9745, -5.6358 0.6703 2.1707, -5.6299 0.6703 1.4409, -5.7815 0.6703 1.9745, -5.7874 0.6703 1.4409, -5.7815 0.6703 2.1707, -5.7874 0.6703 4.1969, -5.6299 0.6703 4.1969, -5.7815 -0.6683 2.1707, -5.7874 -0.6683 4.1969, -5.7874 -0.6683 1.4409, -5.6299 -0.6683 4.1969, -5.6358 -0.6683 2.1707, -5.6299 -0.6683 1.4409, -5.6358 -0.6683 1.9745, -5.7815 -0.6683 1.9745, -6.0295 0.6703 1.9745, -6.0295 0.6703 2.1707, -6.0236 0.6703 1.4409, -6.1752 0.6703 1.9745, -6.1811 0.6703 1.4409, -6.1752 0.6703 2.1707, -6.1811 0.6703 4.1969, -6.0236 0.6703 4.1969, -4.6004 -0.6683 2.1707, -4.6063 -0.6683 4.1969, -4.6063 -0.6683 1.4409, -4.4488 -0.6683 4.1969, -4.4547 -0.6683 2.1707, -4.4488 -0.6683 1.4409, -4.4547 -0.6683 1.9745, -4.6004 -0.6683 1.9745, -4.8484 0.6703 1.9745, -4.8484 0.6703 2.1707, -4.8425 0.6703 1.4409, -4.9941 0.6703 1.9745, -5.0 0.6703 1.4409, -4.9941 0.6703 2.1707, -5.0 0.6703 4.1969, -4.8425 0.6703 4.1969, -4.9941 -0.6683 2.1707, -5.0 -0.6683 4.1969, -5.0 -0.6683 1.4409, -4.8425 -0.6683 4.1969, -4.8484 -0.6683 2.1707, -4.8425 -0.6683 1.4409, -4.8484 -0.6683 1.9745, -4.9941 -0.6683 1.9745, -5.2421 0.6703 1.9745, -5.2421 0.6703 2.1707, -5.2362 0.6703 1.4409, -5.3878 0.6703 1.9745, -5.3937 0.6703 1.4409, -5.3878 0.6703 2.1707, -5.3937 0.6703 4.1969, -5.2362 0.6703 4.1969, -2.6319 -0.6683 2.1707, -2.6378 -0.6683 4.1969, -2.6378 -0.6683 1.4409, -2.4803 -0.6683 4.1969, -2.4862 -0.6683 2.1707, -2.4803 -0.6683 1.4409, -2.4862 -0.6683 1.9745, -2.6319 -0.6683 1.9745, -2.4862 0.6703 1.9745, -2.4862 0.6703 2.1707, -2.4803 0.6703 1.4409, -2.6319 0.6703 1.9745, -2.6378 0.6703 1.4409, -2.6319 0.6703 2.1707, -2.6378 0.6703 4.1969, -2.4803 0.6703 4.1969, -6.1811 -0.3534 1.4409, -6.1811 -0.3534 1.0472, -6.2992 -0.3534 1.0472, -3.0315 -0.3534 1.4409, -3.0315 -0.3534 1.0472, -3.1496 -0.3534 1.0472, -3.4252 -0.3534 1.4409, -3.4252 -0.3534 1.0472, -3.5433 -0.3534 1.0472, -3.8189 -0.3534 1.4409, -3.8189 -0.3534 1.0472, -3.937 -0.3534 1.0472, -4.2126 -0.3534 1.4409, -4.2126 -0.3534 1.0472, -4.3307 -0.3534 1.0472, -4.6063 -0.3534 1.4409, -4.6063 -0.3534 1.0472, -4.7244 -0.3534 1.0472, -4.8425 -0.3534 1.0472, -4.8425 -0.3534 1.4409, -5.2421 -0.3534 3.064, -5.3878 -0.3534 3.064, -5.5118 -0.3534 3.6304, -4.8484 -0.3534 2.6935, -4.8484 -0.3534 3.064, -4.7244 -0.3534 3.6304, -4.9941 -0.3534 3.064, -5.2421 -0.3534 2.6935, -4.9941 -0.3534 2.6935, -5.3937 -0.3534 1.0472, -5.5118 -0.3534 1.0472, -5.3937 -0.3534 1.4409, -5.3878 -0.3534 2.6935, -5.0 -0.3534 1.4409, -5.2362 -0.3534 1.4409, -5.2362 -0.3534 1.0472, -5.0 -0.3534 1.0472, -4.6004 -0.3534 3.064, -4.6004 -0.3534 2.6935, -4.4488 -0.3534 1.0472, -4.4488 -0.3534 1.4409, -4.4547 -0.3534 3.064, -4.3307 -0.3534 3.6304, -4.4547 -0.3534 2.6935, -4.2067 -0.3534 3.064, -4.2067 -0.3534 2.6935, -4.0551 -0.3534 1.0472, -4.0551 -0.3534 1.4409, -4.061 -0.3534 3.064, -3.937 -0.3534 3.6304, -4.061 -0.3534 2.6935, -3.813 -0.3534 3.064, -3.813 -0.3534 2.6935, -3.6614 -0.3534 1.0472, -3.6614 -0.3534 1.4409, -3.6673 -0.3534 3.064, -3.5433 -0.3534 3.6304, -3.6673 -0.3534 2.6935, -3.4193 -0.3534 3.064, -3.4193 -0.3534 2.6935, -3.2677 -0.3534 1.0472, -3.2677 -0.3534 1.4409, -3.2736 -0.3534 3.064, -3.1496 -0.3534 3.6304, -3.2736 -0.3534 2.6935, -3.0256 -0.3534 3.064, -3.0256 -0.3534 2.6935, -2.7559 -0.3534 1.0472, -2.874 -0.3534 1.0472, -2.874 -0.3534 1.4409, -2.8799 -0.3534 3.064, -2.7559 -0.3534 3.6304, -2.8799 -0.3534 2.6935, -2.6319 -0.3534 2.6935, -2.3189 -0.3534 3.6304, -2.3189 -0.3534 1.0472, -2.4803 -0.3534 1.4409, -2.4803 -0.3534 1.0472, -2.6378 -0.3534 1.0472, -2.6378 -0.3534 1.4409, -2.4862 -0.3534 2.6935, -2.4862 -0.3534 3.064, -2.6319 -0.3534 3.064, -2.122 -0.3534 4.1969, -2.3189 -0.3534 4.0, -2.3012 -0.3534 4.1969, -2.7559 -0.3534 4.1969, -6.7372 -0.3534 3.6304, -6.2992 -0.3534 3.6304, -6.4232 -0.3534 3.064, -6.4173 -0.3534 1.0472, -6.4173 -0.3534 1.4409, -6.4232 -0.3534 2.6935, -6.5748 -0.3534 1.4409, -6.5689 -0.3534 2.6935, -6.5689 -0.3534 3.064, -6.7372 -0.3534 1.0472, -6.5748 -0.3534 1.0472, -6.1752 -0.3534 3.064, -6.1752 -0.3534 2.6935, -5.9055 -0.3534 1.0472, -6.0236 -0.3534 1.0472, -6.0236 -0.3534 1.4409, -6.0295 -0.3534 3.064, -5.9055 -0.3534 3.6304, -6.0295 -0.3534 2.6935, -5.7815 -0.3534 2.6935, -5.6299 -0.3534 1.4409, -5.6299 -0.3534 1.0472, -5.7874 -0.3534 1.0472, -5.7874 -0.3534 1.4409, -5.6358 -0.3534 2.6935, -5.6358 -0.3534 3.064, -5.7815 -0.3534 3.064, -6.9055 -0.3534 4.1969, -6.7402 -0.3534 4.1969, -6.9055 -0.3534 3.6304, -6.9055 -0.3534 1.0472, -6.7372 -0.3534 4.1969, -6.2992 -0.3534 4.1969, -5.9055 -0.3534 4.1969, -5.5118 -0.3534 4.1969, -5.1181 -0.3534 4.1969, -4.7244 -0.3534 4.1969, -4.3307 -0.3534 4.1969, -3.937 -0.3534 4.1969, -3.5433 -0.3534 4.1969, -3.1496 -0.3534 4.1969, -5.6358 0.3553 3.064, -5.6358 0.3553 2.6935, -5.5118 0.3553 1.8704, -6.0295 0.3553 3.064, -6.0295 0.3553 2.6935, -5.9055 0.3553 1.8704, -5.0 0.3553 1.4409, -4.8425 0.3553 1.4409, -4.7244 0.3553 1.8704, -5.2362 0.3553 1.4409, -5.3937 0.3553 1.4409, -5.5118 0.3553 1.0472, -5.3937 0.3553 1.0472, -5.9055 0.3553 1.0472, -5.7874 0.3553 1.0472, -5.7874 0.3553 1.4409, -6.2992 0.3553 1.0472, -6.1811 0.3553 1.0472, -6.1811 0.3553 1.4409, -6.0236 0.3553 1.4409, -6.2992 0.3553 1.8704, -5.6299 0.3553 1.0472, -5.6299 0.3553 1.4409, -6.0236 0.3553 1.0472, -6.4173 0.3553 1.0472, -6.4173 0.3553 1.4409, -6.5748 0.3553 1.4409, -6.7372 0.3553 1.8704, -6.5748 0.3553 1.0472, -6.7372 0.3553 1.0472, -2.4862 0.3553 3.064, -2.3012 0.3553 4.1969, -2.6319 0.3553 3.064, -2.7559 0.3553 4.1969, -2.7559 0.3553 1.8704, -2.122 0.3553 4.1969, -2.3189 0.3553 4.0, -2.3189 0.3553 1.8704, -2.4862 0.3553 2.6935, -2.6319 0.3553 2.6935, -2.7559 0.3553 1.0472, -2.6378 0.3553 1.0472, -2.6378 0.3553 1.4409, -2.4803 0.3553 1.0472, -2.3189 0.3553 1.0472, -2.4803 0.3553 1.4409, -3.1496 0.3553 1.0472, -3.0315 0.3553 1.0472, -3.0315 0.3553 1.4409, -3.5433 0.3553 1.0472, -3.4252 0.3553 1.0472, -3.4252 0.3553 1.4409, -3.2677 0.3553 1.4409, -3.1496 0.3553 1.8704, -3.5433 0.3553 1.8704, -2.874 0.3553 1.0472, -2.874 0.3553 1.4409, -3.2677 0.3553 1.0472, -3.937 0.3553 1.0472, -3.8189 0.3553 1.0472, -3.8189 0.3553 1.4409, -4.3307 0.3553 1.0472, -4.2126 0.3553 1.0472, -4.2126 0.3553 1.4409, -4.0551 0.3553 1.4409, -3.937 0.3553 1.8704, -4.3307 0.3553 1.8704, -3.6614 0.3553 1.0472, -3.6614 0.3553 1.4409, -4.0551 0.3553 1.0472, -4.7244 0.3553 1.0472, -4.6063 0.3553 1.0472, -4.6063 0.3553 1.4409, -4.4488 0.3553 1.0472, -4.4488 0.3553 1.4409, -4.8425 0.3553 1.0472, -6.7402 0.3553 4.1969, -6.9055 0.3553 4.1969, -6.9055 0.3553 1.8704, -6.7372 0.3553 4.1969, -6.4232 0.3553 2.6935, -6.5689 0.3553 2.6935, -6.5689 0.3553 3.064, -6.9055 0.3553 1.0472, -6.2992 0.3553 4.1969, -6.4232 0.3553 3.064, -6.1752 0.3553 2.6935, -6.1752 0.3553 3.064, -5.9055 0.3553 4.1969, -5.7815 0.3553 2.6935, -5.7815 0.3553 3.064, -5.5118 0.3553 4.1969, -4.8484 0.3553 2.6935, -4.9941 0.3553 2.6935, -5.2421 0.3553 2.6935, -5.3878 0.3553 2.6935, -5.3878 0.3553 3.064, -5.2362 0.3553 1.0472, -5.0 0.3553 1.0472, -5.2421 0.3553 3.064, -4.9941 0.3553 3.064, -5.1181 0.3553 4.1969, -4.8484 0.3553 3.064, -4.7244 0.3553 4.1969, -4.4547 0.3553 2.6935, -4.6004 0.3553 2.6935, -4.6004 0.3553 3.064, -4.4547 0.3553 3.064, -4.3307 0.3553 4.1969, -4.061 0.3553 2.6935, -4.2067 0.3553 2.6935, -4.2067 0.3553 3.064, -4.061 0.3553 3.064, -3.937 0.3553 4.1969, -3.6673 0.3553 2.6935, -3.813 0.3553 2.6935, -3.813 0.3553 3.064, -3.6673 0.3553 3.064, -3.5433 0.3553 4.1969, -3.2736 0.3553 2.6935, -3.4193 0.3553 2.6935, -3.4193 0.3553 3.064, -3.2736 0.3553 3.064, -3.1496 0.3553 4.1969, -3.0256 0.3553 2.6935, -3.0256 0.3553 3.064, -2.8799 0.3553 2.6935, -2.8799 0.3553 3.064, -2.6378 -0.2746 1.0472, -2.4803 0.2766 1.0472, -2.6378 0.2766 1.0472, -2.874 -0.2746 1.0472, -2.4803 -0.2746 1.0472, -3.6614 0.2766 1.0472, -3.0315 -0.2746 1.0472, -2.874 0.2766 1.0472, -3.4252 0.2766 1.0472, -4.0551 0.2766 1.0472, -3.4252 -0.2746 1.0472, -3.2677 0.2766 1.0472, -3.0315 0.2766 1.0472, -3.2677 -0.2746 1.0472, -4.4488 0.2766 1.0472, -3.8189 -0.2746 1.0472, -3.8189 0.2766 1.0472, -3.6614 -0.2746 1.0472, -4.8425 0.2766 1.0472, -4.2126 -0.2746 1.0472, -4.2126 0.2766 1.0472, -4.0551 -0.2746 1.0472, -5.2362 0.2766 1.0472, -4.6063 -0.2746 1.0472, -4.6063 0.2766 1.0472, -4.4488 -0.2746 1.0472, -5.6299 0.2766 1.0472, -5.0 -0.2746 1.0472, -4.8425 -0.2746 1.0472, -6.0236 0.2766 1.0472, -5.3937 -0.2746 1.0472, -5.3937 0.2766 1.0472, -5.0 0.2766 1.0472, -5.7874 0.2766 1.0472, -5.6299 -0.2746 1.0472, -6.5748 -0.2746 1.0472, -6.4173 -0.2746 1.0472, -6.1811 0.2766 1.0472, -6.0236 -0.2746 1.0472, -5.2362 -0.2746 1.0472, -5.7874 -0.2746 1.0472, -6.4173 0.2766 1.0472, -6.1811 -0.2746 1.0472, -6.5748 0.2766 1.0472, -1.6181 0.2416 1.0472, -1.6181 -0.2397 1.0472, 6.9055 0.2416 1.0472, 6.9055 -0.2397 1.0472, -4.5276 -2.0187 3.3307, -4.5276 -2.0187 2.9331, -1.7717 -2.0187 3.3307, -1.7717 -2.0187 2.9331, 1.378 -2.0187 2.9331, 1.378 -2.0187 3.3307, -1.378 -2.0187 2.9331, -1.378 -2.0187 3.3307, 4.5276 -2.0187 2.9331, 4.5276 -2.0187 3.3307, 1.7717 -2.0187 2.9331, 1.7717 -2.0187 3.3307, 7.6772 -2.0187 2.9331, 7.6772 -2.0187 3.3307, 4.9213 -2.0187 2.9331, 4.9213 -2.0187 3.3307, -1.9685 -1.436 4.1969, -2.3012 -1.436 4.1969, -2.7559 -1.436 4.1969, -3.1496 -1.436 4.1969, -3.5433 -1.436 4.1969, -4.3307 -1.436 4.1969, 1.1811 -1.436 4.1969, 0.7874 -1.436 4.1969, 0.3937 -1.436 4.1969, -0.3937 -1.436 4.1969, -0.7874 -1.436 4.1969, -1.1811 -1.436 4.1969, 4.3307 -1.436 4.1969, 3.937 -1.436 4.1969, 3.5433 -1.436 4.1969, 2.7559 -1.436 4.1969, 2.3622 -1.436 4.1969, 1.9685 -1.436 4.1969, 7.6772 -1.436 4.1969, 6.2992 -1.436 4.1969, 5.9055 -1.436 4.1969, 5.5118 -1.436 4.1969, 5.1181 -1.436 4.1969, -7.6772 -2.0187 3.3307, -7.6772 -2.0187 2.9331, -4.9213 -2.0187 3.3307, -4.9213 -2.0187 2.9331, -6.7402 -1.436 4.1969, -7.6772 -1.436 4.1969, -5.1181 -1.436 4.1969, -5.5118 -1.436 4.1969, -5.9055 -1.436 4.1969, -6.2992 -1.436 4.1969, 7.6772 -0.5109 4.1969, 7.6772 -1.249 4.1969, 7.6772 0.5128 4.1969, 7.6772 1.438 4.1969, 6.2992 1.438 4.1969, 5.9055 1.438 4.1969, 5.5118 1.438 4.1969, 5.1181 1.438 4.1969, 4.7244 1.438 4.1969, 4.3307 1.438 4.1969, 3.937 1.438 4.1969, 3.5433 1.438 4.1969, 2.7559 1.438 4.1969, 2.3622 1.438 4.1969, 1.9685 1.438 4.1969, 1.5748 1.438 4.1969, 1.1811 1.438 4.1969, 0.7874 1.438 4.1969, 0.3937 1.438 4.1969, -0.3937 1.438 4.1969, -0.7874 1.438 4.1969, -1.1811 1.438 4.1969, -1.9685 1.438 4.1969, -7.6772 1.438 4.1969, -6.7402 1.438 4.1969, -6.2992 1.438 4.1969, -5.9055 1.438 4.1969, -5.5118 1.438 4.1969, -5.1181 1.438 4.1969, -4.7244 1.438 4.1969, -4.3307 1.438 4.1969, -3.5433 1.438 4.1969, -3.1496 1.438 4.1969, -2.7559 1.438 4.1969, -2.3012 1.438 4.1969, -7.6772 -1.249 4.1969, -7.6772 -0.5109 4.1969, -7.6772 0.5128 4.1969, 6.9178 -1.2164 4.1969, 6.9178 -1.1392 4.1969, 6.2992 -1.1392 4.1969, -0.3937 0.5128 4.1969, -0.7874 0.5128 4.1969, 2.7559 0.5128 4.1969, 2.3622 0.5128 4.1969, -1.9685 0.5128 4.1969, -1.9685 -0.5109 4.1969, -6.9116 -0.5109 4.1969, -6.9116 0.5128 4.1969, -6.2992 0.5128 4.1969, -6.2992 -0.5109 4.1969, -5.9055 -0.5109 4.1969, -5.5118 -0.5109 4.1969, -5.1181 -0.5109 4.1969, -4.7244 -0.5109 4.1969, -4.3307 -0.5109 4.1969, -2.3012 -0.5109 4.1969, -2.7559 -0.5109 4.1969, -3.1496 -0.5109 4.1969, -3.5433 -0.5109 4.1969, -1.1811 -0.5109 4.1969, -0.7874 -0.5109 4.1969, -0.3937 -0.5109 4.1969, 0.3937 -0.5109 4.1969, 0.7874 -0.5109 4.1969, 1.1811 -0.5109 4.1969, 1.5748 -0.5109 4.1969, 1.9685 -0.5109 4.1969, 2.3622 -0.5109 4.1969, 2.7559 -0.5109 4.1969, 6.2992 -0.5109 4.1969, 5.9055 -0.5109 4.1969, 5.5118 -0.5109 4.1969, 5.1181 -0.5109 4.1969, 4.7244 -0.5109 4.1969, 4.3307 -0.5109 4.1969, 3.937 -0.5109 4.1969, 3.5433 -0.5109 4.1969, 6.2992 0.5128 4.1969, 5.9055 0.5128 4.1969, 5.5118 0.5128 4.1969, 5.1181 0.5128 4.1969, 4.7244 0.5128 4.1969, 4.3307 0.5128 4.1969, 3.937 0.5128 4.1969, 3.5433 0.5128 4.1969, 1.9685 0.5128 4.1969, 1.5748 0.5128 4.1969, 1.1811 0.5128 4.1969, 0.7874 0.5128 4.1969, 0.3937 0.5128 4.1969, -1.1811 0.5128 4.1969, -2.6378 -0.718 4.1969, -2.7559 -0.718 4.1969, -2.6378 -1.062 4.1969, -2.7559 -1.1392 4.1969, -2.4803 -1.062 4.1969, -2.3012 -1.1392 4.1969, -2.4803 -0.718 4.1969, -2.3012 -0.718 4.1969, -2.7559 0.7199 4.1969, -2.6378 0.7199 4.1969, -2.6378 1.064 4.1969, -2.7559 0.5128 4.1969, -2.3012 0.5128 4.1969, -2.4803 0.7199 4.1969, -2.3012 0.7199 4.1969, -2.4803 1.064 4.1969, -3.1496 0.7199 4.1969, -3.0315 0.7199 4.1969, -3.0315 1.064 4.1969, -3.1496 0.5128 4.1969, -2.874 0.7199 4.1969, -2.874 1.064 4.1969, -6.1811 -0.718 4.1969, -6.2992 -0.718 4.1969, -6.1811 -1.062 4.1969, -6.2992 -1.1392 4.1969, -6.0236 -1.062 4.1969, -5.9055 -1.1392 4.1969, -6.0236 -0.718 4.1969, -5.9055 -0.718 4.1969, -6.4173 1.064 4.1969, -6.5748 1.064 4.1969, -6.9116 1.438 4.1969, -6.5748 0.7199 4.1969, -6.9116 0.7199 4.1969, -6.4173 0.7199 4.1969, -6.2992 0.7199 4.1969, -6.4173 -1.062 4.1969, -6.5748 -1.062 4.1969, -6.4173 -0.718 4.1969, -6.5748 -0.718 4.1969, -6.9116 -0.718 4.1969, -6.9116 -1.1392 4.1969, -4.3307 -1.1392 4.1969, -3.5433 -1.1392 4.1969, -3.8189 -1.062 4.1969, -3.6614 -1.062 4.1969, -3.6614 -0.718 4.1969, -3.5433 -0.718 4.1969, -3.8189 -0.718 4.1969, -4.0551 -0.718 4.1969, -4.0551 -1.062 4.1969, -4.2126 -1.062 4.1969, -4.3307 -0.718 4.1969, -4.2126 -0.718 4.1969, -4.0551 1.064 4.1969, -4.2126 1.064 4.1969, -4.3307 0.7199 4.1969, -3.5433 0.5128 4.1969, -3.5433 0.7199 4.1969, -3.6614 0.7199 4.1969, -4.3307 0.5128 4.1969, -3.6614 1.064 4.1969, -3.8189 1.064 4.1969, -3.8189 0.7199 4.1969, -4.0551 0.7199 4.1969, -4.2126 0.7199 4.1969, -4.7244 0.7199 4.1969, -4.6063 0.7199 4.1969, -4.6063 1.064 4.1969, -4.7244 0.5128 4.1969, -4.4488 0.7199 4.1969, -4.4488 1.064 4.1969, -3.0315 -0.718 4.1969, -3.1496 -0.718 4.1969, -3.0315 -1.062 4.1969, -3.1496 -1.1392 4.1969, -2.874 -1.062 4.1969, -2.874 -0.718 4.1969, -3.4252 0.7199 4.1969, -3.4252 1.064 4.1969, -3.2677 0.7199 4.1969, -3.2677 1.064 4.1969, -3.4252 -0.718 4.1969, -3.4252 -1.062 4.1969, -3.2677 -1.062 4.1969, -3.2677 -0.718 4.1969, -5.3937 -0.718 4.1969, -5.5118 -0.718 4.1969, -5.3937 -1.062 4.1969, -5.5118 -1.1392 4.1969, -5.2362 -1.062 4.1969, -5.1181 -1.1392 4.1969, -5.2362 -0.718 4.1969, -5.1181 -0.718 4.1969, -5.6299 1.064 4.1969, -5.7874 1.064 4.1969, -5.9055 0.7199 4.1969, -5.5118 0.7199 4.1969, -5.6299 0.7199 4.1969, -5.5118 0.5128 4.1969, -5.9055 0.5128 4.1969, -5.7874 0.7199 4.1969, -5.7874 -0.718 4.1969, -5.7874 -1.062 4.1969, -5.6299 -1.062 4.1969, -5.6299 -0.718 4.1969, -6.1811 0.7199 4.1969, -6.1811 1.064 4.1969, -6.0236 0.7199 4.1969, -6.0236 1.064 4.1969, -4.6063 -1.062 4.1969, -4.7244 -1.1392 4.1969, -4.4488 -1.062 4.1969, -4.4488 -0.718 4.1969, -4.6063 -0.718 4.1969, -4.7244 -0.718 4.1969, -5.1181 0.7199 4.1969, -5.0 0.7199 4.1969, -5.0 1.064 4.1969, -5.1181 0.5128 4.1969, -4.8425 0.7199 4.1969, -4.8425 1.064 4.1969, -4.8425 -0.718 4.1969, -5.0 -0.718 4.1969, -5.0 -1.062 4.1969, -4.8425 -1.062 4.1969, -5.3937 0.7199 4.1969, -5.3937 1.064 4.1969, -5.2362 0.7199 4.1969, -5.2362 1.064 4.1969, -1.1811 0.7199 4.1969, -1.2992 0.7199 4.1969, -1.4567 0.7199 4.1969, -1.9685 0.7199 4.1969, -1.1811 -1.1392 4.1969, -1.2992 -0.718 4.1969, -1.1811 -0.718 4.1969, -1.4567 -0.718 4.1969, -1.9685 -0.718 4.1969, -1.9685 -1.1392 4.1969, -1.063 -0.718 4.1969, -0.7874 -1.1392 4.1969, -0.9055 -0.718 4.1969, -0.7874 -0.718 4.1969, 6.0236 -0.718 4.1969, 5.9055 -0.718 4.1969, 5.9055 -1.1392 4.1969, 6.1811 -0.718 4.1969, 6.2992 -0.718 4.1969, 5.9055 0.7199 4.1969, 5.7874 0.7199 4.1969, 5.5118 0.7199 4.1969, 5.6299 0.7199 4.1969, 5.6299 -0.718 4.1969, 5.5118 -0.718 4.1969, 5.5118 -1.1392 4.1969, 5.7874 -0.718 4.1969, 5.1181 0.7199 4.1969, 5.2362 0.7199 4.1969, 7.6772 0.7199 4.1969, 6.5748 0.7199 4.1969, 6.2992 0.7199 4.1969, 6.4173 0.7199 4.1969, 6.9178 1.2183 4.1969, 6.9178 0.7696 4.1969, 7.3072 0.7696 4.1969, 7.3072 1.2183 4.1969, 6.5748 -0.718 4.1969, 6.9178 -0.7677 4.1969, 7.3072 -0.7677 4.1969, 6.4173 -0.718 4.1969, 7.6772 -0.718 4.1969, 6.0236 0.7199 4.1969, 6.1811 0.7199 4.1969, 1.5748 -1.1392 4.1969, 1.5748 -0.718 4.1969, 1.4567 -0.718 4.1969, 1.2992 -0.718 4.1969, 1.1811 -0.718 4.1969, 1.1811 -1.1392 4.1969, 1.1811 0.7199 4.1969, 1.063 0.7199 4.1969, 0.7874 0.7199 4.1969, 0.9055 0.7199 4.1969, 0.9055 -0.718 4.1969, 0.7874 -0.718 4.1969, 0.7874 -1.1392 4.1969, 1.063 -0.718 4.1969, 0.3937 0.7199 4.1969, 0.5118 0.7199 4.1969, 0.6693 0.7199 4.1969, 2.0866 -0.718 4.1969, 1.9685 -0.718 4.1969, 1.9685 -1.1392 4.1969, 2.3622 -1.1392 4.1969, 2.2441 -0.718 4.1969, 2.3622 -0.718 4.1969, 1.9685 0.7199 4.1969, 1.8504 0.7199 4.1969, 1.5748 0.7199 4.1969, 1.6929 0.7199 4.1969, 1.6929 -0.718 4.1969, 1.8504 -0.718 4.1969, 1.2992 0.7199 4.1969, 1.4567 0.7199 4.1969, -0.3937 -1.1392 4.1969, 0.3937 -1.1392 4.1969, 0.2756 -0.718 4.1969, 0.3937 -0.718 4.1969, -0.3937 -0.718 4.1969, -0.2756 -0.718 4.1969, -0.1181 -0.718 4.1969, 0.1181 -0.718 4.1969, -0.3937 0.7199 4.1969, -0.5118 0.7199 4.1969, -0.7874 0.7199 4.1969, -0.6693 0.7199 4.1969, -0.6693 -0.718 4.1969, -0.5118 -0.718 4.1969, -1.063 0.7199 4.1969, -0.9055 0.7199 4.1969, 0.5118 -0.718 4.1969, 0.6693 -0.718 4.1969, 0.2756 0.7199 4.1969, 0.1181 0.7199 4.1969, -0.1181 0.7199 4.1969, -0.2756 0.7199 4.1969, 4.7244 -1.1392 4.1969, 4.7244 -0.718 4.1969, 4.6063 -0.718 4.1969, 4.4488 -0.718 4.1969, 4.3307 -0.718 4.1969, 4.3307 -1.1392 4.1969, 4.3307 0.7199 4.1969, 4.2126 0.7199 4.1969, 3.937 0.7199 4.1969, 4.0551 0.7199 4.1969, 4.0551 -0.718 4.1969, 3.937 -0.718 4.1969, 3.937 -1.1392 4.1969, 4.2126 -0.718 4.1969, 3.5433 0.7199 4.1969, 3.6614 0.7199 4.1969, 3.8189 0.7199 4.1969, 5.2362 -0.718 4.1969, 5.1181 -0.718 4.1969, 5.1181 -1.1392 4.1969, 5.3937 -0.718 4.1969, 5.0 0.7199 4.1969, 4.7244 0.7199 4.1969, 4.8425 0.7199 4.1969, 5.3937 0.7199 4.1969, 4.8425 -0.718 4.1969, 5.0 -0.718 4.1969, 4.4488 0.7199 4.1969, 4.6063 0.7199 4.1969, 2.7559 -1.1392 4.1969, 3.5433 -1.1392 4.1969, 3.4252 -0.718 4.1969, 3.5433 -0.718 4.1969, 2.7559 -0.718 4.1969, 2.874 -0.718 4.1969, 3.0315 -0.718 4.1969, 3.2677 -0.718 4.1969, 2.7559 0.7199 4.1969, 2.6378 0.7199 4.1969, 2.3622 0.7199 4.1969, 2.4803 0.7199 4.1969, 2.4803 -0.718 4.1969, 2.6378 -0.718 4.1969, 2.0866 0.7199 4.1969, 2.2441 0.7199 4.1969, 3.6614 -0.718 4.1969, 3.8189 -0.718 4.1969, 3.4252 0.7199 4.1969, 3.2677 0.7199 4.1969, 3.0315 0.7199 4.1969, 2.874 0.7199 4.1969, 7.6772 -1.1392 4.1969, 7.3072 -1.1392 4.1969, 7.3072 -1.2164 4.1969, -6.9178 0.7696 4.1969, -6.9178 1.2183 4.1969, -7.3072 1.2183 4.1969, -7.4922 1.438 4.1969, -7.3072 0.7696 4.1969, -7.4922 0.7199 4.1969, -7.4922 0.5128 4.1969, -7.4922 -0.5109 4.1969, -7.4922 -0.718 4.1969, -6.9116 -1.436 4.1969, -6.9178 -1.2164 4.1969, -7.4922 -1.436 4.1969, -7.3072 -1.2164 4.1969, -7.4922 -1.1392 4.1969, -7.3072 -1.1392 4.1969, -7.3072 -0.7677 4.1969, -6.9178 -0.7677 4.1969, -6.9178 -1.1392 4.1969, -7.6772 0.7199 4.1969, -7.6772 -0.718 4.1969, -7.6772 -1.1392 4.1969, -2.4862 -1.062 1.272, -2.6319 -1.062 1.272, -2.6319 1.064 1.272, -2.4862 1.064 1.272, -3.0256 1.064 1.272, -2.8799 1.064 1.272, -6.0295 -1.062 1.272, -6.1752 -1.062 1.272, -6.5689 1.064 1.272, -6.4232 1.064 1.272, -6.4232 -1.062 1.272, -6.5689 -1.062 1.272, -3.6673 -1.062 1.272, -3.813 -1.062 1.272, -4.2067 1.064 1.272, -4.061 1.064 1.272, -4.061 -1.062 1.272, -4.2067 -1.062 1.272, -4.6004 1.064 1.272, -4.4547 1.064 1.272, -2.8799 -1.062 1.272, -3.0256 -1.062 1.272, -3.4193 1.064 1.272, -3.2736 1.064 1.272, -3.2736 -1.062 1.272, -3.4193 -1.062 1.272, -3.813 1.064 1.272, -3.6673 1.064 1.272, -5.2421 -1.062 1.272, -5.3878 -1.062 1.272, -5.7815 1.064 1.272, -5.6358 1.064 1.272, -5.6358 -1.062 1.272, -5.7815 -1.062 1.272, -6.1752 1.064 1.272, -6.0295 1.064 1.272, -4.4547 -1.062 1.272, -4.6004 -1.062 1.272, -4.9941 1.064 1.272, -4.8484 1.064 1.272, -4.8484 -1.062 1.272, -4.9941 -1.062 1.272, -5.3878 1.064 1.272, -5.2421 1.064 1.272, -1.4567 0.2766 1.1077, -1.2992 0.2766 1.1077, -1.4567 -0.2746 1.1077, -1.2992 -0.2746 1.1077, -1.063 -0.2746 1.1077, -0.9055 -0.2746 1.1077, 6.0236 -0.2746 1.1077, 6.1811 -0.2746 1.1077, 5.6299 0.2766 1.1077, 5.7874 0.2766 1.1077, 5.6299 -0.2746 1.1077, 5.7874 -0.2746 1.1077, 5.2362 0.2766 1.1077, 5.3937 0.2766 1.1077, 6.4173 0.2766 1.1077, 6.5748 0.2766 1.1077, 6.4173 -0.2746 1.1077, 6.5748 -0.2746 1.1077, 6.0236 0.2766 1.1077, 6.1811 0.2766 1.1077, 1.2992 -0.2746 1.1077, 1.4567 -0.2746 1.1077, 0.9055 0.2766 1.1077, 1.063 0.2766 1.1077, 0.9055 -0.2746 1.1077, 1.063 -0.2746 1.1077, 0.5118 0.2766 1.1077, 0.6693 0.2766 1.1077, 2.0866 -0.2746 1.1077, 2.2441 -0.2746 1.1077, 1.6929 0.2766 1.1077, 1.8504 0.2766 1.1077, 1.6929 -0.2746 1.1077, 1.8504 -0.2746 1.1077, 1.2992 0.2766 1.1077, 1.4567 0.2766 1.1077, -0.2756 -0.2746 1.1077, -0.1181 -0.2746 1.1077, -0.6693 0.2766 1.1077, -0.5118 0.2766 1.1077, -0.6693 -0.2746 1.1077, -0.5118 -0.2746 1.1077, -1.063 0.2766 1.1077, -0.9055 0.2766 1.1077, 0.5118 -0.2746 1.1077, 0.6693 -0.2746 1.1077, 0.1181 0.2766 1.1077, 0.2756 0.2766 1.1077, 0.1181 -0.2746 1.1077, 0.2756 -0.2746 1.1077, -0.2756 0.2766 1.1077, -0.1181 0.2766 1.1077, 4.4488 -0.2746 1.1077, 4.6063 -0.2746 1.1077, 4.0551 0.2766 1.1077, 4.2126 0.2766 1.1077, 4.0551 -0.2746 1.1077, 4.2126 -0.2746 1.1077, 3.6614 0.2766 1.1077, 3.8189 0.2766 1.1077, 5.2362 -0.2746 1.1077, 5.3937 -0.2746 1.1077, 4.8425 0.2766 1.1077, 5.0 0.2766 1.1077, 4.8425 -0.2746 1.1077, 5.0 -0.2746 1.1077, 4.4488 0.2766 1.1077, 4.6063 0.2766 1.1077, 2.874 -0.2746 1.1077, 3.0315 -0.2746 1.1077, 2.4803 0.2766 1.1077, 2.6378 0.2766 1.1077, 2.4803 -0.2746 1.1077, 2.6378 -0.2746 1.1077, 2.0866 0.2766 1.1077, 2.2441 0.2766 1.1077, 3.6614 -0.2746 1.1077, 3.8189 -0.2746 1.1077, 3.2677 0.2766 1.1077, 3.4252 0.2766 1.1077, 3.2677 -0.2746 1.1077, 3.4252 -0.2746 1.1077, 2.874 0.2766 1.1077, 3.0315 0.2766 1.1077
            ]
        }
        coordIndex [
            0,1,2,-1,3,4,5,-1,6,7,8,-1,9,10,11,-1,12,13,14,-1,15,16,17,-1,18,19,20,-1,21,22,23,-1,24,25,26,-1,26,25,3,-1,27,28,26,-1,26,28,29,-1,26,29,24,-1,30,31,26,-1,26,31,32,-1,26,32,27,-1,33,34,35,-1,35,34,36,-1,36,34,37,-1,36,37,38,-1,33,35,39,-1,39,35,40,-1,39,40,41,-1,40,42,41,-1,41,42,43,-1,41,43,44,-1,44,43,45,-1,44,45,46,-1,47,48,40,-1,40,48,49,-1,40,49,42,-1,50,51,52,-1,52,53,50,-1,50,53,54,-1,50,54,40,-1,40,54,55,-1,40,55,47,-1,56,57,58,-1,58,57,59,-1,58,59,60,-1,60,61,58,-1,58,61,62,-1,58,62,51,-1,51,62,63,-1,51,63,52,-1,64,56,65,-1,65,56,58,-1,65,58,66,-1,66,58,67,-1,68,69,70,-1,69,71,70,-1,70,71,72,-1,70,72,73,-1,73,72,74,-1,73,74,75,-1,75,74,76,-1,75,76,58,-1,58,76,77,-1,58,77,67,-1,0,78,1,-1,1,78,79,-1,1,79,80,-1,80,81,1,-1,1,81,82,-1,1,82,68,-1,83,84,4,-1,85,86,87,-1,88,89,0,-1,90,91,92,-1,92,91,93,-1,85,87,94,-1,88,0,95,-1,96,97,91,-1,91,97,98,-1,91,98,99,-1,4,84,0,-1,0,84,100,-1,0,100,95,-1,86,101,87,-1,87,101,102,-1,87,102,103,-1,104,105,106,-1,106,105,107,-1,106,107,108,-1,109,99,110,-1,110,99,111,-1,110,111,106,-1,106,111,112,-1,106,112,104,-1,109,113,99,-1,99,113,114,-1,99,114,91,-1,91,114,115,-1,91,115,93,-1,116,117,118,-1,118,117,119,-1,118,119,87,-1,87,119,120,-1,87,120,94,-1,121,122,87,-1,87,122,123,-1,87,123,91,-1,91,123,124,-1,91,124,96,-1,125,126,78,-1,78,126,127,-1,78,127,128,-1,128,129,78,-1,78,129,130,-1,78,130,131,-1,131,130,116,-1,131,116,132,-1,132,116,118,-1,89,133,0,-1,0,133,134,-1,0,134,78,-1,78,134,135,-1,78,135,125,-1,103,136,87,-1,87,136,137,-1,87,137,138,-1,138,139,87,-1,87,139,140,-1,87,140,121,-1,141,142,143,-1,143,99,141,-1,141,99,98,-1,141,98,144,-1,144,98,145,-1,145,146,144,-1,144,146,147,-1,144,147,148,-1,149,150,151,-1,150,152,151,-1,151,152,153,-1,151,153,154,-1,155,151,156,-1,142,141,155,-1,155,141,157,-1,155,157,151,-1,151,157,158,-1,151,158,149,-1,156,159,155,-1,155,159,160,-1,155,160,161,-1,154,153,162,-1,162,153,163,-1,162,163,164,-1,164,163,165,-1,164,165,166,-1,167,168,161,-1,161,168,169,-1,161,169,155,-1,25,170,3,-1,3,170,171,-1,3,171,4,-1,4,171,172,-1,4,172,83,-1,173,174,175,-1,175,174,176,-1,175,177,178,-1,178,177,179,-1,180,181,182,-1,182,181,183,-1,182,183,184,-1,182,173,180,-1,180,173,175,-1,180,175,185,-1,185,175,178,-1,185,178,23,-1,23,178,186,-1,23,186,21,-1,174,187,176,-1,176,187,188,-1,176,188,189,-1,189,188,190,-1,191,192,193,-1,193,192,194,-1,195,196,197,-1,197,196,198,-1,197,198,19,-1,199,200,201,-1,201,200,202,-1,201,202,198,-1,191,203,192,-1,192,203,204,-1,192,204,205,-1,205,204,206,-1,207,208,206,-1,206,208,209,-1,206,209,205,-1,210,211,212,-1,212,211,213,-1,212,213,214,-1,214,215,212,-1,212,215,216,-1,212,216,217,-1,218,219,220,-1,221,222,223,-1,223,222,224,-1,225,226,201,-1,201,226,227,-1,201,227,199,-1,217,228,212,-1,212,228,229,-1,212,229,222,-1,222,229,194,-1,222,194,224,-1,224,194,192,-1,230,196,231,-1,218,220,232,-1,221,233,222,-1,222,233,234,-1,222,234,235,-1,236,237,206,-1,206,237,238,-1,206,238,239,-1,220,240,232,-1,232,240,230,-1,232,230,241,-1,241,230,231,-1,239,242,206,-1,206,242,243,-1,206,243,207,-1,244,245,246,-1,246,245,247,-1,246,247,195,-1,195,247,248,-1,195,248,196,-1,196,248,249,-1,196,249,231,-1,18,20,250,-1,250,20,251,-1,250,251,252,-1,252,251,16,-1,16,251,253,-1,16,253,17,-1,254,255,17,-1,256,257,17,-1,17,257,258,-1,259,260,261,-1,261,260,262,-1,261,262,263,-1,263,264,261,-1,261,264,265,-1,261,265,266,-1,266,265,267,-1,266,267,254,-1,268,269,255,-1,255,269,270,-1,255,270,17,-1,17,270,271,-1,17,271,256,-1,258,272,17,-1,17,272,273,-1,17,273,15,-1,274,275,276,-1,276,275,277,-1,276,277,278,-1,276,279,274,-1,274,279,280,-1,274,280,281,-1,281,282,274,-1,274,282,283,-1,274,283,284,-1,284,283,285,-1,284,285,286,-1,286,285,287,-1,286,287,255,-1,255,287,288,-1,255,288,268,-1,289,290,278,-1,278,290,291,-1,278,291,276,-1,292,293,244,-1,244,293,294,-1,244,294,245,-1,292,295,293,-1,293,295,296,-1,293,296,297,-1,297,296,298,-1,297,299,300,-1,298,301,297,-1,297,301,302,-1,297,302,303,-1,303,304,297,-1,297,304,305,-1,297,305,299,-1,300,306,297,-1,297,306,307,-1,297,307,308,-1,309,12,310,-1,311,312,313,-1,12,14,310,-1,310,14,314,-1,310,314,315,-1,316,317,318,-1,318,317,319,-1,318,319,320,-1,320,319,321,-1,320,321,311,-1,322,323,324,-1,325,326,327,-1,327,326,328,-1,322,324,329,-1,329,324,330,-1,329,330,328,-1,328,330,331,-1,328,331,327,-1,332,333,318,-1,316,334,335,-1,332,318,336,-1,335,337,316,-1,316,337,338,-1,316,338,322,-1,322,338,339,-1,322,339,323,-1,325,340,326,-1,326,340,341,-1,326,341,318,-1,318,341,342,-1,318,342,336,-1,333,343,318,-1,318,343,344,-1,318,344,316,-1,316,344,345,-1,316,345,334,-1,328,346,347,-1,347,346,348,-1,349,350,351,-1,351,350,352,-1,352,350,353,-1,353,350,354,-1,353,354,355,-1,355,354,356,-1,355,356,11,-1,11,356,357,-1,11,357,9,-1,358,359,360,-1,347,356,328,-1,328,356,354,-1,328,354,329,-1,329,354,361,-1,329,361,360,-1,360,361,362,-1,360,362,358,-1,348,346,363,-1,363,346,364,-1,363,364,358,-1,365,366,6,-1,367,368,35,-1,35,368,369,-1,35,369,40,-1,40,369,370,-1,40,370,371,-1,372,373,36,-1,374,375,373,-1,376,377,320,-1,320,377,378,-1,320,378,318,-1,318,378,379,-1,318,379,326,-1,326,379,380,-1,326,380,328,-1,328,380,381,-1,328,381,346,-1,346,381,382,-1,346,382,364,-1,364,382,383,-1,311,313,320,-1,320,313,384,-1,320,384,385,-1,386,387,388,-1,389,390,391,-1,392,386,385,-1,385,386,388,-1,385,388,320,-1,320,388,389,-1,320,389,376,-1,376,389,391,-1,376,391,393,-1,383,394,364,-1,364,394,395,-1,364,395,396,-1,397,398,359,-1,398,399,359,-1,359,399,400,-1,359,400,401,-1,358,364,359,-1,359,364,396,-1,359,396,397,-1,397,396,402,-1,397,402,403,-1,404,405,406,-1,406,405,397,-1,406,397,407,-1,403,408,397,-1,397,408,409,-1,397,409,410,-1,411,412,397,-1,397,412,413,-1,397,413,407,-1,414,415,416,-1,417,418,406,-1,406,418,419,-1,406,419,404,-1,410,420,397,-1,397,420,421,-1,397,421,411,-1,414,416,406,-1,406,416,422,-1,406,422,417,-1,423,424,374,-1,374,424,425,-1,374,425,375,-1,375,425,426,-1,375,426,382,-1,382,426,427,-1,382,427,383,-1,374,428,429,-1,429,430,374,-1,374,430,431,-1,374,431,423,-1,373,372,374,-1,374,372,432,-1,374,432,428,-1,433,434,435,-1,435,434,436,-1,435,436,372,-1,372,436,437,-1,372,437,432,-1,438,439,440,-1,440,439,441,-1,440,441,442,-1,443,444,222,-1,222,444,445,-1,222,445,440,-1,440,445,446,-1,440,446,438,-1,219,218,235,-1,235,218,259,-1,235,259,222,-1,222,259,261,-1,222,261,443,-1,19,198,20,-1,20,198,202,-1,20,202,251,-1,251,202,447,-1,251,447,210,-1,210,447,448,-1,210,448,211,-1,449,450,451,-1,179,177,452,-1,452,177,453,-1,452,453,190,-1,190,453,451,-1,190,451,189,-1,189,451,450,-1,189,450,454,-1,455,456,457,-1,451,458,449,-1,449,458,459,-1,449,459,460,-1,460,459,455,-1,460,455,461,-1,461,455,457,-1,462,463,17,-1,254,17,266,-1,266,17,463,-1,266,463,458,-1,458,463,464,-1,458,464,459,-1,465,466,462,-1,467,468,469,-1,469,468,470,-1,469,470,465,-1,465,462,469,-1,469,462,17,-1,469,17,471,-1,471,17,253,-1,471,253,472,-1,471,473,469,-1,469,473,474,-1,469,474,475,-1,476,477,478,-1,478,477,479,-1,478,479,253,-1,253,479,480,-1,253,480,472,-1,475,481,469,-1,469,481,482,-1,469,482,467,-1,483,484,485,-1,483,485,454,-1,484,486,485,-1,485,486,487,-1,485,487,478,-1,478,487,488,-1,478,488,476,-1,489,73,490,-1,490,73,75,-1,490,75,491,-1,491,75,58,-1,491,58,492,-1,492,58,51,-1,492,51,493,-1,493,51,50,-1,493,50,8,-1,8,50,40,-1,8,40,6,-1,6,40,371,-1,6,371,365,-1,365,371,494,-1,372,495,435,-1,435,495,496,-1,435,496,497,-1,498,495,499,-1,499,495,372,-1,499,372,26,-1,26,372,36,-1,26,36,30,-1,30,36,38,-1,5,435,3,-1,3,435,497,-1,3,497,26,-1,26,497,500,-1,26,500,499,-1,501,502,5,-1,501,503,502,-1,502,503,504,-1,502,504,505,-1,506,507,508,-1,508,507,503,-1,508,503,509,-1,509,503,501,-1,509,501,510,-1,510,501,511,-1,2,502,0,-1,0,502,505,-1,0,505,4,-1,4,505,512,-1,4,512,5,-1,5,512,513,-1,5,513,501,-1,2,210,502,-1,502,210,212,-1,502,212,5,-1,5,212,222,-1,5,222,435,-1,435,222,440,-1,435,440,433,-1,433,440,442,-1,177,316,453,-1,453,316,322,-1,453,322,451,-1,451,322,329,-1,451,329,458,-1,458,329,360,-1,458,360,266,-1,266,360,359,-1,266,359,261,-1,261,359,401,-1,261,401,443,-1,311,309,312,-1,312,309,310,-1,312,310,514,-1,515,516,517,-1,518,519,175,-1,177,520,521,-1,517,518,515,-1,515,518,175,-1,515,175,522,-1,522,175,523,-1,522,523,521,-1,521,523,514,-1,521,514,177,-1,177,514,310,-1,177,310,316,-1,316,310,315,-1,316,315,317,-1,524,519,525,-1,525,519,526,-1,524,527,519,-1,519,527,528,-1,519,528,175,-1,175,528,529,-1,175,529,177,-1,177,529,530,-1,177,530,531,-1,532,533,520,-1,520,533,534,-1,520,534,535,-1,535,536,520,-1,520,536,537,-1,520,537,519,-1,519,537,538,-1,519,538,526,-1,531,539,177,-1,177,539,540,-1,177,540,520,-1,520,540,541,-1,520,541,532,-1,454,485,189,-1,189,485,542,-1,189,542,176,-1,176,542,543,-1,176,543,175,-1,175,543,544,-1,175,544,523,-1,68,70,1,-1,1,70,545,-1,1,545,2,-1,2,545,546,-1,2,546,210,-1,210,546,547,-1,210,547,251,-1,251,547,548,-1,251,548,253,-1,253,548,549,-1,253,549,478,-1,478,549,550,-1,478,550,485,-1,485,550,551,-1,485,551,542,-1,542,551,552,-1,542,552,543,-1,543,552,553,-1,543,553,544,-1,554,555,556,-1,557,489,558,-1,559,560,561,-1,562,563,564,-1,565,566,567,-1,568,569,570,-1,571,572,570,-1,570,572,573,-1,570,573,568,-1,568,573,574,-1,568,574,575,-1,571,576,572,-1,572,576,577,-1,572,577,578,-1,575,574,579,-1,579,574,580,-1,579,580,581,-1,581,580,582,-1,581,582,583,-1,584,585,586,-1,586,585,587,-1,588,589,590,-1,586,591,584,-1,584,591,592,-1,584,592,593,-1,590,584,588,-1,588,584,593,-1,588,593,594,-1,594,593,595,-1,587,585,596,-1,596,585,597,-1,596,597,598,-1,589,599,590,-1,590,599,600,-1,590,600,601,-1,601,600,602,-1,601,602,603,-1,603,602,604,-1,603,604,605,-1,606,588,607,-1,607,588,594,-1,607,594,608,-1,608,594,609,-1,608,609,605,-1,605,609,598,-1,605,598,603,-1,603,598,597,-1,610,611,612,-1,613,610,614,-1,614,610,612,-1,614,612,584,-1,584,612,615,-1,615,616,584,-1,584,616,617,-1,584,617,585,-1,585,617,618,-1,585,618,597,-1,597,618,619,-1,597,619,620,-1,620,619,621,-1,620,621,613,-1,613,621,622,-1,613,622,610,-1,623,624,625,-1,626,623,627,-1,627,623,625,-1,627,625,628,-1,628,625,629,-1,629,630,628,-1,628,630,631,-1,628,631,632,-1,632,631,633,-1,632,633,634,-1,634,633,635,-1,634,635,636,-1,636,635,637,-1,636,637,626,-1,626,637,638,-1,626,638,623,-1,639,640,641,-1,642,639,643,-1,643,639,641,-1,643,641,644,-1,644,641,645,-1,645,646,644,-1,644,646,647,-1,644,647,648,-1,648,647,649,-1,648,649,650,-1,650,649,651,-1,650,651,652,-1,652,651,653,-1,652,653,642,-1,642,653,654,-1,642,654,639,-1,655,656,657,-1,658,655,659,-1,659,655,657,-1,659,657,660,-1,660,657,661,-1,661,662,660,-1,660,662,663,-1,660,663,664,-1,664,663,665,-1,664,665,666,-1,666,665,667,-1,666,667,668,-1,668,667,669,-1,668,669,658,-1,658,669,670,-1,658,670,655,-1,671,672,673,-1,674,671,675,-1,675,671,673,-1,675,673,659,-1,659,673,676,-1,659,676,677,-1,677,678,659,-1,659,678,679,-1,659,679,680,-1,681,682,668,-1,680,683,659,-1,659,683,684,-1,659,684,658,-1,658,684,685,-1,658,685,668,-1,668,685,686,-1,668,686,681,-1,687,679,688,-1,688,679,678,-1,688,678,689,-1,689,678,690,-1,689,690,681,-1,681,690,691,-1,681,691,682,-1,682,691,692,-1,682,692,674,-1,674,692,693,-1,674,693,671,-1,694,695,696,-1,697,694,698,-1,698,694,696,-1,698,696,699,-1,699,696,700,-1,700,701,699,-1,699,701,702,-1,699,702,703,-1,703,702,704,-1,703,704,705,-1,705,704,706,-1,705,706,707,-1,707,706,708,-1,707,708,697,-1,697,708,709,-1,697,709,694,-1,710,711,712,-1,713,710,714,-1,714,710,712,-1,714,712,715,-1,715,712,716,-1,716,717,715,-1,715,717,718,-1,715,718,719,-1,719,718,720,-1,719,720,721,-1,721,720,722,-1,721,722,723,-1,723,722,724,-1,723,724,713,-1,713,724,725,-1,713,725,710,-1,726,727,728,-1,729,726,730,-1,730,726,728,-1,730,728,731,-1,731,728,732,-1,732,733,731,-1,731,733,734,-1,731,734,735,-1,735,734,736,-1,735,736,737,-1,737,736,738,-1,737,738,739,-1,739,738,740,-1,739,740,729,-1,729,740,741,-1,729,741,726,-1,742,743,744,-1,744,743,745,-1,742,746,743,-1,743,746,747,-1,743,747,748,-1,748,747,749,-1,748,749,750,-1,750,749,751,-1,750,751,752,-1,753,754,755,-1,755,754,756,-1,755,756,757,-1,753,758,754,-1,754,758,759,-1,754,759,760,-1,760,759,761,-1,760,761,762,-1,762,761,763,-1,762,763,764,-1,764,763,765,-1,764,765,766,-1,766,765,767,-1,766,767,756,-1,756,767,768,-1,756,768,757,-1,769,770,771,-1,754,772,773,-1,774,775,776,-1,773,777,754,-1,754,777,774,-1,754,774,771,-1,771,774,776,-1,771,776,769,-1,772,754,778,-1,778,754,760,-1,778,760,779,-1,779,760,762,-1,779,762,780,-1,770,781,771,-1,771,781,782,-1,771,782,783,-1,783,782,784,-1,783,784,785,-1,785,784,786,-1,785,786,787,-1,788,769,789,-1,789,769,776,-1,789,776,790,-1,790,776,791,-1,790,791,787,-1,787,791,780,-1,787,780,785,-1,785,780,762,-1,792,793,794,-1,794,793,795,-1,794,795,796,-1,792,797,793,-1,793,797,798,-1,793,798,799,-1,799,798,800,-1,799,800,801,-1,801,800,802,-1,801,802,803,-1,803,802,804,-1,803,804,805,-1,805,804,806,-1,805,806,795,-1,795,806,807,-1,795,807,796,-1,808,809,810,-1,810,809,811,-1,810,811,812,-1,808,813,809,-1,809,813,814,-1,809,814,815,-1,815,814,816,-1,815,816,817,-1,817,816,818,-1,817,818,819,-1,819,818,820,-1,819,820,821,-1,821,820,822,-1,821,822,811,-1,811,822,823,-1,811,823,812,-1,824,825,826,-1,826,825,827,-1,826,827,828,-1,824,829,825,-1,825,829,830,-1,825,830,831,-1,831,830,832,-1,831,832,833,-1,833,832,834,-1,833,834,835,-1,835,834,836,-1,835,836,837,-1,837,836,838,-1,837,838,827,-1,827,838,839,-1,827,839,828,-1,840,841,842,-1,843,844,845,-1,846,847,848,-1,848,847,840,-1,848,840,845,-1,845,840,842,-1,845,842,843,-1,849,850,851,-1,844,852,845,-1,845,852,853,-1,845,853,854,-1,854,853,855,-1,854,855,851,-1,851,855,856,-1,851,856,849,-1,857,843,858,-1,858,843,842,-1,858,842,859,-1,859,842,860,-1,859,860,849,-1,849,860,861,-1,849,861,850,-1,850,861,862,-1,850,862,863,-1,863,862,864,-1,863,864,848,-1,848,864,865,-1,848,865,846,-1,866,867,868,-1,868,867,845,-1,868,845,869,-1,866,870,867,-1,867,870,871,-1,867,871,872,-1,872,871,873,-1,872,873,874,-1,874,873,875,-1,874,875,851,-1,851,875,876,-1,851,876,854,-1,854,876,877,-1,854,877,845,-1,845,877,878,-1,845,878,869,-1,879,880,881,-1,881,880,882,-1,881,882,883,-1,879,884,880,-1,880,884,885,-1,880,885,886,-1,886,885,887,-1,886,887,888,-1,888,887,889,-1,888,889,890,-1,890,889,891,-1,890,891,892,-1,892,891,893,-1,892,893,882,-1,882,893,894,-1,882,894,883,-1,895,896,897,-1,897,896,898,-1,897,898,899,-1,895,900,896,-1,896,900,901,-1,896,901,902,-1,902,901,903,-1,902,903,904,-1,904,903,905,-1,904,905,906,-1,906,905,907,-1,906,907,908,-1,908,907,909,-1,908,909,898,-1,898,909,910,-1,898,910,899,-1,911,912,913,-1,913,912,914,-1,913,914,915,-1,911,916,912,-1,912,916,917,-1,912,917,918,-1,918,917,919,-1,918,919,920,-1,920,919,921,-1,920,921,922,-1,922,921,923,-1,922,923,924,-1,924,923,925,-1,924,925,914,-1,914,925,926,-1,914,926,915,-1,927,928,929,-1,930,931,932,-1,933,932,934,-1,934,932,931,-1,934,931,935,-1,935,931,936,-1,935,936,937,-1,937,936,938,-1,937,938,939,-1,939,938,556,-1,939,556,940,-1,940,556,555,-1,940,555,929,-1,929,555,930,-1,929,930,927,-1,927,930,932,-1,941,942,943,-1,943,942,944,-1,943,944,945,-1,941,946,942,-1,942,946,947,-1,942,947,948,-1,948,947,949,-1,948,949,950,-1,567,566,951,-1,950,565,948,-1,948,565,567,-1,948,567,952,-1,952,567,953,-1,952,954,948,-1,948,954,955,-1,948,955,956,-1,956,955,957,-1,956,957,958,-1,953,567,959,-1,959,567,951,-1,959,951,960,-1,960,951,961,-1,960,961,962,-1,962,961,963,-1,962,963,964,-1,965,966,967,-1,968,969,970,-1,971,970,972,-1,972,970,969,-1,972,969,973,-1,973,969,974,-1,973,974,975,-1,975,974,976,-1,975,976,977,-1,977,976,978,-1,977,978,979,-1,979,978,980,-1,979,980,967,-1,967,980,968,-1,967,968,965,-1,965,968,970,-1,981,982,983,-1,981,984,982,-1,982,984,985,-1,982,985,986,-1,986,985,987,-1,987,988,986,-1,986,988,989,-1,986,989,990,-1,990,989,991,-1,990,991,992,-1,992,991,993,-1,992,993,994,-1,994,993,995,-1,994,995,983,-1,983,995,996,-1,983,996,981,-1,997,998,999,-1,969,1000,1001,-1,1001,997,969,-1,969,997,999,-1,969,999,974,-1,974,999,1002,-1,974,1002,976,-1,976,1002,1003,-1,976,1003,1004,-1,1005,1001,1006,-1,1006,1001,1000,-1,1006,1000,1007,-1,1007,1000,1008,-1,1007,1008,1004,-1,1004,1008,1009,-1,1004,1009,976,-1,1010,1011,1012,-1,1013,1014,1015,-1,1016,1013,1017,-1,1017,1013,1015,-1,1017,1015,1018,-1,1018,1015,1019,-1,1020,1014,1021,-1,1021,1014,1013,-1,1021,1013,1022,-1,1022,1013,1023,-1,1022,1023,1024,-1,1024,1023,1025,-1,1024,1025,1026,-1,1017,1010,1016,-1,1016,1010,1012,-1,1016,1012,1027,-1,1027,1012,1028,-1,1027,1028,1029,-1,1029,1028,1030,-1,1029,1030,1031,-1,1032,1017,1033,-1,1033,1017,1018,-1,1033,1018,1034,-1,1034,1018,1035,-1,1034,1035,1031,-1,1031,1035,1026,-1,1031,1026,1029,-1,1029,1026,1025,-1,1036,1037,1038,-1,1038,1037,1039,-1,1038,1039,1040,-1,1041,1042,1037,-1,1037,1042,1043,-1,1037,1043,1044,-1,1044,1043,1045,-1,1044,1045,1046,-1,1047,1048,1049,-1,1040,1039,1050,-1,1050,1039,1051,-1,1050,1051,1052,-1,564,563,1053,-1,1053,563,1054,-1,1053,1054,1055,-1,1036,1056,1037,-1,1037,1056,1047,-1,1037,1047,1041,-1,1041,1047,1049,-1,1041,1049,1057,-1,1057,1049,1058,-1,1057,1058,1055,-1,1055,1058,1052,-1,1055,1052,1053,-1,1053,1052,1051,-1,1046,562,1044,-1,1044,562,564,-1,1044,564,1059,-1,1059,564,1060,-1,1059,1061,1044,-1,1044,1061,1062,-1,1044,1062,1063,-1,1063,1062,1064,-1,1063,1064,1065,-1,1060,564,1066,-1,1066,564,1053,-1,1066,1053,1067,-1,1067,1053,1068,-1,1067,1068,1069,-1,1069,1068,1070,-1,1069,1070,1071,-1,1072,1073,1074,-1,931,1075,1076,-1,1077,1076,1078,-1,1078,1076,1075,-1,1078,1075,1079,-1,1079,1075,1080,-1,1079,1080,1081,-1,1081,1080,1082,-1,1081,1082,1083,-1,1083,1082,938,-1,1083,938,1084,-1,1084,938,936,-1,1084,936,1074,-1,1074,936,931,-1,1074,931,1072,-1,1072,931,1076,-1,958,964,956,-1,956,964,963,-1,956,963,1085,-1,1085,1086,956,-1,956,1086,1087,-1,956,1087,1037,-1,1037,1087,1088,-1,1088,1089,1037,-1,1037,1089,1090,-1,1037,1090,1039,-1,1039,1090,1091,-1,1039,1091,1051,-1,1051,1091,1092,-1,1051,1092,961,-1,961,1092,1093,-1,961,1093,963,-1,963,1093,1094,-1,963,1094,1085,-1,1095,1096,1097,-1,1075,1016,1098,-1,1099,1098,1100,-1,1100,1098,1016,-1,1100,1016,1101,-1,1101,1016,1027,-1,1101,1027,1102,-1,1102,1027,1029,-1,1102,1029,1103,-1,1103,1029,1082,-1,1103,1082,1104,-1,1104,1082,1080,-1,1104,1080,1097,-1,1097,1080,1075,-1,1097,1075,1095,-1,1095,1075,1098,-1,1105,1106,1107,-1,1108,1109,1110,-1,1111,1110,1112,-1,1112,1110,1109,-1,1112,1109,1113,-1,1113,1109,1114,-1,1113,1114,1115,-1,1115,1114,1116,-1,1115,1116,1117,-1,1117,1116,1118,-1,1117,1118,1119,-1,1119,1118,1120,-1,1119,1120,1107,-1,1107,1120,1108,-1,1107,1108,1105,-1,1105,1108,1110,-1,1121,1122,1123,-1,1123,1122,1124,-1,1123,1125,1121,-1,1121,1125,1126,-1,1121,1126,1127,-1,1127,1126,1128,-1,1127,1128,1129,-1,1124,1122,1130,-1,1130,1122,1131,-1,1130,1131,1132,-1,1132,1131,1133,-1,1132,1133,1134,-1,1134,1133,1135,-1,1134,1135,1136,-1,1137,1138,1139,-1,1109,968,1140,-1,1141,1140,1142,-1,1142,1140,968,-1,1142,968,1143,-1,1143,968,980,-1,1143,980,1144,-1,1144,980,978,-1,1144,978,1145,-1,1145,978,1116,-1,1145,1116,1146,-1,1146,1116,1114,-1,1146,1114,1139,-1,1139,1114,1109,-1,1139,1109,1137,-1,1137,1109,1140,-1,1129,1136,1127,-1,1127,1136,1135,-1,1127,1135,1147,-1,1147,1148,1127,-1,1127,1148,1149,-1,1127,1149,982,-1,982,1149,1150,-1,1150,1151,982,-1,982,1151,1152,-1,982,1152,983,-1,983,1152,1153,-1,983,1153,994,-1,994,1153,1154,-1,994,1154,1133,-1,1133,1154,1155,-1,1133,1155,1135,-1,1135,1155,1156,-1,1135,1156,1147,-1,1157,1158,1159,-1,1013,1160,1161,-1,1162,1161,1163,-1,1163,1161,1160,-1,1163,1160,1164,-1,1164,1160,1165,-1,1164,1165,1166,-1,1166,1165,1167,-1,1166,1167,1168,-1,1168,1167,1025,-1,1168,1025,1169,-1,1169,1025,1023,-1,1169,1023,1159,-1,1159,1023,1013,-1,1159,1013,1157,-1,1157,1013,1161,-1,1065,1071,1063,-1,1063,1071,1070,-1,1063,1070,1170,-1,1170,1070,1171,-1,1170,1172,1063,-1,1063,1172,1173,-1,1063,1173,1174,-1,1174,1173,1175,-1,1174,1175,1176,-1,1171,1070,1177,-1,1177,1070,1068,-1,1177,1068,1178,-1,1178,1068,1179,-1,1178,1179,1180,-1,1180,1179,1181,-1,1180,1181,1182,-1,1183,1184,1185,-1,1160,1108,1186,-1,1187,1186,1188,-1,1188,1186,1108,-1,1188,1108,1189,-1,1189,1108,1120,-1,1189,1120,1190,-1,1190,1120,1118,-1,1190,1118,1191,-1,1191,1118,1167,-1,1191,1167,1192,-1,1192,1167,1165,-1,1192,1165,1185,-1,1185,1165,1160,-1,1185,1160,1183,-1,1183,1160,1186,-1,1176,1182,1174,-1,1174,1182,1181,-1,1174,1181,1193,-1,1193,1194,1174,-1,1174,1194,1195,-1,1174,1195,1121,-1,1121,1195,1196,-1,1196,1197,1121,-1,1121,1197,1198,-1,1121,1198,1122,-1,1122,1198,1199,-1,1122,1199,1131,-1,1131,1199,1200,-1,1131,1200,1179,-1,1179,1200,1201,-1,1179,1201,1181,-1,1181,1201,1202,-1,1181,1202,1193,-1,1203,1204,1205,-1,1206,1207,912,-1,912,1207,1203,-1,912,1203,1208,-1,1208,1203,1205,-1,1208,1205,1209,-1,1209,1205,1210,-1,1209,1210,1211,-1,1211,1210,1212,-1,1211,1212,920,-1,920,1212,1213,-1,920,1213,918,-1,918,1213,1214,-1,918,1214,912,-1,912,1214,1215,-1,912,1215,1206,-1,1216,914,1217,-1,1217,914,896,-1,1217,896,1218,-1,1216,1219,914,-1,914,1219,1220,-1,914,1220,924,-1,924,1220,1221,-1,924,1221,922,-1,922,1221,1222,-1,922,1222,904,-1,904,1222,1223,-1,904,1223,902,-1,902,1223,1224,-1,902,1224,896,-1,896,1224,1225,-1,896,1225,1218,-1,1226,898,1227,-1,1227,898,880,-1,1227,880,1228,-1,1226,1229,898,-1,898,1229,1230,-1,898,1230,908,-1,908,1230,1231,-1,908,1231,906,-1,906,1231,1232,-1,906,1232,888,-1,888,1232,1233,-1,888,1233,886,-1,886,1233,1234,-1,886,1234,880,-1,880,1234,1235,-1,880,1235,1228,-1,1236,882,1237,-1,1237,882,867,-1,1237,867,1238,-1,1236,1239,882,-1,882,1239,1240,-1,882,1240,892,-1,892,1240,1241,-1,892,1241,890,-1,890,1241,1242,-1,890,1242,874,-1,874,1242,1243,-1,874,1243,872,-1,872,1243,1244,-1,872,1244,867,-1,867,1244,1245,-1,867,1245,1238,-1,1246,848,1247,-1,1247,848,825,-1,1247,825,1248,-1,1246,1249,848,-1,848,1249,1250,-1,848,1250,863,-1,863,1250,1251,-1,863,1251,850,-1,850,1251,1252,-1,850,1252,833,-1,833,1252,1253,-1,833,1253,831,-1,831,1253,1254,-1,831,1254,825,-1,825,1254,1255,-1,825,1255,1248,-1,1256,827,1257,-1,1257,827,809,-1,1257,809,1258,-1,1256,1259,827,-1,827,1259,1260,-1,827,1260,837,-1,837,1260,1261,-1,837,1261,835,-1,835,1261,1262,-1,835,1262,817,-1,817,1262,1263,-1,817,1263,815,-1,815,1263,1264,-1,815,1264,809,-1,809,1264,1265,-1,809,1265,1258,-1,1266,811,1267,-1,1267,811,793,-1,1267,793,1268,-1,1266,1269,811,-1,811,1269,1270,-1,811,1270,821,-1,821,1270,1271,-1,821,1271,819,-1,819,1271,1272,-1,819,1272,801,-1,801,1272,1273,-1,801,1273,799,-1,799,1273,1274,-1,799,1274,793,-1,793,1274,1275,-1,793,1275,1268,-1,1276,795,1277,-1,1277,795,771,-1,1277,771,1278,-1,1276,1279,795,-1,795,1279,1280,-1,795,1280,805,-1,805,1280,1281,-1,805,1281,803,-1,803,1281,1282,-1,803,1282,785,-1,785,1282,1283,-1,785,1283,783,-1,783,1283,1284,-1,783,1284,771,-1,771,1284,1285,-1,771,1285,1278,-1,554,1286,561,-1,561,1286,1287,-1,1288,756,1289,-1,1289,756,561,-1,1289,561,1290,-1,1290,561,1287,-1,1288,1291,756,-1,756,1291,1292,-1,756,1292,766,-1,766,1292,1293,-1,766,1293,764,-1,1294,1295,1296,-1,1297,1298,1299,-1,748,1297,743,-1,743,1297,1299,-1,743,1299,730,-1,730,1299,1300,-1,1300,1301,730,-1,730,1301,1302,-1,730,1302,729,-1,729,1302,1303,-1,729,1303,739,-1,739,1303,1304,-1,739,1304,750,-1,750,1304,1305,-1,750,1305,748,-1,748,1305,1306,-1,748,1306,1297,-1,1307,1308,1309,-1,735,1307,731,-1,731,1307,1309,-1,731,1309,714,-1,714,1309,1310,-1,1310,1311,714,-1,714,1311,1312,-1,714,1312,713,-1,713,1312,1313,-1,713,1313,723,-1,723,1313,1314,-1,723,1314,737,-1,737,1314,1315,-1,737,1315,735,-1,735,1315,1316,-1,735,1316,1307,-1,1317,1318,1319,-1,719,1317,715,-1,715,1317,1319,-1,715,1319,698,-1,698,1319,1320,-1,1320,1321,698,-1,698,1321,1322,-1,698,1322,697,-1,697,1322,1323,-1,697,1323,707,-1,707,1323,1324,-1,707,1324,721,-1,721,1324,1325,-1,721,1325,719,-1,719,1325,1326,-1,719,1326,1317,-1,1327,1328,1329,-1,703,1327,699,-1,699,1327,1329,-1,699,1329,675,-1,675,1329,1330,-1,1330,1331,675,-1,675,1331,1332,-1,675,1332,674,-1,674,1332,1333,-1,674,1333,682,-1,682,1333,1334,-1,682,1334,705,-1,705,1334,1335,-1,705,1335,703,-1,703,1335,1336,-1,703,1336,1327,-1,1337,1338,1339,-1,664,1337,660,-1,660,1337,1339,-1,660,1339,643,-1,643,1339,1340,-1,1340,1341,643,-1,643,1341,1342,-1,643,1342,642,-1,642,1342,1343,-1,642,1343,652,-1,652,1343,1344,-1,652,1344,666,-1,666,1344,1345,-1,666,1345,664,-1,664,1345,1346,-1,664,1346,1337,-1,1347,1348,1349,-1,648,1347,644,-1,644,1347,1349,-1,644,1349,627,-1,627,1349,1350,-1,1350,1351,627,-1,627,1351,1352,-1,627,1352,626,-1,626,1352,1353,-1,626,1353,636,-1,636,1353,1354,-1,636,1354,650,-1,650,1354,1355,-1,650,1355,648,-1,648,1355,1356,-1,648,1356,1347,-1,1357,1358,1359,-1,632,1357,628,-1,628,1357,1359,-1,628,1359,614,-1,614,1359,1360,-1,1360,1361,614,-1,614,1361,1362,-1,614,1362,613,-1,613,1362,1363,-1,613,1363,620,-1,620,1363,1364,-1,620,1364,634,-1,634,1364,1365,-1,634,1365,632,-1,632,1365,1366,-1,632,1366,1357,-1,1367,1368,1369,-1,601,1367,590,-1,590,1367,1369,-1,590,1369,573,-1,573,1369,1370,-1,1370,1371,573,-1,573,1371,1372,-1,573,1372,574,-1,574,1372,1373,-1,574,1373,580,-1,580,1373,1374,-1,580,1374,603,-1,603,1374,1375,-1,603,1375,601,-1,601,1375,1376,-1,601,1376,1367,-1,561,560,554,-1,554,560,1377,-1,554,1377,555,-1,555,1377,1378,-1,555,1378,930,-1,1379,1380,1381,-1,1381,1380,1382,-1,1380,559,1382,-1,1382,559,561,-1,1382,561,1383,-1,1383,561,756,-1,1383,756,1384,-1,1384,756,754,-1,1384,754,1385,-1,1385,754,771,-1,1385,771,1386,-1,1386,771,795,-1,1386,795,1387,-1,1387,795,793,-1,1387,793,1388,-1,1388,793,811,-1,1388,811,1389,-1,1389,811,809,-1,1389,809,1390,-1,1390,809,827,-1,1390,827,1391,-1,1391,827,825,-1,1391,825,1392,-1,1392,825,848,-1,1392,848,1393,-1,1393,848,845,-1,1393,845,1394,-1,1394,845,867,-1,1394,867,1395,-1,1395,867,882,-1,1395,882,1396,-1,1396,882,880,-1,1396,880,1397,-1,1397,880,898,-1,1397,898,1398,-1,1398,898,896,-1,1398,896,1399,-1,1399,896,914,-1,1399,914,1400,-1,1400,914,912,-1,1400,912,553,-1,553,912,1208,-1,557,1000,1401,-1,1401,1000,969,-1,1401,969,1402,-1,1402,969,968,-1,1402,968,1403,-1,1403,968,1109,-1,1403,1109,1404,-1,1404,1109,1108,-1,1404,1108,1405,-1,1405,1108,1160,-1,1405,1160,1406,-1,1406,1160,1013,-1,1406,1013,1407,-1,1407,1013,1016,-1,1407,1016,1408,-1,1408,1016,1075,-1,1408,1075,1409,-1,1409,1075,931,-1,1409,931,1381,-1,1381,931,930,-1,1381,930,1379,-1,1379,930,1378,-1,1410,1411,920,-1,920,1411,1412,-1,1412,1413,920,-1,920,1413,1414,-1,920,1414,1415,-1,1416,1211,1417,-1,1417,1211,1418,-1,1416,1419,1211,-1,1211,1419,1420,-1,1211,1420,1421,-1,1422,1423,750,-1,750,1423,1424,-1,750,1424,1425,-1,1415,1426,920,-1,920,1426,1427,-1,920,1427,1211,-1,1211,1427,1428,-1,1211,1428,1418,-1,1420,1429,1421,-1,1421,1429,1430,-1,1421,1430,1431,-1,1431,1432,1421,-1,1421,1432,1433,-1,1421,1433,1434,-1,1435,744,1436,-1,1436,744,745,-1,1436,745,1437,-1,1437,745,1438,-1,1437,1438,752,-1,752,1438,1421,-1,752,1421,750,-1,750,1421,1434,-1,750,1434,1422,-1,1425,1410,750,-1,750,1410,920,-1,750,920,739,-1,739,920,922,-1,739,922,737,-1,737,922,904,-1,737,904,723,-1,723,904,906,-1,723,906,721,-1,721,906,888,-1,721,888,707,-1,707,888,890,-1,707,890,705,-1,705,890,874,-1,705,874,682,-1,682,874,851,-1,682,851,668,-1,668,851,850,-1,668,850,666,-1,666,850,833,-1,666,833,652,-1,652,833,835,-1,652,835,650,-1,650,835,817,-1,650,817,636,-1,636,817,819,-1,636,819,634,-1,634,819,801,-1,634,801,620,-1,620,801,803,-1,620,803,597,-1,597,803,785,-1,597,785,603,-1,603,785,762,-1,603,762,580,-1,580,762,764,-1,580,764,582,-1,1439,1440,556,-1,1441,1442,582,-1,1439,556,1443,-1,1444,1445,1296,-1,1293,1294,764,-1,764,1294,1296,-1,764,1296,582,-1,582,1296,1445,-1,582,1445,1441,-1,1440,1446,556,-1,556,1446,1447,-1,556,1447,1448,-1,1449,1450,1451,-1,1451,1450,1452,-1,1451,1452,1453,-1,1454,1455,1296,-1,1442,1456,582,-1,582,1456,1457,-1,582,1457,1458,-1,1455,1459,1296,-1,1296,1459,1460,-1,1296,1460,1444,-1,1448,1454,556,-1,556,1454,1296,-1,556,1296,554,-1,554,1296,1295,-1,554,1295,1286,-1,1458,1461,582,-1,582,1461,1462,-1,582,1462,1451,-1,1451,1462,1463,-1,1451,1463,1449,-1,1009,992,976,-1,976,992,994,-1,976,994,978,-1,978,994,1133,-1,978,1133,1116,-1,1116,1133,1131,-1,1116,1131,1118,-1,1118,1131,1179,-1,1118,1179,1167,-1,1167,1179,1068,-1,1167,1068,1025,-1,1025,1068,1053,-1,1025,1053,1029,-1,1029,1053,1051,-1,1029,1051,1082,-1,1082,1051,961,-1,1082,961,938,-1,938,961,951,-1,938,951,556,-1,556,951,1451,-1,556,1451,1443,-1,1443,1451,1453,-1,566,1464,951,-1,951,1464,945,-1,951,945,1451,-1,1451,945,944,-1,1451,944,582,-1,582,944,578,-1,582,578,583,-1,583,578,577,-1,1465,942,1466,-1,1466,942,572,-1,1466,572,1467,-1,1467,572,578,-1,1467,578,1468,-1,1468,578,944,-1,1468,944,1465,-1,1465,944,942,-1,557,558,1000,-1,1000,558,1469,-1,1000,1469,1008,-1,1008,1469,1470,-1,1008,1470,1009,-1,1009,1470,1471,-1,1009,1471,992,-1,992,1471,1472,-1,992,1472,990,-1,990,1472,1473,-1,990,1473,986,-1,1474,1475,1476,-1,1477,1478,1479,-1,1480,1481,1482,-1,1483,1484,1485,-1,1485,1484,1486,-1,1485,1486,1487,-1,1486,1488,1487,-1,1487,1488,1489,-1,1487,1489,1490,-1,1490,1489,1491,-1,1490,1491,1492,-1,1493,1494,1495,-1,1496,1497,1498,-1,1498,1497,1495,-1,1498,1495,1499,-1,1499,1495,1494,-1,1499,1494,1500,-1,1500,1494,1501,-1,1502,1503,1504,-1,1505,1506,1507,-1,1507,1506,1476,-1,1507,1476,1504,-1,1504,1476,1508,-1,1504,1508,1502,-1,1509,1510,1511,-1,1512,1513,1514,-1,1515,1516,1514,-1,1514,1516,1517,-1,1514,1517,1512,-1,1518,1502,1519,-1,1519,1502,1508,-1,1519,1508,1511,-1,1511,1508,1516,-1,1511,1516,1509,-1,1509,1516,1515,-1,1509,1515,1520,-1,1521,1522,1523,-1,1524,1525,1526,-1,1527,1526,1528,-1,1528,1526,1525,-1,1528,1525,1529,-1,1529,1525,1530,-1,1531,1512,1532,-1,1532,1512,1517,-1,1532,1517,1523,-1,1523,1517,1526,-1,1523,1526,1521,-1,1521,1526,1527,-1,1521,1527,1533,-1,1534,1535,1536,-1,1537,1538,1539,-1,1540,1541,1539,-1,1539,1541,1542,-1,1539,1542,1537,-1,1543,1544,1545,-1,1545,1544,1479,-1,1545,1479,1536,-1,1536,1479,1541,-1,1536,1541,1534,-1,1534,1541,1540,-1,1534,1540,1546,-1,1547,1548,1549,-1,1550,1551,1552,-1,1553,1552,1554,-1,1554,1552,1551,-1,1554,1551,1555,-1,1555,1551,1556,-1,1557,1537,1558,-1,1558,1537,1542,-1,1558,1542,1549,-1,1549,1542,1552,-1,1549,1552,1547,-1,1547,1552,1553,-1,1547,1553,1559,-1,1560,1561,1562,-1,1563,1564,1565,-1,1566,1567,1565,-1,1565,1567,1568,-1,1565,1568,1563,-1,1569,1570,1571,-1,1571,1570,1482,-1,1571,1482,1562,-1,1562,1482,1567,-1,1562,1567,1560,-1,1560,1567,1566,-1,1560,1566,1572,-1,1573,1574,1575,-1,1576,1577,1578,-1,1579,1578,1580,-1,1580,1578,1577,-1,1580,1577,1581,-1,1581,1577,1582,-1,1583,1563,1584,-1,1584,1563,1568,-1,1584,1568,1575,-1,1575,1568,1578,-1,1575,1578,1573,-1,1573,1578,1579,-1,1573,1579,1585,-1,1586,1587,1588,-1,1589,1590,1591,-1,1591,1590,1592,-1,1591,1592,1588,-1,1588,1592,1593,-1,1588,1593,1586,-1,1594,1595,1596,-1,1485,1597,1598,-1,1598,1597,1599,-1,1483,1485,1600,-1,1600,1485,1598,-1,1600,1598,1601,-1,1602,1586,1603,-1,1603,1586,1593,-1,1603,1593,1596,-1,1596,1593,1600,-1,1596,1600,1594,-1,1594,1600,1601,-1,1594,1601,1604,-1,1593,1605,1600,-1,1600,1605,1606,-1,1600,1606,1607,-1,1608,1609,1607,-1,1607,1609,1489,-1,1607,1489,1600,-1,1600,1489,1488,-1,1600,1488,1483,-1,1592,1610,1593,-1,1593,1610,1611,-1,1593,1611,1612,-1,1613,1614,1612,-1,1612,1614,1609,-1,1612,1609,1593,-1,1593,1609,1608,-1,1593,1608,1605,-1,1615,1616,1592,-1,1592,1616,1617,-1,1618,1619,1617,-1,1617,1619,1614,-1,1617,1614,1592,-1,1592,1614,1613,-1,1592,1613,1610,-1,1578,1620,1621,-1,1622,1619,1623,-1,1623,1619,1618,-1,1623,1618,1621,-1,1621,1618,1615,-1,1621,1615,1578,-1,1578,1615,1592,-1,1578,1592,1576,-1,1576,1592,1590,-1,1576,1590,1624,-1,1568,1625,1578,-1,1578,1625,1626,-1,1578,1626,1627,-1,1628,1629,1627,-1,1627,1629,1619,-1,1627,1619,1578,-1,1578,1619,1622,-1,1578,1622,1620,-1,1567,1630,1568,-1,1568,1630,1631,-1,1568,1631,1632,-1,1633,1634,1632,-1,1632,1634,1629,-1,1632,1629,1568,-1,1568,1629,1628,-1,1568,1628,1625,-1,1482,1481,1567,-1,1567,1481,1635,-1,1567,1635,1636,-1,1480,1637,1636,-1,1636,1637,1634,-1,1636,1634,1567,-1,1567,1634,1633,-1,1567,1633,1630,-1,1552,1638,1639,-1,1640,1641,1482,-1,1482,1641,1642,-1,1480,1482,1637,-1,1637,1482,1642,-1,1637,1642,1643,-1,1643,1642,1644,-1,1643,1644,1645,-1,1646,1645,1647,-1,1647,1645,1644,-1,1647,1644,1639,-1,1639,1644,1640,-1,1639,1640,1552,-1,1552,1640,1482,-1,1552,1482,1550,-1,1550,1482,1570,-1,1550,1570,1648,-1,1542,1649,1552,-1,1552,1649,1650,-1,1552,1650,1651,-1,1652,1653,1651,-1,1651,1653,1645,-1,1651,1645,1552,-1,1552,1645,1646,-1,1552,1646,1638,-1,1541,1654,1542,-1,1542,1654,1655,-1,1542,1655,1656,-1,1657,1658,1656,-1,1656,1658,1653,-1,1656,1653,1542,-1,1542,1653,1652,-1,1542,1652,1649,-1,1479,1478,1541,-1,1541,1478,1659,-1,1541,1659,1660,-1,1477,1661,1660,-1,1660,1661,1658,-1,1660,1658,1541,-1,1541,1658,1657,-1,1541,1657,1654,-1,1662,1663,1479,-1,1479,1663,1664,-1,1477,1479,1661,-1,1661,1479,1664,-1,1661,1664,1665,-1,1665,1664,1666,-1,1665,1666,1667,-1,1526,1668,1669,-1,1670,1667,1671,-1,1671,1667,1666,-1,1671,1666,1669,-1,1669,1666,1662,-1,1669,1662,1526,-1,1526,1662,1479,-1,1526,1479,1524,-1,1524,1479,1544,-1,1524,1544,1672,-1,1517,1673,1526,-1,1526,1673,1674,-1,1526,1674,1675,-1,1676,1677,1675,-1,1675,1677,1667,-1,1675,1667,1526,-1,1526,1667,1670,-1,1526,1670,1668,-1,1516,1678,1517,-1,1517,1678,1679,-1,1517,1679,1680,-1,1681,1682,1680,-1,1680,1682,1677,-1,1680,1677,1517,-1,1517,1677,1676,-1,1517,1676,1673,-1,1508,1683,1516,-1,1516,1683,1684,-1,1516,1684,1685,-1,1686,1687,1685,-1,1685,1687,1682,-1,1685,1682,1516,-1,1516,1682,1681,-1,1516,1681,1678,-1,1476,1475,1508,-1,1508,1475,1688,-1,1508,1688,1689,-1,1474,1690,1689,-1,1689,1690,1687,-1,1689,1687,1508,-1,1508,1687,1686,-1,1508,1686,1683,-1,1691,1692,1476,-1,1476,1692,1693,-1,1474,1476,1690,-1,1690,1476,1693,-1,1690,1693,1694,-1,1694,1693,1695,-1,1694,1695,1696,-1,1495,1697,1698,-1,1697,1495,1699,-1,1699,1495,1696,-1,1699,1696,1700,-1,1700,1696,1695,-1,1700,1695,1698,-1,1698,1695,1691,-1,1698,1691,1495,-1,1495,1691,1476,-1,1495,1476,1493,-1,1493,1476,1506,-1,1493,1506,1701,-1,1702,1703,1704,-1,1704,1703,1705,-1,1706,1707,1708,-1,1708,1707,1709,-1,1708,1709,1702,-1,1702,1709,1710,-1,1702,1710,1703,-1,1706,1704,1707,-1,1707,1704,1705,-1,1707,1705,1711,-1,1711,1705,1712,-1,1711,1712,1710,-1,1710,1712,1713,-1,1710,1713,1703,-1,577,576,1714,-1,569,568,1715,-1,1715,568,1716,-1,1715,1716,1714,-1,1714,1716,1717,-1,1714,1717,577,-1,1718,1719,1720,-1,1720,1719,1721,-1,1722,1723,1724,-1,1724,1723,1725,-1,1724,1725,1718,-1,1718,1725,1726,-1,1718,1726,1719,-1,1722,1720,1723,-1,1723,1720,1721,-1,1723,1721,1727,-1,1727,1721,1728,-1,1727,1728,1726,-1,1726,1728,1729,-1,1726,1729,1719,-1,1372,1371,1730,-1,1368,1367,1731,-1,1731,1367,1732,-1,1731,1732,1730,-1,1730,1732,1733,-1,1730,1733,1372,-1,1734,1735,1736,-1,1736,1735,1737,-1,1738,1739,1740,-1,1740,1739,1741,-1,1740,1741,1734,-1,1734,1741,1742,-1,1734,1742,1735,-1,1738,1736,1739,-1,1739,1736,1737,-1,1739,1737,1743,-1,1743,1737,1744,-1,1743,1744,1742,-1,1742,1744,1745,-1,1742,1745,1735,-1,600,599,1746,-1,606,607,1747,-1,1747,607,1748,-1,1747,1748,1746,-1,1746,1748,1749,-1,1746,1749,600,-1,1750,1751,1752,-1,1752,1751,1753,-1,1754,1755,1756,-1,1756,1755,1757,-1,1756,1757,1750,-1,1750,1757,1758,-1,1750,1758,1751,-1,1754,1752,1755,-1,1755,1752,1753,-1,1755,1753,1759,-1,1759,1753,1760,-1,1759,1760,1758,-1,1758,1760,1761,-1,1758,1761,1751,-1,594,595,1762,-1,591,586,1763,-1,1763,586,1764,-1,1763,1764,1762,-1,1762,1764,1765,-1,1762,1765,594,-1,1766,1767,1768,-1,1768,1767,1769,-1,1770,1771,1772,-1,1772,1771,1773,-1,1772,1773,1766,-1,1766,1773,1774,-1,1766,1774,1767,-1,1770,1768,1771,-1,1771,1768,1769,-1,1771,1769,1775,-1,1775,1769,1776,-1,1775,1776,1774,-1,1774,1776,1777,-1,1774,1777,1767,-1,617,616,1778,-1,611,610,1779,-1,1779,610,1780,-1,1779,1780,1778,-1,1778,1780,1781,-1,1778,1781,617,-1,1782,1783,1784,-1,1784,1783,1785,-1,1786,1787,1788,-1,1788,1787,1789,-1,1788,1789,1782,-1,1782,1789,1790,-1,1782,1790,1783,-1,1786,1784,1787,-1,1787,1784,1785,-1,1787,1785,1791,-1,1791,1785,1792,-1,1791,1792,1790,-1,1790,1792,1793,-1,1790,1793,1783,-1,1362,1361,1794,-1,1358,1357,1795,-1,1795,1357,1796,-1,1795,1796,1794,-1,1794,1796,1797,-1,1794,1797,1362,-1,1798,1799,1800,-1,1800,1799,1801,-1,1802,1803,1804,-1,1804,1803,1805,-1,1804,1805,1798,-1,1798,1805,1806,-1,1798,1806,1799,-1,1802,1800,1803,-1,1803,1800,1801,-1,1803,1801,1807,-1,1807,1801,1808,-1,1807,1808,1806,-1,1806,1808,1809,-1,1806,1809,1799,-1,631,630,1810,-1,624,623,1811,-1,1811,623,1812,-1,1811,1812,1810,-1,1810,1812,1813,-1,1810,1813,631,-1,1814,1815,1816,-1,1816,1815,1817,-1,1818,1819,1820,-1,1820,1819,1821,-1,1820,1821,1814,-1,1814,1821,1822,-1,1814,1822,1815,-1,1818,1816,1819,-1,1819,1816,1817,-1,1819,1817,1823,-1,1823,1817,1824,-1,1823,1824,1822,-1,1822,1824,1825,-1,1822,1825,1815,-1,1352,1351,1826,-1,1348,1347,1827,-1,1827,1347,1828,-1,1827,1828,1826,-1,1826,1828,1829,-1,1826,1829,1352,-1,1830,1831,1832,-1,1832,1831,1833,-1,1834,1835,1836,-1,1836,1835,1837,-1,1836,1837,1830,-1,1830,1837,1838,-1,1830,1838,1831,-1,1834,1832,1835,-1,1835,1832,1833,-1,1835,1833,1839,-1,1839,1833,1840,-1,1839,1840,1838,-1,1838,1840,1841,-1,1838,1841,1831,-1,647,646,1842,-1,640,639,1843,-1,1843,639,1844,-1,1843,1844,1842,-1,1842,1844,1845,-1,1842,1845,647,-1,1846,1847,1848,-1,1848,1847,1849,-1,1850,1851,1852,-1,1852,1851,1853,-1,1852,1853,1846,-1,1846,1853,1854,-1,1846,1854,1847,-1,1850,1848,1851,-1,1851,1848,1849,-1,1851,1849,1855,-1,1855,1849,1856,-1,1855,1856,1854,-1,1854,1856,1857,-1,1854,1857,1847,-1,1342,1341,1858,-1,1338,1337,1859,-1,1859,1337,1860,-1,1859,1860,1858,-1,1858,1860,1861,-1,1858,1861,1342,-1,1862,1863,1864,-1,1864,1863,1865,-1,1866,1867,1868,-1,1868,1867,1869,-1,1868,1869,1862,-1,1862,1869,1870,-1,1862,1870,1863,-1,1866,1864,1867,-1,1867,1864,1865,-1,1867,1865,1871,-1,1871,1865,1872,-1,1871,1872,1870,-1,1870,1872,1873,-1,1870,1873,1863,-1,663,662,1874,-1,656,655,1875,-1,1875,655,1876,-1,1875,1876,1874,-1,1874,1876,1877,-1,1874,1877,663,-1,1878,1879,1880,-1,1880,1879,1881,-1,1882,1883,1884,-1,1884,1883,1885,-1,1884,1885,1878,-1,1878,1885,1886,-1,1878,1886,1879,-1,1882,1880,1883,-1,1883,1880,1881,-1,1883,1881,1887,-1,1887,1881,1888,-1,1887,1888,1886,-1,1886,1888,1889,-1,1886,1889,1879,-1,684,683,1890,-1,687,688,1891,-1,1891,688,1892,-1,1891,1892,1890,-1,1890,1892,1893,-1,1890,1893,684,-1,1894,1895,1896,-1,1896,1895,1897,-1,1898,1899,1900,-1,1900,1899,1901,-1,1900,1901,1894,-1,1894,1901,1902,-1,1894,1902,1895,-1,1898,1896,1899,-1,1899,1896,1897,-1,1899,1897,1903,-1,1903,1897,1904,-1,1903,1904,1902,-1,1902,1904,1905,-1,1902,1905,1895,-1,678,677,1906,-1,672,671,1907,-1,1907,671,1908,-1,1907,1908,1906,-1,1906,1908,1909,-1,1906,1909,678,-1,1910,1911,1912,-1,1912,1911,1913,-1,1914,1915,1916,-1,1916,1915,1917,-1,1916,1917,1910,-1,1910,1917,1918,-1,1910,1918,1911,-1,1914,1912,1915,-1,1915,1912,1913,-1,1915,1913,1919,-1,1919,1913,1920,-1,1919,1920,1918,-1,1918,1920,1921,-1,1918,1921,1911,-1,1332,1331,1922,-1,1328,1327,1923,-1,1923,1327,1924,-1,1923,1924,1922,-1,1922,1924,1925,-1,1922,1925,1332,-1,1926,1927,1928,-1,1928,1927,1929,-1,1930,1931,1932,-1,1932,1931,1933,-1,1932,1933,1926,-1,1926,1933,1934,-1,1926,1934,1927,-1,1930,1928,1931,-1,1931,1928,1929,-1,1931,1929,1935,-1,1935,1929,1936,-1,1935,1936,1934,-1,1934,1936,1937,-1,1934,1937,1927,-1,702,701,1938,-1,695,694,1939,-1,1939,694,1940,-1,1939,1940,1938,-1,1938,1940,1941,-1,1938,1941,702,-1,1942,1943,1944,-1,1944,1943,1945,-1,1946,1947,1948,-1,1948,1947,1949,-1,1948,1949,1942,-1,1942,1949,1950,-1,1942,1950,1943,-1,1946,1944,1947,-1,1947,1944,1945,-1,1947,1945,1951,-1,1951,1945,1952,-1,1951,1952,1950,-1,1950,1952,1953,-1,1950,1953,1943,-1,1322,1321,1954,-1,1318,1317,1955,-1,1955,1317,1956,-1,1955,1956,1954,-1,1954,1956,1957,-1,1954,1957,1322,-1,1958,1959,1960,-1,1960,1959,1961,-1,1962,1963,1964,-1,1964,1963,1965,-1,1964,1965,1958,-1,1958,1965,1966,-1,1958,1966,1959,-1,1962,1960,1963,-1,1963,1960,1961,-1,1963,1961,1967,-1,1967,1961,1968,-1,1967,1968,1966,-1,1966,1968,1969,-1,1966,1969,1959,-1,718,717,1970,-1,711,710,1971,-1,1971,710,1972,-1,1971,1972,1970,-1,1970,1972,1973,-1,1970,1973,718,-1,1974,1975,1976,-1,1976,1975,1977,-1,1978,1979,1980,-1,1980,1979,1981,-1,1980,1981,1974,-1,1974,1981,1982,-1,1974,1982,1975,-1,1978,1976,1979,-1,1979,1976,1977,-1,1979,1977,1983,-1,1983,1977,1984,-1,1983,1984,1982,-1,1982,1984,1985,-1,1982,1985,1975,-1,1312,1311,1986,-1,1308,1307,1987,-1,1987,1307,1988,-1,1987,1988,1986,-1,1986,1988,1989,-1,1986,1989,1312,-1,1990,1991,1992,-1,1992,1991,1993,-1,1994,1995,1996,-1,1996,1995,1997,-1,1996,1997,1990,-1,1990,1997,1998,-1,1990,1998,1991,-1,1994,1992,1995,-1,1995,1992,1993,-1,1995,1993,1999,-1,1999,1993,2000,-1,1999,2000,1998,-1,1998,2000,2001,-1,1998,2001,1991,-1,734,733,2002,-1,727,726,2003,-1,2003,726,2004,-1,2003,2004,2002,-1,2002,2004,2005,-1,2002,2005,734,-1,2006,2007,2008,-1,2008,2007,2009,-1,2010,2011,2012,-1,2012,2011,2013,-1,2012,2013,2006,-1,2006,2013,2014,-1,2006,2014,2007,-1,2010,2008,2011,-1,2011,2008,2009,-1,2011,2009,2015,-1,2015,2009,2016,-1,2015,2016,2014,-1,2014,2016,2017,-1,2014,2017,2007,-1,1302,1301,2018,-1,1298,1297,2019,-1,2019,1297,2020,-1,2019,2020,2018,-1,2018,2020,2021,-1,2018,2021,1302,-1,2022,2023,2024,-1,2024,2023,2025,-1,2026,2027,2028,-1,2028,2027,2029,-1,2028,2029,2022,-1,2022,2029,2030,-1,2022,2030,2023,-1,2026,2024,2027,-1,2027,2024,2025,-1,2027,2025,2031,-1,2031,2025,2032,-1,2031,2032,2030,-1,2030,2032,2033,-1,2030,2033,2023,-1,747,746,2034,-1,1435,1436,2035,-1,2035,1436,2036,-1,2035,2036,2034,-1,2034,2036,2037,-1,2034,2037,747,-1,2038,2039,2040,-1,2041,2042,2043,-1,2044,2045,2046,-1,2047,2048,2049,-1,2050,2051,2052,-1,2053,2054,2055,-1,2056,2057,2058,-1,2059,2060,2061,-1,2062,2063,2064,-1,2065,2066,2067,-1,2068,2069,2070,-1,2071,2072,2073,-1,2074,2075,2076,-1,2077,2078,2079,-1,2080,2081,2082,-1,2083,2084,2085,-1,2086,2087,2088,-1,2089,2090,2091,-1,2091,2090,2092,-1,2091,2092,2093,-1,2094,2095,2096,-1,2085,2097,2098,-1,2096,2095,2099,-1,2099,2095,2100,-1,2099,2100,2101,-1,2102,2103,2104,-1,2082,2105,2106,-1,2104,2103,2096,-1,2096,2103,2107,-1,2096,2107,2108,-1,2109,2110,2111,-1,2079,2112,2113,-1,2111,2110,2104,-1,2104,2110,2114,-1,2104,2114,2115,-1,2116,2117,2118,-1,2076,2119,2120,-1,2121,2122,2123,-1,2123,2122,2124,-1,2125,2126,2120,-1,2120,2126,2123,-1,2120,2123,2076,-1,2076,2123,2124,-1,2117,2122,2118,-1,2118,2122,2121,-1,2118,2121,2111,-1,2111,2121,2127,-1,2111,2127,2126,-1,2088,2099,2086,-1,2086,2099,2101,-1,2086,2101,2098,-1,2098,2101,2094,-1,2098,2094,2085,-1,2085,2094,2096,-1,2085,2096,2083,-1,2083,2096,2108,-1,2083,2108,2106,-1,2106,2108,2102,-1,2106,2102,2082,-1,2082,2102,2104,-1,2082,2104,2080,-1,2080,2104,2115,-1,2080,2115,2113,-1,2113,2115,2109,-1,2113,2109,2079,-1,2079,2109,2111,-1,2079,2111,2077,-1,2077,2111,2126,-1,2077,2126,2128,-1,2128,2126,2125,-1,2128,2125,2129,-1,2129,2125,2130,-1,2131,2132,2133,-1,2073,2134,2135,-1,2133,2132,2118,-1,2118,2132,2136,-1,2118,2136,2137,-1,2138,2139,2140,-1,2070,2141,2142,-1,2140,2139,2133,-1,2133,2139,2143,-1,2133,2143,2144,-1,2145,2146,2147,-1,2067,2148,2149,-1,2140,2150,2151,-1,2152,2153,2154,-1,2064,2155,2156,-1,2157,2158,2159,-1,2159,2158,2160,-1,2161,2162,2156,-1,2156,2162,2159,-1,2156,2159,2064,-1,2064,2159,2160,-1,2153,2158,2154,-1,2154,2158,2157,-1,2154,2157,2147,-1,2147,2157,2163,-1,2147,2163,2162,-1,2124,2116,2076,-1,2076,2116,2118,-1,2076,2118,2074,-1,2074,2118,2137,-1,2074,2137,2135,-1,2135,2137,2131,-1,2135,2131,2073,-1,2073,2131,2133,-1,2073,2133,2071,-1,2071,2133,2144,-1,2071,2144,2142,-1,2142,2144,2138,-1,2142,2138,2070,-1,2070,2138,2140,-1,2070,2140,2068,-1,2068,2140,2151,-1,2068,2151,2149,-1,2149,2151,2145,-1,2149,2145,2067,-1,2067,2145,2147,-1,2067,2147,2065,-1,2065,2147,2162,-1,2065,2162,2164,-1,2164,2162,2161,-1,2164,2161,2165,-1,2165,2161,2166,-1,2167,2168,2169,-1,2061,2170,2171,-1,2169,2168,2154,-1,2154,2168,2172,-1,2154,2172,2173,-1,2174,2175,2176,-1,2058,2177,2178,-1,2176,2175,2169,-1,2169,2175,2179,-1,2169,2179,2180,-1,2181,2182,2183,-1,2055,2184,2185,-1,2176,2186,2187,-1,2188,2189,2190,-1,2191,2192,2193,-1,2190,2193,2188,-1,2188,2193,2192,-1,2188,2192,2194,-1,2194,2192,2195,-1,2195,2196,2183,-1,2183,2196,2197,-1,2183,2197,2198,-1,2192,2199,2195,-1,2195,2199,2200,-1,2195,2200,2196,-1,2196,2200,2201,-1,2160,2152,2064,-1,2064,2152,2154,-1,2064,2154,2062,-1,2062,2154,2173,-1,2062,2173,2171,-1,2171,2173,2167,-1,2171,2167,2061,-1,2061,2167,2169,-1,2061,2169,2059,-1,2059,2169,2180,-1,2059,2180,2178,-1,2178,2180,2174,-1,2178,2174,2058,-1,2058,2174,2176,-1,2058,2176,2056,-1,2056,2176,2187,-1,2056,2187,2185,-1,2185,2187,2181,-1,2185,2181,2055,-1,2055,2181,2183,-1,2055,2183,2053,-1,2053,2183,2198,-1,2053,2198,2193,-1,2193,2198,2201,-1,2193,2201,2191,-1,2191,2201,2200,-1,2202,2203,2204,-1,2049,2205,2206,-1,2204,2203,2195,-1,2195,2203,2207,-1,2195,2207,2208,-1,2209,2210,2211,-1,2046,2212,2213,-1,2211,2210,2204,-1,2204,2210,2214,-1,2204,2214,2215,-1,2216,2217,2218,-1,2043,2219,2220,-1,2218,2217,2211,-1,2211,2217,2221,-1,2211,2221,2222,-1,2223,2224,2225,-1,2040,2226,2227,-1,2225,2224,2218,-1,2218,2224,2228,-1,2218,2228,2229,-1,2230,2231,2232,-1,2230,2233,2231,-1,2231,2233,2234,-1,2231,2234,2235,-1,2236,2237,2238,-1,2238,2237,2234,-1,2238,2234,2239,-1,2239,2234,2233,-1,2239,2233,2240,-1,2240,2233,2241,-1,2236,2240,2237,-1,2237,2240,2241,-1,2237,2241,2225,-1,2225,2241,2242,-1,2225,2242,2230,-1,2243,2194,2052,-1,2052,2194,2195,-1,2052,2195,2050,-1,2050,2195,2208,-1,2050,2208,2206,-1,2206,2208,2202,-1,2206,2202,2049,-1,2049,2202,2204,-1,2049,2204,2047,-1,2047,2204,2215,-1,2047,2215,2213,-1,2213,2215,2209,-1,2213,2209,2046,-1,2046,2209,2211,-1,2046,2211,2044,-1,2044,2211,2222,-1,2044,2222,2220,-1,2220,2222,2216,-1,2220,2216,2043,-1,2043,2216,2218,-1,2043,2218,2041,-1,2041,2218,2229,-1,2041,2229,2227,-1,2227,2229,2223,-1,2227,2223,2040,-1,2040,2223,2225,-1,2040,2225,2038,-1,2038,2225,2230,-1,2038,2230,2244,-1,2244,2230,2232,-1,2244,2232,2245,-1,2245,2232,2246,-1,2247,2140,2248,-1,2248,2140,2133,-1,2248,2133,2249,-1,2249,2133,2118,-1,2249,2118,2250,-1,2250,2118,2111,-1,2250,2111,2251,-1,2251,2111,2104,-1,2251,2104,2252,-1,2252,2104,2096,-1,2252,2096,2089,-1,2089,2096,2099,-1,2089,2099,2090,-1,2253,2154,2247,-1,2247,2154,2147,-1,2247,2147,2140,-1,2140,2147,2146,-1,2140,2146,2150,-1,2254,2176,2255,-1,2255,2176,2169,-1,2255,2169,2256,-1,2256,2169,2154,-1,2256,2154,2257,-1,2257,2154,2253,-1,2258,2195,2254,-1,2254,2195,2183,-1,2254,2183,2176,-1,2176,2183,2182,-1,2176,2182,2186,-1,2259,2237,2260,-1,2260,2237,2225,-1,2260,2225,2261,-1,2261,2225,2218,-1,2261,2218,2262,-1,2262,2218,2211,-1,2262,2211,2263,-1,2263,2211,2204,-1,2263,2204,2264,-1,2264,2204,2195,-1,2264,2195,2265,-1,2265,2195,2258,-1,2266,2267,2268,-1,2268,2267,2269,-1,2270,2271,2272,-1,2272,2271,2273,-1,2269,2271,2268,-1,2268,2271,2270,-1,2268,2270,2274,-1,2274,2270,2275,-1,2274,2275,2276,-1,2275,2277,2276,-1,2276,2277,2272,-1,2276,2272,2266,-1,2266,2272,2273,-1,2266,2273,2267,-1,1292,1291,2278,-1,1290,1287,2279,-1,2279,1287,2280,-1,2279,2280,2278,-1,2278,2280,2281,-1,2278,2281,1292,-1,2282,2283,2284,-1,2284,2283,2285,-1,2286,2287,2288,-1,2288,2287,2289,-1,2285,2287,2284,-1,2284,2287,2286,-1,2284,2286,2290,-1,2290,2286,2291,-1,2290,2291,2292,-1,2291,2293,2292,-1,2292,2293,2288,-1,2292,2288,2282,-1,2282,2288,2289,-1,2282,2289,2283,-1,759,758,2294,-1,757,768,2295,-1,2295,768,2296,-1,2295,2296,2294,-1,2294,2296,2297,-1,2294,2297,759,-1,2298,2299,2300,-1,2300,2299,2301,-1,2302,2303,2304,-1,2304,2303,2305,-1,2301,2303,2300,-1,2300,2303,2302,-1,2300,2302,2306,-1,2306,2302,2307,-1,2306,2307,2308,-1,2307,2309,2308,-1,2308,2309,2304,-1,2308,2304,2298,-1,2298,2304,2305,-1,2298,2305,2299,-1,776,775,2310,-1,773,772,2311,-1,2311,772,2312,-1,2311,2312,2310,-1,2310,2312,2313,-1,2310,2313,776,-1,2314,2315,2316,-1,2316,2315,2317,-1,2318,2319,2320,-1,2320,2319,2321,-1,2317,2319,2316,-1,2316,2319,2318,-1,2316,2318,2322,-1,2322,2318,2323,-1,2322,2323,2324,-1,2323,2325,2324,-1,2324,2325,2320,-1,2324,2320,2314,-1,2314,2320,2321,-1,2314,2321,2315,-1,782,781,2326,-1,788,789,2327,-1,2327,789,2328,-1,2327,2328,2326,-1,2326,2328,2329,-1,2326,2329,782,-1,2330,2331,2332,-1,2332,2331,2333,-1,2334,2335,2336,-1,2336,2335,2337,-1,2333,2335,2332,-1,2332,2335,2334,-1,2332,2334,2338,-1,2338,2334,2339,-1,2338,2339,2340,-1,2339,2341,2340,-1,2340,2341,2336,-1,2340,2336,2330,-1,2330,2336,2337,-1,2330,2337,2331,-1,1280,1279,2342,-1,1278,1285,2343,-1,2343,1285,2344,-1,2343,2344,2342,-1,2342,2344,2345,-1,2342,2345,1280,-1,2346,2347,2348,-1,2348,2347,2349,-1,2350,2351,2352,-1,2352,2351,2353,-1,2349,2351,2348,-1,2348,2351,2350,-1,2348,2350,2354,-1,2354,2350,2355,-1,2354,2355,2356,-1,2355,2357,2356,-1,2356,2357,2352,-1,2356,2352,2346,-1,2346,2352,2353,-1,2346,2353,2347,-1,798,797,2358,-1,796,807,2359,-1,2359,807,2360,-1,2359,2360,2358,-1,2358,2360,2361,-1,2358,2361,798,-1,2362,2363,2364,-1,2364,2363,2365,-1,2366,2367,2368,-1,2368,2367,2369,-1,2365,2367,2364,-1,2364,2367,2366,-1,2364,2366,2370,-1,2370,2366,2371,-1,2370,2371,2372,-1,2371,2373,2372,-1,2372,2373,2368,-1,2372,2368,2362,-1,2362,2368,2369,-1,2362,2369,2363,-1,1270,1269,2374,-1,1268,1275,2375,-1,2375,1275,2376,-1,2375,2376,2374,-1,2374,2376,2377,-1,2374,2377,1270,-1,2378,2379,2380,-1,2380,2379,2381,-1,2382,2383,2384,-1,2384,2383,2385,-1,2381,2383,2380,-1,2380,2383,2382,-1,2380,2382,2386,-1,2386,2382,2387,-1,2386,2387,2388,-1,2387,2389,2388,-1,2388,2389,2384,-1,2388,2384,2378,-1,2378,2384,2385,-1,2378,2385,2379,-1,814,813,2390,-1,812,823,2391,-1,2391,823,2392,-1,2391,2392,2390,-1,2390,2392,2393,-1,2390,2393,814,-1,2394,2395,2396,-1,2396,2395,2397,-1,2398,2399,2400,-1,2400,2399,2401,-1,2397,2399,2396,-1,2396,2399,2398,-1,2396,2398,2402,-1,2402,2398,2403,-1,2402,2403,2404,-1,2403,2405,2404,-1,2404,2405,2400,-1,2404,2400,2394,-1,2394,2400,2401,-1,2394,2401,2395,-1,1260,1259,2406,-1,1258,1265,2407,-1,2407,1265,2408,-1,2407,2408,2406,-1,2406,2408,2409,-1,2406,2409,1260,-1,2410,2411,2412,-1,2412,2411,2413,-1,2414,2415,2416,-1,2416,2415,2417,-1,2413,2415,2412,-1,2412,2415,2414,-1,2412,2414,2418,-1,2418,2414,2419,-1,2418,2419,2420,-1,2419,2421,2420,-1,2420,2421,2416,-1,2420,2416,2410,-1,2410,2416,2417,-1,2410,2417,2411,-1,830,829,2422,-1,828,839,2423,-1,2423,839,2424,-1,2423,2424,2422,-1,2422,2424,2425,-1,2422,2425,830,-1,2426,2427,2428,-1,2428,2427,2429,-1,2430,2431,2432,-1,2432,2431,2433,-1,2429,2431,2428,-1,2428,2431,2430,-1,2428,2430,2434,-1,2434,2430,2435,-1,2434,2435,2436,-1,2435,2437,2436,-1,2436,2437,2432,-1,2436,2432,2426,-1,2426,2432,2433,-1,2426,2433,2427,-1,1250,1249,2438,-1,1248,1255,2439,-1,2439,1255,2440,-1,2439,2440,2438,-1,2438,2440,2441,-1,2438,2441,1250,-1,2442,2443,2444,-1,2444,2443,2445,-1,2446,2447,2448,-1,2448,2447,2449,-1,2445,2447,2444,-1,2444,2447,2446,-1,2444,2446,2450,-1,2450,2446,2451,-1,2450,2451,2452,-1,2451,2453,2452,-1,2452,2453,2448,-1,2452,2448,2442,-1,2442,2448,2449,-1,2442,2449,2443,-1,842,841,2454,-1,846,865,2455,-1,2455,865,2456,-1,2455,2456,2454,-1,2454,2456,2457,-1,2454,2457,842,-1,2458,2459,2460,-1,2460,2459,2461,-1,2462,2463,2464,-1,2464,2463,2465,-1,2461,2463,2460,-1,2460,2463,2462,-1,2460,2462,2466,-1,2466,2462,2467,-1,2466,2467,2468,-1,2467,2469,2468,-1,2468,2469,2464,-1,2468,2464,2458,-1,2458,2464,2465,-1,2458,2465,2459,-1,853,852,2470,-1,857,858,2471,-1,2471,858,2472,-1,2471,2472,2470,-1,2470,2472,2473,-1,2470,2473,853,-1,2474,2475,2476,-1,2476,2475,2477,-1,2478,2479,2480,-1,2480,2479,2481,-1,2477,2479,2476,-1,2476,2479,2478,-1,2476,2478,2482,-1,2482,2478,2483,-1,2482,2483,2484,-1,2483,2485,2484,-1,2484,2485,2480,-1,2484,2480,2474,-1,2474,2480,2481,-1,2474,2481,2475,-1,871,870,2486,-1,869,878,2487,-1,2487,878,2488,-1,2487,2488,2486,-1,2486,2488,2489,-1,2486,2489,871,-1,2490,2491,2492,-1,2492,2491,2493,-1,2494,2495,2496,-1,2496,2495,2497,-1,2493,2495,2492,-1,2492,2495,2494,-1,2492,2494,2498,-1,2498,2494,2499,-1,2498,2499,2500,-1,2499,2501,2500,-1,2500,2501,2496,-1,2500,2496,2490,-1,2490,2496,2497,-1,2490,2497,2491,-1,1240,1239,2502,-1,1238,1245,2503,-1,2503,1245,2504,-1,2503,2504,2502,-1,2502,2504,2505,-1,2502,2505,1240,-1,2506,2507,2508,-1,2508,2507,2509,-1,2510,2511,2512,-1,2512,2511,2513,-1,2509,2511,2508,-1,2508,2511,2510,-1,2508,2510,2514,-1,2514,2510,2515,-1,2514,2515,2516,-1,2515,2517,2516,-1,2516,2517,2512,-1,2516,2512,2506,-1,2506,2512,2513,-1,2506,2513,2507,-1,885,884,2518,-1,883,894,2519,-1,2519,894,2520,-1,2519,2520,2518,-1,2518,2520,2521,-1,2518,2521,885,-1,2522,2523,2524,-1,2524,2523,2525,-1,2526,2527,2528,-1,2528,2527,2529,-1,2525,2527,2524,-1,2524,2527,2526,-1,2524,2526,2530,-1,2530,2526,2531,-1,2530,2531,2532,-1,2531,2533,2532,-1,2532,2533,2528,-1,2532,2528,2522,-1,2522,2528,2529,-1,2522,2529,2523,-1,1230,1229,2534,-1,1228,1235,2535,-1,2535,1235,2536,-1,2535,2536,2534,-1,2534,2536,2537,-1,2534,2537,1230,-1,2538,2539,2540,-1,2540,2539,2541,-1,2542,2543,2544,-1,2544,2543,2545,-1,2541,2543,2540,-1,2540,2543,2542,-1,2540,2542,2546,-1,2546,2542,2547,-1,2546,2547,2548,-1,2547,2549,2548,-1,2548,2549,2544,-1,2548,2544,2538,-1,2538,2544,2545,-1,2538,2545,2539,-1,901,900,2550,-1,899,910,2551,-1,2551,910,2552,-1,2551,2552,2550,-1,2550,2552,2553,-1,2550,2553,901,-1,2554,2555,2556,-1,2556,2555,2557,-1,2558,2559,2560,-1,2560,2559,2561,-1,2557,2559,2556,-1,2556,2559,2558,-1,2556,2558,2562,-1,2562,2558,2563,-1,2562,2563,2564,-1,2563,2565,2564,-1,2564,2565,2560,-1,2564,2560,2554,-1,2554,2560,2561,-1,2554,2561,2555,-1,1220,1219,2566,-1,1218,1225,2567,-1,2567,1225,2568,-1,2567,2568,2566,-1,2566,2568,2569,-1,2566,2569,1220,-1,2570,2571,2572,-1,2572,2571,2573,-1,2574,2575,2576,-1,2576,2575,2577,-1,2573,2575,2572,-1,2572,2575,2574,-1,2572,2574,2578,-1,2578,2574,2579,-1,2578,2579,2580,-1,2579,2581,2580,-1,2580,2581,2576,-1,2580,2576,2570,-1,2570,2576,2577,-1,2570,2577,2571,-1,917,916,2582,-1,915,926,2583,-1,2583,926,2584,-1,2583,2584,2582,-1,2582,2584,2585,-1,2582,2585,917,-1,2586,2587,2588,-1,2588,2587,2589,-1,2590,2591,2592,-1,2592,2591,2593,-1,2589,2591,2588,-1,2588,2591,2590,-1,2588,2590,2594,-1,2594,2590,2595,-1,2594,2595,2596,-1,2595,2597,2596,-1,2596,2597,2592,-1,2596,2592,2586,-1,2586,2592,2593,-1,2586,2593,2587,-1,1205,1204,2598,-1,1206,1215,2599,-1,2599,1215,2600,-1,2599,2600,2598,-1,2598,2600,2601,-1,2598,2601,1205,-1,2602,2603,2604,-1,2602,2604,2605,-1,2605,2604,2606,-1,2605,2606,2607,-1,2607,2606,2608,-1,2607,2608,2603,-1,2603,2608,2609,-1,2603,2609,2604,-1,2610,2611,2612,-1,2611,2610,2613,-1,2613,2610,2614,-1,2613,2614,2615,-1,2615,2614,2616,-1,2615,2616,2612,-1,2612,2616,2617,-1,2612,2617,2610,-1,2618,2619,2620,-1,2618,2620,2621,-1,2621,2620,2622,-1,2621,2622,2623,-1,2623,2622,2624,-1,2623,2624,2619,-1,2619,2624,2625,-1,2619,2625,2620,-1,2626,2627,2628,-1,2627,2626,2629,-1,2629,2626,2630,-1,2629,2630,2631,-1,2631,2630,2632,-1,2631,2632,2628,-1,2628,2632,2633,-1,2628,2633,2626,-1,2634,2635,2636,-1,2635,2634,2637,-1,2637,2634,2638,-1,2637,2638,2639,-1,2639,2638,2640,-1,2639,2640,2636,-1,2636,2640,2641,-1,2636,2641,2634,-1,2642,2643,2644,-1,2642,2644,2645,-1,2645,2644,2646,-1,2645,2646,2647,-1,2647,2646,2648,-1,2647,2648,2643,-1,2643,2648,2649,-1,2643,2649,2644,-1,2650,2651,2652,-1,2651,2650,2653,-1,2653,2650,2654,-1,2653,2654,2655,-1,2655,2654,2656,-1,2655,2656,2652,-1,2652,2656,2657,-1,2652,2657,2650,-1,2658,2659,2660,-1,2658,2660,2661,-1,2661,2660,2662,-1,2661,2662,2663,-1,2663,2662,2664,-1,2663,2664,2659,-1,2659,2664,2665,-1,2659,2665,2660,-1,2666,2667,2668,-1,2667,2666,2669,-1,2669,2666,2670,-1,2669,2670,2671,-1,2671,2670,2672,-1,2671,2672,2668,-1,2668,2672,2673,-1,2668,2673,2666,-1,2674,2675,2676,-1,2674,2676,2677,-1,2677,2676,2678,-1,2677,2678,2679,-1,2679,2678,2680,-1,2679,2680,2675,-1,2675,2680,2681,-1,2675,2681,2676,-1,2682,2683,2684,-1,2683,2682,2685,-1,2685,2682,2686,-1,2685,2686,2687,-1,2687,2686,2688,-1,2687,2688,2684,-1,2684,2688,2689,-1,2684,2689,2682,-1,2690,2691,2692,-1,2690,2692,2693,-1,2693,2692,2694,-1,2693,2694,2695,-1,2695,2694,2696,-1,2695,2696,2691,-1,2691,2696,2697,-1,2691,2697,2692,-1,2698,2699,2700,-1,2699,2698,2701,-1,2701,2698,2702,-1,2701,2702,2703,-1,2703,2702,2704,-1,2703,2704,2700,-1,2700,2704,2705,-1,2700,2705,2698,-1,2706,2707,2708,-1,2706,2708,2709,-1,2709,2708,2710,-1,2709,2710,2711,-1,2711,2710,2712,-1,2711,2712,2707,-1,2707,2712,2713,-1,2707,2713,2708,-1,2714,2715,2716,-1,2715,2714,2717,-1,2717,2714,2718,-1,2717,2718,2719,-1,2719,2718,2720,-1,2719,2720,2716,-1,2716,2720,2721,-1,2716,2721,2714,-1,2722,2723,2724,-1,2722,2724,2725,-1,2725,2724,2726,-1,2725,2726,2727,-1,2727,2726,2728,-1,2727,2728,2723,-1,2723,2728,2729,-1,2723,2729,2724,-1,2730,2731,2732,-1,2731,2730,2733,-1,2733,2730,2734,-1,2733,2734,2735,-1,2735,2734,2736,-1,2735,2736,2732,-1,2732,2736,2737,-1,2732,2737,2730,-1,2738,2739,2740,-1,2738,2740,2741,-1,2741,2740,2742,-1,2741,2742,2743,-1,2743,2742,2744,-1,2743,2744,2739,-1,2739,2744,2745,-1,2739,2745,2740,-1,2746,2747,2748,-1,2747,2746,2749,-1,2749,2746,2750,-1,2749,2750,2751,-1,2751,2750,2752,-1,2751,2752,2748,-1,2748,2752,2753,-1,2748,2753,2746,-1,2754,2755,2756,-1,2754,2756,2757,-1,2757,2756,2758,-1,2757,2758,2759,-1,2759,2758,2760,-1,2759,2760,2755,-1,2755,2760,2761,-1,2755,2761,2756,-1,2762,2763,2764,-1,2763,2762,2765,-1,2765,2762,2766,-1,2765,2766,2767,-1,2767,2766,2768,-1,2767,2768,2764,-1,2764,2768,2769,-1,2764,2769,2762,-1,2770,2771,2772,-1,2770,2772,2773,-1,2773,2772,2774,-1,2773,2774,2775,-1,2775,2774,2776,-1,2775,2776,2771,-1,2771,2776,2777,-1,2771,2777,2772,-1,2778,2779,2780,-1,2781,2782,2783,-1,2784,2785,2786,-1,2787,2788,2789,-1,2790,2791,2792,-1,2793,2794,2795,-1,2795,2796,2797,-1,2798,2799,2800,-1,2801,2802,2803,-1,2803,2802,2804,-1,2800,2803,2798,-1,2798,2803,2804,-1,2798,2804,2805,-1,2805,2804,2806,-1,2807,2808,2809,-1,2809,2808,2810,-1,2797,2811,2806,-1,2810,2805,2809,-1,2809,2805,2806,-1,2809,2806,2812,-1,2812,2806,2811,-1,2812,2811,2813,-1,2813,2811,2814,-1,2803,2815,2816,-1,2792,2817,2818,-1,2815,2803,2819,-1,2819,2803,2820,-1,2819,2820,2821,-1,2818,2793,2816,-1,2816,2793,2795,-1,2816,2795,2803,-1,2803,2795,2797,-1,2803,2797,2801,-1,2801,2797,2806,-1,2820,2822,2823,-1,2789,2824,2825,-1,2822,2820,2826,-1,2826,2820,2827,-1,2826,2827,2828,-1,2825,2790,2823,-1,2823,2790,2792,-1,2823,2792,2820,-1,2820,2792,2818,-1,2820,2818,2821,-1,2821,2818,2816,-1,2827,2829,2830,-1,2786,2831,2832,-1,2829,2827,2833,-1,2833,2827,2834,-1,2833,2834,2835,-1,2832,2787,2830,-1,2830,2787,2789,-1,2830,2789,2827,-1,2827,2789,2825,-1,2827,2825,2828,-1,2828,2825,2823,-1,2834,2836,2837,-1,2783,2838,2839,-1,2836,2834,2840,-1,2840,2834,2841,-1,2840,2841,2842,-1,2839,2784,2837,-1,2837,2784,2786,-1,2837,2786,2834,-1,2834,2786,2832,-1,2834,2832,2835,-1,2835,2832,2830,-1,2841,2843,2844,-1,2845,2846,2847,-1,2843,2841,2848,-1,2848,2841,2849,-1,2848,2849,2850,-1,2847,2781,2844,-1,2844,2781,2783,-1,2844,2783,2841,-1,2841,2783,2839,-1,2841,2839,2842,-1,2842,2839,2837,-1,2844,2850,2847,-1,2847,2850,2849,-1,2847,2849,2845,-1,2845,2849,2851,-1,2852,2853,2854,-1,2854,2853,2855,-1,2856,2845,2857,-1,2857,2845,2851,-1,2857,2851,2854,-1,2854,2851,2858,-1,2854,2858,2852,-1,2852,2858,2859,-1,2852,2859,2849,-1,2849,2859,2860,-1,2849,2860,2851,-1,2861,2862,2863,-1,2863,2862,2864,-1,2865,2866,2867,-1,2780,2868,2869,-1,2867,2866,2870,-1,2869,2871,2872,-1,2867,2873,2865,-1,2865,2873,2872,-1,2865,2872,2874,-1,2874,2872,2871,-1,2874,2871,2875,-1,2866,2876,2877,-1,2878,2879,2880,-1,2876,2866,2881,-1,2881,2866,2882,-1,2881,2882,2883,-1,2880,2778,2877,-1,2877,2778,2780,-1,2877,2780,2866,-1,2866,2780,2869,-1,2866,2869,2870,-1,2870,2869,2872,-1,2877,2883,2880,-1,2880,2883,2882,-1,2880,2882,2878,-1,2878,2882,2884,-1,2799,2810,2800,-1,2800,2810,2808,-1,2800,2808,2885,-1,2885,2808,2886,-1,2887,2878,2888,-1,2888,2878,2884,-1,2888,2884,2885,-1,2885,2884,2889,-1,2885,2889,2800,-1,2800,2889,2890,-1,2800,2890,2882,-1,2882,2890,2891,-1,2882,2891,2884,-1,2892,2893,2894,-1,2894,2893,2865,-1,2894,2865,2895,-1,2895,2865,2874,-1,2893,2896,2865,-1,2865,2896,2897,-1,2865,2897,2866,-1,2866,2897,2898,-1,2866,2898,2882,-1,2882,2898,2899,-1,2882,2899,2800,-1,2800,2899,2900,-1,2800,2900,2803,-1,2900,2901,2803,-1,2803,2901,2902,-1,2803,2902,2820,-1,2820,2902,2903,-1,2820,2903,2827,-1,2827,2903,2904,-1,2827,2904,2834,-1,2834,2904,2905,-1,2834,2905,2841,-1,2841,2905,2864,-1,2841,2864,2849,-1,2849,2864,2862,-1,2849,2862,2852,-1,2906,2907,2908,-1,2909,2910,2911,-1,2912,2913,2914,-1,2915,2908,2916,-1,2916,2908,2917,-1,2916,2917,2918,-1,2919,2920,2921,-1,2922,2923,2924,-1,2925,2911,2924,-1,2924,2911,2926,-1,2924,2926,2922,-1,2927,2917,2928,-1,2928,2917,2908,-1,2928,2908,2921,-1,2921,2908,2911,-1,2921,2911,2919,-1,2919,2911,2925,-1,2919,2925,2929,-1,2930,2922,2931,-1,2931,2922,2926,-1,2931,2926,2932,-1,2932,2926,2933,-1,2932,2933,2934,-1,2934,2933,2935,-1,2936,2937,2938,-1,2938,2937,2939,-1,2938,2939,2940,-1,2941,2937,2942,-1,2942,2937,2936,-1,2942,2936,2943,-1,2943,2936,2944,-1,2943,2944,2940,-1,2940,2944,2945,-1,2940,2945,2938,-1,2946,2947,2948,-1,2949,2950,2951,-1,2951,2950,2943,-1,2951,2943,2948,-1,2948,2943,2940,-1,2948,2940,2946,-1,2952,2953,2954,-1,2955,2956,2957,-1,2958,2959,2957,-1,2957,2959,2960,-1,2957,2960,2955,-1,2961,2946,2962,-1,2962,2946,2940,-1,2962,2940,2954,-1,2954,2940,2959,-1,2954,2959,2952,-1,2952,2959,2958,-1,2952,2958,2963,-1,2964,2965,2966,-1,2967,2968,2969,-1,2970,2971,2969,-1,2969,2971,2972,-1,2969,2972,2967,-1,2973,2955,2974,-1,2974,2955,2960,-1,2974,2960,2966,-1,2966,2960,2971,-1,2966,2971,2964,-1,2964,2971,2970,-1,2964,2970,2975,-1,2976,2977,2978,-1,2979,2967,2980,-1,2980,2967,2972,-1,2980,2972,2978,-1,2978,2972,2914,-1,2978,2914,2976,-1,2976,2914,2913,-1,2976,2913,2981,-1,2982,2983,2984,-1,2982,2984,2985,-1,2926,2986,2933,-1,2933,2986,2987,-1,2933,2987,2988,-1,2989,2935,2984,-1,2984,2935,2933,-1,2984,2933,2985,-1,2985,2933,2988,-1,2985,2988,2990,-1,2990,2988,2991,-1,2911,2910,2926,-1,2926,2910,2992,-1,2926,2992,2993,-1,2909,2994,2993,-1,2993,2994,2990,-1,2993,2990,2926,-1,2926,2990,2991,-1,2926,2991,2986,-1,2908,2907,2911,-1,2911,2907,2995,-1,2911,2995,2996,-1,2909,2911,2994,-1,2994,2911,2996,-1,2994,2996,2997,-1,2914,2998,2999,-1,3000,3001,2908,-1,2996,2906,2997,-1,2997,2906,2908,-1,2997,2908,3002,-1,3002,2908,3001,-1,3003,3004,2915,-1,2915,3004,2912,-1,2915,2912,2908,-1,2908,2912,2914,-1,2908,2914,3000,-1,3000,2914,2999,-1,3000,2999,3005,-1,3005,2999,3006,-1,3002,3005,2997,-1,2997,3005,3006,-1,2997,3006,3007,-1,3007,3006,3008,-1,3007,3008,3009,-1,2972,3010,2914,-1,2914,3010,3011,-1,2914,3011,3012,-1,3013,3014,3012,-1,3012,3014,3009,-1,3012,3009,2914,-1,2914,3009,3008,-1,2914,3008,2998,-1,2971,3015,2972,-1,2972,3015,3016,-1,2972,3016,3017,-1,3018,3019,3017,-1,3017,3019,3014,-1,3017,3014,2972,-1,2972,3014,3013,-1,2972,3013,3010,-1,2960,3020,2971,-1,2971,3020,3021,-1,2971,3021,3022,-1,3023,3024,3022,-1,3022,3024,3019,-1,3022,3019,2971,-1,2971,3019,3018,-1,2971,3018,3015,-1,2959,3025,2960,-1,2960,3025,3026,-1,2960,3026,3027,-1,3028,3029,3027,-1,3027,3029,3024,-1,3027,3024,2960,-1,2960,3024,3023,-1,2960,3023,3020,-1,2959,3030,3031,-1,3030,2959,3032,-1,3032,2959,2940,-1,3032,2940,3033,-1,3033,2940,2939,-1,3033,2939,3031,-1,3031,2939,3029,-1,3031,3029,2959,-1,2959,3029,3028,-1,2959,3028,3025,-1,2845,2856,3034,-1,3035,3036,3037,-1,2855,2853,3038,-1,3038,2853,2950,-1,3038,2950,3034,-1,2949,3035,2950,-1,2950,3035,3037,-1,2950,3037,3034,-1,3034,3037,2846,-1,3034,2846,2845,-1,3039,2782,2973,-1,2973,2782,3040,-1,3036,2947,3037,-1,3037,2947,2946,-1,3037,2946,3041,-1,3041,2946,2961,-1,3042,2956,2955,-1,3043,2785,2975,-1,2975,2785,3044,-1,2963,3045,2952,-1,2952,3045,3046,-1,2952,3046,2953,-1,3041,3046,3037,-1,3037,3046,3045,-1,3037,3045,3040,-1,3040,3045,3042,-1,3040,3042,2973,-1,2973,3042,2955,-1,3047,2838,2783,-1,3048,2788,2979,-1,2979,2788,3049,-1,3050,2965,2964,-1,3051,2831,2786,-1,3052,2791,2981,-1,2981,2791,3053,-1,3054,2968,2967,-1,3055,2824,2789,-1,3056,2794,3003,-1,3003,2794,3057,-1,2783,2782,3047,-1,3047,2782,3039,-1,3047,3039,3044,-1,3044,3039,3050,-1,3044,3050,2975,-1,2975,3050,2964,-1,3058,2977,2976,-1,3059,2817,2792,-1,3060,2814,2927,-1,2927,2814,3061,-1,2786,2785,3051,-1,3051,2785,3043,-1,3051,3043,3049,-1,3049,3043,3054,-1,3049,3054,2979,-1,2979,3054,2967,-1,3062,2796,2795,-1,3063,2807,2929,-1,2929,2807,3064,-1,2789,2788,3055,-1,3055,2788,3048,-1,3055,3048,3053,-1,3053,3048,3058,-1,3053,3058,2981,-1,2981,3058,2976,-1,3065,2918,2917,-1,2792,2791,3059,-1,3059,2791,3052,-1,3059,3052,3057,-1,3057,3052,3066,-1,3057,3066,3003,-1,3003,3066,3004,-1,3067,2920,2919,-1,3068,2886,2808,-1,2875,3069,2874,-1,2874,3069,2989,-1,2874,2989,2895,-1,3070,2868,2780,-1,2795,2794,3062,-1,3062,2794,3056,-1,3062,3056,3061,-1,3061,3056,3065,-1,3061,3065,2927,-1,2927,3065,2917,-1,3071,2923,2922,-1,2887,3072,2878,-1,2878,3072,2879,-1,2813,2814,3073,-1,3073,2814,3060,-1,3073,3060,3064,-1,3064,3060,3067,-1,3064,3067,2929,-1,2929,3067,2919,-1,3074,2930,2887,-1,2887,2930,3075,-1,2887,3075,3072,-1,3072,3075,3076,-1,2808,2807,3068,-1,3068,2807,3063,-1,3068,3063,3074,-1,3074,3063,3071,-1,3074,3071,2930,-1,2930,3071,2922,-1,3077,2934,2935,-1,2935,2989,3077,-1,3077,2989,3069,-1,3077,3069,3075,-1,3075,3069,3070,-1,3075,3070,3076,-1,3076,3070,2780,-1,3076,2780,2779,-1,3078,3079,3080,-1,3080,3079,3081,-1,3082,3083,3084,-1,3084,3083,3085,-1,3086,3087,3088,-1,3088,3087,3089,-1,3090,3091,3092,-1,3092,3091,3093,-1,3094,3095,3096,-1,3096,3095,3097,-1,3083,371,3085,-1,3085,371,369,-1,376,3086,35,-1,35,3086,3088,-1,388,3090,389,-1,389,3090,3092,-1,384,3094,385,-1,385,3094,3096,-1,3084,368,3098,-1,3098,3099,3084,-1,3084,3099,3100,-1,3084,3100,3082,-1,3082,3100,3101,-1,3101,3102,3082,-1,3082,3102,3103,-1,3082,3103,494,-1,3087,393,3104,-1,3104,3105,3087,-1,3087,3105,3106,-1,3087,3106,3089,-1,3089,3106,3107,-1,3107,3108,3089,-1,3089,3108,3109,-1,3089,3109,367,-1,3091,387,3110,-1,3110,3111,3091,-1,3091,3111,3112,-1,3091,3112,3093,-1,3093,3112,3113,-1,3113,3114,3093,-1,3093,3114,3115,-1,3093,3115,390,-1,3095,3116,3097,-1,3097,3116,3117,-1,3097,3117,3118,-1,3118,3119,3097,-1,3097,3119,3120,-1,3097,3120,392,-1,3121,3122,3123,-1,3123,3122,3124,-1,3122,7,3124,-1,3124,7,6,-1,3125,3126,3121,-1,3123,366,3127,-1,3127,3128,3123,-1,3123,3128,3129,-1,3123,3129,3121,-1,3121,3129,3130,-1,3121,3130,3125,-1,553,1208,384,-1,384,1208,3131,-1,384,3131,3132,-1,3132,3116,384,-1,384,3116,3095,-1,384,3095,3094,-1,1208,1209,3131,-1,3131,1209,1211,-1,3131,1211,3133,-1,745,3134,1438,-1,1438,3134,3133,-1,1438,3133,1421,-1,1421,3133,1211,-1,3134,745,3135,-1,3135,745,743,-1,3135,743,3136,-1,3136,743,730,-1,3136,730,3137,-1,3137,730,731,-1,3137,731,3138,-1,3138,731,714,-1,3138,714,3139,-1,3139,714,715,-1,3139,715,3140,-1,3140,715,698,-1,3140,698,3141,-1,3141,698,699,-1,3141,699,3142,-1,3142,699,675,-1,3142,675,3143,-1,3143,675,659,-1,3143,659,3144,-1,3144,659,660,-1,3144,660,3145,-1,3145,660,643,-1,3145,643,3146,-1,3146,643,644,-1,3146,644,3147,-1,3147,644,627,-1,3147,627,3148,-1,3148,627,628,-1,3148,628,3149,-1,628,614,3149,-1,3149,614,584,-1,3149,584,3150,-1,3150,584,590,-1,3150,590,3151,-1,3151,590,3152,-1,590,573,3152,-1,3152,573,572,-1,3152,572,3153,-1,3153,572,942,-1,1473,3154,986,-1,986,3154,3155,-1,986,3155,982,-1,982,3155,3156,-1,982,3156,1127,-1,1127,3156,3157,-1,1127,3157,1121,-1,1121,3157,3158,-1,1121,3158,1174,-1,1174,3158,3159,-1,1174,3159,1063,-1,1063,3159,3160,-1,1063,3160,1044,-1,1044,3160,3161,-1,1044,3161,1037,-1,1037,3161,3162,-1,1037,3162,956,-1,956,3162,3163,-1,956,3163,948,-1,948,3163,3164,-1,948,3164,942,-1,942,3164,3165,-1,942,3165,3153,-1,3166,3167,7,-1,3168,3154,1473,-1,1473,1472,3168,-1,3168,1472,1471,-1,3168,1471,3167,-1,3126,3166,3121,-1,3121,3166,7,-1,3121,7,3122,-1,1471,1470,3167,-1,3167,1470,1469,-1,3167,1469,7,-1,7,1469,558,-1,7,558,489,-1,3169,3170,3171,-1,1614,3172,3173,-1,1653,3174,3175,-1,2937,2941,3176,-1,3176,2941,3177,-1,2897,2892,3178,-1,3178,2892,3179,-1,3179,2892,2983,-1,3179,2983,3180,-1,3178,3181,2897,-1,2897,3181,3182,-1,2897,3182,2898,-1,2898,3182,3183,-1,2898,3183,2899,-1,2899,3183,3184,-1,2899,3184,2900,-1,2900,3184,3185,-1,2900,3185,2901,-1,2901,3185,3186,-1,2901,3186,2902,-1,2861,2863,3187,-1,3187,2863,2864,-1,3187,2864,3188,-1,3188,2864,2905,-1,3188,2905,3189,-1,3189,2905,2904,-1,3189,2904,3190,-1,1492,3176,2093,-1,2093,3176,3177,-1,2093,3177,2089,-1,3177,3191,2089,-1,2089,3191,3192,-1,2089,3192,2252,-1,2252,3192,3193,-1,2252,3193,2251,-1,2250,3194,3195,-1,2250,3195,2249,-1,2249,3195,3196,-1,2249,3196,2248,-1,2248,3196,3197,-1,2248,3197,2247,-1,2247,3197,3198,-1,2247,3198,2253,-1,2253,3198,3199,-1,2253,3199,2257,-1,2257,3199,3200,-1,2257,3200,2256,-1,2259,2260,3201,-1,3201,2260,2261,-1,3201,2261,3202,-1,3202,2261,2262,-1,3202,2262,3203,-1,3203,2262,2263,-1,3203,2263,3204,-1,3204,2263,2264,-1,3204,2264,3205,-1,3205,2264,2265,-1,3205,2265,3206,-1,3206,2265,2258,-1,3206,2258,3207,-1,3207,2258,2254,-1,3207,2254,3208,-1,1696,2259,3131,-1,3131,3133,1696,-1,1696,3133,3209,-1,1696,3209,1694,-1,1694,3209,3210,-1,1694,3210,1690,-1,1690,3210,3211,-1,1690,3211,1687,-1,1687,3211,3212,-1,1687,3212,1682,-1,1682,3212,3213,-1,1682,3213,1677,-1,1677,3213,3214,-1,1677,3214,1667,-1,1667,3214,3215,-1,1667,3215,1665,-1,1665,3215,3216,-1,1665,3216,1661,-1,1653,3175,1645,-1,1645,3175,3217,-1,1645,3217,1643,-1,1643,3217,3218,-1,1643,3218,1637,-1,1637,3218,3219,-1,1637,3219,1634,-1,1634,3219,3220,-1,1634,3220,1629,-1,1629,3220,3221,-1,1629,3221,1619,-1,1614,3173,1609,-1,1609,3173,3222,-1,1609,3222,1489,-1,2765,3187,2763,-1,2763,3187,3188,-1,2763,3188,3223,-1,3223,3188,3224,-1,3223,3224,3225,-1,3225,3224,3226,-1,3225,3226,3227,-1,3227,3226,3228,-1,3227,3228,3229,-1,3229,3228,3230,-1,3229,3230,2765,-1,2765,3230,3187,-1,3231,3232,3233,-1,3232,3231,2776,-1,2776,3231,3234,-1,2776,3234,2777,-1,2777,3234,3235,-1,2777,3235,3236,-1,3236,3235,3237,-1,3236,3237,3238,-1,3238,3237,3165,-1,3238,3165,3233,-1,3233,3165,3164,-1,3233,3164,3231,-1,3239,3240,3241,-1,3240,3239,2608,-1,2608,3239,3242,-1,2608,3242,2609,-1,2609,3242,3234,-1,2609,3234,3243,-1,3243,3234,3231,-1,3243,3231,3244,-1,3244,3231,3164,-1,3244,3164,3241,-1,3241,3164,3163,-1,3241,3163,3239,-1,2613,3182,2611,-1,2611,3182,3181,-1,2611,3181,3245,-1,3245,3181,3246,-1,3245,3246,3247,-1,3247,3246,3248,-1,3247,3248,3249,-1,3249,3248,3250,-1,3249,3250,3251,-1,3251,3250,3252,-1,3251,3252,2613,-1,2613,3252,3182,-1,3253,3156,3254,-1,3254,3156,3255,-1,3254,3255,3256,-1,3256,3255,3257,-1,3256,3257,2624,-1,2624,3257,3179,-1,2624,3179,2625,-1,2625,3179,3180,-1,2625,3180,3258,-1,3258,3180,3259,-1,3248,3260,3261,-1,3260,3248,3262,-1,3262,3248,3246,-1,3262,3246,2629,-1,2629,3246,3181,-1,2629,3181,2627,-1,2627,3181,3178,-1,2627,3178,3263,-1,3263,3178,3264,-1,3263,3264,3261,-1,3261,3264,3265,-1,3261,3265,3248,-1,3266,3267,3268,-1,3268,3267,3269,-1,2904,2902,3190,-1,3190,2902,3186,-1,3190,3186,2653,-1,3269,3267,3270,-1,3270,3267,3271,-1,3270,3271,2637,-1,2637,3271,3190,-1,2637,3190,2635,-1,2635,3190,2653,-1,2635,2653,3272,-1,3272,2653,3273,-1,3272,3273,3268,-1,3268,3273,3274,-1,3268,3274,3266,-1,3266,3274,3275,-1,3266,3275,3276,-1,3276,3275,3277,-1,3276,3277,3186,-1,3186,3277,2651,-1,3186,2651,2653,-1,3278,3162,3279,-1,3279,3162,3161,-1,3279,3161,3280,-1,3281,3282,3283,-1,3283,2697,3281,-1,3281,2697,2696,-1,3281,2696,3284,-1,3285,3162,3286,-1,3286,3162,3278,-1,3286,3278,3287,-1,3287,3278,3288,-1,3287,3288,2696,-1,2696,3288,2649,-1,2696,2649,3284,-1,3284,2649,2648,-1,3284,2648,3280,-1,3280,2648,3289,-1,3280,3289,3279,-1,3290,3291,3292,-1,3291,3290,2664,-1,2664,3290,3293,-1,2664,3293,2665,-1,2665,3293,3284,-1,2665,3284,3294,-1,3294,3284,3280,-1,3294,3280,3295,-1,3295,3280,3161,-1,3295,3161,3292,-1,3292,3161,3160,-1,3292,3160,3290,-1,2669,3188,2667,-1,2667,3188,3189,-1,2667,3189,3296,-1,3296,3189,3297,-1,3296,3297,3298,-1,3298,3297,3299,-1,3298,3299,3300,-1,3300,3299,3226,-1,3300,3226,3301,-1,3301,3226,3224,-1,3301,3224,2669,-1,2669,3224,3188,-1,3282,3302,3303,-1,3302,3282,2680,-1,2680,3282,3281,-1,2680,3281,2681,-1,2681,3281,3242,-1,2681,3242,3304,-1,3304,3242,3239,-1,3304,3239,3305,-1,3305,3239,3163,-1,3305,3163,3303,-1,3303,3163,3162,-1,3303,3162,3282,-1,3282,3162,3285,-1,3282,3285,3283,-1,2685,3189,2683,-1,2683,3189,3190,-1,2683,3190,3306,-1,3306,3190,3271,-1,3306,3271,3307,-1,3307,3271,3267,-1,3307,3267,3308,-1,3308,3267,3299,-1,3308,3299,3309,-1,3309,3299,3297,-1,3309,3297,2685,-1,2685,3297,3189,-1,2701,3184,2699,-1,2699,3184,3183,-1,2699,3183,3310,-1,3310,3183,3311,-1,3310,3311,3312,-1,3312,3311,3313,-1,3312,3313,3314,-1,3314,3313,3315,-1,3314,3315,3316,-1,3316,3315,3317,-1,3316,3317,2701,-1,2701,3317,3184,-1,3318,3158,3319,-1,3319,3158,3157,-1,3319,3157,3320,-1,3321,3322,3323,-1,3323,3322,2713,-1,3323,2713,3324,-1,3324,2713,2712,-1,3324,2712,3320,-1,3320,2712,3325,-1,3320,3325,3319,-1,2717,3183,2715,-1,2715,3183,3182,-1,2715,3182,3326,-1,3326,3182,3252,-1,3326,3252,3327,-1,3327,3252,3250,-1,3327,3250,3328,-1,3328,3250,3313,-1,3328,3313,3329,-1,3329,3313,3311,-1,3329,3311,2717,-1,2717,3311,3183,-1,3259,3330,3331,-1,3330,3259,2728,-1,2728,3259,3180,-1,2728,3180,2729,-1,2729,3180,3324,-1,2729,3324,3332,-1,3332,3324,3320,-1,3332,3320,3333,-1,3333,3320,3157,-1,3333,3157,3331,-1,3331,3157,3156,-1,3331,3156,3259,-1,3259,3156,3253,-1,3259,3253,3258,-1,3334,3335,3336,-1,3336,3335,3266,-1,3336,3266,3337,-1,3337,3266,3276,-1,3337,3276,2733,-1,2733,3276,3186,-1,2733,3186,2731,-1,2731,3186,3185,-1,2731,3185,3338,-1,3338,3185,3339,-1,3340,3341,3342,-1,3341,3340,2744,-1,2744,3340,3343,-1,2744,3343,2745,-1,2745,3343,3293,-1,2745,3293,3344,-1,3344,3293,3290,-1,3344,3290,3345,-1,3345,3290,3160,-1,3345,3160,3342,-1,3342,3160,3159,-1,3342,3159,3340,-1,3346,3335,3339,-1,3339,3335,3334,-1,3339,3334,3338,-1,3346,3339,2749,-1,2749,3339,3185,-1,2749,3185,2747,-1,2747,3185,3184,-1,2747,3184,3347,-1,3347,3184,3317,-1,3347,3317,3348,-1,3348,3317,3315,-1,3348,3315,3349,-1,3321,3350,3351,-1,3350,3321,2760,-1,2760,3321,3323,-1,2760,3323,2761,-1,2761,3323,3343,-1,2761,3343,3352,-1,3352,3343,3340,-1,3352,3340,3353,-1,3353,3340,3159,-1,3353,3159,3351,-1,3351,3159,3158,-1,3351,3158,3321,-1,3321,3158,3318,-1,3321,3318,3322,-1,3354,3355,3222,-1,3222,3355,1711,-1,3222,1711,1710,-1,1716,3152,1717,-1,1717,3152,3153,-1,1717,3153,3356,-1,3356,3153,3357,-1,3356,3357,1710,-1,1710,3357,3176,-1,1710,3176,3222,-1,3222,3176,1492,-1,3222,1492,1489,-1,3358,2281,2280,-1,2281,3358,3359,-1,3359,3358,3360,-1,3359,3360,2276,-1,2276,3360,3191,-1,2276,3191,2274,-1,2274,3191,3177,-1,2274,3177,3361,-1,3361,3177,3362,-1,3361,3362,2280,-1,2280,3362,3363,-1,2280,3363,3358,-1,2292,3192,2290,-1,2290,3192,3191,-1,2290,3191,3364,-1,3364,3191,3360,-1,3364,3360,2296,-1,2296,3360,3358,-1,2296,3358,2297,-1,2297,3358,3365,-1,2297,3365,3366,-1,3366,3365,3367,-1,3366,3367,2292,-1,2292,3367,3192,-1,2580,3201,2578,-1,2578,3201,3202,-1,2578,3202,3368,-1,3368,3202,3369,-1,3368,3369,2584,-1,2584,3369,3370,-1,2584,3370,2585,-1,2585,3370,3171,-1,2585,3171,3371,-1,3371,3171,3372,-1,3371,3372,2580,-1,2580,3372,3201,-1,3373,3374,3210,-1,3210,3374,1999,-1,3210,1999,3211,-1,3211,1999,1998,-1,3211,1998,3375,-1,3375,1998,3376,-1,3375,3376,2005,-1,2004,3136,2005,-1,2005,3136,3137,-1,2005,3137,3375,-1,2564,3202,2562,-1,2562,3202,3203,-1,2562,3203,3377,-1,3377,3203,3378,-1,3377,3378,2568,-1,2568,3378,3379,-1,2568,3379,2569,-1,2569,3379,3370,-1,2569,3370,3380,-1,3380,3370,3369,-1,3380,3369,2564,-1,2564,3369,3202,-1,3381,3382,1989,-1,3383,3384,3133,-1,3133,3384,2031,-1,3133,2031,3209,-1,3209,2031,2030,-1,3209,2030,3385,-1,2030,3386,3385,-1,3385,3386,2037,-1,3385,2037,3135,-1,3135,2037,2036,-1,3134,3135,3387,-1,3387,3135,2036,-1,3387,2036,3388,-1,3388,2036,3384,-1,3388,3384,3389,-1,3389,3384,3383,-1,3389,3383,3390,-1,3390,3383,3134,-1,3390,3134,3387,-1,3391,3392,3393,-1,3392,3391,3170,-1,3170,3391,2601,-1,3170,2601,3171,-1,3171,2601,2600,-1,3171,2600,3372,-1,3372,2600,3394,-1,3372,3394,3201,-1,3201,3394,2594,-1,3201,2594,2596,-1,2259,3201,3131,-1,3131,3201,2596,-1,3131,2596,3395,-1,3373,3396,2021,-1,3396,3373,2014,-1,2014,3373,3210,-1,2014,3210,2015,-1,2015,3210,3209,-1,2015,3209,3397,-1,3397,3209,3385,-1,3397,3385,2020,-1,2020,3385,3135,-1,2020,3135,2021,-1,2021,3135,3136,-1,2021,3136,3373,-1,3373,3136,2004,-1,3373,2004,3374,-1,3398,3399,3400,-1,3400,3399,2388,-1,2388,3399,3197,-1,2388,3197,2386,-1,2386,3197,3196,-1,2386,3196,3401,-1,3401,3196,3402,-1,3401,3402,2392,-1,2392,3402,3403,-1,2392,3403,2393,-1,3404,3405,3219,-1,3219,3405,1807,-1,3219,1807,3220,-1,3220,1807,1806,-1,3220,1806,3406,-1,3406,1806,3407,-1,3406,3407,1813,-1,1812,3147,1813,-1,1813,3147,3148,-1,1813,3148,3406,-1,2372,3196,2370,-1,2370,3196,3195,-1,2370,3195,3408,-1,3408,3195,3409,-1,3408,3409,2376,-1,2376,3409,3410,-1,2376,3410,2377,-1,2377,3410,3403,-1,2377,3403,3411,-1,3411,3403,3402,-1,3411,3402,2372,-1,2372,3402,3196,-1,3412,3413,1797,-1,3413,3412,1790,-1,1790,3412,3221,-1,1790,3221,1791,-1,1791,3221,3220,-1,1791,3220,3414,-1,3414,3220,3406,-1,3414,3406,1796,-1,1796,3406,3148,-1,1796,3148,1797,-1,1797,3148,3149,-1,1797,3149,3412,-1,2420,3199,2418,-1,2418,3199,3198,-1,2418,3198,3415,-1,3415,3198,3416,-1,3415,3416,2424,-1,2424,3416,3417,-1,2424,3417,2425,-1,2425,3417,3418,-1,2425,3418,3419,-1,3419,3418,3420,-1,3419,3420,2420,-1,2420,3420,3199,-1,3421,3422,3217,-1,3217,3422,1839,-1,3217,1839,3218,-1,3218,1839,1838,-1,3218,1838,3423,-1,3423,1838,3424,-1,3423,3424,1845,-1,1844,3145,1845,-1,1845,3145,3146,-1,1845,3146,3423,-1,2404,3198,2402,-1,2402,3198,3197,-1,2402,3197,3425,-1,3425,3197,3399,-1,3425,3399,2408,-1,2408,3399,3398,-1,2408,3398,2409,-1,2409,3398,3417,-1,2409,3417,3426,-1,3426,3417,3416,-1,3426,3416,2404,-1,2404,3416,3198,-1,3404,3427,1829,-1,3427,3404,1822,-1,1822,3404,3219,-1,1822,3219,1823,-1,1823,3219,3218,-1,1823,3218,3428,-1,3428,3218,3423,-1,3428,3423,1828,-1,1828,3423,3146,-1,1828,3146,1829,-1,1829,3146,3147,-1,1829,3147,3404,-1,3404,3147,1812,-1,3404,1812,3405,-1,2329,2328,3429,-1,3430,2345,2344,-1,2345,3430,3431,-1,3431,3430,3432,-1,3431,3432,2340,-1,2340,3432,3194,-1,2340,3194,2338,-1,3429,2328,3433,-1,3433,2328,3434,-1,3433,3434,3193,-1,3193,3434,2322,-1,3193,2322,2324,-1,3429,3430,2329,-1,2329,3430,2344,-1,2329,2344,3435,-1,3435,2344,3436,-1,3435,3436,2324,-1,2324,3436,2338,-1,2324,2338,3193,-1,3193,2338,3194,-1,3193,3194,2251,-1,2251,3194,2250,-1,3437,3438,3172,-1,3172,3438,1743,-1,3172,1743,3173,-1,3173,1743,1742,-1,3173,1742,3439,-1,3439,1742,3440,-1,3439,3440,1749,-1,1748,3150,1749,-1,1749,3150,3151,-1,1749,3151,3439,-1,2308,3193,2306,-1,2306,3193,3192,-1,2306,3192,3441,-1,3441,3192,3367,-1,3441,3367,2312,-1,2312,3367,3365,-1,2312,3365,2313,-1,2313,3365,3429,-1,2313,3429,3442,-1,3442,3429,3433,-1,3442,3433,2308,-1,2308,3433,3193,-1,3354,3443,1733,-1,3443,3354,1726,-1,1726,3354,3222,-1,1726,3222,1727,-1,1727,3222,3173,-1,1727,3173,3444,-1,3444,3173,3439,-1,3444,3439,1732,-1,1732,3439,3151,-1,1732,3151,1733,-1,1733,3151,3152,-1,1733,3152,3354,-1,3354,3152,1716,-1,3354,1716,3355,-1,2356,3195,2354,-1,2354,3195,3194,-1,2354,3194,3445,-1,3445,3194,3432,-1,3445,3432,2360,-1,2360,3432,3430,-1,2360,3430,2361,-1,2361,3430,3410,-1,2361,3410,3446,-1,3446,3410,3409,-1,3446,3409,2356,-1,2356,3409,3195,-1,1614,1619,3172,-1,3172,1619,3221,-1,3172,3221,1774,-1,1774,3221,1775,-1,1764,3149,1765,-1,1765,3149,3150,-1,1765,3150,3437,-1,3437,3150,1748,-1,3437,1748,3438,-1,1775,3221,3447,-1,3447,3221,3412,-1,3447,3412,1780,-1,1780,3412,3149,-1,1780,3149,1781,-1,1781,3149,1764,-1,1781,1764,3448,-1,3448,1764,3449,-1,3448,3449,1774,-1,1774,3449,1759,-1,1774,1759,3172,-1,3172,1759,1758,-1,3172,1758,3437,-1,3437,1758,3450,-1,3437,3450,1765,-1,3451,3452,3453,-1,3453,3452,2516,-1,2516,3452,3205,-1,2516,3205,2514,-1,2514,3205,3206,-1,2514,3206,3454,-1,3454,3206,3455,-1,3454,3455,2520,-1,2520,3455,3456,-1,2520,3456,2521,-1,3457,3458,3214,-1,3214,3458,1935,-1,3214,1935,3215,-1,3215,1935,1934,-1,3215,1934,3459,-1,3459,1934,3460,-1,3459,3460,1941,-1,1940,3140,1941,-1,1941,3140,3141,-1,1941,3141,3459,-1,2500,3206,2498,-1,2498,3206,3207,-1,2498,3207,3461,-1,3461,3207,3462,-1,3461,3462,2504,-1,2504,3462,3463,-1,2504,3463,2505,-1,2505,3463,3456,-1,2505,3456,3464,-1,3464,3456,3455,-1,3464,3455,2500,-1,2500,3455,3206,-1,3465,3466,1925,-1,3466,3465,1918,-1,1918,3465,3216,-1,1918,3216,1919,-1,1919,3216,3215,-1,1919,3215,3467,-1,3467,3215,3459,-1,3467,3459,1924,-1,1924,3459,3141,-1,1924,3141,1925,-1,1925,3141,3142,-1,1925,3142,3465,-1,2548,3203,2546,-1,2546,3203,3204,-1,2546,3204,3468,-1,3468,3204,3469,-1,3468,3469,2552,-1,2552,3469,3470,-1,2552,3470,2553,-1,2553,3470,3379,-1,2553,3379,3471,-1,3471,3379,3378,-1,3471,3378,2548,-1,2548,3378,3203,-1,3381,3472,3212,-1,3212,3472,1967,-1,3212,1967,3213,-1,3213,1967,1966,-1,3213,1966,3473,-1,3473,1966,3474,-1,3473,3474,1973,-1,1972,3138,1973,-1,1973,3138,3139,-1,1973,3139,3473,-1,3382,3381,1982,-1,1982,3381,3212,-1,1982,3212,1983,-1,1983,3212,3211,-1,1983,3211,3475,-1,3475,3211,3375,-1,3475,3375,1988,-1,1988,3375,3137,-1,1988,3137,1989,-1,1989,3137,3138,-1,1989,3138,3381,-1,3381,3138,1972,-1,3381,1972,3472,-1,2532,3204,2530,-1,2530,3204,3205,-1,2530,3205,3476,-1,3476,3205,3452,-1,3476,3452,2536,-1,2536,3452,3451,-1,2536,3451,2537,-1,2537,3451,3470,-1,2537,3470,3477,-1,3477,3470,3469,-1,3477,3469,2532,-1,2532,3469,3204,-1,3457,3478,1957,-1,3478,3457,1950,-1,1950,3457,3214,-1,1950,3214,1951,-1,1951,3214,3213,-1,1951,3213,3479,-1,3479,3213,3473,-1,3479,3473,1956,-1,1956,3473,3139,-1,1956,3139,1957,-1,1957,3139,3140,-1,1957,3140,3457,-1,3457,3140,1940,-1,3457,1940,3458,-1,2457,2456,3480,-1,3481,2473,2472,-1,2473,3481,3482,-1,3482,3481,3483,-1,3482,3483,2468,-1,2468,3483,3208,-1,2468,3208,2466,-1,3480,2456,3484,-1,3484,2456,3485,-1,3484,3485,3200,-1,3200,3485,2450,-1,3200,2450,2452,-1,3480,3481,2457,-1,2457,3481,2472,-1,2457,2472,3486,-1,3486,2472,3487,-1,3486,3487,2452,-1,2452,3487,2466,-1,2452,2466,3200,-1,3200,2466,3208,-1,3200,3208,2256,-1,2256,3208,2254,-1,3488,3489,3174,-1,3174,3489,1871,-1,3174,1871,3175,-1,3175,1871,1870,-1,3175,1870,3490,-1,3490,1870,3491,-1,3490,3491,1877,-1,1876,3143,1877,-1,1877,3143,3144,-1,1877,3144,3490,-1,2436,3200,2434,-1,2434,3200,3199,-1,2434,3199,3492,-1,3492,3199,3420,-1,3492,3420,2440,-1,2440,3420,3418,-1,2440,3418,2441,-1,2441,3418,3480,-1,2441,3480,3493,-1,3493,3480,3484,-1,3493,3484,2436,-1,2436,3484,3200,-1,3421,3494,1861,-1,3494,3421,1854,-1,1854,3421,3217,-1,1854,3217,1855,-1,1855,3217,3175,-1,1855,3175,3495,-1,3495,3175,3490,-1,3495,3490,1860,-1,1860,3490,3144,-1,1860,3144,1861,-1,1861,3144,3145,-1,1861,3145,3421,-1,3421,3145,1844,-1,3421,1844,3422,-1,2484,3207,2482,-1,2482,3207,3208,-1,2482,3208,3496,-1,3496,3208,3483,-1,3496,3483,2488,-1,2488,3483,3481,-1,2488,3481,2489,-1,2489,3481,3463,-1,2489,3463,3497,-1,3497,3463,3462,-1,3497,3462,2484,-1,2484,3462,3207,-1,1653,1661,3174,-1,3174,1661,3216,-1,3174,3216,1902,-1,1902,3216,1903,-1,1892,3142,1893,-1,1893,3142,3143,-1,1893,3143,3488,-1,3488,3143,1876,-1,3488,1876,3489,-1,1903,3216,3498,-1,3498,3216,3465,-1,3498,3465,1908,-1,1908,3465,3142,-1,1908,3142,1909,-1,1909,3142,1892,-1,1909,1892,3499,-1,3499,1892,3500,-1,3499,3500,1902,-1,1902,3500,1887,-1,1902,1887,3174,-1,3174,1887,1886,-1,3174,1886,3488,-1,3488,1886,3501,-1,3488,3501,1893,-1,2596,3391,3395,-1,3395,3391,3393,-1,3395,3393,3502,-1,3502,3393,3503,-1,3502,3503,3116,-1,3116,3503,3504,-1,3116,3504,3117,-1,3117,3504,3169,-1,3505,3257,3506,-1,3506,3257,3255,-1,3506,3255,3507,-1,3507,3255,3508,-1,3507,3508,3509,-1,3509,3508,3510,-1,3153,3165,3357,-1,3357,3165,3237,-1,3357,3237,3176,-1,3176,3237,3235,-1,3176,3235,2937,-1,2937,3235,3234,-1,2937,3234,2939,-1,2939,3234,3242,-1,2939,3242,3029,-1,3029,3242,3281,-1,3029,3281,3024,-1,3024,3281,3284,-1,3024,3284,3014,-1,3014,3284,3293,-1,3014,3293,3009,-1,3009,3293,3343,-1,3009,3343,3007,-1,3007,3343,3323,-1,3007,3323,2997,-1,2997,3323,3324,-1,2997,3324,2994,-1,2994,3324,3180,-1,2994,3180,2990,-1,2990,3180,2983,-1,3505,3509,3257,-1,3257,3509,3510,-1,3257,3510,3179,-1,3179,3510,3511,-1,3179,3511,3178,-1,3178,3511,3512,-1,3178,3512,3264,-1,3264,3512,3513,-1,2941,2861,3177,-1,3177,2861,3187,-1,3177,3187,3362,-1,3362,3187,3230,-1,3362,3230,3363,-1,3363,3230,3228,-1,3169,3171,3117,-1,3117,3171,3370,-1,3117,3370,3118,-1,3118,3370,3379,-1,3118,3379,3119,-1,3119,3379,3470,-1,3119,3470,3120,-1,3110,387,3451,-1,3451,387,386,-1,3451,386,3470,-1,3470,386,392,-1,3470,392,3120,-1,3453,2521,3451,-1,3451,2521,3456,-1,3451,3456,3110,-1,3110,3456,3463,-1,3110,3463,3111,-1,3111,3463,3481,-1,3111,3481,3112,-1,3112,3481,3480,-1,3112,3480,3113,-1,3113,3480,3418,-1,3113,3418,3114,-1,3114,3418,3417,-1,3114,3417,3115,-1,3104,393,3398,-1,3398,393,391,-1,3398,391,3417,-1,3417,391,390,-1,3417,390,3115,-1,367,3109,3358,-1,3358,3109,3108,-1,3358,3108,3365,-1,3365,3108,3107,-1,3365,3107,3429,-1,3429,3107,3106,-1,3429,3106,3430,-1,3430,3106,3105,-1,3430,3105,3410,-1,3410,3105,3104,-1,3410,3104,3403,-1,3403,3104,3398,-1,3403,3398,2393,-1,2393,3398,3400,-1,367,3358,368,-1,368,3358,3363,-1,368,3363,3098,-1,3098,3363,3228,-1,3098,3228,3099,-1,3099,3228,3226,-1,3099,3226,3100,-1,3100,3226,3299,-1,3100,3299,3101,-1,3101,3299,3267,-1,3101,3267,3102,-1,3102,3267,3266,-1,3102,3266,3103,-1,3127,366,3335,-1,3335,366,365,-1,3335,365,3266,-1,3266,365,494,-1,3266,494,3103,-1,3346,3349,3335,-1,3335,3349,3315,-1,3335,3315,3127,-1,3127,3315,3313,-1,3127,3313,3128,-1,3128,3313,3250,-1,3128,3250,3129,-1,3129,3250,3248,-1,3129,3248,3130,-1,3130,3248,3265,-1,3130,3265,3514,-1,3514,3265,3515,-1,3514,3515,3516,-1,3516,3515,3517,-1,3516,3517,3518,-1,3518,3517,3519,-1,3518,3519,3513,-1,3513,3519,3520,-1,3513,3520,3264,-1,3264,3520,3521,-1,3264,3521,3265,-1,3265,3521,3522,-1,3265,3522,3515,-1,3508,3154,3510,-1,3510,3154,3523,-1,3510,3523,3511,-1,3511,3523,3168,-1,3511,3168,3512,-1,3512,3168,3167,-1,3512,3167,3513,-1,3513,3167,3524,-1,3513,3524,3518,-1,3518,3524,3525,-1,3518,3525,3516,-1,3516,3525,3126,-1,6,366,3124,-1,3124,366,3123,-1,494,371,3082,-1,3082,371,3083,-1,388,387,3090,-1,3090,387,3091,-1,392,385,3097,-1,3097,385,3096,-1,376,393,3086,-1,3086,393,3087,-1,390,389,3093,-1,3093,389,3092,-1,369,368,3085,-1,3085,368,3084,-1,367,35,3089,-1,3089,35,3088,-1,2237,2259,1696,-1,2237,1696,2234,-1,3080,3081,1497,-1,1497,3081,2234,-1,1497,2234,1495,-1,1495,2234,1696,-1,2983,2892,2894,-1,2983,2894,2984,-1,2984,2894,2895,-1,2984,2895,2989,-1,2852,2862,2942,-1,2852,2942,2853,-1,2853,2942,2943,-1,2853,2943,2950,-1,2088,3079,3078,-1,3078,1597,2088,-1,2088,1597,1485,-1,2088,1485,2099,-1,2099,1485,1487,-1,2099,1487,2090,-1,1492,2093,1490,-1,1490,2093,2092,-1,1490,2092,1487,-1,1487,2092,2090,-1,2862,2861,2942,-1,2942,2861,2941,-1,937,3034,935,-1,935,3034,2856,-1,935,2856,934,-1,2763,3225,2764,-1,2764,3225,934,-1,2764,934,2857,-1,2857,934,2856,-1,3227,2765,929,-1,929,2765,2767,-1,2767,2854,929,-1,929,2854,2855,-1,929,2855,940,-1,940,2855,3038,-1,940,3038,939,-1,929,928,3526,-1,933,934,3527,-1,3527,934,3225,-1,3527,3225,3526,-1,3526,3225,3227,-1,3526,3227,929,-1,945,3035,943,-1,943,3035,2949,-1,943,2949,941,-1,2777,3238,2772,-1,2772,3238,941,-1,2772,941,2951,-1,2951,941,2949,-1,3233,2776,565,-1,565,2776,2774,-1,2774,2948,565,-1,565,2948,2947,-1,565,2947,566,-1,566,2947,3036,-1,566,3036,1464,-1,565,950,3528,-1,946,941,3529,-1,3529,941,3238,-1,3529,3238,3528,-1,3528,3238,3233,-1,3528,3233,565,-1,2774,2772,2948,-1,2948,2772,2951,-1,945,1464,3035,-1,3035,1464,3036,-1,2767,2764,2854,-1,2854,2764,2857,-1,937,939,3034,-1,3034,939,3038,-1,959,3041,953,-1,953,3041,2961,-1,953,2961,952,-1,2609,3244,2604,-1,2604,3244,952,-1,2604,952,2962,-1,2962,952,2961,-1,3241,2608,964,-1,964,2608,2606,-1,2606,2954,964,-1,964,2954,2953,-1,964,2953,962,-1,962,2953,3046,-1,962,3046,960,-1,964,958,3530,-1,954,952,3531,-1,3531,952,3244,-1,3531,3244,3530,-1,3530,3244,3241,-1,3530,3241,964,-1,975,3076,973,-1,973,3076,2779,-1,973,2779,972,-1,2611,3247,2612,-1,2612,3247,972,-1,2612,972,2778,-1,2778,972,2779,-1,3249,2613,967,-1,967,2613,2615,-1,2615,2880,967,-1,967,2880,2879,-1,967,2879,979,-1,979,2879,3072,-1,979,3072,977,-1,967,966,3532,-1,971,972,3533,-1,3533,972,3247,-1,3533,3247,3532,-1,3532,3247,3249,-1,3532,3249,967,-1,995,3075,996,-1,996,3075,2930,-1,996,2930,981,-1,2625,3253,2620,-1,2620,3253,981,-1,2620,981,2931,-1,2931,981,2930,-1,3254,2624,989,-1,989,2624,2622,-1,2622,2932,989,-1,989,2932,2934,-1,989,2934,991,-1,991,2934,3077,-1,991,3077,993,-1,989,988,3534,-1,984,981,3535,-1,3535,981,3253,-1,3535,3253,3534,-1,3534,3253,3254,-1,3534,3254,989,-1,1004,3069,1007,-1,1007,3069,2875,-1,1007,2875,1006,-1,2627,3261,2628,-1,2628,3261,1006,-1,2628,1006,2871,-1,2871,1006,2875,-1,3260,2629,999,-1,999,2629,2631,-1,2631,2869,999,-1,999,2869,2868,-1,999,2868,1002,-1,1002,2868,3070,-1,1002,3070,1003,-1,999,998,3536,-1,1005,1006,3537,-1,3537,1006,3261,-1,3537,3261,3536,-1,3536,3261,3260,-1,3536,3260,999,-1,1031,3049,1034,-1,1034,3049,2788,-1,1034,2788,1033,-1,2635,3268,2636,-1,2636,3268,1033,-1,2636,1033,2787,-1,2787,1033,2788,-1,3269,2637,1012,-1,1012,2637,2639,-1,2639,2832,1012,-1,1012,2832,2831,-1,1012,2831,1028,-1,1028,2831,3051,-1,1028,3051,1030,-1,1012,1011,3538,-1,1032,1033,3539,-1,3539,1033,3268,-1,3539,3268,3538,-1,3538,3268,3269,-1,3538,3269,1012,-1,1055,3043,1057,-1,1057,3043,2975,-1,1057,2975,1041,-1,2649,3278,2644,-1,2644,3278,1041,-1,2644,1041,2970,-1,2970,1041,2975,-1,3279,2648,562,-1,562,2648,2646,-1,2646,2969,562,-1,562,2969,2968,-1,562,2968,563,-1,563,2968,3054,-1,563,3054,1054,-1,562,1046,3540,-1,1042,1041,3541,-1,3541,1041,3278,-1,3541,3278,3540,-1,3540,3278,3279,-1,3540,3279,562,-1,1024,3053,1022,-1,1022,3053,2791,-1,1022,2791,1021,-1,2651,3275,2652,-1,2652,3275,1021,-1,2652,1021,2790,-1,2790,1021,2791,-1,3274,2653,1018,-1,1018,2653,2655,-1,2655,2825,1018,-1,1018,2825,2824,-1,1018,2824,1035,-1,1035,2824,3055,-1,1035,3055,1026,-1,1018,1019,3542,-1,1020,1021,3543,-1,3543,1021,3275,-1,3543,3275,3542,-1,3542,3275,3274,-1,3542,3274,1018,-1,1066,3048,1060,-1,1060,3048,2979,-1,1060,2979,1059,-1,2665,3295,2660,-1,2660,3295,1059,-1,2660,1059,2980,-1,2980,1059,2979,-1,3292,2664,1071,-1,1071,2664,2662,-1,2662,2978,1071,-1,1071,2978,2977,-1,1071,2977,1069,-1,1069,2977,3058,-1,1069,3058,1067,-1,1071,1065,3544,-1,1061,1059,3545,-1,3545,1059,3295,-1,3545,3295,3544,-1,3544,3295,3292,-1,3544,3292,1071,-1,1081,3040,1079,-1,1079,3040,2782,-1,1079,2782,1078,-1,2667,3298,2668,-1,2668,3298,1078,-1,2668,1078,2781,-1,2781,1078,2782,-1,3300,2669,1074,-1,1074,2669,2671,-1,2671,2847,1074,-1,1074,2847,2846,-1,1074,2846,1084,-1,1084,2846,3037,-1,1084,3037,1083,-1,1074,1073,3546,-1,1077,1078,3547,-1,3547,1078,3298,-1,3547,3298,3546,-1,3546,3298,3300,-1,3546,3300,1074,-1,1093,3045,1094,-1,1094,3045,2963,-1,1094,2963,1085,-1,2681,3305,2676,-1,2676,3305,1085,-1,2676,1085,2958,-1,2958,1085,2963,-1,3303,2680,1090,-1,1090,2680,2678,-1,2678,2957,1090,-1,1090,2957,2956,-1,1090,2956,1091,-1,1091,2956,3042,-1,1091,3042,1092,-1,1090,1089,3548,-1,1086,1085,3549,-1,3549,1085,3305,-1,3549,3305,3548,-1,3548,3305,3303,-1,3548,3303,1090,-1,1102,3044,1101,-1,1101,3044,2785,-1,1101,2785,1100,-1,2683,3307,2684,-1,2684,3307,1100,-1,2684,1100,2784,-1,2784,1100,2785,-1,3308,2685,1097,-1,1097,2685,2687,-1,2687,2839,1097,-1,1097,2839,2838,-1,1097,2838,1104,-1,1104,2838,3047,-1,1104,3047,1103,-1,1097,1096,3550,-1,1099,1100,3551,-1,3551,1100,3307,-1,3551,3307,3550,-1,3550,3307,3308,-1,3550,3308,1097,-1,1050,3039,1040,-1,1040,3039,2973,-1,1040,2973,1038,-1,2697,3285,2692,-1,2692,3285,1038,-1,2692,1038,2974,-1,2974,1038,2973,-1,3286,2696,1049,-1,1049,2696,2694,-1,2694,2966,1049,-1,1049,2966,2965,-1,1049,2965,1058,-1,1058,2965,3050,-1,1058,3050,1052,-1,1049,1048,3552,-1,1036,1038,3553,-1,3553,1038,3285,-1,3553,3285,3552,-1,3552,3285,3286,-1,3552,3286,1049,-1,1115,3064,1113,-1,1113,3064,2807,-1,1113,2807,1112,-1,2699,3312,2700,-1,2700,3312,1112,-1,2700,1112,2809,-1,2809,1112,2807,-1,3314,2701,1107,-1,1107,2701,2703,-1,2703,2812,1107,-1,1107,2812,2813,-1,1107,2813,1119,-1,1119,2813,3073,-1,1119,3073,1117,-1,1107,1106,3554,-1,1111,1112,3555,-1,3555,1112,3312,-1,3555,3312,3554,-1,3554,3312,3314,-1,3554,3314,1107,-1,1130,3060,1124,-1,1124,3060,2927,-1,1124,2927,1123,-1,2713,3318,2708,-1,2708,3318,1123,-1,2708,1123,2928,-1,2928,1123,2927,-1,3319,2712,1136,-1,1136,2712,2710,-1,2710,2921,1136,-1,1136,2921,2920,-1,1136,2920,1134,-1,1134,2920,3067,-1,1134,3067,1132,-1,1136,1129,3556,-1,1125,1123,3557,-1,3557,1123,3318,-1,3557,3318,3556,-1,3556,3318,3319,-1,3556,3319,1136,-1,1144,3074,1143,-1,1143,3074,2887,-1,1143,2887,1142,-1,2715,3327,2716,-1,2716,3327,1142,-1,2716,1142,2888,-1,2888,1142,2887,-1,3328,2717,1139,-1,1139,2717,2719,-1,2719,2885,1139,-1,1139,2885,2886,-1,1139,2886,1146,-1,1146,2886,3068,-1,1146,3068,1145,-1,1139,1138,3558,-1,1141,1142,3559,-1,3559,1142,3327,-1,3559,3327,3558,-1,3558,3327,3328,-1,3558,3328,1139,-1,1155,3063,1156,-1,1156,3063,2929,-1,1156,2929,1147,-1,2729,3333,2724,-1,2724,3333,1147,-1,2724,1147,2925,-1,2925,1147,2929,-1,3331,2728,1152,-1,1152,2728,2726,-1,2726,2924,1152,-1,1152,2924,2923,-1,1152,2923,1153,-1,1153,2923,3071,-1,1153,3071,1154,-1,1152,1151,3560,-1,1148,1147,3561,-1,3561,1147,3333,-1,3561,3333,3560,-1,3560,3333,3331,-1,3560,3331,1152,-1,1166,3057,1164,-1,1164,3057,2794,-1,1164,2794,1163,-1,2731,3334,2732,-1,2732,3334,1163,-1,2732,1163,2793,-1,2793,1163,2794,-1,3336,2733,1159,-1,1159,2733,2735,-1,2735,2818,1159,-1,1159,2818,2817,-1,1159,2817,1169,-1,1169,2817,3059,-1,1169,3059,1168,-1,1159,1158,3562,-1,1162,1163,3563,-1,3563,1163,3334,-1,3563,3334,3562,-1,3562,3334,3336,-1,3562,3336,1159,-1,1177,3052,1171,-1,1171,3052,2981,-1,1171,2981,1170,-1,2745,3345,2740,-1,2740,3345,1170,-1,2740,1170,2913,-1,2913,1170,2981,-1,3342,2744,1182,-1,1182,2744,2742,-1,2742,2912,1182,-1,1182,2912,3004,-1,1182,3004,1180,-1,1180,3004,3066,-1,1180,3066,1178,-1,1182,1176,3564,-1,1172,1170,3565,-1,3565,1170,3345,-1,3565,3345,3564,-1,3564,3345,3342,-1,3564,3342,1182,-1,1190,3061,1189,-1,1189,3061,2814,-1,1189,2814,1188,-1,2747,3348,2748,-1,2748,3348,1188,-1,2748,1188,2811,-1,2811,1188,2814,-1,3349,2749,1185,-1,1185,2749,2751,-1,2751,2797,1185,-1,1185,2797,2796,-1,1185,2796,1192,-1,1192,2796,3062,-1,1192,3062,1191,-1,1185,1184,3566,-1,1187,1188,3567,-1,3567,1188,3348,-1,3567,3348,3566,-1,3566,3348,3349,-1,3566,3349,1185,-1,1201,3056,1202,-1,1202,3056,3003,-1,1202,3003,1193,-1,2761,3353,2756,-1,2756,3353,1193,-1,2756,1193,2915,-1,2915,1193,3003,-1,3351,2760,1198,-1,1198,2760,2758,-1,2758,2916,1198,-1,1198,2916,2918,-1,1198,2918,1199,-1,1199,2918,3065,-1,1199,3065,1200,-1,1198,1197,3568,-1,1194,1193,3569,-1,3569,1193,3353,-1,3569,3353,3568,-1,3568,3353,3351,-1,3568,3351,1198,-1,2758,2756,2916,-1,2916,2756,2915,-1,1201,1200,3056,-1,3056,1200,3065,-1,2751,2748,2797,-1,2797,2748,2811,-1,1190,1191,3061,-1,3061,1191,3062,-1,2742,2740,2912,-1,2912,2740,2913,-1,1177,1178,3052,-1,3052,1178,3066,-1,2735,2732,2818,-1,2818,2732,2793,-1,1166,1168,3057,-1,3057,1168,3059,-1,2726,2724,2924,-1,2924,2724,2925,-1,1155,1154,3063,-1,3063,1154,3071,-1,2719,2716,2885,-1,2885,2716,2888,-1,1144,1145,3074,-1,3074,1145,3068,-1,2710,2708,2921,-1,2921,2708,2928,-1,1130,1132,3060,-1,3060,1132,3067,-1,2703,2700,2812,-1,2812,2700,2809,-1,1115,1117,3064,-1,3064,1117,3073,-1,2694,2692,2966,-1,2966,2692,2974,-1,1050,1052,3039,-1,3039,1052,3050,-1,2687,2684,2839,-1,2839,2684,2784,-1,1102,1103,3044,-1,3044,1103,3047,-1,2678,2676,2957,-1,2957,2676,2958,-1,1093,1092,3045,-1,3045,1092,3042,-1,2671,2668,2847,-1,2847,2668,2781,-1,1081,1083,3040,-1,3040,1083,3037,-1,2662,2660,2978,-1,2978,2660,2980,-1,1066,1067,3048,-1,3048,1067,3058,-1,2655,2652,2825,-1,2825,2652,2790,-1,1024,1026,3053,-1,3053,1026,3055,-1,2646,2644,2969,-1,2969,2644,2970,-1,1055,1054,3043,-1,3043,1054,3054,-1,2639,2636,2832,-1,2832,2636,2787,-1,1031,1030,3049,-1,3049,1030,3051,-1,2631,2628,2869,-1,2869,2628,2871,-1,1004,1003,3069,-1,3069,1003,3070,-1,2622,2620,2932,-1,2932,2620,2931,-1,995,993,3075,-1,3075,993,3077,-1,2615,2612,2880,-1,2880,2612,2778,-1,975,977,3076,-1,3076,977,3072,-1,2606,2604,2954,-1,2954,2604,2962,-1,959,960,3041,-1,3041,960,3046,-1,1717,1710,577,-1,577,1710,1709,-1,1599,3570,581,-1,1709,1598,577,-1,577,1598,1599,-1,577,1599,583,-1,583,1599,581,-1,1604,1601,1707,-1,579,3571,575,-1,575,3571,1604,-1,575,1604,568,-1,568,1604,1707,-1,568,1707,1716,-1,1716,1707,1711,-1,2087,2086,2268,-1,1295,3572,1286,-1,1286,3572,2087,-1,1286,2087,1287,-1,1287,2087,2268,-1,1287,2268,2280,-1,2280,2268,2274,-1,2281,2276,1292,-1,1292,2276,2266,-1,2097,3573,1294,-1,2266,2098,1292,-1,1292,2098,2097,-1,1292,2097,1293,-1,1293,2097,1294,-1,2266,2268,2098,-1,2098,2268,2086,-1,3572,1295,3573,-1,3573,1295,1294,-1,1709,1707,1598,-1,1598,1707,1601,-1,3571,579,3570,-1,3570,579,581,-1,2084,2083,2284,-1,765,3574,767,-1,767,3574,2084,-1,767,2084,768,-1,768,2084,2284,-1,768,2284,2296,-1,2296,2284,2290,-1,2297,2292,759,-1,759,2292,2282,-1,2105,3575,763,-1,2282,2106,759,-1,759,2106,2105,-1,759,2105,761,-1,761,2105,763,-1,2039,2038,2572,-1,923,3576,925,-1,925,3576,2039,-1,925,2039,926,-1,926,2039,2572,-1,926,2572,2584,-1,2584,2572,2578,-1,2585,2580,917,-1,917,2580,2570,-1,2245,3577,921,-1,2570,2244,917,-1,917,2244,2245,-1,917,2245,919,-1,919,2245,921,-1,2005,1998,734,-1,734,1998,1997,-1,1503,3578,738,-1,1997,1504,734,-1,734,1504,1503,-1,734,1503,736,-1,736,1503,738,-1,1505,1507,1995,-1,740,3579,741,-1,741,3579,1505,-1,741,1505,726,-1,726,1505,1995,-1,726,1995,2004,-1,2004,1995,1999,-1,2042,2041,2556,-1,1223,3580,1224,-1,1224,3580,2042,-1,1224,2042,1225,-1,1225,2042,2556,-1,1225,2556,2568,-1,2568,2556,2562,-1,2569,2564,1220,-1,1220,2564,2554,-1,2226,3581,1222,-1,2554,2227,1220,-1,1220,2227,2226,-1,1220,2226,1221,-1,1221,2226,1222,-1,1989,1982,1312,-1,1312,1982,1981,-1,1510,3582,1314,-1,1981,1511,1312,-1,1312,1511,1510,-1,1312,1510,1313,-1,1313,1510,1314,-1,1518,1519,1979,-1,1315,3583,1316,-1,1316,3583,1518,-1,1316,1518,1307,-1,1307,1518,1979,-1,1307,1979,1988,-1,1988,1979,1983,-1,2037,2030,747,-1,747,2030,2029,-1,1500,3584,751,-1,2029,1499,747,-1,747,1499,1500,-1,747,1500,749,-1,749,1500,751,-1,1496,1498,2027,-1,752,3585,1437,-1,1437,3585,1496,-1,1437,1496,1436,-1,1436,1496,2027,-1,1436,2027,2036,-1,2036,2027,2031,-1,2246,2232,2588,-1,1213,3586,1214,-1,1214,3586,2246,-1,1214,2246,1215,-1,1215,2246,2588,-1,1215,2588,2600,-1,2600,2588,2594,-1,2601,2596,1205,-1,1205,2596,2586,-1,2235,3587,1212,-1,2586,2231,1205,-1,1205,2231,2235,-1,1205,2235,1210,-1,1210,2235,1212,-1,2021,2014,1302,-1,1302,2014,2013,-1,1701,3588,1304,-1,2013,1493,1302,-1,1302,1493,1701,-1,1302,1701,1303,-1,1303,1701,1304,-1,1501,1494,2011,-1,1305,3589,1306,-1,1306,3589,1501,-1,1306,1501,1297,-1,1297,1501,2011,-1,1297,2011,2020,-1,2020,2011,2015,-1,2069,2068,2380,-1,820,3590,822,-1,822,3590,2069,-1,822,2069,823,-1,823,2069,2380,-1,823,2380,2392,-1,2392,2380,2386,-1,2393,2388,814,-1,814,2388,2378,-1,2148,3591,818,-1,2378,2149,814,-1,814,2149,2148,-1,814,2148,816,-1,816,2148,818,-1,1813,1806,631,-1,631,1806,1805,-1,1564,3592,635,-1,1805,1565,631,-1,631,1565,1564,-1,631,1564,633,-1,633,1564,635,-1,1572,1566,1803,-1,637,3593,638,-1,638,3593,1572,-1,638,1572,623,-1,623,1572,1803,-1,623,1803,1812,-1,1812,1803,1807,-1,2072,2071,2364,-1,1273,3594,1274,-1,1274,3594,2072,-1,1274,2072,1275,-1,1275,2072,2364,-1,1275,2364,2376,-1,2376,2364,2370,-1,2377,2372,1270,-1,1270,2372,2362,-1,2141,3595,1272,-1,2362,2142,1270,-1,1270,2142,2141,-1,1270,2141,1271,-1,1271,2141,1272,-1,1797,1790,1362,-1,1362,1790,1789,-1,1574,3596,1364,-1,1789,1575,1362,-1,1362,1575,1574,-1,1362,1574,1363,-1,1363,1574,1364,-1,1583,1584,1787,-1,1365,3597,1366,-1,1366,3597,1583,-1,1366,1583,1357,-1,1357,1583,1787,-1,1357,1787,1796,-1,1796,1787,1791,-1,2166,2161,2412,-1,836,3598,838,-1,838,3598,2166,-1,838,2166,839,-1,839,2166,2412,-1,839,2412,2424,-1,2424,2412,2418,-1,2425,2420,830,-1,830,2420,2410,-1,2155,3599,834,-1,2410,2156,830,-1,830,2156,2155,-1,830,2155,832,-1,832,2155,834,-1,1845,1838,647,-1,647,1838,1837,-1,1648,3600,651,-1,1837,1550,647,-1,647,1550,1648,-1,647,1648,649,-1,649,1648,651,-1,1556,1551,1835,-1,653,3601,654,-1,654,3601,1556,-1,654,1556,639,-1,639,1556,1835,-1,639,1835,1844,-1,1844,1835,1839,-1,2066,2065,2396,-1,1263,3602,1264,-1,1264,3602,2066,-1,1264,2066,1265,-1,1265,2066,2396,-1,1265,2396,2408,-1,2408,2396,2402,-1,2409,2404,1260,-1,1260,2404,2394,-1,2165,3603,1262,-1,2394,2164,1260,-1,1260,2164,2165,-1,1260,2165,1261,-1,1261,2165,1262,-1,1829,1822,1352,-1,1352,1822,1821,-1,1561,3604,1354,-1,1821,1562,1352,-1,1352,1562,1561,-1,1352,1561,1353,-1,1353,1561,1354,-1,1569,1571,1819,-1,1355,3605,1356,-1,1356,3605,1569,-1,1356,1569,1347,-1,1347,1569,1819,-1,1347,1819,1828,-1,1828,1819,1823,-1,2078,2077,2316,-1,787,3606,790,-1,790,3606,2078,-1,790,2078,789,-1,789,2078,2316,-1,789,2316,2328,-1,2328,2316,2322,-1,2329,2324,782,-1,782,2324,2314,-1,2129,3607,786,-1,2314,2128,782,-1,782,2128,2129,-1,782,2129,784,-1,784,2129,786,-1,1749,1742,600,-1,600,1742,1741,-1,1587,3608,604,-1,1741,1588,600,-1,600,1588,1587,-1,600,1587,602,-1,602,1587,604,-1,1589,1591,1739,-1,605,3609,608,-1,608,3609,1589,-1,608,1589,607,-1,607,1589,1739,-1,607,1739,1748,-1,1748,1739,1743,-1,2081,2080,2300,-1,779,3610,778,-1,778,3610,2081,-1,778,2081,772,-1,772,2081,2300,-1,772,2300,2312,-1,2312,2300,2306,-1,2313,2308,776,-1,776,2308,2298,-1,2112,3611,780,-1,2298,2113,776,-1,776,2113,2112,-1,776,2112,791,-1,791,2112,780,-1,1733,1726,1372,-1,1372,1726,1725,-1,1595,3612,1374,-1,1725,1596,1372,-1,1372,1596,1595,-1,1372,1595,1373,-1,1373,1595,1374,-1,1602,1603,1723,-1,1375,3613,1376,-1,1376,3613,1602,-1,1376,1602,1367,-1,1367,1602,1723,-1,1367,1723,1732,-1,1732,1723,1727,-1,2075,2074,2348,-1,804,3614,806,-1,806,3614,2075,-1,806,2075,807,-1,807,2075,2348,-1,807,2348,2360,-1,2360,2348,2354,-1,2361,2356,798,-1,798,2356,2346,-1,2134,3615,802,-1,2346,2135,798,-1,798,2135,2134,-1,798,2134,800,-1,800,2134,802,-1,1781,1774,617,-1,617,1774,1773,-1,1581,3616,619,-1,1773,1580,617,-1,617,1580,1581,-1,617,1581,618,-1,618,1581,619,-1,1585,1579,1771,-1,621,3617,622,-1,622,3617,1585,-1,622,1585,610,-1,610,1585,1771,-1,610,1771,1780,-1,1780,1771,1775,-1,2130,2125,2332,-1,1283,3618,1284,-1,1284,3618,2130,-1,1284,2130,1285,-1,1285,2130,2332,-1,1285,2332,2344,-1,2344,2332,2338,-1,2345,2340,1280,-1,1280,2340,2330,-1,2119,3619,1282,-1,2330,2120,1280,-1,1280,2120,2119,-1,1280,2119,1281,-1,1281,2119,1282,-1,1765,1758,594,-1,594,1758,1757,-1,1624,3620,598,-1,1757,1576,594,-1,594,1576,1624,-1,594,1624,609,-1,609,1624,598,-1,1582,1577,1755,-1,596,3621,587,-1,587,3621,1582,-1,587,1582,586,-1,586,1582,1755,-1,586,1755,1764,-1,1764,1755,1759,-1,2051,2050,2508,-1,891,3622,893,-1,893,3622,2051,-1,893,2051,894,-1,894,2051,2508,-1,894,2508,2520,-1,2520,2508,2514,-1,2521,2516,885,-1,885,2516,2506,-1,2205,3623,889,-1,2506,2206,885,-1,885,2206,2205,-1,885,2205,887,-1,887,2205,889,-1,1941,1934,702,-1,702,1934,1933,-1,1529,3624,706,-1,1933,1528,702,-1,702,1528,1529,-1,702,1529,704,-1,704,1529,706,-1,1533,1527,1931,-1,708,3625,709,-1,709,3625,1533,-1,709,1533,694,-1,694,1533,1931,-1,694,1931,1940,-1,1940,1931,1935,-1,2189,2188,2492,-1,1243,3626,1244,-1,1244,3626,2189,-1,1244,2189,1245,-1,1245,2189,2492,-1,1245,2492,2504,-1,2504,2492,2498,-1,2505,2500,1240,-1,1240,2500,2490,-1,2243,3627,1242,-1,2490,2194,1240,-1,1240,2194,2243,-1,1240,2243,1241,-1,1241,2243,1242,-1,1925,1918,1332,-1,1332,1918,1917,-1,1672,3628,1334,-1,1917,1524,1332,-1,1332,1524,1672,-1,1332,1672,1333,-1,1333,1672,1334,-1,1530,1525,1915,-1,1335,3629,1336,-1,1336,3629,1530,-1,1336,1530,1327,-1,1327,1530,1915,-1,1327,1915,1924,-1,1924,1915,1919,-1,2045,2044,2540,-1,907,3630,909,-1,909,3630,2045,-1,909,2045,910,-1,910,2045,2540,-1,910,2540,2552,-1,2552,2540,2546,-1,2553,2548,901,-1,901,2548,2538,-1,2219,3631,905,-1,2538,2220,901,-1,901,2220,2219,-1,901,2219,903,-1,903,2219,905,-1,1973,1966,718,-1,718,1966,1965,-1,1513,3632,722,-1,1965,1514,718,-1,718,1514,1513,-1,718,1513,720,-1,720,1513,722,-1,1520,1515,1963,-1,724,3633,725,-1,725,3633,1520,-1,725,1520,710,-1,710,1520,1963,-1,710,1963,1972,-1,1972,1963,1967,-1,2048,2047,2524,-1,1233,3634,1234,-1,1234,3634,2048,-1,1234,2048,1235,-1,1235,2048,2524,-1,1235,2524,2536,-1,2536,2524,2530,-1,2537,2532,1230,-1,1230,2532,2522,-1,2212,3635,1232,-1,2522,2213,1230,-1,1230,2213,2212,-1,1230,2212,1231,-1,1231,2212,1232,-1,1957,1950,1322,-1,1322,1950,1949,-1,1522,3636,1324,-1,1949,1523,1322,-1,1322,1523,1522,-1,1322,1522,1323,-1,1323,1522,1324,-1,1531,1532,1947,-1,1325,3637,1326,-1,1326,3637,1531,-1,1326,1531,1317,-1,1317,1531,1947,-1,1317,1947,1956,-1,1956,1947,1951,-1,2060,2059,2444,-1,862,3638,864,-1,864,3638,2060,-1,864,2060,865,-1,865,2060,2444,-1,865,2444,2456,-1,2456,2444,2450,-1,2457,2452,842,-1,842,2452,2442,-1,2177,3639,861,-1,2442,2178,842,-1,842,2178,2177,-1,842,2177,860,-1,860,2177,861,-1,1877,1870,663,-1,663,1870,1869,-1,1548,3640,667,-1,1869,1549,663,-1,663,1549,1548,-1,663,1548,665,-1,665,1548,667,-1,1557,1558,1867,-1,669,3641,670,-1,670,3641,1557,-1,670,1557,655,-1,655,1557,1867,-1,655,1867,1876,-1,1876,1867,1871,-1,2063,2062,2428,-1,1253,3642,1254,-1,1254,3642,2063,-1,1254,2063,1255,-1,1255,2063,2428,-1,1255,2428,2440,-1,2440,2428,2434,-1,2441,2436,1250,-1,1250,2436,2426,-1,2170,3643,1252,-1,2426,2171,1250,-1,1250,2171,2170,-1,1250,2170,1251,-1,1251,2170,1252,-1,1861,1854,1342,-1,1342,1854,1853,-1,1555,3644,1344,-1,1853,1554,1342,-1,1342,1554,1555,-1,1342,1555,1343,-1,1343,1555,1344,-1,1559,1553,1851,-1,1345,3645,1346,-1,1346,3645,1559,-1,1346,1559,1337,-1,1337,1559,1851,-1,1337,1851,1860,-1,1860,1851,1855,-1,2054,2053,2476,-1,876,3646,877,-1,877,3646,2054,-1,877,2054,878,-1,878,2054,2476,-1,878,2476,2488,-1,2488,2476,2482,-1,2489,2484,871,-1,871,2484,2474,-1,2190,3647,875,-1,2474,2193,871,-1,871,2193,2190,-1,871,2190,873,-1,873,2190,875,-1,1909,1902,678,-1,678,1902,1901,-1,1535,3648,691,-1,1901,1536,678,-1,678,1536,1535,-1,678,1535,690,-1,690,1535,691,-1,1543,1545,1899,-1,692,3649,693,-1,693,3649,1543,-1,693,1543,671,-1,671,1543,1899,-1,671,1899,1908,-1,1908,1899,1903,-1,2057,2056,2460,-1,849,3650,859,-1,859,3650,2057,-1,859,2057,858,-1,858,2057,2460,-1,858,2460,2472,-1,2472,2460,2466,-1,2473,2468,853,-1,853,2468,2458,-1,2184,3651,856,-1,2458,2185,853,-1,853,2185,2184,-1,853,2184,855,-1,855,2184,856,-1,1893,1886,684,-1,684,1886,1885,-1,1538,3652,686,-1,1885,1539,684,-1,684,1539,1538,-1,684,1538,685,-1,685,1538,686,-1,1546,1540,1883,-1,681,3653,689,-1,689,3653,1546,-1,689,1546,688,-1,688,1546,1883,-1,688,1883,1892,-1,1892,1883,1887,-1,1885,1883,1539,-1,1539,1883,1540,-1,3653,681,3652,-1,3652,681,686,-1,2458,2460,2185,-1,2185,2460,2056,-1,3650,849,3651,-1,3651,849,856,-1,1901,1899,1536,-1,1536,1899,1545,-1,3649,692,3648,-1,3648,692,691,-1,2474,2476,2193,-1,2193,2476,2053,-1,3646,876,3647,-1,3647,876,875,-1,1853,1851,1554,-1,1554,1851,1553,-1,3645,1345,3644,-1,3644,1345,1344,-1,2426,2428,2171,-1,2171,2428,2062,-1,3642,1253,3643,-1,3643,1253,1252,-1,1869,1867,1549,-1,1549,1867,1558,-1,3641,669,3640,-1,3640,669,667,-1,2442,2444,2178,-1,2178,2444,2059,-1,3638,862,3639,-1,3639,862,861,-1,1949,1947,1523,-1,1523,1947,1532,-1,3637,1325,3636,-1,3636,1325,1324,-1,2522,2524,2213,-1,2213,2524,2047,-1,3634,1233,3635,-1,3635,1233,1232,-1,1965,1963,1514,-1,1514,1963,1515,-1,3633,724,3632,-1,3632,724,722,-1,2538,2540,2220,-1,2220,2540,2044,-1,3630,907,3631,-1,3631,907,905,-1,1917,1915,1524,-1,1524,1915,1525,-1,3629,1335,3628,-1,3628,1335,1334,-1,2490,2492,2194,-1,2194,2492,2188,-1,3626,1243,3627,-1,3627,1243,1242,-1,1933,1931,1528,-1,1528,1931,1527,-1,3625,708,3624,-1,3624,708,706,-1,2506,2508,2206,-1,2206,2508,2050,-1,3622,891,3623,-1,3623,891,889,-1,1757,1755,1576,-1,1576,1755,1577,-1,3621,596,3620,-1,3620,596,598,-1,2330,2332,2120,-1,2120,2332,2125,-1,3618,1283,3619,-1,3619,1283,1282,-1,1773,1771,1580,-1,1580,1771,1579,-1,3617,621,3616,-1,3616,621,619,-1,2346,2348,2135,-1,2135,2348,2074,-1,3614,804,3615,-1,3615,804,802,-1,1725,1723,1596,-1,1596,1723,1603,-1,3613,1375,3612,-1,3612,1375,1374,-1,2298,2300,2113,-1,2113,2300,2080,-1,3610,779,3611,-1,3611,779,780,-1,1741,1739,1588,-1,1588,1739,1591,-1,3609,605,3608,-1,3608,605,604,-1,2314,2316,2128,-1,2128,2316,2077,-1,3606,787,3607,-1,3607,787,786,-1,1821,1819,1562,-1,1562,1819,1571,-1,3605,1355,3604,-1,3604,1355,1354,-1,2394,2396,2164,-1,2164,2396,2065,-1,3602,1263,3603,-1,3603,1263,1262,-1,1837,1835,1550,-1,1550,1835,1551,-1,3601,653,3600,-1,3600,653,651,-1,2410,2412,2156,-1,2156,2412,2161,-1,3598,836,3599,-1,3599,836,834,-1,1789,1787,1575,-1,1575,1787,1584,-1,3597,1365,3596,-1,3596,1365,1364,-1,2362,2364,2142,-1,2142,2364,2071,-1,3594,1273,3595,-1,3595,1273,1272,-1,1805,1803,1565,-1,1565,1803,1566,-1,3593,637,3592,-1,3592,637,635,-1,2378,2380,2149,-1,2149,2380,2068,-1,3590,820,3591,-1,3591,820,818,-1,2013,2011,1493,-1,1493,2011,1494,-1,3589,1305,3588,-1,3588,1305,1304,-1,2586,2588,2231,-1,2231,2588,2232,-1,3586,1213,3587,-1,3587,1213,1212,-1,2029,2027,1499,-1,1499,2027,1498,-1,3585,752,3584,-1,3584,752,751,-1,1981,1979,1511,-1,1511,1979,1519,-1,3583,1315,3582,-1,3582,1315,1314,-1,2554,2556,2227,-1,2227,2556,2041,-1,3580,1223,3581,-1,3581,1223,1222,-1,1997,1995,1504,-1,1504,1995,1507,-1,3579,740,3578,-1,3578,740,738,-1,2570,2572,2244,-1,2244,2572,2038,-1,3576,923,3577,-1,3577,923,921,-1,2282,2284,2106,-1,2106,2284,2083,-1,3574,765,3575,-1,3575,765,763,-1,3080,1497,1496,-1,1506,1505,3579,-1,1537,1557,3641,-1,1537,3641,1538,-1,1590,1589,3609,-1,1500,1501,3584,-1,3584,1501,3589,-1,1502,1518,3583,-1,1570,1569,3605,-1,3613,3612,3078,-1,1586,1602,3613,-1,1594,1604,3571,-1,1509,1520,3633,-1,1547,1559,3645,-1,1573,1585,3617,-1,1586,3613,1587,-1,1594,3571,1595,-1,1599,1597,3570,-1,3570,1597,3078,-1,3570,3078,3571,-1,3571,3078,3612,-1,3571,3612,1595,-1,1512,1531,3637,-1,1547,3645,1548,-1,1587,3613,3608,-1,3608,3613,3078,-1,3608,3078,3609,-1,3617,3616,3078,-1,3636,1522,1521,-1,1573,3617,1574,-1,3605,3604,3078,-1,1563,1583,3597,-1,3628,1672,1544,-1,1581,1582,3616,-1,3616,1582,3621,-1,3616,3621,3078,-1,3078,3621,3620,-1,3078,3620,3609,-1,3609,3620,1624,-1,3609,1624,1590,-1,3078,3645,3644,-1,1574,3617,3596,-1,3596,3617,3078,-1,3596,3078,3597,-1,3649,3648,3078,-1,3604,1561,3593,-1,3593,1561,1560,-1,3593,1560,1572,-1,1534,1546,3653,-1,1555,1556,3644,-1,3644,1556,3601,-1,3644,3601,3078,-1,3078,3601,3600,-1,3078,3600,3605,-1,3605,3600,1648,-1,3605,1648,1570,-1,3604,3593,3078,-1,3078,3593,3592,-1,3078,3592,3597,-1,3597,3592,1564,-1,3597,1564,1563,-1,1534,3653,1535,-1,3652,3078,3653,-1,3653,3078,3648,-1,3653,3648,1535,-1,1548,3645,3640,-1,3640,3645,3078,-1,3640,3078,3641,-1,3641,3078,3652,-1,3641,3652,1538,-1,1496,3585,3080,-1,3080,3585,3584,-1,3080,3584,3078,-1,3078,3584,3589,-1,3078,3589,3588,-1,1701,1506,3588,-1,3588,1506,3579,-1,3588,3579,3078,-1,3078,3579,3578,-1,1503,1502,3578,-1,3578,1502,3583,-1,3578,3583,3078,-1,3078,3583,3582,-1,1510,1509,3582,-1,3582,1509,3633,-1,3582,3633,3078,-1,3078,3633,3632,-1,1513,1512,3632,-1,3632,1512,3637,-1,3632,3637,3078,-1,3078,3637,3636,-1,1521,1533,3636,-1,3636,1533,3625,-1,3636,3625,3078,-1,3078,3625,3624,-1,1529,1530,3624,-1,3624,1530,3629,-1,3624,3629,3078,-1,3078,3629,3628,-1,3078,3628,3649,-1,3649,3628,1544,-1,3649,1544,1543,-1,3079,2088,2087,-1,3610,3611,3081,-1,3615,2134,2073,-1,3651,2184,2055,-1,3607,2129,2130,-1,3647,2190,2189,-1,3573,2097,2085,-1,3081,3079,3575,-1,3575,3079,3574,-1,3595,2141,2070,-1,3638,3639,3081,-1,3576,3577,3081,-1,2087,3572,3079,-1,3079,3572,3573,-1,3079,3573,3574,-1,3574,3573,2085,-1,3574,2085,2084,-1,3575,2105,2082,-1,2079,2078,3606,-1,3081,3575,3610,-1,3610,3575,2082,-1,3610,2082,2081,-1,2076,2075,3614,-1,2061,2060,3638,-1,3618,3619,3081,-1,3643,2170,2061,-1,2058,2057,3650,-1,2052,2051,3622,-1,2235,2234,3587,-1,3587,2234,3081,-1,3587,3081,3586,-1,3586,3081,3577,-1,3586,3577,2246,-1,2246,3577,2245,-1,2112,2079,3611,-1,3611,2079,3606,-1,3611,3606,3081,-1,3081,3606,3607,-1,3081,3607,3618,-1,3618,3607,2130,-1,2067,2066,3602,-1,2049,2048,3634,-1,3626,3627,3081,-1,3635,2212,2046,-1,2040,2039,3576,-1,3599,2155,2064,-1,2177,2058,3639,-1,3639,2058,3650,-1,3639,3650,3081,-1,3081,3650,3651,-1,2055,2054,3651,-1,3651,2054,3646,-1,3651,3646,3081,-1,3081,3646,3647,-1,3081,3647,3626,-1,3626,3647,2189,-1,3630,3631,3081,-1,2061,3638,3643,-1,3643,3638,3081,-1,3643,3081,3642,-1,2243,2052,3627,-1,3627,2052,3622,-1,3627,3622,3081,-1,3081,3622,3623,-1,2205,2049,3623,-1,3623,2049,3634,-1,3623,3634,3081,-1,3081,3634,3635,-1,3081,3635,3630,-1,3630,3635,2046,-1,3630,2046,2045,-1,3631,2219,3580,-1,3580,2219,2043,-1,3580,2043,2042,-1,3631,3580,3081,-1,3081,3580,3581,-1,3081,3581,3576,-1,3576,3581,2226,-1,3576,2226,2040,-1,2119,2076,3619,-1,3619,2076,3614,-1,3619,3614,3081,-1,3081,3614,3615,-1,2073,2072,3615,-1,3615,2072,3594,-1,3615,3594,3081,-1,3081,3594,3595,-1,2070,2069,3595,-1,3595,2069,3590,-1,3595,3590,3081,-1,3081,3590,3591,-1,2148,2067,3591,-1,3591,2067,3602,-1,3591,3602,3081,-1,3081,3602,3603,-1,2165,2166,3603,-1,3603,2166,3598,-1,3603,3598,3081,-1,3081,3598,3599,-1,3081,3599,3642,-1,3642,3599,2064,-1,3642,2064,2063,-1,
        ]
    }
}
Shape{
    appearance Appearance {
        material  Material 	{
            diffuseColor 1.0 1.0 1.0
            specularColor 0.5019607843137255 0.5019607843137255 0.5019607843137255
            ambientIntensity 1.0
            transparency 0.0
            shininess 0.5
        }
    }
    geometry IndexedFaceSet {
        ccw TRUE
        solid FALSE
        coord DEF co Coordinate {
            point [
                6.5689 -1.1112 0.1969, 6.4232 -1.1112 0.1969, 6.5689 -1.1153 0.1663, 6.4232 -1.1153 0.1663, 6.5689 -1.1271 0.1378, 6.4232 -1.1271 0.1378, 6.5689 -1.1458 0.1133, 6.4232 -1.1458 0.1133, 6.5689 -1.1703 0.0946, 6.4232 -1.1703 0.0946, 6.5689 -1.1988 0.0828, 6.4232 -1.1988 0.0828, 6.5689 -1.2294 0.0787, 6.4232 -1.2294 0.0787, 6.5689 -1.6624 0.0787, 6.4232 -1.6624 0.0787, 6.5689 -1.6624 0.0, 6.4232 -1.6624 0.0, 6.5689 -1.2294 0.0, 6.4232 -1.2294 0.0, 6.4232 -1.1784 0.0067, 6.5689 -1.1784 0.0067, 6.4232 -1.1309 0.0264, 6.5689 -1.1309 0.0264, 6.4232 -1.0902 0.0577, 6.5689 -1.0902 0.0577, 6.4232 -1.0589 0.0984, 6.5689 -1.0589 0.0984, 6.4232 -1.0392 0.1459, 6.5689 -1.0392 0.1459, 6.4232 -1.0325 0.1969, 6.5689 -1.0325 0.1969, 6.5689 -1.0325 1.0607, 6.4232 -1.0325 1.0607, 6.5689 -1.0241 1.1414, 6.4232 -1.0241 1.1414, 6.5689 -0.9994 1.2187, 6.4232 -0.9994 1.2187, 6.4232 -0.6683 2.1707, 6.4232 -0.6683 1.9745, 6.4232 -1.062 1.272, 6.4232 -1.062 0.2598, 6.4232 -1.1112 0.2598, 6.5689 -1.062 1.272, 6.5689 -1.062 0.2598, 6.5689 -0.6683 1.9745, 6.5689 -0.6683 2.1707, 6.5689 -1.1112 0.2598, 6.4232 -0.3534 3.064, 6.4232 -0.3211 2.9818, 6.4232 -0.308 2.8945, 6.4232 -0.3147 2.8064, 6.4232 -0.3408 2.7221, 6.4232 -0.3534 2.6935, 6.5689 -0.3534 3.064, 6.5689 -0.3534 2.6935, 6.5689 -0.3408 2.7221, 6.5689 -0.3147 2.8064, 6.5689 -0.308 2.8945, 6.5689 -0.3211 2.9818, 6.4232 -0.6901 3.2573, 6.5689 -0.6901 3.2573, 6.4232 -0.6683 3.2881, 6.5689 -0.6683 3.2881, 6.5689 -0.6683 3.242, 6.4232 -0.6683 3.242, 6.1752 -1.1112 0.1969, 6.0295 -1.1112 0.1969, 6.1752 -1.1153 0.1663, 6.0295 -1.1153 0.1663, 6.1752 -1.1271 0.1378, 6.0295 -1.1271 0.1378, 6.1752 -1.1458 0.1133, 6.0295 -1.1458 0.1133, 6.1752 -1.1703 0.0946, 6.0295 -1.1703 0.0946, 6.1752 -1.1988 0.0828, 6.0295 -1.1988 0.0828, 6.1752 -1.2294 0.0787, 6.0295 -1.2294 0.0787, 6.1752 -1.6624 0.0787, 6.0295 -1.6624 0.0787, 6.1752 -1.6624 0.0, 6.0295 -1.6624 0.0, 6.1752 -1.2294 0.0, 6.0295 -1.2294 0.0, 6.0295 -1.1784 0.0067, 6.1752 -1.1784 0.0067, 6.0295 -1.1309 0.0264, 6.1752 -1.1309 0.0264, 6.0295 -1.0902 0.0577, 6.1752 -1.0902 0.0577, 6.0295 -1.0589 0.0984, 6.1752 -1.0589 0.0984, 6.0295 -1.0392 0.1459, 6.1752 -1.0392 0.1459, 6.0295 -1.0325 0.1969, 6.1752 -1.0325 0.1969, 6.1752 -1.0325 1.0607, 6.0295 -1.0325 1.0607, 6.1752 -1.0241 1.1414, 6.0295 -1.0241 1.1414, 6.1752 -0.9994 1.2187, 6.0295 -0.9994 1.2187, 6.0295 -0.6683 2.1707, 6.0295 -0.6683 1.9745, 6.0295 -1.062 1.272, 6.0295 -1.062 0.2598, 6.0295 -1.1112 0.2598, 6.1752 -1.062 1.272, 6.1752 -1.062 0.2598, 6.1752 -0.6683 1.9745, 6.1752 -0.6683 2.1707, 6.1752 -1.1112 0.2598, 6.1752 -0.6683 3.242, 6.1752 -0.6683 3.2881, 6.1752 -0.6901 3.2573, 6.0295 -0.6683 3.242, 6.0295 -0.6901 3.2573, 6.0295 -0.6683 3.2881, 6.1752 -0.3408 2.7221, 6.0295 -0.3408 2.7221, 6.0295 -0.3147 2.8064, 6.1752 -0.3147 2.8064, 6.0295 -0.308 2.8945, 6.1752 -0.308 2.8945, 6.0295 -0.3211 2.9818, 6.1752 -0.3211 2.9818, 6.0295 -0.3534 3.064, 6.1752 -0.3534 3.064, 6.0295 -0.3534 2.6935, 6.1752 -0.3534 2.6935, 5.7815 -1.1112 0.1969, 5.6358 -1.1112 0.1969, 5.7815 -1.1153 0.1663, 5.6358 -1.1153 0.1663, 5.7815 -1.1271 0.1378, 5.6358 -1.1271 0.1378, 5.7815 -1.1458 0.1133, 5.6358 -1.1458 0.1133, 5.7815 -1.1703 0.0946, 5.6358 -1.1703 0.0946, 5.7815 -1.1988 0.0828, 5.6358 -1.1988 0.0828, 5.7815 -1.2294 0.0787, 5.6358 -1.2294 0.0787, 5.7815 -1.6624 0.0787, 5.6358 -1.6624 0.0787, 5.7815 -1.6624 0.0, 5.6358 -1.6624 0.0, 5.7815 -1.2294 0.0, 5.6358 -1.2294 0.0, 5.6358 -1.1784 0.0067, 5.7815 -1.1784 0.0067, 5.6358 -1.1309 0.0264, 5.7815 -1.1309 0.0264, 5.6358 -1.0902 0.0577, 5.7815 -1.0902 0.0577, 5.6358 -1.0589 0.0984, 5.7815 -1.0589 0.0984, 5.6358 -1.0392 0.1459, 5.7815 -1.0392 0.1459, 5.6358 -1.0325 0.1969, 5.7815 -1.0325 0.1969, 5.7815 -1.0325 1.0607, 5.6358 -1.0325 1.0607, 5.7815 -1.0241 1.1414, 5.6358 -1.0241 1.1414, 5.7815 -0.9994 1.2187, 5.6358 -0.9994 1.2187, 5.6358 -0.6683 2.1707, 5.6358 -0.6683 1.9745, 5.6358 -1.062 1.272, 5.6358 -1.062 0.2598, 5.6358 -1.1112 0.2598, 5.7815 -1.062 1.272, 5.7815 -1.062 0.2598, 5.7815 -0.6683 1.9745, 5.7815 -0.6683 2.1707, 5.7815 -1.1112 0.2598, 5.7815 -0.6683 3.242, 5.7815 -0.6683 3.2881, 5.7815 -0.6901 3.2573, 5.6358 -0.6683 3.242, 5.6358 -0.6901 3.2573, 5.6358 -0.6683 3.2881, 5.7815 -0.3408 2.7221, 5.6358 -0.3408 2.7221, 5.6358 -0.3147 2.8064, 5.7815 -0.3147 2.8064, 5.6358 -0.308 2.8945, 5.7815 -0.308 2.8945, 5.6358 -0.3211 2.9818, 5.7815 -0.3211 2.9818, 5.6358 -0.3534 3.064, 5.7815 -0.3534 3.064, 5.6358 -0.3534 2.6935, 5.7815 -0.3534 2.6935, 5.3878 -1.1112 0.1969, 5.2421 -1.1112 0.1969, 5.3878 -1.1153 0.1663, 5.2421 -1.1153 0.1663, 5.3878 -1.1271 0.1378, 5.2421 -1.1271 0.1378, 5.3878 -1.1458 0.1133, 5.2421 -1.1458 0.1133, 5.3878 -1.1703 0.0946, 5.2421 -1.1703 0.0946, 5.3878 -1.1988 0.0828, 5.2421 -1.1988 0.0828, 5.3878 -1.2294 0.0787, 5.2421 -1.2294 0.0787, 5.3878 -1.6624 0.0787, 5.2421 -1.6624 0.0787, 5.3878 -1.6624 0.0, 5.2421 -1.6624 0.0, 5.3878 -1.2294 0.0, 5.2421 -1.2294 0.0, 5.2421 -1.1784 0.0067, 5.3878 -1.1784 0.0067, 5.2421 -1.1309 0.0264, 5.3878 -1.1309 0.0264, 5.2421 -1.0902 0.0577, 5.3878 -1.0902 0.0577, 5.2421 -1.0589 0.0984, 5.3878 -1.0589 0.0984, 5.2421 -1.0392 0.1459, 5.3878 -1.0392 0.1459, 5.2421 -1.0325 0.1969, 5.3878 -1.0325 0.1969, 5.3878 -1.0325 1.0607, 5.2421 -1.0325 1.0607, 5.3878 -1.0241 1.1414, 5.2421 -1.0241 1.1414, 5.3878 -0.9994 1.2187, 5.2421 -0.9994 1.2187, 5.2421 -0.6683 2.1707, 5.2421 -0.6683 1.9745, 5.2421 -1.062 1.272, 5.2421 -1.062 0.2598, 5.2421 -1.1112 0.2598, 5.3878 -1.062 1.272, 5.3878 -1.062 0.2598, 5.3878 -0.6683 1.9745, 5.3878 -0.6683 2.1707, 5.3878 -1.1112 0.2598, 5.3878 -0.6683 3.242, 5.3878 -0.6683 3.2881, 5.3878 -0.6901 3.2573, 5.2421 -0.6683 3.242, 5.2421 -0.6901 3.2573, 5.2421 -0.6683 3.2881, 5.3878 -0.3408 2.7221, 5.2421 -0.3408 2.7221, 5.2421 -0.3147 2.8064, 5.3878 -0.3147 2.8064, 5.2421 -0.308 2.8945, 5.3878 -0.308 2.8945, 5.2421 -0.3211 2.9818, 5.3878 -0.3211 2.9818, 5.2421 -0.3534 3.064, 5.3878 -0.3534 3.064, 5.2421 -0.3534 2.6935, 5.3878 -0.3534 2.6935, 4.9941 -1.1112 0.1969, 4.8484 -1.1112 0.1969, 4.9941 -1.1153 0.1663, 4.8484 -1.1153 0.1663, 4.9941 -1.1271 0.1378, 4.8484 -1.1271 0.1378, 4.9941 -1.1458 0.1133, 4.8484 -1.1458 0.1133, 4.9941 -1.1703 0.0946, 4.8484 -1.1703 0.0946, 4.9941 -1.1988 0.0828, 4.8484 -1.1988 0.0828, 4.9941 -1.2294 0.0787, 4.8484 -1.2294 0.0787, 4.9941 -1.6624 0.0787, 4.8484 -1.6624 0.0787, 4.9941 -1.6624 0.0, 4.8484 -1.6624 0.0, 4.9941 -1.2294 0.0, 4.8484 -1.2294 0.0, 4.8484 -1.1784 0.0067, 4.9941 -1.1784 0.0067, 4.8484 -1.1309 0.0264, 4.9941 -1.1309 0.0264, 4.8484 -1.0902 0.0577, 4.9941 -1.0902 0.0577, 4.8484 -1.0589 0.0984, 4.9941 -1.0589 0.0984, 4.8484 -1.0392 0.1459, 4.9941 -1.0392 0.1459, 4.8484 -1.0325 0.1969, 4.9941 -1.0325 0.1969, 4.9941 -1.0325 1.0607, 4.8484 -1.0325 1.0607, 4.9941 -1.0241 1.1414, 4.8484 -1.0241 1.1414, 4.9941 -0.9994 1.2187, 4.8484 -0.9994 1.2187, 4.8484 -0.6683 2.1707, 4.8484 -0.6683 1.9745, 4.8484 -1.062 1.272, 4.8484 -1.062 0.2598, 4.8484 -1.1112 0.2598, 4.9941 -1.062 1.272, 4.9941 -1.062 0.2598, 4.9941 -0.6683 1.9745, 4.9941 -0.6683 2.1707, 4.9941 -1.1112 0.2598, 4.9941 -0.6683 3.242, 4.9941 -0.6683 3.2881, 4.9941 -0.6901 3.2573, 4.8484 -0.6683 3.242, 4.8484 -0.6901 3.2573, 4.8484 -0.6683 3.2881, 4.9941 -0.3408 2.7221, 4.8484 -0.3408 2.7221, 4.8484 -0.3147 2.8064, 4.9941 -0.3147 2.8064, 4.8484 -0.308 2.8945, 4.9941 -0.308 2.8945, 4.8484 -0.3211 2.9818, 4.9941 -0.3211 2.9818, 4.8484 -0.3534 3.064, 4.9941 -0.3534 3.064, 4.8484 -0.3534 2.6935, 4.9941 -0.3534 2.6935, 4.6004 -1.1112 0.1969, 4.4547 -1.1112 0.1969, 4.6004 -1.1153 0.1663, 4.4547 -1.1153 0.1663, 4.6004 -1.1271 0.1378, 4.4547 -1.1271 0.1378, 4.6004 -1.1458 0.1133, 4.4547 -1.1458 0.1133, 4.6004 -1.1703 0.0946, 4.4547 -1.1703 0.0946, 4.6004 -1.1988 0.0828, 4.4547 -1.1988 0.0828, 4.6004 -1.2294 0.0787, 4.4547 -1.2294 0.0787, 4.6004 -1.6624 0.0787, 4.4547 -1.6624 0.0787, 4.6004 -1.6624 0.0, 4.4547 -1.6624 0.0, 4.6004 -1.2294 0.0, 4.4547 -1.2294 0.0, 4.4547 -1.1784 0.0067, 4.6004 -1.1784 0.0067, 4.4547 -1.1309 0.0264, 4.6004 -1.1309 0.0264, 4.4547 -1.0902 0.0577, 4.6004 -1.0902 0.0577, 4.4547 -1.0589 0.0984, 4.6004 -1.0589 0.0984, 4.4547 -1.0392 0.1459, 4.6004 -1.0392 0.1459, 4.4547 -1.0325 0.1969, 4.6004 -1.0325 0.1969, 4.6004 -1.0325 1.0607, 4.4547 -1.0325 1.0607, 4.6004 -1.0241 1.1414, 4.4547 -1.0241 1.1414, 4.6004 -0.9994 1.2187, 4.4547 -0.9994 1.2187, 4.4547 -0.6683 2.1707, 4.4547 -0.6683 1.9745, 4.4547 -1.062 1.272, 4.4547 -1.062 0.2598, 4.4547 -1.1112 0.2598, 4.6004 -1.062 1.272, 4.6004 -1.062 0.2598, 4.6004 -0.6683 1.9745, 4.6004 -0.6683 2.1707, 4.6004 -1.1112 0.2598, 4.6004 -0.6683 3.242, 4.6004 -0.6683 3.2881, 4.6004 -0.6901 3.2573, 4.4547 -0.6683 3.242, 4.4547 -0.6901 3.2573, 4.4547 -0.6683 3.2881, 4.6004 -0.3408 2.7221, 4.4547 -0.3408 2.7221, 4.4547 -0.3147 2.8064, 4.6004 -0.3147 2.8064, 4.4547 -0.308 2.8945, 4.6004 -0.308 2.8945, 4.4547 -0.3211 2.9818, 4.6004 -0.3211 2.9818, 4.4547 -0.3534 3.064, 4.6004 -0.3534 3.064, 4.4547 -0.3534 2.6935, 4.6004 -0.3534 2.6935, 4.2067 -1.1112 0.1969, 4.061 -1.1112 0.1969, 4.2067 -1.1153 0.1663, 4.061 -1.1153 0.1663, 4.2067 -1.1271 0.1378, 4.061 -1.1271 0.1378, 4.2067 -1.1458 0.1133, 4.061 -1.1458 0.1133, 4.2067 -1.1703 0.0946, 4.061 -1.1703 0.0946, 4.2067 -1.1988 0.0828, 4.061 -1.1988 0.0828, 4.2067 -1.2294 0.0787, 4.061 -1.2294 0.0787, 4.2067 -1.6624 0.0787, 4.061 -1.6624 0.0787, 4.2067 -1.6624 0.0, 4.061 -1.6624 0.0, 4.2067 -1.2294 0.0, 4.061 -1.2294 0.0, 4.061 -1.1784 0.0067, 4.2067 -1.1784 0.0067, 4.061 -1.1309 0.0264, 4.2067 -1.1309 0.0264, 4.061 -1.0902 0.0577, 4.2067 -1.0902 0.0577, 4.061 -1.0589 0.0984, 4.2067 -1.0589 0.0984, 4.061 -1.0392 0.1459, 4.2067 -1.0392 0.1459, 4.061 -1.0325 0.1969, 4.2067 -1.0325 0.1969, 4.2067 -1.0325 1.0607, 4.061 -1.0325 1.0607, 4.2067 -1.0241 1.1414, 4.061 -1.0241 1.1414, 4.2067 -0.9994 1.2187, 4.061 -0.9994 1.2187, 4.061 -0.6683 2.1707, 4.061 -0.6683 1.9745, 4.061 -1.062 1.272, 4.061 -1.062 0.2598, 4.061 -1.1112 0.2598, 4.2067 -1.062 1.272, 4.2067 -1.062 0.2598, 4.2067 -0.6683 1.9745, 4.2067 -0.6683 2.1707, 4.2067 -1.1112 0.2598, 4.2067 -0.6683 3.242, 4.2067 -0.6683 3.2881, 4.2067 -0.6901 3.2573, 4.061 -0.6683 3.242, 4.061 -0.6901 3.2573, 4.061 -0.6683 3.2881, 4.2067 -0.3408 2.7221, 4.061 -0.3408 2.7221, 4.061 -0.3147 2.8064, 4.2067 -0.3147 2.8064, 4.061 -0.308 2.8945, 4.2067 -0.308 2.8945, 4.061 -0.3211 2.9818, 4.2067 -0.3211 2.9818, 4.061 -0.3534 3.064, 4.2067 -0.3534 3.064, 4.061 -0.3534 2.6935, 4.2067 -0.3534 2.6935, 3.813 -1.1112 0.1969, 3.6673 -1.1112 0.1969, 3.813 -1.1153 0.1663, 3.6673 -1.1153 0.1663, 3.813 -1.1271 0.1378, 3.6673 -1.1271 0.1378, 3.813 -1.1458 0.1133, 3.6673 -1.1458 0.1133, 3.813 -1.1703 0.0946, 3.6673 -1.1703 0.0946, 3.813 -1.1988 0.0828, 3.6673 -1.1988 0.0828, 3.813 -1.2294 0.0787, 3.6673 -1.2294 0.0787, 3.813 -1.6624 0.0787, 3.6673 -1.6624 0.0787, 3.813 -1.6624 0.0, 3.6673 -1.6624 0.0, 3.813 -1.2294 0.0, 3.6673 -1.2294 0.0, 3.6673 -1.1784 0.0067, 3.813 -1.1784 0.0067, 3.6673 -1.1309 0.0264, 3.813 -1.1309 0.0264, 3.6673 -1.0902 0.0577, 3.813 -1.0902 0.0577, 3.6673 -1.0589 0.0984, 3.813 -1.0589 0.0984, 3.6673 -1.0392 0.1459, 3.813 -1.0392 0.1459, 3.6673 -1.0325 0.1969, 3.813 -1.0325 0.1969, 3.813 -1.0325 1.0607, 3.6673 -1.0325 1.0607, 3.813 -1.0241 1.1414, 3.6673 -1.0241 1.1414, 3.813 -0.9994 1.2187, 3.6673 -0.9994 1.2187, 3.6673 -0.6683 2.1707, 3.6673 -0.6683 1.9745, 3.6673 -1.062 1.272, 3.6673 -1.062 0.2598, 3.6673 -1.1112 0.2598, 3.813 -1.062 1.272, 3.813 -1.062 0.2598, 3.813 -0.6683 1.9745, 3.813 -0.6683 2.1707, 3.813 -1.1112 0.2598, 3.813 -0.6683 3.242, 3.813 -0.6683 3.2881, 3.813 -0.6901 3.2573, 3.6673 -0.6683 3.242, 3.6673 -0.6901 3.2573, 3.6673 -0.6683 3.2881, 3.813 -0.3408 2.7221, 3.6673 -0.3408 2.7221, 3.6673 -0.3147 2.8064, 3.813 -0.3147 2.8064, 3.6673 -0.308 2.8945, 3.813 -0.308 2.8945, 3.6673 -0.3211 2.9818, 3.813 -0.3211 2.9818, 3.6673 -0.3534 3.064, 3.813 -0.3534 3.064, 3.6673 -0.3534 2.6935, 3.813 -0.3534 2.6935, 3.4193 -1.1112 0.1969, 3.2736 -1.1112 0.1969, 3.4193 -1.1153 0.1663, 3.2736 -1.1153 0.1663, 3.4193 -1.1271 0.1378, 3.2736 -1.1271 0.1378, 3.4193 -1.1458 0.1133, 3.2736 -1.1458 0.1133, 3.4193 -1.1703 0.0946, 3.2736 -1.1703 0.0946, 3.4193 -1.1988 0.0828, 3.2736 -1.1988 0.0828, 3.4193 -1.2294 0.0787, 3.2736 -1.2294 0.0787, 3.4193 -1.6624 0.0787, 3.2736 -1.6624 0.0787, 3.4193 -1.6624 0.0, 3.2736 -1.6624 0.0, 3.4193 -1.2294 0.0, 3.2736 -1.2294 0.0, 3.2736 -1.1784 0.0067, 3.4193 -1.1784 0.0067, 3.2736 -1.1309 0.0264, 3.4193 -1.1309 0.0264, 3.2736 -1.0902 0.0577, 3.4193 -1.0902 0.0577, 3.2736 -1.0589 0.0984, 3.4193 -1.0589 0.0984, 3.2736 -1.0392 0.1459, 3.4193 -1.0392 0.1459, 3.2736 -1.0325 0.1969, 3.4193 -1.0325 0.1969, 3.4193 -1.0325 1.0607, 3.2736 -1.0325 1.0607, 3.4193 -1.0241 1.1414, 3.2736 -1.0241 1.1414, 3.4193 -0.9994 1.2187, 3.2736 -0.9994 1.2187, 3.2736 -0.6683 2.1707, 3.2736 -0.6683 1.9745, 3.2736 -1.062 1.272, 3.2736 -1.062 0.2598, 3.2736 -1.1112 0.2598, 3.4193 -1.062 1.272, 3.4193 -1.062 0.2598, 3.4193 -0.6683 1.9745, 3.4193 -0.6683 2.1707, 3.4193 -1.1112 0.2598, 3.4193 -0.6683 3.242, 3.4193 -0.6683 3.2881, 3.4193 -0.6901 3.2573, 3.2736 -0.6683 3.242, 3.2736 -0.6901 3.2573, 3.2736 -0.6683 3.2881, 3.4193 -0.3408 2.7221, 3.2736 -0.3408 2.7221, 3.2736 -0.3147 2.8064, 3.4193 -0.3147 2.8064, 3.2736 -0.308 2.8945, 3.4193 -0.308 2.8945, 3.2736 -0.3211 2.9818, 3.4193 -0.3211 2.9818, 3.2736 -0.3534 3.064, 3.4193 -0.3534 3.064, 3.2736 -0.3534 2.6935, 3.4193 -0.3534 2.6935, 3.0256 -1.1112 0.1969, 2.8799 -1.1112 0.1969, 3.0256 -1.1153 0.1663, 2.8799 -1.1153 0.1663, 3.0256 -1.1271 0.1378, 2.8799 -1.1271 0.1378, 3.0256 -1.1458 0.1133, 2.8799 -1.1458 0.1133, 3.0256 -1.1703 0.0946, 2.8799 -1.1703 0.0946, 3.0256 -1.1988 0.0828, 2.8799 -1.1988 0.0828, 3.0256 -1.2294 0.0787, 2.8799 -1.2294 0.0787, 3.0256 -1.6624 0.0787, 2.8799 -1.6624 0.0787, 3.0256 -1.6624 0.0, 2.8799 -1.6624 0.0, 3.0256 -1.2294 0.0, 2.8799 -1.2294 0.0, 2.8799 -1.1784 0.0067, 3.0256 -1.1784 0.0067, 2.8799 -1.1309 0.0264, 3.0256 -1.1309 0.0264, 2.8799 -1.0902 0.0577, 3.0256 -1.0902 0.0577, 2.8799 -1.0589 0.0984, 3.0256 -1.0589 0.0984, 2.8799 -1.0392 0.1459, 3.0256 -1.0392 0.1459, 2.8799 -1.0325 0.1969, 3.0256 -1.0325 0.1969, 3.0256 -1.0325 1.0607, 2.8799 -1.0325 1.0607, 3.0256 -1.0241 1.1414, 2.8799 -1.0241 1.1414, 3.0256 -0.9994 1.2187, 2.8799 -0.9994 1.2187, 2.8799 -0.6683 2.1707, 2.8799 -0.6683 1.9745, 2.8799 -1.062 1.272, 2.8799 -1.062 0.2598, 2.8799 -1.1112 0.2598, 3.0256 -1.062 1.272, 3.0256 -1.062 0.2598, 3.0256 -0.6683 1.9745, 3.0256 -0.6683 2.1707, 3.0256 -1.1112 0.2598, 3.0256 -0.6683 3.242, 3.0256 -0.6683 3.2881, 3.0256 -0.6901 3.2573, 2.8799 -0.6683 3.242, 2.8799 -0.6901 3.2573, 2.8799 -0.6683 3.2881, 3.0256 -0.3408 2.7221, 2.8799 -0.3408 2.7221, 2.8799 -0.3147 2.8064, 3.0256 -0.3147 2.8064, 2.8799 -0.308 2.8945, 3.0256 -0.308 2.8945, 2.8799 -0.3211 2.9818, 3.0256 -0.3211 2.9818, 2.8799 -0.3534 3.064, 3.0256 -0.3534 3.064, 2.8799 -0.3534 2.6935, 3.0256 -0.3534 2.6935, 2.6319 -1.1112 0.1969, 2.4862 -1.1112 0.1969, 2.6319 -1.1153 0.1663, 2.4862 -1.1153 0.1663, 2.6319 -1.1271 0.1378, 2.4862 -1.1271 0.1378, 2.6319 -1.1458 0.1133, 2.4862 -1.1458 0.1133, 2.6319 -1.1703 0.0946, 2.4862 -1.1703 0.0946, 2.6319 -1.1988 0.0828, 2.4862 -1.1988 0.0828, 2.6319 -1.2294 0.0787, 2.4862 -1.2294 0.0787, 2.6319 -1.6624 0.0787, 2.4862 -1.6624 0.0787, 2.6319 -1.6624 0.0, 2.4862 -1.6624 0.0, 2.6319 -1.2294 0.0, 2.4862 -1.2294 0.0, 2.4862 -1.1784 0.0067, 2.6319 -1.1784 0.0067, 2.4862 -1.1309 0.0264, 2.6319 -1.1309 0.0264, 2.4862 -1.0902 0.0577, 2.6319 -1.0902 0.0577, 2.4862 -1.0589 0.0984, 2.6319 -1.0589 0.0984, 2.4862 -1.0392 0.1459, 2.6319 -1.0392 0.1459, 2.4862 -1.0325 0.1969, 2.6319 -1.0325 0.1969, 2.6319 -1.0325 1.0607, 2.4862 -1.0325 1.0607, 2.6319 -1.0241 1.1414, 2.4862 -1.0241 1.1414, 2.6319 -0.9994 1.2187, 2.4862 -0.9994 1.2187, 2.4862 -0.6683 2.1707, 2.4862 -0.6683 1.9745, 2.4862 -1.062 1.272, 2.4862 -1.062 0.2598, 2.4862 -1.1112 0.2598, 2.6319 -1.062 1.272, 2.6319 -1.062 0.2598, 2.6319 -0.6683 1.9745, 2.6319 -0.6683 2.1707, 2.6319 -1.1112 0.2598, 2.6319 -0.6683 3.242, 2.6319 -0.6683 3.2881, 2.6319 -0.6901 3.2573, 2.4862 -0.6683 3.242, 2.4862 -0.6901 3.2573, 2.4862 -0.6683 3.2881, 2.6319 -0.3408 2.7221, 2.4862 -0.3408 2.7221, 2.4862 -0.3147 2.8064, 2.6319 -0.3147 2.8064, 2.4862 -0.308 2.8945, 2.6319 -0.308 2.8945, 2.4862 -0.3211 2.9818, 2.6319 -0.3211 2.9818, 2.4862 -0.3534 3.064, 2.6319 -0.3534 3.064, 2.4862 -0.3534 2.6935, 2.6319 -0.3534 2.6935, 2.2382 -1.1112 0.1969, 2.0925 -1.1112 0.1969, 2.2382 -1.1153 0.1663, 2.0925 -1.1153 0.1663, 2.2382 -1.1271 0.1378, 2.0925 -1.1271 0.1378, 2.2382 -1.1458 0.1133, 2.0925 -1.1458 0.1133, 2.2382 -1.1703 0.0946, 2.0925 -1.1703 0.0946, 2.2382 -1.1988 0.0828, 2.0925 -1.1988 0.0828, 2.2382 -1.2294 0.0787, 2.0925 -1.2294 0.0787, 2.2382 -1.6624 0.0787, 2.0925 -1.6624 0.0787, 2.2382 -1.6624 0.0, 2.0925 -1.6624 0.0, 2.2382 -1.2294 0.0, 2.0925 -1.2294 0.0, 2.0925 -1.1784 0.0067, 2.2382 -1.1784 0.0067, 2.0925 -1.1309 0.0264, 2.2382 -1.1309 0.0264, 2.0925 -1.0902 0.0577, 2.2382 -1.0902 0.0577, 2.0925 -1.0589 0.0984, 2.2382 -1.0589 0.0984, 2.0925 -1.0392 0.1459, 2.2382 -1.0392 0.1459, 2.0925 -1.0325 0.1969, 2.2382 -1.0325 0.1969, 2.2382 -1.0325 1.0607, 2.0925 -1.0325 1.0607, 2.2382 -1.0241 1.1414, 2.0925 -1.0241 1.1414, 2.2382 -0.9994 1.2187, 2.0925 -0.9994 1.2187, 2.0925 -0.6683 2.1707, 2.0925 -0.6683 1.9745, 2.0925 -1.062 1.272, 2.0925 -1.062 0.2598, 2.0925 -1.1112 0.2598, 2.2382 -1.062 1.272, 2.2382 -1.062 0.2598, 2.2382 -0.6683 1.9745, 2.2382 -0.6683 2.1707, 2.2382 -1.1112 0.2598, 2.2382 -0.6683 3.242, 2.2382 -0.6683 3.2881, 2.2382 -0.6901 3.2573, 2.0925 -0.6683 3.242, 2.0925 -0.6901 3.2573, 2.0925 -0.6683 3.2881, 2.2382 -0.3408 2.7221, 2.0925 -0.3408 2.7221, 2.0925 -0.3147 2.8064, 2.2382 -0.3147 2.8064, 2.0925 -0.308 2.8945, 2.2382 -0.308 2.8945, 2.0925 -0.3211 2.9818, 2.2382 -0.3211 2.9818, 2.0925 -0.3534 3.064, 2.2382 -0.3534 3.064, 2.0925 -0.3534 2.6935, 2.2382 -0.3534 2.6935, 1.8445 -1.1112 0.1969, 1.6988 -1.1112 0.1969, 1.8445 -1.1153 0.1663, 1.6988 -1.1153 0.1663, 1.8445 -1.1271 0.1378, 1.6988 -1.1271 0.1378, 1.8445 -1.1458 0.1133, 1.6988 -1.1458 0.1133, 1.8445 -1.1703 0.0946, 1.6988 -1.1703 0.0946, 1.8445 -1.1988 0.0828, 1.6988 -1.1988 0.0828, 1.8445 -1.2294 0.0787, 1.6988 -1.2294 0.0787, 1.8445 -1.6624 0.0787, 1.6988 -1.6624 0.0787, 1.8445 -1.6624 0.0, 1.6988 -1.6624 0.0, 1.8445 -1.2294 0.0, 1.6988 -1.2294 0.0, 1.6988 -1.1784 0.0067, 1.8445 -1.1784 0.0067, 1.6988 -1.1309 0.0264, 1.8445 -1.1309 0.0264, 1.6988 -1.0902 0.0577, 1.8445 -1.0902 0.0577, 1.6988 -1.0589 0.0984, 1.8445 -1.0589 0.0984, 1.6988 -1.0392 0.1459, 1.8445 -1.0392 0.1459, 1.6988 -1.0325 0.1969, 1.8445 -1.0325 0.1969, 1.8445 -1.0325 1.0607, 1.6988 -1.0325 1.0607, 1.8445 -1.0241 1.1414, 1.6988 -1.0241 1.1414, 1.8445 -0.9994 1.2187, 1.6988 -0.9994 1.2187, 1.6988 -0.6683 2.1707, 1.6988 -0.6683 1.9745, 1.6988 -1.062 1.272, 1.6988 -1.062 0.2598, 1.6988 -1.1112 0.2598, 1.8445 -1.062 1.272, 1.8445 -1.062 0.2598, 1.8445 -0.6683 1.9745, 1.8445 -0.6683 2.1707, 1.8445 -1.1112 0.2598, 1.8445 -0.6683 3.242, 1.8445 -0.6683 3.2881, 1.8445 -0.6901 3.2573, 1.6988 -0.6683 3.242, 1.6988 -0.6901 3.2573, 1.6988 -0.6683 3.2881, 1.8445 -0.3408 2.7221, 1.6988 -0.3408 2.7221, 1.6988 -0.3147 2.8064, 1.8445 -0.3147 2.8064, 1.6988 -0.308 2.8945, 1.8445 -0.308 2.8945, 1.6988 -0.3211 2.9818, 1.8445 -0.3211 2.9818, 1.6988 -0.3534 3.064, 1.8445 -0.3534 3.064, 1.6988 -0.3534 2.6935, 1.8445 -0.3534 2.6935, 1.4508 -1.1112 0.1969, 1.3051 -1.1112 0.1969, 1.4508 -1.1153 0.1663, 1.3051 -1.1153 0.1663, 1.4508 -1.1271 0.1378, 1.3051 -1.1271 0.1378, 1.4508 -1.1458 0.1133, 1.3051 -1.1458 0.1133, 1.4508 -1.1703 0.0946, 1.3051 -1.1703 0.0946, 1.4508 -1.1988 0.0828, 1.3051 -1.1988 0.0828, 1.4508 -1.2294 0.0787, 1.3051 -1.2294 0.0787, 1.4508 -1.6624 0.0787, 1.3051 -1.6624 0.0787, 1.4508 -1.6624 0.0, 1.3051 -1.6624 0.0, 1.4508 -1.2294 0.0, 1.3051 -1.2294 0.0, 1.3051 -1.1784 0.0067, 1.4508 -1.1784 0.0067, 1.3051 -1.1309 0.0264, 1.4508 -1.1309 0.0264, 1.3051 -1.0902 0.0577, 1.4508 -1.0902 0.0577, 1.3051 -1.0589 0.0984, 1.4508 -1.0589 0.0984, 1.3051 -1.0392 0.1459, 1.4508 -1.0392 0.1459, 1.3051 -1.0325 0.1969, 1.4508 -1.0325 0.1969, 1.4508 -1.0325 1.0607, 1.3051 -1.0325 1.0607, 1.4508 -1.0241 1.1414, 1.3051 -1.0241 1.1414, 1.4508 -0.9994 1.2187, 1.3051 -0.9994 1.2187, 1.3051 -0.6683 2.1707, 1.3051 -0.6683 1.9745, 1.3051 -1.062 1.272, 1.3051 -1.062 0.2598, 1.3051 -1.1112 0.2598, 1.4508 -1.062 1.272, 1.4508 -1.062 0.2598, 1.4508 -0.6683 1.9745, 1.4508 -0.6683 2.1707, 1.4508 -1.1112 0.2598, 1.4508 -0.6683 3.242, 1.4508 -0.6683 3.2881, 1.4508 -0.6901 3.2573, 1.3051 -0.6683 3.242, 1.3051 -0.6901 3.2573, 1.3051 -0.6683 3.2881, 1.4508 -0.3408 2.7221, 1.3051 -0.3408 2.7221, 1.3051 -0.3147 2.8064, 1.4508 -0.3147 2.8064, 1.3051 -0.308 2.8945, 1.4508 -0.308 2.8945, 1.3051 -0.3211 2.9818, 1.4508 -0.3211 2.9818, 1.3051 -0.3534 3.064, 1.4508 -0.3534 3.064, 1.3051 -0.3534 2.6935, 1.4508 -0.3534 2.6935, 1.0571 -1.1112 0.1969, 0.9114 -1.1112 0.1969, 1.0571 -1.1153 0.1663, 0.9114 -1.1153 0.1663, 1.0571 -1.1271 0.1378, 0.9114 -1.1271 0.1378, 1.0571 -1.1458 0.1133, 0.9114 -1.1458 0.1133, 1.0571 -1.1703 0.0946, 0.9114 -1.1703 0.0946, 1.0571 -1.1988 0.0828, 0.9114 -1.1988 0.0828, 1.0571 -1.2294 0.0787, 0.9114 -1.2294 0.0787, 1.0571 -1.6624 0.0787, 0.9114 -1.6624 0.0787, 1.0571 -1.6624 0.0, 0.9114 -1.6624 0.0, 1.0571 -1.2294 0.0, 0.9114 -1.2294 0.0, 0.9114 -1.1784 0.0067, 1.0571 -1.1784 0.0067, 0.9114 -1.1309 0.0264, 1.0571 -1.1309 0.0264, 0.9114 -1.0902 0.0577, 1.0571 -1.0902 0.0577, 0.9114 -1.0589 0.0984, 1.0571 -1.0589 0.0984, 0.9114 -1.0392 0.1459, 1.0571 -1.0392 0.1459, 0.9114 -1.0325 0.1969, 1.0571 -1.0325 0.1969, 1.0571 -1.0325 1.0607, 0.9114 -1.0325 1.0607, 1.0571 -1.0241 1.1414, 0.9114 -1.0241 1.1414, 1.0571 -0.9994 1.2187, 0.9114 -0.9994 1.2187, 0.9114 -0.6683 2.1707, 0.9114 -0.6683 1.9745, 0.9114 -1.062 1.272, 0.9114 -1.062 0.2598, 0.9114 -1.1112 0.2598, 1.0571 -1.062 1.272, 1.0571 -1.062 0.2598, 1.0571 -0.6683 1.9745, 1.0571 -0.6683 2.1707, 1.0571 -1.1112 0.2598, 1.0571 -0.6683 3.242, 1.0571 -0.6683 3.2881, 1.0571 -0.6901 3.2573, 0.9114 -0.6683 3.242, 0.9114 -0.6901 3.2573, 0.9114 -0.6683 3.2881, 1.0571 -0.3408 2.7221, 0.9114 -0.3408 2.7221, 0.9114 -0.3147 2.8064, 1.0571 -0.3147 2.8064, 0.9114 -0.308 2.8945, 1.0571 -0.308 2.8945, 0.9114 -0.3211 2.9818, 1.0571 -0.3211 2.9818, 0.9114 -0.3534 3.064, 1.0571 -0.3534 3.064, 0.9114 -0.3534 2.6935, 1.0571 -0.3534 2.6935, 0.6634 -1.1112 0.1969, 0.5177 -1.1112 0.1969, 0.6634 -1.1153 0.1663, 0.5177 -1.1153 0.1663, 0.6634 -1.1271 0.1378, 0.5177 -1.1271 0.1378, 0.6634 -1.1458 0.1133, 0.5177 -1.1458 0.1133, 0.6634 -1.1703 0.0946, 0.5177 -1.1703 0.0946, 0.6634 -1.1988 0.0828, 0.5177 -1.1988 0.0828, 0.6634 -1.2294 0.0787, 0.5177 -1.2294 0.0787, 0.6634 -1.6624 0.0787, 0.5177 -1.6624 0.0787, 0.6634 -1.6624 0.0, 0.5177 -1.6624 0.0, 0.6634 -1.2294 0.0, 0.5177 -1.2294 0.0, 0.5177 -1.1784 0.0067, 0.6634 -1.1784 0.0067, 0.5177 -1.1309 0.0264, 0.6634 -1.1309 0.0264, 0.5177 -1.0902 0.0577, 0.6634 -1.0902 0.0577, 0.5177 -1.0589 0.0984, 0.6634 -1.0589 0.0984, 0.5177 -1.0392 0.1459, 0.6634 -1.0392 0.1459, 0.5177 -1.0325 0.1969, 0.6634 -1.0325 0.1969, 0.6634 -1.0325 1.0607, 0.5177 -1.0325 1.0607, 0.6634 -1.0241 1.1414, 0.5177 -1.0241 1.1414, 0.6634 -0.9994 1.2187, 0.5177 -0.9994 1.2187, 0.5177 -0.6683 2.1707, 0.5177 -0.6683 1.9745, 0.5177 -1.062 1.272, 0.5177 -1.062 0.2598, 0.5177 -1.1112 0.2598, 0.6634 -1.062 1.272, 0.6634 -1.062 0.2598, 0.6634 -0.6683 1.9745, 0.6634 -0.6683 2.1707, 0.6634 -1.1112 0.2598, 0.6634 -0.6683 3.242, 0.6634 -0.6683 3.2881, 0.6634 -0.6901 3.2573, 0.5177 -0.6683 3.242, 0.5177 -0.6901 3.2573, 0.5177 -0.6683 3.2881, 0.6634 -0.3408 2.7221, 0.5177 -0.3408 2.7221, 0.5177 -0.3147 2.8064, 0.6634 -0.3147 2.8064, 0.5177 -0.308 2.8945, 0.6634 -0.308 2.8945, 0.5177 -0.3211 2.9818, 0.6634 -0.3211 2.9818, 0.5177 -0.3534 3.064, 0.6634 -0.3534 3.064, 0.5177 -0.3534 2.6935, 0.6634 -0.3534 2.6935, 0.2697 -1.1112 0.1969, 0.124 -1.1112 0.1969, 0.2697 -1.1153 0.1663, 0.124 -1.1153 0.1663, 0.2697 -1.1271 0.1378, 0.124 -1.1271 0.1378, 0.2697 -1.1458 0.1133, 0.124 -1.1458 0.1133, 0.2697 -1.1703 0.0946, 0.124 -1.1703 0.0946, 0.2697 -1.1988 0.0828, 0.124 -1.1988 0.0828, 0.2697 -1.2294 0.0787, 0.124 -1.2294 0.0787, 0.2697 -1.6624 0.0787, 0.124 -1.6624 0.0787, 0.2697 -1.6624 0.0, 0.124 -1.6624 0.0, 0.2697 -1.2294 0.0, 0.124 -1.2294 0.0, 0.124 -1.1784 0.0067, 0.2697 -1.1784 0.0067, 0.124 -1.1309 0.0264, 0.2697 -1.1309 0.0264, 0.124 -1.0902 0.0577, 0.2697 -1.0902 0.0577, 0.124 -1.0589 0.0984, 0.2697 -1.0589 0.0984, 0.124 -1.0392 0.1459, 0.2697 -1.0392 0.1459, 0.124 -1.0325 0.1969, 0.2697 -1.0325 0.1969, 0.2697 -1.0325 1.0607, 0.124 -1.0325 1.0607, 0.2697 -1.0241 1.1414, 0.124 -1.0241 1.1414, 0.2697 -0.9994 1.2187, 0.124 -0.9994 1.2187, 0.124 -0.6683 2.1707, 0.124 -0.6683 1.9745, 0.124 -1.062 1.272, 0.124 -1.062 0.2598, 0.124 -1.1112 0.2598, 0.2697 -1.062 1.272, 0.2697 -1.062 0.2598, 0.2697 -0.6683 1.9745, 0.2697 -0.6683 2.1707, 0.2697 -1.1112 0.2598, 0.2697 -0.6683 3.242, 0.2697 -0.6683 3.2881, 0.2697 -0.6901 3.2573, 0.124 -0.6683 3.242, 0.124 -0.6901 3.2573, 0.124 -0.6683 3.2881, 0.2697 -0.3408 2.7221, 0.124 -0.3408 2.7221, 0.124 -0.3147 2.8064, 0.2697 -0.3147 2.8064, 0.124 -0.308 2.8945, 0.2697 -0.308 2.8945, 0.124 -0.3211 2.9818, 0.2697 -0.3211 2.9818, 0.124 -0.3534 3.064, 0.2697 -0.3534 3.064, 0.124 -0.3534 2.6935, 0.2697 -0.3534 2.6935, -0.124 -1.1112 0.1969, -0.2697 -1.1112 0.1969, -0.124 -1.1153 0.1663, -0.2697 -1.1153 0.1663, -0.124 -1.1271 0.1378, -0.2697 -1.1271 0.1378, -0.124 -1.1458 0.1133, -0.2697 -1.1458 0.1133, -0.124 -1.1703 0.0946, -0.2697 -1.1703 0.0946, -0.124 -1.1988 0.0828, -0.2697 -1.1988 0.0828, -0.124 -1.2294 0.0787, -0.2697 -1.2294 0.0787, -0.124 -1.6624 0.0787, -0.2697 -1.6624 0.0787, -0.124 -1.6624 0.0, -0.2697 -1.6624 0.0, -0.124 -1.2294 0.0, -0.2697 -1.2294 0.0, -0.2697 -1.1784 0.0067, -0.124 -1.1784 0.0067, -0.2697 -1.1309 0.0264, -0.124 -1.1309 0.0264, -0.2697 -1.0902 0.0577, -0.124 -1.0902 0.0577, -0.2697 -1.0589 0.0984, -0.124 -1.0589 0.0984, -0.2697 -1.0392 0.1459, -0.124 -1.0392 0.1459, -0.2697 -1.0325 0.1969, -0.124 -1.0325 0.1969, -0.124 -1.0325 1.0607, -0.2697 -1.0325 1.0607, -0.124 -1.0241 1.1414, -0.2697 -1.0241 1.1414, -0.124 -0.9994 1.2187, -0.2697 -0.9994 1.2187, -0.2697 -0.6683 2.1707, -0.2697 -0.6683 1.9745, -0.2697 -1.062 1.272, -0.2697 -1.062 0.2598, -0.2697 -1.1112 0.2598, -0.124 -1.062 1.272, -0.124 -1.062 0.2598, -0.124 -0.6683 1.9745, -0.124 -0.6683 2.1707, -0.124 -1.1112 0.2598, -0.124 -0.6683 3.242, -0.124 -0.6683 3.2881, -0.124 -0.6901 3.2573, -0.2697 -0.6683 3.242, -0.2697 -0.6901 3.2573, -0.2697 -0.6683 3.2881, -0.124 -0.3408 2.7221, -0.2697 -0.3408 2.7221, -0.2697 -0.3147 2.8064, -0.124 -0.3147 2.8064, -0.2697 -0.308 2.8945, -0.124 -0.308 2.8945, -0.2697 -0.3211 2.9818, -0.124 -0.3211 2.9818, -0.2697 -0.3534 3.064, -0.124 -0.3534 3.064, -0.2697 -0.3534 2.6935, -0.124 -0.3534 2.6935, -0.5177 -1.1112 0.1969, -0.6634 -1.1112 0.1969, -0.5177 -1.1153 0.1663, -0.6634 -1.1153 0.1663, -0.5177 -1.1271 0.1378, -0.6634 -1.1271 0.1378, -0.5177 -1.1458 0.1133, -0.6634 -1.1458 0.1133, -0.5177 -1.1703 0.0946, -0.6634 -1.1703 0.0946, -0.5177 -1.1988 0.0828, -0.6634 -1.1988 0.0828, -0.5177 -1.2294 0.0787, -0.6634 -1.2294 0.0787, -0.5177 -1.6624 0.0787, -0.6634 -1.6624 0.0787, -0.5177 -1.6624 0.0, -0.6634 -1.6624 0.0, -0.5177 -1.2294 0.0, -0.6634 -1.2294 0.0, -0.6634 -1.1784 0.0067, -0.5177 -1.1784 0.0067, -0.6634 -1.1309 0.0264, -0.5177 -1.1309 0.0264, -0.6634 -1.0902 0.0577, -0.5177 -1.0902 0.0577, -0.6634 -1.0589 0.0984, -0.5177 -1.0589 0.0984, -0.6634 -1.0392 0.1459, -0.5177 -1.0392 0.1459, -0.6634 -1.0325 0.1969, -0.5177 -1.0325 0.1969, -0.5177 -1.0325 1.0607, -0.6634 -1.0325 1.0607, -0.5177 -1.0241 1.1414, -0.6634 -1.0241 1.1414, -0.5177 -0.9994 1.2187, -0.6634 -0.9994 1.2187, -0.6634 -0.6683 2.1707, -0.6634 -0.6683 1.9745, -0.6634 -1.062 1.272, -0.6634 -1.062 0.2598, -0.6634 -1.1112 0.2598, -0.5177 -1.062 1.272, -0.5177 -1.062 0.2598, -0.5177 -0.6683 1.9745, -0.5177 -0.6683 2.1707, -0.5177 -1.1112 0.2598, -0.5177 -0.6683 3.242, -0.5177 -0.6683 3.2881, -0.5177 -0.6901 3.2573, -0.6634 -0.6683 3.242, -0.6634 -0.6901 3.2573, -0.6634 -0.6683 3.2881, -0.5177 -0.3408 2.7221, -0.6634 -0.3408 2.7221, -0.6634 -0.3147 2.8064, -0.5177 -0.3147 2.8064, -0.6634 -0.308 2.8945, -0.5177 -0.308 2.8945, -0.6634 -0.3211 2.9818, -0.5177 -0.3211 2.9818, -0.6634 -0.3534 3.064, -0.5177 -0.3534 3.064, -0.6634 -0.3534 2.6935, -0.5177 -0.3534 2.6935, -0.9114 -1.1112 0.1969, -1.0571 -1.1112 0.1969, -0.9114 -1.1153 0.1663, -1.0571 -1.1153 0.1663, -0.9114 -1.1271 0.1378, -1.0571 -1.1271 0.1378, -0.9114 -1.1458 0.1133, -1.0571 -1.1458 0.1133, -0.9114 -1.1703 0.0946, -1.0571 -1.1703 0.0946, -0.9114 -1.1988 0.0828, -1.0571 -1.1988 0.0828, -0.9114 -1.2294 0.0787, -1.0571 -1.2294 0.0787, -0.9114 -1.6624 0.0787, -1.0571 -1.6624 0.0787, -0.9114 -1.6624 0.0, -1.0571 -1.6624 0.0, -0.9114 -1.2294 0.0, -1.0571 -1.2294 0.0, -1.0571 -1.1784 0.0067, -0.9114 -1.1784 0.0067, -1.0571 -1.1309 0.0264, -0.9114 -1.1309 0.0264, -1.0571 -1.0902 0.0577, -0.9114 -1.0902 0.0577, -1.0571 -1.0589 0.0984, -0.9114 -1.0589 0.0984, -1.0571 -1.0392 0.1459, -0.9114 -1.0392 0.1459, -1.0571 -1.0325 0.1969, -0.9114 -1.0325 0.1969, -0.9114 -1.0325 1.0607, -1.0571 -1.0325 1.0607, -0.9114 -1.0241 1.1414, -1.0571 -1.0241 1.1414, -0.9114 -0.9994 1.2187, -1.0571 -0.9994 1.2187, -1.0571 -0.6683 2.1707, -1.0571 -0.6683 1.9745, -1.0571 -1.062 1.272, -1.0571 -1.062 0.2598, -1.0571 -1.1112 0.2598, -0.9114 -1.062 1.272, -0.9114 -1.062 0.2598, -0.9114 -0.6683 1.9745, -0.9114 -0.6683 2.1707, -0.9114 -1.1112 0.2598, -0.9114 -0.6683 3.242, -0.9114 -0.6683 3.2881, -0.9114 -0.6901 3.2573, -1.0571 -0.6683 3.242, -1.0571 -0.6901 3.2573, -1.0571 -0.6683 3.2881, -0.9114 -0.3408 2.7221, -1.0571 -0.3408 2.7221, -1.0571 -0.3147 2.8064, -0.9114 -0.3147 2.8064, -1.0571 -0.308 2.8945, -0.9114 -0.308 2.8945, -1.0571 -0.3211 2.9818, -0.9114 -0.3211 2.9818, -1.0571 -0.3534 3.064, -0.9114 -0.3534 3.064, -1.0571 -0.3534 2.6935, -0.9114 -0.3534 2.6935, -1.3051 -1.1112 0.1969, -1.4508 -1.1112 0.1969, -1.3051 -1.1153 0.1663, -1.4508 -1.1153 0.1663, -1.3051 -1.1271 0.1378, -1.4508 -1.1271 0.1378, -1.3051 -1.1458 0.1133, -1.4508 -1.1458 0.1133, -1.3051 -1.1703 0.0946, -1.4508 -1.1703 0.0946, -1.3051 -1.1988 0.0828, -1.4508 -1.1988 0.0828, -1.3051 -1.2294 0.0787, -1.4508 -1.2294 0.0787, -1.3051 -1.6624 0.0787, -1.4508 -1.6624 0.0787, -1.3051 -1.6624 0.0, -1.4508 -1.6624 0.0, -1.3051 -1.2294 0.0, -1.4508 -1.2294 0.0, -1.4508 -1.1784 0.0067, -1.3051 -1.1784 0.0067, -1.4508 -1.1309 0.0264, -1.3051 -1.1309 0.0264, -1.4508 -1.0902 0.0577, -1.3051 -1.0902 0.0577, -1.4508 -1.0589 0.0984, -1.3051 -1.0589 0.0984, -1.4508 -1.0392 0.1459, -1.3051 -1.0392 0.1459, -1.4508 -1.0325 0.1969, -1.3051 -1.0325 0.1969, -1.3051 -1.0325 1.0607, -1.4508 -1.0325 1.0607, -1.3051 -1.0241 1.1414, -1.4508 -1.0241 1.1414, -1.3051 -0.9994 1.2187, -1.4508 -0.9994 1.2187, -1.4508 -0.6683 2.1707, -1.4508 -0.6683 1.9745, -1.4508 -1.062 1.272, -1.4508 -1.062 0.2598, -1.4508 -1.1112 0.2598, -1.3051 -1.062 1.272, -1.3051 -1.062 0.2598, -1.3051 -0.6683 1.9745, -1.3051 -0.6683 2.1707, -1.3051 -1.1112 0.2598, -1.3051 -0.6683 3.242, -1.3051 -0.6683 3.2881, -1.3051 -0.6901 3.2573, -1.4508 -0.6683 3.242, -1.4508 -0.6901 3.2573, -1.4508 -0.6683 3.2881, -1.3051 -0.3408 2.7221, -1.4508 -0.3408 2.7221, -1.4508 -0.3147 2.8064, -1.3051 -0.3147 2.8064, -1.4508 -0.308 2.8945, -1.3051 -0.308 2.8945, -1.4508 -0.3211 2.9818, -1.3051 -0.3211 2.9818, -1.4508 -0.3534 3.064, -1.3051 -0.3534 3.064, -1.4508 -0.3534 2.6935, -1.3051 -0.3534 2.6935, -2.4862 -1.0325 1.0607, -2.6319 -1.0325 1.0607, -2.4862 -1.0241 1.1414, -2.6319 -1.0241 1.1414, -2.4862 -0.9994 1.2187, -2.6319 -0.9994 1.2187, -2.4862 -0.6683 1.9745, -2.6319 -0.6683 1.9745, -2.4862 -1.062 1.272, -2.4862 -0.6683 2.1707, -2.6319 -1.062 1.272, -2.6319 -0.6683 2.1707, -2.4862 -1.1112 0.1969, -2.4862 -1.1112 0.2598, -2.6319 -1.1112 0.1969, -2.6319 -1.1112 0.2598, -2.4862 -1.1153 0.1663, -2.6319 -1.1153 0.1663, -2.4862 -1.1271 0.1378, -2.6319 -1.1271 0.1378, -2.4862 -1.1458 0.1133, -2.6319 -1.1458 0.1133, -2.4862 -1.1703 0.0946, -2.6319 -1.1703 0.0946, -2.4862 -1.1988 0.0828, -2.6319 -1.1988 0.0828, -2.4862 -1.2294 0.0787, -2.6319 -1.2294 0.0787, -2.4862 -1.6624 0.0787, -2.6319 -1.6624 0.0787, -2.4862 -1.6624 0.0, -2.6319 -1.6624 0.0, -2.4862 -1.2294 0.0, -2.6319 -1.2294 0.0, -2.6319 -1.1784 0.0067, -2.4862 -1.1784 0.0067, -2.6319 -1.1309 0.0264, -2.4862 -1.1309 0.0264, -2.6319 -1.0902 0.0577, -2.4862 -1.0902 0.0577, -2.6319 -1.0589 0.0984, -2.4862 -1.0589 0.0984, -2.6319 -1.0392 0.1459, -2.4862 -1.0392 0.1459, -2.6319 -1.0325 0.1969, -2.4862 -1.0325 0.1969, -2.4862 -1.062 0.2598, -2.6319 -1.062 0.2598, -2.4862 -0.3408 2.7221, -2.4862 -0.3534 2.6935, -2.6319 -0.3408 2.7221, -2.6319 -0.3534 2.6935, -2.6319 -0.3147 2.8064, -2.4862 -0.3147 2.8064, -2.6319 -0.308 2.8945, -2.4862 -0.308 2.8945, -2.6319 -0.3211 2.9818, -2.4862 -0.3211 2.9818, -2.6319 -0.3534 3.064, -2.4862 -0.3534 3.064, -2.8799 -1.0325 1.0607, -3.0256 -1.0325 1.0607, -2.8799 -1.0241 1.1414, -3.0256 -1.0241 1.1414, -2.8799 -0.9994 1.2187, -3.0256 -0.9994 1.2187, -2.8799 -0.6683 1.9745, -3.0256 -0.6683 1.9745, -2.8799 -1.062 1.272, -2.8799 -0.6683 2.1707, -3.0256 -1.062 1.272, -3.0256 -0.6683 2.1707, -2.8799 -1.1112 0.1969, -2.8799 -1.1112 0.2598, -3.0256 -1.1112 0.1969, -3.0256 -1.1112 0.2598, -2.8799 -1.1153 0.1663, -3.0256 -1.1153 0.1663, -2.8799 -1.1271 0.1378, -3.0256 -1.1271 0.1378, -2.8799 -1.1458 0.1133, -3.0256 -1.1458 0.1133, -2.8799 -1.1703 0.0946, -3.0256 -1.1703 0.0946, -2.8799 -1.1988 0.0828, -3.0256 -1.1988 0.0828, -2.8799 -1.2294 0.0787, -3.0256 -1.2294 0.0787, -2.8799 -1.6624 0.0787, -3.0256 -1.6624 0.0787, -2.8799 -1.6624 0.0, -3.0256 -1.6624 0.0, -2.8799 -1.2294 0.0, -3.0256 -1.2294 0.0, -3.0256 -1.1784 0.0067, -2.8799 -1.1784 0.0067, -3.0256 -1.1309 0.0264, -2.8799 -1.1309 0.0264, -3.0256 -1.0902 0.0577, -2.8799 -1.0902 0.0577, -3.0256 -1.0589 0.0984, -2.8799 -1.0589 0.0984, -3.0256 -1.0392 0.1459, -2.8799 -1.0392 0.1459, -3.0256 -1.0325 0.1969, -2.8799 -1.0325 0.1969, -2.8799 -1.062 0.2598, -3.0256 -1.062 0.2598, -2.8799 -0.3408 2.7221, -2.8799 -0.3534 2.6935, -3.0256 -0.3408 2.7221, -3.0256 -0.3534 2.6935, -3.0256 -0.3147 2.8064, -2.8799 -0.3147 2.8064, -3.0256 -0.308 2.8945, -2.8799 -0.308 2.8945, -3.0256 -0.3211 2.9818, -2.8799 -0.3211 2.9818, -3.0256 -0.3534 3.064, -2.8799 -0.3534 3.064, -3.2736 -1.0325 1.0607, -3.4193 -1.0325 1.0607, -3.2736 -1.0241 1.1414, -3.4193 -1.0241 1.1414, -3.2736 -0.9994 1.2187, -3.4193 -0.9994 1.2187, -3.2736 -0.6683 1.9745, -3.4193 -0.6683 1.9745, -3.2736 -1.062 1.272, -3.2736 -0.6683 2.1707, -3.4193 -1.062 1.272, -3.4193 -0.6683 2.1707, -3.2736 -1.1112 0.1969, -3.2736 -1.1112 0.2598, -3.4193 -1.1112 0.1969, -3.4193 -1.1112 0.2598, -3.2736 -1.1153 0.1663, -3.4193 -1.1153 0.1663, -3.2736 -1.1271 0.1378, -3.4193 -1.1271 0.1378, -3.2736 -1.1458 0.1133, -3.4193 -1.1458 0.1133, -3.2736 -1.1703 0.0946, -3.4193 -1.1703 0.0946, -3.2736 -1.1988 0.0828, -3.4193 -1.1988 0.0828, -3.2736 -1.2294 0.0787, -3.4193 -1.2294 0.0787, -3.2736 -1.6624 0.0787, -3.4193 -1.6624 0.0787, -3.2736 -1.6624 0.0, -3.4193 -1.6624 0.0, -3.2736 -1.2294 0.0, -3.4193 -1.2294 0.0, -3.4193 -1.1784 0.0067, -3.2736 -1.1784 0.0067, -3.4193 -1.1309 0.0264, -3.2736 -1.1309 0.0264, -3.4193 -1.0902 0.0577, -3.2736 -1.0902 0.0577, -3.4193 -1.0589 0.0984, -3.2736 -1.0589 0.0984, -3.4193 -1.0392 0.1459, -3.2736 -1.0392 0.1459, -3.4193 -1.0325 0.1969, -3.2736 -1.0325 0.1969, -3.2736 -1.062 0.2598, -3.4193 -1.062 0.2598, -3.2736 -0.3408 2.7221, -3.2736 -0.3534 2.6935, -3.4193 -0.3408 2.7221, -3.4193 -0.3534 2.6935, -3.4193 -0.3147 2.8064, -3.2736 -0.3147 2.8064, -3.4193 -0.308 2.8945, -3.2736 -0.308 2.8945, -3.4193 -0.3211 2.9818, -3.2736 -0.3211 2.9818, -3.4193 -0.3534 3.064, -3.2736 -0.3534 3.064, -3.6673 -1.0325 1.0607, -3.813 -1.0325 1.0607, -3.6673 -1.0241 1.1414, -3.813 -1.0241 1.1414, -3.6673 -0.9994 1.2187, -3.813 -0.9994 1.2187, -3.6673 -0.6683 1.9745, -3.813 -0.6683 1.9745, -3.6673 -1.062 1.272, -3.6673 -0.6683 2.1707, -3.813 -1.062 1.272, -3.813 -0.6683 2.1707, -3.6673 -1.1112 0.1969, -3.6673 -1.1112 0.2598, -3.813 -1.1112 0.1969, -3.813 -1.1112 0.2598, -3.6673 -1.1153 0.1663, -3.813 -1.1153 0.1663, -3.6673 -1.1271 0.1378, -3.813 -1.1271 0.1378, -3.6673 -1.1458 0.1133, -3.813 -1.1458 0.1133, -3.6673 -1.1703 0.0946, -3.813 -1.1703 0.0946, -3.6673 -1.1988 0.0828, -3.813 -1.1988 0.0828, -3.6673 -1.2294 0.0787, -3.813 -1.2294 0.0787, -3.6673 -1.6624 0.0787, -3.813 -1.6624 0.0787, -3.6673 -1.6624 0.0, -3.813 -1.6624 0.0, -3.6673 -1.2294 0.0, -3.813 -1.2294 0.0, -3.813 -1.1784 0.0067, -3.6673 -1.1784 0.0067, -3.813 -1.1309 0.0264, -3.6673 -1.1309 0.0264, -3.813 -1.0902 0.0577, -3.6673 -1.0902 0.0577, -3.813 -1.0589 0.0984, -3.6673 -1.0589 0.0984, -3.813 -1.0392 0.1459, -3.6673 -1.0392 0.1459, -3.813 -1.0325 0.1969, -3.6673 -1.0325 0.1969, -3.6673 -1.062 0.2598, -3.813 -1.062 0.2598, -3.6673 -0.3408 2.7221, -3.6673 -0.3534 2.6935, -3.813 -0.3408 2.7221, -3.813 -0.3534 2.6935, -3.813 -0.3147 2.8064, -3.6673 -0.3147 2.8064, -3.813 -0.308 2.8945, -3.6673 -0.308 2.8945, -3.813 -0.3211 2.9818, -3.6673 -0.3211 2.9818, -3.813 -0.3534 3.064, -3.6673 -0.3534 3.064, -4.061 -1.0325 1.0607, -4.2067 -1.0325 1.0607, -4.061 -1.0241 1.1414, -4.2067 -1.0241 1.1414, -4.061 -0.9994 1.2187, -4.2067 -0.9994 1.2187, -4.061 -0.6683 1.9745, -4.2067 -0.6683 1.9745, -4.061 -1.062 1.272, -4.061 -0.6683 2.1707, -4.2067 -1.062 1.272, -4.2067 -0.6683 2.1707, -4.061 -1.1112 0.1969, -4.061 -1.1112 0.2598, -4.2067 -1.1112 0.1969, -4.2067 -1.1112 0.2598, -4.061 -1.1153 0.1663, -4.2067 -1.1153 0.1663, -4.061 -1.1271 0.1378, -4.2067 -1.1271 0.1378, -4.061 -1.1458 0.1133, -4.2067 -1.1458 0.1133, -4.061 -1.1703 0.0946, -4.2067 -1.1703 0.0946, -4.061 -1.1988 0.0828, -4.2067 -1.1988 0.0828, -4.061 -1.2294 0.0787, -4.2067 -1.2294 0.0787, -4.061 -1.6624 0.0787, -4.2067 -1.6624 0.0787, -4.061 -1.6624 0.0, -4.2067 -1.6624 0.0, -4.061 -1.2294 0.0, -4.2067 -1.2294 0.0, -4.2067 -1.1784 0.0067, -4.061 -1.1784 0.0067, -4.2067 -1.1309 0.0264, -4.061 -1.1309 0.0264, -4.2067 -1.0902 0.0577, -4.061 -1.0902 0.0577, -4.2067 -1.0589 0.0984, -4.061 -1.0589 0.0984, -4.2067 -1.0392 0.1459, -4.061 -1.0392 0.1459, -4.2067 -1.0325 0.1969, -4.061 -1.0325 0.1969, -4.061 -1.062 0.2598, -4.2067 -1.062 0.2598, -4.061 -0.3408 2.7221, -4.061 -0.3534 2.6935, -4.2067 -0.3408 2.7221, -4.2067 -0.3534 2.6935, -4.2067 -0.3147 2.8064, -4.061 -0.3147 2.8064, -4.2067 -0.308 2.8945, -4.061 -0.308 2.8945, -4.2067 -0.3211 2.9818, -4.061 -0.3211 2.9818, -4.2067 -0.3534 3.064, -4.061 -0.3534 3.064, -4.4547 -1.0325 1.0607, -4.6004 -1.0325 1.0607, -4.4547 -1.0241 1.1414, -4.6004 -1.0241 1.1414, -4.4547 -0.9994 1.2187, -4.6004 -0.9994 1.2187, -4.4547 -0.6683 1.9745, -4.6004 -0.6683 1.9745, -4.4547 -1.062 1.272, -4.4547 -0.6683 2.1707, -4.6004 -1.062 1.272, -4.6004 -0.6683 2.1707, -4.4547 -1.1112 0.1969, -4.4547 -1.1112 0.2598, -4.6004 -1.1112 0.1969, -4.6004 -1.1112 0.2598, -4.4547 -1.1153 0.1663, -4.6004 -1.1153 0.1663, -4.4547 -1.1271 0.1378, -4.6004 -1.1271 0.1378, -4.4547 -1.1458 0.1133, -4.6004 -1.1458 0.1133, -4.4547 -1.1703 0.0946, -4.6004 -1.1703 0.0946, -4.4547 -1.1988 0.0828, -4.6004 -1.1988 0.0828, -4.4547 -1.2294 0.0787, -4.6004 -1.2294 0.0787, -4.4547 -1.6624 0.0787, -4.6004 -1.6624 0.0787, -4.4547 -1.6624 0.0, -4.6004 -1.6624 0.0, -4.4547 -1.2294 0.0, -4.6004 -1.2294 0.0, -4.6004 -1.1784 0.0067, -4.4547 -1.1784 0.0067, -4.6004 -1.1309 0.0264, -4.4547 -1.1309 0.0264, -4.6004 -1.0902 0.0577, -4.4547 -1.0902 0.0577, -4.6004 -1.0589 0.0984, -4.4547 -1.0589 0.0984, -4.6004 -1.0392 0.1459, -4.4547 -1.0392 0.1459, -4.6004 -1.0325 0.1969, -4.4547 -1.0325 0.1969, -4.4547 -1.062 0.2598, -4.6004 -1.062 0.2598, -4.4547 -0.3408 2.7221, -4.4547 -0.3534 2.6935, -4.6004 -0.3408 2.7221, -4.6004 -0.3534 2.6935, -4.6004 -0.3147 2.8064, -4.4547 -0.3147 2.8064, -4.6004 -0.308 2.8945, -4.4547 -0.308 2.8945, -4.6004 -0.3211 2.9818, -4.4547 -0.3211 2.9818, -4.6004 -0.3534 3.064, -4.4547 -0.3534 3.064, -4.8484 -1.0325 1.0607, -4.9941 -1.0325 1.0607, -4.8484 -1.0241 1.1414, -4.9941 -1.0241 1.1414, -4.8484 -0.9994 1.2187, -4.9941 -0.9994 1.2187, -4.8484 -0.6683 1.9745, -4.9941 -0.6683 1.9745, -4.8484 -1.062 1.272, -4.8484 -0.6683 2.1707, -4.9941 -1.062 1.272, -4.9941 -0.6683 2.1707, -4.8484 -1.1112 0.1969, -4.8484 -1.1112 0.2598, -4.9941 -1.1112 0.1969, -4.9941 -1.1112 0.2598, -4.8484 -1.1153 0.1663, -4.9941 -1.1153 0.1663, -4.8484 -1.1271 0.1378, -4.9941 -1.1271 0.1378, -4.8484 -1.1458 0.1133, -4.9941 -1.1458 0.1133, -4.8484 -1.1703 0.0946, -4.9941 -1.1703 0.0946, -4.8484 -1.1988 0.0828, -4.9941 -1.1988 0.0828, -4.8484 -1.2294 0.0787, -4.9941 -1.2294 0.0787, -4.8484 -1.6624 0.0787, -4.9941 -1.6624 0.0787, -4.8484 -1.6624 0.0, -4.9941 -1.6624 0.0, -4.8484 -1.2294 0.0, -4.9941 -1.2294 0.0, -4.9941 -1.1784 0.0067, -4.8484 -1.1784 0.0067, -4.9941 -1.1309 0.0264, -4.8484 -1.1309 0.0264, -4.9941 -1.0902 0.0577, -4.8484 -1.0902 0.0577, -4.9941 -1.0589 0.0984, -4.8484 -1.0589 0.0984, -4.9941 -1.0392 0.1459, -4.8484 -1.0392 0.1459, -4.9941 -1.0325 0.1969, -4.8484 -1.0325 0.1969, -4.8484 -1.062 0.2598, -4.9941 -1.062 0.2598, -4.8484 -0.3408 2.7221, -4.8484 -0.3534 2.6935, -4.9941 -0.3408 2.7221, -4.9941 -0.3534 2.6935, -4.9941 -0.3147 2.8064, -4.8484 -0.3147 2.8064, -4.9941 -0.308 2.8945, -4.8484 -0.308 2.8945, -4.9941 -0.3211 2.9818, -4.8484 -0.3211 2.9818, -4.9941 -0.3534 3.064, -4.8484 -0.3534 3.064, -5.2421 -1.0325 1.0607, -5.3878 -1.0325 1.0607, -5.2421 -1.0241 1.1414, -5.3878 -1.0241 1.1414, -5.2421 -0.9994 1.2187, -5.3878 -0.9994 1.2187, -5.2421 -0.6683 1.9745, -5.3878 -0.6683 1.9745, -5.2421 -1.062 1.272, -5.2421 -0.6683 2.1707, -5.3878 -1.062 1.272, -5.3878 -0.6683 2.1707, -5.2421 -1.1112 0.1969, -5.2421 -1.1112 0.2598, -5.3878 -1.1112 0.1969, -5.3878 -1.1112 0.2598, -5.2421 -1.1153 0.1663, -5.3878 -1.1153 0.1663, -5.2421 -1.1271 0.1378, -5.3878 -1.1271 0.1378, -5.2421 -1.1458 0.1133, -5.3878 -1.1458 0.1133, -5.2421 -1.1703 0.0946, -5.3878 -1.1703 0.0946, -5.2421 -1.1988 0.0828, -5.3878 -1.1988 0.0828, -5.2421 -1.2294 0.0787, -5.3878 -1.2294 0.0787, -5.2421 -1.6624 0.0787, -5.3878 -1.6624 0.0787, -5.2421 -1.6624 0.0, -5.3878 -1.6624 0.0, -5.2421 -1.2294 0.0, -5.3878 -1.2294 0.0, -5.3878 -1.1784 0.0067, -5.2421 -1.1784 0.0067, -5.3878 -1.1309 0.0264, -5.2421 -1.1309 0.0264, -5.3878 -1.0902 0.0577, -5.2421 -1.0902 0.0577, -5.3878 -1.0589 0.0984, -5.2421 -1.0589 0.0984, -5.3878 -1.0392 0.1459, -5.2421 -1.0392 0.1459, -5.3878 -1.0325 0.1969, -5.2421 -1.0325 0.1969, -5.2421 -1.062 0.2598, -5.3878 -1.062 0.2598, -5.2421 -0.3408 2.7221, -5.2421 -0.3534 2.6935, -5.3878 -0.3408 2.7221, -5.3878 -0.3534 2.6935, -5.3878 -0.3147 2.8064, -5.2421 -0.3147 2.8064, -5.3878 -0.308 2.8945, -5.2421 -0.308 2.8945, -5.3878 -0.3211 2.9818, -5.2421 -0.3211 2.9818, -5.3878 -0.3534 3.064, -5.2421 -0.3534 3.064, -5.6358 -1.0325 1.0607, -5.7815 -1.0325 1.0607, -5.6358 -1.0241 1.1414, -5.7815 -1.0241 1.1414, -5.6358 -0.9994 1.2187, -5.7815 -0.9994 1.2187, -5.6358 -0.6683 1.9745, -5.7815 -0.6683 1.9745, -5.6358 -1.062 1.272, -5.6358 -0.6683 2.1707, -5.7815 -1.062 1.272, -5.7815 -0.6683 2.1707, -5.6358 -1.1112 0.1969, -5.6358 -1.1112 0.2598, -5.7815 -1.1112 0.1969, -5.7815 -1.1112 0.2598, -5.6358 -1.1153 0.1663, -5.7815 -1.1153 0.1663, -5.6358 -1.1271 0.1378, -5.7815 -1.1271 0.1378, -5.6358 -1.1458 0.1133, -5.7815 -1.1458 0.1133, -5.6358 -1.1703 0.0946, -5.7815 -1.1703 0.0946, -5.6358 -1.1988 0.0828, -5.7815 -1.1988 0.0828, -5.6358 -1.2294 0.0787, -5.7815 -1.2294 0.0787, -5.6358 -1.6624 0.0787, -5.7815 -1.6624 0.0787, -5.6358 -1.6624 0.0, -5.7815 -1.6624 0.0, -5.6358 -1.2294 0.0, -5.7815 -1.2294 0.0, -5.7815 -1.1784 0.0067, -5.6358 -1.1784 0.0067, -5.7815 -1.1309 0.0264, -5.6358 -1.1309 0.0264, -5.7815 -1.0902 0.0577, -5.6358 -1.0902 0.0577, -5.7815 -1.0589 0.0984, -5.6358 -1.0589 0.0984, -5.7815 -1.0392 0.1459, -5.6358 -1.0392 0.1459, -5.7815 -1.0325 0.1969, -5.6358 -1.0325 0.1969, -5.6358 -1.062 0.2598, -5.7815 -1.062 0.2598, -5.6358 -0.3408 2.7221, -5.6358 -0.3534 2.6935, -5.7815 -0.3408 2.7221, -5.7815 -0.3534 2.6935, -5.7815 -0.3147 2.8064, -5.6358 -0.3147 2.8064, -5.7815 -0.308 2.8945, -5.6358 -0.308 2.8945, -5.7815 -0.3211 2.9818, -5.6358 -0.3211 2.9818, -5.7815 -0.3534 3.064, -5.6358 -0.3534 3.064, -6.0295 -1.0325 1.0607, -6.1752 -1.0325 1.0607, -6.0295 -1.0241 1.1414, -6.1752 -1.0241 1.1414, -6.0295 -0.9994 1.2187, -6.1752 -0.9994 1.2187, -6.0295 -0.6683 1.9745, -6.1752 -0.6683 1.9745, -6.0295 -1.062 1.272, -6.0295 -0.6683 2.1707, -6.1752 -1.062 1.272, -6.1752 -0.6683 2.1707, -6.0295 -1.1112 0.1969, -6.0295 -1.1112 0.2598, -6.1752 -1.1112 0.1969, -6.1752 -1.1112 0.2598, -6.0295 -1.1153 0.1663, -6.1752 -1.1153 0.1663, -6.0295 -1.1271 0.1378, -6.1752 -1.1271 0.1378, -6.0295 -1.1458 0.1133, -6.1752 -1.1458 0.1133, -6.0295 -1.1703 0.0946, -6.1752 -1.1703 0.0946, -6.0295 -1.1988 0.0828, -6.1752 -1.1988 0.0828, -6.0295 -1.2294 0.0787, -6.1752 -1.2294 0.0787, -6.0295 -1.6624 0.0787, -6.1752 -1.6624 0.0787, -6.0295 -1.6624 0.0, -6.1752 -1.6624 0.0, -6.0295 -1.2294 0.0, -6.1752 -1.2294 0.0, -6.1752 -1.1784 0.0067, -6.0295 -1.1784 0.0067, -6.1752 -1.1309 0.0264, -6.0295 -1.1309 0.0264, -6.1752 -1.0902 0.0577, -6.0295 -1.0902 0.0577, -6.1752 -1.0589 0.0984, -6.0295 -1.0589 0.0984, -6.1752 -1.0392 0.1459, -6.0295 -1.0392 0.1459, -6.1752 -1.0325 0.1969, -6.0295 -1.0325 0.1969, -6.0295 -1.062 0.2598, -6.1752 -1.062 0.2598, -6.0295 -0.3408 2.7221, -6.0295 -0.3534 2.6935, -6.1752 -0.3408 2.7221, -6.1752 -0.3534 2.6935, -6.1752 -0.3147 2.8064, -6.0295 -0.3147 2.8064, -6.1752 -0.308 2.8945, -6.0295 -0.308 2.8945, -6.1752 -0.3211 2.9818, -6.0295 -0.3211 2.9818, -6.1752 -0.3534 3.064, -6.0295 -0.3534 3.064, -6.4232 -1.0325 1.0607, -6.5689 -1.0325 1.0607, -6.4232 -1.0241 1.1414, -6.5689 -1.0241 1.1414, -6.4232 -0.9994 1.2187, -6.5689 -0.9994 1.2187, -6.4232 -0.6683 1.9745, -6.5689 -0.6683 1.9745, -6.4232 -1.062 1.272, -6.4232 -0.6683 2.1707, -6.5689 -1.062 1.272, -6.5689 -0.6683 2.1707, -6.4232 -1.1112 0.1969, -6.4232 -1.1112 0.2598, -6.5689 -1.1112 0.1969, -6.5689 -1.1112 0.2598, -6.4232 -1.1153 0.1663, -6.5689 -1.1153 0.1663, -6.4232 -1.1271 0.1378, -6.5689 -1.1271 0.1378, -6.4232 -1.1458 0.1133, -6.5689 -1.1458 0.1133, -6.4232 -1.1703 0.0946, -6.5689 -1.1703 0.0946, -6.4232 -1.1988 0.0828, -6.5689 -1.1988 0.0828, -6.4232 -1.2294 0.0787, -6.5689 -1.2294 0.0787, -6.4232 -1.6624 0.0787, -6.5689 -1.6624 0.0787, -6.4232 -1.6624 0.0, -6.5689 -1.6624 0.0, -6.4232 -1.2294 0.0, -6.5689 -1.2294 0.0, -6.5689 -1.1784 0.0067, -6.4232 -1.1784 0.0067, -6.5689 -1.1309 0.0264, -6.4232 -1.1309 0.0264, -6.5689 -1.0902 0.0577, -6.4232 -1.0902 0.0577, -6.5689 -1.0589 0.0984, -6.4232 -1.0589 0.0984, -6.5689 -1.0392 0.1459, -6.4232 -1.0392 0.1459, -6.5689 -1.0325 0.1969, -6.4232 -1.0325 0.1969, -6.4232 -1.062 0.2598, -6.5689 -1.062 0.2598, -6.4232 -0.3408 2.7221, -6.4232 -0.3534 2.6935, -6.5689 -0.3408 2.7221, -6.5689 -0.3534 2.6935, -6.5689 -0.3147 2.8064, -6.4232 -0.3147 2.8064, -6.5689 -0.308 2.8945, -6.4232 -0.308 2.8945, -6.5689 -0.3211 2.9818, -6.4232 -0.3211 2.9818, -6.5689 -0.3534 3.064, -6.4232 -0.3534 3.064, 6.5689 1.0013 1.2187, 6.4232 1.0013 1.2187, 6.5689 1.0261 1.1414, 6.4232 1.0261 1.1414, 6.5689 1.0344 1.0607, 6.4232 1.0344 1.0607, 6.5689 1.0344 0.1969, 6.4232 1.0344 0.1969, 6.4232 1.0411 0.1459, 6.5689 1.0411 0.1459, 6.4232 1.0608 0.0984, 6.5689 1.0608 0.0984, 6.4232 1.0921 0.0577, 6.5689 1.0921 0.0577, 6.4232 1.1328 0.0264, 6.5689 1.1328 0.0264, 6.4232 1.1803 0.0067, 6.5689 1.1803 0.0067, 6.4232 1.2313 0.0, 6.5689 1.2313 0.0, 6.5689 1.6643 0.0, 6.4232 1.6643 0.0, 6.5689 1.6643 0.0787, 6.4232 1.6643 0.0787, 6.5689 1.2313 0.0787, 6.4232 1.2313 0.0787, 6.5689 1.2007 0.0828, 6.4232 1.2007 0.0828, 6.5689 1.1722 0.0946, 6.4232 1.1722 0.0946, 6.5689 1.1478 0.1133, 6.4232 1.1478 0.1133, 6.5689 1.129 0.1378, 6.4232 1.129 0.1378, 6.5689 1.1172 0.1663, 6.4232 1.1172 0.1663, 6.5689 1.1132 0.1969, 6.4232 1.1132 0.1969, 6.4232 1.064 1.272, 6.4232 1.064 0.2598, 6.4232 0.6703 1.9745, 6.4232 0.6703 2.1707, 6.4232 1.1132 0.2598, 6.5689 0.6703 2.1707, 6.5689 0.6703 1.9745, 6.5689 1.064 1.272, 6.5689 1.064 0.2598, 6.5689 1.1132 0.2598, 6.5689 0.3553 3.064, 6.5689 0.3231 2.9818, 6.5689 0.3099 2.8945, 6.5689 0.3166 2.8064, 6.5689 0.3428 2.7221, 6.5689 0.3553 2.6935, 6.4232 0.3553 3.064, 6.4232 0.3553 2.6935, 6.4232 0.3428 2.7221, 6.4232 0.3166 2.8064, 6.4232 0.3099 2.8945, 6.4232 0.3231 2.9818, 6.4232 0.692 3.2573, 6.5689 0.692 3.2573, 6.4232 0.6703 3.242, 6.5689 0.6703 3.242, 6.5689 0.6703 3.2881, 6.4232 0.6703 3.2881, 6.1752 1.0013 1.2187, 6.0295 1.0013 1.2187, 6.1752 1.0261 1.1414, 6.0295 1.0261 1.1414, 6.1752 1.0344 1.0607, 6.0295 1.0344 1.0607, 6.1752 1.0344 0.1969, 6.0295 1.0344 0.1969, 6.0295 1.0411 0.1459, 6.1752 1.0411 0.1459, 6.0295 1.0608 0.0984, 6.1752 1.0608 0.0984, 6.0295 1.0921 0.0577, 6.1752 1.0921 0.0577, 6.0295 1.1328 0.0264, 6.1752 1.1328 0.0264, 6.0295 1.1803 0.0067, 6.1752 1.1803 0.0067, 6.0295 1.2313 0.0, 6.1752 1.2313 0.0, 6.1752 1.6643 0.0, 6.0295 1.6643 0.0, 6.1752 1.6643 0.0787, 6.0295 1.6643 0.0787, 6.1752 1.2313 0.0787, 6.0295 1.2313 0.0787, 6.1752 1.2007 0.0828, 6.0295 1.2007 0.0828, 6.1752 1.1722 0.0946, 6.0295 1.1722 0.0946, 6.1752 1.1478 0.1133, 6.0295 1.1478 0.1133, 6.1752 1.129 0.1378, 6.0295 1.129 0.1378, 6.1752 1.1172 0.1663, 6.0295 1.1172 0.1663, 6.1752 1.1132 0.1969, 6.0295 1.1132 0.1969, 6.0295 1.064 1.272, 6.0295 1.064 0.2598, 6.0295 0.6703 1.9745, 6.0295 0.6703 2.1707, 6.0295 1.1132 0.2598, 6.1752 0.6703 2.1707, 6.1752 0.6703 1.9745, 6.1752 1.064 1.272, 6.1752 1.064 0.2598, 6.1752 1.1132 0.2598, 6.1752 0.6703 3.2881, 6.1752 0.6703 3.242, 6.1752 0.692 3.2573, 6.0295 0.6703 3.2881, 6.0295 0.692 3.2573, 6.0295 0.6703 3.242, 6.1752 0.3553 3.064, 6.0295 0.3553 3.064, 6.0295 0.3231 2.9818, 6.1752 0.3231 2.9818, 6.0295 0.3099 2.8945, 6.1752 0.3099 2.8945, 6.0295 0.3166 2.8064, 6.1752 0.3166 2.8064, 6.0295 0.3428 2.7221, 6.1752 0.3428 2.7221, 6.1752 0.3553 2.6935, 6.0295 0.3553 2.6935, 5.7815 1.0013 1.2187, 5.6358 1.0013 1.2187, 5.7815 1.0261 1.1414, 5.6358 1.0261 1.1414, 5.7815 1.0344 1.0607, 5.6358 1.0344 1.0607, 5.7815 1.0344 0.1969, 5.6358 1.0344 0.1969, 5.6358 1.0411 0.1459, 5.7815 1.0411 0.1459, 5.6358 1.0608 0.0984, 5.7815 1.0608 0.0984, 5.6358 1.0921 0.0577, 5.7815 1.0921 0.0577, 5.6358 1.1328 0.0264, 5.7815 1.1328 0.0264, 5.6358 1.1803 0.0067, 5.7815 1.1803 0.0067, 5.6358 1.2313 0.0, 5.7815 1.2313 0.0, 5.7815 1.6643 0.0, 5.6358 1.6643 0.0, 5.7815 1.6643 0.0787, 5.6358 1.6643 0.0787, 5.7815 1.2313 0.0787, 5.6358 1.2313 0.0787, 5.7815 1.2007 0.0828, 5.6358 1.2007 0.0828, 5.7815 1.1722 0.0946, 5.6358 1.1722 0.0946, 5.7815 1.1478 0.1133, 5.6358 1.1478 0.1133, 5.7815 1.129 0.1378, 5.6358 1.129 0.1378, 5.7815 1.1172 0.1663, 5.6358 1.1172 0.1663, 5.7815 1.1132 0.1969, 5.6358 1.1132 0.1969, 5.6358 1.064 1.272, 5.6358 1.064 0.2598, 5.6358 0.6703 1.9745, 5.6358 0.6703 2.1707, 5.6358 1.1132 0.2598, 5.7815 0.6703 2.1707, 5.7815 0.6703 1.9745, 5.7815 1.064 1.272, 5.7815 1.064 0.2598, 5.7815 1.1132 0.2598, 5.7815 0.6703 3.2881, 5.7815 0.6703 3.242, 5.7815 0.692 3.2573, 5.6358 0.6703 3.2881, 5.6358 0.692 3.2573, 5.6358 0.6703 3.242, 5.7815 0.3553 3.064, 5.6358 0.3553 3.064, 5.6358 0.3231 2.9818, 5.7815 0.3231 2.9818, 5.6358 0.3099 2.8945, 5.7815 0.3099 2.8945, 5.6358 0.3166 2.8064, 5.7815 0.3166 2.8064, 5.6358 0.3428 2.7221, 5.7815 0.3428 2.7221, 5.7815 0.3553 2.6935, 5.6358 0.3553 2.6935, 5.3878 1.0013 1.2187, 5.2421 1.0013 1.2187, 5.3878 1.0261 1.1414, 5.2421 1.0261 1.1414, 5.3878 1.0344 1.0607, 5.2421 1.0344 1.0607, 5.3878 1.0344 0.1969, 5.2421 1.0344 0.1969, 5.2421 1.0411 0.1459, 5.3878 1.0411 0.1459, 5.2421 1.0608 0.0984, 5.3878 1.0608 0.0984, 5.2421 1.0921 0.0577, 5.3878 1.0921 0.0577, 5.2421 1.1328 0.0264, 5.3878 1.1328 0.0264, 5.2421 1.1803 0.0067, 5.3878 1.1803 0.0067, 5.2421 1.2313 0.0, 5.3878 1.2313 0.0, 5.3878 1.6643 0.0, 5.2421 1.6643 0.0, 5.3878 1.6643 0.0787, 5.2421 1.6643 0.0787, 5.3878 1.2313 0.0787, 5.2421 1.2313 0.0787, 5.3878 1.2007 0.0828, 5.2421 1.2007 0.0828, 5.3878 1.1722 0.0946, 5.2421 1.1722 0.0946, 5.3878 1.1478 0.1133, 5.2421 1.1478 0.1133, 5.3878 1.129 0.1378, 5.2421 1.129 0.1378, 5.3878 1.1172 0.1663, 5.2421 1.1172 0.1663, 5.3878 1.1132 0.1969, 5.2421 1.1132 0.1969, 5.2421 1.064 1.272, 5.2421 1.064 0.2598, 5.2421 0.6703 1.9745, 5.2421 0.6703 2.1707, 5.2421 1.1132 0.2598, 5.3878 0.6703 2.1707, 5.3878 0.6703 1.9745, 5.3878 1.064 1.272, 5.3878 1.064 0.2598, 5.3878 1.1132 0.2598, 5.3878 0.6703 3.2881, 5.3878 0.6703 3.242, 5.3878 0.692 3.2573, 5.2421 0.6703 3.2881, 5.2421 0.692 3.2573, 5.2421 0.6703 3.242, 5.3878 0.3553 3.064, 5.2421 0.3553 3.064, 5.2421 0.3231 2.9818, 5.3878 0.3231 2.9818, 5.2421 0.3099 2.8945, 5.3878 0.3099 2.8945, 5.2421 0.3166 2.8064, 5.3878 0.3166 2.8064, 5.2421 0.3428 2.7221, 5.3878 0.3428 2.7221, 5.3878 0.3553 2.6935, 5.2421 0.3553 2.6935, 4.9941 1.0013 1.2187, 4.8484 1.0013 1.2187, 4.9941 1.0261 1.1414, 4.8484 1.0261 1.1414, 4.9941 1.0344 1.0607, 4.8484 1.0344 1.0607, 4.9941 1.0344 0.1969, 4.8484 1.0344 0.1969, 4.8484 1.0411 0.1459, 4.9941 1.0411 0.1459, 4.8484 1.0608 0.0984, 4.9941 1.0608 0.0984, 4.8484 1.0921 0.0577, 4.9941 1.0921 0.0577, 4.8484 1.1328 0.0264, 4.9941 1.1328 0.0264, 4.8484 1.1803 0.0067, 4.9941 1.1803 0.0067, 4.8484 1.2313 0.0, 4.9941 1.2313 0.0, 4.9941 1.6643 0.0, 4.8484 1.6643 0.0, 4.9941 1.6643 0.0787, 4.8484 1.6643 0.0787, 4.9941 1.2313 0.0787, 4.8484 1.2313 0.0787, 4.9941 1.2007 0.0828, 4.8484 1.2007 0.0828, 4.9941 1.1722 0.0946, 4.8484 1.1722 0.0946, 4.9941 1.1478 0.1133, 4.8484 1.1478 0.1133, 4.9941 1.129 0.1378, 4.8484 1.129 0.1378, 4.9941 1.1172 0.1663, 4.8484 1.1172 0.1663, 4.9941 1.1132 0.1969, 4.8484 1.1132 0.1969, 4.8484 1.064 1.272, 4.8484 1.064 0.2598, 4.8484 0.6703 1.9745, 4.8484 0.6703 2.1707, 4.8484 1.1132 0.2598, 4.9941 0.6703 2.1707, 4.9941 0.6703 1.9745, 4.9941 1.064 1.272, 4.9941 1.064 0.2598, 4.9941 1.1132 0.2598, 4.9941 0.6703 3.2881, 4.9941 0.6703 3.242, 4.9941 0.692 3.2573, 4.8484 0.6703 3.2881, 4.8484 0.692 3.2573, 4.8484 0.6703 3.242, 4.9941 0.3553 3.064, 4.8484 0.3553 3.064, 4.8484 0.3231 2.9818, 4.9941 0.3231 2.9818, 4.8484 0.3099 2.8945, 4.9941 0.3099 2.8945, 4.8484 0.3166 2.8064, 4.9941 0.3166 2.8064, 4.8484 0.3428 2.7221, 4.9941 0.3428 2.7221, 4.9941 0.3553 2.6935, 4.8484 0.3553 2.6935, 4.6004 1.0013 1.2187, 4.4547 1.0013 1.2187, 4.6004 1.0261 1.1414, 4.4547 1.0261 1.1414, 4.6004 1.0344 1.0607, 4.4547 1.0344 1.0607, 4.6004 1.0344 0.1969, 4.4547 1.0344 0.1969, 4.4547 1.0411 0.1459, 4.6004 1.0411 0.1459, 4.4547 1.0608 0.0984, 4.6004 1.0608 0.0984, 4.4547 1.0921 0.0577, 4.6004 1.0921 0.0577, 4.4547 1.1328 0.0264, 4.6004 1.1328 0.0264, 4.4547 1.1803 0.0067, 4.6004 1.1803 0.0067, 4.4547 1.2313 0.0, 4.6004 1.2313 0.0, 4.6004 1.6643 0.0, 4.4547 1.6643 0.0, 4.6004 1.6643 0.0787, 4.4547 1.6643 0.0787, 4.6004 1.2313 0.0787, 4.4547 1.2313 0.0787, 4.6004 1.2007 0.0828, 4.4547 1.2007 0.0828, 4.6004 1.1722 0.0946, 4.4547 1.1722 0.0946, 4.6004 1.1478 0.1133, 4.4547 1.1478 0.1133, 4.6004 1.129 0.1378, 4.4547 1.129 0.1378, 4.6004 1.1172 0.1663, 4.4547 1.1172 0.1663, 4.6004 1.1132 0.1969, 4.4547 1.1132 0.1969, 4.4547 1.064 1.272, 4.4547 1.064 0.2598, 4.4547 0.6703 1.9745, 4.4547 0.6703 2.1707, 4.4547 1.1132 0.2598, 4.6004 0.6703 2.1707, 4.6004 0.6703 1.9745, 4.6004 1.064 1.272, 4.6004 1.064 0.2598, 4.6004 1.1132 0.2598, 4.6004 0.6703 3.2881, 4.6004 0.6703 3.242, 4.6004 0.692 3.2573, 4.4547 0.6703 3.2881, 4.4547 0.692 3.2573, 4.4547 0.6703 3.242, 4.6004 0.3553 3.064, 4.4547 0.3553 3.064, 4.4547 0.3231 2.9818, 4.6004 0.3231 2.9818, 4.4547 0.3099 2.8945, 4.6004 0.3099 2.8945, 4.4547 0.3166 2.8064, 4.6004 0.3166 2.8064, 4.4547 0.3428 2.7221, 4.6004 0.3428 2.7221, 4.6004 0.3553 2.6935, 4.4547 0.3553 2.6935, 4.2067 1.0013 1.2187, 4.061 1.0013 1.2187, 4.2067 1.0261 1.1414, 4.061 1.0261 1.1414, 4.2067 1.0344 1.0607, 4.061 1.0344 1.0607, 4.2067 1.0344 0.1969, 4.061 1.0344 0.1969, 4.061 1.0411 0.1459, 4.2067 1.0411 0.1459, 4.061 1.0608 0.0984, 4.2067 1.0608 0.0984, 4.061 1.0921 0.0577, 4.2067 1.0921 0.0577, 4.061 1.1328 0.0264, 4.2067 1.1328 0.0264, 4.061 1.1803 0.0067, 4.2067 1.1803 0.0067, 4.061 1.2313 0.0, 4.2067 1.2313 0.0, 4.2067 1.6643 0.0, 4.061 1.6643 0.0, 4.2067 1.6643 0.0787, 4.061 1.6643 0.0787, 4.2067 1.2313 0.0787, 4.061 1.2313 0.0787, 4.2067 1.2007 0.0828, 4.061 1.2007 0.0828, 4.2067 1.1722 0.0946, 4.061 1.1722 0.0946, 4.2067 1.1478 0.1133, 4.061 1.1478 0.1133, 4.2067 1.129 0.1378, 4.061 1.129 0.1378, 4.2067 1.1172 0.1663, 4.061 1.1172 0.1663, 4.2067 1.1132 0.1969, 4.061 1.1132 0.1969, 4.061 1.064 1.272, 4.061 1.064 0.2598, 4.061 0.6703 1.9745, 4.061 0.6703 2.1707, 4.061 1.1132 0.2598, 4.2067 0.6703 2.1707, 4.2067 0.6703 1.9745, 4.2067 1.064 1.272, 4.2067 1.064 0.2598, 4.2067 1.1132 0.2598, 4.2067 0.6703 3.2881, 4.2067 0.6703 3.242, 4.2067 0.692 3.2573, 4.061 0.6703 3.2881, 4.061 0.692 3.2573, 4.061 0.6703 3.242, 4.2067 0.3553 3.064, 4.061 0.3553 3.064, 4.061 0.3231 2.9818, 4.2067 0.3231 2.9818, 4.061 0.3099 2.8945, 4.2067 0.3099 2.8945, 4.061 0.3166 2.8064, 4.2067 0.3166 2.8064, 4.061 0.3428 2.7221, 4.2067 0.3428 2.7221, 4.2067 0.3553 2.6935, 4.061 0.3553 2.6935, 3.813 1.0013 1.2187, 3.6673 1.0013 1.2187, 3.813 1.0261 1.1414, 3.6673 1.0261 1.1414, 3.813 1.0344 1.0607, 3.6673 1.0344 1.0607, 3.813 1.0344 0.1969, 3.6673 1.0344 0.1969, 3.6673 1.0411 0.1459, 3.813 1.0411 0.1459, 3.6673 1.0608 0.0984, 3.813 1.0608 0.0984, 3.6673 1.0921 0.0577, 3.813 1.0921 0.0577, 3.6673 1.1328 0.0264, 3.813 1.1328 0.0264, 3.6673 1.1803 0.0067, 3.813 1.1803 0.0067, 3.6673 1.2313 0.0, 3.813 1.2313 0.0, 3.813 1.6643 0.0, 3.6673 1.6643 0.0, 3.813 1.6643 0.0787, 3.6673 1.6643 0.0787, 3.813 1.2313 0.0787, 3.6673 1.2313 0.0787, 3.813 1.2007 0.0828, 3.6673 1.2007 0.0828, 3.813 1.1722 0.0946, 3.6673 1.1722 0.0946, 3.813 1.1478 0.1133, 3.6673 1.1478 0.1133, 3.813 1.129 0.1378, 3.6673 1.129 0.1378, 3.813 1.1172 0.1663, 3.6673 1.1172 0.1663, 3.813 1.1132 0.1969, 3.6673 1.1132 0.1969, 3.6673 1.064 1.272, 3.6673 1.064 0.2598, 3.6673 0.6703 1.9745, 3.6673 0.6703 2.1707, 3.6673 1.1132 0.2598, 3.813 0.6703 2.1707, 3.813 0.6703 1.9745, 3.813 1.064 1.272, 3.813 1.064 0.2598, 3.813 1.1132 0.2598, 3.813 0.6703 3.2881, 3.813 0.6703 3.242, 3.813 0.692 3.2573, 3.6673 0.6703 3.2881, 3.6673 0.692 3.2573, 3.6673 0.6703 3.242, 3.813 0.3553 3.064, 3.6673 0.3553 3.064, 3.6673 0.3231 2.9818, 3.813 0.3231 2.9818, 3.6673 0.3099 2.8945, 3.813 0.3099 2.8945, 3.6673 0.3166 2.8064, 3.813 0.3166 2.8064, 3.6673 0.3428 2.7221, 3.813 0.3428 2.7221, 3.813 0.3553 2.6935, 3.6673 0.3553 2.6935, 3.4193 1.0013 1.2187, 3.2736 1.0013 1.2187, 3.4193 1.0261 1.1414, 3.2736 1.0261 1.1414, 3.4193 1.0344 1.0607, 3.2736 1.0344 1.0607, 3.4193 1.0344 0.1969, 3.2736 1.0344 0.1969, 3.2736 1.0411 0.1459, 3.4193 1.0411 0.1459, 3.2736 1.0608 0.0984, 3.4193 1.0608 0.0984, 3.2736 1.0921 0.0577, 3.4193 1.0921 0.0577, 3.2736 1.1328 0.0264, 3.4193 1.1328 0.0264, 3.2736 1.1803 0.0067, 3.4193 1.1803 0.0067, 3.2736 1.2313 0.0, 3.4193 1.2313 0.0, 3.4193 1.6643 0.0, 3.2736 1.6643 0.0, 3.4193 1.6643 0.0787, 3.2736 1.6643 0.0787, 3.4193 1.2313 0.0787, 3.2736 1.2313 0.0787, 3.4193 1.2007 0.0828, 3.2736 1.2007 0.0828, 3.4193 1.1722 0.0946, 3.2736 1.1722 0.0946, 3.4193 1.1478 0.1133, 3.2736 1.1478 0.1133, 3.4193 1.129 0.1378, 3.2736 1.129 0.1378, 3.4193 1.1172 0.1663, 3.2736 1.1172 0.1663, 3.4193 1.1132 0.1969, 3.2736 1.1132 0.1969, 3.2736 1.064 1.272, 3.2736 1.064 0.2598, 3.2736 0.6703 1.9745, 3.2736 0.6703 2.1707, 3.2736 1.1132 0.2598, 3.4193 0.6703 2.1707, 3.4193 0.6703 1.9745, 3.4193 1.064 1.272, 3.4193 1.064 0.2598, 3.4193 1.1132 0.2598, 3.4193 0.6703 3.2881, 3.4193 0.6703 3.242, 3.4193 0.692 3.2573, 3.2736 0.6703 3.2881, 3.2736 0.692 3.2573, 3.2736 0.6703 3.242, 3.4193 0.3553 3.064, 3.2736 0.3553 3.064, 3.2736 0.3231 2.9818, 3.4193 0.3231 2.9818, 3.2736 0.3099 2.8945, 3.4193 0.3099 2.8945, 3.2736 0.3166 2.8064, 3.4193 0.3166 2.8064, 3.2736 0.3428 2.7221, 3.4193 0.3428 2.7221, 3.4193 0.3553 2.6935, 3.2736 0.3553 2.6935, 3.0256 1.0013 1.2187, 2.8799 1.0013 1.2187, 3.0256 1.0261 1.1414, 2.8799 1.0261 1.1414, 3.0256 1.0344 1.0607, 2.8799 1.0344 1.0607, 3.0256 1.0344 0.1969, 2.8799 1.0344 0.1969, 2.8799 1.0411 0.1459, 3.0256 1.0411 0.1459, 2.8799 1.0608 0.0984, 3.0256 1.0608 0.0984, 2.8799 1.0921 0.0577, 3.0256 1.0921 0.0577, 2.8799 1.1328 0.0264, 3.0256 1.1328 0.0264, 2.8799 1.1803 0.0067, 3.0256 1.1803 0.0067, 2.8799 1.2313 0.0, 3.0256 1.2313 0.0, 3.0256 1.6643 0.0, 2.8799 1.6643 0.0, 3.0256 1.6643 0.0787, 2.8799 1.6643 0.0787, 3.0256 1.2313 0.0787, 2.8799 1.2313 0.0787, 3.0256 1.2007 0.0828, 2.8799 1.2007 0.0828, 3.0256 1.1722 0.0946, 2.8799 1.1722 0.0946, 3.0256 1.1478 0.1133, 2.8799 1.1478 0.1133, 3.0256 1.129 0.1378, 2.8799 1.129 0.1378, 3.0256 1.1172 0.1663, 2.8799 1.1172 0.1663, 3.0256 1.1132 0.1969, 2.8799 1.1132 0.1969, 2.8799 1.064 1.272, 2.8799 1.064 0.2598, 2.8799 0.6703 1.9745, 2.8799 0.6703 2.1707, 2.8799 1.1132 0.2598, 3.0256 0.6703 2.1707, 3.0256 0.6703 1.9745, 3.0256 1.064 1.272, 3.0256 1.064 0.2598, 3.0256 1.1132 0.2598, 3.0256 0.6703 3.2881, 3.0256 0.6703 3.242, 3.0256 0.692 3.2573, 2.8799 0.6703 3.2881, 2.8799 0.692 3.2573, 2.8799 0.6703 3.242, 3.0256 0.3553 3.064, 2.8799 0.3553 3.064, 2.8799 0.3231 2.9818, 3.0256 0.3231 2.9818, 2.8799 0.3099 2.8945, 3.0256 0.3099 2.8945, 2.8799 0.3166 2.8064, 3.0256 0.3166 2.8064, 2.8799 0.3428 2.7221, 3.0256 0.3428 2.7221, 3.0256 0.3553 2.6935, 2.8799 0.3553 2.6935, 2.6319 1.0013 1.2187, 2.4862 1.0013 1.2187, 2.6319 1.0261 1.1414, 2.4862 1.0261 1.1414, 2.6319 1.0344 1.0607, 2.4862 1.0344 1.0607, 2.6319 1.0344 0.1969, 2.4862 1.0344 0.1969, 2.4862 1.0411 0.1459, 2.6319 1.0411 0.1459, 2.4862 1.0608 0.0984, 2.6319 1.0608 0.0984, 2.4862 1.0921 0.0577, 2.6319 1.0921 0.0577, 2.4862 1.1328 0.0264, 2.6319 1.1328 0.0264, 2.4862 1.1803 0.0067, 2.6319 1.1803 0.0067, 2.4862 1.2313 0.0, 2.6319 1.2313 0.0, 2.6319 1.6643 0.0, 2.4862 1.6643 0.0, 2.6319 1.6643 0.0787, 2.4862 1.6643 0.0787, 2.6319 1.2313 0.0787, 2.4862 1.2313 0.0787, 2.6319 1.2007 0.0828, 2.4862 1.2007 0.0828, 2.6319 1.1722 0.0946, 2.4862 1.1722 0.0946, 2.6319 1.1478 0.1133, 2.4862 1.1478 0.1133, 2.6319 1.129 0.1378, 2.4862 1.129 0.1378, 2.6319 1.1172 0.1663, 2.4862 1.1172 0.1663, 2.6319 1.1132 0.1969, 2.4862 1.1132 0.1969, 2.4862 1.064 1.272, 2.4862 1.064 0.2598, 2.4862 0.6703 1.9745, 2.4862 0.6703 2.1707, 2.4862 1.1132 0.2598, 2.6319 0.6703 2.1707, 2.6319 0.6703 1.9745, 2.6319 1.064 1.272, 2.6319 1.064 0.2598, 2.6319 1.1132 0.2598, 2.6319 0.6703 3.2881, 2.6319 0.6703 3.242, 2.6319 0.692 3.2573, 2.4862 0.6703 3.2881, 2.4862 0.692 3.2573, 2.4862 0.6703 3.242, 2.6319 0.3553 3.064, 2.4862 0.3553 3.064, 2.4862 0.3231 2.9818, 2.6319 0.3231 2.9818, 2.4862 0.3099 2.8945, 2.6319 0.3099 2.8945, 2.4862 0.3166 2.8064, 2.6319 0.3166 2.8064, 2.4862 0.3428 2.7221, 2.6319 0.3428 2.7221, 2.6319 0.3553 2.6935, 2.4862 0.3553 2.6935, 2.2382 1.0013 1.2187, 2.0925 1.0013 1.2187, 2.2382 1.0261 1.1414, 2.0925 1.0261 1.1414, 2.2382 1.0344 1.0607, 2.0925 1.0344 1.0607, 2.2382 1.0344 0.1969, 2.0925 1.0344 0.1969, 2.0925 1.0411 0.1459, 2.2382 1.0411 0.1459, 2.0925 1.0608 0.0984, 2.2382 1.0608 0.0984, 2.0925 1.0921 0.0577, 2.2382 1.0921 0.0577, 2.0925 1.1328 0.0264, 2.2382 1.1328 0.0264, 2.0925 1.1803 0.0067, 2.2382 1.1803 0.0067, 2.0925 1.2313 0.0, 2.2382 1.2313 0.0, 2.2382 1.6643 0.0, 2.0925 1.6643 0.0, 2.2382 1.6643 0.0787, 2.0925 1.6643 0.0787, 2.2382 1.2313 0.0787, 2.0925 1.2313 0.0787, 2.2382 1.2007 0.0828, 2.0925 1.2007 0.0828, 2.2382 1.1722 0.0946, 2.0925 1.1722 0.0946, 2.2382 1.1478 0.1133, 2.0925 1.1478 0.1133, 2.2382 1.129 0.1378, 2.0925 1.129 0.1378, 2.2382 1.1172 0.1663, 2.0925 1.1172 0.1663, 2.2382 1.1132 0.1969, 2.0925 1.1132 0.1969, 2.0925 1.064 1.272, 2.0925 1.064 0.2598, 2.0925 0.6703 1.9745, 2.0925 0.6703 2.1707, 2.0925 1.1132 0.2598, 2.2382 0.6703 2.1707, 2.2382 0.6703 1.9745, 2.2382 1.064 1.272, 2.2382 1.064 0.2598, 2.2382 1.1132 0.2598, 2.2382 0.6703 3.2881, 2.2382 0.6703 3.242, 2.2382 0.692 3.2573, 2.0925 0.6703 3.2881, 2.0925 0.692 3.2573, 2.0925 0.6703 3.242, 2.2382 0.3553 3.064, 2.0925 0.3553 3.064, 2.0925 0.3231 2.9818, 2.2382 0.3231 2.9818, 2.0925 0.3099 2.8945, 2.2382 0.3099 2.8945, 2.0925 0.3166 2.8064, 2.2382 0.3166 2.8064, 2.0925 0.3428 2.7221, 2.2382 0.3428 2.7221, 2.2382 0.3553 2.6935, 2.0925 0.3553 2.6935, 1.8445 1.0013 1.2187, 1.6988 1.0013 1.2187, 1.8445 1.0261 1.1414, 1.6988 1.0261 1.1414, 1.8445 1.0344 1.0607, 1.6988 1.0344 1.0607, 1.8445 1.0344 0.1969, 1.6988 1.0344 0.1969, 1.6988 1.0411 0.1459, 1.8445 1.0411 0.1459, 1.6988 1.0608 0.0984, 1.8445 1.0608 0.0984, 1.6988 1.0921 0.0577, 1.8445 1.0921 0.0577, 1.6988 1.1328 0.0264, 1.8445 1.1328 0.0264, 1.6988 1.1803 0.0067, 1.8445 1.1803 0.0067, 1.6988 1.2313 0.0, 1.8445 1.2313 0.0, 1.8445 1.6643 0.0, 1.6988 1.6643 0.0, 1.8445 1.6643 0.0787, 1.6988 1.6643 0.0787, 1.8445 1.2313 0.0787, 1.6988 1.2313 0.0787, 1.8445 1.2007 0.0828, 1.6988 1.2007 0.0828, 1.8445 1.1722 0.0946, 1.6988 1.1722 0.0946, 1.8445 1.1478 0.1133, 1.6988 1.1478 0.1133, 1.8445 1.129 0.1378, 1.6988 1.129 0.1378, 1.8445 1.1172 0.1663, 1.6988 1.1172 0.1663, 1.8445 1.1132 0.1969, 1.6988 1.1132 0.1969, 1.6988 1.064 1.272, 1.6988 1.064 0.2598, 1.6988 0.6703 1.9745, 1.6988 0.6703 2.1707, 1.6988 1.1132 0.2598, 1.8445 0.6703 2.1707, 1.8445 0.6703 1.9745, 1.8445 1.064 1.272, 1.8445 1.064 0.2598, 1.8445 1.1132 0.2598, 1.8445 0.6703 3.2881, 1.8445 0.6703 3.242, 1.8445 0.692 3.2573, 1.6988 0.6703 3.2881, 1.6988 0.692 3.2573, 1.6988 0.6703 3.242, 1.8445 0.3553 3.064, 1.6988 0.3553 3.064, 1.6988 0.3231 2.9818, 1.8445 0.3231 2.9818, 1.6988 0.3099 2.8945, 1.8445 0.3099 2.8945, 1.6988 0.3166 2.8064, 1.8445 0.3166 2.8064, 1.6988 0.3428 2.7221, 1.8445 0.3428 2.7221, 1.8445 0.3553 2.6935, 1.6988 0.3553 2.6935, 1.4508 1.0013 1.2187, 1.3051 1.0013 1.2187, 1.4508 1.0261 1.1414, 1.3051 1.0261 1.1414, 1.4508 1.0344 1.0607, 1.3051 1.0344 1.0607, 1.4508 1.0344 0.1969, 1.3051 1.0344 0.1969, 1.3051 1.0411 0.1459, 1.4508 1.0411 0.1459, 1.3051 1.0608 0.0984, 1.4508 1.0608 0.0984, 1.3051 1.0921 0.0577, 1.4508 1.0921 0.0577, 1.3051 1.1328 0.0264, 1.4508 1.1328 0.0264, 1.3051 1.1803 0.0067, 1.4508 1.1803 0.0067, 1.3051 1.2313 0.0, 1.4508 1.2313 0.0, 1.4508 1.6643 0.0, 1.3051 1.6643 0.0, 1.4508 1.6643 0.0787, 1.3051 1.6643 0.0787, 1.4508 1.2313 0.0787, 1.3051 1.2313 0.0787, 1.4508 1.2007 0.0828, 1.3051 1.2007 0.0828, 1.4508 1.1722 0.0946, 1.3051 1.1722 0.0946, 1.4508 1.1478 0.1133, 1.3051 1.1478 0.1133, 1.4508 1.129 0.1378, 1.3051 1.129 0.1378, 1.4508 1.1172 0.1663, 1.3051 1.1172 0.1663, 1.4508 1.1132 0.1969, 1.3051 1.1132 0.1969, 1.3051 1.064 1.272, 1.3051 1.064 0.2598, 1.3051 0.6703 1.9745, 1.3051 0.6703 2.1707, 1.3051 1.1132 0.2598, 1.4508 0.6703 2.1707, 1.4508 0.6703 1.9745, 1.4508 1.064 1.272, 1.4508 1.064 0.2598, 1.4508 1.1132 0.2598, 1.4508 0.6703 3.2881, 1.4508 0.6703 3.242, 1.4508 0.692 3.2573, 1.3051 0.6703 3.2881, 1.3051 0.692 3.2573, 1.3051 0.6703 3.242, 1.4508 0.3553 3.064, 1.3051 0.3553 3.064, 1.3051 0.3231 2.9818, 1.4508 0.3231 2.9818, 1.3051 0.3099 2.8945, 1.4508 0.3099 2.8945, 1.3051 0.3166 2.8064, 1.4508 0.3166 2.8064, 1.3051 0.3428 2.7221, 1.4508 0.3428 2.7221, 1.4508 0.3553 2.6935, 1.3051 0.3553 2.6935, 1.0571 1.0013 1.2187, 0.9114 1.0013 1.2187, 1.0571 1.0261 1.1414, 0.9114 1.0261 1.1414, 1.0571 1.0344 1.0607, 0.9114 1.0344 1.0607, 1.0571 1.0344 0.1969, 0.9114 1.0344 0.1969, 0.9114 1.0411 0.1459, 1.0571 1.0411 0.1459, 0.9114 1.0608 0.0984, 1.0571 1.0608 0.0984, 0.9114 1.0921 0.0577, 1.0571 1.0921 0.0577, 0.9114 1.1328 0.0264, 1.0571 1.1328 0.0264, 0.9114 1.1803 0.0067, 1.0571 1.1803 0.0067, 0.9114 1.2313 0.0, 1.0571 1.2313 0.0, 1.0571 1.6643 0.0, 0.9114 1.6643 0.0, 1.0571 1.6643 0.0787, 0.9114 1.6643 0.0787, 1.0571 1.2313 0.0787, 0.9114 1.2313 0.0787, 1.0571 1.2007 0.0828, 0.9114 1.2007 0.0828, 1.0571 1.1722 0.0946, 0.9114 1.1722 0.0946, 1.0571 1.1478 0.1133, 0.9114 1.1478 0.1133, 1.0571 1.129 0.1378, 0.9114 1.129 0.1378, 1.0571 1.1172 0.1663, 0.9114 1.1172 0.1663, 1.0571 1.1132 0.1969, 0.9114 1.1132 0.1969, 0.9114 1.064 1.272, 0.9114 1.064 0.2598, 0.9114 0.6703 1.9745, 0.9114 0.6703 2.1707, 0.9114 1.1132 0.2598, 1.0571 0.6703 2.1707, 1.0571 0.6703 1.9745, 1.0571 1.064 1.272, 1.0571 1.064 0.2598, 1.0571 1.1132 0.2598, 1.0571 0.6703 3.2881, 1.0571 0.6703 3.242, 1.0571 0.692 3.2573, 0.9114 0.6703 3.2881, 0.9114 0.692 3.2573, 0.9114 0.6703 3.242, 1.0571 0.3553 3.064, 0.9114 0.3553 3.064, 0.9114 0.3231 2.9818, 1.0571 0.3231 2.9818, 0.9114 0.3099 2.8945, 1.0571 0.3099 2.8945, 0.9114 0.3166 2.8064, 1.0571 0.3166 2.8064, 0.9114 0.3428 2.7221, 1.0571 0.3428 2.7221, 1.0571 0.3553 2.6935, 0.9114 0.3553 2.6935, 0.6634 1.0013 1.2187, 0.5177 1.0013 1.2187, 0.6634 1.0261 1.1414, 0.5177 1.0261 1.1414, 0.6634 1.0344 1.0607, 0.5177 1.0344 1.0607, 0.6634 1.0344 0.1969, 0.5177 1.0344 0.1969, 0.5177 1.0411 0.1459, 0.6634 1.0411 0.1459, 0.5177 1.0608 0.0984, 0.6634 1.0608 0.0984, 0.5177 1.0921 0.0577, 0.6634 1.0921 0.0577, 0.5177 1.1328 0.0264, 0.6634 1.1328 0.0264, 0.5177 1.1803 0.0067, 0.6634 1.1803 0.0067, 0.5177 1.2313 0.0, 0.6634 1.2313 0.0, 0.6634 1.6643 0.0, 0.5177 1.6643 0.0, 0.6634 1.6643 0.0787, 0.5177 1.6643 0.0787, 0.6634 1.2313 0.0787, 0.5177 1.2313 0.0787, 0.6634 1.2007 0.0828, 0.5177 1.2007 0.0828, 0.6634 1.1722 0.0946, 0.5177 1.1722 0.0946, 0.6634 1.1478 0.1133, 0.5177 1.1478 0.1133, 0.6634 1.129 0.1378, 0.5177 1.129 0.1378, 0.6634 1.1172 0.1663, 0.5177 1.1172 0.1663, 0.6634 1.1132 0.1969, 0.5177 1.1132 0.1969, 0.5177 1.064 1.272, 0.5177 1.064 0.2598, 0.5177 0.6703 1.9745, 0.5177 0.6703 2.1707, 0.5177 1.1132 0.2598, 0.6634 0.6703 2.1707, 0.6634 0.6703 1.9745, 0.6634 1.064 1.272, 0.6634 1.064 0.2598, 0.6634 1.1132 0.2598, 0.6634 0.6703 3.2881, 0.6634 0.6703 3.242, 0.6634 0.692 3.2573, 0.5177 0.6703 3.2881, 0.5177 0.692 3.2573, 0.5177 0.6703 3.242, 0.6634 0.3553 3.064, 0.5177 0.3553 3.064, 0.5177 0.3231 2.9818, 0.6634 0.3231 2.9818, 0.5177 0.3099 2.8945, 0.6634 0.3099 2.8945, 0.5177 0.3166 2.8064, 0.6634 0.3166 2.8064, 0.5177 0.3428 2.7221, 0.6634 0.3428 2.7221, 0.6634 0.3553 2.6935, 0.5177 0.3553 2.6935, 0.2697 1.0013 1.2187, 0.124 1.0013 1.2187, 0.2697 1.0261 1.1414, 0.124 1.0261 1.1414, 0.2697 1.0344 1.0607, 0.124 1.0344 1.0607, 0.2697 1.0344 0.1969, 0.124 1.0344 0.1969, 0.124 1.0411 0.1459, 0.2697 1.0411 0.1459, 0.124 1.0608 0.0984, 0.2697 1.0608 0.0984, 0.124 1.0921 0.0577, 0.2697 1.0921 0.0577, 0.124 1.1328 0.0264, 0.2697 1.1328 0.0264, 0.124 1.1803 0.0067, 0.2697 1.1803 0.0067, 0.124 1.2313 0.0, 0.2697 1.2313 0.0, 0.2697 1.6643 0.0, 0.124 1.6643 0.0, 0.2697 1.6643 0.0787, 0.124 1.6643 0.0787, 0.2697 1.2313 0.0787, 0.124 1.2313 0.0787, 0.2697 1.2007 0.0828, 0.124 1.2007 0.0828, 0.2697 1.1722 0.0946, 0.124 1.1722 0.0946, 0.2697 1.1478 0.1133, 0.124 1.1478 0.1133, 0.2697 1.129 0.1378, 0.124 1.129 0.1378, 0.2697 1.1172 0.1663, 0.124 1.1172 0.1663, 0.2697 1.1132 0.1969, 0.124 1.1132 0.1969, 0.124 1.064 1.272, 0.124 1.064 0.2598, 0.124 0.6703 1.9745, 0.124 0.6703 2.1707, 0.124 1.1132 0.2598, 0.2697 0.6703 2.1707, 0.2697 0.6703 1.9745, 0.2697 1.064 1.272, 0.2697 1.064 0.2598, 0.2697 1.1132 0.2598, 0.2697 0.6703 3.2881, 0.2697 0.6703 3.242, 0.2697 0.692 3.2573, 0.124 0.6703 3.2881, 0.124 0.692 3.2573, 0.124 0.6703 3.242, 0.2697 0.3553 3.064, 0.124 0.3553 3.064, 0.124 0.3231 2.9818, 0.2697 0.3231 2.9818, 0.124 0.3099 2.8945, 0.2697 0.3099 2.8945, 0.124 0.3166 2.8064, 0.2697 0.3166 2.8064, 0.124 0.3428 2.7221, 0.2697 0.3428 2.7221, 0.2697 0.3553 2.6935, 0.124 0.3553 2.6935, -0.124 1.0013 1.2187, -0.2697 1.0013 1.2187, -0.124 1.0261 1.1414, -0.2697 1.0261 1.1414, -0.124 1.0344 1.0607, -0.2697 1.0344 1.0607, -0.124 1.0344 0.1969, -0.2697 1.0344 0.1969, -0.2697 1.0411 0.1459, -0.124 1.0411 0.1459, -0.2697 1.0608 0.0984, -0.124 1.0608 0.0984, -0.2697 1.0921 0.0577, -0.124 1.0921 0.0577, -0.2697 1.1328 0.0264, -0.124 1.1328 0.0264, -0.2697 1.1803 0.0067, -0.124 1.1803 0.0067, -0.2697 1.2313 0.0, -0.124 1.2313 0.0, -0.124 1.6643 0.0, -0.2697 1.6643 0.0, -0.124 1.6643 0.0787, -0.2697 1.6643 0.0787, -0.124 1.2313 0.0787, -0.2697 1.2313 0.0787, -0.124 1.2007 0.0828, -0.2697 1.2007 0.0828, -0.124 1.1722 0.0946, -0.2697 1.1722 0.0946, -0.124 1.1478 0.1133, -0.2697 1.1478 0.1133, -0.124 1.129 0.1378, -0.2697 1.129 0.1378, -0.124 1.1172 0.1663, -0.2697 1.1172 0.1663, -0.124 1.1132 0.1969, -0.2697 1.1132 0.1969, -0.2697 1.064 1.272, -0.2697 1.064 0.2598, -0.2697 0.6703 1.9745, -0.2697 0.6703 2.1707, -0.2697 1.1132 0.2598, -0.124 0.6703 2.1707, -0.124 0.6703 1.9745, -0.124 1.064 1.272, -0.124 1.064 0.2598, -0.124 1.1132 0.2598, -0.124 0.6703 3.2881, -0.124 0.6703 3.242, -0.124 0.692 3.2573, -0.2697 0.6703 3.2881, -0.2697 0.692 3.2573, -0.2697 0.6703 3.242, -0.124 0.3553 3.064, -0.2697 0.3553 3.064, -0.2697 0.3231 2.9818, -0.124 0.3231 2.9818, -0.2697 0.3099 2.8945, -0.124 0.3099 2.8945, -0.2697 0.3166 2.8064, -0.124 0.3166 2.8064, -0.2697 0.3428 2.7221, -0.124 0.3428 2.7221, -0.124 0.3553 2.6935, -0.2697 0.3553 2.6935, -0.5177 1.0013 1.2187, -0.6634 1.0013 1.2187, -0.5177 1.0261 1.1414, -0.6634 1.0261 1.1414, -0.5177 1.0344 1.0607, -0.6634 1.0344 1.0607, -0.5177 1.0344 0.1969, -0.6634 1.0344 0.1969, -0.6634 1.0411 0.1459, -0.5177 1.0411 0.1459, -0.6634 1.0608 0.0984, -0.5177 1.0608 0.0984, -0.6634 1.0921 0.0577, -0.5177 1.0921 0.0577, -0.6634 1.1328 0.0264, -0.5177 1.1328 0.0264, -0.6634 1.1803 0.0067, -0.5177 1.1803 0.0067, -0.6634 1.2313 0.0, -0.5177 1.2313 0.0, -0.5177 1.6643 0.0, -0.6634 1.6643 0.0, -0.5177 1.6643 0.0787, -0.6634 1.6643 0.0787, -0.5177 1.2313 0.0787, -0.6634 1.2313 0.0787, -0.5177 1.2007 0.0828, -0.6634 1.2007 0.0828, -0.5177 1.1722 0.0946, -0.6634 1.1722 0.0946, -0.5177 1.1478 0.1133, -0.6634 1.1478 0.1133, -0.5177 1.129 0.1378, -0.6634 1.129 0.1378, -0.5177 1.1172 0.1663, -0.6634 1.1172 0.1663, -0.5177 1.1132 0.1969, -0.6634 1.1132 0.1969, -0.6634 1.064 1.272, -0.6634 1.064 0.2598, -0.6634 0.6703 1.9745, -0.6634 0.6703 2.1707, -0.6634 1.1132 0.2598, -0.5177 0.6703 2.1707, -0.5177 0.6703 1.9745, -0.5177 1.064 1.272, -0.5177 1.064 0.2598, -0.5177 1.1132 0.2598, -0.5177 0.6703 3.2881, -0.5177 0.6703 3.242, -0.5177 0.692 3.2573, -0.6634 0.6703 3.2881, -0.6634 0.692 3.2573, -0.6634 0.6703 3.242, -0.5177 0.3553 3.064, -0.6634 0.3553 3.064, -0.6634 0.3231 2.9818, -0.5177 0.3231 2.9818, -0.6634 0.3099 2.8945, -0.5177 0.3099 2.8945, -0.6634 0.3166 2.8064, -0.5177 0.3166 2.8064, -0.6634 0.3428 2.7221, -0.5177 0.3428 2.7221, -0.5177 0.3553 2.6935, -0.6634 0.3553 2.6935, -0.9114 1.0013 1.2187, -1.0571 1.0013 1.2187, -0.9114 1.0261 1.1414, -1.0571 1.0261 1.1414, -0.9114 1.0344 1.0607, -1.0571 1.0344 1.0607, -0.9114 1.0344 0.1969, -1.0571 1.0344 0.1969, -1.0571 1.0411 0.1459, -0.9114 1.0411 0.1459, -1.0571 1.0608 0.0984, -0.9114 1.0608 0.0984, -1.0571 1.0921 0.0577, -0.9114 1.0921 0.0577, -1.0571 1.1328 0.0264, -0.9114 1.1328 0.0264, -1.0571 1.1803 0.0067, -0.9114 1.1803 0.0067, -1.0571 1.2313 0.0, -0.9114 1.2313 0.0, -0.9114 1.6643 0.0, -1.0571 1.6643 0.0, -0.9114 1.6643 0.0787, -1.0571 1.6643 0.0787, -0.9114 1.2313 0.0787, -1.0571 1.2313 0.0787, -0.9114 1.2007 0.0828, -1.0571 1.2007 0.0828, -0.9114 1.1722 0.0946, -1.0571 1.1722 0.0946, -0.9114 1.1478 0.1133, -1.0571 1.1478 0.1133, -0.9114 1.129 0.1378, -1.0571 1.129 0.1378, -0.9114 1.1172 0.1663, -1.0571 1.1172 0.1663, -0.9114 1.1132 0.1969, -1.0571 1.1132 0.1969, -1.0571 1.064 1.272, -1.0571 1.064 0.2598, -1.0571 0.6703 1.9745, -1.0571 0.6703 2.1707, -1.0571 1.1132 0.2598, -0.9114 0.6703 2.1707, -0.9114 0.6703 1.9745, -0.9114 1.064 1.272, -0.9114 1.064 0.2598, -0.9114 1.1132 0.2598, -0.9114 0.6703 3.2881, -0.9114 0.6703 3.242, -0.9114 0.692 3.2573, -1.0571 0.6703 3.2881, -1.0571 0.692 3.2573, -1.0571 0.6703 3.242, -0.9114 0.3553 3.064, -1.0571 0.3553 3.064, -1.0571 0.3231 2.9818, -0.9114 0.3231 2.9818, -1.0571 0.3099 2.8945, -0.9114 0.3099 2.8945, -1.0571 0.3166 2.8064, -0.9114 0.3166 2.8064, -1.0571 0.3428 2.7221, -0.9114 0.3428 2.7221, -0.9114 0.3553 2.6935, -1.0571 0.3553 2.6935, -1.3051 1.0013 1.2187, -1.4508 1.0013 1.2187, -1.3051 1.0261 1.1414, -1.4508 1.0261 1.1414, -1.3051 1.0344 1.0607, -1.4508 1.0344 1.0607, -1.3051 1.0344 0.1969, -1.4508 1.0344 0.1969, -1.4508 1.0411 0.1459, -1.3051 1.0411 0.1459, -1.4508 1.0608 0.0984, -1.3051 1.0608 0.0984, -1.4508 1.0921 0.0577, -1.3051 1.0921 0.0577, -1.4508 1.1328 0.0264, -1.3051 1.1328 0.0264, -1.4508 1.1803 0.0067, -1.3051 1.1803 0.0067, -1.4508 1.2313 0.0, -1.3051 1.2313 0.0, -1.3051 1.6643 0.0, -1.4508 1.6643 0.0, -1.3051 1.6643 0.0787, -1.4508 1.6643 0.0787, -1.3051 1.2313 0.0787, -1.4508 1.2313 0.0787, -1.3051 1.2007 0.0828, -1.4508 1.2007 0.0828, -1.3051 1.1722 0.0946, -1.4508 1.1722 0.0946, -1.3051 1.1478 0.1133, -1.4508 1.1478 0.1133, -1.3051 1.129 0.1378, -1.4508 1.129 0.1378, -1.3051 1.1172 0.1663, -1.4508 1.1172 0.1663, -1.3051 1.1132 0.1969, -1.4508 1.1132 0.1969, -1.4508 1.064 1.272, -1.4508 1.064 0.2598, -1.4508 0.6703 1.9745, -1.4508 0.6703 2.1707, -1.4508 1.1132 0.2598, -1.3051 0.6703 2.1707, -1.3051 0.6703 1.9745, -1.3051 1.064 1.272, -1.3051 1.064 0.2598, -1.3051 1.1132 0.2598, -1.3051 0.6703 3.2881, -1.3051 0.6703 3.242, -1.3051 0.692 3.2573, -1.4508 0.6703 3.2881, -1.4508 0.692 3.2573, -1.4508 0.6703 3.242, -1.3051 0.3553 3.064, -1.4508 0.3553 3.064, -1.4508 0.3231 2.9818, -1.3051 0.3231 2.9818, -1.4508 0.3099 2.8945, -1.3051 0.3099 2.8945, -1.4508 0.3166 2.8064, -1.3051 0.3166 2.8064, -1.4508 0.3428 2.7221, -1.3051 0.3428 2.7221, -1.3051 0.3553 2.6935, -1.4508 0.3553 2.6935, -2.4862 1.0013 1.2187, -2.6319 1.0013 1.2187, -2.4862 1.0261 1.1414, -2.6319 1.0261 1.1414, -2.4862 1.0344 1.0607, -2.6319 1.0344 1.0607, -2.4862 1.0344 0.1969, -2.6319 1.0344 0.1969, -2.6319 1.0411 0.1459, -2.4862 1.0411 0.1459, -2.6319 1.0608 0.0984, -2.4862 1.0608 0.0984, -2.6319 1.0921 0.0577, -2.4862 1.0921 0.0577, -2.6319 1.1328 0.0264, -2.4862 1.1328 0.0264, -2.6319 1.1803 0.0067, -2.4862 1.1803 0.0067, -2.6319 1.2313 0.0, -2.4862 1.2313 0.0, -2.4862 1.6643 0.0, -2.6319 1.6643 0.0, -2.4862 1.6643 0.0787, -2.6319 1.6643 0.0787, -2.4862 1.2313 0.0787, -2.6319 1.2313 0.0787, -2.4862 1.2007 0.0828, -2.6319 1.2007 0.0828, -2.4862 1.1722 0.0946, -2.6319 1.1722 0.0946, -2.4862 1.1478 0.1133, -2.6319 1.1478 0.1133, -2.4862 1.129 0.1378, -2.6319 1.129 0.1378, -2.4862 1.1172 0.1663, -2.6319 1.1172 0.1663, -2.4862 1.1132 0.1969, -2.6319 1.1132 0.1969, -2.4862 1.1132 0.2598, -2.6319 1.1132 0.2598, -2.4862 0.6703 2.1707, -2.4862 1.064 1.272, -2.6319 0.6703 2.1707, -2.6319 1.064 1.272, -2.4862 0.6703 1.9745, -2.6319 0.6703 1.9745, -2.4862 1.064 0.2598, -2.6319 1.064 0.2598, -2.4862 0.3553 2.6935, -2.4862 0.3428 2.7221, -2.6319 0.3553 2.6935, -2.6319 0.3428 2.7221, -2.4862 0.3553 3.064, -2.6319 0.3553 3.064, -2.6319 0.3231 2.9818, -2.4862 0.3231 2.9818, -2.6319 0.3099 2.8945, -2.4862 0.3099 2.8945, -2.6319 0.3166 2.8064, -2.4862 0.3166 2.8064, -2.8799 1.0013 1.2187, -3.0256 1.0013 1.2187, -2.8799 1.0261 1.1414, -3.0256 1.0261 1.1414, -2.8799 1.0344 1.0607, -3.0256 1.0344 1.0607, -2.8799 1.0344 0.1969, -3.0256 1.0344 0.1969, -3.0256 1.0411 0.1459, -2.8799 1.0411 0.1459, -3.0256 1.0608 0.0984, -2.8799 1.0608 0.0984, -3.0256 1.0921 0.0577, -2.8799 1.0921 0.0577, -3.0256 1.1328 0.0264, -2.8799 1.1328 0.0264, -3.0256 1.1803 0.0067, -2.8799 1.1803 0.0067, -3.0256 1.2313 0.0, -2.8799 1.2313 0.0, -2.8799 1.6643 0.0, -3.0256 1.6643 0.0, -2.8799 1.6643 0.0787, -3.0256 1.6643 0.0787, -2.8799 1.2313 0.0787, -3.0256 1.2313 0.0787, -2.8799 1.2007 0.0828, -3.0256 1.2007 0.0828, -2.8799 1.1722 0.0946, -3.0256 1.1722 0.0946, -2.8799 1.1478 0.1133, -3.0256 1.1478 0.1133, -2.8799 1.129 0.1378, -3.0256 1.129 0.1378, -2.8799 1.1172 0.1663, -3.0256 1.1172 0.1663, -2.8799 1.1132 0.1969, -3.0256 1.1132 0.1969, -2.8799 1.1132 0.2598, -3.0256 1.1132 0.2598, -2.8799 0.6703 2.1707, -2.8799 1.064 1.272, -3.0256 0.6703 2.1707, -3.0256 1.064 1.272, -2.8799 0.6703 1.9745, -3.0256 0.6703 1.9745, -2.8799 1.064 0.2598, -3.0256 1.064 0.2598, -2.8799 0.3553 2.6935, -2.8799 0.3428 2.7221, -3.0256 0.3553 2.6935, -3.0256 0.3428 2.7221, -2.8799 0.3553 3.064, -3.0256 0.3553 3.064, -3.0256 0.3231 2.9818, -2.8799 0.3231 2.9818, -3.0256 0.3099 2.8945, -2.8799 0.3099 2.8945, -3.0256 0.3166 2.8064, -2.8799 0.3166 2.8064, -3.2736 1.0013 1.2187, -3.4193 1.0013 1.2187, -3.2736 1.0261 1.1414, -3.4193 1.0261 1.1414, -3.2736 1.0344 1.0607, -3.4193 1.0344 1.0607, -3.2736 1.0344 0.1969, -3.4193 1.0344 0.1969, -3.4193 1.0411 0.1459, -3.2736 1.0411 0.1459, -3.4193 1.0608 0.0984, -3.2736 1.0608 0.0984, -3.4193 1.0921 0.0577, -3.2736 1.0921 0.0577, -3.4193 1.1328 0.0264, -3.2736 1.1328 0.0264, -3.4193 1.1803 0.0067, -3.2736 1.1803 0.0067, -3.4193 1.2313 0.0, -3.2736 1.2313 0.0, -3.2736 1.6643 0.0, -3.4193 1.6643 0.0, -3.2736 1.6643 0.0787, -3.4193 1.6643 0.0787, -3.2736 1.2313 0.0787, -3.4193 1.2313 0.0787, -3.2736 1.2007 0.0828, -3.4193 1.2007 0.0828, -3.2736 1.1722 0.0946, -3.4193 1.1722 0.0946, -3.2736 1.1478 0.1133, -3.4193 1.1478 0.1133, -3.2736 1.129 0.1378, -3.4193 1.129 0.1378, -3.2736 1.1172 0.1663, -3.4193 1.1172 0.1663, -3.2736 1.1132 0.1969, -3.4193 1.1132 0.1969, -3.2736 1.1132 0.2598, -3.4193 1.1132 0.2598, -3.2736 0.6703 2.1707, -3.2736 1.064 1.272, -3.4193 0.6703 2.1707, -3.4193 1.064 1.272, -3.2736 0.6703 1.9745, -3.4193 0.6703 1.9745, -3.2736 1.064 0.2598, -3.4193 1.064 0.2598, -3.2736 0.3553 2.6935, -3.2736 0.3428 2.7221, -3.4193 0.3553 2.6935, -3.4193 0.3428 2.7221, -3.2736 0.3553 3.064, -3.4193 0.3553 3.064, -3.4193 0.3231 2.9818, -3.2736 0.3231 2.9818, -3.4193 0.3099 2.8945, -3.2736 0.3099 2.8945, -3.4193 0.3166 2.8064, -3.2736 0.3166 2.8064, -3.6673 1.0013 1.2187, -3.813 1.0013 1.2187, -3.6673 1.0261 1.1414, -3.813 1.0261 1.1414, -3.6673 1.0344 1.0607, -3.813 1.0344 1.0607, -3.6673 1.0344 0.1969, -3.813 1.0344 0.1969, -3.813 1.0411 0.1459, -3.6673 1.0411 0.1459, -3.813 1.0608 0.0984, -3.6673 1.0608 0.0984, -3.813 1.0921 0.0577, -3.6673 1.0921 0.0577, -3.813 1.1328 0.0264, -3.6673 1.1328 0.0264, -3.813 1.1803 0.0067, -3.6673 1.1803 0.0067, -3.813 1.2313 0.0, -3.6673 1.2313 0.0, -3.6673 1.6643 0.0, -3.813 1.6643 0.0, -3.6673 1.6643 0.0787, -3.813 1.6643 0.0787, -3.6673 1.2313 0.0787, -3.813 1.2313 0.0787, -3.6673 1.2007 0.0828, -3.813 1.2007 0.0828, -3.6673 1.1722 0.0946, -3.813 1.1722 0.0946, -3.6673 1.1478 0.1133, -3.813 1.1478 0.1133, -3.6673 1.129 0.1378, -3.813 1.129 0.1378, -3.6673 1.1172 0.1663, -3.813 1.1172 0.1663, -3.6673 1.1132 0.1969, -3.813 1.1132 0.1969, -3.6673 1.1132 0.2598, -3.813 1.1132 0.2598, -3.6673 0.6703 2.1707, -3.6673 1.064 1.272, -3.813 0.6703 2.1707, -3.813 1.064 1.272, -3.6673 0.6703 1.9745, -3.813 0.6703 1.9745, -3.6673 1.064 0.2598, -3.813 1.064 0.2598, -3.6673 0.3553 2.6935, -3.6673 0.3428 2.7221, -3.813 0.3553 2.6935, -3.813 0.3428 2.7221, -3.6673 0.3553 3.064, -3.813 0.3553 3.064, -3.813 0.3231 2.9818, -3.6673 0.3231 2.9818, -3.813 0.3099 2.8945, -3.6673 0.3099 2.8945, -3.813 0.3166 2.8064, -3.6673 0.3166 2.8064, -4.061 1.0013 1.2187, -4.2067 1.0013 1.2187, -4.061 1.0261 1.1414, -4.2067 1.0261 1.1414, -4.061 1.0344 1.0607, -4.2067 1.0344 1.0607, -4.061 1.0344 0.1969, -4.2067 1.0344 0.1969, -4.2067 1.0411 0.1459, -4.061 1.0411 0.1459, -4.2067 1.0608 0.0984, -4.061 1.0608 0.0984, -4.2067 1.0921 0.0577, -4.061 1.0921 0.0577, -4.2067 1.1328 0.0264, -4.061 1.1328 0.0264, -4.2067 1.1803 0.0067, -4.061 1.1803 0.0067, -4.2067 1.2313 0.0, -4.061 1.2313 0.0, -4.061 1.6643 0.0, -4.2067 1.6643 0.0, -4.061 1.6643 0.0787, -4.2067 1.6643 0.0787, -4.061 1.2313 0.0787, -4.2067 1.2313 0.0787, -4.061 1.2007 0.0828, -4.2067 1.2007 0.0828, -4.061 1.1722 0.0946, -4.2067 1.1722 0.0946, -4.061 1.1478 0.1133, -4.2067 1.1478 0.1133, -4.061 1.129 0.1378, -4.2067 1.129 0.1378, -4.061 1.1172 0.1663, -4.2067 1.1172 0.1663, -4.061 1.1132 0.1969, -4.2067 1.1132 0.1969, -4.061 1.1132 0.2598, -4.2067 1.1132 0.2598, -4.061 0.6703 2.1707, -4.061 1.064 1.272, -4.2067 0.6703 2.1707, -4.2067 1.064 1.272, -4.061 0.6703 1.9745, -4.2067 0.6703 1.9745, -4.061 1.064 0.2598, -4.2067 1.064 0.2598, -4.061 0.3553 2.6935, -4.061 0.3428 2.7221, -4.2067 0.3553 2.6935, -4.2067 0.3428 2.7221, -4.061 0.3553 3.064, -4.2067 0.3553 3.064, -4.2067 0.3231 2.9818, -4.061 0.3231 2.9818, -4.2067 0.3099 2.8945, -4.061 0.3099 2.8945, -4.2067 0.3166 2.8064, -4.061 0.3166 2.8064, -4.4547 1.0013 1.2187, -4.6004 1.0013 1.2187, -4.4547 1.0261 1.1414, -4.6004 1.0261 1.1414, -4.4547 1.0344 1.0607, -4.6004 1.0344 1.0607, -4.4547 1.0344 0.1969, -4.6004 1.0344 0.1969, -4.6004 1.0411 0.1459, -4.4547 1.0411 0.1459, -4.6004 1.0608 0.0984, -4.4547 1.0608 0.0984, -4.6004 1.0921 0.0577, -4.4547 1.0921 0.0577, -4.6004 1.1328 0.0264, -4.4547 1.1328 0.0264, -4.6004 1.1803 0.0067, -4.4547 1.1803 0.0067, -4.6004 1.2313 0.0, -4.4547 1.2313 0.0, -4.4547 1.6643 0.0, -4.6004 1.6643 0.0, -4.4547 1.6643 0.0787, -4.6004 1.6643 0.0787, -4.4547 1.2313 0.0787, -4.6004 1.2313 0.0787, -4.4547 1.2007 0.0828, -4.6004 1.2007 0.0828, -4.4547 1.1722 0.0946, -4.6004 1.1722 0.0946, -4.4547 1.1478 0.1133, -4.6004 1.1478 0.1133, -4.4547 1.129 0.1378, -4.6004 1.129 0.1378, -4.4547 1.1172 0.1663, -4.6004 1.1172 0.1663, -4.4547 1.1132 0.1969, -4.6004 1.1132 0.1969, -4.4547 1.1132 0.2598, -4.6004 1.1132 0.2598, -4.4547 0.6703 2.1707, -4.4547 1.064 1.272, -4.6004 0.6703 2.1707, -4.6004 1.064 1.272, -4.4547 0.6703 1.9745, -4.6004 0.6703 1.9745, -4.4547 1.064 0.2598, -4.6004 1.064 0.2598, -4.4547 0.3553 2.6935, -4.4547 0.3428 2.7221, -4.6004 0.3553 2.6935, -4.6004 0.3428 2.7221, -4.4547 0.3553 3.064, -4.6004 0.3553 3.064, -4.6004 0.3231 2.9818, -4.4547 0.3231 2.9818, -4.6004 0.3099 2.8945, -4.4547 0.3099 2.8945, -4.6004 0.3166 2.8064, -4.4547 0.3166 2.8064, -4.8484 1.0013 1.2187, -4.9941 1.0013 1.2187, -4.8484 1.0261 1.1414, -4.9941 1.0261 1.1414, -4.8484 1.0344 1.0607, -4.9941 1.0344 1.0607, -4.8484 1.0344 0.1969, -4.9941 1.0344 0.1969, -4.9941 1.0411 0.1459, -4.8484 1.0411 0.1459, -4.9941 1.0608 0.0984, -4.8484 1.0608 0.0984, -4.9941 1.0921 0.0577, -4.8484 1.0921 0.0577, -4.9941 1.1328 0.0264, -4.8484 1.1328 0.0264, -4.9941 1.1803 0.0067, -4.8484 1.1803 0.0067, -4.9941 1.2313 0.0, -4.8484 1.2313 0.0, -4.8484 1.6643 0.0, -4.9941 1.6643 0.0, -4.8484 1.6643 0.0787, -4.9941 1.6643 0.0787, -4.8484 1.2313 0.0787, -4.9941 1.2313 0.0787, -4.8484 1.2007 0.0828, -4.9941 1.2007 0.0828, -4.8484 1.1722 0.0946, -4.9941 1.1722 0.0946, -4.8484 1.1478 0.1133, -4.9941 1.1478 0.1133, -4.8484 1.129 0.1378, -4.9941 1.129 0.1378, -4.8484 1.1172 0.1663, -4.9941 1.1172 0.1663, -4.8484 1.1132 0.1969, -4.9941 1.1132 0.1969, -4.8484 1.1132 0.2598, -4.9941 1.1132 0.2598, -4.8484 0.6703 2.1707, -4.8484 1.064 1.272, -4.9941 0.6703 2.1707, -4.9941 1.064 1.272, -4.8484 0.6703 1.9745, -4.9941 0.6703 1.9745, -4.8484 1.064 0.2598, -4.9941 1.064 0.2598, -4.8484 0.3553 2.6935, -4.8484 0.3428 2.7221, -4.9941 0.3553 2.6935, -4.9941 0.3428 2.7221, -4.8484 0.3553 3.064, -4.9941 0.3553 3.064, -4.9941 0.3231 2.9818, -4.8484 0.3231 2.9818, -4.9941 0.3099 2.8945, -4.8484 0.3099 2.8945, -4.9941 0.3166 2.8064, -4.8484 0.3166 2.8064, -5.2421 1.0013 1.2187, -5.3878 1.0013 1.2187, -5.2421 1.0261 1.1414, -5.3878 1.0261 1.1414, -5.2421 1.0344 1.0607, -5.3878 1.0344 1.0607, -5.2421 1.0344 0.1969, -5.3878 1.0344 0.1969, -5.3878 1.0411 0.1459, -5.2421 1.0411 0.1459, -5.3878 1.0608 0.0984, -5.2421 1.0608 0.0984, -5.3878 1.0921 0.0577, -5.2421 1.0921 0.0577, -5.3878 1.1328 0.0264, -5.2421 1.1328 0.0264, -5.3878 1.1803 0.0067, -5.2421 1.1803 0.0067, -5.3878 1.2313 0.0, -5.2421 1.2313 0.0, -5.2421 1.6643 0.0, -5.3878 1.6643 0.0, -5.2421 1.6643 0.0787, -5.3878 1.6643 0.0787, -5.2421 1.2313 0.0787, -5.3878 1.2313 0.0787, -5.2421 1.2007 0.0828, -5.3878 1.2007 0.0828, -5.2421 1.1722 0.0946, -5.3878 1.1722 0.0946, -5.2421 1.1478 0.1133, -5.3878 1.1478 0.1133, -5.2421 1.129 0.1378, -5.3878 1.129 0.1378, -5.2421 1.1172 0.1663, -5.3878 1.1172 0.1663, -5.2421 1.1132 0.1969, -5.3878 1.1132 0.1969, -5.2421 1.1132 0.2598, -5.3878 1.1132 0.2598, -5.2421 0.6703 2.1707, -5.2421 1.064 1.272, -5.3878 0.6703 2.1707, -5.3878 1.064 1.272, -5.2421 0.6703 1.9745, -5.3878 0.6703 1.9745, -5.2421 1.064 0.2598, -5.3878 1.064 0.2598, -5.2421 0.3553 2.6935, -5.2421 0.3428 2.7221, -5.3878 0.3553 2.6935, -5.3878 0.3428 2.7221, -5.2421 0.3553 3.064, -5.3878 0.3553 3.064, -5.3878 0.3231 2.9818, -5.2421 0.3231 2.9818, -5.3878 0.3099 2.8945, -5.2421 0.3099 2.8945, -5.3878 0.3166 2.8064, -5.2421 0.3166 2.8064, -5.6358 1.0013 1.2187, -5.7815 1.0013 1.2187, -5.6358 1.0261 1.1414, -5.7815 1.0261 1.1414, -5.6358 1.0344 1.0607, -5.7815 1.0344 1.0607, -5.6358 1.0344 0.1969, -5.7815 1.0344 0.1969, -5.7815 1.0411 0.1459, -5.6358 1.0411 0.1459, -5.7815 1.0608 0.0984, -5.6358 1.0608 0.0984, -5.7815 1.0921 0.0577, -5.6358 1.0921 0.0577, -5.7815 1.1328 0.0264, -5.6358 1.1328 0.0264, -5.7815 1.1803 0.0067, -5.6358 1.1803 0.0067, -5.7815 1.2313 0.0, -5.6358 1.2313 0.0, -5.6358 1.6643 0.0, -5.7815 1.6643 0.0, -5.6358 1.6643 0.0787, -5.7815 1.6643 0.0787, -5.6358 1.2313 0.0787, -5.7815 1.2313 0.0787, -5.6358 1.2007 0.0828, -5.7815 1.2007 0.0828, -5.6358 1.1722 0.0946, -5.7815 1.1722 0.0946, -5.6358 1.1478 0.1133, -5.7815 1.1478 0.1133, -5.6358 1.129 0.1378, -5.7815 1.129 0.1378, -5.6358 1.1172 0.1663, -5.7815 1.1172 0.1663, -5.6358 1.1132 0.1969, -5.7815 1.1132 0.1969, -5.6358 1.1132 0.2598, -5.7815 1.1132 0.2598, -5.6358 0.6703 2.1707, -5.6358 1.064 1.272, -5.7815 0.6703 2.1707, -5.7815 1.064 1.272, -5.6358 0.6703 1.9745, -5.7815 0.6703 1.9745, -5.6358 1.064 0.2598, -5.7815 1.064 0.2598, -5.6358 0.3553 2.6935, -5.6358 0.3428 2.7221, -5.7815 0.3553 2.6935, -5.7815 0.3428 2.7221, -5.6358 0.3553 3.064, -5.7815 0.3553 3.064, -5.7815 0.3231 2.9818, -5.6358 0.3231 2.9818, -5.7815 0.3099 2.8945, -5.6358 0.3099 2.8945, -5.7815 0.3166 2.8064, -5.6358 0.3166 2.8064, -6.0295 1.0013 1.2187, -6.1752 1.0013 1.2187, -6.0295 1.0261 1.1414, -6.1752 1.0261 1.1414, -6.0295 1.0344 1.0607, -6.1752 1.0344 1.0607, -6.0295 1.0344 0.1969, -6.1752 1.0344 0.1969, -6.1752 1.0411 0.1459, -6.0295 1.0411 0.1459, -6.1752 1.0608 0.0984, -6.0295 1.0608 0.0984, -6.1752 1.0921 0.0577, -6.0295 1.0921 0.0577, -6.1752 1.1328 0.0264, -6.0295 1.1328 0.0264, -6.1752 1.1803 0.0067, -6.0295 1.1803 0.0067, -6.1752 1.2313 0.0, -6.0295 1.2313 0.0, -6.0295 1.6643 0.0, -6.1752 1.6643 0.0, -6.0295 1.6643 0.0787, -6.1752 1.6643 0.0787, -6.0295 1.2313 0.0787, -6.1752 1.2313 0.0787, -6.0295 1.2007 0.0828, -6.1752 1.2007 0.0828, -6.0295 1.1722 0.0946, -6.1752 1.1722 0.0946, -6.0295 1.1478 0.1133, -6.1752 1.1478 0.1133, -6.0295 1.129 0.1378, -6.1752 1.129 0.1378, -6.0295 1.1172 0.1663, -6.1752 1.1172 0.1663, -6.0295 1.1132 0.1969, -6.1752 1.1132 0.1969, -6.0295 1.1132 0.2598, -6.1752 1.1132 0.2598, -6.0295 0.6703 2.1707, -6.0295 1.064 1.272, -6.1752 0.6703 2.1707, -6.1752 1.064 1.272, -6.0295 0.6703 1.9745, -6.1752 0.6703 1.9745, -6.0295 1.064 0.2598, -6.1752 1.064 0.2598, -6.0295 0.3553 2.6935, -6.0295 0.3428 2.7221, -6.1752 0.3553 2.6935, -6.1752 0.3428 2.7221, -6.0295 0.3553 3.064, -6.1752 0.3553 3.064, -6.1752 0.3231 2.9818, -6.0295 0.3231 2.9818, -6.1752 0.3099 2.8945, -6.0295 0.3099 2.8945, -6.1752 0.3166 2.8064, -6.0295 0.3166 2.8064, -6.4232 1.0013 1.2187, -6.5689 1.0013 1.2187, -6.4232 1.0261 1.1414, -6.5689 1.0261 1.1414, -6.4232 1.0344 1.0607, -6.5689 1.0344 1.0607, -6.4232 1.0344 0.1969, -6.5689 1.0344 0.1969, -6.5689 1.0411 0.1459, -6.4232 1.0411 0.1459, -6.5689 1.0608 0.0984, -6.4232 1.0608 0.0984, -6.5689 1.0921 0.0577, -6.4232 1.0921 0.0577, -6.5689 1.1328 0.0264, -6.4232 1.1328 0.0264, -6.5689 1.1803 0.0067, -6.4232 1.1803 0.0067, -6.5689 1.2313 0.0, -6.4232 1.2313 0.0, -6.4232 1.6643 0.0, -6.5689 1.6643 0.0, -6.4232 1.6643 0.0787, -6.5689 1.6643 0.0787, -6.4232 1.2313 0.0787, -6.5689 1.2313 0.0787, -6.4232 1.2007 0.0828, -6.5689 1.2007 0.0828, -6.4232 1.1722 0.0946, -6.5689 1.1722 0.0946, -6.4232 1.1478 0.1133, -6.5689 1.1478 0.1133, -6.4232 1.129 0.1378, -6.5689 1.129 0.1378, -6.4232 1.1172 0.1663, -6.5689 1.1172 0.1663, -6.4232 1.1132 0.1969, -6.5689 1.1132 0.1969, -6.4232 1.1132 0.2598, -6.5689 1.1132 0.2598, -6.4232 0.6703 2.1707, -6.4232 1.064 1.272, -6.5689 0.6703 2.1707, -6.5689 1.064 1.272, -6.4232 0.6703 1.9745, -6.5689 0.6703 1.9745, -6.4232 1.064 0.2598, -6.5689 1.064 0.2598, -6.4232 0.3553 2.6935, -6.4232 0.3428 2.7221, -6.5689 0.3553 2.6935, -6.5689 0.3428 2.7221, -6.4232 0.3553 3.064, -6.5689 0.3553 3.064, -6.5689 0.3231 2.9818, -6.4232 0.3231 2.9818, -6.5689 0.3099 2.8945, -6.4232 0.3099 2.8945, -6.5689 0.3166 2.8064, -6.4232 0.3166 2.8064
            ]
        }
        coordIndex [
            0,1,2,-1,2,1,3,-1,2,3,4,-1,4,3,5,-1,4,5,6,-1,6,5,7,-1,6,7,8,-1,8,7,9,-1,8,9,10,-1,10,9,11,-1,10,11,12,-1,12,11,13,-1,14,12,15,-1,15,12,13,-1,16,14,17,-1,17,14,15,-1,18,16,19,-1,19,16,17,-1,18,19,20,-1,18,20,21,-1,21,20,22,-1,21,22,23,-1,23,22,24,-1,23,24,25,-1,25,24,26,-1,25,26,27,-1,27,26,28,-1,27,28,29,-1,29,28,30,-1,29,30,31,-1,32,31,33,-1,33,31,30,-1,32,33,34,-1,34,33,35,-1,34,35,36,-1,36,35,37,-1,38,39,40,-1,40,39,37,-1,30,41,33,-1,33,41,40,-1,33,40,35,-1,35,40,37,-1,42,41,1,-1,1,41,30,-1,1,30,3,-1,3,30,28,-1,3,28,5,-1,5,28,26,-1,5,26,7,-1,7,26,24,-1,7,24,9,-1,9,24,22,-1,9,22,11,-1,11,22,20,-1,11,20,13,-1,13,20,19,-1,13,19,15,-1,15,19,17,-1,43,44,32,-1,32,44,31,-1,45,46,36,-1,36,46,43,-1,36,43,34,-1,34,43,32,-1,14,16,12,-1,12,16,18,-1,12,18,10,-1,10,18,21,-1,10,21,8,-1,8,21,23,-1,8,23,6,-1,6,23,25,-1,6,25,4,-1,4,25,27,-1,4,27,2,-1,2,27,29,-1,2,29,0,-1,0,29,31,-1,0,31,47,-1,47,31,44,-1,38,40,46,-1,46,40,43,-1,42,1,47,-1,47,1,0,-1,36,37,45,-1,45,37,39,-1,48,49,50,-1,50,51,48,-1,48,51,52,-1,48,52,53,-1,54,55,56,-1,56,57,54,-1,54,57,58,-1,54,58,59,-1,56,52,51,-1,56,51,57,-1,57,51,50,-1,57,50,58,-1,58,50,49,-1,58,49,59,-1,59,49,48,-1,59,48,54,-1,52,56,53,-1,53,56,55,-1,60,61,62,-1,62,61,63,-1,64,61,65,-1,65,61,60,-1,64,63,61,-1,65,60,62,-1,66,67,68,-1,68,67,69,-1,68,69,70,-1,70,69,71,-1,70,71,72,-1,72,71,73,-1,72,73,74,-1,74,73,75,-1,74,75,76,-1,76,75,77,-1,76,77,78,-1,78,77,79,-1,80,78,81,-1,81,78,79,-1,82,80,83,-1,83,80,81,-1,84,82,85,-1,85,82,83,-1,84,85,86,-1,84,86,87,-1,87,86,88,-1,87,88,89,-1,89,88,90,-1,89,90,91,-1,91,90,92,-1,91,92,93,-1,93,92,94,-1,93,94,95,-1,95,94,96,-1,95,96,97,-1,98,97,99,-1,99,97,96,-1,98,99,100,-1,100,99,101,-1,100,101,102,-1,102,101,103,-1,104,105,106,-1,106,105,103,-1,96,107,99,-1,99,107,106,-1,99,106,101,-1,101,106,103,-1,108,107,67,-1,67,107,96,-1,67,96,69,-1,69,96,94,-1,69,94,71,-1,71,94,92,-1,71,92,73,-1,73,92,90,-1,73,90,75,-1,75,90,88,-1,75,88,77,-1,77,88,86,-1,77,86,79,-1,79,86,85,-1,79,85,81,-1,81,85,83,-1,109,110,98,-1,98,110,97,-1,111,112,102,-1,102,112,109,-1,102,109,100,-1,100,109,98,-1,80,82,78,-1,78,82,84,-1,78,84,76,-1,76,84,87,-1,76,87,74,-1,74,87,89,-1,74,89,72,-1,72,89,91,-1,72,91,70,-1,70,91,93,-1,70,93,68,-1,68,93,95,-1,68,95,66,-1,66,95,97,-1,66,97,113,-1,113,97,110,-1,104,106,112,-1,112,106,109,-1,102,103,111,-1,111,103,105,-1,108,67,113,-1,113,67,66,-1,114,115,116,-1,117,118,119,-1,114,116,117,-1,117,116,118,-1,118,116,119,-1,119,116,115,-1,120,121,122,-1,120,122,123,-1,123,122,124,-1,123,124,125,-1,125,124,126,-1,125,126,127,-1,127,126,128,-1,127,128,129,-1,121,120,130,-1,130,120,131,-1,129,131,120,-1,120,123,129,-1,129,123,125,-1,129,125,127,-1,128,126,124,-1,124,122,128,-1,128,122,121,-1,128,121,130,-1,132,133,134,-1,134,133,135,-1,134,135,136,-1,136,135,137,-1,136,137,138,-1,138,137,139,-1,138,139,140,-1,140,139,141,-1,140,141,142,-1,142,141,143,-1,142,143,144,-1,144,143,145,-1,146,144,147,-1,147,144,145,-1,148,146,149,-1,149,146,147,-1,150,148,151,-1,151,148,149,-1,150,151,152,-1,150,152,153,-1,153,152,154,-1,153,154,155,-1,155,154,156,-1,155,156,157,-1,157,156,158,-1,157,158,159,-1,159,158,160,-1,159,160,161,-1,161,160,162,-1,161,162,163,-1,164,163,165,-1,165,163,162,-1,164,165,166,-1,166,165,167,-1,166,167,168,-1,168,167,169,-1,170,171,172,-1,172,171,169,-1,162,173,165,-1,165,173,172,-1,165,172,167,-1,167,172,169,-1,174,173,133,-1,133,173,162,-1,133,162,135,-1,135,162,160,-1,135,160,137,-1,137,160,158,-1,137,158,139,-1,139,158,156,-1,139,156,141,-1,141,156,154,-1,141,154,143,-1,143,154,152,-1,143,152,145,-1,145,152,151,-1,145,151,147,-1,147,151,149,-1,175,176,164,-1,164,176,163,-1,177,178,168,-1,168,178,175,-1,168,175,166,-1,166,175,164,-1,146,148,144,-1,144,148,150,-1,144,150,142,-1,142,150,153,-1,142,153,140,-1,140,153,155,-1,140,155,138,-1,138,155,157,-1,138,157,136,-1,136,157,159,-1,136,159,134,-1,134,159,161,-1,134,161,132,-1,132,161,163,-1,132,163,179,-1,179,163,176,-1,170,172,178,-1,178,172,175,-1,168,169,177,-1,177,169,171,-1,174,133,179,-1,179,133,132,-1,180,181,182,-1,183,184,185,-1,180,182,183,-1,183,182,184,-1,184,182,185,-1,185,182,181,-1,186,187,188,-1,186,188,189,-1,189,188,190,-1,189,190,191,-1,191,190,192,-1,191,192,193,-1,193,192,194,-1,193,194,195,-1,187,186,196,-1,196,186,197,-1,195,197,186,-1,186,189,195,-1,195,189,191,-1,195,191,193,-1,194,192,190,-1,190,188,194,-1,194,188,187,-1,194,187,196,-1,198,199,200,-1,200,199,201,-1,200,201,202,-1,202,201,203,-1,202,203,204,-1,204,203,205,-1,204,205,206,-1,206,205,207,-1,206,207,208,-1,208,207,209,-1,208,209,210,-1,210,209,211,-1,212,210,213,-1,213,210,211,-1,214,212,215,-1,215,212,213,-1,216,214,217,-1,217,214,215,-1,216,217,218,-1,216,218,219,-1,219,218,220,-1,219,220,221,-1,221,220,222,-1,221,222,223,-1,223,222,224,-1,223,224,225,-1,225,224,226,-1,225,226,227,-1,227,226,228,-1,227,228,229,-1,230,229,231,-1,231,229,228,-1,230,231,232,-1,232,231,233,-1,232,233,234,-1,234,233,235,-1,236,237,238,-1,238,237,235,-1,228,239,231,-1,231,239,238,-1,231,238,233,-1,233,238,235,-1,240,239,199,-1,199,239,228,-1,199,228,201,-1,201,228,226,-1,201,226,203,-1,203,226,224,-1,203,224,205,-1,205,224,222,-1,205,222,207,-1,207,222,220,-1,207,220,209,-1,209,220,218,-1,209,218,211,-1,211,218,217,-1,211,217,213,-1,213,217,215,-1,241,242,230,-1,230,242,229,-1,243,244,234,-1,234,244,241,-1,234,241,232,-1,232,241,230,-1,212,214,210,-1,210,214,216,-1,210,216,208,-1,208,216,219,-1,208,219,206,-1,206,219,221,-1,206,221,204,-1,204,221,223,-1,204,223,202,-1,202,223,225,-1,202,225,200,-1,200,225,227,-1,200,227,198,-1,198,227,229,-1,198,229,245,-1,245,229,242,-1,236,238,244,-1,244,238,241,-1,234,235,243,-1,243,235,237,-1,240,199,245,-1,245,199,198,-1,246,247,248,-1,249,250,251,-1,246,248,249,-1,249,248,250,-1,250,248,251,-1,251,248,247,-1,252,253,254,-1,252,254,255,-1,255,254,256,-1,255,256,257,-1,257,256,258,-1,257,258,259,-1,259,258,260,-1,259,260,261,-1,253,252,262,-1,262,252,263,-1,261,263,252,-1,252,255,261,-1,261,255,257,-1,261,257,259,-1,260,258,256,-1,256,254,260,-1,260,254,253,-1,260,253,262,-1,264,265,266,-1,266,265,267,-1,266,267,268,-1,268,267,269,-1,268,269,270,-1,270,269,271,-1,270,271,272,-1,272,271,273,-1,272,273,274,-1,274,273,275,-1,274,275,276,-1,276,275,277,-1,278,276,279,-1,279,276,277,-1,280,278,281,-1,281,278,279,-1,282,280,283,-1,283,280,281,-1,282,283,284,-1,282,284,285,-1,285,284,286,-1,285,286,287,-1,287,286,288,-1,287,288,289,-1,289,288,290,-1,289,290,291,-1,291,290,292,-1,291,292,293,-1,293,292,294,-1,293,294,295,-1,296,295,297,-1,297,295,294,-1,296,297,298,-1,298,297,299,-1,298,299,300,-1,300,299,301,-1,302,303,304,-1,304,303,301,-1,294,305,297,-1,297,305,304,-1,297,304,299,-1,299,304,301,-1,306,305,265,-1,265,305,294,-1,265,294,267,-1,267,294,292,-1,267,292,269,-1,269,292,290,-1,269,290,271,-1,271,290,288,-1,271,288,273,-1,273,288,286,-1,273,286,275,-1,275,286,284,-1,275,284,277,-1,277,284,283,-1,277,283,279,-1,279,283,281,-1,307,308,296,-1,296,308,295,-1,309,310,300,-1,300,310,307,-1,300,307,298,-1,298,307,296,-1,278,280,276,-1,276,280,282,-1,276,282,274,-1,274,282,285,-1,274,285,272,-1,272,285,287,-1,272,287,270,-1,270,287,289,-1,270,289,268,-1,268,289,291,-1,268,291,266,-1,266,291,293,-1,266,293,264,-1,264,293,295,-1,264,295,311,-1,311,295,308,-1,302,304,310,-1,310,304,307,-1,300,301,309,-1,309,301,303,-1,306,265,311,-1,311,265,264,-1,312,313,314,-1,315,316,317,-1,312,314,315,-1,315,314,316,-1,316,314,317,-1,317,314,313,-1,318,319,320,-1,318,320,321,-1,321,320,322,-1,321,322,323,-1,323,322,324,-1,323,324,325,-1,325,324,326,-1,325,326,327,-1,319,318,328,-1,328,318,329,-1,327,329,318,-1,318,321,327,-1,327,321,323,-1,327,323,325,-1,326,324,322,-1,322,320,326,-1,326,320,319,-1,326,319,328,-1,330,331,332,-1,332,331,333,-1,332,333,334,-1,334,333,335,-1,334,335,336,-1,336,335,337,-1,336,337,338,-1,338,337,339,-1,338,339,340,-1,340,339,341,-1,340,341,342,-1,342,341,343,-1,344,342,345,-1,345,342,343,-1,346,344,347,-1,347,344,345,-1,348,346,349,-1,349,346,347,-1,348,349,350,-1,348,350,351,-1,351,350,352,-1,351,352,353,-1,353,352,354,-1,353,354,355,-1,355,354,356,-1,355,356,357,-1,357,356,358,-1,357,358,359,-1,359,358,360,-1,359,360,361,-1,362,361,363,-1,363,361,360,-1,362,363,364,-1,364,363,365,-1,364,365,366,-1,366,365,367,-1,368,369,370,-1,370,369,367,-1,360,371,363,-1,363,371,370,-1,363,370,365,-1,365,370,367,-1,372,371,331,-1,331,371,360,-1,331,360,333,-1,333,360,358,-1,333,358,335,-1,335,358,356,-1,335,356,337,-1,337,356,354,-1,337,354,339,-1,339,354,352,-1,339,352,341,-1,341,352,350,-1,341,350,343,-1,343,350,349,-1,343,349,345,-1,345,349,347,-1,373,374,362,-1,362,374,361,-1,375,376,366,-1,366,376,373,-1,366,373,364,-1,364,373,362,-1,344,346,342,-1,342,346,348,-1,342,348,340,-1,340,348,351,-1,340,351,338,-1,338,351,353,-1,338,353,336,-1,336,353,355,-1,336,355,334,-1,334,355,357,-1,334,357,332,-1,332,357,359,-1,332,359,330,-1,330,359,361,-1,330,361,377,-1,377,361,374,-1,368,370,376,-1,376,370,373,-1,366,367,375,-1,375,367,369,-1,372,331,377,-1,377,331,330,-1,378,379,380,-1,381,382,383,-1,378,380,381,-1,381,380,382,-1,382,380,383,-1,383,380,379,-1,384,385,386,-1,384,386,387,-1,387,386,388,-1,387,388,389,-1,389,388,390,-1,389,390,391,-1,391,390,392,-1,391,392,393,-1,385,384,394,-1,394,384,395,-1,393,395,384,-1,384,387,393,-1,393,387,389,-1,393,389,391,-1,392,390,388,-1,388,386,392,-1,392,386,385,-1,392,385,394,-1,396,397,398,-1,398,397,399,-1,398,399,400,-1,400,399,401,-1,400,401,402,-1,402,401,403,-1,402,403,404,-1,404,403,405,-1,404,405,406,-1,406,405,407,-1,406,407,408,-1,408,407,409,-1,410,408,411,-1,411,408,409,-1,412,410,413,-1,413,410,411,-1,414,412,415,-1,415,412,413,-1,414,415,416,-1,414,416,417,-1,417,416,418,-1,417,418,419,-1,419,418,420,-1,419,420,421,-1,421,420,422,-1,421,422,423,-1,423,422,424,-1,423,424,425,-1,425,424,426,-1,425,426,427,-1,428,427,429,-1,429,427,426,-1,428,429,430,-1,430,429,431,-1,430,431,432,-1,432,431,433,-1,434,435,436,-1,436,435,433,-1,426,437,429,-1,429,437,436,-1,429,436,431,-1,431,436,433,-1,438,437,397,-1,397,437,426,-1,397,426,399,-1,399,426,424,-1,399,424,401,-1,401,424,422,-1,401,422,403,-1,403,422,420,-1,403,420,405,-1,405,420,418,-1,405,418,407,-1,407,418,416,-1,407,416,409,-1,409,416,415,-1,409,415,411,-1,411,415,413,-1,439,440,428,-1,428,440,427,-1,441,442,432,-1,432,442,439,-1,432,439,430,-1,430,439,428,-1,410,412,408,-1,408,412,414,-1,408,414,406,-1,406,414,417,-1,406,417,404,-1,404,417,419,-1,404,419,402,-1,402,419,421,-1,402,421,400,-1,400,421,423,-1,400,423,398,-1,398,423,425,-1,398,425,396,-1,396,425,427,-1,396,427,443,-1,443,427,440,-1,434,436,442,-1,442,436,439,-1,432,433,441,-1,441,433,435,-1,438,397,443,-1,443,397,396,-1,444,445,446,-1,447,448,449,-1,444,446,447,-1,447,446,448,-1,448,446,449,-1,449,446,445,-1,450,451,452,-1,450,452,453,-1,453,452,454,-1,453,454,455,-1,455,454,456,-1,455,456,457,-1,457,456,458,-1,457,458,459,-1,451,450,460,-1,460,450,461,-1,459,461,450,-1,450,453,459,-1,459,453,455,-1,459,455,457,-1,458,456,454,-1,454,452,458,-1,458,452,451,-1,458,451,460,-1,462,463,464,-1,464,463,465,-1,464,465,466,-1,466,465,467,-1,466,467,468,-1,468,467,469,-1,468,469,470,-1,470,469,471,-1,470,471,472,-1,472,471,473,-1,472,473,474,-1,474,473,475,-1,476,474,477,-1,477,474,475,-1,478,476,479,-1,479,476,477,-1,480,478,481,-1,481,478,479,-1,480,481,482,-1,480,482,483,-1,483,482,484,-1,483,484,485,-1,485,484,486,-1,485,486,487,-1,487,486,488,-1,487,488,489,-1,489,488,490,-1,489,490,491,-1,491,490,492,-1,491,492,493,-1,494,493,495,-1,495,493,492,-1,494,495,496,-1,496,495,497,-1,496,497,498,-1,498,497,499,-1,500,501,502,-1,502,501,499,-1,492,503,495,-1,495,503,502,-1,495,502,497,-1,497,502,499,-1,504,503,463,-1,463,503,492,-1,463,492,465,-1,465,492,490,-1,465,490,467,-1,467,490,488,-1,467,488,469,-1,469,488,486,-1,469,486,471,-1,471,486,484,-1,471,484,473,-1,473,484,482,-1,473,482,475,-1,475,482,481,-1,475,481,477,-1,477,481,479,-1,505,506,494,-1,494,506,493,-1,507,508,498,-1,498,508,505,-1,498,505,496,-1,496,505,494,-1,476,478,474,-1,474,478,480,-1,474,480,472,-1,472,480,483,-1,472,483,470,-1,470,483,485,-1,470,485,468,-1,468,485,487,-1,468,487,466,-1,466,487,489,-1,466,489,464,-1,464,489,491,-1,464,491,462,-1,462,491,493,-1,462,493,509,-1,509,493,506,-1,500,502,508,-1,508,502,505,-1,498,499,507,-1,507,499,501,-1,504,463,509,-1,509,463,462,-1,510,511,512,-1,513,514,515,-1,510,512,513,-1,513,512,514,-1,514,512,515,-1,515,512,511,-1,516,517,518,-1,516,518,519,-1,519,518,520,-1,519,520,521,-1,521,520,522,-1,521,522,523,-1,523,522,524,-1,523,524,525,-1,517,516,526,-1,526,516,527,-1,525,527,516,-1,516,519,525,-1,525,519,521,-1,525,521,523,-1,524,522,520,-1,520,518,524,-1,524,518,517,-1,524,517,526,-1,528,529,530,-1,530,529,531,-1,530,531,532,-1,532,531,533,-1,532,533,534,-1,534,533,535,-1,534,535,536,-1,536,535,537,-1,536,537,538,-1,538,537,539,-1,538,539,540,-1,540,539,541,-1,542,540,543,-1,543,540,541,-1,544,542,545,-1,545,542,543,-1,546,544,547,-1,547,544,545,-1,546,547,548,-1,546,548,549,-1,549,548,550,-1,549,550,551,-1,551,550,552,-1,551,552,553,-1,553,552,554,-1,553,554,555,-1,555,554,556,-1,555,556,557,-1,557,556,558,-1,557,558,559,-1,560,559,561,-1,561,559,558,-1,560,561,562,-1,562,561,563,-1,562,563,564,-1,564,563,565,-1,566,567,568,-1,568,567,565,-1,558,569,561,-1,561,569,568,-1,561,568,563,-1,563,568,565,-1,570,569,529,-1,529,569,558,-1,529,558,531,-1,531,558,556,-1,531,556,533,-1,533,556,554,-1,533,554,535,-1,535,554,552,-1,535,552,537,-1,537,552,550,-1,537,550,539,-1,539,550,548,-1,539,548,541,-1,541,548,547,-1,541,547,543,-1,543,547,545,-1,571,572,560,-1,560,572,559,-1,573,574,564,-1,564,574,571,-1,564,571,562,-1,562,571,560,-1,542,544,540,-1,540,544,546,-1,540,546,538,-1,538,546,549,-1,538,549,536,-1,536,549,551,-1,536,551,534,-1,534,551,553,-1,534,553,532,-1,532,553,555,-1,532,555,530,-1,530,555,557,-1,530,557,528,-1,528,557,559,-1,528,559,575,-1,575,559,572,-1,566,568,574,-1,574,568,571,-1,564,565,573,-1,573,565,567,-1,570,529,575,-1,575,529,528,-1,576,577,578,-1,579,580,581,-1,576,578,579,-1,579,578,580,-1,580,578,581,-1,581,578,577,-1,582,583,584,-1,582,584,585,-1,585,584,586,-1,585,586,587,-1,587,586,588,-1,587,588,589,-1,589,588,590,-1,589,590,591,-1,583,582,592,-1,592,582,593,-1,591,593,582,-1,582,585,591,-1,591,585,587,-1,591,587,589,-1,590,588,586,-1,586,584,590,-1,590,584,583,-1,590,583,592,-1,594,595,596,-1,596,595,597,-1,596,597,598,-1,598,597,599,-1,598,599,600,-1,600,599,601,-1,600,601,602,-1,602,601,603,-1,602,603,604,-1,604,603,605,-1,604,605,606,-1,606,605,607,-1,608,606,609,-1,609,606,607,-1,610,608,611,-1,611,608,609,-1,612,610,613,-1,613,610,611,-1,612,613,614,-1,612,614,615,-1,615,614,616,-1,615,616,617,-1,617,616,618,-1,617,618,619,-1,619,618,620,-1,619,620,621,-1,621,620,622,-1,621,622,623,-1,623,622,624,-1,623,624,625,-1,626,625,627,-1,627,625,624,-1,626,627,628,-1,628,627,629,-1,628,629,630,-1,630,629,631,-1,632,633,634,-1,634,633,631,-1,624,635,627,-1,627,635,634,-1,627,634,629,-1,629,634,631,-1,636,635,595,-1,595,635,624,-1,595,624,597,-1,597,624,622,-1,597,622,599,-1,599,622,620,-1,599,620,601,-1,601,620,618,-1,601,618,603,-1,603,618,616,-1,603,616,605,-1,605,616,614,-1,605,614,607,-1,607,614,613,-1,607,613,609,-1,609,613,611,-1,637,638,626,-1,626,638,625,-1,639,640,630,-1,630,640,637,-1,630,637,628,-1,628,637,626,-1,608,610,606,-1,606,610,612,-1,606,612,604,-1,604,612,615,-1,604,615,602,-1,602,615,617,-1,602,617,600,-1,600,617,619,-1,600,619,598,-1,598,619,621,-1,598,621,596,-1,596,621,623,-1,596,623,594,-1,594,623,625,-1,594,625,641,-1,641,625,638,-1,632,634,640,-1,640,634,637,-1,630,631,639,-1,639,631,633,-1,636,595,641,-1,641,595,594,-1,642,643,644,-1,645,646,647,-1,642,644,645,-1,645,644,646,-1,646,644,647,-1,647,644,643,-1,648,649,650,-1,648,650,651,-1,651,650,652,-1,651,652,653,-1,653,652,654,-1,653,654,655,-1,655,654,656,-1,655,656,657,-1,649,648,658,-1,658,648,659,-1,657,659,648,-1,648,651,657,-1,657,651,653,-1,657,653,655,-1,656,654,652,-1,652,650,656,-1,656,650,649,-1,656,649,658,-1,660,661,662,-1,662,661,663,-1,662,663,664,-1,664,663,665,-1,664,665,666,-1,666,665,667,-1,666,667,668,-1,668,667,669,-1,668,669,670,-1,670,669,671,-1,670,671,672,-1,672,671,673,-1,674,672,675,-1,675,672,673,-1,676,674,677,-1,677,674,675,-1,678,676,679,-1,679,676,677,-1,678,679,680,-1,678,680,681,-1,681,680,682,-1,681,682,683,-1,683,682,684,-1,683,684,685,-1,685,684,686,-1,685,686,687,-1,687,686,688,-1,687,688,689,-1,689,688,690,-1,689,690,691,-1,692,691,693,-1,693,691,690,-1,692,693,694,-1,694,693,695,-1,694,695,696,-1,696,695,697,-1,698,699,700,-1,700,699,697,-1,690,701,693,-1,693,701,700,-1,693,700,695,-1,695,700,697,-1,702,701,661,-1,661,701,690,-1,661,690,663,-1,663,690,688,-1,663,688,665,-1,665,688,686,-1,665,686,667,-1,667,686,684,-1,667,684,669,-1,669,684,682,-1,669,682,671,-1,671,682,680,-1,671,680,673,-1,673,680,679,-1,673,679,675,-1,675,679,677,-1,703,704,692,-1,692,704,691,-1,705,706,696,-1,696,706,703,-1,696,703,694,-1,694,703,692,-1,674,676,672,-1,672,676,678,-1,672,678,670,-1,670,678,681,-1,670,681,668,-1,668,681,683,-1,668,683,666,-1,666,683,685,-1,666,685,664,-1,664,685,687,-1,664,687,662,-1,662,687,689,-1,662,689,660,-1,660,689,691,-1,660,691,707,-1,707,691,704,-1,698,700,706,-1,706,700,703,-1,696,697,705,-1,705,697,699,-1,702,661,707,-1,707,661,660,-1,708,709,710,-1,711,712,713,-1,708,710,711,-1,711,710,712,-1,712,710,713,-1,713,710,709,-1,714,715,716,-1,714,716,717,-1,717,716,718,-1,717,718,719,-1,719,718,720,-1,719,720,721,-1,721,720,722,-1,721,722,723,-1,715,714,724,-1,724,714,725,-1,723,725,714,-1,714,717,723,-1,723,717,719,-1,723,719,721,-1,722,720,718,-1,718,716,722,-1,722,716,715,-1,722,715,724,-1,726,727,728,-1,728,727,729,-1,728,729,730,-1,730,729,731,-1,730,731,732,-1,732,731,733,-1,732,733,734,-1,734,733,735,-1,734,735,736,-1,736,735,737,-1,736,737,738,-1,738,737,739,-1,740,738,741,-1,741,738,739,-1,742,740,743,-1,743,740,741,-1,744,742,745,-1,745,742,743,-1,744,745,746,-1,744,746,747,-1,747,746,748,-1,747,748,749,-1,749,748,750,-1,749,750,751,-1,751,750,752,-1,751,752,753,-1,753,752,754,-1,753,754,755,-1,755,754,756,-1,755,756,757,-1,758,757,759,-1,759,757,756,-1,758,759,760,-1,760,759,761,-1,760,761,762,-1,762,761,763,-1,764,765,766,-1,766,765,763,-1,756,767,759,-1,759,767,766,-1,759,766,761,-1,761,766,763,-1,768,767,727,-1,727,767,756,-1,727,756,729,-1,729,756,754,-1,729,754,731,-1,731,754,752,-1,731,752,733,-1,733,752,750,-1,733,750,735,-1,735,750,748,-1,735,748,737,-1,737,748,746,-1,737,746,739,-1,739,746,745,-1,739,745,741,-1,741,745,743,-1,769,770,758,-1,758,770,757,-1,771,772,762,-1,762,772,769,-1,762,769,760,-1,760,769,758,-1,740,742,738,-1,738,742,744,-1,738,744,736,-1,736,744,747,-1,736,747,734,-1,734,747,749,-1,734,749,732,-1,732,749,751,-1,732,751,730,-1,730,751,753,-1,730,753,728,-1,728,753,755,-1,728,755,726,-1,726,755,757,-1,726,757,773,-1,773,757,770,-1,764,766,772,-1,772,766,769,-1,762,763,771,-1,771,763,765,-1,768,727,773,-1,773,727,726,-1,774,775,776,-1,777,778,779,-1,774,776,777,-1,777,776,778,-1,778,776,779,-1,779,776,775,-1,780,781,782,-1,780,782,783,-1,783,782,784,-1,783,784,785,-1,785,784,786,-1,785,786,787,-1,787,786,788,-1,787,788,789,-1,781,780,790,-1,790,780,791,-1,789,791,780,-1,780,783,789,-1,789,783,785,-1,789,785,787,-1,788,786,784,-1,784,782,788,-1,788,782,781,-1,788,781,790,-1,792,793,794,-1,794,793,795,-1,794,795,796,-1,796,795,797,-1,796,797,798,-1,798,797,799,-1,798,799,800,-1,800,799,801,-1,800,801,802,-1,802,801,803,-1,802,803,804,-1,804,803,805,-1,806,804,807,-1,807,804,805,-1,808,806,809,-1,809,806,807,-1,810,808,811,-1,811,808,809,-1,810,811,812,-1,810,812,813,-1,813,812,814,-1,813,814,815,-1,815,814,816,-1,815,816,817,-1,817,816,818,-1,817,818,819,-1,819,818,820,-1,819,820,821,-1,821,820,822,-1,821,822,823,-1,824,823,825,-1,825,823,822,-1,824,825,826,-1,826,825,827,-1,826,827,828,-1,828,827,829,-1,830,831,832,-1,832,831,829,-1,822,833,825,-1,825,833,832,-1,825,832,827,-1,827,832,829,-1,834,833,793,-1,793,833,822,-1,793,822,795,-1,795,822,820,-1,795,820,797,-1,797,820,818,-1,797,818,799,-1,799,818,816,-1,799,816,801,-1,801,816,814,-1,801,814,803,-1,803,814,812,-1,803,812,805,-1,805,812,811,-1,805,811,807,-1,807,811,809,-1,835,836,824,-1,824,836,823,-1,837,838,828,-1,828,838,835,-1,828,835,826,-1,826,835,824,-1,806,808,804,-1,804,808,810,-1,804,810,802,-1,802,810,813,-1,802,813,800,-1,800,813,815,-1,800,815,798,-1,798,815,817,-1,798,817,796,-1,796,817,819,-1,796,819,794,-1,794,819,821,-1,794,821,792,-1,792,821,823,-1,792,823,839,-1,839,823,836,-1,830,832,838,-1,838,832,835,-1,828,829,837,-1,837,829,831,-1,834,793,839,-1,839,793,792,-1,840,841,842,-1,843,844,845,-1,840,842,843,-1,843,842,844,-1,844,842,845,-1,845,842,841,-1,846,847,848,-1,846,848,849,-1,849,848,850,-1,849,850,851,-1,851,850,852,-1,851,852,853,-1,853,852,854,-1,853,854,855,-1,847,846,856,-1,856,846,857,-1,855,857,846,-1,846,849,855,-1,855,849,851,-1,855,851,853,-1,854,852,850,-1,850,848,854,-1,854,848,847,-1,854,847,856,-1,858,859,860,-1,860,859,861,-1,860,861,862,-1,862,861,863,-1,862,863,864,-1,864,863,865,-1,864,865,866,-1,866,865,867,-1,866,867,868,-1,868,867,869,-1,868,869,870,-1,870,869,871,-1,872,870,873,-1,873,870,871,-1,874,872,875,-1,875,872,873,-1,876,874,877,-1,877,874,875,-1,876,877,878,-1,876,878,879,-1,879,878,880,-1,879,880,881,-1,881,880,882,-1,881,882,883,-1,883,882,884,-1,883,884,885,-1,885,884,886,-1,885,886,887,-1,887,886,888,-1,887,888,889,-1,890,889,891,-1,891,889,888,-1,890,891,892,-1,892,891,893,-1,892,893,894,-1,894,893,895,-1,896,897,898,-1,898,897,895,-1,888,899,891,-1,891,899,898,-1,891,898,893,-1,893,898,895,-1,900,899,859,-1,859,899,888,-1,859,888,861,-1,861,888,886,-1,861,886,863,-1,863,886,884,-1,863,884,865,-1,865,884,882,-1,865,882,867,-1,867,882,880,-1,867,880,869,-1,869,880,878,-1,869,878,871,-1,871,878,877,-1,871,877,873,-1,873,877,875,-1,901,902,890,-1,890,902,889,-1,903,904,894,-1,894,904,901,-1,894,901,892,-1,892,901,890,-1,872,874,870,-1,870,874,876,-1,870,876,868,-1,868,876,879,-1,868,879,866,-1,866,879,881,-1,866,881,864,-1,864,881,883,-1,864,883,862,-1,862,883,885,-1,862,885,860,-1,860,885,887,-1,860,887,858,-1,858,887,889,-1,858,889,905,-1,905,889,902,-1,896,898,904,-1,904,898,901,-1,894,895,903,-1,903,895,897,-1,900,859,905,-1,905,859,858,-1,906,907,908,-1,909,910,911,-1,906,908,909,-1,909,908,910,-1,910,908,911,-1,911,908,907,-1,912,913,914,-1,912,914,915,-1,915,914,916,-1,915,916,917,-1,917,916,918,-1,917,918,919,-1,919,918,920,-1,919,920,921,-1,913,912,922,-1,922,912,923,-1,921,923,912,-1,912,915,921,-1,921,915,917,-1,921,917,919,-1,920,918,916,-1,916,914,920,-1,920,914,913,-1,920,913,922,-1,924,925,926,-1,926,925,927,-1,926,927,928,-1,928,927,929,-1,928,929,930,-1,930,929,931,-1,930,931,932,-1,932,931,933,-1,932,933,934,-1,934,933,935,-1,934,935,936,-1,936,935,937,-1,938,936,939,-1,939,936,937,-1,940,938,941,-1,941,938,939,-1,942,940,943,-1,943,940,941,-1,942,943,944,-1,942,944,945,-1,945,944,946,-1,945,946,947,-1,947,946,948,-1,947,948,949,-1,949,948,950,-1,949,950,951,-1,951,950,952,-1,951,952,953,-1,953,952,954,-1,953,954,955,-1,956,955,957,-1,957,955,954,-1,956,957,958,-1,958,957,959,-1,958,959,960,-1,960,959,961,-1,962,963,964,-1,964,963,961,-1,954,965,957,-1,957,965,964,-1,957,964,959,-1,959,964,961,-1,966,965,925,-1,925,965,954,-1,925,954,927,-1,927,954,952,-1,927,952,929,-1,929,952,950,-1,929,950,931,-1,931,950,948,-1,931,948,933,-1,933,948,946,-1,933,946,935,-1,935,946,944,-1,935,944,937,-1,937,944,943,-1,937,943,939,-1,939,943,941,-1,967,968,956,-1,956,968,955,-1,969,970,960,-1,960,970,967,-1,960,967,958,-1,958,967,956,-1,938,940,936,-1,936,940,942,-1,936,942,934,-1,934,942,945,-1,934,945,932,-1,932,945,947,-1,932,947,930,-1,930,947,949,-1,930,949,928,-1,928,949,951,-1,928,951,926,-1,926,951,953,-1,926,953,924,-1,924,953,955,-1,924,955,971,-1,971,955,968,-1,962,964,970,-1,970,964,967,-1,960,961,969,-1,969,961,963,-1,966,925,971,-1,971,925,924,-1,972,973,974,-1,975,976,977,-1,972,974,975,-1,975,974,976,-1,976,974,977,-1,977,974,973,-1,978,979,980,-1,978,980,981,-1,981,980,982,-1,981,982,983,-1,983,982,984,-1,983,984,985,-1,985,984,986,-1,985,986,987,-1,979,978,988,-1,988,978,989,-1,987,989,978,-1,978,981,987,-1,987,981,983,-1,987,983,985,-1,986,984,982,-1,982,980,986,-1,986,980,979,-1,986,979,988,-1,990,991,992,-1,992,991,993,-1,992,993,994,-1,994,993,995,-1,994,995,996,-1,996,995,997,-1,996,997,998,-1,998,997,999,-1,998,999,1000,-1,1000,999,1001,-1,1000,1001,1002,-1,1002,1001,1003,-1,1004,1002,1005,-1,1005,1002,1003,-1,1006,1004,1007,-1,1007,1004,1005,-1,1008,1006,1009,-1,1009,1006,1007,-1,1008,1009,1010,-1,1008,1010,1011,-1,1011,1010,1012,-1,1011,1012,1013,-1,1013,1012,1014,-1,1013,1014,1015,-1,1015,1014,1016,-1,1015,1016,1017,-1,1017,1016,1018,-1,1017,1018,1019,-1,1019,1018,1020,-1,1019,1020,1021,-1,1022,1021,1023,-1,1023,1021,1020,-1,1022,1023,1024,-1,1024,1023,1025,-1,1024,1025,1026,-1,1026,1025,1027,-1,1028,1029,1030,-1,1030,1029,1027,-1,1020,1031,1023,-1,1023,1031,1030,-1,1023,1030,1025,-1,1025,1030,1027,-1,1032,1031,991,-1,991,1031,1020,-1,991,1020,993,-1,993,1020,1018,-1,993,1018,995,-1,995,1018,1016,-1,995,1016,997,-1,997,1016,1014,-1,997,1014,999,-1,999,1014,1012,-1,999,1012,1001,-1,1001,1012,1010,-1,1001,1010,1003,-1,1003,1010,1009,-1,1003,1009,1005,-1,1005,1009,1007,-1,1033,1034,1022,-1,1022,1034,1021,-1,1035,1036,1026,-1,1026,1036,1033,-1,1026,1033,1024,-1,1024,1033,1022,-1,1004,1006,1002,-1,1002,1006,1008,-1,1002,1008,1000,-1,1000,1008,1011,-1,1000,1011,998,-1,998,1011,1013,-1,998,1013,996,-1,996,1013,1015,-1,996,1015,994,-1,994,1015,1017,-1,994,1017,992,-1,992,1017,1019,-1,992,1019,990,-1,990,1019,1021,-1,990,1021,1037,-1,1037,1021,1034,-1,1028,1030,1036,-1,1036,1030,1033,-1,1026,1027,1035,-1,1035,1027,1029,-1,1032,991,1037,-1,1037,991,990,-1,1038,1039,1040,-1,1041,1042,1043,-1,1038,1040,1041,-1,1041,1040,1042,-1,1042,1040,1043,-1,1043,1040,1039,-1,1044,1045,1046,-1,1044,1046,1047,-1,1047,1046,1048,-1,1047,1048,1049,-1,1049,1048,1050,-1,1049,1050,1051,-1,1051,1050,1052,-1,1051,1052,1053,-1,1045,1044,1054,-1,1054,1044,1055,-1,1053,1055,1044,-1,1044,1047,1053,-1,1053,1047,1049,-1,1053,1049,1051,-1,1052,1050,1048,-1,1048,1046,1052,-1,1052,1046,1045,-1,1052,1045,1054,-1,1056,1057,1058,-1,1058,1057,1059,-1,1058,1059,1060,-1,1060,1059,1061,-1,1060,1061,1062,-1,1062,1061,1063,-1,1062,1063,1064,-1,1064,1063,1065,-1,1064,1065,1066,-1,1066,1065,1067,-1,1066,1067,1068,-1,1068,1067,1069,-1,1070,1068,1071,-1,1071,1068,1069,-1,1072,1070,1073,-1,1073,1070,1071,-1,1074,1072,1075,-1,1075,1072,1073,-1,1074,1075,1076,-1,1074,1076,1077,-1,1077,1076,1078,-1,1077,1078,1079,-1,1079,1078,1080,-1,1079,1080,1081,-1,1081,1080,1082,-1,1081,1082,1083,-1,1083,1082,1084,-1,1083,1084,1085,-1,1085,1084,1086,-1,1085,1086,1087,-1,1088,1087,1089,-1,1089,1087,1086,-1,1088,1089,1090,-1,1090,1089,1091,-1,1090,1091,1092,-1,1092,1091,1093,-1,1094,1095,1096,-1,1096,1095,1093,-1,1086,1097,1089,-1,1089,1097,1096,-1,1089,1096,1091,-1,1091,1096,1093,-1,1098,1097,1057,-1,1057,1097,1086,-1,1057,1086,1059,-1,1059,1086,1084,-1,1059,1084,1061,-1,1061,1084,1082,-1,1061,1082,1063,-1,1063,1082,1080,-1,1063,1080,1065,-1,1065,1080,1078,-1,1065,1078,1067,-1,1067,1078,1076,-1,1067,1076,1069,-1,1069,1076,1075,-1,1069,1075,1071,-1,1071,1075,1073,-1,1099,1100,1088,-1,1088,1100,1087,-1,1101,1102,1092,-1,1092,1102,1099,-1,1092,1099,1090,-1,1090,1099,1088,-1,1070,1072,1068,-1,1068,1072,1074,-1,1068,1074,1066,-1,1066,1074,1077,-1,1066,1077,1064,-1,1064,1077,1079,-1,1064,1079,1062,-1,1062,1079,1081,-1,1062,1081,1060,-1,1060,1081,1083,-1,1060,1083,1058,-1,1058,1083,1085,-1,1058,1085,1056,-1,1056,1085,1087,-1,1056,1087,1103,-1,1103,1087,1100,-1,1094,1096,1102,-1,1102,1096,1099,-1,1092,1093,1101,-1,1101,1093,1095,-1,1098,1057,1103,-1,1103,1057,1056,-1,1104,1105,1106,-1,1107,1108,1109,-1,1104,1106,1107,-1,1107,1106,1108,-1,1108,1106,1109,-1,1109,1106,1105,-1,1110,1111,1112,-1,1110,1112,1113,-1,1113,1112,1114,-1,1113,1114,1115,-1,1115,1114,1116,-1,1115,1116,1117,-1,1117,1116,1118,-1,1117,1118,1119,-1,1111,1110,1120,-1,1120,1110,1121,-1,1119,1121,1110,-1,1110,1113,1119,-1,1119,1113,1115,-1,1119,1115,1117,-1,1118,1116,1114,-1,1114,1112,1118,-1,1118,1112,1111,-1,1118,1111,1120,-1,1122,1123,1124,-1,1124,1123,1125,-1,1124,1125,1126,-1,1126,1125,1127,-1,1126,1127,1128,-1,1128,1127,1129,-1,1128,1129,1130,-1,1130,1129,1131,-1,1130,1131,1132,-1,1132,1131,1133,-1,1132,1133,1134,-1,1134,1133,1135,-1,1136,1134,1137,-1,1137,1134,1135,-1,1138,1136,1139,-1,1139,1136,1137,-1,1140,1138,1141,-1,1141,1138,1139,-1,1140,1141,1142,-1,1140,1142,1143,-1,1143,1142,1144,-1,1143,1144,1145,-1,1145,1144,1146,-1,1145,1146,1147,-1,1147,1146,1148,-1,1147,1148,1149,-1,1149,1148,1150,-1,1149,1150,1151,-1,1151,1150,1152,-1,1151,1152,1153,-1,1154,1153,1155,-1,1155,1153,1152,-1,1154,1155,1156,-1,1156,1155,1157,-1,1156,1157,1158,-1,1158,1157,1159,-1,1160,1161,1162,-1,1162,1161,1159,-1,1152,1163,1155,-1,1155,1163,1162,-1,1155,1162,1157,-1,1157,1162,1159,-1,1164,1163,1123,-1,1123,1163,1152,-1,1123,1152,1125,-1,1125,1152,1150,-1,1125,1150,1127,-1,1127,1150,1148,-1,1127,1148,1129,-1,1129,1148,1146,-1,1129,1146,1131,-1,1131,1146,1144,-1,1131,1144,1133,-1,1133,1144,1142,-1,1133,1142,1135,-1,1135,1142,1141,-1,1135,1141,1137,-1,1137,1141,1139,-1,1165,1166,1154,-1,1154,1166,1153,-1,1167,1168,1158,-1,1158,1168,1165,-1,1158,1165,1156,-1,1156,1165,1154,-1,1136,1138,1134,-1,1134,1138,1140,-1,1134,1140,1132,-1,1132,1140,1143,-1,1132,1143,1130,-1,1130,1143,1145,-1,1130,1145,1128,-1,1128,1145,1147,-1,1128,1147,1126,-1,1126,1147,1149,-1,1126,1149,1124,-1,1124,1149,1151,-1,1124,1151,1122,-1,1122,1151,1153,-1,1122,1153,1169,-1,1169,1153,1166,-1,1160,1162,1168,-1,1168,1162,1165,-1,1158,1159,1167,-1,1167,1159,1161,-1,1164,1123,1169,-1,1169,1123,1122,-1,1170,1171,1172,-1,1173,1174,1175,-1,1170,1172,1173,-1,1173,1172,1174,-1,1174,1172,1175,-1,1175,1172,1171,-1,1176,1177,1178,-1,1176,1178,1179,-1,1179,1178,1180,-1,1179,1180,1181,-1,1181,1180,1182,-1,1181,1182,1183,-1,1183,1182,1184,-1,1183,1184,1185,-1,1177,1176,1186,-1,1186,1176,1187,-1,1185,1187,1176,-1,1176,1179,1185,-1,1185,1179,1181,-1,1185,1181,1183,-1,1184,1182,1180,-1,1180,1178,1184,-1,1184,1178,1177,-1,1184,1177,1186,-1,1188,1189,1190,-1,1190,1189,1191,-1,1190,1191,1192,-1,1192,1191,1193,-1,1192,1193,1194,-1,1194,1193,1195,-1,1194,1195,1196,-1,1196,1195,1197,-1,1196,1197,1198,-1,1198,1197,1199,-1,1198,1199,1200,-1,1200,1199,1201,-1,1202,1200,1203,-1,1203,1200,1201,-1,1204,1202,1205,-1,1205,1202,1203,-1,1206,1204,1207,-1,1207,1204,1205,-1,1206,1207,1208,-1,1206,1208,1209,-1,1209,1208,1210,-1,1209,1210,1211,-1,1211,1210,1212,-1,1211,1212,1213,-1,1213,1212,1214,-1,1213,1214,1215,-1,1215,1214,1216,-1,1215,1216,1217,-1,1217,1216,1218,-1,1217,1218,1219,-1,1220,1219,1221,-1,1221,1219,1218,-1,1220,1221,1222,-1,1222,1221,1223,-1,1222,1223,1224,-1,1224,1223,1225,-1,1226,1227,1228,-1,1228,1227,1225,-1,1218,1229,1221,-1,1221,1229,1228,-1,1221,1228,1223,-1,1223,1228,1225,-1,1230,1229,1189,-1,1189,1229,1218,-1,1189,1218,1191,-1,1191,1218,1216,-1,1191,1216,1193,-1,1193,1216,1214,-1,1193,1214,1195,-1,1195,1214,1212,-1,1195,1212,1197,-1,1197,1212,1210,-1,1197,1210,1199,-1,1199,1210,1208,-1,1199,1208,1201,-1,1201,1208,1207,-1,1201,1207,1203,-1,1203,1207,1205,-1,1231,1232,1220,-1,1220,1232,1219,-1,1233,1234,1224,-1,1224,1234,1231,-1,1224,1231,1222,-1,1222,1231,1220,-1,1202,1204,1200,-1,1200,1204,1206,-1,1200,1206,1198,-1,1198,1206,1209,-1,1198,1209,1196,-1,1196,1209,1211,-1,1196,1211,1194,-1,1194,1211,1213,-1,1194,1213,1192,-1,1192,1213,1215,-1,1192,1215,1190,-1,1190,1215,1217,-1,1190,1217,1188,-1,1188,1217,1219,-1,1188,1219,1235,-1,1235,1219,1232,-1,1226,1228,1234,-1,1234,1228,1231,-1,1224,1225,1233,-1,1233,1225,1227,-1,1230,1189,1235,-1,1235,1189,1188,-1,1236,1237,1238,-1,1239,1240,1241,-1,1236,1238,1239,-1,1239,1238,1240,-1,1240,1238,1241,-1,1241,1238,1237,-1,1242,1243,1244,-1,1242,1244,1245,-1,1245,1244,1246,-1,1245,1246,1247,-1,1247,1246,1248,-1,1247,1248,1249,-1,1249,1248,1250,-1,1249,1250,1251,-1,1243,1242,1252,-1,1252,1242,1253,-1,1251,1253,1242,-1,1242,1245,1251,-1,1251,1245,1247,-1,1251,1247,1249,-1,1250,1248,1246,-1,1246,1244,1250,-1,1250,1244,1243,-1,1250,1243,1252,-1,1254,1255,1256,-1,1256,1255,1257,-1,1256,1257,1258,-1,1258,1257,1259,-1,1258,1259,1260,-1,1260,1259,1261,-1,1260,1261,1262,-1,1262,1261,1263,-1,1262,1263,1264,-1,1264,1263,1265,-1,1264,1265,1266,-1,1266,1265,1267,-1,1268,1266,1269,-1,1269,1266,1267,-1,1270,1268,1271,-1,1271,1268,1269,-1,1272,1270,1273,-1,1273,1270,1271,-1,1272,1273,1274,-1,1272,1274,1275,-1,1275,1274,1276,-1,1275,1276,1277,-1,1277,1276,1278,-1,1277,1278,1279,-1,1279,1278,1280,-1,1279,1280,1281,-1,1281,1280,1282,-1,1281,1282,1283,-1,1283,1282,1284,-1,1283,1284,1285,-1,1286,1285,1287,-1,1287,1285,1284,-1,1286,1287,1288,-1,1288,1287,1289,-1,1288,1289,1290,-1,1290,1289,1291,-1,1292,1293,1294,-1,1294,1293,1291,-1,1284,1295,1287,-1,1287,1295,1294,-1,1287,1294,1289,-1,1289,1294,1291,-1,1296,1295,1255,-1,1255,1295,1284,-1,1255,1284,1257,-1,1257,1284,1282,-1,1257,1282,1259,-1,1259,1282,1280,-1,1259,1280,1261,-1,1261,1280,1278,-1,1261,1278,1263,-1,1263,1278,1276,-1,1263,1276,1265,-1,1265,1276,1274,-1,1265,1274,1267,-1,1267,1274,1273,-1,1267,1273,1269,-1,1269,1273,1271,-1,1297,1298,1286,-1,1286,1298,1285,-1,1299,1300,1290,-1,1290,1300,1297,-1,1290,1297,1288,-1,1288,1297,1286,-1,1268,1270,1266,-1,1266,1270,1272,-1,1266,1272,1264,-1,1264,1272,1275,-1,1264,1275,1262,-1,1262,1275,1277,-1,1262,1277,1260,-1,1260,1277,1279,-1,1260,1279,1258,-1,1258,1279,1281,-1,1258,1281,1256,-1,1256,1281,1283,-1,1256,1283,1254,-1,1254,1283,1285,-1,1254,1285,1301,-1,1301,1285,1298,-1,1292,1294,1300,-1,1300,1294,1297,-1,1290,1291,1299,-1,1299,1291,1293,-1,1296,1255,1301,-1,1301,1255,1254,-1,1302,1303,1304,-1,1305,1306,1307,-1,1302,1304,1305,-1,1305,1304,1306,-1,1306,1304,1307,-1,1307,1304,1303,-1,1308,1309,1310,-1,1308,1310,1311,-1,1311,1310,1312,-1,1311,1312,1313,-1,1313,1312,1314,-1,1313,1314,1315,-1,1315,1314,1316,-1,1315,1316,1317,-1,1309,1308,1318,-1,1318,1308,1319,-1,1317,1319,1308,-1,1308,1311,1317,-1,1317,1311,1313,-1,1317,1313,1315,-1,1316,1314,1312,-1,1312,1310,1316,-1,1316,1310,1309,-1,1316,1309,1318,-1,1320,1321,1322,-1,1322,1321,1323,-1,1322,1323,1324,-1,1324,1323,1325,-1,1324,1325,1326,-1,1326,1325,1327,-1,1326,1327,1328,-1,1328,1327,1329,-1,1328,1329,1330,-1,1330,1329,1331,-1,1330,1331,1332,-1,1332,1331,1333,-1,1334,1332,1335,-1,1335,1332,1333,-1,1336,1334,1337,-1,1337,1334,1335,-1,1338,1336,1339,-1,1339,1336,1337,-1,1338,1339,1340,-1,1338,1340,1341,-1,1341,1340,1342,-1,1341,1342,1343,-1,1343,1342,1344,-1,1343,1344,1345,-1,1345,1344,1346,-1,1345,1346,1347,-1,1347,1346,1348,-1,1347,1348,1349,-1,1349,1348,1350,-1,1349,1350,1351,-1,1352,1351,1353,-1,1353,1351,1350,-1,1352,1353,1354,-1,1354,1353,1355,-1,1354,1355,1356,-1,1356,1355,1357,-1,1358,1359,1360,-1,1360,1359,1357,-1,1350,1361,1353,-1,1353,1361,1360,-1,1353,1360,1355,-1,1355,1360,1357,-1,1362,1361,1321,-1,1321,1361,1350,-1,1321,1350,1323,-1,1323,1350,1348,-1,1323,1348,1325,-1,1325,1348,1346,-1,1325,1346,1327,-1,1327,1346,1344,-1,1327,1344,1329,-1,1329,1344,1342,-1,1329,1342,1331,-1,1331,1342,1340,-1,1331,1340,1333,-1,1333,1340,1339,-1,1333,1339,1335,-1,1335,1339,1337,-1,1363,1364,1352,-1,1352,1364,1351,-1,1365,1366,1356,-1,1356,1366,1363,-1,1356,1363,1354,-1,1354,1363,1352,-1,1334,1336,1332,-1,1332,1336,1338,-1,1332,1338,1330,-1,1330,1338,1341,-1,1330,1341,1328,-1,1328,1341,1343,-1,1328,1343,1326,-1,1326,1343,1345,-1,1326,1345,1324,-1,1324,1345,1347,-1,1324,1347,1322,-1,1322,1347,1349,-1,1322,1349,1320,-1,1320,1349,1351,-1,1320,1351,1367,-1,1367,1351,1364,-1,1358,1360,1366,-1,1366,1360,1363,-1,1356,1357,1365,-1,1365,1357,1359,-1,1362,1321,1367,-1,1367,1321,1320,-1,1368,1369,1370,-1,1371,1372,1373,-1,1368,1370,1371,-1,1371,1370,1372,-1,1372,1370,1373,-1,1373,1370,1369,-1,1374,1375,1376,-1,1374,1376,1377,-1,1377,1376,1378,-1,1377,1378,1379,-1,1379,1378,1380,-1,1379,1380,1381,-1,1381,1380,1382,-1,1381,1382,1383,-1,1375,1374,1384,-1,1384,1374,1385,-1,1383,1385,1374,-1,1374,1377,1383,-1,1383,1377,1379,-1,1383,1379,1381,-1,1382,1380,1378,-1,1378,1376,1382,-1,1382,1376,1375,-1,1382,1375,1384,-1,1386,1387,1388,-1,1388,1387,1389,-1,1388,1389,1390,-1,1390,1389,1391,-1,1392,1390,1393,-1,1393,1390,1391,-1,1394,1395,1396,-1,1396,1395,1397,-1,1398,1399,1400,-1,1400,1399,1401,-1,1398,1400,1402,-1,1402,1400,1403,-1,1402,1403,1404,-1,1404,1403,1405,-1,1404,1405,1406,-1,1406,1405,1407,-1,1406,1407,1408,-1,1408,1407,1409,-1,1408,1409,1410,-1,1410,1409,1411,-1,1410,1411,1412,-1,1412,1411,1413,-1,1414,1412,1415,-1,1415,1412,1413,-1,1416,1414,1417,-1,1417,1414,1415,-1,1418,1416,1419,-1,1419,1416,1417,-1,1418,1419,1420,-1,1418,1420,1421,-1,1421,1420,1422,-1,1421,1422,1423,-1,1423,1422,1424,-1,1423,1424,1425,-1,1425,1424,1426,-1,1425,1426,1427,-1,1427,1426,1428,-1,1427,1428,1429,-1,1429,1428,1430,-1,1429,1430,1431,-1,1386,1431,1387,-1,1387,1431,1430,-1,1394,1432,1386,-1,1386,1432,1431,-1,1392,1395,1390,-1,1390,1395,1394,-1,1390,1394,1388,-1,1388,1394,1386,-1,1414,1416,1412,-1,1412,1416,1418,-1,1412,1418,1410,-1,1410,1418,1421,-1,1410,1421,1408,-1,1408,1421,1423,-1,1408,1423,1406,-1,1406,1423,1425,-1,1406,1425,1404,-1,1404,1425,1427,-1,1404,1427,1402,-1,1402,1427,1429,-1,1402,1429,1398,-1,1398,1429,1431,-1,1398,1431,1399,-1,1399,1431,1432,-1,1397,1393,1396,-1,1396,1393,1391,-1,1430,1433,1387,-1,1387,1433,1396,-1,1387,1396,1389,-1,1389,1396,1391,-1,1401,1433,1400,-1,1400,1433,1430,-1,1400,1430,1403,-1,1403,1430,1428,-1,1403,1428,1405,-1,1405,1428,1426,-1,1405,1426,1407,-1,1407,1426,1424,-1,1407,1424,1409,-1,1409,1424,1422,-1,1409,1422,1411,-1,1411,1422,1420,-1,1411,1420,1413,-1,1413,1420,1419,-1,1413,1419,1415,-1,1415,1419,1417,-1,1434,1435,1436,-1,1436,1435,1437,-1,1434,1436,1438,-1,1434,1438,1439,-1,1439,1438,1440,-1,1439,1440,1441,-1,1441,1440,1442,-1,1441,1442,1443,-1,1443,1442,1444,-1,1443,1444,1445,-1,1445,1435,1434,-1,1434,1439,1445,-1,1445,1439,1441,-1,1445,1441,1443,-1,1436,1437,1444,-1,1444,1442,1436,-1,1436,1442,1440,-1,1436,1440,1438,-1,1446,1447,1448,-1,1448,1447,1449,-1,1448,1449,1450,-1,1450,1449,1451,-1,1452,1450,1453,-1,1453,1450,1451,-1,1454,1455,1456,-1,1456,1455,1457,-1,1458,1459,1460,-1,1460,1459,1461,-1,1458,1460,1462,-1,1462,1460,1463,-1,1462,1463,1464,-1,1464,1463,1465,-1,1464,1465,1466,-1,1466,1465,1467,-1,1466,1467,1468,-1,1468,1467,1469,-1,1468,1469,1470,-1,1470,1469,1471,-1,1470,1471,1472,-1,1472,1471,1473,-1,1474,1472,1475,-1,1475,1472,1473,-1,1476,1474,1477,-1,1477,1474,1475,-1,1478,1476,1479,-1,1479,1476,1477,-1,1478,1479,1480,-1,1478,1480,1481,-1,1481,1480,1482,-1,1481,1482,1483,-1,1483,1482,1484,-1,1483,1484,1485,-1,1485,1484,1486,-1,1485,1486,1487,-1,1487,1486,1488,-1,1487,1488,1489,-1,1489,1488,1490,-1,1489,1490,1491,-1,1446,1491,1447,-1,1447,1491,1490,-1,1454,1492,1446,-1,1446,1492,1491,-1,1452,1455,1450,-1,1450,1455,1454,-1,1450,1454,1448,-1,1448,1454,1446,-1,1474,1476,1472,-1,1472,1476,1478,-1,1472,1478,1470,-1,1470,1478,1481,-1,1470,1481,1468,-1,1468,1481,1483,-1,1468,1483,1466,-1,1466,1483,1485,-1,1466,1485,1464,-1,1464,1485,1487,-1,1464,1487,1462,-1,1462,1487,1489,-1,1462,1489,1458,-1,1458,1489,1491,-1,1458,1491,1459,-1,1459,1491,1492,-1,1457,1453,1456,-1,1456,1453,1451,-1,1490,1493,1447,-1,1447,1493,1456,-1,1447,1456,1449,-1,1449,1456,1451,-1,1461,1493,1460,-1,1460,1493,1490,-1,1460,1490,1463,-1,1463,1490,1488,-1,1463,1488,1465,-1,1465,1488,1486,-1,1465,1486,1467,-1,1467,1486,1484,-1,1467,1484,1469,-1,1469,1484,1482,-1,1469,1482,1471,-1,1471,1482,1480,-1,1471,1480,1473,-1,1473,1480,1479,-1,1473,1479,1475,-1,1475,1479,1477,-1,1494,1495,1496,-1,1496,1495,1497,-1,1494,1496,1498,-1,1494,1498,1499,-1,1499,1498,1500,-1,1499,1500,1501,-1,1501,1500,1502,-1,1501,1502,1503,-1,1503,1502,1504,-1,1503,1504,1505,-1,1505,1495,1494,-1,1494,1499,1505,-1,1505,1499,1501,-1,1505,1501,1503,-1,1496,1497,1504,-1,1504,1502,1496,-1,1496,1502,1500,-1,1496,1500,1498,-1,1506,1507,1508,-1,1508,1507,1509,-1,1508,1509,1510,-1,1510,1509,1511,-1,1512,1510,1513,-1,1513,1510,1511,-1,1514,1515,1516,-1,1516,1515,1517,-1,1518,1519,1520,-1,1520,1519,1521,-1,1518,1520,1522,-1,1522,1520,1523,-1,1522,1523,1524,-1,1524,1523,1525,-1,1524,1525,1526,-1,1526,1525,1527,-1,1526,1527,1528,-1,1528,1527,1529,-1,1528,1529,1530,-1,1530,1529,1531,-1,1530,1531,1532,-1,1532,1531,1533,-1,1534,1532,1535,-1,1535,1532,1533,-1,1536,1534,1537,-1,1537,1534,1535,-1,1538,1536,1539,-1,1539,1536,1537,-1,1538,1539,1540,-1,1538,1540,1541,-1,1541,1540,1542,-1,1541,1542,1543,-1,1543,1542,1544,-1,1543,1544,1545,-1,1545,1544,1546,-1,1545,1546,1547,-1,1547,1546,1548,-1,1547,1548,1549,-1,1549,1548,1550,-1,1549,1550,1551,-1,1506,1551,1507,-1,1507,1551,1550,-1,1514,1552,1506,-1,1506,1552,1551,-1,1512,1515,1510,-1,1510,1515,1514,-1,1510,1514,1508,-1,1508,1514,1506,-1,1534,1536,1532,-1,1532,1536,1538,-1,1532,1538,1530,-1,1530,1538,1541,-1,1530,1541,1528,-1,1528,1541,1543,-1,1528,1543,1526,-1,1526,1543,1545,-1,1526,1545,1524,-1,1524,1545,1547,-1,1524,1547,1522,-1,1522,1547,1549,-1,1522,1549,1518,-1,1518,1549,1551,-1,1518,1551,1519,-1,1519,1551,1552,-1,1517,1513,1516,-1,1516,1513,1511,-1,1550,1553,1507,-1,1507,1553,1516,-1,1507,1516,1509,-1,1509,1516,1511,-1,1521,1553,1520,-1,1520,1553,1550,-1,1520,1550,1523,-1,1523,1550,1548,-1,1523,1548,1525,-1,1525,1548,1546,-1,1525,1546,1527,-1,1527,1546,1544,-1,1527,1544,1529,-1,1529,1544,1542,-1,1529,1542,1531,-1,1531,1542,1540,-1,1531,1540,1533,-1,1533,1540,1539,-1,1533,1539,1535,-1,1535,1539,1537,-1,1554,1555,1556,-1,1556,1555,1557,-1,1554,1556,1558,-1,1554,1558,1559,-1,1559,1558,1560,-1,1559,1560,1561,-1,1561,1560,1562,-1,1561,1562,1563,-1,1563,1562,1564,-1,1563,1564,1565,-1,1565,1555,1554,-1,1554,1559,1565,-1,1565,1559,1561,-1,1565,1561,1563,-1,1556,1557,1564,-1,1564,1562,1556,-1,1556,1562,1560,-1,1556,1560,1558,-1,1566,1567,1568,-1,1568,1567,1569,-1,1568,1569,1570,-1,1570,1569,1571,-1,1572,1570,1573,-1,1573,1570,1571,-1,1574,1575,1576,-1,1576,1575,1577,-1,1578,1579,1580,-1,1580,1579,1581,-1,1578,1580,1582,-1,1582,1580,1583,-1,1582,1583,1584,-1,1584,1583,1585,-1,1584,1585,1586,-1,1586,1585,1587,-1,1586,1587,1588,-1,1588,1587,1589,-1,1588,1589,1590,-1,1590,1589,1591,-1,1590,1591,1592,-1,1592,1591,1593,-1,1594,1592,1595,-1,1595,1592,1593,-1,1596,1594,1597,-1,1597,1594,1595,-1,1598,1596,1599,-1,1599,1596,1597,-1,1598,1599,1600,-1,1598,1600,1601,-1,1601,1600,1602,-1,1601,1602,1603,-1,1603,1602,1604,-1,1603,1604,1605,-1,1605,1604,1606,-1,1605,1606,1607,-1,1607,1606,1608,-1,1607,1608,1609,-1,1609,1608,1610,-1,1609,1610,1611,-1,1566,1611,1567,-1,1567,1611,1610,-1,1574,1612,1566,-1,1566,1612,1611,-1,1572,1575,1570,-1,1570,1575,1574,-1,1570,1574,1568,-1,1568,1574,1566,-1,1594,1596,1592,-1,1592,1596,1598,-1,1592,1598,1590,-1,1590,1598,1601,-1,1590,1601,1588,-1,1588,1601,1603,-1,1588,1603,1586,-1,1586,1603,1605,-1,1586,1605,1584,-1,1584,1605,1607,-1,1584,1607,1582,-1,1582,1607,1609,-1,1582,1609,1578,-1,1578,1609,1611,-1,1578,1611,1579,-1,1579,1611,1612,-1,1577,1573,1576,-1,1576,1573,1571,-1,1610,1613,1567,-1,1567,1613,1576,-1,1567,1576,1569,-1,1569,1576,1571,-1,1581,1613,1580,-1,1580,1613,1610,-1,1580,1610,1583,-1,1583,1610,1608,-1,1583,1608,1585,-1,1585,1608,1606,-1,1585,1606,1587,-1,1587,1606,1604,-1,1587,1604,1589,-1,1589,1604,1602,-1,1589,1602,1591,-1,1591,1602,1600,-1,1591,1600,1593,-1,1593,1600,1599,-1,1593,1599,1595,-1,1595,1599,1597,-1,1614,1615,1616,-1,1616,1615,1617,-1,1614,1616,1618,-1,1614,1618,1619,-1,1619,1618,1620,-1,1619,1620,1621,-1,1621,1620,1622,-1,1621,1622,1623,-1,1623,1622,1624,-1,1623,1624,1625,-1,1625,1615,1614,-1,1614,1619,1625,-1,1625,1619,1621,-1,1625,1621,1623,-1,1616,1617,1624,-1,1624,1622,1616,-1,1616,1622,1620,-1,1616,1620,1618,-1,1626,1627,1628,-1,1628,1627,1629,-1,1628,1629,1630,-1,1630,1629,1631,-1,1632,1630,1633,-1,1633,1630,1631,-1,1634,1635,1636,-1,1636,1635,1637,-1,1638,1639,1640,-1,1640,1639,1641,-1,1638,1640,1642,-1,1642,1640,1643,-1,1642,1643,1644,-1,1644,1643,1645,-1,1644,1645,1646,-1,1646,1645,1647,-1,1646,1647,1648,-1,1648,1647,1649,-1,1648,1649,1650,-1,1650,1649,1651,-1,1650,1651,1652,-1,1652,1651,1653,-1,1654,1652,1655,-1,1655,1652,1653,-1,1656,1654,1657,-1,1657,1654,1655,-1,1658,1656,1659,-1,1659,1656,1657,-1,1658,1659,1660,-1,1658,1660,1661,-1,1661,1660,1662,-1,1661,1662,1663,-1,1663,1662,1664,-1,1663,1664,1665,-1,1665,1664,1666,-1,1665,1666,1667,-1,1667,1666,1668,-1,1667,1668,1669,-1,1669,1668,1670,-1,1669,1670,1671,-1,1626,1671,1627,-1,1627,1671,1670,-1,1634,1672,1626,-1,1626,1672,1671,-1,1632,1635,1630,-1,1630,1635,1634,-1,1630,1634,1628,-1,1628,1634,1626,-1,1654,1656,1652,-1,1652,1656,1658,-1,1652,1658,1650,-1,1650,1658,1661,-1,1650,1661,1648,-1,1648,1661,1663,-1,1648,1663,1646,-1,1646,1663,1665,-1,1646,1665,1644,-1,1644,1665,1667,-1,1644,1667,1642,-1,1642,1667,1669,-1,1642,1669,1638,-1,1638,1669,1671,-1,1638,1671,1639,-1,1639,1671,1672,-1,1637,1633,1636,-1,1636,1633,1631,-1,1670,1673,1627,-1,1627,1673,1636,-1,1627,1636,1629,-1,1629,1636,1631,-1,1641,1673,1640,-1,1640,1673,1670,-1,1640,1670,1643,-1,1643,1670,1668,-1,1643,1668,1645,-1,1645,1668,1666,-1,1645,1666,1647,-1,1647,1666,1664,-1,1647,1664,1649,-1,1649,1664,1662,-1,1649,1662,1651,-1,1651,1662,1660,-1,1651,1660,1653,-1,1653,1660,1659,-1,1653,1659,1655,-1,1655,1659,1657,-1,1674,1675,1676,-1,1676,1675,1677,-1,1674,1676,1678,-1,1674,1678,1679,-1,1679,1678,1680,-1,1679,1680,1681,-1,1681,1680,1682,-1,1681,1682,1683,-1,1683,1682,1684,-1,1683,1684,1685,-1,1685,1675,1674,-1,1674,1679,1685,-1,1685,1679,1681,-1,1685,1681,1683,-1,1676,1677,1684,-1,1684,1682,1676,-1,1676,1682,1680,-1,1676,1680,1678,-1,1686,1687,1688,-1,1688,1687,1689,-1,1688,1689,1690,-1,1690,1689,1691,-1,1692,1690,1693,-1,1693,1690,1691,-1,1694,1695,1696,-1,1696,1695,1697,-1,1698,1699,1700,-1,1700,1699,1701,-1,1698,1700,1702,-1,1702,1700,1703,-1,1702,1703,1704,-1,1704,1703,1705,-1,1704,1705,1706,-1,1706,1705,1707,-1,1706,1707,1708,-1,1708,1707,1709,-1,1708,1709,1710,-1,1710,1709,1711,-1,1710,1711,1712,-1,1712,1711,1713,-1,1714,1712,1715,-1,1715,1712,1713,-1,1716,1714,1717,-1,1717,1714,1715,-1,1718,1716,1719,-1,1719,1716,1717,-1,1718,1719,1720,-1,1718,1720,1721,-1,1721,1720,1722,-1,1721,1722,1723,-1,1723,1722,1724,-1,1723,1724,1725,-1,1725,1724,1726,-1,1725,1726,1727,-1,1727,1726,1728,-1,1727,1728,1729,-1,1729,1728,1730,-1,1729,1730,1731,-1,1686,1731,1687,-1,1687,1731,1730,-1,1694,1732,1686,-1,1686,1732,1731,-1,1692,1695,1690,-1,1690,1695,1694,-1,1690,1694,1688,-1,1688,1694,1686,-1,1714,1716,1712,-1,1712,1716,1718,-1,1712,1718,1710,-1,1710,1718,1721,-1,1710,1721,1708,-1,1708,1721,1723,-1,1708,1723,1706,-1,1706,1723,1725,-1,1706,1725,1704,-1,1704,1725,1727,-1,1704,1727,1702,-1,1702,1727,1729,-1,1702,1729,1698,-1,1698,1729,1731,-1,1698,1731,1699,-1,1699,1731,1732,-1,1697,1693,1696,-1,1696,1693,1691,-1,1730,1733,1687,-1,1687,1733,1696,-1,1687,1696,1689,-1,1689,1696,1691,-1,1701,1733,1700,-1,1700,1733,1730,-1,1700,1730,1703,-1,1703,1730,1728,-1,1703,1728,1705,-1,1705,1728,1726,-1,1705,1726,1707,-1,1707,1726,1724,-1,1707,1724,1709,-1,1709,1724,1722,-1,1709,1722,1711,-1,1711,1722,1720,-1,1711,1720,1713,-1,1713,1720,1719,-1,1713,1719,1715,-1,1715,1719,1717,-1,1734,1735,1736,-1,1736,1735,1737,-1,1734,1736,1738,-1,1734,1738,1739,-1,1739,1738,1740,-1,1739,1740,1741,-1,1741,1740,1742,-1,1741,1742,1743,-1,1743,1742,1744,-1,1743,1744,1745,-1,1745,1735,1734,-1,1734,1739,1745,-1,1745,1739,1741,-1,1745,1741,1743,-1,1736,1737,1744,-1,1744,1742,1736,-1,1736,1742,1740,-1,1736,1740,1738,-1,1746,1747,1748,-1,1748,1747,1749,-1,1748,1749,1750,-1,1750,1749,1751,-1,1752,1750,1753,-1,1753,1750,1751,-1,1754,1755,1756,-1,1756,1755,1757,-1,1758,1759,1760,-1,1760,1759,1761,-1,1758,1760,1762,-1,1762,1760,1763,-1,1762,1763,1764,-1,1764,1763,1765,-1,1764,1765,1766,-1,1766,1765,1767,-1,1766,1767,1768,-1,1768,1767,1769,-1,1768,1769,1770,-1,1770,1769,1771,-1,1770,1771,1772,-1,1772,1771,1773,-1,1774,1772,1775,-1,1775,1772,1773,-1,1776,1774,1777,-1,1777,1774,1775,-1,1778,1776,1779,-1,1779,1776,1777,-1,1778,1779,1780,-1,1778,1780,1781,-1,1781,1780,1782,-1,1781,1782,1783,-1,1783,1782,1784,-1,1783,1784,1785,-1,1785,1784,1786,-1,1785,1786,1787,-1,1787,1786,1788,-1,1787,1788,1789,-1,1789,1788,1790,-1,1789,1790,1791,-1,1746,1791,1747,-1,1747,1791,1790,-1,1754,1792,1746,-1,1746,1792,1791,-1,1752,1755,1750,-1,1750,1755,1754,-1,1750,1754,1748,-1,1748,1754,1746,-1,1774,1776,1772,-1,1772,1776,1778,-1,1772,1778,1770,-1,1770,1778,1781,-1,1770,1781,1768,-1,1768,1781,1783,-1,1768,1783,1766,-1,1766,1783,1785,-1,1766,1785,1764,-1,1764,1785,1787,-1,1764,1787,1762,-1,1762,1787,1789,-1,1762,1789,1758,-1,1758,1789,1791,-1,1758,1791,1759,-1,1759,1791,1792,-1,1757,1753,1756,-1,1756,1753,1751,-1,1790,1793,1747,-1,1747,1793,1756,-1,1747,1756,1749,-1,1749,1756,1751,-1,1761,1793,1760,-1,1760,1793,1790,-1,1760,1790,1763,-1,1763,1790,1788,-1,1763,1788,1765,-1,1765,1788,1786,-1,1765,1786,1767,-1,1767,1786,1784,-1,1767,1784,1769,-1,1769,1784,1782,-1,1769,1782,1771,-1,1771,1782,1780,-1,1771,1780,1773,-1,1773,1780,1779,-1,1773,1779,1775,-1,1775,1779,1777,-1,1794,1795,1796,-1,1796,1795,1797,-1,1794,1796,1798,-1,1794,1798,1799,-1,1799,1798,1800,-1,1799,1800,1801,-1,1801,1800,1802,-1,1801,1802,1803,-1,1803,1802,1804,-1,1803,1804,1805,-1,1805,1795,1794,-1,1794,1799,1805,-1,1805,1799,1801,-1,1805,1801,1803,-1,1796,1797,1804,-1,1804,1802,1796,-1,1796,1802,1800,-1,1796,1800,1798,-1,1806,1807,1808,-1,1808,1807,1809,-1,1808,1809,1810,-1,1810,1809,1811,-1,1812,1810,1813,-1,1813,1810,1811,-1,1814,1815,1816,-1,1816,1815,1817,-1,1818,1819,1820,-1,1820,1819,1821,-1,1818,1820,1822,-1,1822,1820,1823,-1,1822,1823,1824,-1,1824,1823,1825,-1,1824,1825,1826,-1,1826,1825,1827,-1,1826,1827,1828,-1,1828,1827,1829,-1,1828,1829,1830,-1,1830,1829,1831,-1,1830,1831,1832,-1,1832,1831,1833,-1,1834,1832,1835,-1,1835,1832,1833,-1,1836,1834,1837,-1,1837,1834,1835,-1,1838,1836,1839,-1,1839,1836,1837,-1,1838,1839,1840,-1,1838,1840,1841,-1,1841,1840,1842,-1,1841,1842,1843,-1,1843,1842,1844,-1,1843,1844,1845,-1,1845,1844,1846,-1,1845,1846,1847,-1,1847,1846,1848,-1,1847,1848,1849,-1,1849,1848,1850,-1,1849,1850,1851,-1,1806,1851,1807,-1,1807,1851,1850,-1,1814,1852,1806,-1,1806,1852,1851,-1,1812,1815,1810,-1,1810,1815,1814,-1,1810,1814,1808,-1,1808,1814,1806,-1,1834,1836,1832,-1,1832,1836,1838,-1,1832,1838,1830,-1,1830,1838,1841,-1,1830,1841,1828,-1,1828,1841,1843,-1,1828,1843,1826,-1,1826,1843,1845,-1,1826,1845,1824,-1,1824,1845,1847,-1,1824,1847,1822,-1,1822,1847,1849,-1,1822,1849,1818,-1,1818,1849,1851,-1,1818,1851,1819,-1,1819,1851,1852,-1,1817,1813,1816,-1,1816,1813,1811,-1,1850,1853,1807,-1,1807,1853,1816,-1,1807,1816,1809,-1,1809,1816,1811,-1,1821,1853,1820,-1,1820,1853,1850,-1,1820,1850,1823,-1,1823,1850,1848,-1,1823,1848,1825,-1,1825,1848,1846,-1,1825,1846,1827,-1,1827,1846,1844,-1,1827,1844,1829,-1,1829,1844,1842,-1,1829,1842,1831,-1,1831,1842,1840,-1,1831,1840,1833,-1,1833,1840,1839,-1,1833,1839,1835,-1,1835,1839,1837,-1,1854,1855,1856,-1,1856,1855,1857,-1,1854,1856,1858,-1,1854,1858,1859,-1,1859,1858,1860,-1,1859,1860,1861,-1,1861,1860,1862,-1,1861,1862,1863,-1,1863,1862,1864,-1,1863,1864,1865,-1,1865,1855,1854,-1,1854,1859,1865,-1,1865,1859,1861,-1,1865,1861,1863,-1,1856,1857,1864,-1,1864,1862,1856,-1,1856,1862,1860,-1,1856,1860,1858,-1,1866,1867,1868,-1,1868,1867,1869,-1,1868,1869,1870,-1,1870,1869,1871,-1,1872,1870,1873,-1,1873,1870,1871,-1,1874,1875,1876,-1,1876,1875,1877,-1,1878,1879,1880,-1,1880,1879,1881,-1,1878,1880,1882,-1,1882,1880,1883,-1,1882,1883,1884,-1,1884,1883,1885,-1,1884,1885,1886,-1,1886,1885,1887,-1,1886,1887,1888,-1,1888,1887,1889,-1,1888,1889,1890,-1,1890,1889,1891,-1,1890,1891,1892,-1,1892,1891,1893,-1,1894,1892,1895,-1,1895,1892,1893,-1,1896,1894,1897,-1,1897,1894,1895,-1,1898,1896,1899,-1,1899,1896,1897,-1,1898,1899,1900,-1,1898,1900,1901,-1,1901,1900,1902,-1,1901,1902,1903,-1,1903,1902,1904,-1,1903,1904,1905,-1,1905,1904,1906,-1,1905,1906,1907,-1,1907,1906,1908,-1,1907,1908,1909,-1,1909,1908,1910,-1,1909,1910,1911,-1,1866,1911,1867,-1,1867,1911,1910,-1,1874,1912,1866,-1,1866,1912,1911,-1,1872,1875,1870,-1,1870,1875,1874,-1,1870,1874,1868,-1,1868,1874,1866,-1,1894,1896,1892,-1,1892,1896,1898,-1,1892,1898,1890,-1,1890,1898,1901,-1,1890,1901,1888,-1,1888,1901,1903,-1,1888,1903,1886,-1,1886,1903,1905,-1,1886,1905,1884,-1,1884,1905,1907,-1,1884,1907,1882,-1,1882,1907,1909,-1,1882,1909,1878,-1,1878,1909,1911,-1,1878,1911,1879,-1,1879,1911,1912,-1,1877,1873,1876,-1,1876,1873,1871,-1,1910,1913,1867,-1,1867,1913,1876,-1,1867,1876,1869,-1,1869,1876,1871,-1,1881,1913,1880,-1,1880,1913,1910,-1,1880,1910,1883,-1,1883,1910,1908,-1,1883,1908,1885,-1,1885,1908,1906,-1,1885,1906,1887,-1,1887,1906,1904,-1,1887,1904,1889,-1,1889,1904,1902,-1,1889,1902,1891,-1,1891,1902,1900,-1,1891,1900,1893,-1,1893,1900,1899,-1,1893,1899,1895,-1,1895,1899,1897,-1,1914,1915,1916,-1,1916,1915,1917,-1,1914,1916,1918,-1,1914,1918,1919,-1,1919,1918,1920,-1,1919,1920,1921,-1,1921,1920,1922,-1,1921,1922,1923,-1,1923,1922,1924,-1,1923,1924,1925,-1,1925,1915,1914,-1,1914,1919,1925,-1,1925,1919,1921,-1,1925,1921,1923,-1,1916,1917,1924,-1,1924,1922,1916,-1,1916,1922,1920,-1,1916,1920,1918,-1,1926,1927,1928,-1,1928,1927,1929,-1,1928,1929,1930,-1,1930,1929,1931,-1,1932,1930,1933,-1,1933,1930,1931,-1,1934,1935,1936,-1,1936,1935,1937,-1,1938,1939,1940,-1,1940,1939,1941,-1,1938,1940,1942,-1,1942,1940,1943,-1,1942,1943,1944,-1,1944,1943,1945,-1,1944,1945,1946,-1,1946,1945,1947,-1,1946,1947,1948,-1,1948,1947,1949,-1,1948,1949,1950,-1,1950,1949,1951,-1,1950,1951,1952,-1,1952,1951,1953,-1,1954,1952,1955,-1,1955,1952,1953,-1,1956,1954,1957,-1,1957,1954,1955,-1,1958,1956,1959,-1,1959,1956,1957,-1,1958,1959,1960,-1,1958,1960,1961,-1,1961,1960,1962,-1,1961,1962,1963,-1,1963,1962,1964,-1,1963,1964,1965,-1,1965,1964,1966,-1,1965,1966,1967,-1,1967,1966,1968,-1,1967,1968,1969,-1,1969,1968,1970,-1,1969,1970,1971,-1,1926,1971,1927,-1,1927,1971,1970,-1,1934,1972,1926,-1,1926,1972,1971,-1,1932,1935,1930,-1,1930,1935,1934,-1,1930,1934,1928,-1,1928,1934,1926,-1,1954,1956,1952,-1,1952,1956,1958,-1,1952,1958,1950,-1,1950,1958,1961,-1,1950,1961,1948,-1,1948,1961,1963,-1,1948,1963,1946,-1,1946,1963,1965,-1,1946,1965,1944,-1,1944,1965,1967,-1,1944,1967,1942,-1,1942,1967,1969,-1,1942,1969,1938,-1,1938,1969,1971,-1,1938,1971,1939,-1,1939,1971,1972,-1,1937,1933,1936,-1,1936,1933,1931,-1,1970,1973,1927,-1,1927,1973,1936,-1,1927,1936,1929,-1,1929,1936,1931,-1,1941,1973,1940,-1,1940,1973,1970,-1,1940,1970,1943,-1,1943,1970,1968,-1,1943,1968,1945,-1,1945,1968,1966,-1,1945,1966,1947,-1,1947,1966,1964,-1,1947,1964,1949,-1,1949,1964,1962,-1,1949,1962,1951,-1,1951,1962,1960,-1,1951,1960,1953,-1,1953,1960,1959,-1,1953,1959,1955,-1,1955,1959,1957,-1,1974,1975,1976,-1,1976,1975,1977,-1,1974,1976,1978,-1,1974,1978,1979,-1,1979,1978,1980,-1,1979,1980,1981,-1,1981,1980,1982,-1,1981,1982,1983,-1,1983,1982,1984,-1,1983,1984,1985,-1,1985,1975,1974,-1,1974,1979,1985,-1,1985,1979,1981,-1,1985,1981,1983,-1,1976,1977,1984,-1,1984,1982,1976,-1,1976,1982,1980,-1,1976,1980,1978,-1,1986,1987,1988,-1,1988,1987,1989,-1,1988,1989,1990,-1,1990,1989,1991,-1,1992,1990,1993,-1,1993,1990,1991,-1,1994,1995,1996,-1,1996,1995,1997,-1,1998,1999,2000,-1,2000,1999,2001,-1,1998,2000,2002,-1,2002,2000,2003,-1,2002,2003,2004,-1,2004,2003,2005,-1,2004,2005,2006,-1,2006,2005,2007,-1,2006,2007,2008,-1,2008,2007,2009,-1,2008,2009,2010,-1,2010,2009,2011,-1,2010,2011,2012,-1,2012,2011,2013,-1,2014,2012,2015,-1,2015,2012,2013,-1,2016,2014,2017,-1,2017,2014,2015,-1,2018,2016,2019,-1,2019,2016,2017,-1,2018,2019,2020,-1,2018,2020,2021,-1,2021,2020,2022,-1,2021,2022,2023,-1,2023,2022,2024,-1,2023,2024,2025,-1,2025,2024,2026,-1,2025,2026,2027,-1,2027,2026,2028,-1,2027,2028,2029,-1,2029,2028,2030,-1,2029,2030,2031,-1,1986,2031,1987,-1,1987,2031,2030,-1,1994,2032,1986,-1,1986,2032,2031,-1,1992,1995,1990,-1,1990,1995,1994,-1,1990,1994,1988,-1,1988,1994,1986,-1,2014,2016,2012,-1,2012,2016,2018,-1,2012,2018,2010,-1,2010,2018,2021,-1,2010,2021,2008,-1,2008,2021,2023,-1,2008,2023,2006,-1,2006,2023,2025,-1,2006,2025,2004,-1,2004,2025,2027,-1,2004,2027,2002,-1,2002,2027,2029,-1,2002,2029,1998,-1,1998,2029,2031,-1,1998,2031,1999,-1,1999,2031,2032,-1,1997,1993,1996,-1,1996,1993,1991,-1,2030,2033,1987,-1,1987,2033,1996,-1,1987,1996,1989,-1,1989,1996,1991,-1,2001,2033,2000,-1,2000,2033,2030,-1,2000,2030,2003,-1,2003,2030,2028,-1,2003,2028,2005,-1,2005,2028,2026,-1,2005,2026,2007,-1,2007,2026,2024,-1,2007,2024,2009,-1,2009,2024,2022,-1,2009,2022,2011,-1,2011,2022,2020,-1,2011,2020,2013,-1,2013,2020,2019,-1,2013,2019,2015,-1,2015,2019,2017,-1,2034,2035,2036,-1,2036,2035,2037,-1,2034,2036,2038,-1,2034,2038,2039,-1,2039,2038,2040,-1,2039,2040,2041,-1,2041,2040,2042,-1,2041,2042,2043,-1,2043,2042,2044,-1,2043,2044,2045,-1,2045,2035,2034,-1,2034,2039,2045,-1,2045,2039,2041,-1,2045,2041,2043,-1,2036,2037,2044,-1,2044,2042,2036,-1,2036,2042,2040,-1,2036,2040,2038,-1,2046,2047,2048,-1,2048,2047,2049,-1,2048,2049,2050,-1,2050,2049,2051,-1,2052,2050,2053,-1,2053,2050,2051,-1,2052,2053,2054,-1,2052,2054,2055,-1,2055,2054,2056,-1,2055,2056,2057,-1,2057,2056,2058,-1,2057,2058,2059,-1,2059,2058,2060,-1,2059,2060,2061,-1,2061,2060,2062,-1,2061,2062,2063,-1,2063,2062,2064,-1,2063,2064,2065,-1,2066,2065,2067,-1,2067,2065,2064,-1,2068,2066,2069,-1,2069,2066,2067,-1,2070,2068,2071,-1,2071,2068,2069,-1,2070,2071,2072,-1,2072,2071,2073,-1,2072,2073,2074,-1,2074,2073,2075,-1,2074,2075,2076,-1,2076,2075,2077,-1,2076,2077,2078,-1,2078,2077,2079,-1,2078,2079,2080,-1,2080,2079,2081,-1,2080,2081,2082,-1,2082,2081,2083,-1,2084,2085,2051,-1,2051,2085,2053,-1,2086,2087,2047,-1,2047,2087,2084,-1,2047,2084,2049,-1,2049,2084,2051,-1,2069,2067,2071,-1,2071,2067,2064,-1,2071,2064,2073,-1,2073,2064,2062,-1,2073,2062,2075,-1,2075,2062,2060,-1,2075,2060,2077,-1,2077,2060,2058,-1,2077,2058,2079,-1,2079,2058,2056,-1,2079,2056,2081,-1,2081,2056,2054,-1,2081,2054,2083,-1,2083,2054,2053,-1,2083,2053,2088,-1,2088,2053,2085,-1,2089,2090,2091,-1,2091,2090,2046,-1,2052,2092,2050,-1,2050,2092,2091,-1,2050,2091,2048,-1,2048,2091,2046,-1,2093,2092,2082,-1,2082,2092,2052,-1,2082,2052,2080,-1,2080,2052,2055,-1,2080,2055,2078,-1,2078,2055,2057,-1,2078,2057,2076,-1,2076,2057,2059,-1,2076,2059,2074,-1,2074,2059,2061,-1,2074,2061,2072,-1,2072,2061,2063,-1,2072,2063,2070,-1,2070,2063,2065,-1,2070,2065,2068,-1,2068,2065,2066,-1,2091,2084,2089,-1,2089,2084,2087,-1,2086,2047,2090,-1,2090,2047,2046,-1,2082,2083,2093,-1,2093,2083,2088,-1,2094,2095,2096,-1,2096,2097,2094,-1,2094,2097,2098,-1,2094,2098,2099,-1,2100,2101,2102,-1,2102,2103,2100,-1,2100,2103,2104,-1,2100,2104,2105,-1,2099,2098,2101,-1,2101,2098,2102,-1,2094,2100,2105,-1,2094,2105,2095,-1,2095,2105,2104,-1,2095,2104,2096,-1,2096,2104,2103,-1,2096,2103,2097,-1,2097,2103,2102,-1,2097,2102,2098,-1,2106,2107,2108,-1,2108,2107,2109,-1,2110,2107,2111,-1,2111,2107,2106,-1,2110,2109,2107,-1,2111,2106,2108,-1,2112,2113,2114,-1,2114,2113,2115,-1,2114,2115,2116,-1,2116,2115,2117,-1,2118,2116,2119,-1,2119,2116,2117,-1,2118,2119,2120,-1,2118,2120,2121,-1,2121,2120,2122,-1,2121,2122,2123,-1,2123,2122,2124,-1,2123,2124,2125,-1,2125,2124,2126,-1,2125,2126,2127,-1,2127,2126,2128,-1,2127,2128,2129,-1,2129,2128,2130,-1,2129,2130,2131,-1,2132,2131,2133,-1,2133,2131,2130,-1,2134,2132,2135,-1,2135,2132,2133,-1,2136,2134,2137,-1,2137,2134,2135,-1,2136,2137,2138,-1,2138,2137,2139,-1,2138,2139,2140,-1,2140,2139,2141,-1,2140,2141,2142,-1,2142,2141,2143,-1,2142,2143,2144,-1,2144,2143,2145,-1,2144,2145,2146,-1,2146,2145,2147,-1,2146,2147,2148,-1,2148,2147,2149,-1,2150,2151,2117,-1,2117,2151,2119,-1,2152,2153,2113,-1,2113,2153,2150,-1,2113,2150,2115,-1,2115,2150,2117,-1,2135,2133,2137,-1,2137,2133,2130,-1,2137,2130,2139,-1,2139,2130,2128,-1,2139,2128,2141,-1,2141,2128,2126,-1,2141,2126,2143,-1,2143,2126,2124,-1,2143,2124,2145,-1,2145,2124,2122,-1,2145,2122,2147,-1,2147,2122,2120,-1,2147,2120,2149,-1,2149,2120,2119,-1,2149,2119,2154,-1,2154,2119,2151,-1,2155,2156,2157,-1,2157,2156,2112,-1,2118,2158,2116,-1,2116,2158,2157,-1,2116,2157,2114,-1,2114,2157,2112,-1,2159,2158,2148,-1,2148,2158,2118,-1,2148,2118,2146,-1,2146,2118,2121,-1,2146,2121,2144,-1,2144,2121,2123,-1,2144,2123,2142,-1,2142,2123,2125,-1,2142,2125,2140,-1,2140,2125,2127,-1,2140,2127,2138,-1,2138,2127,2129,-1,2138,2129,2136,-1,2136,2129,2131,-1,2136,2131,2134,-1,2134,2131,2132,-1,2157,2150,2155,-1,2155,2150,2153,-1,2152,2113,2156,-1,2156,2113,2112,-1,2148,2149,2159,-1,2159,2149,2154,-1,2160,2161,2162,-1,2163,2164,2165,-1,2160,2162,2163,-1,2163,2162,2164,-1,2164,2162,2165,-1,2165,2162,2161,-1,2166,2167,2168,-1,2166,2168,2169,-1,2169,2168,2170,-1,2169,2170,2171,-1,2171,2170,2172,-1,2171,2172,2173,-1,2173,2172,2174,-1,2173,2174,2175,-1,2176,2175,2177,-1,2177,2175,2174,-1,2166,2169,2171,-1,2171,2173,2166,-1,2166,2173,2175,-1,2166,2175,2176,-1,2167,2177,2174,-1,2174,2172,2167,-1,2167,2172,2170,-1,2167,2170,2168,-1,2178,2179,2180,-1,2180,2179,2181,-1,2180,2181,2182,-1,2182,2181,2183,-1,2184,2182,2185,-1,2185,2182,2183,-1,2184,2185,2186,-1,2184,2186,2187,-1,2187,2186,2188,-1,2187,2188,2189,-1,2189,2188,2190,-1,2189,2190,2191,-1,2191,2190,2192,-1,2191,2192,2193,-1,2193,2192,2194,-1,2193,2194,2195,-1,2195,2194,2196,-1,2195,2196,2197,-1,2198,2197,2199,-1,2199,2197,2196,-1,2200,2198,2201,-1,2201,2198,2199,-1,2202,2200,2203,-1,2203,2200,2201,-1,2202,2203,2204,-1,2204,2203,2205,-1,2204,2205,2206,-1,2206,2205,2207,-1,2206,2207,2208,-1,2208,2207,2209,-1,2208,2209,2210,-1,2210,2209,2211,-1,2210,2211,2212,-1,2212,2211,2213,-1,2212,2213,2214,-1,2214,2213,2215,-1,2216,2217,2183,-1,2183,2217,2185,-1,2218,2219,2179,-1,2179,2219,2216,-1,2179,2216,2181,-1,2181,2216,2183,-1,2201,2199,2203,-1,2203,2199,2196,-1,2203,2196,2205,-1,2205,2196,2194,-1,2205,2194,2207,-1,2207,2194,2192,-1,2207,2192,2209,-1,2209,2192,2190,-1,2209,2190,2211,-1,2211,2190,2188,-1,2211,2188,2213,-1,2213,2188,2186,-1,2213,2186,2215,-1,2215,2186,2185,-1,2215,2185,2220,-1,2220,2185,2217,-1,2221,2222,2223,-1,2223,2222,2178,-1,2184,2224,2182,-1,2182,2224,2223,-1,2182,2223,2180,-1,2180,2223,2178,-1,2225,2224,2214,-1,2214,2224,2184,-1,2214,2184,2212,-1,2212,2184,2187,-1,2212,2187,2210,-1,2210,2187,2189,-1,2210,2189,2208,-1,2208,2189,2191,-1,2208,2191,2206,-1,2206,2191,2193,-1,2206,2193,2204,-1,2204,2193,2195,-1,2204,2195,2202,-1,2202,2195,2197,-1,2202,2197,2200,-1,2200,2197,2198,-1,2223,2216,2221,-1,2221,2216,2219,-1,2218,2179,2222,-1,2222,2179,2178,-1,2214,2215,2225,-1,2225,2215,2220,-1,2226,2227,2228,-1,2229,2230,2231,-1,2226,2228,2229,-1,2229,2228,2230,-1,2230,2228,2231,-1,2231,2228,2227,-1,2232,2233,2234,-1,2232,2234,2235,-1,2235,2234,2236,-1,2235,2236,2237,-1,2237,2236,2238,-1,2237,2238,2239,-1,2239,2238,2240,-1,2239,2240,2241,-1,2242,2241,2243,-1,2243,2241,2240,-1,2232,2235,2237,-1,2237,2239,2232,-1,2232,2239,2241,-1,2232,2241,2242,-1,2233,2243,2240,-1,2240,2238,2233,-1,2233,2238,2236,-1,2233,2236,2234,-1,2244,2245,2246,-1,2246,2245,2247,-1,2246,2247,2248,-1,2248,2247,2249,-1,2250,2248,2251,-1,2251,2248,2249,-1,2250,2251,2252,-1,2250,2252,2253,-1,2253,2252,2254,-1,2253,2254,2255,-1,2255,2254,2256,-1,2255,2256,2257,-1,2257,2256,2258,-1,2257,2258,2259,-1,2259,2258,2260,-1,2259,2260,2261,-1,2261,2260,2262,-1,2261,2262,2263,-1,2264,2263,2265,-1,2265,2263,2262,-1,2266,2264,2267,-1,2267,2264,2265,-1,2268,2266,2269,-1,2269,2266,2267,-1,2268,2269,2270,-1,2270,2269,2271,-1,2270,2271,2272,-1,2272,2271,2273,-1,2272,2273,2274,-1,2274,2273,2275,-1,2274,2275,2276,-1,2276,2275,2277,-1,2276,2277,2278,-1,2278,2277,2279,-1,2278,2279,2280,-1,2280,2279,2281,-1,2282,2283,2249,-1,2249,2283,2251,-1,2284,2285,2245,-1,2245,2285,2282,-1,2245,2282,2247,-1,2247,2282,2249,-1,2267,2265,2269,-1,2269,2265,2262,-1,2269,2262,2271,-1,2271,2262,2260,-1,2271,2260,2273,-1,2273,2260,2258,-1,2273,2258,2275,-1,2275,2258,2256,-1,2275,2256,2277,-1,2277,2256,2254,-1,2277,2254,2279,-1,2279,2254,2252,-1,2279,2252,2281,-1,2281,2252,2251,-1,2281,2251,2286,-1,2286,2251,2283,-1,2287,2288,2289,-1,2289,2288,2244,-1,2250,2290,2248,-1,2248,2290,2289,-1,2248,2289,2246,-1,2246,2289,2244,-1,2291,2290,2280,-1,2280,2290,2250,-1,2280,2250,2278,-1,2278,2250,2253,-1,2278,2253,2276,-1,2276,2253,2255,-1,2276,2255,2274,-1,2274,2255,2257,-1,2274,2257,2272,-1,2272,2257,2259,-1,2272,2259,2270,-1,2270,2259,2261,-1,2270,2261,2268,-1,2268,2261,2263,-1,2268,2263,2266,-1,2266,2263,2264,-1,2289,2282,2287,-1,2287,2282,2285,-1,2284,2245,2288,-1,2288,2245,2244,-1,2280,2281,2291,-1,2291,2281,2286,-1,2292,2293,2294,-1,2295,2296,2297,-1,2292,2294,2295,-1,2295,2294,2296,-1,2296,2294,2297,-1,2297,2294,2293,-1,2298,2299,2300,-1,2298,2300,2301,-1,2301,2300,2302,-1,2301,2302,2303,-1,2303,2302,2304,-1,2303,2304,2305,-1,2305,2304,2306,-1,2305,2306,2307,-1,2308,2307,2309,-1,2309,2307,2306,-1,2298,2301,2303,-1,2303,2305,2298,-1,2298,2305,2307,-1,2298,2307,2308,-1,2299,2309,2306,-1,2306,2304,2299,-1,2299,2304,2302,-1,2299,2302,2300,-1,2310,2311,2312,-1,2312,2311,2313,-1,2312,2313,2314,-1,2314,2313,2315,-1,2316,2314,2317,-1,2317,2314,2315,-1,2316,2317,2318,-1,2316,2318,2319,-1,2319,2318,2320,-1,2319,2320,2321,-1,2321,2320,2322,-1,2321,2322,2323,-1,2323,2322,2324,-1,2323,2324,2325,-1,2325,2324,2326,-1,2325,2326,2327,-1,2327,2326,2328,-1,2327,2328,2329,-1,2330,2329,2331,-1,2331,2329,2328,-1,2332,2330,2333,-1,2333,2330,2331,-1,2334,2332,2335,-1,2335,2332,2333,-1,2334,2335,2336,-1,2336,2335,2337,-1,2336,2337,2338,-1,2338,2337,2339,-1,2338,2339,2340,-1,2340,2339,2341,-1,2340,2341,2342,-1,2342,2341,2343,-1,2342,2343,2344,-1,2344,2343,2345,-1,2344,2345,2346,-1,2346,2345,2347,-1,2348,2349,2315,-1,2315,2349,2317,-1,2350,2351,2311,-1,2311,2351,2348,-1,2311,2348,2313,-1,2313,2348,2315,-1,2333,2331,2335,-1,2335,2331,2328,-1,2335,2328,2337,-1,2337,2328,2326,-1,2337,2326,2339,-1,2339,2326,2324,-1,2339,2324,2341,-1,2341,2324,2322,-1,2341,2322,2343,-1,2343,2322,2320,-1,2343,2320,2345,-1,2345,2320,2318,-1,2345,2318,2347,-1,2347,2318,2317,-1,2347,2317,2352,-1,2352,2317,2349,-1,2353,2354,2355,-1,2355,2354,2310,-1,2316,2356,2314,-1,2314,2356,2355,-1,2314,2355,2312,-1,2312,2355,2310,-1,2357,2356,2346,-1,2346,2356,2316,-1,2346,2316,2344,-1,2344,2316,2319,-1,2344,2319,2342,-1,2342,2319,2321,-1,2342,2321,2340,-1,2340,2321,2323,-1,2340,2323,2338,-1,2338,2323,2325,-1,2338,2325,2336,-1,2336,2325,2327,-1,2336,2327,2334,-1,2334,2327,2329,-1,2334,2329,2332,-1,2332,2329,2330,-1,2355,2348,2353,-1,2353,2348,2351,-1,2350,2311,2354,-1,2354,2311,2310,-1,2346,2347,2357,-1,2357,2347,2352,-1,2358,2359,2360,-1,2361,2362,2363,-1,2358,2360,2361,-1,2361,2360,2362,-1,2362,2360,2363,-1,2363,2360,2359,-1,2364,2365,2366,-1,2364,2366,2367,-1,2367,2366,2368,-1,2367,2368,2369,-1,2369,2368,2370,-1,2369,2370,2371,-1,2371,2370,2372,-1,2371,2372,2373,-1,2374,2373,2375,-1,2375,2373,2372,-1,2364,2367,2369,-1,2369,2371,2364,-1,2364,2371,2373,-1,2364,2373,2374,-1,2365,2375,2372,-1,2372,2370,2365,-1,2365,2370,2368,-1,2365,2368,2366,-1,2376,2377,2378,-1,2378,2377,2379,-1,2378,2379,2380,-1,2380,2379,2381,-1,2382,2380,2383,-1,2383,2380,2381,-1,2382,2383,2384,-1,2382,2384,2385,-1,2385,2384,2386,-1,2385,2386,2387,-1,2387,2386,2388,-1,2387,2388,2389,-1,2389,2388,2390,-1,2389,2390,2391,-1,2391,2390,2392,-1,2391,2392,2393,-1,2393,2392,2394,-1,2393,2394,2395,-1,2396,2395,2397,-1,2397,2395,2394,-1,2398,2396,2399,-1,2399,2396,2397,-1,2400,2398,2401,-1,2401,2398,2399,-1,2400,2401,2402,-1,2402,2401,2403,-1,2402,2403,2404,-1,2404,2403,2405,-1,2404,2405,2406,-1,2406,2405,2407,-1,2406,2407,2408,-1,2408,2407,2409,-1,2408,2409,2410,-1,2410,2409,2411,-1,2410,2411,2412,-1,2412,2411,2413,-1,2414,2415,2381,-1,2381,2415,2383,-1,2416,2417,2377,-1,2377,2417,2414,-1,2377,2414,2379,-1,2379,2414,2381,-1,2399,2397,2401,-1,2401,2397,2394,-1,2401,2394,2403,-1,2403,2394,2392,-1,2403,2392,2405,-1,2405,2392,2390,-1,2405,2390,2407,-1,2407,2390,2388,-1,2407,2388,2409,-1,2409,2388,2386,-1,2409,2386,2411,-1,2411,2386,2384,-1,2411,2384,2413,-1,2413,2384,2383,-1,2413,2383,2418,-1,2418,2383,2415,-1,2419,2420,2421,-1,2421,2420,2376,-1,2382,2422,2380,-1,2380,2422,2421,-1,2380,2421,2378,-1,2378,2421,2376,-1,2423,2422,2412,-1,2412,2422,2382,-1,2412,2382,2410,-1,2410,2382,2385,-1,2410,2385,2408,-1,2408,2385,2387,-1,2408,2387,2406,-1,2406,2387,2389,-1,2406,2389,2404,-1,2404,2389,2391,-1,2404,2391,2402,-1,2402,2391,2393,-1,2402,2393,2400,-1,2400,2393,2395,-1,2400,2395,2398,-1,2398,2395,2396,-1,2421,2414,2419,-1,2419,2414,2417,-1,2416,2377,2420,-1,2420,2377,2376,-1,2412,2413,2423,-1,2423,2413,2418,-1,2424,2425,2426,-1,2427,2428,2429,-1,2424,2426,2427,-1,2427,2426,2428,-1,2428,2426,2429,-1,2429,2426,2425,-1,2430,2431,2432,-1,2430,2432,2433,-1,2433,2432,2434,-1,2433,2434,2435,-1,2435,2434,2436,-1,2435,2436,2437,-1,2437,2436,2438,-1,2437,2438,2439,-1,2440,2439,2441,-1,2441,2439,2438,-1,2430,2433,2435,-1,2435,2437,2430,-1,2430,2437,2439,-1,2430,2439,2440,-1,2431,2441,2438,-1,2438,2436,2431,-1,2431,2436,2434,-1,2431,2434,2432,-1,2442,2443,2444,-1,2444,2443,2445,-1,2444,2445,2446,-1,2446,2445,2447,-1,2448,2446,2449,-1,2449,2446,2447,-1,2448,2449,2450,-1,2448,2450,2451,-1,2451,2450,2452,-1,2451,2452,2453,-1,2453,2452,2454,-1,2453,2454,2455,-1,2455,2454,2456,-1,2455,2456,2457,-1,2457,2456,2458,-1,2457,2458,2459,-1,2459,2458,2460,-1,2459,2460,2461,-1,2462,2461,2463,-1,2463,2461,2460,-1,2464,2462,2465,-1,2465,2462,2463,-1,2466,2464,2467,-1,2467,2464,2465,-1,2466,2467,2468,-1,2468,2467,2469,-1,2468,2469,2470,-1,2470,2469,2471,-1,2470,2471,2472,-1,2472,2471,2473,-1,2472,2473,2474,-1,2474,2473,2475,-1,2474,2475,2476,-1,2476,2475,2477,-1,2476,2477,2478,-1,2478,2477,2479,-1,2480,2481,2447,-1,2447,2481,2449,-1,2482,2483,2443,-1,2443,2483,2480,-1,2443,2480,2445,-1,2445,2480,2447,-1,2465,2463,2467,-1,2467,2463,2460,-1,2467,2460,2469,-1,2469,2460,2458,-1,2469,2458,2471,-1,2471,2458,2456,-1,2471,2456,2473,-1,2473,2456,2454,-1,2473,2454,2475,-1,2475,2454,2452,-1,2475,2452,2477,-1,2477,2452,2450,-1,2477,2450,2479,-1,2479,2450,2449,-1,2479,2449,2484,-1,2484,2449,2481,-1,2485,2486,2487,-1,2487,2486,2442,-1,2448,2488,2446,-1,2446,2488,2487,-1,2446,2487,2444,-1,2444,2487,2442,-1,2489,2488,2478,-1,2478,2488,2448,-1,2478,2448,2476,-1,2476,2448,2451,-1,2476,2451,2474,-1,2474,2451,2453,-1,2474,2453,2472,-1,2472,2453,2455,-1,2472,2455,2470,-1,2470,2455,2457,-1,2470,2457,2468,-1,2468,2457,2459,-1,2468,2459,2466,-1,2466,2459,2461,-1,2466,2461,2464,-1,2464,2461,2462,-1,2487,2480,2485,-1,2485,2480,2483,-1,2482,2443,2486,-1,2486,2443,2442,-1,2478,2479,2489,-1,2489,2479,2484,-1,2490,2491,2492,-1,2493,2494,2495,-1,2490,2492,2493,-1,2493,2492,2494,-1,2494,2492,2495,-1,2495,2492,2491,-1,2496,2497,2498,-1,2496,2498,2499,-1,2499,2498,2500,-1,2499,2500,2501,-1,2501,2500,2502,-1,2501,2502,2503,-1,2503,2502,2504,-1,2503,2504,2505,-1,2506,2505,2507,-1,2507,2505,2504,-1,2496,2499,2501,-1,2501,2503,2496,-1,2496,2503,2505,-1,2496,2505,2506,-1,2497,2507,2504,-1,2504,2502,2497,-1,2497,2502,2500,-1,2497,2500,2498,-1,2508,2509,2510,-1,2510,2509,2511,-1,2510,2511,2512,-1,2512,2511,2513,-1,2514,2512,2515,-1,2515,2512,2513,-1,2514,2515,2516,-1,2514,2516,2517,-1,2517,2516,2518,-1,2517,2518,2519,-1,2519,2518,2520,-1,2519,2520,2521,-1,2521,2520,2522,-1,2521,2522,2523,-1,2523,2522,2524,-1,2523,2524,2525,-1,2525,2524,2526,-1,2525,2526,2527,-1,2528,2527,2529,-1,2529,2527,2526,-1,2530,2528,2531,-1,2531,2528,2529,-1,2532,2530,2533,-1,2533,2530,2531,-1,2532,2533,2534,-1,2534,2533,2535,-1,2534,2535,2536,-1,2536,2535,2537,-1,2536,2537,2538,-1,2538,2537,2539,-1,2538,2539,2540,-1,2540,2539,2541,-1,2540,2541,2542,-1,2542,2541,2543,-1,2542,2543,2544,-1,2544,2543,2545,-1,2546,2547,2513,-1,2513,2547,2515,-1,2548,2549,2509,-1,2509,2549,2546,-1,2509,2546,2511,-1,2511,2546,2513,-1,2531,2529,2533,-1,2533,2529,2526,-1,2533,2526,2535,-1,2535,2526,2524,-1,2535,2524,2537,-1,2537,2524,2522,-1,2537,2522,2539,-1,2539,2522,2520,-1,2539,2520,2541,-1,2541,2520,2518,-1,2541,2518,2543,-1,2543,2518,2516,-1,2543,2516,2545,-1,2545,2516,2515,-1,2545,2515,2550,-1,2550,2515,2547,-1,2551,2552,2553,-1,2553,2552,2508,-1,2514,2554,2512,-1,2512,2554,2553,-1,2512,2553,2510,-1,2510,2553,2508,-1,2555,2554,2544,-1,2544,2554,2514,-1,2544,2514,2542,-1,2542,2514,2517,-1,2542,2517,2540,-1,2540,2517,2519,-1,2540,2519,2538,-1,2538,2519,2521,-1,2538,2521,2536,-1,2536,2521,2523,-1,2536,2523,2534,-1,2534,2523,2525,-1,2534,2525,2532,-1,2532,2525,2527,-1,2532,2527,2530,-1,2530,2527,2528,-1,2553,2546,2551,-1,2551,2546,2549,-1,2548,2509,2552,-1,2552,2509,2508,-1,2544,2545,2555,-1,2555,2545,2550,-1,2556,2557,2558,-1,2559,2560,2561,-1,2556,2558,2559,-1,2559,2558,2560,-1,2560,2558,2561,-1,2561,2558,2557,-1,2562,2563,2564,-1,2562,2564,2565,-1,2565,2564,2566,-1,2565,2566,2567,-1,2567,2566,2568,-1,2567,2568,2569,-1,2569,2568,2570,-1,2569,2570,2571,-1,2572,2571,2573,-1,2573,2571,2570,-1,2562,2565,2567,-1,2567,2569,2562,-1,2562,2569,2571,-1,2562,2571,2572,-1,2563,2573,2570,-1,2570,2568,2563,-1,2563,2568,2566,-1,2563,2566,2564,-1,2574,2575,2576,-1,2576,2575,2577,-1,2576,2577,2578,-1,2578,2577,2579,-1,2580,2578,2581,-1,2581,2578,2579,-1,2580,2581,2582,-1,2580,2582,2583,-1,2583,2582,2584,-1,2583,2584,2585,-1,2585,2584,2586,-1,2585,2586,2587,-1,2587,2586,2588,-1,2587,2588,2589,-1,2589,2588,2590,-1,2589,2590,2591,-1,2591,2590,2592,-1,2591,2592,2593,-1,2594,2593,2595,-1,2595,2593,2592,-1,2596,2594,2597,-1,2597,2594,2595,-1,2598,2596,2599,-1,2599,2596,2597,-1,2598,2599,2600,-1,2600,2599,2601,-1,2600,2601,2602,-1,2602,2601,2603,-1,2602,2603,2604,-1,2604,2603,2605,-1,2604,2605,2606,-1,2606,2605,2607,-1,2606,2607,2608,-1,2608,2607,2609,-1,2608,2609,2610,-1,2610,2609,2611,-1,2612,2613,2579,-1,2579,2613,2581,-1,2614,2615,2575,-1,2575,2615,2612,-1,2575,2612,2577,-1,2577,2612,2579,-1,2597,2595,2599,-1,2599,2595,2592,-1,2599,2592,2601,-1,2601,2592,2590,-1,2601,2590,2603,-1,2603,2590,2588,-1,2603,2588,2605,-1,2605,2588,2586,-1,2605,2586,2607,-1,2607,2586,2584,-1,2607,2584,2609,-1,2609,2584,2582,-1,2609,2582,2611,-1,2611,2582,2581,-1,2611,2581,2616,-1,2616,2581,2613,-1,2617,2618,2619,-1,2619,2618,2574,-1,2580,2620,2578,-1,2578,2620,2619,-1,2578,2619,2576,-1,2576,2619,2574,-1,2621,2620,2610,-1,2610,2620,2580,-1,2610,2580,2608,-1,2608,2580,2583,-1,2608,2583,2606,-1,2606,2583,2585,-1,2606,2585,2604,-1,2604,2585,2587,-1,2604,2587,2602,-1,2602,2587,2589,-1,2602,2589,2600,-1,2600,2589,2591,-1,2600,2591,2598,-1,2598,2591,2593,-1,2598,2593,2596,-1,2596,2593,2594,-1,2619,2612,2617,-1,2617,2612,2615,-1,2614,2575,2618,-1,2618,2575,2574,-1,2610,2611,2621,-1,2621,2611,2616,-1,2622,2623,2624,-1,2625,2626,2627,-1,2622,2624,2625,-1,2625,2624,2626,-1,2626,2624,2627,-1,2627,2624,2623,-1,2628,2629,2630,-1,2628,2630,2631,-1,2631,2630,2632,-1,2631,2632,2633,-1,2633,2632,2634,-1,2633,2634,2635,-1,2635,2634,2636,-1,2635,2636,2637,-1,2638,2637,2639,-1,2639,2637,2636,-1,2628,2631,2633,-1,2633,2635,2628,-1,2628,2635,2637,-1,2628,2637,2638,-1,2629,2639,2636,-1,2636,2634,2629,-1,2629,2634,2632,-1,2629,2632,2630,-1,2640,2641,2642,-1,2642,2641,2643,-1,2642,2643,2644,-1,2644,2643,2645,-1,2646,2644,2647,-1,2647,2644,2645,-1,2646,2647,2648,-1,2646,2648,2649,-1,2649,2648,2650,-1,2649,2650,2651,-1,2651,2650,2652,-1,2651,2652,2653,-1,2653,2652,2654,-1,2653,2654,2655,-1,2655,2654,2656,-1,2655,2656,2657,-1,2657,2656,2658,-1,2657,2658,2659,-1,2660,2659,2661,-1,2661,2659,2658,-1,2662,2660,2663,-1,2663,2660,2661,-1,2664,2662,2665,-1,2665,2662,2663,-1,2664,2665,2666,-1,2666,2665,2667,-1,2666,2667,2668,-1,2668,2667,2669,-1,2668,2669,2670,-1,2670,2669,2671,-1,2670,2671,2672,-1,2672,2671,2673,-1,2672,2673,2674,-1,2674,2673,2675,-1,2674,2675,2676,-1,2676,2675,2677,-1,2678,2679,2645,-1,2645,2679,2647,-1,2680,2681,2641,-1,2641,2681,2678,-1,2641,2678,2643,-1,2643,2678,2645,-1,2663,2661,2665,-1,2665,2661,2658,-1,2665,2658,2667,-1,2667,2658,2656,-1,2667,2656,2669,-1,2669,2656,2654,-1,2669,2654,2671,-1,2671,2654,2652,-1,2671,2652,2673,-1,2673,2652,2650,-1,2673,2650,2675,-1,2675,2650,2648,-1,2675,2648,2677,-1,2677,2648,2647,-1,2677,2647,2682,-1,2682,2647,2679,-1,2683,2684,2685,-1,2685,2684,2640,-1,2646,2686,2644,-1,2644,2686,2685,-1,2644,2685,2642,-1,2642,2685,2640,-1,2687,2686,2676,-1,2676,2686,2646,-1,2676,2646,2674,-1,2674,2646,2649,-1,2674,2649,2672,-1,2672,2649,2651,-1,2672,2651,2670,-1,2670,2651,2653,-1,2670,2653,2668,-1,2668,2653,2655,-1,2668,2655,2666,-1,2666,2655,2657,-1,2666,2657,2664,-1,2664,2657,2659,-1,2664,2659,2662,-1,2662,2659,2660,-1,2685,2678,2683,-1,2683,2678,2681,-1,2680,2641,2684,-1,2684,2641,2640,-1,2676,2677,2687,-1,2687,2677,2682,-1,2688,2689,2690,-1,2691,2692,2693,-1,2688,2690,2691,-1,2691,2690,2692,-1,2692,2690,2693,-1,2693,2690,2689,-1,2694,2695,2696,-1,2694,2696,2697,-1,2697,2696,2698,-1,2697,2698,2699,-1,2699,2698,2700,-1,2699,2700,2701,-1,2701,2700,2702,-1,2701,2702,2703,-1,2704,2703,2705,-1,2705,2703,2702,-1,2694,2697,2699,-1,2699,2701,2694,-1,2694,2701,2703,-1,2694,2703,2704,-1,2695,2705,2702,-1,2702,2700,2695,-1,2695,2700,2698,-1,2695,2698,2696,-1,2706,2707,2708,-1,2708,2707,2709,-1,2708,2709,2710,-1,2710,2709,2711,-1,2712,2710,2713,-1,2713,2710,2711,-1,2712,2713,2714,-1,2712,2714,2715,-1,2715,2714,2716,-1,2715,2716,2717,-1,2717,2716,2718,-1,2717,2718,2719,-1,2719,2718,2720,-1,2719,2720,2721,-1,2721,2720,2722,-1,2721,2722,2723,-1,2723,2722,2724,-1,2723,2724,2725,-1,2726,2725,2727,-1,2727,2725,2724,-1,2728,2726,2729,-1,2729,2726,2727,-1,2730,2728,2731,-1,2731,2728,2729,-1,2730,2731,2732,-1,2732,2731,2733,-1,2732,2733,2734,-1,2734,2733,2735,-1,2734,2735,2736,-1,2736,2735,2737,-1,2736,2737,2738,-1,2738,2737,2739,-1,2738,2739,2740,-1,2740,2739,2741,-1,2740,2741,2742,-1,2742,2741,2743,-1,2744,2745,2711,-1,2711,2745,2713,-1,2746,2747,2707,-1,2707,2747,2744,-1,2707,2744,2709,-1,2709,2744,2711,-1,2729,2727,2731,-1,2731,2727,2724,-1,2731,2724,2733,-1,2733,2724,2722,-1,2733,2722,2735,-1,2735,2722,2720,-1,2735,2720,2737,-1,2737,2720,2718,-1,2737,2718,2739,-1,2739,2718,2716,-1,2739,2716,2741,-1,2741,2716,2714,-1,2741,2714,2743,-1,2743,2714,2713,-1,2743,2713,2748,-1,2748,2713,2745,-1,2749,2750,2751,-1,2751,2750,2706,-1,2712,2752,2710,-1,2710,2752,2751,-1,2710,2751,2708,-1,2708,2751,2706,-1,2753,2752,2742,-1,2742,2752,2712,-1,2742,2712,2740,-1,2740,2712,2715,-1,2740,2715,2738,-1,2738,2715,2717,-1,2738,2717,2736,-1,2736,2717,2719,-1,2736,2719,2734,-1,2734,2719,2721,-1,2734,2721,2732,-1,2732,2721,2723,-1,2732,2723,2730,-1,2730,2723,2725,-1,2730,2725,2728,-1,2728,2725,2726,-1,2751,2744,2749,-1,2749,2744,2747,-1,2746,2707,2750,-1,2750,2707,2706,-1,2742,2743,2753,-1,2753,2743,2748,-1,2754,2755,2756,-1,2757,2758,2759,-1,2754,2756,2757,-1,2757,2756,2758,-1,2758,2756,2759,-1,2759,2756,2755,-1,2760,2761,2762,-1,2760,2762,2763,-1,2763,2762,2764,-1,2763,2764,2765,-1,2765,2764,2766,-1,2765,2766,2767,-1,2767,2766,2768,-1,2767,2768,2769,-1,2770,2769,2771,-1,2771,2769,2768,-1,2760,2763,2765,-1,2765,2767,2760,-1,2760,2767,2769,-1,2760,2769,2770,-1,2761,2771,2768,-1,2768,2766,2761,-1,2761,2766,2764,-1,2761,2764,2762,-1,2772,2773,2774,-1,2774,2773,2775,-1,2774,2775,2776,-1,2776,2775,2777,-1,2778,2776,2779,-1,2779,2776,2777,-1,2778,2779,2780,-1,2778,2780,2781,-1,2781,2780,2782,-1,2781,2782,2783,-1,2783,2782,2784,-1,2783,2784,2785,-1,2785,2784,2786,-1,2785,2786,2787,-1,2787,2786,2788,-1,2787,2788,2789,-1,2789,2788,2790,-1,2789,2790,2791,-1,2792,2791,2793,-1,2793,2791,2790,-1,2794,2792,2795,-1,2795,2792,2793,-1,2796,2794,2797,-1,2797,2794,2795,-1,2796,2797,2798,-1,2798,2797,2799,-1,2798,2799,2800,-1,2800,2799,2801,-1,2800,2801,2802,-1,2802,2801,2803,-1,2802,2803,2804,-1,2804,2803,2805,-1,2804,2805,2806,-1,2806,2805,2807,-1,2806,2807,2808,-1,2808,2807,2809,-1,2810,2811,2777,-1,2777,2811,2779,-1,2812,2813,2773,-1,2773,2813,2810,-1,2773,2810,2775,-1,2775,2810,2777,-1,2795,2793,2797,-1,2797,2793,2790,-1,2797,2790,2799,-1,2799,2790,2788,-1,2799,2788,2801,-1,2801,2788,2786,-1,2801,2786,2803,-1,2803,2786,2784,-1,2803,2784,2805,-1,2805,2784,2782,-1,2805,2782,2807,-1,2807,2782,2780,-1,2807,2780,2809,-1,2809,2780,2779,-1,2809,2779,2814,-1,2814,2779,2811,-1,2815,2816,2817,-1,2817,2816,2772,-1,2778,2818,2776,-1,2776,2818,2817,-1,2776,2817,2774,-1,2774,2817,2772,-1,2819,2818,2808,-1,2808,2818,2778,-1,2808,2778,2806,-1,2806,2778,2781,-1,2806,2781,2804,-1,2804,2781,2783,-1,2804,2783,2802,-1,2802,2783,2785,-1,2802,2785,2800,-1,2800,2785,2787,-1,2800,2787,2798,-1,2798,2787,2789,-1,2798,2789,2796,-1,2796,2789,2791,-1,2796,2791,2794,-1,2794,2791,2792,-1,2817,2810,2815,-1,2815,2810,2813,-1,2812,2773,2816,-1,2816,2773,2772,-1,2808,2809,2819,-1,2819,2809,2814,-1,2820,2821,2822,-1,2823,2824,2825,-1,2820,2822,2823,-1,2823,2822,2824,-1,2824,2822,2825,-1,2825,2822,2821,-1,2826,2827,2828,-1,2826,2828,2829,-1,2829,2828,2830,-1,2829,2830,2831,-1,2831,2830,2832,-1,2831,2832,2833,-1,2833,2832,2834,-1,2833,2834,2835,-1,2836,2835,2837,-1,2837,2835,2834,-1,2826,2829,2831,-1,2831,2833,2826,-1,2826,2833,2835,-1,2826,2835,2836,-1,2827,2837,2834,-1,2834,2832,2827,-1,2827,2832,2830,-1,2827,2830,2828,-1,2838,2839,2840,-1,2840,2839,2841,-1,2840,2841,2842,-1,2842,2841,2843,-1,2844,2842,2845,-1,2845,2842,2843,-1,2844,2845,2846,-1,2844,2846,2847,-1,2847,2846,2848,-1,2847,2848,2849,-1,2849,2848,2850,-1,2849,2850,2851,-1,2851,2850,2852,-1,2851,2852,2853,-1,2853,2852,2854,-1,2853,2854,2855,-1,2855,2854,2856,-1,2855,2856,2857,-1,2858,2857,2859,-1,2859,2857,2856,-1,2860,2858,2861,-1,2861,2858,2859,-1,2862,2860,2863,-1,2863,2860,2861,-1,2862,2863,2864,-1,2864,2863,2865,-1,2864,2865,2866,-1,2866,2865,2867,-1,2866,2867,2868,-1,2868,2867,2869,-1,2868,2869,2870,-1,2870,2869,2871,-1,2870,2871,2872,-1,2872,2871,2873,-1,2872,2873,2874,-1,2874,2873,2875,-1,2876,2877,2843,-1,2843,2877,2845,-1,2878,2879,2839,-1,2839,2879,2876,-1,2839,2876,2841,-1,2841,2876,2843,-1,2861,2859,2863,-1,2863,2859,2856,-1,2863,2856,2865,-1,2865,2856,2854,-1,2865,2854,2867,-1,2867,2854,2852,-1,2867,2852,2869,-1,2869,2852,2850,-1,2869,2850,2871,-1,2871,2850,2848,-1,2871,2848,2873,-1,2873,2848,2846,-1,2873,2846,2875,-1,2875,2846,2845,-1,2875,2845,2880,-1,2880,2845,2877,-1,2881,2882,2883,-1,2883,2882,2838,-1,2844,2884,2842,-1,2842,2884,2883,-1,2842,2883,2840,-1,2840,2883,2838,-1,2885,2884,2874,-1,2874,2884,2844,-1,2874,2844,2872,-1,2872,2844,2847,-1,2872,2847,2870,-1,2870,2847,2849,-1,2870,2849,2868,-1,2868,2849,2851,-1,2868,2851,2866,-1,2866,2851,2853,-1,2866,2853,2864,-1,2864,2853,2855,-1,2864,2855,2862,-1,2862,2855,2857,-1,2862,2857,2860,-1,2860,2857,2858,-1,2883,2876,2881,-1,2881,2876,2879,-1,2878,2839,2882,-1,2882,2839,2838,-1,2874,2875,2885,-1,2885,2875,2880,-1,2886,2887,2888,-1,2889,2890,2891,-1,2886,2888,2889,-1,2889,2888,2890,-1,2890,2888,2891,-1,2891,2888,2887,-1,2892,2893,2894,-1,2892,2894,2895,-1,2895,2894,2896,-1,2895,2896,2897,-1,2897,2896,2898,-1,2897,2898,2899,-1,2899,2898,2900,-1,2899,2900,2901,-1,2902,2901,2903,-1,2903,2901,2900,-1,2892,2895,2897,-1,2897,2899,2892,-1,2892,2899,2901,-1,2892,2901,2902,-1,2893,2903,2900,-1,2900,2898,2893,-1,2893,2898,2896,-1,2893,2896,2894,-1,2904,2905,2906,-1,2906,2905,2907,-1,2906,2907,2908,-1,2908,2907,2909,-1,2910,2908,2911,-1,2911,2908,2909,-1,2910,2911,2912,-1,2910,2912,2913,-1,2913,2912,2914,-1,2913,2914,2915,-1,2915,2914,2916,-1,2915,2916,2917,-1,2917,2916,2918,-1,2917,2918,2919,-1,2919,2918,2920,-1,2919,2920,2921,-1,2921,2920,2922,-1,2921,2922,2923,-1,2924,2923,2925,-1,2925,2923,2922,-1,2926,2924,2927,-1,2927,2924,2925,-1,2928,2926,2929,-1,2929,2926,2927,-1,2928,2929,2930,-1,2930,2929,2931,-1,2930,2931,2932,-1,2932,2931,2933,-1,2932,2933,2934,-1,2934,2933,2935,-1,2934,2935,2936,-1,2936,2935,2937,-1,2936,2937,2938,-1,2938,2937,2939,-1,2938,2939,2940,-1,2940,2939,2941,-1,2942,2943,2909,-1,2909,2943,2911,-1,2944,2945,2905,-1,2905,2945,2942,-1,2905,2942,2907,-1,2907,2942,2909,-1,2927,2925,2929,-1,2929,2925,2922,-1,2929,2922,2931,-1,2931,2922,2920,-1,2931,2920,2933,-1,2933,2920,2918,-1,2933,2918,2935,-1,2935,2918,2916,-1,2935,2916,2937,-1,2937,2916,2914,-1,2937,2914,2939,-1,2939,2914,2912,-1,2939,2912,2941,-1,2941,2912,2911,-1,2941,2911,2946,-1,2946,2911,2943,-1,2947,2948,2949,-1,2949,2948,2904,-1,2910,2950,2908,-1,2908,2950,2949,-1,2908,2949,2906,-1,2906,2949,2904,-1,2951,2950,2940,-1,2940,2950,2910,-1,2940,2910,2938,-1,2938,2910,2913,-1,2938,2913,2936,-1,2936,2913,2915,-1,2936,2915,2934,-1,2934,2915,2917,-1,2934,2917,2932,-1,2932,2917,2919,-1,2932,2919,2930,-1,2930,2919,2921,-1,2930,2921,2928,-1,2928,2921,2923,-1,2928,2923,2926,-1,2926,2923,2924,-1,2949,2942,2947,-1,2947,2942,2945,-1,2944,2905,2948,-1,2948,2905,2904,-1,2940,2941,2951,-1,2951,2941,2946,-1,2952,2953,2954,-1,2955,2956,2957,-1,2952,2954,2955,-1,2955,2954,2956,-1,2956,2954,2957,-1,2957,2954,2953,-1,2958,2959,2960,-1,2958,2960,2961,-1,2961,2960,2962,-1,2961,2962,2963,-1,2963,2962,2964,-1,2963,2964,2965,-1,2965,2964,2966,-1,2965,2966,2967,-1,2968,2967,2969,-1,2969,2967,2966,-1,2958,2961,2963,-1,2963,2965,2958,-1,2958,2965,2967,-1,2958,2967,2968,-1,2959,2969,2966,-1,2966,2964,2959,-1,2959,2964,2962,-1,2959,2962,2960,-1,2970,2971,2972,-1,2972,2971,2973,-1,2972,2973,2974,-1,2974,2973,2975,-1,2976,2974,2977,-1,2977,2974,2975,-1,2976,2977,2978,-1,2976,2978,2979,-1,2979,2978,2980,-1,2979,2980,2981,-1,2981,2980,2982,-1,2981,2982,2983,-1,2983,2982,2984,-1,2983,2984,2985,-1,2985,2984,2986,-1,2985,2986,2987,-1,2987,2986,2988,-1,2987,2988,2989,-1,2990,2989,2991,-1,2991,2989,2988,-1,2992,2990,2993,-1,2993,2990,2991,-1,2994,2992,2995,-1,2995,2992,2993,-1,2994,2995,2996,-1,2996,2995,2997,-1,2996,2997,2998,-1,2998,2997,2999,-1,2998,2999,3000,-1,3000,2999,3001,-1,3000,3001,3002,-1,3002,3001,3003,-1,3002,3003,3004,-1,3004,3003,3005,-1,3004,3005,3006,-1,3006,3005,3007,-1,3008,3009,2975,-1,2975,3009,2977,-1,3010,3011,2971,-1,2971,3011,3008,-1,2971,3008,2973,-1,2973,3008,2975,-1,2993,2991,2995,-1,2995,2991,2988,-1,2995,2988,2997,-1,2997,2988,2986,-1,2997,2986,2999,-1,2999,2986,2984,-1,2999,2984,3001,-1,3001,2984,2982,-1,3001,2982,3003,-1,3003,2982,2980,-1,3003,2980,3005,-1,3005,2980,2978,-1,3005,2978,3007,-1,3007,2978,2977,-1,3007,2977,3012,-1,3012,2977,3009,-1,3013,3014,3015,-1,3015,3014,2970,-1,2976,3016,2974,-1,2974,3016,3015,-1,2974,3015,2972,-1,2972,3015,2970,-1,3017,3016,3006,-1,3006,3016,2976,-1,3006,2976,3004,-1,3004,2976,2979,-1,3004,2979,3002,-1,3002,2979,2981,-1,3002,2981,3000,-1,3000,2981,2983,-1,3000,2983,2998,-1,2998,2983,2985,-1,2998,2985,2996,-1,2996,2985,2987,-1,2996,2987,2994,-1,2994,2987,2989,-1,2994,2989,2992,-1,2992,2989,2990,-1,3015,3008,3013,-1,3013,3008,3011,-1,3010,2971,3014,-1,3014,2971,2970,-1,3006,3007,3017,-1,3017,3007,3012,-1,3018,3019,3020,-1,3021,3022,3023,-1,3018,3020,3021,-1,3021,3020,3022,-1,3022,3020,3023,-1,3023,3020,3019,-1,3024,3025,3026,-1,3024,3026,3027,-1,3027,3026,3028,-1,3027,3028,3029,-1,3029,3028,3030,-1,3029,3030,3031,-1,3031,3030,3032,-1,3031,3032,3033,-1,3034,3033,3035,-1,3035,3033,3032,-1,3024,3027,3029,-1,3029,3031,3024,-1,3024,3031,3033,-1,3024,3033,3034,-1,3025,3035,3032,-1,3032,3030,3025,-1,3025,3030,3028,-1,3025,3028,3026,-1,3036,3037,3038,-1,3038,3037,3039,-1,3038,3039,3040,-1,3040,3039,3041,-1,3042,3040,3043,-1,3043,3040,3041,-1,3042,3043,3044,-1,3042,3044,3045,-1,3045,3044,3046,-1,3045,3046,3047,-1,3047,3046,3048,-1,3047,3048,3049,-1,3049,3048,3050,-1,3049,3050,3051,-1,3051,3050,3052,-1,3051,3052,3053,-1,3053,3052,3054,-1,3053,3054,3055,-1,3056,3055,3057,-1,3057,3055,3054,-1,3058,3056,3059,-1,3059,3056,3057,-1,3060,3058,3061,-1,3061,3058,3059,-1,3060,3061,3062,-1,3062,3061,3063,-1,3062,3063,3064,-1,3064,3063,3065,-1,3064,3065,3066,-1,3066,3065,3067,-1,3066,3067,3068,-1,3068,3067,3069,-1,3068,3069,3070,-1,3070,3069,3071,-1,3070,3071,3072,-1,3072,3071,3073,-1,3074,3075,3041,-1,3041,3075,3043,-1,3076,3077,3037,-1,3037,3077,3074,-1,3037,3074,3039,-1,3039,3074,3041,-1,3059,3057,3061,-1,3061,3057,3054,-1,3061,3054,3063,-1,3063,3054,3052,-1,3063,3052,3065,-1,3065,3052,3050,-1,3065,3050,3067,-1,3067,3050,3048,-1,3067,3048,3069,-1,3069,3048,3046,-1,3069,3046,3071,-1,3071,3046,3044,-1,3071,3044,3073,-1,3073,3044,3043,-1,3073,3043,3078,-1,3078,3043,3075,-1,3079,3080,3081,-1,3081,3080,3036,-1,3042,3082,3040,-1,3040,3082,3081,-1,3040,3081,3038,-1,3038,3081,3036,-1,3083,3082,3072,-1,3072,3082,3042,-1,3072,3042,3070,-1,3070,3042,3045,-1,3070,3045,3068,-1,3068,3045,3047,-1,3068,3047,3066,-1,3066,3047,3049,-1,3066,3049,3064,-1,3064,3049,3051,-1,3064,3051,3062,-1,3062,3051,3053,-1,3062,3053,3060,-1,3060,3053,3055,-1,3060,3055,3058,-1,3058,3055,3056,-1,3081,3074,3079,-1,3079,3074,3077,-1,3076,3037,3080,-1,3080,3037,3036,-1,3072,3073,3083,-1,3083,3073,3078,-1,3084,3085,3086,-1,3087,3088,3089,-1,3084,3086,3087,-1,3087,3086,3088,-1,3088,3086,3089,-1,3089,3086,3085,-1,3090,3091,3092,-1,3090,3092,3093,-1,3093,3092,3094,-1,3093,3094,3095,-1,3095,3094,3096,-1,3095,3096,3097,-1,3097,3096,3098,-1,3097,3098,3099,-1,3100,3099,3101,-1,3101,3099,3098,-1,3090,3093,3095,-1,3095,3097,3090,-1,3090,3097,3099,-1,3090,3099,3100,-1,3091,3101,3098,-1,3098,3096,3091,-1,3091,3096,3094,-1,3091,3094,3092,-1,3102,3103,3104,-1,3104,3103,3105,-1,3104,3105,3106,-1,3106,3105,3107,-1,3108,3106,3109,-1,3109,3106,3107,-1,3108,3109,3110,-1,3108,3110,3111,-1,3111,3110,3112,-1,3111,3112,3113,-1,3113,3112,3114,-1,3113,3114,3115,-1,3115,3114,3116,-1,3115,3116,3117,-1,3117,3116,3118,-1,3117,3118,3119,-1,3119,3118,3120,-1,3119,3120,3121,-1,3122,3121,3123,-1,3123,3121,3120,-1,3124,3122,3125,-1,3125,3122,3123,-1,3126,3124,3127,-1,3127,3124,3125,-1,3126,3127,3128,-1,3128,3127,3129,-1,3128,3129,3130,-1,3130,3129,3131,-1,3130,3131,3132,-1,3132,3131,3133,-1,3132,3133,3134,-1,3134,3133,3135,-1,3134,3135,3136,-1,3136,3135,3137,-1,3136,3137,3138,-1,3138,3137,3139,-1,3140,3141,3107,-1,3107,3141,3109,-1,3142,3143,3103,-1,3103,3143,3140,-1,3103,3140,3105,-1,3105,3140,3107,-1,3125,3123,3127,-1,3127,3123,3120,-1,3127,3120,3129,-1,3129,3120,3118,-1,3129,3118,3131,-1,3131,3118,3116,-1,3131,3116,3133,-1,3133,3116,3114,-1,3133,3114,3135,-1,3135,3114,3112,-1,3135,3112,3137,-1,3137,3112,3110,-1,3137,3110,3139,-1,3139,3110,3109,-1,3139,3109,3144,-1,3144,3109,3141,-1,3145,3146,3147,-1,3147,3146,3102,-1,3108,3148,3106,-1,3106,3148,3147,-1,3106,3147,3104,-1,3104,3147,3102,-1,3149,3148,3138,-1,3138,3148,3108,-1,3138,3108,3136,-1,3136,3108,3111,-1,3136,3111,3134,-1,3134,3111,3113,-1,3134,3113,3132,-1,3132,3113,3115,-1,3132,3115,3130,-1,3130,3115,3117,-1,3130,3117,3128,-1,3128,3117,3119,-1,3128,3119,3126,-1,3126,3119,3121,-1,3126,3121,3124,-1,3124,3121,3122,-1,3147,3140,3145,-1,3145,3140,3143,-1,3142,3103,3146,-1,3146,3103,3102,-1,3138,3139,3149,-1,3149,3139,3144,-1,3150,3151,3152,-1,3153,3154,3155,-1,3150,3152,3153,-1,3153,3152,3154,-1,3154,3152,3155,-1,3155,3152,3151,-1,3156,3157,3158,-1,3156,3158,3159,-1,3159,3158,3160,-1,3159,3160,3161,-1,3161,3160,3162,-1,3161,3162,3163,-1,3163,3162,3164,-1,3163,3164,3165,-1,3166,3165,3167,-1,3167,3165,3164,-1,3156,3159,3161,-1,3161,3163,3156,-1,3156,3163,3165,-1,3156,3165,3166,-1,3157,3167,3164,-1,3164,3162,3157,-1,3157,3162,3160,-1,3157,3160,3158,-1,3168,3169,3170,-1,3170,3169,3171,-1,3170,3171,3172,-1,3172,3171,3173,-1,3174,3172,3175,-1,3175,3172,3173,-1,3174,3175,3176,-1,3174,3176,3177,-1,3177,3176,3178,-1,3177,3178,3179,-1,3179,3178,3180,-1,3179,3180,3181,-1,3181,3180,3182,-1,3181,3182,3183,-1,3183,3182,3184,-1,3183,3184,3185,-1,3185,3184,3186,-1,3185,3186,3187,-1,3188,3187,3189,-1,3189,3187,3186,-1,3190,3188,3191,-1,3191,3188,3189,-1,3192,3190,3193,-1,3193,3190,3191,-1,3192,3193,3194,-1,3194,3193,3195,-1,3194,3195,3196,-1,3196,3195,3197,-1,3196,3197,3198,-1,3198,3197,3199,-1,3198,3199,3200,-1,3200,3199,3201,-1,3200,3201,3202,-1,3202,3201,3203,-1,3202,3203,3204,-1,3204,3203,3205,-1,3206,3207,3173,-1,3173,3207,3175,-1,3208,3209,3169,-1,3169,3209,3206,-1,3169,3206,3171,-1,3171,3206,3173,-1,3191,3189,3193,-1,3193,3189,3186,-1,3193,3186,3195,-1,3195,3186,3184,-1,3195,3184,3197,-1,3197,3184,3182,-1,3197,3182,3199,-1,3199,3182,3180,-1,3199,3180,3201,-1,3201,3180,3178,-1,3201,3178,3203,-1,3203,3178,3176,-1,3203,3176,3205,-1,3205,3176,3175,-1,3205,3175,3210,-1,3210,3175,3207,-1,3211,3212,3213,-1,3213,3212,3168,-1,3174,3214,3172,-1,3172,3214,3213,-1,3172,3213,3170,-1,3170,3213,3168,-1,3215,3214,3204,-1,3204,3214,3174,-1,3204,3174,3202,-1,3202,3174,3177,-1,3202,3177,3200,-1,3200,3177,3179,-1,3200,3179,3198,-1,3198,3179,3181,-1,3198,3181,3196,-1,3196,3181,3183,-1,3196,3183,3194,-1,3194,3183,3185,-1,3194,3185,3192,-1,3192,3185,3187,-1,3192,3187,3190,-1,3190,3187,3188,-1,3213,3206,3211,-1,3211,3206,3209,-1,3208,3169,3212,-1,3212,3169,3168,-1,3204,3205,3215,-1,3215,3205,3210,-1,3216,3217,3218,-1,3219,3220,3221,-1,3216,3218,3219,-1,3219,3218,3220,-1,3220,3218,3221,-1,3221,3218,3217,-1,3222,3223,3224,-1,3222,3224,3225,-1,3225,3224,3226,-1,3225,3226,3227,-1,3227,3226,3228,-1,3227,3228,3229,-1,3229,3228,3230,-1,3229,3230,3231,-1,3232,3231,3233,-1,3233,3231,3230,-1,3222,3225,3227,-1,3227,3229,3222,-1,3222,3229,3231,-1,3222,3231,3232,-1,3223,3233,3230,-1,3230,3228,3223,-1,3223,3228,3226,-1,3223,3226,3224,-1,3234,3235,3236,-1,3236,3235,3237,-1,3236,3237,3238,-1,3238,3237,3239,-1,3240,3238,3241,-1,3241,3238,3239,-1,3240,3241,3242,-1,3240,3242,3243,-1,3243,3242,3244,-1,3243,3244,3245,-1,3245,3244,3246,-1,3245,3246,3247,-1,3247,3246,3248,-1,3247,3248,3249,-1,3249,3248,3250,-1,3249,3250,3251,-1,3251,3250,3252,-1,3251,3252,3253,-1,3254,3253,3255,-1,3255,3253,3252,-1,3256,3254,3257,-1,3257,3254,3255,-1,3258,3256,3259,-1,3259,3256,3257,-1,3258,3259,3260,-1,3260,3259,3261,-1,3260,3261,3262,-1,3262,3261,3263,-1,3262,3263,3264,-1,3264,3263,3265,-1,3264,3265,3266,-1,3266,3265,3267,-1,3266,3267,3268,-1,3268,3267,3269,-1,3268,3269,3270,-1,3270,3269,3271,-1,3272,3273,3239,-1,3239,3273,3241,-1,3274,3275,3235,-1,3235,3275,3272,-1,3235,3272,3237,-1,3237,3272,3239,-1,3257,3255,3259,-1,3259,3255,3252,-1,3259,3252,3261,-1,3261,3252,3250,-1,3261,3250,3263,-1,3263,3250,3248,-1,3263,3248,3265,-1,3265,3248,3246,-1,3265,3246,3267,-1,3267,3246,3244,-1,3267,3244,3269,-1,3269,3244,3242,-1,3269,3242,3271,-1,3271,3242,3241,-1,3271,3241,3276,-1,3276,3241,3273,-1,3277,3278,3279,-1,3279,3278,3234,-1,3240,3280,3238,-1,3238,3280,3279,-1,3238,3279,3236,-1,3236,3279,3234,-1,3281,3280,3270,-1,3270,3280,3240,-1,3270,3240,3268,-1,3268,3240,3243,-1,3268,3243,3266,-1,3266,3243,3245,-1,3266,3245,3264,-1,3264,3245,3247,-1,3264,3247,3262,-1,3262,3247,3249,-1,3262,3249,3260,-1,3260,3249,3251,-1,3260,3251,3258,-1,3258,3251,3253,-1,3258,3253,3256,-1,3256,3253,3254,-1,3279,3272,3277,-1,3277,3272,3275,-1,3274,3235,3278,-1,3278,3235,3234,-1,3270,3271,3281,-1,3281,3271,3276,-1,3282,3283,3284,-1,3285,3286,3287,-1,3282,3284,3285,-1,3285,3284,3286,-1,3286,3284,3287,-1,3287,3284,3283,-1,3288,3289,3290,-1,3288,3290,3291,-1,3291,3290,3292,-1,3291,3292,3293,-1,3293,3292,3294,-1,3293,3294,3295,-1,3295,3294,3296,-1,3295,3296,3297,-1,3298,3297,3299,-1,3299,3297,3296,-1,3288,3291,3293,-1,3293,3295,3288,-1,3288,3295,3297,-1,3288,3297,3298,-1,3289,3299,3296,-1,3296,3294,3289,-1,3289,3294,3292,-1,3289,3292,3290,-1,3300,3301,3302,-1,3302,3301,3303,-1,3302,3303,3304,-1,3304,3303,3305,-1,3306,3304,3307,-1,3307,3304,3305,-1,3306,3307,3308,-1,3306,3308,3309,-1,3309,3308,3310,-1,3309,3310,3311,-1,3311,3310,3312,-1,3311,3312,3313,-1,3313,3312,3314,-1,3313,3314,3315,-1,3315,3314,3316,-1,3315,3316,3317,-1,3317,3316,3318,-1,3317,3318,3319,-1,3320,3319,3321,-1,3321,3319,3318,-1,3322,3320,3323,-1,3323,3320,3321,-1,3324,3322,3325,-1,3325,3322,3323,-1,3324,3325,3326,-1,3326,3325,3327,-1,3326,3327,3328,-1,3328,3327,3329,-1,3328,3329,3330,-1,3330,3329,3331,-1,3330,3331,3332,-1,3332,3331,3333,-1,3332,3333,3334,-1,3334,3333,3335,-1,3334,3335,3336,-1,3336,3335,3337,-1,3338,3339,3305,-1,3305,3339,3307,-1,3340,3341,3301,-1,3301,3341,3338,-1,3301,3338,3303,-1,3303,3338,3305,-1,3323,3321,3325,-1,3325,3321,3318,-1,3325,3318,3327,-1,3327,3318,3316,-1,3327,3316,3329,-1,3329,3316,3314,-1,3329,3314,3331,-1,3331,3314,3312,-1,3331,3312,3333,-1,3333,3312,3310,-1,3333,3310,3335,-1,3335,3310,3308,-1,3335,3308,3337,-1,3337,3308,3307,-1,3337,3307,3342,-1,3342,3307,3339,-1,3343,3344,3345,-1,3345,3344,3300,-1,3306,3346,3304,-1,3304,3346,3345,-1,3304,3345,3302,-1,3302,3345,3300,-1,3347,3346,3336,-1,3336,3346,3306,-1,3336,3306,3334,-1,3334,3306,3309,-1,3334,3309,3332,-1,3332,3309,3311,-1,3332,3311,3330,-1,3330,3311,3313,-1,3330,3313,3328,-1,3328,3313,3315,-1,3328,3315,3326,-1,3326,3315,3317,-1,3326,3317,3324,-1,3324,3317,3319,-1,3324,3319,3322,-1,3322,3319,3320,-1,3345,3338,3343,-1,3343,3338,3341,-1,3340,3301,3344,-1,3344,3301,3300,-1,3336,3337,3347,-1,3347,3337,3342,-1,3348,3349,3350,-1,3351,3352,3353,-1,3348,3350,3351,-1,3351,3350,3352,-1,3352,3350,3353,-1,3353,3350,3349,-1,3354,3355,3356,-1,3354,3356,3357,-1,3357,3356,3358,-1,3357,3358,3359,-1,3359,3358,3360,-1,3359,3360,3361,-1,3361,3360,3362,-1,3361,3362,3363,-1,3364,3363,3365,-1,3365,3363,3362,-1,3354,3357,3359,-1,3359,3361,3354,-1,3354,3361,3363,-1,3354,3363,3364,-1,3355,3365,3362,-1,3362,3360,3355,-1,3355,3360,3358,-1,3355,3358,3356,-1,3366,3367,3368,-1,3368,3367,3369,-1,3368,3369,3370,-1,3370,3369,3371,-1,3372,3370,3373,-1,3373,3370,3371,-1,3372,3373,3374,-1,3372,3374,3375,-1,3375,3374,3376,-1,3375,3376,3377,-1,3377,3376,3378,-1,3377,3378,3379,-1,3379,3378,3380,-1,3379,3380,3381,-1,3381,3380,3382,-1,3381,3382,3383,-1,3383,3382,3384,-1,3383,3384,3385,-1,3386,3385,3387,-1,3387,3385,3384,-1,3388,3386,3389,-1,3389,3386,3387,-1,3390,3388,3391,-1,3391,3388,3389,-1,3390,3391,3392,-1,3392,3391,3393,-1,3392,3393,3394,-1,3394,3393,3395,-1,3394,3395,3396,-1,3396,3395,3397,-1,3396,3397,3398,-1,3398,3397,3399,-1,3398,3399,3400,-1,3400,3399,3401,-1,3400,3401,3402,-1,3402,3401,3403,-1,3404,3405,3371,-1,3371,3405,3373,-1,3406,3407,3367,-1,3367,3407,3404,-1,3367,3404,3369,-1,3369,3404,3371,-1,3389,3387,3391,-1,3391,3387,3384,-1,3391,3384,3393,-1,3393,3384,3382,-1,3393,3382,3395,-1,3395,3382,3380,-1,3395,3380,3397,-1,3397,3380,3378,-1,3397,3378,3399,-1,3399,3378,3376,-1,3399,3376,3401,-1,3401,3376,3374,-1,3401,3374,3403,-1,3403,3374,3373,-1,3403,3373,3408,-1,3408,3373,3405,-1,3409,3410,3411,-1,3411,3410,3366,-1,3372,3412,3370,-1,3370,3412,3411,-1,3370,3411,3368,-1,3368,3411,3366,-1,3413,3412,3402,-1,3402,3412,3372,-1,3402,3372,3400,-1,3400,3372,3375,-1,3400,3375,3398,-1,3398,3375,3377,-1,3398,3377,3396,-1,3396,3377,3379,-1,3396,3379,3394,-1,3394,3379,3381,-1,3394,3381,3392,-1,3392,3381,3383,-1,3392,3383,3390,-1,3390,3383,3385,-1,3390,3385,3388,-1,3388,3385,3386,-1,3411,3404,3409,-1,3409,3404,3407,-1,3406,3367,3410,-1,3410,3367,3366,-1,3402,3403,3413,-1,3413,3403,3408,-1,3414,3415,3416,-1,3417,3418,3419,-1,3414,3416,3417,-1,3417,3416,3418,-1,3418,3416,3419,-1,3419,3416,3415,-1,3420,3421,3422,-1,3420,3422,3423,-1,3423,3422,3424,-1,3423,3424,3425,-1,3425,3424,3426,-1,3425,3426,3427,-1,3427,3426,3428,-1,3427,3428,3429,-1,3430,3429,3431,-1,3431,3429,3428,-1,3420,3423,3425,-1,3425,3427,3420,-1,3420,3427,3429,-1,3420,3429,3430,-1,3421,3431,3428,-1,3428,3426,3421,-1,3421,3426,3424,-1,3421,3424,3422,-1,3432,3433,3434,-1,3434,3433,3435,-1,3434,3435,3436,-1,3436,3435,3437,-1,3438,3436,3439,-1,3439,3436,3437,-1,3438,3439,3440,-1,3438,3440,3441,-1,3441,3440,3442,-1,3441,3442,3443,-1,3443,3442,3444,-1,3443,3444,3445,-1,3445,3444,3446,-1,3445,3446,3447,-1,3447,3446,3448,-1,3447,3448,3449,-1,3449,3448,3450,-1,3449,3450,3451,-1,3452,3451,3453,-1,3453,3451,3450,-1,3454,3452,3455,-1,3455,3452,3453,-1,3456,3454,3457,-1,3457,3454,3455,-1,3456,3457,3458,-1,3458,3457,3459,-1,3458,3459,3460,-1,3460,3459,3461,-1,3460,3461,3462,-1,3462,3461,3463,-1,3462,3463,3464,-1,3464,3463,3465,-1,3464,3465,3466,-1,3466,3465,3467,-1,3466,3467,3468,-1,3468,3467,3469,-1,3470,3468,3471,-1,3471,3468,3469,-1,3472,3473,3474,-1,3474,3473,3475,-1,3432,3476,3433,-1,3433,3476,3477,-1,3472,3476,3473,-1,3473,3476,3432,-1,3438,3478,3436,-1,3436,3478,3473,-1,3436,3473,3434,-1,3434,3473,3432,-1,3470,3478,3468,-1,3468,3478,3438,-1,3468,3438,3466,-1,3466,3438,3441,-1,3466,3441,3464,-1,3464,3441,3443,-1,3464,3443,3462,-1,3462,3443,3445,-1,3462,3445,3460,-1,3460,3445,3447,-1,3460,3447,3458,-1,3458,3447,3449,-1,3458,3449,3456,-1,3456,3449,3451,-1,3456,3451,3454,-1,3454,3451,3452,-1,3475,3479,3437,-1,3437,3479,3439,-1,3477,3474,3433,-1,3433,3474,3475,-1,3433,3475,3435,-1,3435,3475,3437,-1,3455,3453,3457,-1,3457,3453,3450,-1,3457,3450,3459,-1,3459,3450,3448,-1,3459,3448,3461,-1,3461,3448,3446,-1,3461,3446,3463,-1,3463,3446,3444,-1,3463,3444,3465,-1,3465,3444,3442,-1,3465,3442,3467,-1,3467,3442,3440,-1,3467,3440,3469,-1,3469,3440,3439,-1,3469,3439,3471,-1,3471,3439,3479,-1,3480,3481,3482,-1,3482,3481,3483,-1,3484,3485,3486,-1,3484,3486,3487,-1,3487,3486,3488,-1,3487,3488,3489,-1,3489,3488,3490,-1,3489,3490,3491,-1,3491,3490,3483,-1,3491,3483,3481,-1,3481,3480,3484,-1,3481,3484,3491,-1,3491,3484,3487,-1,3491,3487,3489,-1,3482,3483,3485,-1,3485,3483,3490,-1,3485,3490,3486,-1,3486,3490,3488,-1,3492,3493,3494,-1,3494,3493,3495,-1,3494,3495,3496,-1,3496,3495,3497,-1,3498,3496,3499,-1,3499,3496,3497,-1,3498,3499,3500,-1,3498,3500,3501,-1,3501,3500,3502,-1,3501,3502,3503,-1,3503,3502,3504,-1,3503,3504,3505,-1,3505,3504,3506,-1,3505,3506,3507,-1,3507,3506,3508,-1,3507,3508,3509,-1,3509,3508,3510,-1,3509,3510,3511,-1,3512,3511,3513,-1,3513,3511,3510,-1,3514,3512,3515,-1,3515,3512,3513,-1,3516,3514,3517,-1,3517,3514,3515,-1,3516,3517,3518,-1,3518,3517,3519,-1,3518,3519,3520,-1,3520,3519,3521,-1,3520,3521,3522,-1,3522,3521,3523,-1,3522,3523,3524,-1,3524,3523,3525,-1,3524,3525,3526,-1,3526,3525,3527,-1,3526,3527,3528,-1,3528,3527,3529,-1,3530,3528,3531,-1,3531,3528,3529,-1,3532,3533,3534,-1,3534,3533,3535,-1,3492,3536,3493,-1,3493,3536,3537,-1,3532,3536,3533,-1,3533,3536,3492,-1,3498,3538,3496,-1,3496,3538,3533,-1,3496,3533,3494,-1,3494,3533,3492,-1,3530,3538,3528,-1,3528,3538,3498,-1,3528,3498,3526,-1,3526,3498,3501,-1,3526,3501,3524,-1,3524,3501,3503,-1,3524,3503,3522,-1,3522,3503,3505,-1,3522,3505,3520,-1,3520,3505,3507,-1,3520,3507,3518,-1,3518,3507,3509,-1,3518,3509,3516,-1,3516,3509,3511,-1,3516,3511,3514,-1,3514,3511,3512,-1,3535,3539,3497,-1,3497,3539,3499,-1,3537,3534,3493,-1,3493,3534,3535,-1,3493,3535,3495,-1,3495,3535,3497,-1,3515,3513,3517,-1,3517,3513,3510,-1,3517,3510,3519,-1,3519,3510,3508,-1,3519,3508,3521,-1,3521,3508,3506,-1,3521,3506,3523,-1,3523,3506,3504,-1,3523,3504,3525,-1,3525,3504,3502,-1,3525,3502,3527,-1,3527,3502,3500,-1,3527,3500,3529,-1,3529,3500,3499,-1,3529,3499,3531,-1,3531,3499,3539,-1,3540,3541,3542,-1,3542,3541,3543,-1,3544,3545,3546,-1,3544,3546,3547,-1,3547,3546,3548,-1,3547,3548,3549,-1,3549,3548,3550,-1,3549,3550,3551,-1,3551,3550,3543,-1,3551,3543,3541,-1,3541,3540,3544,-1,3541,3544,3551,-1,3551,3544,3547,-1,3551,3547,3549,-1,3542,3543,3545,-1,3545,3543,3550,-1,3545,3550,3546,-1,3546,3550,3548,-1,3552,3553,3554,-1,3554,3553,3555,-1,3554,3555,3556,-1,3556,3555,3557,-1,3558,3556,3559,-1,3559,3556,3557,-1,3558,3559,3560,-1,3558,3560,3561,-1,3561,3560,3562,-1,3561,3562,3563,-1,3563,3562,3564,-1,3563,3564,3565,-1,3565,3564,3566,-1,3565,3566,3567,-1,3567,3566,3568,-1,3567,3568,3569,-1,3569,3568,3570,-1,3569,3570,3571,-1,3572,3571,3573,-1,3573,3571,3570,-1,3574,3572,3575,-1,3575,3572,3573,-1,3576,3574,3577,-1,3577,3574,3575,-1,3576,3577,3578,-1,3578,3577,3579,-1,3578,3579,3580,-1,3580,3579,3581,-1,3580,3581,3582,-1,3582,3581,3583,-1,3582,3583,3584,-1,3584,3583,3585,-1,3584,3585,3586,-1,3586,3585,3587,-1,3586,3587,3588,-1,3588,3587,3589,-1,3590,3588,3591,-1,3591,3588,3589,-1,3592,3593,3594,-1,3594,3593,3595,-1,3552,3596,3553,-1,3553,3596,3597,-1,3592,3596,3593,-1,3593,3596,3552,-1,3558,3598,3556,-1,3556,3598,3593,-1,3556,3593,3554,-1,3554,3593,3552,-1,3590,3598,3588,-1,3588,3598,3558,-1,3588,3558,3586,-1,3586,3558,3561,-1,3586,3561,3584,-1,3584,3561,3563,-1,3584,3563,3582,-1,3582,3563,3565,-1,3582,3565,3580,-1,3580,3565,3567,-1,3580,3567,3578,-1,3578,3567,3569,-1,3578,3569,3576,-1,3576,3569,3571,-1,3576,3571,3574,-1,3574,3571,3572,-1,3595,3599,3557,-1,3557,3599,3559,-1,3597,3594,3553,-1,3553,3594,3595,-1,3553,3595,3555,-1,3555,3595,3557,-1,3575,3573,3577,-1,3577,3573,3570,-1,3577,3570,3579,-1,3579,3570,3568,-1,3579,3568,3581,-1,3581,3568,3566,-1,3581,3566,3583,-1,3583,3566,3564,-1,3583,3564,3585,-1,3585,3564,3562,-1,3585,3562,3587,-1,3587,3562,3560,-1,3587,3560,3589,-1,3589,3560,3559,-1,3589,3559,3591,-1,3591,3559,3599,-1,3600,3601,3602,-1,3602,3601,3603,-1,3604,3605,3606,-1,3604,3606,3607,-1,3607,3606,3608,-1,3607,3608,3609,-1,3609,3608,3610,-1,3609,3610,3611,-1,3611,3610,3603,-1,3611,3603,3601,-1,3601,3600,3604,-1,3601,3604,3611,-1,3611,3604,3607,-1,3611,3607,3609,-1,3602,3603,3605,-1,3605,3603,3610,-1,3605,3610,3606,-1,3606,3610,3608,-1,3612,3613,3614,-1,3614,3613,3615,-1,3614,3615,3616,-1,3616,3615,3617,-1,3618,3616,3619,-1,3619,3616,3617,-1,3618,3619,3620,-1,3618,3620,3621,-1,3621,3620,3622,-1,3621,3622,3623,-1,3623,3622,3624,-1,3623,3624,3625,-1,3625,3624,3626,-1,3625,3626,3627,-1,3627,3626,3628,-1,3627,3628,3629,-1,3629,3628,3630,-1,3629,3630,3631,-1,3632,3631,3633,-1,3633,3631,3630,-1,3634,3632,3635,-1,3635,3632,3633,-1,3636,3634,3637,-1,3637,3634,3635,-1,3636,3637,3638,-1,3638,3637,3639,-1,3638,3639,3640,-1,3640,3639,3641,-1,3640,3641,3642,-1,3642,3641,3643,-1,3642,3643,3644,-1,3644,3643,3645,-1,3644,3645,3646,-1,3646,3645,3647,-1,3646,3647,3648,-1,3648,3647,3649,-1,3650,3648,3651,-1,3651,3648,3649,-1,3652,3653,3654,-1,3654,3653,3655,-1,3612,3656,3613,-1,3613,3656,3657,-1,3652,3656,3653,-1,3653,3656,3612,-1,3618,3658,3616,-1,3616,3658,3653,-1,3616,3653,3614,-1,3614,3653,3612,-1,3650,3658,3648,-1,3648,3658,3618,-1,3648,3618,3646,-1,3646,3618,3621,-1,3646,3621,3644,-1,3644,3621,3623,-1,3644,3623,3642,-1,3642,3623,3625,-1,3642,3625,3640,-1,3640,3625,3627,-1,3640,3627,3638,-1,3638,3627,3629,-1,3638,3629,3636,-1,3636,3629,3631,-1,3636,3631,3634,-1,3634,3631,3632,-1,3655,3659,3617,-1,3617,3659,3619,-1,3657,3654,3613,-1,3613,3654,3655,-1,3613,3655,3615,-1,3615,3655,3617,-1,3635,3633,3637,-1,3637,3633,3630,-1,3637,3630,3639,-1,3639,3630,3628,-1,3639,3628,3641,-1,3641,3628,3626,-1,3641,3626,3643,-1,3643,3626,3624,-1,3643,3624,3645,-1,3645,3624,3622,-1,3645,3622,3647,-1,3647,3622,3620,-1,3647,3620,3649,-1,3649,3620,3619,-1,3649,3619,3651,-1,3651,3619,3659,-1,3660,3661,3662,-1,3662,3661,3663,-1,3664,3665,3666,-1,3664,3666,3667,-1,3667,3666,3668,-1,3667,3668,3669,-1,3669,3668,3670,-1,3669,3670,3671,-1,3671,3670,3663,-1,3671,3663,3661,-1,3661,3660,3664,-1,3661,3664,3671,-1,3671,3664,3667,-1,3671,3667,3669,-1,3662,3663,3665,-1,3665,3663,3670,-1,3665,3670,3666,-1,3666,3670,3668,-1,3672,3673,3674,-1,3674,3673,3675,-1,3674,3675,3676,-1,3676,3675,3677,-1,3678,3676,3679,-1,3679,3676,3677,-1,3678,3679,3680,-1,3678,3680,3681,-1,3681,3680,3682,-1,3681,3682,3683,-1,3683,3682,3684,-1,3683,3684,3685,-1,3685,3684,3686,-1,3685,3686,3687,-1,3687,3686,3688,-1,3687,3688,3689,-1,3689,3688,3690,-1,3689,3690,3691,-1,3692,3691,3693,-1,3693,3691,3690,-1,3694,3692,3695,-1,3695,3692,3693,-1,3696,3694,3697,-1,3697,3694,3695,-1,3696,3697,3698,-1,3698,3697,3699,-1,3698,3699,3700,-1,3700,3699,3701,-1,3700,3701,3702,-1,3702,3701,3703,-1,3702,3703,3704,-1,3704,3703,3705,-1,3704,3705,3706,-1,3706,3705,3707,-1,3706,3707,3708,-1,3708,3707,3709,-1,3710,3708,3711,-1,3711,3708,3709,-1,3712,3713,3714,-1,3714,3713,3715,-1,3672,3716,3673,-1,3673,3716,3717,-1,3712,3716,3713,-1,3713,3716,3672,-1,3678,3718,3676,-1,3676,3718,3713,-1,3676,3713,3674,-1,3674,3713,3672,-1,3710,3718,3708,-1,3708,3718,3678,-1,3708,3678,3706,-1,3706,3678,3681,-1,3706,3681,3704,-1,3704,3681,3683,-1,3704,3683,3702,-1,3702,3683,3685,-1,3702,3685,3700,-1,3700,3685,3687,-1,3700,3687,3698,-1,3698,3687,3689,-1,3698,3689,3696,-1,3696,3689,3691,-1,3696,3691,3694,-1,3694,3691,3692,-1,3715,3719,3677,-1,3677,3719,3679,-1,3717,3714,3673,-1,3673,3714,3715,-1,3673,3715,3675,-1,3675,3715,3677,-1,3695,3693,3697,-1,3697,3693,3690,-1,3697,3690,3699,-1,3699,3690,3688,-1,3699,3688,3701,-1,3701,3688,3686,-1,3701,3686,3703,-1,3703,3686,3684,-1,3703,3684,3705,-1,3705,3684,3682,-1,3705,3682,3707,-1,3707,3682,3680,-1,3707,3680,3709,-1,3709,3680,3679,-1,3709,3679,3711,-1,3711,3679,3719,-1,3720,3721,3722,-1,3722,3721,3723,-1,3724,3725,3726,-1,3724,3726,3727,-1,3727,3726,3728,-1,3727,3728,3729,-1,3729,3728,3730,-1,3729,3730,3731,-1,3731,3730,3723,-1,3731,3723,3721,-1,3721,3720,3724,-1,3721,3724,3731,-1,3731,3724,3727,-1,3731,3727,3729,-1,3722,3723,3725,-1,3725,3723,3730,-1,3725,3730,3726,-1,3726,3730,3728,-1,3732,3733,3734,-1,3734,3733,3735,-1,3734,3735,3736,-1,3736,3735,3737,-1,3738,3736,3739,-1,3739,3736,3737,-1,3738,3739,3740,-1,3738,3740,3741,-1,3741,3740,3742,-1,3741,3742,3743,-1,3743,3742,3744,-1,3743,3744,3745,-1,3745,3744,3746,-1,3745,3746,3747,-1,3747,3746,3748,-1,3747,3748,3749,-1,3749,3748,3750,-1,3749,3750,3751,-1,3752,3751,3753,-1,3753,3751,3750,-1,3754,3752,3755,-1,3755,3752,3753,-1,3756,3754,3757,-1,3757,3754,3755,-1,3756,3757,3758,-1,3758,3757,3759,-1,3758,3759,3760,-1,3760,3759,3761,-1,3760,3761,3762,-1,3762,3761,3763,-1,3762,3763,3764,-1,3764,3763,3765,-1,3764,3765,3766,-1,3766,3765,3767,-1,3766,3767,3768,-1,3768,3767,3769,-1,3770,3768,3771,-1,3771,3768,3769,-1,3772,3773,3774,-1,3774,3773,3775,-1,3732,3776,3733,-1,3733,3776,3777,-1,3772,3776,3773,-1,3773,3776,3732,-1,3738,3778,3736,-1,3736,3778,3773,-1,3736,3773,3734,-1,3734,3773,3732,-1,3770,3778,3768,-1,3768,3778,3738,-1,3768,3738,3766,-1,3766,3738,3741,-1,3766,3741,3764,-1,3764,3741,3743,-1,3764,3743,3762,-1,3762,3743,3745,-1,3762,3745,3760,-1,3760,3745,3747,-1,3760,3747,3758,-1,3758,3747,3749,-1,3758,3749,3756,-1,3756,3749,3751,-1,3756,3751,3754,-1,3754,3751,3752,-1,3775,3779,3737,-1,3737,3779,3739,-1,3777,3774,3733,-1,3733,3774,3775,-1,3733,3775,3735,-1,3735,3775,3737,-1,3755,3753,3757,-1,3757,3753,3750,-1,3757,3750,3759,-1,3759,3750,3748,-1,3759,3748,3761,-1,3761,3748,3746,-1,3761,3746,3763,-1,3763,3746,3744,-1,3763,3744,3765,-1,3765,3744,3742,-1,3765,3742,3767,-1,3767,3742,3740,-1,3767,3740,3769,-1,3769,3740,3739,-1,3769,3739,3771,-1,3771,3739,3779,-1,3780,3781,3782,-1,3782,3781,3783,-1,3784,3785,3786,-1,3784,3786,3787,-1,3787,3786,3788,-1,3787,3788,3789,-1,3789,3788,3790,-1,3789,3790,3791,-1,3791,3790,3783,-1,3791,3783,3781,-1,3781,3780,3784,-1,3781,3784,3791,-1,3791,3784,3787,-1,3791,3787,3789,-1,3782,3783,3785,-1,3785,3783,3790,-1,3785,3790,3786,-1,3786,3790,3788,-1,3792,3793,3794,-1,3794,3793,3795,-1,3794,3795,3796,-1,3796,3795,3797,-1,3798,3796,3799,-1,3799,3796,3797,-1,3798,3799,3800,-1,3798,3800,3801,-1,3801,3800,3802,-1,3801,3802,3803,-1,3803,3802,3804,-1,3803,3804,3805,-1,3805,3804,3806,-1,3805,3806,3807,-1,3807,3806,3808,-1,3807,3808,3809,-1,3809,3808,3810,-1,3809,3810,3811,-1,3812,3811,3813,-1,3813,3811,3810,-1,3814,3812,3815,-1,3815,3812,3813,-1,3816,3814,3817,-1,3817,3814,3815,-1,3816,3817,3818,-1,3818,3817,3819,-1,3818,3819,3820,-1,3820,3819,3821,-1,3820,3821,3822,-1,3822,3821,3823,-1,3822,3823,3824,-1,3824,3823,3825,-1,3824,3825,3826,-1,3826,3825,3827,-1,3826,3827,3828,-1,3828,3827,3829,-1,3830,3828,3831,-1,3831,3828,3829,-1,3832,3833,3834,-1,3834,3833,3835,-1,3792,3836,3793,-1,3793,3836,3837,-1,3832,3836,3833,-1,3833,3836,3792,-1,3798,3838,3796,-1,3796,3838,3833,-1,3796,3833,3794,-1,3794,3833,3792,-1,3830,3838,3828,-1,3828,3838,3798,-1,3828,3798,3826,-1,3826,3798,3801,-1,3826,3801,3824,-1,3824,3801,3803,-1,3824,3803,3822,-1,3822,3803,3805,-1,3822,3805,3820,-1,3820,3805,3807,-1,3820,3807,3818,-1,3818,3807,3809,-1,3818,3809,3816,-1,3816,3809,3811,-1,3816,3811,3814,-1,3814,3811,3812,-1,3835,3839,3797,-1,3797,3839,3799,-1,3837,3834,3793,-1,3793,3834,3835,-1,3793,3835,3795,-1,3795,3835,3797,-1,3815,3813,3817,-1,3817,3813,3810,-1,3817,3810,3819,-1,3819,3810,3808,-1,3819,3808,3821,-1,3821,3808,3806,-1,3821,3806,3823,-1,3823,3806,3804,-1,3823,3804,3825,-1,3825,3804,3802,-1,3825,3802,3827,-1,3827,3802,3800,-1,3827,3800,3829,-1,3829,3800,3799,-1,3829,3799,3831,-1,3831,3799,3839,-1,3840,3841,3842,-1,3842,3841,3843,-1,3844,3845,3846,-1,3844,3846,3847,-1,3847,3846,3848,-1,3847,3848,3849,-1,3849,3848,3850,-1,3849,3850,3851,-1,3851,3850,3843,-1,3851,3843,3841,-1,3841,3840,3844,-1,3841,3844,3851,-1,3851,3844,3847,-1,3851,3847,3849,-1,3842,3843,3845,-1,3845,3843,3850,-1,3845,3850,3846,-1,3846,3850,3848,-1,3852,3853,3854,-1,3854,3853,3855,-1,3854,3855,3856,-1,3856,3855,3857,-1,3858,3856,3859,-1,3859,3856,3857,-1,3858,3859,3860,-1,3858,3860,3861,-1,3861,3860,3862,-1,3861,3862,3863,-1,3863,3862,3864,-1,3863,3864,3865,-1,3865,3864,3866,-1,3865,3866,3867,-1,3867,3866,3868,-1,3867,3868,3869,-1,3869,3868,3870,-1,3869,3870,3871,-1,3872,3871,3873,-1,3873,3871,3870,-1,3874,3872,3875,-1,3875,3872,3873,-1,3876,3874,3877,-1,3877,3874,3875,-1,3876,3877,3878,-1,3878,3877,3879,-1,3878,3879,3880,-1,3880,3879,3881,-1,3880,3881,3882,-1,3882,3881,3883,-1,3882,3883,3884,-1,3884,3883,3885,-1,3884,3885,3886,-1,3886,3885,3887,-1,3886,3887,3888,-1,3888,3887,3889,-1,3890,3888,3891,-1,3891,3888,3889,-1,3892,3893,3894,-1,3894,3893,3895,-1,3852,3896,3853,-1,3853,3896,3897,-1,3892,3896,3893,-1,3893,3896,3852,-1,3858,3898,3856,-1,3856,3898,3893,-1,3856,3893,3854,-1,3854,3893,3852,-1,3890,3898,3888,-1,3888,3898,3858,-1,3888,3858,3886,-1,3886,3858,3861,-1,3886,3861,3884,-1,3884,3861,3863,-1,3884,3863,3882,-1,3882,3863,3865,-1,3882,3865,3880,-1,3880,3865,3867,-1,3880,3867,3878,-1,3878,3867,3869,-1,3878,3869,3876,-1,3876,3869,3871,-1,3876,3871,3874,-1,3874,3871,3872,-1,3895,3899,3857,-1,3857,3899,3859,-1,3897,3894,3853,-1,3853,3894,3895,-1,3853,3895,3855,-1,3855,3895,3857,-1,3875,3873,3877,-1,3877,3873,3870,-1,3877,3870,3879,-1,3879,3870,3868,-1,3879,3868,3881,-1,3881,3868,3866,-1,3881,3866,3883,-1,3883,3866,3864,-1,3883,3864,3885,-1,3885,3864,3862,-1,3885,3862,3887,-1,3887,3862,3860,-1,3887,3860,3889,-1,3889,3860,3859,-1,3889,3859,3891,-1,3891,3859,3899,-1,3900,3901,3902,-1,3902,3901,3903,-1,3904,3905,3906,-1,3904,3906,3907,-1,3907,3906,3908,-1,3907,3908,3909,-1,3909,3908,3910,-1,3909,3910,3911,-1,3911,3910,3903,-1,3911,3903,3901,-1,3901,3900,3904,-1,3901,3904,3911,-1,3911,3904,3907,-1,3911,3907,3909,-1,3902,3903,3905,-1,3905,3903,3910,-1,3905,3910,3906,-1,3906,3910,3908,-1,3912,3913,3914,-1,3914,3913,3915,-1,3914,3915,3916,-1,3916,3915,3917,-1,3918,3916,3919,-1,3919,3916,3917,-1,3918,3919,3920,-1,3918,3920,3921,-1,3921,3920,3922,-1,3921,3922,3923,-1,3923,3922,3924,-1,3923,3924,3925,-1,3925,3924,3926,-1,3925,3926,3927,-1,3927,3926,3928,-1,3927,3928,3929,-1,3929,3928,3930,-1,3929,3930,3931,-1,3932,3931,3933,-1,3933,3931,3930,-1,3934,3932,3935,-1,3935,3932,3933,-1,3936,3934,3937,-1,3937,3934,3935,-1,3936,3937,3938,-1,3938,3937,3939,-1,3938,3939,3940,-1,3940,3939,3941,-1,3940,3941,3942,-1,3942,3941,3943,-1,3942,3943,3944,-1,3944,3943,3945,-1,3944,3945,3946,-1,3946,3945,3947,-1,3946,3947,3948,-1,3948,3947,3949,-1,3950,3948,3951,-1,3951,3948,3949,-1,3952,3953,3954,-1,3954,3953,3955,-1,3912,3956,3913,-1,3913,3956,3957,-1,3952,3956,3953,-1,3953,3956,3912,-1,3918,3958,3916,-1,3916,3958,3953,-1,3916,3953,3914,-1,3914,3953,3912,-1,3950,3958,3948,-1,3948,3958,3918,-1,3948,3918,3946,-1,3946,3918,3921,-1,3946,3921,3944,-1,3944,3921,3923,-1,3944,3923,3942,-1,3942,3923,3925,-1,3942,3925,3940,-1,3940,3925,3927,-1,3940,3927,3938,-1,3938,3927,3929,-1,3938,3929,3936,-1,3936,3929,3931,-1,3936,3931,3934,-1,3934,3931,3932,-1,3955,3959,3917,-1,3917,3959,3919,-1,3957,3954,3913,-1,3913,3954,3955,-1,3913,3955,3915,-1,3915,3955,3917,-1,3935,3933,3937,-1,3937,3933,3930,-1,3937,3930,3939,-1,3939,3930,3928,-1,3939,3928,3941,-1,3941,3928,3926,-1,3941,3926,3943,-1,3943,3926,3924,-1,3943,3924,3945,-1,3945,3924,3922,-1,3945,3922,3947,-1,3947,3922,3920,-1,3947,3920,3949,-1,3949,3920,3919,-1,3949,3919,3951,-1,3951,3919,3959,-1,3960,3961,3962,-1,3962,3961,3963,-1,3964,3965,3966,-1,3964,3966,3967,-1,3967,3966,3968,-1,3967,3968,3969,-1,3969,3968,3970,-1,3969,3970,3971,-1,3971,3970,3963,-1,3971,3963,3961,-1,3961,3960,3964,-1,3961,3964,3971,-1,3971,3964,3967,-1,3971,3967,3969,-1,3962,3963,3965,-1,3965,3963,3970,-1,3965,3970,3966,-1,3966,3970,3968,-1,3972,3973,3974,-1,3974,3973,3975,-1,3974,3975,3976,-1,3976,3975,3977,-1,3978,3976,3979,-1,3979,3976,3977,-1,3978,3979,3980,-1,3978,3980,3981,-1,3981,3980,3982,-1,3981,3982,3983,-1,3983,3982,3984,-1,3983,3984,3985,-1,3985,3984,3986,-1,3985,3986,3987,-1,3987,3986,3988,-1,3987,3988,3989,-1,3989,3988,3990,-1,3989,3990,3991,-1,3992,3991,3993,-1,3993,3991,3990,-1,3994,3992,3995,-1,3995,3992,3993,-1,3996,3994,3997,-1,3997,3994,3995,-1,3996,3997,3998,-1,3998,3997,3999,-1,3998,3999,4000,-1,4000,3999,4001,-1,4000,4001,4002,-1,4002,4001,4003,-1,4002,4003,4004,-1,4004,4003,4005,-1,4004,4005,4006,-1,4006,4005,4007,-1,4006,4007,4008,-1,4008,4007,4009,-1,4010,4008,4011,-1,4011,4008,4009,-1,4012,4013,4014,-1,4014,4013,4015,-1,3972,4016,3973,-1,3973,4016,4017,-1,4012,4016,4013,-1,4013,4016,3972,-1,3978,4018,3976,-1,3976,4018,4013,-1,3976,4013,3974,-1,3974,4013,3972,-1,4010,4018,4008,-1,4008,4018,3978,-1,4008,3978,4006,-1,4006,3978,3981,-1,4006,3981,4004,-1,4004,3981,3983,-1,4004,3983,4002,-1,4002,3983,3985,-1,4002,3985,4000,-1,4000,3985,3987,-1,4000,3987,3998,-1,3998,3987,3989,-1,3998,3989,3996,-1,3996,3989,3991,-1,3996,3991,3994,-1,3994,3991,3992,-1,4015,4019,3977,-1,3977,4019,3979,-1,4017,4014,3973,-1,3973,4014,4015,-1,3973,4015,3975,-1,3975,4015,3977,-1,3995,3993,3997,-1,3997,3993,3990,-1,3997,3990,3999,-1,3999,3990,3988,-1,3999,3988,4001,-1,4001,3988,3986,-1,4001,3986,4003,-1,4003,3986,3984,-1,4003,3984,4005,-1,4005,3984,3982,-1,4005,3982,4007,-1,4007,3982,3980,-1,4007,3980,4009,-1,4009,3980,3979,-1,4009,3979,4011,-1,4011,3979,4019,-1,4020,4021,4022,-1,4022,4021,4023,-1,4024,4025,4026,-1,4024,4026,4027,-1,4027,4026,4028,-1,4027,4028,4029,-1,4029,4028,4030,-1,4029,4030,4031,-1,4031,4030,4023,-1,4031,4023,4021,-1,4021,4020,4024,-1,4021,4024,4031,-1,4031,4024,4027,-1,4031,4027,4029,-1,4022,4023,4025,-1,4025,4023,4030,-1,4025,4030,4026,-1,4026,4030,4028,-1,4032,4033,4034,-1,4034,4033,4035,-1,4034,4035,4036,-1,4036,4035,4037,-1,4038,4036,4039,-1,4039,4036,4037,-1,4038,4039,4040,-1,4038,4040,4041,-1,4041,4040,4042,-1,4041,4042,4043,-1,4043,4042,4044,-1,4043,4044,4045,-1,4045,4044,4046,-1,4045,4046,4047,-1,4047,4046,4048,-1,4047,4048,4049,-1,4049,4048,4050,-1,4049,4050,4051,-1,4052,4051,4053,-1,4053,4051,4050,-1,4054,4052,4055,-1,4055,4052,4053,-1,4056,4054,4057,-1,4057,4054,4055,-1,4056,4057,4058,-1,4058,4057,4059,-1,4058,4059,4060,-1,4060,4059,4061,-1,4060,4061,4062,-1,4062,4061,4063,-1,4062,4063,4064,-1,4064,4063,4065,-1,4064,4065,4066,-1,4066,4065,4067,-1,4066,4067,4068,-1,4068,4067,4069,-1,4070,4068,4071,-1,4071,4068,4069,-1,4072,4073,4074,-1,4074,4073,4075,-1,4032,4076,4033,-1,4033,4076,4077,-1,4072,4076,4073,-1,4073,4076,4032,-1,4038,4078,4036,-1,4036,4078,4073,-1,4036,4073,4034,-1,4034,4073,4032,-1,4070,4078,4068,-1,4068,4078,4038,-1,4068,4038,4066,-1,4066,4038,4041,-1,4066,4041,4064,-1,4064,4041,4043,-1,4064,4043,4062,-1,4062,4043,4045,-1,4062,4045,4060,-1,4060,4045,4047,-1,4060,4047,4058,-1,4058,4047,4049,-1,4058,4049,4056,-1,4056,4049,4051,-1,4056,4051,4054,-1,4054,4051,4052,-1,4075,4079,4037,-1,4037,4079,4039,-1,4077,4074,4033,-1,4033,4074,4075,-1,4033,4075,4035,-1,4035,4075,4037,-1,4055,4053,4057,-1,4057,4053,4050,-1,4057,4050,4059,-1,4059,4050,4048,-1,4059,4048,4061,-1,4061,4048,4046,-1,4061,4046,4063,-1,4063,4046,4044,-1,4063,4044,4065,-1,4065,4044,4042,-1,4065,4042,4067,-1,4067,4042,4040,-1,4067,4040,4069,-1,4069,4040,4039,-1,4069,4039,4071,-1,4071,4039,4079,-1,4080,4081,4082,-1,4082,4081,4083,-1,4084,4085,4086,-1,4084,4086,4087,-1,4087,4086,4088,-1,4087,4088,4089,-1,4089,4088,4090,-1,4089,4090,4091,-1,4091,4090,4083,-1,4091,4083,4081,-1,4081,4080,4084,-1,4081,4084,4091,-1,4091,4084,4087,-1,4091,4087,4089,-1,4082,4083,4085,-1,4085,4083,4090,-1,4085,4090,4086,-1,4086,4090,4088,-1,
        ]
    }
}
Shape{
    appearance Appearance {
        material  Material 	{
            diffuseColor 0.25098039215686274 0.25098039215686274 0.25098039215686274
            specularColor 0.12549019607843137 0.12549019607843137 0.12549019607843137
            ambientIntensity 0.251
            transparency 0.0
            shininess 0.5
        }
    }
    geometry IndexedFaceSet {
        ccw TRUE
        solid FALSE
        coord DEF co Coordinate {
            point [
                -1.7126 0.001 0.2598, -1.7193 0.0519 -0.2756, -1.7193 0.0519 0.2598, -1.739 0.0994 -0.2756, -1.739 0.0994 0.2598, -1.7703 0.1402 -0.2756, -1.7703 0.1402 0.2598, -1.811 0.1714 -0.2756, -1.811 0.1714 0.2598, -1.8585 0.1911 -0.2756, -1.8585 0.1911 0.2598, -1.9094 0.1978 -0.2756, -1.9094 0.1978 0.2598, -1.9604 0.1911 -0.2756, -1.9604 0.1911 0.2598, -2.0079 0.1714 -0.2756, -2.0079 0.1714 0.2598, -2.0486 0.1402 -0.2756, -2.0486 0.1402 0.2598, -2.0799 0.0994 -0.2756, -2.0799 0.0994 0.2598, -2.0996 0.0519 -0.2756, -2.0996 0.0519 0.2598, -2.1063 0.001 -0.2756, -2.1063 0.001 0.2598, -2.0996 -0.05 -0.2756, -2.0996 -0.05 0.2598, -2.0799 -0.0975 -0.2756, -2.0799 -0.0975 0.2598, -2.0486 -0.1382 -0.2756, -2.0486 -0.1382 0.2598, -2.0079 -0.1695 -0.2756, -2.0079 -0.1695 0.2598, -1.9604 -0.1892 -0.2756, -1.9604 -0.1892 0.2598, -1.9094 -0.1959 -0.2756, -1.9094 -0.1959 0.2598, -1.8585 -0.1892 -0.2756, -1.8585 -0.1892 0.2598, -1.811 -0.1695 -0.2756, -1.811 -0.1695 0.2598, -1.7703 -0.1382 -0.2756, -1.7703 -0.1382 0.2598, -1.739 -0.0975 -0.2756, -1.739 -0.0975 0.2598, -1.7193 -0.05 -0.2756, -1.7193 -0.05 0.2598, -1.7126 0.001 -0.2756, -2.0117 -0.0581 -0.3543, -2.0235 -0.0296 -0.3543, -1.9094 0.001 -0.3543, -2.0276 0.001 -0.3543, -2.0235 0.0315 -0.3543, -1.94 -0.1131 -0.3543, -1.9685 -0.1013 -0.3543, -1.993 -0.0826 -0.3543, -1.8504 -0.1013 -0.3543, -1.8789 -0.1131 -0.3543, -1.9094 -0.1172 -0.3543, -1.7954 -0.0296 -0.3543, -1.8072 -0.0581 -0.3543, -1.8259 -0.0826 -0.3543, -1.8072 0.06 -0.3543, -1.7954 0.0315 -0.3543, -1.7913 0.001 -0.3543, -1.8789 0.115 -0.3543, -1.8504 0.1032 -0.3543, -1.8259 0.0845 -0.3543, -1.9685 0.1032 -0.3543, -1.94 0.115 -0.3543, -1.9094 0.1191 -0.3543, -2.0117 0.06 -0.3543, -1.993 0.0845 -0.3543, 7.4016 0.001 0.2598, 7.3949 0.0519 -0.2756, 7.3949 0.0519 0.2598, 7.3752 0.0994 -0.2756, 7.3752 0.0994 0.2598, 7.3439 0.1402 -0.2756, 7.3439 0.1402 0.2598, 7.3031 0.1714 -0.2756, 7.3031 0.1714 0.2598, 7.2557 0.1911 -0.2756, 7.2557 0.1911 0.2598, 7.2047 0.1978 -0.2756, 7.2047 0.1978 0.2598, 7.1538 0.1911 -0.2756, 7.1538 0.1911 0.2598, 7.1063 0.1714 -0.2756, 7.1063 0.1714 0.2598, 7.0655 0.1402 -0.2756, 7.0655 0.1402 0.2598, 7.0342 0.0994 -0.2756, 7.0342 0.0994 0.2598, 7.0146 0.0519 -0.2756, 7.0146 0.0519 0.2598, 7.0079 0.001 -0.2756, 7.0079 0.001 0.2598, 7.0146 -0.05 -0.2756, 7.0146 -0.05 0.2598, 7.0342 -0.0975 -0.2756, 7.0342 -0.0975 0.2598, 7.0655 -0.1382 -0.2756, 7.0655 -0.1382 0.2598, 7.1063 -0.1695 -0.2756, 7.1063 -0.1695 0.2598, 7.1538 -0.1892 -0.2756, 7.1538 -0.1892 0.2598, 7.2047 -0.1959 -0.2756, 7.2047 -0.1959 0.2598, 7.2557 -0.1892 -0.2756, 7.2557 -0.1892 0.2598, 7.3031 -0.1695 -0.2756, 7.3031 -0.1695 0.2598, 7.3439 -0.1382 -0.2756, 7.3439 -0.1382 0.2598, 7.3752 -0.0975 -0.2756, 7.3752 -0.0975 0.2598, 7.3949 -0.05 -0.2756, 7.3949 -0.05 0.2598, 7.4016 0.001 -0.2756, 7.1024 -0.0581 -0.3543, 7.0906 -0.0296 -0.3543, 7.2047 0.001 -0.3543, 7.0866 0.001 -0.3543, 7.0906 0.0315 -0.3543, 7.1742 -0.1131 -0.3543, 7.1457 -0.1013 -0.3543, 7.1212 -0.0826 -0.3543, 7.2638 -0.1013 -0.3543, 7.2353 -0.1131 -0.3543, 7.2047 -0.1172 -0.3543, 7.3188 -0.0296 -0.3543, 7.307 -0.0581 -0.3543, 7.2882 -0.0826 -0.3543, 7.307 0.06 -0.3543, 7.3188 0.0315 -0.3543, 7.3228 0.001 -0.3543, 7.2353 0.115 -0.3543, 7.2638 0.1032 -0.3543, 7.2882 0.0845 -0.3543, 7.1457 0.1032 -0.3543, 7.1742 0.115 -0.3543, 7.2047 0.1191 -0.3543, 7.1024 0.06 -0.3543, 7.1212 0.0845 -0.3543, -2.1351 -0.8768 0.2598, -2.1351 -0.8768 0.6535, -2.1351 -1.1769 0.2598, -2.1351 -1.2425 0.6535, -2.1351 -1.2425 0.2598, -1.6838 -1.2425 0.6535, -1.6838 -1.2425 0.2598, -1.6838 -1.1769 0.2598, -1.6838 -0.8768 0.6535, -1.6838 -0.8768 0.2598, -1.6838 0.8787 0.6535, -1.6838 1.2444 0.6535, -1.6838 0.8787 0.2598, -1.6838 1.2444 0.2598, -2.1351 1.2444 0.6535, -2.1351 1.2444 0.2598, -2.1351 0.8787 0.6535, -2.1351 0.8787 0.2598, -7.3072 0.7696 3.8032, -7.3072 1.2183 3.8032, -7.3072 0.7696 4.1969, -7.3072 1.2183 4.1969, -6.9178 1.2183 3.8032, -6.9178 1.2183 4.1969, -6.9178 0.7696 3.8032, -6.9178 0.7696 4.1969, -6.9178 -0.7677 4.1969, -6.9178 -0.7677 3.8032, -6.9178 -1.1392 4.1969, -6.9178 -1.2164 3.8032, -6.9178 -1.2164 4.1969, -7.3072 -1.2164 3.8032, -7.3072 -1.2164 4.1969, -7.3072 -1.1392 4.1969, -7.3072 -0.7677 3.8032, -7.3072 -0.7677 4.1969, 7.3072 -1.2164 3.8032, 6.9178 -1.2164 3.8032, 7.3072 -1.2164 4.1969, 6.9178 -1.2164 4.1969, 6.9178 -1.1392 4.1969, 6.9178 -0.7677 3.8032, 6.9178 -0.7677 4.1969, 7.3072 -0.7677 3.8032, 7.3072 -0.7677 4.1969, 7.3072 -1.1392 4.1969, 6.9178 0.7696 3.8032, 6.9178 1.2183 3.8032, 6.9178 0.7696 4.1969, 6.9178 1.2183 4.1969, 7.3072 1.2183 3.8032, 7.3072 1.2183 4.1969, 7.3072 0.7696 3.8032, 7.3072 0.7696 4.1969
            ]
        }
        coordIndex [
            0,1,2,-1,2,1,3,-1,2,3,4,-1,4,3,5,-1,4,5,6,-1,6,5,7,-1,6,7,8,-1,8,7,9,-1,8,9,10,-1,10,9,11,-1,10,11,12,-1,12,11,13,-1,12,13,14,-1,14,13,15,-1,14,15,16,-1,16,15,17,-1,16,17,18,-1,18,17,19,-1,18,19,20,-1,20,19,21,-1,20,21,22,-1,22,21,23,-1,22,23,24,-1,24,23,25,-1,24,25,26,-1,26,25,27,-1,26,27,28,-1,28,27,29,-1,28,29,30,-1,30,29,31,-1,30,31,32,-1,32,31,33,-1,32,33,34,-1,34,33,35,-1,34,35,36,-1,36,35,37,-1,36,37,38,-1,38,37,39,-1,38,39,40,-1,40,39,41,-1,40,41,42,-1,42,41,43,-1,42,43,44,-1,44,43,45,-1,44,45,46,-1,46,45,47,-1,46,47,0,-1,0,47,1,-1,48,49,50,-1,50,49,51,-1,50,51,52,-1,53,54,50,-1,50,54,55,-1,50,55,48,-1,56,57,50,-1,50,57,58,-1,50,58,53,-1,59,60,50,-1,50,60,61,-1,50,61,56,-1,62,63,50,-1,50,63,64,-1,50,64,59,-1,65,66,50,-1,50,66,67,-1,50,67,62,-1,68,69,50,-1,50,69,70,-1,50,70,65,-1,52,71,50,-1,50,71,72,-1,50,72,68,-1,73,74,75,-1,75,74,76,-1,75,76,77,-1,77,76,78,-1,77,78,79,-1,79,78,80,-1,79,80,81,-1,81,80,82,-1,81,82,83,-1,83,82,84,-1,83,84,85,-1,85,84,86,-1,85,86,87,-1,87,86,88,-1,87,88,89,-1,89,88,90,-1,89,90,91,-1,91,90,92,-1,91,92,93,-1,93,92,94,-1,93,94,95,-1,95,94,96,-1,95,96,97,-1,97,96,98,-1,97,98,99,-1,99,98,100,-1,99,100,101,-1,101,100,102,-1,101,102,103,-1,103,102,104,-1,103,104,105,-1,105,104,106,-1,105,106,107,-1,107,106,108,-1,107,108,109,-1,109,108,110,-1,109,110,111,-1,111,110,112,-1,111,112,113,-1,113,112,114,-1,113,114,115,-1,115,114,116,-1,115,116,117,-1,117,116,118,-1,117,118,119,-1,119,118,120,-1,119,120,73,-1,73,120,74,-1,121,122,123,-1,123,122,124,-1,123,124,125,-1,126,127,123,-1,123,127,128,-1,123,128,121,-1,129,130,123,-1,123,130,131,-1,123,131,126,-1,132,133,123,-1,123,133,134,-1,123,134,129,-1,135,136,123,-1,123,136,137,-1,123,137,132,-1,138,139,123,-1,123,139,140,-1,123,140,135,-1,141,142,123,-1,123,142,143,-1,123,143,138,-1,125,144,123,-1,123,144,145,-1,123,145,141,-1,146,147,148,-1,148,147,149,-1,148,149,150,-1,149,151,150,-1,150,151,152,-1,152,151,153,-1,153,151,154,-1,153,154,155,-1,154,147,155,-1,155,147,146,-1,154,151,147,-1,147,151,149,-1,156,157,158,-1,158,157,159,-1,157,160,159,-1,159,160,161,-1,160,162,161,-1,161,162,163,-1,162,156,163,-1,163,156,158,-1,162,160,156,-1,156,160,157,-1,164,165,166,-1,166,165,167,-1,165,168,167,-1,167,168,169,-1,168,170,169,-1,169,170,171,-1,170,164,171,-1,171,164,166,-1,170,168,164,-1,164,168,165,-1,172,173,174,-1,174,173,175,-1,174,175,176,-1,175,177,176,-1,176,177,178,-1,178,177,179,-1,179,177,180,-1,179,180,181,-1,180,173,181,-1,181,173,172,-1,180,177,173,-1,173,177,175,-1,182,183,184,-1,184,183,185,-1,185,183,186,-1,186,183,187,-1,186,187,188,-1,187,189,188,-1,188,189,190,-1,190,189,191,-1,191,189,182,-1,191,182,184,-1,189,187,182,-1,182,187,183,-1,192,193,194,-1,194,193,195,-1,193,196,195,-1,195,196,197,-1,196,198,197,-1,197,198,199,-1,198,192,199,-1,199,192,194,-1,198,196,192,-1,192,196,193,-1,120,136,74,-1,74,136,135,-1,74,135,76,-1,76,135,140,-1,76,140,78,-1,78,140,139,-1,78,139,80,-1,80,139,138,-1,80,138,82,-1,82,138,143,-1,82,143,84,-1,84,143,142,-1,84,142,86,-1,86,142,141,-1,86,141,88,-1,88,141,145,-1,88,145,90,-1,90,145,144,-1,90,144,92,-1,92,144,125,-1,92,125,94,-1,94,125,124,-1,94,124,96,-1,96,124,122,-1,96,122,98,-1,98,122,121,-1,98,121,100,-1,100,121,128,-1,100,128,102,-1,102,128,127,-1,102,127,104,-1,104,127,126,-1,104,126,106,-1,106,126,131,-1,106,131,108,-1,108,131,130,-1,108,130,110,-1,110,130,129,-1,110,129,112,-1,112,129,134,-1,112,134,114,-1,114,134,133,-1,114,133,116,-1,116,133,132,-1,116,132,118,-1,118,132,137,-1,118,137,120,-1,120,137,136,-1,47,63,1,-1,1,63,62,-1,1,62,3,-1,3,62,67,-1,3,67,5,-1,5,67,66,-1,5,66,7,-1,7,66,65,-1,7,65,9,-1,9,65,70,-1,9,70,11,-1,11,70,69,-1,11,69,13,-1,13,69,68,-1,13,68,15,-1,15,68,72,-1,15,72,17,-1,17,72,71,-1,17,71,19,-1,19,71,52,-1,19,52,21,-1,21,52,51,-1,21,51,23,-1,23,51,49,-1,23,49,25,-1,25,49,48,-1,25,48,27,-1,27,48,55,-1,27,55,29,-1,29,55,54,-1,29,54,31,-1,31,54,53,-1,31,53,33,-1,33,53,58,-1,33,58,35,-1,35,58,57,-1,35,57,37,-1,37,57,56,-1,37,56,39,-1,39,56,61,-1,39,61,41,-1,41,61,60,-1,41,60,43,-1,43,60,59,-1,43,59,45,-1,45,59,64,-1,45,64,47,-1,47,64,63,-1,
        ]
    }
}
Shape{
    appearance Appearance {
        material  Material 	{
            diffuseColor 1.0 1.0 1.0
            specularColor 0.5019607843137255 0.5019607843137255 0.5019607843137255
            ambientIntensity 1.0
            transparency 0.0
            shininess 0.5
        }
    }
    geometry IndexedFaceSet {
        ccw TRUE
        solid FALSE
        coord DEF co Coordinate {
            point [
                -0.0783 -1.44 1.1158, -0.0783 -1.44 1.0915, -0.0783 -1.436 1.1158, -0.0783 -1.436 1.0915, -0.1634 -1.44 1.1158, -0.1634 -1.436 1.1158, -0.1634 -1.44 1.305, -0.1634 -1.436 1.305, -0.1909 -1.44 1.305, -0.1909 -1.436 1.305, -0.1909 -1.44 1.0915, -0.1909 -1.436 1.0915, 0.0637 -1.44 1.091, 0.0311 -1.44 1.0878, 0.05 -1.436 1.0896, 0.0311 -1.436 1.0878, 0.0637 -1.436 1.091, 0.0866 -1.436 1.0985, 0.0866 -1.44 1.0985, 0.0903 -1.436 1.1003, 0.0903 -1.44 1.1003, 0.0903 -1.44 1.1267, 0.0903 -1.436 1.1267, 0.0711 -1.436 1.1179, 0.0711 -1.44 1.1179, 0.0473 -1.436 1.113, 0.0473 -1.44 1.113, 0.0351 -1.436 1.1124, 0.0351 -1.44 1.1124, 0.0144 -1.436 1.1148, 0.0144 -1.44 1.1148, -0.001 -1.436 1.1206, -0.001 -1.44 1.1206, -0.015 -1.436 1.1303, -0.015 -1.44 1.1303, -0.0197 -1.436 1.1349, -0.0197 -1.44 1.1349, -0.0304 -1.436 1.1499, -0.0304 -1.44 1.1499, -0.0372 -1.436 1.1673, -0.0372 -1.44 1.1673, -0.0407 -1.436 1.1933, -0.0407 -1.44 1.1933, -0.0407 -1.436 1.1958, -0.0407 -1.44 1.1958, -0.0382 -1.436 1.2206, -0.0382 -1.44 1.2206, -0.0317 -1.436 1.2401, -0.0317 -1.44 1.2401, -0.0221 -1.436 1.2556, -0.0221 -1.44 1.2556, -0.0182 -1.436 1.26, -0.0182 -1.44 1.26, -0.0034 -1.436 1.2722, -0.0034 -1.44 1.2722, 0.0134 -1.436 1.2799, 0.0134 -1.44 1.2799, 0.0321 -1.436 1.2834, 0.0321 -1.44 1.2834, 0.0399 -1.436 1.2837, 0.0399 -1.44 1.2837, 0.0633 -1.436 1.2812, 0.0633 -1.44 1.2812, 0.0853 -1.436 1.2736, 0.0853 -1.44 1.2736, 0.0903 -1.436 1.271, 0.0903 -1.44 1.271, 0.0903 -1.44 1.2998, 0.0903 -1.436 1.2998, 0.0397 -1.436 1.3086, 0.0397 -1.44 1.3086, 0.0431 -1.44 1.3085, 0.0704 -1.436 1.3059, 0.0704 -1.44 1.3059, 0.0611 -1.436 1.3068, 0.0431 -1.436 1.3085, 0.0247 -1.436 1.3068, 0.009 -1.44 1.3049, 0.009 -1.436 1.3049, -0.0133 -1.436 1.2963, -0.0133 -1.44 1.2963, -0.034 -1.436 1.2817, -0.034 -1.44 1.2817, -0.0388 -1.436 1.2771, -0.0388 -1.44 1.2771, -0.0527 -1.436 1.2595, -0.0601 -1.436 1.2436, -0.0634 -1.44 1.2362, -0.0527 -1.44 1.2595, -0.0634 -1.436 1.2362, -0.0689 -1.436 1.2091, -0.0689 -1.44 1.2091, -0.0696 -1.436 1.1942, -0.0696 -1.44 1.1942, -0.0655 -1.436 1.1598, -0.0601 -1.436 1.1457, -0.0569 -1.44 1.1374, -0.0655 -1.44 1.1598, -0.0569 -1.436 1.1374, -0.0442 -1.436 1.1191, -0.0442 -1.44 1.1191, -0.0422 -1.436 1.117, -0.0422 -1.44 1.117, -0.0062 -1.436 1.0937, -0.0262 -1.44 1.1035, -0.0262 -1.436 1.1035, 0.012 -1.436 1.0896, 0.0167 -1.44 1.0886, -0.0062 -1.44 1.0937, 0.0167 -1.436 1.0886, 0.2478 -1.44 1.1158, 0.2478 -1.44 1.0915, 0.2478 -1.436 1.1158, 0.2478 -1.436 1.0915, 0.1606 -1.436 1.1158, 0.1606 -1.44 1.1158, 0.2182 -1.436 1.1158, 0.1606 -1.44 1.1876, 0.1606 -1.436 1.1876, 0.2369 -1.436 1.1876, 0.2369 -1.44 1.1876, 0.2182 -1.436 1.1876, 0.2369 -1.44 1.2121, 0.2369 -1.436 1.2121, 0.1606 -1.436 1.2121, 0.1606 -1.44 1.2121, 0.2182 -1.436 1.2121, 0.1606 -1.44 1.2804, 0.1606 -1.436 1.2804, 0.243 -1.436 1.2804, 0.243 -1.44 1.2804, 0.2182 -1.436 1.2804, 0.243 -1.44 1.305, 0.243 -1.436 1.305, 0.133 -1.436 1.305, 0.133 -1.44 1.305, 0.2182 -1.436 1.305, 0.133 -1.44 1.0915, 0.133 -1.436 1.0915, 0.2182 -1.436 1.0915, 0.3753 -1.44 1.2774, 0.3535 -1.44 1.3049, 0.348 -1.44 1.2804, 0.3491 -1.44 1.305, 0.3157 -1.44 1.2804, 0.2882 -1.44 1.305, 0.3157 -1.44 1.1158, 0.2882 -1.44 1.0915, 0.3467 -1.44 1.1158, 0.3469 -1.44 1.0915, 0.3718 -1.44 1.1182, 0.3828 -1.44 1.0958, 0.3906 -1.44 1.1245, 0.4072 -1.44 1.1052, 0.405 -1.44 1.1335, 0.4298 -1.44 1.1214, 0.4102 -1.44 1.1381, 0.4214 -1.44 1.1521, 0.4443 -1.44 1.1381, 0.4285 -1.44 1.1682, 0.4554 -1.44 1.1599, 0.4325 -1.44 1.188, 0.4611 -1.44 1.1845, 0.433 -1.44 1.2002, 0.462 -1.44 1.2009, 0.4306 -1.44 1.2239, 0.4585 -1.44 1.2301, 0.4249 -1.44 1.2403, 0.4507 -1.44 1.2505, 0.417 -1.44 1.2527, 0.4375 -1.44 1.2692, 0.4096 -1.44 1.2603, 0.4298 -1.44 1.2767, 0.3938 -1.44 1.2708, 0.4109 -1.44 1.2901, 0.3857 -1.44 1.3004, 0.3469 -1.436 1.0915, 0.2882 -1.436 1.0915, 0.4298 -1.436 1.1214, 0.3828 -1.436 1.0958, 0.386 -1.436 1.097, 0.4072 -1.436 1.1052, 0.4443 -1.436 1.1381, 0.4554 -1.436 1.1599, 0.4611 -1.436 1.1845, 0.462 -1.436 1.2009, 0.4585 -1.436 1.2301, 0.4507 -1.436 1.2505, 0.4375 -1.436 1.2692, 0.4298 -1.436 1.2767, 0.4109 -1.436 1.2901, 0.386 -1.436 1.3002, 0.3857 -1.436 1.3004, 0.3535 -1.436 1.3049, 0.3491 -1.436 1.305, 0.2882 -1.436 1.305, 0.348 -1.436 1.2804, 0.3157 -1.436 1.2804, 0.3157 -1.436 1.1158, 0.3467 -1.436 1.1158, 0.4102 -1.436 1.1381, 0.405 -1.436 1.1335, 0.3906 -1.436 1.1245, 0.3718 -1.436 1.1182, 0.433 -1.436 1.2002, 0.4325 -1.436 1.188, 0.4285 -1.436 1.1682, 0.4214 -1.436 1.1521, 0.4096 -1.436 1.2603, 0.417 -1.436 1.2527, 0.4249 -1.436 1.2403, 0.4306 -1.436 1.2239, 0.3753 -1.436 1.2774, 0.3938 -1.436 1.2708
            ]
        }
        coordIndex [
            0,1,2,-1,2,1,3,-1,4,0,5,-1,5,0,2,-1,6,4,7,-1,7,4,5,-1,8,6,9,-1,9,6,7,-1,10,8,11,-1,11,8,9,-1,1,10,3,-1,3,10,11,-1,6,8,4,-1,4,8,10,-1,4,10,0,-1,0,10,1,-1,12,13,14,-1,14,13,15,-1,14,16,12,-1,12,16,17,-1,12,17,18,-1,18,17,19,-1,18,19,20,-1,21,20,22,-1,22,20,19,-1,21,22,23,-1,21,23,24,-1,24,23,25,-1,24,25,26,-1,26,25,27,-1,26,27,28,-1,28,27,29,-1,28,29,30,-1,30,29,31,-1,30,31,32,-1,32,31,33,-1,32,33,34,-1,34,33,35,-1,34,35,36,-1,36,35,37,-1,36,37,38,-1,38,37,39,-1,38,39,40,-1,40,39,41,-1,40,41,42,-1,42,41,43,-1,42,43,44,-1,44,43,45,-1,44,45,46,-1,46,45,47,-1,46,47,48,-1,48,47,49,-1,48,49,50,-1,50,49,51,-1,50,51,52,-1,52,51,53,-1,52,53,54,-1,54,53,55,-1,54,55,56,-1,56,55,57,-1,56,57,58,-1,58,57,59,-1,58,59,60,-1,60,59,61,-1,60,61,62,-1,62,61,63,-1,62,63,64,-1,64,63,65,-1,64,65,66,-1,67,66,68,-1,68,66,65,-1,69,70,71,-1,67,68,72,-1,67,72,73,-1,73,72,74,-1,73,74,71,-1,71,74,75,-1,71,75,69,-1,70,69,76,-1,70,76,77,-1,76,78,77,-1,77,78,79,-1,77,79,80,-1,80,79,81,-1,80,81,82,-1,82,81,83,-1,82,83,84,-1,84,83,85,-1,86,87,85,-1,85,87,88,-1,85,88,84,-1,86,89,87,-1,87,89,90,-1,87,90,91,-1,91,90,92,-1,91,92,93,-1,93,92,94,-1,95,96,94,-1,94,96,97,-1,94,97,93,-1,95,98,96,-1,96,98,99,-1,96,99,100,-1,100,99,101,-1,100,101,102,-1,103,104,105,-1,105,104,102,-1,105,102,101,-1,106,107,103,-1,103,107,108,-1,103,108,104,-1,106,109,107,-1,107,109,15,-1,107,15,13,-1,64,66,67,-1,54,56,77,-1,77,56,70,-1,46,48,88,-1,64,67,62,-1,56,58,70,-1,70,58,60,-1,70,60,71,-1,71,60,62,-1,71,62,73,-1,73,62,67,-1,20,21,18,-1,18,21,24,-1,18,24,12,-1,12,24,26,-1,12,26,13,-1,13,26,28,-1,13,28,107,-1,107,28,30,-1,107,30,108,-1,108,30,32,-1,108,32,104,-1,104,32,34,-1,104,34,102,-1,102,34,36,-1,102,36,100,-1,100,36,38,-1,100,38,96,-1,96,38,97,-1,97,38,40,-1,97,40,93,-1,88,48,84,-1,77,80,54,-1,54,80,82,-1,54,82,52,-1,52,82,84,-1,52,84,50,-1,50,84,48,-1,40,42,93,-1,93,42,44,-1,93,44,91,-1,91,44,46,-1,91,46,87,-1,87,46,88,-1,110,111,112,-1,112,111,113,-1,114,115,116,-1,116,115,110,-1,116,110,112,-1,117,115,118,-1,118,115,114,-1,119,120,121,-1,121,120,117,-1,121,117,118,-1,122,120,123,-1,123,120,119,-1,124,125,126,-1,126,125,122,-1,126,122,123,-1,127,125,128,-1,128,125,124,-1,129,130,131,-1,131,130,127,-1,131,127,128,-1,132,130,133,-1,133,130,129,-1,134,135,136,-1,136,135,132,-1,136,132,133,-1,137,135,138,-1,138,135,134,-1,113,111,139,-1,139,111,137,-1,139,137,138,-1,137,111,110,-1,110,115,137,-1,137,115,117,-1,137,117,135,-1,130,132,127,-1,127,132,135,-1,127,135,125,-1,125,135,117,-1,125,117,122,-1,122,117,120,-1,140,141,142,-1,142,141,143,-1,142,143,144,-1,144,143,145,-1,144,145,146,-1,146,145,147,-1,146,147,148,-1,148,147,149,-1,148,149,150,-1,150,149,151,-1,150,151,152,-1,152,151,153,-1,152,153,154,-1,154,153,155,-1,154,155,156,-1,156,155,157,-1,157,155,158,-1,157,158,159,-1,159,158,160,-1,159,160,161,-1,161,160,162,-1,161,162,163,-1,163,162,164,-1,163,164,165,-1,165,164,166,-1,165,166,167,-1,167,166,168,-1,167,168,169,-1,169,168,170,-1,169,170,171,-1,171,170,172,-1,171,172,173,-1,173,172,174,-1,173,174,140,-1,140,174,175,-1,140,175,141,-1,149,147,176,-1,176,147,177,-1,178,155,153,-1,149,176,179,-1,149,179,151,-1,151,179,180,-1,151,180,153,-1,153,180,181,-1,153,181,178,-1,155,178,182,-1,155,182,158,-1,158,182,183,-1,158,183,160,-1,160,183,184,-1,160,184,162,-1,162,184,185,-1,162,185,164,-1,164,185,186,-1,164,186,166,-1,166,186,187,-1,166,187,168,-1,168,187,188,-1,168,188,170,-1,170,188,189,-1,170,189,172,-1,172,189,190,-1,172,190,174,-1,174,190,191,-1,174,191,175,-1,191,192,175,-1,175,192,193,-1,175,193,141,-1,141,193,194,-1,141,194,143,-1,145,143,195,-1,195,143,194,-1,147,145,177,-1,177,145,195,-1,142,144,196,-1,196,144,197,-1,144,146,197,-1,197,146,198,-1,146,148,198,-1,198,148,199,-1,156,200,201,-1,156,201,154,-1,154,201,202,-1,154,202,152,-1,152,202,203,-1,152,203,150,-1,150,203,199,-1,150,199,148,-1,163,204,205,-1,163,205,161,-1,161,205,206,-1,161,206,159,-1,159,206,207,-1,159,207,157,-1,157,207,200,-1,157,200,156,-1,171,208,209,-1,171,209,169,-1,169,209,210,-1,169,210,167,-1,167,210,211,-1,167,211,165,-1,165,211,204,-1,165,204,163,-1,142,196,212,-1,142,212,140,-1,140,212,213,-1,140,213,173,-1,173,213,208,-1,173,208,171,-1,
        ]
    }
}
Shape{
    appearance Appearance {
        material  Material 	{
            diffuseColor 0.25098039215686274 0.25098039215686274 0.25098039215686274
            specularColor 0.12549019607843137 0.12549019607843137 0.12549019607843137
            ambientIntensity 0.251
            transparency 0.0
            shininess 0.5
        }
    }
    geometry IndexedFaceSet {
        ccw TRUE
        solid FALSE
        coord DEF co Coordinate {
            point [
                0.3157 -1.436 1.2804, 0.3157 -1.436 1.1158, 0.348 -1.436 1.2804, 0.3467 -1.436 1.1158, 0.433 -1.436 1.2002, 0.4306 -1.436 1.2239, 0.4249 -1.436 1.2403, 0.417 -1.436 1.2527, 0.4096 -1.436 1.2603, 0.4325 -1.436 1.188, 0.3718 -1.436 1.1182, 0.3906 -1.436 1.1245, 0.405 -1.436 1.1335, 0.4102 -1.436 1.1381, 0.4285 -1.436 1.1682, 0.4214 -1.436 1.1521, 0.3938 -1.436 1.2708, 0.3753 -1.436 1.2774
            ]
        }
        coordIndex [
            0,1,2,-1,2,1,3,-1,3,4,5,-1,5,6,3,-1,3,6,7,-1,3,7,8,-1,4,3,9,-1,9,3,10,-1,9,10,11,-1,11,12,9,-1,9,12,13,-1,9,13,14,-1,14,13,15,-1,8,16,3,-1,3,16,17,-1,3,17,2,-1,
        ]
    }
}
Shape{
    appearance Appearance {
        material  Material 	{
            diffuseColor 1.0 1.0 1.0
            specularColor 0.5019607843137255 0.5019607843137255 0.5019607843137255
            ambientIntensity 1.0
            transparency 0.0
            shininess 0.5
        }
    }
    geometry IndexedFaceSet {
        ccw TRUE
        solid FALSE
        coord DEF co Coordinate {
            point [
                0.5336 -1.44 1.174, 0.5248 -1.44 1.1499, 0.6052 -1.44 1.174, 0.6137 -1.44 1.1499, 0.5655 -1.44 1.2627, 0.5552 -1.44 1.305, 0.4739 -1.44 1.0915, 0.5043 -1.44 1.0915, 0.5673 -1.44 1.2691, 0.569 -1.44 1.2777, 0.5847 -1.44 1.305, 0.5696 -1.44 1.2777, 0.5714 -1.44 1.2686, 0.573 -1.44 1.2627, 0.666 -1.44 1.0915, 0.6355 -1.44 1.0915, 0.5847 -1.436 1.305, 0.666 -1.436 1.0915, 0.5552 -1.436 1.305, 0.4739 -1.436 1.0915, 0.5354 -1.436 1.253, 0.5043 -1.436 1.0915, 0.5248 -1.436 1.1499, 0.6137 -1.436 1.1499, 0.5354 -1.436 1.1499, 0.6355 -1.436 1.0915, 0.5336 -1.436 1.174, 0.6052 -1.436 1.174, 0.573 -1.436 1.2627, 0.5696 -1.436 1.2777, 0.5714 -1.436 1.2686, 0.569 -1.436 1.2777, 0.5655 -1.436 1.2627, 0.5673 -1.436 1.2691
            ]
        }
        coordIndex [
            0,1,2,-1,2,1,3,-1,4,5,0,-1,0,5,6,-1,0,6,1,-1,1,6,7,-1,4,8,5,-1,5,8,9,-1,5,9,10,-1,10,9,11,-1,10,11,12,-1,12,13,10,-1,10,13,2,-1,10,2,14,-1,14,2,3,-1,14,3,15,-1,10,14,16,-1,16,14,17,-1,5,10,18,-1,18,10,16,-1,19,6,20,-1,20,6,5,-1,20,5,18,-1,7,6,21,-1,21,6,19,-1,1,7,22,-1,22,7,21,-1,23,3,24,-1,24,3,1,-1,24,1,22,-1,15,3,25,-1,25,3,23,-1,14,15,17,-1,17,15,25,-1,0,2,26,-1,26,2,27,-1,2,13,27,-1,27,13,28,-1,11,29,30,-1,11,30,12,-1,12,30,28,-1,12,28,13,-1,11,9,29,-1,29,9,31,-1,4,32,33,-1,4,33,8,-1,8,33,31,-1,8,31,9,-1,4,0,32,-1,32,0,26,-1,
        ]
    }
}
Shape{
    appearance Appearance {
        material  Material 	{
            diffuseColor 0.25098039215686274 0.25098039215686274 0.25098039215686274
            specularColor 0.12549019607843137 0.12549019607843137 0.12549019607843137
            ambientIntensity 0.251
            transparency 0.0
            shininess 0.5
        }
    }
    geometry IndexedFaceSet {
        ccw TRUE
        solid FALSE
        coord DEF co Coordinate {
            point [
                0.5696 -1.436 1.2777, 0.569 -1.436 1.2777, 0.5714 -1.436 1.2686, 0.5673 -1.436 1.2691, 0.573 -1.436 1.2627, 0.5655 -1.436 1.2627, 0.6052 -1.436 1.174, 0.5336 -1.436 1.174
            ]
        }
        coordIndex [
            0,1,2,-1,2,1,3,-1,2,3,4,-1,4,3,5,-1,4,5,6,-1,6,5,7,-1,
        ]
    }
}
Shape{
    appearance Appearance {
        material  Material 	{
            diffuseColor 1.0 1.0 1.0
            specularColor 0.5019607843137255 0.5019607843137255 0.5019607843137255
            ambientIntensity 1.0
            transparency 0.0
            shininess 0.5
        }
    }
    geometry IndexedFaceSet {
        ccw TRUE
        solid FALSE
        coord DEF co Coordinate {
            point [
                -0.0761 -1.44 0.7771, -0.0761 -1.44 0.7527, -0.0761 -1.436 0.7771, -0.0761 -1.436 0.7527, -0.1634 -1.44 0.7771, -0.1634 -1.436 0.7771, -0.1634 -1.44 0.8489, -0.1634 -1.436 0.8489, -0.087 -1.44 0.8489, -0.087 -1.436 0.8489, -0.087 -1.44 0.8733, -0.087 -1.436 0.8733, -0.1634 -1.44 0.8733, -0.1634 -1.436 0.8733, -0.1634 -1.44 0.9417, -0.1634 -1.436 0.9417, -0.081 -1.44 0.9417, -0.081 -1.436 0.9417, -0.081 -1.44 0.9662, -0.081 -1.436 0.9662, -0.1909 -1.44 0.9662, -0.1909 -1.436 0.9662, -0.1909 -1.44 0.7527, -0.1909 -1.436 0.7527, 0.0446 -1.44 0.7763, 0.0453 -1.44 0.7763, 0.0435 -1.44 0.8009, 0.0453 -1.44 0.8128, 0.072 -1.44 0.8509, 0.0453 -1.44 0.8146, 0.0453 -1.44 0.8292, 0.0453 -1.44 0.7527, 0.072 -1.44 0.7527, -0.0213 -1.44 0.8379, -0.0127 -1.44 0.8178, -0.0062 -1.44 0.8208, 0.0396 -1.44 0.7914, 0.0338 -1.44 0.7835, 0.0404 -1.44 0.77, 0.0305 -1.44 0.7802, 0.032 -1.44 0.7609, 0.0229 -1.44 0.7751, 0.0225 -1.44 0.7546, 0.0148 -1.44 0.7722, 0.0116 -1.44 0.7506, 0.0048 -1.44 0.7711, -0.0021 -1.44 0.7491, -0.0042 -1.44 0.7721, -0.0181 -1.44 0.751, -0.0103 -1.44 0.7743, -0.0284 -1.44 0.7548, -0.0156 -1.44 0.7779, -0.0374 -1.44 0.7611, -0.0179 -1.44 0.7802, 0.0001 -1.44 0.8433, 0.0096 -1.44 0.8244, 0.0453 -1.44 0.8497, -0.0356 -1.44 0.8945, -0.0356 -1.44 0.8685, -0.0271 -1.44 0.8992, -0.0179 -1.44 0.8798, -0.0067 -1.44 0.9063, -0.0012 -1.44 0.8854, 0.0169 -1.44 0.9087, 0.0144 -1.44 0.887, 0.0335 -1.44 0.9072, 0.0235 -1.44 0.886, 0.0447 -1.44 0.9037, 0.0297 -1.44 0.8839, 0.0535 -1.44 0.8985, 0.0344 -1.44 0.8808, 0.0597 -1.44 0.8927, 0.0384 -1.44 0.8765, 0.0653 -1.44 0.8843, 0.0416 -1.44 0.871, 0.0696 -1.44 0.8726, 0.0444 -1.44 0.8615, -0.0163 -1.44 0.8151, -0.0323 -1.44 0.832, -0.0195 -1.44 0.8111, -0.0402 -1.44 0.8248, -0.0218 -1.44 0.8061, -0.0459 -1.44 0.8162, -0.0231 -1.44 0.8, -0.0492 -1.44 0.8064, -0.0234 -1.44 0.7957, -0.0505 -1.44 0.7936, -0.0227 -1.44 0.7896, -0.0492 -1.44 0.7814, -0.0209 -1.44 0.7847, -0.046 -1.44 0.7724, -0.0404 -1.44 0.7642, 0.0169 -1.436 0.9087, -0.0067 -1.436 0.9063, -0.0271 -1.436 0.8992, -0.0356 -1.436 0.8945, -0.0356 -1.436 0.8685, -0.0179 -1.436 0.8798, -0.0012 -1.436 0.8854, 0.0144 -1.436 0.887, 0.0235 -1.436 0.886, 0.0297 -1.436 0.8839, 0.0344 -1.436 0.8808, 0.0384 -1.436 0.8765, 0.0416 -1.436 0.871, 0.0444 -1.436 0.8615, 0.0453 -1.436 0.8497, 0.0001 -1.436 0.8433, -0.0213 -1.436 0.8379, -0.0323 -1.436 0.832, -0.0402 -1.436 0.8248, -0.0459 -1.436 0.8162, -0.0492 -1.436 0.8064, -0.0505 -1.436 0.7936, -0.0492 -1.436 0.7814, -0.046 -1.436 0.7724, -0.0404 -1.436 0.7642, -0.0374 -1.436 0.7611, -0.0021 -1.436 0.7491, -0.0177 -1.436 0.7509, -0.0181 -1.436 0.751, -0.0284 -1.436 0.7548, 0.0116 -1.436 0.7506, 0.0124 -1.436 0.7509, 0.0225 -1.436 0.7546, 0.032 -1.436 0.7609, 0.0404 -1.436 0.77, 0.0446 -1.436 0.7763, 0.0453 -1.436 0.7763, 0.0453 -1.436 0.7527, 0.072 -1.436 0.7527, 0.072 -1.436 0.8509, 0.0696 -1.436 0.8726, 0.0653 -1.436 0.8843, 0.0597 -1.436 0.8927, 0.0535 -1.436 0.8985, 0.0447 -1.436 0.9037, 0.0335 -1.436 0.9072, -0.0163 -1.436 0.8151, -0.0127 -1.436 0.8178, -0.0062 -1.436 0.8208, 0.0096 -1.436 0.8244, -0.0234 -1.436 0.7957, -0.0231 -1.436 0.8, -0.0218 -1.436 0.8061, -0.0195 -1.436 0.8111, -0.0156 -1.436 0.7779, -0.0179 -1.436 0.7802, -0.0209 -1.436 0.7847, -0.0227 -1.436 0.7896, 0.0048 -1.436 0.7711, -0.0042 -1.436 0.7721, -0.0103 -1.436 0.7743, 0.0338 -1.436 0.7835, 0.0305 -1.436 0.7802, 0.0229 -1.436 0.7751, 0.0148 -1.436 0.7722, 0.0453 -1.436 0.8146, 0.0453 -1.436 0.8128, 0.0435 -1.436 0.8009, 0.0396 -1.436 0.7914, 0.0453 -1.436 0.8292
            ]
        }
        coordIndex [
            0,1,2,-1,2,1,3,-1,4,0,5,-1,5,0,2,-1,6,4,7,-1,7,4,5,-1,8,6,9,-1,9,6,7,-1,10,8,11,-1,11,8,9,-1,12,10,13,-1,13,10,11,-1,14,12,15,-1,15,12,13,-1,16,14,17,-1,17,14,15,-1,18,16,19,-1,19,16,17,-1,20,18,21,-1,21,18,19,-1,22,20,23,-1,23,20,21,-1,1,22,3,-1,3,22,23,-1,22,1,0,-1,0,4,22,-1,22,4,6,-1,22,6,20,-1,16,18,14,-1,14,18,20,-1,14,20,12,-1,12,20,6,-1,12,6,10,-1,10,6,8,-1,24,25,26,-1,27,28,29,-1,29,28,30,-1,31,32,25,-1,25,32,28,-1,25,28,26,-1,26,28,27,-1,33,34,35,-1,26,36,24,-1,24,36,37,-1,24,37,38,-1,38,37,39,-1,38,39,40,-1,40,39,41,-1,40,41,42,-1,42,41,43,-1,42,43,44,-1,44,43,45,-1,44,45,46,-1,46,45,47,-1,46,47,48,-1,48,47,49,-1,48,49,50,-1,50,49,51,-1,50,51,52,-1,52,51,53,-1,33,35,54,-1,54,35,55,-1,54,55,56,-1,57,58,59,-1,59,58,60,-1,59,60,61,-1,61,60,62,-1,61,62,63,-1,63,62,64,-1,63,64,65,-1,65,64,66,-1,65,66,67,-1,67,66,68,-1,67,68,69,-1,69,68,70,-1,69,70,71,-1,71,70,72,-1,71,72,73,-1,73,72,74,-1,73,74,75,-1,75,74,76,-1,75,76,28,-1,28,76,56,-1,28,56,30,-1,30,56,55,-1,34,33,77,-1,77,33,78,-1,77,78,79,-1,79,78,80,-1,79,80,81,-1,81,80,82,-1,81,82,83,-1,83,82,84,-1,83,84,85,-1,85,84,86,-1,85,86,87,-1,87,86,88,-1,87,88,89,-1,89,88,90,-1,89,90,53,-1,53,90,91,-1,53,91,52,-1,63,92,93,-1,63,93,61,-1,61,93,94,-1,61,94,59,-1,59,94,95,-1,59,95,57,-1,58,57,96,-1,96,57,95,-1,58,96,97,-1,58,97,60,-1,60,97,98,-1,60,98,62,-1,62,98,99,-1,62,99,64,-1,64,99,100,-1,64,100,66,-1,66,100,101,-1,66,101,68,-1,68,101,102,-1,68,102,70,-1,70,102,103,-1,70,103,72,-1,72,103,104,-1,72,104,74,-1,74,104,105,-1,74,105,76,-1,76,105,106,-1,76,106,56,-1,54,56,107,-1,107,56,106,-1,54,107,108,-1,54,108,33,-1,33,108,109,-1,33,109,78,-1,78,109,110,-1,78,110,80,-1,80,110,111,-1,80,111,82,-1,82,111,112,-1,82,112,84,-1,84,112,113,-1,84,113,86,-1,86,113,114,-1,86,114,88,-1,88,114,115,-1,88,115,90,-1,90,115,116,-1,90,116,91,-1,91,116,117,-1,91,117,52,-1,118,46,119,-1,119,46,48,-1,119,48,120,-1,120,48,50,-1,120,50,121,-1,121,50,52,-1,121,52,117,-1,46,118,122,-1,46,122,44,-1,44,122,123,-1,44,123,42,-1,123,124,42,-1,42,124,125,-1,42,125,40,-1,40,125,126,-1,40,126,38,-1,38,126,127,-1,38,127,24,-1,25,24,128,-1,128,24,127,-1,31,25,129,-1,129,25,128,-1,32,31,130,-1,130,31,129,-1,28,32,131,-1,131,32,130,-1,28,131,132,-1,28,132,75,-1,75,132,133,-1,75,133,73,-1,73,133,134,-1,73,134,71,-1,71,134,135,-1,71,135,69,-1,69,135,136,-1,69,136,67,-1,67,136,137,-1,67,137,65,-1,65,137,92,-1,65,92,63,-1,77,138,139,-1,77,139,34,-1,34,139,140,-1,34,140,35,-1,35,140,141,-1,35,141,55,-1,85,142,143,-1,85,143,83,-1,83,143,144,-1,83,144,81,-1,81,144,145,-1,81,145,79,-1,79,145,138,-1,79,138,77,-1,51,146,147,-1,51,147,53,-1,53,147,148,-1,53,148,89,-1,89,148,149,-1,89,149,87,-1,87,149,142,-1,87,142,85,-1,45,150,151,-1,45,151,47,-1,47,151,152,-1,47,152,49,-1,49,152,146,-1,49,146,51,-1,37,153,154,-1,37,154,39,-1,39,154,155,-1,39,155,41,-1,41,155,156,-1,41,156,43,-1,43,156,150,-1,43,150,45,-1,29,157,158,-1,29,158,27,-1,27,158,159,-1,27,159,26,-1,26,159,160,-1,26,160,36,-1,36,160,153,-1,36,153,37,-1,29,30,157,-1,157,30,161,-1,30,55,161,-1,161,55,141,-1,
        ]
    }
}
Shape{
    appearance Appearance {
        material  Material 	{
            diffuseColor 0.25098039215686274 0.25098039215686274 0.25098039215686274
            specularColor 0.12549019607843137 0.12549019607843137 0.12549019607843137
            ambientIntensity 0.251
            transparency 0.0
            shininess 0.5
        }
    }
    geometry IndexedFaceSet {
        ccw TRUE
        solid FALSE
        coord DEF co Coordinate {
            point [
                0.0453 -1.436 0.8292, 0.0096 -1.436 0.8244, 0.0453 -1.436 0.8146, -0.0062 -1.436 0.8208, -0.0127 -1.436 0.8178, -0.0163 -1.436 0.8151, 0.0453 -1.436 0.8128, 0.0435 -1.436 0.8009, -0.0195 -1.436 0.8111, 0.0396 -1.436 0.7914, -0.0179 -1.436 0.7802, -0.0156 -1.436 0.7779, 0.0305 -1.436 0.7802, -0.0209 -1.436 0.7847, 0.0229 -1.436 0.7751, 0.0148 -1.436 0.7722, 0.0048 -1.436 0.7711, -0.0218 -1.436 0.8061, -0.0231 -1.436 0.8, 0.0338 -1.436 0.7835, -0.0234 -1.436 0.7957, -0.0227 -1.436 0.7896, -0.0103 -1.436 0.7743, -0.0042 -1.436 0.7721
            ]
        }
        coordIndex [
            0,1,2,-1,2,1,3,-1,3,4,2,-1,2,4,5,-1,2,5,6,-1,6,5,7,-1,7,5,8,-1,7,8,9,-1,10,11,12,-1,10,12,13,-1,14,12,15,-1,15,12,16,-1,8,17,9,-1,9,17,18,-1,9,18,19,-1,19,18,20,-1,19,20,12,-1,12,20,21,-1,12,21,13,-1,11,22,12,-1,12,22,23,-1,12,23,16,-1,
        ]
    }
}
Shape{
    appearance Appearance {
        material  Material 	{
            diffuseColor 1.0 1.0 1.0
            specularColor 0.5019607843137255 0.5019607843137255 0.5019607843137255
            ambientIntensity 1.0
            transparency 0.0
            shininess 0.5
        }
    }
    geometry IndexedFaceSet {
        ccw TRUE
        solid FALSE
        coord DEF co Coordinate {
            point [
                0.1523 -1.44 0.771, 0.1523 -1.436 0.771, 0.1339 -1.436 0.7733, 0.1206 -1.436 0.7787, 0.1172 -1.44 0.78, 0.1339 -1.44 0.7733, 0.1172 -1.436 0.78, 0.1083 -1.436 0.7857, 0.1083 -1.44 0.7857, 0.1083 -1.44 0.7581, 0.1083 -1.436 0.7581, 0.1266 -1.44 0.7516, 0.1206 -1.436 0.7537, 0.1496 -1.436 0.7491, 0.1496 -1.44 0.7491, 0.1327 -1.436 0.7509, 0.1266 -1.436 0.7516, 0.1721 -1.44 0.7516, 0.1662 -1.436 0.7509, 0.1721 -1.436 0.7516, 0.1865 -1.436 0.7567, 0.1865 -1.44 0.7567, 0.1941 -1.436 0.7612, 0.1941 -1.44 0.7612, 0.2017 -1.436 0.7679, 0.2017 -1.44 0.7679, 0.2067 -1.436 0.775, 0.2067 -1.44 0.775, 0.21 -1.436 0.7835, 0.21 -1.44 0.7835, 0.2113 -1.436 0.7942, 0.2113 -1.44 0.7942, 0.2102 -1.436 0.8042, 0.2102 -1.44 0.8042, 0.2073 -1.436 0.8121, 0.2073 -1.44 0.8121, 0.2023 -1.436 0.8194, 0.2023 -1.44 0.8194, 0.1959 -1.436 0.8251, 0.1959 -1.44 0.8251, 0.1782 -1.436 0.835, 0.1782 -1.44 0.835, 0.1678 -1.436 0.8392, 0.1678 -1.44 0.8392, 0.1513 -1.436 0.8464, 0.1513 -1.44 0.8464, 0.1418 -1.436 0.8523, 0.1418 -1.44 0.8523, 0.1392 -1.436 0.8551, 0.1392 -1.44 0.8551, 0.1373 -1.436 0.8588, 0.1373 -1.44 0.8588, 0.1362 -1.436 0.8629, 0.1362 -1.44 0.8629, 0.136 -1.436 0.8665, 0.136 -1.44 0.8665, 0.1365 -1.436 0.8707, 0.1365 -1.44 0.8707, 0.1378 -1.436 0.8743, 0.1378 -1.44 0.8743, 0.1401 -1.436 0.8777, 0.1401 -1.44 0.8777, 0.1441 -1.436 0.8813, 0.1441 -1.44 0.8813, 0.1501 -1.436 0.8845, 0.1501 -1.44 0.8845, 0.1573 -1.436 0.8864, 0.1573 -1.44 0.8864, 0.1652 -1.436 0.887, 0.1652 -1.44 0.887, 0.1843 -1.436 0.8846, 0.1843 -1.44 0.8846, 0.1994 -1.436 0.8787, 0.1994 -1.44 0.8787, 0.204 -1.436 0.876, 0.204 -1.44 0.876, 0.204 -1.44 0.9019, 0.204 -1.436 0.9019, 0.1845 -1.436 0.9074, 0.1845 -1.44 0.9074, 0.1678 -1.436 0.9087, 0.1678 -1.44 0.9087, 0.147 -1.436 0.9063, 0.147 -1.44 0.9063, 0.1326 -1.436 0.9009, 0.1326 -1.44 0.9009, 0.1256 -1.436 0.8966, 0.1256 -1.44 0.8966, 0.1176 -1.44 0.8895, 0.1206 -1.436 0.8922, 0.1176 -1.436 0.8895, 0.1127 -1.436 0.8822, 0.1127 -1.44 0.8822, 0.1095 -1.436 0.8736, 0.1095 -1.44 0.8736, 0.1084 -1.436 0.8641, 0.1084 -1.44 0.8641, 0.1096 -1.436 0.8537, 0.1096 -1.44 0.8537, 0.1125 -1.436 0.8455, 0.1125 -1.44 0.8455, 0.116 -1.436 0.8399, 0.116 -1.44 0.8399, 0.1489 -1.436 0.8197, 0.1489 -1.44 0.8197, 0.133 -1.44 0.8271, 0.1204 -1.436 0.8354, 0.1204 -1.44 0.8354, 0.1206 -1.436 0.8352, 0.133 -1.436 0.8271, 0.1665 -1.436 0.8124, 0.1665 -1.44 0.8124, 0.1769 -1.436 0.8061, 0.1769 -1.44 0.8061, 0.1803 -1.436 0.8026, 0.1803 -1.44 0.8026, 0.1823 -1.436 0.7991, 0.1823 -1.44 0.7991, 0.1835 -1.436 0.7949, 0.1835 -1.44 0.7949, 0.1838 -1.436 0.7916, 0.1838 -1.44 0.7916, 0.1833 -1.436 0.7865, 0.1833 -1.44 0.7865, 0.1819 -1.436 0.7827, 0.1819 -1.44 0.7827, 0.1796 -1.436 0.7792, 0.1796 -1.44 0.7792, 0.1765 -1.436 0.7765, 0.1765 -1.44 0.7765, 0.1741 -1.436 0.775, 0.1741 -1.44 0.775, 0.1672 -1.436 0.7725, 0.1672 -1.44 0.7725, 0.1534 -1.436 0.771, 0.1534 -1.44 0.771, 0.3438 -1.44 0.9052, 0.3716 -1.44 0.9052, 0.3438 -1.436 0.9052, 0.3716 -1.436 0.9052, 0.3022 -1.44 0.7904, 0.3022 -1.436 0.7904, 0.3001 -1.436 0.7833, 0.3001 -1.44 0.7833, 0.2989 -1.436 0.778, 0.2989 -1.44 0.778, 0.2982 -1.44 0.778, 0.2982 -1.436 0.778, 0.2949 -1.44 0.7906, 0.2949 -1.436 0.7906, 0.2551 -1.436 0.9052, 0.2551 -1.44 0.9052, 0.268 -1.436 0.8681, 0.2252 -1.44 0.9052, 0.2252 -1.436 0.9052, 0.285 -1.436 0.7531, 0.285 -1.44 0.7531, 0.268 -1.436 0.7963, 0.2733 -1.436 0.7253, 0.2733 -1.44 0.7253, 0.2841 -1.436 0.7509, 0.268 -1.436 0.7157, 0.268 -1.44 0.7157, 0.268 -1.436 0.7157, 0.2631 -1.44 0.7101, 0.2631 -1.436 0.7101, 0.2581 -1.436 0.7067, 0.2581 -1.44 0.7067, 0.2523 -1.436 0.7045, 0.2523 -1.44 0.7045, 0.2459 -1.436 0.7038, 0.2459 -1.44 0.7038, 0.2362 -1.436 0.7051, 0.2362 -1.44 0.7051, 0.2307 -1.436 0.7069, 0.2307 -1.44 0.7069, 0.2307 -1.44 0.6831, 0.2307 -1.436 0.6831, 0.242 -1.436 0.6811, 0.242 -1.44 0.6811, 0.2479 -1.436 0.6809, 0.2479 -1.44 0.6809, 0.2587 -1.436 0.6821, 0.2587 -1.44 0.6821, 0.268 -1.436 0.6857, 0.2693 -1.44 0.6862, 0.2693 -1.436 0.6862, 0.2786 -1.436 0.6927, 0.2786 -1.44 0.6927, 0.2805 -1.436 0.6944, 0.2805 -1.44 0.6944, 0.2903 -1.436 0.7061, 0.2903 -1.44 0.7061, 0.3024 -1.436 0.7297, 0.3024 -1.44 0.7297, 0.3107 -1.436 0.7509, 0.5152 -1.44 0.7771, 0.5152 -1.44 0.7527, 0.5152 -1.436 0.7771, 0.5152 -1.436 0.7527, 0.4279 -1.436 0.7771, 0.4279 -1.44 0.7771, 0.4679 -1.436 0.7771, 0.4279 -1.44 0.8489, 0.4279 -1.436 0.8489, 0.5043 -1.436 0.8489, 0.5043 -1.44 0.8489, 0.4679 -1.436 0.8489, 0.5043 -1.44 0.8733, 0.5043 -1.436 0.8733, 0.4279 -1.436 0.8733, 0.4279 -1.44 0.8733, 0.4679 -1.436 0.8733, 0.4279 -1.44 0.9417, 0.4279 -1.436 0.9417, 0.5104 -1.436 0.9417, 0.5104 -1.44 0.9417, 0.4679 -1.436 0.9417, 0.5104 -1.44 0.9662, 0.5104 -1.436 0.9662, 0.4004 -1.436 0.9662, 0.4004 -1.44 0.9662, 0.4679 -1.436 0.9662, 0.4004 -1.44 0.7527, 0.4004 -1.436 0.7527, 0.4679 -1.436 0.7527, 0.6427 -1.44 0.9387, 0.6209 -1.44 0.9662, 0.6154 -1.44 0.9417, 0.6165 -1.44 0.9662, 0.5831 -1.44 0.9417, 0.5556 -1.44 0.9662, 0.5831 -1.44 0.7771, 0.5556 -1.44 0.7527, 0.6141 -1.44 0.7771, 0.6143 -1.44 0.7527, 0.6391 -1.44 0.7795, 0.6502 -1.44 0.757, 0.658 -1.44 0.7858, 0.6746 -1.44 0.7665, 0.6724 -1.44 0.7948, 0.6972 -1.44 0.7826, 0.6776 -1.44 0.7993, 0.6888 -1.44 0.8134, 0.7117 -1.44 0.7994, 0.6959 -1.44 0.8294, 0.7227 -1.44 0.8212, 0.6999 -1.44 0.8493, 0.7284 -1.44 0.8457, 0.7004 -1.44 0.8614, 0.7294 -1.44 0.8622, 0.698 -1.44 0.8852, 0.7259 -1.44 0.8914, 0.6923 -1.44 0.9016, 0.7181 -1.44 0.9118, 0.6844 -1.44 0.914, 0.7049 -1.44 0.9304, 0.677 -1.44 0.9216, 0.6972 -1.44 0.938, 0.6612 -1.44 0.9321, 0.6783 -1.44 0.9514, 0.6531 -1.44 0.9616, 0.6143 -1.436 0.7527, 0.5556 -1.436 0.7527, 0.6502 -1.436 0.757, 0.6746 -1.436 0.7665, 0.6972 -1.436 0.7826, 0.7117 -1.436 0.7994, 0.7227 -1.436 0.8212, 0.7284 -1.436 0.8457, 0.7294 -1.436 0.8622, 0.7259 -1.436 0.8914, 0.7181 -1.436 0.9118, 0.7049 -1.436 0.9304, 0.6972 -1.436 0.938, 0.6783 -1.436 0.9514, 0.6531 -1.436 0.9616, 0.6209 -1.436 0.9662, 0.6165 -1.436 0.9662, 0.5556 -1.436 0.9662, 0.6154 -1.436 0.9417, 0.5831 -1.436 0.9417, 0.5831 -1.436 0.7771, 0.6141 -1.436 0.7771, 0.6776 -1.436 0.7993, 0.6724 -1.436 0.7948, 0.658 -1.436 0.7858, 0.6391 -1.436 0.7795, 0.7004 -1.436 0.8614, 0.6999 -1.436 0.8493, 0.6959 -1.436 0.8294, 0.6888 -1.436 0.8134, 0.677 -1.436 0.9216, 0.6844 -1.436 0.914, 0.6923 -1.436 0.9016, 0.698 -1.436 0.8852, 0.6427 -1.436 0.9387, 0.6612 -1.436 0.9321
            ]
        }
        coordIndex [
            0,1,2,-1,3,4,2,-1,2,4,5,-1,2,5,0,-1,3,6,4,-1,4,6,7,-1,4,7,8,-1,9,8,10,-1,10,8,7,-1,9,10,11,-1,11,10,12,-1,13,14,15,-1,15,14,11,-1,15,11,16,-1,16,11,12,-1,14,13,17,-1,17,13,18,-1,18,19,17,-1,17,19,20,-1,17,20,21,-1,21,20,22,-1,21,22,23,-1,23,22,24,-1,23,24,25,-1,25,24,26,-1,25,26,27,-1,27,26,28,-1,27,28,29,-1,29,28,30,-1,29,30,31,-1,31,30,32,-1,31,32,33,-1,33,32,34,-1,33,34,35,-1,35,34,36,-1,35,36,37,-1,37,36,38,-1,37,38,39,-1,39,38,40,-1,39,40,41,-1,41,40,42,-1,41,42,43,-1,43,42,44,-1,43,44,45,-1,45,44,46,-1,45,46,47,-1,47,46,48,-1,47,48,49,-1,49,48,50,-1,49,50,51,-1,51,50,52,-1,51,52,53,-1,53,52,54,-1,53,54,55,-1,55,54,56,-1,55,56,57,-1,57,56,58,-1,57,58,59,-1,59,58,60,-1,59,60,61,-1,61,60,62,-1,61,62,63,-1,63,62,64,-1,63,64,65,-1,65,64,66,-1,65,66,67,-1,67,66,68,-1,67,68,69,-1,69,68,70,-1,69,70,71,-1,71,70,72,-1,71,72,73,-1,73,72,74,-1,73,74,75,-1,76,75,77,-1,77,75,74,-1,76,77,78,-1,76,78,79,-1,79,78,80,-1,79,80,81,-1,81,80,82,-1,81,82,83,-1,83,82,84,-1,83,84,85,-1,85,84,86,-1,85,86,87,-1,87,86,88,-1,88,86,89,-1,89,90,88,-1,88,90,91,-1,88,91,92,-1,92,91,93,-1,92,93,94,-1,94,93,95,-1,94,95,96,-1,96,95,97,-1,96,97,98,-1,98,97,99,-1,98,99,100,-1,100,99,101,-1,100,101,102,-1,103,104,105,-1,102,101,106,-1,102,106,107,-1,107,106,108,-1,107,108,105,-1,105,108,109,-1,105,109,103,-1,104,103,110,-1,104,110,111,-1,111,110,112,-1,111,112,113,-1,113,112,114,-1,113,114,115,-1,115,114,116,-1,115,116,117,-1,117,116,118,-1,117,118,119,-1,119,118,120,-1,119,120,121,-1,121,120,122,-1,121,122,123,-1,123,122,124,-1,123,124,125,-1,125,124,126,-1,125,126,127,-1,127,126,128,-1,127,128,129,-1,129,128,130,-1,129,130,131,-1,131,130,132,-1,131,132,133,-1,133,132,134,-1,133,134,135,-1,135,134,1,-1,135,1,0,-1,61,63,85,-1,85,63,83,-1,111,43,104,-1,104,43,45,-1,14,0,11,-1,11,0,5,-1,11,5,9,-1,9,5,4,-1,9,4,8,-1,63,65,83,-1,83,65,67,-1,83,67,81,-1,81,67,69,-1,81,69,79,-1,79,69,71,-1,79,71,76,-1,76,71,73,-1,76,73,75,-1,21,23,127,-1,127,23,25,-1,127,25,125,-1,125,25,27,-1,125,27,123,-1,123,27,29,-1,123,29,121,-1,121,29,31,-1,121,31,119,-1,119,31,33,-1,119,33,117,-1,117,33,35,-1,117,35,115,-1,115,35,37,-1,115,37,113,-1,113,37,39,-1,113,39,111,-1,111,39,41,-1,111,41,43,-1,127,129,21,-1,21,129,131,-1,21,131,17,-1,17,131,133,-1,17,133,14,-1,14,133,135,-1,14,135,0,-1,85,87,61,-1,61,87,88,-1,61,88,59,-1,59,88,92,-1,59,92,57,-1,57,92,94,-1,57,94,55,-1,55,94,96,-1,55,96,53,-1,53,96,98,-1,53,98,51,-1,51,98,100,-1,51,100,49,-1,49,100,102,-1,49,102,47,-1,47,102,107,-1,47,107,45,-1,45,107,105,-1,45,105,104,-1,136,137,138,-1,138,137,139,-1,140,136,141,-1,141,136,138,-1,140,141,142,-1,140,142,143,-1,143,142,144,-1,143,144,145,-1,146,145,147,-1,147,145,144,-1,148,146,149,-1,149,146,147,-1,150,151,152,-1,152,151,148,-1,152,148,149,-1,153,151,154,-1,154,151,150,-1,155,156,157,-1,157,156,153,-1,157,153,154,-1,158,159,160,-1,160,159,156,-1,160,156,155,-1,159,158,161,-1,159,161,162,-1,162,161,163,-1,162,163,164,-1,163,165,164,-1,164,165,166,-1,164,166,167,-1,167,166,168,-1,167,168,169,-1,169,168,170,-1,169,170,171,-1,171,170,172,-1,171,172,173,-1,173,172,174,-1,173,174,175,-1,176,175,177,-1,177,175,174,-1,176,177,178,-1,176,178,179,-1,179,178,180,-1,179,180,181,-1,181,180,182,-1,181,182,183,-1,183,182,184,-1,183,184,185,-1,184,186,185,-1,185,186,187,-1,185,187,188,-1,188,187,189,-1,188,189,190,-1,190,189,191,-1,190,191,192,-1,192,191,193,-1,192,193,194,-1,139,137,195,-1,195,137,194,-1,195,194,193,-1,143,145,194,-1,137,136,194,-1,194,136,140,-1,194,140,143,-1,151,153,148,-1,148,153,156,-1,148,156,146,-1,192,162,190,-1,190,162,164,-1,175,176,173,-1,173,176,179,-1,173,179,171,-1,171,179,181,-1,171,181,169,-1,169,181,183,-1,169,183,167,-1,167,183,185,-1,167,185,164,-1,164,185,188,-1,164,188,190,-1,145,146,194,-1,194,146,156,-1,194,156,192,-1,192,156,159,-1,192,159,162,-1,196,197,198,-1,198,197,199,-1,200,201,202,-1,202,201,196,-1,202,196,198,-1,203,201,204,-1,204,201,200,-1,205,206,207,-1,207,206,203,-1,207,203,204,-1,208,206,209,-1,209,206,205,-1,210,211,212,-1,212,211,208,-1,212,208,209,-1,213,211,214,-1,214,211,210,-1,215,216,217,-1,217,216,213,-1,217,213,214,-1,218,216,219,-1,219,216,215,-1,220,221,222,-1,222,221,218,-1,222,218,219,-1,223,221,224,-1,224,221,220,-1,199,197,225,-1,225,197,223,-1,225,223,224,-1,223,197,196,-1,196,201,223,-1,223,201,203,-1,223,203,221,-1,216,218,213,-1,213,218,221,-1,213,221,211,-1,211,221,203,-1,211,203,208,-1,208,203,206,-1,226,227,228,-1,228,227,229,-1,228,229,230,-1,230,229,231,-1,230,231,232,-1,232,231,233,-1,232,233,234,-1,234,233,235,-1,234,235,236,-1,236,235,237,-1,236,237,238,-1,238,237,239,-1,238,239,240,-1,240,239,241,-1,240,241,242,-1,242,241,243,-1,243,241,244,-1,243,244,245,-1,245,244,246,-1,245,246,247,-1,247,246,248,-1,247,248,249,-1,249,248,250,-1,249,250,251,-1,251,250,252,-1,251,252,253,-1,253,252,254,-1,253,254,255,-1,255,254,256,-1,255,256,257,-1,257,256,258,-1,257,258,259,-1,259,258,260,-1,259,260,226,-1,226,260,261,-1,226,261,227,-1,235,233,262,-1,262,233,263,-1,235,262,264,-1,235,264,237,-1,237,264,265,-1,237,265,239,-1,239,265,266,-1,239,266,241,-1,241,266,267,-1,241,267,244,-1,244,267,268,-1,244,268,246,-1,246,268,269,-1,246,269,248,-1,248,269,270,-1,248,270,250,-1,250,270,271,-1,250,271,252,-1,252,271,272,-1,252,272,254,-1,254,272,273,-1,254,273,256,-1,256,273,274,-1,256,274,258,-1,258,274,275,-1,258,275,260,-1,260,275,276,-1,260,276,261,-1,261,276,277,-1,261,277,227,-1,227,277,278,-1,227,278,229,-1,231,229,279,-1,279,229,278,-1,233,231,263,-1,263,231,279,-1,228,230,280,-1,280,230,281,-1,230,232,281,-1,281,232,282,-1,232,234,282,-1,282,234,283,-1,242,284,285,-1,242,285,240,-1,240,285,286,-1,240,286,238,-1,238,286,287,-1,238,287,236,-1,236,287,283,-1,236,283,234,-1,249,288,289,-1,249,289,247,-1,247,289,290,-1,247,290,245,-1,245,290,291,-1,245,291,243,-1,243,291,284,-1,243,284,242,-1,257,292,293,-1,257,293,255,-1,255,293,294,-1,255,294,253,-1,253,294,295,-1,253,295,251,-1,251,295,288,-1,251,288,249,-1,228,280,296,-1,228,296,226,-1,226,296,297,-1,226,297,259,-1,259,297,292,-1,259,292,257,-1,
        ]
    }
}
Shape{
    appearance Appearance {
        material  Material 	{
            diffuseColor 0.25098039215686274 0.25098039215686274 0.25098039215686274
            specularColor 0.12549019607843137 0.12549019607843137 0.12549019607843137
            ambientIntensity 0.251
            transparency 0.0
            shininess 0.5
        }
    }
    geometry IndexedFaceSet {
        ccw TRUE
        solid FALSE
        coord DEF co Coordinate {
            point [
                0.5831 -1.436 0.9417, 0.5831 -1.436 0.7771, 0.6154 -1.436 0.9417, 0.6141 -1.436 0.7771, 0.7004 -1.436 0.8614, 0.698 -1.436 0.8852, 0.6923 -1.436 0.9016, 0.6844 -1.436 0.914, 0.677 -1.436 0.9216, 0.6999 -1.436 0.8493, 0.6391 -1.436 0.7795, 0.658 -1.436 0.7858, 0.6724 -1.436 0.7948, 0.6776 -1.436 0.7993, 0.6959 -1.436 0.8294, 0.6888 -1.436 0.8134, 0.6612 -1.436 0.9321, 0.6427 -1.436 0.9387
            ]
        }
        coordIndex [
            0,1,2,-1,2,1,3,-1,3,4,5,-1,5,6,3,-1,3,6,7,-1,3,7,8,-1,4,3,9,-1,9,3,10,-1,9,10,11,-1,11,12,9,-1,9,12,13,-1,9,13,14,-1,14,13,15,-1,8,16,3,-1,3,16,17,-1,3,17,2,-1,
        ]
    }
}
Shape{
    appearance Appearance {
        material  Material 	{
            diffuseColor 1.0 1.0 1.0
            specularColor 0.5019607843137255 0.5019607843137255 0.5019607843137255
            ambientIntensity 1.0
            transparency 0.0
            shininess 0.5
        }
    }
    geometry IndexedFaceSet {
        ccw TRUE
        solid FALSE
        coord DEF co Coordinate {
            point [
                0.801 -1.44 0.8353, 0.7922 -1.44 0.8111, 0.8726 -1.44 0.8353, 0.8811 -1.44 0.8111, 0.8329 -1.44 0.924, 0.8226 -1.44 0.9662, 0.7412 -1.44 0.7527, 0.7717 -1.44 0.7527, 0.8347 -1.44 0.9304, 0.8364 -1.44 0.939, 0.852 -1.44 0.9662, 0.837 -1.44 0.939, 0.8388 -1.44 0.9299, 0.8404 -1.44 0.924, 0.9334 -1.44 0.7527, 0.9029 -1.44 0.7527, 0.852 -1.436 0.9662, 0.9334 -1.436 0.7527, 0.8226 -1.436 0.9662, 0.7412 -1.436 0.7527, 0.7717 -1.436 0.7527, 0.7922 -1.436 0.8111, 0.8811 -1.436 0.8111, 0.9029 -1.436 0.7527, 0.801 -1.436 0.8353, 0.8726 -1.436 0.8353, 0.8404 -1.436 0.924, 0.837 -1.436 0.939, 0.8388 -1.436 0.9299, 0.8364 -1.436 0.939, 0.8329 -1.436 0.924, 0.8347 -1.436 0.9304
            ]
        }
        coordIndex [
            0,1,2,-1,2,1,3,-1,4,5,0,-1,0,5,6,-1,0,6,1,-1,1,6,7,-1,4,8,5,-1,5,8,9,-1,5,9,10,-1,10,9,11,-1,10,11,12,-1,12,13,10,-1,10,13,2,-1,10,2,14,-1,14,2,3,-1,14,3,15,-1,10,14,16,-1,16,14,17,-1,5,10,18,-1,18,10,16,-1,6,5,19,-1,19,5,18,-1,7,6,20,-1,20,6,19,-1,1,7,21,-1,21,7,20,-1,3,1,22,-1,22,1,21,-1,15,3,23,-1,23,3,22,-1,14,15,17,-1,17,15,23,-1,0,2,24,-1,24,2,25,-1,2,13,25,-1,25,13,26,-1,11,27,28,-1,11,28,12,-1,12,28,26,-1,12,26,13,-1,11,9,27,-1,27,9,29,-1,4,30,31,-1,4,31,8,-1,8,31,29,-1,8,29,9,-1,4,0,30,-1,30,0,24,-1,
        ]
    }
}
Shape{
    appearance Appearance {
        material  Material 	{
            diffuseColor 0.25098039215686274 0.25098039215686274 0.25098039215686274
            specularColor 0.12549019607843137 0.12549019607843137 0.12549019607843137
            ambientIntensity 0.251
            transparency 0.0
            shininess 0.5
        }
    }
    geometry IndexedFaceSet {
        ccw TRUE
        solid FALSE
        coord DEF co Coordinate {
            point [
                0.837 -1.436 0.939, 0.8364 -1.436 0.939, 0.8388 -1.436 0.9299, 0.8347 -1.436 0.9304, 0.8404 -1.436 0.924, 0.8329 -1.436 0.924, 0.8726 -1.436 0.8353, 0.801 -1.436 0.8353
            ]
        }
        coordIndex [
            0,1,2,-1,2,1,3,-1,2,3,4,-1,4,3,5,-1,4,5,6,-1,6,5,7,-1,
        ]
    }
}
Shape{
    appearance Appearance {
        material  Material 	{
            diffuseColor 1.0 1.0 1.0
            specularColor 0.5019607843137255 0.5019607843137255 0.5019607843137255
            ambientIntensity 1.0
            transparency 0.0
            shininess 0.5
        }
    }
    geometry IndexedFaceSet {
        ccw TRUE
        solid FALSE
        coord DEF co Coordinate {
            point [
                -1.1742 -1.44 1.1204, -1.1404 -1.44 1.1384, -1.1483 -1.44 1.2319, -0.8809 -1.44 0.7163, -0.8629 -1.44 0.7501, -0.854 -1.44 0.7876, -1.0535 -1.44 1.2363, -1.0064 -1.44 1.1254, -0.9832 -1.44 1.1735, -1.0627 -1.44 0.7835, -1.0655 -1.44 0.7977, -1.1476 -1.44 0.8567, -1.1491 -1.44 0.755, -1.1684 -1.44 0.7608, -1.1808 -1.44 0.8771, -1.0884 -1.44 1.2393, -0.6406 -1.44 0.9311, -0.6876 -1.44 1.0116, -0.8531 -1.44 0.8188, -0.8911 -1.44 0.9053, -0.8531 -1.44 0.8036, -0.9343 -1.44 0.6694, -0.904 -1.44 0.6904, -1.0567 -1.44 0.7707, -1.1113 -1.44 0.6945, -1.1339 -1.44 0.7224, -0.5905 -1.44 1.0814, -0.5783 -1.44 1.0814, -0.5161 -1.44 1.1634, -0.5494 -1.44 1.0778, -0.5087 -1.44 1.1609, -0.5229 -1.44 1.0676, -0.4635 -1.44 1.1385, -0.4223 -1.44 1.1037, -1.0224 -1.44 1.2725, -0.9492 -1.44 1.2142, -0.9867 -1.44 1.3031, -0.9085 -1.44 1.2439, -0.9496 -1.44 1.326, -1.1029 -1.44 1.1474, -1.0869 -1.44 1.1482, -1.071 -1.44 1.2383, -1.0511 -1.44 1.1437, -1.017 -1.44 1.1312, -0.9583 -1.44 0.7677, -0.9666 -1.44 0.7584, -0.9781 -1.44 0.7501, -0.9681 -1.44 0.6563, -0.9912 -1.44 0.7448, -1.0049 -1.44 0.6518, -1.0064 -1.44 0.7429, -1.0107 -1.44 0.6519, -1.009 -1.44 0.7429, -1.0465 -1.44 0.6575, -1.0227 -1.44 0.7452, -1.0816 -1.44 0.6722, -1.0364 -1.44 0.751, -1.048 -1.44 0.76, -0.9511 -1.44 0.8232, -0.9477 -1.44 0.8092, -0.9476 -1.44 0.7953, -0.9513 -1.44 0.7807, -0.422 -1.44 0.8203, -0.4926 -1.44 0.8807, -0.4633 -1.44 0.7854, -0.5151 -1.44 0.8623, -0.5096 -1.44 0.7627, -0.5418 -1.44 0.8499, -0.5601 -1.44 0.752, -0.5692 -1.44 0.8446, -0.6497 -1.44 0.752, -0.6375 -1.44 0.8446, -0.6582 -1.44 0.7534, -1.0647 -1.44 0.8125, -1.0603 -1.44 0.8268, -1.1309 -1.44 0.8893, -1.0524 -1.44 0.8394, -1.1058 -1.44 0.918, -1.0464 -1.44 0.8457, -1.0748 -1.44 0.9396, -1.0345 -1.44 0.8541, -1.0412 -1.44 0.9524, -1.0213 -1.44 0.8594, -1.0049 -1.44 0.9569, -1.0064 -1.44 0.8613, -0.9865 -1.44 0.9558, -0.9938 -1.44 0.8599, -0.9499 -1.44 0.9468, -0.9797 -1.44 0.8549, -0.9176 -1.44 0.9295, -0.9675 -1.44 0.8466, -0.9577 -1.44 0.8357, -0.4994 -1.44 1.0512, -0.482 -1.44 1.0318, -0.3913 -1.44 1.0605, -0.4679 -1.44 1.0056, -0.3728 -1.44 1.0142, -0.4607 -1.44 0.9765, -0.3658 -1.44 0.9645, -0.4599 -1.44 0.963, -0.3728 -1.44 0.9104, -0.4636 -1.44 0.9334, -0.3918 -1.44 0.8623, -0.4741 -1.44 0.9063, -0.4908 -1.44 0.8827, -0.5981 -1.44 1.2833, -0.6576 -1.44 1.2137, -0.5477 -1.44 1.2249, -0.6233 -1.44 1.1728, -0.5998 -1.44 1.1239, -1.2342 -1.44 1.0332, -1.3339 -1.44 1.0079, -1.2387 -1.44 0.9964, -1.3344 -1.44 0.9934, -1.2369 -1.44 0.9728, -1.327 -1.44 0.9338, -1.2259 -1.44 0.9357, -1.3052 -1.44 0.8773, -1.208 -1.44 0.9051, -1.2706 -1.44 0.8279, -1.2232 -1.44 0.7875, -0.8796 -1.44 1.353, -0.859 -1.44 1.264, -0.8045 -1.44 1.3623, -0.803 -1.44 1.2712, -0.7414 -1.44 1.3556, -0.7515 -1.44 1.2648, -0.6653 -1.44 1.3286, -0.7039 -1.44 1.2466, -0.6612 -1.44 1.217, -1.2045 -1.44 1.2101, -1.2528 -1.44 1.1761, -1.2001 -1.44 1.0973, -1.263 -1.44 1.1664, -1.2211 -1.44 1.0671, -1.2995 -1.44 1.1196, -1.3237 -1.44 1.0649, -0.6452 -1.44 0.846, -0.6817 -1.44 0.7679, -0.6781 -1.44 0.7643, -0.6406 -1.44 0.845, -0.6683 -1.44 0.7573, -0.6937 -1.44 0.799, -0.6923 -1.44 0.7877, -0.6883 -1.44 0.7774, -0.6584 -1.44 0.8446, -0.6688 -1.44 0.8405, -0.6933 -1.44 0.805, -0.6782 -1.44 0.8339, -0.6844 -1.44 0.8269, -0.6903 -1.44 0.8166, -0.6467 -1.44 0.8461, -0.3658 -1.436 0.9645, -0.3728 -1.436 1.0142, -0.4123 -1.436 1.0896, -0.3779 -1.436 1.027, -0.3913 -1.436 1.0605, -0.4223 -1.436 1.1037, -0.4635 -1.436 1.1385, -0.5087 -1.436 1.1609, -0.5161 -1.436 1.1634, -0.5477 -1.436 1.2249, -0.5981 -1.436 1.2833, -0.6329 -1.436 1.3068, -0.6653 -1.436 1.3286, -0.7414 -1.436 1.3556, -0.8045 -1.436 1.3623, -0.8796 -1.436 1.353, -0.9496 -1.436 1.326, -0.9807 -1.436 1.3068, -0.9867 -1.436 1.3031, -1.0224 -1.436 1.2725, -1.0535 -1.436 1.2363, -1.071 -1.436 1.2383, -1.0884 -1.436 1.2393, -1.1483 -1.436 1.2319, -1.2045 -1.436 1.2101, -1.2528 -1.436 1.1761, -1.263 -1.436 1.1664, -1.3344 -1.436 0.9934, -1.2995 -1.436 1.1196, -1.3128 -1.436 1.0896, -1.3237 -1.436 1.0649, -1.3305 -1.436 1.027, -1.3339 -1.436 1.0079, -1.327 -1.436 0.9338, -1.3052 -1.436 0.8773, -1.2706 -1.436 0.8279, -1.2232 -1.436 0.7875, -1.1684 -1.436 0.7608, -1.1491 -1.436 0.755, -1.1472 -1.436 0.7509, -1.1339 -1.436 0.7224, -1.1113 -1.436 0.6945, -1.0816 -1.436 0.6722, -1.0677 -1.436 0.6663, -1.0465 -1.436 0.6575, -1.0107 -1.436 0.6519, -1.0049 -1.436 0.6518, -0.8531 -1.436 0.8036, -0.9681 -1.436 0.6563, -0.9421 -1.436 0.6663, -0.9343 -1.436 0.6694, -0.904 -1.436 0.6904, -0.8809 -1.436 0.7163, -0.8629 -1.436 0.7501, -0.8627 -1.436 0.7509, -0.854 -1.436 0.7876, -0.8531 -1.436 0.8188, -0.6406 -1.436 0.9311, -0.6876 -1.436 1.0116, -0.8911 -1.436 0.9053, -0.9176 -1.436 0.9295, -0.9499 -1.436 0.9468, -0.9865 -1.436 0.9558, -1.0049 -1.436 0.9569, -1.0412 -1.436 0.9524, -1.0748 -1.436 0.9396, -1.1058 -1.436 0.918, -1.1309 -1.436 0.8893, -1.1476 -1.436 0.8567, -1.1808 -1.436 0.8771, -1.208 -1.436 0.9051, -1.2259 -1.436 0.9357, -1.2369 -1.436 0.9728, -1.2387 -1.436 0.9964, -1.2349 -1.436 1.027, -1.2342 -1.436 1.0332, -1.2211 -1.436 1.0671, -1.2054 -1.436 1.0896, -1.2001 -1.436 1.0973, -1.1742 -1.436 1.1204, -1.1404 -1.436 1.1384, -1.1029 -1.436 1.1474, -1.0869 -1.436 1.1482, -1.0511 -1.436 1.1437, -1.017 -1.436 1.1312, -1.0064 -1.436 1.1254, -0.9832 -1.436 1.1735, -0.9492 -1.436 1.2142, -0.9085 -1.436 1.2439, -0.859 -1.436 1.264, -0.803 -1.436 1.2712, -0.7515 -1.436 1.2648, -0.7039 -1.436 1.2466, -0.6612 -1.436 1.217, -0.6576 -1.436 1.2137, -0.6233 -1.436 1.1728, -0.5998 -1.436 1.1239, -0.5923 -1.436 1.0896, -0.5905 -1.436 1.0814, -0.5783 -1.436 1.0814, -0.5494 -1.436 1.0778, -0.5229 -1.436 1.0676, -0.4994 -1.436 1.0512, -0.482 -1.436 1.0318, -0.4795 -1.436 1.027, -0.4679 -1.436 1.0056, -0.4607 -1.436 0.9765, -0.4599 -1.436 0.963, -0.4636 -1.436 0.9334, -0.4741 -1.436 0.9063, -0.4908 -1.436 0.8827, -0.4926 -1.436 0.8807, -0.5151 -1.436 0.8623, -0.5418 -1.436 0.8499, -0.5692 -1.436 0.8446, -0.6375 -1.436 0.8446, -0.6406 -1.436 0.845, -0.6452 -1.436 0.846, -0.6467 -1.436 0.8461, -0.6584 -1.436 0.8446, -0.6688 -1.436 0.8405, -0.6782 -1.436 0.8339, -0.6844 -1.436 0.8269, -0.6903 -1.436 0.8166, -0.6933 -1.436 0.805, -0.6937 -1.436 0.799, -0.6923 -1.436 0.7877, -0.6883 -1.436 0.7774, -0.6817 -1.436 0.7679, -0.6781 -1.436 0.7643, -0.6683 -1.436 0.7573, -0.6582 -1.436 0.7534, -0.6497 -1.436 0.752, -0.5601 -1.436 0.752, -0.5096 -1.436 0.7627, -0.4633 -1.436 0.7854, -0.422 -1.436 0.8203, -0.3918 -1.436 0.8623, -0.3728 -1.436 0.9104, -1.0064 -1.436 0.8613, -0.9938 -1.436 0.8599, -0.9797 -1.436 0.8549, -0.9675 -1.436 0.8466, -0.9577 -1.436 0.8357, -0.9511 -1.436 0.8232, -0.9477 -1.436 0.8092, -0.9476 -1.436 0.7953, -0.9513 -1.436 0.7807, -0.9583 -1.436 0.7677, -0.9666 -1.436 0.7584, -0.9781 -1.436 0.7501, -0.9912 -1.436 0.7448, -1.0064 -1.436 0.7429, -1.009 -1.436 0.7429, -1.0227 -1.436 0.7452, -1.0364 -1.436 0.751, -1.048 -1.436 0.76, -1.0567 -1.436 0.7707, -1.0627 -1.436 0.7835, -1.0655 -1.436 0.7977, -1.0647 -1.436 0.8125, -1.0603 -1.436 0.8268, -1.0524 -1.436 0.8394, -1.0464 -1.436 0.8457, -1.0345 -1.436 0.8541, -1.0213 -1.436 0.8594
            ]
        }
        coordIndex [
            0,1,2,-1,3,4,5,-1,6,7,8,-1,9,10,11,-1,12,11,13,-1,13,11,14,-1,2,1,15,-1,16,17,18,-1,18,17,19,-1,18,19,20,-1,20,19,21,-1,20,21,5,-1,5,21,22,-1,5,22,3,-1,23,9,24,-1,24,9,11,-1,24,11,25,-1,25,11,12,-1,26,27,28,-1,28,27,29,-1,28,29,30,-1,30,29,31,-1,30,31,32,-1,32,31,33,-1,6,8,34,-1,34,8,35,-1,34,35,36,-1,36,35,37,-1,36,37,38,-1,1,39,15,-1,15,39,40,-1,15,40,41,-1,41,40,42,-1,41,42,6,-1,6,42,43,-1,6,43,7,-1,44,45,21,-1,21,45,46,-1,21,46,47,-1,47,46,48,-1,47,48,49,-1,49,48,50,-1,49,50,51,-1,51,50,52,-1,51,52,53,-1,53,52,54,-1,53,54,55,-1,55,54,56,-1,55,56,24,-1,24,56,57,-1,24,57,23,-1,58,59,19,-1,19,59,60,-1,19,60,21,-1,21,60,61,-1,21,61,44,-1,62,63,64,-1,64,63,65,-1,64,65,66,-1,66,65,67,-1,66,67,68,-1,68,67,69,-1,68,69,70,-1,70,69,71,-1,70,71,72,-1,10,73,11,-1,11,73,74,-1,11,74,75,-1,75,74,76,-1,75,76,77,-1,77,76,78,-1,77,78,79,-1,79,78,80,-1,79,80,81,-1,81,80,82,-1,81,82,83,-1,83,82,84,-1,83,84,85,-1,85,84,86,-1,85,86,87,-1,87,86,88,-1,87,88,89,-1,89,88,90,-1,89,90,19,-1,19,90,91,-1,19,91,58,-1,31,92,33,-1,33,92,93,-1,33,93,94,-1,94,93,95,-1,94,95,96,-1,96,95,97,-1,96,97,98,-1,98,97,99,-1,98,99,100,-1,100,99,101,-1,100,101,102,-1,102,101,103,-1,102,103,62,-1,62,103,104,-1,62,104,63,-1,105,106,107,-1,107,106,108,-1,107,108,28,-1,28,108,109,-1,28,109,26,-1,110,111,112,-1,112,111,113,-1,112,113,114,-1,114,113,115,-1,114,115,116,-1,116,115,117,-1,116,117,118,-1,118,117,119,-1,118,119,14,-1,14,119,120,-1,14,120,13,-1,38,37,121,-1,121,37,122,-1,121,122,123,-1,123,122,124,-1,123,124,125,-1,125,124,126,-1,125,126,127,-1,127,126,128,-1,127,128,105,-1,105,128,129,-1,105,129,106,-1,2,130,0,-1,0,130,131,-1,0,131,132,-1,132,131,133,-1,132,133,134,-1,134,133,135,-1,134,135,110,-1,110,135,136,-1,110,136,111,-1,137,138,139,-1,71,140,72,-1,72,140,137,-1,72,137,141,-1,141,137,139,-1,142,143,137,-1,137,143,144,-1,137,144,138,-1,145,146,147,-1,146,148,147,-1,147,148,149,-1,147,149,150,-1,142,137,147,-1,147,137,151,-1,147,151,145,-1,98,152,153,-1,154,33,94,-1,98,153,96,-1,96,153,155,-1,96,155,94,-1,94,155,156,-1,94,156,154,-1,154,157,33,-1,33,157,158,-1,33,158,32,-1,32,158,159,-1,32,159,30,-1,30,159,160,-1,30,160,28,-1,28,160,161,-1,28,161,107,-1,107,161,162,-1,107,162,105,-1,127,105,163,-1,163,105,162,-1,163,164,127,-1,127,164,165,-1,127,165,125,-1,125,165,166,-1,125,166,123,-1,123,166,167,-1,123,167,121,-1,121,167,168,-1,121,168,38,-1,38,168,36,-1,36,168,169,-1,36,169,170,-1,36,170,171,-1,36,171,34,-1,34,171,172,-1,34,172,6,-1,6,172,173,-1,6,173,41,-1,41,173,174,-1,41,174,15,-1,15,174,175,-1,15,175,2,-1,2,175,176,-1,2,176,130,-1,130,176,177,-1,130,177,131,-1,131,177,178,-1,131,178,133,-1,179,113,111,-1,133,178,180,-1,133,180,135,-1,135,180,181,-1,135,181,136,-1,181,182,136,-1,136,182,183,-1,136,183,111,-1,111,183,184,-1,111,184,179,-1,113,179,185,-1,113,185,115,-1,115,185,186,-1,115,186,117,-1,117,186,187,-1,117,187,119,-1,119,187,188,-1,119,188,120,-1,120,188,189,-1,120,189,13,-1,13,189,190,-1,13,190,12,-1,12,190,191,-1,12,191,25,-1,191,192,25,-1,25,192,193,-1,25,193,24,-1,24,193,194,-1,24,194,55,-1,55,194,195,-1,55,195,53,-1,195,196,53,-1,53,196,197,-1,53,197,51,-1,51,197,198,-1,51,198,49,-1,199,20,5,-1,49,198,200,-1,201,21,200,-1,200,21,47,-1,200,47,49,-1,201,202,21,-1,21,202,203,-1,21,203,22,-1,22,203,204,-1,22,204,3,-1,3,204,205,-1,3,205,4,-1,4,205,206,-1,4,206,5,-1,5,206,207,-1,5,207,199,-1,18,20,208,-1,208,20,199,-1,16,18,209,-1,209,18,208,-1,17,16,210,-1,210,16,209,-1,19,17,211,-1,211,17,210,-1,19,211,212,-1,19,212,89,-1,89,212,213,-1,89,213,87,-1,87,213,214,-1,87,214,85,-1,85,214,215,-1,85,215,83,-1,83,215,216,-1,83,216,81,-1,81,216,217,-1,81,217,79,-1,79,217,218,-1,79,218,77,-1,77,218,219,-1,77,219,75,-1,75,219,220,-1,75,220,11,-1,11,220,221,-1,11,221,14,-1,14,221,222,-1,14,222,118,-1,118,222,223,-1,118,223,116,-1,116,223,224,-1,116,224,114,-1,114,224,225,-1,114,225,112,-1,110,112,225,-1,225,226,110,-1,110,226,227,-1,110,227,228,-1,229,132,228,-1,228,132,134,-1,228,134,110,-1,229,230,132,-1,132,230,231,-1,132,231,0,-1,0,231,232,-1,0,232,1,-1,1,232,233,-1,1,233,39,-1,39,233,234,-1,39,234,40,-1,40,234,235,-1,40,235,42,-1,42,235,236,-1,42,236,43,-1,43,236,237,-1,43,237,7,-1,7,237,238,-1,7,238,8,-1,8,238,239,-1,8,239,35,-1,35,239,240,-1,35,240,37,-1,37,240,241,-1,37,241,122,-1,122,241,242,-1,122,242,124,-1,124,242,243,-1,124,243,126,-1,126,243,244,-1,126,244,128,-1,128,244,245,-1,128,245,129,-1,129,245,246,-1,129,246,106,-1,106,246,247,-1,106,247,108,-1,108,247,248,-1,108,248,109,-1,109,248,26,-1,26,248,249,-1,26,249,250,-1,27,26,251,-1,251,26,250,-1,27,251,252,-1,27,252,29,-1,29,252,253,-1,29,253,31,-1,31,253,254,-1,31,254,92,-1,92,254,255,-1,92,255,93,-1,93,255,256,-1,93,256,95,-1,256,257,95,-1,95,257,258,-1,95,258,97,-1,97,258,259,-1,97,259,99,-1,99,259,260,-1,99,260,101,-1,101,260,261,-1,101,261,103,-1,103,261,262,-1,103,262,104,-1,104,262,263,-1,104,263,63,-1,63,263,264,-1,63,264,65,-1,65,264,265,-1,65,265,67,-1,67,265,266,-1,67,266,69,-1,71,69,267,-1,267,69,266,-1,71,267,268,-1,71,268,140,-1,140,268,269,-1,140,269,137,-1,137,269,270,-1,137,270,151,-1,151,270,271,-1,151,271,145,-1,145,271,272,-1,145,272,146,-1,146,272,273,-1,146,273,148,-1,148,273,274,-1,148,274,149,-1,149,274,275,-1,149,275,150,-1,150,275,276,-1,150,276,147,-1,147,276,277,-1,147,277,142,-1,142,277,278,-1,142,278,143,-1,143,278,279,-1,143,279,144,-1,144,279,280,-1,144,280,138,-1,138,280,281,-1,138,281,139,-1,139,281,282,-1,139,282,141,-1,141,282,283,-1,141,283,72,-1,72,283,284,-1,72,284,70,-1,68,70,285,-1,285,70,284,-1,68,285,286,-1,68,286,66,-1,66,286,287,-1,66,287,64,-1,64,287,288,-1,64,288,62,-1,62,288,289,-1,62,289,102,-1,102,289,290,-1,102,290,100,-1,100,290,152,-1,100,152,98,-1,84,291,292,-1,84,292,86,-1,86,292,293,-1,86,293,88,-1,88,293,294,-1,88,294,90,-1,90,294,295,-1,90,295,91,-1,91,295,296,-1,91,296,58,-1,58,296,297,-1,58,297,59,-1,59,297,298,-1,59,298,60,-1,60,298,299,-1,60,299,61,-1,61,299,300,-1,61,300,44,-1,44,300,301,-1,44,301,45,-1,45,301,302,-1,45,302,46,-1,46,302,303,-1,46,303,48,-1,48,303,304,-1,48,304,50,-1,50,304,305,-1,50,305,52,-1,52,305,306,-1,52,306,54,-1,54,306,307,-1,54,307,56,-1,56,307,308,-1,56,308,57,-1,57,308,309,-1,57,309,23,-1,23,309,310,-1,23,310,9,-1,9,310,311,-1,9,311,10,-1,10,311,312,-1,10,312,73,-1,73,312,313,-1,73,313,74,-1,74,313,314,-1,74,314,76,-1,76,314,315,-1,76,315,78,-1,78,315,316,-1,78,316,80,-1,80,316,317,-1,80,317,82,-1,82,317,291,-1,82,291,84,-1,
        ]
    }
}
Shape{
    appearance Appearance {
        material  Material 	{
            diffuseColor 0.25098039215686274 0.25098039215686274 0.25098039215686274
            specularColor 0.12549019607843137 0.12549019607843137 0.12549019607843137
            ambientIntensity 0.251
            transparency 0.0
            shininess 0.5
        }
    }
    geometry IndexedFaceSet {
        ccw TRUE
        solid FALSE
        coord DEF co Coordinate {
            point [
                -1.009 -1.436 0.7429, -1.0464 -1.436 0.8457, -1.0524 -1.436 0.8394, -0.9912 -1.436 0.7448, -0.9781 -1.436 0.7501, -0.9938 -1.436 0.8599, -1.0064 -1.436 0.8613, -1.0213 -1.436 0.8594, -1.0345 -1.436 0.8541, -1.0627 -1.436 0.7835, -1.0567 -1.436 0.7707, -1.048 -1.436 0.76, -1.0064 -1.436 0.7429, -1.0603 -1.436 0.8268, -1.0647 -1.436 0.8125, -1.0655 -1.436 0.7977, -1.0364 -1.436 0.751, -1.0227 -1.436 0.7452, -0.9666 -1.436 0.7584, -0.9583 -1.436 0.7677, -0.9513 -1.436 0.7807, -0.9476 -1.436 0.7953, -0.9477 -1.436 0.8092, -0.9511 -1.436 0.8232, -0.9577 -1.436 0.8357, -0.9675 -1.436 0.8466, -0.9797 -1.436 0.8549
            ]
        }
        coordIndex [
            0,1,2,-1,3,4,5,-1,6,7,0,-1,0,7,8,-1,0,8,1,-1,9,10,2,-1,2,10,11,-1,6,0,5,-1,5,0,12,-1,5,12,3,-1,13,14,2,-1,2,14,15,-1,2,15,9,-1,11,16,2,-1,2,16,17,-1,2,17,0,-1,4,18,5,-1,5,18,19,-1,5,19,20,-1,20,21,5,-1,5,21,22,-1,5,22,23,-1,23,24,5,-1,5,24,25,-1,5,25,26,-1,
        ]
    }
}