#VRML V2.0 utf8
# 3D model generated by easyeda2kicad.py (https://github.com/uPesy/easyeda2kicad.py)

Shape{
    appearance Appearance {
        material  Material 	{
            diffuseColor 0.8941176470588236 0.8941176470588236 0.8941176470588236
            specularColor 0.4470588235294118 0.4470588235294118 0.4470588235294118
            ambientIntensity 0.8941
            transparency 0.0
            shininess 0.5
        }
    }
    geometry IndexedFaceSet {
        ccw TRUE
        solid FALSE
        coord DEF co Coordinate {
            point [
                -2.3425 0.3772 2.6575, -1.9291 0.3772 2.6575, -1.9291 0.3772 0.9252, -1.6142 0.3772 0.0197, -1.9882 0.3772 0.0197, -1.6142 0.3772 0.9252, -1.9882 0.3772 0.1378, -2.4606 0.3772 0.1378, -2.4606 0.3772 2.5394, -2.4566 0.3772 2.5699, -2.3731 0.3772 2.6535, -2.4448 0.3772 2.5984, -2.4016 0.3772 2.6417, -2.426 0.3772 2.6229, -1.1417 0.3772 0.9252, -0.6299 0.3772 0.9252, -1.1417 0.3772 0.1378, -0.6299 0.3772 0.1378, -0.1575 0.3772 0.9252, 0.1575 0.3772 0.9252, -0.1575 0.3772 0.1378, 0.1575 0.3772 0.1378, 0.6299 0.3772 0.9252, 1.1417 0.3772 0.9252, 0.6299 0.3772 0.1378, 1.1417 0.3772 0.1378, -2.4606 -1.552 0.1378, -2.0276 -1.552 0.1378, -2.4606 -1.552 1.6384, -2.0276 -1.552 0.5236, -1.1811 -1.552 1.6339, -1.1811 -1.552 1.6384, -1.5748 -1.552 1.6384, -2.1116 -1.552 1.6384, -2.107 -1.552 1.6365, -2.0866 -1.552 1.6339, -1.5748 -1.552 1.6339, -2.4016 -1.552 2.6417, -2.426 -1.552 2.6229, -2.1423 -1.552 2.3313, -2.126 -1.552 1.6444, -2.1423 -1.552 1.6569, -2.1548 -1.552 1.6732, -2.1654 -1.552 2.2756, -2.4606 -1.552 2.5394, -2.1654 -1.552 1.7126, -2.1627 -1.552 1.6922, -2.3731 -1.552 2.6535, -2.126 -1.552 2.3438, -2.3425 -1.552 2.6575, -2.1627 -1.552 2.296, -2.1548 -1.552 2.315, -2.4566 -1.552 2.5699, -2.4448 -1.552 2.5984, -2.107 -1.552 2.3516, -2.0866 -1.552 2.3543, -0.8858 -1.552 2.6575, -0.8858 -1.552 2.3543, 2.3425 -1.552 2.6575, 2.0866 -1.552 2.3543, 2.1423 -1.552 2.3313, 2.1548 -1.552 2.315, 2.4606 -1.552 2.5394, 2.4566 -1.552 2.5699, 2.4448 -1.552 2.5984, 2.426 -1.552 2.6229, 2.4606 -1.552 1.6384, 2.1634 -1.552 1.6951, 2.1576 -1.552 1.6784, 2.107 -1.552 2.3516, 2.126 -1.552 2.3438, 2.3731 -1.552 2.6535, 2.4016 -1.552 2.6417, 2.1482 -1.552 1.6635, 2.1357 -1.552 1.651, 2.1208 -1.552 1.6417, 2.1627 -1.552 2.296, 2.1654 -1.552 2.2756, 2.1654 -1.552 1.7126, 2.0276 -1.552 0.1378, 2.4606 -1.552 0.1378, 2.0276 -1.552 0.5236, 2.1116 -1.552 1.6384, 0.5906 -1.552 1.6339, 0.5906 -1.552 1.6384, 0.1969 -1.552 1.6384, 1.5748 -1.552 1.6339, -0.8858 -1.552 0.5236, 2.0866 -1.552 1.6339, 2.1041 -1.552 1.6358, 0.1969 -1.552 1.6339, -0.1969 -1.552 1.6339, 1.1811 -1.552 1.6339, 1.1811 -1.552 1.6384, 1.5748 -1.552 1.6384, -0.8858 -1.552 1.6339, -0.5906 -1.552 1.6339, -0.5906 -1.552 1.6384, -0.1969 -1.552 1.6384, -1.25 -1.552 1.6732, -1.25 -1.552 1.643, -1.5059 -1.552 1.643, -1.5059 -1.552 1.6732, -1.5748 -1.552 1.7323, -1.5059 -1.552 1.7035, -1.1811 -1.552 1.7323, -1.25 -1.552 1.7035, -0.2657 -1.552 1.6732, -0.2657 -1.552 1.643, -0.5217 -1.552 1.643, -0.5217 -1.552 1.6732, -0.5906 -1.552 1.7323, -0.5217 -1.552 1.7035, -0.1969 -1.552 1.7323, -0.2657 -1.552 1.7035, 0.5217 -1.552 1.6732, 0.5217 -1.552 1.643, 0.2657 -1.552 1.643, 0.2657 -1.552 1.6732, 0.1969 -1.552 1.7323, 0.2657 -1.552 1.7035, 0.5906 -1.552 1.7323, 0.5217 -1.552 1.7035, 1.5059 -1.552 1.6732, 1.5059 -1.552 1.643, 1.25 -1.552 1.643, 1.25 -1.552 1.6732, 1.1811 -1.552 1.7323, 1.25 -1.552 1.7035, 1.5748 -1.552 1.7323, 1.5059 -1.552 1.7035, 1.6142 0.3772 0.0197, 1.9882 0.3772 0.0197, 1.5945 0.3575 0.0197, 1.9882 -2.7331 0.0197, 1.5945 -2.7331 0.0197, 1.9882 0.3772 0.1378, 1.6142 0.3772 0.9252, 2.4606 0.3772 0.1378, 1.9291 0.3772 0.9252, 1.9291 0.3772 2.6575, 2.3425 0.3772 2.6575, 2.4606 0.3772 2.5394, 2.4016 0.3772 2.6417, 2.426 0.3772 2.6229, 2.4448 0.3772 2.5984, 2.3731 0.3772 2.6535, 2.4566 0.3772 2.5699, -1.5945 0.3575 0.0197, -1.5945 -2.7331 0.0197, -1.9882 -2.7331 0.0197, 1.9291 -0.2134 2.6575, -1.9291 -0.2134 2.6575, 2.0276 -2.1425 0.5236, -2.0276 -2.1425 0.5236, 1.9882 -2.7331 0.1378, 2.0276 -2.7331 0.1378, 2.0276 -2.7331 0.2482, -2.0276 -2.7331 0.2482, -1.9882 -2.7331 0.1378, -2.0276 -2.7331 0.1378, 1.5945 -2.7331 0.1378, -1.5945 -2.7331 0.1378, 1.5945 0.3575 0.1378, -1.5945 0.3575 0.1378, 0.7677 -1.0008 0.1378, -0.9646 -1.1976 0.1378, -0.9136 -1.1909 0.1378, -0.5512 -0.2134 0.1378, -1.2205 -0.2134 0.1378, -1.2205 0.2984 0.1378, -0.8661 -1.1713 0.1378, -0.8254 -1.14 0.1378, -0.7941 -1.0992 0.1378, -1.5354 -0.2134 0.1378, -1.1038 -0.8616 0.1378, -1.135 -0.9024 0.1378, -0.5512 0.2984 0.1378, -0.2362 -0.2134 0.1378, 1.0155 -0.8106 0.1378, 1.063 -0.8303 0.1378, 0.9646 -0.8039 0.1378, 0.9136 -0.8106 0.1378, 0.8661 -0.8303 0.1378, 0.8254 -0.8616 0.1378, 0.7941 -0.9024 0.1378, 1.2205 0.2984 0.1378, 1.2205 -0.2134 0.1378, 0.5512 0.2984 0.1378, 0.5512 -0.2134 0.1378, 1.5354 0.2984 0.1378, 1.5354 -0.2134 0.1378, -0.9136 -0.8106 0.1378, -0.9646 -0.8039 0.1378, -1.0155 -0.8106 0.1378, -1.063 -0.8303 0.1378, -1.5354 0.2984 0.1378, -0.8254 -0.8616 0.1378, -0.8661 -0.8303 0.1378, -0.7744 -1.0517 0.1378, -0.7677 -1.0008 0.1378, 0.7744 -0.9498 0.1378, -0.7744 -0.9498 0.1378, -0.7941 -0.9024 0.1378, 0.9646 -1.1976 0.1378, 1.0155 -1.1909 0.1378, 1.063 -1.1713 0.1378, 1.1038 -1.14 0.1378, 1.135 -1.0992 0.1378, 1.135 -0.9024 0.1378, 1.1038 -0.8616 0.1378, -1.1547 -0.9498 0.1378, -1.1614 -1.0008 0.1378, -1.1547 -1.0517 0.1378, -1.135 -1.0992 0.1378, -1.1038 -1.14 0.1378, 1.1547 -1.0517 0.1378, 1.1614 -1.0008 0.1378, 1.1547 -0.9498 0.1378, -0.2362 0.2984 0.1378, 0.2362 0.2984 0.1378, 0.2362 -0.2134 0.1378, -1.063 -1.1713 0.1378, -1.0155 -1.1909 0.1378, 0.8661 -1.1713 0.1378, 0.9136 -1.1909 0.1378, 0.7744 -1.0517 0.1378, 0.7941 -1.0992 0.1378, 0.8254 -1.14 0.1378, -2.1654 -4.1898 1.7126, -2.1654 -4.1898 2.2756, -0.1969 -3.7961 1.6339, -2.0866 -4.1898 1.6339, -1.5748 -3.7961 1.6339, -1.1811 -3.7961 1.6339, 0.5906 -3.7961 1.6339, 1.1811 -3.7961 1.6339, 0.1969 -3.7961 1.6339, -0.5906 -3.7961 1.6339, 1.5748 -3.7961 1.6339, 2.0866 -4.1898 1.6339, 2.1654 -4.1898 1.7126, 2.1654 -4.1898 2.2756, 2.0866 -4.1898 2.3543, -2.0866 -4.1898 2.3543, -1.9316 -4.5835 1.8676, 1.9316 -4.5835 1.8676, -1.9316 -4.5835 2.1206, 1.9316 -4.5835 2.1206, -2.165 -4.1904 1.7055, -2.003 -4.538 1.8676, -2.003 -4.538 2.1206, -2.165 -4.1904 2.2827, 2.0937 -4.1904 1.6342, 1.9316 -4.538 1.7962, -1.9316 -4.538 1.7962, -2.0937 -4.1904 1.6342, -2.0937 -4.1904 2.354, -1.9316 -4.538 2.1919, 1.9316 -4.538 2.1919, 2.0937 -4.1904 2.354, 2.165 -4.1904 2.2827, 2.003 -4.538 2.1206, 2.003 -4.538 1.8676, 2.165 -4.1904 1.7055, 2.1623 -4.1927 2.2959, 2.1613 -4.1934 2.3005, 2.1546 -4.1951 2.3149, 2.1536 -4.1953 2.317, 2.1423 -4.1959 2.3313, 2.128 -4.1953 2.3426, 2.1259 -4.1951 2.3436, 2.1115 -4.1934 2.3503, 2.1069 -4.1927 2.3513, 2.104 -4.1922 1.6363, 2.1115 -4.1934 1.6379, 2.1206 -4.1945 1.6421, 2.128 -4.1953 1.6456, 2.1354 -4.1956 1.6515, 2.1423 -4.1959 1.6569, 2.1478 -4.1956 1.6638, 2.1536 -4.1953 1.6712, 2.1571 -4.1945 1.6787, 2.1613 -4.1934 1.6877, 2.1629 -4.1922 1.6952, 1.964 -4.5469 2.1786, 1.9563 -4.5452 2.1828, 1.9513 -4.5442 2.1854, 1.9483 -4.5435 2.1871, 1.9406 -4.541 2.1893, 1.9665 -4.5471 2.1766, 1.9742 -4.5478 2.1702, 1.9781 -4.5481 2.1671, 1.9869 -4.5472 2.1564, 1.9981 -4.5435 2.1372, 1.9878 -4.5471 2.1552, 1.9896 -4.5469 2.153, 1.9975 -4.5437 2.1384, 1.9939 -4.5529 1.8676, 1.9939 -4.5529 2.1206, 1.9936 -4.5532 1.8676, 1.9936 -4.5532 2.1206, 1.9814 -4.5657 1.8676, 1.9814 -4.5657 2.1206, 1.9811 -4.5659 1.8676, 1.9811 -4.5659 2.1206, 1.9663 -4.5754 1.8676, 1.9663 -4.5754 2.1206, 1.9661 -4.5755 1.8676, 1.9661 -4.5755 2.1206, 1.9494 -4.5814 1.8676, 1.9494 -4.5814 2.1206, 1.9493 -4.5814 1.8676, 1.9493 -4.5814 2.1206, 1.9981 -4.5435 1.8509, 1.9896 -4.5469 1.8352, 1.9975 -4.5437 1.8498, 1.9878 -4.5471 1.833, 1.9869 -4.5472 1.8318, 1.9781 -4.5481 1.8211, 1.9742 -4.5478 1.818, 1.9665 -4.5471 1.8116, 1.964 -4.5469 1.8096, 1.9563 -4.5452 1.8054, 1.9406 -4.541 1.7989, 1.9483 -4.5435 1.8011, 1.9513 -4.5442 1.8028, -2.1069 -4.1927 2.3513, -2.1115 -4.1934 2.3503, -2.1259 -4.1951 2.3436, -2.128 -4.1953 2.3426, -2.1423 -4.1959 2.3313, -2.1536 -4.1953 2.317, -2.1546 -4.1951 2.3149, -2.1613 -4.1934 2.3005, -2.1623 -4.1927 2.2959, 1.949 -4.5794 2.1384, 1.9654 -4.5736 2.1384, 1.9801 -4.5641 2.1384, 1.9923 -4.5516 2.1384, 1.9425 -4.5516 2.1829, 1.9528 -4.5479 2.1829, 1.9585 -4.5595 2.1704, 1.9702 -4.552 2.1704, 1.9763 -4.5595 2.1553, 1.9875 -4.5479 2.1553, 1.9316 -4.5529 2.1829, 1.9316 -4.5532 2.1826, 1.9454 -4.5641 2.1704, 1.9316 -4.5657 2.1704, 1.9316 -4.5659 2.1701, 1.9476 -4.5736 2.1553, 1.9316 -4.5754 2.1553, 1.9316 -4.5755 2.1551, 1.9628 -4.5682 2.1553, 1.9316 -4.5814 2.1383, 1.9316 -4.5814 2.1384, 1.9654 -4.5736 1.8498, 1.9801 -4.5641 1.8498, 1.9875 -4.5479 1.8329, 1.9923 -4.5516 1.8498, 1.9702 -4.552 1.8178, 1.9763 -4.5595 1.8329, 1.9528 -4.5479 1.8053, 1.9585 -4.5595 1.8178, 1.9316 -4.5814 1.8499, 1.949 -4.5794 1.8498, 1.9316 -4.5814 1.8498, 1.9316 -4.5755 1.8331, 1.9476 -4.5736 1.8329, 1.9628 -4.5682 1.8329, 1.9316 -4.5754 1.8329, 1.9316 -4.5659 1.8181, 1.9454 -4.5641 1.8178, 1.9425 -4.5516 1.8053, 1.9316 -4.5529 1.8053, 1.9316 -4.5532 1.8056, 1.9316 -4.5657 1.8178, -2.1623 -4.1927 1.6923, -2.1613 -4.1934 1.6877, -2.1546 -4.1951 1.6733, -2.1536 -4.1953 1.6712, -2.1423 -4.1959 1.6569, -2.128 -4.1953 1.6456, -2.1259 -4.1951 1.6446, -2.1115 -4.1934 1.6379, -2.1069 -4.1927 1.6369, -1.9981 -4.5435 2.1372, -1.9896 -4.5469 2.153, -1.9975 -4.5437 2.1384, -1.9781 -4.5481 2.1671, -1.9869 -4.5472 2.1564, -1.9878 -4.5471 2.1552, -1.9742 -4.5478 2.1702, -1.9665 -4.5471 2.1766, -1.964 -4.5469 2.1786, -1.9563 -4.5452 2.1828, -1.9406 -4.541 2.1893, -1.9483 -4.5435 2.1871, -1.9513 -4.5442 2.1854, -1.9316 -4.5529 2.1829, -1.9316 -4.5532 2.1826, -1.9316 -4.5657 2.1704, -1.9316 -4.5659 2.1701, -1.9316 -4.5754 2.1553, -1.9316 -4.5755 2.1551, -1.9316 -4.5814 2.1384, -1.9316 -4.5814 2.1383, -1.9316 -4.5529 1.8053, -1.9316 -4.5532 1.8056, -1.9316 -4.5657 1.8178, -1.9316 -4.5659 1.8181, -1.9316 -4.5754 1.8329, -1.9316 -4.5755 1.8331, -1.9316 -4.5814 1.8498, -1.9316 -4.5814 1.8499, -1.9406 -4.541 1.7989, -1.9483 -4.5435 1.8011, -1.9513 -4.5442 1.8028, -1.9563 -4.5452 1.8054, -1.964 -4.5469 1.8096, -1.9665 -4.5471 1.8116, -1.9742 -4.5478 1.818, -1.9781 -4.5481 1.8211, -1.9869 -4.5472 1.8318, -1.9981 -4.5435 1.8509, -1.9878 -4.5471 1.833, -1.9896 -4.5469 1.8352, -1.9975 -4.5437 1.8498, -1.9811 -4.5659 2.1206, -1.9663 -4.5754 2.1206, -1.9654 -4.5736 2.1384, -1.9875 -4.5479 2.1553, -1.9923 -4.5516 2.1384, -1.9702 -4.552 2.1704, -1.9763 -4.5595 2.1553, -1.9528 -4.5479 2.1829, -1.9585 -4.5595 2.1704, -1.9425 -4.5516 2.1829, -1.9454 -4.5641 2.1704, -1.9476 -4.5736 2.1553, -1.949 -4.5794 2.1384, -1.9801 -4.5641 2.1384, -1.9493 -4.5814 2.1206, -1.9494 -4.5814 2.1206, -1.9661 -4.5755 2.1206, -1.9628 -4.5682 2.1553, -1.9814 -4.5657 2.1206, -1.9936 -4.5532 2.1206, -1.9939 -4.5529 2.1206, -1.9936 -4.5532 1.8676, -1.9939 -4.5529 1.8676, -1.9923 -4.5516 1.8498, -1.9811 -4.5659 1.8676, -1.9814 -4.5657 1.8676, -1.9801 -4.5641 1.8498, -1.9661 -4.5755 1.8676, -1.9663 -4.5754 1.8676, -1.9654 -4.5736 1.8498, -1.9425 -4.5516 1.8053, -1.9528 -4.5479 1.8053, -1.9585 -4.5595 1.8178, -1.9702 -4.552 1.8178, -1.9763 -4.5595 1.8329, -1.9875 -4.5479 1.8329, -1.9494 -4.5814 1.8676, -1.949 -4.5794 1.8498, -1.9493 -4.5814 1.8676, -1.9476 -4.5736 1.8329, -1.9454 -4.5641 1.8178, -1.9628 -4.5682 1.8329, -1.5748 -3.7961 1.7323, -1.1811 -3.7961 1.7323, -1.5059 -3.7961 1.6378, -1.5059 -3.7961 1.6969, -1.25 -3.7961 1.6969, -1.25 -3.7961 1.6378, -0.5906 -3.7961 1.7323, -0.1969 -3.7961 1.7323, -0.2657 -3.7961 1.6378, -0.5217 -3.7961 1.6378, -0.5217 -3.7961 1.6969, -0.2657 -3.7961 1.6969, 0.1969 -3.7961 1.7323, 0.5906 -3.7961 1.7323, 0.5217 -3.7961 1.6378, 0.2657 -3.7961 1.6378, 0.2657 -3.7961 1.6969, 0.5217 -3.7961 1.6969, 1.1811 -3.7961 1.7323, 1.5748 -3.7961 1.7323, 1.5059 -3.7961 1.6378, 1.25 -3.7961 1.6378, 1.25 -3.7961 1.6969, 1.5059 -3.7961 1.6969, 1.9291 -0.2134 0.9252, -1.9291 -0.2134 0.9252, -1.5354 -0.2134 0.9252, -1.5354 0.2984 0.9252, -1.2205 0.2984 0.9252, -1.2205 -0.2134 0.9252, -0.5512 0.2984 0.9252, -0.5512 -0.2134 0.9252, -0.2362 0.2984 0.9252, -0.2362 -0.2134 0.9252, 0.2362 -0.2134 0.9252, 0.2362 0.2984 0.9252, 0.5512 0.2984 0.9252, 0.5512 -0.2134 0.9252, 1.2205 -0.2134 0.9252, 1.2205 0.2984 0.9252, 1.5354 0.2984 0.9252, 1.5354 -0.2134 0.9252, 0.2657 -0.2134 2.5492, 0.2657 -0.2134 2.6083, 0.5217 -0.2134 2.5492, -1.25 -0.2134 2.6083, -1.5059 -0.2134 2.6083, -1.5059 -0.2134 2.5492, 1.25 -0.2134 2.5492, 1.25 -0.2134 2.6083, 0.5217 -0.2134 2.6083, 1.5059 -0.2134 2.5492, 1.5059 -0.2134 2.6083, -1.25 -0.2134 2.5492, -0.5217 -0.2134 2.6083, -0.2657 -0.2134 2.6083, -0.2657 -0.2134 2.5492, -0.5217 -0.2134 2.5492, 1.1547 -0.9498 -0.1339, 1.135 -0.9024 -0.1339, 1.1038 -0.8616 -0.1339, 1.063 -0.8303 -0.1339, 1.0155 -0.8106 -0.1339, 0.9646 -0.8039 -0.1339, 0.9136 -0.8106 -0.1339, 0.8661 -0.8303 -0.1339, 0.8254 -0.8616 -0.1339, 0.7941 -0.9024 -0.1339, 0.7744 -0.9498 -0.1339, 0.7677 -1.0008 -0.1339, 0.7744 -1.0517 -0.1339, 0.7941 -1.0992 -0.1339, 0.8254 -1.14 -0.1339, 0.8661 -1.1713 -0.1339, 0.9136 -1.1909 -0.1339, 0.9646 -1.1976 -0.1339, 1.0155 -1.1909 -0.1339, 1.063 -1.1713 -0.1339, 1.1038 -1.14 -0.1339, 1.135 -1.0992 -0.1339, 1.1547 -1.0517 -0.1339, 1.1614 -1.0008 -0.1339, 0.8827 -1.048 -0.2362, 0.8733 -1.0252 -0.2362, 0.9646 -1.0008 -0.2362, 0.8701 -1.0008 -0.2362, 0.8733 -0.9763 -0.2362, 0.9401 -1.0921 -0.2362, 0.9173 -1.0826 -0.2362, 0.8978 -1.0676 -0.2362, 1.0118 -1.0826 -0.2362, 0.989 -1.0921 -0.2362, 0.9646 -1.0953 -0.2362, 1.0558 -1.0252 -0.2362, 1.0464 -1.048 -0.2362, 1.0314 -1.0676 -0.2362, 1.0464 -0.9535 -0.2362, 1.0558 -0.9763 -0.2362, 1.0591 -1.0008 -0.2362, 0.989 -0.9095 -0.2362, 1.0118 -0.919 -0.2362, 1.0314 -0.934 -0.2362, 0.9173 -0.919 -0.2362, 0.9401 -0.9095 -0.2362, 0.9646 -0.9063 -0.2362, 0.8827 -0.9535 -0.2362, 0.8978 -0.934 -0.2362, -0.7744 -0.9498 -0.1339, -0.7941 -0.9024 -0.1339, -0.8254 -0.8616 -0.1339, -0.8661 -0.8303 -0.1339, -0.9136 -0.8106 -0.1339, -0.9646 -0.8039 -0.1339, -1.0155 -0.8106 -0.1339, -1.063 -0.8303 -0.1339, -1.1038 -0.8616 -0.1339, -1.135 -0.9024 -0.1339, -1.1547 -0.9498 -0.1339, -1.1614 -1.0008 -0.1339, -1.1547 -1.0517 -0.1339, -1.135 -1.0992 -0.1339, -1.1038 -1.14 -0.1339, -1.063 -1.1713 -0.1339, -1.0155 -1.1909 -0.1339, -0.9646 -1.1976 -0.1339, -0.9136 -1.1909 -0.1339, -0.8661 -1.1713 -0.1339, -0.8254 -1.14 -0.1339, -0.7941 -1.0992 -0.1339, -0.7744 -1.0517 -0.1339, -0.7677 -1.0008 -0.1339, -1.0464 -1.048 -0.2362, -1.0558 -1.0252 -0.2362, -0.9646 -1.0008 -0.2362, -1.0591 -1.0008 -0.2362, -1.0558 -0.9763 -0.2362, -0.989 -1.0921 -0.2362, -1.0118 -1.0826 -0.2362, -1.0314 -1.0676 -0.2362, -0.9173 -1.0826 -0.2362, -0.9401 -1.0921 -0.2362, -0.9646 -1.0953 -0.2362, -0.8733 -1.0252 -0.2362, -0.8827 -1.048 -0.2362, -0.8978 -1.0676 -0.2362, -0.8827 -0.9535 -0.2362, -0.8733 -0.9763 -0.2362, -0.8701 -1.0008 -0.2362, -0.9401 -0.9095 -0.2362, -0.9173 -0.919 -0.2362, -0.8978 -0.934 -0.2362, -1.0118 -0.919 -0.2362, -0.989 -0.9095 -0.2362, -0.9646 -0.9063 -0.2362, -1.0464 -0.9535 -0.2362, -1.0314 -0.934 -0.2362, -1.0814 -0.9695 -0.2327, -1.0693 -0.9403 -0.2327, -1.0501 -0.9152 -0.2327, -1.0251 -0.896 -0.2327, -0.9959 -0.8839 -0.2327, -0.9646 -0.8798 -0.2327, -0.9333 -0.8839 -0.2327, -0.9041 -0.896 -0.2327, -0.879 -0.9152 -0.2327, -0.8598 -0.9403 -0.2327, -0.8477 -0.9695 -0.2327, -0.8436 -1.0008 -0.2327, -0.8477 -1.0321 -0.2327, -0.8598 -1.0613 -0.2327, -0.879 -1.0863 -0.2327, -0.9041 -1.1056 -0.2327, -0.9333 -1.1176 -0.2327, -0.9646 -1.1218 -0.2327, -0.9959 -1.1176 -0.2327, -1.0251 -1.1056 -0.2327, -1.0501 -1.0863 -0.2327, -1.0693 -1.0613 -0.2327, -1.0814 -1.0321 -0.2327, -1.0855 -1.0008 -0.2327, -1.1053 -0.9631 -0.2225, -1.0907 -0.928 -0.2225, -1.0676 -0.8978 -0.2225, -1.0374 -0.8746 -0.2225, -1.0023 -0.8601 -0.2225, -0.9646 -0.8551 -0.2225, -0.9269 -0.8601 -0.2225, -0.8917 -0.8746 -0.2225, -0.8616 -0.8978 -0.2225, -0.8384 -0.928 -0.2225, -0.8239 -0.9631 -0.2225, -0.8189 -1.0008 -0.2225, -0.8239 -1.0385 -0.2225, -0.8384 -1.0736 -0.2225, -0.8616 -1.1038 -0.2225, -0.8917 -1.1269 -0.2225, -0.9269 -1.1415 -0.2225, -0.9646 -1.1465 -0.2225, -1.0023 -1.1415 -0.2225, -1.0374 -1.1269 -0.2225, -1.0676 -1.1038 -0.2225, -1.0907 -1.0736 -0.2225, -1.1053 -1.0385 -0.2225, -1.1102 -1.0008 -0.2225, -1.1258 -0.9576 -0.2062, -1.1091 -0.9174 -0.2062, -1.0826 -0.8828 -0.2062, -1.048 -0.8563 -0.2062, -1.0078 -0.8396 -0.2062, -0.9646 -0.8339 -0.2062, -0.9214 -0.8396 -0.2062, -0.8811 -0.8563 -0.2062, -0.8466 -0.8828 -0.2062, -0.8201 -0.9174 -0.2062, -0.8034 -0.9576 -0.2062, -0.7977 -1.0008 -0.2062, -0.8034 -1.044 -0.2062, -0.8201 -1.0842 -0.2062, -0.8466 -1.1188 -0.2062, -0.8811 -1.1453 -0.2062, -0.9214 -1.162 -0.2062, -0.9646 -1.1677 -0.2062, -1.0078 -1.162 -0.2062, -1.048 -1.1453 -0.2062, -1.0826 -1.1188 -0.2062, -1.1091 -1.0842 -0.2062, -1.1258 -1.044 -0.2062, -1.1314 -1.0008 -0.2062, -1.1415 -0.9534 -0.185, -1.1232 -0.9092 -0.185, -1.0941 -0.8713 -0.185, -1.0561 -0.8422 -0.185, -1.012 -0.8239 -0.185, -0.9646 -0.8176 -0.185, -0.9172 -0.8239 -0.185, -0.873 -0.8422 -0.185, -0.8351 -0.8713 -0.185, -0.806 -0.9092 -0.185, -0.7877 -0.9534 -0.185, -0.7814 -1.0008 -0.185, -0.7877 -1.0482 -0.185, -0.806 -1.0924 -0.185, -0.8351 -1.1303 -0.185, -0.873 -1.1594 -0.185, -0.9172 -1.1777 -0.185, -0.9646 -1.1839 -0.185, -1.012 -1.1777 -0.185, -1.0561 -1.1594 -0.185, -1.0941 -1.1303 -0.185, -1.1232 -1.0924 -0.185, -1.1415 -1.0482 -0.185, -1.1477 -1.0008 -0.185, -1.1513 -0.9507 -0.1604, -1.132 -0.9041 -0.1604, -1.1013 -0.8641 -0.1604, -1.0612 -0.8333 -0.1604, -1.0146 -0.814 -0.1604, -0.9646 -0.8074 -0.1604, -0.9145 -0.814 -0.1604, -0.8679 -0.8333 -0.1604, -0.8278 -0.8641 -0.1604, -0.7971 -0.9041 -0.1604, -0.7778 -0.9507 -0.1604, -0.7712 -1.0008 -0.1604, -0.7778 -1.0508 -0.1604, -0.7971 -1.0975 -0.1604, -0.8278 -1.1375 -0.1604, -0.8679 -1.1682 -0.1604, -0.9145 -1.1876 -0.1604, -0.9646 -1.1941 -0.1604, -1.0146 -1.1876 -0.1604, -1.0612 -1.1682 -0.1604, -1.1013 -1.1375 -0.1604, -1.132 -1.0975 -0.1604, -1.1513 -1.0508 -0.1604, -1.1579 -1.0008 -0.1604, 0.8477 -0.9695 -0.2327, 0.8598 -0.9403 -0.2327, 0.879 -0.9152 -0.2327, 0.9041 -0.896 -0.2327, 0.9333 -0.8839 -0.2327, 0.9646 -0.8798 -0.2327, 0.9959 -0.8839 -0.2327, 1.0251 -0.896 -0.2327, 1.0501 -0.9152 -0.2327, 1.0693 -0.9403 -0.2327, 1.0814 -0.9695 -0.2327, 1.0855 -1.0008 -0.2327, 1.0814 -1.0321 -0.2327, 1.0693 -1.0613 -0.2327, 1.0501 -1.0863 -0.2327, 1.0251 -1.1056 -0.2327, 0.9959 -1.1176 -0.2327, 0.9646 -1.1218 -0.2327, 0.9333 -1.1176 -0.2327, 0.9041 -1.1056 -0.2327, 0.879 -1.0863 -0.2327, 0.8598 -1.0613 -0.2327, 0.8477 -1.0321 -0.2327, 0.8436 -1.0008 -0.2327, 0.8239 -0.9631 -0.2225, 0.8384 -0.928 -0.2225, 0.8616 -0.8978 -0.2225, 0.8917 -0.8746 -0.2225, 0.9269 -0.8601 -0.2225, 0.9646 -0.8551 -0.2225, 1.0023 -0.8601 -0.2225, 1.0374 -0.8746 -0.2225, 1.0676 -0.8978 -0.2225, 1.0907 -0.928 -0.2225, 1.1053 -0.9631 -0.2225, 1.1102 -1.0008 -0.2225, 1.1053 -1.0385 -0.2225, 1.0907 -1.0736 -0.2225, 1.0676 -1.1038 -0.2225, 1.0374 -1.1269 -0.2225, 1.0023 -1.1415 -0.2225, 0.9646 -1.1465 -0.2225, 0.9269 -1.1415 -0.2225, 0.8917 -1.1269 -0.2225, 0.8616 -1.1038 -0.2225, 0.8384 -1.0736 -0.2225, 0.8239 -1.0385 -0.2225, 0.8189 -1.0008 -0.2225, 0.8034 -0.9576 -0.2062, 0.8201 -0.9174 -0.2062, 0.8466 -0.8828 -0.2062, 0.8811 -0.8563 -0.2062, 0.9214 -0.8396 -0.2062, 0.9646 -0.8339 -0.2062, 1.0078 -0.8396 -0.2062, 1.048 -0.8563 -0.2062, 1.0826 -0.8828 -0.2062, 1.1091 -0.9174 -0.2062, 1.1258 -0.9576 -0.2062, 1.1314 -1.0008 -0.2062, 1.1258 -1.044 -0.2062, 1.1091 -1.0842 -0.2062, 1.0826 -1.1188 -0.2062, 1.048 -1.1453 -0.2062, 1.0078 -1.162 -0.2062, 0.9646 -1.1677 -0.2062, 0.9214 -1.162 -0.2062, 0.8811 -1.1453 -0.2062, 0.8466 -1.1188 -0.2062, 0.8201 -1.0842 -0.2062, 0.8034 -1.044 -0.2062, 0.7977 -1.0008 -0.2062, 0.7877 -0.9534 -0.185, 0.806 -0.9092 -0.185, 0.8351 -0.8713 -0.185, 0.873 -0.8422 -0.185, 0.9172 -0.8239 -0.185, 0.9646 -0.8176 -0.185, 1.012 -0.8239 -0.185, 1.0561 -0.8422 -0.185, 1.0941 -0.8713 -0.185, 1.1232 -0.9092 -0.185, 1.1415 -0.9534 -0.185, 1.1477 -1.0008 -0.185, 1.1415 -1.0482 -0.185, 1.1232 -1.0924 -0.185, 1.0941 -1.1303 -0.185, 1.0561 -1.1594 -0.185, 1.012 -1.1777 -0.185, 0.9646 -1.1839 -0.185, 0.9172 -1.1777 -0.185, 0.873 -1.1594 -0.185, 0.8351 -1.1303 -0.185, 0.806 -1.0924 -0.185, 0.7877 -1.0482 -0.185, 0.7814 -1.0008 -0.185, 0.7778 -0.9507 -0.1604, 0.7971 -0.9041 -0.1604, 0.8278 -0.8641 -0.1604, 0.8679 -0.8333 -0.1604, 0.9145 -0.814 -0.1604, 0.9646 -0.8074 -0.1604, 1.0146 -0.814 -0.1604, 1.0612 -0.8333 -0.1604, 1.1013 -0.8641 -0.1604, 1.132 -0.9041 -0.1604, 1.1513 -0.9507 -0.1604, 1.1579 -1.0008 -0.1604, 1.1513 -1.0508 -0.1604, 1.132 -1.0975 -0.1604, 1.1013 -1.1375 -0.1604, 1.0612 -1.1682 -0.1604, 1.0146 -1.1876 -0.1604, 0.9646 -1.1941 -0.1604, 0.9145 -1.1876 -0.1604, 0.8679 -1.1682 -0.1604, 0.8278 -1.1375 -0.1604, 0.7971 -1.0975 -0.1604, 0.7778 -1.0508 -0.1604, 0.7712 -1.0008 -0.1604
            ]
        }
        coordIndex [
            0,1,2,-1,3,4,5,-1,5,4,6,-1,5,6,2,-1,2,6,7,-1,2,7,0,-1,7,8,0,-1,0,8,9,-1,0,9,10,-1,10,9,11,-1,10,11,12,-1,12,11,13,-1,14,15,16,-1,16,15,17,-1,18,19,20,-1,20,19,21,-1,22,23,24,-1,24,23,25,-1,26,27,28,-1,28,27,29,-1,30,31,32,-1,33,28,34,-1,34,28,29,-1,34,29,35,-1,35,29,36,-1,37,38,39,-1,33,40,28,-1,28,40,41,-1,28,41,42,-1,43,44,45,-1,45,44,28,-1,45,28,46,-1,46,28,42,-1,37,39,47,-1,47,39,48,-1,47,48,49,-1,43,50,44,-1,44,50,51,-1,44,51,52,-1,52,51,39,-1,52,39,53,-1,53,39,38,-1,48,54,49,-1,49,54,55,-1,49,55,56,-1,56,55,57,-1,56,57,58,-1,58,57,59,-1,60,61,62,-1,62,63,60,-1,60,63,64,-1,60,64,65,-1,66,67,68,-1,59,69,58,-1,58,69,70,-1,58,70,71,-1,71,70,60,-1,71,60,72,-1,72,60,65,-1,68,73,66,-1,66,73,74,-1,66,74,75,-1,61,76,62,-1,62,76,77,-1,62,77,66,-1,66,77,78,-1,66,78,67,-1,79,80,81,-1,81,80,66,-1,81,66,82,-1,82,66,75,-1,83,84,85,-1,86,87,88,-1,88,87,81,-1,88,81,89,-1,89,81,82,-1,90,91,87,-1,85,90,83,-1,83,90,87,-1,83,87,92,-1,92,87,86,-1,92,86,93,-1,93,86,94,-1,32,36,30,-1,30,36,29,-1,30,29,95,-1,95,29,87,-1,95,87,96,-1,96,87,91,-1,96,91,97,-1,97,91,98,-1,99,100,31,-1,31,100,101,-1,31,101,32,-1,32,101,102,-1,32,102,103,-1,103,102,104,-1,103,104,105,-1,105,104,106,-1,105,106,31,-1,31,106,99,-1,107,108,98,-1,98,108,109,-1,98,109,97,-1,97,109,110,-1,97,110,111,-1,111,110,112,-1,111,112,113,-1,113,112,114,-1,113,114,98,-1,98,114,107,-1,115,116,84,-1,84,116,117,-1,84,117,85,-1,85,117,118,-1,85,118,119,-1,119,118,120,-1,119,120,121,-1,121,120,122,-1,121,122,84,-1,84,122,115,-1,123,124,94,-1,94,124,125,-1,94,125,93,-1,93,125,126,-1,93,126,127,-1,127,126,128,-1,127,128,129,-1,129,128,130,-1,129,130,94,-1,94,130,123,-1,131,132,133,-1,133,132,134,-1,133,134,135,-1,132,131,136,-1,136,131,137,-1,136,137,138,-1,138,137,139,-1,139,140,138,-1,138,140,141,-1,138,141,142,-1,143,144,145,-1,141,146,142,-1,142,146,143,-1,142,143,147,-1,147,143,145,-1,148,149,3,-1,3,149,150,-1,3,150,4,-1,44,8,26,-1,26,8,7,-1,49,0,10,-1,49,10,47,-1,47,10,12,-1,47,12,37,-1,37,12,13,-1,37,13,38,-1,38,13,11,-1,38,11,53,-1,53,11,9,-1,53,9,52,-1,52,9,8,-1,52,8,44,-1,141,140,151,-1,1,0,152,-1,152,0,49,-1,152,49,151,-1,151,49,58,-1,151,58,141,-1,62,142,147,-1,62,147,63,-1,63,147,145,-1,63,145,64,-1,64,145,144,-1,64,144,65,-1,65,144,143,-1,65,143,72,-1,72,143,146,-1,72,146,71,-1,71,146,141,-1,71,141,58,-1,138,142,80,-1,80,142,62,-1,153,81,154,-1,154,81,29,-1,155,156,157,-1,157,158,159,-1,159,158,160,-1,161,135,134,-1,134,155,161,-1,161,155,157,-1,161,157,162,-1,162,157,159,-1,162,159,149,-1,149,159,150,-1,133,135,163,-1,163,135,161,-1,164,162,148,-1,148,162,149,-1,165,166,167,-1,168,169,170,-1,167,171,165,-1,165,171,172,-1,165,172,173,-1,174,175,176,-1,170,16,168,-1,168,16,17,-1,168,17,177,-1,168,178,179,-1,179,178,180,-1,168,179,169,-1,169,179,181,-1,169,181,182,-1,182,183,169,-1,169,183,184,-1,169,184,185,-1,25,186,24,-1,24,186,187,-1,24,187,188,-1,188,187,189,-1,190,163,191,-1,191,163,161,-1,192,193,169,-1,169,193,194,-1,169,194,174,-1,174,194,195,-1,174,195,175,-1,162,164,174,-1,174,164,196,-1,185,197,169,-1,169,197,198,-1,169,198,192,-1,173,199,165,-1,165,199,200,-1,165,200,201,-1,201,200,202,-1,201,202,185,-1,185,202,203,-1,185,203,197,-1,204,205,161,-1,205,206,161,-1,161,206,207,-1,161,207,208,-1,191,209,210,-1,176,211,174,-1,174,211,212,-1,174,212,162,-1,212,213,162,-1,162,213,214,-1,162,214,215,-1,208,216,161,-1,161,216,217,-1,161,217,191,-1,191,217,218,-1,191,218,209,-1,20,21,219,-1,219,21,220,-1,219,220,178,-1,178,220,221,-1,178,221,180,-1,180,221,189,-1,180,189,210,-1,210,189,187,-1,210,187,191,-1,215,222,162,-1,162,222,223,-1,162,223,166,-1,162,224,161,-1,161,224,225,-1,161,225,204,-1,165,226,166,-1,166,226,227,-1,166,227,162,-1,162,227,228,-1,162,228,224,-1,159,6,150,-1,150,6,4,-1,159,160,27,-1,26,7,27,-1,27,7,6,-1,27,6,159,-1,136,155,132,-1,132,155,134,-1,156,155,79,-1,79,155,136,-1,79,136,80,-1,80,136,138,-1,157,156,153,-1,153,156,79,-1,153,79,81,-1,160,158,27,-1,27,158,154,-1,27,154,29,-1,154,158,153,-1,153,158,157,-1,229,230,45,-1,45,230,43,-1,231,91,90,-1,35,36,232,-1,232,36,233,-1,232,233,234,-1,83,92,235,-1,235,92,236,-1,90,237,231,-1,231,237,232,-1,231,232,238,-1,238,232,234,-1,238,234,96,-1,96,234,30,-1,86,88,239,-1,239,88,240,-1,239,240,236,-1,236,240,232,-1,236,232,235,-1,235,232,237,-1,78,77,241,-1,241,77,242,-1,59,55,243,-1,243,55,244,-1,245,246,247,-1,247,246,248,-1,229,249,250,-1,229,250,230,-1,230,250,251,-1,230,251,252,-1,240,253,254,-1,240,254,232,-1,232,254,255,-1,232,255,256,-1,244,257,258,-1,244,258,243,-1,243,258,259,-1,243,259,260,-1,242,261,262,-1,242,262,241,-1,241,262,263,-1,241,263,264,-1,242,77,261,-1,261,77,76,-1,261,76,265,-1,265,76,266,-1,266,76,61,-1,266,61,267,-1,267,61,268,-1,268,61,60,-1,268,60,269,-1,269,60,270,-1,270,60,70,-1,270,70,271,-1,271,70,272,-1,272,70,69,-1,272,69,273,-1,59,243,69,-1,69,243,260,-1,69,260,273,-1,253,240,88,-1,253,88,274,-1,274,88,89,-1,274,89,275,-1,275,89,75,-1,275,75,276,-1,276,75,277,-1,277,75,74,-1,277,74,278,-1,278,74,279,-1,279,74,73,-1,279,73,280,-1,280,73,281,-1,281,73,68,-1,281,68,282,-1,282,68,283,-1,283,68,67,-1,283,67,284,-1,78,241,67,-1,67,241,264,-1,67,264,284,-1,285,270,286,-1,286,270,271,-1,286,271,287,-1,287,271,272,-1,287,272,288,-1,288,272,273,-1,288,273,289,-1,289,273,260,-1,289,260,259,-1,285,290,270,-1,270,290,291,-1,270,291,269,-1,291,292,269,-1,269,292,293,-1,269,293,268,-1,294,262,261,-1,293,295,268,-1,268,295,296,-1,268,296,267,-1,267,296,297,-1,267,297,266,-1,266,297,294,-1,266,294,265,-1,265,294,261,-1,263,262,298,-1,298,262,299,-1,298,299,300,-1,300,299,301,-1,300,301,302,-1,302,301,303,-1,302,303,304,-1,304,303,305,-1,304,305,306,-1,306,305,307,-1,306,307,308,-1,308,307,309,-1,308,309,310,-1,310,309,311,-1,310,311,312,-1,311,313,312,-1,312,313,248,-1,312,248,246,-1,264,263,284,-1,284,263,314,-1,315,281,316,-1,316,281,282,-1,316,282,314,-1,314,282,283,-1,314,283,284,-1,315,317,281,-1,281,317,318,-1,281,318,280,-1,280,318,319,-1,280,319,279,-1,279,319,278,-1,278,319,320,-1,278,320,277,-1,320,321,277,-1,277,321,322,-1,277,322,276,-1,276,322,323,-1,276,323,275,-1,254,253,324,-1,324,253,274,-1,324,274,325,-1,325,274,275,-1,325,275,326,-1,326,275,323,-1,244,55,257,-1,257,55,54,-1,257,54,327,-1,327,54,328,-1,328,54,48,-1,328,48,329,-1,329,48,330,-1,330,48,39,-1,330,39,331,-1,331,39,332,-1,332,39,51,-1,332,51,333,-1,333,51,334,-1,334,51,50,-1,334,50,335,-1,43,230,50,-1,50,230,252,-1,50,252,335,-1,313,311,336,-1,309,307,337,-1,305,303,338,-1,301,299,339,-1,287,288,340,-1,340,288,289,-1,340,289,259,-1,286,341,285,-1,285,341,342,-1,285,342,290,-1,291,343,292,-1,292,343,344,-1,292,344,293,-1,295,345,296,-1,296,345,339,-1,296,339,297,-1,299,262,339,-1,339,262,294,-1,339,294,297,-1,259,346,340,-1,340,346,347,-1,340,347,348,-1,347,349,348,-1,348,349,350,-1,348,350,351,-1,350,352,351,-1,351,352,353,-1,351,353,336,-1,303,301,338,-1,338,301,339,-1,338,339,344,-1,344,339,345,-1,344,345,293,-1,293,345,295,-1,307,305,337,-1,337,305,338,-1,337,338,354,-1,354,338,344,-1,354,344,342,-1,342,344,343,-1,342,343,290,-1,290,343,291,-1,311,309,336,-1,336,309,337,-1,336,337,351,-1,351,337,354,-1,351,354,348,-1,348,354,342,-1,348,342,340,-1,340,342,341,-1,340,341,287,-1,287,341,286,-1,248,313,355,-1,355,313,336,-1,355,336,356,-1,356,336,353,-1,304,306,357,-1,300,302,358,-1,319,318,359,-1,263,298,314,-1,314,298,360,-1,318,317,359,-1,359,317,315,-1,359,315,360,-1,360,315,316,-1,360,316,314,-1,322,321,361,-1,361,321,320,-1,361,320,362,-1,325,326,363,-1,363,326,323,-1,363,323,364,-1,246,365,312,-1,312,365,366,-1,312,366,310,-1,310,366,308,-1,298,300,360,-1,360,300,358,-1,360,358,359,-1,359,358,362,-1,359,362,319,-1,319,362,320,-1,365,367,366,-1,366,367,368,-1,366,368,369,-1,302,304,358,-1,358,304,357,-1,358,357,362,-1,362,357,370,-1,362,370,361,-1,361,370,364,-1,361,364,322,-1,322,364,323,-1,368,371,369,-1,369,371,372,-1,369,372,373,-1,306,308,357,-1,357,308,366,-1,357,366,370,-1,370,366,369,-1,370,369,364,-1,364,369,373,-1,364,373,363,-1,363,373,374,-1,363,374,325,-1,325,374,324,-1,254,324,375,-1,375,324,374,-1,375,374,376,-1,376,374,373,-1,376,373,377,-1,377,373,372,-1,229,45,249,-1,249,45,46,-1,249,46,378,-1,378,46,379,-1,379,46,42,-1,379,42,380,-1,380,42,381,-1,381,42,41,-1,381,41,382,-1,382,41,383,-1,383,41,40,-1,383,40,384,-1,384,40,385,-1,385,40,34,-1,385,34,386,-1,35,232,34,-1,34,232,256,-1,34,256,386,-1,252,251,335,-1,335,251,387,-1,388,332,389,-1,389,332,333,-1,389,333,387,-1,387,333,334,-1,387,334,335,-1,390,331,391,-1,391,331,332,-1,391,332,392,-1,392,332,388,-1,390,393,331,-1,331,393,394,-1,331,394,330,-1,330,394,395,-1,330,395,329,-1,329,395,396,-1,329,396,328,-1,258,257,397,-1,397,257,327,-1,397,327,398,-1,398,327,328,-1,398,328,399,-1,399,328,396,-1,259,258,346,-1,346,258,400,-1,346,400,347,-1,347,400,401,-1,347,401,349,-1,349,401,402,-1,349,402,350,-1,350,402,403,-1,350,403,352,-1,352,403,404,-1,352,404,353,-1,353,404,405,-1,353,405,356,-1,356,405,406,-1,356,406,355,-1,406,407,355,-1,355,407,247,-1,355,247,248,-1,255,254,408,-1,408,254,375,-1,408,375,409,-1,409,375,376,-1,409,376,410,-1,410,376,377,-1,410,377,411,-1,411,377,372,-1,411,372,412,-1,412,372,371,-1,412,371,413,-1,413,371,368,-1,413,368,414,-1,414,368,367,-1,414,367,415,-1,367,365,415,-1,415,365,246,-1,415,246,245,-1,256,255,416,-1,256,416,386,-1,386,416,417,-1,386,417,385,-1,385,417,418,-1,385,418,384,-1,384,418,419,-1,384,419,383,-1,419,420,383,-1,383,420,421,-1,383,421,382,-1,421,422,382,-1,382,422,423,-1,382,423,381,-1,381,423,424,-1,425,250,249,-1,424,426,381,-1,381,426,427,-1,381,427,380,-1,380,427,428,-1,380,428,379,-1,379,428,425,-1,379,425,378,-1,378,425,249,-1,429,430,431,-1,390,391,432,-1,391,392,432,-1,432,392,388,-1,432,388,433,-1,433,388,389,-1,433,389,387,-1,395,394,434,-1,434,394,393,-1,434,393,435,-1,398,399,436,-1,436,399,396,-1,436,396,437,-1,258,397,400,-1,400,397,438,-1,400,438,401,-1,401,438,439,-1,440,403,439,-1,439,403,402,-1,439,402,401,-1,407,406,441,-1,441,406,405,-1,441,405,440,-1,440,405,404,-1,440,404,403,-1,393,390,435,-1,435,390,432,-1,435,432,442,-1,442,432,433,-1,247,407,443,-1,443,407,441,-1,443,441,444,-1,444,441,445,-1,430,445,431,-1,431,445,441,-1,431,441,446,-1,446,441,440,-1,446,440,437,-1,437,440,439,-1,437,439,436,-1,436,439,438,-1,436,438,398,-1,398,438,397,-1,447,429,442,-1,442,429,431,-1,442,431,435,-1,435,431,446,-1,435,446,434,-1,434,446,437,-1,434,437,395,-1,395,437,396,-1,447,442,448,-1,448,442,433,-1,448,433,449,-1,449,433,387,-1,449,387,251,-1,450,451,452,-1,453,454,455,-1,456,457,458,-1,418,417,459,-1,459,417,416,-1,459,416,255,-1,419,460,420,-1,420,460,461,-1,420,461,421,-1,422,462,423,-1,423,462,463,-1,423,463,424,-1,426,464,427,-1,427,464,452,-1,427,452,428,-1,451,250,452,-1,452,250,425,-1,452,425,428,-1,465,466,467,-1,467,466,415,-1,467,415,245,-1,468,413,466,-1,466,413,414,-1,466,414,415,-1,454,450,455,-1,455,450,452,-1,455,452,463,-1,463,452,464,-1,463,464,424,-1,424,464,426,-1,469,411,468,-1,468,411,412,-1,468,412,413,-1,457,453,458,-1,458,453,455,-1,458,455,470,-1,470,455,463,-1,470,463,461,-1,461,463,462,-1,461,462,421,-1,421,462,422,-1,255,408,459,-1,459,408,409,-1,459,409,469,-1,469,409,410,-1,469,410,411,-1,465,456,466,-1,466,456,458,-1,466,458,468,-1,468,458,470,-1,468,470,469,-1,469,470,461,-1,469,461,459,-1,459,461,460,-1,459,460,418,-1,418,460,419,-1,251,250,449,-1,449,250,451,-1,449,451,448,-1,448,451,450,-1,448,450,447,-1,447,450,454,-1,447,454,429,-1,429,454,453,-1,429,453,430,-1,430,453,457,-1,430,457,445,-1,445,457,456,-1,445,456,444,-1,444,456,465,-1,444,465,443,-1,465,467,443,-1,443,467,245,-1,443,245,247,-1,471,233,103,-1,103,233,36,-1,105,30,472,-1,472,30,234,-1,473,233,474,-1,474,233,471,-1,474,471,475,-1,475,471,472,-1,475,472,476,-1,476,472,234,-1,476,234,473,-1,473,234,233,-1,472,471,105,-1,105,471,103,-1,477,238,111,-1,111,238,96,-1,113,91,478,-1,478,91,231,-1,479,231,480,-1,480,231,238,-1,480,238,481,-1,481,238,477,-1,481,477,482,-1,482,477,478,-1,482,478,479,-1,479,478,231,-1,478,477,113,-1,113,477,111,-1,483,237,119,-1,119,237,90,-1,121,83,484,-1,484,83,235,-1,485,235,486,-1,486,235,237,-1,486,237,487,-1,487,237,483,-1,487,483,488,-1,488,483,484,-1,488,484,485,-1,485,484,235,-1,484,483,121,-1,121,483,119,-1,489,236,127,-1,127,236,92,-1,129,86,490,-1,490,86,239,-1,491,239,492,-1,492,239,236,-1,492,236,493,-1,493,236,489,-1,493,489,494,-1,494,489,490,-1,494,490,491,-1,491,490,239,-1,490,489,129,-1,129,489,127,-1,495,151,139,-1,139,151,140,-1,152,496,1,-1,1,496,2,-1,497,498,496,-1,496,498,5,-1,496,5,2,-1,498,497,196,-1,196,497,174,-1,170,169,499,-1,499,169,500,-1,14,499,15,-1,15,499,500,-1,15,500,501,-1,501,500,502,-1,501,502,177,-1,177,502,168,-1,219,178,503,-1,503,178,504,-1,504,505,503,-1,503,505,506,-1,503,506,18,-1,18,506,19,-1,506,505,220,-1,220,505,221,-1,188,189,507,-1,507,189,508,-1,507,508,22,-1,22,508,509,-1,22,509,23,-1,23,509,510,-1,510,509,186,-1,186,509,187,-1,190,191,511,-1,511,191,512,-1,139,137,495,-1,495,137,511,-1,495,511,512,-1,512,191,187,-1,169,174,500,-1,500,174,497,-1,500,497,513,-1,513,497,514,-1,509,508,515,-1,151,516,152,-1,152,516,517,-1,152,517,518,-1,519,515,520,-1,520,515,521,-1,520,521,151,-1,151,521,514,-1,178,168,504,-1,504,168,502,-1,495,522,151,-1,151,522,523,-1,151,523,520,-1,187,509,512,-1,512,509,515,-1,512,515,495,-1,495,515,519,-1,495,519,522,-1,189,221,508,-1,508,221,505,-1,508,505,515,-1,515,505,504,-1,515,504,513,-1,513,504,502,-1,513,502,500,-1,524,497,518,-1,518,497,496,-1,518,496,152,-1,524,516,525,-1,525,516,151,-1,525,151,526,-1,526,151,514,-1,526,514,527,-1,527,514,497,-1,527,497,528,-1,528,497,524,-1,528,524,525,-1,148,3,164,-1,164,3,5,-1,164,5,196,-1,196,5,498,-1,16,170,14,-1,14,170,499,-1,15,501,17,-1,17,501,177,-1,20,219,18,-1,18,219,503,-1,19,506,21,-1,21,506,220,-1,24,188,22,-1,22,188,507,-1,23,510,25,-1,25,510,186,-1,131,133,163,-1,190,511,163,-1,163,511,137,-1,163,137,131,-1,217,529,218,-1,218,529,530,-1,218,530,209,-1,209,530,531,-1,209,531,210,-1,210,531,532,-1,210,532,180,-1,180,532,533,-1,180,533,179,-1,179,533,534,-1,179,534,181,-1,181,534,535,-1,181,535,182,-1,182,535,536,-1,182,536,183,-1,183,536,537,-1,183,537,184,-1,184,537,538,-1,184,538,185,-1,185,538,539,-1,185,539,201,-1,201,539,540,-1,201,540,165,-1,165,540,541,-1,165,541,226,-1,226,541,542,-1,226,542,227,-1,227,542,543,-1,227,543,228,-1,228,543,544,-1,228,544,224,-1,224,544,545,-1,224,545,225,-1,225,545,546,-1,225,546,204,-1,204,546,547,-1,204,547,205,-1,205,547,548,-1,205,548,206,-1,206,548,549,-1,206,549,207,-1,207,549,550,-1,207,550,208,-1,208,550,551,-1,208,551,216,-1,216,551,552,-1,216,552,217,-1,217,552,529,-1,553,554,555,-1,555,554,556,-1,555,556,557,-1,558,559,555,-1,555,559,560,-1,555,560,553,-1,561,562,555,-1,555,562,563,-1,555,563,558,-1,564,565,555,-1,555,565,566,-1,555,566,561,-1,567,568,555,-1,555,568,569,-1,555,569,564,-1,570,571,555,-1,555,571,572,-1,555,572,567,-1,573,574,555,-1,555,574,575,-1,555,575,570,-1,557,576,555,-1,555,576,577,-1,555,577,573,-1,200,578,202,-1,202,578,579,-1,202,579,203,-1,203,579,580,-1,203,580,197,-1,197,580,581,-1,197,581,198,-1,198,581,582,-1,198,582,192,-1,192,582,583,-1,192,583,193,-1,193,583,584,-1,193,584,194,-1,194,584,585,-1,194,585,195,-1,195,585,586,-1,195,586,175,-1,175,586,587,-1,175,587,176,-1,176,587,588,-1,176,588,211,-1,211,588,589,-1,211,589,212,-1,212,589,590,-1,212,590,213,-1,213,590,591,-1,213,591,214,-1,214,591,592,-1,214,592,215,-1,215,592,593,-1,215,593,222,-1,222,593,594,-1,222,594,223,-1,223,594,595,-1,223,595,166,-1,166,595,596,-1,166,596,167,-1,167,596,597,-1,167,597,171,-1,171,597,598,-1,171,598,172,-1,172,598,599,-1,172,599,173,-1,173,599,600,-1,173,600,199,-1,199,600,601,-1,199,601,200,-1,200,601,578,-1,602,603,604,-1,604,603,605,-1,604,605,606,-1,607,608,604,-1,604,608,609,-1,604,609,602,-1,610,611,604,-1,604,611,612,-1,604,612,607,-1,613,614,604,-1,604,614,615,-1,604,615,610,-1,616,617,604,-1,604,617,618,-1,604,618,613,-1,619,620,604,-1,604,620,621,-1,604,621,616,-1,622,623,604,-1,604,623,624,-1,604,624,619,-1,606,625,604,-1,604,625,626,-1,604,626,622,-1,605,627,606,-1,606,627,628,-1,606,628,625,-1,625,628,629,-1,625,629,626,-1,626,629,630,-1,626,630,622,-1,622,630,631,-1,622,631,623,-1,623,631,632,-1,623,632,624,-1,624,632,633,-1,624,633,619,-1,619,633,634,-1,619,634,620,-1,620,634,635,-1,620,635,621,-1,621,635,636,-1,621,636,616,-1,616,636,637,-1,616,637,617,-1,617,637,638,-1,617,638,618,-1,618,638,639,-1,618,639,613,-1,613,639,640,-1,613,640,614,-1,614,640,641,-1,614,641,615,-1,615,641,642,-1,615,642,610,-1,610,642,643,-1,610,643,611,-1,611,643,644,-1,611,644,612,-1,612,644,645,-1,612,645,607,-1,607,645,646,-1,607,646,608,-1,608,646,647,-1,608,647,609,-1,609,647,648,-1,609,648,602,-1,602,648,649,-1,602,649,603,-1,603,649,650,-1,603,650,605,-1,605,650,627,-1,650,651,627,-1,627,651,652,-1,627,652,628,-1,628,652,653,-1,628,653,629,-1,629,653,654,-1,629,654,630,-1,630,654,655,-1,630,655,631,-1,631,655,656,-1,631,656,632,-1,632,656,657,-1,632,657,633,-1,633,657,658,-1,633,658,634,-1,634,658,659,-1,634,659,635,-1,635,659,660,-1,635,660,636,-1,636,660,661,-1,636,661,637,-1,637,661,662,-1,637,662,638,-1,638,662,663,-1,638,663,639,-1,639,663,664,-1,639,664,640,-1,640,664,665,-1,640,665,641,-1,641,665,666,-1,641,666,642,-1,642,666,667,-1,642,667,643,-1,643,667,668,-1,643,668,644,-1,644,668,669,-1,644,669,645,-1,645,669,670,-1,645,670,646,-1,646,670,671,-1,646,671,647,-1,647,671,672,-1,647,672,648,-1,648,672,673,-1,648,673,649,-1,649,673,674,-1,649,674,650,-1,650,674,651,-1,674,675,651,-1,651,675,676,-1,651,676,652,-1,652,676,677,-1,652,677,653,-1,653,677,678,-1,653,678,654,-1,654,678,679,-1,654,679,655,-1,655,679,680,-1,655,680,656,-1,656,680,681,-1,656,681,657,-1,657,681,682,-1,657,682,658,-1,658,682,683,-1,658,683,659,-1,659,683,684,-1,659,684,660,-1,660,684,685,-1,660,685,661,-1,661,685,686,-1,661,686,662,-1,662,686,687,-1,662,687,663,-1,663,687,688,-1,663,688,664,-1,664,688,689,-1,664,689,665,-1,665,689,690,-1,665,690,666,-1,666,690,691,-1,666,691,667,-1,667,691,692,-1,667,692,668,-1,668,692,693,-1,668,693,669,-1,669,693,694,-1,669,694,670,-1,670,694,695,-1,670,695,671,-1,671,695,696,-1,671,696,672,-1,672,696,697,-1,672,697,673,-1,673,697,698,-1,673,698,674,-1,674,698,675,-1,698,699,675,-1,675,699,700,-1,675,700,676,-1,676,700,701,-1,676,701,677,-1,677,701,702,-1,677,702,678,-1,678,702,703,-1,678,703,679,-1,679,703,704,-1,679,704,680,-1,680,704,705,-1,680,705,681,-1,681,705,706,-1,681,706,682,-1,682,706,707,-1,682,707,683,-1,683,707,708,-1,683,708,684,-1,684,708,709,-1,684,709,685,-1,685,709,710,-1,685,710,686,-1,686,710,711,-1,686,711,687,-1,687,711,712,-1,687,712,688,-1,688,712,713,-1,688,713,689,-1,689,713,714,-1,689,714,690,-1,690,714,715,-1,690,715,691,-1,691,715,716,-1,691,716,692,-1,692,716,717,-1,692,717,693,-1,693,717,718,-1,693,718,694,-1,694,718,719,-1,694,719,695,-1,695,719,720,-1,695,720,696,-1,696,720,721,-1,696,721,697,-1,697,721,722,-1,697,722,698,-1,698,722,699,-1,722,723,699,-1,699,723,724,-1,699,724,700,-1,700,724,725,-1,700,725,701,-1,701,725,726,-1,701,726,702,-1,702,726,727,-1,702,727,703,-1,703,727,728,-1,703,728,704,-1,704,728,729,-1,704,729,705,-1,705,729,730,-1,705,730,706,-1,706,730,731,-1,706,731,707,-1,707,731,732,-1,707,732,708,-1,708,732,733,-1,708,733,709,-1,709,733,734,-1,709,734,710,-1,710,734,735,-1,710,735,711,-1,711,735,736,-1,711,736,712,-1,712,736,737,-1,712,737,713,-1,713,737,738,-1,713,738,714,-1,714,738,739,-1,714,739,715,-1,715,739,740,-1,715,740,716,-1,716,740,741,-1,716,741,717,-1,717,741,742,-1,717,742,718,-1,718,742,743,-1,718,743,719,-1,719,743,744,-1,719,744,720,-1,720,744,745,-1,720,745,721,-1,721,745,746,-1,721,746,722,-1,722,746,723,-1,746,588,723,-1,723,588,587,-1,723,587,724,-1,724,587,586,-1,724,586,725,-1,725,586,585,-1,725,585,726,-1,726,585,584,-1,726,584,727,-1,727,584,583,-1,727,583,728,-1,728,583,582,-1,728,582,729,-1,729,582,581,-1,729,581,730,-1,730,581,580,-1,730,580,731,-1,731,580,579,-1,731,579,732,-1,732,579,578,-1,732,578,733,-1,733,578,601,-1,733,601,734,-1,734,601,600,-1,734,600,735,-1,735,600,599,-1,735,599,736,-1,736,599,598,-1,736,598,737,-1,737,598,597,-1,737,597,738,-1,738,597,596,-1,738,596,739,-1,739,596,595,-1,739,595,740,-1,740,595,594,-1,740,594,741,-1,741,594,593,-1,741,593,742,-1,742,593,592,-1,742,592,743,-1,743,592,591,-1,743,591,744,-1,744,591,590,-1,744,590,745,-1,745,590,589,-1,745,589,746,-1,746,589,588,-1,556,747,557,-1,557,747,748,-1,557,748,576,-1,576,748,749,-1,576,749,577,-1,577,749,750,-1,577,750,573,-1,573,750,751,-1,573,751,574,-1,574,751,752,-1,574,752,575,-1,575,752,753,-1,575,753,570,-1,570,753,754,-1,570,754,571,-1,571,754,755,-1,571,755,572,-1,572,755,756,-1,572,756,567,-1,567,756,757,-1,567,757,568,-1,568,757,758,-1,568,758,569,-1,569,758,759,-1,569,759,564,-1,564,759,760,-1,564,760,565,-1,565,760,761,-1,565,761,566,-1,566,761,762,-1,566,762,561,-1,561,762,763,-1,561,763,562,-1,562,763,764,-1,562,764,563,-1,563,764,765,-1,563,765,558,-1,558,765,766,-1,558,766,559,-1,559,766,767,-1,559,767,560,-1,560,767,768,-1,560,768,553,-1,553,768,769,-1,553,769,554,-1,554,769,770,-1,554,770,556,-1,556,770,747,-1,770,771,747,-1,747,771,772,-1,747,772,748,-1,748,772,773,-1,748,773,749,-1,749,773,774,-1,749,774,750,-1,750,774,775,-1,750,775,751,-1,751,775,776,-1,751,776,752,-1,752,776,777,-1,752,777,753,-1,753,777,778,-1,753,778,754,-1,754,778,779,-1,754,779,755,-1,755,779,780,-1,755,780,756,-1,756,780,781,-1,756,781,757,-1,757,781,782,-1,757,782,758,-1,758,782,783,-1,758,783,759,-1,759,783,784,-1,759,784,760,-1,760,784,785,-1,760,785,761,-1,761,785,786,-1,761,786,762,-1,762,786,787,-1,762,787,763,-1,763,787,788,-1,763,788,764,-1,764,788,789,-1,764,789,765,-1,765,789,790,-1,765,790,766,-1,766,790,791,-1,766,791,767,-1,767,791,792,-1,767,792,768,-1,768,792,793,-1,768,793,769,-1,769,793,794,-1,769,794,770,-1,770,794,771,-1,794,795,771,-1,771,795,796,-1,771,796,772,-1,772,796,797,-1,772,797,773,-1,773,797,798,-1,773,798,774,-1,774,798,799,-1,774,799,775,-1,775,799,800,-1,775,800,776,-1,776,800,801,-1,776,801,777,-1,777,801,802,-1,777,802,778,-1,778,802,803,-1,778,803,779,-1,779,803,804,-1,779,804,780,-1,780,804,805,-1,780,805,781,-1,781,805,806,-1,781,806,782,-1,782,806,807,-1,782,807,783,-1,783,807,808,-1,783,808,784,-1,784,808,809,-1,784,809,785,-1,785,809,810,-1,785,810,786,-1,786,810,811,-1,786,811,787,-1,787,811,812,-1,787,812,788,-1,788,812,813,-1,788,813,789,-1,789,813,814,-1,789,814,790,-1,790,814,815,-1,790,815,791,-1,791,815,816,-1,791,816,792,-1,792,816,817,-1,792,817,793,-1,793,817,818,-1,793,818,794,-1,794,818,795,-1,818,819,795,-1,795,819,820,-1,795,820,796,-1,796,820,821,-1,796,821,797,-1,797,821,822,-1,797,822,798,-1,798,822,823,-1,798,823,799,-1,799,823,824,-1,799,824,800,-1,800,824,825,-1,800,825,801,-1,801,825,826,-1,801,826,802,-1,802,826,827,-1,802,827,803,-1,803,827,828,-1,803,828,804,-1,804,828,829,-1,804,829,805,-1,805,829,830,-1,805,830,806,-1,806,830,831,-1,806,831,807,-1,807,831,832,-1,807,832,808,-1,808,832,833,-1,808,833,809,-1,809,833,834,-1,809,834,810,-1,810,834,835,-1,810,835,811,-1,811,835,836,-1,811,836,812,-1,812,836,837,-1,812,837,813,-1,813,837,838,-1,813,838,814,-1,814,838,839,-1,814,839,815,-1,815,839,840,-1,815,840,816,-1,816,840,841,-1,816,841,817,-1,817,841,842,-1,817,842,818,-1,818,842,819,-1,842,843,819,-1,819,843,844,-1,819,844,820,-1,820,844,845,-1,820,845,821,-1,821,845,846,-1,821,846,822,-1,822,846,847,-1,822,847,823,-1,823,847,848,-1,823,848,824,-1,824,848,849,-1,824,849,825,-1,825,849,850,-1,825,850,826,-1,826,850,851,-1,826,851,827,-1,827,851,852,-1,827,852,828,-1,828,852,853,-1,828,853,829,-1,829,853,854,-1,829,854,830,-1,830,854,855,-1,830,855,831,-1,831,855,856,-1,831,856,832,-1,832,856,857,-1,832,857,833,-1,833,857,858,-1,833,858,834,-1,834,858,859,-1,834,859,835,-1,835,859,860,-1,835,860,836,-1,836,860,861,-1,836,861,837,-1,837,861,862,-1,837,862,838,-1,838,862,863,-1,838,863,839,-1,839,863,864,-1,839,864,840,-1,840,864,865,-1,840,865,841,-1,841,865,866,-1,841,866,842,-1,842,866,843,-1,866,539,843,-1,843,539,538,-1,843,538,844,-1,844,538,537,-1,844,537,845,-1,845,537,536,-1,845,536,846,-1,846,536,535,-1,846,535,847,-1,847,535,534,-1,847,534,848,-1,848,534,533,-1,848,533,849,-1,849,533,532,-1,849,532,850,-1,850,532,531,-1,850,531,851,-1,851,531,530,-1,851,530,852,-1,852,530,529,-1,852,529,853,-1,853,529,552,-1,853,552,854,-1,854,552,551,-1,854,551,855,-1,855,551,550,-1,855,550,856,-1,856,550,549,-1,856,549,857,-1,857,549,548,-1,857,548,858,-1,858,548,547,-1,858,547,859,-1,859,547,546,-1,859,546,860,-1,860,546,545,-1,860,545,861,-1,861,545,544,-1,861,544,862,-1,862,544,543,-1,862,543,863,-1,863,543,542,-1,863,542,864,-1,864,542,541,-1,864,541,865,-1,865,541,540,-1,865,540,866,-1,866,540,539,-1,
        ]
    }
}
Shape{
    appearance Appearance {
        material  Material 	{
            diffuseColor 0.8313725490196079 0.6705882352941176 0.12941176470588237
            specularColor 0.6666666666666666 0.5372549019607843 0.10196078431372549
            ambientIntensity 0.657
            transparency 0.0
            shininess 0.5
        }
    }
    geometry IndexedFaceSet {
        ccw TRUE
        solid FALSE
        coord DEF co Coordinate {
            point [
                -1.5059 0.4165 0.1083, -1.25 0.4165 0.1083, -1.5059 0.8299 0.1083, -1.25 0.8299 0.1083, -1.5059 0.8299 0.0492, -1.5059 0.4165 0.0492, -1.25 0.8299 0.0492, -1.25 0.4165 0.0492, -1.5059 0.1903 0.3278, -1.25 0.1903 0.3278, -1.5059 0.1994 0.2705, -1.25 0.1994 0.2705, -1.5059 0.2228 0.2175, -1.25 0.2228 0.2175, -1.5059 0.2589 0.1722, -1.25 0.2589 0.1722, -1.5059 0.3053 0.1375, -1.25 0.3053 0.1375, -1.5059 0.3591 0.1157, -1.25 0.3591 0.1157, -1.5059 0.3441 0.0586, -1.5059 0.2763 0.086, -1.5059 0.2178 0.1298, -1.5059 0.1723 0.1869, -1.5059 0.1428 0.2538, -1.5059 0.1312 0.326, -1.25 0.3441 0.0586, -1.25 0.2763 0.086, -1.25 0.2178 0.1298, -1.25 0.1723 0.1869, -1.25 0.1428 0.2538, -1.25 0.1312 0.326, -1.5059 0.1309 2.2743, -1.25 0.1309 2.2743, -1.5059 0.0719 2.2725, -1.25 0.0719 2.2725, -1.5059 0.117 2.3614, -1.25 0.117 2.3614, -1.5059 0.0814 2.442, -1.25 0.0814 2.442, -1.5059 0.0265 2.5111, -1.25 0.0265 2.5111, -1.5059 -0.0442 2.5638, -1.25 -0.0442 2.5638, -1.5059 -0.1259 2.597, -1.25 -0.1259 2.597, -1.5059 -0.2134 2.6083, -1.25 -0.2134 2.6083, -1.5059 -0.2134 2.5492, -1.5059 -0.1409 2.5399, -1.5059 -0.0732 2.5124, -1.5059 -0.0146 2.4687, -1.5059 0.0309 2.4115, -1.5059 0.0604 2.3446, -1.25 -0.2134 2.5492, -1.25 -0.1409 2.5399, -1.25 -0.0732 2.5124, -1.25 -0.0146 2.4687, -1.25 0.0309 2.4115, -1.25 0.0604 2.3446, -1.25 -3.5992 1.6969, -1.25 -3.7961 1.6969, -1.25 -3.5992 1.6378, -1.25 -3.7961 1.6378, -1.5059 -3.5992 1.6378, -1.5059 -3.7961 1.6378, -1.5059 -3.5992 1.6969, -1.5059 -3.7961 1.6969, -1.25 -3.4335 1.5979, -1.25 -3.4066 1.6505, -1.25 -3.514 1.6277, -1.25 -3.5002 1.6851, -1.5059 -3.514 1.6277, -1.5059 -3.4335 1.5979, -1.5059 -3.5002 1.6851, -1.5059 -3.4066 1.6505, -1.25 -3.0476 1.4671, -1.25 -3.0745 1.4145, -1.5059 -3.0745 1.4145, -1.5059 -3.0476 1.4671, -1.25 -2.9702 1.438, -1.25 -2.9845 1.3807, -1.25 -2.8881 1.4272, -1.25 -2.8891 1.3682, -1.25 -2.8057 1.4352, -1.25 -2.7934 1.3775, -1.5059 -2.7934 1.3775, -1.5059 -2.8891 1.3682, -1.5059 -2.9845 1.3807, -1.5059 -2.8057 1.4352, -1.5059 -2.8881 1.4272, -1.5059 -2.9702 1.438, -1.25 -1.5581 1.7021, -1.25 -1.552 1.6732, -1.25 -1.552 1.643, -1.5059 -1.552 1.643, -1.5059 -1.552 1.6732, -1.5059 -1.5581 1.7021, -1.25 -1.552 1.7035, -1.5059 -1.552 1.7035, -0.5217 0.4165 0.1083, -0.2657 0.4165 0.1083, -0.5217 0.8299 0.1083, -0.2657 0.8299 0.1083, -0.5217 0.8299 0.0492, -0.5217 0.4165 0.0492, -0.2657 0.8299 0.0492, -0.2657 0.4165 0.0492, -0.5217 0.1903 0.3278, -0.2657 0.1903 0.3278, -0.5217 0.1994 0.2705, -0.2657 0.1994 0.2705, -0.5217 0.2228 0.2175, -0.2657 0.2228 0.2175, -0.5217 0.2589 0.1722, -0.2657 0.2589 0.1722, -0.5217 0.3053 0.1375, -0.2657 0.3053 0.1375, -0.5217 0.3591 0.1157, -0.2657 0.3591 0.1157, -0.5217 0.3441 0.0586, -0.5217 0.2763 0.086, -0.5217 0.2178 0.1298, -0.5217 0.1723 0.1869, -0.5217 0.1428 0.2538, -0.5217 0.1312 0.326, -0.2657 0.3441 0.0586, -0.2657 0.2763 0.086, -0.2657 0.2178 0.1298, -0.2657 0.1723 0.1869, -0.2657 0.1428 0.2538, -0.2657 0.1312 0.326, -0.5217 0.1309 2.2743, -0.2657 0.1309 2.2743, -0.5217 0.0719 2.2725, -0.2657 0.0719 2.2725, -0.5217 0.117 2.3614, -0.2657 0.117 2.3614, -0.5217 0.0814 2.442, -0.2657 0.0814 2.442, -0.5217 0.0265 2.5111, -0.2657 0.0265 2.5111, -0.5217 -0.0442 2.5638, -0.2657 -0.0442 2.5638, -0.5217 -0.1259 2.597, -0.2657 -0.1259 2.597, -0.5217 -0.2134 2.6083, -0.2657 -0.2134 2.6083, -0.5217 -0.2134 2.5492, -0.5217 -0.1409 2.5399, -0.5217 -0.0732 2.5124, -0.5217 -0.0146 2.4687, -0.5217 0.0309 2.4115, -0.5217 0.0604 2.3446, -0.2657 -0.2134 2.5492, -0.2657 -0.1409 2.5399, -0.2657 -0.0732 2.5124, -0.2657 -0.0146 2.4687, -0.2657 0.0309 2.4115, -0.2657 0.0604 2.3446, -0.2657 -3.5992 1.6969, -0.2657 -3.7961 1.6969, -0.2657 -3.5992 1.6378, -0.2657 -3.7961 1.6378, -0.5217 -3.5992 1.6378, -0.5217 -3.7961 1.6378, -0.5217 -3.5992 1.6969, -0.5217 -3.7961 1.6969, -0.2657 -3.4335 1.5979, -0.2657 -3.4066 1.6505, -0.2657 -3.514 1.6277, -0.2657 -3.5002 1.6851, -0.5217 -3.514 1.6277, -0.5217 -3.4335 1.5979, -0.5217 -3.5002 1.6851, -0.5217 -3.4066 1.6505, -0.2657 -3.0476 1.4671, -0.2657 -3.0745 1.4145, -0.5217 -3.0745 1.4145, -0.5217 -3.0476 1.4671, -0.2657 -2.9702 1.438, -0.2657 -2.9845 1.3807, -0.2657 -2.8881 1.4272, -0.2657 -2.8891 1.3682, -0.2657 -2.8057 1.4352, -0.2657 -2.7934 1.3775, -0.5217 -2.7934 1.3775, -0.5217 -2.8891 1.3682, -0.5217 -2.9845 1.3807, -0.5217 -2.8057 1.4352, -0.5217 -2.8881 1.4272, -0.5217 -2.9702 1.438, -0.2657 -1.5581 1.7021, -0.2657 -1.552 1.6732, -0.2657 -1.552 1.643, -0.5217 -1.552 1.643, -0.5217 -1.552 1.6732, -0.5217 -1.5581 1.7021, -0.2657 -1.552 1.7035, -0.5217 -1.552 1.7035, 0.2657 0.4165 0.1083, 0.5217 0.4165 0.1083, 0.2657 0.8299 0.1083, 0.5217 0.8299 0.1083, 0.2657 0.8299 0.0492, 0.2657 0.4165 0.0492, 0.5217 0.8299 0.0492, 0.5217 0.4165 0.0492, 0.2657 0.1903 0.3278, 0.5217 0.1903 0.3278, 0.2657 0.1994 0.2705, 0.5217 0.1994 0.2705, 0.2657 0.2228 0.2175, 0.5217 0.2228 0.2175, 0.2657 0.2589 0.1722, 0.5217 0.2589 0.1722, 0.2657 0.3053 0.1375, 0.5217 0.3053 0.1375, 0.2657 0.3591 0.1157, 0.5217 0.3591 0.1157, 0.2657 0.3441 0.0586, 0.2657 0.2763 0.086, 0.2657 0.2178 0.1298, 0.2657 0.1723 0.1869, 0.2657 0.1428 0.2538, 0.2657 0.1312 0.326, 0.5217 0.3441 0.0586, 0.5217 0.2763 0.086, 0.5217 0.2178 0.1298, 0.5217 0.1723 0.1869, 0.5217 0.1428 0.2538, 0.5217 0.1312 0.326, 0.2657 0.1309 2.2743, 0.5217 0.1309 2.2743, 0.2657 0.0719 2.2725, 0.5217 0.0719 2.2725, 0.2657 0.117 2.3614, 0.5217 0.117 2.3614, 0.2657 0.0814 2.442, 0.5217 0.0814 2.442, 0.2657 0.0265 2.5111, 0.5217 0.0265 2.5111, 0.2657 -0.0442 2.5638, 0.5217 -0.0442 2.5638, 0.2657 -0.1259 2.597, 0.5217 -0.1259 2.597, 0.2657 -0.2134 2.6083, 0.5217 -0.2134 2.6083, 0.2657 -0.2134 2.5492, 0.2657 -0.1409 2.5399, 0.2657 -0.0732 2.5124, 0.2657 -0.0146 2.4687, 0.2657 0.0309 2.4115, 0.2657 0.0604 2.3446, 0.5217 -0.2134 2.5492, 0.5217 -0.1409 2.5399, 0.5217 -0.0732 2.5124, 0.5217 -0.0146 2.4687, 0.5217 0.0309 2.4115, 0.5217 0.0604 2.3446, 0.5217 -3.5992 1.6969, 0.5217 -3.7961 1.6969, 0.5217 -3.5992 1.6378, 0.5217 -3.7961 1.6378, 0.2657 -3.5992 1.6378, 0.2657 -3.7961 1.6378, 0.2657 -3.5992 1.6969, 0.2657 -3.7961 1.6969, 0.5217 -3.4335 1.5979, 0.5217 -3.4066 1.6505, 0.5217 -3.514 1.6277, 0.5217 -3.5002 1.6851, 0.2657 -3.514 1.6277, 0.2657 -3.4335 1.5979, 0.2657 -3.5002 1.6851, 0.2657 -3.4066 1.6505, 0.5217 -3.0476 1.4671, 0.5217 -3.0745 1.4145, 0.2657 -3.0745 1.4145, 0.2657 -3.0476 1.4671, 0.5217 -2.9702 1.438, 0.5217 -2.9845 1.3807, 0.5217 -2.8881 1.4272, 0.5217 -2.8891 1.3682, 0.5217 -2.8057 1.4352, 0.5217 -2.7934 1.3775, 0.2657 -2.7934 1.3775, 0.2657 -2.8891 1.3682, 0.2657 -2.9845 1.3807, 0.2657 -2.8057 1.4352, 0.2657 -2.8881 1.4272, 0.2657 -2.9702 1.438, 0.5217 -1.5581 1.7021, 0.5217 -1.552 1.6732, 0.5217 -1.552 1.643, 0.2657 -1.552 1.643, 0.2657 -1.552 1.6732, 0.2657 -1.5581 1.7021, 0.5217 -1.552 1.7035, 0.2657 -1.552 1.7035, 1.25 0.4165 0.1083, 1.5059 0.4165 0.1083, 1.25 0.8299 0.1083, 1.5059 0.8299 0.1083, 1.25 0.8299 0.0492, 1.25 0.4165 0.0492, 1.5059 0.8299 0.0492, 1.5059 0.4165 0.0492, 1.25 0.1903 0.3278, 1.5059 0.1903 0.3278, 1.25 0.1994 0.2705, 1.5059 0.1994 0.2705, 1.25 0.2228 0.2175, 1.5059 0.2228 0.2175, 1.25 0.2589 0.1722, 1.5059 0.2589 0.1722, 1.25 0.3053 0.1375, 1.5059 0.3053 0.1375, 1.25 0.3591 0.1157, 1.5059 0.3591 0.1157, 1.25 0.3441 0.0586, 1.25 0.2763 0.086, 1.25 0.2178 0.1298, 1.25 0.1723 0.1869, 1.25 0.1428 0.2538, 1.25 0.1312 0.326, 1.5059 0.3441 0.0586, 1.5059 0.2763 0.086, 1.5059 0.2178 0.1298, 1.5059 0.1723 0.1869, 1.5059 0.1428 0.2538, 1.5059 0.1312 0.326, 1.25 0.1309 2.2743, 1.5059 0.1309 2.2743, 1.25 0.0719 2.2725, 1.5059 0.0719 2.2725, 1.25 0.117 2.3614, 1.5059 0.117 2.3614, 1.25 0.0814 2.442, 1.5059 0.0814 2.442, 1.25 0.0265 2.5111, 1.5059 0.0265 2.5111, 1.25 -0.0442 2.5638, 1.5059 -0.0442 2.5638, 1.25 -0.1259 2.597, 1.5059 -0.1259 2.597, 1.25 -0.2134 2.6083, 1.5059 -0.2134 2.6083, 1.25 -0.2134 2.5492, 1.25 -0.1409 2.5399, 1.25 -0.0732 2.5124, 1.25 -0.0146 2.4687, 1.25 0.0309 2.4115, 1.25 0.0604 2.3446, 1.5059 -0.2134 2.5492, 1.5059 -0.1409 2.5399, 1.5059 -0.0732 2.5124, 1.5059 -0.0146 2.4687, 1.5059 0.0309 2.4115, 1.5059 0.0604 2.3446, 1.5059 -3.5992 1.6969, 1.5059 -3.7961 1.6969, 1.5059 -3.5992 1.6378, 1.5059 -3.7961 1.6378, 1.25 -3.5992 1.6378, 1.25 -3.7961 1.6378, 1.25 -3.5992 1.6969, 1.25 -3.7961 1.6969, 1.5059 -3.4335 1.5979, 1.5059 -3.4066 1.6505, 1.5059 -3.514 1.6277, 1.5059 -3.5002 1.6851, 1.25 -3.514 1.6277, 1.25 -3.4335 1.5979, 1.25 -3.5002 1.6851, 1.25 -3.4066 1.6505, 1.5059 -3.0476 1.4671, 1.5059 -3.0745 1.4145, 1.25 -3.0745 1.4145, 1.25 -3.0476 1.4671, 1.5059 -2.9702 1.438, 1.5059 -2.9845 1.3807, 1.5059 -2.8881 1.4272, 1.5059 -2.8891 1.3682, 1.5059 -2.8057 1.4352, 1.5059 -2.7934 1.3775, 1.25 -2.7934 1.3775, 1.25 -2.8891 1.3682, 1.25 -2.9845 1.3807, 1.25 -2.8057 1.4352, 1.25 -2.8881 1.4272, 1.25 -2.9702 1.438, 1.5059 -1.5581 1.7021, 1.5059 -1.552 1.6732, 1.5059 -1.552 1.643, 1.25 -1.552 1.643, 1.25 -1.552 1.6732, 1.25 -1.5581 1.7021, 1.5059 -1.552 1.7035, 1.25 -1.552 1.7035
            ]
        }
        coordIndex [
            0,1,2,-1,2,1,3,-1,4,5,2,-1,2,5,0,-1,6,7,4,-1,4,7,5,-1,3,1,6,-1,6,1,7,-1,8,9,10,-1,10,9,11,-1,10,11,12,-1,12,11,13,-1,12,13,14,-1,14,13,15,-1,14,15,16,-1,16,15,17,-1,16,17,18,-1,18,17,19,-1,18,19,0,-1,0,19,1,-1,0,5,18,-1,18,5,20,-1,18,20,16,-1,16,20,21,-1,16,21,14,-1,14,21,22,-1,14,22,12,-1,12,22,23,-1,12,23,10,-1,10,23,24,-1,10,24,8,-1,8,24,25,-1,5,7,26,-1,5,26,20,-1,20,26,27,-1,20,27,21,-1,21,27,28,-1,21,28,22,-1,22,28,29,-1,22,29,23,-1,23,29,30,-1,23,30,24,-1,24,30,31,-1,24,31,25,-1,9,31,11,-1,11,31,30,-1,11,30,13,-1,13,30,29,-1,13,29,15,-1,15,29,28,-1,15,28,17,-1,17,28,27,-1,17,27,19,-1,19,27,26,-1,19,26,1,-1,1,26,7,-1,32,33,8,-1,8,33,9,-1,25,34,8,-1,8,34,32,-1,31,35,25,-1,25,35,34,-1,9,33,31,-1,31,33,35,-1,33,32,36,-1,33,36,37,-1,37,36,38,-1,37,38,39,-1,39,38,40,-1,39,40,41,-1,41,40,42,-1,41,42,43,-1,43,42,44,-1,43,44,45,-1,45,44,46,-1,45,46,47,-1,48,46,49,-1,49,46,44,-1,49,44,50,-1,50,44,42,-1,50,42,51,-1,51,42,40,-1,51,40,52,-1,52,40,38,-1,52,38,53,-1,53,38,36,-1,53,36,34,-1,34,36,32,-1,54,48,55,-1,55,48,49,-1,55,49,56,-1,56,49,50,-1,56,50,57,-1,57,50,51,-1,57,51,58,-1,58,51,52,-1,58,52,59,-1,59,52,53,-1,59,53,35,-1,35,53,34,-1,35,33,59,-1,59,33,37,-1,59,37,58,-1,58,37,39,-1,58,39,57,-1,57,39,41,-1,57,41,56,-1,56,41,43,-1,56,43,55,-1,55,43,45,-1,55,45,54,-1,54,45,47,-1,3,6,2,-1,2,6,4,-1,60,61,62,-1,62,61,63,-1,62,63,64,-1,64,63,65,-1,64,65,66,-1,66,65,67,-1,67,61,66,-1,66,61,60,-1,68,69,70,-1,70,69,71,-1,70,71,62,-1,62,71,60,-1,62,64,70,-1,70,64,72,-1,70,72,68,-1,68,72,73,-1,64,66,72,-1,72,66,74,-1,72,74,73,-1,73,74,75,-1,69,75,74,-1,69,74,71,-1,71,74,66,-1,71,66,60,-1,76,69,77,-1,77,69,68,-1,77,68,78,-1,78,68,73,-1,78,73,79,-1,79,73,75,-1,75,69,79,-1,79,69,76,-1,76,77,80,-1,80,77,81,-1,80,81,82,-1,82,81,83,-1,82,83,84,-1,84,83,85,-1,86,85,83,-1,86,83,87,-1,87,83,81,-1,87,81,88,-1,88,81,77,-1,88,77,78,-1,89,86,90,-1,90,86,87,-1,90,87,91,-1,91,87,88,-1,91,88,79,-1,79,88,78,-1,79,76,91,-1,91,76,80,-1,91,80,90,-1,90,80,82,-1,90,82,89,-1,89,82,84,-1,92,84,93,-1,93,84,85,-1,93,85,94,-1,94,85,95,-1,95,85,86,-1,95,86,96,-1,96,86,89,-1,96,89,97,-1,89,84,97,-1,97,84,92,-1,93,98,92,-1,99,96,97,-1,97,92,99,-1,99,92,98,-1,100,101,102,-1,102,101,103,-1,104,105,102,-1,102,105,100,-1,106,107,104,-1,104,107,105,-1,103,101,106,-1,106,101,107,-1,108,109,110,-1,110,109,111,-1,110,111,112,-1,112,111,113,-1,112,113,114,-1,114,113,115,-1,114,115,116,-1,116,115,117,-1,116,117,118,-1,118,117,119,-1,118,119,100,-1,100,119,101,-1,100,105,118,-1,118,105,120,-1,118,120,116,-1,116,120,121,-1,116,121,114,-1,114,121,122,-1,114,122,112,-1,112,122,123,-1,112,123,110,-1,110,123,124,-1,110,124,108,-1,108,124,125,-1,105,107,126,-1,105,126,120,-1,120,126,127,-1,120,127,121,-1,121,127,128,-1,121,128,122,-1,122,128,129,-1,122,129,123,-1,123,129,130,-1,123,130,124,-1,124,130,131,-1,124,131,125,-1,109,131,111,-1,111,131,130,-1,111,130,113,-1,113,130,129,-1,113,129,115,-1,115,129,128,-1,115,128,117,-1,117,128,127,-1,117,127,119,-1,119,127,126,-1,119,126,101,-1,101,126,107,-1,132,133,108,-1,108,133,109,-1,125,134,108,-1,108,134,132,-1,131,135,125,-1,125,135,134,-1,109,133,131,-1,131,133,135,-1,133,132,136,-1,133,136,137,-1,137,136,138,-1,137,138,139,-1,139,138,140,-1,139,140,141,-1,141,140,142,-1,141,142,143,-1,143,142,144,-1,143,144,145,-1,145,144,146,-1,145,146,147,-1,148,146,149,-1,149,146,144,-1,149,144,150,-1,150,144,142,-1,150,142,151,-1,151,142,140,-1,151,140,152,-1,152,140,138,-1,152,138,153,-1,153,138,136,-1,153,136,134,-1,134,136,132,-1,154,148,155,-1,155,148,149,-1,155,149,156,-1,156,149,150,-1,156,150,157,-1,157,150,151,-1,157,151,158,-1,158,151,152,-1,158,152,159,-1,159,152,153,-1,159,153,135,-1,135,153,134,-1,135,133,159,-1,159,133,137,-1,159,137,158,-1,158,137,139,-1,158,139,157,-1,157,139,141,-1,157,141,156,-1,156,141,143,-1,156,143,155,-1,155,143,145,-1,155,145,154,-1,154,145,147,-1,103,106,102,-1,102,106,104,-1,160,161,162,-1,162,161,163,-1,162,163,164,-1,164,163,165,-1,164,165,166,-1,166,165,167,-1,167,161,166,-1,166,161,160,-1,168,169,170,-1,170,169,171,-1,170,171,162,-1,162,171,160,-1,162,164,170,-1,170,164,172,-1,170,172,168,-1,168,172,173,-1,164,166,172,-1,172,166,174,-1,172,174,173,-1,173,174,175,-1,169,175,174,-1,169,174,171,-1,171,174,166,-1,171,166,160,-1,176,169,177,-1,177,169,168,-1,177,168,178,-1,178,168,173,-1,178,173,179,-1,179,173,175,-1,175,169,179,-1,179,169,176,-1,176,177,180,-1,180,177,181,-1,180,181,182,-1,182,181,183,-1,182,183,184,-1,184,183,185,-1,186,185,183,-1,186,183,187,-1,187,183,181,-1,187,181,188,-1,188,181,177,-1,188,177,178,-1,189,186,190,-1,190,186,187,-1,190,187,191,-1,191,187,188,-1,191,188,179,-1,179,188,178,-1,179,176,191,-1,191,176,180,-1,191,180,190,-1,190,180,182,-1,190,182,189,-1,189,182,184,-1,192,184,193,-1,193,184,185,-1,193,185,194,-1,194,185,195,-1,195,185,186,-1,195,186,196,-1,196,186,189,-1,196,189,197,-1,189,184,197,-1,197,184,192,-1,193,198,192,-1,199,196,197,-1,197,192,199,-1,199,192,198,-1,200,201,202,-1,202,201,203,-1,204,205,202,-1,202,205,200,-1,206,207,204,-1,204,207,205,-1,203,201,206,-1,206,201,207,-1,208,209,210,-1,210,209,211,-1,210,211,212,-1,212,211,213,-1,212,213,214,-1,214,213,215,-1,214,215,216,-1,216,215,217,-1,216,217,218,-1,218,217,219,-1,218,219,200,-1,200,219,201,-1,200,205,218,-1,218,205,220,-1,218,220,216,-1,216,220,221,-1,216,221,214,-1,214,221,222,-1,214,222,212,-1,212,222,223,-1,212,223,210,-1,210,223,224,-1,210,224,208,-1,208,224,225,-1,205,207,226,-1,205,226,220,-1,220,226,227,-1,220,227,221,-1,221,227,228,-1,221,228,222,-1,222,228,229,-1,222,229,223,-1,223,229,230,-1,223,230,224,-1,224,230,231,-1,224,231,225,-1,209,231,211,-1,211,231,230,-1,211,230,213,-1,213,230,229,-1,213,229,215,-1,215,229,228,-1,215,228,217,-1,217,228,227,-1,217,227,219,-1,219,227,226,-1,219,226,201,-1,201,226,207,-1,232,233,208,-1,208,233,209,-1,225,234,208,-1,208,234,232,-1,231,235,225,-1,225,235,234,-1,209,233,231,-1,231,233,235,-1,233,232,236,-1,233,236,237,-1,237,236,238,-1,237,238,239,-1,239,238,240,-1,239,240,241,-1,241,240,242,-1,241,242,243,-1,243,242,244,-1,243,244,245,-1,245,244,246,-1,245,246,247,-1,248,246,249,-1,249,246,244,-1,249,244,250,-1,250,244,242,-1,250,242,251,-1,251,242,240,-1,251,240,252,-1,252,240,238,-1,252,238,253,-1,253,238,236,-1,253,236,234,-1,234,236,232,-1,254,248,255,-1,255,248,249,-1,255,249,256,-1,256,249,250,-1,256,250,257,-1,257,250,251,-1,257,251,258,-1,258,251,252,-1,258,252,259,-1,259,252,253,-1,259,253,235,-1,235,253,234,-1,235,233,259,-1,259,233,237,-1,259,237,258,-1,258,237,239,-1,258,239,257,-1,257,239,241,-1,257,241,256,-1,256,241,243,-1,256,243,255,-1,255,243,245,-1,255,245,254,-1,254,245,247,-1,203,206,202,-1,202,206,204,-1,260,261,262,-1,262,261,263,-1,262,263,264,-1,264,263,265,-1,264,265,266,-1,266,265,267,-1,267,261,266,-1,266,261,260,-1,268,269,270,-1,270,269,271,-1,270,271,262,-1,262,271,260,-1,262,264,270,-1,270,264,272,-1,270,272,268,-1,268,272,273,-1,264,266,272,-1,272,266,274,-1,272,274,273,-1,273,274,275,-1,269,275,274,-1,269,274,271,-1,271,274,266,-1,271,266,260,-1,276,269,277,-1,277,269,268,-1,277,268,278,-1,278,268,273,-1,278,273,279,-1,279,273,275,-1,275,269,279,-1,279,269,276,-1,276,277,280,-1,280,277,281,-1,280,281,282,-1,282,281,283,-1,282,283,284,-1,284,283,285,-1,286,285,283,-1,286,283,287,-1,287,283,281,-1,287,281,288,-1,288,281,277,-1,288,277,278,-1,289,286,290,-1,290,286,287,-1,290,287,291,-1,291,287,288,-1,291,288,279,-1,279,288,278,-1,279,276,291,-1,291,276,280,-1,291,280,290,-1,290,280,282,-1,290,282,289,-1,289,282,284,-1,292,284,293,-1,293,284,285,-1,293,285,294,-1,294,285,295,-1,295,285,286,-1,295,286,296,-1,296,286,289,-1,296,289,297,-1,289,284,297,-1,297,284,292,-1,293,298,292,-1,299,296,297,-1,297,292,299,-1,299,292,298,-1,300,301,302,-1,302,301,303,-1,304,305,302,-1,302,305,300,-1,306,307,304,-1,304,307,305,-1,303,301,306,-1,306,301,307,-1,308,309,310,-1,310,309,311,-1,310,311,312,-1,312,311,313,-1,312,313,314,-1,314,313,315,-1,314,315,316,-1,316,315,317,-1,316,317,318,-1,318,317,319,-1,318,319,300,-1,300,319,301,-1,300,305,318,-1,318,305,320,-1,318,320,316,-1,316,320,321,-1,316,321,314,-1,314,321,322,-1,314,322,312,-1,312,322,323,-1,312,323,310,-1,310,323,324,-1,310,324,308,-1,308,324,325,-1,305,307,326,-1,305,326,320,-1,320,326,327,-1,320,327,321,-1,321,327,328,-1,321,328,322,-1,322,328,329,-1,322,329,323,-1,323,329,330,-1,323,330,324,-1,324,330,331,-1,324,331,325,-1,309,331,311,-1,311,331,330,-1,311,330,313,-1,313,330,329,-1,313,329,315,-1,315,329,328,-1,315,328,317,-1,317,328,327,-1,317,327,319,-1,319,327,326,-1,319,326,301,-1,301,326,307,-1,332,333,308,-1,308,333,309,-1,325,334,308,-1,308,334,332,-1,331,335,325,-1,325,335,334,-1,309,333,331,-1,331,333,335,-1,333,332,336,-1,333,336,337,-1,337,336,338,-1,337,338,339,-1,339,338,340,-1,339,340,341,-1,341,340,342,-1,341,342,343,-1,343,342,344,-1,343,344,345,-1,345,344,346,-1,345,346,347,-1,348,346,349,-1,349,346,344,-1,349,344,350,-1,350,344,342,-1,350,342,351,-1,351,342,340,-1,351,340,352,-1,352,340,338,-1,352,338,353,-1,353,338,336,-1,353,336,334,-1,334,336,332,-1,354,348,355,-1,355,348,349,-1,355,349,356,-1,356,349,350,-1,356,350,357,-1,357,350,351,-1,357,351,358,-1,358,351,352,-1,358,352,359,-1,359,352,353,-1,359,353,335,-1,335,353,334,-1,335,333,359,-1,359,333,337,-1,359,337,358,-1,358,337,339,-1,358,339,357,-1,357,339,341,-1,357,341,356,-1,356,341,343,-1,356,343,355,-1,355,343,345,-1,355,345,354,-1,354,345,347,-1,303,306,302,-1,302,306,304,-1,360,361,362,-1,362,361,363,-1,362,363,364,-1,364,363,365,-1,364,365,366,-1,366,365,367,-1,367,361,366,-1,366,361,360,-1,368,369,370,-1,370,369,371,-1,370,371,362,-1,362,371,360,-1,362,364,370,-1,370,364,372,-1,370,372,368,-1,368,372,373,-1,364,366,372,-1,372,366,374,-1,372,374,373,-1,373,374,375,-1,369,375,374,-1,369,374,371,-1,371,374,366,-1,371,366,360,-1,376,369,377,-1,377,369,368,-1,377,368,378,-1,378,368,373,-1,378,373,379,-1,379,373,375,-1,375,369,379,-1,379,369,376,-1,376,377,380,-1,380,377,381,-1,380,381,382,-1,382,381,383,-1,382,383,384,-1,384,383,385,-1,386,385,383,-1,386,383,387,-1,387,383,381,-1,387,381,388,-1,388,381,377,-1,388,377,378,-1,389,386,390,-1,390,386,387,-1,390,387,391,-1,391,387,388,-1,391,388,379,-1,379,388,378,-1,379,376,391,-1,391,376,380,-1,391,380,390,-1,390,380,382,-1,390,382,389,-1,389,382,384,-1,392,384,393,-1,393,384,385,-1,393,385,394,-1,394,385,395,-1,395,385,386,-1,395,386,396,-1,396,386,389,-1,396,389,397,-1,389,384,397,-1,397,384,392,-1,393,398,392,-1,399,396,397,-1,397,392,399,-1,399,392,398,-1,
        ]
    }
}
Shape{
    appearance Appearance {
        material  Material 	{
            diffuseColor 0.6470588235294118 0.6196078431372549 0.5882352941176471
            specularColor 0.45098039215686275 0.43529411764705883 0.4117647058823529
            ambientIntensity 0.6242
            transparency 0.0
            shininess 0.5
        }
    }
    geometry IndexedFaceSet {
        ccw TRUE
        solid FALSE
        coord DEF co Coordinate {
            point [
                -0.3726 -4.5926 0.5236, -0.4308 -4.4387 0.5236, -0.4308 -4.2757 0.5236, -0.6574 -3.2572 0.5236, -0.6412 -3.1492 0.5236, -0.4308 -3.1492 0.5236, 0.5761 -4.2777 0.5236, 0.5761 -4.558 0.5236, 0.4571 -4.558 0.5236, 2.185 -4.7134 0.5236, 2.185 -4.7213 0.5236, 1.6288 -4.352 0.5236, 0.2696 -4.3084 0.5236, 0.3007 -4.3119 0.5236, 0.2015 -4.5448 0.5236, 0.1652 -4.2757 0.5236, 0.1959 -4.5417 0.5236, 0.1652 -4.7213 0.5236, 0.1959 -4.5763 0.5236, 0.2295 -4.5901 0.5236, 0.2314 -4.3134 0.5236, 0.1959 -4.3285 0.5236, 0.1959 -4.2863 0.5236, 0.3519 -4.5819 0.5236, 0.3772 -4.5657 0.5236, 0.4436 -4.7213 0.5236, 0.4009 -4.5408 0.5236, 0.4177 -4.5109 0.5236, 0.4136 -4.3606 0.5236, 0.3951 -4.3312 0.5236, 0.4436 -4.2757 0.5236, 0.3667 -4.3038 0.5236, 0.3368 -4.2866 0.5236, 0.3242 -4.3204 0.5236, 0.346 -4.335 0.5236, 0.3651 -4.356 0.5236, 0.3879 -4.4385 0.5236, 0.3848 -4.4726 0.5236, 0.3762 -4.4997 0.5236, 0.3061 -4.5586 0.5236, 0.2767 -4.5619 0.5236, 0.3291 -4.5501 0.5236, 0.3484 -4.5371 0.5236, 0.3632 -4.5215 0.5236, 0.2349 -4.5572 0.5236, 0.378 -4.3803 0.5236, 0.3864 -4.414 0.5236, 0.2739 -4.5963 0.5236, 0.2826 -4.5965 0.5236, 0.3214 -4.5924 0.5236, 0.4271 -4.4775 0.5236, 0.4302 -4.4411 0.5236, 0.4257 -4.3963 0.5236, 0.2935 -4.2757 0.5236, 0.27 -4.2738 0.5236, 0.1652 -3.1492 0.5236, 0.2422 -4.2757 0.5236, 0.2323 -4.2764 0.5236, 1.6634 -3.5492 0.5236, 2.3425 -3.1492 0.5236, 1.6634 -4.2685 0.5236, 2.3425 -4.2757 0.5236, 1.6624 -4.2757 0.5236, 1.6043 -4.3708 0.5236, 1.236 -4.7213 0.5236, 1.5453 -4.3866 0.5236, 1.5758 -4.3826 0.5236, 2.315 -4.5835 0.5236, 2.2813 -4.5879 0.5236, 1.6594 -4.2991 0.5236, 2.3425 -4.5835 0.5236, 2.25 -4.6009 0.5236, 2.2231 -4.6215 0.5236, 1.6476 -4.3276 0.5236, 2.2024 -4.6484 0.5236, 2.1895 -4.6798 0.5236, 0.6184 -4.5926 0.5236, 0.4571 -4.5926 0.5236, 0.7137 -4.352 0.5236, 0.7382 -4.3708 0.5236, 0.6801 -4.2757 0.5236, 0.6184 -4.2777 0.5236, 0.6832 -4.2991 0.5236, 0.695 -4.3276 0.5236, 0.7667 -4.3826 0.5236, 0.7972 -4.3866 0.5236, 1.236 -4.3866 0.5236, 0.6412 -3.1492 0.5236, 0.6574 -3.2572 0.5236, 0.4436 -3.1492 0.5236, 0.6791 -3.5492 0.5236, 0.6791 -4.2685 0.5236, 0.4436 -1.552 0.5236, 0.5862 -2.0245 0.5236, 0.5622 -2.0286 0.5236, 0.6653 -2.0684 0.5236, 0.6498 -2.0509 0.5236, 1.236 -1.552 0.5236, 0.6308 -2.0373 0.5236, 0.6093 -2.0283 0.5236, 0.5398 -2.0383 0.5236, 0.5204 -2.053 0.5236, 0.5049 -2.0718 0.5236, 0.838 -3.1492 0.5236, 0.6824 -2.1116 0.5236, 0.6763 -2.089 0.5236, 0.4944 -2.0938 0.5236, 0.4894 -2.1176 0.5236, 0.4901 -2.142 0.5236, 1.236 -3.1492 0.5236, 1.236 -3.4024 0.5236, 0.876 -3.4024 0.5236, 1.8532 -2.1176 0.5236, 1.8481 -2.0938 0.5236, 2.3425 -1.552 0.5236, 1.8376 -2.0718 0.5236, 1.8221 -2.053 0.5236, 1.8027 -2.0383 0.5236, 1.7803 -2.0286 0.5236, 1.7563 -2.0245 0.5236, 1.7333 -2.0283 0.5236, 1.7117 -2.0373 0.5236, 1.6927 -2.0509 0.5236, 1.6773 -2.0684 0.5236, 1.4665 -3.4024 0.5236, 1.5045 -3.1492 0.5236, 1.6602 -2.1116 0.5236, 1.6662 -2.089 0.5236, 1.6852 -3.2572 0.5236, 1.7014 -3.1492 0.5236, 1.8524 -2.142 0.5236, -0.6498 -2.0509 0.5236, -0.6653 -2.0684 0.5236, -2.3425 -1.552 0.5236, -0.5049 -2.0718 0.5236, -0.5204 -2.053 0.5236, -0.4308 -1.552 0.5236, -0.5398 -2.0383 0.5236, -0.5622 -2.0286 0.5236, -0.5862 -2.0245 0.5236, -0.6093 -2.0283 0.5236, -0.6308 -2.0373 0.5236, -0.4901 -2.142 0.5236, -0.4894 -2.1176 0.5236, -0.4944 -2.0938 0.5236, -1.7803 -2.0286 0.5236, -1.8027 -2.0383 0.5236, -1.8221 -2.053 0.5236, -1.8376 -2.0718 0.5236, -1.8481 -2.0938 0.5236, -1.7014 -3.1492 0.5236, -2.3425 -3.1492 0.5236, -1.8524 -2.142 0.5236, -1.8532 -2.1176 0.5236, -1.6662 -2.089 0.5236, -1.6773 -2.0684 0.5236, -1.6927 -2.0509 0.5236, -1.7117 -2.0373 0.5236, -1.7333 -2.0283 0.5236, -1.7563 -2.0245 0.5236, -0.6763 -2.089 0.5236, -0.6824 -2.1116 0.5236, -1.6602 -2.1116 0.5236, -1.5045 -3.1492 0.5236, -0.838 -3.1492 0.5236, -0.876 -3.4024 0.5236, -1.4665 -3.4024 0.5236, -0.6801 -4.2757 0.5236, -0.6791 -4.2685 0.5236, -0.6791 -3.5492 0.5236, -0.6107 -4.5926 0.5236, -0.4308 -4.7213 0.5236, -0.6568 -4.5926 0.5236, -2.185 -4.7213 0.5236, -0.5788 -4.5043 0.5236, -0.4487 -4.5043 0.5236, -0.4308 -4.5571 0.5236, -0.4916 -4.2777 0.5236, -0.5339 -4.2777 0.5236, -0.6832 -4.2991 0.5236, -2.315 -4.5835 0.5236, -2.3425 -4.5835 0.5236, -2.3425 -4.2757 0.5236, -2.185 -4.7134 0.5236, -1.6043 -4.3708 0.5236, -2.1895 -4.6798 0.5236, -1.6288 -4.352 0.5236, -2.25 -4.6009 0.5236, -1.6624 -4.2757 0.5236, -1.6594 -4.2991 0.5236, -2.2813 -4.5879 0.5236, -0.7667 -4.3826 0.5236, -0.7382 -4.3708 0.5236, -0.7137 -4.352 0.5236, -0.695 -4.3276 0.5236, -1.6476 -4.3276 0.5236, -2.2024 -4.6484 0.5236, -2.2231 -4.6215 0.5236, -1.5758 -4.3826 0.5236, -1.5453 -4.3866 0.5236, -0.7972 -4.3866 0.5236, -1.6852 -3.2572 0.5236, -1.6634 -3.5492 0.5236, -1.6634 -4.2685 0.5236, 0.1652 -1.552 0.5236, 0.3016 -4.2764 0.5236, -0.3611 -1.552 0.5236, -0.3611 -3.1492 0.5236, -0.3611 -4.2757 0.5236, -0.3611 -4.7213 0.5236, -0.4187 -4.5926 0.5236, -0.096 -4.2777 0.5236, -0.0653 -4.2757 0.5236, -0.096 -4.5926 0.5236, -0.0653 -4.7213 0.5236, -0.2898 -4.5593 0.5236, -0.3157 -4.5345 0.5236, -0.3338 -4.5063 0.5236, -0.1849 -4.2777 0.5236, -0.2304 -4.2825 0.5236, -0.2673 -4.2955 0.5236, -0.3015 -4.3184 0.5236, -0.0653 -1.552 0.5236, -0.0653 -3.1492 0.5236, -0.3019 -4.3187 0.5236, -0.3241 -4.3434 0.5236, -0.3388 -4.3705 0.5236, -0.3472 -4.4015 0.5236, -0.3495 -4.4312 0.5236, -0.3451 -4.4733 0.5236, -0.2569 -4.5784 0.5236, -0.2206 -4.5892 0.5236, -0.1817 -4.5926 0.5236, -0.0269 -4.2777 0.5236, -0.0269 -4.3122 0.5236, -0.0346 -4.558 0.5236, -0.0346 -4.5926 0.5236, 0.1344 -4.5926 0.5236, 0.1344 -4.2777 0.5236, 0.0922 -4.4505 0.5236, 0.0922 -4.558 0.5236, -0.0192 -4.4505 0.5236, -0.0192 -4.4159 0.5236, 0.0922 -4.4159 0.5236, 0.0922 -4.3122 0.5236, 2.6357 -0.7646 0.0277, 2.6772 -0.7646 0.0205, 2.6969 -1.1583 0.0197, 2.6947 -0.7626 0.0197, 2.6969 -0.7621 0.0197, 2.6357 -1.1583 0.0277, 2.5787 -1.1583 0.0513, 2.5787 -0.7646 0.0513, 2.5298 -1.1583 0.0889, 2.5298 -0.7646 0.0889, 2.4923 -1.1583 0.1378, 2.4923 -0.7646 0.1378, 2.4741 -0.7646 0.1772, 2.4606 -0.6858 0.2559, 2.4606 -0.7033 0.2539, 2.4606 -1.1583 0.2559, 2.4608 -0.72 0.2481, 2.4613 -0.7349 0.2387, 2.4625 -0.7474 0.2263, 2.4649 -0.7568 0.2113, 2.4687 -1.1583 0.1948, 2.4687 -0.7626 0.1948, 2.4687 -0.7626 0.1947, 2.4657 0.0168 0.2073, 2.4639 0.0123 0.2165, 2.4606 0.4165 0.2559, 2.4626 0.0066 0.2251, 2.4618 -0.0002 0.2328, 2.4612 -0.0079 0.2396, 2.4609 -0.0165 0.2454, 2.4607 -0.0258 0.2499, 2.4606 -0.0355 0.2532, 2.4606 -0.0456 0.2552, 2.4606 -0.0559 0.2559, 2.4923 0.0228 0.1378, 2.4741 0.0228 0.1772, 2.4687 0.4165 0.1948, 2.4687 0.0208 0.1948, 2.468 0.0202 0.1975, 2.4923 0.4165 0.1378, 2.5298 0.4165 0.0889, 2.5298 0.0228 0.0889, 2.5787 0.4165 0.0513, 2.5787 0.0228 0.0513, 2.6357 0.4165 0.0277, 2.6969 0.0203 0.0197, 2.6947 0.0209 0.0197, 2.6969 0.4165 0.0197, 2.6772 0.0228 0.0205, 2.6357 0.0228 0.0277, 2.5828 -1.1583 0.2253, 2.5828 -0.7481 0.2253, 2.5787 -1.1583 0.2559, 2.5825 -0.7474 0.2263, 2.58 -0.7349 0.2387, 2.579 -0.72 0.2481, 2.5788 -0.7033 0.2539, 2.5787 -0.6858 0.2559, 2.6019 -0.7641 0.1857, 2.5946 -1.1583 0.1969, 2.6088 -0.7646 0.1772, 2.6133 -1.1583 0.1724, 2.596 -0.7625 0.1947, 2.5946 -0.7621 0.1969, 2.5875 -0.7568 0.2113, 2.6969 -1.1583 0.1378, 2.6969 -0.7621 0.1378, 2.6947 -0.7626 0.1378, 2.686 -0.7641 0.1383, 2.6772 -0.7646 0.1394, 2.6663 -1.1583 0.1418, 2.6663 -0.7646 0.1418, 2.6378 -1.1583 0.1536, 2.6378 -0.7646 0.1536, 2.6133 -0.7646 0.1724, 2.6772 0.0228 0.1394, 2.686 0.0223 0.1383, 2.6969 0.4165 0.1378, 2.6947 0.0207 0.1379, 2.6969 0.0203 0.1378, 2.6663 0.0228 0.1418, 2.6663 0.4165 0.1418, 2.6378 0.0228 0.1536, 2.6378 0.4165 0.1536, 2.6133 0.0228 0.1724, 2.6133 0.4165 0.1724, 2.6088 0.0228 0.1772, 2.5946 0.4165 0.1969, 2.6011 0.0223 0.1867, 2.5855 0.0123 0.2165, 2.5893 0.0169 0.2071, 2.5828 0.4165 0.2253, 2.5942 0.0201 0.1975, 2.5946 0.0203 0.1969, 2.5789 -0.0257 0.2499, 2.5792 -0.0165 0.2454, 2.5787 0.4165 0.2559, 2.5787 -0.0559 0.2559, 2.5787 -0.0456 0.2552, 2.5788 -0.0355 0.2532, 2.5799 -0.008 0.2396, 2.581 -0.0002 0.2328, 2.5828 0.0064 0.2253, 2.7387 -0.7349 0.0197, 2.7481 -0.72 0.0197, 3.189 -1.0795 0.0197, 3.1102 -1.1583 0.0197, 2.7113 0.015 0.0197, 3.1102 0.4165 0.0197, 2.7263 0.0057 0.0197, 3.1496 0.406 0.0197, 3.1659 0.3935 0.0197, 2.7387 -0.0068 0.0197, 3.1306 0.4139 0.0197, 3.1784 0.3772 0.0197, 3.1863 0.3582 0.0197, 2.7481 -0.0217 0.0197, 3.189 0.3378 0.0197, 2.7539 -0.0384 0.0197, 3.1863 -1.0999 0.0197, 3.1784 -1.1189 0.0197, 3.1659 -1.1352 0.0197, 2.7113 -0.7568 0.0197, 2.7263 -0.7474 0.0197, 3.1306 -1.1556 0.0197, 3.1496 -1.1477 0.0197, 2.7539 -0.7033 0.0197, 2.7559 -0.6858 0.0197, 2.7559 -0.0559 0.0197, 2.7387 -0.0068 0.1378, 2.7481 -0.0217 0.1378, 3.189 0.3378 0.1378, 3.1102 0.4165 0.1378, 2.7113 -0.7568 0.1378, 3.1102 -1.1583 0.1378, 2.7263 -0.7474 0.1378, 3.1863 0.3582 0.1378, 3.1784 0.3772 0.1378, 3.1659 0.3935 0.1378, 2.7113 0.015 0.1378, 2.7263 0.0057 0.1378, 3.1306 0.4139 0.1378, 3.1496 0.406 0.1378, 3.1496 -1.1477 0.1378, 3.1659 -1.1352 0.1378, 2.7387 -0.7349 0.1378, 2.7539 -0.0384 0.1378, 2.7559 -0.0559 0.1378, 3.189 -1.0795 0.1378, 2.7559 -0.6858 0.1378, 3.1306 -1.1556 0.1378, 2.7539 -0.7033 0.1378, 2.7481 -0.72 0.1378, 3.1863 -1.0999 0.1378, 3.1784 -1.1189 0.1378, -2.6772 -0.7646 0.1394, -2.686 -0.7641 0.1383, -2.6969 -1.1583 0.1378, -2.6947 -0.7625 0.1379, -2.6969 -0.7621 0.1378, -2.6663 -0.7646 0.1418, -2.6663 -1.1583 0.1418, -2.6378 -0.7646 0.1536, -2.6378 -1.1583 0.1536, -2.6133 -0.7646 0.1724, -2.6133 -1.1583 0.1724, -2.6088 -0.7646 0.1772, -2.5946 -1.1583 0.1969, -2.6011 -0.764 0.1867, -2.5855 -0.754 0.2165, -2.5893 -0.7586 0.2071, -2.5828 -1.1583 0.2253, -2.5942 -0.7618 0.1975, -2.5946 -0.7621 0.1969, -2.5789 -0.716 0.2499, -2.5792 -0.7252 0.2454, -2.5787 -1.1583 0.2559, -2.5787 -0.6858 0.2559, -2.5787 -0.6961 0.2552, -2.5788 -0.7062 0.2532, -2.5799 -0.7338 0.2396, -2.581 -0.7415 0.2328, -2.5828 -0.7481 0.2253, -2.5828 0.4165 0.2253, -2.5828 0.0064 0.2253, -2.5787 0.4165 0.2559, -2.5825 0.0057 0.2263, -2.58 -0.0068 0.2387, -2.579 -0.0217 0.2481, -2.5788 -0.0384 0.2539, -2.5787 -0.0559 0.2559, -2.6019 0.0224 0.1857, -2.5946 0.4165 0.1969, -2.6088 0.0228 0.1772, -2.6133 0.4165 0.1724, -2.596 0.0207 0.1947, -2.5946 0.0203 0.1969, -2.5875 0.015 0.2113, -2.6969 0.4165 0.1378, -2.6969 0.0203 0.1378, -2.6947 0.0209 0.1378, -2.686 0.0223 0.1383, -2.6772 0.0228 0.1394, -2.6663 0.4165 0.1418, -2.6663 0.0228 0.1418, -2.6378 0.4165 0.1536, -2.6378 0.0228 0.1536, -2.6133 0.0228 0.1724, -2.4657 -0.7586 0.2073, -2.4639 -0.754 0.2165, -2.4606 -1.1583 0.2559, -2.4626 -0.7483 0.2251, -2.4618 -0.7415 0.2328, -2.4612 -0.7338 0.2396, -2.4609 -0.7252 0.2454, -2.4607 -0.716 0.2499, -2.4606 -0.7062 0.2532, -2.4606 -0.6961 0.2552, -2.4606 -0.6858 0.2559, -2.4923 -0.7646 0.1378, -2.4741 -0.7646 0.1772, -2.4687 -1.1583 0.1948, -2.4687 -0.7626 0.1948, -2.468 -0.7619 0.1975, -2.4923 -1.1583 0.1378, -2.5298 -1.1583 0.0889, -2.5298 -0.7646 0.0889, -2.5787 -1.1583 0.0513, -2.5787 -0.7646 0.0513, -2.6357 -1.1583 0.0277, -2.6969 -0.7621 0.0197, -2.6947 -0.7626 0.0197, -2.6969 -1.1583 0.0197, -2.6772 -0.7646 0.0205, -2.6357 -0.7646 0.0277, -2.6357 0.0228 0.0277, -2.6772 0.0228 0.0205, -2.6969 0.4165 0.0197, -2.6947 0.0209 0.0197, -2.6969 0.0203 0.0197, -2.6357 0.4165 0.0277, -2.5787 0.4165 0.0513, -2.5787 0.0228 0.0513, -2.5298 0.4165 0.0889, -2.5298 0.0228 0.0889, -2.4923 0.4165 0.1378, -2.4923 0.0228 0.1378, -2.4741 0.0228 0.1772, -2.4606 -0.0559 0.2559, -2.4606 -0.0384 0.2539, -2.4606 0.4165 0.2559, -2.4608 -0.0217 0.2481, -2.4613 -0.0068 0.2387, -2.4625 0.0057 0.2263, -2.4649 0.015 0.2113, -2.4687 0.4165 0.1948, -2.4687 0.0208 0.1948, -2.4687 0.0209 0.1947, -2.7387 -0.7349 0.1378, -2.7481 -0.72 0.1378, -3.189 -1.0795 0.1378, -3.1102 -1.1583 0.1378, -2.7113 0.015 0.1378, -3.1102 0.4165 0.1378, -2.7263 0.0057 0.1378, -2.7387 -0.0068 0.1378, -3.1496 0.406 0.1378, -3.1659 0.3935 0.1378, -3.1306 0.4139 0.1378, -3.1784 0.3772 0.1378, -3.1863 0.3582 0.1378, -2.7481 -0.0217 0.1378, -3.189 0.3378 0.1378, -2.7539 -0.0384 0.1378, -3.1863 -1.0999 0.1378, -3.1784 -1.1189 0.1378, -3.1659 -1.1352 0.1378, -2.7113 -0.7568 0.1378, -2.7263 -0.7474 0.1378, -3.1306 -1.1556 0.1378, -3.1496 -1.1477 0.1378, -2.7539 -0.7033 0.1378, -2.7559 -0.6858 0.1378, -2.7559 -0.0559 0.1378, -2.7387 -0.0068 0.0197, -2.7481 -0.0217 0.0197, -3.189 0.3378 0.0197, -3.1102 0.4165 0.0197, -2.7113 -0.7568 0.0197, -3.1102 -1.1583 0.0197, -2.7263 -0.7474 0.0197, -3.1863 0.3582 0.0197, -3.1784 0.3772 0.0197, -3.1659 0.3935 0.0197, -2.7113 0.015 0.0197, -2.7263 0.0057 0.0197, -3.1306 0.4139 0.0197, -3.1496 0.406 0.0197, -3.1496 -1.1477 0.0197, -3.1659 -1.1352 0.0197, -2.7387 -0.7349 0.0197, -2.7539 -0.0384 0.0197, -2.7559 -0.0559 0.0197, -3.189 -1.0795 0.0197, -2.7559 -0.6858 0.0197, -3.1306 -1.1556 0.0197, -2.7539 -0.7033 0.0197, -2.7481 -0.72 0.0197, -3.1863 -1.0999 0.0197, -3.1784 -1.1189 0.0197, -2.5787 -1.4732 0.9173, -2.5787 -1.237 0.9173, -2.4606 -1.4732 0.9173, -2.4606 -1.237 0.9173, 2.4606 -1.4732 0.9173, 2.4606 -1.237 0.9173, 2.5787 -1.4732 0.9173, 2.5787 -1.237 0.9173, -2.185 -4.7134 2.7756, -2.185 -4.7213 2.7756, -1.6043 -4.3708 2.7756, 1.7333 -2.0283 2.7756, 0.5862 -2.0245 2.7756, 1.7117 -2.0373 2.7756, 0.6093 -2.0283 2.7756, 0.6308 -2.0373 2.7756, 0.6498 -2.0509 2.7756, 0.6653 -2.0684 2.7756, 1.6927 -2.0509 2.7756, -1.5758 -4.3826 2.7756, -0.6498 -2.0509 2.7756, -0.6308 -2.0373 2.7756, -2.3425 0.4165 2.7756, -0.4944 -2.0938 2.7756, -0.4894 -2.1176 2.7756, 2.3425 -4.5835 2.7756, 2.3425 0.4165 2.7756, 1.8532 -2.1176 2.7756, 1.8221 -2.053 2.7756, 1.8376 -2.0718 2.7756, 1.8481 -2.0938 2.7756, 1.8524 -2.142 2.7756, 1.6852 -3.2572 2.7756, 1.6634 -3.5492 2.7756, 1.6594 -4.2991 2.7756, 2.25 -4.6009 2.7756, 2.2813 -4.5879 2.7756, -0.6763 -2.089 2.7756, -1.7563 -2.0245 2.7756, -1.7333 -2.0283 2.7756, -1.6602 -2.1116 2.7756, -1.4665 -3.4024 2.7756, -0.876 -3.4024 2.7756, -0.6653 -2.0684 2.7756, -0.6093 -2.0283 2.7756, -0.5862 -2.0245 2.7756, -0.5622 -2.0286 2.7756, 0.876 -3.4024 2.7756, 1.4665 -3.4024 2.7756, 0.6824 -2.1116 2.7756, 1.6602 -2.1116 2.7756, 0.6763 -2.089 2.7756, 1.6662 -2.089 2.7756, 1.6773 -2.0684 2.7756, 2.185 -4.7213 2.7756, 2.185 -4.7134 2.7756, 1.6288 -4.352 2.7756, 2.1895 -4.6798 2.7756, 1.6476 -4.3276 2.7756, 2.2024 -4.6484 2.7756, 2.2231 -4.6215 2.7756, 1.6634 -4.2685 2.7756, 2.315 -4.5835 2.7756, -0.6832 -4.2991 2.7756, 0.7137 -4.352 2.7756, 0.695 -4.3276 2.7756, -0.695 -4.3276 2.7756, -0.7137 -4.352 2.7756, -0.7382 -4.3708 2.7756, -1.7117 -2.0373 2.7756, -1.6927 -2.0509 2.7756, -1.6773 -2.0684 2.7756, -1.6662 -2.089 2.7756, -0.6824 -2.1116 2.7756, -0.5398 -2.0383 2.7756, -0.5204 -2.053 2.7756, -0.5049 -2.0718 2.7756, -2.2813 -4.5879 2.7756, -2.315 -4.5835 2.7756, -2.3425 -4.5835 2.7756, 1.7563 -2.0245 2.7756, 1.7803 -2.0286 2.7756, 1.8027 -2.0383 2.7756, -1.8376 -2.0718 2.7756, -1.8221 -2.053 2.7756, 1.6043 -4.3708 2.7756, 1.5758 -4.3826 2.7756, 1.5453 -4.3866 2.7756, 0.6832 -4.2991 2.7756, 0.6791 -4.2685 2.7756, -0.6791 -4.2685 2.7756, 0.5049 -2.0718 2.7756, 0.5204 -2.053 2.7756, -1.8524 -2.142 2.7756, -1.8532 -2.1176 2.7756, -1.8481 -2.0938 2.7756, -1.8027 -2.0383 2.7756, -1.7803 -2.0286 2.7756, -2.1895 -4.6798 2.7756, -1.6288 -4.352 2.7756, -2.2024 -4.6484 2.7756, -1.6476 -4.3276 2.7756, -2.2231 -4.6215 2.7756, -1.6594 -4.2991 2.7756, -2.25 -4.6009 2.7756, 0.4944 -2.0938 2.7756, 0.5398 -2.0383 2.7756, 0.5622 -2.0286 2.7756, -0.7667 -4.3826 2.7756, -0.7972 -4.3866 2.7756, -1.5453 -4.3866 2.7756, -1.6634 -4.2685 2.7756, -1.6634 -3.5492 2.7756, -1.6852 -3.2572 2.7756, 0.7972 -4.3866 2.7756, 0.7667 -4.3826 2.7756, 0.7382 -4.3708 2.7756, -0.6791 -3.5492 2.7756, 0.6791 -3.5492 2.7756, -0.6574 -3.2572 2.7756, 0.6574 -3.2572 2.7756, -0.4901 -2.142 2.7756, 0.4901 -2.142 2.7756, 0.4894 -2.1176 2.7756, 1.6634 -4.2685 2.6575, 1.6634 -3.5492 2.6575, 2.25 -4.6009 2.6575, -2.185 -4.7134 2.6575, -2.1895 -4.6798 2.6575, -1.6043 -4.3708 2.6575, 0.6653 -2.0684 2.6575, 0.6498 -2.0509 2.6575, 1.6662 -2.089 2.6575, -2.3425 0.4165 2.6575, -1.7563 -2.0245 2.6575, -1.7803 -2.0286 2.6575, 2.3425 0.4165 2.6575, 1.8221 -2.053 2.6575, 1.8027 -2.0383 2.6575, -1.6288 -4.352 2.6575, 1.7803 -2.0286 2.6575, 1.7563 -2.0245 2.6575, 1.7333 -2.0283 2.6575, 0.6308 -2.0373 2.6575, 0.6093 -2.0283 2.6575, 0.5862 -2.0245 2.6575, 1.8532 -2.1176 2.6575, 1.8481 -2.0938 2.6575, 1.8376 -2.0718 2.6575, 0.6832 -4.2991 2.6575, 0.695 -4.3276 2.6575, -2.185 -4.7213 2.6575, 0.7137 -4.352 2.6575, 0.7382 -4.3708 2.6575, 1.5758 -4.3826 2.6575, 1.6043 -4.3708 2.6575, 2.185 -4.7213 2.6575, 1.6288 -4.352 2.6575, 2.185 -4.7134 2.6575, 1.7117 -2.0373 2.6575, 1.6927 -2.0509 2.6575, 1.6773 -2.0684 2.6575, 0.5622 -2.0286 2.6575, 0.5398 -2.0383 2.6575, -0.6308 -2.0373 2.6575, -0.6093 -2.0283 2.6575, -0.5862 -2.0245 2.6575, -1.8027 -2.0383 2.6575, -1.8221 -2.053 2.6575, -1.8376 -2.0718 2.6575, 2.3425 -4.5835 2.6575, 2.315 -4.5835 2.6575, 2.2813 -4.5879 2.6575, 1.8524 -2.142 2.6575, -1.8481 -2.0938 2.6575, -1.8532 -2.1176 2.6575, -2.3425 -4.5835 2.6575, -1.8524 -2.142 2.6575, -1.6852 -3.2572 2.6575, -2.25 -4.6009 2.6575, -2.2813 -4.5879 2.6575, -1.6594 -4.2991 2.6575, -2.315 -4.5835 2.6575, 1.4665 -3.4024 2.6575, 0.876 -3.4024 2.6575, 1.6602 -2.1116 2.6575, 0.6824 -2.1116 2.6575, 0.6763 -2.089 2.6575, -0.6498 -2.0509 2.6575, -0.6653 -2.0684 2.6575, -0.6763 -2.089 2.6575, -1.7333 -2.0283 2.6575, 1.6852 -3.2572 2.6575, -1.6634 -3.5492 2.6575, -1.6634 -4.2685 2.6575, -1.5758 -4.3826 2.6575, -1.5453 -4.3866 2.6575, -0.7137 -4.352 2.6575, -0.695 -4.3276 2.6575, -0.5049 -2.0718 2.6575, -0.5204 -2.053 2.6575, 0.4894 -2.1176 2.6575, 0.7667 -4.3826 2.6575, 0.7972 -4.3866 2.6575, 1.5453 -4.3866 2.6575, 0.5204 -2.053 2.6575, 0.5049 -2.0718 2.6575, 0.4944 -2.0938 2.6575, -1.6476 -4.3276 2.6575, -2.2024 -4.6484 2.6575, -2.2231 -4.6215 2.6575, -0.4944 -2.0938 2.6575, -0.5398 -2.0383 2.6575, -0.5622 -2.0286 2.6575, 1.6594 -4.2991 2.6575, 2.2231 -4.6215 2.6575, 1.6476 -4.3276 2.6575, 2.2024 -4.6484 2.6575, 2.1895 -4.6798 2.6575, -1.6773 -2.0684 2.6575, -1.6927 -2.0509 2.6575, -1.7117 -2.0373 2.6575, -0.7972 -4.3866 2.6575, -0.7667 -4.3826 2.6575, -0.7382 -4.3708 2.6575, -0.876 -3.4024 2.6575, -1.4665 -3.4024 2.6575, -0.6824 -2.1116 2.6575, -1.6602 -2.1116 2.6575, -1.6662 -2.089 2.6575, -0.6832 -4.2991 2.6575, -0.6791 -4.2685 2.6575, 0.6791 -4.2685 2.6575, 0.6791 -3.5492 2.6575, -0.6791 -3.5492 2.6575, 0.6574 -3.2572 2.6575, -0.6574 -3.2572 2.6575, 0.4901 -2.142 2.6575, -0.4901 -2.142 2.6575, -0.4894 -2.1176 2.6575, 1.6927 -2.0509 0.6417, 1.7117 -2.0373 0.6417, 0.5862 -2.0245 0.6417, 0.6093 -2.0283 0.6417, 0.6308 -2.0373 0.6417, 1.6662 -2.089 0.6417, 0.6498 -2.0509 0.6417, 0.6653 -2.0684 0.6417, 1.6773 -2.0684 0.6417, 1.8027 -2.0383 0.6417, 1.8221 -2.053 0.6417, 2.3425 -1.552 0.6417, 1.8376 -2.0718 0.6417, 0.6824 -2.1116 0.6417, 0.876 -3.4024 0.6417, 1.4665 -3.4024 0.6417, 1.6634 -4.2685 0.6417, 1.6594 -4.2991 0.6417, 2.25 -4.6009 0.6417, 1.6288 -4.352 0.6417, 1.6043 -4.3708 0.6417, 2.185 -4.7213 0.6417, 1.5758 -4.3826 0.6417, -1.5758 -4.3826 0.6417, -1.6043 -4.3708 0.6417, -2.185 -4.7213 0.6417, -0.6763 -2.089 0.6417, -0.6653 -2.0684 0.6417, -2.3425 -1.552 0.6417, -0.6498 -2.0509 0.6417, -0.6308 -2.0373 0.6417, -0.5398 -2.0383 0.6417, -0.5204 -2.053 0.6417, 1.8481 -2.0938 0.6417, 1.8532 -2.1176 0.6417, 1.8524 -2.142 0.6417, 0.6763 -2.089 0.6417, 1.6602 -2.1116 0.6417, 2.3425 -4.5835 0.6417, 2.315 -4.5835 0.6417, 2.2813 -4.5879 0.6417, 1.6852 -3.2572 0.6417, 1.6634 -3.5492 0.6417, -1.7563 -2.0245 0.6417, -1.7333 -2.0283 0.6417, -0.6093 -2.0283 0.6417, -0.5862 -2.0245 0.6417, -0.5622 -2.0286 0.6417, -1.6927 -2.0509 0.6417, -1.6773 -2.0684 0.6417, 2.185 -4.7134 0.6417, 2.1895 -4.6798 0.6417, 1.6476 -4.3276 0.6417, 2.2024 -4.6484 0.6417, 2.2231 -4.6215 0.6417, 0.7382 -4.3708 0.6417, 0.7137 -4.352 0.6417, 0.695 -4.3276 0.6417, 0.6832 -4.2991 0.6417, -1.7117 -2.0373 0.6417, -1.6602 -2.1116 0.6417, -1.4665 -3.4024 0.6417, -0.876 -3.4024 0.6417, 1.5453 -4.3866 0.6417, 0.7972 -4.3866 0.6417, 0.7667 -4.3826 0.6417, -1.5453 -4.3866 0.6417, -1.6662 -2.089 0.6417, -0.6824 -2.1116 0.6417, 1.7333 -2.0283 0.6417, 1.7563 -2.0245 0.6417, 1.7803 -2.0286 0.6417, -1.6634 -4.2685 0.6417, -2.3425 -4.5835 0.6417, -1.6594 -4.2991 0.6417, -2.315 -4.5835 0.6417, -2.2813 -4.5879 0.6417, 0.5049 -2.0718 0.6417, 0.5204 -2.053 0.6417, -0.4894 -2.1176 0.6417, 0.5398 -2.0383 0.6417, -1.8532 -2.1176 0.6417, -1.8481 -2.0938 0.6417, -1.8376 -2.0718 0.6417, -1.8221 -2.053 0.6417, -1.8027 -2.0383 0.6417, -1.7803 -2.0286 0.6417, -0.5049 -2.0718 0.6417, -0.4944 -2.0938 0.6417, 0.5622 -2.0286 0.6417, -0.6791 -4.2685 0.6417, -0.6832 -4.2991 0.6417, -0.695 -4.3276 0.6417, -0.7137 -4.352 0.6417, -0.7382 -4.3708 0.6417, -0.7667 -4.3826 0.6417, -0.7972 -4.3866 0.6417, -2.25 -4.6009 0.6417, -2.2231 -4.6215 0.6417, -1.6476 -4.3276 0.6417, -2.2024 -4.6484 0.6417, -1.6288 -4.352 0.6417, -2.1895 -4.6798 0.6417, -2.185 -4.7134 0.6417, -1.6634 -3.5492 0.6417, -1.6852 -3.2572 0.6417, -1.8524 -2.142 0.6417, 0.4901 -2.142 0.6417, 0.4894 -2.1176 0.6417, 0.4944 -2.0938 0.6417, 0.6791 -4.2685 0.6417, 0.6791 -3.5492 0.6417, -0.6791 -3.5492 0.6417, 0.6574 -3.2572 0.6417, -0.6574 -3.2572 0.6417, -0.4901 -2.142 0.6417, 2.3731 -4.5835 0.6458, 2.4037 -4.5835 0.5317, 2.4016 -4.5835 0.6576, 2.4606 -4.5835 0.5553, 2.426 -4.5835 0.6763, 2.5096 -4.5835 0.5928, 2.4448 -4.5835 0.7008, 2.5471 -4.5835 0.6417, 2.4566 -4.5835 0.7293, 2.5707 -4.5835 0.6987, 2.4606 -4.5835 0.7598, 2.5787 -4.5835 0.7598, 2.4606 -4.5835 0.7874, 2.5787 -4.5835 0.7874, -2.4606 -4.5835 0.7874, -2.5787 -4.5835 0.7874, -2.4606 -4.5835 0.7598, -2.5787 -4.5835 0.7598, -2.4566 -4.5835 0.7293, -2.5707 -4.5835 0.6987, -2.4448 -4.5835 0.7008, -2.5471 -4.5835 0.6417, -2.426 -4.5835 0.6763, -2.5096 -4.5835 0.5928, -2.4016 -4.5835 0.6576, -2.4606 -4.5835 0.5553, -2.3731 -4.5835 0.6458, -2.4037 -4.5835 0.5317, 2.4606 -4.5835 2.5118, 2.5787 -4.5835 2.5118, 2.4606 -4.5835 2.5394, 2.5787 -4.5835 2.5394, 2.4566 -4.5835 2.5699, 2.5707 -4.5835 2.6005, 2.4448 -4.5835 2.5984, 2.5471 -4.5835 2.6575, 2.426 -4.5835 2.6229, 2.5096 -4.5835 2.7064, 2.4016 -4.5835 2.6417, 2.4606 -4.5835 2.7439, 2.3731 -4.5835 2.6535, 2.4037 -4.5835 2.7675, 2.4037 -1.552 0.5317, 2.4606 -1.552 0.5553, 2.5096 -1.552 0.5928, 2.5471 -1.552 0.6417, 2.5707 -1.552 0.6987, 2.5787 -1.552 0.7598, 2.5787 -4.2757 1.0841, 2.5787 -2.2859 1.1703, 2.5787 -2.3119 1.1607, 2.5787 -4.6798 0.9129, 2.5787 -4.6484 0.8999, 2.5787 -4.3865 1.1818, 2.5787 -2.2629 1.1856, 2.5787 -2.2213 1.2567, 2.5787 -2.2228 1.2566, 2.5787 -1.552 0.8386, 2.5787 -2.2304 1.23, 2.5787 -2.244 1.2059, 2.5787 -4.7213 2.3819, 2.5787 -4.3865 2.1174, 2.5787 -4.7134 2.3819, 2.5787 -4.6798 2.3863, 2.5787 -1.5493 0.859, 2.5787 -1.5414 0.878, 2.5787 -2.2213 2.0425, 2.5787 -1.5289 0.8943, 2.5787 -1.5126 0.9068, 2.5787 -1.2166 0.9146, 2.5787 -1.1976 0.9068, 2.5787 0.4165 2.5394, 2.5787 -1.1813 0.8943, 2.5787 -4.7213 0.9173, 2.5787 -4.3169 2.0247, 2.5787 -4.3391 2.0353, 2.5787 -1.1583 0.8386, 2.5787 -2.3394 1.1575, 2.5787 -3.2373 1.1575, 2.5787 -3.5668 1.1437, 2.5787 -4.6215 0.8793, 2.5787 -4.3739 1.1368, 2.5787 -4.3828 1.1586, 2.5787 -4.2992 1.0849, 2.5787 -4.6009 0.8524, 2.5787 -4.5879 0.821, 2.5787 -4.3729 1.2287, 2.5787 -4.3581 1.2484, 2.5787 -4.3391 1.264, 2.5787 -1.1688 0.878, 2.5787 -1.1609 0.859, 2.5787 -4.3219 1.0909, 2.5787 -4.3427 1.1021, 2.5787 -4.3603 1.1176, 2.5787 -4.3825 1.2061, 2.5787 -4.7134 0.9173, 2.5787 -4.3581 2.0508, 2.5787 -4.3729 2.0705, 2.5787 -4.3825 2.0931, 2.5787 -2.2859 2.1289, 2.5787 -2.2629 2.1136, 2.5787 -4.3219 2.2083, 2.5787 -4.2992 2.2144, 2.5787 -4.6009 2.4469, 2.5787 -4.2757 2.2151, 2.5787 -4.5879 2.4782, 2.5787 -4.6484 2.3993, 2.5787 -4.3828 2.1406, 2.5787 -4.6215 2.4199, 2.5787 -1.4936 0.9146, 2.5787 -4.2928 1.2795, 2.5787 -3.4024 1.3543, 2.5787 -3.4024 1.9449, 2.5787 -2.244 2.0933, 2.5787 -2.2304 2.0693, 2.5787 -2.2228 2.0426, 2.5787 -4.3169 1.2745, 2.5787 -4.2928 2.0197, 2.5787 -3.5668 2.1555, 2.5787 -3.2373 2.1417, 2.5787 -2.3394 2.1417, 2.5787 -2.3119 2.1385, 2.5787 -4.3739 2.1624, 2.5787 -4.3603 2.1816, 2.5787 -4.3427 2.1971, 2.5707 0.4165 2.6005, 2.5471 0.4165 2.6575, 2.5096 0.4165 2.7064, 2.4606 0.4165 2.7439, 2.4037 0.4165 2.7675, -2.4037 0.4165 2.7675, -2.4037 -4.5835 2.7675, -2.4606 0.4165 2.7439, -2.4606 -4.5835 2.7439, -2.5096 0.4165 2.7064, -2.5096 -4.5835 2.7064, -2.5471 0.4165 2.6575, -2.5471 -4.5835 2.6575, -2.5707 0.4165 2.6005, -2.5707 -4.5835 2.6005, -2.5787 0.4165 2.5394, -2.5787 -4.5835 2.5394, -2.5787 -4.5835 2.5118, -2.5787 -4.2757 2.2151, -2.5787 -2.2213 2.0425, -2.5787 -2.2228 2.0426, -2.5787 -2.2304 2.0693, -2.5787 -4.3391 2.0353, -2.5787 -4.3169 2.0247, -2.5787 -4.7213 0.9173, -2.5787 -1.1688 0.878, -2.5787 -1.1813 0.8943, -2.5787 -1.1976 0.9068, -2.5787 -1.2166 0.9146, -2.5787 -4.3581 2.0508, -2.5787 -1.4936 0.9146, -2.5787 -2.2213 1.2567, -2.5787 -1.5126 0.9068, -2.5787 -1.5289 0.8943, -2.5787 -1.5414 0.878, -2.5787 -4.3865 1.1818, -2.5787 -4.7134 0.9173, -2.5787 -4.6798 0.9129, -2.5787 -1.1583 0.8386, -2.5787 -1.1609 0.859, -2.5787 -2.244 2.0933, -2.5787 -2.2629 2.1136, -2.5787 -2.3394 2.1417, -2.5787 -3.2373 2.1417, -2.5787 -3.5668 2.1555, -2.5787 -4.5879 0.821, -2.5787 -3.2373 1.1575, -2.5787 -4.6484 2.3993, -2.5787 -4.6215 2.4199, -2.5787 -4.3739 2.1624, -2.5787 -2.2859 2.1289, -2.5787 -2.3119 2.1385, -2.5787 -4.7134 2.3819, -2.5787 -4.6798 2.3863, -2.5787 -4.3865 2.1174, -2.5787 -4.3828 2.1406, -2.5787 -4.2992 2.2144, -2.5787 -4.6009 2.4469, -2.5787 -4.5879 2.4782, -2.5787 -4.7213 2.3819, -2.5787 -4.3825 2.0931, -2.5787 -4.3729 2.0705, -2.5787 -4.3391 1.264, -2.5787 -4.3581 1.2484, -2.5787 -4.3729 1.2287, -2.5787 -4.3825 1.2061, -2.5787 -2.3394 1.1575, -2.5787 -2.3119 1.1607, -2.5787 -1.5493 0.859, -2.5787 -2.2859 1.1703, -2.5787 -4.3219 1.0909, -2.5787 -4.2992 1.0849, -2.5787 -4.6009 0.8524, -2.5787 -4.2757 1.0841, -2.5787 -3.5668 1.1437, -2.5787 -4.6484 0.8999, -2.5787 -4.3828 1.1586, -2.5787 -4.6215 0.8793, -2.5787 -2.2228 1.2566, -2.5787 -2.2304 1.23, -2.5787 -2.244 1.2059, -2.5787 -2.2629 1.1856, -2.5787 -1.552 0.7598, -2.5787 -1.552 0.8386, -2.5787 -3.4024 1.9449, -2.5787 -3.4024 1.3543, -2.5787 -4.2928 2.0197, -2.5787 -4.2928 1.2795, -2.5787 -4.3169 1.2745, -2.5787 -4.3739 1.1368, -2.5787 -4.3603 1.1176, -2.5787 -4.3427 1.1021, -2.5787 -4.3219 2.2083, -2.5787 -4.3427 2.1971, -2.5787 -4.3603 2.1816, -2.5707 -1.552 0.6987, -2.5471 -1.552 0.6417, -2.5096 -1.552 0.5928, -2.4606 -1.552 0.5553, -2.4037 -1.552 0.5317, -2.3731 -4.5835 2.6535, -2.4016 -4.5835 2.6417, -2.426 -4.5835 2.6229, -2.4448 -4.5835 2.5984, -2.4566 -4.5835 2.5699, -2.4606 -4.5835 2.5394, -2.4606 -4.5835 2.5118, -2.4606 0.4165 2.5394, -2.4566 0.4165 2.5699, -2.4448 0.4165 2.5984, -2.426 0.4165 2.6229, -2.4016 0.4165 2.6417, -2.3731 0.4165 2.6535, 2.3731 0.4165 2.6535, 2.4016 0.4165 2.6417, 2.426 0.4165 2.6229, 2.4448 0.4165 2.5984, 2.4566 0.4165 2.5699, 2.4606 0.4165 2.5394, 2.4606 -1.552 0.7598, 2.4566 -1.552 0.7293, 2.4448 -1.552 0.7008, 2.426 -1.552 0.6763, 2.4016 -1.552 0.6576, 2.3731 -1.552 0.6458, 2.4606 -4.2757 2.2151, 2.4606 -2.2213 2.0425, 2.4606 -2.2228 2.0426, 2.4606 -2.2304 2.0693, 2.4606 -4.3391 2.0353, 2.4606 -4.3169 2.0247, 2.4606 -4.7213 0.9173, 2.4606 -1.4936 0.9146, 2.4606 -2.2213 1.2567, 2.4606 -4.5879 0.821, 2.4606 -3.2373 1.1575, 2.4606 -1.1583 0.8386, 2.4606 -1.1609 0.859, 2.4606 -1.1688 0.878, 2.4606 -4.3581 2.0508, 2.4606 -1.5126 0.9068, 2.4606 -1.5289 0.8943, 2.4606 -1.5414 0.878, 2.4606 -4.3865 1.1818, 2.4606 -4.7134 0.9173, 2.4606 -4.6798 0.9129, 2.4606 -1.1813 0.8943, 2.4606 -1.1976 0.9068, 2.4606 -1.2166 0.9146, 2.4606 -2.244 2.0933, 2.4606 -2.2629 2.1136, 2.4606 -2.3394 2.1417, 2.4606 -3.2373 2.1417, 2.4606 -3.5668 2.1555, 2.4606 -4.6484 2.3993, 2.4606 -4.6215 2.4199, 2.4606 -4.3739 2.1624, 2.4606 -1.552 0.8386, 2.4606 -1.5493 0.859, 2.4606 -2.2859 2.1289, 2.4606 -2.3119 2.1385, 2.4606 -4.7134 2.3819, 2.4606 -4.6798 2.3863, 2.4606 -4.3865 2.1174, 2.4606 -4.3828 2.1406, 2.4606 -4.2992 2.2144, 2.4606 -4.6009 2.4469, 2.4606 -4.5879 2.4782, 2.4606 -4.7213 2.3819, 2.4606 -4.3825 2.0931, 2.4606 -4.3729 2.0705, 2.4606 -4.3391 1.264, 2.4606 -4.3581 1.2484, 2.4606 -4.3729 1.2287, 2.4606 -4.3825 1.2061, 2.4606 -2.3394 1.1575, 2.4606 -2.3119 1.1607, 2.4606 -2.2859 1.1703, 2.4606 -4.3219 1.0909, 2.4606 -4.2992 1.0849, 2.4606 -4.6009 0.8524, 2.4606 -4.2757 1.0841, 2.4606 -3.5668 1.1437, 2.4606 -4.6484 0.8999, 2.4606 -4.3828 1.1586, 2.4606 -4.6215 0.8793, 2.4606 -2.2228 1.2566, 2.4606 -2.2304 1.23, 2.4606 -2.244 1.2059, 2.4606 -2.2629 1.1856, 2.4606 -3.4024 1.9449, 2.4606 -3.4024 1.3543, 2.4606 -4.2928 2.0197, 2.4606 -4.2928 1.2795, 2.4606 -4.3169 1.2745, 2.4606 -4.3739 1.1368, 2.4606 -4.3603 1.1176, 2.4606 -4.3427 1.1021, 2.4606 -4.3219 2.2083, 2.4606 -4.3427 2.1971, 2.4606 -4.3603 2.1816, -2.4606 -4.2757 1.0841, -2.4606 -2.2859 1.1703, -2.4606 -2.3119 1.1607, -2.4606 -1.552 0.7598, -2.4606 -4.6798 0.9129, -2.4606 -4.6484 0.8999, -2.4606 -4.3865 1.1818, -2.4606 -2.2629 1.1856, -2.4606 -2.2213 1.2567, -2.4606 -2.2228 1.2566, -2.4606 -1.552 0.8386, -2.4606 -2.2304 1.23, -2.4606 -2.244 1.2059, -2.4606 -4.7213 2.3819, -2.4606 -4.3865 2.1174, -2.4606 -4.7134 2.3819, -2.4606 -4.6798 2.3863, -2.4606 -1.2166 0.9146, -2.4606 -1.1976 0.9068, -2.4606 -1.1813 0.8943, -2.4606 -1.1583 0.8386, -2.4606 -4.7213 0.9173, -2.4606 -4.3169 2.0247, -2.4606 -4.3391 2.0353, -2.4606 -1.5126 0.9068, -2.4606 -1.4936 0.9146, -2.4606 -2.2213 2.0425, -2.4606 -1.1688 0.878, -2.4606 -1.1609 0.859, -2.4606 -2.3394 1.1575, -2.4606 -3.2373 1.1575, -2.4606 -3.5668 1.1437, -2.4606 -4.3729 1.2287, -2.4606 -4.3581 1.2484, -2.4606 -4.3391 1.264, -2.4606 -4.6215 0.8793, -2.4606 -4.3739 1.1368, -2.4606 -4.3828 1.1586, -2.4606 -4.2992 1.0849, -2.4606 -4.6009 0.8524, -2.4606 -4.5879 0.821, -2.4606 -2.2304 2.0693, -2.4606 -2.2228 2.0426, -2.4606 -1.5493 0.859, -2.4606 -1.5414 0.878, -2.4606 -1.5289 0.8943, -2.4606 -4.3825 1.2061, -2.4606 -4.7134 0.9173, -2.4606 -4.3581 2.0508, -2.4606 -4.3729 2.0705, -2.4606 -4.3825 2.0931, -2.4606 -4.3219 2.2083, -2.4606 -4.2992 2.2144, -2.4606 -4.6009 2.4469, -2.4606 -4.2757 2.2151, -2.4606 -4.5879 2.4782, -2.4606 -4.6484 2.3993, -2.4606 -4.3828 2.1406, -2.4606 -4.6215 2.4199, -2.4606 -4.3219 1.0909, -2.4606 -4.3427 1.1021, -2.4606 -4.3603 1.1176, -2.4606 -4.2928 1.2795, -2.4606 -3.4024 1.3543, -2.4606 -3.4024 1.9449, -2.4606 -2.2859 2.1289, -2.4606 -2.2629 2.1136, -2.4606 -2.244 2.0933, -2.4606 -4.3169 1.2745, -2.4606 -4.2928 2.0197, -2.4606 -4.3739 2.1624, -2.4606 -4.3603 2.1816, -2.4606 -4.3427 2.1971, -2.4606 -3.5668 2.1555, -2.4606 -3.2373 2.1417, -2.4606 -2.3394 2.1417, -2.4606 -2.3119 2.1385, -2.3731 -1.552 0.6458, -2.4016 -1.552 0.6576, -2.426 -1.552 0.6763, -2.4448 -1.552 0.7008, -2.4566 -1.552 0.7293, -2.0551 -4.9772 3.0118, 2.0551 -4.9772 3.0118, -2.0551 -4.8591 3.0118, 2.0551 -4.8591 3.0118, 2.185 -4.8554 2.8819, 2.185 -4.9752 2.8819, 2.185 -4.8544 2.8777, 2.185 -4.9684 2.8472, 2.185 -4.8406 2.8445, 2.185 -4.9429 2.7854, 2.185 -4.8187 2.816, 2.185 -4.9022 2.7324, 2.185 -4.7902 2.7941, 2.185 -4.8492 2.6918, 2.185 -4.7569 2.7803, 2.185 -4.7875 2.6662, -2.185 -4.7569 2.7803, -2.185 -4.7902 2.7941, -2.185 -4.8187 2.816, -2.185 -4.8406 2.8445, -2.185 -4.8544 2.8777, -2.185 -4.8554 2.8819, 2.1841 -4.8582 2.8977, -2.1841 -4.8582 2.8977, 2.1812 -4.8591 2.9134, -2.1812 -4.8591 2.9134, -2.185 -4.7875 2.6662, -2.185 -4.8492 2.6918, -2.185 -4.9022 2.7324, -2.185 -4.9429 2.7854, -2.185 -4.9684 2.8472, -2.185 -4.9752 2.8819, 2.1841 -4.9767 2.8977, -2.1841 -4.9767 2.8977, 2.1812 -4.9772 2.9134, -2.1812 -4.9772 2.9134, -2.1806 -4.8591 2.9155, -2.1676 -4.8591 2.9469, 2.1806 -4.8591 2.9155, 2.1201 -4.8591 2.9944, 2.147 -4.8591 2.9738, 2.1676 -4.8591 2.9469, -2.147 -4.8591 2.9738, -2.1201 -4.8591 2.9944, -2.0887 -4.8591 3.0074, 2.0887 -4.8591 3.0074, -2.1806 -4.9772 2.9155, -2.1201 -4.9772 2.9944, -2.147 -4.9772 2.9738, -2.1676 -4.9772 2.9469, 2.1676 -4.9772 2.9469, 2.147 -4.9772 2.9738, 2.1201 -4.9772 2.9944, -2.0887 -4.9772 3.0074, 2.1806 -4.9772 2.9155, 2.0887 -4.9772 3.0074, -2.815 -4.9772 1.0472, -2.815 -4.9772 2.252, -2.815 -4.8591 1.0472, -2.815 -4.8591 2.252, -2.6809 -4.8544 2.3819, -2.685 -4.8554 0.9173, -2.685 -4.8554 2.3819, -2.7008 -4.8582 0.9183, -2.7008 -4.8582 2.3809, -2.7165 -4.8591 0.9212, -2.7165 -4.8591 2.378, -2.5834 -4.7569 2.3819, -2.5834 -4.7569 0.9173, -2.5972 -4.7902 2.3819, -2.5972 -4.7902 0.9173, -2.6191 -4.8187 2.3819, -2.6191 -4.8187 0.9173, -2.6476 -4.8406 2.3819, -2.6476 -4.8406 0.9173, -2.6809 -4.8544 0.9173, -2.4693 -4.7875 0.9173, -2.4949 -4.8492 0.9173, -2.5356 -4.9022 0.9173, -2.5886 -4.9429 0.9173, -2.6503 -4.9684 0.9173, -2.685 -4.9752 0.9173, -2.7165 -4.9772 2.378, -2.7165 -4.9772 0.9212, -2.7009 -4.9767 2.3809, -2.7009 -4.9767 0.9183, -2.685 -4.9752 2.3819, -2.6503 -4.9684 2.3819, -2.5886 -4.9429 2.3819, -2.5356 -4.9022 2.3819, -2.4949 -4.8492 2.3819, -2.4693 -4.7875 2.3819, -2.7187 -4.8591 0.9218, -2.7769 -4.8591 2.3438, -2.75 -4.8591 2.3645, -2.7187 -4.8591 2.3775, -2.75 -4.8591 0.9347, -2.7769 -4.8591 0.9554, -2.8105 -4.8591 1.0136, -2.7976 -4.8591 0.9823, -2.7976 -4.8591 2.3169, -2.8105 -4.8591 2.2856, -2.7187 -4.9772 0.9218, -2.8105 -4.9772 1.0136, -2.7976 -4.9772 0.9823, -2.7769 -4.9772 0.9554, -2.7769 -4.9772 2.3438, -2.7976 -4.9772 2.3169, -2.8105 -4.9772 2.2856, -2.75 -4.9772 0.9347, -2.7187 -4.9772 2.3775, -2.75 -4.9772 2.3645, 2.0551 -4.9772 0.2874, -2.0551 -4.9772 0.2874, 2.0551 -4.8591 0.2874, -2.0551 -4.8591 0.2874, -2.185 -4.8554 0.4173, -2.185 -4.9752 0.4173, -2.185 -4.8544 0.4215, -2.185 -4.9684 0.4521, -2.185 -4.8406 0.4547, -2.185 -4.9429 0.5138, -2.185 -4.8187 0.4833, -2.185 -4.9022 0.5668, -2.185 -4.7902 0.5052, -2.185 -4.8492 0.6074, -2.185 -4.7569 0.5189, -2.185 -4.7875 0.633, 2.1841 -4.8582 0.4016, -2.1841 -4.8582 0.4016, 2.1812 -4.8591 0.3858, -2.1812 -4.8591 0.3858, 2.185 -4.7569 0.5189, 2.185 -4.7902 0.5052, 2.185 -4.8187 0.4833, 2.185 -4.8406 0.4547, 2.185 -4.8544 0.4215, 2.185 -4.8554 0.4173, 2.185 -4.7875 0.633, 2.185 -4.8492 0.6074, 2.185 -4.9022 0.5668, 2.185 -4.9429 0.5138, 2.185 -4.9684 0.4521, 2.185 -4.9752 0.4173, -2.1812 -4.9772 0.3858, 2.1812 -4.9772 0.3858, -2.1841 -4.9767 0.4015, 2.1841 -4.9767 0.4015, -2.1806 -4.8591 0.3837, -2.1201 -4.8591 0.3048, -2.147 -4.8591 0.3255, -2.1676 -4.8591 0.3524, 2.1676 -4.8591 0.3524, 2.147 -4.8591 0.3255, 2.1201 -4.8591 0.3048, -2.0887 -4.8591 0.2918, 2.1806 -4.8591 0.3837, 2.0887 -4.8591 0.2918, 2.1806 -4.9772 0.3837, -2.1676 -4.9772 0.3524, -2.147 -4.9772 0.3255, -2.1201 -4.9772 0.3048, 2.1201 -4.9772 0.3048, 2.147 -4.9772 0.3255, 2.1676 -4.9772 0.3524, -2.1806 -4.9772 0.3837, -2.0887 -4.9772 0.2918, 2.0887 -4.9772 0.2918, 2.815 -4.9772 2.252, 2.815 -4.9772 1.0472, 2.815 -4.8591 2.252, 2.815 -4.8591 1.0472, 2.6503 -4.9684 0.9173, 2.685 -4.9752 0.9173, 2.685 -4.9752 2.3819, 2.7009 -4.9767 0.9183, 2.7009 -4.9767 2.3809, 2.7165 -4.9772 0.9212, 2.7165 -4.9772 2.378, 2.6503 -4.9684 2.3819, 2.5886 -4.9429 2.3819, 2.5886 -4.9429 0.9173, 2.5356 -4.9022 2.3819, 2.5356 -4.9022 0.9173, 2.4949 -4.8492 2.3819, 2.4949 -4.8492 0.9173, 2.4693 -4.7875 2.3819, 2.4693 -4.7875 0.9173, 2.685 -4.8554 0.9173, 2.6809 -4.8544 0.9173, 2.6476 -4.8406 0.9173, 2.6191 -4.8187 0.9173, 2.5972 -4.7902 0.9173, 2.5834 -4.7569 0.9173, 2.7008 -4.8582 2.3809, 2.7008 -4.8582 0.9183, 2.7165 -4.8591 2.378, 2.7165 -4.8591 0.9212, 2.5834 -4.7569 2.3819, 2.5972 -4.7902 2.3819, 2.6191 -4.8187 2.3819, 2.6476 -4.8406 2.3819, 2.6809 -4.8544 2.3819, 2.685 -4.8554 2.3819, 2.7187 -4.9772 2.3775, 2.7769 -4.9772 0.9554, 2.7976 -4.9772 0.9823, 2.8105 -4.9772 1.0136, 2.8105 -4.9772 2.2856, 2.7976 -4.9772 2.3169, 2.75 -4.9772 2.3645, 2.7769 -4.9772 2.3438, 2.7187 -4.9772 0.9218, 2.75 -4.9772 0.9347, 2.75 -4.8591 2.3645, 2.7769 -4.8591 2.3438, 2.7976 -4.8591 2.3169, 2.7187 -4.8591 2.3775, 2.8105 -4.8591 2.2856, 2.8105 -4.8591 1.0136, 2.7187 -4.8591 0.9218, 2.7976 -4.8591 0.9823, 2.7769 -4.8591 0.9554, 2.75 -4.8591 0.9347, -0.8824 -3.4452 0.5289, -0.8781 -3.4168 0.6435, -0.8885 -3.4859 0.5446, -0.8802 -3.4304 0.6488, -0.8903 -3.498 0.5517, -0.8807 -3.4336 0.6509, -0.8949 -3.5281 0.5768, -0.8821 -3.443 0.6573, -0.8987 -3.5537 0.6087, -0.8832 -3.4507 0.6666, -0.8843 -3.4578 0.6789, -0.9084 -3.6184 0.7206, -0.8908 -3.5013 0.7541, -0.9111 -3.6365 0.7506, -0.8964 -3.5385 0.8159, -0.9127 -3.6472 0.7624, -0.9017 -3.5736 0.852, -0.9144 -3.6585 0.7699, -0.9079 -3.6154 0.8791, -0.9183 -3.6842 0.7786, -0.9119 -3.6417 0.8895, -0.9205 -3.6992 0.7805, -0.9182 -3.6836 0.8964, -0.9226 -3.713 0.7789, -0.9264 -3.7383 0.8924, -0.9256 -3.7332 0.7712, -0.9328 -3.7813 0.879, -0.9438 -3.8545 0.7087, -0.9369 -3.8087 0.8651, -0.9782 -4.0837 0.5906, -0.9811 -4.1031 0.7135, -0.9863 -4.1378 0.6956, -1.4644 -3.4168 0.6435, -1.4601 -3.4452 0.5289, -1.4623 -3.4304 0.6488, -1.454 -3.4859 0.5446, -1.4619 -3.4336 0.6509, -1.4522 -3.498 0.5517, -1.4604 -3.443 0.6573, -1.4477 -3.5281 0.5768, -1.4593 -3.4507 0.6666, -1.4438 -3.5537 0.6087, -1.4582 -3.4578 0.6789, -1.4341 -3.6184 0.7206, -1.4517 -3.5013 0.7541, -1.4461 -3.5385 0.8159, -1.4314 -3.6365 0.7506, -1.4409 -3.5736 0.852, -1.4298 -3.6472 0.7624, -1.4346 -3.6154 0.8791, -1.4281 -3.6585 0.7699, -1.4306 -3.6417 0.8895, -1.4243 -3.6842 0.7786, -1.4243 -3.6836 0.8964, -1.422 -3.6992 0.7805, -1.4161 -3.7383 0.8924, -1.4199 -3.713 0.7789, -1.4097 -3.7813 0.879, -1.4169 -3.7332 0.7712, -1.4056 -3.8087 0.8651, -1.3987 -3.8545 0.7087, -1.3614 -4.1031 0.7135, -1.3643 -4.0837 0.5906, -1.3562 -4.1378 0.6956, 1.4601 -3.4452 0.5289, 1.4644 -3.4168 0.6435, 1.454 -3.4859 0.5446, 1.4623 -3.4304 0.6488, 1.4522 -3.498 0.5517, 1.4619 -3.4336 0.6509, 1.4477 -3.5281 0.5768, 1.4604 -3.443 0.6573, 1.4438 -3.5537 0.6087, 1.4593 -3.4507 0.6666, 1.4582 -3.4578 0.6789, 1.4341 -3.6184 0.7206, 1.4517 -3.5013 0.7541, 1.4314 -3.6365 0.7506, 1.4461 -3.5385 0.8159, 1.4298 -3.6472 0.7624, 1.4409 -3.5736 0.852, 1.4281 -3.6585 0.7699, 1.4346 -3.6154 0.8791, 1.4243 -3.6842 0.7786, 1.4306 -3.6417 0.8895, 1.422 -3.6992 0.7805, 1.4243 -3.6836 0.8964, 1.4199 -3.713 0.7789, 1.4161 -3.7383 0.8924, 1.4169 -3.7332 0.7712, 1.4097 -3.7813 0.879, 1.3987 -3.8545 0.7087, 1.4056 -3.8087 0.8651, 1.3643 -4.0837 0.5906, 1.3614 -4.1031 0.7135, 1.3562 -4.1378 0.6956, 0.8781 -3.4168 0.6435, 0.8824 -3.4452 0.5289, 0.8802 -3.4304 0.6488, 0.8885 -3.4859 0.5446, 0.8807 -3.4336 0.6509, 0.8903 -3.498 0.5517, 0.8821 -3.443 0.6573, 0.8949 -3.5281 0.5768, 0.8832 -3.4507 0.6666, 0.8987 -3.5537 0.6087, 0.8843 -3.4578 0.6789, 0.9084 -3.6184 0.7206, 0.8908 -3.5013 0.7541, 0.8964 -3.5385 0.8159, 0.9111 -3.6365 0.7506, 0.9017 -3.5736 0.852, 0.9127 -3.6472 0.7624, 0.9079 -3.6154 0.8791, 0.9144 -3.6585 0.7699, 0.9119 -3.6417 0.8895, 0.9183 -3.6842 0.7786, 0.9182 -3.6836 0.8964, 0.9205 -3.6992 0.7805, 0.9264 -3.7383 0.8924, 0.9226 -3.713 0.7789, 0.9328 -3.7813 0.879, 0.9256 -3.7332 0.7712, 0.9369 -3.8087 0.8651, 0.9438 -3.8545 0.7087, 0.9811 -4.1031 0.7135, 0.9782 -4.0837 0.5906, 0.9863 -4.1378 0.6956, -1.4601 -3.4452 2.7703, -1.4644 -3.4168 2.6557, -1.454 -3.4859 2.7546, -1.4623 -3.4304 2.6504, -1.4522 -3.498 2.7475, -1.4619 -3.4336 2.6483, -1.4477 -3.5281 2.7225, -1.4604 -3.443 2.642, -1.4438 -3.5537 2.6905, -1.4593 -3.4507 2.6326, -1.4582 -3.4578 2.6203, -1.4341 -3.6184 2.5786, -1.4517 -3.5013 2.5451, -1.4314 -3.6365 2.5486, -1.4461 -3.5385 2.4833, -1.4298 -3.6472 2.5368, -1.4409 -3.5736 2.4472, -1.4281 -3.6585 2.5293, -1.4346 -3.6154 2.4201, -1.4243 -3.6842 2.5206, -1.4306 -3.6417 2.4098, -1.422 -3.6992 2.5187, -1.4243 -3.6836 2.4028, -1.4199 -3.713 2.5203, -1.4161 -3.7383 2.4068, -1.4169 -3.7332 2.5281, -1.4097 -3.7813 2.4202, -1.3987 -3.8545 2.5906, -1.4056 -3.8087 2.4341, -1.3643 -4.0837 2.7086, -1.3614 -4.1031 2.5858, -1.3562 -4.1378 2.6037, -0.9782 -4.0837 2.7086, -0.9863 -4.1378 2.6037, -0.9811 -4.1031 2.5858, -0.8781 -3.4168 2.6557, -0.8824 -3.4452 2.7703, -0.8802 -3.4304 2.6504, -0.8885 -3.4859 2.7546, -0.8807 -3.4336 2.6483, -0.8903 -3.498 2.7475, -0.8821 -3.443 2.642, -0.8949 -3.5281 2.7225, -0.8832 -3.4507 2.6326, -0.8987 -3.5537 2.6905, -0.8843 -3.4578 2.6203, -0.9084 -3.6184 2.5786, -0.9438 -3.8545 2.5906, -0.9369 -3.8087 2.4341, -0.9256 -3.7332 2.5281, -0.9328 -3.7813 2.4202, -0.9226 -3.713 2.5203, -0.9264 -3.7383 2.4068, -0.9205 -3.6992 2.5187, -0.9182 -3.6836 2.4028, -0.9183 -3.6842 2.5206, -0.9119 -3.6417 2.4098, -0.9144 -3.6585 2.5293, -0.9079 -3.6154 2.4201, -0.9127 -3.6472 2.5368, -0.9017 -3.5736 2.4472, -0.9111 -3.6365 2.5486, -0.8964 -3.5385 2.4833, -0.8908 -3.5013 2.5451, 0.8824 -3.4452 2.7703, 0.8781 -3.4168 2.6557, 0.8885 -3.4859 2.7546, 0.8802 -3.4304 2.6504, 0.8903 -3.498 2.7475, 0.8807 -3.4336 2.6483, 0.8949 -3.5281 2.7225, 0.8821 -3.443 2.642, 0.8987 -3.5537 2.6905, 0.8832 -3.4507 2.6326, 0.8843 -3.4578 2.6203, 0.9084 -3.6184 2.5786, 0.8908 -3.5013 2.5451, 0.9111 -3.6365 2.5486, 0.8964 -3.5385 2.4833, 0.9127 -3.6472 2.5368, 0.9017 -3.5736 2.4472, 0.9144 -3.6585 2.5293, 0.9079 -3.6154 2.4201, 0.9183 -3.6842 2.5206, 0.9119 -3.6417 2.4098, 0.9205 -3.6992 2.5187, 0.9182 -3.6836 2.4028, 0.9226 -3.713 2.5203, 0.9264 -3.7383 2.4068, 0.9256 -3.7332 2.5281, 0.9328 -3.7813 2.4202, 0.9438 -3.8545 2.5906, 0.9369 -3.8087 2.4341, 0.9782 -4.0837 2.7086, 0.9811 -4.1031 2.5858, 0.9863 -4.1378 2.6037, 1.3643 -4.0837 2.7086, 1.3562 -4.1378 2.6037, 1.3614 -4.1031 2.5858, 1.4644 -3.4168 2.6557, 1.4601 -3.4452 2.7703, 1.4623 -3.4304 2.6504, 1.454 -3.4859 2.7546, 1.4619 -3.4336 2.6483, 1.4522 -3.498 2.7475, 1.4604 -3.443 2.642, 1.4477 -3.5281 2.7225, 1.4593 -3.4507 2.6326, 1.4438 -3.5537 2.6905, 1.4582 -3.4578 2.6203, 1.4341 -3.6184 2.5786, 1.3987 -3.8545 2.5906, 1.4056 -3.8087 2.4341, 1.4169 -3.7332 2.5281, 1.4097 -3.7813 2.4202, 1.4199 -3.713 2.5203, 1.4161 -3.7383 2.4068, 1.422 -3.6992 2.5187, 1.4243 -3.6836 2.4028, 1.4243 -3.6842 2.5206, 1.4306 -3.6417 2.4098, 1.4281 -3.6585 2.5293, 1.4346 -3.6154 2.4201, 1.4298 -3.6472 2.5368, 1.4409 -3.5736 2.4472, 1.4314 -3.6365 2.5486, 1.4461 -3.5385 2.4833, 1.4517 -3.5013 2.5451, -2.3656 -2.4767 1.8671, -2.4714 -2.5292 1.8715, -2.2314 -2.747 1.8898, -2.3372 -2.7996 1.8942, -2.2105 -2.8069 1.8949, -2.3259 -2.8318 1.897, -2.2049 -2.87 1.9002, -2.3229 -2.8658 1.8998, -2.215 -2.9326 1.9054, -2.3284 -2.8995 1.9026, -2.2402 -2.9908 1.9103, -2.3419 -2.9308 1.9053, -2.4415 -3.3324 1.939, -2.5433 -3.2724 1.934, -2.452 -3.3545 1.9409, -2.5628 -3.3134 1.9374, -2.4585 -3.378 1.9428, -2.5747 -3.3572 1.9411, -2.4585 -3.378 1.3564, -2.5747 -3.3572 1.3581, -2.452 -3.3545 1.3584, -2.5628 -3.3134 1.3618, -2.4415 -3.3324 1.3602, -2.5433 -3.2724 1.3652, -2.2402 -2.9908 1.3889, -2.3419 -2.9308 1.3939, -2.215 -2.9326 1.3938, -2.3284 -2.8995 1.3966, -2.2049 -2.87 1.399, -2.3229 -2.8658 1.3994, -2.2105 -2.8069 1.4044, -2.3259 -2.8318 1.4023, -2.2314 -2.747 1.4094, -2.3372 -2.7996 1.405, -2.3656 -2.4767 1.4321, -2.4714 -2.5292 1.4277, 2.3656 -2.4767 1.4321, 2.4714 -2.5292 1.4277, 2.2314 -2.747 1.4094, 2.3372 -2.7996 1.405, 2.2105 -2.8069 1.4044, 2.3259 -2.8318 1.4023, 2.2049 -2.87 1.399, 2.3229 -2.8658 1.3994, 2.215 -2.9326 1.3938, 2.3284 -2.8995 1.3966, 2.2402 -2.9908 1.3889, 2.3419 -2.9308 1.3939, 2.4415 -3.3324 1.3602, 2.5433 -3.2724 1.3652, 2.452 -3.3545 1.3584, 2.5628 -3.3134 1.3618, 2.4585 -3.378 1.3564, 2.5747 -3.3572 1.3581, 2.4585 -3.378 1.9428, 2.5747 -3.3572 1.9411, 2.452 -3.3545 1.9409, 2.5628 -3.3134 1.9374, 2.4415 -3.3324 1.939, 2.5433 -3.2724 1.934, 2.2402 -2.9908 1.9103, 2.3419 -2.9308 1.9053, 2.215 -2.9326 1.9054, 2.3284 -2.8995 1.9026, 2.2049 -2.87 1.9002, 2.3229 -2.8658 1.8998, 2.2105 -2.8069 1.8949, 2.3259 -2.8318 1.897, 2.2314 -2.747 1.8898, 2.3372 -2.7996 1.8942, 2.3656 -2.4767 1.8671, 2.4714 -2.5292 1.8715, -1.2626 -4.1627 0.5499, -1.0799 -4.1627 0.5499, -1.2545 -4.2168 0.6549, -1.088 -4.2168 0.6549, -1.3257 -4.1825 0.6725, -1.3522 -4.1537 0.6874, -1.3498 -4.1588 0.6848, -1.345 -4.1688 0.6796, -1.3382 -4.1779 0.6749, -1.3348 -4.1824 0.6726, -1.3221 -4.1943 0.6665, -1.3072 -4.2039 0.6615, -1.3017 -4.2063 0.6603, -1.2906 -4.211 0.6579, -1.2788 -4.2139 0.6564, -1.2729 -4.2153 0.6556, -1.0697 -4.2153 0.6556, -1.0637 -4.2139 0.6564, -1.052 -4.211 0.6578, -1.0408 -4.2063 0.6603, -1.0354 -4.2039 0.6615, -1.0205 -4.1943 0.6664, -1.0204 -4.1943 0.6665, -1.0078 -4.1825 0.6725, -1.0043 -4.1779 0.6749, -0.9976 -4.1688 0.6796, -0.9928 -4.1588 0.6848, -0.9904 -4.1538 0.6873, -0.9822 -4.0996 0.5824, -0.9846 -4.1047 0.5798, -0.9894 -4.1146 0.5746, -0.9962 -4.1238 0.5699, -0.9996 -4.1283 0.5676, -1.0123 -4.1402 0.5615, -1.0123 -4.1402 0.5615, -1.2748 -4.1613 0.5506, -1.2809 -4.1613 0.5506, -1.0615 -4.1612 0.5506, -1.0556 -4.1598 0.5514, -1.2869 -4.1598 0.5514, -1.2986 -4.1569 0.5528, -1.3098 -4.1522 0.5553, -1.3152 -4.1498 0.5565, -1.0327 -4.1522 0.5553, -1.0438 -4.1569 0.5529, -1.3302 -4.1402 0.5615, -1.3301 -4.1402 0.5614, -1.3429 -4.1284 0.5675, -1.0272 -4.1498 0.5565, -1.3463 -4.1238 0.5699, -1.353 -4.1148 0.5746, -1.3579 -4.1047 0.5798, -1.3602 -4.0997 0.5823, 1.0799 -4.1627 0.5499, 1.2626 -4.1627 0.5499, 1.088 -4.2168 0.6549, 1.2545 -4.2168 0.6549, 0.9904 -4.1537 0.6874, 0.9928 -4.1588 0.6848, 1.3221 -4.1943 0.6665, 0.9976 -4.1688 0.6796, 1.0043 -4.1779 0.6749, 1.0353 -4.2039 0.6615, 1.0408 -4.2063 0.6603, 1.0077 -4.1824 0.6726, 1.0204 -4.1943 0.6665, 1.2666 -4.2153 0.6556, 1.2728 -4.2153 0.6556, 1.0696 -4.2153 0.6556, 1.0637 -4.2139 0.6564, 1.2788 -4.2139 0.6564, 1.2905 -4.211 0.6578, 1.3017 -4.2063 0.6603, 1.3071 -4.2039 0.6615, 1.0519 -4.211 0.6579, 1.322 -4.1943 0.6664, 1.3347 -4.1825 0.6725, 1.3382 -4.1779 0.6749, 1.3449 -4.1688 0.6796, 1.3498 -4.1588 0.6848, 1.3521 -4.1538 0.6873, 1.3603 -4.0996 0.5824, 1.3579 -4.1047 0.5798, 1.3531 -4.1146 0.5746, 1.3463 -4.1238 0.5699, 1.343 -4.1283 0.5676, 1.3302 -4.1402 0.5615, 1.3302 -4.1402 0.5615, 1.2869 -4.1598 0.5514, 1.0327 -4.1522 0.5553, 1.2987 -4.1569 0.5529, 1.3098 -4.1522 0.5553, 1.0678 -4.1613 0.5506, 1.281 -4.1612 0.5506, 1.0616 -4.1613 0.5506, 1.0556 -4.1598 0.5514, 1.0439 -4.1569 0.5528, 1.0273 -4.1498 0.5565, 1.3154 -4.1498 0.5565, 1.0124 -4.1402 0.5614, 1.0123 -4.1402 0.5615, 0.9997 -4.1284 0.5675, 0.9962 -4.1238 0.5699, 0.9895 -4.1148 0.5746, 0.9846 -4.1047 0.5798, 0.9823 -4.0997 0.5823, 2.5135 -2.4444 1.7694, 2.5135 -2.4444 1.5298, 2.4077 -2.3918 1.765, 2.4077 -2.3918 1.5342, 2.4022 -2.403 1.814, 2.4063 -2.3947 1.7903, 2.4063 -2.3947 1.509, 2.4022 -2.403 1.4853, 2.3956 -2.4163 1.4646, 2.3869 -2.4338 1.4482, 2.3767 -2.4543 1.4371, 2.3767 -2.4543 1.8621, 2.3869 -2.4338 1.851, 2.3956 -2.4163 1.8346, 2.508 -2.4555 1.4808, 2.5121 -2.4472 1.5046, 2.5121 -2.4472 1.7947, 2.508 -2.4555 1.8184, 2.4825 -2.5068 1.4327, 2.4927 -2.4863 1.4438, 2.5014 -2.4688 1.4602, 2.5014 -2.4688 1.8391, 2.4927 -2.4863 1.8554, 2.4825 -2.5068 1.8665, -1.2545 -4.2168 2.6444, -1.088 -4.2168 2.6444, -1.2626 -4.1627 2.7493, -1.0799 -4.1627 2.7493, -1.0353 -4.2039 2.6377, -1.0408 -4.2063 2.6389, -1.0168 -4.1825 2.6267, -0.9904 -4.1537 2.6119, -0.9928 -4.1588 2.6144, -0.9976 -4.1688 2.6196, -1.0043 -4.1779 2.6243, -1.0077 -4.1824 2.6266, -1.0204 -4.1943 2.6327, -1.0519 -4.211 2.6414, -1.0637 -4.2139 2.6429, -1.0696 -4.2153 2.6436, -1.2728 -4.2153 2.6436, -1.2788 -4.2139 2.6429, -1.2905 -4.211 2.6414, -1.3017 -4.2063 2.6389, -1.3071 -4.2039 2.6377, -1.322 -4.1943 2.6328, -1.3221 -4.1943 2.6327, -1.3347 -4.1825 2.6267, -1.3382 -4.1779 2.6243, -1.3449 -4.1688 2.6196, -1.3498 -4.1588 2.6144, -1.3521 -4.1538 2.6119, -1.3603 -4.0996 2.7169, -1.3579 -4.1047 2.7194, -1.3531 -4.1146 2.7246, -1.3463 -4.1238 2.7293, -1.343 -4.1283 2.7316, -1.3302 -4.1402 2.7377, -1.3302 -4.1402 2.7377, -1.0678 -4.1613 2.7486, -1.0616 -4.1613 2.7486, -1.281 -4.1612 2.7486, -1.2869 -4.1598 2.7478, -1.0556 -4.1598 2.7478, -1.0439 -4.1569 2.7464, -1.0327 -4.1522 2.7439, -1.0273 -4.1498 2.7427, -1.3098 -4.1522 2.7439, -1.2987 -4.1569 2.7463, -1.0123 -4.1402 2.7377, -1.0124 -4.1402 2.7378, -0.9997 -4.1284 2.7317, -1.3154 -4.1498 2.7427, -0.9962 -4.1238 2.7293, -0.9895 -4.1148 2.7246, -0.9846 -4.1047 2.7194, -0.9823 -4.0997 2.7169, 1.088 -4.2168 2.6444, 1.2545 -4.2168 2.6444, 1.0799 -4.1627 2.7493, 1.2626 -4.1627 2.7493, 1.3257 -4.1825 2.6267, 1.3017 -4.2063 2.6389, 1.3522 -4.1537 2.6119, 1.3498 -4.1588 2.6144, 1.3348 -4.1824 2.6266, 1.3221 -4.1943 2.6327, 1.3072 -4.2039 2.6377, 1.345 -4.1688 2.6196, 1.3382 -4.1779 2.6243, 1.2906 -4.211 2.6414, 1.2788 -4.2139 2.6429, 1.2729 -4.2153 2.6436, 1.0697 -4.2153 2.6436, 1.0637 -4.2139 2.6429, 1.052 -4.211 2.6414, 1.0408 -4.2063 2.6389, 1.0354 -4.2039 2.6377, 1.0205 -4.1943 2.6328, 1.0204 -4.1943 2.6327, 1.0078 -4.1825 2.6267, 1.0043 -4.1779 2.6243, 0.9976 -4.1688 2.6196, 0.9928 -4.1588 2.6144, 0.9904 -4.1538 2.6119, 0.9822 -4.0996 2.7169, 0.9846 -4.1047 2.7194, 0.9894 -4.1146 2.7246, 0.9962 -4.1238 2.7293, 0.9996 -4.1283 2.7316, 1.0123 -4.1402 2.7377, 1.0123 -4.1402 2.7377, 1.0272 -4.1498 2.7427, 1.0327 -4.1522 2.7439, 1.0438 -4.1569 2.7463, 1.0556 -4.1598 2.7478, 1.0615 -4.1612 2.7486, 1.2809 -4.1613 2.7486, 1.2869 -4.1598 2.7478, 1.3301 -4.1402 2.7378, 1.3302 -4.1402 2.7377, 1.3338 -4.1284 2.7317, 1.3429 -4.1284 2.7317, 1.3463 -4.1238 2.7293, 1.353 -4.1148 2.7246, 1.3579 -4.1047 2.7194, 1.2986 -4.1569 2.7464, 1.3098 -4.1522 2.7439, 1.3152 -4.1498 2.7427, 1.3602 -4.0997 2.7169, -2.4077 -2.3918 1.765, -2.4077 -2.3918 1.5342, -2.5135 -2.4444 1.7694, -2.5135 -2.4444 1.5298, -2.508 -2.4555 1.8184, -2.5121 -2.4472 1.7947, -2.5121 -2.4472 1.5046, -2.508 -2.4555 1.4808, -2.4825 -2.5068 1.8665, -2.4927 -2.4863 1.8554, -2.5014 -2.4688 1.8391, -2.5014 -2.4688 1.4602, -2.4927 -2.4863 1.4438, -2.4825 -2.5068 1.4327, -2.4022 -2.403 1.4853, -2.4063 -2.3947 1.509, -2.4063 -2.3947 1.7903, -2.4022 -2.403 1.814, -2.3956 -2.4163 1.8346, -2.3869 -2.4338 1.851, -2.3767 -2.4543 1.8621, -2.3767 -2.4543 1.4371, -2.3869 -2.4338 1.4482, -2.3956 -2.4163 1.4646
            ]
        }
        coordIndex [
            0,1,2,-1,3,4,5,-1,6,7,8,-1,9,10,11,-1,12,13,14,-1,15,16,17,-1,17,16,18,-1,17,18,19,-1,12,14,20,-1,20,14,16,-1,20,16,21,-1,21,16,15,-1,21,15,22,-1,23,24,25,-1,25,24,26,-1,25,26,27,-1,28,29,30,-1,30,29,31,-1,30,31,32,-1,13,33,14,-1,14,33,34,-1,14,34,35,-1,36,37,14,-1,14,37,38,-1,39,40,41,-1,41,40,42,-1,38,43,14,-1,14,43,42,-1,14,42,44,-1,44,42,40,-1,35,45,14,-1,14,45,46,-1,14,46,36,-1,19,47,17,-1,17,47,48,-1,17,48,25,-1,25,48,49,-1,25,49,23,-1,27,50,25,-1,25,50,51,-1,25,51,30,-1,30,51,52,-1,30,52,28,-1,53,54,55,-1,55,54,56,-1,55,56,15,-1,15,56,57,-1,15,57,22,-1,58,59,60,-1,60,59,61,-1,60,61,62,-1,11,10,63,-1,64,65,10,-1,10,65,66,-1,10,66,63,-1,67,68,69,-1,62,61,69,-1,69,61,70,-1,69,70,67,-1,68,71,69,-1,69,71,72,-1,69,72,73,-1,73,72,74,-1,73,74,11,-1,11,74,75,-1,11,75,9,-1,64,25,76,-1,76,25,77,-1,76,78,79,-1,77,25,8,-1,8,25,30,-1,8,30,6,-1,6,30,80,-1,6,80,81,-1,81,80,82,-1,81,82,76,-1,76,82,83,-1,76,83,78,-1,79,84,76,-1,76,84,85,-1,76,85,64,-1,64,85,86,-1,64,86,65,-1,87,88,89,-1,89,88,90,-1,89,90,30,-1,30,90,91,-1,30,91,80,-1,92,93,94,-1,95,96,97,-1,97,96,98,-1,97,98,92,-1,92,98,99,-1,92,99,93,-1,94,100,92,-1,92,100,101,-1,92,101,102,-1,103,104,97,-1,97,104,105,-1,97,105,95,-1,102,106,92,-1,92,106,107,-1,92,107,89,-1,89,107,108,-1,89,108,87,-1,97,109,103,-1,103,109,110,-1,103,110,111,-1,112,113,114,-1,114,113,115,-1,114,115,116,-1,116,117,114,-1,114,117,118,-1,114,118,97,-1,97,118,119,-1,97,119,120,-1,120,121,97,-1,97,121,122,-1,97,122,123,-1,124,110,125,-1,125,110,109,-1,125,109,126,-1,126,109,97,-1,126,97,127,-1,127,97,123,-1,58,128,59,-1,59,128,129,-1,59,129,114,-1,114,129,130,-1,114,130,112,-1,131,132,133,-1,134,135,136,-1,136,135,137,-1,136,137,138,-1,138,139,136,-1,136,139,140,-1,136,140,133,-1,133,140,141,-1,133,141,131,-1,4,142,5,-1,5,142,143,-1,5,143,136,-1,136,143,144,-1,136,144,134,-1,133,145,146,-1,146,147,133,-1,133,147,148,-1,133,148,149,-1,150,151,152,-1,152,151,133,-1,152,133,153,-1,153,133,149,-1,154,155,132,-1,132,155,156,-1,156,157,132,-1,132,157,158,-1,132,158,133,-1,133,158,159,-1,133,159,145,-1,132,160,154,-1,154,160,161,-1,154,161,162,-1,162,161,163,-1,161,164,163,-1,163,164,165,-1,163,165,166,-1,2,167,168,-1,2,168,5,-1,5,168,169,-1,5,169,3,-1,170,171,172,-1,172,171,173,-1,174,175,176,-1,1,177,2,-1,2,177,178,-1,2,178,167,-1,167,178,179,-1,180,181,182,-1,173,183,184,-1,184,183,185,-1,184,185,186,-1,187,188,189,-1,188,187,182,-1,182,187,190,-1,182,190,180,-1,191,192,172,-1,172,192,193,-1,172,193,178,-1,178,193,194,-1,178,194,179,-1,186,185,195,-1,195,185,196,-1,195,196,189,-1,189,196,197,-1,189,197,187,-1,184,198,173,-1,173,198,199,-1,173,199,172,-1,172,199,200,-1,172,200,191,-1,150,201,151,-1,151,201,202,-1,151,202,182,-1,182,202,203,-1,182,203,188,-1,204,92,55,-1,55,92,89,-1,55,89,53,-1,53,89,30,-1,53,30,205,-1,205,30,32,-1,136,206,5,-1,5,206,207,-1,5,207,2,-1,2,207,208,-1,2,208,0,-1,0,208,209,-1,0,209,210,-1,210,209,171,-1,210,171,176,-1,176,171,170,-1,176,170,174,-1,211,212,213,-1,213,212,214,-1,215,209,216,-1,216,209,217,-1,218,219,208,-1,208,219,220,-1,208,220,221,-1,206,222,207,-1,207,222,223,-1,207,223,208,-1,208,223,212,-1,208,212,218,-1,218,212,211,-1,221,224,208,-1,208,224,225,-1,208,225,226,-1,226,227,208,-1,208,227,228,-1,208,228,209,-1,209,228,229,-1,209,229,217,-1,215,230,209,-1,209,230,231,-1,209,231,214,-1,214,231,232,-1,214,232,213,-1,222,204,223,-1,223,204,55,-1,223,55,212,-1,212,55,15,-1,212,15,233,-1,233,234,212,-1,212,234,235,-1,212,235,214,-1,214,235,236,-1,214,236,17,-1,17,236,237,-1,17,237,15,-1,15,237,238,-1,15,238,233,-1,239,240,241,-1,241,240,235,-1,241,235,242,-1,242,235,234,-1,242,234,243,-1,243,234,244,-1,245,246,247,-1,247,246,248,-1,247,248,249,-1,247,250,245,-1,245,250,251,-1,245,251,252,-1,252,251,253,-1,252,253,254,-1,254,253,255,-1,254,255,256,-1,256,255,257,-1,258,259,260,-1,260,259,261,-1,260,261,262,-1,262,263,260,-1,260,263,264,-1,260,264,265,-1,265,264,266,-1,265,266,255,-1,255,266,267,-1,255,267,257,-1,268,269,270,-1,270,269,271,-1,270,271,272,-1,272,273,270,-1,270,273,274,-1,270,274,275,-1,275,276,270,-1,270,276,277,-1,270,277,278,-1,279,280,281,-1,281,280,282,-1,281,282,270,-1,270,282,283,-1,270,283,268,-1,281,284,279,-1,279,284,285,-1,279,285,286,-1,286,285,287,-1,286,287,288,-1,288,287,289,-1,290,291,292,-1,292,291,293,-1,292,293,289,-1,289,293,294,-1,289,294,288,-1,295,296,297,-1,297,296,298,-1,297,298,299,-1,299,300,297,-1,297,300,301,-1,297,301,302,-1,303,304,305,-1,305,304,306,-1,303,307,304,-1,304,307,308,-1,304,308,295,-1,295,308,309,-1,295,309,296,-1,310,311,312,-1,312,313,310,-1,310,313,314,-1,310,314,315,-1,315,314,316,-1,315,316,317,-1,317,316,318,-1,317,318,306,-1,306,318,319,-1,306,319,305,-1,320,321,322,-1,322,321,323,-1,322,323,324,-1,320,322,325,-1,325,322,326,-1,325,326,327,-1,327,326,328,-1,327,328,329,-1,329,328,330,-1,329,330,331,-1,331,330,332,-1,331,332,333,-1,334,335,336,-1,336,335,337,-1,336,337,332,-1,332,337,338,-1,332,338,333,-1,339,340,341,-1,342,343,341,-1,341,343,344,-1,341,344,339,-1,340,345,341,-1,341,345,346,-1,341,346,336,-1,336,346,347,-1,336,347,334,-1,348,349,350,-1,351,247,249,-1,290,292,352,-1,352,292,353,-1,352,353,354,-1,355,356,357,-1,354,353,357,-1,357,353,358,-1,357,358,355,-1,356,359,357,-1,357,359,360,-1,357,360,361,-1,361,360,362,-1,361,362,363,-1,350,364,348,-1,348,364,365,-1,348,365,366,-1,249,367,351,-1,351,367,368,-1,351,368,369,-1,369,368,348,-1,369,348,370,-1,370,348,366,-1,349,371,350,-1,350,371,372,-1,350,372,362,-1,362,372,373,-1,362,373,363,-1,374,375,376,-1,377,322,324,-1,311,310,378,-1,378,310,379,-1,378,379,380,-1,376,381,374,-1,374,381,382,-1,374,382,383,-1,324,384,377,-1,377,384,385,-1,377,385,386,-1,386,385,374,-1,386,374,387,-1,387,374,383,-1,388,389,390,-1,375,391,376,-1,376,391,392,-1,376,392,393,-1,393,392,394,-1,380,379,390,-1,390,379,395,-1,390,395,388,-1,394,396,393,-1,393,396,397,-1,393,397,398,-1,398,397,390,-1,398,390,399,-1,399,390,389,-1,400,401,402,-1,402,401,403,-1,402,403,404,-1,400,402,405,-1,405,402,406,-1,405,406,407,-1,407,406,408,-1,407,408,409,-1,409,408,410,-1,409,410,411,-1,411,410,412,-1,411,412,413,-1,414,415,416,-1,416,415,417,-1,416,417,412,-1,412,417,418,-1,412,418,413,-1,419,420,421,-1,422,423,421,-1,421,423,424,-1,421,424,419,-1,420,425,421,-1,421,425,426,-1,421,426,416,-1,416,426,427,-1,416,427,414,-1,428,429,430,-1,430,429,431,-1,430,431,432,-1,432,433,430,-1,430,433,434,-1,430,434,435,-1,436,437,438,-1,438,437,439,-1,436,440,437,-1,437,440,441,-1,437,441,428,-1,428,441,442,-1,428,442,429,-1,443,444,445,-1,445,446,443,-1,443,446,447,-1,443,447,448,-1,448,447,449,-1,448,449,450,-1,450,449,451,-1,450,451,439,-1,439,451,452,-1,439,452,438,-1,453,454,455,-1,455,454,456,-1,455,456,457,-1,457,458,455,-1,455,458,459,-1,455,459,460,-1,460,461,455,-1,455,461,462,-1,455,462,463,-1,464,465,466,-1,466,465,467,-1,466,467,455,-1,455,467,468,-1,455,468,453,-1,466,469,464,-1,464,469,470,-1,464,470,471,-1,471,470,472,-1,471,472,473,-1,473,472,474,-1,475,476,477,-1,477,476,478,-1,477,478,474,-1,474,478,479,-1,474,479,473,-1,480,481,482,-1,482,481,483,-1,482,483,484,-1,482,485,480,-1,480,485,486,-1,480,486,487,-1,487,486,488,-1,487,488,489,-1,489,488,490,-1,489,490,491,-1,491,490,492,-1,493,494,495,-1,495,494,496,-1,495,496,497,-1,497,498,495,-1,495,498,499,-1,495,499,500,-1,500,499,501,-1,500,501,490,-1,490,501,502,-1,490,502,492,-1,503,504,505,-1,506,402,404,-1,444,443,507,-1,507,443,508,-1,507,508,509,-1,510,511,512,-1,509,508,510,-1,510,508,513,-1,510,513,511,-1,512,514,510,-1,510,514,515,-1,510,515,516,-1,516,515,517,-1,516,517,518,-1,505,519,503,-1,503,519,520,-1,503,520,521,-1,404,522,506,-1,506,522,523,-1,506,523,524,-1,524,523,503,-1,524,503,525,-1,525,503,521,-1,504,526,505,-1,505,526,527,-1,505,527,517,-1,517,527,528,-1,517,528,518,-1,529,530,531,-1,532,482,484,-1,475,477,533,-1,533,477,534,-1,533,534,535,-1,531,536,529,-1,529,536,537,-1,529,537,538,-1,484,539,532,-1,532,539,540,-1,532,540,541,-1,541,540,529,-1,541,529,542,-1,542,529,538,-1,543,544,545,-1,530,546,531,-1,531,546,547,-1,531,547,548,-1,548,547,549,-1,535,534,545,-1,545,534,550,-1,545,550,543,-1,549,551,548,-1,548,551,552,-1,548,552,553,-1,553,552,545,-1,553,545,554,-1,554,545,544,-1,555,556,557,-1,557,556,558,-1,559,560,561,-1,561,560,562,-1,563,564,565,-1,566,567,568,-1,568,567,569,-1,568,569,570,-1,570,571,568,-1,568,571,572,-1,568,572,573,-1,565,564,574,-1,575,576,577,-1,578,579,567,-1,580,581,582,-1,583,584,581,-1,581,584,585,-1,581,585,582,-1,582,586,580,-1,580,586,587,-1,580,587,588,-1,589,590,591,-1,592,593,594,-1,595,596,597,-1,593,592,577,-1,577,592,598,-1,577,598,575,-1,576,599,577,-1,577,599,600,-1,577,600,581,-1,581,600,601,-1,602,603,604,-1,604,603,605,-1,604,605,606,-1,606,605,607,-1,606,607,572,-1,572,607,608,-1,572,608,573,-1,609,610,611,-1,611,610,612,-1,611,612,613,-1,613,612,614,-1,613,614,589,-1,589,614,615,-1,589,615,590,-1,588,616,580,-1,580,616,589,-1,580,589,617,-1,617,589,591,-1,618,619,620,-1,618,621,609,-1,609,621,622,-1,609,622,623,-1,594,624,592,-1,592,624,625,-1,592,625,626,-1,626,627,592,-1,592,627,595,-1,592,595,628,-1,628,595,597,-1,601,629,581,-1,581,629,630,-1,581,630,631,-1,632,577,633,-1,633,577,634,-1,635,636,581,-1,581,636,637,-1,581,637,583,-1,638,639,577,-1,611,640,609,-1,609,640,641,-1,609,641,642,-1,620,643,618,-1,618,643,644,-1,618,644,645,-1,646,647,579,-1,632,648,649,-1,632,649,577,-1,577,649,650,-1,577,650,638,-1,639,651,577,-1,577,651,652,-1,577,652,593,-1,563,565,653,-1,653,565,654,-1,653,654,655,-1,655,654,656,-1,655,656,657,-1,657,656,658,-1,657,658,659,-1,631,578,581,-1,581,578,567,-1,581,567,635,-1,635,567,566,-1,646,579,660,-1,647,661,579,-1,579,661,662,-1,579,662,567,-1,623,663,609,-1,609,663,664,-1,609,664,564,-1,564,664,665,-1,564,665,574,-1,658,666,659,-1,659,666,667,-1,659,667,632,-1,632,667,668,-1,632,668,648,-1,642,669,609,-1,609,669,670,-1,609,670,618,-1,618,670,671,-1,618,671,619,-1,645,644,672,-1,672,644,673,-1,672,673,674,-1,674,673,675,-1,674,675,676,-1,676,675,677,-1,676,677,579,-1,579,677,678,-1,579,678,660,-1,679,680,681,-1,682,683,684,-1,685,686,687,-1,688,689,690,-1,691,692,693,-1,684,683,694,-1,693,695,691,-1,691,695,696,-1,691,696,697,-1,686,698,687,-1,687,698,699,-1,687,699,700,-1,701,702,691,-1,691,702,703,-1,691,703,692,-1,704,705,706,-1,706,705,707,-1,706,707,708,-1,709,710,711,-1,711,710,712,-1,711,712,713,-1,714,715,700,-1,700,715,716,-1,700,716,687,-1,697,714,691,-1,691,714,700,-1,691,700,688,-1,688,700,717,-1,688,717,718,-1,719,688,720,-1,720,688,721,-1,690,722,688,-1,688,722,723,-1,688,723,724,-1,725,726,691,-1,691,726,727,-1,691,727,701,-1,701,727,728,-1,724,729,688,-1,688,729,730,-1,688,730,731,-1,731,730,732,-1,731,732,733,-1,734,735,736,-1,736,735,737,-1,736,737,731,-1,738,739,740,-1,740,739,741,-1,740,741,687,-1,687,741,742,-1,687,742,685,-1,719,743,688,-1,688,743,744,-1,688,744,689,-1,689,744,745,-1,689,745,746,-1,681,680,727,-1,727,680,747,-1,727,747,728,-1,733,748,731,-1,731,748,749,-1,731,749,736,-1,682,684,706,-1,706,684,750,-1,706,750,751,-1,704,752,753,-1,754,755,756,-1,708,757,706,-1,706,757,758,-1,706,758,711,-1,711,758,759,-1,711,759,709,-1,718,760,688,-1,688,760,761,-1,688,761,721,-1,721,761,762,-1,721,762,756,-1,694,683,763,-1,763,683,764,-1,763,764,736,-1,736,764,765,-1,736,765,734,-1,754,756,766,-1,755,767,756,-1,756,767,768,-1,756,768,721,-1,679,681,769,-1,769,681,770,-1,769,770,771,-1,771,770,772,-1,771,772,712,-1,712,772,773,-1,712,773,713,-1,774,775,745,-1,745,775,776,-1,745,776,746,-1,751,777,706,-1,706,777,778,-1,706,778,704,-1,704,778,779,-1,704,779,752,-1,780,781,782,-1,782,781,783,-1,782,783,745,-1,745,783,784,-1,745,784,774,-1,753,785,704,-1,704,785,786,-1,704,786,787,-1,787,786,788,-1,788,786,789,-1,788,789,790,-1,790,789,791,-1,790,791,792,-1,792,791,793,-1,792,793,756,-1,756,793,794,-1,756,794,766,-1,795,796,797,-1,798,799,800,-1,800,799,801,-1,800,801,802,-1,798,800,797,-1,797,800,803,-1,797,803,795,-1,804,805,806,-1,806,805,807,-1,808,809,810,-1,811,812,813,-1,814,815,816,-1,816,815,817,-1,818,819,820,-1,821,822,823,-1,823,822,824,-1,823,824,825,-1,826,827,806,-1,807,828,806,-1,806,828,829,-1,806,829,830,-1,802,831,800,-1,800,831,808,-1,800,808,832,-1,832,808,810,-1,833,806,834,-1,834,806,830,-1,834,830,835,-1,835,830,836,-1,835,836,813,-1,813,836,837,-1,813,837,811,-1,823,838,839,-1,825,840,823,-1,823,840,841,-1,823,841,806,-1,806,841,842,-1,806,842,826,-1,843,844,821,-1,816,845,814,-1,814,845,846,-1,814,846,847,-1,847,846,848,-1,847,848,812,-1,812,848,849,-1,812,849,813,-1,850,851,820,-1,820,851,852,-1,820,852,853,-1,823,839,821,-1,821,839,854,-1,821,854,843,-1,855,856,857,-1,817,858,816,-1,816,858,859,-1,816,859,820,-1,820,859,860,-1,820,860,850,-1,818,820,861,-1,844,862,821,-1,821,862,855,-1,821,855,863,-1,863,855,857,-1,796,864,797,-1,797,864,865,-1,797,865,806,-1,806,865,866,-1,806,866,804,-1,867,868,869,-1,869,868,870,-1,869,870,871,-1,872,873,874,-1,874,873,875,-1,876,877,823,-1,823,877,878,-1,823,878,879,-1,879,880,823,-1,823,880,881,-1,823,881,838,-1,827,882,806,-1,806,882,883,-1,806,883,797,-1,797,883,874,-1,797,874,884,-1,884,874,875,-1,885,886,853,-1,853,886,887,-1,853,887,888,-1,888,889,853,-1,853,889,890,-1,853,890,820,-1,820,890,891,-1,820,891,861,-1,871,892,869,-1,869,892,893,-1,869,893,894,-1,894,893,895,-1,894,895,896,-1,896,895,897,-1,896,897,819,-1,819,897,898,-1,819,898,820,-1,867,899,868,-1,868,899,900,-1,868,900,823,-1,823,900,901,-1,823,901,876,-1,902,903,874,-1,874,903,904,-1,874,904,872,-1,853,905,885,-1,885,905,906,-1,885,906,907,-1,907,906,908,-1,907,908,909,-1,909,908,902,-1,909,902,910,-1,910,902,874,-1,834,67,833,-1,833,67,70,-1,833,70,911,-1,911,70,912,-1,911,912,913,-1,913,912,914,-1,913,914,915,-1,915,914,916,-1,915,916,917,-1,917,916,918,-1,917,918,919,-1,919,918,920,-1,919,920,921,-1,921,920,922,-1,921,922,923,-1,923,922,924,-1,925,926,927,-1,927,926,928,-1,927,928,929,-1,929,928,930,-1,929,930,931,-1,931,930,932,-1,931,932,933,-1,933,932,934,-1,933,934,935,-1,935,934,936,-1,935,936,937,-1,937,936,938,-1,937,938,868,-1,868,938,181,-1,868,181,870,-1,870,181,180,-1,939,940,941,-1,941,940,942,-1,941,942,943,-1,943,942,944,-1,943,944,945,-1,945,944,946,-1,945,946,947,-1,947,946,948,-1,947,948,949,-1,949,948,950,-1,949,950,951,-1,951,950,952,-1,951,952,725,-1,725,952,580,-1,725,580,726,-1,726,580,617,-1,70,114,953,-1,70,953,912,-1,912,953,954,-1,912,954,914,-1,914,954,955,-1,914,955,916,-1,916,955,956,-1,916,956,918,-1,918,956,957,-1,918,957,920,-1,920,957,958,-1,920,958,922,-1,924,922,959,-1,960,961,958,-1,962,963,964,-1,960,958,965,-1,966,967,968,-1,968,967,969,-1,968,969,958,-1,958,969,970,-1,958,970,965,-1,971,972,973,-1,973,972,974,-1,968,975,966,-1,966,975,976,-1,966,976,977,-1,977,976,978,-1,977,978,979,-1,980,981,982,-1,982,981,983,-1,984,985,986,-1,987,297,302,-1,961,988,958,-1,958,988,989,-1,958,989,922,-1,922,989,990,-1,922,990,959,-1,991,992,963,-1,963,992,993,-1,963,993,964,-1,994,995,959,-1,959,995,996,-1,959,996,924,-1,997,998,985,-1,985,998,999,-1,983,1000,982,-1,982,1000,1001,-1,982,1001,341,-1,341,1001,987,-1,341,987,342,-1,342,987,302,-1,994,1002,995,-1,995,1002,1003,-1,995,1003,991,-1,991,1003,1004,-1,991,1004,992,-1,997,985,1005,-1,1005,985,984,-1,1005,984,964,-1,964,984,1006,-1,964,1006,962,-1,986,1007,984,-1,984,1007,1008,-1,984,1008,971,-1,971,1008,1009,-1,971,1009,972,-1,982,942,940,-1,982,1010,1011,-1,1012,1013,1014,-1,1014,1013,1015,-1,1014,1015,1016,-1,974,972,1017,-1,1017,972,1018,-1,1017,1018,1019,-1,979,1020,977,-1,977,1020,561,-1,977,561,982,-1,982,561,562,-1,982,562,980,-1,1021,1022,1023,-1,1011,1024,982,-1,982,1024,1025,-1,982,1025,977,-1,977,1025,1026,-1,999,1027,985,-1,985,1027,1021,-1,985,1021,1028,-1,1028,1021,1023,-1,1015,1029,1016,-1,1016,1029,1030,-1,1016,1030,940,-1,940,1030,1031,-1,940,1031,982,-1,982,1031,1032,-1,982,1032,1010,-1,1018,1033,1019,-1,1019,1033,1034,-1,1019,1034,1014,-1,1014,1034,1035,-1,1014,1035,1012,-1,942,982,1036,-1,942,1036,944,-1,944,1036,1037,-1,944,1037,946,-1,946,1037,1038,-1,946,1038,948,-1,948,1038,1039,-1,948,1039,950,-1,950,1039,1040,-1,950,1040,952,-1,952,1040,581,-1,952,581,580,-1,634,577,1041,-1,634,1041,1042,-1,1042,1041,1043,-1,1042,1043,1044,-1,1044,1043,1045,-1,1044,1045,1046,-1,1046,1045,1047,-1,1046,1047,1048,-1,1048,1047,1049,-1,1048,1049,1050,-1,1050,1049,1051,-1,1050,1051,1052,-1,1053,1052,1054,-1,1055,1056,1057,-1,1058,1059,1060,-1,1061,1062,1051,-1,1051,1062,1063,-1,1051,1063,1064,-1,1058,1060,1065,-1,555,1066,1067,-1,1066,1068,1067,-1,1067,1068,1069,-1,1067,1069,1070,-1,1060,1071,1072,-1,1072,1071,1073,-1,430,1074,1051,-1,1051,1074,1075,-1,1051,1075,1061,-1,1057,1076,1051,-1,1051,1076,1077,-1,1078,1079,1080,-1,1057,1051,1055,-1,1055,1051,1064,-1,1055,1064,1067,-1,1067,1064,556,-1,1067,556,555,-1,926,1081,1082,-1,430,435,1074,-1,1074,435,422,-1,1074,422,421,-1,1083,1084,1085,-1,1077,1086,1051,-1,1051,1086,1087,-1,1051,1087,1052,-1,1052,1087,1078,-1,1052,1078,1054,-1,1054,1078,1080,-1,1088,1089,1090,-1,1090,1089,1083,-1,1090,1083,1091,-1,1091,1083,1085,-1,1092,1093,1054,-1,1054,1093,1094,-1,1054,1094,1053,-1,1088,1090,1095,-1,1095,1090,1096,-1,1095,1096,1060,-1,1060,1096,1097,-1,1060,1097,1065,-1,1098,1099,1059,-1,1059,1099,1100,-1,1059,1100,1060,-1,1060,1100,1101,-1,1060,1101,1071,-1,1102,1103,1104,-1,1104,1103,1105,-1,1106,1107,1108,-1,1108,1107,1109,-1,1108,1109,1081,-1,1081,1109,1110,-1,1081,1110,1082,-1,1073,1071,1111,-1,1111,1071,1112,-1,1111,1112,1113,-1,1114,1067,1115,-1,1115,1067,1070,-1,1115,1070,1116,-1,1116,1070,1104,-1,1116,1104,1117,-1,1117,1104,1105,-1,1118,928,1119,-1,1119,928,926,-1,1119,926,1104,-1,1104,926,1082,-1,1104,1082,1102,-1,1120,1121,1122,-1,1122,1121,1123,-1,1122,1123,1059,-1,1059,1123,1124,-1,1059,1124,1098,-1,1112,1125,1113,-1,1113,1125,1126,-1,1113,1126,1108,-1,1108,1126,1127,-1,1108,1127,1106,-1,1092,1128,1093,-1,1093,1128,1129,-1,1093,1129,1084,-1,1084,1129,1130,-1,1084,1130,1085,-1,928,1118,1131,-1,928,1131,930,-1,930,1131,1132,-1,930,1132,932,-1,932,1132,1133,-1,932,1133,934,-1,934,1133,1134,-1,934,1134,936,-1,936,1134,1135,-1,936,1135,938,-1,938,1135,133,-1,938,133,181,-1,737,633,731,-1,731,633,634,-1,731,634,1136,-1,1136,634,1042,-1,1136,1042,1137,-1,1137,1042,1044,-1,1137,1044,1138,-1,1138,1044,1046,-1,1138,1046,1139,-1,1139,1046,1048,-1,1139,1048,1140,-1,1140,1048,1050,-1,1140,1050,1141,-1,1141,1050,1052,-1,1141,1052,1142,-1,1142,1052,1053,-1,495,430,1143,-1,1143,430,1051,-1,1143,1051,1144,-1,1144,1051,1049,-1,1144,1049,1145,-1,1145,1049,1047,-1,1145,1047,1146,-1,1146,1047,1045,-1,1146,1045,1147,-1,1147,1045,1043,-1,1147,1043,1148,-1,1148,1043,1041,-1,1148,1041,688,-1,688,1041,577,-1,688,577,691,-1,691,577,581,-1,691,581,1149,-1,1149,581,1040,-1,1149,1040,1150,-1,1150,1040,1039,-1,1150,1039,1151,-1,1151,1039,1038,-1,1151,1038,1152,-1,1152,1038,1037,-1,1152,1037,1153,-1,1153,1037,1036,-1,1153,1036,1154,-1,1154,1036,982,-1,1154,982,270,-1,270,982,341,-1,921,1155,919,-1,919,1155,1156,-1,919,1156,917,-1,917,1156,1157,-1,917,1157,915,-1,915,1157,1158,-1,915,1158,913,-1,913,1158,1159,-1,913,1159,911,-1,911,1159,1160,-1,911,1160,833,-1,833,1160,806,-1,939,941,1161,-1,1162,1163,1164,-1,1165,1166,1167,-1,559,1168,1169,-1,923,1170,1171,-1,270,1172,1154,-1,1154,1172,1173,-1,1154,1173,1174,-1,1165,1167,1175,-1,1168,1176,1169,-1,1169,1176,1177,-1,1169,1177,1178,-1,1167,1179,1180,-1,1180,1179,1181,-1,270,278,1172,-1,1172,278,258,-1,1172,258,260,-1,1174,1182,1154,-1,1154,1182,1183,-1,1154,1183,1184,-1,1164,1185,1154,-1,1154,1185,1186,-1,1187,1188,1189,-1,1164,1154,1162,-1,1162,1154,1184,-1,1162,1184,1169,-1,1169,1184,560,-1,1169,560,559,-1,1190,1191,1192,-1,1155,921,1193,-1,1193,921,923,-1,1193,923,1194,-1,1194,923,1171,-1,1186,1195,1154,-1,1154,1195,1196,-1,1154,1196,941,-1,941,1196,1187,-1,941,1187,1161,-1,1161,1187,1189,-1,1197,1198,1199,-1,1199,1198,1190,-1,1199,1190,1200,-1,1200,1190,1192,-1,1201,1202,1161,-1,1161,1202,1203,-1,1161,1203,939,-1,1197,1199,1204,-1,1204,1199,1205,-1,1204,1205,1167,-1,1167,1205,1206,-1,1167,1206,1175,-1,1207,1208,1166,-1,1166,1208,1209,-1,1166,1209,1167,-1,1167,1209,1210,-1,1167,1210,1179,-1,1171,1211,1194,-1,1194,1211,1212,-1,1194,1212,1213,-1,1214,1215,1216,-1,1216,1215,1217,-1,1216,1217,1170,-1,1170,1217,1218,-1,1170,1218,1171,-1,1181,1179,1219,-1,1219,1179,1220,-1,1219,1220,1221,-1,1222,1169,1223,-1,1223,1169,1178,-1,1223,1178,1224,-1,1224,1178,1194,-1,1224,1194,1225,-1,1225,1194,1213,-1,1226,1227,1228,-1,1228,1227,1229,-1,1228,1229,1166,-1,1166,1229,1230,-1,1166,1230,1207,-1,1220,1231,1221,-1,1221,1231,1232,-1,1221,1232,1216,-1,1216,1232,1233,-1,1216,1233,1214,-1,1201,1234,1202,-1,1202,1234,1235,-1,1202,1235,1191,-1,1191,1235,1236,-1,1191,1236,1192,-1,725,691,951,-1,951,691,1149,-1,951,1149,949,-1,949,1149,1150,-1,949,1150,947,-1,947,1150,1151,-1,947,1151,945,-1,945,1151,1152,-1,945,1152,943,-1,943,1152,1153,-1,943,1153,941,-1,941,1153,1154,-1,1141,1143,1140,-1,1140,1143,1144,-1,1140,1144,1139,-1,1139,1144,1145,-1,1139,1145,1138,-1,1138,1145,1146,-1,1138,1146,1137,-1,1137,1146,1147,-1,1137,1147,1136,-1,1136,1147,1148,-1,1136,1148,731,-1,731,1148,688,-1,925,927,1237,-1,1238,1239,1240,-1,1241,1242,1243,-1,1238,1240,1244,-1,1245,1246,1247,-1,1247,1246,1248,-1,1247,1248,1240,-1,1240,1248,1249,-1,1240,1249,1244,-1,1250,1251,1252,-1,1252,1251,1253,-1,557,558,1143,-1,558,1254,1143,-1,1143,1254,1255,-1,1143,1255,1256,-1,1257,455,463,-1,1258,1259,1260,-1,1261,1262,1263,-1,1263,1262,557,-1,1256,1264,1143,-1,1143,1264,1265,-1,1143,1265,495,-1,495,1265,1257,-1,495,1257,493,-1,493,1257,463,-1,1239,1266,1240,-1,1240,1266,1267,-1,1240,1267,927,-1,927,1267,1268,-1,927,1268,1237,-1,1269,1270,1259,-1,1259,1270,1271,-1,1272,1273,1242,-1,1242,1273,1274,-1,1242,1274,1243,-1,1275,1276,1237,-1,1237,1276,1277,-1,1237,1277,925,-1,557,1143,1263,-1,1263,1143,1278,-1,1263,1278,1279,-1,1247,1280,1245,-1,1245,1280,1281,-1,1245,1281,1263,-1,1263,1281,1282,-1,1263,1282,1261,-1,1269,1259,1283,-1,1283,1259,1258,-1,1283,1258,1243,-1,1243,1258,1284,-1,1243,1284,1241,-1,1260,1285,1258,-1,1258,1285,1286,-1,1258,1286,1250,-1,1250,1286,1287,-1,1250,1287,1251,-1,1288,1289,1290,-1,1290,1289,1291,-1,1290,1291,1292,-1,1253,1251,1293,-1,1293,1251,1294,-1,1293,1294,1295,-1,1275,1296,1276,-1,1276,1296,1297,-1,1276,1297,1272,-1,1272,1297,1298,-1,1272,1298,1273,-1,1299,1300,1301,-1,1143,1141,1142,-1,1302,1303,1143,-1,1143,1303,1304,-1,1143,1304,1278,-1,1271,1305,1259,-1,1259,1305,1299,-1,1259,1299,1306,-1,1306,1299,1301,-1,1294,1307,1295,-1,1295,1307,1308,-1,1295,1308,1290,-1,1290,1308,1309,-1,1290,1309,1288,-1,1291,1310,1292,-1,1292,1310,1311,-1,1292,1311,1142,-1,1142,1311,1312,-1,1142,1312,1143,-1,1143,1312,1313,-1,1143,1313,1302,-1,868,823,937,-1,937,823,1314,-1,937,1314,935,-1,935,1314,1315,-1,935,1315,933,-1,933,1315,1316,-1,933,1316,931,-1,931,1316,1317,-1,931,1317,929,-1,929,1317,1318,-1,929,1318,927,-1,927,1318,1240,-1,1319,1320,1321,-1,1321,1320,1322,-1,610,609,713,-1,713,609,711,-1,682,706,563,-1,563,706,564,-1,1323,1324,1325,-1,1325,1324,1326,-1,1325,1326,1327,-1,1327,1326,1328,-1,1327,1328,1329,-1,1329,1328,1330,-1,1329,1330,1331,-1,1331,1330,1332,-1,1331,1332,1333,-1,1333,1332,1334,-1,1333,1334,609,-1,609,1334,711,-1,609,564,1333,-1,1333,564,1335,-1,1333,1335,1331,-1,1331,1335,1336,-1,1331,1336,1329,-1,1329,1336,1337,-1,1329,1337,1327,-1,1327,1337,1338,-1,1327,1338,1325,-1,1325,1338,1339,-1,1325,1339,1323,-1,1323,1339,1340,-1,1323,1340,1341,-1,1341,1340,1342,-1,1341,1342,1343,-1,1343,1342,1344,-1,564,706,1335,-1,1335,706,1345,-1,1335,1345,1336,-1,1336,1345,1346,-1,1336,1346,1337,-1,1337,1346,1347,-1,1337,1347,1338,-1,1338,1347,1348,-1,1338,1348,1339,-1,1339,1348,1349,-1,1339,1349,1340,-1,1340,1349,1350,-1,1326,1324,1350,-1,1350,1324,1351,-1,1350,1351,1352,-1,1352,1351,1353,-1,1352,1353,1354,-1,1350,1349,1326,-1,1326,1349,1348,-1,1326,1348,1328,-1,1328,1348,1347,-1,1328,1347,1330,-1,1330,1347,1346,-1,1330,1346,1332,-1,1332,1346,1345,-1,1332,1345,1334,-1,1334,1345,706,-1,1334,706,711,-1,1344,1355,1321,-1,1321,1355,1356,-1,1344,1321,1343,-1,1343,1321,1322,-1,1343,1322,1357,-1,1358,1359,1360,-1,1361,1362,1356,-1,1356,1362,1363,-1,1356,1363,1321,-1,1357,1322,1360,-1,1360,1322,1364,-1,1360,1364,1358,-1,1353,1320,1354,-1,1354,1320,1319,-1,1354,1319,1365,-1,1366,1367,1368,-1,1369,1370,1371,-1,1365,1319,1368,-1,1368,1319,1372,-1,1368,1372,1366,-1,1353,1373,1320,-1,1320,1373,1369,-1,1320,1369,1374,-1,1374,1369,1371,-1,1375,1376,1377,-1,1377,1376,1378,-1,1284,1258,1072,-1,1072,1258,1060,-1,1088,1095,1252,-1,1252,1095,1250,-1,1379,1380,1381,-1,1381,1380,1382,-1,1381,1382,1383,-1,1383,1382,1384,-1,1383,1384,1385,-1,1095,1060,1386,-1,1386,1060,1387,-1,1386,1387,1388,-1,1388,1387,1389,-1,1388,1389,1390,-1,1390,1389,1391,-1,1390,1391,1392,-1,1392,1391,1393,-1,1392,1393,1379,-1,1379,1393,1394,-1,1379,1394,1380,-1,1060,1258,1387,-1,1387,1258,1395,-1,1387,1395,1389,-1,1389,1395,1396,-1,1389,1396,1391,-1,1391,1396,1397,-1,1391,1397,1393,-1,1393,1397,1398,-1,1393,1398,1394,-1,1394,1398,1399,-1,1394,1399,1380,-1,1380,1399,1400,-1,1401,1402,1403,-1,1403,1402,1404,-1,1403,1404,1405,-1,1405,1404,1400,-1,1405,1400,1406,-1,1400,1399,1406,-1,1406,1399,1398,-1,1406,1398,1407,-1,1407,1398,1397,-1,1407,1397,1408,-1,1408,1397,1396,-1,1408,1396,1409,-1,1409,1396,1395,-1,1409,1395,1410,-1,1410,1395,1258,-1,1410,1258,1250,-1,1381,1405,1379,-1,1379,1405,1406,-1,1379,1406,1392,-1,1392,1406,1407,-1,1392,1407,1390,-1,1390,1407,1408,-1,1390,1408,1388,-1,1388,1408,1409,-1,1388,1409,1386,-1,1386,1409,1410,-1,1386,1410,1095,-1,1095,1410,1250,-1,1377,1384,1411,-1,1412,1413,1414,-1,1411,1415,1377,-1,1377,1415,1416,-1,1377,1416,1417,-1,1417,1416,1418,-1,1412,1414,1419,-1,1384,1377,1385,-1,1385,1377,1378,-1,1385,1378,1414,-1,1414,1378,1420,-1,1414,1420,1419,-1,1421,1402,1375,-1,1375,1402,1376,-1,1422,1423,1424,-1,1425,1426,1427,-1,1422,1424,1375,-1,1375,1424,1428,-1,1375,1428,1421,-1,1402,1401,1376,-1,1376,1401,1429,-1,1376,1429,1427,-1,1427,1429,1430,-1,1427,1430,1425,-1,1431,1432,1433,-1,1433,1432,1434,-1,183,173,898,-1,898,173,820,-1,845,816,9,-1,9,816,10,-1,1435,1436,1437,-1,1437,1436,1438,-1,1437,1438,1439,-1,1439,1438,1440,-1,1439,1440,1441,-1,1441,1440,1442,-1,1441,1442,1443,-1,1443,1442,1444,-1,1443,1444,1445,-1,1445,1444,1446,-1,1445,1446,173,-1,173,1446,820,-1,1435,1447,1448,-1,1448,1447,1449,-1,1448,1449,1450,-1,173,10,1445,-1,1445,10,1451,-1,1445,1451,1443,-1,1443,1451,1452,-1,1443,1452,1441,-1,1441,1452,1453,-1,1441,1453,1439,-1,1439,1453,1454,-1,1439,1454,1437,-1,1437,1454,1455,-1,1437,1455,1435,-1,1435,1455,1456,-1,1435,1456,1447,-1,10,816,1451,-1,1451,816,1457,-1,1451,1457,1452,-1,1452,1457,1458,-1,1452,1458,1453,-1,1453,1458,1459,-1,1453,1459,1454,-1,1454,1459,1460,-1,1454,1460,1455,-1,1455,1460,1461,-1,1455,1461,1456,-1,1456,1461,1462,-1,1463,1464,1465,-1,1465,1464,1466,-1,1465,1466,1436,-1,1436,1466,1462,-1,1436,1462,1438,-1,1462,1461,1438,-1,1438,1461,1460,-1,1438,1460,1440,-1,1440,1460,1459,-1,1440,1459,1442,-1,1442,1459,1458,-1,1442,1458,1444,-1,1444,1458,1457,-1,1444,1457,1446,-1,1446,1457,816,-1,1446,816,820,-1,1449,1433,1450,-1,1450,1433,1434,-1,1450,1434,1467,-1,1468,1469,1470,-1,1471,1472,1473,-1,1467,1434,1470,-1,1470,1434,1474,-1,1470,1474,1468,-1,1449,1475,1433,-1,1433,1475,1471,-1,1433,1471,1476,-1,1476,1471,1473,-1,1463,1432,1464,-1,1464,1432,1431,-1,1464,1431,1477,-1,1478,1479,1480,-1,1481,1482,1483,-1,1463,1484,1432,-1,1432,1484,1478,-1,1432,1478,1485,-1,1485,1478,1480,-1,1477,1431,1483,-1,1483,1431,1486,-1,1483,1486,1481,-1,1487,1488,1489,-1,1489,1488,1490,-1,1006,984,1180,-1,1180,984,1167,-1,1197,1204,973,-1,973,1204,971,-1,1491,1492,1493,-1,1493,1492,1494,-1,1493,1494,1495,-1,1495,1494,1496,-1,1495,1496,1497,-1,1493,1498,1491,-1,1491,1498,1499,-1,1491,1499,1500,-1,1500,1499,1501,-1,1500,1501,1502,-1,1502,1501,1503,-1,1502,1503,1504,-1,1504,1503,1505,-1,1504,1505,1506,-1,1506,1505,1204,-1,1506,1204,1167,-1,1507,1492,1508,-1,1508,1492,1491,-1,1508,1491,1509,-1,1509,1491,1500,-1,1509,1500,1510,-1,1510,1500,1502,-1,1510,1502,1511,-1,1511,1502,1504,-1,1511,1504,1512,-1,1512,1504,1506,-1,1512,1506,984,-1,984,1506,1167,-1,1507,1513,1514,-1,1514,1513,1515,-1,1514,1515,1516,-1,984,971,1512,-1,1512,971,1517,-1,1512,1517,1511,-1,1511,1517,1518,-1,1511,1518,1510,-1,1510,1518,1519,-1,1510,1519,1509,-1,1509,1519,1520,-1,1509,1520,1508,-1,1508,1520,1521,-1,1508,1521,1507,-1,1507,1521,1522,-1,1507,1522,1513,-1,971,1204,1517,-1,1517,1204,1505,-1,1517,1505,1518,-1,1518,1505,1503,-1,1518,1503,1519,-1,1519,1503,1501,-1,1519,1501,1520,-1,1520,1501,1499,-1,1520,1499,1521,-1,1521,1499,1498,-1,1521,1498,1522,-1,1522,1498,1493,-1,1523,1497,1487,-1,1487,1497,1488,-1,1524,1525,1526,-1,1487,1527,1523,-1,1523,1527,1528,-1,1523,1528,1529,-1,1529,1528,1530,-1,1497,1496,1488,-1,1488,1496,1531,-1,1488,1531,1526,-1,1526,1531,1532,-1,1526,1532,1524,-1,1533,1534,1535,-1,1533,1535,1536,-1,1536,1535,1537,-1,1536,1537,1489,-1,1538,1539,1490,-1,1490,1539,1516,-1,1490,1516,1489,-1,1489,1516,1515,-1,1489,1515,1536,-1,1540,1541,1538,-1,1538,1541,1542,-1,1538,1542,1539,-1,1340,1350,1342,-1,1342,1350,1352,-1,1342,1352,1344,-1,1344,1352,1354,-1,1344,1354,1355,-1,1354,1365,1355,-1,1355,1365,1368,-1,1355,1368,1356,-1,1356,1368,1367,-1,1356,1367,1361,-1,1361,1367,1366,-1,1361,1366,1362,-1,1362,1366,1372,-1,1362,1372,1363,-1,1363,1372,1319,-1,1363,1319,1321,-1,1343,1357,1373,-1,1373,1357,1360,-1,1373,1360,1369,-1,1369,1360,1359,-1,1369,1359,1370,-1,1370,1359,1358,-1,1370,1358,1371,-1,1371,1358,1364,-1,1371,1364,1374,-1,1374,1364,1322,-1,1374,1322,1320,-1,1373,1353,1343,-1,1343,1353,1351,-1,1343,1351,1341,-1,1341,1351,1324,-1,1341,1324,1323,-1,610,713,612,-1,612,713,773,-1,612,773,614,-1,614,773,772,-1,614,772,615,-1,615,772,770,-1,615,770,590,-1,590,770,681,-1,590,681,591,-1,591,681,727,-1,591,727,617,-1,617,727,726,-1,1197,973,1198,-1,1198,973,974,-1,1198,974,1190,-1,1190,974,1017,-1,1190,1017,1191,-1,1191,1017,1019,-1,1191,1019,1202,-1,1202,1019,1014,-1,1202,1014,1203,-1,1203,1014,1016,-1,1203,1016,939,-1,939,1016,940,-1,1522,1493,1513,-1,1513,1493,1495,-1,1513,1495,1515,-1,1515,1495,1497,-1,1515,1497,1536,-1,1497,1523,1536,-1,1536,1523,1529,-1,1536,1529,1533,-1,1533,1529,1530,-1,1533,1530,1534,-1,1534,1530,1528,-1,1534,1528,1535,-1,1535,1528,1527,-1,1535,1527,1537,-1,1537,1527,1487,-1,1537,1487,1489,-1,1516,1539,1531,-1,1531,1539,1542,-1,1531,1542,1532,-1,1532,1542,1541,-1,1532,1541,1524,-1,1524,1541,1540,-1,1524,1540,1525,-1,1525,1540,1538,-1,1525,1538,1526,-1,1526,1538,1490,-1,1526,1490,1488,-1,1531,1496,1516,-1,1516,1496,1494,-1,1516,1494,1514,-1,1514,1494,1492,-1,1514,1492,1507,-1,1006,1180,962,-1,962,1180,1181,-1,962,1181,963,-1,963,1181,1219,-1,963,1219,991,-1,991,1219,1221,-1,991,1221,995,-1,995,1221,1216,-1,995,1216,996,-1,996,1216,1170,-1,996,1170,924,-1,924,1170,923,-1,845,9,846,-1,846,9,75,-1,846,75,848,-1,848,75,74,-1,848,74,849,-1,849,74,72,-1,849,72,813,-1,813,72,71,-1,813,71,835,-1,835,71,68,-1,835,68,834,-1,834,68,67,-1,1456,1462,1447,-1,1447,1462,1466,-1,1447,1466,1449,-1,1449,1466,1464,-1,1449,1464,1475,-1,1464,1477,1475,-1,1475,1477,1483,-1,1475,1483,1471,-1,1471,1483,1482,-1,1471,1482,1472,-1,1472,1482,1481,-1,1472,1481,1473,-1,1473,1481,1486,-1,1473,1486,1476,-1,1476,1486,1431,-1,1476,1431,1433,-1,1450,1467,1484,-1,1484,1467,1470,-1,1484,1470,1478,-1,1478,1470,1469,-1,1478,1469,1479,-1,1479,1469,1468,-1,1479,1468,1480,-1,1480,1468,1474,-1,1480,1474,1485,-1,1485,1474,1434,-1,1485,1434,1432,-1,1484,1463,1450,-1,1450,1463,1465,-1,1450,1465,1448,-1,1448,1465,1436,-1,1448,1436,1435,-1,183,898,185,-1,185,898,897,-1,185,897,196,-1,196,897,895,-1,196,895,197,-1,197,895,893,-1,197,893,187,-1,187,893,892,-1,187,892,190,-1,190,892,871,-1,190,871,180,-1,180,871,870,-1,1284,1072,1241,-1,1241,1072,1073,-1,1241,1073,1242,-1,1242,1073,1111,-1,1242,1111,1272,-1,1272,1111,1113,-1,1272,1113,1276,-1,1276,1113,1108,-1,1276,1108,1277,-1,1277,1108,1081,-1,1277,1081,925,-1,925,1081,926,-1,1380,1400,1382,-1,1382,1400,1404,-1,1382,1404,1384,-1,1384,1404,1402,-1,1384,1402,1411,-1,1402,1421,1411,-1,1411,1421,1428,-1,1411,1428,1415,-1,1415,1428,1424,-1,1415,1424,1416,-1,1416,1424,1423,-1,1416,1423,1418,-1,1418,1423,1422,-1,1418,1422,1417,-1,1417,1422,1375,-1,1417,1375,1377,-1,1385,1414,1429,-1,1429,1414,1413,-1,1429,1413,1430,-1,1430,1413,1412,-1,1430,1412,1425,-1,1425,1412,1419,-1,1425,1419,1426,-1,1426,1419,1420,-1,1426,1420,1427,-1,1427,1420,1378,-1,1427,1378,1376,-1,1429,1401,1385,-1,1385,1401,1403,-1,1385,1403,1383,-1,1383,1403,1405,-1,1383,1405,1381,-1,1088,1252,1089,-1,1089,1252,1253,-1,1089,1253,1083,-1,1083,1253,1293,-1,1083,1293,1084,-1,1084,1293,1295,-1,1084,1295,1093,-1,1093,1295,1290,-1,1093,1290,1094,-1,1094,1290,1292,-1,1094,1292,1053,-1,1053,1292,1142,-1,682,563,683,-1,683,563,653,-1,683,653,764,-1,764,653,655,-1,764,655,765,-1,765,655,657,-1,765,657,734,-1,734,657,659,-1,734,659,735,-1,735,659,632,-1,735,632,737,-1,737,632,633,-1,202,201,899,-1,899,201,900,-1,202,899,203,-1,203,899,867,-1,861,199,818,-1,818,199,198,-1,818,198,819,-1,819,198,184,-1,819,184,896,-1,896,184,186,-1,896,186,894,-1,894,186,195,-1,894,195,869,-1,869,195,189,-1,869,189,867,-1,867,189,203,-1,861,891,199,-1,199,891,200,-1,885,168,886,-1,886,168,179,-1,886,179,887,-1,887,179,194,-1,887,194,888,-1,888,194,193,-1,888,193,889,-1,889,193,192,-1,889,192,890,-1,890,192,191,-1,890,191,891,-1,891,191,200,-1,168,885,169,-1,169,885,907,-1,3,169,909,-1,909,169,907,-1,142,3,910,-1,910,3,909,-1,161,863,165,-1,165,863,857,-1,165,857,1543,-1,1543,857,1544,-1,1543,1544,1545,-1,1545,1544,1546,-1,1545,1546,1547,-1,1547,1546,1548,-1,1547,1548,1549,-1,1549,1548,1550,-1,1549,1550,1551,-1,1550,1552,1551,-1,1551,1552,1553,-1,1551,1553,1554,-1,1554,1553,1555,-1,1554,1555,1556,-1,1556,1555,1557,-1,1556,1557,1558,-1,1558,1557,1559,-1,1558,1559,1560,-1,1560,1559,1561,-1,1560,1561,1562,-1,1562,1561,1563,-1,1562,1563,1564,-1,1564,1563,1565,-1,1564,1565,1566,-1,1566,1565,1567,-1,1566,1567,1568,-1,1568,1567,1569,-1,1568,1569,1570,-1,1570,1569,1571,-1,1570,1571,1572,-1,1572,1571,1573,-1,1572,1573,1574,-1,855,162,856,-1,856,162,166,-1,856,166,1575,-1,1575,166,1576,-1,1575,1576,1577,-1,1577,1576,1578,-1,1577,1578,1579,-1,1579,1578,1580,-1,1579,1580,1581,-1,1581,1580,1582,-1,1581,1582,1583,-1,1583,1582,1584,-1,1583,1584,1585,-1,1585,1584,1586,-1,1585,1586,1587,-1,1587,1586,1588,-1,1588,1586,1589,-1,1588,1589,1590,-1,1590,1589,1591,-1,1590,1591,1592,-1,1592,1591,1593,-1,1592,1593,1594,-1,1594,1593,1595,-1,1594,1595,1596,-1,1596,1595,1597,-1,1596,1597,1598,-1,1598,1597,1599,-1,1598,1599,1600,-1,1600,1599,1601,-1,1600,1601,1602,-1,1602,1601,1603,-1,1602,1603,1604,-1,1604,1603,1605,-1,1604,1605,1606,-1,901,900,152,-1,152,900,201,-1,130,128,830,-1,830,128,836,-1,126,832,124,-1,124,832,810,-1,124,810,1607,-1,1607,810,1608,-1,1607,1608,1609,-1,1609,1608,1610,-1,1609,1610,1611,-1,1611,1610,1612,-1,1611,1612,1613,-1,1613,1612,1614,-1,1613,1614,1615,-1,1614,1616,1615,-1,1615,1616,1617,-1,1615,1617,1618,-1,1618,1617,1619,-1,1618,1619,1620,-1,1620,1619,1621,-1,1620,1621,1622,-1,1622,1621,1623,-1,1622,1623,1624,-1,1624,1623,1625,-1,1624,1625,1626,-1,1626,1625,1627,-1,1626,1627,1628,-1,1628,1627,1629,-1,1628,1629,1630,-1,1630,1629,1631,-1,1630,1631,1632,-1,1632,1631,1633,-1,1632,1633,1634,-1,1634,1633,1635,-1,1634,1635,1636,-1,1636,1635,1637,-1,1636,1637,1638,-1,808,104,809,-1,809,104,111,-1,809,111,1639,-1,1639,111,1640,-1,1639,1640,1641,-1,1641,1640,1642,-1,1641,1642,1643,-1,1643,1642,1644,-1,1643,1644,1645,-1,1645,1644,1646,-1,1645,1646,1647,-1,1647,1646,1648,-1,1647,1648,1649,-1,1649,1648,1650,-1,1649,1650,1651,-1,1651,1650,1652,-1,1652,1650,1653,-1,1652,1653,1654,-1,1654,1653,1655,-1,1654,1655,1656,-1,1656,1655,1657,-1,1656,1657,1658,-1,1658,1657,1659,-1,1658,1659,1660,-1,1660,1659,1661,-1,1660,1661,1662,-1,1662,1661,1663,-1,1662,1663,1664,-1,1664,1663,1665,-1,1664,1665,1666,-1,1666,1665,1667,-1,1666,1667,1668,-1,1668,1667,1669,-1,1668,1669,1670,-1,902,908,108,-1,108,908,88,-1,90,88,906,-1,906,88,908,-1,90,906,91,-1,91,906,905,-1,859,85,860,-1,860,85,84,-1,860,84,850,-1,850,84,79,-1,850,79,851,-1,851,79,78,-1,851,78,852,-1,852,78,83,-1,852,83,853,-1,853,83,82,-1,853,82,905,-1,905,82,91,-1,859,858,85,-1,85,858,65,-1,811,60,812,-1,812,60,69,-1,812,69,847,-1,847,69,73,-1,847,73,814,-1,814,73,11,-1,814,11,815,-1,815,11,63,-1,815,63,817,-1,817,63,66,-1,817,66,858,-1,858,66,65,-1,60,811,58,-1,58,811,837,-1,128,58,836,-1,836,58,837,-1,648,668,732,-1,732,668,733,-1,595,783,596,-1,596,783,781,-1,596,781,1671,-1,1671,781,1672,-1,1671,1672,1673,-1,1673,1672,1674,-1,1673,1674,1675,-1,1675,1674,1676,-1,1675,1676,1677,-1,1677,1676,1678,-1,1677,1678,1679,-1,1678,1680,1679,-1,1679,1680,1681,-1,1679,1681,1682,-1,1682,1681,1683,-1,1682,1683,1684,-1,1684,1683,1685,-1,1684,1685,1686,-1,1686,1685,1687,-1,1686,1687,1688,-1,1688,1687,1689,-1,1688,1689,1690,-1,1690,1689,1691,-1,1690,1691,1692,-1,1692,1691,1693,-1,1692,1693,1694,-1,1694,1693,1695,-1,1694,1695,1696,-1,1696,1695,1697,-1,1696,1697,1698,-1,1698,1697,1699,-1,1698,1699,1700,-1,1700,1699,1701,-1,1700,1701,1702,-1,1703,1704,1705,-1,782,628,780,-1,780,628,597,-1,780,597,1706,-1,1706,597,1707,-1,1706,1707,1708,-1,1708,1707,1709,-1,1708,1709,1710,-1,1710,1709,1711,-1,1710,1711,1712,-1,1712,1711,1713,-1,1712,1713,1714,-1,1714,1713,1715,-1,1714,1715,1716,-1,1716,1715,1717,-1,1703,1705,1718,-1,1718,1705,1719,-1,1718,1719,1720,-1,1720,1719,1721,-1,1720,1721,1722,-1,1722,1721,1723,-1,1722,1723,1724,-1,1724,1723,1725,-1,1724,1725,1726,-1,1726,1725,1727,-1,1726,1727,1728,-1,1728,1727,1729,-1,1728,1729,1730,-1,1730,1729,1731,-1,1730,1731,1732,-1,1732,1731,1733,-1,1732,1733,1717,-1,1717,1733,1734,-1,1717,1734,1716,-1,793,791,676,-1,676,791,674,-1,791,789,674,-1,674,789,672,-1,672,789,645,-1,645,789,786,-1,645,786,618,-1,618,786,785,-1,618,785,621,-1,621,785,753,-1,621,753,622,-1,622,753,752,-1,622,752,623,-1,623,752,779,-1,623,779,663,-1,663,779,778,-1,663,778,664,-1,664,778,777,-1,751,665,777,-1,777,665,664,-1,665,751,574,-1,574,751,750,-1,574,750,565,-1,565,750,684,-1,565,684,654,-1,654,684,694,-1,654,694,656,-1,656,694,763,-1,656,763,658,-1,658,763,736,-1,658,736,666,-1,666,736,749,-1,666,749,667,-1,667,749,748,-1,748,733,667,-1,667,733,668,-1,747,680,587,-1,587,680,588,-1,588,680,616,-1,616,680,679,-1,616,679,589,-1,589,679,769,-1,589,769,613,-1,613,769,771,-1,613,771,611,-1,611,771,712,-1,611,712,640,-1,640,712,710,-1,640,710,641,-1,641,710,709,-1,641,709,642,-1,642,709,759,-1,758,669,759,-1,759,669,642,-1,669,758,670,-1,670,758,757,-1,670,757,671,-1,671,757,708,-1,671,708,619,-1,619,708,707,-1,619,707,620,-1,620,707,705,-1,620,705,643,-1,643,705,704,-1,643,704,644,-1,644,704,787,-1,644,787,673,-1,673,787,788,-1,788,790,673,-1,673,790,675,-1,677,675,792,-1,792,675,790,-1,604,741,602,-1,602,741,739,-1,602,739,1735,-1,1735,739,1736,-1,1735,1736,1737,-1,1737,1736,1738,-1,1737,1738,1739,-1,1739,1738,1740,-1,1739,1740,1741,-1,1741,1740,1742,-1,1741,1742,1743,-1,1742,1744,1743,-1,1743,1744,1745,-1,1743,1745,1746,-1,1746,1745,1747,-1,1746,1747,1748,-1,1748,1747,1749,-1,1748,1749,1750,-1,1750,1749,1751,-1,1750,1751,1752,-1,1752,1751,1753,-1,1752,1753,1754,-1,1754,1753,1755,-1,1754,1755,1756,-1,1756,1755,1757,-1,1756,1757,1758,-1,1758,1757,1759,-1,1758,1759,1760,-1,1760,1759,1761,-1,1760,1761,1762,-1,1762,1761,1763,-1,1762,1763,1764,-1,1764,1763,1765,-1,1764,1765,1766,-1,1767,1768,1769,-1,740,605,738,-1,738,605,603,-1,738,603,1770,-1,1770,603,1771,-1,1770,1771,1772,-1,1772,1771,1773,-1,1772,1773,1774,-1,1774,1773,1775,-1,1774,1775,1776,-1,1776,1775,1777,-1,1776,1777,1778,-1,1778,1777,1779,-1,1778,1779,1780,-1,1780,1779,1781,-1,1767,1769,1782,-1,1782,1769,1783,-1,1782,1783,1784,-1,1784,1783,1785,-1,1784,1785,1786,-1,1786,1785,1787,-1,1786,1787,1788,-1,1788,1787,1789,-1,1788,1789,1790,-1,1790,1789,1791,-1,1790,1791,1792,-1,1792,1791,1793,-1,1792,1793,1794,-1,1794,1793,1795,-1,1794,1795,1796,-1,1796,1795,1797,-1,1796,1797,1781,-1,1781,1797,1798,-1,1781,1798,1780,-1,728,747,586,-1,586,747,587,-1,1799,1800,1801,-1,1801,1800,1802,-1,1801,1802,1803,-1,1803,1802,1804,-1,1803,1804,1805,-1,1805,1804,1806,-1,1805,1806,1807,-1,1807,1806,1808,-1,1807,1808,1809,-1,1809,1808,1810,-1,1809,1810,1811,-1,1811,1810,1812,-1,1811,1812,1813,-1,1813,1812,1814,-1,1813,1814,1815,-1,1815,1814,1816,-1,1815,1816,1301,-1,1301,1816,1120,-1,1301,1120,1306,-1,1306,1120,1122,-1,1299,1123,1300,-1,1300,1123,1121,-1,1300,1121,1817,-1,1817,1121,1818,-1,1817,1818,1819,-1,1819,1818,1820,-1,1819,1820,1821,-1,1821,1820,1822,-1,1821,1822,1823,-1,1823,1822,1824,-1,1823,1824,1825,-1,1825,1824,1826,-1,1825,1826,1827,-1,1827,1826,1828,-1,1827,1828,1829,-1,1829,1828,1830,-1,1829,1830,1831,-1,1831,1830,1832,-1,1831,1832,1833,-1,1833,1832,1834,-1,1237,1268,1109,-1,1109,1268,1110,-1,1268,1267,1110,-1,1110,1267,1082,-1,1267,1266,1082,-1,1082,1266,1102,-1,1102,1266,1103,-1,1103,1266,1239,-1,1103,1239,1105,-1,1105,1239,1238,-1,1105,1238,1117,-1,1117,1238,1244,-1,1117,1244,1116,-1,1116,1244,1249,-1,1116,1249,1115,-1,1115,1249,1248,-1,1115,1248,1114,-1,1114,1248,1246,-1,1245,1263,1067,-1,1067,1263,1055,-1,1056,1279,1057,-1,1057,1279,1278,-1,1057,1278,1076,-1,1076,1278,1304,-1,1076,1304,1077,-1,1077,1304,1303,-1,1077,1303,1086,-1,1086,1303,1302,-1,1086,1302,1087,-1,1087,1302,1313,-1,1087,1313,1078,-1,1078,1313,1312,-1,1312,1311,1078,-1,1078,1311,1079,-1,1311,1310,1079,-1,1079,1310,1080,-1,1054,1080,1291,-1,1291,1080,1310,-1,1161,1189,1015,-1,1015,1189,1029,-1,1030,1029,1188,-1,1188,1029,1189,-1,1188,1187,1030,-1,1030,1187,1031,-1,1163,1026,1164,-1,1164,1026,1025,-1,1164,1025,1185,-1,1185,1025,1024,-1,1185,1024,1186,-1,1186,1024,1011,-1,1186,1011,1195,-1,1195,1011,1010,-1,1195,1010,1196,-1,1196,1010,1032,-1,1196,1032,1187,-1,1187,1032,1031,-1,1162,1169,977,-1,977,1169,966,-1,1211,988,1212,-1,1212,988,961,-1,1212,961,1213,-1,1213,961,960,-1,1213,960,1225,-1,1225,960,965,-1,1225,965,1224,-1,1224,965,970,-1,1224,970,1223,-1,1223,970,969,-1,1223,969,1222,-1,1222,969,967,-1,1211,1171,988,-1,988,1171,989,-1,990,989,1218,-1,1218,989,1171,-1,959,990,1217,-1,1217,990,1218,-1,1835,1836,1837,-1,1837,1836,1838,-1,1837,1838,1839,-1,1839,1838,1840,-1,1839,1840,1841,-1,1841,1840,1842,-1,1841,1842,1843,-1,1843,1842,1844,-1,1843,1844,1845,-1,1845,1844,1846,-1,1845,1846,1847,-1,1847,1846,1848,-1,1847,1848,1849,-1,1849,1848,1850,-1,1849,1850,1851,-1,1851,1850,1852,-1,1851,1852,1227,-1,1227,1852,1022,-1,1227,1022,1229,-1,1229,1022,1021,-1,1228,1028,1226,-1,1226,1028,1023,-1,1226,1023,1853,-1,1853,1023,1854,-1,1853,1854,1855,-1,1855,1854,1856,-1,1855,1856,1857,-1,1857,1856,1858,-1,1857,1858,1859,-1,1859,1858,1860,-1,1859,1860,1861,-1,1861,1860,1862,-1,1861,1862,1863,-1,1863,1862,1864,-1,1863,1864,1865,-1,1865,1864,1866,-1,1865,1866,1867,-1,1867,1866,1868,-1,1867,1868,1869,-1,1869,1868,1870,-1,1871,1872,1873,-1,1873,1872,1874,-1,857,856,1575,-1,857,1575,1544,-1,1544,1575,1577,-1,1544,1577,1546,-1,1546,1577,1579,-1,1546,1579,1548,-1,1548,1579,1581,-1,1548,1581,1550,-1,1550,1581,1583,-1,1550,1583,1552,-1,1552,1583,1585,-1,1552,1585,1553,-1,1553,1585,1587,-1,1553,1587,1555,-1,1555,1587,1588,-1,1555,1588,1557,-1,1557,1588,1590,-1,1557,1590,1559,-1,1559,1590,1592,-1,1559,1592,1561,-1,1561,1592,1594,-1,1561,1594,1563,-1,1563,1594,1596,-1,1563,1596,1565,-1,1565,1596,1598,-1,1565,1598,1567,-1,1567,1598,1600,-1,1567,1600,1569,-1,1569,1600,1602,-1,1569,1602,1571,-1,1571,1602,1604,-1,1571,1604,1573,-1,1875,1604,1606,-1,1606,1876,1875,-1,1875,1876,1877,-1,1875,1877,1878,-1,1878,1879,1875,-1,1875,1879,1880,-1,1875,1880,1881,-1,1881,1882,1875,-1,1875,1882,1883,-1,1875,1883,1604,-1,1604,1883,1884,-1,1884,1885,1604,-1,1604,1885,1886,-1,1604,1886,1873,-1,1873,1874,1604,-1,1604,1874,1887,-1,1604,1887,1888,-1,1888,1889,1604,-1,1604,1889,1890,-1,1604,1890,1891,-1,1891,1892,1604,-1,1604,1892,1893,-1,1604,1893,1894,-1,1894,1895,1604,-1,1604,1895,1896,-1,1604,1896,1897,-1,1897,1898,1604,-1,1604,1898,1574,-1,1604,1574,1573,-1,1603,1572,1899,-1,1899,1900,1603,-1,1603,1900,1901,-1,1603,1901,1902,-1,1902,1903,1603,-1,1603,1903,1904,-1,1603,1904,1905,-1,1906,1871,1907,-1,1871,1906,1872,-1,1908,1872,1909,-1,1909,1872,1906,-1,1909,1906,1910,-1,1910,1906,1907,-1,1910,1911,1909,-1,1909,1911,1912,-1,1909,1912,1913,-1,1914,1915,1916,-1,1916,1915,1909,-1,1916,1909,1917,-1,1917,1909,1913,-1,1918,1905,1916,-1,1916,1905,1919,-1,1916,1919,1914,-1,1918,1920,1905,-1,1905,1920,1921,-1,1905,1921,1922,-1,1922,1923,1905,-1,1905,1923,1605,-1,1905,1605,1603,-1,1572,1603,1570,-1,1570,1603,1601,-1,1570,1601,1568,-1,1568,1601,1599,-1,1568,1599,1566,-1,1566,1599,1597,-1,1566,1597,1564,-1,1564,1597,1595,-1,1564,1595,1562,-1,1562,1595,1593,-1,1562,1593,1560,-1,1560,1593,1591,-1,1560,1591,1558,-1,1558,1591,1589,-1,1558,1589,1556,-1,1556,1589,1586,-1,1556,1586,1554,-1,1554,1586,1584,-1,1554,1584,1551,-1,1551,1584,1582,-1,1551,1582,1549,-1,1549,1582,1580,-1,1549,1580,1547,-1,1547,1580,1578,-1,1547,1578,1545,-1,1545,1578,1576,-1,1545,1576,1543,-1,1543,1576,166,-1,1543,166,165,-1,1924,1925,1926,-1,1926,1925,1927,-1,810,809,1639,-1,810,1639,1608,-1,1608,1639,1641,-1,1608,1641,1610,-1,1610,1641,1643,-1,1610,1643,1612,-1,1612,1643,1645,-1,1612,1645,1614,-1,1614,1645,1647,-1,1614,1647,1616,-1,1616,1647,1649,-1,1616,1649,1617,-1,1617,1649,1651,-1,1617,1651,1619,-1,1619,1651,1652,-1,1619,1652,1621,-1,1621,1652,1654,-1,1621,1654,1623,-1,1623,1654,1656,-1,1623,1656,1625,-1,1625,1656,1658,-1,1625,1658,1627,-1,1627,1658,1660,-1,1627,1660,1629,-1,1629,1660,1662,-1,1629,1662,1631,-1,1631,1662,1664,-1,1631,1664,1633,-1,1633,1664,1666,-1,1633,1666,1635,-1,1635,1666,1668,-1,1635,1668,1637,-1,1928,1929,1930,-1,1930,1929,1931,-1,1930,1931,1932,-1,1933,1934,1930,-1,1932,1935,1930,-1,1930,1935,1936,-1,1930,1936,1933,-1,1937,1927,1938,-1,1927,1937,1926,-1,1939,1926,1940,-1,1940,1926,1937,-1,1940,1937,1941,-1,1941,1937,1938,-1,1941,1942,1940,-1,1940,1942,1943,-1,1940,1943,1944,-1,1934,1945,1930,-1,1930,1945,1940,-1,1930,1940,1946,-1,1946,1940,1944,-1,1947,1668,1930,-1,1930,1668,1670,-1,1930,1670,1928,-1,1947,1948,1668,-1,1668,1948,1949,-1,1668,1949,1950,-1,1950,1951,1668,-1,1668,1951,1638,-1,1668,1638,1637,-1,1667,1636,1952,-1,1952,1953,1667,-1,1667,1953,1954,-1,1667,1954,1955,-1,1955,1956,1667,-1,1667,1956,1957,-1,1667,1957,1958,-1,1959,1960,1961,-1,1961,1960,1962,-1,1924,1963,1925,-1,1925,1963,1959,-1,1925,1959,1964,-1,1924,1965,1963,-1,1963,1965,1966,-1,1963,1966,1959,-1,1959,1966,1967,-1,1959,1967,1960,-1,1968,1958,1960,-1,1960,1958,1969,-1,1960,1969,1962,-1,1968,1970,1958,-1,1958,1970,1971,-1,1958,1971,1972,-1,1972,1973,1958,-1,1958,1973,1974,-1,1958,1974,1975,-1,1975,1976,1958,-1,1958,1976,1669,-1,1958,1669,1667,-1,1636,1667,1634,-1,1634,1667,1665,-1,1634,1665,1632,-1,1632,1665,1663,-1,1632,1663,1630,-1,1630,1663,1661,-1,1630,1661,1628,-1,1628,1661,1659,-1,1628,1659,1626,-1,1626,1659,1657,-1,1626,1657,1624,-1,1624,1657,1655,-1,1624,1655,1622,-1,1622,1655,1653,-1,1622,1653,1620,-1,1620,1653,1650,-1,1620,1650,1618,-1,1618,1650,1648,-1,1618,1648,1615,-1,1615,1648,1646,-1,1615,1646,1613,-1,1613,1646,1644,-1,1613,1644,1611,-1,1611,1644,1642,-1,1611,1642,1609,-1,1609,1642,1640,-1,1609,1640,1607,-1,1607,1640,111,-1,1607,111,124,-1,1977,1978,1979,-1,1979,1978,1980,-1,1857,1847,1849,-1,1857,1849,1855,-1,1855,1849,1851,-1,1855,1851,1853,-1,1853,1851,1227,-1,1853,1227,1226,-1,1023,1022,1852,-1,1023,1852,1854,-1,1854,1852,1850,-1,1854,1850,1856,-1,1856,1850,1848,-1,1856,1848,1858,-1,1857,1859,1847,-1,1847,1859,1845,-1,1860,1858,1846,-1,1846,1858,1848,-1,1867,1837,1839,-1,1867,1839,1865,-1,1865,1839,1841,-1,1865,1841,1863,-1,1863,1841,1843,-1,1863,1843,1861,-1,1861,1843,1845,-1,1861,1845,1859,-1,1860,1846,1844,-1,1860,1844,1862,-1,1862,1844,1842,-1,1862,1842,1864,-1,1864,1842,1840,-1,1864,1840,1866,-1,1866,1840,1838,-1,1866,1838,1868,-1,1981,1982,1869,-1,1869,1982,1979,-1,1869,1979,1867,-1,1867,1979,1837,-1,1837,1979,1980,-1,1837,1980,1835,-1,1835,1980,1983,-1,1835,1983,1984,-1,1984,1985,1835,-1,1835,1985,1986,-1,1835,1986,1987,-1,1988,1989,1869,-1,1869,1989,1990,-1,1869,1990,1981,-1,1991,1992,1836,-1,1836,1992,1978,-1,1836,1978,1838,-1,1838,1978,1868,-1,1868,1978,1977,-1,1868,1977,1870,-1,1870,1977,1993,-1,1870,1993,1994,-1,1995,1996,1836,-1,1836,1996,1997,-1,1836,1997,1991,-1,1994,1998,1870,-1,1870,1998,1999,-1,1870,1999,2000,-1,2001,2002,2003,-1,2003,2002,2004,-1,2005,2006,2007,-1,2006,1705,2007,-1,2007,1705,1704,-1,2007,1704,2008,-1,2008,2009,2007,-1,2007,2009,2010,-1,2007,2010,2011,-1,2011,2012,2007,-1,2007,2012,2013,-1,2007,2013,2005,-1,2006,2014,1705,-1,1705,2014,2015,-1,1705,2015,2016,-1,2016,2002,1705,-1,1705,2002,2001,-1,1705,2001,2017,-1,2017,2018,1705,-1,1705,2018,2019,-1,1705,2019,2020,-1,2020,2021,1705,-1,1705,2021,2022,-1,1705,2022,2023,-1,2023,2024,1705,-1,1705,2024,2025,-1,1705,2025,2026,-1,2026,2027,1705,-1,1705,2027,2028,-1,1705,2028,1702,-1,1702,1701,1705,-1,1705,1701,1699,-1,1705,1699,1719,-1,1719,1699,1697,-1,1719,1697,1721,-1,1721,1697,1695,-1,1721,1695,1723,-1,1723,1695,1693,-1,1723,1693,1725,-1,1725,1693,1691,-1,1725,1691,1727,-1,1727,1691,1689,-1,1727,1689,1729,-1,1729,1689,1687,-1,1729,1687,1731,-1,1731,1687,1685,-1,1731,1685,1733,-1,1733,1685,1683,-1,1733,1683,1734,-1,1734,1683,1681,-1,1734,1681,1716,-1,1716,1681,1680,-1,1716,1680,1714,-1,1714,1680,1678,-1,1714,1678,1712,-1,1712,1678,1676,-1,1712,1676,1710,-1,1710,1676,1674,-1,1710,1674,1708,-1,1708,1674,1672,-1,1708,1672,1706,-1,1706,1672,781,-1,1706,781,780,-1,597,596,1671,-1,597,1671,1707,-1,1707,1671,1673,-1,1707,1673,1709,-1,1709,1673,1675,-1,1709,1675,1711,-1,1711,1675,1677,-1,1711,1677,1713,-1,1713,1677,1679,-1,1713,1679,1715,-1,1715,1679,1682,-1,1715,1682,1717,-1,1717,1682,1684,-1,1717,1684,1732,-1,1732,1684,1686,-1,1732,1686,1730,-1,1730,1686,1688,-1,1730,1688,1728,-1,1728,1688,1690,-1,1728,1690,1726,-1,1726,1690,1692,-1,1726,1692,1724,-1,1724,1692,1694,-1,1724,1694,1722,-1,1722,1694,1696,-1,1722,1696,1720,-1,1720,1696,1698,-1,1720,1698,1718,-1,1718,1698,1700,-1,1718,1700,2029,-1,2029,2030,1718,-1,1718,2030,2031,-1,1718,2031,2032,-1,2032,2033,1718,-1,1718,2033,2034,-1,1718,2034,2035,-1,2036,2004,2037,-1,2004,2036,2003,-1,2038,2003,2039,-1,2039,2003,2036,-1,2039,2036,2040,-1,2040,2036,2037,-1,2040,2041,2039,-1,2039,2041,2042,-1,2039,2042,2043,-1,2044,2045,2046,-1,2046,2045,2039,-1,2046,2039,2047,-1,2047,2039,2043,-1,2048,2035,2046,-1,2046,2035,2049,-1,2046,2049,2044,-1,2048,2050,2035,-1,2035,2050,2051,-1,2035,2051,2052,-1,2052,2053,2035,-1,2035,2053,1703,-1,2035,1703,1718,-1,2054,2055,2056,-1,2056,2055,2057,-1,2058,2059,1769,-1,1769,1768,2058,-1,2058,1768,2060,-1,2058,2060,2061,-1,2062,2063,2058,-1,2058,2063,2064,-1,2058,2064,2059,-1,2061,2065,2058,-1,2058,2065,2066,-1,2058,2066,2062,-1,2059,2067,1769,-1,1769,2067,2068,-1,1769,2068,2069,-1,2069,2055,1769,-1,1769,2055,2054,-1,1769,2054,2070,-1,2070,2071,1769,-1,1769,2071,2072,-1,1769,2072,2073,-1,2073,2074,1769,-1,1769,2074,2075,-1,1769,2075,2076,-1,2076,2077,1769,-1,1769,2077,2078,-1,1769,2078,2079,-1,2079,2080,1769,-1,1769,2080,2081,-1,1769,2081,1766,-1,1766,1765,1769,-1,1769,1765,1763,-1,1769,1763,1783,-1,1783,1763,1761,-1,1783,1761,1785,-1,1785,1761,1759,-1,1785,1759,1787,-1,1787,1759,1757,-1,1787,1757,1789,-1,1789,1757,1755,-1,1789,1755,1791,-1,1791,1755,1753,-1,1791,1753,1793,-1,1793,1753,1751,-1,1793,1751,1795,-1,1795,1751,1749,-1,1795,1749,1797,-1,1797,1749,1747,-1,1797,1747,1798,-1,1798,1747,1745,-1,1798,1745,1780,-1,1780,1745,1744,-1,1780,1744,1778,-1,1778,1744,1742,-1,1778,1742,1776,-1,1776,1742,1740,-1,1776,1740,1774,-1,1774,1740,1738,-1,1774,1738,1772,-1,1772,1738,1736,-1,1772,1736,1770,-1,1770,1736,739,-1,1770,739,738,-1,603,602,1735,-1,603,1735,1771,-1,1771,1735,1737,-1,1771,1737,1773,-1,1773,1737,1739,-1,1773,1739,1775,-1,1775,1739,1741,-1,1775,1741,1777,-1,1777,1741,1743,-1,1777,1743,1779,-1,1779,1743,1746,-1,1779,1746,1781,-1,1781,1746,1748,-1,1781,1748,1796,-1,1796,1748,1750,-1,1796,1750,1794,-1,1794,1750,1752,-1,1794,1752,1792,-1,1792,1752,1754,-1,1792,1754,1790,-1,1790,1754,1756,-1,1790,1756,1788,-1,1788,1756,1758,-1,1788,1758,1786,-1,1786,1758,1760,-1,1786,1760,1784,-1,1784,1760,1762,-1,1784,1762,1782,-1,1782,1762,1764,-1,1782,1764,2082,-1,2082,2083,1782,-1,1782,2083,2084,-1,1782,2084,2085,-1,2085,2086,1782,-1,1782,2086,2087,-1,1782,2087,2088,-1,2088,2089,1782,-1,1782,2089,2090,-1,1782,2090,2091,-1,2091,2092,1782,-1,1782,2092,2093,-1,1782,2093,2056,-1,2056,2057,1782,-1,1782,2057,2094,-1,1782,2094,2095,-1,2096,2097,2098,-1,2098,2097,2099,-1,2099,2100,2098,-1,2098,2100,2101,-1,2098,2101,2102,-1,2095,2103,1782,-1,1782,2103,2104,-1,1782,2104,2098,-1,2098,2104,2105,-1,2098,2105,2096,-1,2102,2106,2098,-1,2098,2106,1767,-1,2098,1767,1782,-1,2107,2108,2109,-1,2109,2108,2110,-1,1812,1822,1820,-1,1812,1820,1814,-1,1814,1820,1818,-1,1814,1818,1816,-1,1816,1818,1121,-1,1816,1121,1120,-1,1301,1300,1817,-1,1301,1817,1815,-1,1815,1817,1819,-1,1815,1819,1813,-1,1813,1819,1821,-1,1813,1821,1811,-1,1812,1810,1822,-1,1822,1810,1824,-1,1809,1811,1823,-1,1823,1811,1821,-1,1802,1832,1830,-1,1802,1830,1804,-1,1804,1830,1828,-1,1804,1828,1806,-1,1806,1828,1826,-1,1806,1826,1808,-1,1808,1826,1824,-1,1808,1824,1810,-1,1809,1823,1825,-1,1809,1825,1807,-1,1807,1825,1827,-1,1807,1827,1805,-1,1805,1827,1829,-1,1805,1829,1803,-1,1803,1829,1831,-1,1803,1831,1801,-1,2111,2112,1800,-1,1800,2112,2109,-1,1800,2109,1802,-1,1802,2109,1832,-1,1832,2109,2110,-1,1832,2110,1834,-1,1834,2110,2113,-1,1834,2113,2114,-1,2115,2116,1800,-1,1800,2116,2117,-1,1800,2117,2111,-1,2114,2118,1834,-1,1834,2118,2119,-1,1834,2119,2120,-1,2121,2122,1833,-1,1833,2122,2108,-1,1833,2108,1831,-1,1831,2108,1801,-1,1801,2108,2107,-1,1801,2107,1799,-1,1799,2107,2123,-1,1799,2123,2124,-1,2124,2125,1799,-1,1799,2125,2126,-1,1799,2126,2127,-1,2128,2129,1833,-1,1833,2129,2130,-1,1833,2130,2121,-1,966,1169,967,-1,967,1169,1222,-1,1026,1163,977,-1,977,1163,1162,-1,1263,1279,1055,-1,1055,1279,1056,-1,1246,1245,1114,-1,1114,1245,1067,-1,1869,1870,2000,-1,1869,2000,1988,-1,1988,2000,1999,-1,1988,1999,1989,-1,1989,1999,1998,-1,1989,1998,1990,-1,1990,1998,1994,-1,1990,1994,1981,-1,1981,1994,1993,-1,1981,1993,1982,-1,1982,1993,1977,-1,1982,1977,1979,-1,1836,1835,1987,-1,1836,1987,1995,-1,1995,1987,1986,-1,1995,1986,1996,-1,1996,1986,1985,-1,1996,1985,1997,-1,1997,1985,1984,-1,1997,1984,1991,-1,1991,1984,1983,-1,1991,1983,1992,-1,1992,1983,1980,-1,1992,1980,1978,-1,1800,1799,2127,-1,1800,2127,2115,-1,2115,2127,2126,-1,2115,2126,2116,-1,2116,2126,2125,-1,2116,2125,2117,-1,2117,2125,2124,-1,2117,2124,2111,-1,2111,2124,2123,-1,2111,2123,2112,-1,2112,2123,2107,-1,2112,2107,2109,-1,1833,1834,2120,-1,1833,2120,2128,-1,2128,2120,2119,-1,2128,2119,2129,-1,2129,2119,2118,-1,2129,2118,2130,-1,2130,2118,2114,-1,2130,2114,2121,-1,2121,2114,2113,-1,2121,2113,2122,-1,2122,2113,2110,-1,2122,2110,2108,-1,1700,1702,2029,-1,2029,1702,2028,-1,2029,2028,2030,-1,2030,2028,2027,-1,2030,2027,2031,-1,2031,2027,2026,-1,2031,2026,2032,-1,2032,2026,2025,-1,2032,2025,2033,-1,2033,2025,2024,-1,2033,2024,2034,-1,2034,2024,2023,-1,2034,2023,2035,-1,2035,2023,2049,-1,2049,2023,2022,-1,2049,2022,2044,-1,2001,2003,2017,-1,2017,2003,2038,-1,2017,2038,2018,-1,2018,2038,2039,-1,2018,2039,2019,-1,2019,2039,2045,-1,2019,2045,2020,-1,2020,2045,2044,-1,2020,2044,2021,-1,2021,2044,2022,-1,1704,1703,2008,-1,2008,1703,2053,-1,2008,2053,2009,-1,2009,2053,2052,-1,2009,2052,2010,-1,2010,2052,2051,-1,2010,2051,2011,-1,2011,2051,2050,-1,2011,2050,2012,-1,2012,2050,2048,-1,2012,2048,2013,-1,2048,2046,2013,-1,2013,2046,2047,-1,2013,2047,2005,-1,2040,2014,2041,-1,2041,2014,2006,-1,2041,2006,2042,-1,2042,2006,2005,-1,2042,2005,2043,-1,2043,2005,2047,-1,2004,2002,2037,-1,2037,2002,2016,-1,2037,2016,2040,-1,2040,2016,2015,-1,2040,2015,2014,-1,1764,1766,2082,-1,2082,1766,2081,-1,2082,2081,2083,-1,2083,2081,2080,-1,2083,2080,2084,-1,2084,2080,2079,-1,2084,2079,2085,-1,2085,2079,2078,-1,2085,2078,2086,-1,2086,2078,2077,-1,2086,2077,2087,-1,2087,2077,2076,-1,2087,2076,2088,-1,2088,2076,2089,-1,2089,2076,2075,-1,2089,2075,2090,-1,2054,2056,2070,-1,2070,2056,2093,-1,2070,2093,2071,-1,2071,2093,2092,-1,2071,2092,2072,-1,2072,2092,2091,-1,2072,2091,2073,-1,2073,2091,2090,-1,2073,2090,2074,-1,2074,2090,2075,-1,1768,1767,2060,-1,2060,1767,2106,-1,2060,2106,2061,-1,2061,2106,2102,-1,2061,2102,2065,-1,2065,2102,2101,-1,2065,2101,2066,-1,2066,2101,2100,-1,2066,2100,2062,-1,2062,2100,2099,-1,2062,2099,2063,-1,2099,2097,2063,-1,2063,2097,2096,-1,2063,2096,2064,-1,2095,2067,2103,-1,2103,2067,2059,-1,2103,2059,2104,-1,2104,2059,2064,-1,2104,2064,2105,-1,2105,2064,2096,-1,2057,2055,2094,-1,2094,2055,2069,-1,2094,2069,2095,-1,2095,2069,2068,-1,2095,2068,2067,-1,1606,1605,1876,-1,1876,1605,1923,-1,1876,1923,1877,-1,1877,1923,1922,-1,1877,1922,1878,-1,1878,1922,1921,-1,1878,1921,1879,-1,1879,1921,1920,-1,1879,1920,1880,-1,1880,1920,1918,-1,1880,1918,1881,-1,1918,1916,1881,-1,1881,1916,1917,-1,1881,1917,1882,-1,1910,1884,1911,-1,1911,1884,1883,-1,1911,1883,1912,-1,1912,1883,1882,-1,1912,1882,1913,-1,1913,1882,1917,-1,1871,1873,1907,-1,1907,1873,1886,-1,1907,1886,1910,-1,1910,1886,1885,-1,1910,1885,1884,-1,1572,1574,1899,-1,1899,1574,1898,-1,1899,1898,1900,-1,1900,1898,1897,-1,1900,1897,1901,-1,1901,1897,1896,-1,1901,1896,1902,-1,1902,1896,1895,-1,1902,1895,1903,-1,1903,1895,1894,-1,1903,1894,1904,-1,1904,1894,1893,-1,1904,1893,1905,-1,1905,1893,1919,-1,1919,1893,1892,-1,1919,1892,1914,-1,1874,1872,1887,-1,1887,1872,1908,-1,1887,1908,1888,-1,1888,1908,1909,-1,1888,1909,1889,-1,1889,1909,1915,-1,1889,1915,1890,-1,1890,1915,1914,-1,1890,1914,1891,-1,1891,1914,1892,-1,1670,1669,1928,-1,1928,1669,1976,-1,1928,1976,1929,-1,1929,1976,1975,-1,1929,1975,1931,-1,1931,1975,1974,-1,1931,1974,1932,-1,1932,1974,1973,-1,1932,1973,1935,-1,1935,1973,1972,-1,1935,1972,1936,-1,1972,1971,1936,-1,1936,1971,1970,-1,1936,1970,1933,-1,1966,1945,1967,-1,1967,1945,1934,-1,1967,1934,1960,-1,1960,1934,1933,-1,1960,1933,1968,-1,1968,1933,1970,-1,1924,1926,1965,-1,1965,1926,1939,-1,1965,1939,1966,-1,1966,1939,1940,-1,1966,1940,1945,-1,1636,1638,1952,-1,1952,1638,1951,-1,1952,1951,1953,-1,1953,1951,1950,-1,1953,1950,1954,-1,1954,1950,1949,-1,1954,1949,1955,-1,1955,1949,1948,-1,1955,1948,1956,-1,1956,1948,1947,-1,1956,1947,1957,-1,1957,1947,1930,-1,1957,1930,1958,-1,1958,1930,1969,-1,1969,1930,1946,-1,1969,1946,1962,-1,1927,1925,1938,-1,1938,1925,1964,-1,1938,1964,1941,-1,1941,1964,1959,-1,1941,1959,1942,-1,1942,1959,1961,-1,1942,1961,1943,-1,1943,1961,1962,-1,1943,1962,1944,-1,1944,1962,1946,-1,1251,1090,1294,-1,1294,1090,1091,-1,1294,1091,1307,-1,1307,1091,1085,-1,1307,1085,1308,-1,1308,1085,1130,-1,1308,1130,1309,-1,1309,1130,1129,-1,1309,1129,1288,-1,1288,1129,1128,-1,1288,1128,1289,-1,1289,1128,1092,-1,1289,1092,1291,-1,1291,1092,1054,-1,1306,1122,1259,-1,1259,1122,1059,-1,1259,1059,1260,-1,1260,1059,1058,-1,1260,1058,1285,-1,1285,1058,1065,-1,1285,1065,1286,-1,1286,1065,1097,-1,1286,1097,1287,-1,1287,1097,1096,-1,1287,1096,1251,-1,1251,1096,1090,-1,959,1217,994,-1,994,1217,1215,-1,994,1215,1002,-1,1002,1215,1214,-1,1002,1214,1003,-1,1003,1214,1233,-1,1003,1233,1004,-1,1004,1233,1232,-1,1004,1232,992,-1,992,1232,1231,-1,992,1231,993,-1,993,1231,1220,-1,993,1220,964,-1,964,1220,1179,-1,964,1179,1005,-1,1005,1179,1210,-1,1005,1210,997,-1,997,1210,1209,-1,997,1209,998,-1,998,1209,1208,-1,998,1208,999,-1,999,1208,1207,-1,999,1207,1027,-1,1027,1207,1230,-1,1027,1230,1021,-1,1021,1230,1229,-1,1237,1109,1275,-1,1275,1109,1107,-1,1275,1107,1296,-1,1296,1107,1106,-1,1296,1106,1297,-1,1297,1106,1127,-1,1297,1127,1298,-1,1298,1127,1126,-1,1298,1126,1273,-1,1273,1126,1125,-1,1273,1125,1274,-1,1274,1125,1112,-1,1274,1112,1243,-1,1243,1112,1071,-1,1243,1071,1283,-1,1283,1071,1101,-1,1283,1101,1269,-1,1269,1101,1100,-1,1269,1100,1270,-1,1270,1100,1099,-1,1270,1099,1271,-1,1271,1099,1098,-1,1271,1098,1305,-1,1305,1098,1124,-1,1305,1124,1299,-1,1299,1124,1123,-1,1028,1228,985,-1,985,1228,1166,-1,985,1166,986,-1,986,1166,1165,-1,986,1165,1007,-1,1007,1165,1175,-1,1007,1175,1008,-1,1008,1175,1206,-1,1008,1206,1009,-1,1009,1206,1205,-1,1009,1205,972,-1,972,1205,1199,-1,972,1199,1018,-1,1018,1199,1200,-1,1018,1200,1033,-1,1033,1200,1192,-1,1033,1192,1034,-1,1034,1192,1236,-1,1034,1236,1035,-1,1035,1236,1235,-1,1035,1235,1012,-1,1012,1235,1234,-1,1012,1234,1013,-1,1013,1234,1201,-1,1013,1201,1015,-1,1015,1201,1161,-1,162,855,154,-1,154,855,862,-1,154,862,155,-1,155,862,844,-1,155,844,156,-1,156,844,843,-1,156,843,157,-1,157,843,854,-1,157,854,158,-1,158,854,839,-1,158,839,159,-1,159,839,838,-1,159,838,145,-1,145,838,881,-1,145,881,146,-1,146,881,880,-1,146,880,147,-1,147,880,879,-1,147,879,148,-1,148,879,878,-1,148,878,149,-1,149,878,877,-1,149,877,153,-1,153,877,876,-1,153,876,152,-1,152,876,901,-1,783,595,784,-1,784,595,627,-1,784,627,774,-1,774,627,626,-1,774,626,775,-1,775,626,625,-1,775,625,776,-1,776,625,624,-1,776,624,746,-1,746,624,594,-1,746,594,689,-1,689,594,593,-1,689,593,690,-1,690,593,652,-1,690,652,722,-1,722,652,651,-1,722,651,723,-1,723,651,639,-1,723,639,724,-1,724,639,638,-1,724,638,729,-1,729,638,650,-1,729,650,730,-1,730,650,649,-1,730,649,732,-1,732,649,648,-1,142,910,143,-1,143,910,874,-1,143,874,144,-1,144,874,883,-1,144,883,134,-1,134,883,882,-1,134,882,135,-1,135,882,827,-1,135,827,137,-1,137,827,826,-1,137,826,138,-1,138,826,842,-1,138,842,139,-1,139,842,841,-1,139,841,140,-1,140,841,840,-1,140,840,141,-1,141,840,825,-1,141,825,131,-1,131,825,824,-1,131,824,132,-1,132,824,822,-1,132,822,160,-1,160,822,821,-1,160,821,161,-1,161,821,863,-1,793,676,794,-1,794,676,579,-1,794,579,766,-1,766,579,578,-1,766,578,754,-1,754,578,631,-1,754,631,755,-1,755,631,630,-1,755,630,767,-1,767,630,629,-1,767,629,768,-1,768,629,601,-1,768,601,721,-1,721,601,600,-1,721,600,720,-1,720,600,599,-1,720,599,719,-1,719,599,576,-1,719,576,743,-1,743,576,575,-1,743,575,744,-1,744,575,598,-1,744,598,745,-1,745,598,592,-1,745,592,782,-1,782,592,628,-1,104,808,105,-1,105,808,831,-1,105,831,95,-1,95,831,802,-1,95,802,96,-1,96,802,801,-1,96,801,98,-1,98,801,799,-1,98,799,99,-1,99,799,798,-1,99,798,93,-1,93,798,797,-1,93,797,94,-1,94,797,884,-1,94,884,100,-1,100,884,875,-1,100,875,101,-1,101,875,873,-1,101,873,102,-1,102,873,872,-1,102,872,106,-1,106,872,904,-1,106,904,107,-1,107,904,903,-1,107,903,108,-1,108,903,902,-1,741,604,742,-1,742,604,606,-1,742,606,685,-1,685,606,572,-1,685,572,686,-1,686,572,571,-1,686,571,698,-1,698,571,570,-1,698,570,699,-1,699,570,569,-1,699,569,700,-1,700,569,567,-1,700,567,717,-1,717,567,662,-1,717,662,718,-1,718,662,661,-1,718,661,760,-1,760,661,647,-1,760,647,761,-1,761,647,646,-1,761,646,762,-1,762,646,660,-1,762,660,756,-1,756,660,678,-1,756,678,792,-1,792,678,677,-1,130,830,112,-1,112,830,829,-1,112,829,113,-1,113,829,828,-1,113,828,115,-1,115,828,807,-1,115,807,116,-1,116,807,805,-1,116,805,117,-1,117,805,804,-1,117,804,118,-1,118,804,866,-1,118,866,119,-1,119,866,865,-1,119,865,120,-1,120,865,864,-1,120,864,121,-1,121,864,796,-1,121,796,122,-1,122,796,795,-1,122,795,123,-1,123,795,803,-1,123,803,127,-1,127,803,800,-1,127,800,126,-1,126,800,832,-1,728,586,701,-1,701,586,582,-1,701,582,702,-1,702,582,585,-1,702,585,703,-1,703,585,584,-1,703,584,692,-1,692,584,583,-1,692,583,693,-1,693,583,637,-1,693,637,695,-1,695,637,636,-1,695,636,696,-1,696,636,635,-1,696,635,697,-1,697,635,566,-1,697,566,714,-1,714,566,568,-1,714,568,715,-1,715,568,573,-1,715,573,716,-1,716,573,608,-1,716,608,687,-1,687,608,607,-1,687,607,740,-1,740,607,605,-1,1193,968,1155,-1,1155,968,958,-1,1155,958,1156,-1,1156,958,957,-1,1156,957,1157,-1,1157,957,956,-1,1157,956,1158,-1,1158,956,955,-1,1158,955,1159,-1,1159,955,954,-1,1159,954,1160,-1,1160,954,953,-1,1160,953,806,-1,806,953,114,-1,806,114,823,-1,823,114,133,-1,823,133,1314,-1,1314,133,1135,-1,1314,1135,1315,-1,1315,1135,1134,-1,1315,1134,1316,-1,1316,1134,1133,-1,1316,1133,1317,-1,1317,1133,1132,-1,1317,1132,1318,-1,1318,1132,1131,-1,1318,1131,1240,-1,1240,1131,1118,-1,1240,1118,1247,-1,1247,1118,1119,-1,1172,260,987,-1,987,260,297,-1,1074,421,1257,-1,1257,421,455,-1,350,362,393,-1,393,362,376,-1,322,292,326,-1,326,292,289,-1,326,289,328,-1,328,289,287,-1,328,287,330,-1,330,287,285,-1,330,285,332,-1,332,285,284,-1,332,284,336,-1,336,284,281,-1,336,281,341,-1,341,281,270,-1,297,260,295,-1,295,260,265,-1,295,265,304,-1,304,265,255,-1,304,255,306,-1,306,255,253,-1,306,253,317,-1,317,253,251,-1,317,251,315,-1,315,251,250,-1,315,250,310,-1,310,250,247,-1,353,292,377,-1,377,292,322,-1,379,310,351,-1,351,310,247,-1,505,517,548,-1,548,517,531,-1,430,495,428,-1,428,495,500,-1,428,500,437,-1,437,500,490,-1,437,490,439,-1,439,490,488,-1,439,488,450,-1,450,488,486,-1,450,486,448,-1,448,486,485,-1,448,485,443,-1,443,485,482,-1,402,477,406,-1,406,477,474,-1,406,474,408,-1,408,474,472,-1,408,472,410,-1,410,472,470,-1,410,470,412,-1,412,470,469,-1,412,469,416,-1,416,469,466,-1,416,466,421,-1,421,466,455,-1,508,443,532,-1,532,443,482,-1,534,477,506,-1,506,477,402,-1,528,527,547,-1,547,527,549,-1,492,438,491,-1,491,438,452,-1,447,481,449,-1,449,481,480,-1,449,480,451,-1,451,480,487,-1,451,487,452,-1,452,487,489,-1,452,489,491,-1,478,400,479,-1,479,400,405,-1,479,405,473,-1,473,405,407,-1,473,407,471,-1,471,407,409,-1,471,409,464,-1,464,409,411,-1,464,411,465,-1,422,435,463,-1,463,435,493,-1,258,278,302,-1,302,278,342,-1,257,305,256,-1,256,305,319,-1,314,246,316,-1,316,246,245,-1,316,245,318,-1,318,245,252,-1,318,252,319,-1,319,252,254,-1,319,254,256,-1,293,320,294,-1,294,320,325,-1,294,325,288,-1,288,325,327,-1,288,327,286,-1,286,327,329,-1,286,329,279,-1,279,329,331,-1,279,331,280,-1,373,372,392,-1,392,372,394,-1,555,557,1066,-1,1066,557,1262,-1,1066,1262,1068,-1,1068,1262,1261,-1,1068,1261,1069,-1,1069,1261,1282,-1,1069,1282,1070,-1,1070,1282,1281,-1,1070,1281,1104,-1,1104,1281,1280,-1,1104,1280,1119,-1,1119,1280,1247,-1,1074,1257,1075,-1,1075,1257,1265,-1,1075,1265,1061,-1,1061,1265,1264,-1,1061,1264,1062,-1,1062,1264,1256,-1,1062,1256,1063,-1,1063,1256,1255,-1,1063,1255,1064,-1,1064,1255,1254,-1,1064,1254,556,-1,556,1254,558,-1,559,561,1168,-1,1168,561,1020,-1,1168,1020,1176,-1,1176,1020,979,-1,1176,979,1177,-1,1177,979,978,-1,1177,978,1178,-1,1178,978,976,-1,1178,976,1194,-1,1194,976,975,-1,1194,975,1193,-1,1193,975,968,-1,1172,987,1173,-1,1173,987,1001,-1,1173,1001,1174,-1,1174,1001,1000,-1,1174,1000,1182,-1,1182,1000,983,-1,1182,983,1183,-1,1183,983,981,-1,1183,981,1184,-1,1184,981,980,-1,1184,980,560,-1,560,980,562,-1,422,463,423,-1,423,463,462,-1,423,462,424,-1,424,462,461,-1,424,461,419,-1,419,461,460,-1,419,460,420,-1,411,413,465,-1,465,413,418,-1,465,418,467,-1,467,418,417,-1,467,417,468,-1,468,417,415,-1,468,415,453,-1,453,415,414,-1,453,414,454,-1,454,414,427,-1,454,427,456,-1,456,427,426,-1,456,426,457,-1,457,426,425,-1,457,425,458,-1,458,425,420,-1,458,420,459,-1,459,420,460,-1,431,429,499,-1,499,429,442,-1,499,442,501,-1,501,442,441,-1,501,441,502,-1,502,441,440,-1,502,440,492,-1,492,440,436,-1,492,436,438,-1,499,498,431,-1,431,498,497,-1,431,497,432,-1,432,497,496,-1,432,496,433,-1,433,496,494,-1,433,494,434,-1,434,494,493,-1,434,493,435,-1,528,547,518,-1,518,547,546,-1,518,546,516,-1,516,546,530,-1,516,530,510,-1,510,530,529,-1,510,529,509,-1,509,529,540,-1,509,540,507,-1,507,540,539,-1,507,539,444,-1,444,539,484,-1,444,484,445,-1,445,484,483,-1,445,483,446,-1,446,483,481,-1,446,481,447,-1,549,527,551,-1,551,527,526,-1,551,526,552,-1,552,526,504,-1,552,504,545,-1,545,504,503,-1,545,503,535,-1,535,503,523,-1,535,523,533,-1,533,523,522,-1,533,522,475,-1,475,522,404,-1,475,404,476,-1,476,404,403,-1,476,403,478,-1,478,403,401,-1,478,401,400,-1,505,548,553,-1,505,553,519,-1,519,553,554,-1,519,554,520,-1,520,554,544,-1,520,544,521,-1,521,544,543,-1,521,543,525,-1,525,543,550,-1,525,550,524,-1,524,550,534,-1,524,534,506,-1,531,517,515,-1,531,515,536,-1,536,515,514,-1,536,514,537,-1,537,514,512,-1,537,512,538,-1,538,512,511,-1,538,511,542,-1,542,511,513,-1,542,513,541,-1,541,513,508,-1,541,508,532,-1,264,263,298,-1,298,263,262,-1,298,262,299,-1,299,262,261,-1,299,261,300,-1,300,261,259,-1,300,259,301,-1,301,259,258,-1,301,258,302,-1,298,296,264,-1,264,296,309,-1,264,309,266,-1,266,309,308,-1,266,308,267,-1,267,308,307,-1,267,307,257,-1,257,307,303,-1,257,303,305,-1,331,333,280,-1,280,333,338,-1,280,338,282,-1,282,338,337,-1,282,337,283,-1,283,337,335,-1,283,335,268,-1,268,335,334,-1,268,334,269,-1,269,334,347,-1,269,347,271,-1,271,347,346,-1,271,346,272,-1,272,346,345,-1,272,345,273,-1,273,345,340,-1,342,278,343,-1,343,278,277,-1,343,277,344,-1,344,277,276,-1,344,276,339,-1,339,276,275,-1,339,275,340,-1,340,275,274,-1,340,274,273,-1,373,392,363,-1,363,392,391,-1,363,391,361,-1,361,391,375,-1,361,375,357,-1,357,375,374,-1,357,374,354,-1,354,374,385,-1,354,385,352,-1,352,385,384,-1,352,384,290,-1,290,384,324,-1,290,324,291,-1,291,324,323,-1,291,323,293,-1,293,323,321,-1,293,321,320,-1,394,372,396,-1,396,372,371,-1,396,371,397,-1,397,371,349,-1,397,349,390,-1,390,349,348,-1,390,348,380,-1,380,348,368,-1,380,368,378,-1,378,368,367,-1,378,367,311,-1,311,367,249,-1,311,249,312,-1,312,249,248,-1,312,248,313,-1,313,248,246,-1,313,246,314,-1,350,393,398,-1,350,398,364,-1,364,398,399,-1,364,399,365,-1,365,399,389,-1,365,389,366,-1,366,389,388,-1,366,388,370,-1,370,388,395,-1,370,395,369,-1,369,395,379,-1,369,379,351,-1,376,362,360,-1,376,360,381,-1,381,360,359,-1,381,359,382,-1,382,359,356,-1,382,356,383,-1,383,356,355,-1,383,355,387,-1,387,355,358,-1,387,358,386,-1,386,358,353,-1,386,353,377,-1,
        ]
    }
}
Shape{
    appearance Appearance {
        material  Material 	{
            diffuseColor 0.2235294117647059 0.2235294117647059 0.2235294117647059
            specularColor 0.11372549019607843 0.11372549019607843 0.11372549019607843
            ambientIntensity 0.2235
            transparency 0.0
            shininess 0.5
        }
    }
    geometry IndexedFaceSet {
        ccw TRUE
        solid FALSE
        coord DEF co Coordinate {
            point [
                -0.5339 -4.2777 0.5276, -0.6568 -4.5926 0.5276, -0.5339 -4.2777 0.5236, -0.6568 -4.5926 0.5236, -0.6107 -4.5926 0.5276, -0.6107 -4.5926 0.5236, -0.5788 -4.5043 0.5276, -0.5788 -4.5043 0.5236, -0.4487 -4.5043 0.5276, -0.4487 -4.5043 0.5236, -0.4308 -4.5571 0.5236, -0.4187 -4.5926 0.5276, -0.4187 -4.5926 0.5236, -0.3726 -4.5926 0.5276, -0.3726 -4.5926 0.5236, -0.4308 -4.4387 0.5236, -0.4916 -4.2777 0.5276, -0.4916 -4.2777 0.5236, -0.4594 -4.4697 0.5276, -0.5647 -4.4697 0.5276, -0.5063 -4.3381 0.5276, -0.5094 -4.3272 0.5276, -0.5114 -4.3161 0.5276, -0.5124 -4.3161 0.5276, -0.5145 -4.3272 0.5276, -0.5173 -4.3381 0.5276, -0.4594 -4.4697 0.5236, -0.5647 -4.4697 0.5236, -0.5063 -4.3381 0.5236, -0.5094 -4.3272 0.5236, -0.5114 -4.3161 0.5236, -0.5124 -4.3161 0.5236, -0.5145 -4.3272 0.5236, -0.5173 -4.3381 0.5236, -0.1817 -4.5926 0.5276, -0.096 -4.5926 0.5276, -0.1817 -4.5926 0.5236, -0.096 -4.5926 0.5236, -0.096 -4.2777 0.5276, -0.096 -4.2777 0.5236, -0.1849 -4.2777 0.5276, -0.1849 -4.2777 0.5236, -0.3495 -4.4312 0.5276, -0.3495 -4.4312 0.5236, -0.3472 -4.4015 0.5236, -0.3472 -4.4015 0.5276, -0.3388 -4.3705 0.5236, -0.3388 -4.3705 0.5276, -0.3241 -4.3434 0.5236, -0.3241 -4.3434 0.5276, -0.3019 -4.3187 0.5236, -0.3019 -4.3187 0.5276, -0.3015 -4.3184 0.5236, -0.3015 -4.3184 0.5276, -0.2673 -4.2955 0.5236, -0.2673 -4.2955 0.5276, -0.2304 -4.2825 0.5236, -0.2304 -4.2825 0.5276, -0.2206 -4.5892 0.5236, -0.2206 -4.5892 0.5276, -0.2569 -4.5784 0.5236, -0.2569 -4.5784 0.5276, -0.2898 -4.5593 0.5236, -0.2898 -4.5593 0.5276, -0.3157 -4.5345 0.5236, -0.3157 -4.5345 0.5276, -0.3338 -4.5063 0.5236, -0.3338 -4.5063 0.5276, -0.3451 -4.4733 0.5236, -0.3451 -4.4733 0.5276, -0.2863 -4.3564 0.5276, -0.271 -4.3401 0.5276, -0.248 -4.3253 0.5276, -0.222 -4.3162 0.5276, -0.1847 -4.3122 0.5276, -0.1383 -4.3122 0.5276, -0.1383 -4.558 0.5276, -0.183 -4.558 0.5276, -0.2162 -4.5549 0.5276, -0.2427 -4.5467 0.5276, -0.2642 -4.5339 0.5276, -0.2819 -4.5165 0.5276, -0.2951 -4.4948 0.5276, -0.3044 -4.4652 0.5276, -0.3073 -4.4321 0.5276, -0.3046 -4.4007 0.5276, -0.2973 -4.3758 0.5276, -0.1847 -4.3122 0.5236, -0.1383 -4.3122 0.5236, -0.222 -4.3162 0.5236, -0.248 -4.3253 0.5236, -0.271 -4.3401 0.5236, -0.2863 -4.3564 0.5236, -0.2973 -4.3758 0.5236, -0.3046 -4.4007 0.5236, -0.3073 -4.4321 0.5236, -0.3044 -4.4652 0.5236, -0.2951 -4.4948 0.5236, -0.2819 -4.5165 0.5236, -0.2642 -4.5339 0.5236, -0.2427 -4.5467 0.5236, -0.2162 -4.5549 0.5236, -0.183 -4.558 0.5236, -0.1383 -4.558 0.5236, -0.0346 -4.558 0.5276, -0.0346 -4.5926 0.5276, -0.0346 -4.558 0.5236, -0.0346 -4.5926 0.5236, 0.1344 -4.5926 0.5276, 0.1344 -4.5926 0.5236, 0.1344 -4.2777 0.5276, 0.1344 -4.2777 0.5236, -0.0269 -4.2777 0.5276, -0.0269 -4.2777 0.5236, -0.0269 -4.3122 0.5276, -0.0269 -4.3122 0.5236, 0.0922 -4.3122 0.5276, 0.0922 -4.3122 0.5236, 0.0922 -4.4159 0.5276, 0.0922 -4.4159 0.5236, -0.0192 -4.4159 0.5276, -0.0192 -4.4159 0.5236, -0.0192 -4.4505 0.5276, -0.0192 -4.4505 0.5236, 0.0922 -4.4505 0.5276, 0.0922 -4.4505 0.5236, 0.0922 -4.558 0.5276, 0.0922 -4.558 0.5236, 0.1959 -4.5417 0.5276, 0.1959 -4.5763 0.5276, 0.1959 -4.5417 0.5236, 0.1959 -4.5763 0.5236, 0.2826 -4.5965 0.5276, 0.2826 -4.5965 0.5236, 0.2739 -4.5963 0.5236, 0.2739 -4.5963 0.5276, 0.2295 -4.5901 0.5236, 0.2295 -4.5901 0.5276, 0.4302 -4.4411 0.5276, 0.4302 -4.4411 0.5236, 0.4271 -4.4775 0.5236, 0.4271 -4.4775 0.5276, 0.4177 -4.5109 0.5236, 0.4177 -4.5109 0.5276, 0.4009 -4.5408 0.5236, 0.4009 -4.5408 0.5276, 0.3772 -4.5657 0.5236, 0.3772 -4.5657 0.5276, 0.3519 -4.5819 0.5236, 0.3519 -4.5819 0.5276, 0.3214 -4.5924 0.5236, 0.3214 -4.5924 0.5276, 0.27 -4.2738 0.5276, 0.27 -4.2738 0.5236, 0.3016 -4.2764 0.5276, 0.2935 -4.2757 0.5236, 0.3016 -4.2764 0.5236, 0.3368 -4.2866 0.5236, 0.3368 -4.2866 0.5276, 0.3667 -4.3038 0.5236, 0.3667 -4.3038 0.5276, 0.3951 -4.3312 0.5236, 0.3951 -4.3312 0.5276, 0.4136 -4.3606 0.5236, 0.4136 -4.3606 0.5276, 0.4257 -4.3963 0.5236, 0.4257 -4.3963 0.5276, 0.2422 -4.2757 0.5236, 0.2323 -4.2764 0.5276, 0.2323 -4.2764 0.5236, 0.1959 -4.2863 0.5276, 0.1959 -4.2863 0.5236, 0.1959 -4.3285 0.5276, 0.1959 -4.3285 0.5236, 0.2696 -4.3084 0.5276, 0.2696 -4.3084 0.5236, 0.2314 -4.3134 0.5236, 0.2314 -4.3134 0.5276, 0.3879 -4.4385 0.5276, 0.3879 -4.4385 0.5236, 0.3864 -4.414 0.5236, 0.3864 -4.414 0.5276, 0.378 -4.3803 0.5236, 0.378 -4.3803 0.5276, 0.3651 -4.356 0.5236, 0.3651 -4.356 0.5276, 0.346 -4.335 0.5236, 0.346 -4.335 0.5276, 0.3242 -4.3204 0.5236, 0.3242 -4.3204 0.5276, 0.3007 -4.3119 0.5236, 0.3007 -4.3119 0.5276, 0.2767 -4.5619 0.5276, 0.2767 -4.5619 0.5236, 0.3061 -4.5586 0.5236, 0.3061 -4.5586 0.5276, 0.3291 -4.5501 0.5236, 0.3291 -4.5501 0.5276, 0.3484 -4.5371 0.5236, 0.3484 -4.5371 0.5276, 0.3632 -4.5215 0.5236, 0.3632 -4.5215 0.5276, 0.3762 -4.4997 0.5236, 0.3762 -4.4997 0.5276, 0.3848 -4.4726 0.5236, 0.3848 -4.4726 0.5276, 0.2015 -4.5448 0.5236, 0.2015 -4.5448 0.5276, 0.2349 -4.5572 0.5236, 0.2349 -4.5572 0.5276, 0.4571 -4.558 0.5276, 0.4571 -4.5926 0.5276, 0.4571 -4.558 0.5236, 0.4571 -4.5926 0.5236, 0.6184 -4.5926 0.5276, 0.6184 -4.5926 0.5236, 0.6184 -4.2777 0.5276, 0.6184 -4.2777 0.5236, 0.5761 -4.2777 0.5276, 0.5761 -4.2777 0.5236, 0.5761 -4.558 0.5276, 0.5761 -4.558 0.5236
            ]
        }
        coordIndex [
            0,1,2,-1,2,1,3,-1,1,4,3,-1,3,4,5,-1,4,6,5,-1,5,6,7,-1,6,8,7,-1,7,8,9,-1,9,8,10,-1,10,8,11,-1,10,11,12,-1,11,13,12,-1,12,13,14,-1,14,13,15,-1,15,13,16,-1,15,16,17,-1,16,0,17,-1,17,0,2,-1,18,8,19,-1,19,8,6,-1,20,16,18,-1,18,16,13,-1,18,13,8,-1,8,13,11,-1,20,21,16,-1,16,21,22,-1,16,22,0,-1,0,22,23,-1,0,23,24,-1,24,25,0,-1,0,25,19,-1,0,19,1,-1,1,19,6,-1,1,6,4,-1,18,19,26,-1,26,19,27,-1,20,18,28,-1,28,18,26,-1,20,28,29,-1,20,29,21,-1,21,29,30,-1,21,30,22,-1,23,22,31,-1,31,22,30,-1,23,31,32,-1,23,32,24,-1,24,32,33,-1,24,33,25,-1,19,25,27,-1,27,25,33,-1,34,35,36,-1,36,35,37,-1,35,38,37,-1,37,38,39,-1,38,40,39,-1,39,40,41,-1,42,43,44,-1,42,44,45,-1,45,44,46,-1,45,46,47,-1,47,46,48,-1,47,48,49,-1,49,48,50,-1,49,50,51,-1,51,50,52,-1,51,52,53,-1,53,52,54,-1,53,54,55,-1,55,54,56,-1,55,56,57,-1,57,56,41,-1,57,41,40,-1,34,36,58,-1,34,58,59,-1,59,58,60,-1,59,60,61,-1,61,60,62,-1,61,62,63,-1,63,62,64,-1,63,64,65,-1,65,64,66,-1,65,66,67,-1,67,66,68,-1,67,68,69,-1,69,68,43,-1,69,43,42,-1,47,49,70,-1,70,49,51,-1,70,51,71,-1,71,51,53,-1,71,53,72,-1,72,53,55,-1,72,55,73,-1,73,55,57,-1,73,57,74,-1,74,57,40,-1,74,40,75,-1,75,40,38,-1,75,38,76,-1,76,38,35,-1,76,35,77,-1,77,35,34,-1,77,34,78,-1,78,34,59,-1,78,59,79,-1,79,59,61,-1,79,61,80,-1,80,61,63,-1,80,63,81,-1,81,63,65,-1,81,65,82,-1,82,65,67,-1,82,67,83,-1,83,67,69,-1,83,69,84,-1,84,69,42,-1,84,42,85,-1,85,42,45,-1,85,45,86,-1,86,45,47,-1,86,47,70,-1,74,75,87,-1,87,75,88,-1,74,87,89,-1,74,89,73,-1,73,89,90,-1,73,90,72,-1,72,90,91,-1,72,91,71,-1,71,91,92,-1,71,92,70,-1,70,92,93,-1,70,93,86,-1,86,93,94,-1,86,94,85,-1,85,94,95,-1,85,95,84,-1,84,95,96,-1,84,96,83,-1,83,96,97,-1,83,97,82,-1,82,97,98,-1,82,98,81,-1,81,98,99,-1,81,99,80,-1,80,99,100,-1,80,100,79,-1,79,100,101,-1,79,101,78,-1,78,101,102,-1,78,102,77,-1,76,77,103,-1,103,77,102,-1,75,76,88,-1,88,76,103,-1,104,105,106,-1,106,105,107,-1,105,108,107,-1,107,108,109,-1,108,110,109,-1,109,110,111,-1,110,112,111,-1,111,112,113,-1,112,114,113,-1,113,114,115,-1,114,116,115,-1,115,116,117,-1,116,118,117,-1,117,118,119,-1,118,120,119,-1,119,120,121,-1,120,122,121,-1,121,122,123,-1,122,124,123,-1,123,124,125,-1,124,126,125,-1,125,126,127,-1,126,104,127,-1,127,104,106,-1,108,105,104,-1,104,126,108,-1,108,126,124,-1,108,124,110,-1,114,112,116,-1,116,112,110,-1,116,110,118,-1,118,110,124,-1,118,124,120,-1,120,124,122,-1,128,129,130,-1,130,129,131,-1,132,133,134,-1,132,134,135,-1,135,134,136,-1,135,136,137,-1,137,136,131,-1,137,131,129,-1,138,139,140,-1,138,140,141,-1,141,140,142,-1,141,142,143,-1,143,142,144,-1,143,144,145,-1,145,144,146,-1,145,146,147,-1,147,146,148,-1,147,148,149,-1,149,148,150,-1,149,150,151,-1,151,150,133,-1,151,133,132,-1,152,153,154,-1,154,153,155,-1,155,156,154,-1,154,156,157,-1,154,157,158,-1,158,157,159,-1,158,159,160,-1,160,159,161,-1,160,161,162,-1,162,161,163,-1,162,163,164,-1,164,163,165,-1,164,165,166,-1,166,165,139,-1,166,139,138,-1,153,152,167,-1,167,152,168,-1,167,168,169,-1,169,168,170,-1,169,170,171,-1,170,172,171,-1,171,172,173,-1,174,175,176,-1,174,176,177,-1,177,176,173,-1,177,173,172,-1,178,179,180,-1,178,180,181,-1,181,180,182,-1,181,182,183,-1,183,182,184,-1,183,184,185,-1,185,184,186,-1,185,186,187,-1,187,186,188,-1,187,188,189,-1,189,188,190,-1,189,190,191,-1,191,190,175,-1,191,175,174,-1,192,193,194,-1,192,194,195,-1,195,194,196,-1,195,196,197,-1,197,196,198,-1,197,198,199,-1,199,198,200,-1,199,200,201,-1,201,200,202,-1,201,202,203,-1,203,202,204,-1,203,204,205,-1,205,204,179,-1,205,179,178,-1,128,130,206,-1,128,206,207,-1,207,206,208,-1,207,208,209,-1,209,208,193,-1,209,193,192,-1,195,132,192,-1,192,132,135,-1,192,135,209,-1,209,135,137,-1,209,137,207,-1,207,137,129,-1,207,129,128,-1,172,170,177,-1,177,170,168,-1,177,168,174,-1,174,168,152,-1,174,152,191,-1,191,152,154,-1,191,154,189,-1,189,154,158,-1,189,158,187,-1,187,158,160,-1,187,160,185,-1,185,160,162,-1,185,162,183,-1,183,162,164,-1,183,164,181,-1,181,164,166,-1,181,166,178,-1,178,166,138,-1,178,138,205,-1,205,138,141,-1,205,141,203,-1,203,141,143,-1,203,143,201,-1,201,143,145,-1,201,145,199,-1,199,145,147,-1,199,147,197,-1,197,147,149,-1,197,149,195,-1,195,149,151,-1,195,151,132,-1,210,211,212,-1,212,211,213,-1,211,214,213,-1,213,214,215,-1,214,216,215,-1,215,216,217,-1,216,218,217,-1,217,218,219,-1,218,220,219,-1,219,220,221,-1,220,210,221,-1,221,210,212,-1,218,216,220,-1,220,216,214,-1,220,214,210,-1,210,214,211,-1,
        ]
    }
}
Shape{
    appearance Appearance {
        material  Material 	{
            diffuseColor 0.6470588235294118 0.6196078431372549 0.5882352941176471
            specularColor 0.45098039215686275 0.43529411764705883 0.4117647058823529
            ambientIntensity 0.6242
            transparency 0.0
            shininess 0.5
        }
    }
    geometry IndexedFaceSet {
        ccw TRUE
        solid FALSE
        coord DEF co Coordinate {
            point [
                -0.4594 -4.4697 0.5236, -0.5647 -4.4697 0.5236, -0.5063 -4.3381 0.5236, -0.5173 -4.3381 0.5236, -0.5094 -4.3272 0.5236, -0.5145 -4.3272 0.5236, -0.5114 -4.3161 0.5236, -0.5124 -4.3161 0.5236, -0.1383 -4.3122 0.5236, -0.1383 -4.558 0.5236, -0.1847 -4.3122 0.5236, -0.183 -4.558 0.5236, -0.2162 -4.5549 0.5236, -0.3073 -4.4321 0.5236, -0.3046 -4.4007 0.5236, -0.2973 -4.3758 0.5236, -0.222 -4.3162 0.5236, -0.2427 -4.5467 0.5236, -0.2642 -4.5339 0.5236, -0.2819 -4.5165 0.5236, -0.2951 -4.4948 0.5236, -0.3044 -4.4652 0.5236, -0.2863 -4.3564 0.5236, -0.271 -4.3401 0.5236, -0.248 -4.3253 0.5236
            ]
        }
        coordIndex [
            0,1,2,-1,2,1,3,-1,2,3,4,-1,4,3,5,-1,4,5,6,-1,6,5,7,-1,8,9,10,-1,10,9,11,-1,10,11,12,-1,13,14,10,-1,10,14,15,-1,10,15,16,-1,12,17,10,-1,10,17,18,-1,10,18,19,-1,19,20,10,-1,10,20,21,-1,10,21,13,-1,22,23,15,-1,15,23,24,-1,15,24,16,-1,
        ]
    }
}