ISO-10303-21;
HEADER;
FILE_DESCRIPTION(('FreeCAD Model'),'2;1');
FILE_NAME('Open CASCADE Shape Model','2026-09-25T20:45:48',('FreeCAD'),(
    'FreeCAD'),'Open CASCADE STEP processor 7.9','FreeCAD','Unknown');
FILE_SCHEMA(('AUTOMOTIVE_DESIGN { 1 0 10303 214 1 1 1 1 }'));
ENDSEC;
DATA;
#1 = APPLICATION_PROTOCOL_DEFINITION('international standard',
  'automotive_design',2000,#2);
#2 = APPLICATION_CONTEXT(
  'core data for automotive mechanical design processes');
#3 = SHAPE_DEFINITION_REPRESENTATION(#4,#10);
#4 = PRODUCT_DEFINITION_SHAPE('','',#5);
#5 = PRODUCT_DEFINITION('design','',#6,#9);
#6 = PRODUCT_DEFINITION_FORMATION('','',#7);
#7 = PRODUCT('Open CASCADE STEP translator 7.9 6',
  'Open CASCADE STEP translator 7.9 6','',(#8));
#8 = PRODUCT_CONTEXT('',#2,'mechanical');
#9 = PRODUCT_DEFINITION_CONTEXT('part definition',#2,'design');
#10 = SHAPE_REPRESENTATION('',(#11,#15,#235,#455,#675,#895,#1115,#1335,
    #1485,#1705,#1925,#2145,#6811,#7027,#7579,#7993,#8525,#9021,#9435,
    #10267,#11092,#11635,#12049,#12581,#13077),#14446);
#11 = AXIS2_PLACEMENT_3D('',#12,#13,#14);
#12 = CARTESIAN_POINT('',(0.,0.,0.));
#13 = DIRECTION('',(0.,0.,1.));
#14 = DIRECTION('',(1.,0.,-0.));
#15 = MANIFOLD_SOLID_BREP('',#16);
#16 = CLOSED_SHELL('',(#17,#57,#90,#121,#152,#183,#207,#221));
#17 = ADVANCED_FACE('',(#18),#52,.F.);
#18 = FACE_BOUND('',#19,.T.);
#19 = EDGE_LOOP('',(#20,#30,#38,#46));
#20 = ORIENTED_EDGE('',*,*,#21,.T.);
#21 = EDGE_CURVE('',#22,#24,#26,.T.);
#22 = VERTEX_POINT('',#23);
#23 = CARTESIAN_POINT('',(-0.500820353572,1.032233050465,
    9.903223874049E-02));
#24 = VERTEX_POINT('',#25);
#25 = CARTESIAN_POINT('',(-0.500820353572,0.972233050446,
    9.903223874049E-02));
#26 = LINE('',#27,#28);
#27 = CARTESIAN_POINT('',(-0.500820353561,-2.915982927669E+05,
    9.903223874049E-02));
#28 = VECTOR('',#29,1.);
#29 = DIRECTION('',(0.,-1.,0.));
#30 = ORIENTED_EDGE('',*,*,#31,.F.);
#31 = EDGE_CURVE('',#32,#24,#34,.T.);
#32 = VERTEX_POINT('',#33);
#33 = CARTESIAN_POINT('',(-0.500820353572,0.972233050446,
    -9.677612595109E-04));
#34 = LINE('',#35,#36);
#35 = CARTESIAN_POINT('',(-0.500820353572,0.972233050446,
    -9.677612595109E-04));
#36 = VECTOR('',#37,1.);
#37 = DIRECTION('',(-0.,-0.,1.));
#38 = ORIENTED_EDGE('',*,*,#39,.F.);
#39 = EDGE_CURVE('',#40,#32,#42,.T.);
#40 = VERTEX_POINT('',#41);
#41 = CARTESIAN_POINT('',(-0.500820353572,1.032233050465,
    -9.677612595109E-04));
#42 = LINE('',#43,#44);
#43 = CARTESIAN_POINT('',(-0.500820353561,-2.915982927669E+05,
    -9.677612595109E-04));
#44 = VECTOR('',#45,1.);
#45 = DIRECTION('',(0.,-1.,0.));
#46 = ORIENTED_EDGE('',*,*,#47,.T.);
#47 = EDGE_CURVE('',#40,#22,#48,.T.);
#48 = LINE('',#49,#50);
#49 = CARTESIAN_POINT('',(-0.500820353572,1.032233050465,
    -9.677612595109E-04));
#50 = VECTOR('',#51,1.);
#51 = DIRECTION('',(-0.,-0.,1.));
#52 = PLANE('',#53);
#53 = AXIS2_PLACEMENT_3D('',#54,#55,#56);
#54 = CARTESIAN_POINT('',(-0.500820353561,-2.915982927669E+05,
    -9.677612595109E-04));
#55 = DIRECTION('',(-1.,0.,-0.));
#56 = DIRECTION('',(0.,0.,1.));
#57 = ADVANCED_FACE('',(#58),#85,.T.);
#58 = FACE_BOUND('',#59,.T.);
#59 = EDGE_LOOP('',(#60,#69,#77,#84));
#60 = ORIENTED_EDGE('',*,*,#61,.T.);
#61 = EDGE_CURVE('',#24,#62,#64,.T.);
#62 = VERTEX_POINT('',#63);
#63 = CARTESIAN_POINT('',(-0.620820353542,0.852233050465,
    9.903223874049E-02));
#64 = CIRCLE('',#65,0.12);
#65 = AXIS2_PLACEMENT_3D('',#66,#67,#68);
#66 = CARTESIAN_POINT('',(-0.620820353572,0.972233050451,
    9.903223874049E-02));
#67 = DIRECTION('',(0.,0.,-1.));
#68 = DIRECTION('',(-1.,0.,0.));
#69 = ORIENTED_EDGE('',*,*,#70,.F.);
#70 = EDGE_CURVE('',#71,#62,#73,.T.);
#71 = VERTEX_POINT('',#72);
#72 = CARTESIAN_POINT('',(-0.620820353542,0.852233050465,
    -9.677612595109E-04));
#73 = LINE('',#74,#75);
#74 = CARTESIAN_POINT('',(-0.620820353542,0.852233050465,
    -9.677612595109E-04));
#75 = VECTOR('',#76,1.);
#76 = DIRECTION('',(-0.,-0.,1.));
#77 = ORIENTED_EDGE('',*,*,#78,.F.);
#78 = EDGE_CURVE('',#32,#71,#79,.T.);
#79 = CIRCLE('',#80,0.12);
#80 = AXIS2_PLACEMENT_3D('',#81,#82,#83);
#81 = CARTESIAN_POINT('',(-0.620820353572,0.972233050451,
    -9.677612595109E-04));
#82 = DIRECTION('',(0.,0.,-1.));
#83 = DIRECTION('',(-1.,0.,0.));
#84 = ORIENTED_EDGE('',*,*,#31,.T.);
#85 = CYLINDRICAL_SURFACE('',#86,0.12);
#86 = AXIS2_PLACEMENT_3D('',#87,#88,#89);
#87 = CARTESIAN_POINT('',(-0.620820353572,0.972233050451,
    -9.677612595109E-04));
#88 = DIRECTION('',(-0.,-0.,1.));
#89 = DIRECTION('',(1.,0.,0.));
#90 = ADVANCED_FACE('',(#91),#116,.T.);
#91 = FACE_BOUND('',#92,.T.);
#92 = EDGE_LOOP('',(#93,#101,#109,#115));
#93 = ORIENTED_EDGE('',*,*,#94,.F.);
#94 = EDGE_CURVE('',#95,#62,#97,.T.);
#95 = VERTEX_POINT('',#96);
#96 = CARTESIAN_POINT('',(-1.000820353549,0.852233050465,
    9.903223874049E-02));
#97 = LINE('',#98,#99);
#98 = CARTESIAN_POINT('',(3.999999991796E+05,0.852233050465,
    9.903223874049E-02));
#99 = VECTOR('',#100,1.);
#100 = DIRECTION('',(1.,0.,0.));
#101 = ORIENTED_EDGE('',*,*,#102,.F.);
#102 = EDGE_CURVE('',#103,#95,#105,.T.);
#103 = VERTEX_POINT('',#104);
#104 = CARTESIAN_POINT('',(-1.000820353549,0.852233050465,
    -9.677612595109E-04));
#105 = LINE('',#106,#107);
#106 = CARTESIAN_POINT('',(-1.000820353549,0.852233050465,
    -9.677612595109E-04));
#107 = VECTOR('',#108,1.);
#108 = DIRECTION('',(-0.,-0.,1.));
#109 = ORIENTED_EDGE('',*,*,#110,.T.);
#110 = EDGE_CURVE('',#103,#71,#111,.T.);
#111 = LINE('',#112,#113);
#112 = CARTESIAN_POINT('',(3.999999991796E+05,0.852233050465,
    -9.677612595109E-04));
#113 = VECTOR('',#114,1.);
#114 = DIRECTION('',(1.,0.,0.));
#115 = ORIENTED_EDGE('',*,*,#70,.T.);
#116 = PLANE('',#117);
#117 = AXIS2_PLACEMENT_3D('',#118,#119,#120);
#118 = CARTESIAN_POINT('',(3.999999991796E+05,0.852233050465,
    -9.677612595109E-04));
#119 = DIRECTION('',(0.,-1.,0.));
#120 = DIRECTION('',(0.,-0.,-1.));
#121 = ADVANCED_FACE('',(#122),#147,.F.);
#122 = FACE_BOUND('',#123,.T.);
#123 = EDGE_LOOP('',(#124,#132,#140,#146));
#124 = ORIENTED_EDGE('',*,*,#125,.T.);
#125 = EDGE_CURVE('',#95,#126,#128,.T.);
#126 = VERTEX_POINT('',#127);
#127 = CARTESIAN_POINT('',(-1.000820353549,1.152233050447,
    9.903223874049E-02));
#128 = LINE('',#129,#130);
#129 = CARTESIAN_POINT('',(-1.000820353549,-2.915982927669E+05,
    9.903223874049E-02));
#130 = VECTOR('',#131,1.);
#131 = DIRECTION('',(0.,1.,0.));
#132 = ORIENTED_EDGE('',*,*,#133,.F.);
#133 = EDGE_CURVE('',#134,#126,#136,.T.);
#134 = VERTEX_POINT('',#135);
#135 = CARTESIAN_POINT('',(-1.000820353549,1.152233050447,
    -9.677612595109E-04));
#136 = LINE('',#137,#138);
#137 = CARTESIAN_POINT('',(-1.000820353549,1.152233050447,
    -9.677612595109E-04));
#138 = VECTOR('',#139,1.);
#139 = DIRECTION('',(-0.,-0.,1.));
#140 = ORIENTED_EDGE('',*,*,#141,.F.);
#141 = EDGE_CURVE('',#103,#134,#142,.T.);
#142 = LINE('',#143,#144);
#143 = CARTESIAN_POINT('',(-1.000820353549,-2.915982927669E+05,
    -9.677612595109E-04));
#144 = VECTOR('',#145,1.);
#145 = DIRECTION('',(0.,1.,0.));
#146 = ORIENTED_EDGE('',*,*,#102,.T.);
#147 = PLANE('',#148);
#148 = AXIS2_PLACEMENT_3D('',#149,#150,#151);
#149 = CARTESIAN_POINT('',(-1.000820353549,-2.915982927669E+05,
    -9.677612595109E-04));
#150 = DIRECTION('',(1.,-0.,0.));
#151 = DIRECTION('',(0.,0.,-1.));
#152 = ADVANCED_FACE('',(#153),#178,.F.);
#153 = FACE_BOUND('',#154,.T.);
#154 = EDGE_LOOP('',(#155,#163,#171,#177));
#155 = ORIENTED_EDGE('',*,*,#156,.T.);
#156 = EDGE_CURVE('',#126,#157,#159,.T.);
#157 = VERTEX_POINT('',#158);
#158 = CARTESIAN_POINT('',(-0.620820353599,1.152233050451,
    9.903223874049E-02));
#159 = LINE('',#160,#161);
#160 = CARTESIAN_POINT('',(3.999999991796E+05,1.152233050219,
    9.903223874049E-02));
#161 = VECTOR('',#162,1.);
#162 = DIRECTION('',(1.,-5.706327223608E-16,0.));
#163 = ORIENTED_EDGE('',*,*,#164,.F.);
#164 = EDGE_CURVE('',#165,#157,#167,.T.);
#165 = VERTEX_POINT('',#166);
#166 = CARTESIAN_POINT('',(-0.620820353599,1.152233050451,
    -9.677612595109E-04));
#167 = LINE('',#168,#169);
#168 = CARTESIAN_POINT('',(-0.620820353599,1.152233050451,
    -9.677612595109E-04));
#169 = VECTOR('',#170,1.);
#170 = DIRECTION('',(-0.,-0.,1.));
#171 = ORIENTED_EDGE('',*,*,#172,.F.);
#172 = EDGE_CURVE('',#134,#165,#173,.T.);
#173 = LINE('',#174,#175);
#174 = CARTESIAN_POINT('',(3.999999991796E+05,1.152233050219,
    -9.677612595109E-04));
#175 = VECTOR('',#176,1.);
#176 = DIRECTION('',(1.,-5.706327223608E-16,0.));
#177 = ORIENTED_EDGE('',*,*,#133,.T.);
#178 = PLANE('',#179);
#179 = AXIS2_PLACEMENT_3D('',#180,#181,#182);
#180 = CARTESIAN_POINT('',(3.999999991796E+05,1.152233050219,
    -9.677612595109E-04));
#181 = DIRECTION('',(-5.706327223608E-16,-1.,0.));
#182 = DIRECTION('',(1.,-5.706327223608E-16,0.));
#183 = ADVANCED_FACE('',(#184),#202,.T.);
#184 = FACE_BOUND('',#185,.T.);
#185 = EDGE_LOOP('',(#186,#193,#194,#201));
#186 = ORIENTED_EDGE('',*,*,#187,.T.);
#187 = EDGE_CURVE('',#157,#22,#188,.T.);
#188 = CIRCLE('',#189,0.12);
#189 = AXIS2_PLACEMENT_3D('',#190,#191,#192);
#190 = CARTESIAN_POINT('',(-0.620820353572,1.032233050451,
    9.903223874049E-02));
#191 = DIRECTION('',(0.,0.,-1.));
#192 = DIRECTION('',(-1.,0.,0.));
#193 = ORIENTED_EDGE('',*,*,#47,.F.);
#194 = ORIENTED_EDGE('',*,*,#195,.F.);
#195 = EDGE_CURVE('',#165,#40,#196,.T.);
#196 = CIRCLE('',#197,0.12);
#197 = AXIS2_PLACEMENT_3D('',#198,#199,#200);
#198 = CARTESIAN_POINT('',(-0.620820353572,1.032233050451,
    -9.677612595109E-04));
#199 = DIRECTION('',(0.,0.,-1.));
#200 = DIRECTION('',(-1.,0.,0.));
#201 = ORIENTED_EDGE('',*,*,#164,.T.);
#202 = CYLINDRICAL_SURFACE('',#203,0.12);
#203 = AXIS2_PLACEMENT_3D('',#204,#205,#206);
#204 = CARTESIAN_POINT('',(-0.620820353572,1.032233050451,
    -9.677612595109E-04));
#205 = DIRECTION('',(-0.,-0.,1.));
#206 = DIRECTION('',(1.,0.,0.));
#207 = ADVANCED_FACE('',(#208),#216,.T.);
#208 = FACE_BOUND('',#209,.T.);
#209 = EDGE_LOOP('',(#210,#211,#212,#213,#214,#215));
#210 = ORIENTED_EDGE('',*,*,#39,.T.);
#211 = ORIENTED_EDGE('',*,*,#78,.T.);
#212 = ORIENTED_EDGE('',*,*,#110,.F.);
#213 = ORIENTED_EDGE('',*,*,#141,.T.);
#214 = ORIENTED_EDGE('',*,*,#172,.T.);
#215 = ORIENTED_EDGE('',*,*,#195,.T.);
#216 = PLANE('',#217);
#217 = AXIS2_PLACEMENT_3D('',#218,#219,#220);
#218 = CARTESIAN_POINT('',(-0.620820353572,0.972233050451,
    -9.677612595109E-04));
#219 = DIRECTION('',(0.,0.,-1.));
#220 = DIRECTION('',(-1.,0.,-0.));
#221 = ADVANCED_FACE('',(#222),#230,.F.);
#222 = FACE_BOUND('',#223,.T.);
#223 = EDGE_LOOP('',(#224,#225,#226,#227,#228,#229));
#224 = ORIENTED_EDGE('',*,*,#21,.F.);
#225 = ORIENTED_EDGE('',*,*,#187,.F.);
#226 = ORIENTED_EDGE('',*,*,#156,.F.);
#227 = ORIENTED_EDGE('',*,*,#125,.F.);
#228 = ORIENTED_EDGE('',*,*,#94,.T.);
#229 = ORIENTED_EDGE('',*,*,#61,.F.);
#230 = PLANE('',#231);
#231 = AXIS2_PLACEMENT_3D('',#232,#233,#234);
#232 = CARTESIAN_POINT('',(-0.620820353572,0.972233050451,
    9.903223874049E-02));
#233 = DIRECTION('',(0.,0.,-1.));
#234 = DIRECTION('',(-1.,0.,-0.));
#235 = MANIFOLD_SOLID_BREP('',#236);
#236 = CLOSED_SHELL('',(#237,#279,#310,#341,#372,#405,#427,#441));
#237 = ADVANCED_FACE('',(#238),#274,.T.);
#238 = FACE_BOUND('',#239,.T.);
#239 = EDGE_LOOP('',(#240,#251,#259,#268));
#240 = ORIENTED_EDGE('',*,*,#241,.T.);
#241 = EDGE_CURVE('',#242,#244,#246,.T.);
#242 = VERTEX_POINT('',#243);
#243 = CARTESIAN_POINT('',(0.199179646434,1.032233050465,
    9.903223874049E-02));
#244 = VERTEX_POINT('',#245);
#245 = CARTESIAN_POINT('',(0.319179646415,1.15223305046,
    9.903223874049E-02));
#246 = CIRCLE('',#247,0.12);
#247 = AXIS2_PLACEMENT_3D('',#248,#249,#250);
#248 = CARTESIAN_POINT('',(0.319179646428,1.032233050451,
    9.903223874049E-02));
#249 = DIRECTION('',(0.,0.,-1.));
#250 = DIRECTION('',(-1.,0.,0.));
#251 = ORIENTED_EDGE('',*,*,#252,.F.);
#252 = EDGE_CURVE('',#253,#244,#255,.T.);
#253 = VERTEX_POINT('',#254);
#254 = CARTESIAN_POINT('',(0.319179646415,1.15223305046,
    -9.677612595109E-04));
#255 = LINE('',#256,#257);
#256 = CARTESIAN_POINT('',(0.319179646415,1.15223305046,
    -9.677612595109E-04));
#257 = VECTOR('',#258,1.);
#258 = DIRECTION('',(-0.,-0.,1.));
#259 = ORIENTED_EDGE('',*,*,#260,.F.);
#260 = EDGE_CURVE('',#261,#253,#263,.T.);
#261 = VERTEX_POINT('',#262);
#262 = CARTESIAN_POINT('',(0.199179646434,1.032233050465,
    -9.677612595109E-04));
#263 = CIRCLE('',#264,0.12);
#264 = AXIS2_PLACEMENT_3D('',#265,#266,#267);
#265 = CARTESIAN_POINT('',(0.319179646428,1.032233050451,
    -9.677612595109E-04));
#266 = DIRECTION('',(0.,0.,-1.));
#267 = DIRECTION('',(-1.,0.,0.));
#268 = ORIENTED_EDGE('',*,*,#269,.T.);
#269 = EDGE_CURVE('',#261,#242,#270,.T.);
#270 = LINE('',#271,#272);
#271 = CARTESIAN_POINT('',(0.199179646434,1.032233050465,
    -9.677612595109E-04));
#272 = VECTOR('',#273,1.);
#273 = DIRECTION('',(-0.,-0.,1.));
#274 = CYLINDRICAL_SURFACE('',#275,0.12);
#275 = AXIS2_PLACEMENT_3D('',#276,#277,#278);
#276 = CARTESIAN_POINT('',(0.319179646428,1.032233050451,
    -9.677612595109E-04));
#277 = DIRECTION('',(-0.,-0.,1.));
#278 = DIRECTION('',(1.,0.,0.));
#279 = ADVANCED_FACE('',(#280),#305,.T.);
#280 = FACE_BOUND('',#281,.T.);
#281 = EDGE_LOOP('',(#282,#290,#298,#304));
#282 = ORIENTED_EDGE('',*,*,#283,.F.);
#283 = EDGE_CURVE('',#284,#244,#286,.T.);
#284 = VERTEX_POINT('',#285);
#285 = CARTESIAN_POINT('',(0.999179646404,1.152233050446,
    9.903223874049E-02));
#286 = LINE('',#287,#288);
#287 = CARTESIAN_POINT('',(3.999999991796E+05,1.152233050333,
    9.903223874049E-02));
#288 = VECTOR('',#289,1.);
#289 = DIRECTION('',(-1.,3.188829919075E-16,0.));
#290 = ORIENTED_EDGE('',*,*,#291,.F.);
#291 = EDGE_CURVE('',#292,#284,#294,.T.);
#292 = VERTEX_POINT('',#293);
#293 = CARTESIAN_POINT('',(0.999179646404,1.152233050446,
    -9.677612595109E-04));
#294 = LINE('',#295,#296);
#295 = CARTESIAN_POINT('',(0.999179646404,1.152233050446,
    -9.677612595109E-04));
#296 = VECTOR('',#297,1.);
#297 = DIRECTION('',(-0.,-0.,1.));
#298 = ORIENTED_EDGE('',*,*,#299,.T.);
#299 = EDGE_CURVE('',#292,#253,#300,.T.);
#300 = LINE('',#301,#302);
#301 = CARTESIAN_POINT('',(3.999999991796E+05,1.152233050333,
    -9.677612595109E-04));
#302 = VECTOR('',#303,1.);
#303 = DIRECTION('',(-1.,3.188829919075E-16,0.));
#304 = ORIENTED_EDGE('',*,*,#252,.T.);
#305 = PLANE('',#306);
#306 = AXIS2_PLACEMENT_3D('',#307,#308,#309);
#307 = CARTESIAN_POINT('',(3.999999991796E+05,1.152233050333,
    -9.677612595109E-04));
#308 = DIRECTION('',(3.188829919075E-16,1.,0.));
#309 = DIRECTION('',(-1.,3.188829919075E-16,0.));
#310 = ADVANCED_FACE('',(#311),#336,.F.);
#311 = FACE_BOUND('',#312,.T.);
#312 = EDGE_LOOP('',(#313,#321,#329,#335));
#313 = ORIENTED_EDGE('',*,*,#314,.T.);
#314 = EDGE_CURVE('',#284,#315,#317,.T.);
#315 = VERTEX_POINT('',#316);
#316 = CARTESIAN_POINT('',(0.999179646404,0.852233050465,
    9.903223874049E-02));
#317 = LINE('',#318,#319);
#318 = CARTESIAN_POINT('',(0.999179646404,-2.915982927669E+05,
    9.903223874049E-02));
#319 = VECTOR('',#320,1.);
#320 = DIRECTION('',(0.,-1.,0.));
#321 = ORIENTED_EDGE('',*,*,#322,.F.);
#322 = EDGE_CURVE('',#323,#315,#325,.T.);
#323 = VERTEX_POINT('',#324);
#324 = CARTESIAN_POINT('',(0.999179646404,0.852233050465,
    -9.677612595109E-04));
#325 = LINE('',#326,#327);
#326 = CARTESIAN_POINT('',(0.999179646404,0.852233050465,
    -9.677612595109E-04));
#327 = VECTOR('',#328,1.);
#328 = DIRECTION('',(-0.,-0.,1.));
#329 = ORIENTED_EDGE('',*,*,#330,.F.);
#330 = EDGE_CURVE('',#292,#323,#331,.T.);
#331 = LINE('',#332,#333);
#332 = CARTESIAN_POINT('',(0.999179646404,-2.915982927669E+05,
    -9.677612595109E-04));
#333 = VECTOR('',#334,1.);
#334 = DIRECTION('',(0.,-1.,0.));
#335 = ORIENTED_EDGE('',*,*,#291,.T.);
#336 = PLANE('',#337);
#337 = AXIS2_PLACEMENT_3D('',#338,#339,#340);
#338 = CARTESIAN_POINT('',(0.999179646404,-2.915982927669E+05,
    -9.677612595109E-04));
#339 = DIRECTION('',(-1.,0.,-0.));
#340 = DIRECTION('',(0.,0.,1.));
#341 = ADVANCED_FACE('',(#342),#367,.F.);
#342 = FACE_BOUND('',#343,.T.);
#343 = EDGE_LOOP('',(#344,#352,#360,#366));
#344 = ORIENTED_EDGE('',*,*,#345,.T.);
#345 = EDGE_CURVE('',#315,#346,#348,.T.);
#346 = VERTEX_POINT('',#347);
#347 = CARTESIAN_POINT('',(0.319179646415,0.852233050451,
    9.903223874049E-02));
#348 = LINE('',#349,#350);
#349 = CARTESIAN_POINT('',(3.999999991796E+05,0.852233050465,
    9.903223874049E-02));
#350 = VECTOR('',#351,1.);
#351 = DIRECTION('',(-1.,0.,0.));
#352 = ORIENTED_EDGE('',*,*,#353,.F.);
#353 = EDGE_CURVE('',#354,#346,#356,.T.);
#354 = VERTEX_POINT('',#355);
#355 = CARTESIAN_POINT('',(0.319179646415,0.852233050451,
    -9.677612595109E-04));
#356 = LINE('',#357,#358);
#357 = CARTESIAN_POINT('',(0.319179646415,0.852233050451,
    -9.677612595109E-04));
#358 = VECTOR('',#359,1.);
#359 = DIRECTION('',(-0.,-0.,1.));
#360 = ORIENTED_EDGE('',*,*,#361,.F.);
#361 = EDGE_CURVE('',#323,#354,#362,.T.);
#362 = LINE('',#363,#364);
#363 = CARTESIAN_POINT('',(3.999999991796E+05,0.852233050465,
    -9.677612595109E-04));
#364 = VECTOR('',#365,1.);
#365 = DIRECTION('',(-1.,0.,0.));
#366 = ORIENTED_EDGE('',*,*,#322,.T.);
#367 = PLANE('',#368);
#368 = AXIS2_PLACEMENT_3D('',#369,#370,#371);
#369 = CARTESIAN_POINT('',(3.999999991796E+05,0.852233050465,
    -9.677612595109E-04));
#370 = DIRECTION('',(0.,1.,0.));
#371 = DIRECTION('',(0.,-0.,1.));
#372 = ADVANCED_FACE('',(#373),#400,.T.);
#373 = FACE_BOUND('',#374,.T.);
#374 = EDGE_LOOP('',(#375,#384,#392,#399));
#375 = ORIENTED_EDGE('',*,*,#376,.T.);
#376 = EDGE_CURVE('',#346,#377,#379,.T.);
#377 = VERTEX_POINT('',#378);
#378 = CARTESIAN_POINT('',(0.199179646434,0.972233050446,
    9.903223874049E-02));
#379 = CIRCLE('',#380,0.12);
#380 = AXIS2_PLACEMENT_3D('',#381,#382,#383);
#381 = CARTESIAN_POINT('',(0.319179646428,0.972233050451,
    9.903223874049E-02));
#382 = DIRECTION('',(0.,0.,-1.));
#383 = DIRECTION('',(-1.,0.,0.));
#384 = ORIENTED_EDGE('',*,*,#385,.F.);
#385 = EDGE_CURVE('',#386,#377,#388,.T.);
#386 = VERTEX_POINT('',#387);
#387 = CARTESIAN_POINT('',(0.199179646434,0.972233050446,
    -9.677612595109E-04));
#388 = LINE('',#389,#390);
#389 = CARTESIAN_POINT('',(0.199179646434,0.972233050446,
    -9.677612595109E-04));
#390 = VECTOR('',#391,1.);
#391 = DIRECTION('',(-0.,-0.,1.));
#392 = ORIENTED_EDGE('',*,*,#393,.F.);
#393 = EDGE_CURVE('',#354,#386,#394,.T.);
#394 = CIRCLE('',#395,0.12);
#395 = AXIS2_PLACEMENT_3D('',#396,#397,#398);
#396 = CARTESIAN_POINT('',(0.319179646428,0.972233050451,
    -9.677612595109E-04));
#397 = DIRECTION('',(0.,0.,-1.));
#398 = DIRECTION('',(-1.,0.,0.));
#399 = ORIENTED_EDGE('',*,*,#353,.T.);
#400 = CYLINDRICAL_SURFACE('',#401,0.12);
#401 = AXIS2_PLACEMENT_3D('',#402,#403,#404);
#402 = CARTESIAN_POINT('',(0.319179646428,0.972233050451,
    -9.677612595109E-04));
#403 = DIRECTION('',(-0.,-0.,1.));
#404 = DIRECTION('',(1.,0.,0.));
#405 = ADVANCED_FACE('',(#406),#422,.T.);
#406 = FACE_BOUND('',#407,.T.);
#407 = EDGE_LOOP('',(#408,#414,#415,#421));
#408 = ORIENTED_EDGE('',*,*,#409,.F.);
#409 = EDGE_CURVE('',#242,#377,#410,.T.);
#410 = LINE('',#411,#412);
#411 = CARTESIAN_POINT('',(0.199179646434,-2.915982927669E+05,
    9.903223874049E-02));
#412 = VECTOR('',#413,1.);
#413 = DIRECTION('',(0.,-1.,0.));
#414 = ORIENTED_EDGE('',*,*,#269,.F.);
#415 = ORIENTED_EDGE('',*,*,#416,.T.);
#416 = EDGE_CURVE('',#261,#386,#417,.T.);
#417 = LINE('',#418,#419);
#418 = CARTESIAN_POINT('',(0.199179646434,-2.915982927669E+05,
    -9.677612595109E-04));
#419 = VECTOR('',#420,1.);
#420 = DIRECTION('',(0.,-1.,0.));
#421 = ORIENTED_EDGE('',*,*,#385,.T.);
#422 = PLANE('',#423);
#423 = AXIS2_PLACEMENT_3D('',#424,#425,#426);
#424 = CARTESIAN_POINT('',(0.199179646434,-2.915982927669E+05,
    -9.677612595109E-04));
#425 = DIRECTION('',(-1.,0.,-0.));
#426 = DIRECTION('',(0.,0.,1.));
#427 = ADVANCED_FACE('',(#428),#436,.T.);
#428 = FACE_BOUND('',#429,.T.);
#429 = EDGE_LOOP('',(#430,#431,#432,#433,#434,#435));
#430 = ORIENTED_EDGE('',*,*,#260,.T.);
#431 = ORIENTED_EDGE('',*,*,#299,.F.);
#432 = ORIENTED_EDGE('',*,*,#330,.T.);
#433 = ORIENTED_EDGE('',*,*,#361,.T.);
#434 = ORIENTED_EDGE('',*,*,#393,.T.);
#435 = ORIENTED_EDGE('',*,*,#416,.F.);
#436 = PLANE('',#437);
#437 = AXIS2_PLACEMENT_3D('',#438,#439,#440);
#438 = CARTESIAN_POINT('',(0.319179646428,1.032233050451,
    -9.677612595109E-04));
#439 = DIRECTION('',(0.,0.,-1.));
#440 = DIRECTION('',(-1.,0.,-0.));
#441 = ADVANCED_FACE('',(#442),#450,.F.);
#442 = FACE_BOUND('',#443,.T.);
#443 = EDGE_LOOP('',(#444,#445,#446,#447,#448,#449));
#444 = ORIENTED_EDGE('',*,*,#241,.F.);
#445 = ORIENTED_EDGE('',*,*,#409,.T.);
#446 = ORIENTED_EDGE('',*,*,#376,.F.);
#447 = ORIENTED_EDGE('',*,*,#345,.F.);
#448 = ORIENTED_EDGE('',*,*,#314,.F.);
#449 = ORIENTED_EDGE('',*,*,#283,.T.);
#450 = PLANE('',#451);
#451 = AXIS2_PLACEMENT_3D('',#452,#453,#454);
#452 = CARTESIAN_POINT('',(0.319179646428,1.032233050451,
    9.903223874049E-02));
#453 = DIRECTION('',(0.,0.,-1.));
#454 = DIRECTION('',(-1.,0.,-0.));
#455 = MANIFOLD_SOLID_BREP('',#456);
#456 = CLOSED_SHELL('',(#457,#499,#530,#561,#592,#625,#647,#661));
#457 = ADVANCED_FACE('',(#458),#494,.T.);
#458 = FACE_BOUND('',#459,.T.);
#459 = EDGE_LOOP('',(#460,#471,#479,#488));
#460 = ORIENTED_EDGE('',*,*,#461,.T.);
#461 = EDGE_CURVE('',#462,#464,#466,.T.);
#462 = VERTEX_POINT('',#463);
#463 = CARTESIAN_POINT('',(0.199179646434,0.532233050477,
    9.903223874049E-02));
#464 = VERTEX_POINT('',#465);
#465 = CARTESIAN_POINT('',(0.319179646415,0.652233050472,
    9.903223874049E-02));
#466 = CIRCLE('',#467,0.12);
#467 = AXIS2_PLACEMENT_3D('',#468,#469,#470);
#468 = CARTESIAN_POINT('',(0.319179646428,0.532233050451,
    9.903223874049E-02));
#469 = DIRECTION('',(0.,0.,-1.));
#470 = DIRECTION('',(-1.,0.,0.));
#471 = ORIENTED_EDGE('',*,*,#472,.F.);
#472 = EDGE_CURVE('',#473,#464,#475,.T.);
#473 = VERTEX_POINT('',#474);
#474 = CARTESIAN_POINT('',(0.319179646415,0.652233050472,
    -9.677612595109E-04));
#475 = LINE('',#476,#477);
#476 = CARTESIAN_POINT('',(0.319179646415,0.652233050472,
    -9.677612595109E-04));
#477 = VECTOR('',#478,1.);
#478 = DIRECTION('',(-0.,-0.,1.));
#479 = ORIENTED_EDGE('',*,*,#480,.F.);
#480 = EDGE_CURVE('',#481,#473,#483,.T.);
#481 = VERTEX_POINT('',#482);
#482 = CARTESIAN_POINT('',(0.199179646434,0.532233050477,
    -9.677612595109E-04));
#483 = CIRCLE('',#484,0.12);
#484 = AXIS2_PLACEMENT_3D('',#485,#486,#487);
#485 = CARTESIAN_POINT('',(0.319179646428,0.532233050451,
    -9.677612595109E-04));
#486 = DIRECTION('',(0.,0.,-1.));
#487 = DIRECTION('',(-1.,0.,0.));
#488 = ORIENTED_EDGE('',*,*,#489,.T.);
#489 = EDGE_CURVE('',#481,#462,#490,.T.);
#490 = LINE('',#491,#492);
#491 = CARTESIAN_POINT('',(0.199179646434,0.532233050477,
    -9.677612595109E-04));
#492 = VECTOR('',#493,1.);
#493 = DIRECTION('',(-0.,-0.,1.));
#494 = CYLINDRICAL_SURFACE('',#495,0.12);
#495 = AXIS2_PLACEMENT_3D('',#496,#497,#498);
#496 = CARTESIAN_POINT('',(0.319179646428,0.532233050451,
    -9.677612595109E-04));
#497 = DIRECTION('',(-0.,-0.,1.));
#498 = DIRECTION('',(1.,0.,0.));
#499 = ADVANCED_FACE('',(#500),#525,.T.);
#500 = FACE_BOUND('',#501,.T.);
#501 = EDGE_LOOP('',(#502,#510,#518,#524));
#502 = ORIENTED_EDGE('',*,*,#503,.F.);
#503 = EDGE_CURVE('',#504,#464,#506,.T.);
#504 = VERTEX_POINT('',#505);
#505 = CARTESIAN_POINT('',(0.999179646404,0.652233050458,
    9.903223874049E-02));
#506 = LINE('',#507,#508);
#507 = CARTESIAN_POINT('',(3.999999991796E+05,0.652233050345,
    9.903223874049E-02));
#508 = VECTOR('',#509,1.);
#509 = DIRECTION('',(-1.,3.188829919075E-16,0.));
#510 = ORIENTED_EDGE('',*,*,#511,.F.);
#511 = EDGE_CURVE('',#512,#504,#514,.T.);
#512 = VERTEX_POINT('',#513);
#513 = CARTESIAN_POINT('',(0.999179646404,0.652233050458,
    -9.677612595109E-04));
#514 = LINE('',#515,#516);
#515 = CARTESIAN_POINT('',(0.999179646404,0.652233050458,
    -9.677612595109E-04));
#516 = VECTOR('',#517,1.);
#517 = DIRECTION('',(-0.,-0.,1.));
#518 = ORIENTED_EDGE('',*,*,#519,.T.);
#519 = EDGE_CURVE('',#512,#473,#520,.T.);
#520 = LINE('',#521,#522);
#521 = CARTESIAN_POINT('',(3.999999991796E+05,0.652233050345,
    -9.677612595109E-04));
#522 = VECTOR('',#523,1.);
#523 = DIRECTION('',(-1.,3.188829919075E-16,0.));
#524 = ORIENTED_EDGE('',*,*,#472,.T.);
#525 = PLANE('',#526);
#526 = AXIS2_PLACEMENT_3D('',#527,#528,#529);
#527 = CARTESIAN_POINT('',(3.999999991796E+05,0.652233050345,
    -9.677612595109E-04));
#528 = DIRECTION('',(3.188829919075E-16,1.,0.));
#529 = DIRECTION('',(-1.,3.188829919075E-16,0.));
#530 = ADVANCED_FACE('',(#531),#556,.F.);
#531 = FACE_BOUND('',#532,.T.);
#532 = EDGE_LOOP('',(#533,#541,#549,#555));
#533 = ORIENTED_EDGE('',*,*,#534,.T.);
#534 = EDGE_CURVE('',#504,#535,#537,.T.);
#535 = VERTEX_POINT('',#536);
#536 = CARTESIAN_POINT('',(0.999179646404,0.352233050477,
    9.903223874049E-02));
#537 = LINE('',#538,#539);
#538 = CARTESIAN_POINT('',(0.999179646404,-2.915982927669E+05,
    9.903223874049E-02));
#539 = VECTOR('',#540,1.);
#540 = DIRECTION('',(0.,-1.,0.));
#541 = ORIENTED_EDGE('',*,*,#542,.F.);
#542 = EDGE_CURVE('',#543,#535,#545,.T.);
#543 = VERTEX_POINT('',#544);
#544 = CARTESIAN_POINT('',(0.999179646404,0.352233050477,
    -9.677612595109E-04));
#545 = LINE('',#546,#547);
#546 = CARTESIAN_POINT('',(0.999179646404,0.352233050477,
    -9.677612595109E-04));
#547 = VECTOR('',#548,1.);
#548 = DIRECTION('',(-0.,-0.,1.));
#549 = ORIENTED_EDGE('',*,*,#550,.F.);
#550 = EDGE_CURVE('',#512,#543,#551,.T.);
#551 = LINE('',#552,#553);
#552 = CARTESIAN_POINT('',(0.999179646404,-2.915982927669E+05,
    -9.677612595109E-04));
#553 = VECTOR('',#554,1.);
#554 = DIRECTION('',(0.,-1.,0.));
#555 = ORIENTED_EDGE('',*,*,#511,.T.);
#556 = PLANE('',#557);
#557 = AXIS2_PLACEMENT_3D('',#558,#559,#560);
#558 = CARTESIAN_POINT('',(0.999179646404,-2.915982927669E+05,
    -9.677612595109E-04));
#559 = DIRECTION('',(-1.,0.,-0.));
#560 = DIRECTION('',(0.,0.,1.));
#561 = ADVANCED_FACE('',(#562),#587,.F.);
#562 = FACE_BOUND('',#563,.T.);
#563 = EDGE_LOOP('',(#564,#572,#580,#586));
#564 = ORIENTED_EDGE('',*,*,#565,.T.);
#565 = EDGE_CURVE('',#535,#566,#568,.T.);
#566 = VERTEX_POINT('',#567);
#567 = CARTESIAN_POINT('',(0.319179646415,0.352233050451,
    9.903223874049E-02));
#568 = LINE('',#569,#570);
#569 = CARTESIAN_POINT('',(3.999999991796E+05,0.352233050477,
    9.903223874049E-02));
#570 = VECTOR('',#571,1.);
#571 = DIRECTION('',(-1.,0.,0.));
#572 = ORIENTED_EDGE('',*,*,#573,.F.);
#573 = EDGE_CURVE('',#574,#566,#576,.T.);
#574 = VERTEX_POINT('',#575);
#575 = CARTESIAN_POINT('',(0.319179646415,0.352233050451,
    -9.677612595109E-04));
#576 = LINE('',#577,#578);
#577 = CARTESIAN_POINT('',(0.319179646415,0.352233050451,
    -9.677612595109E-04));
#578 = VECTOR('',#579,1.);
#579 = DIRECTION('',(-0.,-0.,1.));
#580 = ORIENTED_EDGE('',*,*,#581,.F.);
#581 = EDGE_CURVE('',#543,#574,#582,.T.);
#582 = LINE('',#583,#584);
#583 = CARTESIAN_POINT('',(3.999999991796E+05,0.352233050477,
    -9.677612595109E-04));
#584 = VECTOR('',#585,1.);
#585 = DIRECTION('',(-1.,0.,0.));
#586 = ORIENTED_EDGE('',*,*,#542,.T.);
#587 = PLANE('',#588);
#588 = AXIS2_PLACEMENT_3D('',#589,#590,#591);
#589 = CARTESIAN_POINT('',(3.999999991796E+05,0.352233050477,
    -9.677612595109E-04));
#590 = DIRECTION('',(0.,1.,0.));
#591 = DIRECTION('',(0.,-0.,1.));
#592 = ADVANCED_FACE('',(#593),#620,.T.);
#593 = FACE_BOUND('',#594,.T.);
#594 = EDGE_LOOP('',(#595,#604,#612,#619));
#595 = ORIENTED_EDGE('',*,*,#596,.T.);
#596 = EDGE_CURVE('',#566,#597,#599,.T.);
#597 = VERTEX_POINT('',#598);
#598 = CARTESIAN_POINT('',(0.199179646434,0.472233050458,
    9.903223874049E-02));
#599 = CIRCLE('',#600,0.12);
#600 = AXIS2_PLACEMENT_3D('',#601,#602,#603);
#601 = CARTESIAN_POINT('',(0.319179646428,0.472233050451,
    9.903223874049E-02));
#602 = DIRECTION('',(0.,0.,-1.));
#603 = DIRECTION('',(-1.,0.,0.));
#604 = ORIENTED_EDGE('',*,*,#605,.F.);
#605 = EDGE_CURVE('',#606,#597,#608,.T.);
#606 = VERTEX_POINT('',#607);
#607 = CARTESIAN_POINT('',(0.199179646434,0.472233050458,
    -9.677612595109E-04));
#608 = LINE('',#609,#610);
#609 = CARTESIAN_POINT('',(0.199179646434,0.472233050458,
    -9.677612595109E-04));
#610 = VECTOR('',#611,1.);
#611 = DIRECTION('',(-0.,-0.,1.));
#612 = ORIENTED_EDGE('',*,*,#613,.F.);
#613 = EDGE_CURVE('',#574,#606,#614,.T.);
#614 = CIRCLE('',#615,0.12);
#615 = AXIS2_PLACEMENT_3D('',#616,#617,#618);
#616 = CARTESIAN_POINT('',(0.319179646428,0.472233050451,
    -9.677612595109E-04));
#617 = DIRECTION('',(0.,0.,-1.));
#618 = DIRECTION('',(-1.,0.,0.));
#619 = ORIENTED_EDGE('',*,*,#573,.T.);
#620 = CYLINDRICAL_SURFACE('',#621,0.12);
#621 = AXIS2_PLACEMENT_3D('',#622,#623,#624);
#622 = CARTESIAN_POINT('',(0.319179646428,0.472233050451,
    -9.677612595109E-04));
#623 = DIRECTION('',(-0.,-0.,1.));
#624 = DIRECTION('',(1.,0.,0.));
#625 = ADVANCED_FACE('',(#626),#642,.T.);
#626 = FACE_BOUND('',#627,.T.);
#627 = EDGE_LOOP('',(#628,#634,#635,#641));
#628 = ORIENTED_EDGE('',*,*,#629,.F.);
#629 = EDGE_CURVE('',#462,#597,#630,.T.);
#630 = LINE('',#631,#632);
#631 = CARTESIAN_POINT('',(0.199179646434,-2.915982927669E+05,
    9.903223874049E-02));
#632 = VECTOR('',#633,1.);
#633 = DIRECTION('',(0.,-1.,0.));
#634 = ORIENTED_EDGE('',*,*,#489,.F.);
#635 = ORIENTED_EDGE('',*,*,#636,.T.);
#636 = EDGE_CURVE('',#481,#606,#637,.T.);
#637 = LINE('',#638,#639);
#638 = CARTESIAN_POINT('',(0.199179646434,-2.915982927669E+05,
    -9.677612595109E-04));
#639 = VECTOR('',#640,1.);
#640 = DIRECTION('',(0.,-1.,0.));
#641 = ORIENTED_EDGE('',*,*,#605,.T.);
#642 = PLANE('',#643);
#643 = AXIS2_PLACEMENT_3D('',#644,#645,#646);
#644 = CARTESIAN_POINT('',(0.199179646434,-2.915982927669E+05,
    -9.677612595109E-04));
#645 = DIRECTION('',(-1.,0.,-0.));
#646 = DIRECTION('',(0.,0.,1.));
#647 = ADVANCED_FACE('',(#648),#656,.T.);
#648 = FACE_BOUND('',#649,.T.);
#649 = EDGE_LOOP('',(#650,#651,#652,#653,#654,#655));
#650 = ORIENTED_EDGE('',*,*,#480,.T.);
#651 = ORIENTED_EDGE('',*,*,#519,.F.);
#652 = ORIENTED_EDGE('',*,*,#550,.T.);
#653 = ORIENTED_EDGE('',*,*,#581,.T.);
#654 = ORIENTED_EDGE('',*,*,#613,.T.);
#655 = ORIENTED_EDGE('',*,*,#636,.F.);
#656 = PLANE('',#657);
#657 = AXIS2_PLACEMENT_3D('',#658,#659,#660);
#658 = CARTESIAN_POINT('',(0.319179646428,0.532233050451,
    -9.677612595109E-04));
#659 = DIRECTION('',(0.,0.,-1.));
#660 = DIRECTION('',(-1.,0.,-0.));
#661 = ADVANCED_FACE('',(#662),#670,.F.);
#662 = FACE_BOUND('',#663,.T.);
#663 = EDGE_LOOP('',(#664,#665,#666,#667,#668,#669));
#664 = ORIENTED_EDGE('',*,*,#461,.F.);
#665 = ORIENTED_EDGE('',*,*,#629,.T.);
#666 = ORIENTED_EDGE('',*,*,#596,.F.);
#667 = ORIENTED_EDGE('',*,*,#565,.F.);
#668 = ORIENTED_EDGE('',*,*,#534,.F.);
#669 = ORIENTED_EDGE('',*,*,#503,.T.);
#670 = PLANE('',#671);
#671 = AXIS2_PLACEMENT_3D('',#672,#673,#674);
#672 = CARTESIAN_POINT('',(0.319179646428,0.532233050451,
    9.903223874049E-02));
#673 = DIRECTION('',(0.,0.,-1.));
#674 = DIRECTION('',(-1.,0.,-0.));
#675 = MANIFOLD_SOLID_BREP('',#676);
#676 = CLOSED_SHELL('',(#677,#719,#750,#781,#812,#845,#867,#881));
#677 = ADVANCED_FACE('',(#678),#714,.T.);
#678 = FACE_BOUND('',#679,.T.);
#679 = EDGE_LOOP('',(#680,#691,#699,#708));
#680 = ORIENTED_EDGE('',*,*,#681,.T.);
#681 = EDGE_CURVE('',#682,#684,#686,.T.);
#682 = VERTEX_POINT('',#683);
#683 = CARTESIAN_POINT('',(-0.2008203536,3.223305043205E-02,
    9.903223874049E-02));
#684 = VERTEX_POINT('',#685);
#685 = CARTESIAN_POINT('',(-8.082035359787E-02,0.152233050487,
    9.903223874049E-02));
#686 = CIRCLE('',#687,0.12);
#687 = AXIS2_PLACEMENT_3D('',#688,#689,#690);
#688 = CARTESIAN_POINT('',(-8.082035357247E-02,3.223305045095E-02,
    9.903223874049E-02));
#689 = DIRECTION('',(0.,0.,-1.));
#690 = DIRECTION('',(-1.,0.,0.));
#691 = ORIENTED_EDGE('',*,*,#692,.F.);
#692 = EDGE_CURVE('',#693,#684,#695,.T.);
#693 = VERTEX_POINT('',#694);
#694 = CARTESIAN_POINT('',(-8.082035359787E-02,0.152233050487,
    -9.677612595109E-04));
#695 = LINE('',#696,#697);
#696 = CARTESIAN_POINT('',(-8.082035359787E-02,0.152233050487,
    -9.677612595109E-04));
#697 = VECTOR('',#698,1.);
#698 = DIRECTION('',(-0.,-0.,1.));
#699 = ORIENTED_EDGE('',*,*,#700,.F.);
#700 = EDGE_CURVE('',#701,#693,#703,.T.);
#701 = VERTEX_POINT('',#702);
#702 = CARTESIAN_POINT('',(-0.2008203536,3.223305043205E-02,
    -9.677612595109E-04));
#703 = CIRCLE('',#704,0.12);
#704 = AXIS2_PLACEMENT_3D('',#705,#706,#707);
#705 = CARTESIAN_POINT('',(-8.082035357247E-02,3.223305045095E-02,
    -9.677612595109E-04));
#706 = DIRECTION('',(0.,0.,-1.));
#707 = DIRECTION('',(-1.,0.,0.));
#708 = ORIENTED_EDGE('',*,*,#709,.T.);
#709 = EDGE_CURVE('',#701,#682,#710,.T.);
#710 = LINE('',#711,#712);
#711 = CARTESIAN_POINT('',(-0.2008203536,3.223305043205E-02,
    -9.677612595109E-04));
#712 = VECTOR('',#713,1.);
#713 = DIRECTION('',(-0.,-0.,1.));
#714 = CYLINDRICAL_SURFACE('',#715,0.12);
#715 = AXIS2_PLACEMENT_3D('',#716,#717,#718);
#716 = CARTESIAN_POINT('',(-8.082035357247E-02,3.223305045095E-02,
    -9.677612595109E-04));
#717 = DIRECTION('',(-0.,-0.,1.));
#718 = DIRECTION('',(1.,0.,0.));
#719 = ADVANCED_FACE('',(#720),#745,.T.);
#720 = FACE_BOUND('',#721,.T.);
#721 = EDGE_LOOP('',(#722,#730,#738,#744));
#722 = ORIENTED_EDGE('',*,*,#723,.F.);
#723 = EDGE_CURVE('',#724,#684,#726,.T.);
#724 = VERTEX_POINT('',#725);
#725 = CARTESIAN_POINT('',(0.999179646404,0.15223305047,
    9.903223874049E-02));
#726 = LINE('',#727,#728);
#727 = CARTESIAN_POINT('',(3.999999991796E+05,0.152233050527,
    9.903223874049E-02));
#728 = VECTOR('',#729,1.);
#729 = DIRECTION('',(-1.,-1.00389090045E-16,0.));
#730 = ORIENTED_EDGE('',*,*,#731,.F.);
#731 = EDGE_CURVE('',#732,#724,#734,.T.);
#732 = VERTEX_POINT('',#733);
#733 = CARTESIAN_POINT('',(0.999179646404,0.15223305047,
    -9.677612595109E-04));
#734 = LINE('',#735,#736);
#735 = CARTESIAN_POINT('',(0.999179646404,0.15223305047,
    -9.677612595109E-04));
#736 = VECTOR('',#737,1.);
#737 = DIRECTION('',(-0.,-0.,1.));
#738 = ORIENTED_EDGE('',*,*,#739,.T.);
#739 = EDGE_CURVE('',#732,#693,#740,.T.);
#740 = LINE('',#741,#742);
#741 = CARTESIAN_POINT('',(3.999999991796E+05,0.152233050527,
    -9.677612595109E-04));
#742 = VECTOR('',#743,1.);
#743 = DIRECTION('',(-1.,-1.00389090045E-16,0.));
#744 = ORIENTED_EDGE('',*,*,#692,.T.);
#745 = PLANE('',#746);
#746 = AXIS2_PLACEMENT_3D('',#747,#748,#749);
#747 = CARTESIAN_POINT('',(3.999999991796E+05,0.152233050527,
    -9.677612595109E-04));
#748 = DIRECTION('',(-1.00389090045E-16,1.,0.));
#749 = DIRECTION('',(-1.,-1.00389090045E-16,0.));
#750 = ADVANCED_FACE('',(#751),#776,.F.);
#751 = FACE_BOUND('',#752,.T.);
#752 = EDGE_LOOP('',(#753,#761,#769,#775));
#753 = ORIENTED_EDGE('',*,*,#754,.T.);
#754 = EDGE_CURVE('',#724,#755,#757,.T.);
#755 = VERTEX_POINT('',#756);
#756 = CARTESIAN_POINT('',(0.999179646404,-0.147766949578,
    9.903223874049E-02));
#757 = LINE('',#758,#759);
#758 = CARTESIAN_POINT('',(0.999179646404,-2.915982927669E+05,
    9.903223874049E-02));
#759 = VECTOR('',#760,1.);
#760 = DIRECTION('',(0.,-1.,0.));
#761 = ORIENTED_EDGE('',*,*,#762,.F.);
#762 = EDGE_CURVE('',#763,#755,#765,.T.);
#763 = VERTEX_POINT('',#764);
#764 = CARTESIAN_POINT('',(0.999179646404,-0.147766949578,
    -9.677612595109E-04));
#765 = LINE('',#766,#767);
#766 = CARTESIAN_POINT('',(0.999179646404,-0.147766949578,
    -9.677612595109E-04));
#767 = VECTOR('',#768,1.);
#768 = DIRECTION('',(-0.,-0.,1.));
#769 = ORIENTED_EDGE('',*,*,#770,.F.);
#770 = EDGE_CURVE('',#732,#763,#771,.T.);
#771 = LINE('',#772,#773);
#772 = CARTESIAN_POINT('',(0.999179646404,-2.915982927669E+05,
    -9.677612595109E-04));
#773 = VECTOR('',#774,1.);
#774 = DIRECTION('',(0.,-1.,0.));
#775 = ORIENTED_EDGE('',*,*,#731,.T.);
#776 = PLANE('',#777);
#777 = AXIS2_PLACEMENT_3D('',#778,#779,#780);
#778 = CARTESIAN_POINT('',(0.999179646404,-2.915982927669E+05,
    -9.677612595109E-04));
#779 = DIRECTION('',(-1.,0.,-0.));
#780 = DIRECTION('',(0.,0.,1.));
#781 = ADVANCED_FACE('',(#782),#807,.F.);
#782 = FACE_BOUND('',#783,.T.);
#783 = EDGE_LOOP('',(#784,#792,#800,#806));
#784 = ORIENTED_EDGE('',*,*,#785,.T.);
#785 = EDGE_CURVE('',#755,#786,#788,.T.);
#786 = VERTEX_POINT('',#787);
#787 = CARTESIAN_POINT('',(-8.082035359787E-02,-0.147766949549,
    9.903223874049E-02));
#788 = LINE('',#789,#790);
#789 = CARTESIAN_POINT('',(3.999999991796E+05,-0.147766949568,
    9.903223874049E-02));
#790 = VECTOR('',#791,1.);
#791 = DIRECTION('',(-1.,-2.509727251124E-17,0.));
#792 = ORIENTED_EDGE('',*,*,#793,.F.);
#793 = EDGE_CURVE('',#794,#786,#796,.T.);
#794 = VERTEX_POINT('',#795);
#795 = CARTESIAN_POINT('',(-8.082035359787E-02,-0.147766949549,
    -9.677612595109E-04));
#796 = LINE('',#797,#798);
#797 = CARTESIAN_POINT('',(-8.082035359787E-02,-0.147766949549,
    -9.677612595109E-04));
#798 = VECTOR('',#799,1.);
#799 = DIRECTION('',(-0.,-0.,1.));
#800 = ORIENTED_EDGE('',*,*,#801,.F.);
#801 = EDGE_CURVE('',#763,#794,#802,.T.);
#802 = LINE('',#803,#804);
#803 = CARTESIAN_POINT('',(3.999999991796E+05,-0.147766949568,
    -9.677612595109E-04));
#804 = VECTOR('',#805,1.);
#805 = DIRECTION('',(-1.,-2.509727251124E-17,0.));
#806 = ORIENTED_EDGE('',*,*,#762,.T.);
#807 = PLANE('',#808);
#808 = AXIS2_PLACEMENT_3D('',#809,#810,#811);
#809 = CARTESIAN_POINT('',(3.999999991796E+05,-0.147766949568,
    -9.677612595109E-04));
#810 = DIRECTION('',(-2.509727251124E-17,1.,0.));
#811 = DIRECTION('',(-1.,-2.509727251124E-17,0.));
#812 = ADVANCED_FACE('',(#813),#840,.T.);
#813 = FACE_BOUND('',#814,.T.);
#814 = EDGE_LOOP('',(#815,#824,#832,#839));
#815 = ORIENTED_EDGE('',*,*,#816,.T.);
#816 = EDGE_CURVE('',#786,#817,#819,.T.);
#817 = VERTEX_POINT('',#818);
#818 = CARTESIAN_POINT('',(-0.2008203536,-2.776694953015E-02,
    9.903223874049E-02));
#819 = CIRCLE('',#820,0.12);
#820 = AXIS2_PLACEMENT_3D('',#821,#822,#823);
#821 = CARTESIAN_POINT('',(-8.082035357247E-02,-2.776694954905E-02,
    9.903223874049E-02));
#822 = DIRECTION('',(0.,0.,-1.));
#823 = DIRECTION('',(-1.,0.,0.));
#824 = ORIENTED_EDGE('',*,*,#825,.F.);
#825 = EDGE_CURVE('',#826,#817,#828,.T.);
#826 = VERTEX_POINT('',#827);
#827 = CARTESIAN_POINT('',(-0.2008203536,-2.776694953015E-02,
    -9.677612595109E-04));
#828 = LINE('',#829,#830);
#829 = CARTESIAN_POINT('',(-0.2008203536,-2.776694953015E-02,
    -9.677612595109E-04));
#830 = VECTOR('',#831,1.);
#831 = DIRECTION('',(-0.,-0.,1.));
#832 = ORIENTED_EDGE('',*,*,#833,.F.);
#833 = EDGE_CURVE('',#794,#826,#834,.T.);
#834 = CIRCLE('',#835,0.12);
#835 = AXIS2_PLACEMENT_3D('',#836,#837,#838);
#836 = CARTESIAN_POINT('',(-8.082035357247E-02,-2.776694954905E-02,
    -9.677612595109E-04));
#837 = DIRECTION('',(0.,0.,-1.));
#838 = DIRECTION('',(-1.,0.,0.));
#839 = ORIENTED_EDGE('',*,*,#793,.T.);
#840 = CYLINDRICAL_SURFACE('',#841,0.12);
#841 = AXIS2_PLACEMENT_3D('',#842,#843,#844);
#842 = CARTESIAN_POINT('',(-8.082035357247E-02,-2.776694954905E-02,
    -9.677612595109E-04));
#843 = DIRECTION('',(-0.,-0.,1.));
#844 = DIRECTION('',(1.,0.,0.));
#845 = ADVANCED_FACE('',(#846),#862,.T.);
#846 = FACE_BOUND('',#847,.T.);
#847 = EDGE_LOOP('',(#848,#854,#855,#861));
#848 = ORIENTED_EDGE('',*,*,#849,.F.);
#849 = EDGE_CURVE('',#682,#817,#850,.T.);
#850 = LINE('',#851,#852);
#851 = CARTESIAN_POINT('',(-0.200820353863,-2.915982927669E+05,
    9.903223874049E-02));
#852 = VECTOR('',#853,1.);
#853 = DIRECTION('',(-9.035018104046E-16,-1.,0.));
#854 = ORIENTED_EDGE('',*,*,#709,.F.);
#855 = ORIENTED_EDGE('',*,*,#856,.T.);
#856 = EDGE_CURVE('',#701,#826,#857,.T.);
#857 = LINE('',#858,#859);
#858 = CARTESIAN_POINT('',(-0.200820353863,-2.915982927669E+05,
    -9.677612595109E-04));
#859 = VECTOR('',#860,1.);
#860 = DIRECTION('',(-9.035018104046E-16,-1.,0.));
#861 = ORIENTED_EDGE('',*,*,#825,.T.);
#862 = PLANE('',#863);
#863 = AXIS2_PLACEMENT_3D('',#864,#865,#866);
#864 = CARTESIAN_POINT('',(-0.200820353863,-2.915982927669E+05,
    -9.677612595109E-04));
#865 = DIRECTION('',(-1.,9.035018104046E-16,0.));
#866 = DIRECTION('',(-9.035018104046E-16,-1.,0.));
#867 = ADVANCED_FACE('',(#868),#876,.T.);
#868 = FACE_BOUND('',#869,.T.);
#869 = EDGE_LOOP('',(#870,#871,#872,#873,#874,#875));
#870 = ORIENTED_EDGE('',*,*,#700,.T.);
#871 = ORIENTED_EDGE('',*,*,#739,.F.);
#872 = ORIENTED_EDGE('',*,*,#770,.T.);
#873 = ORIENTED_EDGE('',*,*,#801,.T.);
#874 = ORIENTED_EDGE('',*,*,#833,.T.);
#875 = ORIENTED_EDGE('',*,*,#856,.F.);
#876 = PLANE('',#877);
#877 = AXIS2_PLACEMENT_3D('',#878,#879,#880);
#878 = CARTESIAN_POINT('',(-8.082035357247E-02,3.223305045095E-02,
    -9.677612595109E-04));
#879 = DIRECTION('',(0.,0.,-1.));
#880 = DIRECTION('',(-1.,0.,-0.));
#881 = ADVANCED_FACE('',(#882),#890,.F.);
#882 = FACE_BOUND('',#883,.T.);
#883 = EDGE_LOOP('',(#884,#885,#886,#887,#888,#889));
#884 = ORIENTED_EDGE('',*,*,#681,.F.);
#885 = ORIENTED_EDGE('',*,*,#849,.T.);
#886 = ORIENTED_EDGE('',*,*,#816,.F.);
#887 = ORIENTED_EDGE('',*,*,#785,.F.);
#888 = ORIENTED_EDGE('',*,*,#754,.F.);
#889 = ORIENTED_EDGE('',*,*,#723,.T.);
#890 = PLANE('',#891);
#891 = AXIS2_PLACEMENT_3D('',#892,#893,#894);
#892 = CARTESIAN_POINT('',(-8.082035357247E-02,3.223305045095E-02,
    9.903223874049E-02));
#893 = DIRECTION('',(0.,0.,-1.));
#894 = DIRECTION('',(-1.,0.,-0.));
#895 = MANIFOLD_SOLID_BREP('',#896);
#896 = CLOSED_SHELL('',(#897,#939,#970,#1001,#1032,#1065,#1087,#1101));
#897 = ADVANCED_FACE('',(#898),#934,.T.);
#898 = FACE_BOUND('',#899,.T.);
#899 = EDGE_LOOP('',(#900,#911,#919,#928));
#900 = ORIENTED_EDGE('',*,*,#901,.T.);
#901 = EDGE_CURVE('',#902,#904,#906,.T.);
#902 = VERTEX_POINT('',#903);
#903 = CARTESIAN_POINT('',(0.199179646434,-0.467766949556,
    9.903223874049E-02));
#904 = VERTEX_POINT('',#905);
#905 = CARTESIAN_POINT('',(0.319179646415,-0.347766949561,
    9.903223874049E-02));
#906 = CIRCLE('',#907,0.12);
#907 = AXIS2_PLACEMENT_3D('',#908,#909,#910);
#908 = CARTESIAN_POINT('',(0.319179646428,-0.467766949549,
    9.903223874049E-02));
#909 = DIRECTION('',(0.,0.,-1.));
#910 = DIRECTION('',(-1.,0.,0.));
#911 = ORIENTED_EDGE('',*,*,#912,.F.);
#912 = EDGE_CURVE('',#913,#904,#915,.T.);
#913 = VERTEX_POINT('',#914);
#914 = CARTESIAN_POINT('',(0.319179646415,-0.347766949561,
    -9.677612595109E-04));
#915 = LINE('',#916,#917);
#916 = CARTESIAN_POINT('',(0.319179646415,-0.347766949561,
    -9.677612595109E-04));
#917 = VECTOR('',#918,1.);
#918 = DIRECTION('',(-0.,-0.,1.));
#919 = ORIENTED_EDGE('',*,*,#920,.F.);
#920 = EDGE_CURVE('',#921,#913,#923,.T.);
#921 = VERTEX_POINT('',#922);
#922 = CARTESIAN_POINT('',(0.199179646434,-0.467766949556,
    -9.677612595109E-04));
#923 = CIRCLE('',#924,0.12);
#924 = AXIS2_PLACEMENT_3D('',#925,#926,#927);
#925 = CARTESIAN_POINT('',(0.319179646428,-0.467766949549,
    -9.677612595109E-04));
#926 = DIRECTION('',(0.,0.,-1.));
#927 = DIRECTION('',(-1.,0.,0.));
#928 = ORIENTED_EDGE('',*,*,#929,.T.);
#929 = EDGE_CURVE('',#921,#902,#930,.T.);
#930 = LINE('',#931,#932);
#931 = CARTESIAN_POINT('',(0.199179646434,-0.467766949556,
    -9.677612595109E-04));
#932 = VECTOR('',#933,1.);
#933 = DIRECTION('',(-0.,-0.,1.));
#934 = CYLINDRICAL_SURFACE('',#935,0.12);
#935 = AXIS2_PLACEMENT_3D('',#936,#937,#938);
#936 = CARTESIAN_POINT('',(0.319179646428,-0.467766949549,
    -9.677612595109E-04));
#937 = DIRECTION('',(-0.,-0.,1.));
#938 = DIRECTION('',(1.,0.,0.));
#939 = ADVANCED_FACE('',(#940),#965,.T.);
#940 = FACE_BOUND('',#941,.T.);
#941 = EDGE_LOOP('',(#942,#950,#958,#964));
#942 = ORIENTED_EDGE('',*,*,#943,.F.);
#943 = EDGE_CURVE('',#944,#904,#946,.T.);
#944 = VERTEX_POINT('',#945);
#945 = CARTESIAN_POINT('',(0.999179646404,-0.347766949575,
    9.903223874049E-02));
#946 = LINE('',#947,#948);
#947 = CARTESIAN_POINT('',(3.999999991796E+05,-0.347766949689,
    9.903223874049E-02));
#948 = VECTOR('',#949,1.);
#949 = DIRECTION('',(-1.,3.188829919075E-16,0.));
#950 = ORIENTED_EDGE('',*,*,#951,.F.);
#951 = EDGE_CURVE('',#952,#944,#954,.T.);
#952 = VERTEX_POINT('',#953);
#953 = CARTESIAN_POINT('',(0.999179646404,-0.347766949575,
    -9.677612595109E-04));
#954 = LINE('',#955,#956);
#955 = CARTESIAN_POINT('',(0.999179646404,-0.347766949575,
    -9.677612595109E-04));
#956 = VECTOR('',#957,1.);
#957 = DIRECTION('',(-0.,-0.,1.));
#958 = ORIENTED_EDGE('',*,*,#959,.T.);
#959 = EDGE_CURVE('',#952,#913,#960,.T.);
#960 = LINE('',#961,#962);
#961 = CARTESIAN_POINT('',(3.999999991796E+05,-0.347766949689,
    -9.677612595109E-04));
#962 = VECTOR('',#963,1.);
#963 = DIRECTION('',(-1.,3.188829919075E-16,0.));
#964 = ORIENTED_EDGE('',*,*,#912,.T.);
#965 = PLANE('',#966);
#966 = AXIS2_PLACEMENT_3D('',#967,#968,#969);
#967 = CARTESIAN_POINT('',(3.999999991796E+05,-0.347766949689,
    -9.677612595109E-04));
#968 = DIRECTION('',(3.188829919075E-16,1.,0.));
#969 = DIRECTION('',(-1.,3.188829919075E-16,0.));
#970 = ADVANCED_FACE('',(#971),#996,.F.);
#971 = FACE_BOUND('',#972,.T.);
#972 = EDGE_LOOP('',(#973,#981,#989,#995));
#973 = ORIENTED_EDGE('',*,*,#974,.T.);
#974 = EDGE_CURVE('',#944,#975,#977,.T.);
#975 = VERTEX_POINT('',#976);
#976 = CARTESIAN_POINT('',(0.999179646404,-0.647766949556,
    9.903223874049E-02));
#977 = LINE('',#978,#979);
#978 = CARTESIAN_POINT('',(0.999179646404,-2.915982927669E+05,
    9.903223874049E-02));
#979 = VECTOR('',#980,1.);
#980 = DIRECTION('',(0.,-1.,0.));
#981 = ORIENTED_EDGE('',*,*,#982,.F.);
#982 = EDGE_CURVE('',#983,#975,#985,.T.);
#983 = VERTEX_POINT('',#984);
#984 = CARTESIAN_POINT('',(0.999179646404,-0.647766949556,
    -9.677612595109E-04));
#985 = LINE('',#986,#987);
#986 = CARTESIAN_POINT('',(0.999179646404,-0.647766949556,
    -9.677612595109E-04));
#987 = VECTOR('',#988,1.);
#988 = DIRECTION('',(-0.,-0.,1.));
#989 = ORIENTED_EDGE('',*,*,#990,.F.);
#990 = EDGE_CURVE('',#952,#983,#991,.T.);
#991 = LINE('',#992,#993);
#992 = CARTESIAN_POINT('',(0.999179646404,-2.915982927669E+05,
    -9.677612595109E-04));
#993 = VECTOR('',#994,1.);
#994 = DIRECTION('',(0.,-1.,0.));
#995 = ORIENTED_EDGE('',*,*,#951,.T.);
#996 = PLANE('',#997);
#997 = AXIS2_PLACEMENT_3D('',#998,#999,#1000);
#998 = CARTESIAN_POINT('',(0.999179646404,-2.915982927669E+05,
    -9.677612595109E-04));
#999 = DIRECTION('',(-1.,0.,-0.));
#1000 = DIRECTION('',(0.,0.,1.));
#1001 = ADVANCED_FACE('',(#1002),#1027,.F.);
#1002 = FACE_BOUND('',#1003,.T.);
#1003 = EDGE_LOOP('',(#1004,#1012,#1020,#1026));
#1004 = ORIENTED_EDGE('',*,*,#1005,.T.);
#1005 = EDGE_CURVE('',#975,#1006,#1008,.T.);
#1006 = VERTEX_POINT('',#1007);
#1007 = CARTESIAN_POINT('',(0.319179646415,-0.647766949549,
    9.903223874049E-02));
#1008 = LINE('',#1009,#1010);
#1009 = CARTESIAN_POINT('',(3.999999991796E+05,-0.647766949556,
    9.903223874049E-02));
#1010 = VECTOR('',#1011,1.);
#1011 = DIRECTION('',(-1.,0.,0.));
#1012 = ORIENTED_EDGE('',*,*,#1013,.F.);
#1013 = EDGE_CURVE('',#1014,#1006,#1016,.T.);
#1014 = VERTEX_POINT('',#1015);
#1015 = CARTESIAN_POINT('',(0.319179646415,-0.647766949549,
    -9.677612595109E-04));
#1016 = LINE('',#1017,#1018);
#1017 = CARTESIAN_POINT('',(0.319179646415,-0.647766949549,
    -9.677612595109E-04));
#1018 = VECTOR('',#1019,1.);
#1019 = DIRECTION('',(-0.,-0.,1.));
#1020 = ORIENTED_EDGE('',*,*,#1021,.F.);
#1021 = EDGE_CURVE('',#983,#1014,#1022,.T.);
#1022 = LINE('',#1023,#1024);
#1023 = CARTESIAN_POINT('',(3.999999991796E+05,-0.647766949556,
    -9.677612595109E-04));
#1024 = VECTOR('',#1025,1.);
#1025 = DIRECTION('',(-1.,0.,0.));
#1026 = ORIENTED_EDGE('',*,*,#982,.T.);
#1027 = PLANE('',#1028);
#1028 = AXIS2_PLACEMENT_3D('',#1029,#1030,#1031);
#1029 = CARTESIAN_POINT('',(3.999999991796E+05,-0.647766949556,
    -9.677612595109E-04));
#1030 = DIRECTION('',(0.,1.,0.));
#1031 = DIRECTION('',(0.,-0.,1.));
#1032 = ADVANCED_FACE('',(#1033),#1060,.T.);
#1033 = FACE_BOUND('',#1034,.T.);
#1034 = EDGE_LOOP('',(#1035,#1044,#1052,#1059));
#1035 = ORIENTED_EDGE('',*,*,#1036,.T.);
#1036 = EDGE_CURVE('',#1006,#1037,#1039,.T.);
#1037 = VERTEX_POINT('',#1038);
#1038 = CARTESIAN_POINT('',(0.199179646434,-0.527766949575,
    9.903223874049E-02));
#1039 = CIRCLE('',#1040,0.12);
#1040 = AXIS2_PLACEMENT_3D('',#1041,#1042,#1043);
#1041 = CARTESIAN_POINT('',(0.319179646428,-0.527766949549,
    9.903223874049E-02));
#1042 = DIRECTION('',(0.,0.,-1.));
#1043 = DIRECTION('',(-1.,0.,0.));
#1044 = ORIENTED_EDGE('',*,*,#1045,.F.);
#1045 = EDGE_CURVE('',#1046,#1037,#1048,.T.);
#1046 = VERTEX_POINT('',#1047);
#1047 = CARTESIAN_POINT('',(0.199179646434,-0.527766949575,
    -9.677612595109E-04));
#1048 = LINE('',#1049,#1050);
#1049 = CARTESIAN_POINT('',(0.199179646434,-0.527766949575,
    -9.677612595109E-04));
#1050 = VECTOR('',#1051,1.);
#1051 = DIRECTION('',(-0.,-0.,1.));
#1052 = ORIENTED_EDGE('',*,*,#1053,.F.);
#1053 = EDGE_CURVE('',#1014,#1046,#1054,.T.);
#1054 = CIRCLE('',#1055,0.12);
#1055 = AXIS2_PLACEMENT_3D('',#1056,#1057,#1058);
#1056 = CARTESIAN_POINT('',(0.319179646428,-0.527766949549,
    -9.677612595109E-04));
#1057 = DIRECTION('',(0.,0.,-1.));
#1058 = DIRECTION('',(-1.,0.,0.));
#1059 = ORIENTED_EDGE('',*,*,#1013,.T.);
#1060 = CYLINDRICAL_SURFACE('',#1061,0.12);
#1061 = AXIS2_PLACEMENT_3D('',#1062,#1063,#1064);
#1062 = CARTESIAN_POINT('',(0.319179646428,-0.527766949549,
    -9.677612595109E-04));
#1063 = DIRECTION('',(-0.,-0.,1.));
#1064 = DIRECTION('',(1.,0.,0.));
#1065 = ADVANCED_FACE('',(#1066),#1082,.T.);
#1066 = FACE_BOUND('',#1067,.T.);
#1067 = EDGE_LOOP('',(#1068,#1074,#1075,#1081));
#1068 = ORIENTED_EDGE('',*,*,#1069,.F.);
#1069 = EDGE_CURVE('',#902,#1037,#1070,.T.);
#1070 = LINE('',#1071,#1072);
#1071 = CARTESIAN_POINT('',(0.199179646434,-2.915982927669E+05,
    9.903223874049E-02));
#1072 = VECTOR('',#1073,1.);
#1073 = DIRECTION('',(0.,-1.,0.));
#1074 = ORIENTED_EDGE('',*,*,#929,.F.);
#1075 = ORIENTED_EDGE('',*,*,#1076,.T.);
#1076 = EDGE_CURVE('',#921,#1046,#1077,.T.);
#1077 = LINE('',#1078,#1079);
#1078 = CARTESIAN_POINT('',(0.199179646434,-2.915982927669E+05,
    -9.677612595109E-04));
#1079 = VECTOR('',#1080,1.);
#1080 = DIRECTION('',(0.,-1.,0.));
#1081 = ORIENTED_EDGE('',*,*,#1045,.T.);
#1082 = PLANE('',#1083);
#1083 = AXIS2_PLACEMENT_3D('',#1084,#1085,#1086);
#1084 = CARTESIAN_POINT('',(0.199179646434,-2.915982927669E+05,
    -9.677612595109E-04));
#1085 = DIRECTION('',(-1.,0.,-0.));
#1086 = DIRECTION('',(0.,0.,1.));
#1087 = ADVANCED_FACE('',(#1088),#1096,.T.);
#1088 = FACE_BOUND('',#1089,.T.);
#1089 = EDGE_LOOP('',(#1090,#1091,#1092,#1093,#1094,#1095));
#1090 = ORIENTED_EDGE('',*,*,#920,.T.);
#1091 = ORIENTED_EDGE('',*,*,#959,.F.);
#1092 = ORIENTED_EDGE('',*,*,#990,.T.);
#1093 = ORIENTED_EDGE('',*,*,#1021,.T.);
#1094 = ORIENTED_EDGE('',*,*,#1053,.T.);
#1095 = ORIENTED_EDGE('',*,*,#1076,.F.);
#1096 = PLANE('',#1097);
#1097 = AXIS2_PLACEMENT_3D('',#1098,#1099,#1100);
#1098 = CARTESIAN_POINT('',(0.319179646428,-0.467766949549,
    -9.677612595109E-04));
#1099 = DIRECTION('',(0.,0.,-1.));
#1100 = DIRECTION('',(-1.,0.,-0.));
#1101 = ADVANCED_FACE('',(#1102),#1110,.F.);
#1102 = FACE_BOUND('',#1103,.T.);
#1103 = EDGE_LOOP('',(#1104,#1105,#1106,#1107,#1108,#1109));
#1104 = ORIENTED_EDGE('',*,*,#901,.F.);
#1105 = ORIENTED_EDGE('',*,*,#1069,.T.);
#1106 = ORIENTED_EDGE('',*,*,#1036,.F.);
#1107 = ORIENTED_EDGE('',*,*,#1005,.F.);
#1108 = ORIENTED_EDGE('',*,*,#974,.F.);
#1109 = ORIENTED_EDGE('',*,*,#943,.T.);
#1110 = PLANE('',#1111);
#1111 = AXIS2_PLACEMENT_3D('',#1112,#1113,#1114);
#1112 = CARTESIAN_POINT('',(0.319179646428,-0.467766949549,
    9.903223874049E-02));
#1113 = DIRECTION('',(0.,0.,-1.));
#1114 = DIRECTION('',(-1.,0.,-0.));
#1115 = MANIFOLD_SOLID_BREP('',#1116);
#1116 = CLOSED_SHELL('',(#1117,#1159,#1190,#1221,#1252,#1285,#1307,#1321
    ));
#1117 = ADVANCED_FACE('',(#1118),#1154,.T.);
#1118 = FACE_BOUND('',#1119,.T.);
#1119 = EDGE_LOOP('',(#1120,#1131,#1139,#1148));
#1120 = ORIENTED_EDGE('',*,*,#1121,.T.);
#1121 = EDGE_CURVE('',#1122,#1124,#1126,.T.);
#1122 = VERTEX_POINT('',#1123);
#1123 = CARTESIAN_POINT('',(0.199179646434,-0.967766949544,
    9.903223874049E-02));
#1124 = VERTEX_POINT('',#1125);
#1125 = CARTESIAN_POINT('',(0.319179646415,-0.847766949549,
    9.903223874049E-02));
#1126 = CIRCLE('',#1127,0.12);
#1127 = AXIS2_PLACEMENT_3D('',#1128,#1129,#1130);
#1128 = CARTESIAN_POINT('',(0.319179646428,-0.967766949549,
    9.903223874049E-02));
#1129 = DIRECTION('',(0.,0.,-1.));
#1130 = DIRECTION('',(-1.,0.,0.));
#1131 = ORIENTED_EDGE('',*,*,#1132,.F.);
#1132 = EDGE_CURVE('',#1133,#1124,#1135,.T.);
#1133 = VERTEX_POINT('',#1134);
#1134 = CARTESIAN_POINT('',(0.319179646415,-0.847766949549,
    -9.677612595109E-04));
#1135 = LINE('',#1136,#1137);
#1136 = CARTESIAN_POINT('',(0.319179646415,-0.847766949549,
    -9.677612595109E-04));
#1137 = VECTOR('',#1138,1.);
#1138 = DIRECTION('',(-0.,-0.,1.));
#1139 = ORIENTED_EDGE('',*,*,#1140,.F.);
#1140 = EDGE_CURVE('',#1141,#1133,#1143,.T.);
#1141 = VERTEX_POINT('',#1142);
#1142 = CARTESIAN_POINT('',(0.199179646434,-0.967766949544,
    -9.677612595109E-04));
#1143 = CIRCLE('',#1144,0.12);
#1144 = AXIS2_PLACEMENT_3D('',#1145,#1146,#1147);
#1145 = CARTESIAN_POINT('',(0.319179646428,-0.967766949549,
    -9.677612595109E-04));
#1146 = DIRECTION('',(0.,0.,-1.));
#1147 = DIRECTION('',(-1.,0.,0.));
#1148 = ORIENTED_EDGE('',*,*,#1149,.T.);
#1149 = EDGE_CURVE('',#1141,#1122,#1150,.T.);
#1150 = LINE('',#1151,#1152);
#1151 = CARTESIAN_POINT('',(0.199179646434,-0.967766949544,
    -9.677612595109E-04));
#1152 = VECTOR('',#1153,1.);
#1153 = DIRECTION('',(-0.,-0.,1.));
#1154 = CYLINDRICAL_SURFACE('',#1155,0.12);
#1155 = AXIS2_PLACEMENT_3D('',#1156,#1157,#1158);
#1156 = CARTESIAN_POINT('',(0.319179646428,-0.967766949549,
    -9.677612595109E-04));
#1157 = DIRECTION('',(-0.,-0.,1.));
#1158 = DIRECTION('',(1.,0.,0.));
#1159 = ADVANCED_FACE('',(#1160),#1185,.T.);
#1160 = FACE_BOUND('',#1161,.T.);
#1161 = EDGE_LOOP('',(#1162,#1170,#1178,#1184));
#1162 = ORIENTED_EDGE('',*,*,#1163,.F.);
#1163 = EDGE_CURVE('',#1164,#1124,#1166,.T.);
#1164 = VERTEX_POINT('',#1165);
#1165 = CARTESIAN_POINT('',(0.999179646404,-0.847766949563,
    9.903223874049E-02));
#1166 = LINE('',#1167,#1168);
#1167 = CARTESIAN_POINT('',(3.999999991796E+05,-0.847766949677,
    9.903223874049E-02));
#1168 = VECTOR('',#1169,1.);
#1169 = DIRECTION('',(-1.,3.188829919075E-16,0.));
#1170 = ORIENTED_EDGE('',*,*,#1171,.F.);
#1171 = EDGE_CURVE('',#1172,#1164,#1174,.T.);
#1172 = VERTEX_POINT('',#1173);
#1173 = CARTESIAN_POINT('',(0.999179646404,-0.847766949563,
    -9.677612595109E-04));
#1174 = LINE('',#1175,#1176);
#1175 = CARTESIAN_POINT('',(0.999179646404,-0.847766949563,
    -9.677612595109E-04));
#1176 = VECTOR('',#1177,1.);
#1177 = DIRECTION('',(-0.,-0.,1.));
#1178 = ORIENTED_EDGE('',*,*,#1179,.T.);
#1179 = EDGE_CURVE('',#1172,#1133,#1180,.T.);
#1180 = LINE('',#1181,#1182);
#1181 = CARTESIAN_POINT('',(3.999999991796E+05,-0.847766949677,
    -9.677612595109E-04));
#1182 = VECTOR('',#1183,1.);
#1183 = DIRECTION('',(-1.,3.188829919075E-16,0.));
#1184 = ORIENTED_EDGE('',*,*,#1132,.T.);
#1185 = PLANE('',#1186);
#1186 = AXIS2_PLACEMENT_3D('',#1187,#1188,#1189);
#1187 = CARTESIAN_POINT('',(3.999999991796E+05,-0.847766949677,
    -9.677612595109E-04));
#1188 = DIRECTION('',(3.188829919075E-16,1.,0.));
#1189 = DIRECTION('',(-1.,3.188829919075E-16,0.));
#1190 = ADVANCED_FACE('',(#1191),#1216,.F.);
#1191 = FACE_BOUND('',#1192,.T.);
#1192 = EDGE_LOOP('',(#1193,#1201,#1209,#1215));
#1193 = ORIENTED_EDGE('',*,*,#1194,.T.);
#1194 = EDGE_CURVE('',#1164,#1195,#1197,.T.);
#1195 = VERTEX_POINT('',#1196);
#1196 = CARTESIAN_POINT('',(0.999179646404,-1.147766949545,
    9.903223874049E-02));
#1197 = LINE('',#1198,#1199);
#1198 = CARTESIAN_POINT('',(0.999179646404,-2.915982927669E+05,
    9.903223874049E-02));
#1199 = VECTOR('',#1200,1.);
#1200 = DIRECTION('',(0.,-1.,0.));
#1201 = ORIENTED_EDGE('',*,*,#1202,.F.);
#1202 = EDGE_CURVE('',#1203,#1195,#1205,.T.);
#1203 = VERTEX_POINT('',#1204);
#1204 = CARTESIAN_POINT('',(0.999179646404,-1.147766949545,
    -9.677612595109E-04));
#1205 = LINE('',#1206,#1207);
#1206 = CARTESIAN_POINT('',(0.999179646404,-1.147766949545,
    -9.677612595109E-04));
#1207 = VECTOR('',#1208,1.);
#1208 = DIRECTION('',(-0.,-0.,1.));
#1209 = ORIENTED_EDGE('',*,*,#1210,.F.);
#1210 = EDGE_CURVE('',#1172,#1203,#1211,.T.);
#1211 = LINE('',#1212,#1213);
#1212 = CARTESIAN_POINT('',(0.999179646404,-2.915982927669E+05,
    -9.677612595109E-04));
#1213 = VECTOR('',#1214,1.);
#1214 = DIRECTION('',(0.,-1.,0.));
#1215 = ORIENTED_EDGE('',*,*,#1171,.T.);
#1216 = PLANE('',#1217);
#1217 = AXIS2_PLACEMENT_3D('',#1218,#1219,#1220);
#1218 = CARTESIAN_POINT('',(0.999179646404,-2.915982927669E+05,
    -9.677612595109E-04));
#1219 = DIRECTION('',(-1.,0.,-0.));
#1220 = DIRECTION('',(0.,0.,1.));
#1221 = ADVANCED_FACE('',(#1222),#1247,.F.);
#1222 = FACE_BOUND('',#1223,.T.);
#1223 = EDGE_LOOP('',(#1224,#1232,#1240,#1246));
#1224 = ORIENTED_EDGE('',*,*,#1225,.T.);
#1225 = EDGE_CURVE('',#1195,#1226,#1228,.T.);
#1226 = VERTEX_POINT('',#1227);
#1227 = CARTESIAN_POINT('',(0.319179646415,-1.147766949549,
    9.903223874049E-02));
#1228 = LINE('',#1229,#1230);
#1229 = CARTESIAN_POINT('',(3.999999991796E+05,-1.147766949545,
    9.903223874049E-02));
#1230 = VECTOR('',#1231,1.);
#1231 = DIRECTION('',(-1.,0.,0.));
#1232 = ORIENTED_EDGE('',*,*,#1233,.F.);
#1233 = EDGE_CURVE('',#1234,#1226,#1236,.T.);
#1234 = VERTEX_POINT('',#1235);
#1235 = CARTESIAN_POINT('',(0.319179646415,-1.147766949549,
    -9.677612595109E-04));
#1236 = LINE('',#1237,#1238);
#1237 = CARTESIAN_POINT('',(0.319179646415,-1.147766949549,
    -9.677612595109E-04));
#1238 = VECTOR('',#1239,1.);
#1239 = DIRECTION('',(-0.,-0.,1.));
#1240 = ORIENTED_EDGE('',*,*,#1241,.F.);
#1241 = EDGE_CURVE('',#1203,#1234,#1242,.T.);
#1242 = LINE('',#1243,#1244);
#1243 = CARTESIAN_POINT('',(3.999999991796E+05,-1.147766949545,
    -9.677612595109E-04));
#1244 = VECTOR('',#1245,1.);
#1245 = DIRECTION('',(-1.,0.,0.));
#1246 = ORIENTED_EDGE('',*,*,#1202,.T.);
#1247 = PLANE('',#1248);
#1248 = AXIS2_PLACEMENT_3D('',#1249,#1250,#1251);
#1249 = CARTESIAN_POINT('',(3.999999991796E+05,-1.147766949545,
    -9.677612595109E-04));
#1250 = DIRECTION('',(0.,1.,0.));
#1251 = DIRECTION('',(0.,-0.,1.));
#1252 = ADVANCED_FACE('',(#1253),#1280,.T.);
#1253 = FACE_BOUND('',#1254,.T.);
#1254 = EDGE_LOOP('',(#1255,#1264,#1272,#1279));
#1255 = ORIENTED_EDGE('',*,*,#1256,.T.);
#1256 = EDGE_CURVE('',#1226,#1257,#1259,.T.);
#1257 = VERTEX_POINT('',#1258);
#1258 = CARTESIAN_POINT('',(0.199179646434,-1.027766949563,
    9.903223874049E-02));
#1259 = CIRCLE('',#1260,0.12);
#1260 = AXIS2_PLACEMENT_3D('',#1261,#1262,#1263);
#1261 = CARTESIAN_POINT('',(0.319179646428,-1.027766949549,
    9.903223874049E-02));
#1262 = DIRECTION('',(0.,0.,-1.));
#1263 = DIRECTION('',(-1.,0.,0.));
#1264 = ORIENTED_EDGE('',*,*,#1265,.F.);
#1265 = EDGE_CURVE('',#1266,#1257,#1268,.T.);
#1266 = VERTEX_POINT('',#1267);
#1267 = CARTESIAN_POINT('',(0.199179646434,-1.027766949563,
    -9.677612595109E-04));
#1268 = LINE('',#1269,#1270);
#1269 = CARTESIAN_POINT('',(0.199179646434,-1.027766949563,
    -9.677612595109E-04));
#1270 = VECTOR('',#1271,1.);
#1271 = DIRECTION('',(-0.,-0.,1.));
#1272 = ORIENTED_EDGE('',*,*,#1273,.F.);
#1273 = EDGE_CURVE('',#1234,#1266,#1274,.T.);
#1274 = CIRCLE('',#1275,0.12);
#1275 = AXIS2_PLACEMENT_3D('',#1276,#1277,#1278);
#1276 = CARTESIAN_POINT('',(0.319179646428,-1.027766949549,
    -9.677612595109E-04));
#1277 = DIRECTION('',(0.,0.,-1.));
#1278 = DIRECTION('',(-1.,0.,0.));
#1279 = ORIENTED_EDGE('',*,*,#1233,.T.);
#1280 = CYLINDRICAL_SURFACE('',#1281,0.12);
#1281 = AXIS2_PLACEMENT_3D('',#1282,#1283,#1284);
#1282 = CARTESIAN_POINT('',(0.319179646428,-1.027766949549,
    -9.677612595109E-04));
#1283 = DIRECTION('',(-0.,-0.,1.));
#1284 = DIRECTION('',(1.,0.,0.));
#1285 = ADVANCED_FACE('',(#1286),#1302,.T.);
#1286 = FACE_BOUND('',#1287,.T.);
#1287 = EDGE_LOOP('',(#1288,#1294,#1295,#1301));
#1288 = ORIENTED_EDGE('',*,*,#1289,.F.);
#1289 = EDGE_CURVE('',#1122,#1257,#1290,.T.);
#1290 = LINE('',#1291,#1292);
#1291 = CARTESIAN_POINT('',(0.199179646434,-2.915982927669E+05,
    9.903223874049E-02));
#1292 = VECTOR('',#1293,1.);
#1293 = DIRECTION('',(0.,-1.,0.));
#1294 = ORIENTED_EDGE('',*,*,#1149,.F.);
#1295 = ORIENTED_EDGE('',*,*,#1296,.T.);
#1296 = EDGE_CURVE('',#1141,#1266,#1297,.T.);
#1297 = LINE('',#1298,#1299);
#1298 = CARTESIAN_POINT('',(0.199179646434,-2.915982927669E+05,
    -9.677612595109E-04));
#1299 = VECTOR('',#1300,1.);
#1300 = DIRECTION('',(0.,-1.,0.));
#1301 = ORIENTED_EDGE('',*,*,#1265,.T.);
#1302 = PLANE('',#1303);
#1303 = AXIS2_PLACEMENT_3D('',#1304,#1305,#1306);
#1304 = CARTESIAN_POINT('',(0.199179646434,-2.915982927669E+05,
    -9.677612595109E-04));
#1305 = DIRECTION('',(-1.,0.,-0.));
#1306 = DIRECTION('',(0.,0.,1.));
#1307 = ADVANCED_FACE('',(#1308),#1316,.T.);
#1308 = FACE_BOUND('',#1309,.T.);
#1309 = EDGE_LOOP('',(#1310,#1311,#1312,#1313,#1314,#1315));
#1310 = ORIENTED_EDGE('',*,*,#1140,.T.);
#1311 = ORIENTED_EDGE('',*,*,#1179,.F.);
#1312 = ORIENTED_EDGE('',*,*,#1210,.T.);
#1313 = ORIENTED_EDGE('',*,*,#1241,.T.);
#1314 = ORIENTED_EDGE('',*,*,#1273,.T.);
#1315 = ORIENTED_EDGE('',*,*,#1296,.F.);
#1316 = PLANE('',#1317);
#1317 = AXIS2_PLACEMENT_3D('',#1318,#1319,#1320);
#1318 = CARTESIAN_POINT('',(0.319179646428,-0.967766949549,
    -9.677612595109E-04));
#1319 = DIRECTION('',(0.,0.,-1.));
#1320 = DIRECTION('',(-1.,0.,-0.));
#1321 = ADVANCED_FACE('',(#1322),#1330,.F.);
#1322 = FACE_BOUND('',#1323,.T.);
#1323 = EDGE_LOOP('',(#1324,#1325,#1326,#1327,#1328,#1329));
#1324 = ORIENTED_EDGE('',*,*,#1121,.F.);
#1325 = ORIENTED_EDGE('',*,*,#1289,.T.);
#1326 = ORIENTED_EDGE('',*,*,#1256,.F.);
#1327 = ORIENTED_EDGE('',*,*,#1225,.F.);
#1328 = ORIENTED_EDGE('',*,*,#1194,.F.);
#1329 = ORIENTED_EDGE('',*,*,#1163,.T.);
#1330 = PLANE('',#1331);
#1331 = AXIS2_PLACEMENT_3D('',#1332,#1333,#1334);
#1332 = CARTESIAN_POINT('',(0.319179646428,-0.967766949549,
    9.903223874049E-02));
#1333 = DIRECTION('',(0.,0.,-1.));
#1334 = DIRECTION('',(-1.,0.,-0.));
#1335 = MANIFOLD_SOLID_BREP('',#1336);
#1336 = CLOSED_SHELL('',(#1337,#1377,#1408,#1439,#1461,#1473));
#1337 = ADVANCED_FACE('',(#1338),#1372,.T.);
#1338 = FACE_BOUND('',#1339,.T.);
#1339 = EDGE_LOOP('',(#1340,#1350,#1358,#1366));
#1340 = ORIENTED_EDGE('',*,*,#1341,.F.);
#1341 = EDGE_CURVE('',#1342,#1344,#1346,.T.);
#1342 = VERTEX_POINT('',#1343);
#1343 = CARTESIAN_POINT('',(-1.000820353549,-1.147766949545,
    9.903223874049E-02));
#1344 = VERTEX_POINT('',#1345);
#1345 = CARTESIAN_POINT('',(-0.500820353561,-1.147766949545,
    9.903223874049E-02));
#1346 = LINE('',#1347,#1348);
#1347 = CARTESIAN_POINT('',(3.999999991796E+05,-1.147766949545,
    9.903223874049E-02));
#1348 = VECTOR('',#1349,1.);
#1349 = DIRECTION('',(1.,0.,0.));
#1350 = ORIENTED_EDGE('',*,*,#1351,.F.);
#1351 = EDGE_CURVE('',#1352,#1342,#1354,.T.);
#1352 = VERTEX_POINT('',#1353);
#1353 = CARTESIAN_POINT('',(-1.000820353549,-1.147766949545,
    -9.677612595109E-04));
#1354 = LINE('',#1355,#1356);
#1355 = CARTESIAN_POINT('',(-1.000820353549,-1.147766949545,
    -9.677612595109E-04));
#1356 = VECTOR('',#1357,1.);
#1357 = DIRECTION('',(-0.,-0.,1.));
#1358 = ORIENTED_EDGE('',*,*,#1359,.T.);
#1359 = EDGE_CURVE('',#1352,#1360,#1362,.T.);
#1360 = VERTEX_POINT('',#1361);
#1361 = CARTESIAN_POINT('',(-0.500820353561,-1.147766949545,
    -9.677612595109E-04));
#1362 = LINE('',#1363,#1364);
#1363 = CARTESIAN_POINT('',(3.999999991796E+05,-1.147766949545,
    -9.677612595109E-04));
#1364 = VECTOR('',#1365,1.);
#1365 = DIRECTION('',(1.,0.,0.));
#1366 = ORIENTED_EDGE('',*,*,#1367,.T.);
#1367 = EDGE_CURVE('',#1360,#1344,#1368,.T.);
#1368 = LINE('',#1369,#1370);
#1369 = CARTESIAN_POINT('',(-0.500820353561,-1.147766949545,
    -9.677612595109E-04));
#1370 = VECTOR('',#1371,1.);
#1371 = DIRECTION('',(-0.,-0.,1.));
#1372 = PLANE('',#1373);
#1373 = AXIS2_PLACEMENT_3D('',#1374,#1375,#1376);
#1374 = CARTESIAN_POINT('',(3.999999991796E+05,-1.147766949545,
    -9.677612595109E-04));
#1375 = DIRECTION('',(0.,-1.,0.));
#1376 = DIRECTION('',(0.,-0.,-1.));
#1377 = ADVANCED_FACE('',(#1378),#1403,.F.);
#1378 = FACE_BOUND('',#1379,.T.);
#1379 = EDGE_LOOP('',(#1380,#1388,#1396,#1402));
#1380 = ORIENTED_EDGE('',*,*,#1381,.T.);
#1381 = EDGE_CURVE('',#1342,#1382,#1384,.T.);
#1382 = VERTEX_POINT('',#1383);
#1383 = CARTESIAN_POINT('',(-1.000820353549,-0.847766949563,
    9.903223874049E-02));
#1384 = LINE('',#1385,#1386);
#1385 = CARTESIAN_POINT('',(-1.000820353549,-2.915982927669E+05,
    9.903223874049E-02));
#1386 = VECTOR('',#1387,1.);
#1387 = DIRECTION('',(0.,1.,0.));
#1388 = ORIENTED_EDGE('',*,*,#1389,.F.);
#1389 = EDGE_CURVE('',#1390,#1382,#1392,.T.);
#1390 = VERTEX_POINT('',#1391);
#1391 = CARTESIAN_POINT('',(-1.000820353549,-0.847766949563,
    -9.677612595109E-04));
#1392 = LINE('',#1393,#1394);
#1393 = CARTESIAN_POINT('',(-1.000820353549,-0.847766949563,
    -9.677612595109E-04));
#1394 = VECTOR('',#1395,1.);
#1395 = DIRECTION('',(-0.,-0.,1.));
#1396 = ORIENTED_EDGE('',*,*,#1397,.F.);
#1397 = EDGE_CURVE('',#1352,#1390,#1398,.T.);
#1398 = LINE('',#1399,#1400);
#1399 = CARTESIAN_POINT('',(-1.000820353549,-2.915982927669E+05,
    -9.677612595109E-04));
#1400 = VECTOR('',#1401,1.);
#1401 = DIRECTION('',(0.,1.,0.));
#1402 = ORIENTED_EDGE('',*,*,#1351,.T.);
#1403 = PLANE('',#1404);
#1404 = AXIS2_PLACEMENT_3D('',#1405,#1406,#1407);
#1405 = CARTESIAN_POINT('',(-1.000820353549,-2.915982927669E+05,
    -9.677612595109E-04));
#1406 = DIRECTION('',(1.,-0.,0.));
#1407 = DIRECTION('',(0.,0.,-1.));
#1408 = ADVANCED_FACE('',(#1409),#1434,.F.);
#1409 = FACE_BOUND('',#1410,.T.);
#1410 = EDGE_LOOP('',(#1411,#1419,#1427,#1433));
#1411 = ORIENTED_EDGE('',*,*,#1412,.T.);
#1412 = EDGE_CURVE('',#1382,#1413,#1415,.T.);
#1413 = VERTEX_POINT('',#1414);
#1414 = CARTESIAN_POINT('',(-0.500820353561,-0.847766949563,
    9.903223874049E-02));
#1415 = LINE('',#1416,#1417);
#1416 = CARTESIAN_POINT('',(3.999999991796E+05,-0.847766949563,
    9.903223874049E-02));
#1417 = VECTOR('',#1418,1.);
#1418 = DIRECTION('',(1.,0.,0.));
#1419 = ORIENTED_EDGE('',*,*,#1420,.F.);
#1420 = EDGE_CURVE('',#1421,#1413,#1423,.T.);
#1421 = VERTEX_POINT('',#1422);
#1422 = CARTESIAN_POINT('',(-0.500820353561,-0.847766949563,
    -9.677612595109E-04));
#1423 = LINE('',#1424,#1425);
#1424 = CARTESIAN_POINT('',(-0.500820353561,-0.847766949563,
    -9.677612595109E-04));
#1425 = VECTOR('',#1426,1.);
#1426 = DIRECTION('',(-0.,-0.,1.));
#1427 = ORIENTED_EDGE('',*,*,#1428,.F.);
#1428 = EDGE_CURVE('',#1390,#1421,#1429,.T.);
#1429 = LINE('',#1430,#1431);
#1430 = CARTESIAN_POINT('',(3.999999991796E+05,-0.847766949563,
    -9.677612595109E-04));
#1431 = VECTOR('',#1432,1.);
#1432 = DIRECTION('',(1.,0.,0.));
#1433 = ORIENTED_EDGE('',*,*,#1389,.T.);
#1434 = PLANE('',#1435);
#1435 = AXIS2_PLACEMENT_3D('',#1436,#1437,#1438);
#1436 = CARTESIAN_POINT('',(3.999999991796E+05,-0.847766949563,
    -9.677612595109E-04));
#1437 = DIRECTION('',(0.,-1.,0.));
#1438 = DIRECTION('',(0.,-0.,-1.));
#1439 = ADVANCED_FACE('',(#1440),#1456,.F.);
#1440 = FACE_BOUND('',#1441,.T.);
#1441 = EDGE_LOOP('',(#1442,#1448,#1449,#1455));
#1442 = ORIENTED_EDGE('',*,*,#1443,.T.);
#1443 = EDGE_CURVE('',#1413,#1344,#1444,.T.);
#1444 = LINE('',#1445,#1446);
#1445 = CARTESIAN_POINT('',(-0.500820353561,-2.915982927669E+05,
    9.903223874049E-02));
#1446 = VECTOR('',#1447,1.);
#1447 = DIRECTION('',(0.,-1.,0.));
#1448 = ORIENTED_EDGE('',*,*,#1367,.F.);
#1449 = ORIENTED_EDGE('',*,*,#1450,.F.);
#1450 = EDGE_CURVE('',#1421,#1360,#1451,.T.);
#1451 = LINE('',#1452,#1453);
#1452 = CARTESIAN_POINT('',(-0.500820353561,-2.915982927669E+05,
    -9.677612595109E-04));
#1453 = VECTOR('',#1454,1.);
#1454 = DIRECTION('',(0.,-1.,0.));
#1455 = ORIENTED_EDGE('',*,*,#1420,.T.);
#1456 = PLANE('',#1457);
#1457 = AXIS2_PLACEMENT_3D('',#1458,#1459,#1460);
#1458 = CARTESIAN_POINT('',(-0.500820353561,-2.915982927669E+05,
    -9.677612595109E-04));
#1459 = DIRECTION('',(-1.,0.,-0.));
#1460 = DIRECTION('',(0.,0.,1.));
#1461 = ADVANCED_FACE('',(#1462),#1468,.T.);
#1462 = FACE_BOUND('',#1463,.T.);
#1463 = EDGE_LOOP('',(#1464,#1465,#1466,#1467));
#1464 = ORIENTED_EDGE('',*,*,#1359,.F.);
#1465 = ORIENTED_EDGE('',*,*,#1397,.T.);
#1466 = ORIENTED_EDGE('',*,*,#1428,.T.);
#1467 = ORIENTED_EDGE('',*,*,#1450,.T.);
#1468 = PLANE('',#1469);
#1469 = AXIS2_PLACEMENT_3D('',#1470,#1471,#1472);
#1470 = CARTESIAN_POINT('',(-8.203535724743E-04,2.233050450947E-03,
    -9.677612595109E-04));
#1471 = DIRECTION('',(0.,0.,-1.));
#1472 = DIRECTION('',(-1.,0.,-0.));
#1473 = ADVANCED_FACE('',(#1474),#1480,.F.);
#1474 = FACE_BOUND('',#1475,.T.);
#1475 = EDGE_LOOP('',(#1476,#1477,#1478,#1479));
#1476 = ORIENTED_EDGE('',*,*,#1341,.T.);
#1477 = ORIENTED_EDGE('',*,*,#1443,.F.);
#1478 = ORIENTED_EDGE('',*,*,#1412,.F.);
#1479 = ORIENTED_EDGE('',*,*,#1381,.F.);
#1480 = PLANE('',#1481);
#1481 = AXIS2_PLACEMENT_3D('',#1482,#1483,#1484);
#1482 = CARTESIAN_POINT('',(-8.203535724743E-04,2.233050450947E-03,
    9.903223874049E-02));
#1483 = DIRECTION('',(0.,0.,-1.));
#1484 = DIRECTION('',(-1.,0.,-0.));
#1485 = MANIFOLD_SOLID_BREP('',#1486);
#1486 = CLOSED_SHELL('',(#1487,#1527,#1560,#1591,#1622,#1653,#1677,#1691
    ));
#1487 = ADVANCED_FACE('',(#1488),#1522,.F.);
#1488 = FACE_BOUND('',#1489,.T.);
#1489 = EDGE_LOOP('',(#1490,#1500,#1508,#1516));
#1490 = ORIENTED_EDGE('',*,*,#1491,.T.);
#1491 = EDGE_CURVE('',#1492,#1494,#1496,.T.);
#1492 = VERTEX_POINT('',#1493);
#1493 = CARTESIAN_POINT('',(-0.500820353572,-0.467766949556,
    9.903223874049E-02));
#1494 = VERTEX_POINT('',#1495);
#1495 = CARTESIAN_POINT('',(-0.500820353572,-0.527766949575,
    9.903223874049E-02));
#1496 = LINE('',#1497,#1498);
#1497 = CARTESIAN_POINT('',(-0.500820353561,-2.915982927669E+05,
    9.903223874049E-02));
#1498 = VECTOR('',#1499,1.);
#1499 = DIRECTION('',(0.,-1.,0.));
#1500 = ORIENTED_EDGE('',*,*,#1501,.F.);
#1501 = EDGE_CURVE('',#1502,#1494,#1504,.T.);
#1502 = VERTEX_POINT('',#1503);
#1503 = CARTESIAN_POINT('',(-0.500820353572,-0.527766949575,
    -9.677612595109E-04));
#1504 = LINE('',#1505,#1506);
#1505 = CARTESIAN_POINT('',(-0.500820353572,-0.527766949575,
    -9.677612595109E-04));
#1506 = VECTOR('',#1507,1.);
#1507 = DIRECTION('',(-0.,-0.,1.));
#1508 = ORIENTED_EDGE('',*,*,#1509,.F.);
#1509 = EDGE_CURVE('',#1510,#1502,#1512,.T.);
#1510 = VERTEX_POINT('',#1511);
#1511 = CARTESIAN_POINT('',(-0.500820353572,-0.467766949556,
    -9.677612595109E-04));
#1512 = LINE('',#1513,#1514);
#1513 = CARTESIAN_POINT('',(-0.500820353561,-2.915982927669E+05,
    -9.677612595109E-04));
#1514 = VECTOR('',#1515,1.);
#1515 = DIRECTION('',(0.,-1.,0.));
#1516 = ORIENTED_EDGE('',*,*,#1517,.T.);
#1517 = EDGE_CURVE('',#1510,#1492,#1518,.T.);
#1518 = LINE('',#1519,#1520);
#1519 = CARTESIAN_POINT('',(-0.500820353572,-0.467766949556,
    -9.677612595109E-04));
#1520 = VECTOR('',#1521,1.);
#1521 = DIRECTION('',(-0.,-0.,1.));
#1522 = PLANE('',#1523);
#1523 = AXIS2_PLACEMENT_3D('',#1524,#1525,#1526);
#1524 = CARTESIAN_POINT('',(-0.500820353561,-2.915982927669E+05,
    -9.677612595109E-04));
#1525 = DIRECTION('',(-1.,0.,-0.));
#1526 = DIRECTION('',(0.,0.,1.));
#1527 = ADVANCED_FACE('',(#1528),#1555,.T.);
#1528 = FACE_BOUND('',#1529,.T.);
#1529 = EDGE_LOOP('',(#1530,#1539,#1547,#1554));
#1530 = ORIENTED_EDGE('',*,*,#1531,.T.);
#1531 = EDGE_CURVE('',#1494,#1532,#1534,.T.);
#1532 = VERTEX_POINT('',#1533);
#1533 = CARTESIAN_POINT('',(-0.620820353542,-0.647766949556,
    9.903223874049E-02));
#1534 = CIRCLE('',#1535,0.12);
#1535 = AXIS2_PLACEMENT_3D('',#1536,#1537,#1538);
#1536 = CARTESIAN_POINT('',(-0.620820353572,-0.527766949549,
    9.903223874049E-02));
#1537 = DIRECTION('',(0.,0.,-1.));
#1538 = DIRECTION('',(-1.,0.,0.));
#1539 = ORIENTED_EDGE('',*,*,#1540,.F.);
#1540 = EDGE_CURVE('',#1541,#1532,#1543,.T.);
#1541 = VERTEX_POINT('',#1542);
#1542 = CARTESIAN_POINT('',(-0.620820353542,-0.647766949556,
    -9.677612595109E-04));
#1543 = LINE('',#1544,#1545);
#1544 = CARTESIAN_POINT('',(-0.620820353542,-0.647766949556,
    -9.677612595109E-04));
#1545 = VECTOR('',#1546,1.);
#1546 = DIRECTION('',(-0.,-0.,1.));
#1547 = ORIENTED_EDGE('',*,*,#1548,.F.);
#1548 = EDGE_CURVE('',#1502,#1541,#1549,.T.);
#1549 = CIRCLE('',#1550,0.12);
#1550 = AXIS2_PLACEMENT_3D('',#1551,#1552,#1553);
#1551 = CARTESIAN_POINT('',(-0.620820353572,-0.527766949549,
    -9.677612595109E-04));
#1552 = DIRECTION('',(0.,0.,-1.));
#1553 = DIRECTION('',(-1.,0.,0.));
#1554 = ORIENTED_EDGE('',*,*,#1501,.T.);
#1555 = CYLINDRICAL_SURFACE('',#1556,0.12);
#1556 = AXIS2_PLACEMENT_3D('',#1557,#1558,#1559);
#1557 = CARTESIAN_POINT('',(-0.620820353572,-0.527766949549,
    -9.677612595109E-04));
#1558 = DIRECTION('',(-0.,-0.,1.));
#1559 = DIRECTION('',(1.,0.,0.));
#1560 = ADVANCED_FACE('',(#1561),#1586,.T.);
#1561 = FACE_BOUND('',#1562,.T.);
#1562 = EDGE_LOOP('',(#1563,#1571,#1579,#1585));
#1563 = ORIENTED_EDGE('',*,*,#1564,.F.);
#1564 = EDGE_CURVE('',#1565,#1532,#1567,.T.);
#1565 = VERTEX_POINT('',#1566);
#1566 = CARTESIAN_POINT('',(-1.000820353549,-0.647766949556,
    9.903223874049E-02));
#1567 = LINE('',#1568,#1569);
#1568 = CARTESIAN_POINT('',(3.999999991796E+05,-0.647766949556,
    9.903223874049E-02));
#1569 = VECTOR('',#1570,1.);
#1570 = DIRECTION('',(1.,0.,0.));
#1571 = ORIENTED_EDGE('',*,*,#1572,.F.);
#1572 = EDGE_CURVE('',#1573,#1565,#1575,.T.);
#1573 = VERTEX_POINT('',#1574);
#1574 = CARTESIAN_POINT('',(-1.000820353549,-0.647766949556,
    -9.677612595109E-04));
#1575 = LINE('',#1576,#1577);
#1576 = CARTESIAN_POINT('',(-1.000820353549,-0.647766949556,
    -9.677612595109E-04));
#1577 = VECTOR('',#1578,1.);
#1578 = DIRECTION('',(-0.,-0.,1.));
#1579 = ORIENTED_EDGE('',*,*,#1580,.T.);
#1580 = EDGE_CURVE('',#1573,#1541,#1581,.T.);
#1581 = LINE('',#1582,#1583);
#1582 = CARTESIAN_POINT('',(3.999999991796E+05,-0.647766949556,
    -9.677612595109E-04));
#1583 = VECTOR('',#1584,1.);
#1584 = DIRECTION('',(1.,0.,0.));
#1585 = ORIENTED_EDGE('',*,*,#1540,.T.);
#1586 = PLANE('',#1587);
#1587 = AXIS2_PLACEMENT_3D('',#1588,#1589,#1590);
#1588 = CARTESIAN_POINT('',(3.999999991796E+05,-0.647766949556,
    -9.677612595109E-04));
#1589 = DIRECTION('',(0.,-1.,0.));
#1590 = DIRECTION('',(0.,-0.,-1.));
#1591 = ADVANCED_FACE('',(#1592),#1617,.F.);
#1592 = FACE_BOUND('',#1593,.T.);
#1593 = EDGE_LOOP('',(#1594,#1602,#1610,#1616));
#1594 = ORIENTED_EDGE('',*,*,#1595,.T.);
#1595 = EDGE_CURVE('',#1565,#1596,#1598,.T.);
#1596 = VERTEX_POINT('',#1597);
#1597 = CARTESIAN_POINT('',(-1.000820353549,-0.347766949575,
    9.903223874049E-02));
#1598 = LINE('',#1599,#1600);
#1599 = CARTESIAN_POINT('',(-1.000820353549,-2.915982927669E+05,
    9.903223874049E-02));
#1600 = VECTOR('',#1601,1.);
#1601 = DIRECTION('',(0.,1.,0.));
#1602 = ORIENTED_EDGE('',*,*,#1603,.F.);
#1603 = EDGE_CURVE('',#1604,#1596,#1606,.T.);
#1604 = VERTEX_POINT('',#1605);
#1605 = CARTESIAN_POINT('',(-1.000820353549,-0.347766949575,
    -9.677612595109E-04));
#1606 = LINE('',#1607,#1608);
#1607 = CARTESIAN_POINT('',(-1.000820353549,-0.347766949575,
    -9.677612595109E-04));
#1608 = VECTOR('',#1609,1.);
#1609 = DIRECTION('',(-0.,-0.,1.));
#1610 = ORIENTED_EDGE('',*,*,#1611,.F.);
#1611 = EDGE_CURVE('',#1573,#1604,#1612,.T.);
#1612 = LINE('',#1613,#1614);
#1613 = CARTESIAN_POINT('',(-1.000820353549,-2.915982927669E+05,
    -9.677612595109E-04));
#1614 = VECTOR('',#1615,1.);
#1615 = DIRECTION('',(0.,1.,0.));
#1616 = ORIENTED_EDGE('',*,*,#1572,.T.);
#1617 = PLANE('',#1618);
#1618 = AXIS2_PLACEMENT_3D('',#1619,#1620,#1621);
#1619 = CARTESIAN_POINT('',(-1.000820353549,-2.915982927669E+05,
    -9.677612595109E-04));
#1620 = DIRECTION('',(1.,-0.,0.));
#1621 = DIRECTION('',(0.,0.,-1.));
#1622 = ADVANCED_FACE('',(#1623),#1648,.F.);
#1623 = FACE_BOUND('',#1624,.T.);
#1624 = EDGE_LOOP('',(#1625,#1633,#1641,#1647));
#1625 = ORIENTED_EDGE('',*,*,#1626,.T.);
#1626 = EDGE_CURVE('',#1596,#1627,#1629,.T.);
#1627 = VERTEX_POINT('',#1628);
#1628 = CARTESIAN_POINT('',(-0.620820353599,-0.347766949549,
    9.903223874049E-02));
#1629 = LINE('',#1630,#1631);
#1630 = CARTESIAN_POINT('',(3.999999991796E+05,-0.347766949632,
    9.903223874049E-02));
#1631 = VECTOR('',#1632,1.);
#1632 = DIRECTION('',(1.,-1.426581805902E-16,0.));
#1633 = ORIENTED_EDGE('',*,*,#1634,.F.);
#1634 = EDGE_CURVE('',#1635,#1627,#1637,.T.);
#1635 = VERTEX_POINT('',#1636);
#1636 = CARTESIAN_POINT('',(-0.620820353599,-0.347766949549,
    -9.677612595109E-04));
#1637 = LINE('',#1638,#1639);
#1638 = CARTESIAN_POINT('',(-0.620820353599,-0.347766949549,
    -9.677612595109E-04));
#1639 = VECTOR('',#1640,1.);
#1640 = DIRECTION('',(-0.,-0.,1.));
#1641 = ORIENTED_EDGE('',*,*,#1642,.F.);
#1642 = EDGE_CURVE('',#1604,#1635,#1643,.T.);
#1643 = LINE('',#1644,#1645);
#1644 = CARTESIAN_POINT('',(3.999999991796E+05,-0.347766949632,
    -9.677612595109E-04));
#1645 = VECTOR('',#1646,1.);
#1646 = DIRECTION('',(1.,-1.426581805902E-16,0.));
#1647 = ORIENTED_EDGE('',*,*,#1603,.T.);
#1648 = PLANE('',#1649);
#1649 = AXIS2_PLACEMENT_3D('',#1650,#1651,#1652);
#1650 = CARTESIAN_POINT('',(3.999999991796E+05,-0.347766949632,
    -9.677612595109E-04));
#1651 = DIRECTION('',(-1.426581805902E-16,-1.,0.));
#1652 = DIRECTION('',(1.,-1.426581805902E-16,0.));
#1653 = ADVANCED_FACE('',(#1654),#1672,.T.);
#1654 = FACE_BOUND('',#1655,.T.);
#1655 = EDGE_LOOP('',(#1656,#1663,#1664,#1671));
#1656 = ORIENTED_EDGE('',*,*,#1657,.T.);
#1657 = EDGE_CURVE('',#1627,#1492,#1658,.T.);
#1658 = CIRCLE('',#1659,0.12);
#1659 = AXIS2_PLACEMENT_3D('',#1660,#1661,#1662);
#1660 = CARTESIAN_POINT('',(-0.620820353572,-0.467766949549,
    9.903223874049E-02));
#1661 = DIRECTION('',(0.,0.,-1.));
#1662 = DIRECTION('',(-1.,0.,0.));
#1663 = ORIENTED_EDGE('',*,*,#1517,.F.);
#1664 = ORIENTED_EDGE('',*,*,#1665,.F.);
#1665 = EDGE_CURVE('',#1635,#1510,#1666,.T.);
#1666 = CIRCLE('',#1667,0.12);
#1667 = AXIS2_PLACEMENT_3D('',#1668,#1669,#1670);
#1668 = CARTESIAN_POINT('',(-0.620820353572,-0.467766949549,
    -9.677612595109E-04));
#1669 = DIRECTION('',(0.,0.,-1.));
#1670 = DIRECTION('',(-1.,0.,0.));
#1671 = ORIENTED_EDGE('',*,*,#1634,.T.);
#1672 = CYLINDRICAL_SURFACE('',#1673,0.12);
#1673 = AXIS2_PLACEMENT_3D('',#1674,#1675,#1676);
#1674 = CARTESIAN_POINT('',(-0.620820353572,-0.467766949549,
    -9.677612595109E-04));
#1675 = DIRECTION('',(-0.,-0.,1.));
#1676 = DIRECTION('',(1.,0.,0.));
#1677 = ADVANCED_FACE('',(#1678),#1686,.T.);
#1678 = FACE_BOUND('',#1679,.T.);
#1679 = EDGE_LOOP('',(#1680,#1681,#1682,#1683,#1684,#1685));
#1680 = ORIENTED_EDGE('',*,*,#1509,.T.);
#1681 = ORIENTED_EDGE('',*,*,#1548,.T.);
#1682 = ORIENTED_EDGE('',*,*,#1580,.F.);
#1683 = ORIENTED_EDGE('',*,*,#1611,.T.);
#1684 = ORIENTED_EDGE('',*,*,#1642,.T.);
#1685 = ORIENTED_EDGE('',*,*,#1665,.T.);
#1686 = PLANE('',#1687);
#1687 = AXIS2_PLACEMENT_3D('',#1688,#1689,#1690);
#1688 = CARTESIAN_POINT('',(-0.620820353572,-0.527766949549,
    -9.677612595109E-04));
#1689 = DIRECTION('',(0.,0.,-1.));
#1690 = DIRECTION('',(-1.,0.,-0.));
#1691 = ADVANCED_FACE('',(#1692),#1700,.F.);
#1692 = FACE_BOUND('',#1693,.T.);
#1693 = EDGE_LOOP('',(#1694,#1695,#1696,#1697,#1698,#1699));
#1694 = ORIENTED_EDGE('',*,*,#1491,.F.);
#1695 = ORIENTED_EDGE('',*,*,#1657,.F.);
#1696 = ORIENTED_EDGE('',*,*,#1626,.F.);
#1697 = ORIENTED_EDGE('',*,*,#1595,.F.);
#1698 = ORIENTED_EDGE('',*,*,#1564,.T.);
#1699 = ORIENTED_EDGE('',*,*,#1531,.F.);
#1700 = PLANE('',#1701);
#1701 = AXIS2_PLACEMENT_3D('',#1702,#1703,#1704);
#1702 = CARTESIAN_POINT('',(-0.620820353572,-0.527766949549,
    9.903223874049E-02));
#1703 = DIRECTION('',(0.,0.,-1.));
#1704 = DIRECTION('',(-1.,0.,-0.));
#1705 = MANIFOLD_SOLID_BREP('',#1706);
#1706 = CLOSED_SHELL('',(#1707,#1747,#1780,#1811,#1842,#1873,#1897,#1911
    ));
#1707 = ADVANCED_FACE('',(#1708),#1742,.F.);
#1708 = FACE_BOUND('',#1709,.T.);
#1709 = EDGE_LOOP('',(#1710,#1720,#1728,#1736));
#1710 = ORIENTED_EDGE('',*,*,#1711,.T.);
#1711 = EDGE_CURVE('',#1712,#1714,#1716,.T.);
#1712 = VERTEX_POINT('',#1713);
#1713 = CARTESIAN_POINT('',(-0.500820353572,3.223305043205E-02,
    9.903223874049E-02));
#1714 = VERTEX_POINT('',#1715);
#1715 = CARTESIAN_POINT('',(-0.500820353572,-2.776694953015E-02,
    9.903223874049E-02));
#1716 = LINE('',#1717,#1718);
#1717 = CARTESIAN_POINT('',(-0.500820353561,-2.915982927669E+05,
    9.903223874049E-02));
#1718 = VECTOR('',#1719,1.);
#1719 = DIRECTION('',(0.,-1.,0.));
#1720 = ORIENTED_EDGE('',*,*,#1721,.F.);
#1721 = EDGE_CURVE('',#1722,#1714,#1724,.T.);
#1722 = VERTEX_POINT('',#1723);
#1723 = CARTESIAN_POINT('',(-0.500820353572,-2.776694953015E-02,
    -9.677612595109E-04));
#1724 = LINE('',#1725,#1726);
#1725 = CARTESIAN_POINT('',(-0.500820353572,-2.776694953015E-02,
    -9.677612595109E-04));
#1726 = VECTOR('',#1727,1.);
#1727 = DIRECTION('',(-0.,-0.,1.));
#1728 = ORIENTED_EDGE('',*,*,#1729,.F.);
#1729 = EDGE_CURVE('',#1730,#1722,#1732,.T.);
#1730 = VERTEX_POINT('',#1731);
#1731 = CARTESIAN_POINT('',(-0.500820353572,3.223305043205E-02,
    -9.677612595109E-04));
#1732 = LINE('',#1733,#1734);
#1733 = CARTESIAN_POINT('',(-0.500820353561,-2.915982927669E+05,
    -9.677612595109E-04));
#1734 = VECTOR('',#1735,1.);
#1735 = DIRECTION('',(0.,-1.,0.));
#1736 = ORIENTED_EDGE('',*,*,#1737,.T.);
#1737 = EDGE_CURVE('',#1730,#1712,#1738,.T.);
#1738 = LINE('',#1739,#1740);
#1739 = CARTESIAN_POINT('',(-0.500820353572,3.223305043205E-02,
    -9.677612595109E-04));
#1740 = VECTOR('',#1741,1.);
#1741 = DIRECTION('',(-0.,-0.,1.));
#1742 = PLANE('',#1743);
#1743 = AXIS2_PLACEMENT_3D('',#1744,#1745,#1746);
#1744 = CARTESIAN_POINT('',(-0.500820353561,-2.915982927669E+05,
    -9.677612595109E-04));
#1745 = DIRECTION('',(-1.,0.,-0.));
#1746 = DIRECTION('',(0.,0.,1.));
#1747 = ADVANCED_FACE('',(#1748),#1775,.T.);
#1748 = FACE_BOUND('',#1749,.T.);
#1749 = EDGE_LOOP('',(#1750,#1759,#1767,#1774));
#1750 = ORIENTED_EDGE('',*,*,#1751,.T.);
#1751 = EDGE_CURVE('',#1714,#1752,#1754,.T.);
#1752 = VERTEX_POINT('',#1753);
#1753 = CARTESIAN_POINT('',(-0.620820353542,-0.147766949596,
    9.903223874049E-02));
#1754 = CIRCLE('',#1755,0.12);
#1755 = AXIS2_PLACEMENT_3D('',#1756,#1757,#1758);
#1756 = CARTESIAN_POINT('',(-0.620820353572,-2.776694954905E-02,
    9.903223874049E-02));
#1757 = DIRECTION('',(0.,0.,-1.));
#1758 = DIRECTION('',(-1.,0.,0.));
#1759 = ORIENTED_EDGE('',*,*,#1760,.F.);
#1760 = EDGE_CURVE('',#1761,#1752,#1763,.T.);
#1761 = VERTEX_POINT('',#1762);
#1762 = CARTESIAN_POINT('',(-0.620820353542,-0.147766949596,
    -9.677612595109E-04));
#1763 = LINE('',#1764,#1765);
#1764 = CARTESIAN_POINT('',(-0.620820353542,-0.147766949596,
    -9.677612595109E-04));
#1765 = VECTOR('',#1766,1.);
#1766 = DIRECTION('',(-0.,-0.,1.));
#1767 = ORIENTED_EDGE('',*,*,#1768,.F.);
#1768 = EDGE_CURVE('',#1722,#1761,#1769,.T.);
#1769 = CIRCLE('',#1770,0.12);
#1770 = AXIS2_PLACEMENT_3D('',#1771,#1772,#1773);
#1771 = CARTESIAN_POINT('',(-0.620820353572,-2.776694954905E-02,
    -9.677612595109E-04));
#1772 = DIRECTION('',(0.,0.,-1.));
#1773 = DIRECTION('',(-1.,0.,0.));
#1774 = ORIENTED_EDGE('',*,*,#1721,.T.);
#1775 = CYLINDRICAL_SURFACE('',#1776,0.12);
#1776 = AXIS2_PLACEMENT_3D('',#1777,#1778,#1779);
#1777 = CARTESIAN_POINT('',(-0.620820353572,-2.776694954905E-02,
    -9.677612595109E-04));
#1778 = DIRECTION('',(-0.,-0.,1.));
#1779 = DIRECTION('',(1.,0.,0.));
#1780 = ADVANCED_FACE('',(#1781),#1806,.T.);
#1781 = FACE_BOUND('',#1782,.T.);
#1782 = EDGE_LOOP('',(#1783,#1791,#1799,#1805));
#1783 = ORIENTED_EDGE('',*,*,#1784,.F.);
#1784 = EDGE_CURVE('',#1785,#1752,#1787,.T.);
#1785 = VERTEX_POINT('',#1786);
#1786 = CARTESIAN_POINT('',(-1.000820353549,-0.147766949568,
    9.903223874049E-02));
#1787 = LINE('',#1788,#1789);
#1788 = CARTESIAN_POINT('',(3.999999991796E+05,-0.147766949796,
    9.903223874049E-02));
#1789 = VECTOR('',#1790,1.);
#1790 = DIRECTION('',(1.,-4.993036320657E-16,0.));
#1791 = ORIENTED_EDGE('',*,*,#1792,.F.);
#1792 = EDGE_CURVE('',#1793,#1785,#1795,.T.);
#1793 = VERTEX_POINT('',#1794);
#1794 = CARTESIAN_POINT('',(-1.000820353549,-0.147766949568,
    -9.677612595109E-04));
#1795 = LINE('',#1796,#1797);
#1796 = CARTESIAN_POINT('',(-1.000820353549,-0.147766949568,
    -9.677612595109E-04));
#1797 = VECTOR('',#1798,1.);
#1798 = DIRECTION('',(-0.,-0.,1.));
#1799 = ORIENTED_EDGE('',*,*,#1800,.T.);
#1800 = EDGE_CURVE('',#1793,#1761,#1801,.T.);
#1801 = LINE('',#1802,#1803);
#1802 = CARTESIAN_POINT('',(3.999999991796E+05,-0.147766949796,
    -9.677612595109E-04));
#1803 = VECTOR('',#1804,1.);
#1804 = DIRECTION('',(1.,-4.993036320657E-16,0.));
#1805 = ORIENTED_EDGE('',*,*,#1760,.T.);
#1806 = PLANE('',#1807);
#1807 = AXIS2_PLACEMENT_3D('',#1808,#1809,#1810);
#1808 = CARTESIAN_POINT('',(3.999999991796E+05,-0.147766949796,
    -9.677612595109E-04));
#1809 = DIRECTION('',(-4.993036320657E-16,-1.,0.));
#1810 = DIRECTION('',(1.,-4.993036320657E-16,0.));
#1811 = ADVANCED_FACE('',(#1812),#1837,.F.);
#1812 = FACE_BOUND('',#1813,.T.);
#1813 = EDGE_LOOP('',(#1814,#1822,#1830,#1836));
#1814 = ORIENTED_EDGE('',*,*,#1815,.T.);
#1815 = EDGE_CURVE('',#1785,#1816,#1818,.T.);
#1816 = VERTEX_POINT('',#1817);
#1817 = CARTESIAN_POINT('',(-1.000820353549,0.15223305047,
    9.903223874049E-02));
#1818 = LINE('',#1819,#1820);
#1819 = CARTESIAN_POINT('',(-1.000820353549,-2.915982927669E+05,
    9.903223874049E-02));
#1820 = VECTOR('',#1821,1.);
#1821 = DIRECTION('',(0.,1.,0.));
#1822 = ORIENTED_EDGE('',*,*,#1823,.F.);
#1823 = EDGE_CURVE('',#1824,#1816,#1826,.T.);
#1824 = VERTEX_POINT('',#1825);
#1825 = CARTESIAN_POINT('',(-1.000820353549,0.15223305047,
    -9.677612595109E-04));
#1826 = LINE('',#1827,#1828);
#1827 = CARTESIAN_POINT('',(-1.000820353549,0.15223305047,
    -9.677612595109E-04));
#1828 = VECTOR('',#1829,1.);
#1829 = DIRECTION('',(-0.,-0.,1.));
#1830 = ORIENTED_EDGE('',*,*,#1831,.F.);
#1831 = EDGE_CURVE('',#1793,#1824,#1832,.T.);
#1832 = LINE('',#1833,#1834);
#1833 = CARTESIAN_POINT('',(-1.000820353549,-2.915982927669E+05,
    -9.677612595109E-04));
#1834 = VECTOR('',#1835,1.);
#1835 = DIRECTION('',(0.,1.,0.));
#1836 = ORIENTED_EDGE('',*,*,#1792,.T.);
#1837 = PLANE('',#1838);
#1838 = AXIS2_PLACEMENT_3D('',#1839,#1840,#1841);
#1839 = CARTESIAN_POINT('',(-1.000820353549,-2.915982927669E+05,
    -9.677612595109E-04));
#1840 = DIRECTION('',(1.,-0.,0.));
#1841 = DIRECTION('',(0.,0.,-1.));
#1842 = ADVANCED_FACE('',(#1843),#1868,.F.);
#1843 = FACE_BOUND('',#1844,.T.);
#1844 = EDGE_LOOP('',(#1845,#1853,#1861,#1867));
#1845 = ORIENTED_EDGE('',*,*,#1846,.T.);
#1846 = EDGE_CURVE('',#1816,#1847,#1849,.T.);
#1847 = VERTEX_POINT('',#1848);
#1848 = CARTESIAN_POINT('',(-0.620820353599,0.152233050451,
    9.903223874049E-02));
#1849 = LINE('',#1850,#1851);
#1850 = CARTESIAN_POINT('',(3.999999991796E+05,0.152233050413,
    9.903223874049E-02));
#1851 = VECTOR('',#1852,1.);
#1852 = DIRECTION('',(1.,-1.426581805902E-16,0.));
#1853 = ORIENTED_EDGE('',*,*,#1854,.F.);
#1854 = EDGE_CURVE('',#1855,#1847,#1857,.T.);
#1855 = VERTEX_POINT('',#1856);
#1856 = CARTESIAN_POINT('',(-0.620820353599,0.152233050451,
    -9.677612595109E-04));
#1857 = LINE('',#1858,#1859);
#1858 = CARTESIAN_POINT('',(-0.620820353599,0.152233050451,
    -9.677612595109E-04));
#1859 = VECTOR('',#1860,1.);
#1860 = DIRECTION('',(-0.,-0.,1.));
#1861 = ORIENTED_EDGE('',*,*,#1862,.F.);
#1862 = EDGE_CURVE('',#1824,#1855,#1863,.T.);
#1863 = LINE('',#1864,#1865);
#1864 = CARTESIAN_POINT('',(3.999999991796E+05,0.152233050413,
    -9.677612595109E-04));
#1865 = VECTOR('',#1866,1.);
#1866 = DIRECTION('',(1.,-1.426581805902E-16,0.));
#1867 = ORIENTED_EDGE('',*,*,#1823,.T.);
#1868 = PLANE('',#1869);
#1869 = AXIS2_PLACEMENT_3D('',#1870,#1871,#1872);
#1870 = CARTESIAN_POINT('',(3.999999991796E+05,0.152233050413,
    -9.677612595109E-04));
#1871 = DIRECTION('',(-1.426581805902E-16,-1.,0.));
#1872 = DIRECTION('',(1.,-1.426581805902E-16,0.));
#1873 = ADVANCED_FACE('',(#1874),#1892,.T.);
#1874 = FACE_BOUND('',#1875,.T.);
#1875 = EDGE_LOOP('',(#1876,#1883,#1884,#1891));
#1876 = ORIENTED_EDGE('',*,*,#1877,.T.);
#1877 = EDGE_CURVE('',#1847,#1712,#1878,.T.);
#1878 = CIRCLE('',#1879,0.12);
#1879 = AXIS2_PLACEMENT_3D('',#1880,#1881,#1882);
#1880 = CARTESIAN_POINT('',(-0.620820353572,3.223305045095E-02,
    9.903223874049E-02));
#1881 = DIRECTION('',(0.,0.,-1.));
#1882 = DIRECTION('',(-1.,0.,0.));
#1883 = ORIENTED_EDGE('',*,*,#1737,.F.);
#1884 = ORIENTED_EDGE('',*,*,#1885,.F.);
#1885 = EDGE_CURVE('',#1855,#1730,#1886,.T.);
#1886 = CIRCLE('',#1887,0.12);
#1887 = AXIS2_PLACEMENT_3D('',#1888,#1889,#1890);
#1888 = CARTESIAN_POINT('',(-0.620820353572,3.223305045095E-02,
    -9.677612595109E-04));
#1889 = DIRECTION('',(0.,0.,-1.));
#1890 = DIRECTION('',(-1.,0.,0.));
#1891 = ORIENTED_EDGE('',*,*,#1854,.T.);
#1892 = CYLINDRICAL_SURFACE('',#1893,0.12);
#1893 = AXIS2_PLACEMENT_3D('',#1894,#1895,#1896);
#1894 = CARTESIAN_POINT('',(-0.620820353572,3.223305045095E-02,
    -9.677612595109E-04));
#1895 = DIRECTION('',(-0.,-0.,1.));
#1896 = DIRECTION('',(1.,0.,0.));
#1897 = ADVANCED_FACE('',(#1898),#1906,.T.);
#1898 = FACE_BOUND('',#1899,.T.);
#1899 = EDGE_LOOP('',(#1900,#1901,#1902,#1903,#1904,#1905));
#1900 = ORIENTED_EDGE('',*,*,#1729,.T.);
#1901 = ORIENTED_EDGE('',*,*,#1768,.T.);
#1902 = ORIENTED_EDGE('',*,*,#1800,.F.);
#1903 = ORIENTED_EDGE('',*,*,#1831,.T.);
#1904 = ORIENTED_EDGE('',*,*,#1862,.T.);
#1905 = ORIENTED_EDGE('',*,*,#1885,.T.);
#1906 = PLANE('',#1907);
#1907 = AXIS2_PLACEMENT_3D('',#1908,#1909,#1910);
#1908 = CARTESIAN_POINT('',(-0.620820353572,-2.776694954905E-02,
    -9.677612595109E-04));
#1909 = DIRECTION('',(0.,0.,-1.));
#1910 = DIRECTION('',(-1.,0.,-0.));
#1911 = ADVANCED_FACE('',(#1912),#1920,.F.);
#1912 = FACE_BOUND('',#1913,.T.);
#1913 = EDGE_LOOP('',(#1914,#1915,#1916,#1917,#1918,#1919));
#1914 = ORIENTED_EDGE('',*,*,#1711,.F.);
#1915 = ORIENTED_EDGE('',*,*,#1877,.F.);
#1916 = ORIENTED_EDGE('',*,*,#1846,.F.);
#1917 = ORIENTED_EDGE('',*,*,#1815,.F.);
#1918 = ORIENTED_EDGE('',*,*,#1784,.T.);
#1919 = ORIENTED_EDGE('',*,*,#1751,.F.);
#1920 = PLANE('',#1921);
#1921 = AXIS2_PLACEMENT_3D('',#1922,#1923,#1924);
#1922 = CARTESIAN_POINT('',(-0.620820353572,-2.776694954905E-02,
    9.903223874049E-02));
#1923 = DIRECTION('',(0.,0.,-1.));
#1924 = DIRECTION('',(-1.,0.,-0.));
#1925 = MANIFOLD_SOLID_BREP('',#1926);
#1926 = CLOSED_SHELL('',(#1927,#1967,#2000,#2031,#2062,#2093,#2117,#2131
    ));
#1927 = ADVANCED_FACE('',(#1928),#1962,.F.);
#1928 = FACE_BOUND('',#1929,.T.);
#1929 = EDGE_LOOP('',(#1930,#1940,#1948,#1956));
#1930 = ORIENTED_EDGE('',*,*,#1931,.T.);
#1931 = EDGE_CURVE('',#1932,#1934,#1936,.T.);
#1932 = VERTEX_POINT('',#1933);
#1933 = CARTESIAN_POINT('',(-0.500820353572,0.532233050477,
    9.903223874049E-02));
#1934 = VERTEX_POINT('',#1935);
#1935 = CARTESIAN_POINT('',(-0.500820353572,0.472233050458,
    9.903223874049E-02));
#1936 = LINE('',#1937,#1938);
#1937 = CARTESIAN_POINT('',(-0.500820353561,-2.915982927669E+05,
    9.903223874049E-02));
#1938 = VECTOR('',#1939,1.);
#1939 = DIRECTION('',(0.,-1.,0.));
#1940 = ORIENTED_EDGE('',*,*,#1941,.F.);
#1941 = EDGE_CURVE('',#1942,#1934,#1944,.T.);
#1942 = VERTEX_POINT('',#1943);
#1943 = CARTESIAN_POINT('',(-0.500820353572,0.472233050458,
    -9.677612595109E-04));
#1944 = LINE('',#1945,#1946);
#1945 = CARTESIAN_POINT('',(-0.500820353572,0.472233050458,
    -9.677612595109E-04));
#1946 = VECTOR('',#1947,1.);
#1947 = DIRECTION('',(-0.,-0.,1.));
#1948 = ORIENTED_EDGE('',*,*,#1949,.F.);
#1949 = EDGE_CURVE('',#1950,#1942,#1952,.T.);
#1950 = VERTEX_POINT('',#1951);
#1951 = CARTESIAN_POINT('',(-0.500820353572,0.532233050477,
    -9.677612595109E-04));
#1952 = LINE('',#1953,#1954);
#1953 = CARTESIAN_POINT('',(-0.500820353561,-2.915982927669E+05,
    -9.677612595109E-04));
#1954 = VECTOR('',#1955,1.);
#1955 = DIRECTION('',(0.,-1.,0.));
#1956 = ORIENTED_EDGE('',*,*,#1957,.T.);
#1957 = EDGE_CURVE('',#1950,#1932,#1958,.T.);
#1958 = LINE('',#1959,#1960);
#1959 = CARTESIAN_POINT('',(-0.500820353572,0.532233050477,
    -9.677612595109E-04));
#1960 = VECTOR('',#1961,1.);
#1961 = DIRECTION('',(-0.,-0.,1.));
#1962 = PLANE('',#1963);
#1963 = AXIS2_PLACEMENT_3D('',#1964,#1965,#1966);
#1964 = CARTESIAN_POINT('',(-0.500820353561,-2.915982927669E+05,
    -9.677612595109E-04));
#1965 = DIRECTION('',(-1.,0.,-0.));
#1966 = DIRECTION('',(0.,0.,1.));
#1967 = ADVANCED_FACE('',(#1968),#1995,.T.);
#1968 = FACE_BOUND('',#1969,.T.);
#1969 = EDGE_LOOP('',(#1970,#1979,#1987,#1994));
#1970 = ORIENTED_EDGE('',*,*,#1971,.T.);
#1971 = EDGE_CURVE('',#1934,#1972,#1974,.T.);
#1972 = VERTEX_POINT('',#1973);
#1973 = CARTESIAN_POINT('',(-0.620820353542,0.352233050477,
    9.903223874049E-02));
#1974 = CIRCLE('',#1975,0.12);
#1975 = AXIS2_PLACEMENT_3D('',#1976,#1977,#1978);
#1976 = CARTESIAN_POINT('',(-0.620820353572,0.472233050451,
    9.903223874049E-02));
#1977 = DIRECTION('',(0.,0.,-1.));
#1978 = DIRECTION('',(-1.,0.,0.));
#1979 = ORIENTED_EDGE('',*,*,#1980,.F.);
#1980 = EDGE_CURVE('',#1981,#1972,#1983,.T.);
#1981 = VERTEX_POINT('',#1982);
#1982 = CARTESIAN_POINT('',(-0.620820353542,0.352233050477,
    -9.677612595109E-04));
#1983 = LINE('',#1984,#1985);
#1984 = CARTESIAN_POINT('',(-0.620820353542,0.352233050477,
    -9.677612595109E-04));
#1985 = VECTOR('',#1986,1.);
#1986 = DIRECTION('',(-0.,-0.,1.));
#1987 = ORIENTED_EDGE('',*,*,#1988,.F.);
#1988 = EDGE_CURVE('',#1942,#1981,#1989,.T.);
#1989 = CIRCLE('',#1990,0.12);
#1990 = AXIS2_PLACEMENT_3D('',#1991,#1992,#1993);
#1991 = CARTESIAN_POINT('',(-0.620820353572,0.472233050451,
    -9.677612595109E-04));
#1992 = DIRECTION('',(0.,0.,-1.));
#1993 = DIRECTION('',(-1.,0.,0.));
#1994 = ORIENTED_EDGE('',*,*,#1941,.T.);
#1995 = CYLINDRICAL_SURFACE('',#1996,0.12);
#1996 = AXIS2_PLACEMENT_3D('',#1997,#1998,#1999);
#1997 = CARTESIAN_POINT('',(-0.620820353572,0.472233050451,
    -9.677612595109E-04));
#1998 = DIRECTION('',(-0.,-0.,1.));
#1999 = DIRECTION('',(1.,0.,0.));
#2000 = ADVANCED_FACE('',(#2001),#2026,.T.);
#2001 = FACE_BOUND('',#2002,.T.);
#2002 = EDGE_LOOP('',(#2003,#2011,#2019,#2025));
#2003 = ORIENTED_EDGE('',*,*,#2004,.F.);
#2004 = EDGE_CURVE('',#2005,#1972,#2007,.T.);
#2005 = VERTEX_POINT('',#2006);
#2006 = CARTESIAN_POINT('',(-1.000820353549,0.352233050477,
    9.903223874049E-02));
#2007 = LINE('',#2008,#2009);
#2008 = CARTESIAN_POINT('',(3.999999991796E+05,0.35223305042,
    9.903223874049E-02));
#2009 = VECTOR('',#2010,1.);
#2010 = DIRECTION('',(1.,-1.426581805902E-16,0.));
#2011 = ORIENTED_EDGE('',*,*,#2012,.F.);
#2012 = EDGE_CURVE('',#2013,#2005,#2015,.T.);
#2013 = VERTEX_POINT('',#2014);
#2014 = CARTESIAN_POINT('',(-1.000820353549,0.352233050477,
    -9.677612595109E-04));
#2015 = LINE('',#2016,#2017);
#2016 = CARTESIAN_POINT('',(-1.000820353549,0.352233050477,
    -9.677612595109E-04));
#2017 = VECTOR('',#2018,1.);
#2018 = DIRECTION('',(-0.,-0.,1.));
#2019 = ORIENTED_EDGE('',*,*,#2020,.T.);
#2020 = EDGE_CURVE('',#2013,#1981,#2021,.T.);
#2021 = LINE('',#2022,#2023);
#2022 = CARTESIAN_POINT('',(3.999999991796E+05,0.35223305042,
    -9.677612595109E-04));
#2023 = VECTOR('',#2024,1.);
#2024 = DIRECTION('',(1.,-1.426581805902E-16,0.));
#2025 = ORIENTED_EDGE('',*,*,#1980,.T.);
#2026 = PLANE('',#2027);
#2027 = AXIS2_PLACEMENT_3D('',#2028,#2029,#2030);
#2028 = CARTESIAN_POINT('',(3.999999991796E+05,0.35223305042,
    -9.677612595109E-04));
#2029 = DIRECTION('',(-1.426581805902E-16,-1.,0.));
#2030 = DIRECTION('',(1.,-1.426581805902E-16,0.));
#2031 = ADVANCED_FACE('',(#2032),#2057,.F.);
#2032 = FACE_BOUND('',#2033,.T.);
#2033 = EDGE_LOOP('',(#2034,#2042,#2050,#2056));
#2034 = ORIENTED_EDGE('',*,*,#2035,.T.);
#2035 = EDGE_CURVE('',#2005,#2036,#2038,.T.);
#2036 = VERTEX_POINT('',#2037);
#2037 = CARTESIAN_POINT('',(-1.000820353549,0.652233050458,
    9.903223874049E-02));
#2038 = LINE('',#2039,#2040);
#2039 = CARTESIAN_POINT('',(-1.000820353549,-2.915982927669E+05,
    9.903223874049E-02));
#2040 = VECTOR('',#2041,1.);
#2041 = DIRECTION('',(0.,1.,0.));
#2042 = ORIENTED_EDGE('',*,*,#2043,.F.);
#2043 = EDGE_CURVE('',#2044,#2036,#2046,.T.);
#2044 = VERTEX_POINT('',#2045);
#2045 = CARTESIAN_POINT('',(-1.000820353549,0.652233050458,
    -9.677612595109E-04));
#2046 = LINE('',#2047,#2048);
#2047 = CARTESIAN_POINT('',(-1.000820353549,0.652233050458,
    -9.677612595109E-04));
#2048 = VECTOR('',#2049,1.);
#2049 = DIRECTION('',(-0.,-0.,1.));
#2050 = ORIENTED_EDGE('',*,*,#2051,.F.);
#2051 = EDGE_CURVE('',#2013,#2044,#2052,.T.);
#2052 = LINE('',#2053,#2054);
#2053 = CARTESIAN_POINT('',(-1.000820353549,-2.915982927669E+05,
    -9.677612595109E-04));
#2054 = VECTOR('',#2055,1.);
#2055 = DIRECTION('',(0.,1.,0.));
#2056 = ORIENTED_EDGE('',*,*,#2012,.T.);
#2057 = PLANE('',#2058);
#2058 = AXIS2_PLACEMENT_3D('',#2059,#2060,#2061);
#2059 = CARTESIAN_POINT('',(-1.000820353549,-2.915982927669E+05,
    -9.677612595109E-04));
#2060 = DIRECTION('',(1.,-0.,0.));
#2061 = DIRECTION('',(0.,0.,-1.));
#2062 = ADVANCED_FACE('',(#2063),#2088,.F.);
#2063 = FACE_BOUND('',#2064,.T.);
#2064 = EDGE_LOOP('',(#2065,#2073,#2081,#2087));
#2065 = ORIENTED_EDGE('',*,*,#2066,.T.);
#2066 = EDGE_CURVE('',#2036,#2067,#2069,.T.);
#2067 = VERTEX_POINT('',#2068);
#2068 = CARTESIAN_POINT('',(-0.620820353599,0.652233050451,
    9.903223874049E-02));
#2069 = LINE('',#2070,#2071);
#2070 = CARTESIAN_POINT('',(3.999999991796E+05,0.652233050458,
    9.903223874049E-02));
#2071 = VECTOR('',#2072,1.);
#2072 = DIRECTION('',(1.,0.,0.));
#2073 = ORIENTED_EDGE('',*,*,#2074,.F.);
#2074 = EDGE_CURVE('',#2075,#2067,#2077,.T.);
#2075 = VERTEX_POINT('',#2076);
#2076 = CARTESIAN_POINT('',(-0.620820353599,0.652233050451,
    -9.677612595109E-04));
#2077 = LINE('',#2078,#2079);
#2078 = CARTESIAN_POINT('',(-0.620820353599,0.652233050451,
    -9.677612595109E-04));
#2079 = VECTOR('',#2080,1.);
#2080 = DIRECTION('',(-0.,-0.,1.));
#2081 = ORIENTED_EDGE('',*,*,#2082,.F.);
#2082 = EDGE_CURVE('',#2044,#2075,#2083,.T.);
#2083 = LINE('',#2084,#2085);
#2084 = CARTESIAN_POINT('',(3.999999991796E+05,0.652233050458,
    -9.677612595109E-04));
#2085 = VECTOR('',#2086,1.);
#2086 = DIRECTION('',(1.,0.,0.));
#2087 = ORIENTED_EDGE('',*,*,#2043,.T.);
#2088 = PLANE('',#2089);
#2089 = AXIS2_PLACEMENT_3D('',#2090,#2091,#2092);
#2090 = CARTESIAN_POINT('',(3.999999991796E+05,0.652233050458,
    -9.677612595109E-04));
#2091 = DIRECTION('',(0.,-1.,0.));
#2092 = DIRECTION('',(0.,-0.,-1.));
#2093 = ADVANCED_FACE('',(#2094),#2112,.T.);
#2094 = FACE_BOUND('',#2095,.T.);
#2095 = EDGE_LOOP('',(#2096,#2103,#2104,#2111));
#2096 = ORIENTED_EDGE('',*,*,#2097,.T.);
#2097 = EDGE_CURVE('',#2067,#1932,#2098,.T.);
#2098 = CIRCLE('',#2099,0.12);
#2099 = AXIS2_PLACEMENT_3D('',#2100,#2101,#2102);
#2100 = CARTESIAN_POINT('',(-0.620820353572,0.532233050451,
    9.903223874049E-02));
#2101 = DIRECTION('',(0.,0.,-1.));
#2102 = DIRECTION('',(-1.,0.,0.));
#2103 = ORIENTED_EDGE('',*,*,#1957,.F.);
#2104 = ORIENTED_EDGE('',*,*,#2105,.F.);
#2105 = EDGE_CURVE('',#2075,#1950,#2106,.T.);
#2106 = CIRCLE('',#2107,0.12);
#2107 = AXIS2_PLACEMENT_3D('',#2108,#2109,#2110);
#2108 = CARTESIAN_POINT('',(-0.620820353572,0.532233050451,
    -9.677612595109E-04));
#2109 = DIRECTION('',(0.,0.,-1.));
#2110 = DIRECTION('',(-1.,0.,0.));
#2111 = ORIENTED_EDGE('',*,*,#2074,.T.);
#2112 = CYLINDRICAL_SURFACE('',#2113,0.12);
#2113 = AXIS2_PLACEMENT_3D('',#2114,#2115,#2116);
#2114 = CARTESIAN_POINT('',(-0.620820353572,0.532233050451,
    -9.677612595109E-04));
#2115 = DIRECTION('',(-0.,-0.,1.));
#2116 = DIRECTION('',(1.,0.,0.));
#2117 = ADVANCED_FACE('',(#2118),#2126,.T.);
#2118 = FACE_BOUND('',#2119,.T.);
#2119 = EDGE_LOOP('',(#2120,#2121,#2122,#2123,#2124,#2125));
#2120 = ORIENTED_EDGE('',*,*,#1949,.T.);
#2121 = ORIENTED_EDGE('',*,*,#1988,.T.);
#2122 = ORIENTED_EDGE('',*,*,#2020,.F.);
#2123 = ORIENTED_EDGE('',*,*,#2051,.T.);
#2124 = ORIENTED_EDGE('',*,*,#2082,.T.);
#2125 = ORIENTED_EDGE('',*,*,#2105,.T.);
#2126 = PLANE('',#2127);
#2127 = AXIS2_PLACEMENT_3D('',#2128,#2129,#2130);
#2128 = CARTESIAN_POINT('',(-0.620820353572,0.472233050451,
    -9.677612595109E-04));
#2129 = DIRECTION('',(0.,0.,-1.));
#2130 = DIRECTION('',(-1.,0.,-0.));
#2131 = ADVANCED_FACE('',(#2132),#2140,.F.);
#2132 = FACE_BOUND('',#2133,.T.);
#2133 = EDGE_LOOP('',(#2134,#2135,#2136,#2137,#2138,#2139));
#2134 = ORIENTED_EDGE('',*,*,#1931,.F.);
#2135 = ORIENTED_EDGE('',*,*,#2097,.F.);
#2136 = ORIENTED_EDGE('',*,*,#2066,.F.);
#2137 = ORIENTED_EDGE('',*,*,#2035,.F.);
#2138 = ORIENTED_EDGE('',*,*,#2004,.T.);
#2139 = ORIENTED_EDGE('',*,*,#1971,.F.);
#2140 = PLANE('',#2141);
#2141 = AXIS2_PLACEMENT_3D('',#2142,#2143,#2144);
#2142 = CARTESIAN_POINT('',(-0.620820353572,0.472233050451,
    9.903223874049E-02));
#2143 = DIRECTION('',(0.,0.,-1.));
#2144 = DIRECTION('',(-1.,0.,-0.));
#2145 = MANIFOLD_SOLID_BREP('',#2146);
#2146 = CLOSED_SHELL('',(#2147,#2189,#3177,#3323,#3469,#3486,#3503,#3525
    ,#3557,#3574,#3598,#3623,#3640,#3654,#3678,#3702,#3719,#3731,#3763,
    #3780,#3804,#3829,#3846,#3860,#3892,#3909,#3933,#3958,#3975,#3989,
    #4020,#4045,#4062,#4086,#4104,#4118,#4150,#4167,#4191,#4216,#4233,
    #4247,#4278,#4303,#4320,#4344,#4362,#4376,#4408,#4425,#4449,#4474,
    #4491,#4505,#4536,#4561,#4578,#4602,#4620,#4634,#4666,#4683,#4707,
    #4732,#4749,#4763,#4781,#4791,#4822,#4846,#4870,#4894,#4918,#4942,
    #4966,#4983,#5057,#5088,#5112,#5150,#5174,#5212,#5229,#5260,#5284,
    #5308,#5382,#5449,#5536,#5567,#5641,#5715,#5739,#5756,#5787,#5811,
    #5835,#5859,#5883,#5907,#5931,#5955,#5979,#6003,#6027,#6044,#6064,
    #6095,#6145,#6219,#6293,#6343,#6367,#6417,#6491,#6565,#6608,#6626,
    #6657,#6681,#6705,#6729,#6753,#6770,#6784,#6798));
#2147 = ADVANCED_FACE('',(#2148),#2184,.F.);
#2148 = FACE_BOUND('',#2149,.F.);
#2149 = EDGE_LOOP('',(#2150,#2160,#2169,#2177));
#2150 = ORIENTED_EDGE('',*,*,#2151,.T.);
#2151 = EDGE_CURVE('',#2152,#2154,#2156,.T.);
#2152 = VERTEX_POINT('',#2153);
#2153 = CARTESIAN_POINT('',(-0.611664040042,1.252103400905,0.89903223874
    ));
#2154 = VERTEX_POINT('',#2155);
#2155 = CARTESIAN_POINT('',(-0.611664040042,1.252103400905,0.94903223874
    ));
#2156 = LINE('',#2157,#2158);
#2157 = CARTESIAN_POINT('',(-0.611664040042,1.252103400905,0.89903223874
    ));
#2158 = VECTOR('',#2159,1.);
#2159 = DIRECTION('',(-0.,-0.,1.));
#2160 = ORIENTED_EDGE('',*,*,#2161,.F.);
#2161 = EDGE_CURVE('',#2162,#2154,#2164,.T.);
#2162 = VERTEX_POINT('',#2163);
#2163 = CARTESIAN_POINT('',(-0.909156098594,1.252103400905,0.94903223874
    ));
#2164 = CIRCLE('',#2165,0.148746029276);
#2165 = AXIS2_PLACEMENT_3D('',#2166,#2167,#2168);
#2166 = CARTESIAN_POINT('',(-0.760410069318,1.252103400905,0.94903223874
    ));
#2167 = DIRECTION('',(0.,0.,1.));
#2168 = DIRECTION('',(1.,0.,-0.));
#2169 = ORIENTED_EDGE('',*,*,#2170,.F.);
#2170 = EDGE_CURVE('',#2171,#2162,#2173,.T.);
#2171 = VERTEX_POINT('',#2172);
#2172 = CARTESIAN_POINT('',(-0.909156098594,1.252103400905,0.89903223874
    ));
#2173 = LINE('',#2174,#2175);
#2174 = CARTESIAN_POINT('',(-0.909156098594,1.252103400905,0.89903223874
    ));
#2175 = VECTOR('',#2176,1.);
#2176 = DIRECTION('',(-0.,-0.,1.));
#2177 = ORIENTED_EDGE('',*,*,#2178,.T.);
#2178 = EDGE_CURVE('',#2171,#2152,#2179,.T.);
#2179 = CIRCLE('',#2180,0.148746029276);
#2180 = AXIS2_PLACEMENT_3D('',#2181,#2182,#2183);
#2181 = CARTESIAN_POINT('',(-0.760410069318,1.252103400905,0.89903223874
    ));
#2182 = DIRECTION('',(0.,0.,1.));
#2183 = DIRECTION('',(1.,0.,-0.));
#2184 = CYLINDRICAL_SURFACE('',#2185,0.148746029276);
#2185 = AXIS2_PLACEMENT_3D('',#2186,#2187,#2188);
#2186 = CARTESIAN_POINT('',(-0.760410069318,1.252103400905,0.89903223874
    ));
#2187 = DIRECTION('',(-0.,-0.,1.));
#2188 = DIRECTION('',(1.,0.,0.));
#2189 = ADVANCED_FACE('',(#2190,#2256,#2772,#2846,#2944,#3122),#3172,.T.
  );
#2190 = FACE_BOUND('',#2191,.T.);
#2191 = EDGE_LOOP('',(#2192,#2202,#2210,#2218,#2226,#2234,#2242,#2250));
#2192 = ORIENTED_EDGE('',*,*,#2193,.T.);
#2193 = EDGE_CURVE('',#2194,#2196,#2198,.T.);
#2194 = VERTEX_POINT('',#2195);
#2195 = CARTESIAN_POINT('',(-0.336620303651,-1.208762391222,
    4.903223874049E-02));
#2196 = VERTEX_POINT('',#2197);
#2197 = CARTESIAN_POINT('',(-0.363449571944,-1.208762391222,
    4.903223874049E-02));
#2198 = LINE('',#2199,#2200);
#2199 = CARTESIAN_POINT('',(-0.336620303651,-1.208762391222,
    4.903223874049E-02));
#2200 = VECTOR('',#2201,1.);
#2201 = DIRECTION('',(-1.,0.,0.));
#2202 = ORIENTED_EDGE('',*,*,#2203,.T.);
#2203 = EDGE_CURVE('',#2196,#2204,#2206,.T.);
#2204 = VERTEX_POINT('',#2205);
#2205 = CARTESIAN_POINT('',(-0.441498352431,-1.408762391222,
    4.903223874049E-02));
#2206 = LINE('',#2207,#2208);
#2207 = CARTESIAN_POINT('',(-0.363449571944,-1.208762391222,
    4.903223874049E-02));
#2208 = VECTOR('',#2209,1.);
#2209 = DIRECTION('',(-0.363542485653,-0.931577619485,0.));
#2210 = ORIENTED_EDGE('',*,*,#2211,.T.);
#2211 = EDGE_CURVE('',#2204,#2212,#2214,.T.);
#2212 = VERTEX_POINT('',#2213);
#2213 = CARTESIAN_POINT('',(-0.412230059749,-1.408762391222,
    4.903223874049E-02));
#2214 = LINE('',#2215,#2216);
#2215 = CARTESIAN_POINT('',(-0.441498352431,-1.408762391222,
    4.903223874049E-02));
#2216 = VECTOR('',#2217,1.);
#2217 = DIRECTION('',(1.,0.,0.));
#2218 = ORIENTED_EDGE('',*,*,#2219,.T.);
#2219 = EDGE_CURVE('',#2212,#2220,#2222,.T.);
#2220 = VERTEX_POINT('',#2221);
#2221 = CARTESIAN_POINT('',(-0.391993779261,-1.352664830246,
    4.903223874049E-02));
#2222 = LINE('',#2223,#2224);
#2223 = CARTESIAN_POINT('',(-0.412230059749,-1.408762391222,
    4.903223874049E-02));
#2224 = VECTOR('',#2225,1.);
#2225 = DIRECTION('',(0.339330377275,0.940667260544,0.));
#2226 = ORIENTED_EDGE('',*,*,#2227,.T.);
#2227 = EDGE_CURVE('',#2220,#2228,#2230,.T.);
#2228 = VERTEX_POINT('',#2229);
#2229 = CARTESIAN_POINT('',(-0.309371828041,-1.352664830246,
    4.903223874049E-02));
#2230 = LINE('',#2231,#2232);
#2231 = CARTESIAN_POINT('',(-0.391993779261,-1.352664830246,
    4.903223874049E-02));
#2232 = VECTOR('',#2233,1.);
#2233 = DIRECTION('',(1.,0.,0.));
#2234 = ORIENTED_EDGE('',*,*,#2235,.T.);
#2235 = EDGE_CURVE('',#2228,#2236,#2238,.T.);
#2236 = VERTEX_POINT('',#2237);
#2237 = CARTESIAN_POINT('',(-0.290278840236,-1.408762391222,
    4.903223874049E-02));
#2238 = LINE('',#2239,#2240);
#2239 = CARTESIAN_POINT('',(-0.309371828041,-1.352664830246,
    4.903223874049E-02));
#2240 = VECTOR('',#2241,1.);
#2241 = DIRECTION('',(0.322202485606,-0.946670776072,0.));
#2242 = ORIENTED_EDGE('',*,*,#2243,.T.);
#2243 = EDGE_CURVE('',#2236,#2244,#2246,.T.);
#2244 = VERTEX_POINT('',#2245);
#2245 = CARTESIAN_POINT('',(-0.261010547553,-1.408762391222,
    4.903223874049E-02));
#2246 = LINE('',#2247,#2248);
#2247 = CARTESIAN_POINT('',(-0.290278840236,-1.408762391222,
    4.903223874049E-02));
#2248 = VECTOR('',#2249,1.);
#2249 = DIRECTION('',(1.,0.,0.));
#2250 = ORIENTED_EDGE('',*,*,#2251,.T.);
#2251 = EDGE_CURVE('',#2244,#2194,#2252,.T.);
#2252 = LINE('',#2253,#2254);
#2253 = CARTESIAN_POINT('',(-0.261010547553,-1.408762391222,
    4.903223874049E-02));
#2254 = VECTOR('',#2255,1.);
#2255 = DIRECTION('',(-0.353622392329,0.93538826358,0.));
#2256 = FACE_BOUND('',#2257,.T.);
#2257 = EDGE_LOOP('',(#2258,#2268,#2276,#2284,#2293,#2301,#2310,#2318,
    #2326,#2334,#2343,#2351,#2360,#2368,#2376,#2384,#2392,#2400,#2408,
    #2416,#2424,#2432,#2441,#2449,#2458,#2466,#2474,#2482,#2491,#2499,
    #2508,#2516,#2524,#2532,#2541,#2549,#2558,#2566,#2574,#2582,#2591,
    #2599,#2608,#2616,#2624,#2632,#2640,#2648,#2657,#2665,#2674,#2682,
    #2690,#2698,#2707,#2715,#2724,#2732,#2740,#2748,#2757,#2765));
#2258 = ORIENTED_EDGE('',*,*,#2259,.F.);
#2259 = EDGE_CURVE('',#2260,#2262,#2264,.T.);
#2260 = VERTEX_POINT('',#2261);
#2261 = CARTESIAN_POINT('',(0.999179646428,-0.147766949549,
    4.903223874049E-02));
#2262 = VERTEX_POINT('',#2263);
#2263 = CARTESIAN_POINT('',(-8.082035357247E-02,-0.147766949549,
    4.903223874049E-02));
#2264 = LINE('',#2265,#2266);
#2265 = CARTESIAN_POINT('',(-8.203535724743E-04,-0.147766949549,
    4.903223874049E-02));
#2266 = VECTOR('',#2267,1.);
#2267 = DIRECTION('',(-1.,-2.509727251124E-17,0.));
#2268 = ORIENTED_EDGE('',*,*,#2269,.F.);
#2269 = EDGE_CURVE('',#2270,#2260,#2272,.T.);
#2270 = VERTEX_POINT('',#2271);
#2271 = CARTESIAN_POINT('',(0.999179646428,-0.347766949549,
    4.903223874049E-02));
#2272 = LINE('',#2273,#2274);
#2273 = CARTESIAN_POINT('',(0.999179646428,-1.497766949549,
    4.903223874049E-02));
#2274 = VECTOR('',#2275,1.);
#2275 = DIRECTION('',(0.,1.,0.));
#2276 = ORIENTED_EDGE('',*,*,#2277,.T.);
#2277 = EDGE_CURVE('',#2270,#2278,#2280,.T.);
#2278 = VERTEX_POINT('',#2279);
#2279 = CARTESIAN_POINT('',(0.319179646428,-0.347766949549,
    4.903223874049E-02));
#2280 = LINE('',#2281,#2282);
#2281 = CARTESIAN_POINT('',(-8.203535724744E-04,-0.347766949549,
    4.903223874049E-02));
#2282 = VECTOR('',#2283,1.);
#2283 = DIRECTION('',(-1.,3.188829919075E-16,0.));
#2284 = ORIENTED_EDGE('',*,*,#2285,.F.);
#2285 = EDGE_CURVE('',#2286,#2278,#2288,.T.);
#2286 = VERTEX_POINT('',#2287);
#2287 = CARTESIAN_POINT('',(0.199179646428,-0.467766949549,
    4.903223874049E-02));
#2288 = CIRCLE('',#2289,0.12);
#2289 = AXIS2_PLACEMENT_3D('',#2290,#2291,#2292);
#2290 = CARTESIAN_POINT('',(0.319179646428,-0.467766949549,
    4.903223874049E-02));
#2291 = DIRECTION('',(0.,0.,-1.));
#2292 = DIRECTION('',(-1.,0.,0.));
#2293 = ORIENTED_EDGE('',*,*,#2294,.T.);
#2294 = EDGE_CURVE('',#2286,#2295,#2297,.T.);
#2295 = VERTEX_POINT('',#2296);
#2296 = CARTESIAN_POINT('',(0.199179646428,-0.527766949549,
    4.903223874049E-02));
#2297 = LINE('',#2298,#2299);
#2298 = CARTESIAN_POINT('',(0.199179646428,2.233050450947E-03,
    4.903223874049E-02));
#2299 = VECTOR('',#2300,1.);
#2300 = DIRECTION('',(0.,-1.,0.));
#2301 = ORIENTED_EDGE('',*,*,#2302,.T.);
#2302 = EDGE_CURVE('',#2295,#2303,#2305,.T.);
#2303 = VERTEX_POINT('',#2304);
#2304 = CARTESIAN_POINT('',(0.319179646428,-0.647766949549,
    4.903223874049E-02));
#2305 = CIRCLE('',#2306,0.12);
#2306 = AXIS2_PLACEMENT_3D('',#2307,#2308,#2309);
#2307 = CARTESIAN_POINT('',(0.319179646428,-0.527766949549,
    4.903223874049E-02));
#2308 = DIRECTION('',(0.,-0.,1.));
#2309 = DIRECTION('',(-1.,0.,0.));
#2310 = ORIENTED_EDGE('',*,*,#2311,.F.);
#2311 = EDGE_CURVE('',#2312,#2303,#2314,.T.);
#2312 = VERTEX_POINT('',#2313);
#2313 = CARTESIAN_POINT('',(0.999179646428,-0.647766949549,
    4.903223874049E-02));
#2314 = LINE('',#2315,#2316);
#2315 = CARTESIAN_POINT('',(-8.203535724743E-04,-0.647766949549,
    4.903223874049E-02));
#2316 = VECTOR('',#2317,1.);
#2317 = DIRECTION('',(-1.,0.,0.));
#2318 = ORIENTED_EDGE('',*,*,#2319,.F.);
#2319 = EDGE_CURVE('',#2320,#2312,#2322,.T.);
#2320 = VERTEX_POINT('',#2321);
#2321 = CARTESIAN_POINT('',(0.999179646428,-0.847766949549,
    4.903223874049E-02));
#2322 = LINE('',#2323,#2324);
#2323 = CARTESIAN_POINT('',(0.999179646428,-1.497766949549,
    4.903223874049E-02));
#2324 = VECTOR('',#2325,1.);
#2325 = DIRECTION('',(0.,1.,0.));
#2326 = ORIENTED_EDGE('',*,*,#2327,.T.);
#2327 = EDGE_CURVE('',#2320,#2328,#2330,.T.);
#2328 = VERTEX_POINT('',#2329);
#2329 = CARTESIAN_POINT('',(0.319179646428,-0.847766949549,
    4.903223874049E-02));
#2330 = LINE('',#2331,#2332);
#2331 = CARTESIAN_POINT('',(-8.203535724746E-04,-0.847766949549,
    4.903223874049E-02));
#2332 = VECTOR('',#2333,1.);
#2333 = DIRECTION('',(-1.,3.188829919075E-16,0.));
#2334 = ORIENTED_EDGE('',*,*,#2335,.F.);
#2335 = EDGE_CURVE('',#2336,#2328,#2338,.T.);
#2336 = VERTEX_POINT('',#2337);
#2337 = CARTESIAN_POINT('',(0.199179646428,-0.967766949549,
    4.903223874049E-02));
#2338 = CIRCLE('',#2339,0.12);
#2339 = AXIS2_PLACEMENT_3D('',#2340,#2341,#2342);
#2340 = CARTESIAN_POINT('',(0.319179646428,-0.967766949549,
    4.903223874049E-02));
#2341 = DIRECTION('',(0.,0.,-1.));
#2342 = DIRECTION('',(-1.,0.,0.));
#2343 = ORIENTED_EDGE('',*,*,#2344,.T.);
#2344 = EDGE_CURVE('',#2336,#2345,#2347,.T.);
#2345 = VERTEX_POINT('',#2346);
#2346 = CARTESIAN_POINT('',(0.199179646428,-1.027766949549,
    4.903223874049E-02));
#2347 = LINE('',#2348,#2349);
#2348 = CARTESIAN_POINT('',(0.199179646428,2.233050450947E-03,
    4.903223874049E-02));
#2349 = VECTOR('',#2350,1.);
#2350 = DIRECTION('',(0.,-1.,0.));
#2351 = ORIENTED_EDGE('',*,*,#2352,.T.);
#2352 = EDGE_CURVE('',#2345,#2353,#2355,.T.);
#2353 = VERTEX_POINT('',#2354);
#2354 = CARTESIAN_POINT('',(0.319179646428,-1.147766949549,
    4.903223874049E-02));
#2355 = CIRCLE('',#2356,0.12);
#2356 = AXIS2_PLACEMENT_3D('',#2357,#2358,#2359);
#2357 = CARTESIAN_POINT('',(0.319179646428,-1.027766949549,
    4.903223874049E-02));
#2358 = DIRECTION('',(0.,-0.,1.));
#2359 = DIRECTION('',(-1.,0.,0.));
#2360 = ORIENTED_EDGE('',*,*,#2361,.F.);
#2361 = EDGE_CURVE('',#2362,#2353,#2364,.T.);
#2362 = VERTEX_POINT('',#2363);
#2363 = CARTESIAN_POINT('',(0.999179646428,-1.147766949549,
    4.903223874049E-02));
#2364 = LINE('',#2365,#2366);
#2365 = CARTESIAN_POINT('',(-8.203535724743E-04,-1.147766949549,
    4.903223874049E-02));
#2366 = VECTOR('',#2367,1.);
#2367 = DIRECTION('',(-1.,0.,0.));
#2368 = ORIENTED_EDGE('',*,*,#2369,.F.);
#2369 = EDGE_CURVE('',#2370,#2362,#2372,.T.);
#2370 = VERTEX_POINT('',#2371);
#2371 = CARTESIAN_POINT('',(0.999179646428,-1.497766949549,
    4.903223874049E-02));
#2372 = LINE('',#2373,#2374);
#2373 = CARTESIAN_POINT('',(0.999179646428,-1.497766949549,
    4.903223874049E-02));
#2374 = VECTOR('',#2375,1.);
#2375 = DIRECTION('',(0.,1.,0.));
#2376 = ORIENTED_EDGE('',*,*,#2377,.F.);
#2377 = EDGE_CURVE('',#2378,#2370,#2380,.T.);
#2378 = VERTEX_POINT('',#2379);
#2379 = CARTESIAN_POINT('',(-1.000820353572,-1.497766949549,
    4.903223874049E-02));
#2380 = LINE('',#2381,#2382);
#2381 = CARTESIAN_POINT('',(-1.000820353572,-1.497766949549,
    4.903223874049E-02));
#2382 = VECTOR('',#2383,1.);
#2383 = DIRECTION('',(1.,0.,0.));
#2384 = ORIENTED_EDGE('',*,*,#2385,.F.);
#2385 = EDGE_CURVE('',#2386,#2378,#2388,.T.);
#2386 = VERTEX_POINT('',#2387);
#2387 = CARTESIAN_POINT('',(-1.000820353572,-1.147766949549,
    4.903223874049E-02));
#2388 = LINE('',#2389,#2390);
#2389 = CARTESIAN_POINT('',(-1.000820353572,-1.497766949549,
    4.903223874049E-02));
#2390 = VECTOR('',#2391,1.);
#2391 = DIRECTION('',(-0.,-1.,-0.));
#2392 = ORIENTED_EDGE('',*,*,#2393,.T.);
#2393 = EDGE_CURVE('',#2386,#2394,#2396,.T.);
#2394 = VERTEX_POINT('',#2395);
#2395 = CARTESIAN_POINT('',(-0.500820353572,-1.147766949549,
    4.903223874049E-02));
#2396 = LINE('',#2397,#2398);
#2397 = CARTESIAN_POINT('',(-8.203535724743E-04,-1.147766949549,
    4.903223874049E-02));
#2398 = VECTOR('',#2399,1.);
#2399 = DIRECTION('',(1.,0.,0.));
#2400 = ORIENTED_EDGE('',*,*,#2401,.F.);
#2401 = EDGE_CURVE('',#2402,#2394,#2404,.T.);
#2402 = VERTEX_POINT('',#2403);
#2403 = CARTESIAN_POINT('',(-0.500820353572,-0.847766949549,
    4.903223874049E-02));
#2404 = LINE('',#2405,#2406);
#2405 = CARTESIAN_POINT('',(-0.500820353572,2.233050450947E-03,
    4.903223874049E-02));
#2406 = VECTOR('',#2407,1.);
#2407 = DIRECTION('',(0.,-1.,0.));
#2408 = ORIENTED_EDGE('',*,*,#2409,.F.);
#2409 = EDGE_CURVE('',#2410,#2402,#2412,.T.);
#2410 = VERTEX_POINT('',#2411);
#2411 = CARTESIAN_POINT('',(-1.000820353572,-0.847766949549,
    4.903223874049E-02));
#2412 = LINE('',#2413,#2414);
#2413 = CARTESIAN_POINT('',(-8.203535724743E-04,-0.847766949549,
    4.903223874049E-02));
#2414 = VECTOR('',#2415,1.);
#2415 = DIRECTION('',(1.,0.,0.));
#2416 = ORIENTED_EDGE('',*,*,#2417,.F.);
#2417 = EDGE_CURVE('',#2418,#2410,#2420,.T.);
#2418 = VERTEX_POINT('',#2419);
#2419 = CARTESIAN_POINT('',(-1.000820353572,-0.647766949549,
    4.903223874049E-02));
#2420 = LINE('',#2421,#2422);
#2421 = CARTESIAN_POINT('',(-1.000820353572,-1.497766949549,
    4.903223874049E-02));
#2422 = VECTOR('',#2423,1.);
#2423 = DIRECTION('',(-0.,-1.,-0.));
#2424 = ORIENTED_EDGE('',*,*,#2425,.T.);
#2425 = EDGE_CURVE('',#2418,#2426,#2428,.T.);
#2426 = VERTEX_POINT('',#2427);
#2427 = CARTESIAN_POINT('',(-0.620820353572,-0.647766949549,
    4.903223874049E-02));
#2428 = LINE('',#2429,#2430);
#2429 = CARTESIAN_POINT('',(-8.203535724743E-04,-0.647766949549,
    4.903223874049E-02));
#2430 = VECTOR('',#2431,1.);
#2431 = DIRECTION('',(1.,0.,0.));
#2432 = ORIENTED_EDGE('',*,*,#2433,.F.);
#2433 = EDGE_CURVE('',#2434,#2426,#2436,.T.);
#2434 = VERTEX_POINT('',#2435);
#2435 = CARTESIAN_POINT('',(-0.500820353572,-0.527766949549,
    4.903223874049E-02));
#2436 = CIRCLE('',#2437,0.12);
#2437 = AXIS2_PLACEMENT_3D('',#2438,#2439,#2440);
#2438 = CARTESIAN_POINT('',(-0.620820353572,-0.527766949549,
    4.903223874049E-02));
#2439 = DIRECTION('',(0.,0.,-1.));
#2440 = DIRECTION('',(-1.,0.,0.));
#2441 = ORIENTED_EDGE('',*,*,#2442,.F.);
#2442 = EDGE_CURVE('',#2443,#2434,#2445,.T.);
#2443 = VERTEX_POINT('',#2444);
#2444 = CARTESIAN_POINT('',(-0.500820353572,-0.467766949549,
    4.903223874049E-02));
#2445 = LINE('',#2446,#2447);
#2446 = CARTESIAN_POINT('',(-0.500820353572,2.233050450947E-03,
    4.903223874049E-02));
#2447 = VECTOR('',#2448,1.);
#2448 = DIRECTION('',(0.,-1.,0.));
#2449 = ORIENTED_EDGE('',*,*,#2450,.T.);
#2450 = EDGE_CURVE('',#2443,#2451,#2453,.T.);
#2451 = VERTEX_POINT('',#2452);
#2452 = CARTESIAN_POINT('',(-0.620820353572,-0.347766949549,
    4.903223874049E-02));
#2453 = CIRCLE('',#2454,0.12);
#2454 = AXIS2_PLACEMENT_3D('',#2455,#2456,#2457);
#2455 = CARTESIAN_POINT('',(-0.620820353572,-0.467766949549,
    4.903223874049E-02));
#2456 = DIRECTION('',(0.,-0.,1.));
#2457 = DIRECTION('',(-1.,0.,0.));
#2458 = ORIENTED_EDGE('',*,*,#2459,.F.);
#2459 = EDGE_CURVE('',#2460,#2451,#2462,.T.);
#2460 = VERTEX_POINT('',#2461);
#2461 = CARTESIAN_POINT('',(-1.000820353572,-0.347766949549,
    4.903223874049E-02));
#2462 = LINE('',#2463,#2464);
#2463 = CARTESIAN_POINT('',(-8.203535724743E-04,-0.347766949549,
    4.903223874049E-02));
#2464 = VECTOR('',#2465,1.);
#2465 = DIRECTION('',(1.,-1.426581805902E-16,0.));
#2466 = ORIENTED_EDGE('',*,*,#2467,.F.);
#2467 = EDGE_CURVE('',#2468,#2460,#2470,.T.);
#2468 = VERTEX_POINT('',#2469);
#2469 = CARTESIAN_POINT('',(-1.000820353572,-0.147766949549,
    4.903223874049E-02));
#2470 = LINE('',#2471,#2472);
#2471 = CARTESIAN_POINT('',(-1.000820353572,-1.497766949549,
    4.903223874049E-02));
#2472 = VECTOR('',#2473,1.);
#2473 = DIRECTION('',(-0.,-1.,-0.));
#2474 = ORIENTED_EDGE('',*,*,#2475,.T.);
#2475 = EDGE_CURVE('',#2468,#2476,#2478,.T.);
#2476 = VERTEX_POINT('',#2477);
#2477 = CARTESIAN_POINT('',(-0.620820353572,-0.147766949549,
    4.903223874049E-02));
#2478 = LINE('',#2479,#2480);
#2479 = CARTESIAN_POINT('',(-8.203535724744E-04,-0.147766949549,
    4.903223874049E-02));
#2480 = VECTOR('',#2481,1.);
#2481 = DIRECTION('',(1.,-4.993036320657E-16,0.));
#2482 = ORIENTED_EDGE('',*,*,#2483,.F.);
#2483 = EDGE_CURVE('',#2484,#2476,#2486,.T.);
#2484 = VERTEX_POINT('',#2485);
#2485 = CARTESIAN_POINT('',(-0.500820353572,-2.776694954905E-02,
    4.903223874049E-02));
#2486 = CIRCLE('',#2487,0.12);
#2487 = AXIS2_PLACEMENT_3D('',#2488,#2489,#2490);
#2488 = CARTESIAN_POINT('',(-0.620820353572,-2.776694954905E-02,
    4.903223874049E-02));
#2489 = DIRECTION('',(0.,0.,-1.));
#2490 = DIRECTION('',(-1.,0.,0.));
#2491 = ORIENTED_EDGE('',*,*,#2492,.F.);
#2492 = EDGE_CURVE('',#2493,#2484,#2495,.T.);
#2493 = VERTEX_POINT('',#2494);
#2494 = CARTESIAN_POINT('',(-0.500820353572,3.223305045095E-02,
    4.903223874049E-02));
#2495 = LINE('',#2496,#2497);
#2496 = CARTESIAN_POINT('',(-0.500820353572,2.233050450947E-03,
    4.903223874049E-02));
#2497 = VECTOR('',#2498,1.);
#2498 = DIRECTION('',(0.,-1.,0.));
#2499 = ORIENTED_EDGE('',*,*,#2500,.T.);
#2500 = EDGE_CURVE('',#2493,#2501,#2503,.T.);
#2501 = VERTEX_POINT('',#2502);
#2502 = CARTESIAN_POINT('',(-0.620820353572,0.152233050451,
    4.903223874049E-02));
#2503 = CIRCLE('',#2504,0.12);
#2504 = AXIS2_PLACEMENT_3D('',#2505,#2506,#2507);
#2505 = CARTESIAN_POINT('',(-0.620820353572,3.223305045095E-02,
    4.903223874049E-02));
#2506 = DIRECTION('',(0.,-0.,1.));
#2507 = DIRECTION('',(-1.,0.,0.));
#2508 = ORIENTED_EDGE('',*,*,#2509,.F.);
#2509 = EDGE_CURVE('',#2510,#2501,#2512,.T.);
#2510 = VERTEX_POINT('',#2511);
#2511 = CARTESIAN_POINT('',(-1.000820353572,0.152233050451,
    4.903223874049E-02));
#2512 = LINE('',#2513,#2514);
#2513 = CARTESIAN_POINT('',(-8.203535724743E-04,0.152233050451,
    4.903223874049E-02));
#2514 = VECTOR('',#2515,1.);
#2515 = DIRECTION('',(1.,-1.426581805902E-16,0.));
#2516 = ORIENTED_EDGE('',*,*,#2517,.F.);
#2517 = EDGE_CURVE('',#2518,#2510,#2520,.T.);
#2518 = VERTEX_POINT('',#2519);
#2519 = CARTESIAN_POINT('',(-1.000820353572,0.352233050451,
    4.903223874049E-02));
#2520 = LINE('',#2521,#2522);
#2521 = CARTESIAN_POINT('',(-1.000820353572,-1.497766949549,
    4.903223874049E-02));
#2522 = VECTOR('',#2523,1.);
#2523 = DIRECTION('',(-0.,-1.,-0.));
#2524 = ORIENTED_EDGE('',*,*,#2525,.T.);
#2525 = EDGE_CURVE('',#2518,#2526,#2528,.T.);
#2526 = VERTEX_POINT('',#2527);
#2527 = CARTESIAN_POINT('',(-0.620820353572,0.352233050451,
    4.903223874049E-02));
#2528 = LINE('',#2529,#2530);
#2529 = CARTESIAN_POINT('',(-8.203535724742E-04,0.352233050451,
    4.903223874049E-02));
#2530 = VECTOR('',#2531,1.);
#2531 = DIRECTION('',(1.,-1.426581805902E-16,0.));
#2532 = ORIENTED_EDGE('',*,*,#2533,.F.);
#2533 = EDGE_CURVE('',#2534,#2526,#2536,.T.);
#2534 = VERTEX_POINT('',#2535);
#2535 = CARTESIAN_POINT('',(-0.500820353572,0.472233050451,
    4.903223874049E-02));
#2536 = CIRCLE('',#2537,0.12);
#2537 = AXIS2_PLACEMENT_3D('',#2538,#2539,#2540);
#2538 = CARTESIAN_POINT('',(-0.620820353572,0.472233050451,
    4.903223874049E-02));
#2539 = DIRECTION('',(0.,0.,-1.));
#2540 = DIRECTION('',(-1.,0.,0.));
#2541 = ORIENTED_EDGE('',*,*,#2542,.F.);
#2542 = EDGE_CURVE('',#2543,#2534,#2545,.T.);
#2543 = VERTEX_POINT('',#2544);
#2544 = CARTESIAN_POINT('',(-0.500820353572,0.532233050451,
    4.903223874049E-02));
#2545 = LINE('',#2546,#2547);
#2546 = CARTESIAN_POINT('',(-0.500820353572,2.233050450947E-03,
    4.903223874049E-02));
#2547 = VECTOR('',#2548,1.);
#2548 = DIRECTION('',(0.,-1.,0.));
#2549 = ORIENTED_EDGE('',*,*,#2550,.T.);
#2550 = EDGE_CURVE('',#2543,#2551,#2553,.T.);
#2551 = VERTEX_POINT('',#2552);
#2552 = CARTESIAN_POINT('',(-0.620820353572,0.652233050451,
    4.903223874049E-02));
#2553 = CIRCLE('',#2554,0.12);
#2554 = AXIS2_PLACEMENT_3D('',#2555,#2556,#2557);
#2555 = CARTESIAN_POINT('',(-0.620820353572,0.532233050451,
    4.903223874049E-02));
#2556 = DIRECTION('',(0.,-0.,1.));
#2557 = DIRECTION('',(-1.,0.,0.));
#2558 = ORIENTED_EDGE('',*,*,#2559,.F.);
#2559 = EDGE_CURVE('',#2560,#2551,#2562,.T.);
#2560 = VERTEX_POINT('',#2561);
#2561 = CARTESIAN_POINT('',(-1.000820353572,0.652233050451,
    4.903223874049E-02));
#2562 = LINE('',#2563,#2564);
#2563 = CARTESIAN_POINT('',(-8.203535724743E-04,0.652233050451,
    4.903223874049E-02));
#2564 = VECTOR('',#2565,1.);
#2565 = DIRECTION('',(1.,0.,0.));
#2566 = ORIENTED_EDGE('',*,*,#2567,.F.);
#2567 = EDGE_CURVE('',#2568,#2560,#2570,.T.);
#2568 = VERTEX_POINT('',#2569);
#2569 = CARTESIAN_POINT('',(-1.000820353572,0.852233050451,
    4.903223874049E-02));
#2570 = LINE('',#2571,#2572);
#2571 = CARTESIAN_POINT('',(-1.000820353572,-1.497766949549,
    4.903223874049E-02));
#2572 = VECTOR('',#2573,1.);
#2573 = DIRECTION('',(-0.,-1.,-0.));
#2574 = ORIENTED_EDGE('',*,*,#2575,.T.);
#2575 = EDGE_CURVE('',#2568,#2576,#2578,.T.);
#2576 = VERTEX_POINT('',#2577);
#2577 = CARTESIAN_POINT('',(-0.620820353572,0.852233050451,
    4.903223874049E-02));
#2578 = LINE('',#2579,#2580);
#2579 = CARTESIAN_POINT('',(-8.203535724743E-04,0.852233050451,
    4.903223874049E-02));
#2580 = VECTOR('',#2581,1.);
#2581 = DIRECTION('',(1.,0.,0.));
#2582 = ORIENTED_EDGE('',*,*,#2583,.T.);
#2583 = EDGE_CURVE('',#2576,#2584,#2586,.T.);
#2584 = VERTEX_POINT('',#2585);
#2585 = CARTESIAN_POINT('',(-0.500820353572,0.972233050451,
    4.903223874049E-02));
#2586 = CIRCLE('',#2587,0.12);
#2587 = AXIS2_PLACEMENT_3D('',#2588,#2589,#2590);
#2588 = CARTESIAN_POINT('',(-0.620820353572,0.972233050451,
    4.903223874049E-02));
#2589 = DIRECTION('',(0.,-0.,1.));
#2590 = DIRECTION('',(-1.,0.,0.));
#2591 = ORIENTED_EDGE('',*,*,#2592,.F.);
#2592 = EDGE_CURVE('',#2593,#2584,#2595,.T.);
#2593 = VERTEX_POINT('',#2594);
#2594 = CARTESIAN_POINT('',(-0.500820353572,1.032233050451,
    4.903223874049E-02));
#2595 = LINE('',#2596,#2597);
#2596 = CARTESIAN_POINT('',(-0.500820353572,2.233050450947E-03,
    4.903223874049E-02));
#2597 = VECTOR('',#2598,1.);
#2598 = DIRECTION('',(0.,-1.,0.));
#2599 = ORIENTED_EDGE('',*,*,#2600,.T.);
#2600 = EDGE_CURVE('',#2593,#2601,#2603,.T.);
#2601 = VERTEX_POINT('',#2602);
#2602 = CARTESIAN_POINT('',(-0.620820353572,1.152233050451,
    4.903223874049E-02));
#2603 = CIRCLE('',#2604,0.12);
#2604 = AXIS2_PLACEMENT_3D('',#2605,#2606,#2607);
#2605 = CARTESIAN_POINT('',(-0.620820353572,1.032233050451,
    4.903223874049E-02));
#2606 = DIRECTION('',(0.,-0.,1.));
#2607 = DIRECTION('',(-1.,0.,0.));
#2608 = ORIENTED_EDGE('',*,*,#2609,.F.);
#2609 = EDGE_CURVE('',#2610,#2601,#2612,.T.);
#2610 = VERTEX_POINT('',#2611);
#2611 = CARTESIAN_POINT('',(-1.000820353572,1.152233050451,
    4.903223874049E-02));
#2612 = LINE('',#2613,#2614);
#2613 = CARTESIAN_POINT('',(-8.203535724736E-04,1.152233050451,
    4.903223874049E-02));
#2614 = VECTOR('',#2615,1.);
#2615 = DIRECTION('',(1.,-5.706327223608E-16,0.));
#2616 = ORIENTED_EDGE('',*,*,#2617,.F.);
#2617 = EDGE_CURVE('',#2618,#2610,#2620,.T.);
#2618 = VERTEX_POINT('',#2619);
#2619 = CARTESIAN_POINT('',(-1.000820353572,1.502233050451,
    4.903223874049E-02));
#2620 = LINE('',#2621,#2622);
#2621 = CARTESIAN_POINT('',(-1.000820353572,-1.497766949549,
    4.903223874049E-02));
#2622 = VECTOR('',#2623,1.);
#2623 = DIRECTION('',(-0.,-1.,-0.));
#2624 = ORIENTED_EDGE('',*,*,#2625,.F.);
#2625 = EDGE_CURVE('',#2626,#2618,#2628,.T.);
#2626 = VERTEX_POINT('',#2627);
#2627 = CARTESIAN_POINT('',(0.999179646428,1.502233050451,
    4.903223874049E-02));
#2628 = LINE('',#2629,#2630);
#2629 = CARTESIAN_POINT('',(-1.000820353572,1.502233050451,
    4.903223874049E-02));
#2630 = VECTOR('',#2631,1.);
#2631 = DIRECTION('',(-1.,-0.,-0.));
#2632 = ORIENTED_EDGE('',*,*,#2633,.F.);
#2633 = EDGE_CURVE('',#2634,#2626,#2636,.T.);
#2634 = VERTEX_POINT('',#2635);
#2635 = CARTESIAN_POINT('',(0.999179646428,1.152233050451,
    4.903223874049E-02));
#2636 = LINE('',#2637,#2638);
#2637 = CARTESIAN_POINT('',(0.999179646428,-1.497766949549,
    4.903223874049E-02));
#2638 = VECTOR('',#2639,1.);
#2639 = DIRECTION('',(0.,1.,0.));
#2640 = ORIENTED_EDGE('',*,*,#2641,.T.);
#2641 = EDGE_CURVE('',#2634,#2642,#2644,.T.);
#2642 = VERTEX_POINT('',#2643);
#2643 = CARTESIAN_POINT('',(0.319179646428,1.152233050451,
    4.903223874049E-02));
#2644 = LINE('',#2645,#2646);
#2645 = CARTESIAN_POINT('',(-8.203535724739E-04,1.152233050451,
    4.903223874049E-02));
#2646 = VECTOR('',#2647,1.);
#2647 = DIRECTION('',(-1.,3.188829919075E-16,0.));
#2648 = ORIENTED_EDGE('',*,*,#2649,.F.);
#2649 = EDGE_CURVE('',#2650,#2642,#2652,.T.);
#2650 = VERTEX_POINT('',#2651);
#2651 = CARTESIAN_POINT('',(0.199179646428,1.032233050451,
    4.903223874049E-02));
#2652 = CIRCLE('',#2653,0.12);
#2653 = AXIS2_PLACEMENT_3D('',#2654,#2655,#2656);
#2654 = CARTESIAN_POINT('',(0.319179646428,1.032233050451,
    4.903223874049E-02));
#2655 = DIRECTION('',(0.,0.,-1.));
#2656 = DIRECTION('',(-1.,0.,0.));
#2657 = ORIENTED_EDGE('',*,*,#2658,.T.);
#2658 = EDGE_CURVE('',#2650,#2659,#2661,.T.);
#2659 = VERTEX_POINT('',#2660);
#2660 = CARTESIAN_POINT('',(0.199179646428,0.972233050451,
    4.903223874049E-02));
#2661 = LINE('',#2662,#2663);
#2662 = CARTESIAN_POINT('',(0.199179646428,2.233050450947E-03,
    4.903223874049E-02));
#2663 = VECTOR('',#2664,1.);
#2664 = DIRECTION('',(0.,-1.,0.));
#2665 = ORIENTED_EDGE('',*,*,#2666,.T.);
#2666 = EDGE_CURVE('',#2659,#2667,#2669,.T.);
#2667 = VERTEX_POINT('',#2668);
#2668 = CARTESIAN_POINT('',(0.319179646428,0.852233050451,
    4.903223874049E-02));
#2669 = CIRCLE('',#2670,0.12);
#2670 = AXIS2_PLACEMENT_3D('',#2671,#2672,#2673);
#2671 = CARTESIAN_POINT('',(0.319179646428,0.972233050451,
    4.903223874049E-02));
#2672 = DIRECTION('',(0.,-0.,1.));
#2673 = DIRECTION('',(-1.,0.,0.));
#2674 = ORIENTED_EDGE('',*,*,#2675,.F.);
#2675 = EDGE_CURVE('',#2676,#2667,#2678,.T.);
#2676 = VERTEX_POINT('',#2677);
#2677 = CARTESIAN_POINT('',(0.999179646428,0.852233050451,
    4.903223874049E-02));
#2678 = LINE('',#2679,#2680);
#2679 = CARTESIAN_POINT('',(-8.203535724743E-04,0.852233050451,
    4.903223874049E-02));
#2680 = VECTOR('',#2681,1.);
#2681 = DIRECTION('',(-1.,0.,0.));
#2682 = ORIENTED_EDGE('',*,*,#2683,.F.);
#2683 = EDGE_CURVE('',#2684,#2676,#2686,.T.);
#2684 = VERTEX_POINT('',#2685);
#2685 = CARTESIAN_POINT('',(0.999179646428,0.652233050451,
    4.903223874049E-02));
#2686 = LINE('',#2687,#2688);
#2687 = CARTESIAN_POINT('',(0.999179646428,-1.497766949549,
    4.903223874049E-02));
#2688 = VECTOR('',#2689,1.);
#2689 = DIRECTION('',(0.,1.,0.));
#2690 = ORIENTED_EDGE('',*,*,#2691,.T.);
#2691 = EDGE_CURVE('',#2684,#2692,#2694,.T.);
#2692 = VERTEX_POINT('',#2693);
#2693 = CARTESIAN_POINT('',(0.319179646428,0.652233050451,
    4.903223874049E-02));
#2694 = LINE('',#2695,#2696);
#2695 = CARTESIAN_POINT('',(-8.203535724741E-04,0.652233050451,
    4.903223874049E-02));
#2696 = VECTOR('',#2697,1.);
#2697 = DIRECTION('',(-1.,3.188829919075E-16,0.));
#2698 = ORIENTED_EDGE('',*,*,#2699,.F.);
#2699 = EDGE_CURVE('',#2700,#2692,#2702,.T.);
#2700 = VERTEX_POINT('',#2701);
#2701 = CARTESIAN_POINT('',(0.199179646428,0.532233050451,
    4.903223874049E-02));
#2702 = CIRCLE('',#2703,0.12);
#2703 = AXIS2_PLACEMENT_3D('',#2704,#2705,#2706);
#2704 = CARTESIAN_POINT('',(0.319179646428,0.532233050451,
    4.903223874049E-02));
#2705 = DIRECTION('',(0.,0.,-1.));
#2706 = DIRECTION('',(-1.,0.,0.));
#2707 = ORIENTED_EDGE('',*,*,#2708,.T.);
#2708 = EDGE_CURVE('',#2700,#2709,#2711,.T.);
#2709 = VERTEX_POINT('',#2710);
#2710 = CARTESIAN_POINT('',(0.199179646428,0.472233050451,
    4.903223874049E-02));
#2711 = LINE('',#2712,#2713);
#2712 = CARTESIAN_POINT('',(0.199179646428,2.233050450947E-03,
    4.903223874049E-02));
#2713 = VECTOR('',#2714,1.);
#2714 = DIRECTION('',(0.,-1.,0.));
#2715 = ORIENTED_EDGE('',*,*,#2716,.T.);
#2716 = EDGE_CURVE('',#2709,#2717,#2719,.T.);
#2717 = VERTEX_POINT('',#2718);
#2718 = CARTESIAN_POINT('',(0.319179646428,0.352233050451,
    4.903223874049E-02));
#2719 = CIRCLE('',#2720,0.12);
#2720 = AXIS2_PLACEMENT_3D('',#2721,#2722,#2723);
#2721 = CARTESIAN_POINT('',(0.319179646428,0.472233050451,
    4.903223874049E-02));
#2722 = DIRECTION('',(0.,-0.,1.));
#2723 = DIRECTION('',(-1.,0.,0.));
#2724 = ORIENTED_EDGE('',*,*,#2725,.F.);
#2725 = EDGE_CURVE('',#2726,#2717,#2728,.T.);
#2726 = VERTEX_POINT('',#2727);
#2727 = CARTESIAN_POINT('',(0.999179646428,0.352233050451,
    4.903223874049E-02));
#2728 = LINE('',#2729,#2730);
#2729 = CARTESIAN_POINT('',(-8.203535724743E-04,0.352233050451,
    4.903223874049E-02));
#2730 = VECTOR('',#2731,1.);
#2731 = DIRECTION('',(-1.,0.,0.));
#2732 = ORIENTED_EDGE('',*,*,#2733,.F.);
#2733 = EDGE_CURVE('',#2734,#2726,#2736,.T.);
#2734 = VERTEX_POINT('',#2735);
#2735 = CARTESIAN_POINT('',(0.999179646428,0.152233050451,
    4.903223874049E-02));
#2736 = LINE('',#2737,#2738);
#2737 = CARTESIAN_POINT('',(0.999179646428,-1.497766949549,
    4.903223874049E-02));
#2738 = VECTOR('',#2739,1.);
#2739 = DIRECTION('',(0.,1.,0.));
#2740 = ORIENTED_EDGE('',*,*,#2741,.T.);
#2741 = EDGE_CURVE('',#2734,#2742,#2744,.T.);
#2742 = VERTEX_POINT('',#2743);
#2743 = CARTESIAN_POINT('',(-8.082035357247E-02,0.152233050451,
    4.903223874049E-02));
#2744 = LINE('',#2745,#2746);
#2745 = CARTESIAN_POINT('',(-8.203535724743E-04,0.152233050451,
    4.903223874049E-02));
#2746 = VECTOR('',#2747,1.);
#2747 = DIRECTION('',(-1.,-1.00389090045E-16,0.));
#2748 = ORIENTED_EDGE('',*,*,#2749,.F.);
#2749 = EDGE_CURVE('',#2750,#2742,#2752,.T.);
#2750 = VERTEX_POINT('',#2751);
#2751 = CARTESIAN_POINT('',(-0.200820353572,3.223305045095E-02,
    4.903223874049E-02));
#2752 = CIRCLE('',#2753,0.12);
#2753 = AXIS2_PLACEMENT_3D('',#2754,#2755,#2756);
#2754 = CARTESIAN_POINT('',(-8.082035357247E-02,3.223305045095E-02,
    4.903223874049E-02));
#2755 = DIRECTION('',(0.,0.,-1.));
#2756 = DIRECTION('',(-1.,0.,0.));
#2757 = ORIENTED_EDGE('',*,*,#2758,.T.);
#2758 = EDGE_CURVE('',#2750,#2759,#2761,.T.);
#2759 = VERTEX_POINT('',#2760);
#2760 = CARTESIAN_POINT('',(-0.200820353572,-2.776694954905E-02,
    4.903223874049E-02));
#2761 = LINE('',#2762,#2763);
#2762 = CARTESIAN_POINT('',(-0.200820353572,2.233050450947E-03,
    4.903223874049E-02));
#2763 = VECTOR('',#2764,1.);
#2764 = DIRECTION('',(-9.035018104046E-16,-1.,0.));
#2765 = ORIENTED_EDGE('',*,*,#2766,.T.);
#2766 = EDGE_CURVE('',#2759,#2262,#2767,.T.);
#2767 = CIRCLE('',#2768,0.12);
#2768 = AXIS2_PLACEMENT_3D('',#2769,#2770,#2771);
#2769 = CARTESIAN_POINT('',(-8.082035357247E-02,-2.776694954905E-02,
    4.903223874049E-02));
#2770 = DIRECTION('',(0.,-0.,1.));
#2771 = DIRECTION('',(-1.,0.,0.));
#2772 = FACE_BOUND('',#2773,.T.);
#2773 = EDGE_LOOP('',(#2774,#2800,#2808,#2816,#2824));
#2774 = ORIENTED_EDGE('',*,*,#2775,.T.);
#2775 = EDGE_CURVE('',#2776,#2778,#2780,.T.);
#2776 = VERTEX_POINT('',#2777);
#2777 = CARTESIAN_POINT('',(-0.246376401212,-1.306247147319,
    4.903223874049E-02));
#2778 = VERTEX_POINT('',#2779);
#2779 = CARTESIAN_POINT('',(-0.139783413407,-1.408762391222,
    4.903223874049E-02));
#2780 = B_SPLINE_CURVE_WITH_KNOTS('',3,(#2781,#2782,#2783,#2784,#2785,
    #2786,#2787,#2788,#2789,#2790,#2791,#2792,#2793,#2794,#2795,#2796,
    #2797,#2798,#2799),.UNSPECIFIED.,.F.,.F.,(4,1,1,1,1,1,1,1,1,1,1,1,1,
    1,1,1,4),(0.,6.806869584499E-02,0.133427432819,0.196146033813,
    0.257048592449,0.316882663159,0.376187208666,0.435960335364,
    0.496535236863,0.557465343481,0.61768686341,0.677943640697,
    0.738805284806,0.800949336767,0.86481466747,0.931024781079,1.),
  .UNSPECIFIED.);
#2781 = CARTESIAN_POINT('',(-0.246376401212,-1.306247147319,
    4.903223874049E-02));
#2782 = CARTESIAN_POINT('',(-0.246295627771,-1.310024664221,
    4.903223874049E-02));
#2783 = CARTESIAN_POINT('',(-0.246137296652,-1.317429307079,
    4.903223874049E-02));
#2784 = CARTESIAN_POINT('',(-0.244690140926,-1.328235746095,
    4.903223874049E-02));
#2785 = CARTESIAN_POINT('',(-0.242380001709,-1.338475152683,
    4.903223874049E-02));
#2786 = CARTESIAN_POINT('',(-0.239137249337,-1.348141709651,
    4.903223874049E-02));
#2787 = CARTESIAN_POINT('',(-0.234938832115,-1.357228444721,
    4.903223874049E-02));
#2788 = CARTESIAN_POINT('',(-0.229733420182,-1.365702160126,
    4.903223874049E-02));
#2789 = CARTESIAN_POINT('',(-0.223661310094,-1.373627465145,
    4.903223874049E-02));
#2790 = CARTESIAN_POINT('',(-0.216680900181,-1.380895776599,
    4.903223874049E-02));
#2791 = CARTESIAN_POINT('',(-0.208961069867,-1.387400889428,
    4.903223874049E-02));
#2792 = CARTESIAN_POINT('',(-0.200706102611,-1.39318625188,
    4.903223874049E-02));
#2793 = CARTESIAN_POINT('',(-0.191845067159,-1.397993117013,
    4.903223874049E-02));
#2794 = CARTESIAN_POINT('',(-0.182453645466,-1.401920554535,
    4.903223874049E-02));
#2795 = CARTESIAN_POINT('',(-0.172548263152,-1.405038705148,
    4.903223874049E-02));
#2796 = CARTESIAN_POINT('',(-0.162085991605,-1.407161700839,
    4.903223874049E-02));
#2797 = CARTESIAN_POINT('',(-0.151114379498,-1.408557384561,
    4.903223874049E-02));
#2798 = CARTESIAN_POINT('',(-0.143611556803,-1.408693130147,
    4.903223874049E-02));
#2799 = CARTESIAN_POINT('',(-0.139783413407,-1.408762391222,
    4.903223874049E-02));
#2800 = ORIENTED_EDGE('',*,*,#2801,.T.);
#2801 = EDGE_CURVE('',#2778,#2802,#2804,.T.);
#2802 = VERTEX_POINT('',#2803);
#2803 = CARTESIAN_POINT('',(-8.540079145587E-02,-1.408762391222,
    4.903223874049E-02));
#2804 = LINE('',#2805,#2806);
#2805 = CARTESIAN_POINT('',(-0.139783413407,-1.408762391222,
    4.903223874049E-02));
#2806 = VECTOR('',#2807,1.);
#2807 = DIRECTION('',(1.,0.,0.));
#2808 = ORIENTED_EDGE('',*,*,#2809,.T.);
#2809 = EDGE_CURVE('',#2802,#2810,#2812,.T.);
#2810 = VERTEX_POINT('',#2811);
#2811 = CARTESIAN_POINT('',(-8.540079145587E-02,-1.208762391222,
    4.903223874049E-02));
#2812 = LINE('',#2813,#2814);
#2813 = CARTESIAN_POINT('',(-8.540079145587E-02,-1.408762391222,
    4.903223874049E-02));
#2814 = VECTOR('',#2815,1.);
#2815 = DIRECTION('',(0.,1.,0.));
#2816 = ORIENTED_EDGE('',*,*,#2817,.T.);
#2817 = EDGE_CURVE('',#2810,#2818,#2820,.T.);
#2818 = VERTEX_POINT('',#2819);
#2819 = CARTESIAN_POINT('',(-0.141841340236,-1.208762391222,
    4.903223874049E-02));
#2820 = LINE('',#2821,#2822);
#2821 = CARTESIAN_POINT('',(-8.540079145587E-02,-1.208762391222,
    4.903223874049E-02));
#2822 = VECTOR('',#2823,1.);
#2823 = DIRECTION('',(-1.,0.,0.));
#2824 = ORIENTED_EDGE('',*,*,#2825,.T.);
#2825 = EDGE_CURVE('',#2818,#2776,#2826,.T.);
#2826 = B_SPLINE_CURVE_WITH_KNOTS('',3,(#2827,#2828,#2829,#2830,#2831,
    #2832,#2833,#2834,#2835,#2836,#2837,#2838,#2839,#2840,#2841,#2842,
    #2843,#2844,#2845),.UNSPECIFIED.,.F.,.F.,(4,1,1,1,1,1,1,1,1,1,1,1,1,
    1,1,1,4),(0.,6.86311786766E-02,0.134566466039,0.198328154011,
    0.260789766641,0.321999151484,0.382721746503,0.443537474036,
    0.505133429485,0.566213874765,0.626105864618,0.685349322161,
    0.744995870348,0.805415841815,0.867636266346,0.932307782302,1.),
  .UNSPECIFIED.);
#2827 = CARTESIAN_POINT('',(-0.141841340236,-1.208762391222,
    4.903223874049E-02));
#2828 = CARTESIAN_POINT('',(-0.14551571305,-1.208844289612,
    4.903223874049E-02));
#2829 = CARTESIAN_POINT('',(-0.152720126174,-1.209004869355,
    4.903223874049E-02));
#2830 = CARTESIAN_POINT('',(-0.163284955011,-1.210224660403,
    4.903223874049E-02));
#2831 = CARTESIAN_POINT('',(-0.173364123613,-1.212341394365,
    4.903223874049E-02));
#2832 = CARTESIAN_POINT('',(-0.182985349019,-1.215229094111,
    4.903223874049E-02));
#2833 = CARTESIAN_POINT('',(-0.192159775829,-1.21891809902,
    4.903223874049E-02));
#2834 = CARTESIAN_POINT('',(-0.20080097339,-1.223539437365,
    4.903223874049E-02));
#2835 = CARTESIAN_POINT('',(-0.209003754201,-1.228932495085,
    4.903223874049E-02));
#2836 = CARTESIAN_POINT('',(-0.216661376694,-1.235108968742,
    4.903223874049E-02));
#2837 = CARTESIAN_POINT('',(-0.223641031806,-1.241976599639,
    4.903223874049E-02));
#2838 = CARTESIAN_POINT('',(-0.229725455988,-1.249487534372,
    4.903223874049E-02));
#2839 = CARTESIAN_POINT('',(-0.234934668056,-1.257541315292,
    4.903223874049E-02));
#2840 = CARTESIAN_POINT('',(-0.239126712914,-1.266201622863,
    4.903223874049E-02));
#2841 = CARTESIAN_POINT('',(-0.242381710604,-1.275421795347,
    4.903223874049E-02));
#2842 = CARTESIAN_POINT('',(-0.244686673434,-1.285195146937,
    4.903223874049E-02));
#2843 = CARTESIAN_POINT('',(-0.246140462974,-1.295532747154,
    4.903223874049E-02));
#2844 = CARTESIAN_POINT('',(-0.246296567633,-1.302621754005,
    4.903223874049E-02));
#2845 = CARTESIAN_POINT('',(-0.246376401212,-1.306247147319,
    4.903223874049E-02));
#2846 = FACE_BOUND('',#2847,.T.);
#2847 = EDGE_LOOP('',(#2848,#2858,#2866,#2874,#2882,#2890,#2898,#2906,
    #2914,#2922,#2930,#2938));
#2848 = ORIENTED_EDGE('',*,*,#2849,.T.);
#2849 = EDGE_CURVE('',#2850,#2852,#2854,.T.);
#2850 = VERTEX_POINT('',#2851);
#2851 = CARTESIAN_POINT('',(3.411140366608E-02,-1.38681117171,
    4.903223874049E-02));
#2852 = VERTEX_POINT('',#2853);
#2853 = CARTESIAN_POINT('',(-4.637640121197E-02,-1.38681117171,
    4.903223874049E-02));
#2854 = LINE('',#2855,#2856);
#2855 = CARTESIAN_POINT('',(3.411140366608E-02,-1.38681117171,
    4.903223874049E-02));
#2856 = VECTOR('',#2857,1.);
#2857 = DIRECTION('',(-1.,0.,0.));
#2858 = ORIENTED_EDGE('',*,*,#2859,.T.);
#2859 = EDGE_CURVE('',#2852,#2860,#2862,.T.);
#2860 = VERTEX_POINT('',#2861);
#2861 = CARTESIAN_POINT('',(-4.637640121197E-02,-1.408762391222,
    4.903223874049E-02));
#2862 = LINE('',#2863,#2864);
#2863 = CARTESIAN_POINT('',(-4.637640121197E-02,-1.38681117171,
    4.903223874049E-02));
#2864 = VECTOR('',#2865,1.);
#2865 = DIRECTION('',(0.,-1.,0.));
#2866 = ORIENTED_EDGE('',*,*,#2867,.T.);
#2867 = EDGE_CURVE('',#2860,#2868,#2870,.T.);
#2868 = VERTEX_POINT('',#2869);
#2869 = CARTESIAN_POINT('',(6.094067195876E-02,-1.408762391222,
    4.903223874049E-02));
#2870 = LINE('',#2871,#2872);
#2871 = CARTESIAN_POINT('',(-4.637640121197E-02,-1.408762391222,
    4.903223874049E-02));
#2872 = VECTOR('',#2873,1.);
#2873 = DIRECTION('',(1.,0.,0.));
#2874 = ORIENTED_EDGE('',*,*,#2875,.T.);
#2875 = EDGE_CURVE('',#2868,#2876,#2878,.T.);
#2876 = VERTEX_POINT('',#2877);
#2877 = CARTESIAN_POINT('',(6.094067195876E-02,-1.208762391222,
    4.903223874049E-02));
#2878 = LINE('',#2879,#2880);
#2879 = CARTESIAN_POINT('',(6.094067195876E-02,-1.408762391222,
    4.903223874049E-02));
#2880 = VECTOR('',#2881,1.);
#2881 = DIRECTION('',(0.,1.,0.));
#2882 = ORIENTED_EDGE('',*,*,#2883,.T.);
#2883 = EDGE_CURVE('',#2876,#2884,#2886,.T.);
#2884 = VERTEX_POINT('',#2885);
#2885 = CARTESIAN_POINT('',(-4.149835243148E-02,-1.208762391222,
    4.903223874049E-02));
#2886 = LINE('',#2887,#2888);
#2887 = CARTESIAN_POINT('',(6.094067195876E-02,-1.208762391222,
    4.903223874049E-02));
#2888 = VECTOR('',#2889,1.);
#2889 = DIRECTION('',(-1.,0.,0.));
#2890 = ORIENTED_EDGE('',*,*,#2891,.T.);
#2891 = EDGE_CURVE('',#2884,#2892,#2894,.T.);
#2892 = VERTEX_POINT('',#2893);
#2893 = CARTESIAN_POINT('',(-4.149835243148E-02,-1.230713610734,
    4.903223874049E-02));
#2894 = LINE('',#2895,#2896);
#2895 = CARTESIAN_POINT('',(-4.149835243148E-02,-1.208762391222,
    4.903223874049E-02));
#2896 = VECTOR('',#2897,1.);
#2897 = DIRECTION('',(0.,-1.,0.));
#2898 = ORIENTED_EDGE('',*,*,#2899,.T.);
#2899 = EDGE_CURVE('',#2892,#2900,#2902,.T.);
#2900 = VERTEX_POINT('',#2901);
#2901 = CARTESIAN_POINT('',(3.411140366608E-02,-1.230713610734,
    4.903223874049E-02));
#2902 = LINE('',#2903,#2904);
#2903 = CARTESIAN_POINT('',(-4.149835243148E-02,-1.230713610734,
    4.903223874049E-02));
#2904 = VECTOR('',#2905,1.);
#2905 = DIRECTION('',(1.,0.,0.));
#2906 = ORIENTED_EDGE('',*,*,#2907,.T.);
#2907 = EDGE_CURVE('',#2900,#2908,#2910,.T.);
#2908 = VERTEX_POINT('',#2909);
#2909 = CARTESIAN_POINT('',(3.411140366608E-02,-1.296567269271,
    4.903223874049E-02));
#2910 = LINE('',#2911,#2912);
#2911 = CARTESIAN_POINT('',(3.411140366608E-02,-1.230713610734,
    4.903223874049E-02));
#2912 = VECTOR('',#2913,1.);
#2913 = DIRECTION('',(0.,-1.,0.));
#2914 = ORIENTED_EDGE('',*,*,#2915,.T.);
#2915 = EDGE_CURVE('',#2908,#2916,#2918,.T.);
#2916 = VERTEX_POINT('',#2917);
#2917 = CARTESIAN_POINT('',(-3.6620303651E-02,-1.296567269271,
    4.903223874049E-02));
#2918 = LINE('',#2919,#2920);
#2919 = CARTESIAN_POINT('',(3.411140366608E-02,-1.296567269271,
    4.903223874049E-02));
#2920 = VECTOR('',#2921,1.);
#2921 = DIRECTION('',(-1.,0.,0.));
#2922 = ORIENTED_EDGE('',*,*,#2923,.T.);
#2923 = EDGE_CURVE('',#2916,#2924,#2926,.T.);
#2924 = VERTEX_POINT('',#2925);
#2925 = CARTESIAN_POINT('',(-3.6620303651E-02,-1.318518488783,
    4.903223874049E-02));
#2926 = LINE('',#2927,#2928);
#2927 = CARTESIAN_POINT('',(-3.6620303651E-02,-1.296567269271,
    4.903223874049E-02));
#2928 = VECTOR('',#2929,1.);
#2929 = DIRECTION('',(0.,-1.,0.));
#2930 = ORIENTED_EDGE('',*,*,#2931,.T.);
#2931 = EDGE_CURVE('',#2924,#2932,#2934,.T.);
#2932 = VERTEX_POINT('',#2933);
#2933 = CARTESIAN_POINT('',(3.411140366608E-02,-1.318518488783,
    4.903223874049E-02));
#2934 = LINE('',#2935,#2936);
#2935 = CARTESIAN_POINT('',(-3.6620303651E-02,-1.318518488783,
    4.903223874049E-02));
#2936 = VECTOR('',#2937,1.);
#2937 = DIRECTION('',(1.,0.,0.));
#2938 = ORIENTED_EDGE('',*,*,#2939,.T.);
#2939 = EDGE_CURVE('',#2932,#2850,#2940,.T.);
#2940 = LINE('',#2941,#2942);
#2941 = CARTESIAN_POINT('',(3.411140366608E-02,-1.318518488783,
    4.903223874049E-02));
#2942 = VECTOR('',#2943,1.);
#2943 = DIRECTION('',(0.,-1.,0.));
#2944 = FACE_BOUND('',#2945,.T.);
#2945 = EDGE_LOOP('',(#2946,#2964,#2972,#2988,#3012,#3036,#3052,#3060,
    #3076,#3100));
#2946 = ORIENTED_EDGE('',*,*,#2947,.T.);
#2947 = EDGE_CURVE('',#2948,#2950,#2952,.T.);
#2948 = VERTEX_POINT('',#2949);
#2949 = CARTESIAN_POINT('',(0.151298903666,-1.3892501961,
    4.903223874049E-02));
#2950 = VERTEX_POINT('',#2951);
#2951 = CARTESIAN_POINT('',(9.996506220266E-02,-1.376445318051,
    4.903223874049E-02));
#2952 = B_SPLINE_CURVE_WITH_KNOTS('',3,(#2953,#2954,#2955,#2956,#2957,
    #2958,#2959,#2960,#2961,#2962,#2963),.UNSPECIFIED.,.F.,.F.,(4,1,1,1,
    1,1,1,1,4),(0.,0.135294604763,0.266765657925,0.394816018836,
    0.520051654434,0.642175702971,0.762651820558,0.881834004381,1.),
  .UNSPECIFIED.);
#2953 = CARTESIAN_POINT('',(0.151298903666,-1.3892501961,
    4.903223874049E-02));
#2954 = CARTESIAN_POINT('',(0.148883819553,-1.38921848799,
    4.903223874049E-02));
#2955 = CARTESIAN_POINT('',(0.144121903854,-1.389155967872,
    4.903223874049E-02));
#2956 = CARTESIAN_POINT('',(0.137099527486,-1.388514372882,
    4.903223874049E-02));
#2957 = CARTESIAN_POINT('',(0.13029748173,-1.387548729019,
    4.903223874049E-02));
#2958 = CARTESIAN_POINT('',(0.123745331559,-1.386127386075,
    4.903223874049E-02));
#2959 = CARTESIAN_POINT('',(0.117420612763,-1.384348185505,
    4.903223874049E-02));
#2960 = CARTESIAN_POINT('',(0.111359182166,-1.382113373284,
    4.903223874049E-02));
#2961 = CARTESIAN_POINT('',(0.105496270475,-1.379560755606,
    4.903223874049E-02));
#2962 = CARTESIAN_POINT('',(0.101803528228,-1.377480828887,
    4.903223874049E-02));
#2963 = CARTESIAN_POINT('',(9.996506220266E-02,-1.376445318051,
    4.903223874049E-02));
#2964 = ORIENTED_EDGE('',*,*,#2965,.T.);
#2965 = EDGE_CURVE('',#2950,#2966,#2968,.T.);
#2966 = VERTEX_POINT('',#2967);
#2967 = CARTESIAN_POINT('',(9.996506220266E-02,-1.398396537563,
    4.903223874049E-02));
#2968 = LINE('',#2969,#2970);
#2969 = CARTESIAN_POINT('',(9.996506220266E-02,-1.376445318051,
    4.903223874049E-02));
#2970 = VECTOR('',#2971,1.);
#2971 = DIRECTION('',(0.,-1.,0.));
#2972 = ORIENTED_EDGE('',*,*,#2973,.T.);
#2973 = EDGE_CURVE('',#2966,#2974,#2976,.T.);
#2974 = VERTEX_POINT('',#2975);
#2975 = CARTESIAN_POINT('',(0.154995550008,-1.411201415612,
    4.903223874049E-02));
#2976 = B_SPLINE_CURVE_WITH_KNOTS('',3,(#2977,#2978,#2979,#2980,#2981,
    #2982,#2983,#2984,#2985,#2986,#2987),.UNSPECIFIED.,.F.,.F.,(4,1,1,1,
    1,1,1,1,4),(0.,0.112448389909,0.226527675213,0.344401949326,
    0.465864972487,0.591659449352,0.722168487025,0.858606387555,1.),
  .UNSPECIFIED.);
#2977 = CARTESIAN_POINT('',(9.996506220266E-02,-1.398396537563,
    4.903223874049E-02));
#2978 = CARTESIAN_POINT('',(0.101841740358,-1.399432387497,
    4.903223874049E-02));
#2979 = CARTESIAN_POINT('',(0.105622315072,-1.401519110816,
    4.903223874049E-02));
#2980 = CARTESIAN_POINT('',(0.111668247969,-1.404093928839,
    4.903223874049E-02));
#2981 = CARTESIAN_POINT('',(0.118030034554,-1.406314830561,
    4.903223874049E-02));
#2982 = CARTESIAN_POINT('',(0.12476335705,-1.408085800473,
    4.903223874049E-02));
#2983 = CARTESIAN_POINT('',(0.131823454312,-1.409509083623,
    4.903223874049E-02));
#2984 = CARTESIAN_POINT('',(0.139247736159,-1.4104731243,
    4.903223874049E-02));
#2985 = CARTESIAN_POINT('',(0.147006789945,-1.411107720903,
    4.903223874049E-02));
#2986 = CARTESIAN_POINT('',(0.152301151281,-1.41116981485,
    4.903223874049E-02));
#2987 = CARTESIAN_POINT('',(0.154995550008,-1.411201415612,
    4.903223874049E-02));
#2988 = ORIENTED_EDGE('',*,*,#2989,.T.);
#2989 = EDGE_CURVE('',#2974,#2990,#2992,.T.);
#2990 = VERTEX_POINT('',#2991);
#2991 = CARTESIAN_POINT('',(0.248745550008,-1.312535257075,
    4.903223874049E-02));
#2992 = B_SPLINE_CURVE_WITH_KNOTS('',3,(#2993,#2994,#2995,#2996,#2997,
    #2998,#2999,#3000,#3001,#3002,#3003,#3004,#3005,#3006,#3007,#3008,
    #3009,#3010,#3011),.UNSPECIFIED.,.F.,.F.,(4,1,1,1,1,1,1,1,1,1,1,1,1,
    1,1,1,4),(0.,6.783324845577E-02,0.132655536508,0.195050884051,
    0.255582933069,0.314799834147,0.373600472826,0.432545595327,
    0.492430629284,0.552671255963,0.612513044188,0.672610250357,
    0.733838369314,0.796594238568,0.861449799291,0.929198942351,1.),
  .UNSPECIFIED.);
#2993 = CARTESIAN_POINT('',(0.154995550008,-1.411201415612,
    4.903223874049E-02));
#2994 = CARTESIAN_POINT('',(0.158467362318,-1.411123984195,
    4.903223874049E-02));
#2995 = CARTESIAN_POINT('',(0.165256881251,-1.410972558362,
    4.903223874049E-02));
#2996 = CARTESIAN_POINT('',(0.175175373624,-1.40969884791,
    4.903223874049E-02));
#2997 = CARTESIAN_POINT('',(0.18455862898,-1.407572344931,
    4.903223874049E-02));
#2998 = CARTESIAN_POINT('',(0.193403388227,-1.404584530068,
    4.903223874049E-02));
#2999 = CARTESIAN_POINT('',(0.201740594479,-1.400809114529,
    4.903223874049E-02));
#3000 = CARTESIAN_POINT('',(0.209527060175,-1.39614232845,
    4.903223874049E-02));
#3001 = CARTESIAN_POINT('',(0.21671125791,-1.390547419374,
    4.903223874049E-02));
#3002 = CARTESIAN_POINT('',(0.223388253508,-1.384249921167,
    4.903223874049E-02));
#3003 = CARTESIAN_POINT('',(0.229345923835,-1.377203899755,
    4.903223874049E-02));
#3004 = CARTESIAN_POINT('',(0.2345607399,-1.369582562791,
    4.903223874049E-02));
#3005 = CARTESIAN_POINT('',(0.238972449615,-1.361409615266,
    4.903223874049E-02));
#3006 = CARTESIAN_POINT('',(0.242552253915,-1.352680570328,
    4.903223874049E-02));
#3007 = CARTESIAN_POINT('',(0.245341980599,-1.34341314721,
    4.903223874049E-02));
#3008 = CARTESIAN_POINT('',(0.247292887964,-1.333599003923,
    4.903223874049E-02));
#3009 = CARTESIAN_POINT('',(0.248560715424,-1.323251909546,
    4.903223874049E-02));
#3010 = CARTESIAN_POINT('',(0.248683040309,-1.316159550215,
    4.903223874049E-02));
#3011 = CARTESIAN_POINT('',(0.248745550008,-1.312535257075,
    4.903223874049E-02));
#3012 = ORIENTED_EDGE('',*,*,#3013,.T.);
#3013 = EDGE_CURVE('',#2990,#3014,#3016,.T.);
#3014 = VERTEX_POINT('',#3015);
#3015 = CARTESIAN_POINT('',(0.147030610983,-1.206323366832,
    4.903223874049E-02));
#3016 = B_SPLINE_CURVE_WITH_KNOTS('',3,(#3017,#3018,#3019,#3020,#3021,
    #3022,#3023,#3024,#3025,#3026,#3027,#3028,#3029,#3030,#3031,#3032,
    #3033,#3034,#3035),.UNSPECIFIED.,.F.,.F.,(4,1,1,1,1,1,1,1,1,1,1,1,1,
    1,1,1,4),(0.,7.064371857535E-02,0.138256715509,0.203364124218,
    0.266324093803,0.327904761543,0.388737715173,0.449423528109,
    0.510861011459,0.572079396048,0.631734428731,0.691117210579,
    0.75036002949,0.810032900531,0.871362450829,0.934427141231,1.),
  .UNSPECIFIED.);
#3017 = CARTESIAN_POINT('',(0.248745550008,-1.312535257075,
    4.903223874049E-02));
#3018 = CARTESIAN_POINT('',(0.248658445317,-1.308644154854,
    4.903223874049E-02));
#3019 = CARTESIAN_POINT('',(0.248487972857,-1.30102888454,
    4.903223874049E-02));
#3020 = CARTESIAN_POINT('',(0.247132949719,-1.289893492864,
    4.903223874049E-02));
#3021 = CARTESIAN_POINT('',(0.244909578039,-1.279334693773,
    4.903223874049E-02));
#3022 = CARTESIAN_POINT('',(0.241727641171,-1.269368515237,
    4.903223874049E-02));
#3023 = CARTESIAN_POINT('',(0.237675703127,-1.259981487321,
    4.903223874049E-02));
#3024 = CARTESIAN_POINT('',(0.232750320164,-1.251161119742,
    4.903223874049E-02));
#3025 = CARTESIAN_POINT('',(0.226871459929,-1.242952857784,
    4.903223874049E-02));
#3026 = CARTESIAN_POINT('',(0.220132745031,-1.23541249258,
    4.903223874049E-02));
#3027 = CARTESIAN_POINT('',(0.212757154087,-1.22857779128,
    4.903223874049E-02));
#3028 = CARTESIAN_POINT('',(0.204798922651,-1.222613706719,
    4.903223874049E-02));
#3029 = CARTESIAN_POINT('',(0.19635404667,-1.217573556941,
    4.903223874049E-02));
#3030 = CARTESIAN_POINT('',(0.18743447945,-1.213424105659,
    4.903223874049E-02));
#3031 = CARTESIAN_POINT('',(0.178007431183,-1.210256653086,
    4.903223874049E-02));
#3032 = CARTESIAN_POINT('',(0.168117008427,-1.207981872788,
    4.903223874049E-02));
#3033 = CARTESIAN_POINT('',(0.157729148802,-1.20657228711,
    4.903223874049E-02));
#3034 = CARTESIAN_POINT('',(0.150642846377,-1.206407411834,
    4.903223874049E-02));
#3035 = CARTESIAN_POINT('',(0.147030610983,-1.206323366832,
    4.903223874049E-02));
#3036 = ORIENTED_EDGE('',*,*,#3037,.T.);
#3037 = EDGE_CURVE('',#3014,#3038,#3040,.T.);
#3038 = VERTEX_POINT('',#3039);
#3039 = CARTESIAN_POINT('',(9.996506220266E-02,-1.2142501961,
    4.903223874049E-02));
#3040 = B_SPLINE_CURVE_WITH_KNOTS('',3,(#3041,#3042,#3043,#3044,#3045,
    #3046,#3047,#3048,#3049,#3050,#3051),.UNSPECIFIED.,.F.,.F.,(4,1,1,1,
    1,1,1,1,4),(0.,0.145186866472,0.28344261092,0.416524365929,
    0.543181123535,0.665153082638,0.781360206313,0.892756655642,1.),
  .UNSPECIFIED.);
#3041 = CARTESIAN_POINT('',(0.147030610983,-1.206323366832,
    4.903223874049E-02));
#3042 = CARTESIAN_POINT('',(0.144705238858,-1.206340035719,
    4.903223874049E-02));
#3043 = CARTESIAN_POINT('',(0.140165506289,-1.206372577732,
    4.903223874049E-02));
#3044 = CARTESIAN_POINT('',(0.133505657295,-1.206780657585,
    4.903223874049E-02));
#3045 = CARTESIAN_POINT('',(0.127156201869,-1.207357399328,
    4.903223874049E-02));
#3046 = CARTESIAN_POINT('',(0.121107951601,-1.208256723676,
    4.903223874049E-02));
#3047 = CARTESIAN_POINT('',(0.115361217705,-1.209327275554,
    4.903223874049E-02));
#3048 = CARTESIAN_POINT('',(0.109937528313,-1.210722791259,
    4.903223874049E-02));
#3049 = CARTESIAN_POINT('',(0.104802789046,-1.212286456116,
    4.903223874049E-02));
#3050 = CARTESIAN_POINT('',(0.101557086905,-1.213603958174,
    4.903223874049E-02));
#3051 = CARTESIAN_POINT('',(9.996506220266E-02,-1.2142501961,
    4.903223874049E-02));
#3052 = ORIENTED_EDGE('',*,*,#3053,.T.);
#3053 = EDGE_CURVE('',#3038,#3054,#3056,.T.);
#3054 = VERTEX_POINT('',#3055);
#3055 = CARTESIAN_POINT('',(9.996506220266E-02,-1.241079464393,
    4.903223874049E-02));
#3056 = LINE('',#3057,#3058);
#3057 = CARTESIAN_POINT('',(9.996506220266E-02,-1.2142501961,
    4.903223874049E-02));
#3058 = VECTOR('',#3059,1.);
#3059 = DIRECTION('',(0.,-1.,0.));
#3060 = ORIENTED_EDGE('',*,*,#3061,.T.);
#3061 = EDGE_CURVE('',#3054,#3062,#3064,.T.);
#3062 = VERTEX_POINT('',#3063);
#3063 = CARTESIAN_POINT('',(0.146801952447,-1.228274586344,
    4.903223874049E-02));
#3064 = B_SPLINE_CURVE_WITH_KNOTS('',3,(#3065,#3066,#3067,#3068,#3069,
    #3070,#3071,#3072,#3073,#3074,#3075),.UNSPECIFIED.,.F.,.F.,(4,1,1,1,
    1,1,1,1,4),(0.,0.125279696736,0.249419970742,0.373356799493,
    0.496681278782,0.620202915744,0.745086320161,0.871269195019,1.),
  .UNSPECIFIED.);
#3065 = CARTESIAN_POINT('',(9.996506220266E-02,-1.241079464393,
    4.903223874049E-02));
#3066 = CARTESIAN_POINT('',(0.101741139328,-1.240047429794,
    4.903223874049E-02));
#3067 = CARTESIAN_POINT('',(0.105277140103,-1.237992746984,
    4.903223874049E-02));
#3068 = CARTESIAN_POINT('',(0.110838626426,-1.235423989099,
    4.903223874049E-02));
#3069 = CARTESIAN_POINT('',(0.116507275056,-1.233195961464,
    4.903223874049E-02));
#3070 = CARTESIAN_POINT('',(0.122322769367,-1.231417361298,
    4.903223874049E-02));
#3071 = CARTESIAN_POINT('',(0.128248508366,-1.229981128014,
    4.903223874049E-02));
#3072 = CARTESIAN_POINT('',(0.134315565434,-1.229017805872,
    4.903223874049E-02));
#3073 = CARTESIAN_POINT('',(0.140512445647,-1.228369679154,
    4.903223874049E-02));
#3074 = CARTESIAN_POINT('',(0.144691526505,-1.228306494463,
    4.903223874049E-02));
#3075 = CARTESIAN_POINT('',(0.146801952447,-1.228274586344,
    4.903223874049E-02));
#3076 = ORIENTED_EDGE('',*,*,#3077,.T.);
#3077 = EDGE_CURVE('',#3062,#3078,#3080,.T.);
#3078 = VERTEX_POINT('',#3079);
#3079 = CARTESIAN_POINT('',(0.221916281715,-1.310896537563,
    4.903223874049E-02));
#3080 = B_SPLINE_CURVE_WITH_KNOTS('',3,(#3081,#3082,#3083,#3084,#3085,
    #3086,#3087,#3088,#3089,#3090,#3091,#3092,#3093,#3094,#3095,#3096,
    #3097,#3098,#3099),.UNSPECIFIED.,.F.,.F.,(4,1,1,1,1,1,1,1,1,1,1,1,1,
    1,1,1,4),(0.,6.460397028839E-02,0.126702413963,0.186756814036,
    0.245505687365,0.30365202445,0.361503073971,0.420240222928,
    0.480033340777,0.540678134776,0.601191806381,0.662333502477,
    0.724739510297,0.789467736173,0.856504860044,0.926312095839,1.),
  .UNSPECIFIED.);
#3081 = CARTESIAN_POINT('',(0.146801952447,-1.228274586344,
    4.903223874049E-02));
#3082 = CARTESIAN_POINT('',(0.149511824819,-1.228332853561,
    4.903223874049E-02));
#3083 = CARTESIAN_POINT('',(0.15482647297,-1.228447128226,
    4.903223874049E-02));
#3084 = CARTESIAN_POINT('',(0.162590768512,-1.229569094163,
    4.903223874049E-02));
#3085 = CARTESIAN_POINT('',(0.169996247148,-1.23124768201,
    4.903223874049E-02));
#3086 = CARTESIAN_POINT('',(0.177013213412,-1.233704425465,
    4.903223874049E-02));
#3087 = CARTESIAN_POINT('',(0.183633699505,-1.236875231535,
    4.903223874049E-02));
#3088 = CARTESIAN_POINT('',(0.189851964305,-1.240771992997,
    4.903223874049E-02));
#3089 = CARTESIAN_POINT('',(0.195706196516,-1.245311163472,
    4.903223874049E-02));
#3090 = CARTESIAN_POINT('',(0.201107091816,-1.250549370923,
    4.903223874049E-02));
#3091 = CARTESIAN_POINT('',(0.206028809771,-1.256341991678,
    4.903223874049E-02));
#3092 = CARTESIAN_POINT('',(0.210253375839,-1.262727333812,
    4.903223874049E-02));
#3093 = CARTESIAN_POINT('',(0.213916715883,-1.26953256983,
    4.903223874049E-02));
#3094 = CARTESIAN_POINT('',(0.216850311468,-1.276877095876,
    4.903223874049E-02));
#3095 = CARTESIAN_POINT('',(0.219122211316,-1.28470456065,
    4.903223874049E-02));
#3096 = CARTESIAN_POINT('',(0.220762044122,-1.293004283583,
    4.903223874049E-02));
#3097 = CARTESIAN_POINT('',(0.221712140659,-1.301791572267,
    4.903223874049E-02));
#3098 = CARTESIAN_POINT('',(0.221847018819,-1.307807319375,
    4.903223874049E-02));
#3099 = CARTESIAN_POINT('',(0.221916281715,-1.310896537563,
    4.903223874049E-02));
#3100 = ORIENTED_EDGE('',*,*,#3101,.T.);
#3101 = EDGE_CURVE('',#3078,#2948,#3102,.T.);
#3102 = B_SPLINE_CURVE_WITH_KNOTS('',3,(#3103,#3104,#3105,#3106,#3107,
    #3108,#3109,#3110,#3111,#3112,#3113,#3114,#3115,#3116,#3117,#3118,
    #3119,#3120,#3121),.UNSPECIFIED.,.F.,.F.,(4,1,1,1,1,1,1,1,1,1,1,1,1,
    1,1,1,4),(0.,7.377411937406E-02,0.144079114726,0.211348518309,
    0.27607688574,0.33852091582,0.399885116693,0.460254067465,
    0.520588964391,0.580207684563,0.638632908553,0.696364549491,
    0.75400177466,0.812805681374,0.872754425526,0.935181996978,1.),
  .UNSPECIFIED.);
#3103 = CARTESIAN_POINT('',(0.221916281715,-1.310896537563,
    4.903223874049E-02));
#3104 = CARTESIAN_POINT('',(0.221860717745,-1.313820778702,
    4.903223874049E-02));
#3105 = CARTESIAN_POINT('',(0.221752202622,-1.319531752661,
    4.903223874049E-02));
#3106 = CARTESIAN_POINT('',(0.220819885298,-1.327867288246,
    4.903223874049E-02));
#3107 = CARTESIAN_POINT('',(0.219309636449,-1.335748632615,
    4.903223874049E-02));
#3108 = CARTESIAN_POINT('',(0.217187168109,-1.343168838851,
    4.903223874049E-02));
#3109 = CARTESIAN_POINT('',(0.214419547072,-1.350121040066,
    4.903223874049E-02));
#3110 = CARTESIAN_POINT('',(0.211076357854,-1.356623708237,
    4.903223874049E-02));
#3111 = CARTESIAN_POINT('',(0.207079154304,-1.362647478564,
    4.903223874049E-02));
#3112 = CARTESIAN_POINT('',(0.202516174344,-1.368164150413,
    4.903223874049E-02));
#3113 = CARTESIAN_POINT('',(0.197450064673,-1.373111280835,
    4.903223874049E-02));
#3114 = CARTESIAN_POINT('',(0.191986913085,-1.377455972899,
    4.903223874049E-02));
#3115 = CARTESIAN_POINT('',(0.186114817058,-1.381082438266,
    4.903223874049E-02));
#3116 = CARTESIAN_POINT('',(0.179888532923,-1.384089618442,
    4.903223874049E-02));
#3117 = CARTESIAN_POINT('',(0.173279929112,-1.386414583481,
    4.903223874049E-02));
#3118 = CARTESIAN_POINT('',(0.16627663505,-1.38804446551,
    4.903223874049E-02));
#3119 = CARTESIAN_POINT('',(0.158912153833,-1.389053979371,
    4.903223874049E-02));
#3120 = CARTESIAN_POINT('',(0.153868238668,-1.389183976483,
    4.903223874049E-02));
#3121 = CARTESIAN_POINT('',(0.151298903666,-1.3892501961,
    4.903223874049E-02));
#3122 = FACE_BOUND('',#3123,.T.);
#3123 = EDGE_LOOP('',(#3124,#3134,#3142,#3150,#3158,#3166));
#3124 = ORIENTED_EDGE('',*,*,#3125,.T.);
#3125 = EDGE_CURVE('',#3126,#3128,#3130,.T.);
#3126 = VERTEX_POINT('',#3127);
#3127 = CARTESIAN_POINT('',(0.341428476837,-1.38681117171,
    4.903223874049E-02));
#3128 = VERTEX_POINT('',#3129);
#3129 = CARTESIAN_POINT('',(0.265818720739,-1.38681117171,
    4.903223874049E-02));
#3130 = LINE('',#3131,#3132);
#3131 = CARTESIAN_POINT('',(0.341428476837,-1.38681117171,
    4.903223874049E-02));
#3132 = VECTOR('',#3133,1.);
#3133 = DIRECTION('',(-1.,0.,0.));
#3134 = ORIENTED_EDGE('',*,*,#3135,.T.);
#3135 = EDGE_CURVE('',#3128,#3136,#3138,.T.);
#3136 = VERTEX_POINT('',#3137);
#3137 = CARTESIAN_POINT('',(0.265818720739,-1.408762391222,
    4.903223874049E-02));
#3138 = LINE('',#3139,#3140);
#3139 = CARTESIAN_POINT('',(0.265818720739,-1.38681117171,
    4.903223874049E-02));
#3140 = VECTOR('',#3141,1.);
#3141 = DIRECTION('',(0.,-1.,0.));
#3142 = ORIENTED_EDGE('',*,*,#3143,.T.);
#3143 = EDGE_CURVE('',#3136,#3144,#3146,.T.);
#3144 = VERTEX_POINT('',#3145);
#3145 = CARTESIAN_POINT('',(0.368257745129,-1.408762391222,
    4.903223874049E-02));
#3146 = LINE('',#3147,#3148);
#3147 = CARTESIAN_POINT('',(0.265818720739,-1.408762391222,
    4.903223874049E-02));
#3148 = VECTOR('',#3149,1.);
#3149 = DIRECTION('',(1.,0.,0.));
#3150 = ORIENTED_EDGE('',*,*,#3151,.T.);
#3151 = EDGE_CURVE('',#3144,#3152,#3154,.T.);
#3152 = VERTEX_POINT('',#3153);
#3153 = CARTESIAN_POINT('',(0.368257745129,-1.208762391222,
    4.903223874049E-02));
#3154 = LINE('',#3155,#3156);
#3155 = CARTESIAN_POINT('',(0.368257745129,-1.408762391222,
    4.903223874049E-02));
#3156 = VECTOR('',#3157,1.);
#3157 = DIRECTION('',(0.,1.,0.));
#3158 = ORIENTED_EDGE('',*,*,#3159,.T.);
#3159 = EDGE_CURVE('',#3152,#3160,#3162,.T.);
#3160 = VERTEX_POINT('',#3161);
#3161 = CARTESIAN_POINT('',(0.341428476837,-1.208762391222,
    4.903223874049E-02));
#3162 = LINE('',#3163,#3164);
#3163 = CARTESIAN_POINT('',(0.368257745129,-1.208762391222,
    4.903223874049E-02));
#3164 = VECTOR('',#3165,1.);
#3165 = DIRECTION('',(-1.,0.,0.));
#3166 = ORIENTED_EDGE('',*,*,#3167,.T.);
#3167 = EDGE_CURVE('',#3160,#3126,#3168,.T.);
#3168 = LINE('',#3169,#3170);
#3169 = CARTESIAN_POINT('',(0.341428476837,-1.208762391222,
    4.903223874049E-02));
#3170 = VECTOR('',#3171,1.);
#3171 = DIRECTION('',(0.,-1.,0.));
#3172 = PLANE('',#3173);
#3173 = AXIS2_PLACEMENT_3D('',#3174,#3175,#3176);
#3174 = CARTESIAN_POINT('',(-8.203535724743E-04,2.233050450947E-03,
    4.903223874049E-02));
#3175 = DIRECTION('',(0.,0.,-1.));
#3176 = DIRECTION('',(-1.,0.,-0.));
#3177 = ADVANCED_FACE('',(#3178),#3318,.T.);
#3178 = FACE_BOUND('',#3179,.T.);
#3179 = EDGE_LOOP('',(#3180,#3188,#3196,#3202,#3203,#3211,#3219,#3225,
    #3226,#3234,#3242,#3248,#3249,#3257,#3265,#3271,#3272,#3280,#3288,
    #3294,#3295,#3303,#3311,#3317));
#3180 = ORIENTED_EDGE('',*,*,#3181,.F.);
#3181 = EDGE_CURVE('',#3182,#2460,#3184,.T.);
#3182 = VERTEX_POINT('',#3183);
#3183 = CARTESIAN_POINT('',(-1.000820353572,-0.347766949549,
    9.903223874049E-02));
#3184 = LINE('',#3185,#3186);
#3185 = CARTESIAN_POINT('',(-1.000820353572,-0.347766949549,
    9.903223874049E-02));
#3186 = VECTOR('',#3187,1.);
#3187 = DIRECTION('',(-0.,-0.,-1.));
#3188 = ORIENTED_EDGE('',*,*,#3189,.F.);
#3189 = EDGE_CURVE('',#3190,#3182,#3192,.T.);
#3190 = VERTEX_POINT('',#3191);
#3191 = CARTESIAN_POINT('',(-1.000820353572,-0.647766949549,
    9.903223874049E-02));
#3192 = LINE('',#3193,#3194);
#3193 = CARTESIAN_POINT('',(-1.000820353572,2.233050450947E-03,
    9.903223874049E-02));
#3194 = VECTOR('',#3195,1.);
#3195 = DIRECTION('',(0.,1.,0.));
#3196 = ORIENTED_EDGE('',*,*,#3197,.T.);
#3197 = EDGE_CURVE('',#3190,#2418,#3198,.T.);
#3198 = LINE('',#3199,#3200);
#3199 = CARTESIAN_POINT('',(-1.000820353572,-0.647766949549,
    9.903223874049E-02));
#3200 = VECTOR('',#3201,1.);
#3201 = DIRECTION('',(-0.,-0.,-1.));
#3202 = ORIENTED_EDGE('',*,*,#2417,.T.);
#3203 = ORIENTED_EDGE('',*,*,#3204,.F.);
#3204 = EDGE_CURVE('',#3205,#2410,#3207,.T.);
#3205 = VERTEX_POINT('',#3206);
#3206 = CARTESIAN_POINT('',(-1.000820353572,-0.847766949549,
    9.903223874049E-02));
#3207 = LINE('',#3208,#3209);
#3208 = CARTESIAN_POINT('',(-1.000820353572,-0.847766949549,
    9.903223874049E-02));
#3209 = VECTOR('',#3210,1.);
#3210 = DIRECTION('',(-0.,-0.,-1.));
#3211 = ORIENTED_EDGE('',*,*,#3212,.F.);
#3212 = EDGE_CURVE('',#3213,#3205,#3215,.T.);
#3213 = VERTEX_POINT('',#3214);
#3214 = CARTESIAN_POINT('',(-1.000820353572,-1.147766949549,
    9.903223874049E-02));
#3215 = LINE('',#3216,#3217);
#3216 = CARTESIAN_POINT('',(-1.000820353572,2.233050450947E-03,
    9.903223874049E-02));
#3217 = VECTOR('',#3218,1.);
#3218 = DIRECTION('',(0.,1.,0.));
#3219 = ORIENTED_EDGE('',*,*,#3220,.T.);
#3220 = EDGE_CURVE('',#3213,#2386,#3221,.T.);
#3221 = LINE('',#3222,#3223);
#3222 = CARTESIAN_POINT('',(-1.000820353572,-1.147766949549,
    9.903223874049E-02));
#3223 = VECTOR('',#3224,1.);
#3224 = DIRECTION('',(-0.,-0.,-1.));
#3225 = ORIENTED_EDGE('',*,*,#2385,.T.);
#3226 = ORIENTED_EDGE('',*,*,#3227,.T.);
#3227 = EDGE_CURVE('',#2378,#3228,#3230,.T.);
#3228 = VERTEX_POINT('',#3229);
#3229 = CARTESIAN_POINT('',(-1.000820353572,-1.497766949549,
    0.94903223874));
#3230 = LINE('',#3231,#3232);
#3231 = CARTESIAN_POINT('',(-1.000820353572,-1.497766949549,
    4.903223874049E-02));
#3232 = VECTOR('',#3233,1.);
#3233 = DIRECTION('',(0.,0.,1.));
#3234 = ORIENTED_EDGE('',*,*,#3235,.F.);
#3235 = EDGE_CURVE('',#3236,#3228,#3238,.T.);
#3236 = VERTEX_POINT('',#3237);
#3237 = CARTESIAN_POINT('',(-1.000820353572,1.502233050451,0.94903223874
    ));
#3238 = LINE('',#3239,#3240);
#3239 = CARTESIAN_POINT('',(-1.000820353572,-1.497766949549,
    0.94903223874));
#3240 = VECTOR('',#3241,1.);
#3241 = DIRECTION('',(-0.,-1.,-0.));
#3242 = ORIENTED_EDGE('',*,*,#3243,.F.);
#3243 = EDGE_CURVE('',#2618,#3236,#3244,.T.);
#3244 = LINE('',#3245,#3246);
#3245 = CARTESIAN_POINT('',(-1.000820353572,1.502233050451,
    4.903223874049E-02));
#3246 = VECTOR('',#3247,1.);
#3247 = DIRECTION('',(0.,0.,1.));
#3248 = ORIENTED_EDGE('',*,*,#2617,.T.);
#3249 = ORIENTED_EDGE('',*,*,#3250,.F.);
#3250 = EDGE_CURVE('',#3251,#2610,#3253,.T.);
#3251 = VERTEX_POINT('',#3252);
#3252 = CARTESIAN_POINT('',(-1.000820353572,1.152233050451,
    9.903223874049E-02));
#3253 = LINE('',#3254,#3255);
#3254 = CARTESIAN_POINT('',(-1.000820353572,1.152233050451,
    9.903223874049E-02));
#3255 = VECTOR('',#3256,1.);
#3256 = DIRECTION('',(-0.,-0.,-1.));
#3257 = ORIENTED_EDGE('',*,*,#3258,.F.);
#3258 = EDGE_CURVE('',#3259,#3251,#3261,.T.);
#3259 = VERTEX_POINT('',#3260);
#3260 = CARTESIAN_POINT('',(-1.000820353572,0.852233050451,
    9.903223874049E-02));
#3261 = LINE('',#3262,#3263);
#3262 = CARTESIAN_POINT('',(-1.000820353572,2.233050450947E-03,
    9.903223874049E-02));
#3263 = VECTOR('',#3264,1.);
#3264 = DIRECTION('',(0.,1.,0.));
#3265 = ORIENTED_EDGE('',*,*,#3266,.T.);
#3266 = EDGE_CURVE('',#3259,#2568,#3267,.T.);
#3267 = LINE('',#3268,#3269);
#3268 = CARTESIAN_POINT('',(-1.000820353572,0.852233050451,
    9.903223874049E-02));
#3269 = VECTOR('',#3270,1.);
#3270 = DIRECTION('',(-0.,-0.,-1.));
#3271 = ORIENTED_EDGE('',*,*,#2567,.T.);
#3272 = ORIENTED_EDGE('',*,*,#3273,.F.);
#3273 = EDGE_CURVE('',#3274,#2560,#3276,.T.);
#3274 = VERTEX_POINT('',#3275);
#3275 = CARTESIAN_POINT('',(-1.000820353572,0.652233050451,
    9.903223874049E-02));
#3276 = LINE('',#3277,#3278);
#3277 = CARTESIAN_POINT('',(-1.000820353572,0.652233050451,
    9.903223874049E-02));
#3278 = VECTOR('',#3279,1.);
#3279 = DIRECTION('',(-0.,-0.,-1.));
#3280 = ORIENTED_EDGE('',*,*,#3281,.F.);
#3281 = EDGE_CURVE('',#3282,#3274,#3284,.T.);
#3282 = VERTEX_POINT('',#3283);
#3283 = CARTESIAN_POINT('',(-1.000820353572,0.352233050451,
    9.903223874049E-02));
#3284 = LINE('',#3285,#3286);
#3285 = CARTESIAN_POINT('',(-1.000820353572,2.233050450947E-03,
    9.903223874049E-02));
#3286 = VECTOR('',#3287,1.);
#3287 = DIRECTION('',(0.,1.,0.));
#3288 = ORIENTED_EDGE('',*,*,#3289,.T.);
#3289 = EDGE_CURVE('',#3282,#2518,#3290,.T.);
#3290 = LINE('',#3291,#3292);
#3291 = CARTESIAN_POINT('',(-1.000820353572,0.352233050451,
    9.903223874049E-02));
#3292 = VECTOR('',#3293,1.);
#3293 = DIRECTION('',(-0.,-0.,-1.));
#3294 = ORIENTED_EDGE('',*,*,#2517,.T.);
#3295 = ORIENTED_EDGE('',*,*,#3296,.F.);
#3296 = EDGE_CURVE('',#3297,#2510,#3299,.T.);
#3297 = VERTEX_POINT('',#3298);
#3298 = CARTESIAN_POINT('',(-1.000820353572,0.152233050451,
    9.903223874049E-02));
#3299 = LINE('',#3300,#3301);
#3300 = CARTESIAN_POINT('',(-1.000820353572,0.152233050451,
    9.903223874049E-02));
#3301 = VECTOR('',#3302,1.);
#3302 = DIRECTION('',(-0.,-0.,-1.));
#3303 = ORIENTED_EDGE('',*,*,#3304,.F.);
#3304 = EDGE_CURVE('',#3305,#3297,#3307,.T.);
#3305 = VERTEX_POINT('',#3306);
#3306 = CARTESIAN_POINT('',(-1.000820353572,-0.147766949549,
    9.903223874049E-02));
#3307 = LINE('',#3308,#3309);
#3308 = CARTESIAN_POINT('',(-1.000820353572,2.233050450947E-03,
    9.903223874049E-02));
#3309 = VECTOR('',#3310,1.);
#3310 = DIRECTION('',(0.,1.,0.));
#3311 = ORIENTED_EDGE('',*,*,#3312,.T.);
#3312 = EDGE_CURVE('',#3305,#2468,#3313,.T.);
#3313 = LINE('',#3314,#3315);
#3314 = CARTESIAN_POINT('',(-1.000820353572,-0.147766949549,
    9.903223874049E-02));
#3315 = VECTOR('',#3316,1.);
#3316 = DIRECTION('',(-0.,-0.,-1.));
#3317 = ORIENTED_EDGE('',*,*,#2467,.T.);
#3318 = PLANE('',#3319);
#3319 = AXIS2_PLACEMENT_3D('',#3320,#3321,#3322);
#3320 = CARTESIAN_POINT('',(-1.000820353572,-1.497766949549,
    4.903223874049E-02));
#3321 = DIRECTION('',(-1.,0.,0.));
#3322 = DIRECTION('',(0.,0.,1.));
#3323 = ADVANCED_FACE('',(#3324),#3464,.T.);
#3324 = FACE_BOUND('',#3325,.T.);
#3325 = EDGE_LOOP('',(#3326,#3334,#3342,#3348,#3349,#3357,#3365,#3371,
    #3372,#3380,#3388,#3394,#3395,#3403,#3411,#3417,#3418,#3426,#3434,
    #3440,#3441,#3449,#3457,#3463));
#3326 = ORIENTED_EDGE('',*,*,#3327,.F.);
#3327 = EDGE_CURVE('',#3328,#2260,#3330,.T.);
#3328 = VERTEX_POINT('',#3329);
#3329 = CARTESIAN_POINT('',(0.999179646428,-0.147766949549,
    9.903223874049E-02));
#3330 = LINE('',#3331,#3332);
#3331 = CARTESIAN_POINT('',(0.999179646428,-0.147766949549,
    9.903223874049E-02));
#3332 = VECTOR('',#3333,1.);
#3333 = DIRECTION('',(-0.,-0.,-1.));
#3334 = ORIENTED_EDGE('',*,*,#3335,.F.);
#3335 = EDGE_CURVE('',#3336,#3328,#3338,.T.);
#3336 = VERTEX_POINT('',#3337);
#3337 = CARTESIAN_POINT('',(0.999179646428,0.152233050451,
    9.903223874049E-02));
#3338 = LINE('',#3339,#3340);
#3339 = CARTESIAN_POINT('',(0.999179646428,2.233050450947E-03,
    9.903223874049E-02));
#3340 = VECTOR('',#3341,1.);
#3341 = DIRECTION('',(0.,-1.,0.));
#3342 = ORIENTED_EDGE('',*,*,#3343,.T.);
#3343 = EDGE_CURVE('',#3336,#2734,#3344,.T.);
#3344 = LINE('',#3345,#3346);
#3345 = CARTESIAN_POINT('',(0.999179646428,0.152233050451,
    9.903223874049E-02));
#3346 = VECTOR('',#3347,1.);
#3347 = DIRECTION('',(-0.,-0.,-1.));
#3348 = ORIENTED_EDGE('',*,*,#2733,.T.);
#3349 = ORIENTED_EDGE('',*,*,#3350,.F.);
#3350 = EDGE_CURVE('',#3351,#2726,#3353,.T.);
#3351 = VERTEX_POINT('',#3352);
#3352 = CARTESIAN_POINT('',(0.999179646428,0.352233050451,
    9.903223874049E-02));
#3353 = LINE('',#3354,#3355);
#3354 = CARTESIAN_POINT('',(0.999179646428,0.352233050451,
    9.903223874049E-02));
#3355 = VECTOR('',#3356,1.);
#3356 = DIRECTION('',(-0.,-0.,-1.));
#3357 = ORIENTED_EDGE('',*,*,#3358,.F.);
#3358 = EDGE_CURVE('',#3359,#3351,#3361,.T.);
#3359 = VERTEX_POINT('',#3360);
#3360 = CARTESIAN_POINT('',(0.999179646428,0.652233050451,
    9.903223874049E-02));
#3361 = LINE('',#3362,#3363);
#3362 = CARTESIAN_POINT('',(0.999179646428,2.233050450947E-03,
    9.903223874049E-02));
#3363 = VECTOR('',#3364,1.);
#3364 = DIRECTION('',(0.,-1.,0.));
#3365 = ORIENTED_EDGE('',*,*,#3366,.T.);
#3366 = EDGE_CURVE('',#3359,#2684,#3367,.T.);
#3367 = LINE('',#3368,#3369);
#3368 = CARTESIAN_POINT('',(0.999179646428,0.652233050451,
    9.903223874049E-02));
#3369 = VECTOR('',#3370,1.);
#3370 = DIRECTION('',(-0.,-0.,-1.));
#3371 = ORIENTED_EDGE('',*,*,#2683,.T.);
#3372 = ORIENTED_EDGE('',*,*,#3373,.F.);
#3373 = EDGE_CURVE('',#3374,#2676,#3376,.T.);
#3374 = VERTEX_POINT('',#3375);
#3375 = CARTESIAN_POINT('',(0.999179646428,0.852233050451,
    9.903223874049E-02));
#3376 = LINE('',#3377,#3378);
#3377 = CARTESIAN_POINT('',(0.999179646428,0.852233050451,
    9.903223874049E-02));
#3378 = VECTOR('',#3379,1.);
#3379 = DIRECTION('',(-0.,-0.,-1.));
#3380 = ORIENTED_EDGE('',*,*,#3381,.F.);
#3381 = EDGE_CURVE('',#3382,#3374,#3384,.T.);
#3382 = VERTEX_POINT('',#3383);
#3383 = CARTESIAN_POINT('',(0.999179646428,1.152233050451,
    9.903223874049E-02));
#3384 = LINE('',#3385,#3386);
#3385 = CARTESIAN_POINT('',(0.999179646428,2.233050450947E-03,
    9.903223874049E-02));
#3386 = VECTOR('',#3387,1.);
#3387 = DIRECTION('',(0.,-1.,0.));
#3388 = ORIENTED_EDGE('',*,*,#3389,.T.);
#3389 = EDGE_CURVE('',#3382,#2634,#3390,.T.);
#3390 = LINE('',#3391,#3392);
#3391 = CARTESIAN_POINT('',(0.999179646428,1.152233050451,
    9.903223874049E-02));
#3392 = VECTOR('',#3393,1.);
#3393 = DIRECTION('',(-0.,-0.,-1.));
#3394 = ORIENTED_EDGE('',*,*,#2633,.T.);
#3395 = ORIENTED_EDGE('',*,*,#3396,.T.);
#3396 = EDGE_CURVE('',#2626,#3397,#3399,.T.);
#3397 = VERTEX_POINT('',#3398);
#3398 = CARTESIAN_POINT('',(0.999179646428,1.502233050451,0.94903223874)
  );
#3399 = LINE('',#3400,#3401);
#3400 = CARTESIAN_POINT('',(0.999179646428,1.502233050451,
    4.903223874049E-02));
#3401 = VECTOR('',#3402,1.);
#3402 = DIRECTION('',(0.,0.,1.));
#3403 = ORIENTED_EDGE('',*,*,#3404,.F.);
#3404 = EDGE_CURVE('',#3405,#3397,#3407,.T.);
#3405 = VERTEX_POINT('',#3406);
#3406 = CARTESIAN_POINT('',(0.999179646428,-1.497766949549,0.94903223874
    ));
#3407 = LINE('',#3408,#3409);
#3408 = CARTESIAN_POINT('',(0.999179646428,-1.497766949549,0.94903223874
    ));
#3409 = VECTOR('',#3410,1.);
#3410 = DIRECTION('',(0.,1.,0.));
#3411 = ORIENTED_EDGE('',*,*,#3412,.F.);
#3412 = EDGE_CURVE('',#2370,#3405,#3413,.T.);
#3413 = LINE('',#3414,#3415);
#3414 = CARTESIAN_POINT('',(0.999179646428,-1.497766949549,
    4.903223874049E-02));
#3415 = VECTOR('',#3416,1.);
#3416 = DIRECTION('',(0.,0.,1.));
#3417 = ORIENTED_EDGE('',*,*,#2369,.T.);
#3418 = ORIENTED_EDGE('',*,*,#3419,.F.);
#3419 = EDGE_CURVE('',#3420,#2362,#3422,.T.);
#3420 = VERTEX_POINT('',#3421);
#3421 = CARTESIAN_POINT('',(0.999179646428,-1.147766949549,
    9.903223874049E-02));
#3422 = LINE('',#3423,#3424);
#3423 = CARTESIAN_POINT('',(0.999179646428,-1.147766949549,
    9.903223874049E-02));
#3424 = VECTOR('',#3425,1.);
#3425 = DIRECTION('',(-0.,-0.,-1.));
#3426 = ORIENTED_EDGE('',*,*,#3427,.F.);
#3427 = EDGE_CURVE('',#3428,#3420,#3430,.T.);
#3428 = VERTEX_POINT('',#3429);
#3429 = CARTESIAN_POINT('',(0.999179646428,-0.847766949549,
    9.903223874049E-02));
#3430 = LINE('',#3431,#3432);
#3431 = CARTESIAN_POINT('',(0.999179646428,2.233050450947E-03,
    9.903223874049E-02));
#3432 = VECTOR('',#3433,1.);
#3433 = DIRECTION('',(0.,-1.,0.));
#3434 = ORIENTED_EDGE('',*,*,#3435,.T.);
#3435 = EDGE_CURVE('',#3428,#2320,#3436,.T.);
#3436 = LINE('',#3437,#3438);
#3437 = CARTESIAN_POINT('',(0.999179646428,-0.847766949549,
    9.903223874049E-02));
#3438 = VECTOR('',#3439,1.);
#3439 = DIRECTION('',(-0.,-0.,-1.));
#3440 = ORIENTED_EDGE('',*,*,#2319,.T.);
#3441 = ORIENTED_EDGE('',*,*,#3442,.F.);
#3442 = EDGE_CURVE('',#3443,#2312,#3445,.T.);
#3443 = VERTEX_POINT('',#3444);
#3444 = CARTESIAN_POINT('',(0.999179646428,-0.647766949549,
    9.903223874049E-02));
#3445 = LINE('',#3446,#3447);
#3446 = CARTESIAN_POINT('',(0.999179646428,-0.647766949549,
    9.903223874049E-02));
#3447 = VECTOR('',#3448,1.);
#3448 = DIRECTION('',(-0.,-0.,-1.));
#3449 = ORIENTED_EDGE('',*,*,#3450,.F.);
#3450 = EDGE_CURVE('',#3451,#3443,#3453,.T.);
#3451 = VERTEX_POINT('',#3452);
#3452 = CARTESIAN_POINT('',(0.999179646428,-0.347766949549,
    9.903223874049E-02));
#3453 = LINE('',#3454,#3455);
#3454 = CARTESIAN_POINT('',(0.999179646428,2.233050450947E-03,
    9.903223874049E-02));
#3455 = VECTOR('',#3456,1.);
#3456 = DIRECTION('',(0.,-1.,0.));
#3457 = ORIENTED_EDGE('',*,*,#3458,.T.);
#3458 = EDGE_CURVE('',#3451,#2270,#3459,.T.);
#3459 = LINE('',#3460,#3461);
#3460 = CARTESIAN_POINT('',(0.999179646428,-0.347766949549,
    9.903223874049E-02));
#3461 = VECTOR('',#3462,1.);
#3462 = DIRECTION('',(-0.,-0.,-1.));
#3463 = ORIENTED_EDGE('',*,*,#2269,.T.);
#3464 = PLANE('',#3465);
#3465 = AXIS2_PLACEMENT_3D('',#3466,#3467,#3468);
#3466 = CARTESIAN_POINT('',(0.999179646428,-1.497766949549,
    4.903223874049E-02));
#3467 = DIRECTION('',(1.,0.,0.));
#3468 = DIRECTION('',(0.,0.,-1.));
#3469 = ADVANCED_FACE('',(#3470),#3481,.T.);
#3470 = FACE_BOUND('',#3471,.T.);
#3471 = EDGE_LOOP('',(#3472,#3478,#3479,#3480));
#3472 = ORIENTED_EDGE('',*,*,#3473,.F.);
#3473 = EDGE_CURVE('',#3228,#3405,#3474,.T.);
#3474 = LINE('',#3475,#3476);
#3475 = CARTESIAN_POINT('',(-1.000820353572,-1.497766949549,
    0.94903223874));
#3476 = VECTOR('',#3477,1.);
#3477 = DIRECTION('',(1.,0.,0.));
#3478 = ORIENTED_EDGE('',*,*,#3227,.F.);
#3479 = ORIENTED_EDGE('',*,*,#2377,.T.);
#3480 = ORIENTED_EDGE('',*,*,#3412,.T.);
#3481 = PLANE('',#3482);
#3482 = AXIS2_PLACEMENT_3D('',#3483,#3484,#3485);
#3483 = CARTESIAN_POINT('',(-1.000820353572,-1.497766949549,
    4.903223874049E-02));
#3484 = DIRECTION('',(0.,-1.,0.));
#3485 = DIRECTION('',(0.,-0.,-1.));
#3486 = ADVANCED_FACE('',(#3487),#3498,.T.);
#3487 = FACE_BOUND('',#3488,.T.);
#3488 = EDGE_LOOP('',(#3489,#3495,#3496,#3497));
#3489 = ORIENTED_EDGE('',*,*,#3490,.F.);
#3490 = EDGE_CURVE('',#3397,#3236,#3491,.T.);
#3491 = LINE('',#3492,#3493);
#3492 = CARTESIAN_POINT('',(-1.000820353572,1.502233050451,0.94903223874
    ));
#3493 = VECTOR('',#3494,1.);
#3494 = DIRECTION('',(-1.,-0.,-0.));
#3495 = ORIENTED_EDGE('',*,*,#3396,.F.);
#3496 = ORIENTED_EDGE('',*,*,#2625,.T.);
#3497 = ORIENTED_EDGE('',*,*,#3243,.T.);
#3498 = PLANE('',#3499);
#3499 = AXIS2_PLACEMENT_3D('',#3500,#3501,#3502);
#3500 = CARTESIAN_POINT('',(-1.000820353572,1.502233050451,
    4.903223874049E-02));
#3501 = DIRECTION('',(0.,1.,0.));
#3502 = DIRECTION('',(0.,-0.,1.));
#3503 = ADVANCED_FACE('',(#3504,#3514),#3520,.F.);
#3504 = FACE_BOUND('',#3505,.T.);
#3505 = EDGE_LOOP('',(#3506,#3513));
#3506 = ORIENTED_EDGE('',*,*,#3507,.F.);
#3507 = EDGE_CURVE('',#2154,#2162,#3508,.T.);
#3508 = CIRCLE('',#3509,0.148746029276);
#3509 = AXIS2_PLACEMENT_3D('',#3510,#3511,#3512);
#3510 = CARTESIAN_POINT('',(-0.760410069318,1.252103400905,0.94903223874
    ));
#3511 = DIRECTION('',(0.,0.,1.));
#3512 = DIRECTION('',(1.,0.,-0.));
#3513 = ORIENTED_EDGE('',*,*,#2161,.F.);
#3514 = FACE_BOUND('',#3515,.T.);
#3515 = EDGE_LOOP('',(#3516,#3517,#3518,#3519));
#3516 = ORIENTED_EDGE('',*,*,#3404,.T.);
#3517 = ORIENTED_EDGE('',*,*,#3490,.T.);
#3518 = ORIENTED_EDGE('',*,*,#3235,.T.);
#3519 = ORIENTED_EDGE('',*,*,#3473,.T.);
#3520 = PLANE('',#3521);
#3521 = AXIS2_PLACEMENT_3D('',#3522,#3523,#3524);
#3522 = CARTESIAN_POINT('',(-8.203535724743E-04,2.233050450947E-03,
    0.94903223874));
#3523 = DIRECTION('',(0.,0.,-1.));
#3524 = DIRECTION('',(-1.,0.,-0.));
#3525 = ADVANCED_FACE('',(#3526),#3552,.F.);
#3526 = FACE_BOUND('',#3527,.F.);
#3527 = EDGE_LOOP('',(#3528,#3536,#3545,#3551));
#3528 = ORIENTED_EDGE('',*,*,#3529,.F.);
#3529 = EDGE_CURVE('',#3530,#2667,#3532,.T.);
#3530 = VERTEX_POINT('',#3531);
#3531 = CARTESIAN_POINT('',(0.319179646428,0.852233050451,
    9.903223874049E-02));
#3532 = LINE('',#3533,#3534);
#3533 = CARTESIAN_POINT('',(0.319179646428,0.852233050451,
    9.903223874049E-02));
#3534 = VECTOR('',#3535,1.);
#3535 = DIRECTION('',(-0.,-0.,-1.));
#3536 = ORIENTED_EDGE('',*,*,#3537,.F.);
#3537 = EDGE_CURVE('',#3538,#3530,#3540,.T.);
#3538 = VERTEX_POINT('',#3539);
#3539 = CARTESIAN_POINT('',(0.199179646428,0.972233050451,
    9.903223874049E-02));
#3540 = CIRCLE('',#3541,0.12);
#3541 = AXIS2_PLACEMENT_3D('',#3542,#3543,#3544);
#3542 = CARTESIAN_POINT('',(0.319179646428,0.972233050451,
    9.903223874049E-02));
#3543 = DIRECTION('',(0.,-0.,1.));
#3544 = DIRECTION('',(-1.,0.,0.));
#3545 = ORIENTED_EDGE('',*,*,#3546,.T.);
#3546 = EDGE_CURVE('',#3538,#2659,#3547,.T.);
#3547 = LINE('',#3548,#3549);
#3548 = CARTESIAN_POINT('',(0.199179646428,0.972233050451,
    9.903223874049E-02));
#3549 = VECTOR('',#3550,1.);
#3550 = DIRECTION('',(-0.,-0.,-1.));
#3551 = ORIENTED_EDGE('',*,*,#2666,.T.);
#3552 = CYLINDRICAL_SURFACE('',#3553,0.12);
#3553 = AXIS2_PLACEMENT_3D('',#3554,#3555,#3556);
#3554 = CARTESIAN_POINT('',(0.319179646428,0.972233050451,
    9.903223874049E-02));
#3555 = DIRECTION('',(-0.,-0.,-1.));
#3556 = DIRECTION('',(-1.,0.,0.));
#3557 = ADVANCED_FACE('',(#3558),#3569,.F.);
#3558 = FACE_BOUND('',#3559,.T.);
#3559 = EDGE_LOOP('',(#3560,#3561,#3562,#3568));
#3560 = ORIENTED_EDGE('',*,*,#2675,.T.);
#3561 = ORIENTED_EDGE('',*,*,#3529,.F.);
#3562 = ORIENTED_EDGE('',*,*,#3563,.F.);
#3563 = EDGE_CURVE('',#3374,#3530,#3564,.T.);
#3564 = LINE('',#3565,#3566);
#3565 = CARTESIAN_POINT('',(-8.203535724743E-04,0.852233050451,
    9.903223874049E-02));
#3566 = VECTOR('',#3567,1.);
#3567 = DIRECTION('',(-1.,0.,0.));
#3568 = ORIENTED_EDGE('',*,*,#3373,.T.);
#3569 = PLANE('',#3570);
#3570 = AXIS2_PLACEMENT_3D('',#3571,#3572,#3573);
#3571 = CARTESIAN_POINT('',(-8.203535724743E-04,0.852233050451,
    9.903223874049E-02));
#3572 = DIRECTION('',(0.,-1.,0.));
#3573 = DIRECTION('',(0.,-0.,-1.));
#3574 = ADVANCED_FACE('',(#3575),#3593,.T.);
#3575 = FACE_BOUND('',#3576,.T.);
#3576 = EDGE_LOOP('',(#3577,#3578,#3579,#3587));
#3577 = ORIENTED_EDGE('',*,*,#2641,.F.);
#3578 = ORIENTED_EDGE('',*,*,#3389,.F.);
#3579 = ORIENTED_EDGE('',*,*,#3580,.T.);
#3580 = EDGE_CURVE('',#3382,#3581,#3583,.T.);
#3581 = VERTEX_POINT('',#3582);
#3582 = CARTESIAN_POINT('',(0.319179646428,1.152233050451,
    9.903223874049E-02));
#3583 = LINE('',#3584,#3585);
#3584 = CARTESIAN_POINT('',(-8.203535724739E-04,1.152233050451,
    9.903223874049E-02));
#3585 = VECTOR('',#3586,1.);
#3586 = DIRECTION('',(-1.,3.188829919075E-16,0.));
#3587 = ORIENTED_EDGE('',*,*,#3588,.T.);
#3588 = EDGE_CURVE('',#3581,#2642,#3589,.T.);
#3589 = LINE('',#3590,#3591);
#3590 = CARTESIAN_POINT('',(0.319179646428,1.152233050451,
    9.903223874049E-02));
#3591 = VECTOR('',#3592,1.);
#3592 = DIRECTION('',(-0.,-0.,-1.));
#3593 = PLANE('',#3594);
#3594 = AXIS2_PLACEMENT_3D('',#3595,#3596,#3597);
#3595 = CARTESIAN_POINT('',(-8.203535724739E-04,1.152233050451,
    9.903223874049E-02));
#3596 = DIRECTION('',(-3.188829919075E-16,-1.,0.));
#3597 = DIRECTION('',(1.,-3.188829919075E-16,0.));
#3598 = ADVANCED_FACE('',(#3599),#3618,.F.);
#3599 = FACE_BOUND('',#3600,.F.);
#3600 = EDGE_LOOP('',(#3601,#3609,#3616,#3617));
#3601 = ORIENTED_EDGE('',*,*,#3602,.F.);
#3602 = EDGE_CURVE('',#3603,#2650,#3605,.T.);
#3603 = VERTEX_POINT('',#3604);
#3604 = CARTESIAN_POINT('',(0.199179646428,1.032233050451,
    9.903223874049E-02));
#3605 = LINE('',#3606,#3607);
#3606 = CARTESIAN_POINT('',(0.199179646428,1.032233050451,
    9.903223874049E-02));
#3607 = VECTOR('',#3608,1.);
#3608 = DIRECTION('',(-0.,-0.,-1.));
#3609 = ORIENTED_EDGE('',*,*,#3610,.T.);
#3610 = EDGE_CURVE('',#3603,#3581,#3611,.T.);
#3611 = CIRCLE('',#3612,0.12);
#3612 = AXIS2_PLACEMENT_3D('',#3613,#3614,#3615);
#3613 = CARTESIAN_POINT('',(0.319179646428,1.032233050451,
    9.903223874049E-02));
#3614 = DIRECTION('',(0.,0.,-1.));
#3615 = DIRECTION('',(-1.,0.,0.));
#3616 = ORIENTED_EDGE('',*,*,#3588,.T.);
#3617 = ORIENTED_EDGE('',*,*,#2649,.F.);
#3618 = CYLINDRICAL_SURFACE('',#3619,0.12);
#3619 = AXIS2_PLACEMENT_3D('',#3620,#3621,#3622);
#3620 = CARTESIAN_POINT('',(0.319179646428,1.032233050451,
    9.903223874049E-02));
#3621 = DIRECTION('',(-0.,-0.,-1.));
#3622 = DIRECTION('',(-1.,0.,0.));
#3623 = ADVANCED_FACE('',(#3624),#3635,.T.);
#3624 = FACE_BOUND('',#3625,.T.);
#3625 = EDGE_LOOP('',(#3626,#3627,#3628,#3634));
#3626 = ORIENTED_EDGE('',*,*,#2658,.F.);
#3627 = ORIENTED_EDGE('',*,*,#3602,.F.);
#3628 = ORIENTED_EDGE('',*,*,#3629,.T.);
#3629 = EDGE_CURVE('',#3603,#3538,#3630,.T.);
#3630 = LINE('',#3631,#3632);
#3631 = CARTESIAN_POINT('',(0.199179646428,2.233050450947E-03,
    9.903223874049E-02));
#3632 = VECTOR('',#3633,1.);
#3633 = DIRECTION('',(0.,-1.,0.));
#3634 = ORIENTED_EDGE('',*,*,#3546,.T.);
#3635 = PLANE('',#3636);
#3636 = AXIS2_PLACEMENT_3D('',#3637,#3638,#3639);
#3637 = CARTESIAN_POINT('',(0.199179646428,2.233050450947E-03,
    9.903223874049E-02));
#3638 = DIRECTION('',(1.,0.,-0.));
#3639 = DIRECTION('',(-0.,0.,-1.));
#3640 = ADVANCED_FACE('',(#3641),#3649,.T.);
#3641 = FACE_BOUND('',#3642,.T.);
#3642 = EDGE_LOOP('',(#3643,#3644,#3645,#3646,#3647,#3648));
#3643 = ORIENTED_EDGE('',*,*,#3537,.F.);
#3644 = ORIENTED_EDGE('',*,*,#3629,.F.);
#3645 = ORIENTED_EDGE('',*,*,#3610,.T.);
#3646 = ORIENTED_EDGE('',*,*,#3580,.F.);
#3647 = ORIENTED_EDGE('',*,*,#3381,.T.);
#3648 = ORIENTED_EDGE('',*,*,#3563,.T.);
#3649 = PLANE('',#3650);
#3650 = AXIS2_PLACEMENT_3D('',#3651,#3652,#3653);
#3651 = CARTESIAN_POINT('',(-8.203535724743E-04,2.233050450947E-03,
    9.903223874049E-02));
#3652 = DIRECTION('',(0.,0.,-1.));
#3653 = DIRECTION('',(-1.,0.,-0.));
#3654 = ADVANCED_FACE('',(#3655),#3673,.T.);
#3655 = FACE_BOUND('',#3656,.T.);
#3656 = EDGE_LOOP('',(#3657,#3658,#3659,#3667));
#3657 = ORIENTED_EDGE('',*,*,#2393,.F.);
#3658 = ORIENTED_EDGE('',*,*,#3220,.F.);
#3659 = ORIENTED_EDGE('',*,*,#3660,.T.);
#3660 = EDGE_CURVE('',#3213,#3661,#3663,.T.);
#3661 = VERTEX_POINT('',#3662);
#3662 = CARTESIAN_POINT('',(-0.500820353572,-1.147766949549,
    9.903223874049E-02));
#3663 = LINE('',#3664,#3665);
#3664 = CARTESIAN_POINT('',(-8.203535724743E-04,-1.147766949549,
    9.903223874049E-02));
#3665 = VECTOR('',#3666,1.);
#3666 = DIRECTION('',(1.,0.,0.));
#3667 = ORIENTED_EDGE('',*,*,#3668,.T.);
#3668 = EDGE_CURVE('',#3661,#2394,#3669,.T.);
#3669 = LINE('',#3670,#3671);
#3670 = CARTESIAN_POINT('',(-0.500820353572,-1.147766949549,
    9.903223874049E-02));
#3671 = VECTOR('',#3672,1.);
#3672 = DIRECTION('',(-0.,-0.,-1.));
#3673 = PLANE('',#3674);
#3674 = AXIS2_PLACEMENT_3D('',#3675,#3676,#3677);
#3675 = CARTESIAN_POINT('',(-8.203535724743E-04,-1.147766949549,
    9.903223874049E-02));
#3676 = DIRECTION('',(0.,1.,0.));
#3677 = DIRECTION('',(0.,-0.,1.));
#3678 = ADVANCED_FACE('',(#3679),#3697,.F.);
#3679 = FACE_BOUND('',#3680,.T.);
#3680 = EDGE_LOOP('',(#3681,#3682,#3683,#3691));
#3681 = ORIENTED_EDGE('',*,*,#2401,.T.);
#3682 = ORIENTED_EDGE('',*,*,#3668,.F.);
#3683 = ORIENTED_EDGE('',*,*,#3684,.F.);
#3684 = EDGE_CURVE('',#3685,#3661,#3687,.T.);
#3685 = VERTEX_POINT('',#3686);
#3686 = CARTESIAN_POINT('',(-0.500820353572,-0.847766949549,
    9.903223874049E-02));
#3687 = LINE('',#3688,#3689);
#3688 = CARTESIAN_POINT('',(-0.500820353572,2.233050450947E-03,
    9.903223874049E-02));
#3689 = VECTOR('',#3690,1.);
#3690 = DIRECTION('',(0.,-1.,0.));
#3691 = ORIENTED_EDGE('',*,*,#3692,.T.);
#3692 = EDGE_CURVE('',#3685,#2402,#3693,.T.);
#3693 = LINE('',#3694,#3695);
#3694 = CARTESIAN_POINT('',(-0.500820353572,-0.847766949549,
    9.903223874049E-02));
#3695 = VECTOR('',#3696,1.);
#3696 = DIRECTION('',(-0.,-0.,-1.));
#3697 = PLANE('',#3698);
#3698 = AXIS2_PLACEMENT_3D('',#3699,#3700,#3701);
#3699 = CARTESIAN_POINT('',(-0.500820353572,2.233050450947E-03,
    9.903223874049E-02));
#3700 = DIRECTION('',(1.,0.,-0.));
#3701 = DIRECTION('',(-0.,0.,-1.));
#3702 = ADVANCED_FACE('',(#3703),#3714,.F.);
#3703 = FACE_BOUND('',#3704,.T.);
#3704 = EDGE_LOOP('',(#3705,#3706,#3707,#3713));
#3705 = ORIENTED_EDGE('',*,*,#2409,.T.);
#3706 = ORIENTED_EDGE('',*,*,#3692,.F.);
#3707 = ORIENTED_EDGE('',*,*,#3708,.F.);
#3708 = EDGE_CURVE('',#3205,#3685,#3709,.T.);
#3709 = LINE('',#3710,#3711);
#3710 = CARTESIAN_POINT('',(-8.203535724743E-04,-0.847766949549,
    9.903223874049E-02));
#3711 = VECTOR('',#3712,1.);
#3712 = DIRECTION('',(1.,0.,0.));
#3713 = ORIENTED_EDGE('',*,*,#3204,.T.);
#3714 = PLANE('',#3715);
#3715 = AXIS2_PLACEMENT_3D('',#3716,#3717,#3718);
#3716 = CARTESIAN_POINT('',(-8.203535724743E-04,-0.847766949549,
    9.903223874049E-02));
#3717 = DIRECTION('',(0.,1.,0.));
#3718 = DIRECTION('',(0.,-0.,1.));
#3719 = ADVANCED_FACE('',(#3720),#3726,.T.);
#3720 = FACE_BOUND('',#3721,.T.);
#3721 = EDGE_LOOP('',(#3722,#3723,#3724,#3725));
#3722 = ORIENTED_EDGE('',*,*,#3212,.T.);
#3723 = ORIENTED_EDGE('',*,*,#3708,.T.);
#3724 = ORIENTED_EDGE('',*,*,#3684,.T.);
#3725 = ORIENTED_EDGE('',*,*,#3660,.F.);
#3726 = PLANE('',#3727);
#3727 = AXIS2_PLACEMENT_3D('',#3728,#3729,#3730);
#3728 = CARTESIAN_POINT('',(-8.203535724743E-04,2.233050450947E-03,
    9.903223874049E-02));
#3729 = DIRECTION('',(0.,0.,-1.));
#3730 = DIRECTION('',(-1.,0.,-0.));
#3731 = ADVANCED_FACE('',(#3732),#3758,.F.);
#3732 = FACE_BOUND('',#3733,.F.);
#3733 = EDGE_LOOP('',(#3734,#3742,#3751,#3757));
#3734 = ORIENTED_EDGE('',*,*,#3735,.F.);
#3735 = EDGE_CURVE('',#3736,#2501,#3738,.T.);
#3736 = VERTEX_POINT('',#3737);
#3737 = CARTESIAN_POINT('',(-0.620820353572,0.152233050451,
    9.903223874049E-02));
#3738 = LINE('',#3739,#3740);
#3739 = CARTESIAN_POINT('',(-0.620820353572,0.152233050451,
    9.903223874049E-02));
#3740 = VECTOR('',#3741,1.);
#3741 = DIRECTION('',(-0.,-0.,-1.));
#3742 = ORIENTED_EDGE('',*,*,#3743,.F.);
#3743 = EDGE_CURVE('',#3744,#3736,#3746,.T.);
#3744 = VERTEX_POINT('',#3745);
#3745 = CARTESIAN_POINT('',(-0.500820353572,3.223305045095E-02,
    9.903223874049E-02));
#3746 = CIRCLE('',#3747,0.12);
#3747 = AXIS2_PLACEMENT_3D('',#3748,#3749,#3750);
#3748 = CARTESIAN_POINT('',(-0.620820353572,3.223305045095E-02,
    9.903223874049E-02));
#3749 = DIRECTION('',(0.,-0.,1.));
#3750 = DIRECTION('',(-1.,0.,0.));
#3751 = ORIENTED_EDGE('',*,*,#3752,.T.);
#3752 = EDGE_CURVE('',#3744,#2493,#3753,.T.);
#3753 = LINE('',#3754,#3755);
#3754 = CARTESIAN_POINT('',(-0.500820353572,3.223305045095E-02,
    9.903223874049E-02));
#3755 = VECTOR('',#3756,1.);
#3756 = DIRECTION('',(-0.,-0.,-1.));
#3757 = ORIENTED_EDGE('',*,*,#2500,.T.);
#3758 = CYLINDRICAL_SURFACE('',#3759,0.12);
#3759 = AXIS2_PLACEMENT_3D('',#3760,#3761,#3762);
#3760 = CARTESIAN_POINT('',(-0.620820353572,3.223305045095E-02,
    9.903223874049E-02));
#3761 = DIRECTION('',(-0.,-0.,-1.));
#3762 = DIRECTION('',(-1.,0.,0.));
#3763 = ADVANCED_FACE('',(#3764),#3775,.F.);
#3764 = FACE_BOUND('',#3765,.T.);
#3765 = EDGE_LOOP('',(#3766,#3767,#3768,#3774));
#3766 = ORIENTED_EDGE('',*,*,#2509,.T.);
#3767 = ORIENTED_EDGE('',*,*,#3735,.F.);
#3768 = ORIENTED_EDGE('',*,*,#3769,.F.);
#3769 = EDGE_CURVE('',#3297,#3736,#3770,.T.);
#3770 = LINE('',#3771,#3772);
#3771 = CARTESIAN_POINT('',(-8.203535724743E-04,0.152233050451,
    9.903223874049E-02));
#3772 = VECTOR('',#3773,1.);
#3773 = DIRECTION('',(1.,-1.426581805902E-16,0.));
#3774 = ORIENTED_EDGE('',*,*,#3296,.T.);
#3775 = PLANE('',#3776);
#3776 = AXIS2_PLACEMENT_3D('',#3777,#3778,#3779);
#3777 = CARTESIAN_POINT('',(-8.203535724743E-04,0.152233050451,
    9.903223874049E-02));
#3778 = DIRECTION('',(1.426581805902E-16,1.,-0.));
#3779 = DIRECTION('',(-1.,1.426581805902E-16,0.));
#3780 = ADVANCED_FACE('',(#3781),#3799,.T.);
#3781 = FACE_BOUND('',#3782,.T.);
#3782 = EDGE_LOOP('',(#3783,#3784,#3785,#3793));
#3783 = ORIENTED_EDGE('',*,*,#2475,.F.);
#3784 = ORIENTED_EDGE('',*,*,#3312,.F.);
#3785 = ORIENTED_EDGE('',*,*,#3786,.T.);
#3786 = EDGE_CURVE('',#3305,#3787,#3789,.T.);
#3787 = VERTEX_POINT('',#3788);
#3788 = CARTESIAN_POINT('',(-0.620820353572,-0.147766949549,
    9.903223874049E-02));
#3789 = LINE('',#3790,#3791);
#3790 = CARTESIAN_POINT('',(-8.203535724744E-04,-0.147766949549,
    9.903223874049E-02));
#3791 = VECTOR('',#3792,1.);
#3792 = DIRECTION('',(1.,-4.993036320657E-16,0.));
#3793 = ORIENTED_EDGE('',*,*,#3794,.T.);
#3794 = EDGE_CURVE('',#3787,#2476,#3795,.T.);
#3795 = LINE('',#3796,#3797);
#3796 = CARTESIAN_POINT('',(-0.620820353572,-0.147766949549,
    9.903223874049E-02));
#3797 = VECTOR('',#3798,1.);
#3798 = DIRECTION('',(-0.,-0.,-1.));
#3799 = PLANE('',#3800);
#3800 = AXIS2_PLACEMENT_3D('',#3801,#3802,#3803);
#3801 = CARTESIAN_POINT('',(-8.203535724744E-04,-0.147766949549,
    9.903223874049E-02));
#3802 = DIRECTION('',(4.993036320657E-16,1.,-0.));
#3803 = DIRECTION('',(-1.,4.993036320657E-16,0.));
#3804 = ADVANCED_FACE('',(#3805),#3824,.F.);
#3805 = FACE_BOUND('',#3806,.F.);
#3806 = EDGE_LOOP('',(#3807,#3815,#3822,#3823));
#3807 = ORIENTED_EDGE('',*,*,#3808,.F.);
#3808 = EDGE_CURVE('',#3809,#2484,#3811,.T.);
#3809 = VERTEX_POINT('',#3810);
#3810 = CARTESIAN_POINT('',(-0.500820353572,-2.776694954905E-02,
    9.903223874049E-02));
#3811 = LINE('',#3812,#3813);
#3812 = CARTESIAN_POINT('',(-0.500820353572,-2.776694954905E-02,
    9.903223874049E-02));
#3813 = VECTOR('',#3814,1.);
#3814 = DIRECTION('',(-0.,-0.,-1.));
#3815 = ORIENTED_EDGE('',*,*,#3816,.T.);
#3816 = EDGE_CURVE('',#3809,#3787,#3817,.T.);
#3817 = CIRCLE('',#3818,0.12);
#3818 = AXIS2_PLACEMENT_3D('',#3819,#3820,#3821);
#3819 = CARTESIAN_POINT('',(-0.620820353572,-2.776694954905E-02,
    9.903223874049E-02));
#3820 = DIRECTION('',(0.,0.,-1.));
#3821 = DIRECTION('',(-1.,0.,0.));
#3822 = ORIENTED_EDGE('',*,*,#3794,.T.);
#3823 = ORIENTED_EDGE('',*,*,#2483,.F.);
#3824 = CYLINDRICAL_SURFACE('',#3825,0.12);
#3825 = AXIS2_PLACEMENT_3D('',#3826,#3827,#3828);
#3826 = CARTESIAN_POINT('',(-0.620820353572,-2.776694954905E-02,
    9.903223874049E-02));
#3827 = DIRECTION('',(-0.,-0.,-1.));
#3828 = DIRECTION('',(-1.,0.,0.));
#3829 = ADVANCED_FACE('',(#3830),#3841,.F.);
#3830 = FACE_BOUND('',#3831,.T.);
#3831 = EDGE_LOOP('',(#3832,#3833,#3834,#3840));
#3832 = ORIENTED_EDGE('',*,*,#2492,.T.);
#3833 = ORIENTED_EDGE('',*,*,#3808,.F.);
#3834 = ORIENTED_EDGE('',*,*,#3835,.F.);
#3835 = EDGE_CURVE('',#3744,#3809,#3836,.T.);
#3836 = LINE('',#3837,#3838);
#3837 = CARTESIAN_POINT('',(-0.500820353572,2.233050450947E-03,
    9.903223874049E-02));
#3838 = VECTOR('',#3839,1.);
#3839 = DIRECTION('',(0.,-1.,0.));
#3840 = ORIENTED_EDGE('',*,*,#3752,.T.);
#3841 = PLANE('',#3842);
#3842 = AXIS2_PLACEMENT_3D('',#3843,#3844,#3845);
#3843 = CARTESIAN_POINT('',(-0.500820353572,2.233050450947E-03,
    9.903223874049E-02));
#3844 = DIRECTION('',(1.,0.,-0.));
#3845 = DIRECTION('',(-0.,0.,-1.));
#3846 = ADVANCED_FACE('',(#3847),#3855,.T.);
#3847 = FACE_BOUND('',#3848,.T.);
#3848 = EDGE_LOOP('',(#3849,#3850,#3851,#3852,#3853,#3854));
#3849 = ORIENTED_EDGE('',*,*,#3743,.F.);
#3850 = ORIENTED_EDGE('',*,*,#3835,.T.);
#3851 = ORIENTED_EDGE('',*,*,#3816,.T.);
#3852 = ORIENTED_EDGE('',*,*,#3786,.F.);
#3853 = ORIENTED_EDGE('',*,*,#3304,.T.);
#3854 = ORIENTED_EDGE('',*,*,#3769,.T.);
#3855 = PLANE('',#3856);
#3856 = AXIS2_PLACEMENT_3D('',#3857,#3858,#3859);
#3857 = CARTESIAN_POINT('',(-8.203535724743E-04,2.233050450947E-03,
    9.903223874049E-02));
#3858 = DIRECTION('',(0.,0.,-1.));
#3859 = DIRECTION('',(-1.,0.,-0.));
#3860 = ADVANCED_FACE('',(#3861),#3887,.F.);
#3861 = FACE_BOUND('',#3862,.F.);
#3862 = EDGE_LOOP('',(#3863,#3871,#3880,#3886));
#3863 = ORIENTED_EDGE('',*,*,#3864,.F.);
#3864 = EDGE_CURVE('',#3865,#2551,#3867,.T.);
#3865 = VERTEX_POINT('',#3866);
#3866 = CARTESIAN_POINT('',(-0.620820353572,0.652233050451,
    9.903223874049E-02));
#3867 = LINE('',#3868,#3869);
#3868 = CARTESIAN_POINT('',(-0.620820353572,0.652233050451,
    9.903223874049E-02));
#3869 = VECTOR('',#3870,1.);
#3870 = DIRECTION('',(-0.,-0.,-1.));
#3871 = ORIENTED_EDGE('',*,*,#3872,.F.);
#3872 = EDGE_CURVE('',#3873,#3865,#3875,.T.);
#3873 = VERTEX_POINT('',#3874);
#3874 = CARTESIAN_POINT('',(-0.500820353572,0.532233050451,
    9.903223874049E-02));
#3875 = CIRCLE('',#3876,0.12);
#3876 = AXIS2_PLACEMENT_3D('',#3877,#3878,#3879);
#3877 = CARTESIAN_POINT('',(-0.620820353572,0.532233050451,
    9.903223874049E-02));
#3878 = DIRECTION('',(0.,-0.,1.));
#3879 = DIRECTION('',(-1.,0.,0.));
#3880 = ORIENTED_EDGE('',*,*,#3881,.T.);
#3881 = EDGE_CURVE('',#3873,#2543,#3882,.T.);
#3882 = LINE('',#3883,#3884);
#3883 = CARTESIAN_POINT('',(-0.500820353572,0.532233050451,
    9.903223874049E-02));
#3884 = VECTOR('',#3885,1.);
#3885 = DIRECTION('',(-0.,-0.,-1.));
#3886 = ORIENTED_EDGE('',*,*,#2550,.T.);
#3887 = CYLINDRICAL_SURFACE('',#3888,0.12);
#3888 = AXIS2_PLACEMENT_3D('',#3889,#3890,#3891);
#3889 = CARTESIAN_POINT('',(-0.620820353572,0.532233050451,
    9.903223874049E-02));
#3890 = DIRECTION('',(-0.,-0.,-1.));
#3891 = DIRECTION('',(-1.,0.,0.));
#3892 = ADVANCED_FACE('',(#3893),#3904,.F.);
#3893 = FACE_BOUND('',#3894,.T.);
#3894 = EDGE_LOOP('',(#3895,#3896,#3897,#3903));
#3895 = ORIENTED_EDGE('',*,*,#2559,.T.);
#3896 = ORIENTED_EDGE('',*,*,#3864,.F.);
#3897 = ORIENTED_EDGE('',*,*,#3898,.F.);
#3898 = EDGE_CURVE('',#3274,#3865,#3899,.T.);
#3899 = LINE('',#3900,#3901);
#3900 = CARTESIAN_POINT('',(-8.203535724743E-04,0.652233050451,
    9.903223874049E-02));
#3901 = VECTOR('',#3902,1.);
#3902 = DIRECTION('',(1.,0.,0.));
#3903 = ORIENTED_EDGE('',*,*,#3273,.T.);
#3904 = PLANE('',#3905);
#3905 = AXIS2_PLACEMENT_3D('',#3906,#3907,#3908);
#3906 = CARTESIAN_POINT('',(-8.203535724743E-04,0.652233050451,
    9.903223874049E-02));
#3907 = DIRECTION('',(0.,1.,0.));
#3908 = DIRECTION('',(0.,-0.,1.));
#3909 = ADVANCED_FACE('',(#3910),#3928,.T.);
#3910 = FACE_BOUND('',#3911,.T.);
#3911 = EDGE_LOOP('',(#3912,#3913,#3914,#3922));
#3912 = ORIENTED_EDGE('',*,*,#2525,.F.);
#3913 = ORIENTED_EDGE('',*,*,#3289,.F.);
#3914 = ORIENTED_EDGE('',*,*,#3915,.T.);
#3915 = EDGE_CURVE('',#3282,#3916,#3918,.T.);
#3916 = VERTEX_POINT('',#3917);
#3917 = CARTESIAN_POINT('',(-0.620820353572,0.352233050451,
    9.903223874049E-02));
#3918 = LINE('',#3919,#3920);
#3919 = CARTESIAN_POINT('',(-8.203535724742E-04,0.352233050451,
    9.903223874049E-02));
#3920 = VECTOR('',#3921,1.);
#3921 = DIRECTION('',(1.,-1.426581805902E-16,0.));
#3922 = ORIENTED_EDGE('',*,*,#3923,.T.);
#3923 = EDGE_CURVE('',#3916,#2526,#3924,.T.);
#3924 = LINE('',#3925,#3926);
#3925 = CARTESIAN_POINT('',(-0.620820353572,0.352233050451,
    9.903223874049E-02));
#3926 = VECTOR('',#3927,1.);
#3927 = DIRECTION('',(-0.,-0.,-1.));
#3928 = PLANE('',#3929);
#3929 = AXIS2_PLACEMENT_3D('',#3930,#3931,#3932);
#3930 = CARTESIAN_POINT('',(-8.203535724742E-04,0.352233050451,
    9.903223874049E-02));
#3931 = DIRECTION('',(1.426581805902E-16,1.,-0.));
#3932 = DIRECTION('',(-1.,1.426581805902E-16,0.));
#3933 = ADVANCED_FACE('',(#3934),#3953,.F.);
#3934 = FACE_BOUND('',#3935,.F.);
#3935 = EDGE_LOOP('',(#3936,#3944,#3951,#3952));
#3936 = ORIENTED_EDGE('',*,*,#3937,.F.);
#3937 = EDGE_CURVE('',#3938,#2534,#3940,.T.);
#3938 = VERTEX_POINT('',#3939);
#3939 = CARTESIAN_POINT('',(-0.500820353572,0.472233050451,
    9.903223874049E-02));
#3940 = LINE('',#3941,#3942);
#3941 = CARTESIAN_POINT('',(-0.500820353572,0.472233050451,
    9.903223874049E-02));
#3942 = VECTOR('',#3943,1.);
#3943 = DIRECTION('',(-0.,-0.,-1.));
#3944 = ORIENTED_EDGE('',*,*,#3945,.T.);
#3945 = EDGE_CURVE('',#3938,#3916,#3946,.T.);
#3946 = CIRCLE('',#3947,0.12);
#3947 = AXIS2_PLACEMENT_3D('',#3948,#3949,#3950);
#3948 = CARTESIAN_POINT('',(-0.620820353572,0.472233050451,
    9.903223874049E-02));
#3949 = DIRECTION('',(0.,0.,-1.));
#3950 = DIRECTION('',(-1.,0.,0.));
#3951 = ORIENTED_EDGE('',*,*,#3923,.T.);
#3952 = ORIENTED_EDGE('',*,*,#2533,.F.);
#3953 = CYLINDRICAL_SURFACE('',#3954,0.12);
#3954 = AXIS2_PLACEMENT_3D('',#3955,#3956,#3957);
#3955 = CARTESIAN_POINT('',(-0.620820353572,0.472233050451,
    9.903223874049E-02));
#3956 = DIRECTION('',(-0.,-0.,-1.));
#3957 = DIRECTION('',(-1.,0.,0.));
#3958 = ADVANCED_FACE('',(#3959),#3970,.F.);
#3959 = FACE_BOUND('',#3960,.T.);
#3960 = EDGE_LOOP('',(#3961,#3962,#3963,#3969));
#3961 = ORIENTED_EDGE('',*,*,#2542,.T.);
#3962 = ORIENTED_EDGE('',*,*,#3937,.F.);
#3963 = ORIENTED_EDGE('',*,*,#3964,.F.);
#3964 = EDGE_CURVE('',#3873,#3938,#3965,.T.);
#3965 = LINE('',#3966,#3967);
#3966 = CARTESIAN_POINT('',(-0.500820353572,2.233050450947E-03,
    9.903223874049E-02));
#3967 = VECTOR('',#3968,1.);
#3968 = DIRECTION('',(0.,-1.,0.));
#3969 = ORIENTED_EDGE('',*,*,#3881,.T.);
#3970 = PLANE('',#3971);
#3971 = AXIS2_PLACEMENT_3D('',#3972,#3973,#3974);
#3972 = CARTESIAN_POINT('',(-0.500820353572,2.233050450947E-03,
    9.903223874049E-02));
#3973 = DIRECTION('',(1.,0.,-0.));
#3974 = DIRECTION('',(-0.,0.,-1.));
#3975 = ADVANCED_FACE('',(#3976),#3984,.T.);
#3976 = FACE_BOUND('',#3977,.T.);
#3977 = EDGE_LOOP('',(#3978,#3979,#3980,#3981,#3982,#3983));
#3978 = ORIENTED_EDGE('',*,*,#3872,.F.);
#3979 = ORIENTED_EDGE('',*,*,#3964,.T.);
#3980 = ORIENTED_EDGE('',*,*,#3945,.T.);
#3981 = ORIENTED_EDGE('',*,*,#3915,.F.);
#3982 = ORIENTED_EDGE('',*,*,#3281,.T.);
#3983 = ORIENTED_EDGE('',*,*,#3898,.T.);
#3984 = PLANE('',#3985);
#3985 = AXIS2_PLACEMENT_3D('',#3986,#3987,#3988);
#3986 = CARTESIAN_POINT('',(-8.203535724743E-04,2.233050450947E-03,
    9.903223874049E-02));
#3987 = DIRECTION('',(0.,0.,-1.));
#3988 = DIRECTION('',(-1.,0.,-0.));
#3989 = ADVANCED_FACE('',(#3990),#4015,.T.);
#3990 = FACE_BOUND('',#3991,.T.);
#3991 = EDGE_LOOP('',(#3992,#3993,#4001,#4009));
#3992 = ORIENTED_EDGE('',*,*,#2708,.F.);
#3993 = ORIENTED_EDGE('',*,*,#3994,.F.);
#3994 = EDGE_CURVE('',#3995,#2700,#3997,.T.);
#3995 = VERTEX_POINT('',#3996);
#3996 = CARTESIAN_POINT('',(0.199179646428,0.532233050451,
    9.903223874049E-02));
#3997 = LINE('',#3998,#3999);
#3998 = CARTESIAN_POINT('',(0.199179646428,0.532233050451,
    9.903223874049E-02));
#3999 = VECTOR('',#4000,1.);
#4000 = DIRECTION('',(-0.,-0.,-1.));
#4001 = ORIENTED_EDGE('',*,*,#4002,.T.);
#4002 = EDGE_CURVE('',#3995,#4003,#4005,.T.);
#4003 = VERTEX_POINT('',#4004);
#4004 = CARTESIAN_POINT('',(0.199179646428,0.472233050451,
    9.903223874049E-02));
#4005 = LINE('',#4006,#4007);
#4006 = CARTESIAN_POINT('',(0.199179646428,2.233050450947E-03,
    9.903223874049E-02));
#4007 = VECTOR('',#4008,1.);
#4008 = DIRECTION('',(0.,-1.,0.));
#4009 = ORIENTED_EDGE('',*,*,#4010,.T.);
#4010 = EDGE_CURVE('',#4003,#2709,#4011,.T.);
#4011 = LINE('',#4012,#4013);
#4012 = CARTESIAN_POINT('',(0.199179646428,0.472233050451,
    9.903223874049E-02));
#4013 = VECTOR('',#4014,1.);
#4014 = DIRECTION('',(-0.,-0.,-1.));
#4015 = PLANE('',#4016);
#4016 = AXIS2_PLACEMENT_3D('',#4017,#4018,#4019);
#4017 = CARTESIAN_POINT('',(0.199179646428,2.233050450947E-03,
    9.903223874049E-02));
#4018 = DIRECTION('',(1.,0.,-0.));
#4019 = DIRECTION('',(-0.,0.,-1.));
#4020 = ADVANCED_FACE('',(#4021),#4040,.F.);
#4021 = FACE_BOUND('',#4022,.F.);
#4022 = EDGE_LOOP('',(#4023,#4031,#4038,#4039));
#4023 = ORIENTED_EDGE('',*,*,#4024,.F.);
#4024 = EDGE_CURVE('',#4025,#2717,#4027,.T.);
#4025 = VERTEX_POINT('',#4026);
#4026 = CARTESIAN_POINT('',(0.319179646428,0.352233050451,
    9.903223874049E-02));
#4027 = LINE('',#4028,#4029);
#4028 = CARTESIAN_POINT('',(0.319179646428,0.352233050451,
    9.903223874049E-02));
#4029 = VECTOR('',#4030,1.);
#4030 = DIRECTION('',(-0.,-0.,-1.));
#4031 = ORIENTED_EDGE('',*,*,#4032,.F.);
#4032 = EDGE_CURVE('',#4003,#4025,#4033,.T.);
#4033 = CIRCLE('',#4034,0.12);
#4034 = AXIS2_PLACEMENT_3D('',#4035,#4036,#4037);
#4035 = CARTESIAN_POINT('',(0.319179646428,0.472233050451,
    9.903223874049E-02));
#4036 = DIRECTION('',(0.,-0.,1.));
#4037 = DIRECTION('',(-1.,0.,0.));
#4038 = ORIENTED_EDGE('',*,*,#4010,.T.);
#4039 = ORIENTED_EDGE('',*,*,#2716,.T.);
#4040 = CYLINDRICAL_SURFACE('',#4041,0.12);
#4041 = AXIS2_PLACEMENT_3D('',#4042,#4043,#4044);
#4042 = CARTESIAN_POINT('',(0.319179646428,0.472233050451,
    9.903223874049E-02));
#4043 = DIRECTION('',(-0.,-0.,-1.));
#4044 = DIRECTION('',(-1.,0.,0.));
#4045 = ADVANCED_FACE('',(#4046),#4057,.F.);
#4046 = FACE_BOUND('',#4047,.T.);
#4047 = EDGE_LOOP('',(#4048,#4049,#4050,#4056));
#4048 = ORIENTED_EDGE('',*,*,#2725,.T.);
#4049 = ORIENTED_EDGE('',*,*,#4024,.F.);
#4050 = ORIENTED_EDGE('',*,*,#4051,.F.);
#4051 = EDGE_CURVE('',#3351,#4025,#4052,.T.);
#4052 = LINE('',#4053,#4054);
#4053 = CARTESIAN_POINT('',(-8.203535724743E-04,0.352233050451,
    9.903223874049E-02));
#4054 = VECTOR('',#4055,1.);
#4055 = DIRECTION('',(-1.,0.,0.));
#4056 = ORIENTED_EDGE('',*,*,#3350,.T.);
#4057 = PLANE('',#4058);
#4058 = AXIS2_PLACEMENT_3D('',#4059,#4060,#4061);
#4059 = CARTESIAN_POINT('',(-8.203535724743E-04,0.352233050451,
    9.903223874049E-02));
#4060 = DIRECTION('',(0.,-1.,0.));
#4061 = DIRECTION('',(0.,-0.,-1.));
#4062 = ADVANCED_FACE('',(#4063),#4081,.T.);
#4063 = FACE_BOUND('',#4064,.T.);
#4064 = EDGE_LOOP('',(#4065,#4066,#4067,#4075));
#4065 = ORIENTED_EDGE('',*,*,#2691,.F.);
#4066 = ORIENTED_EDGE('',*,*,#3366,.F.);
#4067 = ORIENTED_EDGE('',*,*,#4068,.T.);
#4068 = EDGE_CURVE('',#3359,#4069,#4071,.T.);
#4069 = VERTEX_POINT('',#4070);
#4070 = CARTESIAN_POINT('',(0.319179646428,0.652233050451,
    9.903223874049E-02));
#4071 = LINE('',#4072,#4073);
#4072 = CARTESIAN_POINT('',(-8.203535724741E-04,0.652233050451,
    9.903223874049E-02));
#4073 = VECTOR('',#4074,1.);
#4074 = DIRECTION('',(-1.,3.188829919075E-16,0.));
#4075 = ORIENTED_EDGE('',*,*,#4076,.T.);
#4076 = EDGE_CURVE('',#4069,#2692,#4077,.T.);
#4077 = LINE('',#4078,#4079);
#4078 = CARTESIAN_POINT('',(0.319179646428,0.652233050451,
    9.903223874049E-02));
#4079 = VECTOR('',#4080,1.);
#4080 = DIRECTION('',(-0.,-0.,-1.));
#4081 = PLANE('',#4082);
#4082 = AXIS2_PLACEMENT_3D('',#4083,#4084,#4085);
#4083 = CARTESIAN_POINT('',(-8.203535724741E-04,0.652233050451,
    9.903223874049E-02));
#4084 = DIRECTION('',(-3.188829919075E-16,-1.,0.));
#4085 = DIRECTION('',(1.,-3.188829919075E-16,0.));
#4086 = ADVANCED_FACE('',(#4087),#4099,.F.);
#4087 = FACE_BOUND('',#4088,.F.);
#4088 = EDGE_LOOP('',(#4089,#4090,#4097,#4098));
#4089 = ORIENTED_EDGE('',*,*,#3994,.F.);
#4090 = ORIENTED_EDGE('',*,*,#4091,.T.);
#4091 = EDGE_CURVE('',#3995,#4069,#4092,.T.);
#4092 = CIRCLE('',#4093,0.12);
#4093 = AXIS2_PLACEMENT_3D('',#4094,#4095,#4096);
#4094 = CARTESIAN_POINT('',(0.319179646428,0.532233050451,
    9.903223874049E-02));
#4095 = DIRECTION('',(0.,0.,-1.));
#4096 = DIRECTION('',(-1.,0.,0.));
#4097 = ORIENTED_EDGE('',*,*,#4076,.T.);
#4098 = ORIENTED_EDGE('',*,*,#2699,.F.);
#4099 = CYLINDRICAL_SURFACE('',#4100,0.12);
#4100 = AXIS2_PLACEMENT_3D('',#4101,#4102,#4103);
#4101 = CARTESIAN_POINT('',(0.319179646428,0.532233050451,
    9.903223874049E-02));
#4102 = DIRECTION('',(-0.,-0.,-1.));
#4103 = DIRECTION('',(-1.,0.,0.));
#4104 = ADVANCED_FACE('',(#4105),#4113,.T.);
#4105 = FACE_BOUND('',#4106,.T.);
#4106 = EDGE_LOOP('',(#4107,#4108,#4109,#4110,#4111,#4112));
#4107 = ORIENTED_EDGE('',*,*,#4002,.F.);
#4108 = ORIENTED_EDGE('',*,*,#4091,.T.);
#4109 = ORIENTED_EDGE('',*,*,#4068,.F.);
#4110 = ORIENTED_EDGE('',*,*,#3358,.T.);
#4111 = ORIENTED_EDGE('',*,*,#4051,.T.);
#4112 = ORIENTED_EDGE('',*,*,#4032,.F.);
#4113 = PLANE('',#4114);
#4114 = AXIS2_PLACEMENT_3D('',#4115,#4116,#4117);
#4115 = CARTESIAN_POINT('',(-8.203535724743E-04,2.233050450947E-03,
    9.903223874049E-02));
#4116 = DIRECTION('',(0.,0.,-1.));
#4117 = DIRECTION('',(-1.,0.,-0.));
#4118 = ADVANCED_FACE('',(#4119),#4145,.F.);
#4119 = FACE_BOUND('',#4120,.F.);
#4120 = EDGE_LOOP('',(#4121,#4129,#4138,#4144));
#4121 = ORIENTED_EDGE('',*,*,#4122,.F.);
#4122 = EDGE_CURVE('',#4123,#2601,#4125,.T.);
#4123 = VERTEX_POINT('',#4124);
#4124 = CARTESIAN_POINT('',(-0.620820353572,1.152233050451,
    9.903223874049E-02));
#4125 = LINE('',#4126,#4127);
#4126 = CARTESIAN_POINT('',(-0.620820353572,1.152233050451,
    9.903223874049E-02));
#4127 = VECTOR('',#4128,1.);
#4128 = DIRECTION('',(-0.,-0.,-1.));
#4129 = ORIENTED_EDGE('',*,*,#4130,.F.);
#4130 = EDGE_CURVE('',#4131,#4123,#4133,.T.);
#4131 = VERTEX_POINT('',#4132);
#4132 = CARTESIAN_POINT('',(-0.500820353572,1.032233050451,
    9.903223874049E-02));
#4133 = CIRCLE('',#4134,0.12);
#4134 = AXIS2_PLACEMENT_3D('',#4135,#4136,#4137);
#4135 = CARTESIAN_POINT('',(-0.620820353572,1.032233050451,
    9.903223874049E-02));
#4136 = DIRECTION('',(0.,-0.,1.));
#4137 = DIRECTION('',(-1.,0.,0.));
#4138 = ORIENTED_EDGE('',*,*,#4139,.T.);
#4139 = EDGE_CURVE('',#4131,#2593,#4140,.T.);
#4140 = LINE('',#4141,#4142);
#4141 = CARTESIAN_POINT('',(-0.500820353572,1.032233050451,
    9.903223874049E-02));
#4142 = VECTOR('',#4143,1.);
#4143 = DIRECTION('',(-0.,-0.,-1.));
#4144 = ORIENTED_EDGE('',*,*,#2600,.T.);
#4145 = CYLINDRICAL_SURFACE('',#4146,0.12);
#4146 = AXIS2_PLACEMENT_3D('',#4147,#4148,#4149);
#4147 = CARTESIAN_POINT('',(-0.620820353572,1.032233050451,
    9.903223874049E-02));
#4148 = DIRECTION('',(-0.,-0.,-1.));
#4149 = DIRECTION('',(-1.,0.,0.));
#4150 = ADVANCED_FACE('',(#4151),#4162,.F.);
#4151 = FACE_BOUND('',#4152,.T.);
#4152 = EDGE_LOOP('',(#4153,#4154,#4155,#4161));
#4153 = ORIENTED_EDGE('',*,*,#2609,.T.);
#4154 = ORIENTED_EDGE('',*,*,#4122,.F.);
#4155 = ORIENTED_EDGE('',*,*,#4156,.F.);
#4156 = EDGE_CURVE('',#3251,#4123,#4157,.T.);
#4157 = LINE('',#4158,#4159);
#4158 = CARTESIAN_POINT('',(-8.203535724736E-04,1.152233050451,
    9.903223874049E-02));
#4159 = VECTOR('',#4160,1.);
#4160 = DIRECTION('',(1.,-5.706327223608E-16,0.));
#4161 = ORIENTED_EDGE('',*,*,#3250,.T.);
#4162 = PLANE('',#4163);
#4163 = AXIS2_PLACEMENT_3D('',#4164,#4165,#4166);
#4164 = CARTESIAN_POINT('',(-8.203535724736E-04,1.152233050451,
    9.903223874049E-02));
#4165 = DIRECTION('',(5.706327223608E-16,1.,-0.));
#4166 = DIRECTION('',(-1.,5.706327223608E-16,0.));
#4167 = ADVANCED_FACE('',(#4168),#4186,.T.);
#4168 = FACE_BOUND('',#4169,.T.);
#4169 = EDGE_LOOP('',(#4170,#4171,#4172,#4180));
#4170 = ORIENTED_EDGE('',*,*,#2575,.F.);
#4171 = ORIENTED_EDGE('',*,*,#3266,.F.);
#4172 = ORIENTED_EDGE('',*,*,#4173,.T.);
#4173 = EDGE_CURVE('',#3259,#4174,#4176,.T.);
#4174 = VERTEX_POINT('',#4175);
#4175 = CARTESIAN_POINT('',(-0.620820353572,0.852233050451,
    9.903223874049E-02));
#4176 = LINE('',#4177,#4178);
#4177 = CARTESIAN_POINT('',(-8.203535724743E-04,0.852233050451,
    9.903223874049E-02));
#4178 = VECTOR('',#4179,1.);
#4179 = DIRECTION('',(1.,0.,0.));
#4180 = ORIENTED_EDGE('',*,*,#4181,.T.);
#4181 = EDGE_CURVE('',#4174,#2576,#4182,.T.);
#4182 = LINE('',#4183,#4184);
#4183 = CARTESIAN_POINT('',(-0.620820353572,0.852233050451,
    9.903223874049E-02));
#4184 = VECTOR('',#4185,1.);
#4185 = DIRECTION('',(-0.,-0.,-1.));
#4186 = PLANE('',#4187);
#4187 = AXIS2_PLACEMENT_3D('',#4188,#4189,#4190);
#4188 = CARTESIAN_POINT('',(-8.203535724743E-04,0.852233050451,
    9.903223874049E-02));
#4189 = DIRECTION('',(0.,1.,0.));
#4190 = DIRECTION('',(0.,-0.,1.));
#4191 = ADVANCED_FACE('',(#4192),#4211,.F.);
#4192 = FACE_BOUND('',#4193,.F.);
#4193 = EDGE_LOOP('',(#4194,#4202,#4209,#4210));
#4194 = ORIENTED_EDGE('',*,*,#4195,.F.);
#4195 = EDGE_CURVE('',#4196,#2584,#4198,.T.);
#4196 = VERTEX_POINT('',#4197);
#4197 = CARTESIAN_POINT('',(-0.500820353572,0.972233050451,
    9.903223874049E-02));
#4198 = LINE('',#4199,#4200);
#4199 = CARTESIAN_POINT('',(-0.500820353572,0.972233050451,
    9.903223874049E-02));
#4200 = VECTOR('',#4201,1.);
#4201 = DIRECTION('',(-0.,-0.,-1.));
#4202 = ORIENTED_EDGE('',*,*,#4203,.F.);
#4203 = EDGE_CURVE('',#4174,#4196,#4204,.T.);
#4204 = CIRCLE('',#4205,0.12);
#4205 = AXIS2_PLACEMENT_3D('',#4206,#4207,#4208);
#4206 = CARTESIAN_POINT('',(-0.620820353572,0.972233050451,
    9.903223874049E-02));
#4207 = DIRECTION('',(0.,-0.,1.));
#4208 = DIRECTION('',(-1.,0.,0.));
#4209 = ORIENTED_EDGE('',*,*,#4181,.T.);
#4210 = ORIENTED_EDGE('',*,*,#2583,.T.);
#4211 = CYLINDRICAL_SURFACE('',#4212,0.12);
#4212 = AXIS2_PLACEMENT_3D('',#4213,#4214,#4215);
#4213 = CARTESIAN_POINT('',(-0.620820353572,0.972233050451,
    9.903223874049E-02));
#4214 = DIRECTION('',(-0.,-0.,-1.));
#4215 = DIRECTION('',(-1.,0.,0.));
#4216 = ADVANCED_FACE('',(#4217),#4228,.F.);
#4217 = FACE_BOUND('',#4218,.T.);
#4218 = EDGE_LOOP('',(#4219,#4220,#4221,#4227));
#4219 = ORIENTED_EDGE('',*,*,#2592,.T.);
#4220 = ORIENTED_EDGE('',*,*,#4195,.F.);
#4221 = ORIENTED_EDGE('',*,*,#4222,.F.);
#4222 = EDGE_CURVE('',#4131,#4196,#4223,.T.);
#4223 = LINE('',#4224,#4225);
#4224 = CARTESIAN_POINT('',(-0.500820353572,2.233050450947E-03,
    9.903223874049E-02));
#4225 = VECTOR('',#4226,1.);
#4226 = DIRECTION('',(0.,-1.,0.));
#4227 = ORIENTED_EDGE('',*,*,#4139,.T.);
#4228 = PLANE('',#4229);
#4229 = AXIS2_PLACEMENT_3D('',#4230,#4231,#4232);
#4230 = CARTESIAN_POINT('',(-0.500820353572,2.233050450947E-03,
    9.903223874049E-02));
#4231 = DIRECTION('',(1.,0.,-0.));
#4232 = DIRECTION('',(-0.,0.,-1.));
#4233 = ADVANCED_FACE('',(#4234),#4242,.T.);
#4234 = FACE_BOUND('',#4235,.T.);
#4235 = EDGE_LOOP('',(#4236,#4237,#4238,#4239,#4240,#4241));
#4236 = ORIENTED_EDGE('',*,*,#4130,.F.);
#4237 = ORIENTED_EDGE('',*,*,#4222,.T.);
#4238 = ORIENTED_EDGE('',*,*,#4203,.F.);
#4239 = ORIENTED_EDGE('',*,*,#4173,.F.);
#4240 = ORIENTED_EDGE('',*,*,#3258,.T.);
#4241 = ORIENTED_EDGE('',*,*,#4156,.T.);
#4242 = PLANE('',#4243);
#4243 = AXIS2_PLACEMENT_3D('',#4244,#4245,#4246);
#4244 = CARTESIAN_POINT('',(-8.203535724743E-04,2.233050450947E-03,
    9.903223874049E-02));
#4245 = DIRECTION('',(0.,0.,-1.));
#4246 = DIRECTION('',(-1.,0.,-0.));
#4247 = ADVANCED_FACE('',(#4248),#4273,.T.);
#4248 = FACE_BOUND('',#4249,.T.);
#4249 = EDGE_LOOP('',(#4250,#4251,#4259,#4267));
#4250 = ORIENTED_EDGE('',*,*,#2344,.F.);
#4251 = ORIENTED_EDGE('',*,*,#4252,.F.);
#4252 = EDGE_CURVE('',#4253,#2336,#4255,.T.);
#4253 = VERTEX_POINT('',#4254);
#4254 = CARTESIAN_POINT('',(0.199179646428,-0.967766949549,
    9.903223874049E-02));
#4255 = LINE('',#4256,#4257);
#4256 = CARTESIAN_POINT('',(0.199179646428,-0.967766949549,
    9.903223874049E-02));
#4257 = VECTOR('',#4258,1.);
#4258 = DIRECTION('',(-0.,-0.,-1.));
#4259 = ORIENTED_EDGE('',*,*,#4260,.T.);
#4260 = EDGE_CURVE('',#4253,#4261,#4263,.T.);
#4261 = VERTEX_POINT('',#4262);
#4262 = CARTESIAN_POINT('',(0.199179646428,-1.027766949549,
    9.903223874049E-02));
#4263 = LINE('',#4264,#4265);
#4264 = CARTESIAN_POINT('',(0.199179646428,2.233050450947E-03,
    9.903223874049E-02));
#4265 = VECTOR('',#4266,1.);
#4266 = DIRECTION('',(0.,-1.,0.));
#4267 = ORIENTED_EDGE('',*,*,#4268,.T.);
#4268 = EDGE_CURVE('',#4261,#2345,#4269,.T.);
#4269 = LINE('',#4270,#4271);
#4270 = CARTESIAN_POINT('',(0.199179646428,-1.027766949549,
    9.903223874049E-02));
#4271 = VECTOR('',#4272,1.);
#4272 = DIRECTION('',(-0.,-0.,-1.));
#4273 = PLANE('',#4274);
#4274 = AXIS2_PLACEMENT_3D('',#4275,#4276,#4277);
#4275 = CARTESIAN_POINT('',(0.199179646428,2.233050450947E-03,
    9.903223874049E-02));
#4276 = DIRECTION('',(1.,0.,-0.));
#4277 = DIRECTION('',(-0.,0.,-1.));
#4278 = ADVANCED_FACE('',(#4279),#4298,.F.);
#4279 = FACE_BOUND('',#4280,.F.);
#4280 = EDGE_LOOP('',(#4281,#4289,#4296,#4297));
#4281 = ORIENTED_EDGE('',*,*,#4282,.F.);
#4282 = EDGE_CURVE('',#4283,#2353,#4285,.T.);
#4283 = VERTEX_POINT('',#4284);
#4284 = CARTESIAN_POINT('',(0.319179646428,-1.147766949549,
    9.903223874049E-02));
#4285 = LINE('',#4286,#4287);
#4286 = CARTESIAN_POINT('',(0.319179646428,-1.147766949549,
    9.903223874049E-02));
#4287 = VECTOR('',#4288,1.);
#4288 = DIRECTION('',(-0.,-0.,-1.));
#4289 = ORIENTED_EDGE('',*,*,#4290,.F.);
#4290 = EDGE_CURVE('',#4261,#4283,#4291,.T.);
#4291 = CIRCLE('',#4292,0.12);
#4292 = AXIS2_PLACEMENT_3D('',#4293,#4294,#4295);
#4293 = CARTESIAN_POINT('',(0.319179646428,-1.027766949549,
    9.903223874049E-02));
#4294 = DIRECTION('',(0.,-0.,1.));
#4295 = DIRECTION('',(-1.,0.,0.));
#4296 = ORIENTED_EDGE('',*,*,#4268,.T.);
#4297 = ORIENTED_EDGE('',*,*,#2352,.T.);
#4298 = CYLINDRICAL_SURFACE('',#4299,0.12);
#4299 = AXIS2_PLACEMENT_3D('',#4300,#4301,#4302);
#4300 = CARTESIAN_POINT('',(0.319179646428,-1.027766949549,
    9.903223874049E-02));
#4301 = DIRECTION('',(-0.,-0.,-1.));
#4302 = DIRECTION('',(-1.,0.,0.));
#4303 = ADVANCED_FACE('',(#4304),#4315,.F.);
#4304 = FACE_BOUND('',#4305,.T.);
#4305 = EDGE_LOOP('',(#4306,#4307,#4308,#4314));
#4306 = ORIENTED_EDGE('',*,*,#2361,.T.);
#4307 = ORIENTED_EDGE('',*,*,#4282,.F.);
#4308 = ORIENTED_EDGE('',*,*,#4309,.F.);
#4309 = EDGE_CURVE('',#3420,#4283,#4310,.T.);
#4310 = LINE('',#4311,#4312);
#4311 = CARTESIAN_POINT('',(-8.203535724743E-04,-1.147766949549,
    9.903223874049E-02));
#4312 = VECTOR('',#4313,1.);
#4313 = DIRECTION('',(-1.,0.,0.));
#4314 = ORIENTED_EDGE('',*,*,#3419,.T.);
#4315 = PLANE('',#4316);
#4316 = AXIS2_PLACEMENT_3D('',#4317,#4318,#4319);
#4317 = CARTESIAN_POINT('',(-8.203535724743E-04,-1.147766949549,
    9.903223874049E-02));
#4318 = DIRECTION('',(0.,-1.,0.));
#4319 = DIRECTION('',(0.,-0.,-1.));
#4320 = ADVANCED_FACE('',(#4321),#4339,.T.);
#4321 = FACE_BOUND('',#4322,.T.);
#4322 = EDGE_LOOP('',(#4323,#4324,#4325,#4333));
#4323 = ORIENTED_EDGE('',*,*,#2327,.F.);
#4324 = ORIENTED_EDGE('',*,*,#3435,.F.);
#4325 = ORIENTED_EDGE('',*,*,#4326,.T.);
#4326 = EDGE_CURVE('',#3428,#4327,#4329,.T.);
#4327 = VERTEX_POINT('',#4328);
#4328 = CARTESIAN_POINT('',(0.319179646428,-0.847766949549,
    9.903223874049E-02));
#4329 = LINE('',#4330,#4331);
#4330 = CARTESIAN_POINT('',(-8.203535724746E-04,-0.847766949549,
    9.903223874049E-02));
#4331 = VECTOR('',#4332,1.);
#4332 = DIRECTION('',(-1.,3.188829919075E-16,0.));
#4333 = ORIENTED_EDGE('',*,*,#4334,.T.);
#4334 = EDGE_CURVE('',#4327,#2328,#4335,.T.);
#4335 = LINE('',#4336,#4337);
#4336 = CARTESIAN_POINT('',(0.319179646428,-0.847766949549,
    9.903223874049E-02));
#4337 = VECTOR('',#4338,1.);
#4338 = DIRECTION('',(-0.,-0.,-1.));
#4339 = PLANE('',#4340);
#4340 = AXIS2_PLACEMENT_3D('',#4341,#4342,#4343);
#4341 = CARTESIAN_POINT('',(-8.203535724746E-04,-0.847766949549,
    9.903223874049E-02));
#4342 = DIRECTION('',(-3.188829919075E-16,-1.,0.));
#4343 = DIRECTION('',(1.,-3.188829919075E-16,0.));
#4344 = ADVANCED_FACE('',(#4345),#4357,.F.);
#4345 = FACE_BOUND('',#4346,.F.);
#4346 = EDGE_LOOP('',(#4347,#4348,#4355,#4356));
#4347 = ORIENTED_EDGE('',*,*,#4252,.F.);
#4348 = ORIENTED_EDGE('',*,*,#4349,.T.);
#4349 = EDGE_CURVE('',#4253,#4327,#4350,.T.);
#4350 = CIRCLE('',#4351,0.12);
#4351 = AXIS2_PLACEMENT_3D('',#4352,#4353,#4354);
#4352 = CARTESIAN_POINT('',(0.319179646428,-0.967766949549,
    9.903223874049E-02));
#4353 = DIRECTION('',(0.,0.,-1.));
#4354 = DIRECTION('',(-1.,0.,0.));
#4355 = ORIENTED_EDGE('',*,*,#4334,.T.);
#4356 = ORIENTED_EDGE('',*,*,#2335,.F.);
#4357 = CYLINDRICAL_SURFACE('',#4358,0.12);
#4358 = AXIS2_PLACEMENT_3D('',#4359,#4360,#4361);
#4359 = CARTESIAN_POINT('',(0.319179646428,-0.967766949549,
    9.903223874049E-02));
#4360 = DIRECTION('',(-0.,-0.,-1.));
#4361 = DIRECTION('',(-1.,0.,0.));
#4362 = ADVANCED_FACE('',(#4363),#4371,.T.);
#4363 = FACE_BOUND('',#4364,.T.);
#4364 = EDGE_LOOP('',(#4365,#4366,#4367,#4368,#4369,#4370));
#4365 = ORIENTED_EDGE('',*,*,#4260,.F.);
#4366 = ORIENTED_EDGE('',*,*,#4349,.T.);
#4367 = ORIENTED_EDGE('',*,*,#4326,.F.);
#4368 = ORIENTED_EDGE('',*,*,#3427,.T.);
#4369 = ORIENTED_EDGE('',*,*,#4309,.T.);
#4370 = ORIENTED_EDGE('',*,*,#4290,.F.);
#4371 = PLANE('',#4372);
#4372 = AXIS2_PLACEMENT_3D('',#4373,#4374,#4375);
#4373 = CARTESIAN_POINT('',(-8.203535724743E-04,2.233050450947E-03,
    9.903223874049E-02));
#4374 = DIRECTION('',(0.,0.,-1.));
#4375 = DIRECTION('',(-1.,0.,-0.));
#4376 = ADVANCED_FACE('',(#4377),#4403,.F.);
#4377 = FACE_BOUND('',#4378,.F.);
#4378 = EDGE_LOOP('',(#4379,#4387,#4396,#4402));
#4379 = ORIENTED_EDGE('',*,*,#4380,.F.);
#4380 = EDGE_CURVE('',#4381,#2451,#4383,.T.);
#4381 = VERTEX_POINT('',#4382);
#4382 = CARTESIAN_POINT('',(-0.620820353572,-0.347766949549,
    9.903223874049E-02));
#4383 = LINE('',#4384,#4385);
#4384 = CARTESIAN_POINT('',(-0.620820353572,-0.347766949549,
    9.903223874049E-02));
#4385 = VECTOR('',#4386,1.);
#4386 = DIRECTION('',(-0.,-0.,-1.));
#4387 = ORIENTED_EDGE('',*,*,#4388,.F.);
#4388 = EDGE_CURVE('',#4389,#4381,#4391,.T.);
#4389 = VERTEX_POINT('',#4390);
#4390 = CARTESIAN_POINT('',(-0.500820353572,-0.467766949549,
    9.903223874049E-02));
#4391 = CIRCLE('',#4392,0.12);
#4392 = AXIS2_PLACEMENT_3D('',#4393,#4394,#4395);
#4393 = CARTESIAN_POINT('',(-0.620820353572,-0.467766949549,
    9.903223874049E-02));
#4394 = DIRECTION('',(0.,-0.,1.));
#4395 = DIRECTION('',(-1.,0.,0.));
#4396 = ORIENTED_EDGE('',*,*,#4397,.T.);
#4397 = EDGE_CURVE('',#4389,#2443,#4398,.T.);
#4398 = LINE('',#4399,#4400);
#4399 = CARTESIAN_POINT('',(-0.500820353572,-0.467766949549,
    9.903223874049E-02));
#4400 = VECTOR('',#4401,1.);
#4401 = DIRECTION('',(-0.,-0.,-1.));
#4402 = ORIENTED_EDGE('',*,*,#2450,.T.);
#4403 = CYLINDRICAL_SURFACE('',#4404,0.12);
#4404 = AXIS2_PLACEMENT_3D('',#4405,#4406,#4407);
#4405 = CARTESIAN_POINT('',(-0.620820353572,-0.467766949549,
    9.903223874049E-02));
#4406 = DIRECTION('',(-0.,-0.,-1.));
#4407 = DIRECTION('',(-1.,0.,0.));
#4408 = ADVANCED_FACE('',(#4409),#4420,.F.);
#4409 = FACE_BOUND('',#4410,.T.);
#4410 = EDGE_LOOP('',(#4411,#4412,#4413,#4419));
#4411 = ORIENTED_EDGE('',*,*,#2459,.T.);
#4412 = ORIENTED_EDGE('',*,*,#4380,.F.);
#4413 = ORIENTED_EDGE('',*,*,#4414,.F.);
#4414 = EDGE_CURVE('',#3182,#4381,#4415,.T.);
#4415 = LINE('',#4416,#4417);
#4416 = CARTESIAN_POINT('',(-8.203535724743E-04,-0.347766949549,
    9.903223874049E-02));
#4417 = VECTOR('',#4418,1.);
#4418 = DIRECTION('',(1.,-1.426581805902E-16,0.));
#4419 = ORIENTED_EDGE('',*,*,#3181,.T.);
#4420 = PLANE('',#4421);
#4421 = AXIS2_PLACEMENT_3D('',#4422,#4423,#4424);
#4422 = CARTESIAN_POINT('',(-8.203535724743E-04,-0.347766949549,
    9.903223874049E-02));
#4423 = DIRECTION('',(1.426581805902E-16,1.,-0.));
#4424 = DIRECTION('',(-1.,1.426581805902E-16,0.));
#4425 = ADVANCED_FACE('',(#4426),#4444,.T.);
#4426 = FACE_BOUND('',#4427,.T.);
#4427 = EDGE_LOOP('',(#4428,#4429,#4430,#4438));
#4428 = ORIENTED_EDGE('',*,*,#2425,.F.);
#4429 = ORIENTED_EDGE('',*,*,#3197,.F.);
#4430 = ORIENTED_EDGE('',*,*,#4431,.T.);
#4431 = EDGE_CURVE('',#3190,#4432,#4434,.T.);
#4432 = VERTEX_POINT('',#4433);
#4433 = CARTESIAN_POINT('',(-0.620820353572,-0.647766949549,
    9.903223874049E-02));
#4434 = LINE('',#4435,#4436);
#4435 = CARTESIAN_POINT('',(-8.203535724743E-04,-0.647766949549,
    9.903223874049E-02));
#4436 = VECTOR('',#4437,1.);
#4437 = DIRECTION('',(1.,0.,0.));
#4438 = ORIENTED_EDGE('',*,*,#4439,.T.);
#4439 = EDGE_CURVE('',#4432,#2426,#4440,.T.);
#4440 = LINE('',#4441,#4442);
#4441 = CARTESIAN_POINT('',(-0.620820353572,-0.647766949549,
    9.903223874049E-02));
#4442 = VECTOR('',#4443,1.);
#4443 = DIRECTION('',(-0.,-0.,-1.));
#4444 = PLANE('',#4445);
#4445 = AXIS2_PLACEMENT_3D('',#4446,#4447,#4448);
#4446 = CARTESIAN_POINT('',(-8.203535724743E-04,-0.647766949549,
    9.903223874049E-02));
#4447 = DIRECTION('',(0.,1.,0.));
#4448 = DIRECTION('',(0.,-0.,1.));
#4449 = ADVANCED_FACE('',(#4450),#4469,.F.);
#4450 = FACE_BOUND('',#4451,.F.);
#4451 = EDGE_LOOP('',(#4452,#4460,#4467,#4468));
#4452 = ORIENTED_EDGE('',*,*,#4453,.F.);
#4453 = EDGE_CURVE('',#4454,#2434,#4456,.T.);
#4454 = VERTEX_POINT('',#4455);
#4455 = CARTESIAN_POINT('',(-0.500820353572,-0.527766949549,
    9.903223874049E-02));
#4456 = LINE('',#4457,#4458);
#4457 = CARTESIAN_POINT('',(-0.500820353572,-0.527766949549,
    9.903223874049E-02));
#4458 = VECTOR('',#4459,1.);
#4459 = DIRECTION('',(-0.,-0.,-1.));
#4460 = ORIENTED_EDGE('',*,*,#4461,.T.);
#4461 = EDGE_CURVE('',#4454,#4432,#4462,.T.);
#4462 = CIRCLE('',#4463,0.12);
#4463 = AXIS2_PLACEMENT_3D('',#4464,#4465,#4466);
#4464 = CARTESIAN_POINT('',(-0.620820353572,-0.527766949549,
    9.903223874049E-02));
#4465 = DIRECTION('',(0.,0.,-1.));
#4466 = DIRECTION('',(-1.,0.,0.));
#4467 = ORIENTED_EDGE('',*,*,#4439,.T.);
#4468 = ORIENTED_EDGE('',*,*,#2433,.F.);
#4469 = CYLINDRICAL_SURFACE('',#4470,0.12);
#4470 = AXIS2_PLACEMENT_3D('',#4471,#4472,#4473);
#4471 = CARTESIAN_POINT('',(-0.620820353572,-0.527766949549,
    9.903223874049E-02));
#4472 = DIRECTION('',(-0.,-0.,-1.));
#4473 = DIRECTION('',(-1.,0.,0.));
#4474 = ADVANCED_FACE('',(#4475),#4486,.F.);
#4475 = FACE_BOUND('',#4476,.T.);
#4476 = EDGE_LOOP('',(#4477,#4478,#4479,#4485));
#4477 = ORIENTED_EDGE('',*,*,#2442,.T.);
#4478 = ORIENTED_EDGE('',*,*,#4453,.F.);
#4479 = ORIENTED_EDGE('',*,*,#4480,.F.);
#4480 = EDGE_CURVE('',#4389,#4454,#4481,.T.);
#4481 = LINE('',#4482,#4483);
#4482 = CARTESIAN_POINT('',(-0.500820353572,2.233050450947E-03,
    9.903223874049E-02));
#4483 = VECTOR('',#4484,1.);
#4484 = DIRECTION('',(0.,-1.,0.));
#4485 = ORIENTED_EDGE('',*,*,#4397,.T.);
#4486 = PLANE('',#4487);
#4487 = AXIS2_PLACEMENT_3D('',#4488,#4489,#4490);
#4488 = CARTESIAN_POINT('',(-0.500820353572,2.233050450947E-03,
    9.903223874049E-02));
#4489 = DIRECTION('',(1.,0.,-0.));
#4490 = DIRECTION('',(-0.,0.,-1.));
#4491 = ADVANCED_FACE('',(#4492),#4500,.T.);
#4492 = FACE_BOUND('',#4493,.T.);
#4493 = EDGE_LOOP('',(#4494,#4495,#4496,#4497,#4498,#4499));
#4494 = ORIENTED_EDGE('',*,*,#4388,.F.);
#4495 = ORIENTED_EDGE('',*,*,#4480,.T.);
#4496 = ORIENTED_EDGE('',*,*,#4461,.T.);
#4497 = ORIENTED_EDGE('',*,*,#4431,.F.);
#4498 = ORIENTED_EDGE('',*,*,#3189,.T.);
#4499 = ORIENTED_EDGE('',*,*,#4414,.T.);
#4500 = PLANE('',#4501);
#4501 = AXIS2_PLACEMENT_3D('',#4502,#4503,#4504);
#4502 = CARTESIAN_POINT('',(-8.203535724743E-04,2.233050450947E-03,
    9.903223874049E-02));
#4503 = DIRECTION('',(0.,0.,-1.));
#4504 = DIRECTION('',(-1.,0.,-0.));
#4505 = ADVANCED_FACE('',(#4506),#4531,.T.);
#4506 = FACE_BOUND('',#4507,.T.);
#4507 = EDGE_LOOP('',(#4508,#4509,#4517,#4525));
#4508 = ORIENTED_EDGE('',*,*,#2294,.F.);
#4509 = ORIENTED_EDGE('',*,*,#4510,.F.);
#4510 = EDGE_CURVE('',#4511,#2286,#4513,.T.);
#4511 = VERTEX_POINT('',#4512);
#4512 = CARTESIAN_POINT('',(0.199179646428,-0.467766949549,
    9.903223874049E-02));
#4513 = LINE('',#4514,#4515);
#4514 = CARTESIAN_POINT('',(0.199179646428,-0.467766949549,
    9.903223874049E-02));
#4515 = VECTOR('',#4516,1.);
#4516 = DIRECTION('',(-0.,-0.,-1.));
#4517 = ORIENTED_EDGE('',*,*,#4518,.T.);
#4518 = EDGE_CURVE('',#4511,#4519,#4521,.T.);
#4519 = VERTEX_POINT('',#4520);
#4520 = CARTESIAN_POINT('',(0.199179646428,-0.527766949549,
    9.903223874049E-02));
#4521 = LINE('',#4522,#4523);
#4522 = CARTESIAN_POINT('',(0.199179646428,2.233050450947E-03,
    9.903223874049E-02));
#4523 = VECTOR('',#4524,1.);
#4524 = DIRECTION('',(0.,-1.,0.));
#4525 = ORIENTED_EDGE('',*,*,#4526,.T.);
#4526 = EDGE_CURVE('',#4519,#2295,#4527,.T.);
#4527 = LINE('',#4528,#4529);
#4528 = CARTESIAN_POINT('',(0.199179646428,-0.527766949549,
    9.903223874049E-02));
#4529 = VECTOR('',#4530,1.);
#4530 = DIRECTION('',(-0.,-0.,-1.));
#4531 = PLANE('',#4532);
#4532 = AXIS2_PLACEMENT_3D('',#4533,#4534,#4535);
#4533 = CARTESIAN_POINT('',(0.199179646428,2.233050450947E-03,
    9.903223874049E-02));
#4534 = DIRECTION('',(1.,0.,-0.));
#4535 = DIRECTION('',(-0.,0.,-1.));
#4536 = ADVANCED_FACE('',(#4537),#4556,.F.);
#4537 = FACE_BOUND('',#4538,.F.);
#4538 = EDGE_LOOP('',(#4539,#4547,#4554,#4555));
#4539 = ORIENTED_EDGE('',*,*,#4540,.F.);
#4540 = EDGE_CURVE('',#4541,#2303,#4543,.T.);
#4541 = VERTEX_POINT('',#4542);
#4542 = CARTESIAN_POINT('',(0.319179646428,-0.647766949549,
    9.903223874049E-02));
#4543 = LINE('',#4544,#4545);
#4544 = CARTESIAN_POINT('',(0.319179646428,-0.647766949549,
    9.903223874049E-02));
#4545 = VECTOR('',#4546,1.);
#4546 = DIRECTION('',(-0.,-0.,-1.));
#4547 = ORIENTED_EDGE('',*,*,#4548,.F.);
#4548 = EDGE_CURVE('',#4519,#4541,#4549,.T.);
#4549 = CIRCLE('',#4550,0.12);
#4550 = AXIS2_PLACEMENT_3D('',#4551,#4552,#4553);
#4551 = CARTESIAN_POINT('',(0.319179646428,-0.527766949549,
    9.903223874049E-02));
#4552 = DIRECTION('',(0.,-0.,1.));
#4553 = DIRECTION('',(-1.,0.,0.));
#4554 = ORIENTED_EDGE('',*,*,#4526,.T.);
#4555 = ORIENTED_EDGE('',*,*,#2302,.T.);
#4556 = CYLINDRICAL_SURFACE('',#4557,0.12);
#4557 = AXIS2_PLACEMENT_3D('',#4558,#4559,#4560);
#4558 = CARTESIAN_POINT('',(0.319179646428,-0.527766949549,
    9.903223874049E-02));
#4559 = DIRECTION('',(-0.,-0.,-1.));
#4560 = DIRECTION('',(-1.,0.,0.));
#4561 = ADVANCED_FACE('',(#4562),#4573,.F.);
#4562 = FACE_BOUND('',#4563,.T.);
#4563 = EDGE_LOOP('',(#4564,#4565,#4566,#4572));
#4564 = ORIENTED_EDGE('',*,*,#2311,.T.);
#4565 = ORIENTED_EDGE('',*,*,#4540,.F.);
#4566 = ORIENTED_EDGE('',*,*,#4567,.F.);
#4567 = EDGE_CURVE('',#3443,#4541,#4568,.T.);
#4568 = LINE('',#4569,#4570);
#4569 = CARTESIAN_POINT('',(-8.203535724743E-04,-0.647766949549,
    9.903223874049E-02));
#4570 = VECTOR('',#4571,1.);
#4571 = DIRECTION('',(-1.,0.,0.));
#4572 = ORIENTED_EDGE('',*,*,#3442,.T.);
#4573 = PLANE('',#4574);
#4574 = AXIS2_PLACEMENT_3D('',#4575,#4576,#4577);
#4575 = CARTESIAN_POINT('',(-8.203535724743E-04,-0.647766949549,
    9.903223874049E-02));
#4576 = DIRECTION('',(0.,-1.,0.));
#4577 = DIRECTION('',(0.,-0.,-1.));
#4578 = ADVANCED_FACE('',(#4579),#4597,.T.);
#4579 = FACE_BOUND('',#4580,.T.);
#4580 = EDGE_LOOP('',(#4581,#4582,#4583,#4591));
#4581 = ORIENTED_EDGE('',*,*,#2277,.F.);
#4582 = ORIENTED_EDGE('',*,*,#3458,.F.);
#4583 = ORIENTED_EDGE('',*,*,#4584,.T.);
#4584 = EDGE_CURVE('',#3451,#4585,#4587,.T.);
#4585 = VERTEX_POINT('',#4586);
#4586 = CARTESIAN_POINT('',(0.319179646428,-0.347766949549,
    9.903223874049E-02));
#4587 = LINE('',#4588,#4589);
#4588 = CARTESIAN_POINT('',(-8.203535724744E-04,-0.347766949549,
    9.903223874049E-02));
#4589 = VECTOR('',#4590,1.);
#4590 = DIRECTION('',(-1.,3.188829919075E-16,0.));
#4591 = ORIENTED_EDGE('',*,*,#4592,.T.);
#4592 = EDGE_CURVE('',#4585,#2278,#4593,.T.);
#4593 = LINE('',#4594,#4595);
#4594 = CARTESIAN_POINT('',(0.319179646428,-0.347766949549,
    9.903223874049E-02));
#4595 = VECTOR('',#4596,1.);
#4596 = DIRECTION('',(-0.,-0.,-1.));
#4597 = PLANE('',#4598);
#4598 = AXIS2_PLACEMENT_3D('',#4599,#4600,#4601);
#4599 = CARTESIAN_POINT('',(-8.203535724744E-04,-0.347766949549,
    9.903223874049E-02));
#4600 = DIRECTION('',(-3.188829919075E-16,-1.,0.));
#4601 = DIRECTION('',(1.,-3.188829919075E-16,0.));
#4602 = ADVANCED_FACE('',(#4603),#4615,.F.);
#4603 = FACE_BOUND('',#4604,.F.);
#4604 = EDGE_LOOP('',(#4605,#4606,#4613,#4614));
#4605 = ORIENTED_EDGE('',*,*,#4510,.F.);
#4606 = ORIENTED_EDGE('',*,*,#4607,.T.);
#4607 = EDGE_CURVE('',#4511,#4585,#4608,.T.);
#4608 = CIRCLE('',#4609,0.12);
#4609 = AXIS2_PLACEMENT_3D('',#4610,#4611,#4612);
#4610 = CARTESIAN_POINT('',(0.319179646428,-0.467766949549,
    9.903223874049E-02));
#4611 = DIRECTION('',(0.,0.,-1.));
#4612 = DIRECTION('',(-1.,0.,0.));
#4613 = ORIENTED_EDGE('',*,*,#4592,.T.);
#4614 = ORIENTED_EDGE('',*,*,#2285,.F.);
#4615 = CYLINDRICAL_SURFACE('',#4616,0.12);
#4616 = AXIS2_PLACEMENT_3D('',#4617,#4618,#4619);
#4617 = CARTESIAN_POINT('',(0.319179646428,-0.467766949549,
    9.903223874049E-02));
#4618 = DIRECTION('',(-0.,-0.,-1.));
#4619 = DIRECTION('',(-1.,0.,0.));
#4620 = ADVANCED_FACE('',(#4621),#4629,.T.);
#4621 = FACE_BOUND('',#4622,.T.);
#4622 = EDGE_LOOP('',(#4623,#4624,#4625,#4626,#4627,#4628));
#4623 = ORIENTED_EDGE('',*,*,#4518,.F.);
#4624 = ORIENTED_EDGE('',*,*,#4607,.T.);
#4625 = ORIENTED_EDGE('',*,*,#4584,.F.);
#4626 = ORIENTED_EDGE('',*,*,#3450,.T.);
#4627 = ORIENTED_EDGE('',*,*,#4567,.T.);
#4628 = ORIENTED_EDGE('',*,*,#4548,.F.);
#4629 = PLANE('',#4630);
#4630 = AXIS2_PLACEMENT_3D('',#4631,#4632,#4633);
#4631 = CARTESIAN_POINT('',(-8.203535724743E-04,2.233050450947E-03,
    9.903223874049E-02));
#4632 = DIRECTION('',(0.,0.,-1.));
#4633 = DIRECTION('',(-1.,0.,-0.));
#4634 = ADVANCED_FACE('',(#4635),#4661,.F.);
#4635 = FACE_BOUND('',#4636,.F.);
#4636 = EDGE_LOOP('',(#4637,#4645,#4654,#4660));
#4637 = ORIENTED_EDGE('',*,*,#4638,.F.);
#4638 = EDGE_CURVE('',#4639,#2262,#4641,.T.);
#4639 = VERTEX_POINT('',#4640);
#4640 = CARTESIAN_POINT('',(-8.082035357247E-02,-0.147766949549,
    9.903223874049E-02));
#4641 = LINE('',#4642,#4643);
#4642 = CARTESIAN_POINT('',(-8.082035357247E-02,-0.147766949549,
    9.903223874049E-02));
#4643 = VECTOR('',#4644,1.);
#4644 = DIRECTION('',(-0.,-0.,-1.));
#4645 = ORIENTED_EDGE('',*,*,#4646,.F.);
#4646 = EDGE_CURVE('',#4647,#4639,#4649,.T.);
#4647 = VERTEX_POINT('',#4648);
#4648 = CARTESIAN_POINT('',(-0.200820353572,-2.776694954905E-02,
    9.903223874049E-02));
#4649 = CIRCLE('',#4650,0.12);
#4650 = AXIS2_PLACEMENT_3D('',#4651,#4652,#4653);
#4651 = CARTESIAN_POINT('',(-8.082035357247E-02,-2.776694954905E-02,
    9.903223874049E-02));
#4652 = DIRECTION('',(0.,-0.,1.));
#4653 = DIRECTION('',(-1.,0.,0.));
#4654 = ORIENTED_EDGE('',*,*,#4655,.T.);
#4655 = EDGE_CURVE('',#4647,#2759,#4656,.T.);
#4656 = LINE('',#4657,#4658);
#4657 = CARTESIAN_POINT('',(-0.200820353572,-2.776694954905E-02,
    9.903223874049E-02));
#4658 = VECTOR('',#4659,1.);
#4659 = DIRECTION('',(-0.,-0.,-1.));
#4660 = ORIENTED_EDGE('',*,*,#2766,.T.);
#4661 = CYLINDRICAL_SURFACE('',#4662,0.12);
#4662 = AXIS2_PLACEMENT_3D('',#4663,#4664,#4665);
#4663 = CARTESIAN_POINT('',(-8.082035357247E-02,-2.776694954905E-02,
    9.903223874049E-02));
#4664 = DIRECTION('',(-0.,-0.,-1.));
#4665 = DIRECTION('',(-1.,0.,0.));
#4666 = ADVANCED_FACE('',(#4667),#4678,.F.);
#4667 = FACE_BOUND('',#4668,.T.);
#4668 = EDGE_LOOP('',(#4669,#4670,#4671,#4677));
#4669 = ORIENTED_EDGE('',*,*,#2259,.T.);
#4670 = ORIENTED_EDGE('',*,*,#4638,.F.);
#4671 = ORIENTED_EDGE('',*,*,#4672,.F.);
#4672 = EDGE_CURVE('',#3328,#4639,#4673,.T.);
#4673 = LINE('',#4674,#4675);
#4674 = CARTESIAN_POINT('',(-8.203535724743E-04,-0.147766949549,
    9.903223874049E-02));
#4675 = VECTOR('',#4676,1.);
#4676 = DIRECTION('',(-1.,-2.509727251124E-17,0.));
#4677 = ORIENTED_EDGE('',*,*,#3327,.T.);
#4678 = PLANE('',#4679);
#4679 = AXIS2_PLACEMENT_3D('',#4680,#4681,#4682);
#4680 = CARTESIAN_POINT('',(-8.203535724743E-04,-0.147766949549,
    9.903223874049E-02));
#4681 = DIRECTION('',(2.509727251124E-17,-1.,0.));
#4682 = DIRECTION('',(1.,2.509727251124E-17,0.));
#4683 = ADVANCED_FACE('',(#4684),#4702,.T.);
#4684 = FACE_BOUND('',#4685,.T.);
#4685 = EDGE_LOOP('',(#4686,#4687,#4688,#4696));
#4686 = ORIENTED_EDGE('',*,*,#2741,.F.);
#4687 = ORIENTED_EDGE('',*,*,#3343,.F.);
#4688 = ORIENTED_EDGE('',*,*,#4689,.T.);
#4689 = EDGE_CURVE('',#3336,#4690,#4692,.T.);
#4690 = VERTEX_POINT('',#4691);
#4691 = CARTESIAN_POINT('',(-8.082035357247E-02,0.152233050451,
    9.903223874049E-02));
#4692 = LINE('',#4693,#4694);
#4693 = CARTESIAN_POINT('',(-8.203535724743E-04,0.152233050451,
    9.903223874049E-02));
#4694 = VECTOR('',#4695,1.);
#4695 = DIRECTION('',(-1.,-1.00389090045E-16,0.));
#4696 = ORIENTED_EDGE('',*,*,#4697,.T.);
#4697 = EDGE_CURVE('',#4690,#2742,#4698,.T.);
#4698 = LINE('',#4699,#4700);
#4699 = CARTESIAN_POINT('',(-8.082035357247E-02,0.152233050451,
    9.903223874049E-02));
#4700 = VECTOR('',#4701,1.);
#4701 = DIRECTION('',(-0.,-0.,-1.));
#4702 = PLANE('',#4703);
#4703 = AXIS2_PLACEMENT_3D('',#4704,#4705,#4706);
#4704 = CARTESIAN_POINT('',(-8.203535724743E-04,0.152233050451,
    9.903223874049E-02));
#4705 = DIRECTION('',(1.00389090045E-16,-1.,0.));
#4706 = DIRECTION('',(1.,1.00389090045E-16,0.));
#4707 = ADVANCED_FACE('',(#4708),#4727,.F.);
#4708 = FACE_BOUND('',#4709,.F.);
#4709 = EDGE_LOOP('',(#4710,#4718,#4725,#4726));
#4710 = ORIENTED_EDGE('',*,*,#4711,.F.);
#4711 = EDGE_CURVE('',#4712,#2750,#4714,.T.);
#4712 = VERTEX_POINT('',#4713);
#4713 = CARTESIAN_POINT('',(-0.200820353572,3.223305045095E-02,
    9.903223874049E-02));
#4714 = LINE('',#4715,#4716);
#4715 = CARTESIAN_POINT('',(-0.200820353572,3.223305045095E-02,
    9.903223874049E-02));
#4716 = VECTOR('',#4717,1.);
#4717 = DIRECTION('',(-0.,-0.,-1.));
#4718 = ORIENTED_EDGE('',*,*,#4719,.T.);
#4719 = EDGE_CURVE('',#4712,#4690,#4720,.T.);
#4720 = CIRCLE('',#4721,0.12);
#4721 = AXIS2_PLACEMENT_3D('',#4722,#4723,#4724);
#4722 = CARTESIAN_POINT('',(-8.082035357247E-02,3.223305045095E-02,
    9.903223874049E-02));
#4723 = DIRECTION('',(0.,0.,-1.));
#4724 = DIRECTION('',(-1.,0.,0.));
#4725 = ORIENTED_EDGE('',*,*,#4697,.T.);
#4726 = ORIENTED_EDGE('',*,*,#2749,.F.);
#4727 = CYLINDRICAL_SURFACE('',#4728,0.12);
#4728 = AXIS2_PLACEMENT_3D('',#4729,#4730,#4731);
#4729 = CARTESIAN_POINT('',(-8.082035357247E-02,3.223305045095E-02,
    9.903223874049E-02));
#4730 = DIRECTION('',(-0.,-0.,-1.));
#4731 = DIRECTION('',(-1.,0.,0.));
#4732 = ADVANCED_FACE('',(#4733),#4744,.T.);
#4733 = FACE_BOUND('',#4734,.T.);
#4734 = EDGE_LOOP('',(#4735,#4736,#4737,#4743));
#4735 = ORIENTED_EDGE('',*,*,#2758,.F.);
#4736 = ORIENTED_EDGE('',*,*,#4711,.F.);
#4737 = ORIENTED_EDGE('',*,*,#4738,.T.);
#4738 = EDGE_CURVE('',#4712,#4647,#4739,.T.);
#4739 = LINE('',#4740,#4741);
#4740 = CARTESIAN_POINT('',(-0.200820353572,2.233050450947E-03,
    9.903223874049E-02));
#4741 = VECTOR('',#4742,1.);
#4742 = DIRECTION('',(-9.035018104046E-16,-1.,0.));
#4743 = ORIENTED_EDGE('',*,*,#4655,.T.);
#4744 = PLANE('',#4745);
#4745 = AXIS2_PLACEMENT_3D('',#4746,#4747,#4748);
#4746 = CARTESIAN_POINT('',(-0.200820353572,2.233050450947E-03,
    9.903223874049E-02));
#4747 = DIRECTION('',(1.,-9.035018104046E-16,0.));
#4748 = DIRECTION('',(9.035018104046E-16,1.,0.));
#4749 = ADVANCED_FACE('',(#4750),#4758,.T.);
#4750 = FACE_BOUND('',#4751,.T.);
#4751 = EDGE_LOOP('',(#4752,#4753,#4754,#4755,#4756,#4757));
#4752 = ORIENTED_EDGE('',*,*,#4646,.F.);
#4753 = ORIENTED_EDGE('',*,*,#4738,.F.);
#4754 = ORIENTED_EDGE('',*,*,#4719,.T.);
#4755 = ORIENTED_EDGE('',*,*,#4689,.F.);
#4756 = ORIENTED_EDGE('',*,*,#3335,.T.);
#4757 = ORIENTED_EDGE('',*,*,#4672,.T.);
#4758 = PLANE('',#4759);
#4759 = AXIS2_PLACEMENT_3D('',#4760,#4761,#4762);
#4760 = CARTESIAN_POINT('',(-8.203535724743E-04,2.233050450947E-03,
    9.903223874049E-02));
#4761 = DIRECTION('',(0.,0.,-1.));
#4762 = DIRECTION('',(-1.,0.,-0.));
#4763 = ADVANCED_FACE('',(#4764),#4776,.F.);
#4764 = FACE_BOUND('',#4765,.F.);
#4765 = EDGE_LOOP('',(#4766,#4767,#4768,#4775));
#4766 = ORIENTED_EDGE('',*,*,#3507,.F.);
#4767 = ORIENTED_EDGE('',*,*,#2151,.F.);
#4768 = ORIENTED_EDGE('',*,*,#4769,.T.);
#4769 = EDGE_CURVE('',#2152,#2171,#4770,.T.);
#4770 = CIRCLE('',#4771,0.148746029276);
#4771 = AXIS2_PLACEMENT_3D('',#4772,#4773,#4774);
#4772 = CARTESIAN_POINT('',(-0.760410069318,1.252103400905,0.89903223874
    ));
#4773 = DIRECTION('',(0.,0.,1.));
#4774 = DIRECTION('',(1.,0.,-0.));
#4775 = ORIENTED_EDGE('',*,*,#2170,.T.);
#4776 = CYLINDRICAL_SURFACE('',#4777,0.148746029276);
#4777 = AXIS2_PLACEMENT_3D('',#4778,#4779,#4780);
#4778 = CARTESIAN_POINT('',(-0.760410069318,1.252103400905,0.89903223874
    ));
#4779 = DIRECTION('',(-0.,-0.,1.));
#4780 = DIRECTION('',(1.,0.,0.));
#4781 = ADVANCED_FACE('',(#4782),#4786,.T.);
#4782 = FACE_BOUND('',#4783,.T.);
#4783 = EDGE_LOOP('',(#4784,#4785));
#4784 = ORIENTED_EDGE('',*,*,#4769,.T.);
#4785 = ORIENTED_EDGE('',*,*,#2178,.T.);
#4786 = PLANE('',#4787);
#4787 = AXIS2_PLACEMENT_3D('',#4788,#4789,#4790);
#4788 = CARTESIAN_POINT('',(-0.760410069318,1.252103400905,0.89903223874
    ));
#4789 = DIRECTION('',(0.,0.,1.));
#4790 = DIRECTION('',(1.,0.,-0.));
#4791 = ADVANCED_FACE('',(#4792),#4817,.T.);
#4792 = FACE_BOUND('',#4793,.T.);
#4793 = EDGE_LOOP('',(#4794,#4795,#4803,#4811));
#4794 = ORIENTED_EDGE('',*,*,#2203,.F.);
#4795 = ORIENTED_EDGE('',*,*,#4796,.F.);
#4796 = EDGE_CURVE('',#4797,#2196,#4799,.T.);
#4797 = VERTEX_POINT('',#4798);
#4798 = CARTESIAN_POINT('',(-0.363449571944,-1.208762391222,
    9.903223874049E-02));
#4799 = LINE('',#4800,#4801);
#4800 = CARTESIAN_POINT('',(-0.363449571944,-1.208762391222,
    9.903223874049E-02));
#4801 = VECTOR('',#4802,1.);
#4802 = DIRECTION('',(-0.,-0.,-1.));
#4803 = ORIENTED_EDGE('',*,*,#4804,.T.);
#4804 = EDGE_CURVE('',#4797,#4805,#4807,.T.);
#4805 = VERTEX_POINT('',#4806);
#4806 = CARTESIAN_POINT('',(-0.441498352431,-1.408762391222,
    9.903223874049E-02));
#4807 = LINE('',#4808,#4809);
#4808 = CARTESIAN_POINT('',(-0.363449571944,-1.208762391222,
    9.903223874049E-02));
#4809 = VECTOR('',#4810,1.);
#4810 = DIRECTION('',(-0.363542485653,-0.931577619485,0.));
#4811 = ORIENTED_EDGE('',*,*,#4812,.T.);
#4812 = EDGE_CURVE('',#4805,#2204,#4813,.T.);
#4813 = LINE('',#4814,#4815);
#4814 = CARTESIAN_POINT('',(-0.441498352431,-1.408762391222,
    9.903223874049E-02));
#4815 = VECTOR('',#4816,1.);
#4816 = DIRECTION('',(-0.,-0.,-1.));
#4817 = PLANE('',#4818);
#4818 = AXIS2_PLACEMENT_3D('',#4819,#4820,#4821);
#4819 = CARTESIAN_POINT('',(-0.363449571944,-1.208762391222,
    9.903223874049E-02));
#4820 = DIRECTION('',(0.931577619485,-0.363542485653,0.));
#4821 = DIRECTION('',(0.363542485653,0.931577619485,0.));
#4822 = ADVANCED_FACE('',(#4823),#4841,.T.);
#4823 = FACE_BOUND('',#4824,.T.);
#4824 = EDGE_LOOP('',(#4825,#4826,#4827,#4835));
#4825 = ORIENTED_EDGE('',*,*,#2211,.F.);
#4826 = ORIENTED_EDGE('',*,*,#4812,.F.);
#4827 = ORIENTED_EDGE('',*,*,#4828,.T.);
#4828 = EDGE_CURVE('',#4805,#4829,#4831,.T.);
#4829 = VERTEX_POINT('',#4830);
#4830 = CARTESIAN_POINT('',(-0.412230059749,-1.408762391222,
    9.903223874049E-02));
#4831 = LINE('',#4832,#4833);
#4832 = CARTESIAN_POINT('',(-0.441498352431,-1.408762391222,
    9.903223874049E-02));
#4833 = VECTOR('',#4834,1.);
#4834 = DIRECTION('',(1.,0.,0.));
#4835 = ORIENTED_EDGE('',*,*,#4836,.T.);
#4836 = EDGE_CURVE('',#4829,#2212,#4837,.T.);
#4837 = LINE('',#4838,#4839);
#4838 = CARTESIAN_POINT('',(-0.412230059749,-1.408762391222,
    9.903223874049E-02));
#4839 = VECTOR('',#4840,1.);
#4840 = DIRECTION('',(-0.,-0.,-1.));
#4841 = PLANE('',#4842);
#4842 = AXIS2_PLACEMENT_3D('',#4843,#4844,#4845);
#4843 = CARTESIAN_POINT('',(-0.441498352431,-1.408762391222,
    9.903223874049E-02));
#4844 = DIRECTION('',(0.,1.,0.));
#4845 = DIRECTION('',(0.,-0.,1.));
#4846 = ADVANCED_FACE('',(#4847),#4865,.T.);
#4847 = FACE_BOUND('',#4848,.T.);
#4848 = EDGE_LOOP('',(#4849,#4850,#4851,#4859));
#4849 = ORIENTED_EDGE('',*,*,#2219,.F.);
#4850 = ORIENTED_EDGE('',*,*,#4836,.F.);
#4851 = ORIENTED_EDGE('',*,*,#4852,.T.);
#4852 = EDGE_CURVE('',#4829,#4853,#4855,.T.);
#4853 = VERTEX_POINT('',#4854);
#4854 = CARTESIAN_POINT('',(-0.391993779261,-1.352664830246,
    9.903223874049E-02));
#4855 = LINE('',#4856,#4857);
#4856 = CARTESIAN_POINT('',(-0.412230059749,-1.408762391222,
    9.903223874049E-02));
#4857 = VECTOR('',#4858,1.);
#4858 = DIRECTION('',(0.339330377275,0.940667260544,0.));
#4859 = ORIENTED_EDGE('',*,*,#4860,.T.);
#4860 = EDGE_CURVE('',#4853,#2220,#4861,.T.);
#4861 = LINE('',#4862,#4863);
#4862 = CARTESIAN_POINT('',(-0.391993779261,-1.352664830246,
    9.903223874049E-02));
#4863 = VECTOR('',#4864,1.);
#4864 = DIRECTION('',(-0.,-0.,-1.));
#4865 = PLANE('',#4866);
#4866 = AXIS2_PLACEMENT_3D('',#4867,#4868,#4869);
#4867 = CARTESIAN_POINT('',(-0.412230059749,-1.408762391222,
    9.903223874049E-02));
#4868 = DIRECTION('',(-0.940667260544,0.339330377275,0.));
#4869 = DIRECTION('',(-0.339330377275,-0.940667260544,0.));
#4870 = ADVANCED_FACE('',(#4871),#4889,.T.);
#4871 = FACE_BOUND('',#4872,.T.);
#4872 = EDGE_LOOP('',(#4873,#4874,#4875,#4883));
#4873 = ORIENTED_EDGE('',*,*,#2227,.F.);
#4874 = ORIENTED_EDGE('',*,*,#4860,.F.);
#4875 = ORIENTED_EDGE('',*,*,#4876,.T.);
#4876 = EDGE_CURVE('',#4853,#4877,#4879,.T.);
#4877 = VERTEX_POINT('',#4878);
#4878 = CARTESIAN_POINT('',(-0.309371828041,-1.352664830246,
    9.903223874049E-02));
#4879 = LINE('',#4880,#4881);
#4880 = CARTESIAN_POINT('',(-0.391993779261,-1.352664830246,
    9.903223874049E-02));
#4881 = VECTOR('',#4882,1.);
#4882 = DIRECTION('',(1.,0.,0.));
#4883 = ORIENTED_EDGE('',*,*,#4884,.T.);
#4884 = EDGE_CURVE('',#4877,#2228,#4885,.T.);
#4885 = LINE('',#4886,#4887);
#4886 = CARTESIAN_POINT('',(-0.309371828041,-1.352664830246,
    9.903223874049E-02));
#4887 = VECTOR('',#4888,1.);
#4888 = DIRECTION('',(-0.,-0.,-1.));
#4889 = PLANE('',#4890);
#4890 = AXIS2_PLACEMENT_3D('',#4891,#4892,#4893);
#4891 = CARTESIAN_POINT('',(-0.391993779261,-1.352664830246,
    9.903223874049E-02));
#4892 = DIRECTION('',(0.,1.,0.));
#4893 = DIRECTION('',(0.,-0.,1.));
#4894 = ADVANCED_FACE('',(#4895),#4913,.T.);
#4895 = FACE_BOUND('',#4896,.T.);
#4896 = EDGE_LOOP('',(#4897,#4898,#4899,#4907));
#4897 = ORIENTED_EDGE('',*,*,#2235,.F.);
#4898 = ORIENTED_EDGE('',*,*,#4884,.F.);
#4899 = ORIENTED_EDGE('',*,*,#4900,.T.);
#4900 = EDGE_CURVE('',#4877,#4901,#4903,.T.);
#4901 = VERTEX_POINT('',#4902);
#4902 = CARTESIAN_POINT('',(-0.290278840236,-1.408762391222,
    9.903223874049E-02));
#4903 = LINE('',#4904,#4905);
#4904 = CARTESIAN_POINT('',(-0.309371828041,-1.352664830246,
    9.903223874049E-02));
#4905 = VECTOR('',#4906,1.);
#4906 = DIRECTION('',(0.322202485606,-0.946670776072,0.));
#4907 = ORIENTED_EDGE('',*,*,#4908,.T.);
#4908 = EDGE_CURVE('',#4901,#2236,#4909,.T.);
#4909 = LINE('',#4910,#4911);
#4910 = CARTESIAN_POINT('',(-0.290278840236,-1.408762391222,
    9.903223874049E-02));
#4911 = VECTOR('',#4912,1.);
#4912 = DIRECTION('',(-0.,-0.,-1.));
#4913 = PLANE('',#4914);
#4914 = AXIS2_PLACEMENT_3D('',#4915,#4916,#4917);
#4915 = CARTESIAN_POINT('',(-0.309371828041,-1.352664830246,
    9.903223874049E-02));
#4916 = DIRECTION('',(0.946670776072,0.322202485606,-0.));
#4917 = DIRECTION('',(-0.322202485606,0.946670776072,0.));
#4918 = ADVANCED_FACE('',(#4919),#4937,.T.);
#4919 = FACE_BOUND('',#4920,.T.);
#4920 = EDGE_LOOP('',(#4921,#4922,#4923,#4931));
#4921 = ORIENTED_EDGE('',*,*,#2243,.F.);
#4922 = ORIENTED_EDGE('',*,*,#4908,.F.);
#4923 = ORIENTED_EDGE('',*,*,#4924,.T.);
#4924 = EDGE_CURVE('',#4901,#4925,#4927,.T.);
#4925 = VERTEX_POINT('',#4926);
#4926 = CARTESIAN_POINT('',(-0.261010547553,-1.408762391222,
    9.903223874049E-02));
#4927 = LINE('',#4928,#4929);
#4928 = CARTESIAN_POINT('',(-0.290278840236,-1.408762391222,
    9.903223874049E-02));
#4929 = VECTOR('',#4930,1.);
#4930 = DIRECTION('',(1.,0.,0.));
#4931 = ORIENTED_EDGE('',*,*,#4932,.T.);
#4932 = EDGE_CURVE('',#4925,#2244,#4933,.T.);
#4933 = LINE('',#4934,#4935);
#4934 = CARTESIAN_POINT('',(-0.261010547553,-1.408762391222,
    9.903223874049E-02));
#4935 = VECTOR('',#4936,1.);
#4936 = DIRECTION('',(-0.,-0.,-1.));
#4937 = PLANE('',#4938);
#4938 = AXIS2_PLACEMENT_3D('',#4939,#4940,#4941);
#4939 = CARTESIAN_POINT('',(-0.290278840236,-1.408762391222,
    9.903223874049E-02));
#4940 = DIRECTION('',(0.,1.,0.));
#4941 = DIRECTION('',(0.,-0.,1.));
#4942 = ADVANCED_FACE('',(#4943),#4961,.T.);
#4943 = FACE_BOUND('',#4944,.T.);
#4944 = EDGE_LOOP('',(#4945,#4946,#4947,#4955));
#4945 = ORIENTED_EDGE('',*,*,#2251,.F.);
#4946 = ORIENTED_EDGE('',*,*,#4932,.F.);
#4947 = ORIENTED_EDGE('',*,*,#4948,.T.);
#4948 = EDGE_CURVE('',#4925,#4949,#4951,.T.);
#4949 = VERTEX_POINT('',#4950);
#4950 = CARTESIAN_POINT('',(-0.336620303651,-1.208762391222,
    9.903223874049E-02));
#4951 = LINE('',#4952,#4953);
#4952 = CARTESIAN_POINT('',(-0.261010547553,-1.408762391222,
    9.903223874049E-02));
#4953 = VECTOR('',#4954,1.);
#4954 = DIRECTION('',(-0.353622392329,0.93538826358,0.));
#4955 = ORIENTED_EDGE('',*,*,#4956,.T.);
#4956 = EDGE_CURVE('',#4949,#2194,#4957,.T.);
#4957 = LINE('',#4958,#4959);
#4958 = CARTESIAN_POINT('',(-0.336620303651,-1.208762391222,
    9.903223874049E-02));
#4959 = VECTOR('',#4960,1.);
#4960 = DIRECTION('',(-0.,-0.,-1.));
#4961 = PLANE('',#4962);
#4962 = AXIS2_PLACEMENT_3D('',#4963,#4964,#4965);
#4963 = CARTESIAN_POINT('',(-0.261010547553,-1.408762391222,
    9.903223874049E-02));
#4964 = DIRECTION('',(-0.93538826358,-0.353622392329,0.));
#4965 = DIRECTION('',(0.353622392329,-0.93538826358,0.));
#4966 = ADVANCED_FACE('',(#4967),#4978,.T.);
#4967 = FACE_BOUND('',#4968,.T.);
#4968 = EDGE_LOOP('',(#4969,#4970,#4971,#4977));
#4969 = ORIENTED_EDGE('',*,*,#2193,.F.);
#4970 = ORIENTED_EDGE('',*,*,#4956,.F.);
#4971 = ORIENTED_EDGE('',*,*,#4972,.T.);
#4972 = EDGE_CURVE('',#4949,#4797,#4973,.T.);
#4973 = LINE('',#4974,#4975);
#4974 = CARTESIAN_POINT('',(-0.336620303651,-1.208762391222,
    9.903223874049E-02));
#4975 = VECTOR('',#4976,1.);
#4976 = DIRECTION('',(-1.,0.,0.));
#4977 = ORIENTED_EDGE('',*,*,#4796,.T.);
#4978 = PLANE('',#4979);
#4979 = AXIS2_PLACEMENT_3D('',#4980,#4981,#4982);
#4980 = CARTESIAN_POINT('',(-0.336620303651,-1.208762391222,
    9.903223874049E-02));
#4981 = DIRECTION('',(0.,-1.,0.));
#4982 = DIRECTION('',(0.,-0.,-1.));
#4983 = ADVANCED_FACE('',(#4984,#5042),#5052,.F.);
#4984 = FACE_BOUND('',#4985,.T.);
#4985 = EDGE_LOOP('',(#4986,#4996,#5004,#5016,#5024,#5036));
#4986 = ORIENTED_EDGE('',*,*,#4987,.F.);
#4987 = EDGE_CURVE('',#4988,#4990,#4992,.T.);
#4988 = VERTEX_POINT('',#4989);
#4989 = CARTESIAN_POINT('',(-0.316117254871,-1.330713610734,
    9.903223874049E-02));
#4990 = VERTEX_POINT('',#4991);
#4991 = CARTESIAN_POINT('',(-0.382999876822,-1.330713610734,
    9.903223874049E-02));
#4992 = LINE('',#4993,#4994);
#4993 = CARTESIAN_POINT('',(-0.316117254871,-1.330713610734,
    9.903223874049E-02));
#4994 = VECTOR('',#4995,1.);
#4995 = DIRECTION('',(-1.,0.,0.));
#4996 = ORIENTED_EDGE('',*,*,#4997,.F.);
#4997 = EDGE_CURVE('',#4998,#4988,#5000,.T.);
#4998 = VERTEX_POINT('',#4999);
#4999 = CARTESIAN_POINT('',(-0.345957193895,-1.247177025368,
    9.903223874049E-02));
#5000 = LINE('',#5001,#5002);
#5001 = CARTESIAN_POINT('',(-0.345957193895,-1.247177025368,
    9.903223874049E-02));
#5002 = VECTOR('',#5003,1.);
#5003 = DIRECTION('',(0.336390827665,-0.941722470297,0.));
#5004 = ORIENTED_EDGE('',*,*,#5005,.F.);
#5005 = EDGE_CURVE('',#5006,#4998,#5008,.T.);
#5006 = VERTEX_POINT('',#5007);
#5007 = CARTESIAN_POINT('',(-0.349158413407,-1.233152635124,
    9.903223874049E-02));
#5008 = B_SPLINE_CURVE_WITH_KNOTS('',3,(#5009,#5010,#5011,#5012,#5013,
    #5014,#5015),.UNSPECIFIED.,.F.,.F.,(4,1,1,1,4),(0.,0.300541113159,
    0.567747146484,0.800033613737,1.),.UNSPECIFIED.);
#5009 = CARTESIAN_POINT('',(-0.349158413407,-1.233152635124,
    9.903223874049E-02));
#5010 = CARTESIAN_POINT('',(-0.348925196913,-1.234576813582,
    9.903223874049E-02));
#5011 = CARTESIAN_POINT('',(-0.348484631567,-1.237267205079,
    9.903223874049E-02));
#5012 = CARTESIAN_POINT('',(-0.347740933926,-1.241037000571,
    9.903223874049E-02));
#5013 = CARTESIAN_POINT('',(-0.346912905808,-1.244294962815,
    9.903223874049E-02));
#5014 = CARTESIAN_POINT('',(-0.346259478681,-1.246265449767,
    9.903223874049E-02));
#5015 = CARTESIAN_POINT('',(-0.345957193895,-1.247177025368,
    9.903223874049E-02));
#5016 = ORIENTED_EDGE('',*,*,#5017,.F.);
#5017 = EDGE_CURVE('',#5018,#5006,#5020,.T.);
#5018 = VERTEX_POINT('',#5019);
#5019 = CARTESIAN_POINT('',(-0.349806279261,-1.233152635124,
    9.903223874049E-02));
#5020 = LINE('',#5021,#5022);
#5021 = CARTESIAN_POINT('',(-0.349806279261,-1.233152635124,
    9.903223874049E-02));
#5022 = VECTOR('',#5023,1.);
#5023 = DIRECTION('',(1.,0.,0.));
#5024 = ORIENTED_EDGE('',*,*,#5025,.F.);
#5025 = EDGE_CURVE('',#5026,#5018,#5028,.T.);
#5026 = VERTEX_POINT('',#5027);
#5027 = CARTESIAN_POINT('',(-0.352893169505,-1.247177025368,
    9.903223874049E-02));
#5028 = B_SPLINE_CURVE_WITH_KNOTS('',3,(#5029,#5030,#5031,#5032,#5033,
    #5034,#5035),.UNSPECIFIED.,.F.,.F.,(4,1,1,1,4),(0.,0.174481715317,
    0.398285759128,0.673897847399,1.),.UNSPECIFIED.);
#5029 = CARTESIAN_POINT('',(-0.352893169505,-1.247177025368,
    9.903223874049E-02));
#5030 = CARTESIAN_POINT('',(-0.35264358848,-1.246379058478,
    9.903223874049E-02));
#5031 = CARTESIAN_POINT('',(-0.352073875099,-1.24455755616,
    9.903223874049E-02));
#5032 = CARTESIAN_POINT('',(-0.351327313506,-1.241413744245,
    9.903223874049E-02));
#5033 = CARTESIAN_POINT('',(-0.350595356716,-1.23752701385,
    9.903223874049E-02));
#5034 = CARTESIAN_POINT('',(-0.350083618461,-1.234690109918,
    9.903223874049E-02));
#5035 = CARTESIAN_POINT('',(-0.349806279261,-1.233152635124,
    9.903223874049E-02));
#5036 = ORIENTED_EDGE('',*,*,#5037,.F.);
#5037 = EDGE_CURVE('',#4990,#5026,#5038,.T.);
#5038 = LINE('',#5039,#5040);
#5039 = CARTESIAN_POINT('',(-0.382999876822,-1.330713610734,
    9.903223874049E-02));
#5040 = VECTOR('',#5041,1.);
#5041 = DIRECTION('',(0.339053795485,0.940766986967,0.));
#5042 = FACE_BOUND('',#5043,.T.);
#5043 = EDGE_LOOP('',(#5044,#5045,#5046,#5047,#5048,#5049,#5050,#5051));
#5044 = ORIENTED_EDGE('',*,*,#4804,.F.);
#5045 = ORIENTED_EDGE('',*,*,#4972,.F.);
#5046 = ORIENTED_EDGE('',*,*,#4948,.F.);
#5047 = ORIENTED_EDGE('',*,*,#4924,.F.);
#5048 = ORIENTED_EDGE('',*,*,#4900,.F.);
#5049 = ORIENTED_EDGE('',*,*,#4876,.F.);
#5050 = ORIENTED_EDGE('',*,*,#4852,.F.);
#5051 = ORIENTED_EDGE('',*,*,#4828,.F.);
#5052 = PLANE('',#5053);
#5053 = AXIS2_PLACEMENT_3D('',#5054,#5055,#5056);
#5054 = CARTESIAN_POINT('',(-8.203535724743E-04,2.233050450947E-03,
    9.903223874049E-02));
#5055 = DIRECTION('',(-0.,0.,1.));
#5056 = DIRECTION('',(1.,0.,0.));
#5057 = ADVANCED_FACE('',(#5058),#5083,.T.);
#5058 = FACE_BOUND('',#5059,.T.);
#5059 = EDGE_LOOP('',(#5060,#5070,#5076,#5077));
#5060 = ORIENTED_EDGE('',*,*,#5061,.F.);
#5061 = EDGE_CURVE('',#5062,#5064,#5066,.T.);
#5062 = VERTEX_POINT('',#5063);
#5063 = CARTESIAN_POINT('',(-0.316117254871,-1.330713610734,
    4.903223874049E-02));
#5064 = VERTEX_POINT('',#5065);
#5065 = CARTESIAN_POINT('',(-0.382999876822,-1.330713610734,
    4.903223874049E-02));
#5066 = LINE('',#5067,#5068);
#5067 = CARTESIAN_POINT('',(-0.316117254871,-1.330713610734,
    4.903223874049E-02));
#5068 = VECTOR('',#5069,1.);
#5069 = DIRECTION('',(-1.,0.,0.));
#5070 = ORIENTED_EDGE('',*,*,#5071,.F.);
#5071 = EDGE_CURVE('',#4988,#5062,#5072,.T.);
#5072 = LINE('',#5073,#5074);
#5073 = CARTESIAN_POINT('',(-0.316117254871,-1.330713610734,
    9.903223874049E-02));
#5074 = VECTOR('',#5075,1.);
#5075 = DIRECTION('',(-0.,-0.,-1.));
#5076 = ORIENTED_EDGE('',*,*,#4987,.T.);
#5077 = ORIENTED_EDGE('',*,*,#5078,.T.);
#5078 = EDGE_CURVE('',#4990,#5064,#5079,.T.);
#5079 = LINE('',#5080,#5081);
#5080 = CARTESIAN_POINT('',(-0.382999876822,-1.330713610734,
    9.903223874049E-02));
#5081 = VECTOR('',#5082,1.);
#5082 = DIRECTION('',(-0.,-0.,-1.));
#5083 = PLANE('',#5084);
#5084 = AXIS2_PLACEMENT_3D('',#5085,#5086,#5087);
#5085 = CARTESIAN_POINT('',(-0.316117254871,-1.330713610734,
    9.903223874049E-02));
#5086 = DIRECTION('',(0.,-1.,0.));
#5087 = DIRECTION('',(0.,-0.,-1.));
#5088 = ADVANCED_FACE('',(#5089),#5107,.T.);
#5089 = FACE_BOUND('',#5090,.T.);
#5090 = EDGE_LOOP('',(#5091,#5099,#5105,#5106));
#5091 = ORIENTED_EDGE('',*,*,#5092,.F.);
#5092 = EDGE_CURVE('',#5093,#5062,#5095,.T.);
#5093 = VERTEX_POINT('',#5094);
#5094 = CARTESIAN_POINT('',(-0.345957193895,-1.247177025368,
    4.903223874049E-02));
#5095 = LINE('',#5096,#5097);
#5096 = CARTESIAN_POINT('',(-0.345957193895,-1.247177025368,
    4.903223874049E-02));
#5097 = VECTOR('',#5098,1.);
#5098 = DIRECTION('',(0.336390827665,-0.941722470297,0.));
#5099 = ORIENTED_EDGE('',*,*,#5100,.F.);
#5100 = EDGE_CURVE('',#4998,#5093,#5101,.T.);
#5101 = LINE('',#5102,#5103);
#5102 = CARTESIAN_POINT('',(-0.345957193895,-1.247177025368,
    9.903223874049E-02));
#5103 = VECTOR('',#5104,1.);
#5104 = DIRECTION('',(-0.,-0.,-1.));
#5105 = ORIENTED_EDGE('',*,*,#4997,.T.);
#5106 = ORIENTED_EDGE('',*,*,#5071,.T.);
#5107 = PLANE('',#5108);
#5108 = AXIS2_PLACEMENT_3D('',#5109,#5110,#5111);
#5109 = CARTESIAN_POINT('',(-0.345957193895,-1.247177025368,
    9.903223874049E-02));
#5110 = DIRECTION('',(0.941722470297,0.336390827665,-0.));
#5111 = DIRECTION('',(-0.336390827665,0.941722470297,0.));
#5112 = ADVANCED_FACE('',(#5113),#5135,.T.);
#5113 = FACE_BOUND('',#5114,.T.);
#5114 = EDGE_LOOP('',(#5115,#5127,#5133,#5134));
#5115 = ORIENTED_EDGE('',*,*,#5116,.F.);
#5116 = EDGE_CURVE('',#5117,#5093,#5119,.T.);
#5117 = VERTEX_POINT('',#5118);
#5118 = CARTESIAN_POINT('',(-0.349158413407,-1.233152635124,
    4.903223874049E-02));
#5119 = B_SPLINE_CURVE_WITH_KNOTS('',3,(#5120,#5121,#5122,#5123,#5124,
    #5125,#5126),.UNSPECIFIED.,.F.,.F.,(4,1,1,1,4),(0.,0.300541113159,
    0.567747146484,0.800033613737,1.),.UNSPECIFIED.);
#5120 = CARTESIAN_POINT('',(-0.349158413407,-1.233152635124,
    4.903223874049E-02));
#5121 = CARTESIAN_POINT('',(-0.348925196913,-1.234576813582,
    4.903223874049E-02));
#5122 = CARTESIAN_POINT('',(-0.348484631567,-1.237267205079,
    4.903223874049E-02));
#5123 = CARTESIAN_POINT('',(-0.347740933926,-1.241037000571,
    4.903223874049E-02));
#5124 = CARTESIAN_POINT('',(-0.346912905808,-1.244294962815,
    4.903223874049E-02));
#5125 = CARTESIAN_POINT('',(-0.346259478681,-1.246265449767,
    4.903223874049E-02));
#5126 = CARTESIAN_POINT('',(-0.345957193895,-1.247177025368,
    4.903223874049E-02));
#5127 = ORIENTED_EDGE('',*,*,#5128,.F.);
#5128 = EDGE_CURVE('',#5006,#5117,#5129,.T.);
#5129 = LINE('',#5130,#5131);
#5130 = CARTESIAN_POINT('',(-0.349158413407,-1.233152635124,
    9.903223874049E-02));
#5131 = VECTOR('',#5132,1.);
#5132 = DIRECTION('',(-0.,-0.,-1.));
#5133 = ORIENTED_EDGE('',*,*,#5005,.T.);
#5134 = ORIENTED_EDGE('',*,*,#5100,.T.);
#5135 = B_SPLINE_SURFACE_WITH_KNOTS('',3,1,(
    (#5136,#5137)
    ,(#5138,#5139)
    ,(#5140,#5141)
    ,(#5142,#5143)
    ,(#5144,#5145)
    ,(#5146,#5147)
    ,(#5148,#5149
    )),.UNSPECIFIED.,.F.,.F.,.F.,(4,1,1,1,4),(2,2),(0.,0.300541113159,
    0.567747146484,0.800033613737,1.),(0.,1.),.UNSPECIFIED.);
#5136 = CARTESIAN_POINT('',(-0.349158413407,-1.233152635124,
    9.903223874049E-02));
#5137 = CARTESIAN_POINT('',(-0.349158413407,-1.233152635124,
    4.903223874049E-02));
#5138 = CARTESIAN_POINT('',(-0.348925196913,-1.234576813582,
    9.903223874049E-02));
#5139 = CARTESIAN_POINT('',(-0.348925196913,-1.234576813582,
    4.903223874049E-02));
#5140 = CARTESIAN_POINT('',(-0.348484631567,-1.237267205079,
    9.903223874049E-02));
#5141 = CARTESIAN_POINT('',(-0.348484631567,-1.237267205079,
    4.903223874049E-02));
#5142 = CARTESIAN_POINT('',(-0.347740933926,-1.241037000571,
    9.903223874049E-02));
#5143 = CARTESIAN_POINT('',(-0.347740933926,-1.241037000571,
    4.903223874049E-02));
#5144 = CARTESIAN_POINT('',(-0.346912905808,-1.244294962815,
    9.903223874049E-02));
#5145 = CARTESIAN_POINT('',(-0.346912905808,-1.244294962815,
    4.903223874049E-02));
#5146 = CARTESIAN_POINT('',(-0.346259478681,-1.246265449767,
    9.903223874049E-02));
#5147 = CARTESIAN_POINT('',(-0.346259478681,-1.246265449767,
    4.903223874049E-02));
#5148 = CARTESIAN_POINT('',(-0.345957193895,-1.247177025368,
    9.903223874049E-02));
#5149 = CARTESIAN_POINT('',(-0.345957193895,-1.247177025368,
    4.903223874049E-02));
#5150 = ADVANCED_FACE('',(#5151),#5169,.T.);
#5151 = FACE_BOUND('',#5152,.T.);
#5152 = EDGE_LOOP('',(#5153,#5161,#5167,#5168));
#5153 = ORIENTED_EDGE('',*,*,#5154,.F.);
#5154 = EDGE_CURVE('',#5155,#5117,#5157,.T.);
#5155 = VERTEX_POINT('',#5156);
#5156 = CARTESIAN_POINT('',(-0.349806279261,-1.233152635124,
    4.903223874049E-02));
#5157 = LINE('',#5158,#5159);
#5158 = CARTESIAN_POINT('',(-0.349806279261,-1.233152635124,
    4.903223874049E-02));
#5159 = VECTOR('',#5160,1.);
#5160 = DIRECTION('',(1.,0.,0.));
#5161 = ORIENTED_EDGE('',*,*,#5162,.F.);
#5162 = EDGE_CURVE('',#5018,#5155,#5163,.T.);
#5163 = LINE('',#5164,#5165);
#5164 = CARTESIAN_POINT('',(-0.349806279261,-1.233152635124,
    9.903223874049E-02));
#5165 = VECTOR('',#5166,1.);
#5166 = DIRECTION('',(-0.,-0.,-1.));
#5167 = ORIENTED_EDGE('',*,*,#5017,.T.);
#5168 = ORIENTED_EDGE('',*,*,#5128,.T.);
#5169 = PLANE('',#5170);
#5170 = AXIS2_PLACEMENT_3D('',#5171,#5172,#5173);
#5171 = CARTESIAN_POINT('',(-0.349806279261,-1.233152635124,
    9.903223874049E-02));
#5172 = DIRECTION('',(0.,1.,0.));
#5173 = DIRECTION('',(0.,-0.,1.));
#5174 = ADVANCED_FACE('',(#5175),#5197,.T.);
#5175 = FACE_BOUND('',#5176,.T.);
#5176 = EDGE_LOOP('',(#5177,#5189,#5195,#5196));
#5177 = ORIENTED_EDGE('',*,*,#5178,.F.);
#5178 = EDGE_CURVE('',#5179,#5155,#5181,.T.);
#5179 = VERTEX_POINT('',#5180);
#5180 = CARTESIAN_POINT('',(-0.352893169505,-1.247177025368,
    4.903223874049E-02));
#5181 = B_SPLINE_CURVE_WITH_KNOTS('',3,(#5182,#5183,#5184,#5185,#5186,
    #5187,#5188),.UNSPECIFIED.,.F.,.F.,(4,1,1,1,4),(0.,0.174481715317,
    0.398285759128,0.673897847399,1.),.UNSPECIFIED.);
#5182 = CARTESIAN_POINT('',(-0.352893169505,-1.247177025368,
    4.903223874049E-02));
#5183 = CARTESIAN_POINT('',(-0.35264358848,-1.246379058478,
    4.903223874049E-02));
#5184 = CARTESIAN_POINT('',(-0.352073875099,-1.24455755616,
    4.903223874049E-02));
#5185 = CARTESIAN_POINT('',(-0.351327313506,-1.241413744245,
    4.903223874049E-02));
#5186 = CARTESIAN_POINT('',(-0.350595356716,-1.23752701385,
    4.903223874049E-02));
#5187 = CARTESIAN_POINT('',(-0.350083618461,-1.234690109918,
    4.903223874049E-02));
#5188 = CARTESIAN_POINT('',(-0.349806279261,-1.233152635124,
    4.903223874049E-02));
#5189 = ORIENTED_EDGE('',*,*,#5190,.F.);
#5190 = EDGE_CURVE('',#5026,#5179,#5191,.T.);
#5191 = LINE('',#5192,#5193);
#5192 = CARTESIAN_POINT('',(-0.352893169505,-1.247177025368,
    9.903223874049E-02));
#5193 = VECTOR('',#5194,1.);
#5194 = DIRECTION('',(-0.,-0.,-1.));
#5195 = ORIENTED_EDGE('',*,*,#5025,.T.);
#5196 = ORIENTED_EDGE('',*,*,#5162,.T.);
#5197 = B_SPLINE_SURFACE_WITH_KNOTS('',3,1,(
    (#5198,#5199)
    ,(#5200,#5201)
    ,(#5202,#5203)
    ,(#5204,#5205)
    ,(#5206,#5207)
    ,(#5208,#5209)
    ,(#5210,#5211
    )),.UNSPECIFIED.,.F.,.F.,.F.,(4,1,1,1,4),(2,2),(0.,0.174481715317,
    0.398285759128,0.673897847399,1.),(0.,1.),.UNSPECIFIED.);
#5198 = CARTESIAN_POINT('',(-0.352893169505,-1.247177025368,
    9.903223874049E-02));
#5199 = CARTESIAN_POINT('',(-0.352893169505,-1.247177025368,
    4.903223874049E-02));
#5200 = CARTESIAN_POINT('',(-0.35264358848,-1.246379058478,
    9.903223874049E-02));
#5201 = CARTESIAN_POINT('',(-0.35264358848,-1.246379058478,
    4.903223874049E-02));
#5202 = CARTESIAN_POINT('',(-0.352073875099,-1.24455755616,
    9.903223874049E-02));
#5203 = CARTESIAN_POINT('',(-0.352073875099,-1.24455755616,
    4.903223874049E-02));
#5204 = CARTESIAN_POINT('',(-0.351327313506,-1.241413744245,
    9.903223874049E-02));
#5205 = CARTESIAN_POINT('',(-0.351327313506,-1.241413744245,
    4.903223874049E-02));
#5206 = CARTESIAN_POINT('',(-0.350595356716,-1.23752701385,
    9.903223874049E-02));
#5207 = CARTESIAN_POINT('',(-0.350595356716,-1.23752701385,
    4.903223874049E-02));
#5208 = CARTESIAN_POINT('',(-0.350083618461,-1.234690109918,
    9.903223874049E-02));
#5209 = CARTESIAN_POINT('',(-0.350083618461,-1.234690109918,
    4.903223874049E-02));
#5210 = CARTESIAN_POINT('',(-0.349806279261,-1.233152635124,
    9.903223874049E-02));
#5211 = CARTESIAN_POINT('',(-0.349806279261,-1.233152635124,
    4.903223874049E-02));
#5212 = ADVANCED_FACE('',(#5213),#5224,.T.);
#5213 = FACE_BOUND('',#5214,.T.);
#5214 = EDGE_LOOP('',(#5215,#5221,#5222,#5223));
#5215 = ORIENTED_EDGE('',*,*,#5216,.F.);
#5216 = EDGE_CURVE('',#5064,#5179,#5217,.T.);
#5217 = LINE('',#5218,#5219);
#5218 = CARTESIAN_POINT('',(-0.382999876822,-1.330713610734,
    4.903223874049E-02));
#5219 = VECTOR('',#5220,1.);
#5220 = DIRECTION('',(0.339053795485,0.940766986967,0.));
#5221 = ORIENTED_EDGE('',*,*,#5078,.F.);
#5222 = ORIENTED_EDGE('',*,*,#5037,.T.);
#5223 = ORIENTED_EDGE('',*,*,#5190,.T.);
#5224 = PLANE('',#5225);
#5225 = AXIS2_PLACEMENT_3D('',#5226,#5227,#5228);
#5226 = CARTESIAN_POINT('',(-0.382999876822,-1.330713610734,
    9.903223874049E-02));
#5227 = DIRECTION('',(-0.940766986967,0.339053795485,0.));
#5228 = DIRECTION('',(-0.339053795485,-0.940766986967,0.));
#5229 = ADVANCED_FACE('',(#5230),#5255,.T.);
#5230 = FACE_BOUND('',#5231,.T.);
#5231 = EDGE_LOOP('',(#5232,#5233,#5241,#5249));
#5232 = ORIENTED_EDGE('',*,*,#2801,.F.);
#5233 = ORIENTED_EDGE('',*,*,#5234,.F.);
#5234 = EDGE_CURVE('',#5235,#2778,#5237,.T.);
#5235 = VERTEX_POINT('',#5236);
#5236 = CARTESIAN_POINT('',(-0.139783413407,-1.408762391222,
    9.903223874049E-02));
#5237 = LINE('',#5238,#5239);
#5238 = CARTESIAN_POINT('',(-0.139783413407,-1.408762391222,
    9.903223874049E-02));
#5239 = VECTOR('',#5240,1.);
#5240 = DIRECTION('',(-0.,-0.,-1.));
#5241 = ORIENTED_EDGE('',*,*,#5242,.T.);
#5242 = EDGE_CURVE('',#5235,#5243,#5245,.T.);
#5243 = VERTEX_POINT('',#5244);
#5244 = CARTESIAN_POINT('',(-8.540079145587E-02,-1.408762391222,
    9.903223874049E-02));
#5245 = LINE('',#5246,#5247);
#5246 = CARTESIAN_POINT('',(-0.139783413407,-1.408762391222,
    9.903223874049E-02));
#5247 = VECTOR('',#5248,1.);
#5248 = DIRECTION('',(1.,0.,0.));
#5249 = ORIENTED_EDGE('',*,*,#5250,.T.);
#5250 = EDGE_CURVE('',#5243,#2802,#5251,.T.);
#5251 = LINE('',#5252,#5253);
#5252 = CARTESIAN_POINT('',(-8.540079145587E-02,-1.408762391222,
    9.903223874049E-02));
#5253 = VECTOR('',#5254,1.);
#5254 = DIRECTION('',(-0.,-0.,-1.));
#5255 = PLANE('',#5256);
#5256 = AXIS2_PLACEMENT_3D('',#5257,#5258,#5259);
#5257 = CARTESIAN_POINT('',(-0.139783413407,-1.408762391222,
    9.903223874049E-02));
#5258 = DIRECTION('',(0.,1.,0.));
#5259 = DIRECTION('',(0.,-0.,1.));
#5260 = ADVANCED_FACE('',(#5261),#5279,.T.);
#5261 = FACE_BOUND('',#5262,.T.);
#5262 = EDGE_LOOP('',(#5263,#5264,#5265,#5273));
#5263 = ORIENTED_EDGE('',*,*,#2809,.F.);
#5264 = ORIENTED_EDGE('',*,*,#5250,.F.);
#5265 = ORIENTED_EDGE('',*,*,#5266,.T.);
#5266 = EDGE_CURVE('',#5243,#5267,#5269,.T.);
#5267 = VERTEX_POINT('',#5268);
#5268 = CARTESIAN_POINT('',(-8.540079145587E-02,-1.208762391222,
    9.903223874049E-02));
#5269 = LINE('',#5270,#5271);
#5270 = CARTESIAN_POINT('',(-8.540079145587E-02,-1.408762391222,
    9.903223874049E-02));
#5271 = VECTOR('',#5272,1.);
#5272 = DIRECTION('',(0.,1.,0.));
#5273 = ORIENTED_EDGE('',*,*,#5274,.T.);
#5274 = EDGE_CURVE('',#5267,#2810,#5275,.T.);
#5275 = LINE('',#5276,#5277);
#5276 = CARTESIAN_POINT('',(-8.540079145587E-02,-1.208762391222,
    9.903223874049E-02));
#5277 = VECTOR('',#5278,1.);
#5278 = DIRECTION('',(-0.,-0.,-1.));
#5279 = PLANE('',#5280);
#5280 = AXIS2_PLACEMENT_3D('',#5281,#5282,#5283);
#5281 = CARTESIAN_POINT('',(-8.540079145587E-02,-1.408762391222,
    9.903223874049E-02));
#5282 = DIRECTION('',(-1.,0.,0.));
#5283 = DIRECTION('',(0.,0.,1.));
#5284 = ADVANCED_FACE('',(#5285),#5303,.T.);
#5285 = FACE_BOUND('',#5286,.T.);
#5286 = EDGE_LOOP('',(#5287,#5288,#5289,#5297));
#5287 = ORIENTED_EDGE('',*,*,#2817,.F.);
#5288 = ORIENTED_EDGE('',*,*,#5274,.F.);
#5289 = ORIENTED_EDGE('',*,*,#5290,.T.);
#5290 = EDGE_CURVE('',#5267,#5291,#5293,.T.);
#5291 = VERTEX_POINT('',#5292);
#5292 = CARTESIAN_POINT('',(-0.141841340236,-1.208762391222,
    9.903223874049E-02));
#5293 = LINE('',#5294,#5295);
#5294 = CARTESIAN_POINT('',(-8.540079145587E-02,-1.208762391222,
    9.903223874049E-02));
#5295 = VECTOR('',#5296,1.);
#5296 = DIRECTION('',(-1.,0.,0.));
#5297 = ORIENTED_EDGE('',*,*,#5298,.T.);
#5298 = EDGE_CURVE('',#5291,#2818,#5299,.T.);
#5299 = LINE('',#5300,#5301);
#5300 = CARTESIAN_POINT('',(-0.141841340236,-1.208762391222,
    9.903223874049E-02));
#5301 = VECTOR('',#5302,1.);
#5302 = DIRECTION('',(-0.,-0.,-1.));
#5303 = PLANE('',#5304);
#5304 = AXIS2_PLACEMENT_3D('',#5305,#5306,#5307);
#5305 = CARTESIAN_POINT('',(-8.540079145587E-02,-1.208762391222,
    9.903223874049E-02));
#5306 = DIRECTION('',(0.,-1.,0.));
#5307 = DIRECTION('',(0.,-0.,-1.));
#5308 = ADVANCED_FACE('',(#5309),#5343,.T.);
#5309 = FACE_BOUND('',#5310,.T.);
#5310 = EDGE_LOOP('',(#5311,#5312,#5313,#5337));
#5311 = ORIENTED_EDGE('',*,*,#2825,.F.);
#5312 = ORIENTED_EDGE('',*,*,#5298,.F.);
#5313 = ORIENTED_EDGE('',*,*,#5314,.T.);
#5314 = EDGE_CURVE('',#5291,#5315,#5317,.T.);
#5315 = VERTEX_POINT('',#5316);
#5316 = CARTESIAN_POINT('',(-0.246376401212,-1.306247147319,
    9.903223874049E-02));
#5317 = B_SPLINE_CURVE_WITH_KNOTS('',3,(#5318,#5319,#5320,#5321,#5322,
    #5323,#5324,#5325,#5326,#5327,#5328,#5329,#5330,#5331,#5332,#5333,
    #5334,#5335,#5336),.UNSPECIFIED.,.F.,.F.,(4,1,1,1,1,1,1,1,1,1,1,1,1,
    1,1,1,4),(0.,6.86311786766E-02,0.134566466039,0.198328154011,
    0.260789766641,0.321999151484,0.382721746503,0.443537474036,
    0.505133429485,0.566213874765,0.626105864618,0.685349322161,
    0.744995870348,0.805415841815,0.867636266346,0.932307782302,1.),
  .UNSPECIFIED.);
#5318 = CARTESIAN_POINT('',(-0.141841340236,-1.208762391222,
    9.903223874049E-02));
#5319 = CARTESIAN_POINT('',(-0.14551571305,-1.208844289612,
    9.903223874049E-02));
#5320 = CARTESIAN_POINT('',(-0.152720126174,-1.209004869355,
    9.903223874049E-02));
#5321 = CARTESIAN_POINT('',(-0.163284955011,-1.210224660403,
    9.903223874049E-02));
#5322 = CARTESIAN_POINT('',(-0.173364123613,-1.212341394365,
    9.903223874049E-02));
#5323 = CARTESIAN_POINT('',(-0.182985349019,-1.215229094111,
    9.903223874049E-02));
#5324 = CARTESIAN_POINT('',(-0.192159775829,-1.21891809902,
    9.903223874049E-02));
#5325 = CARTESIAN_POINT('',(-0.20080097339,-1.223539437365,
    9.903223874049E-02));
#5326 = CARTESIAN_POINT('',(-0.209003754201,-1.228932495085,
    9.903223874049E-02));
#5327 = CARTESIAN_POINT('',(-0.216661376694,-1.235108968742,
    9.903223874049E-02));
#5328 = CARTESIAN_POINT('',(-0.223641031806,-1.241976599639,
    9.903223874049E-02));
#5329 = CARTESIAN_POINT('',(-0.229725455988,-1.249487534372,
    9.903223874049E-02));
#5330 = CARTESIAN_POINT('',(-0.234934668056,-1.257541315292,
    9.903223874049E-02));
#5331 = CARTESIAN_POINT('',(-0.239126712914,-1.266201622863,
    9.903223874049E-02));
#5332 = CARTESIAN_POINT('',(-0.242381710604,-1.275421795347,
    9.903223874049E-02));
#5333 = CARTESIAN_POINT('',(-0.244686673434,-1.285195146937,
    9.903223874049E-02));
#5334 = CARTESIAN_POINT('',(-0.246140462974,-1.295532747154,
    9.903223874049E-02));
#5335 = CARTESIAN_POINT('',(-0.246296567633,-1.302621754005,
    9.903223874049E-02));
#5336 = CARTESIAN_POINT('',(-0.246376401212,-1.306247147319,
    9.903223874049E-02));
#5337 = ORIENTED_EDGE('',*,*,#5338,.T.);
#5338 = EDGE_CURVE('',#5315,#2776,#5339,.T.);
#5339 = LINE('',#5340,#5341);
#5340 = CARTESIAN_POINT('',(-0.246376401212,-1.306247147319,
    9.903223874049E-02));
#5341 = VECTOR('',#5342,1.);
#5342 = DIRECTION('',(-0.,-0.,-1.));
#5343 = B_SPLINE_SURFACE_WITH_KNOTS('',3,1,(
    (#5344,#5345)
    ,(#5346,#5347)
    ,(#5348,#5349)
    ,(#5350,#5351)
    ,(#5352,#5353)
    ,(#5354,#5355)
    ,(#5356,#5357)
    ,(#5358,#5359)
    ,(#5360,#5361)
    ,(#5362,#5363)
    ,(#5364,#5365)
    ,(#5366,#5367)
    ,(#5368,#5369)
    ,(#5370,#5371)
    ,(#5372,#5373)
    ,(#5374,#5375)
    ,(#5376,#5377)
    ,(#5378,#5379)
    ,(#5380,#5381
    )),.UNSPECIFIED.,.F.,.F.,.F.,(4,1,1,1,1,1,1,1,1,1,1,1,1,1,1,1,4),(2,
    2),(0.,6.86311786766E-02,0.134566466039,0.198328154011,
    0.260789766641,0.321999151484,0.382721746503,0.443537474036,
    0.505133429485,0.566213874765,0.626105864618,0.685349322161,
    0.744995870348,0.805415841815,0.867636266346,0.932307782302,1.),(0.,
    1.),.UNSPECIFIED.);
#5344 = CARTESIAN_POINT('',(-0.141841340236,-1.208762391222,
    9.903223874049E-02));
#5345 = CARTESIAN_POINT('',(-0.141841340236,-1.208762391222,
    4.903223874049E-02));
#5346 = CARTESIAN_POINT('',(-0.14551571305,-1.208844289612,
    9.903223874049E-02));
#5347 = CARTESIAN_POINT('',(-0.14551571305,-1.208844289612,
    4.903223874049E-02));
#5348 = CARTESIAN_POINT('',(-0.152720126174,-1.209004869355,
    9.903223874049E-02));
#5349 = CARTESIAN_POINT('',(-0.152720126174,-1.209004869355,
    4.903223874049E-02));
#5350 = CARTESIAN_POINT('',(-0.163284955011,-1.210224660403,
    9.903223874049E-02));
#5351 = CARTESIAN_POINT('',(-0.163284955011,-1.210224660403,
    4.903223874049E-02));
#5352 = CARTESIAN_POINT('',(-0.173364123613,-1.212341394365,
    9.903223874049E-02));
#5353 = CARTESIAN_POINT('',(-0.173364123613,-1.212341394365,
    4.903223874049E-02));
#5354 = CARTESIAN_POINT('',(-0.182985349019,-1.215229094111,
    9.903223874049E-02));
#5355 = CARTESIAN_POINT('',(-0.182985349019,-1.215229094111,
    4.903223874049E-02));
#5356 = CARTESIAN_POINT('',(-0.192159775829,-1.21891809902,
    9.903223874049E-02));
#5357 = CARTESIAN_POINT('',(-0.192159775829,-1.21891809902,
    4.903223874049E-02));
#5358 = CARTESIAN_POINT('',(-0.20080097339,-1.223539437365,
    9.903223874049E-02));
#5359 = CARTESIAN_POINT('',(-0.20080097339,-1.223539437365,
    4.903223874049E-02));
#5360 = CARTESIAN_POINT('',(-0.209003754201,-1.228932495085,
    9.903223874049E-02));
#5361 = CARTESIAN_POINT('',(-0.209003754201,-1.228932495085,
    4.903223874049E-02));
#5362 = CARTESIAN_POINT('',(-0.216661376694,-1.235108968742,
    9.903223874049E-02));
#5363 = CARTESIAN_POINT('',(-0.216661376694,-1.235108968742,
    4.903223874049E-02));
#5364 = CARTESIAN_POINT('',(-0.223641031806,-1.241976599639,
    9.903223874049E-02));
#5365 = CARTESIAN_POINT('',(-0.223641031806,-1.241976599639,
    4.903223874049E-02));
#5366 = CARTESIAN_POINT('',(-0.229725455988,-1.249487534372,
    9.903223874049E-02));
#5367 = CARTESIAN_POINT('',(-0.229725455988,-1.249487534372,
    4.903223874049E-02));
#5368 = CARTESIAN_POINT('',(-0.234934668056,-1.257541315292,
    9.903223874049E-02));
#5369 = CARTESIAN_POINT('',(-0.234934668056,-1.257541315292,
    4.903223874049E-02));
#5370 = CARTESIAN_POINT('',(-0.239126712914,-1.266201622863,
    9.903223874049E-02));
#5371 = CARTESIAN_POINT('',(-0.239126712914,-1.266201622863,
    4.903223874049E-02));
#5372 = CARTESIAN_POINT('',(-0.242381710604,-1.275421795347,
    9.903223874049E-02));
#5373 = CARTESIAN_POINT('',(-0.242381710604,-1.275421795347,
    4.903223874049E-02));
#5374 = CARTESIAN_POINT('',(-0.244686673434,-1.285195146937,
    9.903223874049E-02));
#5375 = CARTESIAN_POINT('',(-0.244686673434,-1.285195146937,
    4.903223874049E-02));
#5376 = CARTESIAN_POINT('',(-0.246140462974,-1.295532747154,
    9.903223874049E-02));
#5377 = CARTESIAN_POINT('',(-0.246140462974,-1.295532747154,
    4.903223874049E-02));
#5378 = CARTESIAN_POINT('',(-0.246296567633,-1.302621754005,
    9.903223874049E-02));
#5379 = CARTESIAN_POINT('',(-0.246296567633,-1.302621754005,
    4.903223874049E-02));
#5380 = CARTESIAN_POINT('',(-0.246376401212,-1.306247147319,
    9.903223874049E-02));
#5381 = CARTESIAN_POINT('',(-0.246376401212,-1.306247147319,
    4.903223874049E-02));
#5382 = ADVANCED_FACE('',(#5383),#5410,.T.);
#5383 = FACE_BOUND('',#5384,.T.);
#5384 = EDGE_LOOP('',(#5385,#5386,#5387,#5409));
#5385 = ORIENTED_EDGE('',*,*,#2775,.F.);
#5386 = ORIENTED_EDGE('',*,*,#5338,.F.);
#5387 = ORIENTED_EDGE('',*,*,#5388,.T.);
#5388 = EDGE_CURVE('',#5315,#5235,#5389,.T.);
#5389 = B_SPLINE_CURVE_WITH_KNOTS('',3,(#5390,#5391,#5392,#5393,#5394,
    #5395,#5396,#5397,#5398,#5399,#5400,#5401,#5402,#5403,#5404,#5405,
    #5406,#5407,#5408),.UNSPECIFIED.,.F.,.F.,(4,1,1,1,1,1,1,1,1,1,1,1,1,
    1,1,1,4),(0.,6.806869584499E-02,0.133427432819,0.196146033813,
    0.257048592449,0.316882663159,0.376187208666,0.435960335364,
    0.496535236863,0.557465343481,0.61768686341,0.677943640697,
    0.738805284806,0.800949336767,0.86481466747,0.931024781079,1.),
  .UNSPECIFIED.);
#5390 = CARTESIAN_POINT('',(-0.246376401212,-1.306247147319,
    9.903223874049E-02));
#5391 = CARTESIAN_POINT('',(-0.246295627771,-1.310024664221,
    9.903223874049E-02));
#5392 = CARTESIAN_POINT('',(-0.246137296652,-1.317429307079,
    9.903223874049E-02));
#5393 = CARTESIAN_POINT('',(-0.244690140926,-1.328235746095,
    9.903223874049E-02));
#5394 = CARTESIAN_POINT('',(-0.242380001709,-1.338475152683,
    9.903223874049E-02));
#5395 = CARTESIAN_POINT('',(-0.239137249337,-1.348141709651,
    9.903223874049E-02));
#5396 = CARTESIAN_POINT('',(-0.234938832115,-1.357228444721,
    9.903223874049E-02));
#5397 = CARTESIAN_POINT('',(-0.229733420182,-1.365702160126,
    9.903223874049E-02));
#5398 = CARTESIAN_POINT('',(-0.223661310094,-1.373627465145,
    9.903223874049E-02));
#5399 = CARTESIAN_POINT('',(-0.216680900181,-1.380895776599,
    9.903223874049E-02));
#5400 = CARTESIAN_POINT('',(-0.208961069867,-1.387400889428,
    9.903223874049E-02));
#5401 = CARTESIAN_POINT('',(-0.200706102611,-1.39318625188,
    9.903223874049E-02));
#5402 = CARTESIAN_POINT('',(-0.191845067159,-1.397993117013,
    9.903223874049E-02));
#5403 = CARTESIAN_POINT('',(-0.182453645466,-1.401920554535,
    9.903223874049E-02));
#5404 = CARTESIAN_POINT('',(-0.172548263152,-1.405038705148,
    9.903223874049E-02));
#5405 = CARTESIAN_POINT('',(-0.162085991605,-1.407161700839,
    9.903223874049E-02));
#5406 = CARTESIAN_POINT('',(-0.151114379498,-1.408557384561,
    9.903223874049E-02));
#5407 = CARTESIAN_POINT('',(-0.143611556803,-1.408693130147,
    9.903223874049E-02));
#5408 = CARTESIAN_POINT('',(-0.139783413407,-1.408762391222,
    9.903223874049E-02));
#5409 = ORIENTED_EDGE('',*,*,#5234,.T.);
#5410 = B_SPLINE_SURFACE_WITH_KNOTS('',3,1,(
    (#5411,#5412)
    ,(#5413,#5414)
    ,(#5415,#5416)
    ,(#5417,#5418)
    ,(#5419,#5420)
    ,(#5421,#5422)
    ,(#5423,#5424)
    ,(#5425,#5426)
    ,(#5427,#5428)
    ,(#5429,#5430)
    ,(#5431,#5432)
    ,(#5433,#5434)
    ,(#5435,#5436)
    ,(#5437,#5438)
    ,(#5439,#5440)
    ,(#5441,#5442)
    ,(#5443,#5444)
    ,(#5445,#5446)
    ,(#5447,#5448
    )),.UNSPECIFIED.,.F.,.F.,.F.,(4,1,1,1,1,1,1,1,1,1,1,1,1,1,1,1,4),(2,
    2),(0.,6.806869584499E-02,0.133427432819,0.196146033813,
    0.257048592449,0.316882663159,0.376187208666,0.435960335364,
    0.496535236863,0.557465343481,0.61768686341,0.677943640697,
    0.738805284806,0.800949336767,0.86481466747,0.931024781079,1.),(0.,
    1.),.UNSPECIFIED.);
#5411 = CARTESIAN_POINT('',(-0.246376401212,-1.306247147319,
    9.903223874049E-02));
#5412 = CARTESIAN_POINT('',(-0.246376401212,-1.306247147319,
    4.903223874049E-02));
#5413 = CARTESIAN_POINT('',(-0.246295627771,-1.310024664221,
    9.903223874049E-02));
#5414 = CARTESIAN_POINT('',(-0.246295627771,-1.310024664221,
    4.903223874049E-02));
#5415 = CARTESIAN_POINT('',(-0.246137296652,-1.317429307079,
    9.903223874049E-02));
#5416 = CARTESIAN_POINT('',(-0.246137296652,-1.317429307079,
    4.903223874049E-02));
#5417 = CARTESIAN_POINT('',(-0.244690140926,-1.328235746095,
    9.903223874049E-02));
#5418 = CARTESIAN_POINT('',(-0.244690140926,-1.328235746095,
    4.903223874049E-02));
#5419 = CARTESIAN_POINT('',(-0.242380001709,-1.338475152683,
    9.903223874049E-02));
#5420 = CARTESIAN_POINT('',(-0.242380001709,-1.338475152683,
    4.903223874049E-02));
#5421 = CARTESIAN_POINT('',(-0.239137249337,-1.348141709651,
    9.903223874049E-02));
#5422 = CARTESIAN_POINT('',(-0.239137249337,-1.348141709651,
    4.903223874049E-02));
#5423 = CARTESIAN_POINT('',(-0.234938832115,-1.357228444721,
    9.903223874049E-02));
#5424 = CARTESIAN_POINT('',(-0.234938832115,-1.357228444721,
    4.903223874049E-02));
#5425 = CARTESIAN_POINT('',(-0.229733420182,-1.365702160126,
    9.903223874049E-02));
#5426 = CARTESIAN_POINT('',(-0.229733420182,-1.365702160126,
    4.903223874049E-02));
#5427 = CARTESIAN_POINT('',(-0.223661310094,-1.373627465145,
    9.903223874049E-02));
#5428 = CARTESIAN_POINT('',(-0.223661310094,-1.373627465145,
    4.903223874049E-02));
#5429 = CARTESIAN_POINT('',(-0.216680900181,-1.380895776599,
    9.903223874049E-02));
#5430 = CARTESIAN_POINT('',(-0.216680900181,-1.380895776599,
    4.903223874049E-02));
#5431 = CARTESIAN_POINT('',(-0.208961069867,-1.387400889428,
    9.903223874049E-02));
#5432 = CARTESIAN_POINT('',(-0.208961069867,-1.387400889428,
    4.903223874049E-02));
#5433 = CARTESIAN_POINT('',(-0.200706102611,-1.39318625188,
    9.903223874049E-02));
#5434 = CARTESIAN_POINT('',(-0.200706102611,-1.39318625188,
    4.903223874049E-02));
#5435 = CARTESIAN_POINT('',(-0.191845067159,-1.397993117013,
    9.903223874049E-02));
#5436 = CARTESIAN_POINT('',(-0.191845067159,-1.397993117013,
    4.903223874049E-02));
#5437 = CARTESIAN_POINT('',(-0.182453645466,-1.401920554535,
    9.903223874049E-02));
#5438 = CARTESIAN_POINT('',(-0.182453645466,-1.401920554535,
    4.903223874049E-02));
#5439 = CARTESIAN_POINT('',(-0.172548263152,-1.405038705148,
    9.903223874049E-02));
#5440 = CARTESIAN_POINT('',(-0.172548263152,-1.405038705148,
    4.903223874049E-02));
#5441 = CARTESIAN_POINT('',(-0.162085991605,-1.407161700839,
    9.903223874049E-02));
#5442 = CARTESIAN_POINT('',(-0.162085991605,-1.407161700839,
    4.903223874049E-02));
#5443 = CARTESIAN_POINT('',(-0.151114379498,-1.408557384561,
    9.903223874049E-02));
#5444 = CARTESIAN_POINT('',(-0.151114379498,-1.408557384561,
    4.903223874049E-02));
#5445 = CARTESIAN_POINT('',(-0.143611556803,-1.408693130147,
    9.903223874049E-02));
#5446 = CARTESIAN_POINT('',(-0.143611556803,-1.408693130147,
    4.903223874049E-02));
#5447 = CARTESIAN_POINT('',(-0.139783413407,-1.408762391222,
    9.903223874049E-02));
#5448 = CARTESIAN_POINT('',(-0.139783413407,-1.408762391222,
    4.903223874049E-02));
#5449 = ADVANCED_FACE('',(#5450,#5524),#5531,.T.);
#5450 = FACE_BOUND('',#5451,.T.);
#5451 = EDGE_LOOP('',(#5452,#5478,#5502,#5510,#5518));
#5452 = ORIENTED_EDGE('',*,*,#5453,.F.);
#5453 = EDGE_CURVE('',#5454,#5456,#5458,.T.);
#5454 = VERTEX_POINT('',#5455);
#5455 = CARTESIAN_POINT('',(-0.219547132919,-1.306818793661,
    9.903223874049E-02));
#5456 = VERTEX_POINT('',#5457);
#5457 = CARTESIAN_POINT('',(-0.141727010968,-1.230713610734,
    9.903223874049E-02));
#5458 = B_SPLINE_CURVE_WITH_KNOTS('',3,(#5459,#5460,#5461,#5462,#5463,
    #5464,#5465,#5466,#5467,#5468,#5469,#5470,#5471,#5472,#5473,#5474,
    #5475,#5476,#5477),.UNSPECIFIED.,.F.,.F.,(4,1,1,1,1,1,1,1,1,1,1,1,1,
    1,1,1,4),(0.,7.430379644281E-02,0.144393610364,0.210499496103,
    0.273542606503,0.333824744579,0.392529672409,0.4500874546,
    0.507820611556,0.565464912777,0.623148722334,0.681297192791,
    0.740913498157,0.801855752196,0.865241237721,0.930941657047,1.),
  .UNSPECIFIED.);
#5459 = CARTESIAN_POINT('',(-0.219547132919,-1.306818793661,
    9.903223874049E-02));
#5460 = CARTESIAN_POINT('',(-0.219481576803,-1.303754616633,
    9.903223874049E-02));
#5461 = CARTESIAN_POINT('',(-0.219354182446,-1.297800040892,
    9.903223874049E-02));
#5462 = CARTESIAN_POINT('',(-0.218362939606,-1.289163839318,
    9.903223874049E-02));
#5463 = CARTESIAN_POINT('',(-0.216701742597,-1.281106444291,
    9.903223874049E-02));
#5464 = CARTESIAN_POINT('',(-0.214339980462,-1.273646694929,
    9.903223874049E-02));
#5465 = CARTESIAN_POINT('',(-0.21132547439,-1.26675582694,
    9.903223874049E-02));
#5466 = CARTESIAN_POINT('',(-0.20761350809,-1.260473321254,
    9.903223874049E-02));
#5467 = CARTESIAN_POINT('',(-0.203232854679,-1.254768377901,
    9.903223874049E-02));
#5468 = CARTESIAN_POINT('',(-0.198184144994,-1.249706463422,
    9.903223874049E-02));
#5469 = CARTESIAN_POINT('',(-0.192591340025,-1.245256310064,
    9.903223874049E-02));
#5470 = CARTESIAN_POINT('',(-0.186591941135,-1.241339956033,
    9.903223874049E-02));
#5471 = CARTESIAN_POINT('',(-0.18013390523,-1.238051627963,
    9.903223874049E-02));
#5472 = CARTESIAN_POINT('',(-0.173267818853,-1.235349442756,
    9.903223874049E-02));
#5473 = CARTESIAN_POINT('',(-0.165970444297,-1.233240932043,
    9.903223874049E-02));
#5474 = CARTESIAN_POINT('',(-0.158264169477,-1.231777411855,
    9.903223874049E-02));
#5475 = CARTESIAN_POINT('',(-0.15013210131,-1.2308865579,
    9.903223874049E-02));
#5476 = CARTESIAN_POINT('',(-0.144574866209,-1.230772209568,
    9.903223874049E-02));
#5477 = CARTESIAN_POINT('',(-0.141727010968,-1.230713610734,
    9.903223874049E-02));
#5478 = ORIENTED_EDGE('',*,*,#5479,.F.);
#5479 = EDGE_CURVE('',#5480,#5454,#5482,.T.);
#5480 = VERTEX_POINT('',#5481);
#5481 = CARTESIAN_POINT('',(-0.140621828041,-1.38681117171,
    9.903223874049E-02));
#5482 = B_SPLINE_CURVE_WITH_KNOTS('',3,(#5483,#5484,#5485,#5486,#5487,
    #5488,#5489,#5490,#5491,#5492,#5493,#5494,#5495,#5496,#5497,#5498,
    #5499,#5500,#5501),.UNSPECIFIED.,.F.,.F.,(4,1,1,1,1,1,1,1,1,1,1,1,1,
    1,1,1,4),(0.,7.082657255516E-02,0.13816903328,0.202475331534,
    0.263973754414,0.323380320598,0.381797622713,0.439390074519,
    0.496902724546,0.554662169609,0.612741878492,0.671538836391,
    0.73165572209,0.794297811614,0.859482204979,0.927681325453,1.),
  .UNSPECIFIED.);
#5483 = CARTESIAN_POINT('',(-0.140621828041,-1.38681117171,
    9.903223874049E-02));
#5484 = CARTESIAN_POINT('',(-0.143635341796,-1.386746029926,
    9.903223874049E-02));
#5485 = CARTESIAN_POINT('',(-0.149514128064,-1.386618950824,
    9.903223874049E-02));
#5486 = CARTESIAN_POINT('',(-0.158081439373,-1.385609790502,
    9.903223874049E-02));
#5487 = CARTESIAN_POINT('',(-0.166144812402,-1.383989271598,
    9.903223874049E-02));
#5488 = CARTESIAN_POINT('',(-0.173705314928,-1.381719172633,
    9.903223874049E-02));
#5489 = CARTESIAN_POINT('',(-0.180730192324,-1.378710048492,
    9.903223874049E-02));
#5490 = CARTESIAN_POINT('',(-0.18727611491,-1.375098928796,
    9.903223874049E-02));
#5491 = CARTESIAN_POINT('',(-0.193298121293,-1.370801764954,
    9.903223874049E-02));
#5492 = CARTESIAN_POINT('',(-0.198771800264,-1.365866752811,
    9.903223874049E-02));
#5493 = CARTESIAN_POINT('',(-0.203650749042,-1.360318466668,
    9.903223874049E-02));
#5494 = CARTESIAN_POINT('',(-0.207955222215,-1.354243697996,
    9.903223874049E-02));
#5495 = CARTESIAN_POINT('',(-0.211531524247,-1.347599838898,
    9.903223874049E-02));
#5496 = CARTESIAN_POINT('',(-0.21449302229,-1.340452781029,
    9.903223874049E-02));
#5497 = CARTESIAN_POINT('',(-0.216756026056,-1.332771029008,
    9.903223874049E-02));
#5498 = CARTESIAN_POINT('',(-0.218396481527,-1.324585356364,
    9.903223874049E-02));
#5499 = CARTESIAN_POINT('',(-0.219343995138,-1.315873068638,
    9.903223874049E-02));
#5500 = CARTESIAN_POINT('',(-0.219478109715,-1.309895301962,
    9.903223874049E-02));
#5501 = CARTESIAN_POINT('',(-0.219547132919,-1.306818793661,
    9.903223874049E-02));
#5502 = ORIENTED_EDGE('',*,*,#5503,.F.);
#5503 = EDGE_CURVE('',#5504,#5480,#5506,.T.);
#5504 = VERTEX_POINT('',#5505);
#5505 = CARTESIAN_POINT('',(-0.112230059749,-1.38681117171,
    9.903223874047E-02));
#5506 = LINE('',#5507,#5508);
#5507 = CARTESIAN_POINT('',(-0.112230059749,-1.38681117171,
    9.903223874049E-02));
#5508 = VECTOR('',#5509,1.);
#5509 = DIRECTION('',(-1.,0.,0.));
#5510 = ORIENTED_EDGE('',*,*,#5511,.F.);
#5511 = EDGE_CURVE('',#5512,#5504,#5514,.T.);
#5512 = VERTEX_POINT('',#5513);
#5513 = CARTESIAN_POINT('',(-0.112230059749,-1.230713610734,
    9.903223874049E-02));
#5514 = LINE('',#5515,#5516);
#5515 = CARTESIAN_POINT('',(-0.112230059749,-1.230713610734,
    9.903223874049E-02));
#5516 = VECTOR('',#5517,1.);
#5517 = DIRECTION('',(0.,-1.,0.));
#5518 = ORIENTED_EDGE('',*,*,#5519,.F.);
#5519 = EDGE_CURVE('',#5456,#5512,#5520,.T.);
#5520 = LINE('',#5521,#5522);
#5521 = CARTESIAN_POINT('',(-0.141727010968,-1.230713610734,
    9.903223874049E-02));
#5522 = VECTOR('',#5523,1.);
#5523 = DIRECTION('',(1.,0.,0.));
#5524 = FACE_BOUND('',#5525,.T.);
#5525 = EDGE_LOOP('',(#5526,#5527,#5528,#5529,#5530));
#5526 = ORIENTED_EDGE('',*,*,#5242,.F.);
#5527 = ORIENTED_EDGE('',*,*,#5388,.F.);
#5528 = ORIENTED_EDGE('',*,*,#5314,.F.);
#5529 = ORIENTED_EDGE('',*,*,#5290,.F.);
#5530 = ORIENTED_EDGE('',*,*,#5266,.F.);
#5531 = PLANE('',#5532);
#5532 = AXIS2_PLACEMENT_3D('',#5533,#5534,#5535);
#5533 = CARTESIAN_POINT('',(-0.215956708976,-1.234702251136,
    9.903223874049E-02));
#5534 = DIRECTION('',(-2.45510573827E-15,1.101483645957E-13,-1.));
#5535 = DIRECTION('',(0.,1.,1.101483645957E-13));
#5536 = ADVANCED_FACE('',(#5537),#5562,.T.);
#5537 = FACE_BOUND('',#5538,.T.);
#5538 = EDGE_LOOP('',(#5539,#5549,#5555,#5556));
#5539 = ORIENTED_EDGE('',*,*,#5540,.F.);
#5540 = EDGE_CURVE('',#5541,#5543,#5545,.T.);
#5541 = VERTEX_POINT('',#5542);
#5542 = CARTESIAN_POINT('',(-0.141727010968,-1.230713610734,
    4.903223874049E-02));
#5543 = VERTEX_POINT('',#5544);
#5544 = CARTESIAN_POINT('',(-0.112230059749,-1.230713610734,
    4.903223874049E-02));
#5545 = LINE('',#5546,#5547);
#5546 = CARTESIAN_POINT('',(-0.141727010968,-1.230713610734,
    4.903223874049E-02));
#5547 = VECTOR('',#5548,1.);
#5548 = DIRECTION('',(1.,0.,0.));
#5549 = ORIENTED_EDGE('',*,*,#5550,.F.);
#5550 = EDGE_CURVE('',#5456,#5541,#5551,.T.);
#5551 = LINE('',#5552,#5553);
#5552 = CARTESIAN_POINT('',(-0.141727010968,-1.230713610734,
    9.903223874049E-02));
#5553 = VECTOR('',#5554,1.);
#5554 = DIRECTION('',(-0.,-0.,-1.));
#5555 = ORIENTED_EDGE('',*,*,#5519,.T.);
#5556 = ORIENTED_EDGE('',*,*,#5557,.T.);
#5557 = EDGE_CURVE('',#5512,#5543,#5558,.T.);
#5558 = LINE('',#5559,#5560);
#5559 = CARTESIAN_POINT('',(-0.112230059749,-1.230713610734,
    9.903223874049E-02));
#5560 = VECTOR('',#5561,1.);
#5561 = DIRECTION('',(-0.,-0.,-1.));
#5562 = PLANE('',#5563);
#5563 = AXIS2_PLACEMENT_3D('',#5564,#5565,#5566);
#5564 = CARTESIAN_POINT('',(-0.141727010968,-1.230713610734,
    9.903223874049E-02));
#5565 = DIRECTION('',(0.,1.,0.));
#5566 = DIRECTION('',(0.,-0.,1.));
#5567 = ADVANCED_FACE('',(#5568),#5602,.T.);
#5568 = FACE_BOUND('',#5569,.T.);
#5569 = EDGE_LOOP('',(#5570,#5594,#5600,#5601));
#5570 = ORIENTED_EDGE('',*,*,#5571,.F.);
#5571 = EDGE_CURVE('',#5572,#5541,#5574,.T.);
#5572 = VERTEX_POINT('',#5573);
#5573 = CARTESIAN_POINT('',(-0.219547132919,-1.306818793661,
    4.903223874049E-02));
#5574 = B_SPLINE_CURVE_WITH_KNOTS('',3,(#5575,#5576,#5577,#5578,#5579,
    #5580,#5581,#5582,#5583,#5584,#5585,#5586,#5587,#5588,#5589,#5590,
    #5591,#5592,#5593),.UNSPECIFIED.,.F.,.F.,(4,1,1,1,1,1,1,1,1,1,1,1,1,
    1,1,1,4),(0.,7.430379644281E-02,0.144393610364,0.210499496103,
    0.273542606503,0.333824744579,0.392529672409,0.4500874546,
    0.507820611556,0.565464912777,0.623148722334,0.681297192791,
    0.740913498157,0.801855752196,0.865241237721,0.930941657047,1.),
  .UNSPECIFIED.);
#5575 = CARTESIAN_POINT('',(-0.219547132919,-1.306818793661,
    4.903223874049E-02));
#5576 = CARTESIAN_POINT('',(-0.219481576803,-1.303754616633,
    4.903223874049E-02));
#5577 = CARTESIAN_POINT('',(-0.219354182446,-1.297800040892,
    4.903223874049E-02));
#5578 = CARTESIAN_POINT('',(-0.218362939606,-1.289163839318,
    4.903223874049E-02));
#5579 = CARTESIAN_POINT('',(-0.216701742597,-1.281106444291,
    4.903223874049E-02));
#5580 = CARTESIAN_POINT('',(-0.214339980462,-1.273646694929,
    4.903223874049E-02));
#5581 = CARTESIAN_POINT('',(-0.21132547439,-1.26675582694,
    4.903223874049E-02));
#5582 = CARTESIAN_POINT('',(-0.20761350809,-1.260473321254,
    4.903223874049E-02));
#5583 = CARTESIAN_POINT('',(-0.203232854679,-1.254768377901,
    4.903223874049E-02));
#5584 = CARTESIAN_POINT('',(-0.198184144994,-1.249706463422,
    4.903223874049E-02));
#5585 = CARTESIAN_POINT('',(-0.192591340025,-1.245256310064,
    4.903223874049E-02));
#5586 = CARTESIAN_POINT('',(-0.186591941135,-1.241339956033,
    4.903223874049E-02));
#5587 = CARTESIAN_POINT('',(-0.18013390523,-1.238051627963,
    4.903223874049E-02));
#5588 = CARTESIAN_POINT('',(-0.173267818853,-1.235349442756,
    4.903223874049E-02));
#5589 = CARTESIAN_POINT('',(-0.165970444297,-1.233240932043,
    4.903223874049E-02));
#5590 = CARTESIAN_POINT('',(-0.158264169477,-1.231777411855,
    4.903223874049E-02));
#5591 = CARTESIAN_POINT('',(-0.15013210131,-1.2308865579,
    4.903223874049E-02));
#5592 = CARTESIAN_POINT('',(-0.144574866209,-1.230772209568,
    4.903223874049E-02));
#5593 = CARTESIAN_POINT('',(-0.141727010968,-1.230713610734,
    4.903223874049E-02));
#5594 = ORIENTED_EDGE('',*,*,#5595,.F.);
#5595 = EDGE_CURVE('',#5454,#5572,#5596,.T.);
#5596 = LINE('',#5597,#5598);
#5597 = CARTESIAN_POINT('',(-0.219547132919,-1.306818793661,
    9.903223874049E-02));
#5598 = VECTOR('',#5599,1.);
#5599 = DIRECTION('',(-0.,-0.,-1.));
#5600 = ORIENTED_EDGE('',*,*,#5453,.T.);
#5601 = ORIENTED_EDGE('',*,*,#5550,.T.);
#5602 = B_SPLINE_SURFACE_WITH_KNOTS('',3,1,(
    (#5603,#5604)
    ,(#5605,#5606)
    ,(#5607,#5608)
    ,(#5609,#5610)
    ,(#5611,#5612)
    ,(#5613,#5614)
    ,(#5615,#5616)
    ,(#5617,#5618)
    ,(#5619,#5620)
    ,(#5621,#5622)
    ,(#5623,#5624)
    ,(#5625,#5626)
    ,(#5627,#5628)
    ,(#5629,#5630)
    ,(#5631,#5632)
    ,(#5633,#5634)
    ,(#5635,#5636)
    ,(#5637,#5638)
    ,(#5639,#5640
    )),.UNSPECIFIED.,.F.,.F.,.F.,(4,1,1,1,1,1,1,1,1,1,1,1,1,1,1,1,4),(2,
    2),(0.,7.430379644281E-02,0.144393610364,0.210499496103,
    0.273542606503,0.333824744579,0.392529672409,0.4500874546,
    0.507820611556,0.565464912777,0.623148722334,0.681297192791,
    0.740913498157,0.801855752196,0.865241237721,0.930941657047,1.),(0.,
    1.),.UNSPECIFIED.);
#5603 = CARTESIAN_POINT('',(-0.219547132919,-1.306818793661,
    9.903223874049E-02));
#5604 = CARTESIAN_POINT('',(-0.219547132919,-1.306818793661,
    4.903223874049E-02));
#5605 = CARTESIAN_POINT('',(-0.219481576803,-1.303754616633,
    9.903223874049E-02));
#5606 = CARTESIAN_POINT('',(-0.219481576803,-1.303754616633,
    4.903223874049E-02));
#5607 = CARTESIAN_POINT('',(-0.219354182446,-1.297800040892,
    9.903223874049E-02));
#5608 = CARTESIAN_POINT('',(-0.219354182446,-1.297800040892,
    4.903223874049E-02));
#5609 = CARTESIAN_POINT('',(-0.218362939606,-1.289163839318,
    9.903223874049E-02));
#5610 = CARTESIAN_POINT('',(-0.218362939606,-1.289163839318,
    4.903223874049E-02));
#5611 = CARTESIAN_POINT('',(-0.216701742597,-1.281106444291,
    9.903223874049E-02));
#5612 = CARTESIAN_POINT('',(-0.216701742597,-1.281106444291,
    4.903223874049E-02));
#5613 = CARTESIAN_POINT('',(-0.214339980462,-1.273646694929,
    9.903223874049E-02));
#5614 = CARTESIAN_POINT('',(-0.214339980462,-1.273646694929,
    4.903223874049E-02));
#5615 = CARTESIAN_POINT('',(-0.21132547439,-1.26675582694,
    9.903223874049E-02));
#5616 = CARTESIAN_POINT('',(-0.21132547439,-1.26675582694,
    4.903223874049E-02));
#5617 = CARTESIAN_POINT('',(-0.20761350809,-1.260473321254,
    9.903223874049E-02));
#5618 = CARTESIAN_POINT('',(-0.20761350809,-1.260473321254,
    4.903223874049E-02));
#5619 = CARTESIAN_POINT('',(-0.203232854679,-1.254768377901,
    9.903223874049E-02));
#5620 = CARTESIAN_POINT('',(-0.203232854679,-1.254768377901,
    4.903223874049E-02));
#5621 = CARTESIAN_POINT('',(-0.198184144994,-1.249706463422,
    9.903223874049E-02));
#5622 = CARTESIAN_POINT('',(-0.198184144994,-1.249706463422,
    4.903223874049E-02));
#5623 = CARTESIAN_POINT('',(-0.192591340025,-1.245256310064,
    9.903223874049E-02));
#5624 = CARTESIAN_POINT('',(-0.192591340025,-1.245256310064,
    4.903223874049E-02));
#5625 = CARTESIAN_POINT('',(-0.186591941135,-1.241339956033,
    9.903223874049E-02));
#5626 = CARTESIAN_POINT('',(-0.186591941135,-1.241339956033,
    4.903223874049E-02));
#5627 = CARTESIAN_POINT('',(-0.18013390523,-1.238051627963,
    9.903223874049E-02));
#5628 = CARTESIAN_POINT('',(-0.18013390523,-1.238051627963,
    4.903223874049E-02));
#5629 = CARTESIAN_POINT('',(-0.173267818853,-1.235349442756,
    9.903223874049E-02));
#5630 = CARTESIAN_POINT('',(-0.173267818853,-1.235349442756,
    4.903223874049E-02));
#5631 = CARTESIAN_POINT('',(-0.165970444297,-1.233240932043,
    9.903223874049E-02));
#5632 = CARTESIAN_POINT('',(-0.165970444297,-1.233240932043,
    4.903223874049E-02));
#5633 = CARTESIAN_POINT('',(-0.158264169477,-1.231777411855,
    9.903223874049E-02));
#5634 = CARTESIAN_POINT('',(-0.158264169477,-1.231777411855,
    4.903223874049E-02));
#5635 = CARTESIAN_POINT('',(-0.15013210131,-1.2308865579,
    9.903223874049E-02));
#5636 = CARTESIAN_POINT('',(-0.15013210131,-1.2308865579,
    4.903223874049E-02));
#5637 = CARTESIAN_POINT('',(-0.144574866209,-1.230772209568,
    9.903223874049E-02));
#5638 = CARTESIAN_POINT('',(-0.144574866209,-1.230772209568,
    4.903223874049E-02));
#5639 = CARTESIAN_POINT('',(-0.141727010968,-1.230713610734,
    9.903223874049E-02));
#5640 = CARTESIAN_POINT('',(-0.141727010968,-1.230713610734,
    4.903223874049E-02));
#5641 = ADVANCED_FACE('',(#5642),#5676,.T.);
#5642 = FACE_BOUND('',#5643,.T.);
#5643 = EDGE_LOOP('',(#5644,#5668,#5674,#5675));
#5644 = ORIENTED_EDGE('',*,*,#5645,.F.);
#5645 = EDGE_CURVE('',#5646,#5572,#5648,.T.);
#5646 = VERTEX_POINT('',#5647);
#5647 = CARTESIAN_POINT('',(-0.140621828041,-1.38681117171,
    4.903223874049E-02));
#5648 = B_SPLINE_CURVE_WITH_KNOTS('',3,(#5649,#5650,#5651,#5652,#5653,
    #5654,#5655,#5656,#5657,#5658,#5659,#5660,#5661,#5662,#5663,#5664,
    #5665,#5666,#5667),.UNSPECIFIED.,.F.,.F.,(4,1,1,1,1,1,1,1,1,1,1,1,1,
    1,1,1,4),(0.,7.082657255516E-02,0.13816903328,0.202475331534,
    0.263973754414,0.323380320598,0.381797622713,0.439390074519,
    0.496902724546,0.554662169609,0.612741878492,0.671538836391,
    0.73165572209,0.794297811614,0.859482204979,0.927681325453,1.),
  .UNSPECIFIED.);
#5649 = CARTESIAN_POINT('',(-0.140621828041,-1.38681117171,
    4.903223874049E-02));
#5650 = CARTESIAN_POINT('',(-0.143635341796,-1.386746029926,
    4.903223874049E-02));
#5651 = CARTESIAN_POINT('',(-0.149514128064,-1.386618950824,
    4.903223874049E-02));
#5652 = CARTESIAN_POINT('',(-0.158081439373,-1.385609790502,
    4.903223874049E-02));
#5653 = CARTESIAN_POINT('',(-0.166144812402,-1.383989271598,
    4.903223874049E-02));
#5654 = CARTESIAN_POINT('',(-0.173705314928,-1.381719172633,
    4.903223874049E-02));
#5655 = CARTESIAN_POINT('',(-0.180730192324,-1.378710048492,
    4.903223874049E-02));
#5656 = CARTESIAN_POINT('',(-0.18727611491,-1.375098928796,
    4.903223874049E-02));
#5657 = CARTESIAN_POINT('',(-0.193298121293,-1.370801764954,
    4.903223874049E-02));
#5658 = CARTESIAN_POINT('',(-0.198771800264,-1.365866752811,
    4.903223874049E-02));
#5659 = CARTESIAN_POINT('',(-0.203650749042,-1.360318466668,
    4.903223874049E-02));
#5660 = CARTESIAN_POINT('',(-0.207955222215,-1.354243697996,
    4.903223874049E-02));
#5661 = CARTESIAN_POINT('',(-0.211531524247,-1.347599838898,
    4.903223874049E-02));
#5662 = CARTESIAN_POINT('',(-0.21449302229,-1.340452781029,
    4.903223874049E-02));
#5663 = CARTESIAN_POINT('',(-0.216756026056,-1.332771029008,
    4.903223874049E-02));
#5664 = CARTESIAN_POINT('',(-0.218396481527,-1.324585356364,
    4.903223874049E-02));
#5665 = CARTESIAN_POINT('',(-0.219343995138,-1.315873068638,
    4.903223874049E-02));
#5666 = CARTESIAN_POINT('',(-0.219478109715,-1.309895301962,
    4.903223874049E-02));
#5667 = CARTESIAN_POINT('',(-0.219547132919,-1.306818793661,
    4.903223874049E-02));
#5668 = ORIENTED_EDGE('',*,*,#5669,.F.);
#5669 = EDGE_CURVE('',#5480,#5646,#5670,.T.);
#5670 = LINE('',#5671,#5672);
#5671 = CARTESIAN_POINT('',(-0.140621828041,-1.38681117171,
    9.903223874049E-02));
#5672 = VECTOR('',#5673,1.);
#5673 = DIRECTION('',(-0.,-0.,-1.));
#5674 = ORIENTED_EDGE('',*,*,#5479,.T.);
#5675 = ORIENTED_EDGE('',*,*,#5595,.T.);
#5676 = B_SPLINE_SURFACE_WITH_KNOTS('',3,1,(
    (#5677,#5678)
    ,(#5679,#5680)
    ,(#5681,#5682)
    ,(#5683,#5684)
    ,(#5685,#5686)
    ,(#5687,#5688)
    ,(#5689,#5690)
    ,(#5691,#5692)
    ,(#5693,#5694)
    ,(#5695,#5696)
    ,(#5697,#5698)
    ,(#5699,#5700)
    ,(#5701,#5702)
    ,(#5703,#5704)
    ,(#5705,#5706)
    ,(#5707,#5708)
    ,(#5709,#5710)
    ,(#5711,#5712)
    ,(#5713,#5714
    )),.UNSPECIFIED.,.F.,.F.,.F.,(4,1,1,1,1,1,1,1,1,1,1,1,1,1,1,1,4),(2,
    2),(0.,7.082657255516E-02,0.13816903328,0.202475331534,
    0.263973754414,0.323380320598,0.381797622713,0.439390074519,
    0.496902724546,0.554662169609,0.612741878492,0.671538836391,
    0.73165572209,0.794297811614,0.859482204979,0.927681325453,1.),(0.,
    1.),.UNSPECIFIED.);
#5677 = CARTESIAN_POINT('',(-0.140621828041,-1.38681117171,
    9.903223874049E-02));
#5678 = CARTESIAN_POINT('',(-0.140621828041,-1.38681117171,
    4.903223874049E-02));
#5679 = CARTESIAN_POINT('',(-0.143635341796,-1.386746029926,
    9.903223874049E-02));
#5680 = CARTESIAN_POINT('',(-0.143635341796,-1.386746029926,
    4.903223874049E-02));
#5681 = CARTESIAN_POINT('',(-0.149514128064,-1.386618950824,
    9.903223874049E-02));
#5682 = CARTESIAN_POINT('',(-0.149514128064,-1.386618950824,
    4.903223874049E-02));
#5683 = CARTESIAN_POINT('',(-0.158081439373,-1.385609790502,
    9.903223874049E-02));
#5684 = CARTESIAN_POINT('',(-0.158081439373,-1.385609790502,
    4.903223874049E-02));
#5685 = CARTESIAN_POINT('',(-0.166144812402,-1.383989271598,
    9.903223874049E-02));
#5686 = CARTESIAN_POINT('',(-0.166144812402,-1.383989271598,
    4.903223874049E-02));
#5687 = CARTESIAN_POINT('',(-0.173705314928,-1.381719172633,
    9.903223874049E-02));
#5688 = CARTESIAN_POINT('',(-0.173705314928,-1.381719172633,
    4.903223874049E-02));
#5689 = CARTESIAN_POINT('',(-0.180730192324,-1.378710048492,
    9.903223874049E-02));
#5690 = CARTESIAN_POINT('',(-0.180730192324,-1.378710048492,
    4.903223874049E-02));
#5691 = CARTESIAN_POINT('',(-0.18727611491,-1.375098928796,
    9.903223874049E-02));
#5692 = CARTESIAN_POINT('',(-0.18727611491,-1.375098928796,
    4.903223874049E-02));
#5693 = CARTESIAN_POINT('',(-0.193298121293,-1.370801764954,
    9.903223874049E-02));
#5694 = CARTESIAN_POINT('',(-0.193298121293,-1.370801764954,
    4.903223874049E-02));
#5695 = CARTESIAN_POINT('',(-0.198771800264,-1.365866752811,
    9.903223874049E-02));
#5696 = CARTESIAN_POINT('',(-0.198771800264,-1.365866752811,
    4.903223874049E-02));
#5697 = CARTESIAN_POINT('',(-0.203650749042,-1.360318466668,
    9.903223874049E-02));
#5698 = CARTESIAN_POINT('',(-0.203650749042,-1.360318466668,
    4.903223874049E-02));
#5699 = CARTESIAN_POINT('',(-0.207955222215,-1.354243697996,
    9.903223874049E-02));
#5700 = CARTESIAN_POINT('',(-0.207955222215,-1.354243697996,
    4.903223874049E-02));
#5701 = CARTESIAN_POINT('',(-0.211531524247,-1.347599838898,
    9.903223874049E-02));
#5702 = CARTESIAN_POINT('',(-0.211531524247,-1.347599838898,
    4.903223874049E-02));
#5703 = CARTESIAN_POINT('',(-0.21449302229,-1.340452781029,
    9.903223874049E-02));
#5704 = CARTESIAN_POINT('',(-0.21449302229,-1.340452781029,
    4.903223874049E-02));
#5705 = CARTESIAN_POINT('',(-0.216756026056,-1.332771029008,
    9.903223874049E-02));
#5706 = CARTESIAN_POINT('',(-0.216756026056,-1.332771029008,
    4.903223874049E-02));
#5707 = CARTESIAN_POINT('',(-0.218396481527,-1.324585356364,
    9.903223874049E-02));
#5708 = CARTESIAN_POINT('',(-0.218396481527,-1.324585356364,
    4.903223874049E-02));
#5709 = CARTESIAN_POINT('',(-0.219343995138,-1.315873068638,
    9.903223874049E-02));
#5710 = CARTESIAN_POINT('',(-0.219343995138,-1.315873068638,
    4.903223874049E-02));
#5711 = CARTESIAN_POINT('',(-0.219478109715,-1.309895301962,
    9.903223874049E-02));
#5712 = CARTESIAN_POINT('',(-0.219478109715,-1.309895301962,
    4.903223874049E-02));
#5713 = CARTESIAN_POINT('',(-0.219547132919,-1.306818793661,
    9.903223874049E-02));
#5714 = CARTESIAN_POINT('',(-0.219547132919,-1.306818793661,
    4.903223874049E-02));
#5715 = ADVANCED_FACE('',(#5716),#5734,.T.);
#5716 = FACE_BOUND('',#5717,.T.);
#5717 = EDGE_LOOP('',(#5718,#5726,#5732,#5733));
#5718 = ORIENTED_EDGE('',*,*,#5719,.F.);
#5719 = EDGE_CURVE('',#5720,#5646,#5722,.T.);
#5720 = VERTEX_POINT('',#5721);
#5721 = CARTESIAN_POINT('',(-0.112230059749,-1.38681117171,
    4.903223874049E-02));
#5722 = LINE('',#5723,#5724);
#5723 = CARTESIAN_POINT('',(-0.112230059749,-1.38681117171,
    4.903223874049E-02));
#5724 = VECTOR('',#5725,1.);
#5725 = DIRECTION('',(-1.,0.,0.));
#5726 = ORIENTED_EDGE('',*,*,#5727,.F.);
#5727 = EDGE_CURVE('',#5504,#5720,#5728,.T.);
#5728 = LINE('',#5729,#5730);
#5729 = CARTESIAN_POINT('',(-0.112230059749,-1.38681117171,
    9.903223874049E-02));
#5730 = VECTOR('',#5731,1.);
#5731 = DIRECTION('',(-0.,-0.,-1.));
#5732 = ORIENTED_EDGE('',*,*,#5503,.T.);
#5733 = ORIENTED_EDGE('',*,*,#5669,.T.);
#5734 = PLANE('',#5735);
#5735 = AXIS2_PLACEMENT_3D('',#5736,#5737,#5738);
#5736 = CARTESIAN_POINT('',(-0.112230059749,-1.38681117171,
    9.903223874049E-02));
#5737 = DIRECTION('',(0.,-1.,0.));
#5738 = DIRECTION('',(0.,-0.,-1.));
#5739 = ADVANCED_FACE('',(#5740),#5751,.T.);
#5740 = FACE_BOUND('',#5741,.T.);
#5741 = EDGE_LOOP('',(#5742,#5748,#5749,#5750));
#5742 = ORIENTED_EDGE('',*,*,#5743,.F.);
#5743 = EDGE_CURVE('',#5543,#5720,#5744,.T.);
#5744 = LINE('',#5745,#5746);
#5745 = CARTESIAN_POINT('',(-0.112230059749,-1.230713610734,
    4.903223874049E-02));
#5746 = VECTOR('',#5747,1.);
#5747 = DIRECTION('',(0.,-1.,0.));
#5748 = ORIENTED_EDGE('',*,*,#5557,.F.);
#5749 = ORIENTED_EDGE('',*,*,#5511,.T.);
#5750 = ORIENTED_EDGE('',*,*,#5727,.T.);
#5751 = PLANE('',#5752);
#5752 = AXIS2_PLACEMENT_3D('',#5753,#5754,#5755);
#5753 = CARTESIAN_POINT('',(-0.112230059749,-1.230713610734,
    9.903223874049E-02));
#5754 = DIRECTION('',(1.,0.,-0.));
#5755 = DIRECTION('',(-0.,0.,-1.));
#5756 = ADVANCED_FACE('',(#5757),#5782,.T.);
#5757 = FACE_BOUND('',#5758,.T.);
#5758 = EDGE_LOOP('',(#5759,#5760,#5768,#5776));
#5759 = ORIENTED_EDGE('',*,*,#2859,.F.);
#5760 = ORIENTED_EDGE('',*,*,#5761,.F.);
#5761 = EDGE_CURVE('',#5762,#2852,#5764,.T.);
#5762 = VERTEX_POINT('',#5763);
#5763 = CARTESIAN_POINT('',(-4.637640121197E-02,-1.38681117171,
    9.903223874049E-02));
#5764 = LINE('',#5765,#5766);
#5765 = CARTESIAN_POINT('',(-4.637640121197E-02,-1.38681117171,
    9.903223874049E-02));
#5766 = VECTOR('',#5767,1.);
#5767 = DIRECTION('',(-0.,-0.,-1.));
#5768 = ORIENTED_EDGE('',*,*,#5769,.T.);
#5769 = EDGE_CURVE('',#5762,#5770,#5772,.T.);
#5770 = VERTEX_POINT('',#5771);
#5771 = CARTESIAN_POINT('',(-4.637640121197E-02,-1.408762391222,
    9.903223874049E-02));
#5772 = LINE('',#5773,#5774);
#5773 = CARTESIAN_POINT('',(-4.637640121197E-02,-1.38681117171,
    9.903223874049E-02));
#5774 = VECTOR('',#5775,1.);
#5775 = DIRECTION('',(0.,-1.,0.));
#5776 = ORIENTED_EDGE('',*,*,#5777,.T.);
#5777 = EDGE_CURVE('',#5770,#2860,#5778,.T.);
#5778 = LINE('',#5779,#5780);
#5779 = CARTESIAN_POINT('',(-4.637640121197E-02,-1.408762391222,
    9.903223874049E-02));
#5780 = VECTOR('',#5781,1.);
#5781 = DIRECTION('',(-0.,-0.,-1.));
#5782 = PLANE('',#5783);
#5783 = AXIS2_PLACEMENT_3D('',#5784,#5785,#5786);
#5784 = CARTESIAN_POINT('',(-4.637640121197E-02,-1.38681117171,
    9.903223874049E-02));
#5785 = DIRECTION('',(1.,0.,-0.));
#5786 = DIRECTION('',(-0.,0.,-1.));
#5787 = ADVANCED_FACE('',(#5788),#5806,.T.);
#5788 = FACE_BOUND('',#5789,.T.);
#5789 = EDGE_LOOP('',(#5790,#5791,#5792,#5800));
#5790 = ORIENTED_EDGE('',*,*,#2867,.F.);
#5791 = ORIENTED_EDGE('',*,*,#5777,.F.);
#5792 = ORIENTED_EDGE('',*,*,#5793,.T.);
#5793 = EDGE_CURVE('',#5770,#5794,#5796,.T.);
#5794 = VERTEX_POINT('',#5795);
#5795 = CARTESIAN_POINT('',(6.094067195876E-02,-1.408762391222,
    9.903223874049E-02));
#5796 = LINE('',#5797,#5798);
#5797 = CARTESIAN_POINT('',(-4.637640121197E-02,-1.408762391222,
    9.903223874049E-02));
#5798 = VECTOR('',#5799,1.);
#5799 = DIRECTION('',(1.,0.,0.));
#5800 = ORIENTED_EDGE('',*,*,#5801,.T.);
#5801 = EDGE_CURVE('',#5794,#2868,#5802,.T.);
#5802 = LINE('',#5803,#5804);
#5803 = CARTESIAN_POINT('',(6.094067195876E-02,-1.408762391222,
    9.903223874049E-02));
#5804 = VECTOR('',#5805,1.);
#5805 = DIRECTION('',(-0.,-0.,-1.));
#5806 = PLANE('',#5807);
#5807 = AXIS2_PLACEMENT_3D('',#5808,#5809,#5810);
#5808 = CARTESIAN_POINT('',(-4.637640121197E-02,-1.408762391222,
    9.903223874049E-02));
#5809 = DIRECTION('',(0.,1.,0.));
#5810 = DIRECTION('',(0.,-0.,1.));
#5811 = ADVANCED_FACE('',(#5812),#5830,.T.);
#5812 = FACE_BOUND('',#5813,.T.);
#5813 = EDGE_LOOP('',(#5814,#5815,#5816,#5824));
#5814 = ORIENTED_EDGE('',*,*,#2875,.F.);
#5815 = ORIENTED_EDGE('',*,*,#5801,.F.);
#5816 = ORIENTED_EDGE('',*,*,#5817,.T.);
#5817 = EDGE_CURVE('',#5794,#5818,#5820,.T.);
#5818 = VERTEX_POINT('',#5819);
#5819 = CARTESIAN_POINT('',(6.094067195876E-02,-1.208762391222,
    9.903223874049E-02));
#5820 = LINE('',#5821,#5822);
#5821 = CARTESIAN_POINT('',(6.094067195876E-02,-1.408762391222,
    9.903223874049E-02));
#5822 = VECTOR('',#5823,1.);
#5823 = DIRECTION('',(0.,1.,0.));
#5824 = ORIENTED_EDGE('',*,*,#5825,.T.);
#5825 = EDGE_CURVE('',#5818,#2876,#5826,.T.);
#5826 = LINE('',#5827,#5828);
#5827 = CARTESIAN_POINT('',(6.094067195876E-02,-1.208762391222,
    9.903223874049E-02));
#5828 = VECTOR('',#5829,1.);
#5829 = DIRECTION('',(-0.,-0.,-1.));
#5830 = PLANE('',#5831);
#5831 = AXIS2_PLACEMENT_3D('',#5832,#5833,#5834);
#5832 = CARTESIAN_POINT('',(6.094067195876E-02,-1.408762391222,
    9.903223874049E-02));
#5833 = DIRECTION('',(-1.,0.,0.));
#5834 = DIRECTION('',(0.,0.,1.));
#5835 = ADVANCED_FACE('',(#5836),#5854,.T.);
#5836 = FACE_BOUND('',#5837,.T.);
#5837 = EDGE_LOOP('',(#5838,#5839,#5840,#5848));
#5838 = ORIENTED_EDGE('',*,*,#2883,.F.);
#5839 = ORIENTED_EDGE('',*,*,#5825,.F.);
#5840 = ORIENTED_EDGE('',*,*,#5841,.T.);
#5841 = EDGE_CURVE('',#5818,#5842,#5844,.T.);
#5842 = VERTEX_POINT('',#5843);
#5843 = CARTESIAN_POINT('',(-4.149835243148E-02,-1.208762391222,
    9.903223874049E-02));
#5844 = LINE('',#5845,#5846);
#5845 = CARTESIAN_POINT('',(6.094067195876E-02,-1.208762391222,
    9.903223874049E-02));
#5846 = VECTOR('',#5847,1.);
#5847 = DIRECTION('',(-1.,0.,0.));
#5848 = ORIENTED_EDGE('',*,*,#5849,.T.);
#5849 = EDGE_CURVE('',#5842,#2884,#5850,.T.);
#5850 = LINE('',#5851,#5852);
#5851 = CARTESIAN_POINT('',(-4.149835243148E-02,-1.208762391222,
    9.903223874049E-02));
#5852 = VECTOR('',#5853,1.);
#5853 = DIRECTION('',(-0.,-0.,-1.));
#5854 = PLANE('',#5855);
#5855 = AXIS2_PLACEMENT_3D('',#5856,#5857,#5858);
#5856 = CARTESIAN_POINT('',(6.094067195876E-02,-1.208762391222,
    9.903223874049E-02));
#5857 = DIRECTION('',(0.,-1.,0.));
#5858 = DIRECTION('',(0.,-0.,-1.));
#5859 = ADVANCED_FACE('',(#5860),#5878,.T.);
#5860 = FACE_BOUND('',#5861,.T.);
#5861 = EDGE_LOOP('',(#5862,#5863,#5864,#5872));
#5862 = ORIENTED_EDGE('',*,*,#2891,.F.);
#5863 = ORIENTED_EDGE('',*,*,#5849,.F.);
#5864 = ORIENTED_EDGE('',*,*,#5865,.T.);
#5865 = EDGE_CURVE('',#5842,#5866,#5868,.T.);
#5866 = VERTEX_POINT('',#5867);
#5867 = CARTESIAN_POINT('',(-4.149835243148E-02,-1.230713610734,
    9.903223874049E-02));
#5868 = LINE('',#5869,#5870);
#5869 = CARTESIAN_POINT('',(-4.149835243148E-02,-1.208762391222,
    9.903223874049E-02));
#5870 = VECTOR('',#5871,1.);
#5871 = DIRECTION('',(0.,-1.,0.));
#5872 = ORIENTED_EDGE('',*,*,#5873,.T.);
#5873 = EDGE_CURVE('',#5866,#2892,#5874,.T.);
#5874 = LINE('',#5875,#5876);
#5875 = CARTESIAN_POINT('',(-4.149835243148E-02,-1.230713610734,
    9.903223874049E-02));
#5876 = VECTOR('',#5877,1.);
#5877 = DIRECTION('',(-0.,-0.,-1.));
#5878 = PLANE('',#5879);
#5879 = AXIS2_PLACEMENT_3D('',#5880,#5881,#5882);
#5880 = CARTESIAN_POINT('',(-4.149835243148E-02,-1.208762391222,
    9.903223874049E-02));
#5881 = DIRECTION('',(1.,0.,-0.));
#5882 = DIRECTION('',(-0.,0.,-1.));
#5883 = ADVANCED_FACE('',(#5884),#5902,.T.);
#5884 = FACE_BOUND('',#5885,.T.);
#5885 = EDGE_LOOP('',(#5886,#5887,#5888,#5896));
#5886 = ORIENTED_EDGE('',*,*,#2899,.F.);
#5887 = ORIENTED_EDGE('',*,*,#5873,.F.);
#5888 = ORIENTED_EDGE('',*,*,#5889,.T.);
#5889 = EDGE_CURVE('',#5866,#5890,#5892,.T.);
#5890 = VERTEX_POINT('',#5891);
#5891 = CARTESIAN_POINT('',(3.411140366608E-02,-1.230713610734,
    9.903223874049E-02));
#5892 = LINE('',#5893,#5894);
#5893 = CARTESIAN_POINT('',(-4.149835243148E-02,-1.230713610734,
    9.903223874049E-02));
#5894 = VECTOR('',#5895,1.);
#5895 = DIRECTION('',(1.,0.,0.));
#5896 = ORIENTED_EDGE('',*,*,#5897,.T.);
#5897 = EDGE_CURVE('',#5890,#2900,#5898,.T.);
#5898 = LINE('',#5899,#5900);
#5899 = CARTESIAN_POINT('',(3.411140366608E-02,-1.230713610734,
    9.903223874049E-02));
#5900 = VECTOR('',#5901,1.);
#5901 = DIRECTION('',(-0.,-0.,-1.));
#5902 = PLANE('',#5903);
#5903 = AXIS2_PLACEMENT_3D('',#5904,#5905,#5906);
#5904 = CARTESIAN_POINT('',(-4.149835243148E-02,-1.230713610734,
    9.903223874049E-02));
#5905 = DIRECTION('',(0.,1.,0.));
#5906 = DIRECTION('',(0.,-0.,1.));
#5907 = ADVANCED_FACE('',(#5908),#5926,.T.);
#5908 = FACE_BOUND('',#5909,.T.);
#5909 = EDGE_LOOP('',(#5910,#5911,#5912,#5920));
#5910 = ORIENTED_EDGE('',*,*,#2907,.F.);
#5911 = ORIENTED_EDGE('',*,*,#5897,.F.);
#5912 = ORIENTED_EDGE('',*,*,#5913,.T.);
#5913 = EDGE_CURVE('',#5890,#5914,#5916,.T.);
#5914 = VERTEX_POINT('',#5915);
#5915 = CARTESIAN_POINT('',(3.411140366608E-02,-1.296567269271,
    9.903223874049E-02));
#5916 = LINE('',#5917,#5918);
#5917 = CARTESIAN_POINT('',(3.411140366608E-02,-1.230713610734,
    9.903223874049E-02));
#5918 = VECTOR('',#5919,1.);
#5919 = DIRECTION('',(0.,-1.,0.));
#5920 = ORIENTED_EDGE('',*,*,#5921,.T.);
#5921 = EDGE_CURVE('',#5914,#2908,#5922,.T.);
#5922 = LINE('',#5923,#5924);
#5923 = CARTESIAN_POINT('',(3.411140366608E-02,-1.296567269271,
    9.903223874049E-02));
#5924 = VECTOR('',#5925,1.);
#5925 = DIRECTION('',(-0.,-0.,-1.));
#5926 = PLANE('',#5927);
#5927 = AXIS2_PLACEMENT_3D('',#5928,#5929,#5930);
#5928 = CARTESIAN_POINT('',(3.411140366608E-02,-1.230713610734,
    9.903223874049E-02));
#5929 = DIRECTION('',(1.,0.,-0.));
#5930 = DIRECTION('',(-0.,0.,-1.));
#5931 = ADVANCED_FACE('',(#5932),#5950,.T.);
#5932 = FACE_BOUND('',#5933,.T.);
#5933 = EDGE_LOOP('',(#5934,#5935,#5936,#5944));
#5934 = ORIENTED_EDGE('',*,*,#2915,.F.);
#5935 = ORIENTED_EDGE('',*,*,#5921,.F.);
#5936 = ORIENTED_EDGE('',*,*,#5937,.T.);
#5937 = EDGE_CURVE('',#5914,#5938,#5940,.T.);
#5938 = VERTEX_POINT('',#5939);
#5939 = CARTESIAN_POINT('',(-3.6620303651E-02,-1.296567269271,
    9.903223874049E-02));
#5940 = LINE('',#5941,#5942);
#5941 = CARTESIAN_POINT('',(3.411140366608E-02,-1.296567269271,
    9.903223874049E-02));
#5942 = VECTOR('',#5943,1.);
#5943 = DIRECTION('',(-1.,0.,0.));
#5944 = ORIENTED_EDGE('',*,*,#5945,.T.);
#5945 = EDGE_CURVE('',#5938,#2916,#5946,.T.);
#5946 = LINE('',#5947,#5948);
#5947 = CARTESIAN_POINT('',(-3.6620303651E-02,-1.296567269271,
    9.903223874049E-02));
#5948 = VECTOR('',#5949,1.);
#5949 = DIRECTION('',(-0.,-0.,-1.));
#5950 = PLANE('',#5951);
#5951 = AXIS2_PLACEMENT_3D('',#5952,#5953,#5954);
#5952 = CARTESIAN_POINT('',(3.411140366608E-02,-1.296567269271,
    9.903223874049E-02));
#5953 = DIRECTION('',(0.,-1.,0.));
#5954 = DIRECTION('',(0.,-0.,-1.));
#5955 = ADVANCED_FACE('',(#5956),#5974,.T.);
#5956 = FACE_BOUND('',#5957,.T.);
#5957 = EDGE_LOOP('',(#5958,#5959,#5960,#5968));
#5958 = ORIENTED_EDGE('',*,*,#2923,.F.);
#5959 = ORIENTED_EDGE('',*,*,#5945,.F.);
#5960 = ORIENTED_EDGE('',*,*,#5961,.T.);
#5961 = EDGE_CURVE('',#5938,#5962,#5964,.T.);
#5962 = VERTEX_POINT('',#5963);
#5963 = CARTESIAN_POINT('',(-3.6620303651E-02,-1.318518488783,
    9.903223874049E-02));
#5964 = LINE('',#5965,#5966);
#5965 = CARTESIAN_POINT('',(-3.6620303651E-02,-1.296567269271,
    9.903223874049E-02));
#5966 = VECTOR('',#5967,1.);
#5967 = DIRECTION('',(0.,-1.,0.));
#5968 = ORIENTED_EDGE('',*,*,#5969,.T.);
#5969 = EDGE_CURVE('',#5962,#2924,#5970,.T.);
#5970 = LINE('',#5971,#5972);
#5971 = CARTESIAN_POINT('',(-3.6620303651E-02,-1.318518488783,
    9.903223874049E-02));
#5972 = VECTOR('',#5973,1.);
#5973 = DIRECTION('',(-0.,-0.,-1.));
#5974 = PLANE('',#5975);
#5975 = AXIS2_PLACEMENT_3D('',#5976,#5977,#5978);
#5976 = CARTESIAN_POINT('',(-3.6620303651E-02,-1.296567269271,
    9.903223874049E-02));
#5977 = DIRECTION('',(1.,0.,-0.));
#5978 = DIRECTION('',(-0.,0.,-1.));
#5979 = ADVANCED_FACE('',(#5980),#5998,.T.);
#5980 = FACE_BOUND('',#5981,.T.);
#5981 = EDGE_LOOP('',(#5982,#5983,#5984,#5992));
#5982 = ORIENTED_EDGE('',*,*,#2931,.F.);
#5983 = ORIENTED_EDGE('',*,*,#5969,.F.);
#5984 = ORIENTED_EDGE('',*,*,#5985,.T.);
#5985 = EDGE_CURVE('',#5962,#5986,#5988,.T.);
#5986 = VERTEX_POINT('',#5987);
#5987 = CARTESIAN_POINT('',(3.411140366608E-02,-1.318518488783,
    9.903223874049E-02));
#5988 = LINE('',#5989,#5990);
#5989 = CARTESIAN_POINT('',(-3.6620303651E-02,-1.318518488783,
    9.903223874049E-02));
#5990 = VECTOR('',#5991,1.);
#5991 = DIRECTION('',(1.,0.,0.));
#5992 = ORIENTED_EDGE('',*,*,#5993,.T.);
#5993 = EDGE_CURVE('',#5986,#2932,#5994,.T.);
#5994 = LINE('',#5995,#5996);
#5995 = CARTESIAN_POINT('',(3.411140366608E-02,-1.318518488783,
    9.903223874049E-02));
#5996 = VECTOR('',#5997,1.);
#5997 = DIRECTION('',(-0.,-0.,-1.));
#5998 = PLANE('',#5999);
#5999 = AXIS2_PLACEMENT_3D('',#6000,#6001,#6002);
#6000 = CARTESIAN_POINT('',(-3.6620303651E-02,-1.318518488783,
    9.903223874049E-02));
#6001 = DIRECTION('',(0.,1.,0.));
#6002 = DIRECTION('',(0.,-0.,1.));
#6003 = ADVANCED_FACE('',(#6004),#6022,.T.);
#6004 = FACE_BOUND('',#6005,.T.);
#6005 = EDGE_LOOP('',(#6006,#6007,#6008,#6016));
#6006 = ORIENTED_EDGE('',*,*,#2939,.F.);
#6007 = ORIENTED_EDGE('',*,*,#5993,.F.);
#6008 = ORIENTED_EDGE('',*,*,#6009,.T.);
#6009 = EDGE_CURVE('',#5986,#6010,#6012,.T.);
#6010 = VERTEX_POINT('',#6011);
#6011 = CARTESIAN_POINT('',(3.411140366608E-02,-1.38681117171,
    9.903223874049E-02));
#6012 = LINE('',#6013,#6014);
#6013 = CARTESIAN_POINT('',(3.411140366608E-02,-1.318518488783,
    9.903223874049E-02));
#6014 = VECTOR('',#6015,1.);
#6015 = DIRECTION('',(0.,-1.,0.));
#6016 = ORIENTED_EDGE('',*,*,#6017,.T.);
#6017 = EDGE_CURVE('',#6010,#2850,#6018,.T.);
#6018 = LINE('',#6019,#6020);
#6019 = CARTESIAN_POINT('',(3.411140366608E-02,-1.38681117171,
    9.903223874049E-02));
#6020 = VECTOR('',#6021,1.);
#6021 = DIRECTION('',(-0.,-0.,-1.));
#6022 = PLANE('',#6023);
#6023 = AXIS2_PLACEMENT_3D('',#6024,#6025,#6026);
#6024 = CARTESIAN_POINT('',(3.411140366608E-02,-1.318518488783,
    9.903223874049E-02));
#6025 = DIRECTION('',(1.,0.,-0.));
#6026 = DIRECTION('',(-0.,0.,-1.));
#6027 = ADVANCED_FACE('',(#6028),#6039,.T.);
#6028 = FACE_BOUND('',#6029,.T.);
#6029 = EDGE_LOOP('',(#6030,#6031,#6032,#6038));
#6030 = ORIENTED_EDGE('',*,*,#2849,.F.);
#6031 = ORIENTED_EDGE('',*,*,#6017,.F.);
#6032 = ORIENTED_EDGE('',*,*,#6033,.T.);
#6033 = EDGE_CURVE('',#6010,#5762,#6034,.T.);
#6034 = LINE('',#6035,#6036);
#6035 = CARTESIAN_POINT('',(3.411140366608E-02,-1.38681117171,
    9.903223874049E-02));
#6036 = VECTOR('',#6037,1.);
#6037 = DIRECTION('',(-1.,0.,0.));
#6038 = ORIENTED_EDGE('',*,*,#5761,.T.);
#6039 = PLANE('',#6040);
#6040 = AXIS2_PLACEMENT_3D('',#6041,#6042,#6043);
#6041 = CARTESIAN_POINT('',(3.411140366608E-02,-1.38681117171,
    9.903223874049E-02));
#6042 = DIRECTION('',(0.,-1.,0.));
#6043 = DIRECTION('',(0.,-0.,-1.));
#6044 = ADVANCED_FACE('',(#6045),#6059,.F.);
#6045 = FACE_BOUND('',#6046,.T.);
#6046 = EDGE_LOOP('',(#6047,#6048,#6049,#6050,#6051,#6052,#6053,#6054,
    #6055,#6056,#6057,#6058));
#6047 = ORIENTED_EDGE('',*,*,#5769,.F.);
#6048 = ORIENTED_EDGE('',*,*,#6033,.F.);
#6049 = ORIENTED_EDGE('',*,*,#6009,.F.);
#6050 = ORIENTED_EDGE('',*,*,#5985,.F.);
#6051 = ORIENTED_EDGE('',*,*,#5961,.F.);
#6052 = ORIENTED_EDGE('',*,*,#5937,.F.);
#6053 = ORIENTED_EDGE('',*,*,#5913,.F.);
#6054 = ORIENTED_EDGE('',*,*,#5889,.F.);
#6055 = ORIENTED_EDGE('',*,*,#5865,.F.);
#6056 = ORIENTED_EDGE('',*,*,#5841,.F.);
#6057 = ORIENTED_EDGE('',*,*,#5817,.F.);
#6058 = ORIENTED_EDGE('',*,*,#5793,.F.);
#6059 = PLANE('',#6060);
#6060 = AXIS2_PLACEMENT_3D('',#6061,#6062,#6063);
#6061 = CARTESIAN_POINT('',(-8.203535724743E-04,2.233050450947E-03,
    9.903223874049E-02));
#6062 = DIRECTION('',(-0.,0.,1.));
#6063 = DIRECTION('',(1.,0.,0.));
#6064 = ADVANCED_FACE('',(#6065),#6090,.T.);
#6065 = FACE_BOUND('',#6066,.T.);
#6066 = EDGE_LOOP('',(#6067,#6068,#6076,#6084));
#6067 = ORIENTED_EDGE('',*,*,#2965,.F.);
#6068 = ORIENTED_EDGE('',*,*,#6069,.F.);
#6069 = EDGE_CURVE('',#6070,#2950,#6072,.T.);
#6070 = VERTEX_POINT('',#6071);
#6071 = CARTESIAN_POINT('',(9.996506220266E-02,-1.376445318051,
    9.903223874049E-02));
#6072 = LINE('',#6073,#6074);
#6073 = CARTESIAN_POINT('',(9.996506220266E-02,-1.376445318051,
    9.903223874049E-02));
#6074 = VECTOR('',#6075,1.);
#6075 = DIRECTION('',(-0.,-0.,-1.));
#6076 = ORIENTED_EDGE('',*,*,#6077,.T.);
#6077 = EDGE_CURVE('',#6070,#6078,#6080,.T.);
#6078 = VERTEX_POINT('',#6079);
#6079 = CARTESIAN_POINT('',(9.996506220266E-02,-1.398396537563,
    9.903223874049E-02));
#6080 = LINE('',#6081,#6082);
#6081 = CARTESIAN_POINT('',(9.996506220266E-02,-1.376445318051,
    9.903223874049E-02));
#6082 = VECTOR('',#6083,1.);
#6083 = DIRECTION('',(0.,-1.,0.));
#6084 = ORIENTED_EDGE('',*,*,#6085,.T.);
#6085 = EDGE_CURVE('',#6078,#2966,#6086,.T.);
#6086 = LINE('',#6087,#6088);
#6087 = CARTESIAN_POINT('',(9.996506220266E-02,-1.398396537563,
    9.903223874049E-02));
#6088 = VECTOR('',#6089,1.);
#6089 = DIRECTION('',(-0.,-0.,-1.));
#6090 = PLANE('',#6091);
#6091 = AXIS2_PLACEMENT_3D('',#6092,#6093,#6094);
#6092 = CARTESIAN_POINT('',(9.996506220266E-02,-1.376445318051,
    9.903223874049E-02));
#6093 = DIRECTION('',(1.,0.,-0.));
#6094 = DIRECTION('',(-0.,0.,-1.));
#6095 = ADVANCED_FACE('',(#6096),#6122,.T.);
#6096 = FACE_BOUND('',#6097,.T.);
#6097 = EDGE_LOOP('',(#6098,#6099,#6100,#6116));
#6098 = ORIENTED_EDGE('',*,*,#2973,.F.);
#6099 = ORIENTED_EDGE('',*,*,#6085,.F.);
#6100 = ORIENTED_EDGE('',*,*,#6101,.T.);
#6101 = EDGE_CURVE('',#6078,#6102,#6104,.T.);
#6102 = VERTEX_POINT('',#6103);
#6103 = CARTESIAN_POINT('',(0.154995550008,-1.411201415612,
    9.903223874049E-02));
#6104 = B_SPLINE_CURVE_WITH_KNOTS('',3,(#6105,#6106,#6107,#6108,#6109,
    #6110,#6111,#6112,#6113,#6114,#6115),.UNSPECIFIED.,.F.,.F.,(4,1,1,1,
    1,1,1,1,4),(0.,0.112448389909,0.226527675213,0.344401949326,
    0.465864972487,0.591659449352,0.722168487025,0.858606387555,1.),
  .UNSPECIFIED.);
#6105 = CARTESIAN_POINT('',(9.996506220266E-02,-1.398396537563,
    9.903223874049E-02));
#6106 = CARTESIAN_POINT('',(0.101841740358,-1.399432387497,
    9.903223874049E-02));
#6107 = CARTESIAN_POINT('',(0.105622315072,-1.401519110816,
    9.903223874049E-02));
#6108 = CARTESIAN_POINT('',(0.111668247969,-1.404093928839,
    9.903223874049E-02));
#6109 = CARTESIAN_POINT('',(0.118030034554,-1.406314830561,
    9.903223874049E-02));
#6110 = CARTESIAN_POINT('',(0.12476335705,-1.408085800473,
    9.903223874049E-02));
#6111 = CARTESIAN_POINT('',(0.131823454312,-1.409509083623,
    9.903223874049E-02));
#6112 = CARTESIAN_POINT('',(0.139247736159,-1.4104731243,
    9.903223874049E-02));
#6113 = CARTESIAN_POINT('',(0.147006789945,-1.411107720903,
    9.903223874049E-02));
#6114 = CARTESIAN_POINT('',(0.152301151281,-1.41116981485,
    9.903223874049E-02));
#6115 = CARTESIAN_POINT('',(0.154995550008,-1.411201415612,
    9.903223874049E-02));
#6116 = ORIENTED_EDGE('',*,*,#6117,.T.);
#6117 = EDGE_CURVE('',#6102,#2974,#6118,.T.);
#6118 = LINE('',#6119,#6120);
#6119 = CARTESIAN_POINT('',(0.154995550008,-1.411201415612,
    9.903223874049E-02));
#6120 = VECTOR('',#6121,1.);
#6121 = DIRECTION('',(-0.,-0.,-1.));
#6122 = B_SPLINE_SURFACE_WITH_KNOTS('',3,1,(
    (#6123,#6124)
    ,(#6125,#6126)
    ,(#6127,#6128)
    ,(#6129,#6130)
    ,(#6131,#6132)
    ,(#6133,#6134)
    ,(#6135,#6136)
    ,(#6137,#6138)
    ,(#6139,#6140)
    ,(#6141,#6142)
    ,(#6143,#6144
  )),.UNSPECIFIED.,.F.,.F.,.F.,(4,1,1,1,1,1,1,1,4),(2,2),(0.,
    0.112448389909,0.226527675213,0.344401949326,0.465864972487,
    0.591659449352,0.722168487025,0.858606387555,1.),(0.,1.),
  .UNSPECIFIED.);
#6123 = CARTESIAN_POINT('',(9.996506220266E-02,-1.398396537563,
    9.903223874049E-02));
#6124 = CARTESIAN_POINT('',(9.996506220266E-02,-1.398396537563,
    4.903223874049E-02));
#6125 = CARTESIAN_POINT('',(0.101841740358,-1.399432387497,
    9.903223874049E-02));
#6126 = CARTESIAN_POINT('',(0.101841740358,-1.399432387497,
    4.903223874049E-02));
#6127 = CARTESIAN_POINT('',(0.105622315072,-1.401519110816,
    9.903223874049E-02));
#6128 = CARTESIAN_POINT('',(0.105622315072,-1.401519110816,
    4.903223874049E-02));
#6129 = CARTESIAN_POINT('',(0.111668247969,-1.404093928839,
    9.903223874049E-02));
#6130 = CARTESIAN_POINT('',(0.111668247969,-1.404093928839,
    4.903223874049E-02));
#6131 = CARTESIAN_POINT('',(0.118030034554,-1.406314830561,
    9.903223874049E-02));
#6132 = CARTESIAN_POINT('',(0.118030034554,-1.406314830561,
    4.903223874049E-02));
#6133 = CARTESIAN_POINT('',(0.12476335705,-1.408085800473,
    9.903223874049E-02));
#6134 = CARTESIAN_POINT('',(0.12476335705,-1.408085800473,
    4.903223874049E-02));
#6135 = CARTESIAN_POINT('',(0.131823454312,-1.409509083623,
    9.903223874049E-02));
#6136 = CARTESIAN_POINT('',(0.131823454312,-1.409509083623,
    4.903223874049E-02));
#6137 = CARTESIAN_POINT('',(0.139247736159,-1.4104731243,
    9.903223874049E-02));
#6138 = CARTESIAN_POINT('',(0.139247736159,-1.4104731243,
    4.903223874049E-02));
#6139 = CARTESIAN_POINT('',(0.147006789945,-1.411107720903,
    9.903223874049E-02));
#6140 = CARTESIAN_POINT('',(0.147006789945,-1.411107720903,
    4.903223874049E-02));
#6141 = CARTESIAN_POINT('',(0.152301151281,-1.41116981485,
    9.903223874049E-02));
#6142 = CARTESIAN_POINT('',(0.152301151281,-1.41116981485,
    4.903223874049E-02));
#6143 = CARTESIAN_POINT('',(0.154995550008,-1.411201415612,
    9.903223874049E-02));
#6144 = CARTESIAN_POINT('',(0.154995550008,-1.411201415612,
    4.903223874049E-02));
#6145 = ADVANCED_FACE('',(#6146),#6180,.T.);
#6146 = FACE_BOUND('',#6147,.T.);
#6147 = EDGE_LOOP('',(#6148,#6149,#6150,#6174));
#6148 = ORIENTED_EDGE('',*,*,#2989,.F.);
#6149 = ORIENTED_EDGE('',*,*,#6117,.F.);
#6150 = ORIENTED_EDGE('',*,*,#6151,.T.);
#6151 = EDGE_CURVE('',#6102,#6152,#6154,.T.);
#6152 = VERTEX_POINT('',#6153);
#6153 = CARTESIAN_POINT('',(0.248745550008,-1.312535257075,
    9.903223874049E-02));
#6154 = B_SPLINE_CURVE_WITH_KNOTS('',3,(#6155,#6156,#6157,#6158,#6159,
    #6160,#6161,#6162,#6163,#6164,#6165,#6166,#6167,#6168,#6169,#6170,
    #6171,#6172,#6173),.UNSPECIFIED.,.F.,.F.,(4,1,1,1,1,1,1,1,1,1,1,1,1,
    1,1,1,4),(0.,6.783324845577E-02,0.132655536508,0.195050884051,
    0.255582933069,0.314799834147,0.373600472826,0.432545595327,
    0.492430629284,0.552671255963,0.612513044188,0.672610250357,
    0.733838369314,0.796594238568,0.861449799291,0.929198942351,1.),
  .UNSPECIFIED.);
#6155 = CARTESIAN_POINT('',(0.154995550008,-1.411201415612,
    9.903223874049E-02));
#6156 = CARTESIAN_POINT('',(0.158467362318,-1.411123984195,
    9.903223874049E-02));
#6157 = CARTESIAN_POINT('',(0.165256881251,-1.410972558362,
    9.903223874049E-02));
#6158 = CARTESIAN_POINT('',(0.175175373624,-1.40969884791,
    9.903223874049E-02));
#6159 = CARTESIAN_POINT('',(0.18455862898,-1.407572344931,
    9.903223874049E-02));
#6160 = CARTESIAN_POINT('',(0.193403388227,-1.404584530068,
    9.903223874049E-02));
#6161 = CARTESIAN_POINT('',(0.201740594479,-1.400809114529,
    9.903223874049E-02));
#6162 = CARTESIAN_POINT('',(0.209527060175,-1.39614232845,
    9.903223874049E-02));
#6163 = CARTESIAN_POINT('',(0.21671125791,-1.390547419374,
    9.903223874049E-02));
#6164 = CARTESIAN_POINT('',(0.223388253508,-1.384249921167,
    9.903223874049E-02));
#6165 = CARTESIAN_POINT('',(0.229345923835,-1.377203899755,
    9.903223874049E-02));
#6166 = CARTESIAN_POINT('',(0.2345607399,-1.369582562791,
    9.903223874049E-02));
#6167 = CARTESIAN_POINT('',(0.238972449615,-1.361409615266,
    9.903223874049E-02));
#6168 = CARTESIAN_POINT('',(0.242552253915,-1.352680570328,
    9.903223874049E-02));
#6169 = CARTESIAN_POINT('',(0.245341980599,-1.34341314721,
    9.903223874049E-02));
#6170 = CARTESIAN_POINT('',(0.247292887964,-1.333599003923,
    9.903223874049E-02));
#6171 = CARTESIAN_POINT('',(0.248560715424,-1.323251909546,
    9.903223874049E-02));
#6172 = CARTESIAN_POINT('',(0.248683040309,-1.316159550215,
    9.903223874049E-02));
#6173 = CARTESIAN_POINT('',(0.248745550008,-1.312535257075,
    9.903223874049E-02));
#6174 = ORIENTED_EDGE('',*,*,#6175,.T.);
#6175 = EDGE_CURVE('',#6152,#2990,#6176,.T.);
#6176 = LINE('',#6177,#6178);
#6177 = CARTESIAN_POINT('',(0.248745550008,-1.312535257075,
    9.903223874049E-02));
#6178 = VECTOR('',#6179,1.);
#6179 = DIRECTION('',(-0.,-0.,-1.));
#6180 = B_SPLINE_SURFACE_WITH_KNOTS('',3,1,(
    (#6181,#6182)
    ,(#6183,#6184)
    ,(#6185,#6186)
    ,(#6187,#6188)
    ,(#6189,#6190)
    ,(#6191,#6192)
    ,(#6193,#6194)
    ,(#6195,#6196)
    ,(#6197,#6198)
    ,(#6199,#6200)
    ,(#6201,#6202)
    ,(#6203,#6204)
    ,(#6205,#6206)
    ,(#6207,#6208)
    ,(#6209,#6210)
    ,(#6211,#6212)
    ,(#6213,#6214)
    ,(#6215,#6216)
    ,(#6217,#6218
    )),.UNSPECIFIED.,.F.,.F.,.F.,(4,1,1,1,1,1,1,1,1,1,1,1,1,1,1,1,4),(2,
    2),(0.,6.783324845577E-02,0.132655536508,0.195050884051,
    0.255582933069,0.314799834147,0.373600472826,0.432545595327,
    0.492430629284,0.552671255963,0.612513044188,0.672610250357,
    0.733838369314,0.796594238568,0.861449799291,0.929198942351,1.),(0.,
    1.),.UNSPECIFIED.);
#6181 = CARTESIAN_POINT('',(0.154995550008,-1.411201415612,
    9.903223874049E-02));
#6182 = CARTESIAN_POINT('',(0.154995550008,-1.411201415612,
    4.903223874049E-02));
#6183 = CARTESIAN_POINT('',(0.158467362318,-1.411123984195,
    9.903223874049E-02));
#6184 = CARTESIAN_POINT('',(0.158467362318,-1.411123984195,
    4.903223874049E-02));
#6185 = CARTESIAN_POINT('',(0.165256881251,-1.410972558362,
    9.903223874049E-02));
#6186 = CARTESIAN_POINT('',(0.165256881251,-1.410972558362,
    4.903223874049E-02));
#6187 = CARTESIAN_POINT('',(0.175175373624,-1.40969884791,
    9.903223874049E-02));
#6188 = CARTESIAN_POINT('',(0.175175373624,-1.40969884791,
    4.903223874049E-02));
#6189 = CARTESIAN_POINT('',(0.18455862898,-1.407572344931,
    9.903223874049E-02));
#6190 = CARTESIAN_POINT('',(0.18455862898,-1.407572344931,
    4.903223874049E-02));
#6191 = CARTESIAN_POINT('',(0.193403388227,-1.404584530068,
    9.903223874049E-02));
#6192 = CARTESIAN_POINT('',(0.193403388227,-1.404584530068,
    4.903223874049E-02));
#6193 = CARTESIAN_POINT('',(0.201740594479,-1.400809114529,
    9.903223874049E-02));
#6194 = CARTESIAN_POINT('',(0.201740594479,-1.400809114529,
    4.903223874049E-02));
#6195 = CARTESIAN_POINT('',(0.209527060175,-1.39614232845,
    9.903223874049E-02));
#6196 = CARTESIAN_POINT('',(0.209527060175,-1.39614232845,
    4.903223874049E-02));
#6197 = CARTESIAN_POINT('',(0.21671125791,-1.390547419374,
    9.903223874049E-02));
#6198 = CARTESIAN_POINT('',(0.21671125791,-1.390547419374,
    4.903223874049E-02));
#6199 = CARTESIAN_POINT('',(0.223388253508,-1.384249921167,
    9.903223874049E-02));
#6200 = CARTESIAN_POINT('',(0.223388253508,-1.384249921167,
    4.903223874049E-02));
#6201 = CARTESIAN_POINT('',(0.229345923835,-1.377203899755,
    9.903223874049E-02));
#6202 = CARTESIAN_POINT('',(0.229345923835,-1.377203899755,
    4.903223874049E-02));
#6203 = CARTESIAN_POINT('',(0.2345607399,-1.369582562791,
    9.903223874049E-02));
#6204 = CARTESIAN_POINT('',(0.2345607399,-1.369582562791,
    4.903223874049E-02));
#6205 = CARTESIAN_POINT('',(0.238972449615,-1.361409615266,
    9.903223874049E-02));
#6206 = CARTESIAN_POINT('',(0.238972449615,-1.361409615266,
    4.903223874049E-02));
#6207 = CARTESIAN_POINT('',(0.242552253915,-1.352680570328,
    9.903223874049E-02));
#6208 = CARTESIAN_POINT('',(0.242552253915,-1.352680570328,
    4.903223874049E-02));
#6209 = CARTESIAN_POINT('',(0.245341980599,-1.34341314721,
    9.903223874049E-02));
#6210 = CARTESIAN_POINT('',(0.245341980599,-1.34341314721,
    4.903223874049E-02));
#6211 = CARTESIAN_POINT('',(0.247292887964,-1.333599003923,
    9.903223874049E-02));
#6212 = CARTESIAN_POINT('',(0.247292887964,-1.333599003923,
    4.903223874049E-02));
#6213 = CARTESIAN_POINT('',(0.248560715424,-1.323251909546,
    9.903223874049E-02));
#6214 = CARTESIAN_POINT('',(0.248560715424,-1.323251909546,
    4.903223874049E-02));
#6215 = CARTESIAN_POINT('',(0.248683040309,-1.316159550215,
    9.903223874049E-02));
#6216 = CARTESIAN_POINT('',(0.248683040309,-1.316159550215,
    4.903223874049E-02));
#6217 = CARTESIAN_POINT('',(0.248745550008,-1.312535257075,
    9.903223874049E-02));
#6218 = CARTESIAN_POINT('',(0.248745550008,-1.312535257075,
    4.903223874049E-02));
#6219 = ADVANCED_FACE('',(#6220),#6254,.T.);
#6220 = FACE_BOUND('',#6221,.T.);
#6221 = EDGE_LOOP('',(#6222,#6223,#6224,#6248));
#6222 = ORIENTED_EDGE('',*,*,#3013,.F.);
#6223 = ORIENTED_EDGE('',*,*,#6175,.F.);
#6224 = ORIENTED_EDGE('',*,*,#6225,.T.);
#6225 = EDGE_CURVE('',#6152,#6226,#6228,.T.);
#6226 = VERTEX_POINT('',#6227);
#6227 = CARTESIAN_POINT('',(0.147030610983,-1.206323366832,
    9.903223874049E-02));
#6228 = B_SPLINE_CURVE_WITH_KNOTS('',3,(#6229,#6230,#6231,#6232,#6233,
    #6234,#6235,#6236,#6237,#6238,#6239,#6240,#6241,#6242,#6243,#6244,
    #6245,#6246,#6247),.UNSPECIFIED.,.F.,.F.,(4,1,1,1,1,1,1,1,1,1,1,1,1,
    1,1,1,4),(0.,7.064371857535E-02,0.138256715509,0.203364124218,
    0.266324093803,0.327904761543,0.388737715173,0.449423528109,
    0.510861011459,0.572079396048,0.631734428731,0.691117210579,
    0.75036002949,0.810032900531,0.871362450829,0.934427141231,1.),
  .UNSPECIFIED.);
#6229 = CARTESIAN_POINT('',(0.248745550008,-1.312535257075,
    9.903223874049E-02));
#6230 = CARTESIAN_POINT('',(0.248658445317,-1.308644154854,
    9.903223874049E-02));
#6231 = CARTESIAN_POINT('',(0.248487972857,-1.30102888454,
    9.903223874049E-02));
#6232 = CARTESIAN_POINT('',(0.247132949719,-1.289893492864,
    9.903223874049E-02));
#6233 = CARTESIAN_POINT('',(0.244909578039,-1.279334693773,
    9.903223874049E-02));
#6234 = CARTESIAN_POINT('',(0.241727641171,-1.269368515237,
    9.903223874049E-02));
#6235 = CARTESIAN_POINT('',(0.237675703127,-1.259981487321,
    9.903223874049E-02));
#6236 = CARTESIAN_POINT('',(0.232750320164,-1.251161119742,
    9.903223874049E-02));
#6237 = CARTESIAN_POINT('',(0.226871459929,-1.242952857784,
    9.903223874049E-02));
#6238 = CARTESIAN_POINT('',(0.220132745031,-1.23541249258,
    9.903223874049E-02));
#6239 = CARTESIAN_POINT('',(0.212757154087,-1.22857779128,
    9.903223874049E-02));
#6240 = CARTESIAN_POINT('',(0.204798922651,-1.222613706719,
    9.903223874049E-02));
#6241 = CARTESIAN_POINT('',(0.19635404667,-1.217573556941,
    9.903223874049E-02));
#6242 = CARTESIAN_POINT('',(0.18743447945,-1.213424105659,
    9.903223874049E-02));
#6243 = CARTESIAN_POINT('',(0.178007431183,-1.210256653086,
    9.903223874049E-02));
#6244 = CARTESIAN_POINT('',(0.168117008427,-1.207981872788,
    9.903223874049E-02));
#6245 = CARTESIAN_POINT('',(0.157729148802,-1.20657228711,
    9.903223874049E-02));
#6246 = CARTESIAN_POINT('',(0.150642846377,-1.206407411834,
    9.903223874049E-02));
#6247 = CARTESIAN_POINT('',(0.147030610983,-1.206323366832,
    9.903223874049E-02));
#6248 = ORIENTED_EDGE('',*,*,#6249,.T.);
#6249 = EDGE_CURVE('',#6226,#3014,#6250,.T.);
#6250 = LINE('',#6251,#6252);
#6251 = CARTESIAN_POINT('',(0.147030610983,-1.206323366832,
    9.903223874049E-02));
#6252 = VECTOR('',#6253,1.);
#6253 = DIRECTION('',(-0.,-0.,-1.));
#6254 = B_SPLINE_SURFACE_WITH_KNOTS('',3,1,(
    (#6255,#6256)
    ,(#6257,#6258)
    ,(#6259,#6260)
    ,(#6261,#6262)
    ,(#6263,#6264)
    ,(#6265,#6266)
    ,(#6267,#6268)
    ,(#6269,#6270)
    ,(#6271,#6272)
    ,(#6273,#6274)
    ,(#6275,#6276)
    ,(#6277,#6278)
    ,(#6279,#6280)
    ,(#6281,#6282)
    ,(#6283,#6284)
    ,(#6285,#6286)
    ,(#6287,#6288)
    ,(#6289,#6290)
    ,(#6291,#6292
    )),.UNSPECIFIED.,.F.,.F.,.F.,(4,1,1,1,1,1,1,1,1,1,1,1,1,1,1,1,4),(2,
    2),(0.,7.064371857535E-02,0.138256715509,0.203364124218,
    0.266324093803,0.327904761543,0.388737715173,0.449423528109,
    0.510861011459,0.572079396048,0.631734428731,0.691117210579,
    0.75036002949,0.810032900531,0.871362450829,0.934427141231,1.),(0.,
    1.),.UNSPECIFIED.);
#6255 = CARTESIAN_POINT('',(0.248745550008,-1.312535257075,
    9.903223874049E-02));
#6256 = CARTESIAN_POINT('',(0.248745550008,-1.312535257075,
    4.903223874049E-02));
#6257 = CARTESIAN_POINT('',(0.248658445317,-1.308644154854,
    9.903223874049E-02));
#6258 = CARTESIAN_POINT('',(0.248658445317,-1.308644154854,
    4.903223874049E-02));
#6259 = CARTESIAN_POINT('',(0.248487972857,-1.30102888454,
    9.903223874049E-02));
#6260 = CARTESIAN_POINT('',(0.248487972857,-1.30102888454,
    4.903223874049E-02));
#6261 = CARTESIAN_POINT('',(0.247132949719,-1.289893492864,
    9.903223874049E-02));
#6262 = CARTESIAN_POINT('',(0.247132949719,-1.289893492864,
    4.903223874049E-02));
#6263 = CARTESIAN_POINT('',(0.244909578039,-1.279334693773,
    9.903223874049E-02));
#6264 = CARTESIAN_POINT('',(0.244909578039,-1.279334693773,
    4.903223874049E-02));
#6265 = CARTESIAN_POINT('',(0.241727641171,-1.269368515237,
    9.903223874049E-02));
#6266 = CARTESIAN_POINT('',(0.241727641171,-1.269368515237,
    4.903223874049E-02));
#6267 = CARTESIAN_POINT('',(0.237675703127,-1.259981487321,
    9.903223874049E-02));
#6268 = CARTESIAN_POINT('',(0.237675703127,-1.259981487321,
    4.903223874049E-02));
#6269 = CARTESIAN_POINT('',(0.232750320164,-1.251161119742,
    9.903223874049E-02));
#6270 = CARTESIAN_POINT('',(0.232750320164,-1.251161119742,
    4.903223874049E-02));
#6271 = CARTESIAN_POINT('',(0.226871459929,-1.242952857784,
    9.903223874049E-02));
#6272 = CARTESIAN_POINT('',(0.226871459929,-1.242952857784,
    4.903223874049E-02));
#6273 = CARTESIAN_POINT('',(0.220132745031,-1.23541249258,
    9.903223874049E-02));
#6274 = CARTESIAN_POINT('',(0.220132745031,-1.23541249258,
    4.903223874049E-02));
#6275 = CARTESIAN_POINT('',(0.212757154087,-1.22857779128,
    9.903223874049E-02));
#6276 = CARTESIAN_POINT('',(0.212757154087,-1.22857779128,
    4.903223874049E-02));
#6277 = CARTESIAN_POINT('',(0.204798922651,-1.222613706719,
    9.903223874049E-02));
#6278 = CARTESIAN_POINT('',(0.204798922651,-1.222613706719,
    4.903223874049E-02));
#6279 = CARTESIAN_POINT('',(0.19635404667,-1.217573556941,
    9.903223874049E-02));
#6280 = CARTESIAN_POINT('',(0.19635404667,-1.217573556941,
    4.903223874049E-02));
#6281 = CARTESIAN_POINT('',(0.18743447945,-1.213424105659,
    9.903223874049E-02));
#6282 = CARTESIAN_POINT('',(0.18743447945,-1.213424105659,
    4.903223874049E-02));
#6283 = CARTESIAN_POINT('',(0.178007431183,-1.210256653086,
    9.903223874049E-02));
#6284 = CARTESIAN_POINT('',(0.178007431183,-1.210256653086,
    4.903223874049E-02));
#6285 = CARTESIAN_POINT('',(0.168117008427,-1.207981872788,
    9.903223874049E-02));
#6286 = CARTESIAN_POINT('',(0.168117008427,-1.207981872788,
    4.903223874049E-02));
#6287 = CARTESIAN_POINT('',(0.157729148802,-1.20657228711,
    9.903223874049E-02));
#6288 = CARTESIAN_POINT('',(0.157729148802,-1.20657228711,
    4.903223874049E-02));
#6289 = CARTESIAN_POINT('',(0.150642846377,-1.206407411834,
    9.903223874049E-02));
#6290 = CARTESIAN_POINT('',(0.150642846377,-1.206407411834,
    4.903223874049E-02));
#6291 = CARTESIAN_POINT('',(0.147030610983,-1.206323366832,
    9.903223874049E-02));
#6292 = CARTESIAN_POINT('',(0.147030610983,-1.206323366832,
    4.903223874049E-02));
#6293 = ADVANCED_FACE('',(#6294),#6320,.T.);
#6294 = FACE_BOUND('',#6295,.T.);
#6295 = EDGE_LOOP('',(#6296,#6297,#6298,#6314));
#6296 = ORIENTED_EDGE('',*,*,#3037,.F.);
#6297 = ORIENTED_EDGE('',*,*,#6249,.F.);
#6298 = ORIENTED_EDGE('',*,*,#6299,.T.);
#6299 = EDGE_CURVE('',#6226,#6300,#6302,.T.);
#6300 = VERTEX_POINT('',#6301);
#6301 = CARTESIAN_POINT('',(9.996506220266E-02,-1.2142501961,
    9.903223874049E-02));
#6302 = B_SPLINE_CURVE_WITH_KNOTS('',3,(#6303,#6304,#6305,#6306,#6307,
    #6308,#6309,#6310,#6311,#6312,#6313),.UNSPECIFIED.,.F.,.F.,(4,1,1,1,
    1,1,1,1,4),(0.,0.145186866472,0.28344261092,0.416524365929,
    0.543181123535,0.665153082638,0.781360206313,0.892756655642,1.),
  .UNSPECIFIED.);
#6303 = CARTESIAN_POINT('',(0.147030610983,-1.206323366832,
    9.903223874049E-02));
#6304 = CARTESIAN_POINT('',(0.144705238858,-1.206340035719,
    9.903223874049E-02));
#6305 = CARTESIAN_POINT('',(0.140165506289,-1.206372577732,
    9.903223874049E-02));
#6306 = CARTESIAN_POINT('',(0.133505657295,-1.206780657585,
    9.903223874049E-02));
#6307 = CARTESIAN_POINT('',(0.127156201869,-1.207357399328,
    9.903223874049E-02));
#6308 = CARTESIAN_POINT('',(0.121107951601,-1.208256723676,
    9.903223874049E-02));
#6309 = CARTESIAN_POINT('',(0.115361217705,-1.209327275554,
    9.903223874049E-02));
#6310 = CARTESIAN_POINT('',(0.109937528313,-1.210722791259,
    9.903223874049E-02));
#6311 = CARTESIAN_POINT('',(0.104802789046,-1.212286456116,
    9.903223874049E-02));
#6312 = CARTESIAN_POINT('',(0.101557086905,-1.213603958174,
    9.903223874049E-02));
#6313 = CARTESIAN_POINT('',(9.996506220266E-02,-1.2142501961,
    9.903223874049E-02));
#6314 = ORIENTED_EDGE('',*,*,#6315,.T.);
#6315 = EDGE_CURVE('',#6300,#3038,#6316,.T.);
#6316 = LINE('',#6317,#6318);
#6317 = CARTESIAN_POINT('',(9.996506220266E-02,-1.2142501961,
    9.903223874049E-02));
#6318 = VECTOR('',#6319,1.);
#6319 = DIRECTION('',(-0.,-0.,-1.));
#6320 = B_SPLINE_SURFACE_WITH_KNOTS('',3,1,(
    (#6321,#6322)
    ,(#6323,#6324)
    ,(#6325,#6326)
    ,(#6327,#6328)
    ,(#6329,#6330)
    ,(#6331,#6332)
    ,(#6333,#6334)
    ,(#6335,#6336)
    ,(#6337,#6338)
    ,(#6339,#6340)
    ,(#6341,#6342
  )),.UNSPECIFIED.,.F.,.F.,.F.,(4,1,1,1,1,1,1,1,4),(2,2),(0.,
    0.145186866472,0.28344261092,0.416524365929,0.543181123535,
    0.665153082638,0.781360206313,0.892756655642,1.),(0.,1.),
  .UNSPECIFIED.);
#6321 = CARTESIAN_POINT('',(0.147030610983,-1.206323366832,
    9.903223874049E-02));
#6322 = CARTESIAN_POINT('',(0.147030610983,-1.206323366832,
    4.903223874049E-02));
#6323 = CARTESIAN_POINT('',(0.144705238858,-1.206340035719,
    9.903223874049E-02));
#6324 = CARTESIAN_POINT('',(0.144705238858,-1.206340035719,
    4.903223874049E-02));
#6325 = CARTESIAN_POINT('',(0.140165506289,-1.206372577732,
    9.903223874049E-02));
#6326 = CARTESIAN_POINT('',(0.140165506289,-1.206372577732,
    4.903223874049E-02));
#6327 = CARTESIAN_POINT('',(0.133505657295,-1.206780657585,
    9.903223874049E-02));
#6328 = CARTESIAN_POINT('',(0.133505657295,-1.206780657585,
    4.903223874049E-02));
#6329 = CARTESIAN_POINT('',(0.127156201869,-1.207357399328,
    9.903223874049E-02));
#6330 = CARTESIAN_POINT('',(0.127156201869,-1.207357399328,
    4.903223874049E-02));
#6331 = CARTESIAN_POINT('',(0.121107951601,-1.208256723676,
    9.903223874049E-02));
#6332 = CARTESIAN_POINT('',(0.121107951601,-1.208256723676,
    4.903223874049E-02));
#6333 = CARTESIAN_POINT('',(0.115361217705,-1.209327275554,
    9.903223874049E-02));
#6334 = CARTESIAN_POINT('',(0.115361217705,-1.209327275554,
    4.903223874049E-02));
#6335 = CARTESIAN_POINT('',(0.109937528313,-1.210722791259,
    9.903223874049E-02));
#6336 = CARTESIAN_POINT('',(0.109937528313,-1.210722791259,
    4.903223874049E-02));
#6337 = CARTESIAN_POINT('',(0.104802789046,-1.212286456116,
    9.903223874049E-02));
#6338 = CARTESIAN_POINT('',(0.104802789046,-1.212286456116,
    4.903223874049E-02));
#6339 = CARTESIAN_POINT('',(0.101557086905,-1.213603958174,
    9.903223874049E-02));
#6340 = CARTESIAN_POINT('',(0.101557086905,-1.213603958174,
    4.903223874049E-02));
#6341 = CARTESIAN_POINT('',(9.996506220266E-02,-1.2142501961,
    9.903223874049E-02));
#6342 = CARTESIAN_POINT('',(9.996506220266E-02,-1.2142501961,
    4.903223874049E-02));
#6343 = ADVANCED_FACE('',(#6344),#6362,.T.);
#6344 = FACE_BOUND('',#6345,.T.);
#6345 = EDGE_LOOP('',(#6346,#6347,#6348,#6356));
#6346 = ORIENTED_EDGE('',*,*,#3053,.F.);
#6347 = ORIENTED_EDGE('',*,*,#6315,.F.);
#6348 = ORIENTED_EDGE('',*,*,#6349,.T.);
#6349 = EDGE_CURVE('',#6300,#6350,#6352,.T.);
#6350 = VERTEX_POINT('',#6351);
#6351 = CARTESIAN_POINT('',(9.996506220266E-02,-1.241079464393,
    9.903223874049E-02));
#6352 = LINE('',#6353,#6354);
#6353 = CARTESIAN_POINT('',(9.996506220266E-02,-1.2142501961,
    9.903223874049E-02));
#6354 = VECTOR('',#6355,1.);
#6355 = DIRECTION('',(0.,-1.,0.));
#6356 = ORIENTED_EDGE('',*,*,#6357,.T.);
#6357 = EDGE_CURVE('',#6350,#3054,#6358,.T.);
#6358 = LINE('',#6359,#6360);
#6359 = CARTESIAN_POINT('',(9.996506220266E-02,-1.241079464393,
    9.903223874049E-02));
#6360 = VECTOR('',#6361,1.);
#6361 = DIRECTION('',(-0.,-0.,-1.));
#6362 = PLANE('',#6363);
#6363 = AXIS2_PLACEMENT_3D('',#6364,#6365,#6366);
#6364 = CARTESIAN_POINT('',(9.996506220266E-02,-1.2142501961,
    9.903223874049E-02));
#6365 = DIRECTION('',(1.,0.,-0.));
#6366 = DIRECTION('',(-0.,0.,-1.));
#6367 = ADVANCED_FACE('',(#6368),#6394,.T.);
#6368 = FACE_BOUND('',#6369,.T.);
#6369 = EDGE_LOOP('',(#6370,#6371,#6372,#6388));
#6370 = ORIENTED_EDGE('',*,*,#3061,.F.);
#6371 = ORIENTED_EDGE('',*,*,#6357,.F.);
#6372 = ORIENTED_EDGE('',*,*,#6373,.T.);
#6373 = EDGE_CURVE('',#6350,#6374,#6376,.T.);
#6374 = VERTEX_POINT('',#6375);
#6375 = CARTESIAN_POINT('',(0.146801952447,-1.228274586344,
    9.903223874049E-02));
#6376 = B_SPLINE_CURVE_WITH_KNOTS('',3,(#6377,#6378,#6379,#6380,#6381,
    #6382,#6383,#6384,#6385,#6386,#6387),.UNSPECIFIED.,.F.,.F.,(4,1,1,1,
    1,1,1,1,4),(0.,0.125279696736,0.249419970742,0.373356799493,
    0.496681278782,0.620202915744,0.745086320161,0.871269195019,1.),
  .UNSPECIFIED.);
#6377 = CARTESIAN_POINT('',(9.996506220266E-02,-1.241079464393,
    9.903223874049E-02));
#6378 = CARTESIAN_POINT('',(0.101741139328,-1.240047429794,
    9.903223874049E-02));
#6379 = CARTESIAN_POINT('',(0.105277140103,-1.237992746984,
    9.903223874049E-02));
#6380 = CARTESIAN_POINT('',(0.110838626426,-1.235423989099,
    9.903223874049E-02));
#6381 = CARTESIAN_POINT('',(0.116507275056,-1.233195961464,
    9.903223874049E-02));
#6382 = CARTESIAN_POINT('',(0.122322769367,-1.231417361298,
    9.903223874049E-02));
#6383 = CARTESIAN_POINT('',(0.128248508366,-1.229981128014,
    9.903223874049E-02));
#6384 = CARTESIAN_POINT('',(0.134315565434,-1.229017805872,
    9.903223874049E-02));
#6385 = CARTESIAN_POINT('',(0.140512445647,-1.228369679154,
    9.903223874049E-02));
#6386 = CARTESIAN_POINT('',(0.144691526505,-1.228306494463,
    9.903223874049E-02));
#6387 = CARTESIAN_POINT('',(0.146801952447,-1.228274586344,
    9.903223874049E-02));
#6388 = ORIENTED_EDGE('',*,*,#6389,.T.);
#6389 = EDGE_CURVE('',#6374,#3062,#6390,.T.);
#6390 = LINE('',#6391,#6392);
#6391 = CARTESIAN_POINT('',(0.146801952447,-1.228274586344,
    9.903223874049E-02));
#6392 = VECTOR('',#6393,1.);
#6393 = DIRECTION('',(-0.,-0.,-1.));
#6394 = B_SPLINE_SURFACE_WITH_KNOTS('',3,1,(
    (#6395,#6396)
    ,(#6397,#6398)
    ,(#6399,#6400)
    ,(#6401,#6402)
    ,(#6403,#6404)
    ,(#6405,#6406)
    ,(#6407,#6408)
    ,(#6409,#6410)
    ,(#6411,#6412)
    ,(#6413,#6414)
    ,(#6415,#6416
  )),.UNSPECIFIED.,.F.,.F.,.F.,(4,1,1,1,1,1,1,1,4),(2,2),(0.,
    0.125279696736,0.249419970742,0.373356799493,0.496681278782,
    0.620202915744,0.745086320161,0.871269195019,1.),(0.,1.),
  .UNSPECIFIED.);
#6395 = CARTESIAN_POINT('',(9.996506220266E-02,-1.241079464393,
    9.903223874049E-02));
#6396 = CARTESIAN_POINT('',(9.996506220266E-02,-1.241079464393,
    4.903223874049E-02));
#6397 = CARTESIAN_POINT('',(0.101741139328,-1.240047429794,
    9.903223874049E-02));
#6398 = CARTESIAN_POINT('',(0.101741139328,-1.240047429794,
    4.903223874049E-02));
#6399 = CARTESIAN_POINT('',(0.105277140103,-1.237992746984,
    9.903223874049E-02));
#6400 = CARTESIAN_POINT('',(0.105277140103,-1.237992746984,
    4.903223874049E-02));
#6401 = CARTESIAN_POINT('',(0.110838626426,-1.235423989099,
    9.903223874049E-02));
#6402 = CARTESIAN_POINT('',(0.110838626426,-1.235423989099,
    4.903223874049E-02));
#6403 = CARTESIAN_POINT('',(0.116507275056,-1.233195961464,
    9.903223874049E-02));
#6404 = CARTESIAN_POINT('',(0.116507275056,-1.233195961464,
    4.903223874049E-02));
#6405 = CARTESIAN_POINT('',(0.122322769367,-1.231417361298,
    9.903223874049E-02));
#6406 = CARTESIAN_POINT('',(0.122322769367,-1.231417361298,
    4.903223874049E-02));
#6407 = CARTESIAN_POINT('',(0.128248508366,-1.229981128014,
    9.903223874049E-02));
#6408 = CARTESIAN_POINT('',(0.128248508366,-1.229981128014,
    4.903223874049E-02));
#6409 = CARTESIAN_POINT('',(0.134315565434,-1.229017805872,
    9.903223874049E-02));
#6410 = CARTESIAN_POINT('',(0.134315565434,-1.229017805872,
    4.903223874049E-02));
#6411 = CARTESIAN_POINT('',(0.140512445647,-1.228369679154,
    9.903223874049E-02));
#6412 = CARTESIAN_POINT('',(0.140512445647,-1.228369679154,
    4.903223874049E-02));
#6413 = CARTESIAN_POINT('',(0.144691526505,-1.228306494463,
    9.903223874049E-02));
#6414 = CARTESIAN_POINT('',(0.144691526505,-1.228306494463,
    4.903223874049E-02));
#6415 = CARTESIAN_POINT('',(0.146801952447,-1.228274586344,
    9.903223874049E-02));
#6416 = CARTESIAN_POINT('',(0.146801952447,-1.228274586344,
    4.903223874049E-02));
#6417 = ADVANCED_FACE('',(#6418),#6452,.T.);
#6418 = FACE_BOUND('',#6419,.T.);
#6419 = EDGE_LOOP('',(#6420,#6421,#6422,#6446));
#6420 = ORIENTED_EDGE('',*,*,#3077,.F.);
#6421 = ORIENTED_EDGE('',*,*,#6389,.F.);
#6422 = ORIENTED_EDGE('',*,*,#6423,.T.);
#6423 = EDGE_CURVE('',#6374,#6424,#6426,.T.);
#6424 = VERTEX_POINT('',#6425);
#6425 = CARTESIAN_POINT('',(0.221916281715,-1.310896537563,
    9.903223874049E-02));
#6426 = B_SPLINE_CURVE_WITH_KNOTS('',3,(#6427,#6428,#6429,#6430,#6431,
    #6432,#6433,#6434,#6435,#6436,#6437,#6438,#6439,#6440,#6441,#6442,
    #6443,#6444,#6445),.UNSPECIFIED.,.F.,.F.,(4,1,1,1,1,1,1,1,1,1,1,1,1,
    1,1,1,4),(0.,6.460397028839E-02,0.126702413963,0.186756814036,
    0.245505687365,0.30365202445,0.361503073971,0.420240222928,
    0.480033340777,0.540678134776,0.601191806381,0.662333502477,
    0.724739510297,0.789467736173,0.856504860044,0.926312095839,1.),
  .UNSPECIFIED.);
#6427 = CARTESIAN_POINT('',(0.146801952447,-1.228274586344,
    9.903223874049E-02));
#6428 = CARTESIAN_POINT('',(0.149511824819,-1.228332853561,
    9.903223874049E-02));
#6429 = CARTESIAN_POINT('',(0.15482647297,-1.228447128226,
    9.903223874049E-02));
#6430 = CARTESIAN_POINT('',(0.162590768512,-1.229569094163,
    9.903223874049E-02));
#6431 = CARTESIAN_POINT('',(0.169996247148,-1.23124768201,
    9.903223874049E-02));
#6432 = CARTESIAN_POINT('',(0.177013213412,-1.233704425465,
    9.903223874049E-02));
#6433 = CARTESIAN_POINT('',(0.183633699505,-1.236875231535,
    9.903223874049E-02));
#6434 = CARTESIAN_POINT('',(0.189851964305,-1.240771992997,
    9.903223874049E-02));
#6435 = CARTESIAN_POINT('',(0.195706196516,-1.245311163472,
    9.903223874049E-02));
#6436 = CARTESIAN_POINT('',(0.201107091816,-1.250549370923,
    9.903223874049E-02));
#6437 = CARTESIAN_POINT('',(0.206028809771,-1.256341991678,
    9.903223874049E-02));
#6438 = CARTESIAN_POINT('',(0.210253375839,-1.262727333812,
    9.903223874049E-02));
#6439 = CARTESIAN_POINT('',(0.213916715883,-1.26953256983,
    9.903223874049E-02));
#6440 = CARTESIAN_POINT('',(0.216850311468,-1.276877095876,
    9.903223874049E-02));
#6441 = CARTESIAN_POINT('',(0.219122211316,-1.28470456065,
    9.903223874049E-02));
#6442 = CARTESIAN_POINT('',(0.220762044122,-1.293004283583,
    9.903223874049E-02));
#6443 = CARTESIAN_POINT('',(0.221712140659,-1.301791572267,
    9.903223874049E-02));
#6444 = CARTESIAN_POINT('',(0.221847018819,-1.307807319375,
    9.903223874049E-02));
#6445 = CARTESIAN_POINT('',(0.221916281715,-1.310896537563,
    9.903223874049E-02));
#6446 = ORIENTED_EDGE('',*,*,#6447,.T.);
#6447 = EDGE_CURVE('',#6424,#3078,#6448,.T.);
#6448 = LINE('',#6449,#6450);
#6449 = CARTESIAN_POINT('',(0.221916281715,-1.310896537563,
    9.903223874049E-02));
#6450 = VECTOR('',#6451,1.);
#6451 = DIRECTION('',(-0.,-0.,-1.));
#6452 = B_SPLINE_SURFACE_WITH_KNOTS('',3,1,(
    (#6453,#6454)
    ,(#6455,#6456)
    ,(#6457,#6458)
    ,(#6459,#6460)
    ,(#6461,#6462)
    ,(#6463,#6464)
    ,(#6465,#6466)
    ,(#6467,#6468)
    ,(#6469,#6470)
    ,(#6471,#6472)
    ,(#6473,#6474)
    ,(#6475,#6476)
    ,(#6477,#6478)
    ,(#6479,#6480)
    ,(#6481,#6482)
    ,(#6483,#6484)
    ,(#6485,#6486)
    ,(#6487,#6488)
    ,(#6489,#6490
    )),.UNSPECIFIED.,.F.,.F.,.F.,(4,1,1,1,1,1,1,1,1,1,1,1,1,1,1,1,4),(2,
    2),(0.,6.460397028839E-02,0.126702413963,0.186756814036,
    0.245505687365,0.30365202445,0.361503073971,0.420240222928,
    0.480033340777,0.540678134776,0.601191806381,0.662333502477,
    0.724739510297,0.789467736173,0.856504860044,0.926312095839,1.),(0.,
    1.),.UNSPECIFIED.);
#6453 = CARTESIAN_POINT('',(0.146801952447,-1.228274586344,
    9.903223874049E-02));
#6454 = CARTESIAN_POINT('',(0.146801952447,-1.228274586344,
    4.903223874049E-02));
#6455 = CARTESIAN_POINT('',(0.149511824819,-1.228332853561,
    9.903223874049E-02));
#6456 = CARTESIAN_POINT('',(0.149511824819,-1.228332853561,
    4.903223874049E-02));
#6457 = CARTESIAN_POINT('',(0.15482647297,-1.228447128226,
    9.903223874049E-02));
#6458 = CARTESIAN_POINT('',(0.15482647297,-1.228447128226,
    4.903223874049E-02));
#6459 = CARTESIAN_POINT('',(0.162590768512,-1.229569094163,
    9.903223874049E-02));
#6460 = CARTESIAN_POINT('',(0.162590768512,-1.229569094163,
    4.903223874049E-02));
#6461 = CARTESIAN_POINT('',(0.169996247148,-1.23124768201,
    9.903223874049E-02));
#6462 = CARTESIAN_POINT('',(0.169996247148,-1.23124768201,
    4.903223874049E-02));
#6463 = CARTESIAN_POINT('',(0.177013213412,-1.233704425465,
    9.903223874049E-02));
#6464 = CARTESIAN_POINT('',(0.177013213412,-1.233704425465,
    4.903223874049E-02));
#6465 = CARTESIAN_POINT('',(0.183633699505,-1.236875231535,
    9.903223874049E-02));
#6466 = CARTESIAN_POINT('',(0.183633699505,-1.236875231535,
    4.903223874049E-02));
#6467 = CARTESIAN_POINT('',(0.189851964305,-1.240771992997,
    9.903223874049E-02));
#6468 = CARTESIAN_POINT('',(0.189851964305,-1.240771992997,
    4.903223874049E-02));
#6469 = CARTESIAN_POINT('',(0.195706196516,-1.245311163472,
    9.903223874049E-02));
#6470 = CARTESIAN_POINT('',(0.195706196516,-1.245311163472,
    4.903223874049E-02));
#6471 = CARTESIAN_POINT('',(0.201107091816,-1.250549370923,
    9.903223874049E-02));
#6472 = CARTESIAN_POINT('',(0.201107091816,-1.250549370923,
    4.903223874049E-02));
#6473 = CARTESIAN_POINT('',(0.206028809771,-1.256341991678,
    9.903223874049E-02));
#6474 = CARTESIAN_POINT('',(0.206028809771,-1.256341991678,
    4.903223874049E-02));
#6475 = CARTESIAN_POINT('',(0.210253375839,-1.262727333812,
    9.903223874049E-02));
#6476 = CARTESIAN_POINT('',(0.210253375839,-1.262727333812,
    4.903223874049E-02));
#6477 = CARTESIAN_POINT('',(0.213916715883,-1.26953256983,
    9.903223874049E-02));
#6478 = CARTESIAN_POINT('',(0.213916715883,-1.26953256983,
    4.903223874049E-02));
#6479 = CARTESIAN_POINT('',(0.216850311468,-1.276877095876,
    9.903223874049E-02));
#6480 = CARTESIAN_POINT('',(0.216850311468,-1.276877095876,
    4.903223874049E-02));
#6481 = CARTESIAN_POINT('',(0.219122211316,-1.28470456065,
    9.903223874049E-02));
#6482 = CARTESIAN_POINT('',(0.219122211316,-1.28470456065,
    4.903223874049E-02));
#6483 = CARTESIAN_POINT('',(0.220762044122,-1.293004283583,
    9.903223874049E-02));
#6484 = CARTESIAN_POINT('',(0.220762044122,-1.293004283583,
    4.903223874049E-02));
#6485 = CARTESIAN_POINT('',(0.221712140659,-1.301791572267,
    9.903223874049E-02));
#6486 = CARTESIAN_POINT('',(0.221712140659,-1.301791572267,
    4.903223874049E-02));
#6487 = CARTESIAN_POINT('',(0.221847018819,-1.307807319375,
    9.903223874049E-02));
#6488 = CARTESIAN_POINT('',(0.221847018819,-1.307807319375,
    4.903223874049E-02));
#6489 = CARTESIAN_POINT('',(0.221916281715,-1.310896537563,
    9.903223874049E-02));
#6490 = CARTESIAN_POINT('',(0.221916281715,-1.310896537563,
    4.903223874049E-02));
#6491 = ADVANCED_FACE('',(#6492),#6526,.T.);
#6492 = FACE_BOUND('',#6493,.T.);
#6493 = EDGE_LOOP('',(#6494,#6495,#6496,#6520));
#6494 = ORIENTED_EDGE('',*,*,#3101,.F.);
#6495 = ORIENTED_EDGE('',*,*,#6447,.F.);
#6496 = ORIENTED_EDGE('',*,*,#6497,.T.);
#6497 = EDGE_CURVE('',#6424,#6498,#6500,.T.);
#6498 = VERTEX_POINT('',#6499);
#6499 = CARTESIAN_POINT('',(0.151298903666,-1.3892501961,
    9.903223874049E-02));
#6500 = B_SPLINE_CURVE_WITH_KNOTS('',3,(#6501,#6502,#6503,#6504,#6505,
    #6506,#6507,#6508,#6509,#6510,#6511,#6512,#6513,#6514,#6515,#6516,
    #6517,#6518,#6519),.UNSPECIFIED.,.F.,.F.,(4,1,1,1,1,1,1,1,1,1,1,1,1,
    1,1,1,4),(0.,7.377411937406E-02,0.144079114726,0.211348518309,
    0.27607688574,0.33852091582,0.399885116693,0.460254067465,
    0.520588964391,0.580207684563,0.638632908553,0.696364549491,
    0.75400177466,0.812805681374,0.872754425526,0.935181996978,1.),
  .UNSPECIFIED.);
#6501 = CARTESIAN_POINT('',(0.221916281715,-1.310896537563,
    9.903223874049E-02));
#6502 = CARTESIAN_POINT('',(0.221860717745,-1.313820778702,
    9.903223874049E-02));
#6503 = CARTESIAN_POINT('',(0.221752202622,-1.319531752661,
    9.903223874049E-02));
#6504 = CARTESIAN_POINT('',(0.220819885298,-1.327867288246,
    9.903223874049E-02));
#6505 = CARTESIAN_POINT('',(0.219309636449,-1.335748632615,
    9.903223874049E-02));
#6506 = CARTESIAN_POINT('',(0.217187168109,-1.343168838851,
    9.903223874049E-02));
#6507 = CARTESIAN_POINT('',(0.214419547072,-1.350121040066,
    9.903223874049E-02));
#6508 = CARTESIAN_POINT('',(0.211076357854,-1.356623708237,
    9.903223874049E-02));
#6509 = CARTESIAN_POINT('',(0.207079154304,-1.362647478564,
    9.903223874049E-02));
#6510 = CARTESIAN_POINT('',(0.202516174344,-1.368164150413,
    9.903223874049E-02));
#6511 = CARTESIAN_POINT('',(0.197450064673,-1.373111280835,
    9.903223874049E-02));
#6512 = CARTESIAN_POINT('',(0.191986913085,-1.377455972899,
    9.903223874049E-02));
#6513 = CARTESIAN_POINT('',(0.186114817058,-1.381082438266,
    9.903223874049E-02));
#6514 = CARTESIAN_POINT('',(0.179888532923,-1.384089618442,
    9.903223874049E-02));
#6515 = CARTESIAN_POINT('',(0.173279929112,-1.386414583481,
    9.903223874049E-02));
#6516 = CARTESIAN_POINT('',(0.16627663505,-1.38804446551,
    9.903223874049E-02));
#6517 = CARTESIAN_POINT('',(0.158912153833,-1.389053979371,
    9.903223874049E-02));
#6518 = CARTESIAN_POINT('',(0.153868238668,-1.389183976483,
    9.903223874049E-02));
#6519 = CARTESIAN_POINT('',(0.151298903666,-1.3892501961,
    9.903223874049E-02));
#6520 = ORIENTED_EDGE('',*,*,#6521,.T.);
#6521 = EDGE_CURVE('',#6498,#2948,#6522,.T.);
#6522 = LINE('',#6523,#6524);
#6523 = CARTESIAN_POINT('',(0.151298903666,-1.3892501961,
    9.903223874049E-02));
#6524 = VECTOR('',#6525,1.);
#6525 = DIRECTION('',(-0.,-0.,-1.));
#6526 = B_SPLINE_SURFACE_WITH_KNOTS('',3,1,(
    (#6527,#6528)
    ,(#6529,#6530)
    ,(#6531,#6532)
    ,(#6533,#6534)
    ,(#6535,#6536)
    ,(#6537,#6538)
    ,(#6539,#6540)
    ,(#6541,#6542)
    ,(#6543,#6544)
    ,(#6545,#6546)
    ,(#6547,#6548)
    ,(#6549,#6550)
    ,(#6551,#6552)
    ,(#6553,#6554)
    ,(#6555,#6556)
    ,(#6557,#6558)
    ,(#6559,#6560)
    ,(#6561,#6562)
    ,(#6563,#6564
    )),.UNSPECIFIED.,.F.,.F.,.F.,(4,1,1,1,1,1,1,1,1,1,1,1,1,1,1,1,4),(2,
    2),(0.,7.377411937406E-02,0.144079114726,0.211348518309,
    0.27607688574,0.33852091582,0.399885116693,0.460254067465,
    0.520588964391,0.580207684563,0.638632908553,0.696364549491,
    0.75400177466,0.812805681374,0.872754425526,0.935181996978,1.),(0.,
    1.),.UNSPECIFIED.);
#6527 = CARTESIAN_POINT('',(0.221916281715,-1.310896537563,
    9.903223874049E-02));
#6528 = CARTESIAN_POINT('',(0.221916281715,-1.310896537563,
    4.903223874049E-02));
#6529 = CARTESIAN_POINT('',(0.221860717745,-1.313820778702,
    9.903223874049E-02));
#6530 = CARTESIAN_POINT('',(0.221860717745,-1.313820778702,
    4.903223874049E-02));
#6531 = CARTESIAN_POINT('',(0.221752202622,-1.319531752661,
    9.903223874049E-02));
#6532 = CARTESIAN_POINT('',(0.221752202622,-1.319531752661,
    4.903223874049E-02));
#6533 = CARTESIAN_POINT('',(0.220819885298,-1.327867288246,
    9.903223874049E-02));
#6534 = CARTESIAN_POINT('',(0.220819885298,-1.327867288246,
    4.903223874049E-02));
#6535 = CARTESIAN_POINT('',(0.219309636449,-1.335748632615,
    9.903223874049E-02));
#6536 = CARTESIAN_POINT('',(0.219309636449,-1.335748632615,
    4.903223874049E-02));
#6537 = CARTESIAN_POINT('',(0.217187168109,-1.343168838851,
    9.903223874049E-02));
#6538 = CARTESIAN_POINT('',(0.217187168109,-1.343168838851,
    4.903223874049E-02));
#6539 = CARTESIAN_POINT('',(0.214419547072,-1.350121040066,
    9.903223874049E-02));
#6540 = CARTESIAN_POINT('',(0.214419547072,-1.350121040066,
    4.903223874049E-02));
#6541 = CARTESIAN_POINT('',(0.211076357854,-1.356623708237,
    9.903223874049E-02));
#6542 = CARTESIAN_POINT('',(0.211076357854,-1.356623708237,
    4.903223874049E-02));
#6543 = CARTESIAN_POINT('',(0.207079154304,-1.362647478564,
    9.903223874049E-02));
#6544 = CARTESIAN_POINT('',(0.207079154304,-1.362647478564,
    4.903223874049E-02));
#6545 = CARTESIAN_POINT('',(0.202516174344,-1.368164150413,
    9.903223874049E-02));
#6546 = CARTESIAN_POINT('',(0.202516174344,-1.368164150413,
    4.903223874049E-02));
#6547 = CARTESIAN_POINT('',(0.197450064673,-1.373111280835,
    9.903223874049E-02));
#6548 = CARTESIAN_POINT('',(0.197450064673,-1.373111280835,
    4.903223874049E-02));
#6549 = CARTESIAN_POINT('',(0.191986913085,-1.377455972899,
    9.903223874049E-02));
#6550 = CARTESIAN_POINT('',(0.191986913085,-1.377455972899,
    4.903223874049E-02));
#6551 = CARTESIAN_POINT('',(0.186114817058,-1.381082438266,
    9.903223874049E-02));
#6552 = CARTESIAN_POINT('',(0.186114817058,-1.381082438266,
    4.903223874049E-02));
#6553 = CARTESIAN_POINT('',(0.179888532923,-1.384089618442,
    9.903223874049E-02));
#6554 = CARTESIAN_POINT('',(0.179888532923,-1.384089618442,
    4.903223874049E-02));
#6555 = CARTESIAN_POINT('',(0.173279929112,-1.386414583481,
    9.903223874049E-02));
#6556 = CARTESIAN_POINT('',(0.173279929112,-1.386414583481,
    4.903223874049E-02));
#6557 = CARTESIAN_POINT('',(0.16627663505,-1.38804446551,
    9.903223874049E-02));
#6558 = CARTESIAN_POINT('',(0.16627663505,-1.38804446551,
    4.903223874049E-02));
#6559 = CARTESIAN_POINT('',(0.158912153833,-1.389053979371,
    9.903223874049E-02));
#6560 = CARTESIAN_POINT('',(0.158912153833,-1.389053979371,
    4.903223874049E-02));
#6561 = CARTESIAN_POINT('',(0.153868238668,-1.389183976483,
    9.903223874049E-02));
#6562 = CARTESIAN_POINT('',(0.153868238668,-1.389183976483,
    4.903223874049E-02));
#6563 = CARTESIAN_POINT('',(0.151298903666,-1.3892501961,
    9.903223874049E-02));
#6564 = CARTESIAN_POINT('',(0.151298903666,-1.3892501961,
    4.903223874049E-02));
#6565 = ADVANCED_FACE('',(#6566),#6585,.T.);
#6566 = FACE_BOUND('',#6567,.T.);
#6567 = EDGE_LOOP('',(#6568,#6569,#6570,#6584));
#6568 = ORIENTED_EDGE('',*,*,#2947,.F.);
#6569 = ORIENTED_EDGE('',*,*,#6521,.F.);
#6570 = ORIENTED_EDGE('',*,*,#6571,.T.);
#6571 = EDGE_CURVE('',#6498,#6070,#6572,.T.);
#6572 = B_SPLINE_CURVE_WITH_KNOTS('',3,(#6573,#6574,#6575,#6576,#6577,
    #6578,#6579,#6580,#6581,#6582,#6583),.UNSPECIFIED.,.F.,.F.,(4,1,1,1,
    1,1,1,1,4),(0.,0.135294604763,0.266765657925,0.394816018836,
    0.520051654434,0.642175702971,0.762651820558,0.881834004381,1.),
  .UNSPECIFIED.);
#6573 = CARTESIAN_POINT('',(0.151298903666,-1.3892501961,
    9.903223874049E-02));
#6574 = CARTESIAN_POINT('',(0.148883819553,-1.38921848799,
    9.903223874049E-02));
#6575 = CARTESIAN_POINT('',(0.144121903854,-1.389155967872,
    9.903223874049E-02));
#6576 = CARTESIAN_POINT('',(0.137099527486,-1.388514372882,
    9.903223874049E-02));
#6577 = CARTESIAN_POINT('',(0.13029748173,-1.387548729019,
    9.903223874049E-02));
#6578 = CARTESIAN_POINT('',(0.123745331559,-1.386127386075,
    9.903223874049E-02));
#6579 = CARTESIAN_POINT('',(0.117420612763,-1.384348185505,
    9.903223874049E-02));
#6580 = CARTESIAN_POINT('',(0.111359182166,-1.382113373284,
    9.903223874049E-02));
#6581 = CARTESIAN_POINT('',(0.105496270475,-1.379560755606,
    9.903223874049E-02));
#6582 = CARTESIAN_POINT('',(0.101803528228,-1.377480828887,
    9.903223874049E-02));
#6583 = CARTESIAN_POINT('',(9.996506220266E-02,-1.376445318051,
    9.903223874049E-02));
#6584 = ORIENTED_EDGE('',*,*,#6069,.T.);
#6585 = B_SPLINE_SURFACE_WITH_KNOTS('',3,1,(
    (#6586,#6587)
    ,(#6588,#6589)
    ,(#6590,#6591)
    ,(#6592,#6593)
    ,(#6594,#6595)
    ,(#6596,#6597)
    ,(#6598,#6599)
    ,(#6600,#6601)
    ,(#6602,#6603)
    ,(#6604,#6605)
    ,(#6606,#6607
  )),.UNSPECIFIED.,.F.,.F.,.F.,(4,1,1,1,1,1,1,1,4),(2,2),(0.,
    0.135294604763,0.266765657925,0.394816018836,0.520051654434,
    0.642175702971,0.762651820558,0.881834004381,1.),(0.,1.),
  .UNSPECIFIED.);
#6586 = CARTESIAN_POINT('',(0.151298903666,-1.3892501961,
    9.903223874049E-02));
#6587 = CARTESIAN_POINT('',(0.151298903666,-1.3892501961,
    4.903223874049E-02));
#6588 = CARTESIAN_POINT('',(0.148883819553,-1.38921848799,
    9.903223874049E-02));
#6589 = CARTESIAN_POINT('',(0.148883819553,-1.38921848799,
    4.903223874049E-02));
#6590 = CARTESIAN_POINT('',(0.144121903854,-1.389155967872,
    9.903223874049E-02));
#6591 = CARTESIAN_POINT('',(0.144121903854,-1.389155967872,
    4.903223874049E-02));
#6592 = CARTESIAN_POINT('',(0.137099527486,-1.388514372882,
    9.903223874049E-02));
#6593 = CARTESIAN_POINT('',(0.137099527486,-1.388514372882,
    4.903223874049E-02));
#6594 = CARTESIAN_POINT('',(0.13029748173,-1.387548729019,
    9.903223874049E-02));
#6595 = CARTESIAN_POINT('',(0.13029748173,-1.387548729019,
    4.903223874049E-02));
#6596 = CARTESIAN_POINT('',(0.123745331559,-1.386127386075,
    9.903223874049E-02));
#6597 = CARTESIAN_POINT('',(0.123745331559,-1.386127386075,
    4.903223874049E-02));
#6598 = CARTESIAN_POINT('',(0.117420612763,-1.384348185505,
    9.903223874049E-02));
#6599 = CARTESIAN_POINT('',(0.117420612763,-1.384348185505,
    4.903223874049E-02));
#6600 = CARTESIAN_POINT('',(0.111359182166,-1.382113373284,
    9.903223874049E-02));
#6601 = CARTESIAN_POINT('',(0.111359182166,-1.382113373284,
    4.903223874049E-02));
#6602 = CARTESIAN_POINT('',(0.105496270475,-1.379560755606,
    9.903223874049E-02));
#6603 = CARTESIAN_POINT('',(0.105496270475,-1.379560755606,
    4.903223874049E-02));
#6604 = CARTESIAN_POINT('',(0.101803528228,-1.377480828887,
    9.903223874049E-02));
#6605 = CARTESIAN_POINT('',(0.101803528228,-1.377480828887,
    4.903223874049E-02));
#6606 = CARTESIAN_POINT('',(9.996506220266E-02,-1.376445318051,
    9.903223874049E-02));
#6607 = CARTESIAN_POINT('',(9.996506220266E-02,-1.376445318051,
    4.903223874049E-02));
#6608 = ADVANCED_FACE('',(#6609),#6621,.T.);
#6609 = FACE_BOUND('',#6610,.T.);
#6610 = EDGE_LOOP('',(#6611,#6612,#6613,#6614,#6615,#6616,#6617,#6618,
    #6619,#6620));
#6611 = ORIENTED_EDGE('',*,*,#6077,.F.);
#6612 = ORIENTED_EDGE('',*,*,#6571,.F.);
#6613 = ORIENTED_EDGE('',*,*,#6497,.F.);
#6614 = ORIENTED_EDGE('',*,*,#6423,.F.);
#6615 = ORIENTED_EDGE('',*,*,#6373,.F.);
#6616 = ORIENTED_EDGE('',*,*,#6349,.F.);
#6617 = ORIENTED_EDGE('',*,*,#6299,.F.);
#6618 = ORIENTED_EDGE('',*,*,#6225,.F.);
#6619 = ORIENTED_EDGE('',*,*,#6151,.F.);
#6620 = ORIENTED_EDGE('',*,*,#6101,.F.);
#6621 = PLANE('',#6622);
#6622 = AXIS2_PLACEMENT_3D('',#6623,#6624,#6625);
#6623 = CARTESIAN_POINT('',(0.12660267092,-1.408426882323,
    9.903223874049E-02));
#6624 = DIRECTION('',(-2.355146375994E-13,-4.266884237443E-13,-1.));
#6625 = DIRECTION('',(0.,1.,-4.266884237443E-13));
#6626 = ADVANCED_FACE('',(#6627),#6652,.T.);
#6627 = FACE_BOUND('',#6628,.T.);
#6628 = EDGE_LOOP('',(#6629,#6630,#6638,#6646));
#6629 = ORIENTED_EDGE('',*,*,#3135,.F.);
#6630 = ORIENTED_EDGE('',*,*,#6631,.F.);
#6631 = EDGE_CURVE('',#6632,#3128,#6634,.T.);
#6632 = VERTEX_POINT('',#6633);
#6633 = CARTESIAN_POINT('',(0.265818720739,-1.38681117171,
    9.903223874049E-02));
#6634 = LINE('',#6635,#6636);
#6635 = CARTESIAN_POINT('',(0.265818720739,-1.38681117171,
    9.903223874049E-02));
#6636 = VECTOR('',#6637,1.);
#6637 = DIRECTION('',(-0.,-0.,-1.));
#6638 = ORIENTED_EDGE('',*,*,#6639,.T.);
#6639 = EDGE_CURVE('',#6632,#6640,#6642,.T.);
#6640 = VERTEX_POINT('',#6641);
#6641 = CARTESIAN_POINT('',(0.265818720739,-1.408762391222,
    9.903223874049E-02));
#6642 = LINE('',#6643,#6644);
#6643 = CARTESIAN_POINT('',(0.265818720739,-1.38681117171,
    9.903223874049E-02));
#6644 = VECTOR('',#6645,1.);
#6645 = DIRECTION('',(0.,-1.,0.));
#6646 = ORIENTED_EDGE('',*,*,#6647,.T.);
#6647 = EDGE_CURVE('',#6640,#3136,#6648,.T.);
#6648 = LINE('',#6649,#6650);
#6649 = CARTESIAN_POINT('',(0.265818720739,-1.408762391222,
    9.903223874049E-02));
#6650 = VECTOR('',#6651,1.);
#6651 = DIRECTION('',(-0.,-0.,-1.));
#6652 = PLANE('',#6653);
#6653 = AXIS2_PLACEMENT_3D('',#6654,#6655,#6656);
#6654 = CARTESIAN_POINT('',(0.265818720739,-1.38681117171,
    9.903223874049E-02));
#6655 = DIRECTION('',(1.,0.,-0.));
#6656 = DIRECTION('',(-0.,0.,-1.));
#6657 = ADVANCED_FACE('',(#6658),#6676,.T.);
#6658 = FACE_BOUND('',#6659,.T.);
#6659 = EDGE_LOOP('',(#6660,#6661,#6662,#6670));
#6660 = ORIENTED_EDGE('',*,*,#3143,.F.);
#6661 = ORIENTED_EDGE('',*,*,#6647,.F.);
#6662 = ORIENTED_EDGE('',*,*,#6663,.T.);
#6663 = EDGE_CURVE('',#6640,#6664,#6666,.T.);
#6664 = VERTEX_POINT('',#6665);
#6665 = CARTESIAN_POINT('',(0.368257745129,-1.408762391222,
    9.903223874049E-02));
#6666 = LINE('',#6667,#6668);
#6667 = CARTESIAN_POINT('',(0.265818720739,-1.408762391222,
    9.903223874049E-02));
#6668 = VECTOR('',#6669,1.);
#6669 = DIRECTION('',(1.,0.,0.));
#6670 = ORIENTED_EDGE('',*,*,#6671,.T.);
#6671 = EDGE_CURVE('',#6664,#3144,#6672,.T.);
#6672 = LINE('',#6673,#6674);
#6673 = CARTESIAN_POINT('',(0.368257745129,-1.408762391222,
    9.903223874049E-02));
#6674 = VECTOR('',#6675,1.);
#6675 = DIRECTION('',(-0.,-0.,-1.));
#6676 = PLANE('',#6677);
#6677 = AXIS2_PLACEMENT_3D('',#6678,#6679,#6680);
#6678 = CARTESIAN_POINT('',(0.265818720739,-1.408762391222,
    9.903223874049E-02));
#6679 = DIRECTION('',(0.,1.,0.));
#6680 = DIRECTION('',(0.,-0.,1.));
#6681 = ADVANCED_FACE('',(#6682),#6700,.T.);
#6682 = FACE_BOUND('',#6683,.T.);
#6683 = EDGE_LOOP('',(#6684,#6685,#6686,#6694));
#6684 = ORIENTED_EDGE('',*,*,#3151,.F.);
#6685 = ORIENTED_EDGE('',*,*,#6671,.F.);
#6686 = ORIENTED_EDGE('',*,*,#6687,.T.);
#6687 = EDGE_CURVE('',#6664,#6688,#6690,.T.);
#6688 = VERTEX_POINT('',#6689);
#6689 = CARTESIAN_POINT('',(0.368257745129,-1.208762391222,
    9.903223874049E-02));
#6690 = LINE('',#6691,#6692);
#6691 = CARTESIAN_POINT('',(0.368257745129,-1.408762391222,
    9.903223874049E-02));
#6692 = VECTOR('',#6693,1.);
#6693 = DIRECTION('',(0.,1.,0.));
#6694 = ORIENTED_EDGE('',*,*,#6695,.T.);
#6695 = EDGE_CURVE('',#6688,#3152,#6696,.T.);
#6696 = LINE('',#6697,#6698);
#6697 = CARTESIAN_POINT('',(0.368257745129,-1.208762391222,
    9.903223874049E-02));
#6698 = VECTOR('',#6699,1.);
#6699 = DIRECTION('',(-0.,-0.,-1.));
#6700 = PLANE('',#6701);
#6701 = AXIS2_PLACEMENT_3D('',#6702,#6703,#6704);
#6702 = CARTESIAN_POINT('',(0.368257745129,-1.408762391222,
    9.903223874049E-02));
#6703 = DIRECTION('',(-1.,0.,0.));
#6704 = DIRECTION('',(0.,0.,1.));
#6705 = ADVANCED_FACE('',(#6706),#6724,.T.);
#6706 = FACE_BOUND('',#6707,.T.);
#6707 = EDGE_LOOP('',(#6708,#6709,#6710,#6718));
#6708 = ORIENTED_EDGE('',*,*,#3159,.F.);
#6709 = ORIENTED_EDGE('',*,*,#6695,.F.);
#6710 = ORIENTED_EDGE('',*,*,#6711,.T.);
#6711 = EDGE_CURVE('',#6688,#6712,#6714,.T.);
#6712 = VERTEX_POINT('',#6713);
#6713 = CARTESIAN_POINT('',(0.341428476837,-1.208762391222,
    9.903223874049E-02));
#6714 = LINE('',#6715,#6716);
#6715 = CARTESIAN_POINT('',(0.368257745129,-1.208762391222,
    9.903223874049E-02));
#6716 = VECTOR('',#6717,1.);
#6717 = DIRECTION('',(-1.,0.,0.));
#6718 = ORIENTED_EDGE('',*,*,#6719,.T.);
#6719 = EDGE_CURVE('',#6712,#3160,#6720,.T.);
#6720 = LINE('',#6721,#6722);
#6721 = CARTESIAN_POINT('',(0.341428476837,-1.208762391222,
    9.903223874049E-02));
#6722 = VECTOR('',#6723,1.);
#6723 = DIRECTION('',(-0.,-0.,-1.));
#6724 = PLANE('',#6725);
#6725 = AXIS2_PLACEMENT_3D('',#6726,#6727,#6728);
#6726 = CARTESIAN_POINT('',(0.368257745129,-1.208762391222,
    9.903223874049E-02));
#6727 = DIRECTION('',(0.,-1.,0.));
#6728 = DIRECTION('',(0.,-0.,-1.));
#6729 = ADVANCED_FACE('',(#6730),#6748,.T.);
#6730 = FACE_BOUND('',#6731,.T.);
#6731 = EDGE_LOOP('',(#6732,#6733,#6734,#6742));
#6732 = ORIENTED_EDGE('',*,*,#3167,.F.);
#6733 = ORIENTED_EDGE('',*,*,#6719,.F.);
#6734 = ORIENTED_EDGE('',*,*,#6735,.T.);
#6735 = EDGE_CURVE('',#6712,#6736,#6738,.T.);
#6736 = VERTEX_POINT('',#6737);
#6737 = CARTESIAN_POINT('',(0.341428476837,-1.38681117171,
    9.903223874049E-02));
#6738 = LINE('',#6739,#6740);
#6739 = CARTESIAN_POINT('',(0.341428476837,-1.208762391222,
    9.903223874049E-02));
#6740 = VECTOR('',#6741,1.);
#6741 = DIRECTION('',(0.,-1.,0.));
#6742 = ORIENTED_EDGE('',*,*,#6743,.T.);
#6743 = EDGE_CURVE('',#6736,#3126,#6744,.T.);
#6744 = LINE('',#6745,#6746);
#6745 = CARTESIAN_POINT('',(0.341428476837,-1.38681117171,
    9.903223874049E-02));
#6746 = VECTOR('',#6747,1.);
#6747 = DIRECTION('',(-0.,-0.,-1.));
#6748 = PLANE('',#6749);
#6749 = AXIS2_PLACEMENT_3D('',#6750,#6751,#6752);
#6750 = CARTESIAN_POINT('',(0.341428476837,-1.208762391222,
    9.903223874049E-02));
#6751 = DIRECTION('',(1.,0.,-0.));
#6752 = DIRECTION('',(-0.,0.,-1.));
#6753 = ADVANCED_FACE('',(#6754),#6765,.T.);
#6754 = FACE_BOUND('',#6755,.T.);
#6755 = EDGE_LOOP('',(#6756,#6757,#6758,#6764));
#6756 = ORIENTED_EDGE('',*,*,#3125,.F.);
#6757 = ORIENTED_EDGE('',*,*,#6743,.F.);
#6758 = ORIENTED_EDGE('',*,*,#6759,.T.);
#6759 = EDGE_CURVE('',#6736,#6632,#6760,.T.);
#6760 = LINE('',#6761,#6762);
#6761 = CARTESIAN_POINT('',(0.341428476837,-1.38681117171,
    9.903223874049E-02));
#6762 = VECTOR('',#6763,1.);
#6763 = DIRECTION('',(-1.,0.,0.));
#6764 = ORIENTED_EDGE('',*,*,#6631,.T.);
#6765 = PLANE('',#6766);
#6766 = AXIS2_PLACEMENT_3D('',#6767,#6768,#6769);
#6767 = CARTESIAN_POINT('',(0.341428476837,-1.38681117171,
    9.903223874049E-02));
#6768 = DIRECTION('',(0.,-1.,0.));
#6769 = DIRECTION('',(0.,-0.,-1.));
#6770 = ADVANCED_FACE('',(#6771),#6779,.F.);
#6771 = FACE_BOUND('',#6772,.T.);
#6772 = EDGE_LOOP('',(#6773,#6774,#6775,#6776,#6777,#6778));
#6773 = ORIENTED_EDGE('',*,*,#6639,.F.);
#6774 = ORIENTED_EDGE('',*,*,#6759,.F.);
#6775 = ORIENTED_EDGE('',*,*,#6735,.F.);
#6776 = ORIENTED_EDGE('',*,*,#6711,.F.);
#6777 = ORIENTED_EDGE('',*,*,#6687,.F.);
#6778 = ORIENTED_EDGE('',*,*,#6663,.F.);
#6779 = PLANE('',#6780);
#6780 = AXIS2_PLACEMENT_3D('',#6781,#6782,#6783);
#6781 = CARTESIAN_POINT('',(-8.203535724743E-04,2.233050450947E-03,
    9.903223874049E-02));
#6782 = DIRECTION('',(-0.,0.,1.));
#6783 = DIRECTION('',(1.,0.,0.));
#6784 = ADVANCED_FACE('',(#6785),#6793,.T.);
#6785 = FACE_BOUND('',#6786,.T.);
#6786 = EDGE_LOOP('',(#6787,#6788,#6789,#6790,#6791,#6792));
#6787 = ORIENTED_EDGE('',*,*,#5092,.T.);
#6788 = ORIENTED_EDGE('',*,*,#5061,.T.);
#6789 = ORIENTED_EDGE('',*,*,#5216,.T.);
#6790 = ORIENTED_EDGE('',*,*,#5178,.T.);
#6791 = ORIENTED_EDGE('',*,*,#5154,.T.);
#6792 = ORIENTED_EDGE('',*,*,#5116,.T.);
#6793 = PLANE('',#6794);
#6794 = AXIS2_PLACEMENT_3D('',#6795,#6796,#6797);
#6795 = CARTESIAN_POINT('',(-8.203535724743E-04,2.233050450947E-03,
    4.903223874049E-02));
#6796 = DIRECTION('',(0.,0.,-1.));
#6797 = DIRECTION('',(-1.,0.,-0.));
#6798 = ADVANCED_FACE('',(#6799),#6806,.T.);
#6799 = FACE_BOUND('',#6800,.T.);
#6800 = EDGE_LOOP('',(#6801,#6802,#6803,#6804,#6805));
#6801 = ORIENTED_EDGE('',*,*,#5571,.T.);
#6802 = ORIENTED_EDGE('',*,*,#5540,.T.);
#6803 = ORIENTED_EDGE('',*,*,#5743,.T.);
#6804 = ORIENTED_EDGE('',*,*,#5719,.T.);
#6805 = ORIENTED_EDGE('',*,*,#5645,.T.);
#6806 = PLANE('',#6807);
#6807 = AXIS2_PLACEMENT_3D('',#6808,#6809,#6810);
#6808 = CARTESIAN_POINT('',(-8.203535724743E-04,2.233050450947E-03,
    4.903223874049E-02));
#6809 = DIRECTION('',(0.,0.,-1.));
#6810 = DIRECTION('',(-1.,0.,-0.));
#6811 = MANIFOLD_SOLID_BREP('',#6812);
#6812 = CLOSED_SHELL('',(#6813,#6853,#6884,#6915,#6946,#6977,#6999,#7013
    ));
#6813 = ADVANCED_FACE('',(#6814),#6848,.F.);
#6814 = FACE_BOUND('',#6815,.T.);
#6815 = EDGE_LOOP('',(#6816,#6826,#6834,#6842));
#6816 = ORIENTED_EDGE('',*,*,#6817,.T.);
#6817 = EDGE_CURVE('',#6818,#6820,#6822,.T.);
#6818 = VERTEX_POINT('',#6819);
#6819 = CARTESIAN_POINT('',(0.577308168061,-1.267076842294,0.94903223874
    ));
#6820 = VERTEX_POINT('',#6821);
#6821 = CARTESIAN_POINT('',(0.577308168061,-1.261280191911,0.94903223874
    ));
#6822 = LINE('',#6823,#6824);
#6823 = CARTESIAN_POINT('',(0.577308168061,-1.261280191911,0.94903223874
    ));
#6824 = VECTOR('',#6825,1.);
#6825 = DIRECTION('',(-0.,1.,-0.));
#6826 = ORIENTED_EDGE('',*,*,#6827,.F.);
#6827 = EDGE_CURVE('',#6828,#6820,#6830,.T.);
#6828 = VERTEX_POINT('',#6829);
#6829 = CARTESIAN_POINT('',(0.577308168061,-1.261280191911,0.95003223874
    ));
#6830 = LINE('',#6831,#6832);
#6831 = CARTESIAN_POINT('',(0.577308168061,-1.261280191911,0.95003223874
    ));
#6832 = VECTOR('',#6833,1.);
#6833 = DIRECTION('',(-0.,-0.,-1.));
#6834 = ORIENTED_EDGE('',*,*,#6835,.F.);
#6835 = EDGE_CURVE('',#6836,#6828,#6838,.T.);
#6836 = VERTEX_POINT('',#6837);
#6837 = CARTESIAN_POINT('',(0.577308168061,-1.267076842294,0.95003223874
    ));
#6838 = LINE('',#6839,#6840);
#6839 = CARTESIAN_POINT('',(0.577308168061,-1.261280191911,0.95003223874
    ));
#6840 = VECTOR('',#6841,1.);
#6841 = DIRECTION('',(-0.,1.,-0.));
#6842 = ORIENTED_EDGE('',*,*,#6843,.T.);
#6843 = EDGE_CURVE('',#6836,#6818,#6844,.T.);
#6844 = LINE('',#6845,#6846);
#6845 = CARTESIAN_POINT('',(0.577308168061,-1.267076842294,0.95003223874
    ));
#6846 = VECTOR('',#6847,1.);
#6847 = DIRECTION('',(-0.,-0.,-1.));
#6848 = PLANE('',#6849);
#6849 = AXIS2_PLACEMENT_3D('',#6850,#6851,#6852);
#6850 = CARTESIAN_POINT('',(0.577308168061,-1.261280191911,0.95003223874
    ));
#6851 = DIRECTION('',(-1.,0.,0.));
#6852 = DIRECTION('',(0.,0.,1.));
#6853 = ADVANCED_FACE('',(#6854),#6879,.F.);
#6854 = FACE_BOUND('',#6855,.T.);
#6855 = EDGE_LOOP('',(#6856,#6864,#6872,#6878));
#6856 = ORIENTED_EDGE('',*,*,#6857,.T.);
#6857 = EDGE_CURVE('',#6820,#6858,#6860,.T.);
#6858 = VERTEX_POINT('',#6859);
#6859 = CARTESIAN_POINT('',(0.55705888264,-1.261280191911,0.94903223874)
  );
#6860 = LINE('',#6861,#6862);
#6861 = CARTESIAN_POINT('',(0.55705888264,-1.261280191911,0.94903223874)
  );
#6862 = VECTOR('',#6863,1.);
#6863 = DIRECTION('',(-1.,-0.,-0.));
#6864 = ORIENTED_EDGE('',*,*,#6865,.F.);
#6865 = EDGE_CURVE('',#6866,#6858,#6868,.T.);
#6866 = VERTEX_POINT('',#6867);
#6867 = CARTESIAN_POINT('',(0.55705888264,-1.261280191911,0.95003223874)
  );
#6868 = LINE('',#6869,#6870);
#6869 = CARTESIAN_POINT('',(0.55705888264,-1.261280191911,0.95003223874)
  );
#6870 = VECTOR('',#6871,1.);
#6871 = DIRECTION('',(-0.,-0.,-1.));
#6872 = ORIENTED_EDGE('',*,*,#6873,.F.);
#6873 = EDGE_CURVE('',#6828,#6866,#6874,.T.);
#6874 = LINE('',#6875,#6876);
#6875 = CARTESIAN_POINT('',(0.55705888264,-1.261280191911,0.95003223874)
  );
#6876 = VECTOR('',#6877,1.);
#6877 = DIRECTION('',(-1.,-0.,-0.));
#6878 = ORIENTED_EDGE('',*,*,#6827,.T.);
#6879 = PLANE('',#6880);
#6880 = AXIS2_PLACEMENT_3D('',#6881,#6882,#6883);
#6881 = CARTESIAN_POINT('',(0.55705888264,-1.261280191911,0.95003223874)
  );
#6882 = DIRECTION('',(0.,-1.,0.));
#6883 = DIRECTION('',(0.,-0.,-1.));
#6884 = ADVANCED_FACE('',(#6885),#6910,.F.);
#6885 = FACE_BOUND('',#6886,.T.);
#6886 = EDGE_LOOP('',(#6887,#6895,#6903,#6909));
#6887 = ORIENTED_EDGE('',*,*,#6888,.T.);
#6888 = EDGE_CURVE('',#6858,#6889,#6891,.T.);
#6889 = VERTEX_POINT('',#6890);
#6890 = CARTESIAN_POINT('',(0.55705888264,-1.216232680186,0.94903223874)
  );
#6891 = LINE('',#6892,#6893);
#6892 = CARTESIAN_POINT('',(0.55705888264,-1.216232680186,0.94903223874)
  );
#6893 = VECTOR('',#6894,1.);
#6894 = DIRECTION('',(-0.,1.,-0.));
#6895 = ORIENTED_EDGE('',*,*,#6896,.F.);
#6896 = EDGE_CURVE('',#6897,#6889,#6899,.T.);
#6897 = VERTEX_POINT('',#6898);
#6898 = CARTESIAN_POINT('',(0.55705888264,-1.216232680186,0.95003223874)
  );
#6899 = LINE('',#6900,#6901);
#6900 = CARTESIAN_POINT('',(0.55705888264,-1.216232680186,0.95003223874)
  );
#6901 = VECTOR('',#6902,1.);
#6902 = DIRECTION('',(-0.,-0.,-1.));
#6903 = ORIENTED_EDGE('',*,*,#6904,.F.);
#6904 = EDGE_CURVE('',#6866,#6897,#6905,.T.);
#6905 = LINE('',#6906,#6907);
#6906 = CARTESIAN_POINT('',(0.55705888264,-1.216232680186,0.95003223874)
  );
#6907 = VECTOR('',#6908,1.);
#6908 = DIRECTION('',(-0.,1.,-0.));
#6909 = ORIENTED_EDGE('',*,*,#6865,.T.);
#6910 = PLANE('',#6911);
#6911 = AXIS2_PLACEMENT_3D('',#6912,#6913,#6914);
#6912 = CARTESIAN_POINT('',(0.55705888264,-1.216232680186,0.95003223874)
  );
#6913 = DIRECTION('',(-1.,0.,0.));
#6914 = DIRECTION('',(0.,0.,1.));
#6915 = ADVANCED_FACE('',(#6916),#6941,.F.);
#6916 = FACE_BOUND('',#6917,.T.);
#6917 = EDGE_LOOP('',(#6918,#6926,#6934,#6940));
#6918 = ORIENTED_EDGE('',*,*,#6919,.T.);
#6919 = EDGE_CURVE('',#6889,#6920,#6922,.T.);
#6920 = VERTEX_POINT('',#6921);
#6921 = CARTESIAN_POINT('',(0.550495410794,-1.216232680186,0.94903223874
    ));
#6922 = LINE('',#6923,#6924);
#6923 = CARTESIAN_POINT('',(0.550495410794,-1.216232680186,0.94903223874
    ));
#6924 = VECTOR('',#6925,1.);
#6925 = DIRECTION('',(-1.,-0.,-0.));
#6926 = ORIENTED_EDGE('',*,*,#6927,.F.);
#6927 = EDGE_CURVE('',#6928,#6920,#6930,.T.);
#6928 = VERTEX_POINT('',#6929);
#6929 = CARTESIAN_POINT('',(0.550495410794,-1.216232680186,0.95003223874
    ));
#6930 = LINE('',#6931,#6932);
#6931 = CARTESIAN_POINT('',(0.550495410794,-1.216232680186,0.95003223874
    ));
#6932 = VECTOR('',#6933,1.);
#6933 = DIRECTION('',(-0.,-0.,-1.));
#6934 = ORIENTED_EDGE('',*,*,#6935,.F.);
#6935 = EDGE_CURVE('',#6897,#6928,#6936,.T.);
#6936 = LINE('',#6937,#6938);
#6937 = CARTESIAN_POINT('',(0.550495410794,-1.216232680186,0.95003223874
    ));
#6938 = VECTOR('',#6939,1.);
#6939 = DIRECTION('',(-1.,-0.,-0.));
#6940 = ORIENTED_EDGE('',*,*,#6896,.T.);
#6941 = PLANE('',#6942);
#6942 = AXIS2_PLACEMENT_3D('',#6943,#6944,#6945);
#6943 = CARTESIAN_POINT('',(0.550495410794,-1.216232680186,0.95003223874
    ));
#6944 = DIRECTION('',(0.,-1.,0.));
#6945 = DIRECTION('',(0.,-0.,-1.));
#6946 = ADVANCED_FACE('',(#6947),#6972,.F.);
#6947 = FACE_BOUND('',#6948,.T.);
#6948 = EDGE_LOOP('',(#6949,#6957,#6965,#6971));
#6949 = ORIENTED_EDGE('',*,*,#6950,.T.);
#6950 = EDGE_CURVE('',#6920,#6951,#6953,.T.);
#6951 = VERTEX_POINT('',#6952);
#6952 = CARTESIAN_POINT('',(0.550495410794,-1.267076842294,0.94903223874
    ));
#6953 = LINE('',#6954,#6955);
#6954 = CARTESIAN_POINT('',(0.550495410794,-1.267076842294,0.94903223874
    ));
#6955 = VECTOR('',#6956,1.);
#6956 = DIRECTION('',(-0.,-1.,-0.));
#6957 = ORIENTED_EDGE('',*,*,#6958,.F.);
#6958 = EDGE_CURVE('',#6959,#6951,#6961,.T.);
#6959 = VERTEX_POINT('',#6960);
#6960 = CARTESIAN_POINT('',(0.550495410794,-1.267076842294,0.95003223874
    ));
#6961 = LINE('',#6962,#6963);
#6962 = CARTESIAN_POINT('',(0.550495410794,-1.267076842294,0.95003223874
    ));
#6963 = VECTOR('',#6964,1.);
#6964 = DIRECTION('',(-0.,-0.,-1.));
#6965 = ORIENTED_EDGE('',*,*,#6966,.F.);
#6966 = EDGE_CURVE('',#6928,#6959,#6967,.T.);
#6967 = LINE('',#6968,#6969);
#6968 = CARTESIAN_POINT('',(0.550495410794,-1.267076842294,0.95003223874
    ));
#6969 = VECTOR('',#6970,1.);
#6970 = DIRECTION('',(-0.,-1.,-0.));
#6971 = ORIENTED_EDGE('',*,*,#6927,.T.);
#6972 = PLANE('',#6973);
#6973 = AXIS2_PLACEMENT_3D('',#6974,#6975,#6976);
#6974 = CARTESIAN_POINT('',(0.550495410794,-1.267076842294,0.95003223874
    ));
#6975 = DIRECTION('',(1.,0.,0.));
#6976 = DIRECTION('',(0.,0.,-1.));
#6977 = ADVANCED_FACE('',(#6978),#6994,.F.);
#6978 = FACE_BOUND('',#6979,.T.);
#6979 = EDGE_LOOP('',(#6980,#6986,#6987,#6993));
#6980 = ORIENTED_EDGE('',*,*,#6981,.T.);
#6981 = EDGE_CURVE('',#6951,#6818,#6982,.T.);
#6982 = LINE('',#6983,#6984);
#6983 = CARTESIAN_POINT('',(0.577308168061,-1.267076842294,0.94903223874
    ));
#6984 = VECTOR('',#6985,1.);
#6985 = DIRECTION('',(1.,-0.,-0.));
#6986 = ORIENTED_EDGE('',*,*,#6843,.F.);
#6987 = ORIENTED_EDGE('',*,*,#6988,.F.);
#6988 = EDGE_CURVE('',#6959,#6836,#6989,.T.);
#6989 = LINE('',#6990,#6991);
#6990 = CARTESIAN_POINT('',(0.577308168061,-1.267076842294,0.95003223874
    ));
#6991 = VECTOR('',#6992,1.);
#6992 = DIRECTION('',(1.,-0.,-0.));
#6993 = ORIENTED_EDGE('',*,*,#6958,.T.);
#6994 = PLANE('',#6995);
#6995 = AXIS2_PLACEMENT_3D('',#6996,#6997,#6998);
#6996 = CARTESIAN_POINT('',(0.577308168061,-1.267076842294,0.95003223874
    ));
#6997 = DIRECTION('',(0.,1.,-0.));
#6998 = DIRECTION('',(0.,0.,1.));
#6999 = ADVANCED_FACE('',(#7000),#7008,.F.);
#7000 = FACE_BOUND('',#7001,.T.);
#7001 = EDGE_LOOP('',(#7002,#7003,#7004,#7005,#7006,#7007));
#7002 = ORIENTED_EDGE('',*,*,#6835,.T.);
#7003 = ORIENTED_EDGE('',*,*,#6873,.T.);
#7004 = ORIENTED_EDGE('',*,*,#6904,.T.);
#7005 = ORIENTED_EDGE('',*,*,#6935,.T.);
#7006 = ORIENTED_EDGE('',*,*,#6966,.T.);
#7007 = ORIENTED_EDGE('',*,*,#6988,.T.);
#7008 = PLANE('',#7009);
#7009 = AXIS2_PLACEMENT_3D('',#7010,#7011,#7012);
#7010 = CARTESIAN_POINT('',(-8.203535724743E-04,2.233050450947E-03,
    0.95003223874));
#7011 = DIRECTION('',(-0.,0.,-1.));
#7012 = DIRECTION('',(-1.,0.,0.));
#7013 = ADVANCED_FACE('',(#7014),#7022,.T.);
#7014 = FACE_BOUND('',#7015,.T.);
#7015 = EDGE_LOOP('',(#7016,#7017,#7018,#7019,#7020,#7021));
#7016 = ORIENTED_EDGE('',*,*,#6817,.F.);
#7017 = ORIENTED_EDGE('',*,*,#6981,.F.);
#7018 = ORIENTED_EDGE('',*,*,#6950,.F.);
#7019 = ORIENTED_EDGE('',*,*,#6919,.F.);
#7020 = ORIENTED_EDGE('',*,*,#6888,.F.);
#7021 = ORIENTED_EDGE('',*,*,#6857,.F.);
#7022 = PLANE('',#7023);
#7023 = AXIS2_PLACEMENT_3D('',#7024,#7025,#7026);
#7024 = CARTESIAN_POINT('',(-8.203535724743E-04,2.233050450947E-03,
    0.94903223874));
#7025 = DIRECTION('',(-0.,0.,-1.));
#7026 = DIRECTION('',(-1.,0.,0.));
#7027 = MANIFOLD_SOLID_BREP('',#7028);
#7028 = CLOSED_SHELL('',(#7029,#7075,#7106,#7143,#7180,#7217,#7254,#7291
    ,#7328,#7359,#7396,#7433,#7470,#7507,#7535,#7557));
#7029 = ADVANCED_FACE('',(#7030),#7066,.F.);
#7030 = FACE_BOUND('',#7031,.F.);
#7031 = EDGE_LOOP('',(#7032,#7042,#7051,#7059));
#7032 = ORIENTED_EDGE('',*,*,#7033,.F.);
#7033 = EDGE_CURVE('',#7034,#7036,#7038,.T.);
#7034 = VERTEX_POINT('',#7035);
#7035 = CARTESIAN_POINT('',(0.603380097812,-1.267934642575,0.95003223874
    ));
#7036 = VERTEX_POINT('',#7037);
#7037 = CARTESIAN_POINT('',(0.603380097812,-1.267934642575,0.94903223874
    ));
#7038 = LINE('',#7039,#7040);
#7039 = CARTESIAN_POINT('',(0.603380097812,-1.267934642575,0.95003223874
    ));
#7040 = VECTOR('',#7041,1.);
#7041 = DIRECTION('',(-0.,-0.,-1.));
#7042 = ORIENTED_EDGE('',*,*,#7043,.T.);
#7043 = EDGE_CURVE('',#7034,#7044,#7046,.T.);
#7044 = VERTEX_POINT('',#7045);
#7045 = CARTESIAN_POINT('',(0.617455820605,-1.264971332513,0.95003223874
    ));
#7046 = B_SPLINE_CURVE_WITH_KNOTS('',3,(#7047,#7048,#7049,#7050),
  .UNSPECIFIED.,.F.,.F.,(4,4),(0.,1.),.PIECEWISE_BEZIER_KNOTS.);
#7047 = CARTESIAN_POINT('',(0.603380097812,-1.267934642575,0.95003223874
    ));
#7048 = CARTESIAN_POINT('',(0.609020784508,-1.267934642575,0.95003223874
    ));
#7049 = CARTESIAN_POINT('',(0.613712692106,-1.266946872555,0.95003223874
    ));
#7050 = CARTESIAN_POINT('',(0.617455820605,-1.264971332513,0.95003223874
    ));
#7051 = ORIENTED_EDGE('',*,*,#7052,.T.);
#7052 = EDGE_CURVE('',#7044,#7053,#7055,.T.);
#7053 = VERTEX_POINT('',#7054);
#7054 = CARTESIAN_POINT('',(0.617455820605,-1.264971332513,0.94903223874
    ));
#7055 = LINE('',#7056,#7057);
#7056 = CARTESIAN_POINT('',(0.617455820605,-1.264971332513,0.95003223874
    ));
#7057 = VECTOR('',#7058,1.);
#7058 = DIRECTION('',(-0.,-0.,-1.));
#7059 = ORIENTED_EDGE('',*,*,#7060,.F.);
#7060 = EDGE_CURVE('',#7036,#7053,#7061,.T.);
#7061 = B_SPLINE_CURVE_WITH_KNOTS('',3,(#7062,#7063,#7064,#7065),
  .UNSPECIFIED.,.F.,.F.,(4,4),(0.,1.),.PIECEWISE_BEZIER_KNOTS.);
#7062 = CARTESIAN_POINT('',(0.603380097812,-1.267934642575,0.94903223874
    ));
#7063 = CARTESIAN_POINT('',(0.609020784508,-1.267934642575,0.94903223874
    ));
#7064 = CARTESIAN_POINT('',(0.613712692106,-1.266946872555,0.94903223874
    ));
#7065 = CARTESIAN_POINT('',(0.617455820605,-1.264971332513,0.94903223874
    ));
#7066 = B_SPLINE_SURFACE_WITH_KNOTS('',3,1,(
    (#7067,#7068)
    ,(#7069,#7070)
    ,(#7071,#7072)
    ,(#7073,#7074
    )),.UNSPECIFIED.,.F.,.F.,.F.,(4,4),(2,2),(0.,1.),(0.,1.),
  .PIECEWISE_BEZIER_KNOTS.);
#7067 = CARTESIAN_POINT('',(0.603380097812,-1.267934642575,0.95003223874
    ));
#7068 = CARTESIAN_POINT('',(0.603380097812,-1.267934642575,0.94903223874
    ));
#7069 = CARTESIAN_POINT('',(0.609020784508,-1.267934642575,0.95003223874
    ));
#7070 = CARTESIAN_POINT('',(0.609020784508,-1.267934642575,0.94903223874
    ));
#7071 = CARTESIAN_POINT('',(0.613712692106,-1.266946872555,0.95003223874
    ));
#7072 = CARTESIAN_POINT('',(0.613712692106,-1.266946872555,0.94903223874
    ));
#7073 = CARTESIAN_POINT('',(0.617455820605,-1.264971332513,0.95003223874
    ));
#7074 = CARTESIAN_POINT('',(0.617455820605,-1.264971332513,0.94903223874
    ));
#7075 = ADVANCED_FACE('',(#7076),#7101,.F.);
#7076 = FACE_BOUND('',#7077,.T.);
#7077 = EDGE_LOOP('',(#7078,#7086,#7094,#7100));
#7078 = ORIENTED_EDGE('',*,*,#7079,.T.);
#7079 = EDGE_CURVE('',#7053,#7080,#7082,.T.);
#7080 = VERTEX_POINT('',#7081);
#7081 = CARTESIAN_POINT('',(0.617455820605,-1.25868079712,0.94903223874)
  );
#7082 = LINE('',#7083,#7084);
#7083 = CARTESIAN_POINT('',(0.617455820605,-1.25868079712,0.94903223874)
  );
#7084 = VECTOR('',#7085,1.);
#7085 = DIRECTION('',(-0.,1.,-0.));
#7086 = ORIENTED_EDGE('',*,*,#7087,.F.);
#7087 = EDGE_CURVE('',#7088,#7080,#7090,.T.);
#7088 = VERTEX_POINT('',#7089);
#7089 = CARTESIAN_POINT('',(0.617455820605,-1.25868079712,0.95003223874)
  );
#7090 = LINE('',#7091,#7092);
#7091 = CARTESIAN_POINT('',(0.617455820605,-1.25868079712,0.95003223874)
  );
#7092 = VECTOR('',#7093,1.);
#7093 = DIRECTION('',(-0.,-0.,-1.));
#7094 = ORIENTED_EDGE('',*,*,#7095,.F.);
#7095 = EDGE_CURVE('',#7044,#7088,#7096,.T.);
#7096 = LINE('',#7097,#7098);
#7097 = CARTESIAN_POINT('',(0.617455820605,-1.25868079712,0.95003223874)
  );
#7098 = VECTOR('',#7099,1.);
#7099 = DIRECTION('',(-0.,1.,-0.));
#7100 = ORIENTED_EDGE('',*,*,#7052,.T.);
#7101 = PLANE('',#7102);
#7102 = AXIS2_PLACEMENT_3D('',#7103,#7104,#7105);
#7103 = CARTESIAN_POINT('',(0.617455820605,-1.25868079712,0.95003223874)
  );
#7104 = DIRECTION('',(-1.,0.,0.));
#7105 = DIRECTION('',(0.,0.,1.));
#7106 = ADVANCED_FACE('',(#7107),#7134,.F.);
#7107 = FACE_BOUND('',#7108,.F.);
#7108 = EDGE_LOOP('',(#7109,#7110,#7119,#7127));
#7109 = ORIENTED_EDGE('',*,*,#7087,.F.);
#7110 = ORIENTED_EDGE('',*,*,#7111,.T.);
#7111 = EDGE_CURVE('',#7088,#7112,#7114,.T.);
#7112 = VERTEX_POINT('',#7113);
#7113 = CARTESIAN_POINT('',(0.604328876911,-1.262086004296,0.95003223874
    ));
#7114 = B_SPLINE_CURVE_WITH_KNOTS('',3,(#7115,#7116,#7117,#7118),
  .UNSPECIFIED.,.F.,.F.,(4,4),(12.,13.),.PIECEWISE_BEZIER_KNOTS.);
#7115 = CARTESIAN_POINT('',(0.617455820605,-1.25868079712,0.95003223874)
  );
#7116 = CARTESIAN_POINT('',(0.613738686054,-1.260942270588,0.95003223874
    ));
#7117 = CARTESIAN_POINT('',(0.609358705831,-1.262086004296,0.95003223874
    ));
#7118 = CARTESIAN_POINT('',(0.604328876911,-1.262086004296,0.95003223874
    ));
#7119 = ORIENTED_EDGE('',*,*,#7120,.T.);
#7120 = EDGE_CURVE('',#7112,#7121,#7123,.T.);
#7121 = VERTEX_POINT('',#7122);
#7122 = CARTESIAN_POINT('',(0.604328876911,-1.262086004296,0.94903223874
    ));
#7123 = LINE('',#7124,#7125);
#7124 = CARTESIAN_POINT('',(0.604328876911,-1.262086004296,0.95003223874
    ));
#7125 = VECTOR('',#7126,1.);
#7126 = DIRECTION('',(-0.,-0.,-1.));
#7127 = ORIENTED_EDGE('',*,*,#7128,.F.);
#7128 = EDGE_CURVE('',#7080,#7121,#7129,.T.);
#7129 = B_SPLINE_CURVE_WITH_KNOTS('',3,(#7130,#7131,#7132,#7133),
  .UNSPECIFIED.,.F.,.F.,(4,4),(12.,13.),.PIECEWISE_BEZIER_KNOTS.);
#7130 = CARTESIAN_POINT('',(0.617455820605,-1.25868079712,0.94903223874)
  );
#7131 = CARTESIAN_POINT('',(0.613738686054,-1.260942270588,0.94903223874
    ));
#7132 = CARTESIAN_POINT('',(0.609358705831,-1.262086004296,0.94903223874
    ));
#7133 = CARTESIAN_POINT('',(0.604328876911,-1.262086004296,0.94903223874
    ));
#7134 = B_SPLINE_SURFACE_WITH_KNOTS('',3,1,(
    (#7135,#7136)
    ,(#7137,#7138)
    ,(#7139,#7140)
    ,(#7141,#7142
    )),.UNSPECIFIED.,.F.,.F.,.F.,(4,4),(2,2),(12.,13.),(0.,1.),
  .PIECEWISE_BEZIER_KNOTS.);
#7135 = CARTESIAN_POINT('',(0.617455820605,-1.25868079712,0.95003223874)
  );
#7136 = CARTESIAN_POINT('',(0.617455820605,-1.25868079712,0.94903223874)
  );
#7137 = CARTESIAN_POINT('',(0.613738686054,-1.260942270588,0.95003223874
    ));
#7138 = CARTESIAN_POINT('',(0.613738686054,-1.260942270588,0.94903223874
    ));
#7139 = CARTESIAN_POINT('',(0.609358705831,-1.262086004296,0.95003223874
    ));
#7140 = CARTESIAN_POINT('',(0.609358705831,-1.262086004296,0.94903223874
    ));
#7141 = CARTESIAN_POINT('',(0.604328876911,-1.262086004296,0.95003223874
    ));
#7142 = CARTESIAN_POINT('',(0.604328876911,-1.262086004296,0.94903223874
    ));
#7143 = ADVANCED_FACE('',(#7144),#7171,.F.);
#7144 = FACE_BOUND('',#7145,.F.);
#7145 = EDGE_LOOP('',(#7146,#7147,#7156,#7164));
#7146 = ORIENTED_EDGE('',*,*,#7120,.F.);
#7147 = ORIENTED_EDGE('',*,*,#7148,.T.);
#7148 = EDGE_CURVE('',#7112,#7149,#7151,.T.);
#7149 = VERTEX_POINT('',#7150);
#7150 = CARTESIAN_POINT('',(0.591266918087,-1.256731251027,0.95003223874
    ));
#7151 = B_SPLINE_CURVE_WITH_KNOTS('',3,(#7152,#7153,#7154,#7155),
  .UNSPECIFIED.,.F.,.F.,(4,4),(11.,12.),.PIECEWISE_BEZIER_KNOTS.);
#7152 = CARTESIAN_POINT('',(0.604328876911,-1.262086004296,0.95003223874
    ));
#7153 = CARTESIAN_POINT('',(0.598948129694,-1.262086004296,0.95003223874
    ));
#7154 = CARTESIAN_POINT('',(0.594594143419,-1.26029242189,0.95003223874)
  );
#7155 = CARTESIAN_POINT('',(0.591266918087,-1.256731251027,0.95003223874
    ));
#7156 = ORIENTED_EDGE('',*,*,#7157,.T.);
#7157 = EDGE_CURVE('',#7149,#7158,#7160,.T.);
#7158 = VERTEX_POINT('',#7159);
#7159 = CARTESIAN_POINT('',(0.591266918087,-1.256731251027,0.94903223874
    ));
#7160 = LINE('',#7161,#7162);
#7161 = CARTESIAN_POINT('',(0.591266918087,-1.256731251027,0.95003223874
    ));
#7162 = VECTOR('',#7163,1.);
#7163 = DIRECTION('',(-0.,-0.,-1.));
#7164 = ORIENTED_EDGE('',*,*,#7165,.F.);
#7165 = EDGE_CURVE('',#7121,#7158,#7166,.T.);
#7166 = B_SPLINE_CURVE_WITH_KNOTS('',3,(#7167,#7168,#7169,#7170),
  .UNSPECIFIED.,.F.,.F.,(4,4),(11.,12.),.PIECEWISE_BEZIER_KNOTS.);
#7167 = CARTESIAN_POINT('',(0.604328876911,-1.262086004296,0.94903223874
    ));
#7168 = CARTESIAN_POINT('',(0.598948129694,-1.262086004296,0.94903223874
    ));
#7169 = CARTESIAN_POINT('',(0.594594143419,-1.26029242189,0.94903223874)
  );
#7170 = CARTESIAN_POINT('',(0.591266918087,-1.256731251027,0.94903223874
    ));
#7171 = B_SPLINE_SURFACE_WITH_KNOTS('',3,1,(
    (#7172,#7173)
    ,(#7174,#7175)
    ,(#7176,#7177)
    ,(#7178,#7179
    )),.UNSPECIFIED.,.F.,.F.,.F.,(4,4),(2,2),(11.,12.),(0.,1.),
  .PIECEWISE_BEZIER_KNOTS.);
#7172 = CARTESIAN_POINT('',(0.604328876911,-1.262086004296,0.95003223874
    ));
#7173 = CARTESIAN_POINT('',(0.604328876911,-1.262086004296,0.94903223874
    ));
#7174 = CARTESIAN_POINT('',(0.598948129694,-1.262086004296,0.95003223874
    ));
#7175 = CARTESIAN_POINT('',(0.598948129694,-1.262086004296,0.94903223874
    ));
#7176 = CARTESIAN_POINT('',(0.594594143419,-1.26029242189,0.95003223874)
  );
#7177 = CARTESIAN_POINT('',(0.594594143419,-1.26029242189,0.94903223874)
  );
#7178 = CARTESIAN_POINT('',(0.591266918087,-1.256731251027,0.95003223874
    ));
#7179 = CARTESIAN_POINT('',(0.591266918087,-1.256731251027,0.94903223874
    ));
#7180 = ADVANCED_FACE('',(#7181),#7208,.F.);
#7181 = FACE_BOUND('',#7182,.F.);
#7182 = EDGE_LOOP('',(#7183,#7184,#7193,#7201));
#7183 = ORIENTED_EDGE('',*,*,#7157,.F.);
#7184 = ORIENTED_EDGE('',*,*,#7185,.T.);
#7185 = EDGE_CURVE('',#7149,#7186,#7188,.T.);
#7186 = VERTEX_POINT('',#7187);
#7187 = CARTESIAN_POINT('',(0.586276080089,-1.242226628094,0.95003223874
    ));
#7188 = B_SPLINE_CURVE_WITH_KNOTS('',3,(#7189,#7190,#7191,#7192),
  .UNSPECIFIED.,.F.,.F.,(4,4),(10.,11.),.PIECEWISE_BEZIER_KNOTS.);
#7189 = CARTESIAN_POINT('',(0.591266918087,-1.256731251027,0.95003223874
    ));
#7190 = CARTESIAN_POINT('',(0.587939692755,-1.253144086215,0.95003223874
    ));
#7191 = CARTESIAN_POINT('',(0.586276080089,-1.248309211904,0.95003223874
    ));
#7192 = CARTESIAN_POINT('',(0.586276080089,-1.242226628094,0.95003223874
    ));
#7193 = ORIENTED_EDGE('',*,*,#7194,.T.);
#7194 = EDGE_CURVE('',#7186,#7195,#7197,.T.);
#7195 = VERTEX_POINT('',#7196);
#7196 = CARTESIAN_POINT('',(0.586276080089,-1.242226628094,0.94903223874
    ));
#7197 = LINE('',#7198,#7199);
#7198 = CARTESIAN_POINT('',(0.586276080089,-1.242226628094,0.95003223874
    ));
#7199 = VECTOR('',#7200,1.);
#7200 = DIRECTION('',(-0.,-0.,-1.));
#7201 = ORIENTED_EDGE('',*,*,#7202,.F.);
#7202 = EDGE_CURVE('',#7158,#7195,#7203,.T.);
#7203 = B_SPLINE_CURVE_WITH_KNOTS('',3,(#7204,#7205,#7206,#7207),
  .UNSPECIFIED.,.F.,.F.,(4,4),(10.,11.),.PIECEWISE_BEZIER_KNOTS.);
#7204 = CARTESIAN_POINT('',(0.591266918087,-1.256731251027,0.94903223874
    ));
#7205 = CARTESIAN_POINT('',(0.587939692755,-1.253144086215,0.94903223874
    ));
#7206 = CARTESIAN_POINT('',(0.586276080089,-1.248309211904,0.94903223874
    ));
#7207 = CARTESIAN_POINT('',(0.586276080089,-1.242226628094,0.94903223874
    ));
#7208 = B_SPLINE_SURFACE_WITH_KNOTS('',3,1,(
    (#7209,#7210)
    ,(#7211,#7212)
    ,(#7213,#7214)
    ,(#7215,#7216
    )),.UNSPECIFIED.,.F.,.F.,.F.,(4,4),(2,2),(10.,11.),(0.,1.),
  .PIECEWISE_BEZIER_KNOTS.);
#7209 = CARTESIAN_POINT('',(0.591266918087,-1.256731251027,0.95003223874
    ));
#7210 = CARTESIAN_POINT('',(0.591266918087,-1.256731251027,0.94903223874
    ));
#7211 = CARTESIAN_POINT('',(0.587939692755,-1.253144086215,0.95003223874
    ));
#7212 = CARTESIAN_POINT('',(0.587939692755,-1.253144086215,0.94903223874
    ));
#7213 = CARTESIAN_POINT('',(0.586276080089,-1.248309211904,0.95003223874
    ));
#7214 = CARTESIAN_POINT('',(0.586276080089,-1.248309211904,0.94903223874
    ));
#7215 = CARTESIAN_POINT('',(0.586276080089,-1.242226628094,0.95003223874
    ));
#7216 = CARTESIAN_POINT('',(0.586276080089,-1.242226628094,0.94903223874
    ));
#7217 = ADVANCED_FACE('',(#7218),#7245,.F.);
#7218 = FACE_BOUND('',#7219,.F.);
#7219 = EDGE_LOOP('',(#7220,#7221,#7230,#7238));
#7220 = ORIENTED_EDGE('',*,*,#7194,.F.);
#7221 = ORIENTED_EDGE('',*,*,#7222,.T.);
#7222 = EDGE_CURVE('',#7186,#7223,#7225,.T.);
#7223 = VERTEX_POINT('',#7224);
#7224 = CARTESIAN_POINT('',(0.591617836384,-1.226942186724,0.95003223874
    ));
#7225 = B_SPLINE_CURVE_WITH_KNOTS('',3,(#7226,#7227,#7228,#7229),
  .UNSPECIFIED.,.F.,.F.,(4,4),(9.,10.),.PIECEWISE_BEZIER_KNOTS.);
#7226 = CARTESIAN_POINT('',(0.586276080089,-1.242226628094,0.95003223874
    ));
#7227 = CARTESIAN_POINT('',(0.586276080089,-1.235832116909,0.95003223874
    ));
#7228 = CARTESIAN_POINT('',(0.588056665521,-1.230737303119,0.95003223874
    ));
#7229 = CARTESIAN_POINT('',(0.591617836384,-1.226942186724,0.95003223874
    ));
#7230 = ORIENTED_EDGE('',*,*,#7231,.T.);
#7231 = EDGE_CURVE('',#7223,#7232,#7234,.T.);
#7232 = VERTEX_POINT('',#7233);
#7233 = CARTESIAN_POINT('',(0.591617836384,-1.226942186724,0.94903223874
    ));
#7234 = LINE('',#7235,#7236);
#7235 = CARTESIAN_POINT('',(0.591617836384,-1.226942186724,0.95003223874
    ));
#7236 = VECTOR('',#7237,1.);
#7237 = DIRECTION('',(-0.,-0.,-1.));
#7238 = ORIENTED_EDGE('',*,*,#7239,.F.);
#7239 = EDGE_CURVE('',#7195,#7232,#7240,.T.);
#7240 = B_SPLINE_CURVE_WITH_KNOTS('',3,(#7241,#7242,#7243,#7244),
  .UNSPECIFIED.,.F.,.F.,(4,4),(9.,10.),.PIECEWISE_BEZIER_KNOTS.);
#7241 = CARTESIAN_POINT('',(0.586276080089,-1.242226628094,0.94903223874
    ));
#7242 = CARTESIAN_POINT('',(0.586276080089,-1.235832116909,0.94903223874
    ));
#7243 = CARTESIAN_POINT('',(0.588056665521,-1.230737303119,0.94903223874
    ));
#7244 = CARTESIAN_POINT('',(0.591617836384,-1.226942186724,0.94903223874
    ));
#7245 = B_SPLINE_SURFACE_WITH_KNOTS('',3,1,(
    (#7246,#7247)
    ,(#7248,#7249)
    ,(#7250,#7251)
    ,(#7252,#7253
    )),.UNSPECIFIED.,.F.,.F.,.F.,(4,4),(2,2),(9.,10.),(0.,1.),
  .PIECEWISE_BEZIER_KNOTS.);
#7246 = CARTESIAN_POINT('',(0.586276080089,-1.242226628094,0.95003223874
    ));
#7247 = CARTESIAN_POINT('',(0.586276080089,-1.242226628094,0.94903223874
    ));
#7248 = CARTESIAN_POINT('',(0.586276080089,-1.235832116909,0.95003223874
    ));
#7249 = CARTESIAN_POINT('',(0.586276080089,-1.235832116909,0.94903223874
    ));
#7250 = CARTESIAN_POINT('',(0.588056665521,-1.230737303119,0.95003223874
    ));
#7251 = CARTESIAN_POINT('',(0.588056665521,-1.230737303119,0.94903223874
    ));
#7252 = CARTESIAN_POINT('',(0.591617836384,-1.226942186724,0.95003223874
    ));
#7253 = CARTESIAN_POINT('',(0.591617836384,-1.226942186724,0.94903223874
    ));
#7254 = ADVANCED_FACE('',(#7255),#7282,.F.);
#7255 = FACE_BOUND('',#7256,.F.);
#7256 = EDGE_LOOP('',(#7257,#7258,#7267,#7275));
#7257 = ORIENTED_EDGE('',*,*,#7231,.F.);
#7258 = ORIENTED_EDGE('',*,*,#7259,.T.);
#7259 = EDGE_CURVE('',#7223,#7260,#7262,.T.);
#7260 = VERTEX_POINT('',#7261);
#7261 = CARTESIAN_POINT('',(0.605472610619,-1.221301500028,0.95003223874
    ));
#7262 = B_SPLINE_CURVE_WITH_KNOTS('',3,(#7263,#7264,#7265,#7266),
  .UNSPECIFIED.,.F.,.F.,(4,4),(8.,9.),.PIECEWISE_BEZIER_KNOTS.);
#7263 = CARTESIAN_POINT('',(0.591617836384,-1.226942186724,0.95003223874
    ));
#7264 = CARTESIAN_POINT('',(0.595192004221,-1.223173064278,0.95003223874
    ));
#7265 = CARTESIAN_POINT('',(0.599805929975,-1.221301500028,0.95003223874
    ));
#7266 = CARTESIAN_POINT('',(0.605472610619,-1.221301500028,0.95003223874
    ));
#7267 = ORIENTED_EDGE('',*,*,#7268,.T.);
#7268 = EDGE_CURVE('',#7260,#7269,#7271,.T.);
#7269 = VERTEX_POINT('',#7270);
#7270 = CARTESIAN_POINT('',(0.605472610619,-1.221301500028,0.94903223874
    ));
#7271 = LINE('',#7272,#7273);
#7272 = CARTESIAN_POINT('',(0.605472610619,-1.221301500028,0.95003223874
    ));
#7273 = VECTOR('',#7274,1.);
#7274 = DIRECTION('',(-0.,-0.,-1.));
#7275 = ORIENTED_EDGE('',*,*,#7276,.F.);
#7276 = EDGE_CURVE('',#7232,#7269,#7277,.T.);
#7277 = B_SPLINE_CURVE_WITH_KNOTS('',3,(#7278,#7279,#7280,#7281),
  .UNSPECIFIED.,.F.,.F.,(4,4),(8.,9.),.PIECEWISE_BEZIER_KNOTS.);
#7278 = CARTESIAN_POINT('',(0.591617836384,-1.226942186724,0.94903223874
    ));
#7279 = CARTESIAN_POINT('',(0.595192004221,-1.223173064278,0.94903223874
    ));
#7280 = CARTESIAN_POINT('',(0.599805929975,-1.221301500028,0.94903223874
    ));
#7281 = CARTESIAN_POINT('',(0.605472610619,-1.221301500028,0.94903223874
    ));
#7282 = B_SPLINE_SURFACE_WITH_KNOTS('',3,1,(
    (#7283,#7284)
    ,(#7285,#7286)
    ,(#7287,#7288)
    ,(#7289,#7290
    )),.UNSPECIFIED.,.F.,.F.,.F.,(4,4),(2,2),(8.,9.),(0.,1.),
  .PIECEWISE_BEZIER_KNOTS.);
#7283 = CARTESIAN_POINT('',(0.591617836384,-1.226942186724,0.95003223874
    ));
#7284 = CARTESIAN_POINT('',(0.591617836384,-1.226942186724,0.94903223874
    ));
#7285 = CARTESIAN_POINT('',(0.595192004221,-1.223173064278,0.95003223874
    ));
#7286 = CARTESIAN_POINT('',(0.595192004221,-1.223173064278,0.94903223874
    ));
#7287 = CARTESIAN_POINT('',(0.599805929975,-1.221301500028,0.95003223874
    ));
#7288 = CARTESIAN_POINT('',(0.599805929975,-1.221301500028,0.94903223874
    ));
#7289 = CARTESIAN_POINT('',(0.605472610619,-1.221301500028,0.95003223874
    ));
#7290 = CARTESIAN_POINT('',(0.605472610619,-1.221301500028,0.94903223874
    ));
#7291 = ADVANCED_FACE('',(#7292),#7319,.F.);
#7292 = FACE_BOUND('',#7293,.F.);
#7293 = EDGE_LOOP('',(#7294,#7295,#7304,#7312));
#7294 = ORIENTED_EDGE('',*,*,#7268,.F.);
#7295 = ORIENTED_EDGE('',*,*,#7296,.T.);
#7296 = EDGE_CURVE('',#7260,#7297,#7299,.T.);
#7297 = VERTEX_POINT('',#7298);
#7298 = CARTESIAN_POINT('',(0.617455820605,-1.224316797985,0.95003223874
    ));
#7299 = B_SPLINE_CURVE_WITH_KNOTS('',3,(#7300,#7301,#7302,#7303),
  .UNSPECIFIED.,.F.,.F.,(4,4),(7.,8.),.PIECEWISE_BEZIER_KNOTS.);
#7300 = CARTESIAN_POINT('',(0.605472610619,-1.221301500028,0.95003223874
    ));
#7301 = CARTESIAN_POINT('',(0.609826596894,-1.221301500028,0.95003223874
    ));
#7302 = CARTESIAN_POINT('',(0.613816667898,-1.222289270049,0.95003223874
    ));
#7303 = CARTESIAN_POINT('',(0.617455820605,-1.224316797985,0.95003223874
    ));
#7304 = ORIENTED_EDGE('',*,*,#7305,.T.);
#7305 = EDGE_CURVE('',#7297,#7306,#7308,.T.);
#7306 = VERTEX_POINT('',#7307);
#7307 = CARTESIAN_POINT('',(0.617455820605,-1.224316797985,0.94903223874
    ));
#7308 = LINE('',#7309,#7310);
#7309 = CARTESIAN_POINT('',(0.617455820605,-1.224316797985,0.95003223874
    ));
#7310 = VECTOR('',#7311,1.);
#7311 = DIRECTION('',(-0.,-0.,-1.));
#7312 = ORIENTED_EDGE('',*,*,#7313,.F.);
#7313 = EDGE_CURVE('',#7269,#7306,#7314,.T.);
#7314 = B_SPLINE_CURVE_WITH_KNOTS('',3,(#7315,#7316,#7317,#7318),
  .UNSPECIFIED.,.F.,.F.,(4,4),(7.,8.),.PIECEWISE_BEZIER_KNOTS.);
#7315 = CARTESIAN_POINT('',(0.605472610619,-1.221301500028,0.94903223874
    ));
#7316 = CARTESIAN_POINT('',(0.609826596894,-1.221301500028,0.94903223874
    ));
#7317 = CARTESIAN_POINT('',(0.613816667898,-1.222289270049,0.94903223874
    ));
#7318 = CARTESIAN_POINT('',(0.617455820605,-1.224316797985,0.94903223874
    ));
#7319 = B_SPLINE_SURFACE_WITH_KNOTS('',3,1,(
    (#7320,#7321)
    ,(#7322,#7323)
    ,(#7324,#7325)
    ,(#7326,#7327
    )),.UNSPECIFIED.,.F.,.F.,.F.,(4,4),(2,2),(7.,8.),(0.,1.),
  .PIECEWISE_BEZIER_KNOTS.);
#7320 = CARTESIAN_POINT('',(0.605472610619,-1.221301500028,0.95003223874
    ));
#7321 = CARTESIAN_POINT('',(0.605472610619,-1.221301500028,0.94903223874
    ));
#7322 = CARTESIAN_POINT('',(0.609826596894,-1.221301500028,0.95003223874
    ));
#7323 = CARTESIAN_POINT('',(0.609826596894,-1.221301500028,0.94903223874
    ));
#7324 = CARTESIAN_POINT('',(0.613816667898,-1.222289270049,0.95003223874
    ));
#7325 = CARTESIAN_POINT('',(0.613816667898,-1.222289270049,0.94903223874
    ));
#7326 = CARTESIAN_POINT('',(0.617455820605,-1.224316797985,0.95003223874
    ));
#7327 = CARTESIAN_POINT('',(0.617455820605,-1.224316797985,0.94903223874
    ));
#7328 = ADVANCED_FACE('',(#7329),#7354,.F.);
#7329 = FACE_BOUND('',#7330,.T.);
#7330 = EDGE_LOOP('',(#7331,#7339,#7347,#7353));
#7331 = ORIENTED_EDGE('',*,*,#7332,.T.);
#7332 = EDGE_CURVE('',#7306,#7333,#7335,.T.);
#7333 = VERTEX_POINT('',#7334);
#7334 = CARTESIAN_POINT('',(0.617455820605,-1.217454395738,0.94903223874
    ));
#7335 = LINE('',#7336,#7337);
#7336 = CARTESIAN_POINT('',(0.617455820605,-1.217454395738,0.94903223874
    ));
#7337 = VECTOR('',#7338,1.);
#7338 = DIRECTION('',(-0.,1.,-0.));
#7339 = ORIENTED_EDGE('',*,*,#7340,.F.);
#7340 = EDGE_CURVE('',#7341,#7333,#7343,.T.);
#7341 = VERTEX_POINT('',#7342);
#7342 = CARTESIAN_POINT('',(0.617455820605,-1.217454395738,0.95003223874
    ));
#7343 = LINE('',#7344,#7345);
#7344 = CARTESIAN_POINT('',(0.617455820605,-1.217454395738,0.95003223874
    ));
#7345 = VECTOR('',#7346,1.);
#7346 = DIRECTION('',(-0.,-0.,-1.));
#7347 = ORIENTED_EDGE('',*,*,#7348,.F.);
#7348 = EDGE_CURVE('',#7297,#7341,#7349,.T.);
#7349 = LINE('',#7350,#7351);
#7350 = CARTESIAN_POINT('',(0.617455820605,-1.217454395738,0.95003223874
    ));
#7351 = VECTOR('',#7352,1.);
#7352 = DIRECTION('',(-0.,1.,-0.));
#7353 = ORIENTED_EDGE('',*,*,#7305,.T.);
#7354 = PLANE('',#7355);
#7355 = AXIS2_PLACEMENT_3D('',#7356,#7357,#7358);
#7356 = CARTESIAN_POINT('',(0.617455820605,-1.217454395738,0.95003223874
    ));
#7357 = DIRECTION('',(-1.,0.,0.));
#7358 = DIRECTION('',(0.,0.,1.));
#7359 = ADVANCED_FACE('',(#7360),#7387,.F.);
#7360 = FACE_BOUND('',#7361,.F.);
#7361 = EDGE_LOOP('',(#7362,#7363,#7372,#7380));
#7362 = ORIENTED_EDGE('',*,*,#7340,.F.);
#7363 = ORIENTED_EDGE('',*,*,#7364,.T.);
#7364 = EDGE_CURVE('',#7341,#7365,#7367,.T.);
#7365 = VERTEX_POINT('',#7366);
#7366 = CARTESIAN_POINT('',(0.605407625749,-1.215374879905,0.95003223874
    ));
#7367 = B_SPLINE_CURVE_WITH_KNOTS('',3,(#7368,#7369,#7370,#7371),
  .UNSPECIFIED.,.F.,.F.,(4,4),(5.,6.),.PIECEWISE_BEZIER_KNOTS.);
#7368 = CARTESIAN_POINT('',(0.617455820605,-1.217454395738,0.95003223874
    ));
#7369 = CARTESIAN_POINT('',(0.61428455896,-1.216076716499,0.95003223874)
  );
#7370 = CARTESIAN_POINT('',(0.610268494008,-1.215374879905,0.95003223874
    ));
#7371 = CARTESIAN_POINT('',(0.605407625749,-1.215374879905,0.95003223874
    ));
#7372 = ORIENTED_EDGE('',*,*,#7373,.T.);
#7373 = EDGE_CURVE('',#7365,#7374,#7376,.T.);
#7374 = VERTEX_POINT('',#7375);
#7375 = CARTESIAN_POINT('',(0.605407625749,-1.215374879905,0.94903223874
    ));
#7376 = LINE('',#7377,#7378);
#7377 = CARTESIAN_POINT('',(0.605407625749,-1.215374879905,0.95003223874
    ));
#7378 = VECTOR('',#7379,1.);
#7379 = DIRECTION('',(-0.,-0.,-1.));
#7380 = ORIENTED_EDGE('',*,*,#7381,.F.);
#7381 = EDGE_CURVE('',#7333,#7374,#7382,.T.);
#7382 = B_SPLINE_CURVE_WITH_KNOTS('',3,(#7383,#7384,#7385,#7386),
  .UNSPECIFIED.,.F.,.F.,(4,4),(5.,6.),.PIECEWISE_BEZIER_KNOTS.);
#7383 = CARTESIAN_POINT('',(0.617455820605,-1.217454395738,0.94903223874
    ));
#7384 = CARTESIAN_POINT('',(0.61428455896,-1.216076716499,0.94903223874)
  );
#7385 = CARTESIAN_POINT('',(0.610268494008,-1.215374879905,0.94903223874
    ));
#7386 = CARTESIAN_POINT('',(0.605407625749,-1.215374879905,0.94903223874
    ));
#7387 = B_SPLINE_SURFACE_WITH_KNOTS('',3,1,(
    (#7388,#7389)
    ,(#7390,#7391)
    ,(#7392,#7393)
    ,(#7394,#7395
    )),.UNSPECIFIED.,.F.,.F.,.F.,(4,4),(2,2),(5.,6.),(0.,1.),
  .PIECEWISE_BEZIER_KNOTS.);
#7388 = CARTESIAN_POINT('',(0.617455820605,-1.217454395738,0.95003223874
    ));
#7389 = CARTESIAN_POINT('',(0.617455820605,-1.217454395738,0.94903223874
    ));
#7390 = CARTESIAN_POINT('',(0.61428455896,-1.216076716499,0.95003223874)
  );
#7391 = CARTESIAN_POINT('',(0.61428455896,-1.216076716499,0.94903223874)
  );
#7392 = CARTESIAN_POINT('',(0.610268494008,-1.215374879905,0.95003223874
    ));
#7393 = CARTESIAN_POINT('',(0.610268494008,-1.215374879905,0.94903223874
    ));
#7394 = CARTESIAN_POINT('',(0.605407625749,-1.215374879905,0.95003223874
    ));
#7395 = CARTESIAN_POINT('',(0.605407625749,-1.215374879905,0.94903223874
    ));
#7396 = ADVANCED_FACE('',(#7397),#7424,.F.);
#7397 = FACE_BOUND('',#7398,.F.);
#7398 = EDGE_LOOP('',(#7399,#7400,#7409,#7417));
#7399 = ORIENTED_EDGE('',*,*,#7373,.F.);
#7400 = ORIENTED_EDGE('',*,*,#7401,.T.);
#7401 = EDGE_CURVE('',#7365,#7402,#7404,.T.);
#7402 = VERTEX_POINT('',#7403);
#7403 = CARTESIAN_POINT('',(0.586730974177,-1.222861136903,0.95003223874
    ));
#7404 = B_SPLINE_CURVE_WITH_KNOTS('',3,(#7405,#7406,#7407,#7408),
  .UNSPECIFIED.,.F.,.F.,(4,4),(4.,5.),.PIECEWISE_BEZIER_KNOTS.);
#7405 = CARTESIAN_POINT('',(0.605407625749,-1.215374879905,0.95003223874
    ));
#7406 = CARTESIAN_POINT('',(0.597856383882,-1.215374879905,0.95003223874
    ));
#7407 = CARTESIAN_POINT('',(0.591630833358,-1.217870298904,0.95003223874
    ));
#7408 = CARTESIAN_POINT('',(0.586730974177,-1.222861136903,0.95003223874
    ));
#7409 = ORIENTED_EDGE('',*,*,#7410,.T.);
#7410 = EDGE_CURVE('',#7402,#7411,#7413,.T.);
#7411 = VERTEX_POINT('',#7412);
#7412 = CARTESIAN_POINT('',(0.586730974177,-1.222861136903,0.94903223874
    ));
#7413 = LINE('',#7414,#7415);
#7414 = CARTESIAN_POINT('',(0.586730974177,-1.222861136903,0.95003223874
    ));
#7415 = VECTOR('',#7416,1.);
#7416 = DIRECTION('',(-0.,-0.,-1.));
#7417 = ORIENTED_EDGE('',*,*,#7418,.F.);
#7418 = EDGE_CURVE('',#7374,#7411,#7419,.T.);
#7419 = B_SPLINE_CURVE_WITH_KNOTS('',3,(#7420,#7421,#7422,#7423),
  .UNSPECIFIED.,.F.,.F.,(4,4),(4.,5.),.PIECEWISE_BEZIER_KNOTS.);
#7420 = CARTESIAN_POINT('',(0.605407625749,-1.215374879905,0.94903223874
    ));
#7421 = CARTESIAN_POINT('',(0.597856383882,-1.215374879905,0.94903223874
    ));
#7422 = CARTESIAN_POINT('',(0.591630833358,-1.217870298904,0.94903223874
    ));
#7423 = CARTESIAN_POINT('',(0.586730974177,-1.222861136903,0.94903223874
    ));
#7424 = B_SPLINE_SURFACE_WITH_KNOTS('',3,1,(
    (#7425,#7426)
    ,(#7427,#7428)
    ,(#7429,#7430)
    ,(#7431,#7432
    )),.UNSPECIFIED.,.F.,.F.,.F.,(4,4),(2,2),(4.,5.),(0.,1.),
  .PIECEWISE_BEZIER_KNOTS.);
#7425 = CARTESIAN_POINT('',(0.605407625749,-1.215374879905,0.95003223874
    ));
#7426 = CARTESIAN_POINT('',(0.605407625749,-1.215374879905,0.94903223874
    ));
#7427 = CARTESIAN_POINT('',(0.597856383882,-1.215374879905,0.95003223874
    ));
#7428 = CARTESIAN_POINT('',(0.597856383882,-1.215374879905,0.94903223874
    ));
#7429 = CARTESIAN_POINT('',(0.591630833358,-1.217870298904,0.95003223874
    ));
#7430 = CARTESIAN_POINT('',(0.591630833358,-1.217870298904,0.94903223874
    ));
#7431 = CARTESIAN_POINT('',(0.586730974177,-1.222861136903,0.95003223874
    ));
#7432 = CARTESIAN_POINT('',(0.586730974177,-1.222861136903,0.94903223874
    ));
#7433 = ADVANCED_FACE('',(#7434),#7461,.F.);
#7434 = FACE_BOUND('',#7435,.F.);
#7435 = EDGE_LOOP('',(#7436,#7437,#7446,#7454));
#7436 = ORIENTED_EDGE('',*,*,#7410,.F.);
#7437 = ORIENTED_EDGE('',*,*,#7438,.T.);
#7438 = EDGE_CURVE('',#7402,#7439,#7441,.T.);
#7439 = VERTEX_POINT('',#7440);
#7440 = CARTESIAN_POINT('',(0.579387683893,-1.242616537313,0.95003223874
    ));
#7441 = B_SPLINE_CURVE_WITH_KNOTS('',3,(#7442,#7443,#7444,#7445),
  .UNSPECIFIED.,.F.,.F.,(4,4),(3.,4.),.PIECEWISE_BEZIER_KNOTS.);
#7442 = CARTESIAN_POINT('',(0.586730974177,-1.222861136903,0.95003223874
    ));
#7443 = CARTESIAN_POINT('',(0.581831114997,-1.227851974901,0.95003223874
    ));
#7444 = CARTESIAN_POINT('',(0.579387683893,-1.234428443722,0.95003223874
    ));
#7445 = CARTESIAN_POINT('',(0.579387683893,-1.242616537313,0.95003223874
    ));
#7446 = ORIENTED_EDGE('',*,*,#7447,.T.);
#7447 = EDGE_CURVE('',#7439,#7448,#7450,.T.);
#7448 = VERTEX_POINT('',#7449);
#7449 = CARTESIAN_POINT('',(0.579387683893,-1.242616537313,0.94903223874
    ));
#7450 = LINE('',#7451,#7452);
#7451 = CARTESIAN_POINT('',(0.579387683893,-1.242616537313,0.95003223874
    ));
#7452 = VECTOR('',#7453,1.);
#7453 = DIRECTION('',(-0.,-0.,-1.));
#7454 = ORIENTED_EDGE('',*,*,#7455,.F.);
#7455 = EDGE_CURVE('',#7411,#7448,#7456,.T.);
#7456 = B_SPLINE_CURVE_WITH_KNOTS('',3,(#7457,#7458,#7459,#7460),
  .UNSPECIFIED.,.F.,.F.,(4,4),(3.,4.),.PIECEWISE_BEZIER_KNOTS.);
#7457 = CARTESIAN_POINT('',(0.586730974177,-1.222861136903,0.94903223874
    ));
#7458 = CARTESIAN_POINT('',(0.581831114997,-1.227851974901,0.94903223874
    ));
#7459 = CARTESIAN_POINT('',(0.579387683893,-1.234428443722,0.94903223874
    ));
#7460 = CARTESIAN_POINT('',(0.579387683893,-1.242616537313,0.94903223874
    ));
#7461 = B_SPLINE_SURFACE_WITH_KNOTS('',3,1,(
    (#7462,#7463)
    ,(#7464,#7465)
    ,(#7466,#7467)
    ,(#7468,#7469
    )),.UNSPECIFIED.,.F.,.F.,.F.,(4,4),(2,2),(3.,4.),(0.,1.),
  .PIECEWISE_BEZIER_KNOTS.);
#7462 = CARTESIAN_POINT('',(0.586730974177,-1.222861136903,0.95003223874
    ));
#7463 = CARTESIAN_POINT('',(0.586730974177,-1.222861136903,0.94903223874
    ));
#7464 = CARTESIAN_POINT('',(0.581831114997,-1.227851974901,0.95003223874
    ));
#7465 = CARTESIAN_POINT('',(0.581831114997,-1.227851974901,0.94903223874
    ));
#7466 = CARTESIAN_POINT('',(0.579387683893,-1.234428443722,0.95003223874
    ));
#7467 = CARTESIAN_POINT('',(0.579387683893,-1.234428443722,0.94903223874
    ));
#7468 = CARTESIAN_POINT('',(0.579387683893,-1.242616537313,0.95003223874
    ));
#7469 = CARTESIAN_POINT('',(0.579387683893,-1.242616537313,0.94903223874
    ));
#7470 = ADVANCED_FACE('',(#7471),#7498,.F.);
#7471 = FACE_BOUND('',#7472,.F.);
#7472 = EDGE_LOOP('',(#7473,#7474,#7483,#7491));
#7473 = ORIENTED_EDGE('',*,*,#7447,.F.);
#7474 = ORIENTED_EDGE('',*,*,#7475,.T.);
#7475 = EDGE_CURVE('',#7439,#7476,#7478,.T.);
#7476 = VERTEX_POINT('',#7477);
#7477 = CARTESIAN_POINT('',(0.585912164818,-1.260994258484,0.95003223874
    ));
#7478 = B_SPLINE_CURVE_WITH_KNOTS('',3,(#7479,#7480,#7481,#7482),
  .UNSPECIFIED.,.F.,.F.,(4,4),(2.,3.),.PIECEWISE_BEZIER_KNOTS.);
#7479 = CARTESIAN_POINT('',(0.579387683893,-1.242616537313,0.95003223874
    ));
#7480 = CARTESIAN_POINT('',(0.579387683893,-1.25023276405,0.95003223874)
  );
#7481 = CARTESIAN_POINT('',(0.581558178544,-1.256367335756,0.95003223874
    ));
#7482 = CARTESIAN_POINT('',(0.585912164818,-1.260994258484,0.95003223874
    ));
#7483 = ORIENTED_EDGE('',*,*,#7484,.T.);
#7484 = EDGE_CURVE('',#7476,#7485,#7487,.T.);
#7485 = VERTEX_POINT('',#7486);
#7486 = CARTESIAN_POINT('',(0.585912164818,-1.260994258484,0.94903223874
    ));
#7487 = LINE('',#7488,#7489);
#7488 = CARTESIAN_POINT('',(0.585912164818,-1.260994258484,0.95003223874
    ));
#7489 = VECTOR('',#7490,1.);
#7490 = DIRECTION('',(-0.,-0.,-1.));
#7491 = ORIENTED_EDGE('',*,*,#7492,.F.);
#7492 = EDGE_CURVE('',#7448,#7485,#7493,.T.);
#7493 = B_SPLINE_CURVE_WITH_KNOTS('',3,(#7494,#7495,#7496,#7497),
  .UNSPECIFIED.,.F.,.F.,(4,4),(2.,3.),.PIECEWISE_BEZIER_KNOTS.);
#7494 = CARTESIAN_POINT('',(0.579387683893,-1.242616537313,0.94903223874
    ));
#7495 = CARTESIAN_POINT('',(0.579387683893,-1.25023276405,0.94903223874)
  );
#7496 = CARTESIAN_POINT('',(0.581558178544,-1.256367335756,0.94903223874
    ));
#7497 = CARTESIAN_POINT('',(0.585912164818,-1.260994258484,0.94903223874
    ));
#7498 = B_SPLINE_SURFACE_WITH_KNOTS('',3,1,(
    (#7499,#7500)
    ,(#7501,#7502)
    ,(#7503,#7504)
    ,(#7505,#7506
    )),.UNSPECIFIED.,.F.,.F.,.F.,(4,4),(2,2),(2.,3.),(0.,1.),
  .PIECEWISE_BEZIER_KNOTS.);
#7499 = CARTESIAN_POINT('',(0.579387683893,-1.242616537313,0.95003223874
    ));
#7500 = CARTESIAN_POINT('',(0.579387683893,-1.242616537313,0.94903223874
    ));
#7501 = CARTESIAN_POINT('',(0.579387683893,-1.25023276405,0.95003223874)
  );
#7502 = CARTESIAN_POINT('',(0.579387683893,-1.25023276405,0.94903223874)
  );
#7503 = CARTESIAN_POINT('',(0.581558178544,-1.256367335756,0.95003223874
    ));
#7504 = CARTESIAN_POINT('',(0.581558178544,-1.256367335756,0.94903223874
    ));
#7505 = CARTESIAN_POINT('',(0.585912164818,-1.260994258484,0.95003223874
    ));
#7506 = CARTESIAN_POINT('',(0.585912164818,-1.260994258484,0.94903223874
    ));
#7507 = ADVANCED_FACE('',(#7508),#7526,.F.);
#7508 = FACE_BOUND('',#7509,.F.);
#7509 = EDGE_LOOP('',(#7510,#7511,#7518,#7519));
#7510 = ORIENTED_EDGE('',*,*,#7484,.F.);
#7511 = ORIENTED_EDGE('',*,*,#7512,.T.);
#7512 = EDGE_CURVE('',#7476,#7034,#7513,.T.);
#7513 = B_SPLINE_CURVE_WITH_KNOTS('',3,(#7514,#7515,#7516,#7517),
  .UNSPECIFIED.,.F.,.F.,(4,4),(1.,2.),.PIECEWISE_BEZIER_KNOTS.);
#7514 = CARTESIAN_POINT('',(0.585912164818,-1.260994258484,0.95003223874
    ));
#7515 = CARTESIAN_POINT('',(0.590266151093,-1.265621181211,0.95003223874
    ));
#7516 = CARTESIAN_POINT('',(0.596088795424,-1.267934642575,0.95003223874
    ));
#7517 = CARTESIAN_POINT('',(0.603380097812,-1.267934642575,0.95003223874
    ));
#7518 = ORIENTED_EDGE('',*,*,#7033,.T.);
#7519 = ORIENTED_EDGE('',*,*,#7520,.F.);
#7520 = EDGE_CURVE('',#7485,#7036,#7521,.T.);
#7521 = B_SPLINE_CURVE_WITH_KNOTS('',3,(#7522,#7523,#7524,#7525),
  .UNSPECIFIED.,.F.,.F.,(4,4),(1.,2.),.PIECEWISE_BEZIER_KNOTS.);
#7522 = CARTESIAN_POINT('',(0.585912164818,-1.260994258484,0.94903223874
    ));
#7523 = CARTESIAN_POINT('',(0.590266151093,-1.265621181211,0.94903223874
    ));
#7524 = CARTESIAN_POINT('',(0.596088795424,-1.267934642575,0.94903223874
    ));
#7525 = CARTESIAN_POINT('',(0.603380097812,-1.267934642575,0.94903223874
    ));
#7526 = B_SPLINE_SURFACE_WITH_KNOTS('',3,1,(
    (#7527,#7528)
    ,(#7529,#7530)
    ,(#7531,#7532)
    ,(#7533,#7534
    )),.UNSPECIFIED.,.F.,.F.,.F.,(4,4),(2,2),(1.,2.),(0.,1.),
  .PIECEWISE_BEZIER_KNOTS.);
#7527 = CARTESIAN_POINT('',(0.585912164818,-1.260994258484,0.95003223874
    ));
#7528 = CARTESIAN_POINT('',(0.585912164818,-1.260994258484,0.94903223874
    ));
#7529 = CARTESIAN_POINT('',(0.590266151093,-1.265621181211,0.95003223874
    ));
#7530 = CARTESIAN_POINT('',(0.590266151093,-1.265621181211,0.94903223874
    ));
#7531 = CARTESIAN_POINT('',(0.596088795424,-1.267934642575,0.95003223874
    ));
#7532 = CARTESIAN_POINT('',(0.596088795424,-1.267934642575,0.94903223874
    ));
#7533 = CARTESIAN_POINT('',(0.603380097812,-1.267934642575,0.95003223874
    ));
#7534 = CARTESIAN_POINT('',(0.603380097812,-1.267934642575,0.94903223874
    ));
#7535 = ADVANCED_FACE('',(#7536),#7552,.T.);
#7536 = FACE_BOUND('',#7537,.T.);
#7537 = EDGE_LOOP('',(#7538,#7539,#7540,#7541,#7542,#7543,#7544,#7545,
    #7546,#7547,#7548,#7549,#7550,#7551));
#7538 = ORIENTED_EDGE('',*,*,#7043,.T.);
#7539 = ORIENTED_EDGE('',*,*,#7095,.T.);
#7540 = ORIENTED_EDGE('',*,*,#7111,.T.);
#7541 = ORIENTED_EDGE('',*,*,#7148,.T.);
#7542 = ORIENTED_EDGE('',*,*,#7185,.T.);
#7543 = ORIENTED_EDGE('',*,*,#7222,.T.);
#7544 = ORIENTED_EDGE('',*,*,#7259,.T.);
#7545 = ORIENTED_EDGE('',*,*,#7296,.T.);
#7546 = ORIENTED_EDGE('',*,*,#7348,.T.);
#7547 = ORIENTED_EDGE('',*,*,#7364,.T.);
#7548 = ORIENTED_EDGE('',*,*,#7401,.T.);
#7549 = ORIENTED_EDGE('',*,*,#7438,.T.);
#7550 = ORIENTED_EDGE('',*,*,#7475,.T.);
#7551 = ORIENTED_EDGE('',*,*,#7512,.T.);
#7552 = PLANE('',#7553);
#7553 = AXIS2_PLACEMENT_3D('',#7554,#7555,#7556);
#7554 = CARTESIAN_POINT('',(0.611129543532,-1.26719381506,0.95003223874)
  );
#7555 = DIRECTION('',(0.,0.,1.));
#7556 = DIRECTION('',(1.,0.,-0.));
#7557 = ADVANCED_FACE('',(#7558),#7574,.F.);
#7558 = FACE_BOUND('',#7559,.T.);
#7559 = EDGE_LOOP('',(#7560,#7561,#7562,#7563,#7564,#7565,#7566,#7567,
    #7568,#7569,#7570,#7571,#7572,#7573));
#7560 = ORIENTED_EDGE('',*,*,#7060,.F.);
#7561 = ORIENTED_EDGE('',*,*,#7520,.F.);
#7562 = ORIENTED_EDGE('',*,*,#7492,.F.);
#7563 = ORIENTED_EDGE('',*,*,#7455,.F.);
#7564 = ORIENTED_EDGE('',*,*,#7418,.F.);
#7565 = ORIENTED_EDGE('',*,*,#7381,.F.);
#7566 = ORIENTED_EDGE('',*,*,#7332,.F.);
#7567 = ORIENTED_EDGE('',*,*,#7313,.F.);
#7568 = ORIENTED_EDGE('',*,*,#7276,.F.);
#7569 = ORIENTED_EDGE('',*,*,#7239,.F.);
#7570 = ORIENTED_EDGE('',*,*,#7202,.F.);
#7571 = ORIENTED_EDGE('',*,*,#7165,.F.);
#7572 = ORIENTED_EDGE('',*,*,#7128,.F.);
#7573 = ORIENTED_EDGE('',*,*,#7079,.F.);
#7574 = PLANE('',#7575);
#7575 = AXIS2_PLACEMENT_3D('',#7576,#7577,#7578);
#7576 = CARTESIAN_POINT('',(0.611129543532,-1.26719381506,0.94903223874)
  );
#7577 = DIRECTION('',(0.,0.,1.));
#7578 = DIRECTION('',(1.,0.,-0.));
#7579 = MANIFOLD_SOLID_BREP('',#7580);
#7580 = CLOSED_SHELL('',(#7581,#7621,#7652,#7683,#7714,#7745,#7776,#7807
    ,#7838,#7869,#7900,#7931,#7953,#7973));
#7581 = ADVANCED_FACE('',(#7582),#7616,.F.);
#7582 = FACE_BOUND('',#7583,.T.);
#7583 = EDGE_LOOP('',(#7584,#7594,#7602,#7610));
#7584 = ORIENTED_EDGE('',*,*,#7585,.T.);
#7585 = EDGE_CURVE('',#7586,#7588,#7590,.T.);
#7586 = VERTEX_POINT('',#7587);
#7587 = CARTESIAN_POINT('',(0.65497808441,-1.267076842294,0.94903223874)
  );
#7588 = VERTEX_POINT('',#7589);
#7589 = CARTESIAN_POINT('',(0.65497808441,-1.261280191911,0.94903223874)
  );
#7590 = LINE('',#7591,#7592);
#7591 = CARTESIAN_POINT('',(0.65497808441,-1.261280191911,0.94903223874)
  );
#7592 = VECTOR('',#7593,1.);
#7593 = DIRECTION('',(-0.,1.,-0.));
#7594 = ORIENTED_EDGE('',*,*,#7595,.F.);
#7595 = EDGE_CURVE('',#7596,#7588,#7598,.T.);
#7596 = VERTEX_POINT('',#7597);
#7597 = CARTESIAN_POINT('',(0.65497808441,-1.261280191911,0.95003223874)
  );
#7598 = LINE('',#7599,#7600);
#7599 = CARTESIAN_POINT('',(0.65497808441,-1.261280191911,0.95003223874)
  );
#7600 = VECTOR('',#7601,1.);
#7601 = DIRECTION('',(-0.,-0.,-1.));
#7602 = ORIENTED_EDGE('',*,*,#7603,.F.);
#7603 = EDGE_CURVE('',#7604,#7596,#7606,.T.);
#7604 = VERTEX_POINT('',#7605);
#7605 = CARTESIAN_POINT('',(0.65497808441,-1.267076842294,0.95003223874)
  );
#7606 = LINE('',#7607,#7608);
#7607 = CARTESIAN_POINT('',(0.65497808441,-1.261280191911,0.95003223874)
  );
#7608 = VECTOR('',#7609,1.);
#7609 = DIRECTION('',(-0.,1.,-0.));
#7610 = ORIENTED_EDGE('',*,*,#7611,.T.);
#7611 = EDGE_CURVE('',#7604,#7586,#7612,.T.);
#7612 = LINE('',#7613,#7614);
#7613 = CARTESIAN_POINT('',(0.65497808441,-1.267076842294,0.95003223874)
  );
#7614 = VECTOR('',#7615,1.);
#7615 = DIRECTION('',(-0.,-0.,-1.));
#7616 = PLANE('',#7617);
#7617 = AXIS2_PLACEMENT_3D('',#7618,#7619,#7620);
#7618 = CARTESIAN_POINT('',(0.65497808441,-1.261280191911,0.95003223874)
  );
#7619 = DIRECTION('',(-1.,0.,0.));
#7620 = DIRECTION('',(0.,0.,1.));
#7621 = ADVANCED_FACE('',(#7622),#7647,.F.);
#7622 = FACE_BOUND('',#7623,.T.);
#7623 = EDGE_LOOP('',(#7624,#7632,#7640,#7646));
#7624 = ORIENTED_EDGE('',*,*,#7625,.T.);
#7625 = EDGE_CURVE('',#7588,#7626,#7628,.T.);
#7626 = VERTEX_POINT('',#7627);
#7627 = CARTESIAN_POINT('',(0.634195923057,-1.261280191911,0.94903223874
    ));
#7628 = LINE('',#7629,#7630);
#7629 = CARTESIAN_POINT('',(0.634195923057,-1.261280191911,0.94903223874
    ));
#7630 = VECTOR('',#7631,1.);
#7631 = DIRECTION('',(-1.,-0.,-0.));
#7632 = ORIENTED_EDGE('',*,*,#7633,.F.);
#7633 = EDGE_CURVE('',#7634,#7626,#7636,.T.);
#7634 = VERTEX_POINT('',#7635);
#7635 = CARTESIAN_POINT('',(0.634195923057,-1.261280191911,0.95003223874
    ));
#7636 = LINE('',#7637,#7638);
#7637 = CARTESIAN_POINT('',(0.634195923057,-1.261280191911,0.95003223874
    ));
#7638 = VECTOR('',#7639,1.);
#7639 = DIRECTION('',(-0.,-0.,-1.));
#7640 = ORIENTED_EDGE('',*,*,#7641,.F.);
#7641 = EDGE_CURVE('',#7596,#7634,#7642,.T.);
#7642 = LINE('',#7643,#7644);
#7643 = CARTESIAN_POINT('',(0.634195923057,-1.261280191911,0.95003223874
    ));
#7644 = VECTOR('',#7645,1.);
#7645 = DIRECTION('',(-1.,-0.,-0.));
#7646 = ORIENTED_EDGE('',*,*,#7595,.T.);
#7647 = PLANE('',#7648);
#7648 = AXIS2_PLACEMENT_3D('',#7649,#7650,#7651);
#7649 = CARTESIAN_POINT('',(0.634195923057,-1.261280191911,0.95003223874
    ));
#7650 = DIRECTION('',(0.,-1.,0.));
#7651 = DIRECTION('',(0.,-0.,-1.));
#7652 = ADVANCED_FACE('',(#7653),#7678,.F.);
#7653 = FACE_BOUND('',#7654,.T.);
#7654 = EDGE_LOOP('',(#7655,#7663,#7671,#7677));
#7655 = ORIENTED_EDGE('',*,*,#7656,.T.);
#7656 = EDGE_CURVE('',#7626,#7657,#7659,.T.);
#7657 = VERTEX_POINT('',#7658);
#7658 = CARTESIAN_POINT('',(0.634195923057,-1.244176174187,0.94903223874
    ));
#7659 = LINE('',#7660,#7661);
#7660 = CARTESIAN_POINT('',(0.634195923057,-1.244176174187,0.94903223874
    ));
#7661 = VECTOR('',#7662,1.);
#7662 = DIRECTION('',(-0.,1.,-0.));
#7663 = ORIENTED_EDGE('',*,*,#7664,.F.);
#7664 = EDGE_CURVE('',#7665,#7657,#7667,.T.);
#7665 = VERTEX_POINT('',#7666);
#7666 = CARTESIAN_POINT('',(0.634195923057,-1.244176174187,0.95003223874
    ));
#7667 = LINE('',#7668,#7669);
#7668 = CARTESIAN_POINT('',(0.634195923057,-1.244176174187,0.95003223874
    ));
#7669 = VECTOR('',#7670,1.);
#7670 = DIRECTION('',(-0.,-0.,-1.));
#7671 = ORIENTED_EDGE('',*,*,#7672,.F.);
#7672 = EDGE_CURVE('',#7634,#7665,#7673,.T.);
#7673 = LINE('',#7674,#7675);
#7674 = CARTESIAN_POINT('',(0.634195923057,-1.244176174187,0.95003223874
    ));
#7675 = VECTOR('',#7676,1.);
#7676 = DIRECTION('',(-0.,1.,-0.));
#7677 = ORIENTED_EDGE('',*,*,#7633,.T.);
#7678 = PLANE('',#7679);
#7679 = AXIS2_PLACEMENT_3D('',#7680,#7681,#7682);
#7680 = CARTESIAN_POINT('',(0.634195923057,-1.244176174187,0.95003223874
    ));
#7681 = DIRECTION('',(-1.,0.,0.));
#7682 = DIRECTION('',(0.,0.,1.));
#7683 = ADVANCED_FACE('',(#7684),#7709,.F.);
#7684 = FACE_BOUND('',#7685,.T.);
#7685 = EDGE_LOOP('',(#7686,#7694,#7702,#7708));
#7686 = ORIENTED_EDGE('',*,*,#7687,.T.);
#7687 = EDGE_CURVE('',#7657,#7688,#7690,.T.);
#7688 = VERTEX_POINT('',#7689);
#7689 = CARTESIAN_POINT('',(0.652378689619,-1.244176174187,0.94903223874
    ));
#7690 = LINE('',#7691,#7692);
#7691 = CARTESIAN_POINT('',(0.652378689619,-1.244176174187,0.94903223874
    ));
#7692 = VECTOR('',#7693,1.);
#7693 = DIRECTION('',(1.,-0.,-0.));
#7694 = ORIENTED_EDGE('',*,*,#7695,.F.);
#7695 = EDGE_CURVE('',#7696,#7688,#7698,.T.);
#7696 = VERTEX_POINT('',#7697);
#7697 = CARTESIAN_POINT('',(0.652378689619,-1.244176174187,0.95003223874
    ));
#7698 = LINE('',#7699,#7700);
#7699 = CARTESIAN_POINT('',(0.652378689619,-1.244176174187,0.95003223874
    ));
#7700 = VECTOR('',#7701,1.);
#7701 = DIRECTION('',(-0.,-0.,-1.));
#7702 = ORIENTED_EDGE('',*,*,#7703,.F.);
#7703 = EDGE_CURVE('',#7665,#7696,#7704,.T.);
#7704 = LINE('',#7705,#7706);
#7705 = CARTESIAN_POINT('',(0.652378689619,-1.244176174187,0.95003223874
    ));
#7706 = VECTOR('',#7707,1.);
#7707 = DIRECTION('',(1.,-0.,-0.));
#7708 = ORIENTED_EDGE('',*,*,#7664,.T.);
#7709 = PLANE('',#7710);
#7710 = AXIS2_PLACEMENT_3D('',#7711,#7712,#7713);
#7711 = CARTESIAN_POINT('',(0.652378689619,-1.244176174187,0.95003223874
    ));
#7712 = DIRECTION('',(0.,1.,-0.));
#7713 = DIRECTION('',(0.,0.,1.));
#7714 = ADVANCED_FACE('',(#7715),#7740,.F.);
#7715 = FACE_BOUND('',#7716,.T.);
#7716 = EDGE_LOOP('',(#7717,#7725,#7733,#7739));
#7717 = ORIENTED_EDGE('',*,*,#7718,.T.);
#7718 = EDGE_CURVE('',#7688,#7719,#7721,.T.);
#7719 = VERTEX_POINT('',#7720);
#7720 = CARTESIAN_POINT('',(0.652378689619,-1.238353529856,0.94903223874
    ));
#7721 = LINE('',#7722,#7723);
#7722 = CARTESIAN_POINT('',(0.652378689619,-1.238353529856,0.94903223874
    ));
#7723 = VECTOR('',#7724,1.);
#7724 = DIRECTION('',(-0.,1.,-0.));
#7725 = ORIENTED_EDGE('',*,*,#7726,.F.);
#7726 = EDGE_CURVE('',#7727,#7719,#7729,.T.);
#7727 = VERTEX_POINT('',#7728);
#7728 = CARTESIAN_POINT('',(0.652378689619,-1.238353529856,0.95003223874
    ));
#7729 = LINE('',#7730,#7731);
#7730 = CARTESIAN_POINT('',(0.652378689619,-1.238353529856,0.95003223874
    ));
#7731 = VECTOR('',#7732,1.);
#7732 = DIRECTION('',(-0.,-0.,-1.));
#7733 = ORIENTED_EDGE('',*,*,#7734,.F.);
#7734 = EDGE_CURVE('',#7696,#7727,#7735,.T.);
#7735 = LINE('',#7736,#7737);
#7736 = CARTESIAN_POINT('',(0.652378689619,-1.238353529856,0.95003223874
    ));
#7737 = VECTOR('',#7738,1.);
#7738 = DIRECTION('',(-0.,1.,-0.));
#7739 = ORIENTED_EDGE('',*,*,#7695,.T.);
#7740 = PLANE('',#7741);
#7741 = AXIS2_PLACEMENT_3D('',#7742,#7743,#7744);
#7742 = CARTESIAN_POINT('',(0.652378689619,-1.238353529856,0.95003223874
    ));
#7743 = DIRECTION('',(-1.,0.,0.));
#7744 = DIRECTION('',(0.,0.,1.));
#7745 = ADVANCED_FACE('',(#7746),#7771,.F.);
#7746 = FACE_BOUND('',#7747,.T.);
#7747 = EDGE_LOOP('',(#7748,#7756,#7764,#7770));
#7748 = ORIENTED_EDGE('',*,*,#7749,.T.);
#7749 = EDGE_CURVE('',#7719,#7750,#7752,.T.);
#7750 = VERTEX_POINT('',#7751);
#7751 = CARTESIAN_POINT('',(0.634195923057,-1.238353529856,0.94903223874
    ));
#7752 = LINE('',#7753,#7754);
#7753 = CARTESIAN_POINT('',(0.634195923057,-1.238353529856,0.94903223874
    ));
#7754 = VECTOR('',#7755,1.);
#7755 = DIRECTION('',(-1.,-0.,-0.));
#7756 = ORIENTED_EDGE('',*,*,#7757,.F.);
#7757 = EDGE_CURVE('',#7758,#7750,#7760,.T.);
#7758 = VERTEX_POINT('',#7759);
#7759 = CARTESIAN_POINT('',(0.634195923057,-1.238353529856,0.95003223874
    ));
#7760 = LINE('',#7761,#7762);
#7761 = CARTESIAN_POINT('',(0.634195923057,-1.238353529856,0.95003223874
    ));
#7762 = VECTOR('',#7763,1.);
#7763 = DIRECTION('',(-0.,-0.,-1.));
#7764 = ORIENTED_EDGE('',*,*,#7765,.F.);
#7765 = EDGE_CURVE('',#7727,#7758,#7766,.T.);
#7766 = LINE('',#7767,#7768);
#7767 = CARTESIAN_POINT('',(0.634195923057,-1.238353529856,0.95003223874
    ));
#7768 = VECTOR('',#7769,1.);
#7769 = DIRECTION('',(-1.,-0.,-0.));
#7770 = ORIENTED_EDGE('',*,*,#7726,.T.);
#7771 = PLANE('',#7772);
#7772 = AXIS2_PLACEMENT_3D('',#7773,#7774,#7775);
#7773 = CARTESIAN_POINT('',(0.634195923057,-1.238353529856,0.95003223874
    ));
#7774 = DIRECTION('',(0.,-1.,0.));
#7775 = DIRECTION('',(0.,-0.,-1.));
#7776 = ADVANCED_FACE('',(#7777),#7802,.F.);
#7777 = FACE_BOUND('',#7778,.T.);
#7778 = EDGE_LOOP('',(#7779,#7787,#7795,#7801));
#7779 = ORIENTED_EDGE('',*,*,#7780,.T.);
#7780 = EDGE_CURVE('',#7750,#7781,#7783,.T.);
#7781 = VERTEX_POINT('',#7782);
#7782 = CARTESIAN_POINT('',(0.634195923057,-1.222081318465,0.94903223874
    ));
#7783 = LINE('',#7784,#7785);
#7784 = CARTESIAN_POINT('',(0.634195923057,-1.222081318465,0.94903223874
    ));
#7785 = VECTOR('',#7786,1.);
#7786 = DIRECTION('',(-0.,1.,-0.));
#7787 = ORIENTED_EDGE('',*,*,#7788,.F.);
#7788 = EDGE_CURVE('',#7789,#7781,#7791,.T.);
#7789 = VERTEX_POINT('',#7790);
#7790 = CARTESIAN_POINT('',(0.634195923057,-1.222081318465,0.95003223874
    ));
#7791 = LINE('',#7792,#7793);
#7792 = CARTESIAN_POINT('',(0.634195923057,-1.222081318465,0.95003223874
    ));
#7793 = VECTOR('',#7794,1.);
#7794 = DIRECTION('',(-0.,-0.,-1.));
#7795 = ORIENTED_EDGE('',*,*,#7796,.F.);
#7796 = EDGE_CURVE('',#7758,#7789,#7797,.T.);
#7797 = LINE('',#7798,#7799);
#7798 = CARTESIAN_POINT('',(0.634195923057,-1.222081318465,0.95003223874
    ));
#7799 = VECTOR('',#7800,1.);
#7800 = DIRECTION('',(-0.,1.,-0.));
#7801 = ORIENTED_EDGE('',*,*,#7757,.T.);
#7802 = PLANE('',#7803);
#7803 = AXIS2_PLACEMENT_3D('',#7804,#7805,#7806);
#7804 = CARTESIAN_POINT('',(0.634195923057,-1.222081318465,0.95003223874
    ));
#7805 = DIRECTION('',(-1.,0.,0.));
#7806 = DIRECTION('',(0.,0.,1.));
#7807 = ADVANCED_FACE('',(#7808),#7833,.F.);
#7808 = FACE_BOUND('',#7809,.T.);
#7809 = EDGE_LOOP('',(#7810,#7818,#7826,#7832));
#7810 = ORIENTED_EDGE('',*,*,#7811,.T.);
#7811 = EDGE_CURVE('',#7781,#7812,#7814,.T.);
#7812 = VERTEX_POINT('',#7813);
#7813 = CARTESIAN_POINT('',(0.653821353728,-1.222081318465,0.94903223874
    ));
#7814 = LINE('',#7815,#7816);
#7815 = CARTESIAN_POINT('',(0.653821353728,-1.222081318465,0.94903223874
    ));
#7816 = VECTOR('',#7817,1.);
#7817 = DIRECTION('',(1.,-0.,-0.));
#7818 = ORIENTED_EDGE('',*,*,#7819,.F.);
#7819 = EDGE_CURVE('',#7820,#7812,#7822,.T.);
#7820 = VERTEX_POINT('',#7821);
#7821 = CARTESIAN_POINT('',(0.653821353728,-1.222081318465,0.95003223874
    ));
#7822 = LINE('',#7823,#7824);
#7823 = CARTESIAN_POINT('',(0.653821353728,-1.222081318465,0.95003223874
    ));
#7824 = VECTOR('',#7825,1.);
#7825 = DIRECTION('',(-0.,-0.,-1.));
#7826 = ORIENTED_EDGE('',*,*,#7827,.F.);
#7827 = EDGE_CURVE('',#7789,#7820,#7828,.T.);
#7828 = LINE('',#7829,#7830);
#7829 = CARTESIAN_POINT('',(0.653821353728,-1.222081318465,0.95003223874
    ));
#7830 = VECTOR('',#7831,1.);
#7831 = DIRECTION('',(1.,-0.,-0.));
#7832 = ORIENTED_EDGE('',*,*,#7788,.T.);
#7833 = PLANE('',#7834);
#7834 = AXIS2_PLACEMENT_3D('',#7835,#7836,#7837);
#7835 = CARTESIAN_POINT('',(0.653821353728,-1.222081318465,0.95003223874
    ));
#7836 = DIRECTION('',(0.,1.,-0.));
#7837 = DIRECTION('',(0.,0.,1.));
#7838 = ADVANCED_FACE('',(#7839),#7864,.F.);
#7839 = FACE_BOUND('',#7840,.T.);
#7840 = EDGE_LOOP('',(#7841,#7849,#7857,#7863));
#7841 = ORIENTED_EDGE('',*,*,#7842,.T.);
#7842 = EDGE_CURVE('',#7812,#7843,#7845,.T.);
#7843 = VERTEX_POINT('',#7844);
#7844 = CARTESIAN_POINT('',(0.653821353728,-1.216232680186,0.94903223874
    ));
#7845 = LINE('',#7846,#7847);
#7846 = CARTESIAN_POINT('',(0.653821353728,-1.216232680186,0.94903223874
    ));
#7847 = VECTOR('',#7848,1.);
#7848 = DIRECTION('',(-0.,1.,-0.));
#7849 = ORIENTED_EDGE('',*,*,#7850,.F.);
#7850 = EDGE_CURVE('',#7851,#7843,#7853,.T.);
#7851 = VERTEX_POINT('',#7852);
#7852 = CARTESIAN_POINT('',(0.653821353728,-1.216232680186,0.95003223874
    ));
#7853 = LINE('',#7854,#7855);
#7854 = CARTESIAN_POINT('',(0.653821353728,-1.216232680186,0.95003223874
    ));
#7855 = VECTOR('',#7856,1.);
#7856 = DIRECTION('',(-0.,-0.,-1.));
#7857 = ORIENTED_EDGE('',*,*,#7858,.F.);
#7858 = EDGE_CURVE('',#7820,#7851,#7859,.T.);
#7859 = LINE('',#7860,#7861);
#7860 = CARTESIAN_POINT('',(0.653821353728,-1.216232680186,0.95003223874
    ));
#7861 = VECTOR('',#7862,1.);
#7862 = DIRECTION('',(-0.,1.,-0.));
#7863 = ORIENTED_EDGE('',*,*,#7819,.T.);
#7864 = PLANE('',#7865);
#7865 = AXIS2_PLACEMENT_3D('',#7866,#7867,#7868);
#7866 = CARTESIAN_POINT('',(0.653821353728,-1.216232680186,0.95003223874
    ));
#7867 = DIRECTION('',(-1.,0.,0.));
#7868 = DIRECTION('',(0.,0.,1.));
#7869 = ADVANCED_FACE('',(#7870),#7895,.F.);
#7870 = FACE_BOUND('',#7871,.T.);
#7871 = EDGE_LOOP('',(#7872,#7880,#7888,#7894));
#7872 = ORIENTED_EDGE('',*,*,#7873,.T.);
#7873 = EDGE_CURVE('',#7843,#7874,#7876,.T.);
#7874 = VERTEX_POINT('',#7875);
#7875 = CARTESIAN_POINT('',(0.627632451211,-1.216232680186,0.94903223874
    ));
#7876 = LINE('',#7877,#7878);
#7877 = CARTESIAN_POINT('',(0.627632451211,-1.216232680186,0.94903223874
    ));
#7878 = VECTOR('',#7879,1.);
#7879 = DIRECTION('',(-1.,-0.,-0.));
#7880 = ORIENTED_EDGE('',*,*,#7881,.F.);
#7881 = EDGE_CURVE('',#7882,#7874,#7884,.T.);
#7882 = VERTEX_POINT('',#7883);
#7883 = CARTESIAN_POINT('',(0.627632451211,-1.216232680186,0.95003223874
    ));
#7884 = LINE('',#7885,#7886);
#7885 = CARTESIAN_POINT('',(0.627632451211,-1.216232680186,0.95003223874
    ));
#7886 = VECTOR('',#7887,1.);
#7887 = DIRECTION('',(-0.,-0.,-1.));
#7888 = ORIENTED_EDGE('',*,*,#7889,.F.);
#7889 = EDGE_CURVE('',#7851,#7882,#7890,.T.);
#7890 = LINE('',#7891,#7892);
#7891 = CARTESIAN_POINT('',(0.627632451211,-1.216232680186,0.95003223874
    ));
#7892 = VECTOR('',#7893,1.);
#7893 = DIRECTION('',(-1.,-0.,-0.));
#7894 = ORIENTED_EDGE('',*,*,#7850,.T.);
#7895 = PLANE('',#7896);
#7896 = AXIS2_PLACEMENT_3D('',#7897,#7898,#7899);
#7897 = CARTESIAN_POINT('',(0.627632451211,-1.216232680186,0.95003223874
    ));
#7898 = DIRECTION('',(0.,-1.,0.));
#7899 = DIRECTION('',(0.,-0.,-1.));
#7900 = ADVANCED_FACE('',(#7901),#7926,.F.);
#7901 = FACE_BOUND('',#7902,.T.);
#7902 = EDGE_LOOP('',(#7903,#7911,#7919,#7925));
#7903 = ORIENTED_EDGE('',*,*,#7904,.T.);
#7904 = EDGE_CURVE('',#7874,#7905,#7907,.T.);
#7905 = VERTEX_POINT('',#7906);
#7906 = CARTESIAN_POINT('',(0.627632451211,-1.267076842294,0.94903223874
    ));
#7907 = LINE('',#7908,#7909);
#7908 = CARTESIAN_POINT('',(0.627632451211,-1.267076842294,0.94903223874
    ));
#7909 = VECTOR('',#7910,1.);
#7910 = DIRECTION('',(-0.,-1.,-0.));
#7911 = ORIENTED_EDGE('',*,*,#7912,.F.);
#7912 = EDGE_CURVE('',#7913,#7905,#7915,.T.);
#7913 = VERTEX_POINT('',#7914);
#7914 = CARTESIAN_POINT('',(0.627632451211,-1.267076842294,0.95003223874
    ));
#7915 = LINE('',#7916,#7917);
#7916 = CARTESIAN_POINT('',(0.627632451211,-1.267076842294,0.95003223874
    ));
#7917 = VECTOR('',#7918,1.);
#7918 = DIRECTION('',(-0.,-0.,-1.));
#7919 = ORIENTED_EDGE('',*,*,#7920,.F.);
#7920 = EDGE_CURVE('',#7882,#7913,#7921,.T.);
#7921 = LINE('',#7922,#7923);
#7922 = CARTESIAN_POINT('',(0.627632451211,-1.267076842294,0.95003223874
    ));
#7923 = VECTOR('',#7924,1.);
#7924 = DIRECTION('',(-0.,-1.,-0.));
#7925 = ORIENTED_EDGE('',*,*,#7881,.T.);
#7926 = PLANE('',#7927);
#7927 = AXIS2_PLACEMENT_3D('',#7928,#7929,#7930);
#7928 = CARTESIAN_POINT('',(0.627632451211,-1.267076842294,0.95003223874
    ));
#7929 = DIRECTION('',(1.,0.,0.));
#7930 = DIRECTION('',(0.,0.,-1.));
#7931 = ADVANCED_FACE('',(#7932),#7948,.F.);
#7932 = FACE_BOUND('',#7933,.T.);
#7933 = EDGE_LOOP('',(#7934,#7940,#7941,#7947));
#7934 = ORIENTED_EDGE('',*,*,#7935,.T.);
#7935 = EDGE_CURVE('',#7905,#7586,#7936,.T.);
#7936 = LINE('',#7937,#7938);
#7937 = CARTESIAN_POINT('',(0.65497808441,-1.267076842294,0.94903223874)
  );
#7938 = VECTOR('',#7939,1.);
#7939 = DIRECTION('',(1.,-0.,-0.));
#7940 = ORIENTED_EDGE('',*,*,#7611,.F.);
#7941 = ORIENTED_EDGE('',*,*,#7942,.F.);
#7942 = EDGE_CURVE('',#7913,#7604,#7943,.T.);
#7943 = LINE('',#7944,#7945);
#7944 = CARTESIAN_POINT('',(0.65497808441,-1.267076842294,0.95003223874)
  );
#7945 = VECTOR('',#7946,1.);
#7946 = DIRECTION('',(1.,-0.,-0.));
#7947 = ORIENTED_EDGE('',*,*,#7912,.T.);
#7948 = PLANE('',#7949);
#7949 = AXIS2_PLACEMENT_3D('',#7950,#7951,#7952);
#7950 = CARTESIAN_POINT('',(0.65497808441,-1.267076842294,0.95003223874)
  );
#7951 = DIRECTION('',(0.,1.,-0.));
#7952 = DIRECTION('',(0.,0.,1.));
#7953 = ADVANCED_FACE('',(#7954),#7968,.F.);
#7954 = FACE_BOUND('',#7955,.T.);
#7955 = EDGE_LOOP('',(#7956,#7957,#7958,#7959,#7960,#7961,#7962,#7963,
    #7964,#7965,#7966,#7967));
#7956 = ORIENTED_EDGE('',*,*,#7603,.T.);
#7957 = ORIENTED_EDGE('',*,*,#7641,.T.);
#7958 = ORIENTED_EDGE('',*,*,#7672,.T.);
#7959 = ORIENTED_EDGE('',*,*,#7703,.T.);
#7960 = ORIENTED_EDGE('',*,*,#7734,.T.);
#7961 = ORIENTED_EDGE('',*,*,#7765,.T.);
#7962 = ORIENTED_EDGE('',*,*,#7796,.T.);
#7963 = ORIENTED_EDGE('',*,*,#7827,.T.);
#7964 = ORIENTED_EDGE('',*,*,#7858,.T.);
#7965 = ORIENTED_EDGE('',*,*,#7889,.T.);
#7966 = ORIENTED_EDGE('',*,*,#7920,.T.);
#7967 = ORIENTED_EDGE('',*,*,#7942,.T.);
#7968 = PLANE('',#7969);
#7969 = AXIS2_PLACEMENT_3D('',#7970,#7971,#7972);
#7970 = CARTESIAN_POINT('',(-8.203535724743E-04,2.233050450947E-03,
    0.95003223874));
#7971 = DIRECTION('',(-0.,0.,-1.));
#7972 = DIRECTION('',(-1.,0.,0.));
#7973 = ADVANCED_FACE('',(#7974),#7988,.T.);
#7974 = FACE_BOUND('',#7975,.T.);
#7975 = EDGE_LOOP('',(#7976,#7977,#7978,#7979,#7980,#7981,#7982,#7983,
    #7984,#7985,#7986,#7987));
#7976 = ORIENTED_EDGE('',*,*,#7585,.F.);
#7977 = ORIENTED_EDGE('',*,*,#7935,.F.);
#7978 = ORIENTED_EDGE('',*,*,#7904,.F.);
#7979 = ORIENTED_EDGE('',*,*,#7873,.F.);
#7980 = ORIENTED_EDGE('',*,*,#7842,.F.);
#7981 = ORIENTED_EDGE('',*,*,#7811,.F.);
#7982 = ORIENTED_EDGE('',*,*,#7780,.F.);
#7983 = ORIENTED_EDGE('',*,*,#7749,.F.);
#7984 = ORIENTED_EDGE('',*,*,#7718,.F.);
#7985 = ORIENTED_EDGE('',*,*,#7687,.F.);
#7986 = ORIENTED_EDGE('',*,*,#7656,.F.);
#7987 = ORIENTED_EDGE('',*,*,#7625,.F.);
#7988 = PLANE('',#7989);
#7989 = AXIS2_PLACEMENT_3D('',#7990,#7991,#7992);
#7990 = CARTESIAN_POINT('',(-8.203535724743E-04,2.233050450947E-03,
    0.94903223874));
#7991 = DIRECTION('',(-0.,0.,-1.));
#7992 = DIRECTION('',(-1.,0.,0.));
#7993 = MANIFOLD_SOLID_BREP('',#7994);
#7994 = CLOSED_SHELL('',(#7995,#8125,#8255,#8277,#8298,#8319,#8340,#8361
    ,#8378,#8390,#8412,#8429,#8446,#8467,#8488,#8509));
#7995 = ADVANCED_FACE('',(#7996,#8058),#8120,.T.);
#7996 = FACE_BOUND('',#7997,.T.);
#7997 = EDGE_LOOP('',(#7998,#8008,#8017,#8026,#8035,#8044,#8052));
#7998 = ORIENTED_EDGE('',*,*,#7999,.T.);
#7999 = EDGE_CURVE('',#8000,#8002,#8004,.T.);
#8000 = VERTEX_POINT('',#8001);
#8001 = CARTESIAN_POINT('',(0.664582848162,-1.267076842294,0.95003223874
    ));
#8002 = VERTEX_POINT('',#8003);
#8003 = CARTESIAN_POINT('',(0.678567592136,-1.267076842294,0.95003223874
    ));
#8004 = LINE('',#8005,#8006);
#8005 = CARTESIAN_POINT('',(0.678567592136,-1.267076842294,0.95003223874
    ));
#8006 = VECTOR('',#8007,1.);
#8007 = DIRECTION('',(1.,-0.,-0.));
#8008 = ORIENTED_EDGE('',*,*,#8009,.T.);
#8009 = EDGE_CURVE('',#8002,#8010,#8012,.T.);
#8010 = VERTEX_POINT('',#8011);
#8011 = CARTESIAN_POINT('',(0.698309995572,-1.259954500567,0.95003223874
    ));
#8012 = B_SPLINE_CURVE_WITH_KNOTS('',3,(#8013,#8014,#8015,#8016),
  .UNSPECIFIED.,.F.,.F.,(4,4),(5.,6.),.PIECEWISE_BEZIER_KNOTS.);
#8013 = CARTESIAN_POINT('',(0.678567592136,-1.267076842294,0.95003223874
    ));
#8014 = CARTESIAN_POINT('',(0.686612719014,-1.267076842294,0.95003223874
    ));
#8015 = CARTESIAN_POINT('',(0.693202184808,-1.264711393034,0.95003223874
    ));
#8016 = CARTESIAN_POINT('',(0.698309995572,-1.259954500567,0.95003223874
    ));
#8017 = ORIENTED_EDGE('',*,*,#8018,.T.);
#8018 = EDGE_CURVE('',#8010,#8019,#8021,.T.);
#8019 = VERTEX_POINT('',#8020);
#8020 = CARTESIAN_POINT('',(0.705978210205,-1.241004912542,0.95003223874
    ));
#8021 = B_SPLINE_CURVE_WITH_KNOTS('',3,(#8022,#8023,#8024,#8025),
  .UNSPECIFIED.,.F.,.F.,(4,4),(4.,5.),.PIECEWISE_BEZIER_KNOTS.);
#8022 = CARTESIAN_POINT('',(0.698309995572,-1.259954500567,0.95003223874
    ));
#8023 = CARTESIAN_POINT('',(0.703417806336,-1.2551976081,0.95003223874)
  );
#8024 = CARTESIAN_POINT('',(0.705978210205,-1.248881078758,0.95003223874
    ));
#8025 = CARTESIAN_POINT('',(0.705978210205,-1.241004912542,0.95003223874
    ));
#8026 = ORIENTED_EDGE('',*,*,#8027,.T.);
#8027 = EDGE_CURVE('',#8019,#8028,#8030,.T.);
#8028 = VERTEX_POINT('',#8029);
#8029 = CARTESIAN_POINT('',(0.698309995572,-1.222965112694,0.95003223874
    ));
#8030 = B_SPLINE_CURVE_WITH_KNOTS('',3,(#8031,#8032,#8033,#8034),
  .UNSPECIFIED.,.F.,.F.,(4,4),(3.,4.),.PIECEWISE_BEZIER_KNOTS.);
#8031 = CARTESIAN_POINT('',(0.705978210205,-1.241004912542,0.95003223874
    ));
#8032 = CARTESIAN_POINT('',(0.705978210205,-1.233466667649,0.95003223874
    ));
#8033 = CARTESIAN_POINT('',(0.703417806336,-1.227462065682,0.95003223874
    ));
#8034 = CARTESIAN_POINT('',(0.698309995572,-1.222965112694,0.95003223874
    ));
#8035 = ORIENTED_EDGE('',*,*,#8036,.T.);
#8036 = EDGE_CURVE('',#8028,#8037,#8039,.T.);
#8037 = VERTEX_POINT('',#8038);
#8038 = CARTESIAN_POINT('',(0.679087471094,-1.216232680186,0.95003223874
    ));
#8039 = B_SPLINE_CURVE_WITH_KNOTS('',3,(#8040,#8041,#8042,#8043),
  .UNSPECIFIED.,.F.,.F.,(4,4),(2.,3.),.PIECEWISE_BEZIER_KNOTS.);
#8040 = CARTESIAN_POINT('',(0.698309995572,-1.222965112694,0.95003223874
    ));
#8041 = CARTESIAN_POINT('',(0.693202184808,-1.218468159706,0.95003223874
    ));
#8042 = CARTESIAN_POINT('',(0.686794676649,-1.216232680186,0.95003223874
    ));
#8043 = CARTESIAN_POINT('',(0.679087471094,-1.216232680186,0.95003223874
    ));
#8044 = ORIENTED_EDGE('',*,*,#8045,.T.);
#8045 = EDGE_CURVE('',#8037,#8046,#8048,.T.);
#8046 = VERTEX_POINT('',#8047);
#8047 = CARTESIAN_POINT('',(0.664582848162,-1.216232680186,0.95003223874
    ));
#8048 = LINE('',#8049,#8050);
#8049 = CARTESIAN_POINT('',(0.664582848162,-1.216232680186,0.95003223874
    ));
#8050 = VECTOR('',#8051,1.);
#8051 = DIRECTION('',(-1.,-0.,-0.));
#8052 = ORIENTED_EDGE('',*,*,#8053,.T.);
#8053 = EDGE_CURVE('',#8046,#8000,#8054,.T.);
#8054 = LINE('',#8055,#8056);
#8055 = CARTESIAN_POINT('',(0.664582848162,-1.267076842294,0.95003223874
    ));
#8056 = VECTOR('',#8057,1.);
#8057 = DIRECTION('',(-0.,-1.,-0.));
#8058 = FACE_BOUND('',#8059,.T.);
#8059 = EDGE_LOOP('',(#8060,#8070,#8078,#8087,#8096,#8105,#8114));
#8060 = ORIENTED_EDGE('',*,*,#8061,.F.);
#8061 = EDGE_CURVE('',#8062,#8064,#8066,.T.);
#8062 = VERTEX_POINT('',#8063);
#8063 = CARTESIAN_POINT('',(0.671146320009,-1.222081318465,0.95003223874
    ));
#8064 = VERTEX_POINT('',#8065);
#8065 = CARTESIAN_POINT('',(0.671146320009,-1.261280191911,0.95003223874
    ));
#8066 = LINE('',#8067,#8068);
#8067 = CARTESIAN_POINT('',(0.671146320009,-1.222081318465,0.95003223874
    ));
#8068 = VECTOR('',#8069,1.);
#8069 = DIRECTION('',(0.,-1.,0.));
#8070 = ORIENTED_EDGE('',*,*,#8071,.F.);
#8071 = EDGE_CURVE('',#8072,#8062,#8074,.T.);
#8072 = VERTEX_POINT('',#8073);
#8073 = CARTESIAN_POINT('',(0.678827531615,-1.222081318465,0.95003223874
    ));
#8074 = LINE('',#8075,#8076);
#8075 = CARTESIAN_POINT('',(0.678827531615,-1.222081318465,0.95003223874
    ));
#8076 = VECTOR('',#8077,1.);
#8077 = DIRECTION('',(-1.,0.,0.));
#8078 = ORIENTED_EDGE('',*,*,#8079,.F.);
#8079 = EDGE_CURVE('',#8080,#8072,#8082,.T.);
#8080 = VERTEX_POINT('',#8081);
#8081 = CARTESIAN_POINT('',(0.693501115209,-1.226864204881,0.95003223874
    ));
#8082 = B_SPLINE_CURVE_WITH_KNOTS('',3,(#8083,#8084,#8085,#8086),
  .UNSPECIFIED.,.F.,.F.,(4,4),(5.,6.),.PIECEWISE_BEZIER_KNOTS.);
#8083 = CARTESIAN_POINT('',(0.693501115209,-1.226864204881,0.95003223874
    ));
#8084 = CARTESIAN_POINT('',(0.689783980658,-1.223666949288,0.95003223874
    ));
#8085 = CARTESIAN_POINT('',(0.684884121478,-1.222081318465,0.95003223874
    ));
#8086 = CARTESIAN_POINT('',(0.678827531615,-1.222081318465,0.95003223874
    ));
#8087 = ORIENTED_EDGE('',*,*,#8088,.F.);
#8088 = EDGE_CURVE('',#8089,#8080,#8091,.T.);
#8089 = VERTEX_POINT('',#8090);
#8090 = CARTESIAN_POINT('',(0.699076817036,-1.241186870178,0.95003223874
    ));
#8091 = B_SPLINE_CURVE_WITH_KNOTS('',3,(#8092,#8093,#8094,#8095),
  .UNSPECIFIED.,.F.,.F.,(4,4),(4.,5.),.PIECEWISE_BEZIER_KNOTS.);
#8092 = CARTESIAN_POINT('',(0.699076817036,-1.241186870178,0.95003223874
    ));
#8093 = CARTESIAN_POINT('',(0.699076817036,-1.234844346888,0.95003223874
    ));
#8094 = CARTESIAN_POINT('',(0.69721824976,-1.230061460473,0.95003223874)
  );
#8095 = CARTESIAN_POINT('',(0.693501115209,-1.226864204881,0.95003223874
    ));
#8096 = ORIENTED_EDGE('',*,*,#8097,.F.);
#8097 = EDGE_CURVE('',#8098,#8089,#8100,.T.);
#8098 = VERTEX_POINT('',#8099);
#8099 = CARTESIAN_POINT('',(0.693644081923,-1.255977426537,0.95003223874
    ));
#8100 = B_SPLINE_CURVE_WITH_KNOTS('',3,(#8101,#8102,#8103,#8104),
  .UNSPECIFIED.,.F.,.F.,(4,4),(3.,4.),.PIECEWISE_BEZIER_KNOTS.);
#8101 = CARTESIAN_POINT('',(0.693644081923,-1.255977426537,0.95003223874
    ));
#8102 = CARTESIAN_POINT('',(0.697270237656,-1.25246824357,0.95003223874)
  );
#8103 = CARTESIAN_POINT('',(0.699076817036,-1.247529393467,0.95003223874
    ));
#8104 = CARTESIAN_POINT('',(0.699076817036,-1.241186870178,0.95003223874
    ));
#8105 = ORIENTED_EDGE('',*,*,#8106,.F.);
#8106 = EDGE_CURVE('',#8107,#8098,#8109,.T.);
#8107 = VERTEX_POINT('',#8108);
#8108 = CARTESIAN_POINT('',(0.678528601214,-1.261280191911,0.95003223874
    ));
#8109 = B_SPLINE_CURVE_WITH_KNOTS('',3,(#8110,#8111,#8112,#8113),
  .UNSPECIFIED.,.F.,.F.,(4,4),(2.,3.),.PIECEWISE_BEZIER_KNOTS.);
#8110 = CARTESIAN_POINT('',(0.678528601214,-1.261280191911,0.95003223874
    ));
#8111 = CARTESIAN_POINT('',(0.684988097269,-1.261280191911,0.95003223874
    ));
#8112 = CARTESIAN_POINT('',(0.690030923164,-1.259512603453,0.95003223874
    ));
#8113 = CARTESIAN_POINT('',(0.693644081923,-1.255977426537,0.95003223874
    ));
#8114 = ORIENTED_EDGE('',*,*,#8115,.F.);
#8115 = EDGE_CURVE('',#8064,#8107,#8116,.T.);
#8116 = LINE('',#8117,#8118);
#8117 = CARTESIAN_POINT('',(0.671146320009,-1.261280191911,0.95003223874
    ));
#8118 = VECTOR('',#8119,1.);
#8119 = DIRECTION('',(1.,0.,0.));
#8120 = PLANE('',#8121);
#8121 = AXIS2_PLACEMENT_3D('',#8122,#8123,#8124);
#8122 = CARTESIAN_POINT('',(0.68967350638,-1.21791253907,0.95003223874)
  );
#8123 = DIRECTION('',(-0.,0.,1.));
#8124 = DIRECTION('',(1.,0.,0.));
#8125 = ADVANCED_FACE('',(#8126,#8188),#8250,.F.);
#8126 = FACE_BOUND('',#8127,.T.);
#8127 = EDGE_LOOP('',(#8128,#8138,#8146,#8154,#8163,#8172,#8181));
#8128 = ORIENTED_EDGE('',*,*,#8129,.F.);
#8129 = EDGE_CURVE('',#8130,#8132,#8134,.T.);
#8130 = VERTEX_POINT('',#8131);
#8131 = CARTESIAN_POINT('',(0.664582848162,-1.267076842294,0.94903223874
    ));
#8132 = VERTEX_POINT('',#8133);
#8133 = CARTESIAN_POINT('',(0.678567592136,-1.267076842294,0.94903223874
    ));
#8134 = LINE('',#8135,#8136);
#8135 = CARTESIAN_POINT('',(0.678567592136,-1.267076842294,0.94903223874
    ));
#8136 = VECTOR('',#8137,1.);
#8137 = DIRECTION('',(1.,-0.,-0.));
#8138 = ORIENTED_EDGE('',*,*,#8139,.F.);
#8139 = EDGE_CURVE('',#8140,#8130,#8142,.T.);
#8140 = VERTEX_POINT('',#8141);
#8141 = CARTESIAN_POINT('',(0.664582848162,-1.216232680186,0.94903223874
    ));
#8142 = LINE('',#8143,#8144);
#8143 = CARTESIAN_POINT('',(0.664582848162,-1.267076842294,0.94903223874
    ));
#8144 = VECTOR('',#8145,1.);
#8145 = DIRECTION('',(-0.,-1.,-0.));
#8146 = ORIENTED_EDGE('',*,*,#8147,.F.);
#8147 = EDGE_CURVE('',#8148,#8140,#8150,.T.);
#8148 = VERTEX_POINT('',#8149);
#8149 = CARTESIAN_POINT('',(0.679087471094,-1.216232680186,0.94903223874
    ));
#8150 = LINE('',#8151,#8152);
#8151 = CARTESIAN_POINT('',(0.664582848162,-1.216232680186,0.94903223874
    ));
#8152 = VECTOR('',#8153,1.);
#8153 = DIRECTION('',(-1.,-0.,-0.));
#8154 = ORIENTED_EDGE('',*,*,#8155,.F.);
#8155 = EDGE_CURVE('',#8156,#8148,#8158,.T.);
#8156 = VERTEX_POINT('',#8157);
#8157 = CARTESIAN_POINT('',(0.698309995572,-1.222965112694,0.94903223874
    ));
#8158 = B_SPLINE_CURVE_WITH_KNOTS('',3,(#8159,#8160,#8161,#8162),
  .UNSPECIFIED.,.F.,.F.,(4,4),(2.,3.),.PIECEWISE_BEZIER_KNOTS.);
#8159 = CARTESIAN_POINT('',(0.698309995572,-1.222965112694,0.94903223874
    ));
#8160 = CARTESIAN_POINT('',(0.693202184808,-1.218468159706,0.94903223874
    ));
#8161 = CARTESIAN_POINT('',(0.686794676649,-1.216232680186,0.94903223874
    ));
#8162 = CARTESIAN_POINT('',(0.679087471094,-1.216232680186,0.94903223874
    ));
#8163 = ORIENTED_EDGE('',*,*,#8164,.F.);
#8164 = EDGE_CURVE('',#8165,#8156,#8167,.T.);
#8165 = VERTEX_POINT('',#8166);
#8166 = CARTESIAN_POINT('',(0.705978210205,-1.241004912542,0.94903223874
    ));
#8167 = B_SPLINE_CURVE_WITH_KNOTS('',3,(#8168,#8169,#8170,#8171),
  .UNSPECIFIED.,.F.,.F.,(4,4),(3.,4.),.PIECEWISE_BEZIER_KNOTS.);
#8168 = CARTESIAN_POINT('',(0.705978210205,-1.241004912542,0.94903223874
    ));
#8169 = CARTESIAN_POINT('',(0.705978210205,-1.233466667649,0.94903223874
    ));
#8170 = CARTESIAN_POINT('',(0.703417806336,-1.227462065682,0.94903223874
    ));
#8171 = CARTESIAN_POINT('',(0.698309995572,-1.222965112694,0.94903223874
    ));
#8172 = ORIENTED_EDGE('',*,*,#8173,.F.);
#8173 = EDGE_CURVE('',#8174,#8165,#8176,.T.);
#8174 = VERTEX_POINT('',#8175);
#8175 = CARTESIAN_POINT('',(0.698309995572,-1.259954500567,0.94903223874
    ));
#8176 = B_SPLINE_CURVE_WITH_KNOTS('',3,(#8177,#8178,#8179,#8180),
  .UNSPECIFIED.,.F.,.F.,(4,4),(4.,5.),.PIECEWISE_BEZIER_KNOTS.);
#8177 = CARTESIAN_POINT('',(0.698309995572,-1.259954500567,0.94903223874
    ));
#8178 = CARTESIAN_POINT('',(0.703417806336,-1.2551976081,0.94903223874)
  );
#8179 = CARTESIAN_POINT('',(0.705978210205,-1.248881078758,0.94903223874
    ));
#8180 = CARTESIAN_POINT('',(0.705978210205,-1.241004912542,0.94903223874
    ));
#8181 = ORIENTED_EDGE('',*,*,#8182,.F.);
#8182 = EDGE_CURVE('',#8132,#8174,#8183,.T.);
#8183 = B_SPLINE_CURVE_WITH_KNOTS('',3,(#8184,#8185,#8186,#8187),
  .UNSPECIFIED.,.F.,.F.,(4,4),(5.,6.),.PIECEWISE_BEZIER_KNOTS.);
#8184 = CARTESIAN_POINT('',(0.678567592136,-1.267076842294,0.94903223874
    ));
#8185 = CARTESIAN_POINT('',(0.686612719014,-1.267076842294,0.94903223874
    ));
#8186 = CARTESIAN_POINT('',(0.693202184808,-1.264711393034,0.94903223874
    ));
#8187 = CARTESIAN_POINT('',(0.698309995572,-1.259954500567,0.94903223874
    ));
#8188 = FACE_BOUND('',#8189,.T.);
#8189 = EDGE_LOOP('',(#8190,#8200,#8208,#8216,#8225,#8234,#8243));
#8190 = ORIENTED_EDGE('',*,*,#8191,.T.);
#8191 = EDGE_CURVE('',#8192,#8194,#8196,.T.);
#8192 = VERTEX_POINT('',#8193);
#8193 = CARTESIAN_POINT('',(0.678827531615,-1.222081318465,0.94903223874
    ));
#8194 = VERTEX_POINT('',#8195);
#8195 = CARTESIAN_POINT('',(0.671146320009,-1.222081318465,0.94903223874
    ));
#8196 = LINE('',#8197,#8198);
#8197 = CARTESIAN_POINT('',(0.678827531615,-1.222081318465,0.94903223874
    ));
#8198 = VECTOR('',#8199,1.);
#8199 = DIRECTION('',(-1.,0.,0.));
#8200 = ORIENTED_EDGE('',*,*,#8201,.T.);
#8201 = EDGE_CURVE('',#8194,#8202,#8204,.T.);
#8202 = VERTEX_POINT('',#8203);
#8203 = CARTESIAN_POINT('',(0.671146320009,-1.261280191911,0.94903223874
    ));
#8204 = LINE('',#8205,#8206);
#8205 = CARTESIAN_POINT('',(0.671146320009,-1.222081318465,0.94903223874
    ));
#8206 = VECTOR('',#8207,1.);
#8207 = DIRECTION('',(0.,-1.,0.));
#8208 = ORIENTED_EDGE('',*,*,#8209,.T.);
#8209 = EDGE_CURVE('',#8202,#8210,#8212,.T.);
#8210 = VERTEX_POINT('',#8211);
#8211 = CARTESIAN_POINT('',(0.678528601214,-1.261280191911,0.94903223874
    ));
#8212 = LINE('',#8213,#8214);
#8213 = CARTESIAN_POINT('',(0.671146320009,-1.261280191911,0.94903223874
    ));
#8214 = VECTOR('',#8215,1.);
#8215 = DIRECTION('',(1.,0.,0.));
#8216 = ORIENTED_EDGE('',*,*,#8217,.T.);
#8217 = EDGE_CURVE('',#8210,#8218,#8220,.T.);
#8218 = VERTEX_POINT('',#8219);
#8219 = CARTESIAN_POINT('',(0.693644081923,-1.255977426537,0.94903223874
    ));
#8220 = B_SPLINE_CURVE_WITH_KNOTS('',3,(#8221,#8222,#8223,#8224),
  .UNSPECIFIED.,.F.,.F.,(4,4),(2.,3.),.PIECEWISE_BEZIER_KNOTS.);
#8221 = CARTESIAN_POINT('',(0.678528601214,-1.261280191911,0.94903223874
    ));
#8222 = CARTESIAN_POINT('',(0.684988097269,-1.261280191911,0.94903223874
    ));
#8223 = CARTESIAN_POINT('',(0.690030923164,-1.259512603453,0.94903223874
    ));
#8224 = CARTESIAN_POINT('',(0.693644081923,-1.255977426537,0.94903223874
    ));
#8225 = ORIENTED_EDGE('',*,*,#8226,.T.);
#8226 = EDGE_CURVE('',#8218,#8227,#8229,.T.);
#8227 = VERTEX_POINT('',#8228);
#8228 = CARTESIAN_POINT('',(0.699076817036,-1.241186870178,0.94903223874
    ));
#8229 = B_SPLINE_CURVE_WITH_KNOTS('',3,(#8230,#8231,#8232,#8233),
  .UNSPECIFIED.,.F.,.F.,(4,4),(3.,4.),.PIECEWISE_BEZIER_KNOTS.);
#8230 = CARTESIAN_POINT('',(0.693644081923,-1.255977426537,0.94903223874
    ));
#8231 = CARTESIAN_POINT('',(0.697270237656,-1.25246824357,0.94903223874)
  );
#8232 = CARTESIAN_POINT('',(0.699076817036,-1.247529393467,0.94903223874
    ));
#8233 = CARTESIAN_POINT('',(0.699076817036,-1.241186870178,0.94903223874
    ));
#8234 = ORIENTED_EDGE('',*,*,#8235,.T.);
#8235 = EDGE_CURVE('',#8227,#8236,#8238,.T.);
#8236 = VERTEX_POINT('',#8237);
#8237 = CARTESIAN_POINT('',(0.693501115209,-1.226864204881,0.94903223874
    ));
#8238 = B_SPLINE_CURVE_WITH_KNOTS('',3,(#8239,#8240,#8241,#8242),
  .UNSPECIFIED.,.F.,.F.,(4,4),(4.,5.),.PIECEWISE_BEZIER_KNOTS.);
#8239 = CARTESIAN_POINT('',(0.699076817036,-1.241186870178,0.94903223874
    ));
#8240 = CARTESIAN_POINT('',(0.699076817036,-1.234844346888,0.94903223874
    ));
#8241 = CARTESIAN_POINT('',(0.69721824976,-1.230061460473,0.94903223874)
  );
#8242 = CARTESIAN_POINT('',(0.693501115209,-1.226864204881,0.94903223874
    ));
#8243 = ORIENTED_EDGE('',*,*,#8244,.T.);
#8244 = EDGE_CURVE('',#8236,#8192,#8245,.T.);
#8245 = B_SPLINE_CURVE_WITH_KNOTS('',3,(#8246,#8247,#8248,#8249),
  .UNSPECIFIED.,.F.,.F.,(4,4),(5.,6.),.PIECEWISE_BEZIER_KNOTS.);
#8246 = CARTESIAN_POINT('',(0.693501115209,-1.226864204881,0.94903223874
    ));
#8247 = CARTESIAN_POINT('',(0.689783980658,-1.223666949288,0.94903223874
    ));
#8248 = CARTESIAN_POINT('',(0.684884121478,-1.222081318465,0.94903223874
    ));
#8249 = CARTESIAN_POINT('',(0.678827531615,-1.222081318465,0.94903223874
    ));
#8250 = PLANE('',#8251);
#8251 = AXIS2_PLACEMENT_3D('',#8252,#8253,#8254);
#8252 = CARTESIAN_POINT('',(0.68967350638,-1.21791253907,0.94903223874)
  );
#8253 = DIRECTION('',(-0.,0.,1.));
#8254 = DIRECTION('',(1.,0.,0.));
#8255 = ADVANCED_FACE('',(#8256),#8272,.F.);
#8256 = FACE_BOUND('',#8257,.T.);
#8257 = EDGE_LOOP('',(#8258,#8259,#8265,#8266));
#8258 = ORIENTED_EDGE('',*,*,#8129,.T.);
#8259 = ORIENTED_EDGE('',*,*,#8260,.F.);
#8260 = EDGE_CURVE('',#8002,#8132,#8261,.T.);
#8261 = LINE('',#8262,#8263);
#8262 = CARTESIAN_POINT('',(0.678567592136,-1.267076842294,0.95003223874
    ));
#8263 = VECTOR('',#8264,1.);
#8264 = DIRECTION('',(-0.,-0.,-1.));
#8265 = ORIENTED_EDGE('',*,*,#7999,.F.);
#8266 = ORIENTED_EDGE('',*,*,#8267,.T.);
#8267 = EDGE_CURVE('',#8000,#8130,#8268,.T.);
#8268 = LINE('',#8269,#8270);
#8269 = CARTESIAN_POINT('',(0.664582848162,-1.267076842294,0.95003223874
    ));
#8270 = VECTOR('',#8271,1.);
#8271 = DIRECTION('',(-0.,-0.,-1.));
#8272 = PLANE('',#8273);
#8273 = AXIS2_PLACEMENT_3D('',#8274,#8275,#8276);
#8274 = CARTESIAN_POINT('',(0.678567592136,-1.267076842294,0.95003223874
    ));
#8275 = DIRECTION('',(0.,1.,-0.));
#8276 = DIRECTION('',(0.,0.,1.));
#8277 = ADVANCED_FACE('',(#8278),#8289,.F.);
#8278 = FACE_BOUND('',#8279,.F.);
#8279 = EDGE_LOOP('',(#8280,#8281,#8282,#8288));
#8280 = ORIENTED_EDGE('',*,*,#8260,.F.);
#8281 = ORIENTED_EDGE('',*,*,#8009,.T.);
#8282 = ORIENTED_EDGE('',*,*,#8283,.T.);
#8283 = EDGE_CURVE('',#8010,#8174,#8284,.T.);
#8284 = LINE('',#8285,#8286);
#8285 = CARTESIAN_POINT('',(0.698309995572,-1.259954500567,0.95003223874
    ));
#8286 = VECTOR('',#8287,1.);
#8287 = DIRECTION('',(-0.,-0.,-1.));
#8288 = ORIENTED_EDGE('',*,*,#8182,.F.);
#8289 = B_SPLINE_SURFACE_WITH_KNOTS('',3,1,(
    (#8290,#8291)
    ,(#8292,#8293)
    ,(#8294,#8295)
    ,(#8296,#8297
    )),.UNSPECIFIED.,.F.,.F.,.F.,(4,4),(2,2),(5.,6.),(0.,1.),
  .PIECEWISE_BEZIER_KNOTS.);
#8290 = CARTESIAN_POINT('',(0.678567592136,-1.267076842294,0.95003223874
    ));
#8291 = CARTESIAN_POINT('',(0.678567592136,-1.267076842294,0.94903223874
    ));
#8292 = CARTESIAN_POINT('',(0.686612719014,-1.267076842294,0.95003223874
    ));
#8293 = CARTESIAN_POINT('',(0.686612719014,-1.267076842294,0.94903223874
    ));
#8294 = CARTESIAN_POINT('',(0.693202184808,-1.264711393034,0.95003223874
    ));
#8295 = CARTESIAN_POINT('',(0.693202184808,-1.264711393034,0.94903223874
    ));
#8296 = CARTESIAN_POINT('',(0.698309995572,-1.259954500567,0.95003223874
    ));
#8297 = CARTESIAN_POINT('',(0.698309995572,-1.259954500567,0.94903223874
    ));
#8298 = ADVANCED_FACE('',(#8299),#8310,.F.);
#8299 = FACE_BOUND('',#8300,.F.);
#8300 = EDGE_LOOP('',(#8301,#8302,#8303,#8309));
#8301 = ORIENTED_EDGE('',*,*,#8283,.F.);
#8302 = ORIENTED_EDGE('',*,*,#8018,.T.);
#8303 = ORIENTED_EDGE('',*,*,#8304,.T.);
#8304 = EDGE_CURVE('',#8019,#8165,#8305,.T.);
#8305 = LINE('',#8306,#8307);
#8306 = CARTESIAN_POINT('',(0.705978210205,-1.241004912542,0.95003223874
    ));
#8307 = VECTOR('',#8308,1.);
#8308 = DIRECTION('',(-0.,-0.,-1.));
#8309 = ORIENTED_EDGE('',*,*,#8173,.F.);
#8310 = B_SPLINE_SURFACE_WITH_KNOTS('',3,1,(
    (#8311,#8312)
    ,(#8313,#8314)
    ,(#8315,#8316)
    ,(#8317,#8318
    )),.UNSPECIFIED.,.F.,.F.,.F.,(4,4),(2,2),(4.,5.),(0.,1.),
  .PIECEWISE_BEZIER_KNOTS.);
#8311 = CARTESIAN_POINT('',(0.698309995572,-1.259954500567,0.95003223874
    ));
#8312 = CARTESIAN_POINT('',(0.698309995572,-1.259954500567,0.94903223874
    ));
#8313 = CARTESIAN_POINT('',(0.703417806336,-1.2551976081,0.95003223874)
  );
#8314 = CARTESIAN_POINT('',(0.703417806336,-1.2551976081,0.94903223874)
  );
#8315 = CARTESIAN_POINT('',(0.705978210205,-1.248881078758,0.95003223874
    ));
#8316 = CARTESIAN_POINT('',(0.705978210205,-1.248881078758,0.94903223874
    ));
#8317 = CARTESIAN_POINT('',(0.705978210205,-1.241004912542,0.95003223874
    ));
#8318 = CARTESIAN_POINT('',(0.705978210205,-1.241004912542,0.94903223874
    ));
#8319 = ADVANCED_FACE('',(#8320),#8331,.F.);
#8320 = FACE_BOUND('',#8321,.F.);
#8321 = EDGE_LOOP('',(#8322,#8323,#8324,#8330));
#8322 = ORIENTED_EDGE('',*,*,#8304,.F.);
#8323 = ORIENTED_EDGE('',*,*,#8027,.T.);
#8324 = ORIENTED_EDGE('',*,*,#8325,.T.);
#8325 = EDGE_CURVE('',#8028,#8156,#8326,.T.);
#8326 = LINE('',#8327,#8328);
#8327 = CARTESIAN_POINT('',(0.698309995572,-1.222965112694,0.95003223874
    ));
#8328 = VECTOR('',#8329,1.);
#8329 = DIRECTION('',(-0.,-0.,-1.));
#8330 = ORIENTED_EDGE('',*,*,#8164,.F.);
#8331 = B_SPLINE_SURFACE_WITH_KNOTS('',3,1,(
    (#8332,#8333)
    ,(#8334,#8335)
    ,(#8336,#8337)
    ,(#8338,#8339
    )),.UNSPECIFIED.,.F.,.F.,.F.,(4,4),(2,2),(3.,4.),(0.,1.),
  .PIECEWISE_BEZIER_KNOTS.);
#8332 = CARTESIAN_POINT('',(0.705978210205,-1.241004912542,0.95003223874
    ));
#8333 = CARTESIAN_POINT('',(0.705978210205,-1.241004912542,0.94903223874
    ));
#8334 = CARTESIAN_POINT('',(0.705978210205,-1.233466667649,0.95003223874
    ));
#8335 = CARTESIAN_POINT('',(0.705978210205,-1.233466667649,0.94903223874
    ));
#8336 = CARTESIAN_POINT('',(0.703417806336,-1.227462065682,0.95003223874
    ));
#8337 = CARTESIAN_POINT('',(0.703417806336,-1.227462065682,0.94903223874
    ));
#8338 = CARTESIAN_POINT('',(0.698309995572,-1.222965112694,0.95003223874
    ));
#8339 = CARTESIAN_POINT('',(0.698309995572,-1.222965112694,0.94903223874
    ));
#8340 = ADVANCED_FACE('',(#8341),#8352,.F.);
#8341 = FACE_BOUND('',#8342,.F.);
#8342 = EDGE_LOOP('',(#8343,#8344,#8345,#8351));
#8343 = ORIENTED_EDGE('',*,*,#8325,.F.);
#8344 = ORIENTED_EDGE('',*,*,#8036,.T.);
#8345 = ORIENTED_EDGE('',*,*,#8346,.T.);
#8346 = EDGE_CURVE('',#8037,#8148,#8347,.T.);
#8347 = LINE('',#8348,#8349);
#8348 = CARTESIAN_POINT('',(0.679087471094,-1.216232680186,0.95003223874
    ));
#8349 = VECTOR('',#8350,1.);
#8350 = DIRECTION('',(-0.,-0.,-1.));
#8351 = ORIENTED_EDGE('',*,*,#8155,.F.);
#8352 = B_SPLINE_SURFACE_WITH_KNOTS('',3,1,(
    (#8353,#8354)
    ,(#8355,#8356)
    ,(#8357,#8358)
    ,(#8359,#8360
    )),.UNSPECIFIED.,.F.,.F.,.F.,(4,4),(2,2),(2.,3.),(0.,1.),
  .PIECEWISE_BEZIER_KNOTS.);
#8353 = CARTESIAN_POINT('',(0.698309995572,-1.222965112694,0.95003223874
    ));
#8354 = CARTESIAN_POINT('',(0.698309995572,-1.222965112694,0.94903223874
    ));
#8355 = CARTESIAN_POINT('',(0.693202184808,-1.218468159706,0.95003223874
    ));
#8356 = CARTESIAN_POINT('',(0.693202184808,-1.218468159706,0.94903223874
    ));
#8357 = CARTESIAN_POINT('',(0.686794676649,-1.216232680186,0.95003223874
    ));
#8358 = CARTESIAN_POINT('',(0.686794676649,-1.216232680186,0.94903223874
    ));
#8359 = CARTESIAN_POINT('',(0.679087471094,-1.216232680186,0.95003223874
    ));
#8360 = CARTESIAN_POINT('',(0.679087471094,-1.216232680186,0.94903223874
    ));
#8361 = ADVANCED_FACE('',(#8362),#8373,.F.);
#8362 = FACE_BOUND('',#8363,.T.);
#8363 = EDGE_LOOP('',(#8364,#8365,#8371,#8372));
#8364 = ORIENTED_EDGE('',*,*,#8147,.T.);
#8365 = ORIENTED_EDGE('',*,*,#8366,.F.);
#8366 = EDGE_CURVE('',#8046,#8140,#8367,.T.);
#8367 = LINE('',#8368,#8369);
#8368 = CARTESIAN_POINT('',(0.664582848162,-1.216232680186,0.95003223874
    ));
#8369 = VECTOR('',#8370,1.);
#8370 = DIRECTION('',(-0.,-0.,-1.));
#8371 = ORIENTED_EDGE('',*,*,#8045,.F.);
#8372 = ORIENTED_EDGE('',*,*,#8346,.T.);
#8373 = PLANE('',#8374);
#8374 = AXIS2_PLACEMENT_3D('',#8375,#8376,#8377);
#8375 = CARTESIAN_POINT('',(0.664582848162,-1.216232680186,0.95003223874
    ));
#8376 = DIRECTION('',(0.,-1.,0.));
#8377 = DIRECTION('',(0.,-0.,-1.));
#8378 = ADVANCED_FACE('',(#8379),#8385,.F.);
#8379 = FACE_BOUND('',#8380,.T.);
#8380 = EDGE_LOOP('',(#8381,#8382,#8383,#8384));
#8381 = ORIENTED_EDGE('',*,*,#8139,.T.);
#8382 = ORIENTED_EDGE('',*,*,#8267,.F.);
#8383 = ORIENTED_EDGE('',*,*,#8053,.F.);
#8384 = ORIENTED_EDGE('',*,*,#8366,.T.);
#8385 = PLANE('',#8386);
#8386 = AXIS2_PLACEMENT_3D('',#8387,#8388,#8389);
#8387 = CARTESIAN_POINT('',(0.664582848162,-1.267076842294,0.95003223874
    ));
#8388 = DIRECTION('',(1.,0.,0.));
#8389 = DIRECTION('',(0.,0.,-1.));
#8390 = ADVANCED_FACE('',(#8391),#8407,.T.);
#8391 = FACE_BOUND('',#8392,.T.);
#8392 = EDGE_LOOP('',(#8393,#8394,#8400,#8401));
#8393 = ORIENTED_EDGE('',*,*,#8191,.F.);
#8394 = ORIENTED_EDGE('',*,*,#8395,.F.);
#8395 = EDGE_CURVE('',#8072,#8192,#8396,.T.);
#8396 = LINE('',#8397,#8398);
#8397 = CARTESIAN_POINT('',(0.678827531615,-1.222081318465,0.95003223874
    ));
#8398 = VECTOR('',#8399,1.);
#8399 = DIRECTION('',(-0.,-0.,-1.));
#8400 = ORIENTED_EDGE('',*,*,#8071,.T.);
#8401 = ORIENTED_EDGE('',*,*,#8402,.T.);
#8402 = EDGE_CURVE('',#8062,#8194,#8403,.T.);
#8403 = LINE('',#8404,#8405);
#8404 = CARTESIAN_POINT('',(0.671146320009,-1.222081318465,0.95003223874
    ));
#8405 = VECTOR('',#8406,1.);
#8406 = DIRECTION('',(-0.,-0.,-1.));
#8407 = PLANE('',#8408);
#8408 = AXIS2_PLACEMENT_3D('',#8409,#8410,#8411);
#8409 = CARTESIAN_POINT('',(0.678827531615,-1.222081318465,0.95003223874
    ));
#8410 = DIRECTION('',(0.,-1.,0.));
#8411 = DIRECTION('',(0.,-0.,-1.));
#8412 = ADVANCED_FACE('',(#8413),#8424,.T.);
#8413 = FACE_BOUND('',#8414,.T.);
#8414 = EDGE_LOOP('',(#8415,#8416,#8417,#8418));
#8415 = ORIENTED_EDGE('',*,*,#8201,.F.);
#8416 = ORIENTED_EDGE('',*,*,#8402,.F.);
#8417 = ORIENTED_EDGE('',*,*,#8061,.T.);
#8418 = ORIENTED_EDGE('',*,*,#8419,.T.);
#8419 = EDGE_CURVE('',#8064,#8202,#8420,.T.);
#8420 = LINE('',#8421,#8422);
#8421 = CARTESIAN_POINT('',(0.671146320009,-1.261280191911,0.95003223874
    ));
#8422 = VECTOR('',#8423,1.);
#8423 = DIRECTION('',(-0.,-0.,-1.));
#8424 = PLANE('',#8425);
#8425 = AXIS2_PLACEMENT_3D('',#8426,#8427,#8428);
#8426 = CARTESIAN_POINT('',(0.671146320009,-1.222081318465,0.95003223874
    ));
#8427 = DIRECTION('',(1.,0.,-0.));
#8428 = DIRECTION('',(-0.,0.,-1.));
#8429 = ADVANCED_FACE('',(#8430),#8441,.T.);
#8430 = FACE_BOUND('',#8431,.T.);
#8431 = EDGE_LOOP('',(#8432,#8433,#8434,#8435));
#8432 = ORIENTED_EDGE('',*,*,#8209,.F.);
#8433 = ORIENTED_EDGE('',*,*,#8419,.F.);
#8434 = ORIENTED_EDGE('',*,*,#8115,.T.);
#8435 = ORIENTED_EDGE('',*,*,#8436,.T.);
#8436 = EDGE_CURVE('',#8107,#8210,#8437,.T.);
#8437 = LINE('',#8438,#8439);
#8438 = CARTESIAN_POINT('',(0.678528601214,-1.261280191911,0.95003223874
    ));
#8439 = VECTOR('',#8440,1.);
#8440 = DIRECTION('',(-0.,-0.,-1.));
#8441 = PLANE('',#8442);
#8442 = AXIS2_PLACEMENT_3D('',#8443,#8444,#8445);
#8443 = CARTESIAN_POINT('',(0.671146320009,-1.261280191911,0.95003223874
    ));
#8444 = DIRECTION('',(0.,1.,0.));
#8445 = DIRECTION('',(0.,-0.,1.));
#8446 = ADVANCED_FACE('',(#8447),#8458,.T.);
#8447 = FACE_BOUND('',#8448,.T.);
#8448 = EDGE_LOOP('',(#8449,#8450,#8451,#8452));
#8449 = ORIENTED_EDGE('',*,*,#8217,.F.);
#8450 = ORIENTED_EDGE('',*,*,#8436,.F.);
#8451 = ORIENTED_EDGE('',*,*,#8106,.T.);
#8452 = ORIENTED_EDGE('',*,*,#8453,.T.);
#8453 = EDGE_CURVE('',#8098,#8218,#8454,.T.);
#8454 = LINE('',#8455,#8456);
#8455 = CARTESIAN_POINT('',(0.693644081923,-1.255977426537,0.95003223874
    ));
#8456 = VECTOR('',#8457,1.);
#8457 = DIRECTION('',(-0.,-0.,-1.));
#8458 = B_SPLINE_SURFACE_WITH_KNOTS('',3,1,(
    (#8459,#8460)
    ,(#8461,#8462)
    ,(#8463,#8464)
    ,(#8465,#8466
    )),.UNSPECIFIED.,.F.,.F.,.F.,(4,4),(2,2),(2.,3.),(0.,1.),
  .PIECEWISE_BEZIER_KNOTS.);
#8459 = CARTESIAN_POINT('',(0.678528601214,-1.261280191911,0.95003223874
    ));
#8460 = CARTESIAN_POINT('',(0.678528601214,-1.261280191911,0.94903223874
    ));
#8461 = CARTESIAN_POINT('',(0.684988097269,-1.261280191911,0.95003223874
    ));
#8462 = CARTESIAN_POINT('',(0.684988097269,-1.261280191911,0.94903223874
    ));
#8463 = CARTESIAN_POINT('',(0.690030923164,-1.259512603453,0.95003223874
    ));
#8464 = CARTESIAN_POINT('',(0.690030923164,-1.259512603453,0.94903223874
    ));
#8465 = CARTESIAN_POINT('',(0.693644081923,-1.255977426537,0.95003223874
    ));
#8466 = CARTESIAN_POINT('',(0.693644081923,-1.255977426537,0.94903223874
    ));
#8467 = ADVANCED_FACE('',(#8468),#8479,.T.);
#8468 = FACE_BOUND('',#8469,.T.);
#8469 = EDGE_LOOP('',(#8470,#8471,#8472,#8473));
#8470 = ORIENTED_EDGE('',*,*,#8226,.F.);
#8471 = ORIENTED_EDGE('',*,*,#8453,.F.);
#8472 = ORIENTED_EDGE('',*,*,#8097,.T.);
#8473 = ORIENTED_EDGE('',*,*,#8474,.T.);
#8474 = EDGE_CURVE('',#8089,#8227,#8475,.T.);
#8475 = LINE('',#8476,#8477);
#8476 = CARTESIAN_POINT('',(0.699076817036,-1.241186870178,0.95003223874
    ));
#8477 = VECTOR('',#8478,1.);
#8478 = DIRECTION('',(-0.,-0.,-1.));
#8479 = B_SPLINE_SURFACE_WITH_KNOTS('',3,1,(
    (#8480,#8481)
    ,(#8482,#8483)
    ,(#8484,#8485)
    ,(#8486,#8487
    )),.UNSPECIFIED.,.F.,.F.,.F.,(4,4),(2,2),(3.,4.),(0.,1.),
  .PIECEWISE_BEZIER_KNOTS.);
#8480 = CARTESIAN_POINT('',(0.693644081923,-1.255977426537,0.95003223874
    ));
#8481 = CARTESIAN_POINT('',(0.693644081923,-1.255977426537,0.94903223874
    ));
#8482 = CARTESIAN_POINT('',(0.697270237656,-1.25246824357,0.95003223874)
  );
#8483 = CARTESIAN_POINT('',(0.697270237656,-1.25246824357,0.94903223874)
  );
#8484 = CARTESIAN_POINT('',(0.699076817036,-1.247529393467,0.95003223874
    ));
#8485 = CARTESIAN_POINT('',(0.699076817036,-1.247529393467,0.94903223874
    ));
#8486 = CARTESIAN_POINT('',(0.699076817036,-1.241186870178,0.95003223874
    ));
#8487 = CARTESIAN_POINT('',(0.699076817036,-1.241186870178,0.94903223874
    ));
#8488 = ADVANCED_FACE('',(#8489),#8500,.T.);
#8489 = FACE_BOUND('',#8490,.T.);
#8490 = EDGE_LOOP('',(#8491,#8492,#8493,#8494));
#8491 = ORIENTED_EDGE('',*,*,#8235,.F.);
#8492 = ORIENTED_EDGE('',*,*,#8474,.F.);
#8493 = ORIENTED_EDGE('',*,*,#8088,.T.);
#8494 = ORIENTED_EDGE('',*,*,#8495,.T.);
#8495 = EDGE_CURVE('',#8080,#8236,#8496,.T.);
#8496 = LINE('',#8497,#8498);
#8497 = CARTESIAN_POINT('',(0.693501115209,-1.226864204881,0.95003223874
    ));
#8498 = VECTOR('',#8499,1.);
#8499 = DIRECTION('',(-0.,-0.,-1.));
#8500 = B_SPLINE_SURFACE_WITH_KNOTS('',3,1,(
    (#8501,#8502)
    ,(#8503,#8504)
    ,(#8505,#8506)
    ,(#8507,#8508
    )),.UNSPECIFIED.,.F.,.F.,.F.,(4,4),(2,2),(4.,5.),(0.,1.),
  .PIECEWISE_BEZIER_KNOTS.);
#8501 = CARTESIAN_POINT('',(0.699076817036,-1.241186870178,0.95003223874
    ));
#8502 = CARTESIAN_POINT('',(0.699076817036,-1.241186870178,0.94903223874
    ));
#8503 = CARTESIAN_POINT('',(0.699076817036,-1.234844346888,0.95003223874
    ));
#8504 = CARTESIAN_POINT('',(0.699076817036,-1.234844346888,0.94903223874
    ));
#8505 = CARTESIAN_POINT('',(0.69721824976,-1.230061460473,0.95003223874)
  );
#8506 = CARTESIAN_POINT('',(0.69721824976,-1.230061460473,0.94903223874)
  );
#8507 = CARTESIAN_POINT('',(0.693501115209,-1.226864204881,0.95003223874
    ));
#8508 = CARTESIAN_POINT('',(0.693501115209,-1.226864204881,0.94903223874
    ));
#8509 = ADVANCED_FACE('',(#8510),#8516,.T.);
#8510 = FACE_BOUND('',#8511,.T.);
#8511 = EDGE_LOOP('',(#8512,#8513,#8514,#8515));
#8512 = ORIENTED_EDGE('',*,*,#8244,.F.);
#8513 = ORIENTED_EDGE('',*,*,#8495,.F.);
#8514 = ORIENTED_EDGE('',*,*,#8079,.T.);
#8515 = ORIENTED_EDGE('',*,*,#8395,.T.);
#8516 = B_SPLINE_SURFACE_WITH_KNOTS('',3,1,(
    (#8517,#8518)
    ,(#8519,#8520)
    ,(#8521,#8522)
    ,(#8523,#8524
    )),.UNSPECIFIED.,.F.,.F.,.F.,(4,4),(2,2),(5.,6.),(0.,1.),
  .PIECEWISE_BEZIER_KNOTS.);
#8517 = CARTESIAN_POINT('',(0.693501115209,-1.226864204881,0.95003223874
    ));
#8518 = CARTESIAN_POINT('',(0.693501115209,-1.226864204881,0.94903223874
    ));
#8519 = CARTESIAN_POINT('',(0.689783980658,-1.223666949288,0.95003223874
    ));
#8520 = CARTESIAN_POINT('',(0.689783980658,-1.223666949288,0.94903223874
    ));
#8521 = CARTESIAN_POINT('',(0.684884121478,-1.222081318465,0.95003223874
    ));
#8522 = CARTESIAN_POINT('',(0.684884121478,-1.222081318465,0.94903223874
    ));
#8523 = CARTESIAN_POINT('',(0.678827531615,-1.222081318465,0.95003223874
    ));
#8524 = CARTESIAN_POINT('',(0.678827531615,-1.222081318465,0.94903223874
    ));
#8525 = MANIFOLD_SOLID_BREP('',#8526);
#8526 = CLOSED_SHELL('',(#8527,#8651,#8775,#8797,#8814,#8831,#8848,#8865
    ,#8882,#8899,#8911,#8933,#8950,#8971,#8988,#9009));
#8527 = ADVANCED_FACE('',(#8528,#8594),#8646,.F.);
#8528 = FACE_BOUND('',#8529,.T.);
#8529 = EDGE_LOOP('',(#8530,#8540,#8548,#8556,#8564,#8572,#8580,#8588));
#8530 = ORIENTED_EDGE('',*,*,#8531,.T.);
#8531 = EDGE_CURVE('',#8532,#8534,#8536,.T.);
#8532 = VERTEX_POINT('',#8533);
#8533 = CARTESIAN_POINT('',(0.754547901871,-1.267076842294,0.95003223874
    ));
#8534 = VERTEX_POINT('',#8535);
#8535 = CARTESIAN_POINT('',(0.73518241068,-1.216232680186,0.95003223874)
  );
#8536 = LINE('',#8537,#8538);
#8537 = CARTESIAN_POINT('',(0.73518241068,-1.216232680186,0.95003223874)
  );
#8538 = VECTOR('',#8539,1.);
#8539 = DIRECTION('',(-0.35593572437,0.934510438742,-0.));
#8540 = ORIENTED_EDGE('',*,*,#8541,.T.);
#8541 = EDGE_CURVE('',#8534,#8542,#8544,.T.);
#8542 = VERTEX_POINT('',#8543);
#8543 = CARTESIAN_POINT('',(0.728164044744,-1.216232680186,0.95003223874
    ));
#8544 = LINE('',#8545,#8546);
#8545 = CARTESIAN_POINT('',(0.728164044744,-1.216232680186,0.95003223874
    ));
#8546 = VECTOR('',#8547,1.);
#8547 = DIRECTION('',(-1.,-0.,-0.));
#8548 = ORIENTED_EDGE('',*,*,#8549,.T.);
#8549 = EDGE_CURVE('',#8542,#8550,#8552,.T.);
#8550 = VERTEX_POINT('',#8551);
#8551 = CARTESIAN_POINT('',(0.708798553553,-1.267076842294,0.95003223874
    ));
#8552 = LINE('',#8553,#8554);
#8553 = CARTESIAN_POINT('',(0.708798553553,-1.267076842294,0.95003223874
    ));
#8554 = VECTOR('',#8555,1.);
#8555 = DIRECTION('',(-0.355935724364,-0.934510438744,-0.));
#8556 = ORIENTED_EDGE('',*,*,#8557,.T.);
#8557 = EDGE_CURVE('',#8550,#8558,#8560,.T.);
#8558 = VERTEX_POINT('',#8559);
#8559 = CARTESIAN_POINT('',(0.716050865019,-1.267076842294,0.95003223874
    ));
#8560 = LINE('',#8561,#8562);
#8561 = CARTESIAN_POINT('',(0.716050865019,-1.267076842294,0.95003223874
    ));
#8562 = VECTOR('',#8563,1.);
#8563 = DIRECTION('',(1.,-0.,-0.));
#8564 = ORIENTED_EDGE('',*,*,#8565,.T.);
#8565 = EDGE_CURVE('',#8558,#8566,#8568,.T.);
#8566 = VERTEX_POINT('',#8567);
#8567 = CARTESIAN_POINT('',(0.720937727226,-1.253170080163,0.95003223874
    ));
#8568 = LINE('',#8569,#8570);
#8569 = CARTESIAN_POINT('',(0.720937727226,-1.253170080163,0.95003223874
    ));
#8570 = VECTOR('',#8571,1.);
#8571 = DIRECTION('',(0.33152841835,0.943445233082,-0.));
#8572 = ORIENTED_EDGE('',*,*,#8573,.T.);
#8573 = EDGE_CURVE('',#8566,#8574,#8576,.T.);
#8574 = VERTEX_POINT('',#8575);
#8575 = CARTESIAN_POINT('',(0.742109797797,-1.253170080163,0.95003223874
    ));
#8576 = LINE('',#8577,#8578);
#8577 = CARTESIAN_POINT('',(0.742109797797,-1.253170080163,0.95003223874
    ));
#8578 = VECTOR('',#8579,1.);
#8579 = DIRECTION('',(1.,-0.,-0.));
#8580 = ORIENTED_EDGE('',*,*,#8581,.T.);
#8581 = EDGE_CURVE('',#8574,#8582,#8584,.T.);
#8582 = VERTEX_POINT('',#8583);
#8583 = CARTESIAN_POINT('',(0.747295590405,-1.267076842294,0.95003223874
    ));
#8584 = LINE('',#8585,#8586);
#8585 = CARTESIAN_POINT('',(0.747295590405,-1.267076842294,0.95003223874
    ));
#8586 = VECTOR('',#8587,1.);
#8587 = DIRECTION('',(0.349395479469,-0.936975345954,-0.));
#8588 = ORIENTED_EDGE('',*,*,#8589,.T.);
#8589 = EDGE_CURVE('',#8582,#8532,#8590,.T.);
#8590 = LINE('',#8591,#8592);
#8591 = CARTESIAN_POINT('',(0.754547901871,-1.267076842294,0.95003223874
    ));
#8592 = VECTOR('',#8593,1.);
#8593 = DIRECTION('',(1.,-0.,-0.));
#8594 = FACE_BOUND('',#8595,.T.);
#8595 = EDGE_LOOP('',(#8596,#8606,#8614,#8623,#8631,#8640));
#8596 = ORIENTED_EDGE('',*,*,#8597,.F.);
#8597 = EDGE_CURVE('',#8598,#8600,#8602,.T.);
#8598 = VERTEX_POINT('',#8599);
#8599 = CARTESIAN_POINT('',(0.723017243059,-1.247425417675,0.95003223874
    ));
#8600 = VERTEX_POINT('',#8601);
#8601 = CARTESIAN_POINT('',(0.74008226986,-1.247425417675,0.95003223874)
  );
#8602 = LINE('',#8603,#8604);
#8603 = CARTESIAN_POINT('',(0.723017243059,-1.247425417675,0.95003223874
    ));
#8604 = VECTOR('',#8605,1.);
#8605 = DIRECTION('',(1.,0.,0.));
#8606 = ORIENTED_EDGE('',*,*,#8607,.F.);
#8607 = EDGE_CURVE('',#8608,#8598,#8610,.T.);
#8608 = VERTEX_POINT('',#8609);
#8609 = CARTESIAN_POINT('',(0.730620472822,-1.226292338027,0.95003223874
    ));
#8610 = LINE('',#8611,#8612);
#8611 = CARTESIAN_POINT('',(0.730620472822,-1.226292338027,0.95003223874
    ));
#8612 = VECTOR('',#8613,1.);
#8613 = DIRECTION('',(-0.338535034314,-0.940953787676,0.));
#8614 = ORIENTED_EDGE('',*,*,#8615,.F.);
#8615 = EDGE_CURVE('',#8616,#8608,#8618,.T.);
#8616 = VERTEX_POINT('',#8617);
#8617 = CARTESIAN_POINT('',(0.731452279155,-1.222731167163,0.95003223874
    ));
#8618 = B_SPLINE_CURVE_WITH_KNOTS('',3,(#8619,#8620,#8621,#8622),
  .UNSPECIFIED.,.F.,.F.,(4,4),(3.,4.),.PIECEWISE_BEZIER_KNOTS.);
#8619 = CARTESIAN_POINT('',(0.731452279155,-1.222731167163,0.95003223874
    ));
#8620 = CARTESIAN_POINT('',(0.73120533665,-1.22426481009,0.95003223874)
  );
#8621 = CARTESIAN_POINT('',(0.730932400197,-1.225460531693,0.95003223874
    ));
#8622 = CARTESIAN_POINT('',(0.730620472822,-1.226292338027,0.95003223874
    ));
#8623 = ORIENTED_EDGE('',*,*,#8624,.F.);
#8624 = EDGE_CURVE('',#8625,#8616,#8627,.T.);
#8625 = VERTEX_POINT('',#8626);
#8626 = CARTESIAN_POINT('',(0.731608242842,-1.222731167163,0.95003223874
    ));
#8627 = LINE('',#8628,#8629);
#8628 = CARTESIAN_POINT('',(0.731608242842,-1.222731167163,0.95003223874
    ));
#8629 = VECTOR('',#8630,1.);
#8630 = DIRECTION('',(-1.,0.,0.));
#8631 = ORIENTED_EDGE('',*,*,#8632,.F.);
#8632 = EDGE_CURVE('',#8633,#8625,#8635,.T.);
#8633 = VERTEX_POINT('',#8634);
#8634 = CARTESIAN_POINT('',(0.732401058253,-1.226292338027,0.95003223874
    ));
#8635 = B_SPLINE_CURVE_WITH_KNOTS('',3,(#8636,#8637,#8638,#8639),
  .UNSPECIFIED.,.F.,.F.,(4,4),(1.,2.),.PIECEWISE_BEZIER_KNOTS.);
#8636 = CARTESIAN_POINT('',(0.732401058253,-1.226292338027,0.95003223874
    ));
#8637 = CARTESIAN_POINT('',(0.732154115748,-1.225590501433,0.95003223874
    ));
#8638 = CARTESIAN_POINT('',(0.731894176269,-1.224420773777,0.95003223874
    ));
#8639 = CARTESIAN_POINT('',(0.731608242842,-1.222731167163,0.95003223874
    ));
#8640 = ORIENTED_EDGE('',*,*,#8641,.F.);
#8641 = EDGE_CURVE('',#8600,#8633,#8642,.T.);
#8642 = LINE('',#8643,#8644);
#8643 = CARTESIAN_POINT('',(0.74008226986,-1.247425417675,0.95003223874)
  );
#8644 = VECTOR('',#8645,1.);
#8645 = DIRECTION('',(-0.341603830682,0.939844041777,0.));
#8646 = PLANE('',#8647);
#8647 = AXIS2_PLACEMENT_3D('',#8648,#8649,#8650);
#8648 = CARTESIAN_POINT('',(-8.203535724743E-04,2.233050450947E-03,
    0.95003223874));
#8649 = DIRECTION('',(-0.,0.,-1.));
#8650 = DIRECTION('',(-1.,0.,0.));
#8651 = ADVANCED_FACE('',(#8652,#8718),#8770,.T.);
#8652 = FACE_BOUND('',#8653,.T.);
#8653 = EDGE_LOOP('',(#8654,#8664,#8672,#8680,#8688,#8696,#8704,#8712));
#8654 = ORIENTED_EDGE('',*,*,#8655,.F.);
#8655 = EDGE_CURVE('',#8656,#8658,#8660,.T.);
#8656 = VERTEX_POINT('',#8657);
#8657 = CARTESIAN_POINT('',(0.754547901871,-1.267076842294,0.94903223874
    ));
#8658 = VERTEX_POINT('',#8659);
#8659 = CARTESIAN_POINT('',(0.73518241068,-1.216232680186,0.94903223874)
  );
#8660 = LINE('',#8661,#8662);
#8661 = CARTESIAN_POINT('',(0.73518241068,-1.216232680186,0.94903223874)
  );
#8662 = VECTOR('',#8663,1.);
#8663 = DIRECTION('',(-0.35593572437,0.934510438742,-0.));
#8664 = ORIENTED_EDGE('',*,*,#8665,.F.);
#8665 = EDGE_CURVE('',#8666,#8656,#8668,.T.);
#8666 = VERTEX_POINT('',#8667);
#8667 = CARTESIAN_POINT('',(0.747295590405,-1.267076842294,0.94903223874
    ));
#8668 = LINE('',#8669,#8670);
#8669 = CARTESIAN_POINT('',(0.754547901871,-1.267076842294,0.94903223874
    ));
#8670 = VECTOR('',#8671,1.);
#8671 = DIRECTION('',(1.,-0.,-0.));
#8672 = ORIENTED_EDGE('',*,*,#8673,.F.);
#8673 = EDGE_CURVE('',#8674,#8666,#8676,.T.);
#8674 = VERTEX_POINT('',#8675);
#8675 = CARTESIAN_POINT('',(0.742109797797,-1.253170080163,0.94903223874
    ));
#8676 = LINE('',#8677,#8678);
#8677 = CARTESIAN_POINT('',(0.747295590405,-1.267076842294,0.94903223874
    ));
#8678 = VECTOR('',#8679,1.);
#8679 = DIRECTION('',(0.349395479469,-0.936975345954,-0.));
#8680 = ORIENTED_EDGE('',*,*,#8681,.F.);
#8681 = EDGE_CURVE('',#8682,#8674,#8684,.T.);
#8682 = VERTEX_POINT('',#8683);
#8683 = CARTESIAN_POINT('',(0.720937727226,-1.253170080163,0.94903223874
    ));
#8684 = LINE('',#8685,#8686);
#8685 = CARTESIAN_POINT('',(0.742109797797,-1.253170080163,0.94903223874
    ));
#8686 = VECTOR('',#8687,1.);
#8687 = DIRECTION('',(1.,-0.,-0.));
#8688 = ORIENTED_EDGE('',*,*,#8689,.F.);
#8689 = EDGE_CURVE('',#8690,#8682,#8692,.T.);
#8690 = VERTEX_POINT('',#8691);
#8691 = CARTESIAN_POINT('',(0.716050865019,-1.267076842294,0.94903223874
    ));
#8692 = LINE('',#8693,#8694);
#8693 = CARTESIAN_POINT('',(0.720937727226,-1.253170080163,0.94903223874
    ));
#8694 = VECTOR('',#8695,1.);
#8695 = DIRECTION('',(0.33152841835,0.943445233082,-0.));
#8696 = ORIENTED_EDGE('',*,*,#8697,.F.);
#8697 = EDGE_CURVE('',#8698,#8690,#8700,.T.);
#8698 = VERTEX_POINT('',#8699);
#8699 = CARTESIAN_POINT('',(0.708798553553,-1.267076842294,0.94903223874
    ));
#8700 = LINE('',#8701,#8702);
#8701 = CARTESIAN_POINT('',(0.716050865019,-1.267076842294,0.94903223874
    ));
#8702 = VECTOR('',#8703,1.);
#8703 = DIRECTION('',(1.,-0.,-0.));
#8704 = ORIENTED_EDGE('',*,*,#8705,.F.);
#8705 = EDGE_CURVE('',#8706,#8698,#8708,.T.);
#8706 = VERTEX_POINT('',#8707);
#8707 = CARTESIAN_POINT('',(0.728164044744,-1.216232680186,0.94903223874
    ));
#8708 = LINE('',#8709,#8710);
#8709 = CARTESIAN_POINT('',(0.708798553553,-1.267076842294,0.94903223874
    ));
#8710 = VECTOR('',#8711,1.);
#8711 = DIRECTION('',(-0.355935724364,-0.934510438744,-0.));
#8712 = ORIENTED_EDGE('',*,*,#8713,.F.);
#8713 = EDGE_CURVE('',#8658,#8706,#8714,.T.);
#8714 = LINE('',#8715,#8716);
#8715 = CARTESIAN_POINT('',(0.728164044744,-1.216232680186,0.94903223874
    ));
#8716 = VECTOR('',#8717,1.);
#8717 = DIRECTION('',(-1.,-0.,-0.));
#8718 = FACE_BOUND('',#8719,.T.);
#8719 = EDGE_LOOP('',(#8720,#8730,#8738,#8746,#8755,#8763));
#8720 = ORIENTED_EDGE('',*,*,#8721,.T.);
#8721 = EDGE_CURVE('',#8722,#8724,#8726,.T.);
#8722 = VERTEX_POINT('',#8723);
#8723 = CARTESIAN_POINT('',(0.730620472822,-1.226292338027,0.94903223874
    ));
#8724 = VERTEX_POINT('',#8725);
#8725 = CARTESIAN_POINT('',(0.723017243059,-1.247425417675,0.94903223874
    ));
#8726 = LINE('',#8727,#8728);
#8727 = CARTESIAN_POINT('',(0.730620472822,-1.226292338027,0.94903223874
    ));
#8728 = VECTOR('',#8729,1.);
#8729 = DIRECTION('',(-0.338535034314,-0.940953787676,0.));
#8730 = ORIENTED_EDGE('',*,*,#8731,.T.);
#8731 = EDGE_CURVE('',#8724,#8732,#8734,.T.);
#8732 = VERTEX_POINT('',#8733);
#8733 = CARTESIAN_POINT('',(0.74008226986,-1.247425417675,0.94903223874)
  );
#8734 = LINE('',#8735,#8736);
#8735 = CARTESIAN_POINT('',(0.723017243059,-1.247425417675,0.94903223874
    ));
#8736 = VECTOR('',#8737,1.);
#8737 = DIRECTION('',(1.,0.,0.));
#8738 = ORIENTED_EDGE('',*,*,#8739,.T.);
#8739 = EDGE_CURVE('',#8732,#8740,#8742,.T.);
#8740 = VERTEX_POINT('',#8741);
#8741 = CARTESIAN_POINT('',(0.732401058253,-1.226292338027,0.94903223874
    ));
#8742 = LINE('',#8743,#8744);
#8743 = CARTESIAN_POINT('',(0.74008226986,-1.247425417675,0.94903223874)
  );
#8744 = VECTOR('',#8745,1.);
#8745 = DIRECTION('',(-0.341603830682,0.939844041777,0.));
#8746 = ORIENTED_EDGE('',*,*,#8747,.T.);
#8747 = EDGE_CURVE('',#8740,#8748,#8750,.T.);
#8748 = VERTEX_POINT('',#8749);
#8749 = CARTESIAN_POINT('',(0.731608242842,-1.222731167163,0.94903223874
    ));
#8750 = B_SPLINE_CURVE_WITH_KNOTS('',3,(#8751,#8752,#8753,#8754),
  .UNSPECIFIED.,.F.,.F.,(4,4),(1.,2.),.PIECEWISE_BEZIER_KNOTS.);
#8751 = CARTESIAN_POINT('',(0.732401058253,-1.226292338027,0.94903223874
    ));
#8752 = CARTESIAN_POINT('',(0.732154115748,-1.225590501433,0.94903223874
    ));
#8753 = CARTESIAN_POINT('',(0.731894176269,-1.224420773777,0.94903223874
    ));
#8754 = CARTESIAN_POINT('',(0.731608242842,-1.222731167163,0.94903223874
    ));
#8755 = ORIENTED_EDGE('',*,*,#8756,.T.);
#8756 = EDGE_CURVE('',#8748,#8757,#8759,.T.);
#8757 = VERTEX_POINT('',#8758);
#8758 = CARTESIAN_POINT('',(0.731452279155,-1.222731167163,0.94903223874
    ));
#8759 = LINE('',#8760,#8761);
#8760 = CARTESIAN_POINT('',(0.731608242842,-1.222731167163,0.94903223874
    ));
#8761 = VECTOR('',#8762,1.);
#8762 = DIRECTION('',(-1.,0.,0.));
#8763 = ORIENTED_EDGE('',*,*,#8764,.T.);
#8764 = EDGE_CURVE('',#8757,#8722,#8765,.T.);
#8765 = B_SPLINE_CURVE_WITH_KNOTS('',3,(#8766,#8767,#8768,#8769),
  .UNSPECIFIED.,.F.,.F.,(4,4),(3.,4.),.PIECEWISE_BEZIER_KNOTS.);
#8766 = CARTESIAN_POINT('',(0.731452279155,-1.222731167163,0.94903223874
    ));
#8767 = CARTESIAN_POINT('',(0.73120533665,-1.22426481009,0.94903223874)
  );
#8768 = CARTESIAN_POINT('',(0.730932400197,-1.225460531693,0.94903223874
    ));
#8769 = CARTESIAN_POINT('',(0.730620472822,-1.226292338027,0.94903223874
    ));
#8770 = PLANE('',#8771);
#8771 = AXIS2_PLACEMENT_3D('',#8772,#8773,#8774);
#8772 = CARTESIAN_POINT('',(-8.203535724743E-04,2.233050450947E-03,
    0.94903223874));
#8773 = DIRECTION('',(-0.,0.,-1.));
#8774 = DIRECTION('',(-1.,0.,0.));
#8775 = ADVANCED_FACE('',(#8776),#8792,.F.);
#8776 = FACE_BOUND('',#8777,.T.);
#8777 = EDGE_LOOP('',(#8778,#8779,#8785,#8786));
#8778 = ORIENTED_EDGE('',*,*,#8655,.T.);
#8779 = ORIENTED_EDGE('',*,*,#8780,.F.);
#8780 = EDGE_CURVE('',#8534,#8658,#8781,.T.);
#8781 = LINE('',#8782,#8783);
#8782 = CARTESIAN_POINT('',(0.73518241068,-1.216232680186,0.95003223874)
  );
#8783 = VECTOR('',#8784,1.);
#8784 = DIRECTION('',(-0.,-0.,-1.));
#8785 = ORIENTED_EDGE('',*,*,#8531,.F.);
#8786 = ORIENTED_EDGE('',*,*,#8787,.T.);
#8787 = EDGE_CURVE('',#8532,#8656,#8788,.T.);
#8788 = LINE('',#8789,#8790);
#8789 = CARTESIAN_POINT('',(0.754547901871,-1.267076842294,0.95003223874
    ));
#8790 = VECTOR('',#8791,1.);
#8791 = DIRECTION('',(-0.,-0.,-1.));
#8792 = PLANE('',#8793);
#8793 = AXIS2_PLACEMENT_3D('',#8794,#8795,#8796);
#8794 = CARTESIAN_POINT('',(0.73518241068,-1.216232680186,0.95003223874)
  );
#8795 = DIRECTION('',(-0.934510438742,-0.35593572437,0.));
#8796 = DIRECTION('',(0.35593572437,-0.934510438742,0.));
#8797 = ADVANCED_FACE('',(#8798),#8809,.F.);
#8798 = FACE_BOUND('',#8799,.T.);
#8799 = EDGE_LOOP('',(#8800,#8801,#8807,#8808));
#8800 = ORIENTED_EDGE('',*,*,#8713,.T.);
#8801 = ORIENTED_EDGE('',*,*,#8802,.F.);
#8802 = EDGE_CURVE('',#8542,#8706,#8803,.T.);
#8803 = LINE('',#8804,#8805);
#8804 = CARTESIAN_POINT('',(0.728164044744,-1.216232680186,0.95003223874
    ));
#8805 = VECTOR('',#8806,1.);
#8806 = DIRECTION('',(-0.,-0.,-1.));
#8807 = ORIENTED_EDGE('',*,*,#8541,.F.);
#8808 = ORIENTED_EDGE('',*,*,#8780,.T.);
#8809 = PLANE('',#8810);
#8810 = AXIS2_PLACEMENT_3D('',#8811,#8812,#8813);
#8811 = CARTESIAN_POINT('',(0.728164044744,-1.216232680186,0.95003223874
    ));
#8812 = DIRECTION('',(0.,-1.,0.));
#8813 = DIRECTION('',(0.,-0.,-1.));
#8814 = ADVANCED_FACE('',(#8815),#8826,.F.);
#8815 = FACE_BOUND('',#8816,.T.);
#8816 = EDGE_LOOP('',(#8817,#8818,#8824,#8825));
#8817 = ORIENTED_EDGE('',*,*,#8705,.T.);
#8818 = ORIENTED_EDGE('',*,*,#8819,.F.);
#8819 = EDGE_CURVE('',#8550,#8698,#8820,.T.);
#8820 = LINE('',#8821,#8822);
#8821 = CARTESIAN_POINT('',(0.708798553553,-1.267076842294,0.95003223874
    ));
#8822 = VECTOR('',#8823,1.);
#8823 = DIRECTION('',(-0.,-0.,-1.));
#8824 = ORIENTED_EDGE('',*,*,#8549,.F.);
#8825 = ORIENTED_EDGE('',*,*,#8802,.T.);
#8826 = PLANE('',#8827);
#8827 = AXIS2_PLACEMENT_3D('',#8828,#8829,#8830);
#8828 = CARTESIAN_POINT('',(0.708798553553,-1.267076842294,0.95003223874
    ));
#8829 = DIRECTION('',(0.934510438744,-0.355935724364,0.));
#8830 = DIRECTION('',(0.355935724364,0.934510438744,0.));
#8831 = ADVANCED_FACE('',(#8832),#8843,.F.);
#8832 = FACE_BOUND('',#8833,.T.);
#8833 = EDGE_LOOP('',(#8834,#8835,#8841,#8842));
#8834 = ORIENTED_EDGE('',*,*,#8697,.T.);
#8835 = ORIENTED_EDGE('',*,*,#8836,.F.);
#8836 = EDGE_CURVE('',#8558,#8690,#8837,.T.);
#8837 = LINE('',#8838,#8839);
#8838 = CARTESIAN_POINT('',(0.716050865019,-1.267076842294,0.95003223874
    ));
#8839 = VECTOR('',#8840,1.);
#8840 = DIRECTION('',(-0.,-0.,-1.));
#8841 = ORIENTED_EDGE('',*,*,#8557,.F.);
#8842 = ORIENTED_EDGE('',*,*,#8819,.T.);
#8843 = PLANE('',#8844);
#8844 = AXIS2_PLACEMENT_3D('',#8845,#8846,#8847);
#8845 = CARTESIAN_POINT('',(0.716050865019,-1.267076842294,0.95003223874
    ));
#8846 = DIRECTION('',(0.,1.,-0.));
#8847 = DIRECTION('',(0.,0.,1.));
#8848 = ADVANCED_FACE('',(#8849),#8860,.F.);
#8849 = FACE_BOUND('',#8850,.T.);
#8850 = EDGE_LOOP('',(#8851,#8852,#8858,#8859));
#8851 = ORIENTED_EDGE('',*,*,#8689,.T.);
#8852 = ORIENTED_EDGE('',*,*,#8853,.F.);
#8853 = EDGE_CURVE('',#8566,#8682,#8854,.T.);
#8854 = LINE('',#8855,#8856);
#8855 = CARTESIAN_POINT('',(0.720937727226,-1.253170080163,0.95003223874
    ));
#8856 = VECTOR('',#8857,1.);
#8857 = DIRECTION('',(-0.,-0.,-1.));
#8858 = ORIENTED_EDGE('',*,*,#8565,.F.);
#8859 = ORIENTED_EDGE('',*,*,#8836,.T.);
#8860 = PLANE('',#8861);
#8861 = AXIS2_PLACEMENT_3D('',#8862,#8863,#8864);
#8862 = CARTESIAN_POINT('',(0.720937727226,-1.253170080163,0.95003223874
    ));
#8863 = DIRECTION('',(-0.943445233082,0.33152841835,0.));
#8864 = DIRECTION('',(-0.33152841835,-0.943445233082,0.));
#8865 = ADVANCED_FACE('',(#8866),#8877,.F.);
#8866 = FACE_BOUND('',#8867,.T.);
#8867 = EDGE_LOOP('',(#8868,#8869,#8875,#8876));
#8868 = ORIENTED_EDGE('',*,*,#8681,.T.);
#8869 = ORIENTED_EDGE('',*,*,#8870,.F.);
#8870 = EDGE_CURVE('',#8574,#8674,#8871,.T.);
#8871 = LINE('',#8872,#8873);
#8872 = CARTESIAN_POINT('',(0.742109797797,-1.253170080163,0.95003223874
    ));
#8873 = VECTOR('',#8874,1.);
#8874 = DIRECTION('',(-0.,-0.,-1.));
#8875 = ORIENTED_EDGE('',*,*,#8573,.F.);
#8876 = ORIENTED_EDGE('',*,*,#8853,.T.);
#8877 = PLANE('',#8878);
#8878 = AXIS2_PLACEMENT_3D('',#8879,#8880,#8881);
#8879 = CARTESIAN_POINT('',(0.742109797797,-1.253170080163,0.95003223874
    ));
#8880 = DIRECTION('',(0.,1.,-0.));
#8881 = DIRECTION('',(0.,0.,1.));
#8882 = ADVANCED_FACE('',(#8883),#8894,.F.);
#8883 = FACE_BOUND('',#8884,.T.);
#8884 = EDGE_LOOP('',(#8885,#8886,#8892,#8893));
#8885 = ORIENTED_EDGE('',*,*,#8673,.T.);
#8886 = ORIENTED_EDGE('',*,*,#8887,.F.);
#8887 = EDGE_CURVE('',#8582,#8666,#8888,.T.);
#8888 = LINE('',#8889,#8890);
#8889 = CARTESIAN_POINT('',(0.747295590405,-1.267076842294,0.95003223874
    ));
#8890 = VECTOR('',#8891,1.);
#8891 = DIRECTION('',(-0.,-0.,-1.));
#8892 = ORIENTED_EDGE('',*,*,#8581,.F.);
#8893 = ORIENTED_EDGE('',*,*,#8870,.T.);
#8894 = PLANE('',#8895);
#8895 = AXIS2_PLACEMENT_3D('',#8896,#8897,#8898);
#8896 = CARTESIAN_POINT('',(0.747295590405,-1.267076842294,0.95003223874
    ));
#8897 = DIRECTION('',(0.936975345954,0.349395479469,-0.));
#8898 = DIRECTION('',(-0.349395479469,0.936975345954,0.));
#8899 = ADVANCED_FACE('',(#8900),#8906,.F.);
#8900 = FACE_BOUND('',#8901,.T.);
#8901 = EDGE_LOOP('',(#8902,#8903,#8904,#8905));
#8902 = ORIENTED_EDGE('',*,*,#8665,.T.);
#8903 = ORIENTED_EDGE('',*,*,#8787,.F.);
#8904 = ORIENTED_EDGE('',*,*,#8589,.F.);
#8905 = ORIENTED_EDGE('',*,*,#8887,.T.);
#8906 = PLANE('',#8907);
#8907 = AXIS2_PLACEMENT_3D('',#8908,#8909,#8910);
#8908 = CARTESIAN_POINT('',(0.754547901871,-1.267076842294,0.95003223874
    ));
#8909 = DIRECTION('',(0.,1.,-0.));
#8910 = DIRECTION('',(0.,0.,1.));
#8911 = ADVANCED_FACE('',(#8912),#8928,.T.);
#8912 = FACE_BOUND('',#8913,.T.);
#8913 = EDGE_LOOP('',(#8914,#8915,#8921,#8922));
#8914 = ORIENTED_EDGE('',*,*,#8731,.F.);
#8915 = ORIENTED_EDGE('',*,*,#8916,.F.);
#8916 = EDGE_CURVE('',#8598,#8724,#8917,.T.);
#8917 = LINE('',#8918,#8919);
#8918 = CARTESIAN_POINT('',(0.723017243059,-1.247425417675,0.95003223874
    ));
#8919 = VECTOR('',#8920,1.);
#8920 = DIRECTION('',(-0.,-0.,-1.));
#8921 = ORIENTED_EDGE('',*,*,#8597,.T.);
#8922 = ORIENTED_EDGE('',*,*,#8923,.T.);
#8923 = EDGE_CURVE('',#8600,#8732,#8924,.T.);
#8924 = LINE('',#8925,#8926);
#8925 = CARTESIAN_POINT('',(0.74008226986,-1.247425417675,0.95003223874)
  );
#8926 = VECTOR('',#8927,1.);
#8927 = DIRECTION('',(-0.,-0.,-1.));
#8928 = PLANE('',#8929);
#8929 = AXIS2_PLACEMENT_3D('',#8930,#8931,#8932);
#8930 = CARTESIAN_POINT('',(0.723017243059,-1.247425417675,0.95003223874
    ));
#8931 = DIRECTION('',(0.,1.,0.));
#8932 = DIRECTION('',(0.,-0.,1.));
#8933 = ADVANCED_FACE('',(#8934),#8945,.T.);
#8934 = FACE_BOUND('',#8935,.T.);
#8935 = EDGE_LOOP('',(#8936,#8937,#8938,#8939));
#8936 = ORIENTED_EDGE('',*,*,#8739,.F.);
#8937 = ORIENTED_EDGE('',*,*,#8923,.F.);
#8938 = ORIENTED_EDGE('',*,*,#8641,.T.);
#8939 = ORIENTED_EDGE('',*,*,#8940,.T.);
#8940 = EDGE_CURVE('',#8633,#8740,#8941,.T.);
#8941 = LINE('',#8942,#8943);
#8942 = CARTESIAN_POINT('',(0.732401058253,-1.226292338027,0.95003223874
    ));
#8943 = VECTOR('',#8944,1.);
#8944 = DIRECTION('',(-0.,-0.,-1.));
#8945 = PLANE('',#8946);
#8946 = AXIS2_PLACEMENT_3D('',#8947,#8948,#8949);
#8947 = CARTESIAN_POINT('',(0.74008226986,-1.247425417675,0.95003223874)
  );
#8948 = DIRECTION('',(-0.939844041777,-0.341603830682,0.));
#8949 = DIRECTION('',(0.341603830682,-0.939844041777,0.));
#8950 = ADVANCED_FACE('',(#8951),#8962,.T.);
#8951 = FACE_BOUND('',#8952,.T.);
#8952 = EDGE_LOOP('',(#8953,#8954,#8955,#8956));
#8953 = ORIENTED_EDGE('',*,*,#8747,.F.);
#8954 = ORIENTED_EDGE('',*,*,#8940,.F.);
#8955 = ORIENTED_EDGE('',*,*,#8632,.T.);
#8956 = ORIENTED_EDGE('',*,*,#8957,.T.);
#8957 = EDGE_CURVE('',#8625,#8748,#8958,.T.);
#8958 = LINE('',#8959,#8960);
#8959 = CARTESIAN_POINT('',(0.731608242842,-1.222731167163,0.95003223874
    ));
#8960 = VECTOR('',#8961,1.);
#8961 = DIRECTION('',(-0.,-0.,-1.));
#8962 = B_SPLINE_SURFACE_WITH_KNOTS('',3,1,(
    (#8963,#8964)
    ,(#8965,#8966)
    ,(#8967,#8968)
    ,(#8969,#8970
    )),.UNSPECIFIED.,.F.,.F.,.F.,(4,4),(2,2),(1.,2.),(0.,1.),
  .PIECEWISE_BEZIER_KNOTS.);
#8963 = CARTESIAN_POINT('',(0.732401058253,-1.226292338027,0.95003223874
    ));
#8964 = CARTESIAN_POINT('',(0.732401058253,-1.226292338027,0.94903223874
    ));
#8965 = CARTESIAN_POINT('',(0.732154115748,-1.225590501433,0.95003223874
    ));
#8966 = CARTESIAN_POINT('',(0.732154115748,-1.225590501433,0.94903223874
    ));
#8967 = CARTESIAN_POINT('',(0.731894176269,-1.224420773777,0.95003223874
    ));
#8968 = CARTESIAN_POINT('',(0.731894176269,-1.224420773777,0.94903223874
    ));
#8969 = CARTESIAN_POINT('',(0.731608242842,-1.222731167163,0.95003223874
    ));
#8970 = CARTESIAN_POINT('',(0.731608242842,-1.222731167163,0.94903223874
    ));
#8971 = ADVANCED_FACE('',(#8972),#8983,.T.);
#8972 = FACE_BOUND('',#8973,.T.);
#8973 = EDGE_LOOP('',(#8974,#8975,#8976,#8977));
#8974 = ORIENTED_EDGE('',*,*,#8756,.F.);
#8975 = ORIENTED_EDGE('',*,*,#8957,.F.);
#8976 = ORIENTED_EDGE('',*,*,#8624,.T.);
#8977 = ORIENTED_EDGE('',*,*,#8978,.T.);
#8978 = EDGE_CURVE('',#8616,#8757,#8979,.T.);
#8979 = LINE('',#8980,#8981);
#8980 = CARTESIAN_POINT('',(0.731452279155,-1.222731167163,0.95003223874
    ));
#8981 = VECTOR('',#8982,1.);
#8982 = DIRECTION('',(-0.,-0.,-1.));
#8983 = PLANE('',#8984);
#8984 = AXIS2_PLACEMENT_3D('',#8985,#8986,#8987);
#8985 = CARTESIAN_POINT('',(0.731608242842,-1.222731167163,0.95003223874
    ));
#8986 = DIRECTION('',(0.,-1.,0.));
#8987 = DIRECTION('',(0.,-0.,-1.));
#8988 = ADVANCED_FACE('',(#8989),#9000,.T.);
#8989 = FACE_BOUND('',#8990,.T.);
#8990 = EDGE_LOOP('',(#8991,#8992,#8993,#8994));
#8991 = ORIENTED_EDGE('',*,*,#8764,.F.);
#8992 = ORIENTED_EDGE('',*,*,#8978,.F.);
#8993 = ORIENTED_EDGE('',*,*,#8615,.T.);
#8994 = ORIENTED_EDGE('',*,*,#8995,.T.);
#8995 = EDGE_CURVE('',#8608,#8722,#8996,.T.);
#8996 = LINE('',#8997,#8998);
#8997 = CARTESIAN_POINT('',(0.730620472822,-1.226292338027,0.95003223874
    ));
#8998 = VECTOR('',#8999,1.);
#8999 = DIRECTION('',(-0.,-0.,-1.));
#9000 = B_SPLINE_SURFACE_WITH_KNOTS('',3,1,(
    (#9001,#9002)
    ,(#9003,#9004)
    ,(#9005,#9006)
    ,(#9007,#9008
    )),.UNSPECIFIED.,.F.,.F.,.F.,(4,4),(2,2),(3.,4.),(0.,1.),
  .PIECEWISE_BEZIER_KNOTS.);
#9001 = CARTESIAN_POINT('',(0.731452279155,-1.222731167163,0.95003223874
    ));
#9002 = CARTESIAN_POINT('',(0.731452279155,-1.222731167163,0.94903223874
    ));
#9003 = CARTESIAN_POINT('',(0.73120533665,-1.22426481009,0.95003223874)
  );
#9004 = CARTESIAN_POINT('',(0.73120533665,-1.22426481009,0.94903223874)
  );
#9005 = CARTESIAN_POINT('',(0.730932400197,-1.225460531693,0.95003223874
    ));
#9006 = CARTESIAN_POINT('',(0.730932400197,-1.225460531693,0.94903223874
    ));
#9007 = CARTESIAN_POINT('',(0.730620472822,-1.226292338027,0.95003223874
    ));
#9008 = CARTESIAN_POINT('',(0.730620472822,-1.226292338027,0.94903223874
    ));
#9009 = ADVANCED_FACE('',(#9010),#9016,.T.);
#9010 = FACE_BOUND('',#9011,.T.);
#9011 = EDGE_LOOP('',(#9012,#9013,#9014,#9015));
#9012 = ORIENTED_EDGE('',*,*,#8721,.F.);
#9013 = ORIENTED_EDGE('',*,*,#8995,.F.);
#9014 = ORIENTED_EDGE('',*,*,#8607,.T.);
#9015 = ORIENTED_EDGE('',*,*,#8916,.T.);
#9016 = PLANE('',#9017);
#9017 = AXIS2_PLACEMENT_3D('',#9018,#9019,#9020);
#9018 = CARTESIAN_POINT('',(0.730620472822,-1.226292338027,0.95003223874
    ));
#9019 = DIRECTION('',(0.940953787676,-0.338535034314,0.));
#9020 = DIRECTION('',(0.338535034314,0.940953787676,0.));
#9021 = MANIFOLD_SOLID_BREP('',#9022);
#9022 = CLOSED_SHELL('',(#9023,#9063,#9094,#9125,#9156,#9187,#9218,#9249
    ,#9280,#9311,#9342,#9373,#9395,#9415));
#9023 = ADVANCED_FACE('',(#9024),#9058,.F.);
#9024 = FACE_BOUND('',#9025,.T.);
#9025 = EDGE_LOOP('',(#9026,#9036,#9044,#9052));
#9026 = ORIENTED_EDGE('',*,*,#9027,.T.);
#9027 = EDGE_CURVE('',#9028,#9030,#9032,.T.);
#9028 = VERTEX_POINT('',#9029);
#9029 = CARTESIAN_POINT('',(0.577841043993,-1.347736062652,0.94903223874
    ));
#9030 = VERTEX_POINT('',#9031);
#9031 = CARTESIAN_POINT('',(0.577841043993,-1.341939412269,0.94903223874
    ));
#9032 = LINE('',#9033,#9034);
#9033 = CARTESIAN_POINT('',(0.577841043993,-1.341939412269,0.94903223874
    ));
#9034 = VECTOR('',#9035,1.);
#9035 = DIRECTION('',(-0.,1.,-0.));
#9036 = ORIENTED_EDGE('',*,*,#9037,.F.);
#9037 = EDGE_CURVE('',#9038,#9030,#9040,.T.);
#9038 = VERTEX_POINT('',#9039);
#9039 = CARTESIAN_POINT('',(0.577841043993,-1.341939412269,0.95003223874
    ));
#9040 = LINE('',#9041,#9042);
#9041 = CARTESIAN_POINT('',(0.577841043993,-1.341939412269,0.95003223874
    ));
#9042 = VECTOR('',#9043,1.);
#9043 = DIRECTION('',(-0.,-0.,-1.));
#9044 = ORIENTED_EDGE('',*,*,#9045,.F.);
#9045 = EDGE_CURVE('',#9046,#9038,#9048,.T.);
#9046 = VERTEX_POINT('',#9047);
#9047 = CARTESIAN_POINT('',(0.577841043993,-1.347736062652,0.95003223874
    ));
#9048 = LINE('',#9049,#9050);
#9049 = CARTESIAN_POINT('',(0.577841043993,-1.341939412269,0.95003223874
    ));
#9050 = VECTOR('',#9051,1.);
#9051 = DIRECTION('',(-0.,1.,-0.));
#9052 = ORIENTED_EDGE('',*,*,#9053,.T.);
#9053 = EDGE_CURVE('',#9046,#9028,#9054,.T.);
#9054 = LINE('',#9055,#9056);
#9055 = CARTESIAN_POINT('',(0.577841043993,-1.347736062652,0.95003223874
    ));
#9056 = VECTOR('',#9057,1.);
#9057 = DIRECTION('',(-0.,-0.,-1.));
#9058 = PLANE('',#9059);
#9059 = AXIS2_PLACEMENT_3D('',#9060,#9061,#9062);
#9060 = CARTESIAN_POINT('',(0.577841043993,-1.341939412269,0.95003223874
    ));
#9061 = DIRECTION('',(-1.,0.,0.));
#9062 = DIRECTION('',(0.,0.,1.));
#9063 = ADVANCED_FACE('',(#9064),#9089,.F.);
#9064 = FACE_BOUND('',#9065,.T.);
#9065 = EDGE_LOOP('',(#9066,#9074,#9082,#9088));
#9066 = ORIENTED_EDGE('',*,*,#9067,.T.);
#9067 = EDGE_CURVE('',#9030,#9068,#9070,.T.);
#9068 = VERTEX_POINT('',#9069);
#9069 = CARTESIAN_POINT('',(0.55705888264,-1.341939412269,0.94903223874)
  );
#9070 = LINE('',#9071,#9072);
#9071 = CARTESIAN_POINT('',(0.55705888264,-1.341939412269,0.94903223874)
  );
#9072 = VECTOR('',#9073,1.);
#9073 = DIRECTION('',(-1.,-0.,-0.));
#9074 = ORIENTED_EDGE('',*,*,#9075,.F.);
#9075 = EDGE_CURVE('',#9076,#9068,#9078,.T.);
#9076 = VERTEX_POINT('',#9077);
#9077 = CARTESIAN_POINT('',(0.55705888264,-1.341939412269,0.95003223874)
  );
#9078 = LINE('',#9079,#9080);
#9079 = CARTESIAN_POINT('',(0.55705888264,-1.341939412269,0.95003223874)
  );
#9080 = VECTOR('',#9081,1.);
#9081 = DIRECTION('',(-0.,-0.,-1.));
#9082 = ORIENTED_EDGE('',*,*,#9083,.F.);
#9083 = EDGE_CURVE('',#9038,#9076,#9084,.T.);
#9084 = LINE('',#9085,#9086);
#9085 = CARTESIAN_POINT('',(0.55705888264,-1.341939412269,0.95003223874)
  );
#9086 = VECTOR('',#9087,1.);
#9087 = DIRECTION('',(-1.,-0.,-0.));
#9088 = ORIENTED_EDGE('',*,*,#9037,.T.);
#9089 = PLANE('',#9090);
#9090 = AXIS2_PLACEMENT_3D('',#9091,#9092,#9093);
#9091 = CARTESIAN_POINT('',(0.55705888264,-1.341939412269,0.95003223874)
  );
#9092 = DIRECTION('',(0.,-1.,0.));
#9093 = DIRECTION('',(0.,-0.,-1.));
#9094 = ADVANCED_FACE('',(#9095),#9120,.F.);
#9095 = FACE_BOUND('',#9096,.T.);
#9096 = EDGE_LOOP('',(#9097,#9105,#9113,#9119));
#9097 = ORIENTED_EDGE('',*,*,#9098,.T.);
#9098 = EDGE_CURVE('',#9068,#9099,#9101,.T.);
#9099 = VERTEX_POINT('',#9100);
#9100 = CARTESIAN_POINT('',(0.55705888264,-1.324835394545,0.94903223874)
  );
#9101 = LINE('',#9102,#9103);
#9102 = CARTESIAN_POINT('',(0.55705888264,-1.324835394545,0.94903223874)
  );
#9103 = VECTOR('',#9104,1.);
#9104 = DIRECTION('',(-0.,1.,-0.));
#9105 = ORIENTED_EDGE('',*,*,#9106,.F.);
#9106 = EDGE_CURVE('',#9107,#9099,#9109,.T.);
#9107 = VERTEX_POINT('',#9108);
#9108 = CARTESIAN_POINT('',(0.55705888264,-1.324835394545,0.95003223874)
  );
#9109 = LINE('',#9110,#9111);
#9110 = CARTESIAN_POINT('',(0.55705888264,-1.324835394545,0.95003223874)
  );
#9111 = VECTOR('',#9112,1.);
#9112 = DIRECTION('',(-0.,-0.,-1.));
#9113 = ORIENTED_EDGE('',*,*,#9114,.F.);
#9114 = EDGE_CURVE('',#9076,#9107,#9115,.T.);
#9115 = LINE('',#9116,#9117);
#9116 = CARTESIAN_POINT('',(0.55705888264,-1.324835394545,0.95003223874)
  );
#9117 = VECTOR('',#9118,1.);
#9118 = DIRECTION('',(-0.,1.,-0.));
#9119 = ORIENTED_EDGE('',*,*,#9075,.T.);
#9120 = PLANE('',#9121);
#9121 = AXIS2_PLACEMENT_3D('',#9122,#9123,#9124);
#9122 = CARTESIAN_POINT('',(0.55705888264,-1.324835394545,0.95003223874)
  );
#9123 = DIRECTION('',(-1.,0.,0.));
#9124 = DIRECTION('',(0.,0.,1.));
#9125 = ADVANCED_FACE('',(#9126),#9151,.F.);
#9126 = FACE_BOUND('',#9127,.T.);
#9127 = EDGE_LOOP('',(#9128,#9136,#9144,#9150));
#9128 = ORIENTED_EDGE('',*,*,#9129,.T.);
#9129 = EDGE_CURVE('',#9099,#9130,#9132,.T.);
#9130 = VERTEX_POINT('',#9131);
#9131 = CARTESIAN_POINT('',(0.575241649202,-1.324835394545,0.94903223874
    ));
#9132 = LINE('',#9133,#9134);
#9133 = CARTESIAN_POINT('',(0.575241649202,-1.324835394545,0.94903223874
    ));
#9134 = VECTOR('',#9135,1.);
#9135 = DIRECTION('',(1.,-0.,-0.));
#9136 = ORIENTED_EDGE('',*,*,#9137,.F.);
#9137 = EDGE_CURVE('',#9138,#9130,#9140,.T.);
#9138 = VERTEX_POINT('',#9139);
#9139 = CARTESIAN_POINT('',(0.575241649202,-1.324835394545,0.95003223874
    ));
#9140 = LINE('',#9141,#9142);
#9141 = CARTESIAN_POINT('',(0.575241649202,-1.324835394545,0.95003223874
    ));
#9142 = VECTOR('',#9143,1.);
#9143 = DIRECTION('',(-0.,-0.,-1.));
#9144 = ORIENTED_EDGE('',*,*,#9145,.F.);
#9145 = EDGE_CURVE('',#9107,#9138,#9146,.T.);
#9146 = LINE('',#9147,#9148);
#9147 = CARTESIAN_POINT('',(0.575241649202,-1.324835394545,0.95003223874
    ));
#9148 = VECTOR('',#9149,1.);
#9149 = DIRECTION('',(1.,-0.,-0.));
#9150 = ORIENTED_EDGE('',*,*,#9106,.T.);
#9151 = PLANE('',#9152);
#9152 = AXIS2_PLACEMENT_3D('',#9153,#9154,#9155);
#9153 = CARTESIAN_POINT('',(0.575241649202,-1.324835394545,0.95003223874
    ));
#9154 = DIRECTION('',(0.,1.,-0.));
#9155 = DIRECTION('',(0.,0.,1.));
#9156 = ADVANCED_FACE('',(#9157),#9182,.F.);
#9157 = FACE_BOUND('',#9158,.T.);
#9158 = EDGE_LOOP('',(#9159,#9167,#9175,#9181));
#9159 = ORIENTED_EDGE('',*,*,#9160,.T.);
#9160 = EDGE_CURVE('',#9130,#9161,#9163,.T.);
#9161 = VERTEX_POINT('',#9162);
#9162 = CARTESIAN_POINT('',(0.575241649202,-1.319012750214,0.94903223874
    ));
#9163 = LINE('',#9164,#9165);
#9164 = CARTESIAN_POINT('',(0.575241649202,-1.319012750214,0.94903223874
    ));
#9165 = VECTOR('',#9166,1.);
#9166 = DIRECTION('',(-0.,1.,-0.));
#9167 = ORIENTED_EDGE('',*,*,#9168,.F.);
#9168 = EDGE_CURVE('',#9169,#9161,#9171,.T.);
#9169 = VERTEX_POINT('',#9170);
#9170 = CARTESIAN_POINT('',(0.575241649202,-1.319012750214,0.95003223874
    ));
#9171 = LINE('',#9172,#9173);
#9172 = CARTESIAN_POINT('',(0.575241649202,-1.319012750214,0.95003223874
    ));
#9173 = VECTOR('',#9174,1.);
#9174 = DIRECTION('',(-0.,-0.,-1.));
#9175 = ORIENTED_EDGE('',*,*,#9176,.F.);
#9176 = EDGE_CURVE('',#9138,#9169,#9177,.T.);
#9177 = LINE('',#9178,#9179);
#9178 = CARTESIAN_POINT('',(0.575241649202,-1.319012750214,0.95003223874
    ));
#9179 = VECTOR('',#9180,1.);
#9180 = DIRECTION('',(-0.,1.,-0.));
#9181 = ORIENTED_EDGE('',*,*,#9137,.T.);
#9182 = PLANE('',#9183);
#9183 = AXIS2_PLACEMENT_3D('',#9184,#9185,#9186);
#9184 = CARTESIAN_POINT('',(0.575241649202,-1.319012750214,0.95003223874
    ));
#9185 = DIRECTION('',(-1.,0.,0.));
#9186 = DIRECTION('',(0.,0.,1.));
#9187 = ADVANCED_FACE('',(#9188),#9213,.F.);
#9188 = FACE_BOUND('',#9189,.T.);
#9189 = EDGE_LOOP('',(#9190,#9198,#9206,#9212));
#9190 = ORIENTED_EDGE('',*,*,#9191,.T.);
#9191 = EDGE_CURVE('',#9161,#9192,#9194,.T.);
#9192 = VERTEX_POINT('',#9193);
#9193 = CARTESIAN_POINT('',(0.55705888264,-1.319012750214,0.94903223874)
  );
#9194 = LINE('',#9195,#9196);
#9195 = CARTESIAN_POINT('',(0.55705888264,-1.319012750214,0.94903223874)
  );
#9196 = VECTOR('',#9197,1.);
#9197 = DIRECTION('',(-1.,-0.,-0.));
#9198 = ORIENTED_EDGE('',*,*,#9199,.F.);
#9199 = EDGE_CURVE('',#9200,#9192,#9202,.T.);
#9200 = VERTEX_POINT('',#9201);
#9201 = CARTESIAN_POINT('',(0.55705888264,-1.319012750214,0.95003223874)
  );
#9202 = LINE('',#9203,#9204);
#9203 = CARTESIAN_POINT('',(0.55705888264,-1.319012750214,0.95003223874)
  );
#9204 = VECTOR('',#9205,1.);
#9205 = DIRECTION('',(-0.,-0.,-1.));
#9206 = ORIENTED_EDGE('',*,*,#9207,.F.);
#9207 = EDGE_CURVE('',#9169,#9200,#9208,.T.);
#9208 = LINE('',#9209,#9210);
#9209 = CARTESIAN_POINT('',(0.55705888264,-1.319012750214,0.95003223874)
  );
#9210 = VECTOR('',#9211,1.);
#9211 = DIRECTION('',(-1.,-0.,-0.));
#9212 = ORIENTED_EDGE('',*,*,#9168,.T.);
#9213 = PLANE('',#9214);
#9214 = AXIS2_PLACEMENT_3D('',#9215,#9216,#9217);
#9215 = CARTESIAN_POINT('',(0.55705888264,-1.319012750214,0.95003223874)
  );
#9216 = DIRECTION('',(0.,-1.,0.));
#9217 = DIRECTION('',(0.,-0.,-1.));
#9218 = ADVANCED_FACE('',(#9219),#9244,.F.);
#9219 = FACE_BOUND('',#9220,.T.);
#9220 = EDGE_LOOP('',(#9221,#9229,#9237,#9243));
#9221 = ORIENTED_EDGE('',*,*,#9222,.T.);
#9222 = EDGE_CURVE('',#9192,#9223,#9225,.T.);
#9223 = VERTEX_POINT('',#9224);
#9224 = CARTESIAN_POINT('',(0.55705888264,-1.302740538824,0.94903223874)
  );
#9225 = LINE('',#9226,#9227);
#9226 = CARTESIAN_POINT('',(0.55705888264,-1.302740538824,0.94903223874)
  );
#9227 = VECTOR('',#9228,1.);
#9228 = DIRECTION('',(-0.,1.,-0.));
#9229 = ORIENTED_EDGE('',*,*,#9230,.F.);
#9230 = EDGE_CURVE('',#9231,#9223,#9233,.T.);
#9231 = VERTEX_POINT('',#9232);
#9232 = CARTESIAN_POINT('',(0.55705888264,-1.302740538824,0.95003223874)
  );
#9233 = LINE('',#9234,#9235);
#9234 = CARTESIAN_POINT('',(0.55705888264,-1.302740538824,0.95003223874)
  );
#9235 = VECTOR('',#9236,1.);
#9236 = DIRECTION('',(-0.,-0.,-1.));
#9237 = ORIENTED_EDGE('',*,*,#9238,.F.);
#9238 = EDGE_CURVE('',#9200,#9231,#9239,.T.);
#9239 = LINE('',#9240,#9241);
#9240 = CARTESIAN_POINT('',(0.55705888264,-1.302740538824,0.95003223874)
  );
#9241 = VECTOR('',#9242,1.);
#9242 = DIRECTION('',(-0.,1.,-0.));
#9243 = ORIENTED_EDGE('',*,*,#9199,.T.);
#9244 = PLANE('',#9245);
#9245 = AXIS2_PLACEMENT_3D('',#9246,#9247,#9248);
#9246 = CARTESIAN_POINT('',(0.55705888264,-1.302740538824,0.95003223874)
  );
#9247 = DIRECTION('',(-1.,0.,0.));
#9248 = DIRECTION('',(0.,0.,1.));
#9249 = ADVANCED_FACE('',(#9250),#9275,.F.);
#9250 = FACE_BOUND('',#9251,.T.);
#9251 = EDGE_LOOP('',(#9252,#9260,#9268,#9274));
#9252 = ORIENTED_EDGE('',*,*,#9253,.T.);
#9253 = EDGE_CURVE('',#9223,#9254,#9256,.T.);
#9254 = VERTEX_POINT('',#9255);
#9255 = CARTESIAN_POINT('',(0.576684313311,-1.302740538824,0.94903223874
    ));
#9256 = LINE('',#9257,#9258);
#9257 = CARTESIAN_POINT('',(0.576684313311,-1.302740538824,0.94903223874
    ));
#9258 = VECTOR('',#9259,1.);
#9259 = DIRECTION('',(1.,-0.,-0.));
#9260 = ORIENTED_EDGE('',*,*,#9261,.F.);
#9261 = EDGE_CURVE('',#9262,#9254,#9264,.T.);
#9262 = VERTEX_POINT('',#9263);
#9263 = CARTESIAN_POINT('',(0.576684313311,-1.302740538824,0.95003223874
    ));
#9264 = LINE('',#9265,#9266);
#9265 = CARTESIAN_POINT('',(0.576684313311,-1.302740538824,0.95003223874
    ));
#9266 = VECTOR('',#9267,1.);
#9267 = DIRECTION('',(-0.,-0.,-1.));
#9268 = ORIENTED_EDGE('',*,*,#9269,.F.);
#9269 = EDGE_CURVE('',#9231,#9262,#9270,.T.);
#9270 = LINE('',#9271,#9272);
#9271 = CARTESIAN_POINT('',(0.576684313311,-1.302740538824,0.95003223874
    ));
#9272 = VECTOR('',#9273,1.);
#9273 = DIRECTION('',(1.,-0.,-0.));
#9274 = ORIENTED_EDGE('',*,*,#9230,.T.);
#9275 = PLANE('',#9276);
#9276 = AXIS2_PLACEMENT_3D('',#9277,#9278,#9279);
#9277 = CARTESIAN_POINT('',(0.576684313311,-1.302740538824,0.95003223874
    ));
#9278 = DIRECTION('',(0.,1.,-0.));
#9279 = DIRECTION('',(0.,0.,1.));
#9280 = ADVANCED_FACE('',(#9281),#9306,.F.);
#9281 = FACE_BOUND('',#9282,.T.);
#9282 = EDGE_LOOP('',(#9283,#9291,#9299,#9305));
#9283 = ORIENTED_EDGE('',*,*,#9284,.T.);
#9284 = EDGE_CURVE('',#9254,#9285,#9287,.T.);
#9285 = VERTEX_POINT('',#9286);
#9286 = CARTESIAN_POINT('',(0.576684313311,-1.296891900544,0.94903223874
    ));
#9287 = LINE('',#9288,#9289);
#9288 = CARTESIAN_POINT('',(0.576684313311,-1.296891900544,0.94903223874
    ));
#9289 = VECTOR('',#9290,1.);
#9290 = DIRECTION('',(-0.,1.,-0.));
#9291 = ORIENTED_EDGE('',*,*,#9292,.F.);
#9292 = EDGE_CURVE('',#9293,#9285,#9295,.T.);
#9293 = VERTEX_POINT('',#9294);
#9294 = CARTESIAN_POINT('',(0.576684313311,-1.296891900544,0.95003223874
    ));
#9295 = LINE('',#9296,#9297);
#9296 = CARTESIAN_POINT('',(0.576684313311,-1.296891900544,0.95003223874
    ));
#9297 = VECTOR('',#9298,1.);
#9298 = DIRECTION('',(-0.,-0.,-1.));
#9299 = ORIENTED_EDGE('',*,*,#9300,.F.);
#9300 = EDGE_CURVE('',#9262,#9293,#9301,.T.);
#9301 = LINE('',#9302,#9303);
#9302 = CARTESIAN_POINT('',(0.576684313311,-1.296891900544,0.95003223874
    ));
#9303 = VECTOR('',#9304,1.);
#9304 = DIRECTION('',(-0.,1.,-0.));
#9305 = ORIENTED_EDGE('',*,*,#9261,.T.);
#9306 = PLANE('',#9307);
#9307 = AXIS2_PLACEMENT_3D('',#9308,#9309,#9310);
#9308 = CARTESIAN_POINT('',(0.576684313311,-1.296891900544,0.95003223874
    ));
#9309 = DIRECTION('',(-1.,0.,0.));
#9310 = DIRECTION('',(0.,0.,1.));
#9311 = ADVANCED_FACE('',(#9312),#9337,.F.);
#9312 = FACE_BOUND('',#9313,.T.);
#9313 = EDGE_LOOP('',(#9314,#9322,#9330,#9336));
#9314 = ORIENTED_EDGE('',*,*,#9315,.T.);
#9315 = EDGE_CURVE('',#9285,#9316,#9318,.T.);
#9316 = VERTEX_POINT('',#9317);
#9317 = CARTESIAN_POINT('',(0.550495410794,-1.296891900544,0.94903223874
    ));
#9318 = LINE('',#9319,#9320);
#9319 = CARTESIAN_POINT('',(0.550495410794,-1.296891900544,0.94903223874
    ));
#9320 = VECTOR('',#9321,1.);
#9321 = DIRECTION('',(-1.,-0.,-0.));
#9322 = ORIENTED_EDGE('',*,*,#9323,.F.);
#9323 = EDGE_CURVE('',#9324,#9316,#9326,.T.);
#9324 = VERTEX_POINT('',#9325);
#9325 = CARTESIAN_POINT('',(0.550495410794,-1.296891900544,0.95003223874
    ));
#9326 = LINE('',#9327,#9328);
#9327 = CARTESIAN_POINT('',(0.550495410794,-1.296891900544,0.95003223874
    ));
#9328 = VECTOR('',#9329,1.);
#9329 = DIRECTION('',(-0.,-0.,-1.));
#9330 = ORIENTED_EDGE('',*,*,#9331,.F.);
#9331 = EDGE_CURVE('',#9293,#9324,#9332,.T.);
#9332 = LINE('',#9333,#9334);
#9333 = CARTESIAN_POINT('',(0.550495410794,-1.296891900544,0.95003223874
    ));
#9334 = VECTOR('',#9335,1.);
#9335 = DIRECTION('',(-1.,-0.,-0.));
#9336 = ORIENTED_EDGE('',*,*,#9292,.T.);
#9337 = PLANE('',#9338);
#9338 = AXIS2_PLACEMENT_3D('',#9339,#9340,#9341);
#9339 = CARTESIAN_POINT('',(0.550495410794,-1.296891900544,0.95003223874
    ));
#9340 = DIRECTION('',(0.,-1.,0.));
#9341 = DIRECTION('',(0.,-0.,-1.));
#9342 = ADVANCED_FACE('',(#9343),#9368,.F.);
#9343 = FACE_BOUND('',#9344,.T.);
#9344 = EDGE_LOOP('',(#9345,#9353,#9361,#9367));
#9345 = ORIENTED_EDGE('',*,*,#9346,.T.);
#9346 = EDGE_CURVE('',#9316,#9347,#9349,.T.);
#9347 = VERTEX_POINT('',#9348);
#9348 = CARTESIAN_POINT('',(0.550495410794,-1.347736062652,0.94903223874
    ));
#9349 = LINE('',#9350,#9351);
#9350 = CARTESIAN_POINT('',(0.550495410794,-1.347736062652,0.94903223874
    ));
#9351 = VECTOR('',#9352,1.);
#9352 = DIRECTION('',(-0.,-1.,-0.));
#9353 = ORIENTED_EDGE('',*,*,#9354,.F.);
#9354 = EDGE_CURVE('',#9355,#9347,#9357,.T.);
#9355 = VERTEX_POINT('',#9356);
#9356 = CARTESIAN_POINT('',(0.550495410794,-1.347736062652,0.95003223874
    ));
#9357 = LINE('',#9358,#9359);
#9358 = CARTESIAN_POINT('',(0.550495410794,-1.347736062652,0.95003223874
    ));
#9359 = VECTOR('',#9360,1.);
#9360 = DIRECTION('',(-0.,-0.,-1.));
#9361 = ORIENTED_EDGE('',*,*,#9362,.F.);
#9362 = EDGE_CURVE('',#9324,#9355,#9363,.T.);
#9363 = LINE('',#9364,#9365);
#9364 = CARTESIAN_POINT('',(0.550495410794,-1.347736062652,0.95003223874
    ));
#9365 = VECTOR('',#9366,1.);
#9366 = DIRECTION('',(-0.,-1.,-0.));
#9367 = ORIENTED_EDGE('',*,*,#9323,.T.);
#9368 = PLANE('',#9369);
#9369 = AXIS2_PLACEMENT_3D('',#9370,#9371,#9372);
#9370 = CARTESIAN_POINT('',(0.550495410794,-1.347736062652,0.95003223874
    ));
#9371 = DIRECTION('',(1.,0.,0.));
#9372 = DIRECTION('',(0.,0.,-1.));
#9373 = ADVANCED_FACE('',(#9374),#9390,.F.);
#9374 = FACE_BOUND('',#9375,.T.);
#9375 = EDGE_LOOP('',(#9376,#9382,#9383,#9389));
#9376 = ORIENTED_EDGE('',*,*,#9377,.T.);
#9377 = EDGE_CURVE('',#9347,#9028,#9378,.T.);
#9378 = LINE('',#9379,#9380);
#9379 = CARTESIAN_POINT('',(0.577841043993,-1.347736062652,0.94903223874
    ));
#9380 = VECTOR('',#9381,1.);
#9381 = DIRECTION('',(1.,-0.,-0.));
#9382 = ORIENTED_EDGE('',*,*,#9053,.F.);
#9383 = ORIENTED_EDGE('',*,*,#9384,.F.);
#9384 = EDGE_CURVE('',#9355,#9046,#9385,.T.);
#9385 = LINE('',#9386,#9387);
#9386 = CARTESIAN_POINT('',(0.577841043993,-1.347736062652,0.95003223874
    ));
#9387 = VECTOR('',#9388,1.);
#9388 = DIRECTION('',(1.,-0.,-0.));
#9389 = ORIENTED_EDGE('',*,*,#9354,.T.);
#9390 = PLANE('',#9391);
#9391 = AXIS2_PLACEMENT_3D('',#9392,#9393,#9394);
#9392 = CARTESIAN_POINT('',(0.577841043993,-1.347736062652,0.95003223874
    ));
#9393 = DIRECTION('',(0.,1.,-0.));
#9394 = DIRECTION('',(0.,0.,1.));
#9395 = ADVANCED_FACE('',(#9396),#9410,.F.);
#9396 = FACE_BOUND('',#9397,.T.);
#9397 = EDGE_LOOP('',(#9398,#9399,#9400,#9401,#9402,#9403,#9404,#9405,
    #9406,#9407,#9408,#9409));
#9398 = ORIENTED_EDGE('',*,*,#9045,.T.);
#9399 = ORIENTED_EDGE('',*,*,#9083,.T.);
#9400 = ORIENTED_EDGE('',*,*,#9114,.T.);
#9401 = ORIENTED_EDGE('',*,*,#9145,.T.);
#9402 = ORIENTED_EDGE('',*,*,#9176,.T.);
#9403 = ORIENTED_EDGE('',*,*,#9207,.T.);
#9404 = ORIENTED_EDGE('',*,*,#9238,.T.);
#9405 = ORIENTED_EDGE('',*,*,#9269,.T.);
#9406 = ORIENTED_EDGE('',*,*,#9300,.T.);
#9407 = ORIENTED_EDGE('',*,*,#9331,.T.);
#9408 = ORIENTED_EDGE('',*,*,#9362,.T.);
#9409 = ORIENTED_EDGE('',*,*,#9384,.T.);
#9410 = PLANE('',#9411);
#9411 = AXIS2_PLACEMENT_3D('',#9412,#9413,#9414);
#9412 = CARTESIAN_POINT('',(-8.203535724743E-04,2.233050450947E-03,
    0.95003223874));
#9413 = DIRECTION('',(-0.,0.,-1.));
#9414 = DIRECTION('',(-1.,0.,0.));
#9415 = ADVANCED_FACE('',(#9416),#9430,.T.);
#9416 = FACE_BOUND('',#9417,.T.);
#9417 = EDGE_LOOP('',(#9418,#9419,#9420,#9421,#9422,#9423,#9424,#9425,
    #9426,#9427,#9428,#9429));
#9418 = ORIENTED_EDGE('',*,*,#9027,.F.);
#9419 = ORIENTED_EDGE('',*,*,#9377,.F.);
#9420 = ORIENTED_EDGE('',*,*,#9346,.F.);
#9421 = ORIENTED_EDGE('',*,*,#9315,.F.);
#9422 = ORIENTED_EDGE('',*,*,#9284,.F.);
#9423 = ORIENTED_EDGE('',*,*,#9253,.F.);
#9424 = ORIENTED_EDGE('',*,*,#9222,.F.);
#9425 = ORIENTED_EDGE('',*,*,#9191,.F.);
#9426 = ORIENTED_EDGE('',*,*,#9160,.F.);
#9427 = ORIENTED_EDGE('',*,*,#9129,.F.);
#9428 = ORIENTED_EDGE('',*,*,#9098,.F.);
#9429 = ORIENTED_EDGE('',*,*,#9067,.F.);
#9430 = PLANE('',#9431);
#9431 = AXIS2_PLACEMENT_3D('',#9432,#9433,#9434);
#9432 = CARTESIAN_POINT('',(-8.203535724743E-04,2.233050450947E-03,
    0.94903223874));
#9433 = DIRECTION('',(-0.,0.,-1.));
#9434 = DIRECTION('',(-1.,0.,0.));
#9435 = MANIFOLD_SOLID_BREP('',#9436);
#9436 = CLOSED_SHELL('',(#9437,#9637,#9837,#9863,#9880,#9901,#9922,#9939
    ,#9960,#9981,#10002,#10023,#10040,#10057,#10074,#10091,#10107,#10133
    ,#10154,#10175,#10196,#10217,#10238,#10255));
#9437 = ADVANCED_FACE('',(#9438,#9560),#9632,.T.);
#9438 = FACE_BOUND('',#9439,.T.);
#9439 = EDGE_LOOP('',(#9440,#9451,#9459,#9468,#9477,#9485,#9494,#9503,
    #9512,#9521,#9529,#9537,#9545,#9553));
#9440 = ORIENTED_EDGE('',*,*,#9441,.T.);
#9441 = EDGE_CURVE('',#9442,#9444,#9446,.T.);
#9442 = VERTEX_POINT('',#9443);
#9443 = CARTESIAN_POINT('',(0.59998788761,-1.310590711092,0.95003223874)
  );
#9444 = VERTEX_POINT('',#9445);
#9445 = CARTESIAN_POINT('',(0.587484798667,-1.31396992432,0.95003223874)
  );
#9446 = B_SPLINE_CURVE_WITH_KNOTS('',3,(#9447,#9448,#9449,#9450),
  .UNSPECIFIED.,.F.,.F.,(4,4),(0.,1.),.PIECEWISE_BEZIER_KNOTS.);
#9447 = CARTESIAN_POINT('',(0.59998788761,-1.310590711092,0.95003223874)
  );
#9448 = CARTESIAN_POINT('',(0.595256989091,-1.310590711092,0.95003223874
    ));
#9449 = CARTESIAN_POINT('',(0.591084960452,-1.311708450852,0.95003223874
    ));
#9450 = CARTESIAN_POINT('',(0.587484798667,-1.31396992432,0.95003223874)
  );
#9451 = ORIENTED_EDGE('',*,*,#9452,.T.);
#9452 = EDGE_CURVE('',#9444,#9453,#9455,.T.);
#9453 = VERTEX_POINT('',#9454);
#9454 = CARTESIAN_POINT('',(0.587484798667,-1.320156483922,0.95003223874
    ));
#9455 = LINE('',#9456,#9457);
#9456 = CARTESIAN_POINT('',(0.587484798667,-1.320156483922,0.95003223874
    ));
#9457 = VECTOR('',#9458,1.);
#9458 = DIRECTION('',(-0.,-1.,-0.));
#9459 = ORIENTED_EDGE('',*,*,#9460,.T.);
#9460 = EDGE_CURVE('',#9453,#9461,#9463,.T.);
#9461 = VERTEX_POINT('',#9462);
#9462 = CARTESIAN_POINT('',(0.599390026809,-1.315763506726,0.95003223874
    ));
#9463 = B_SPLINE_CURVE_WITH_KNOTS('',3,(#9464,#9465,#9466,#9467),
  .UNSPECIFIED.,.F.,.F.,(4,4),(12.,13.),.PIECEWISE_BEZIER_KNOTS.);
#9464 = CARTESIAN_POINT('',(0.587484798667,-1.320156483922,0.95003223874
    ));
#9465 = CARTESIAN_POINT('',(0.591071963478,-1.317245161756,0.95003223874
    ));
#9466 = CARTESIAN_POINT('',(0.595036040534,-1.315763506726,0.95003223874
    ));
#9467 = CARTESIAN_POINT('',(0.599390026809,-1.315763506726,0.95003223874
    ));
#9468 = ORIENTED_EDGE('',*,*,#9469,.T.);
#9469 = EDGE_CURVE('',#9461,#9470,#9472,.T.);
#9470 = VERTEX_POINT('',#9471);
#9471 = CARTESIAN_POINT('',(0.606746314066,-1.32465343691,0.95003223874)
  );
#9472 = B_SPLINE_CURVE_WITH_KNOTS('',3,(#9473,#9474,#9475,#9476),
  .UNSPECIFIED.,.F.,.F.,(4,4),(11.,12.),.PIECEWISE_BEZIER_KNOTS.);
#9473 = CARTESIAN_POINT('',(0.599390026809,-1.315763506726,0.95003223874
    ));
#9474 = CARTESIAN_POINT('',(0.604289885989,-1.315763506726,0.95003223874
    ));
#9475 = CARTESIAN_POINT('',(0.606746314066,-1.318726816787,0.95003223874
    ));
#9476 = CARTESIAN_POINT('',(0.606746314066,-1.32465343691,0.95003223874)
  );
#9477 = ORIENTED_EDGE('',*,*,#9478,.T.);
#9478 = EDGE_CURVE('',#9470,#9479,#9481,.T.);
#9479 = VERTEX_POINT('',#9480);
#9480 = CARTESIAN_POINT('',(0.595984819633,-1.326161085889,0.95003223874
    ));
#9481 = LINE('',#9482,#9483);
#9482 = CARTESIAN_POINT('',(0.595984819633,-1.326161085889,0.95003223874
    ));
#9483 = VECTOR('',#9484,1.);
#9484 = DIRECTION('',(-0.990328603988,-0.138741688482,-0.));
#9485 = ORIENTED_EDGE('',*,*,#9486,.T.);
#9486 = EDGE_CURVE('',#9479,#9487,#9489,.T.);
#9487 = VERTEX_POINT('',#9488);
#9488 = CARTESIAN_POINT('',(0.583936624777,-1.338014326135,0.95003223874
    ));
#9489 = B_SPLINE_CURVE_WITH_KNOTS('',3,(#9490,#9491,#9492,#9493),
  .UNSPECIFIED.,.F.,.F.,(4,4),(9.,10.),.PIECEWISE_BEZIER_KNOTS.);
#9490 = CARTESIAN_POINT('',(0.595984819633,-1.326161085889,0.95003223874
    ));
#9491 = CARTESIAN_POINT('',(0.587952689729,-1.327278825649,0.95003223874
    ));
#9492 = CARTESIAN_POINT('',(0.583936624777,-1.331229905731,0.95003223874
    ));
#9493 = CARTESIAN_POINT('',(0.583936624777,-1.338014326135,0.95003223874
    ));
#9494 = ORIENTED_EDGE('',*,*,#9495,.T.);
#9495 = EDGE_CURVE('',#9487,#9496,#9498,.T.);
#9496 = VERTEX_POINT('',#9497);
#9497 = CARTESIAN_POINT('',(0.587055898526,-1.345734528664,0.95003223874
    ));
#9498 = B_SPLINE_CURVE_WITH_KNOTS('',3,(#9499,#9500,#9501,#9502),
  .UNSPECIFIED.,.F.,.F.,(4,4),(8.,9.),.PIECEWISE_BEZIER_KNOTS.);
#9499 = CARTESIAN_POINT('',(0.583936624777,-1.338014326135,0.95003223874
    ));
#9500 = CARTESIAN_POINT('',(0.583936624777,-1.341263569623,0.95003223874
    ));
#9501 = CARTESIAN_POINT('',(0.584976382694,-1.343836970466,0.95003223874
    ));
#9502 = CARTESIAN_POINT('',(0.587055898526,-1.345734528664,0.95003223874
    ));
#9503 = ORIENTED_EDGE('',*,*,#9504,.T.);
#9504 = EDGE_CURVE('',#9496,#9505,#9507,.T.);
#9505 = VERTEX_POINT('',#9506);
#9506 = CARTESIAN_POINT('',(0.595451943701,-1.348593862933,0.95003223874
    ));
#9507 = B_SPLINE_CURVE_WITH_KNOTS('',3,(#9508,#9509,#9510,#9511),
  .UNSPECIFIED.,.F.,.F.,(4,4),(7.,8.),.PIECEWISE_BEZIER_KNOTS.);
#9508 = CARTESIAN_POINT('',(0.587055898526,-1.345734528664,0.95003223874
    ));
#9509 = CARTESIAN_POINT('',(0.589135414359,-1.347632086861,0.95003223874
    ));
#9510 = CARTESIAN_POINT('',(0.591929763759,-1.348593862933,0.95003223874
    ));
#9511 = CARTESIAN_POINT('',(0.595451943701,-1.348593862933,0.95003223874
    ));
#9512 = ORIENTED_EDGE('',*,*,#9513,.T.);
#9513 = EDGE_CURVE('',#9505,#9514,#9516,.T.);
#9514 = VERTEX_POINT('',#9515);
#9515 = CARTESIAN_POINT('',(0.606577353405,-1.342121369904,0.95003223874
    ));
#9516 = B_SPLINE_CURVE_WITH_KNOTS('',3,(#9517,#9518,#9519,#9520),
  .UNSPECIFIED.,.F.,.F.,(4,4),(6.,7.),.PIECEWISE_BEZIER_KNOTS.);
#9517 = CARTESIAN_POINT('',(0.595451943701,-1.348593862933,0.95003223874
    ));
#9518 = CARTESIAN_POINT('',(0.600351802881,-1.348593862933,0.95003223874
    ));
#9519 = CARTESIAN_POINT('',(0.604068937432,-1.346436365257,0.95003223874
    ));
#9520 = CARTESIAN_POINT('',(0.606577353405,-1.342121369904,0.95003223874
    ));
#9521 = ORIENTED_EDGE('',*,*,#9522,.T.);
#9522 = EDGE_CURVE('',#9514,#9523,#9525,.T.);
#9523 = VERTEX_POINT('',#9524);
#9524 = CARTESIAN_POINT('',(0.606746314066,-1.342121369904,0.95003223874
    ));
#9525 = LINE('',#9526,#9527);
#9526 = CARTESIAN_POINT('',(0.606746314066,-1.342121369904,0.95003223874
    ));
#9527 = VECTOR('',#9528,1.);
#9528 = DIRECTION('',(1.,-0.,-0.));
#9529 = ORIENTED_EDGE('',*,*,#9530,.T.);
#9530 = EDGE_CURVE('',#9523,#9531,#9533,.T.);
#9531 = VERTEX_POINT('',#9532);
#9532 = CARTESIAN_POINT('',(0.606746314066,-1.347736062652,0.95003223874
    ));
#9533 = LINE('',#9534,#9535);
#9534 = CARTESIAN_POINT('',(0.606746314066,-1.347736062652,0.95003223874
    ));
#9535 = VECTOR('',#9536,1.);
#9536 = DIRECTION('',(-0.,-1.,-0.));
#9537 = ORIENTED_EDGE('',*,*,#9538,.T.);
#9538 = EDGE_CURVE('',#9531,#9539,#9541,.T.);
#9539 = VERTEX_POINT('',#9540);
#9540 = CARTESIAN_POINT('',(0.613114831304,-1.347736062652,0.95003223874
    ));
#9541 = LINE('',#9542,#9543);
#9542 = CARTESIAN_POINT('',(0.613114831304,-1.347736062652,0.95003223874
    ));
#9543 = VECTOR('',#9544,1.);
#9544 = DIRECTION('',(1.,-0.,-0.));
#9545 = ORIENTED_EDGE('',*,*,#9546,.T.);
#9546 = EDGE_CURVE('',#9539,#9547,#9549,.T.);
#9547 = VERTEX_POINT('',#9548);
#9548 = CARTESIAN_POINT('',(0.613114831304,-1.324367503483,0.95003223874
    ));
#9549 = LINE('',#9550,#9551);
#9550 = CARTESIAN_POINT('',(0.613114831304,-1.324367503483,0.95003223874
    ));
#9551 = VECTOR('',#9552,1.);
#9552 = DIRECTION('',(-0.,1.,-0.));
#9553 = ORIENTED_EDGE('',*,*,#9554,.T.);
#9554 = EDGE_CURVE('',#9547,#9442,#9555,.T.);
#9555 = B_SPLINE_CURVE_WITH_KNOTS('',3,(#9556,#9557,#9558,#9559),
  .UNSPECIFIED.,.F.,.F.,(4,4),(1.,2.),.PIECEWISE_BEZIER_KNOTS.);
#9556 = CARTESIAN_POINT('',(0.613114831304,-1.324367503483,0.95003223874
    ));
#9557 = CARTESIAN_POINT('',(0.613114831304,-1.315165645924,0.95003223874
    ));
#9558 = CARTESIAN_POINT('',(0.608734851081,-1.310590711092,0.95003223874
    ));
#9559 = CARTESIAN_POINT('',(0.59998788761,-1.310590711092,0.95003223874)
  );
#9560 = FACE_BOUND('',#9561,.T.);
#9561 = EDGE_LOOP('',(#9562,#9573,#9582,#9590,#9598,#9607,#9616,#9625));
#9562 = ORIENTED_EDGE('',*,*,#9563,.F.);
#9563 = EDGE_CURVE('',#9564,#9566,#9568,.T.);
#9564 = VERTEX_POINT('',#9565);
#9565 = CARTESIAN_POINT('',(0.592085727446,-1.332893518397,0.95003223874
    ));
#9566 = VERTEX_POINT('',#9567);
#9567 = CARTESIAN_POINT('',(0.590396120832,-1.337494447177,0.95003223874
    ));
#9568 = B_SPLINE_CURVE_WITH_KNOTS('',3,(#9569,#9570,#9571,#9572),
  .UNSPECIFIED.,.F.,.F.,(4,4),(1.,2.),.PIECEWISE_BEZIER_KNOTS.);
#9569 = CARTESIAN_POINT('',(0.592085727446,-1.332893518397,0.95003223874
    ));
#9570 = CARTESIAN_POINT('',(0.590967987686,-1.333985264209,0.95003223874
    ));
#9571 = CARTESIAN_POINT('',(0.590396120832,-1.335518907136,0.95003223874
    ));
#9572 = CARTESIAN_POINT('',(0.590396120832,-1.337494447177,0.95003223874
    ));
#9573 = ORIENTED_EDGE('',*,*,#9574,.F.);
#9574 = EDGE_CURVE('',#9575,#9564,#9577,.T.);
#9575 = VERTEX_POINT('',#9576);
#9576 = CARTESIAN_POINT('',(0.598246293101,-1.330658038877,0.95003223874
    ));
#9577 = B_SPLINE_CURVE_WITH_KNOTS('',3,(#9578,#9579,#9580,#9581),
  .UNSPECIFIED.,.F.,.F.,(4,4),(0.,1.),.PIECEWISE_BEZIER_KNOTS.);
#9578 = CARTESIAN_POINT('',(0.598246293101,-1.330658038877,0.95003223874
    ));
#9579 = CARTESIAN_POINT('',(0.595269986065,-1.331073942044,0.95003223874
    ));
#9580 = CARTESIAN_POINT('',(0.59321646418,-1.331801772585,0.95003223874)
  );
#9581 = CARTESIAN_POINT('',(0.592085727446,-1.332893518397,0.95003223874
    ));
#9582 = ORIENTED_EDGE('',*,*,#9583,.F.);
#9583 = EDGE_CURVE('',#9584,#9575,#9586,.T.);
#9584 = VERTEX_POINT('',#9585);
#9585 = CARTESIAN_POINT('',(0.606746314066,-1.329514305169,0.95003223874
    ));
#9586 = LINE('',#9587,#9588);
#9587 = CARTESIAN_POINT('',(0.606746314066,-1.329514305169,0.95003223874
    ));
#9588 = VECTOR('',#9589,1.);
#9589 = DIRECTION('',(-0.9910683663,-0.133354764894,0.));
#9590 = ORIENTED_EDGE('',*,*,#9591,.F.);
#9591 = EDGE_CURVE('',#9592,#9584,#9594,.T.);
#9592 = VERTEX_POINT('',#9593);
#9593 = CARTESIAN_POINT('',(0.606746314066,-1.332997494189,0.95003223874
    ));
#9594 = LINE('',#9595,#9596);
#9595 = CARTESIAN_POINT('',(0.606746314066,-1.332997494189,0.95003223874
    ));
#9596 = VECTOR('',#9597,1.);
#9597 = DIRECTION('',(0.,1.,0.));
#9598 = ORIENTED_EDGE('',*,*,#9599,.F.);
#9599 = EDGE_CURVE('',#9600,#9592,#9602,.T.);
#9600 = VERTEX_POINT('',#9601);
#9601 = CARTESIAN_POINT('',(0.604016949536,-1.340405769342,0.95003223874
    ));
#9602 = B_SPLINE_CURVE_WITH_KNOTS('',3,(#9603,#9604,#9605,#9606),
  .UNSPECIFIED.,.F.,.F.,(4,4),(5.,6.),.PIECEWISE_BEZIER_KNOTS.);
#9603 = CARTESIAN_POINT('',(0.604016949536,-1.340405769342,0.95003223874
    ));
#9604 = CARTESIAN_POINT('',(0.60583652589,-1.338456223249,0.95003223874)
  );
#9605 = CARTESIAN_POINT('',(0.606746314066,-1.335986798198,0.95003223874
    ));
#9606 = CARTESIAN_POINT('',(0.606746314066,-1.332997494189,0.95003223874
    ));
#9607 = ORIENTED_EDGE('',*,*,#9608,.F.);
#9608 = EDGE_CURVE('',#9609,#9600,#9611,.T.);
#9609 = VERTEX_POINT('',#9610);
#9610 = CARTESIAN_POINT('',(0.597102559393,-1.343369079404,0.95003223874
    ));
#9611 = B_SPLINE_CURVE_WITH_KNOTS('',3,(#9612,#9613,#9614,#9615),
  .UNSPECIFIED.,.F.,.F.,(4,4),(4.,5.),.PIECEWISE_BEZIER_KNOTS.);
#9612 = CARTESIAN_POINT('',(0.597102559393,-1.343369079404,0.95003223874
    ));
#9613 = CARTESIAN_POINT('',(0.599896908793,-1.343369079404,0.95003223874
    ));
#9614 = CARTESIAN_POINT('',(0.602210370156,-1.342381309383,0.95003223874
    ));
#9615 = CARTESIAN_POINT('',(0.604016949536,-1.340405769342,0.95003223874
    ));
#9616 = ORIENTED_EDGE('',*,*,#9617,.F.);
#9617 = EDGE_CURVE('',#9618,#9609,#9620,.T.);
#9618 = VERTEX_POINT('',#9619);
#9619 = CARTESIAN_POINT('',(0.592241691134,-1.341731460686,0.95003223874
    ));
#9620 = B_SPLINE_CURVE_WITH_KNOTS('',3,(#9621,#9622,#9623,#9624),
  .UNSPECIFIED.,.F.,.F.,(4,4),(3.,4.),.PIECEWISE_BEZIER_KNOTS.);
#9621 = CARTESIAN_POINT('',(0.592241691134,-1.341731460686,0.95003223874
    ));
#9622 = CARTESIAN_POINT('',(0.593463406686,-1.342823206498,0.95003223874
    ));
#9623 = CARTESIAN_POINT('',(0.59508802843,-1.343369079404,0.95003223874)
  );
#9624 = CARTESIAN_POINT('',(0.597102559393,-1.343369079404,0.95003223874
    ));
#9625 = ORIENTED_EDGE('',*,*,#9626,.F.);
#9626 = EDGE_CURVE('',#9566,#9618,#9627,.T.);
#9627 = B_SPLINE_CURVE_WITH_KNOTS('',3,(#9628,#9629,#9630,#9631),
  .UNSPECIFIED.,.F.,.F.,(4,4),(2.,3.),.PIECEWISE_BEZIER_KNOTS.);
#9628 = CARTESIAN_POINT('',(0.590396120832,-1.337494447177,0.95003223874
    ));
#9629 = CARTESIAN_POINT('',(0.590396120832,-1.339236041686,0.95003223874
    ));
#9630 = CARTESIAN_POINT('',(0.591006978608,-1.340639714873,0.95003223874
    ));
#9631 = CARTESIAN_POINT('',(0.592241691134,-1.341731460686,0.95003223874
    ));
#9632 = PLANE('',#9633);
#9633 = AXIS2_PLACEMENT_3D('',#9634,#9635,#9636);
#9634 = CARTESIAN_POINT('',(0.593312316863,-1.311432265155,0.95003223874
    ));
#9635 = DIRECTION('',(0.,0.,1.));
#9636 = DIRECTION('',(1.,0.,-0.));
#9637 = ADVANCED_FACE('',(#9638,#9760),#9832,.F.);
#9638 = FACE_BOUND('',#9639,.T.);
#9639 = EDGE_LOOP('',(#9640,#9651,#9660,#9668,#9676,#9684,#9692,#9701,
    #9710,#9719,#9728,#9736,#9745,#9754));
#9640 = ORIENTED_EDGE('',*,*,#9641,.F.);
#9641 = EDGE_CURVE('',#9642,#9644,#9646,.T.);
#9642 = VERTEX_POINT('',#9643);
#9643 = CARTESIAN_POINT('',(0.59998788761,-1.310590711092,0.94903223874)
  );
#9644 = VERTEX_POINT('',#9645);
#9645 = CARTESIAN_POINT('',(0.587484798667,-1.31396992432,0.94903223874)
  );
#9646 = B_SPLINE_CURVE_WITH_KNOTS('',3,(#9647,#9648,#9649,#9650),
  .UNSPECIFIED.,.F.,.F.,(4,4),(0.,1.),.PIECEWISE_BEZIER_KNOTS.);
#9647 = CARTESIAN_POINT('',(0.59998788761,-1.310590711092,0.94903223874)
  );
#9648 = CARTESIAN_POINT('',(0.595256989091,-1.310590711092,0.94903223874
    ));
#9649 = CARTESIAN_POINT('',(0.591084960452,-1.311708450852,0.94903223874
    ));
#9650 = CARTESIAN_POINT('',(0.587484798667,-1.31396992432,0.94903223874)
  );
#9651 = ORIENTED_EDGE('',*,*,#9652,.F.);
#9652 = EDGE_CURVE('',#9653,#9642,#9655,.T.);
#9653 = VERTEX_POINT('',#9654);
#9654 = CARTESIAN_POINT('',(0.613114831304,-1.324367503483,0.94903223874
    ));
#9655 = B_SPLINE_CURVE_WITH_KNOTS('',3,(#9656,#9657,#9658,#9659),
  .UNSPECIFIED.,.F.,.F.,(4,4),(1.,2.),.PIECEWISE_BEZIER_KNOTS.);
#9656 = CARTESIAN_POINT('',(0.613114831304,-1.324367503483,0.94903223874
    ));
#9657 = CARTESIAN_POINT('',(0.613114831304,-1.315165645924,0.94903223874
    ));
#9658 = CARTESIAN_POINT('',(0.608734851081,-1.310590711092,0.94903223874
    ));
#9659 = CARTESIAN_POINT('',(0.59998788761,-1.310590711092,0.94903223874)
  );
#9660 = ORIENTED_EDGE('',*,*,#9661,.F.);
#9661 = EDGE_CURVE('',#9662,#9653,#9664,.T.);
#9662 = VERTEX_POINT('',#9663);
#9663 = CARTESIAN_POINT('',(0.613114831304,-1.347736062652,0.94903223874
    ));
#9664 = LINE('',#9665,#9666);
#9665 = CARTESIAN_POINT('',(0.613114831304,-1.324367503483,0.94903223874
    ));
#9666 = VECTOR('',#9667,1.);
#9667 = DIRECTION('',(-0.,1.,-0.));
#9668 = ORIENTED_EDGE('',*,*,#9669,.F.);
#9669 = EDGE_CURVE('',#9670,#9662,#9672,.T.);
#9670 = VERTEX_POINT('',#9671);
#9671 = CARTESIAN_POINT('',(0.606746314066,-1.347736062652,0.94903223874
    ));
#9672 = LINE('',#9673,#9674);
#9673 = CARTESIAN_POINT('',(0.613114831304,-1.347736062652,0.94903223874
    ));
#9674 = VECTOR('',#9675,1.);
#9675 = DIRECTION('',(1.,-0.,-0.));
#9676 = ORIENTED_EDGE('',*,*,#9677,.F.);
#9677 = EDGE_CURVE('',#9678,#9670,#9680,.T.);
#9678 = VERTEX_POINT('',#9679);
#9679 = CARTESIAN_POINT('',(0.606746314066,-1.342121369904,0.94903223874
    ));
#9680 = LINE('',#9681,#9682);
#9681 = CARTESIAN_POINT('',(0.606746314066,-1.347736062652,0.94903223874
    ));
#9682 = VECTOR('',#9683,1.);
#9683 = DIRECTION('',(-0.,-1.,-0.));
#9684 = ORIENTED_EDGE('',*,*,#9685,.F.);
#9685 = EDGE_CURVE('',#9686,#9678,#9688,.T.);
#9686 = VERTEX_POINT('',#9687);
#9687 = CARTESIAN_POINT('',(0.606577353405,-1.342121369904,0.94903223874
    ));
#9688 = LINE('',#9689,#9690);
#9689 = CARTESIAN_POINT('',(0.606746314066,-1.342121369904,0.94903223874
    ));
#9690 = VECTOR('',#9691,1.);
#9691 = DIRECTION('',(1.,-0.,-0.));
#9692 = ORIENTED_EDGE('',*,*,#9693,.F.);
#9693 = EDGE_CURVE('',#9694,#9686,#9696,.T.);
#9694 = VERTEX_POINT('',#9695);
#9695 = CARTESIAN_POINT('',(0.595451943701,-1.348593862933,0.94903223874
    ));
#9696 = B_SPLINE_CURVE_WITH_KNOTS('',3,(#9697,#9698,#9699,#9700),
  .UNSPECIFIED.,.F.,.F.,(4,4),(6.,7.),.PIECEWISE_BEZIER_KNOTS.);
#9697 = CARTESIAN_POINT('',(0.595451943701,-1.348593862933,0.94903223874
    ));
#9698 = CARTESIAN_POINT('',(0.600351802881,-1.348593862933,0.94903223874
    ));
#9699 = CARTESIAN_POINT('',(0.604068937432,-1.346436365257,0.94903223874
    ));
#9700 = CARTESIAN_POINT('',(0.606577353405,-1.342121369904,0.94903223874
    ));
#9701 = ORIENTED_EDGE('',*,*,#9702,.F.);
#9702 = EDGE_CURVE('',#9703,#9694,#9705,.T.);
#9703 = VERTEX_POINT('',#9704);
#9704 = CARTESIAN_POINT('',(0.587055898526,-1.345734528664,0.94903223874
    ));
#9705 = B_SPLINE_CURVE_WITH_KNOTS('',3,(#9706,#9707,#9708,#9709),
  .UNSPECIFIED.,.F.,.F.,(4,4),(7.,8.),.PIECEWISE_BEZIER_KNOTS.);
#9706 = CARTESIAN_POINT('',(0.587055898526,-1.345734528664,0.94903223874
    ));
#9707 = CARTESIAN_POINT('',(0.589135414359,-1.347632086861,0.94903223874
    ));
#9708 = CARTESIAN_POINT('',(0.591929763759,-1.348593862933,0.94903223874
    ));
#9709 = CARTESIAN_POINT('',(0.595451943701,-1.348593862933,0.94903223874
    ));
#9710 = ORIENTED_EDGE('',*,*,#9711,.F.);
#9711 = EDGE_CURVE('',#9712,#9703,#9714,.T.);
#9712 = VERTEX_POINT('',#9713);
#9713 = CARTESIAN_POINT('',(0.583936624777,-1.338014326135,0.94903223874
    ));
#9714 = B_SPLINE_CURVE_WITH_KNOTS('',3,(#9715,#9716,#9717,#9718),
  .UNSPECIFIED.,.F.,.F.,(4,4),(8.,9.),.PIECEWISE_BEZIER_KNOTS.);
#9715 = CARTESIAN_POINT('',(0.583936624777,-1.338014326135,0.94903223874
    ));
#9716 = CARTESIAN_POINT('',(0.583936624777,-1.341263569623,0.94903223874
    ));
#9717 = CARTESIAN_POINT('',(0.584976382694,-1.343836970466,0.94903223874
    ));
#9718 = CARTESIAN_POINT('',(0.587055898526,-1.345734528664,0.94903223874
    ));
#9719 = ORIENTED_EDGE('',*,*,#9720,.F.);
#9720 = EDGE_CURVE('',#9721,#9712,#9723,.T.);
#9721 = VERTEX_POINT('',#9722);
#9722 = CARTESIAN_POINT('',(0.595984819633,-1.326161085889,0.94903223874
    ));
#9723 = B_SPLINE_CURVE_WITH_KNOTS('',3,(#9724,#9725,#9726,#9727),
  .UNSPECIFIED.,.F.,.F.,(4,4),(9.,10.),.PIECEWISE_BEZIER_KNOTS.);
#9724 = CARTESIAN_POINT('',(0.595984819633,-1.326161085889,0.94903223874
    ));
#9725 = CARTESIAN_POINT('',(0.587952689729,-1.327278825649,0.94903223874
    ));
#9726 = CARTESIAN_POINT('',(0.583936624777,-1.331229905731,0.94903223874
    ));
#9727 = CARTESIAN_POINT('',(0.583936624777,-1.338014326135,0.94903223874
    ));
#9728 = ORIENTED_EDGE('',*,*,#9729,.F.);
#9729 = EDGE_CURVE('',#9730,#9721,#9732,.T.);
#9730 = VERTEX_POINT('',#9731);
#9731 = CARTESIAN_POINT('',(0.606746314066,-1.32465343691,0.94903223874)
  );
#9732 = LINE('',#9733,#9734);
#9733 = CARTESIAN_POINT('',(0.595984819633,-1.326161085889,0.94903223874
    ));
#9734 = VECTOR('',#9735,1.);
#9735 = DIRECTION('',(-0.990328603988,-0.138741688482,-0.));
#9736 = ORIENTED_EDGE('',*,*,#9737,.F.);
#9737 = EDGE_CURVE('',#9738,#9730,#9740,.T.);
#9738 = VERTEX_POINT('',#9739);
#9739 = CARTESIAN_POINT('',(0.599390026809,-1.315763506726,0.94903223874
    ));
#9740 = B_SPLINE_CURVE_WITH_KNOTS('',3,(#9741,#9742,#9743,#9744),
  .UNSPECIFIED.,.F.,.F.,(4,4),(11.,12.),.PIECEWISE_BEZIER_KNOTS.);
#9741 = CARTESIAN_POINT('',(0.599390026809,-1.315763506726,0.94903223874
    ));
#9742 = CARTESIAN_POINT('',(0.604289885989,-1.315763506726,0.94903223874
    ));
#9743 = CARTESIAN_POINT('',(0.606746314066,-1.318726816787,0.94903223874
    ));
#9744 = CARTESIAN_POINT('',(0.606746314066,-1.32465343691,0.94903223874)
  );
#9745 = ORIENTED_EDGE('',*,*,#9746,.F.);
#9746 = EDGE_CURVE('',#9747,#9738,#9749,.T.);
#9747 = VERTEX_POINT('',#9748);
#9748 = CARTESIAN_POINT('',(0.587484798667,-1.320156483922,0.94903223874
    ));
#9749 = B_SPLINE_CURVE_WITH_KNOTS('',3,(#9750,#9751,#9752,#9753),
  .UNSPECIFIED.,.F.,.F.,(4,4),(12.,13.),.PIECEWISE_BEZIER_KNOTS.);
#9750 = CARTESIAN_POINT('',(0.587484798667,-1.320156483922,0.94903223874
    ));
#9751 = CARTESIAN_POINT('',(0.591071963478,-1.317245161756,0.94903223874
    ));
#9752 = CARTESIAN_POINT('',(0.595036040534,-1.315763506726,0.94903223874
    ));
#9753 = CARTESIAN_POINT('',(0.599390026809,-1.315763506726,0.94903223874
    ));
#9754 = ORIENTED_EDGE('',*,*,#9755,.F.);
#9755 = EDGE_CURVE('',#9644,#9747,#9756,.T.);
#9756 = LINE('',#9757,#9758);
#9757 = CARTESIAN_POINT('',(0.587484798667,-1.320156483922,0.94903223874
    ));
#9758 = VECTOR('',#9759,1.);
#9759 = DIRECTION('',(-0.,-1.,-0.));
#9760 = FACE_BOUND('',#9761,.T.);
#9761 = EDGE_LOOP('',(#9762,#9773,#9782,#9791,#9800,#9809,#9818,#9826));
#9762 = ORIENTED_EDGE('',*,*,#9763,.T.);
#9763 = EDGE_CURVE('',#9764,#9766,#9768,.T.);
#9764 = VERTEX_POINT('',#9765);
#9765 = CARTESIAN_POINT('',(0.598246293101,-1.330658038877,0.94903223874
    ));
#9766 = VERTEX_POINT('',#9767);
#9767 = CARTESIAN_POINT('',(0.592085727446,-1.332893518397,0.94903223874
    ));
#9768 = B_SPLINE_CURVE_WITH_KNOTS('',3,(#9769,#9770,#9771,#9772),
  .UNSPECIFIED.,.F.,.F.,(4,4),(0.,1.),.PIECEWISE_BEZIER_KNOTS.);
#9769 = CARTESIAN_POINT('',(0.598246293101,-1.330658038877,0.94903223874
    ));
#9770 = CARTESIAN_POINT('',(0.595269986065,-1.331073942044,0.94903223874
    ));
#9771 = CARTESIAN_POINT('',(0.59321646418,-1.331801772585,0.94903223874)
  );
#9772 = CARTESIAN_POINT('',(0.592085727446,-1.332893518397,0.94903223874
    ));
#9773 = ORIENTED_EDGE('',*,*,#9774,.T.);
#9774 = EDGE_CURVE('',#9766,#9775,#9777,.T.);
#9775 = VERTEX_POINT('',#9776);
#9776 = CARTESIAN_POINT('',(0.590396120832,-1.337494447177,0.94903223874
    ));
#9777 = B_SPLINE_CURVE_WITH_KNOTS('',3,(#9778,#9779,#9780,#9781),
  .UNSPECIFIED.,.F.,.F.,(4,4),(1.,2.),.PIECEWISE_BEZIER_KNOTS.);
#9778 = CARTESIAN_POINT('',(0.592085727446,-1.332893518397,0.94903223874
    ));
#9779 = CARTESIAN_POINT('',(0.590967987686,-1.333985264209,0.94903223874
    ));
#9780 = CARTESIAN_POINT('',(0.590396120832,-1.335518907136,0.94903223874
    ));
#9781 = CARTESIAN_POINT('',(0.590396120832,-1.337494447177,0.94903223874
    ));
#9782 = ORIENTED_EDGE('',*,*,#9783,.T.);
#9783 = EDGE_CURVE('',#9775,#9784,#9786,.T.);
#9784 = VERTEX_POINT('',#9785);
#9785 = CARTESIAN_POINT('',(0.592241691134,-1.341731460686,0.94903223874
    ));
#9786 = B_SPLINE_CURVE_WITH_KNOTS('',3,(#9787,#9788,#9789,#9790),
  .UNSPECIFIED.,.F.,.F.,(4,4),(2.,3.),.PIECEWISE_BEZIER_KNOTS.);
#9787 = CARTESIAN_POINT('',(0.590396120832,-1.337494447177,0.94903223874
    ));
#9788 = CARTESIAN_POINT('',(0.590396120832,-1.339236041686,0.94903223874
    ));
#9789 = CARTESIAN_POINT('',(0.591006978608,-1.340639714873,0.94903223874
    ));
#9790 = CARTESIAN_POINT('',(0.592241691134,-1.341731460686,0.94903223874
    ));
#9791 = ORIENTED_EDGE('',*,*,#9792,.T.);
#9792 = EDGE_CURVE('',#9784,#9793,#9795,.T.);
#9793 = VERTEX_POINT('',#9794);
#9794 = CARTESIAN_POINT('',(0.597102559393,-1.343369079404,0.94903223874
    ));
#9795 = B_SPLINE_CURVE_WITH_KNOTS('',3,(#9796,#9797,#9798,#9799),
  .UNSPECIFIED.,.F.,.F.,(4,4),(3.,4.),.PIECEWISE_BEZIER_KNOTS.);
#9796 = CARTESIAN_POINT('',(0.592241691134,-1.341731460686,0.94903223874
    ));
#9797 = CARTESIAN_POINT('',(0.593463406686,-1.342823206498,0.94903223874
    ));
#9798 = CARTESIAN_POINT('',(0.59508802843,-1.343369079404,0.94903223874)
  );
#9799 = CARTESIAN_POINT('',(0.597102559393,-1.343369079404,0.94903223874
    ));
#9800 = ORIENTED_EDGE('',*,*,#9801,.T.);
#9801 = EDGE_CURVE('',#9793,#9802,#9804,.T.);
#9802 = VERTEX_POINT('',#9803);
#9803 = CARTESIAN_POINT('',(0.604016949536,-1.340405769342,0.94903223874
    ));
#9804 = B_SPLINE_CURVE_WITH_KNOTS('',3,(#9805,#9806,#9807,#9808),
  .UNSPECIFIED.,.F.,.F.,(4,4),(4.,5.),.PIECEWISE_BEZIER_KNOTS.);
#9805 = CARTESIAN_POINT('',(0.597102559393,-1.343369079404,0.94903223874
    ));
#9806 = CARTESIAN_POINT('',(0.599896908793,-1.343369079404,0.94903223874
    ));
#9807 = CARTESIAN_POINT('',(0.602210370156,-1.342381309383,0.94903223874
    ));
#9808 = CARTESIAN_POINT('',(0.604016949536,-1.340405769342,0.94903223874
    ));
#9809 = ORIENTED_EDGE('',*,*,#9810,.T.);
#9810 = EDGE_CURVE('',#9802,#9811,#9813,.T.);
#9811 = VERTEX_POINT('',#9812);
#9812 = CARTESIAN_POINT('',(0.606746314066,-1.332997494189,0.94903223874
    ));
#9813 = B_SPLINE_CURVE_WITH_KNOTS('',3,(#9814,#9815,#9816,#9817),
  .UNSPECIFIED.,.F.,.F.,(4,4),(5.,6.),.PIECEWISE_BEZIER_KNOTS.);
#9814 = CARTESIAN_POINT('',(0.604016949536,-1.340405769342,0.94903223874
    ));
#9815 = CARTESIAN_POINT('',(0.60583652589,-1.338456223249,0.94903223874)
  );
#9816 = CARTESIAN_POINT('',(0.606746314066,-1.335986798198,0.94903223874
    ));
#9817 = CARTESIAN_POINT('',(0.606746314066,-1.332997494189,0.94903223874
    ));
#9818 = ORIENTED_EDGE('',*,*,#9819,.T.);
#9819 = EDGE_CURVE('',#9811,#9820,#9822,.T.);
#9820 = VERTEX_POINT('',#9821);
#9821 = CARTESIAN_POINT('',(0.606746314066,-1.329514305169,0.94903223874
    ));
#9822 = LINE('',#9823,#9824);
#9823 = CARTESIAN_POINT('',(0.606746314066,-1.332997494189,0.94903223874
    ));
#9824 = VECTOR('',#9825,1.);
#9825 = DIRECTION('',(0.,1.,0.));
#9826 = ORIENTED_EDGE('',*,*,#9827,.T.);
#9827 = EDGE_CURVE('',#9820,#9764,#9828,.T.);
#9828 = LINE('',#9829,#9830);
#9829 = CARTESIAN_POINT('',(0.606746314066,-1.329514305169,0.94903223874
    ));
#9830 = VECTOR('',#9831,1.);
#9831 = DIRECTION('',(-0.9910683663,-0.133354764894,0.));
#9832 = PLANE('',#9833);
#9833 = AXIS2_PLACEMENT_3D('',#9834,#9835,#9836);
#9834 = CARTESIAN_POINT('',(0.593312316863,-1.311432265155,0.94903223874
    ));
#9835 = DIRECTION('',(0.,0.,1.));
#9836 = DIRECTION('',(1.,0.,-0.));
#9837 = ADVANCED_FACE('',(#9838),#9854,.F.);
#9838 = FACE_BOUND('',#9839,.F.);
#9839 = EDGE_LOOP('',(#9840,#9846,#9847,#9853));
#9840 = ORIENTED_EDGE('',*,*,#9841,.F.);
#9841 = EDGE_CURVE('',#9442,#9642,#9842,.T.);
#9842 = LINE('',#9843,#9844);
#9843 = CARTESIAN_POINT('',(0.59998788761,-1.310590711092,0.95003223874)
  );
#9844 = VECTOR('',#9845,1.);
#9845 = DIRECTION('',(-0.,-0.,-1.));
#9846 = ORIENTED_EDGE('',*,*,#9441,.T.);
#9847 = ORIENTED_EDGE('',*,*,#9848,.T.);
#9848 = EDGE_CURVE('',#9444,#9644,#9849,.T.);
#9849 = LINE('',#9850,#9851);
#9850 = CARTESIAN_POINT('',(0.587484798667,-1.31396992432,0.95003223874)
  );
#9851 = VECTOR('',#9852,1.);
#9852 = DIRECTION('',(-0.,-0.,-1.));
#9853 = ORIENTED_EDGE('',*,*,#9641,.F.);
#9854 = B_SPLINE_SURFACE_WITH_KNOTS('',3,1,(
    (#9855,#9856)
    ,(#9857,#9858)
    ,(#9859,#9860)
    ,(#9861,#9862
    )),.UNSPECIFIED.,.F.,.F.,.F.,(4,4),(2,2),(0.,1.),(0.,1.),
  .PIECEWISE_BEZIER_KNOTS.);
#9855 = CARTESIAN_POINT('',(0.59998788761,-1.310590711092,0.95003223874)
  );
#9856 = CARTESIAN_POINT('',(0.59998788761,-1.310590711092,0.94903223874)
  );
#9857 = CARTESIAN_POINT('',(0.595256989091,-1.310590711092,0.95003223874
    ));
#9858 = CARTESIAN_POINT('',(0.595256989091,-1.310590711092,0.94903223874
    ));
#9859 = CARTESIAN_POINT('',(0.591084960452,-1.311708450852,0.95003223874
    ));
#9860 = CARTESIAN_POINT('',(0.591084960452,-1.311708450852,0.94903223874
    ));
#9861 = CARTESIAN_POINT('',(0.587484798667,-1.31396992432,0.95003223874)
  );
#9862 = CARTESIAN_POINT('',(0.587484798667,-1.31396992432,0.94903223874)
  );
#9863 = ADVANCED_FACE('',(#9864),#9875,.F.);
#9864 = FACE_BOUND('',#9865,.T.);
#9865 = EDGE_LOOP('',(#9866,#9867,#9873,#9874));
#9866 = ORIENTED_EDGE('',*,*,#9755,.T.);
#9867 = ORIENTED_EDGE('',*,*,#9868,.F.);
#9868 = EDGE_CURVE('',#9453,#9747,#9869,.T.);
#9869 = LINE('',#9870,#9871);
#9870 = CARTESIAN_POINT('',(0.587484798667,-1.320156483922,0.95003223874
    ));
#9871 = VECTOR('',#9872,1.);
#9872 = DIRECTION('',(-0.,-0.,-1.));
#9873 = ORIENTED_EDGE('',*,*,#9452,.F.);
#9874 = ORIENTED_EDGE('',*,*,#9848,.T.);
#9875 = PLANE('',#9876);
#9876 = AXIS2_PLACEMENT_3D('',#9877,#9878,#9879);
#9877 = CARTESIAN_POINT('',(0.587484798667,-1.320156483922,0.95003223874
    ));
#9878 = DIRECTION('',(1.,0.,0.));
#9879 = DIRECTION('',(0.,0.,-1.));
#9880 = ADVANCED_FACE('',(#9881),#9892,.F.);
#9881 = FACE_BOUND('',#9882,.F.);
#9882 = EDGE_LOOP('',(#9883,#9884,#9885,#9891));
#9883 = ORIENTED_EDGE('',*,*,#9868,.F.);
#9884 = ORIENTED_EDGE('',*,*,#9460,.T.);
#9885 = ORIENTED_EDGE('',*,*,#9886,.T.);
#9886 = EDGE_CURVE('',#9461,#9738,#9887,.T.);
#9887 = LINE('',#9888,#9889);
#9888 = CARTESIAN_POINT('',(0.599390026809,-1.315763506726,0.95003223874
    ));
#9889 = VECTOR('',#9890,1.);
#9890 = DIRECTION('',(-0.,-0.,-1.));
#9891 = ORIENTED_EDGE('',*,*,#9746,.F.);
#9892 = B_SPLINE_SURFACE_WITH_KNOTS('',3,1,(
    (#9893,#9894)
    ,(#9895,#9896)
    ,(#9897,#9898)
    ,(#9899,#9900
    )),.UNSPECIFIED.,.F.,.F.,.F.,(4,4),(2,2),(12.,13.),(0.,1.),
  .PIECEWISE_BEZIER_KNOTS.);
#9893 = CARTESIAN_POINT('',(0.587484798667,-1.320156483922,0.95003223874
    ));
#9894 = CARTESIAN_POINT('',(0.587484798667,-1.320156483922,0.94903223874
    ));
#9895 = CARTESIAN_POINT('',(0.591071963478,-1.317245161756,0.95003223874
    ));
#9896 = CARTESIAN_POINT('',(0.591071963478,-1.317245161756,0.94903223874
    ));
#9897 = CARTESIAN_POINT('',(0.595036040534,-1.315763506726,0.95003223874
    ));
#9898 = CARTESIAN_POINT('',(0.595036040534,-1.315763506726,0.94903223874
    ));
#9899 = CARTESIAN_POINT('',(0.599390026809,-1.315763506726,0.95003223874
    ));
#9900 = CARTESIAN_POINT('',(0.599390026809,-1.315763506726,0.94903223874
    ));
#9901 = ADVANCED_FACE('',(#9902),#9913,.F.);
#9902 = FACE_BOUND('',#9903,.F.);
#9903 = EDGE_LOOP('',(#9904,#9905,#9906,#9912));
#9904 = ORIENTED_EDGE('',*,*,#9886,.F.);
#9905 = ORIENTED_EDGE('',*,*,#9469,.T.);
#9906 = ORIENTED_EDGE('',*,*,#9907,.T.);
#9907 = EDGE_CURVE('',#9470,#9730,#9908,.T.);
#9908 = LINE('',#9909,#9910);
#9909 = CARTESIAN_POINT('',(0.606746314066,-1.32465343691,0.95003223874)
  );
#9910 = VECTOR('',#9911,1.);
#9911 = DIRECTION('',(-0.,-0.,-1.));
#9912 = ORIENTED_EDGE('',*,*,#9737,.F.);
#9913 = B_SPLINE_SURFACE_WITH_KNOTS('',3,1,(
    (#9914,#9915)
    ,(#9916,#9917)
    ,(#9918,#9919)
    ,(#9920,#9921
    )),.UNSPECIFIED.,.F.,.F.,.F.,(4,4),(2,2),(11.,12.),(0.,1.),
  .PIECEWISE_BEZIER_KNOTS.);
#9914 = CARTESIAN_POINT('',(0.599390026809,-1.315763506726,0.95003223874
    ));
#9915 = CARTESIAN_POINT('',(0.599390026809,-1.315763506726,0.94903223874
    ));
#9916 = CARTESIAN_POINT('',(0.604289885989,-1.315763506726,0.95003223874
    ));
#9917 = CARTESIAN_POINT('',(0.604289885989,-1.315763506726,0.94903223874
    ));
#9918 = CARTESIAN_POINT('',(0.606746314066,-1.318726816787,0.95003223874
    ));
#9919 = CARTESIAN_POINT('',(0.606746314066,-1.318726816787,0.94903223874
    ));
#9920 = CARTESIAN_POINT('',(0.606746314066,-1.32465343691,0.95003223874)
  );
#9921 = CARTESIAN_POINT('',(0.606746314066,-1.32465343691,0.94903223874)
  );
#9922 = ADVANCED_FACE('',(#9923),#9934,.F.);
#9923 = FACE_BOUND('',#9924,.T.);
#9924 = EDGE_LOOP('',(#9925,#9926,#9932,#9933));
#9925 = ORIENTED_EDGE('',*,*,#9729,.T.);
#9926 = ORIENTED_EDGE('',*,*,#9927,.F.);
#9927 = EDGE_CURVE('',#9479,#9721,#9928,.T.);
#9928 = LINE('',#9929,#9930);
#9929 = CARTESIAN_POINT('',(0.595984819633,-1.326161085889,0.95003223874
    ));
#9930 = VECTOR('',#9931,1.);
#9931 = DIRECTION('',(-0.,-0.,-1.));
#9932 = ORIENTED_EDGE('',*,*,#9478,.F.);
#9933 = ORIENTED_EDGE('',*,*,#9907,.T.);
#9934 = PLANE('',#9935);
#9935 = AXIS2_PLACEMENT_3D('',#9936,#9937,#9938);
#9936 = CARTESIAN_POINT('',(0.595984819633,-1.326161085889,0.95003223874
    ));
#9937 = DIRECTION('',(0.138741688482,-0.990328603988,0.));
#9938 = DIRECTION('',(0.990328603988,0.138741688482,0.));
#9939 = ADVANCED_FACE('',(#9940),#9951,.F.);
#9940 = FACE_BOUND('',#9941,.F.);
#9941 = EDGE_LOOP('',(#9942,#9943,#9944,#9950));
#9942 = ORIENTED_EDGE('',*,*,#9927,.F.);
#9943 = ORIENTED_EDGE('',*,*,#9486,.T.);
#9944 = ORIENTED_EDGE('',*,*,#9945,.T.);
#9945 = EDGE_CURVE('',#9487,#9712,#9946,.T.);
#9946 = LINE('',#9947,#9948);
#9947 = CARTESIAN_POINT('',(0.583936624777,-1.338014326135,0.95003223874
    ));
#9948 = VECTOR('',#9949,1.);
#9949 = DIRECTION('',(-0.,-0.,-1.));
#9950 = ORIENTED_EDGE('',*,*,#9720,.F.);
#9951 = B_SPLINE_SURFACE_WITH_KNOTS('',3,1,(
    (#9952,#9953)
    ,(#9954,#9955)
    ,(#9956,#9957)
    ,(#9958,#9959
    )),.UNSPECIFIED.,.F.,.F.,.F.,(4,4),(2,2),(9.,10.),(0.,1.),
  .PIECEWISE_BEZIER_KNOTS.);
#9952 = CARTESIAN_POINT('',(0.595984819633,-1.326161085889,0.95003223874
    ));
#9953 = CARTESIAN_POINT('',(0.595984819633,-1.326161085889,0.94903223874
    ));
#9954 = CARTESIAN_POINT('',(0.587952689729,-1.327278825649,0.95003223874
    ));
#9955 = CARTESIAN_POINT('',(0.587952689729,-1.327278825649,0.94903223874
    ));
#9956 = CARTESIAN_POINT('',(0.583936624777,-1.331229905731,0.95003223874
    ));
#9957 = CARTESIAN_POINT('',(0.583936624777,-1.331229905731,0.94903223874
    ));
#9958 = CARTESIAN_POINT('',(0.583936624777,-1.338014326135,0.95003223874
    ));
#9959 = CARTESIAN_POINT('',(0.583936624777,-1.338014326135,0.94903223874
    ));
#9960 = ADVANCED_FACE('',(#9961),#9972,.F.);
#9961 = FACE_BOUND('',#9962,.F.);
#9962 = EDGE_LOOP('',(#9963,#9964,#9965,#9971));
#9963 = ORIENTED_EDGE('',*,*,#9945,.F.);
#9964 = ORIENTED_EDGE('',*,*,#9495,.T.);
#9965 = ORIENTED_EDGE('',*,*,#9966,.T.);
#9966 = EDGE_CURVE('',#9496,#9703,#9967,.T.);
#9967 = LINE('',#9968,#9969);
#9968 = CARTESIAN_POINT('',(0.587055898526,-1.345734528664,0.95003223874
    ));
#9969 = VECTOR('',#9970,1.);
#9970 = DIRECTION('',(-0.,-0.,-1.));
#9971 = ORIENTED_EDGE('',*,*,#9711,.F.);
#9972 = B_SPLINE_SURFACE_WITH_KNOTS('',3,1,(
    (#9973,#9974)
    ,(#9975,#9976)
    ,(#9977,#9978)
    ,(#9979,#9980
    )),.UNSPECIFIED.,.F.,.F.,.F.,(4,4),(2,2),(8.,9.),(0.,1.),
  .PIECEWISE_BEZIER_KNOTS.);
#9973 = CARTESIAN_POINT('',(0.583936624777,-1.338014326135,0.95003223874
    ));
#9974 = CARTESIAN_POINT('',(0.583936624777,-1.338014326135,0.94903223874
    ));
#9975 = CARTESIAN_POINT('',(0.583936624777,-1.341263569623,0.95003223874
    ));
#9976 = CARTESIAN_POINT('',(0.583936624777,-1.341263569623,0.94903223874
    ));
#9977 = CARTESIAN_POINT('',(0.584976382694,-1.343836970466,0.95003223874
    ));
#9978 = CARTESIAN_POINT('',(0.584976382694,-1.343836970466,0.94903223874
    ));
#9979 = CARTESIAN_POINT('',(0.587055898526,-1.345734528664,0.95003223874
    ));
#9980 = CARTESIAN_POINT('',(0.587055898526,-1.345734528664,0.94903223874
    ));
#9981 = ADVANCED_FACE('',(#9982),#9993,.F.);
#9982 = FACE_BOUND('',#9983,.F.);
#9983 = EDGE_LOOP('',(#9984,#9985,#9986,#9992));
#9984 = ORIENTED_EDGE('',*,*,#9966,.F.);
#9985 = ORIENTED_EDGE('',*,*,#9504,.T.);
#9986 = ORIENTED_EDGE('',*,*,#9987,.T.);
#9987 = EDGE_CURVE('',#9505,#9694,#9988,.T.);
#9988 = LINE('',#9989,#9990);
#9989 = CARTESIAN_POINT('',(0.595451943701,-1.348593862933,0.95003223874
    ));
#9990 = VECTOR('',#9991,1.);
#9991 = DIRECTION('',(-0.,-0.,-1.));
#9992 = ORIENTED_EDGE('',*,*,#9702,.F.);
#9993 = B_SPLINE_SURFACE_WITH_KNOTS('',3,1,(
    (#9994,#9995)
    ,(#9996,#9997)
    ,(#9998,#9999)
    ,(#10000,#10001
    )),.UNSPECIFIED.,.F.,.F.,.F.,(4,4),(2,2),(7.,8.),(0.,1.),
  .PIECEWISE_BEZIER_KNOTS.);
#9994 = CARTESIAN_POINT('',(0.587055898526,-1.345734528664,0.95003223874
    ));
#9995 = CARTESIAN_POINT('',(0.587055898526,-1.345734528664,0.94903223874
    ));
#9996 = CARTESIAN_POINT('',(0.589135414359,-1.347632086861,0.95003223874
    ));
#9997 = CARTESIAN_POINT('',(0.589135414359,-1.347632086861,0.94903223874
    ));
#9998 = CARTESIAN_POINT('',(0.591929763759,-1.348593862933,0.95003223874
    ));
#9999 = CARTESIAN_POINT('',(0.591929763759,-1.348593862933,0.94903223874
    ));
#10000 = CARTESIAN_POINT('',(0.595451943701,-1.348593862933,
    0.95003223874));
#10001 = CARTESIAN_POINT('',(0.595451943701,-1.348593862933,
    0.94903223874));
#10002 = ADVANCED_FACE('',(#10003),#10014,.F.);
#10003 = FACE_BOUND('',#10004,.F.);
#10004 = EDGE_LOOP('',(#10005,#10006,#10007,#10013));
#10005 = ORIENTED_EDGE('',*,*,#9987,.F.);
#10006 = ORIENTED_EDGE('',*,*,#9513,.T.);
#10007 = ORIENTED_EDGE('',*,*,#10008,.T.);
#10008 = EDGE_CURVE('',#9514,#9686,#10009,.T.);
#10009 = LINE('',#10010,#10011);
#10010 = CARTESIAN_POINT('',(0.606577353405,-1.342121369904,
    0.95003223874));
#10011 = VECTOR('',#10012,1.);
#10012 = DIRECTION('',(-0.,-0.,-1.));
#10013 = ORIENTED_EDGE('',*,*,#9693,.F.);
#10014 = B_SPLINE_SURFACE_WITH_KNOTS('',3,1,(
    (#10015,#10016)
    ,(#10017,#10018)
    ,(#10019,#10020)
    ,(#10021,#10022
    )),.UNSPECIFIED.,.F.,.F.,.F.,(4,4),(2,2),(6.,7.),(0.,1.),
  .PIECEWISE_BEZIER_KNOTS.);
#10015 = CARTESIAN_POINT('',(0.595451943701,-1.348593862933,
    0.95003223874));
#10016 = CARTESIAN_POINT('',(0.595451943701,-1.348593862933,
    0.94903223874));
#10017 = CARTESIAN_POINT('',(0.600351802881,-1.348593862933,
    0.95003223874));
#10018 = CARTESIAN_POINT('',(0.600351802881,-1.348593862933,
    0.94903223874));
#10019 = CARTESIAN_POINT('',(0.604068937432,-1.346436365257,
    0.95003223874));
#10020 = CARTESIAN_POINT('',(0.604068937432,-1.346436365257,
    0.94903223874));
#10021 = CARTESIAN_POINT('',(0.606577353405,-1.342121369904,
    0.95003223874));
#10022 = CARTESIAN_POINT('',(0.606577353405,-1.342121369904,
    0.94903223874));
#10023 = ADVANCED_FACE('',(#10024),#10035,.F.);
#10024 = FACE_BOUND('',#10025,.T.);
#10025 = EDGE_LOOP('',(#10026,#10027,#10033,#10034));
#10026 = ORIENTED_EDGE('',*,*,#9685,.T.);
#10027 = ORIENTED_EDGE('',*,*,#10028,.F.);
#10028 = EDGE_CURVE('',#9523,#9678,#10029,.T.);
#10029 = LINE('',#10030,#10031);
#10030 = CARTESIAN_POINT('',(0.606746314066,-1.342121369904,
    0.95003223874));
#10031 = VECTOR('',#10032,1.);
#10032 = DIRECTION('',(-0.,-0.,-1.));
#10033 = ORIENTED_EDGE('',*,*,#9522,.F.);
#10034 = ORIENTED_EDGE('',*,*,#10008,.T.);
#10035 = PLANE('',#10036);
#10036 = AXIS2_PLACEMENT_3D('',#10037,#10038,#10039);
#10037 = CARTESIAN_POINT('',(0.606746314066,-1.342121369904,
    0.95003223874));
#10038 = DIRECTION('',(0.,1.,-0.));
#10039 = DIRECTION('',(0.,0.,1.));
#10040 = ADVANCED_FACE('',(#10041),#10052,.F.);
#10041 = FACE_BOUND('',#10042,.T.);
#10042 = EDGE_LOOP('',(#10043,#10044,#10050,#10051));
#10043 = ORIENTED_EDGE('',*,*,#9677,.T.);
#10044 = ORIENTED_EDGE('',*,*,#10045,.F.);
#10045 = EDGE_CURVE('',#9531,#9670,#10046,.T.);
#10046 = LINE('',#10047,#10048);
#10047 = CARTESIAN_POINT('',(0.606746314066,-1.347736062652,
    0.95003223874));
#10048 = VECTOR('',#10049,1.);
#10049 = DIRECTION('',(-0.,-0.,-1.));
#10050 = ORIENTED_EDGE('',*,*,#9530,.F.);
#10051 = ORIENTED_EDGE('',*,*,#10028,.T.);
#10052 = PLANE('',#10053);
#10053 = AXIS2_PLACEMENT_3D('',#10054,#10055,#10056);
#10054 = CARTESIAN_POINT('',(0.606746314066,-1.347736062652,
    0.95003223874));
#10055 = DIRECTION('',(1.,0.,0.));
#10056 = DIRECTION('',(0.,0.,-1.));
#10057 = ADVANCED_FACE('',(#10058),#10069,.F.);
#10058 = FACE_BOUND('',#10059,.T.);
#10059 = EDGE_LOOP('',(#10060,#10061,#10067,#10068));
#10060 = ORIENTED_EDGE('',*,*,#9669,.T.);
#10061 = ORIENTED_EDGE('',*,*,#10062,.F.);
#10062 = EDGE_CURVE('',#9539,#9662,#10063,.T.);
#10063 = LINE('',#10064,#10065);
#10064 = CARTESIAN_POINT('',(0.613114831304,-1.347736062652,
    0.95003223874));
#10065 = VECTOR('',#10066,1.);
#10066 = DIRECTION('',(-0.,-0.,-1.));
#10067 = ORIENTED_EDGE('',*,*,#9538,.F.);
#10068 = ORIENTED_EDGE('',*,*,#10045,.T.);
#10069 = PLANE('',#10070);
#10070 = AXIS2_PLACEMENT_3D('',#10071,#10072,#10073);
#10071 = CARTESIAN_POINT('',(0.613114831304,-1.347736062652,
    0.95003223874));
#10072 = DIRECTION('',(0.,1.,-0.));
#10073 = DIRECTION('',(0.,0.,1.));
#10074 = ADVANCED_FACE('',(#10075),#10086,.F.);
#10075 = FACE_BOUND('',#10076,.T.);
#10076 = EDGE_LOOP('',(#10077,#10078,#10084,#10085));
#10077 = ORIENTED_EDGE('',*,*,#9661,.T.);
#10078 = ORIENTED_EDGE('',*,*,#10079,.F.);
#10079 = EDGE_CURVE('',#9547,#9653,#10080,.T.);
#10080 = LINE('',#10081,#10082);
#10081 = CARTESIAN_POINT('',(0.613114831304,-1.324367503483,
    0.95003223874));
#10082 = VECTOR('',#10083,1.);
#10083 = DIRECTION('',(-0.,-0.,-1.));
#10084 = ORIENTED_EDGE('',*,*,#9546,.F.);
#10085 = ORIENTED_EDGE('',*,*,#10062,.T.);
#10086 = PLANE('',#10087);
#10087 = AXIS2_PLACEMENT_3D('',#10088,#10089,#10090);
#10088 = CARTESIAN_POINT('',(0.613114831304,-1.324367503483,
    0.95003223874));
#10089 = DIRECTION('',(-1.,0.,0.));
#10090 = DIRECTION('',(0.,0.,1.));
#10091 = ADVANCED_FACE('',(#10092),#10098,.F.);
#10092 = FACE_BOUND('',#10093,.F.);
#10093 = EDGE_LOOP('',(#10094,#10095,#10096,#10097));
#10094 = ORIENTED_EDGE('',*,*,#10079,.F.);
#10095 = ORIENTED_EDGE('',*,*,#9554,.T.);
#10096 = ORIENTED_EDGE('',*,*,#9841,.T.);
#10097 = ORIENTED_EDGE('',*,*,#9652,.F.);
#10098 = B_SPLINE_SURFACE_WITH_KNOTS('',3,1,(
    (#10099,#10100)
    ,(#10101,#10102)
    ,(#10103,#10104)
    ,(#10105,#10106
    )),.UNSPECIFIED.,.F.,.F.,.F.,(4,4),(2,2),(1.,2.),(0.,1.),
  .PIECEWISE_BEZIER_KNOTS.);
#10099 = CARTESIAN_POINT('',(0.613114831304,-1.324367503483,
    0.95003223874));
#10100 = CARTESIAN_POINT('',(0.613114831304,-1.324367503483,
    0.94903223874));
#10101 = CARTESIAN_POINT('',(0.613114831304,-1.315165645924,
    0.95003223874));
#10102 = CARTESIAN_POINT('',(0.613114831304,-1.315165645924,
    0.94903223874));
#10103 = CARTESIAN_POINT('',(0.608734851081,-1.310590711092,
    0.95003223874));
#10104 = CARTESIAN_POINT('',(0.608734851081,-1.310590711092,
    0.94903223874));
#10105 = CARTESIAN_POINT('',(0.59998788761,-1.310590711092,0.95003223874
    ));
#10106 = CARTESIAN_POINT('',(0.59998788761,-1.310590711092,0.94903223874
    ));
#10107 = ADVANCED_FACE('',(#10108),#10124,.T.);
#10108 = FACE_BOUND('',#10109,.T.);
#10109 = EDGE_LOOP('',(#10110,#10111,#10117,#10118));
#10110 = ORIENTED_EDGE('',*,*,#9763,.F.);
#10111 = ORIENTED_EDGE('',*,*,#10112,.F.);
#10112 = EDGE_CURVE('',#9575,#9764,#10113,.T.);
#10113 = LINE('',#10114,#10115);
#10114 = CARTESIAN_POINT('',(0.598246293101,-1.330658038877,
    0.95003223874));
#10115 = VECTOR('',#10116,1.);
#10116 = DIRECTION('',(-0.,-0.,-1.));
#10117 = ORIENTED_EDGE('',*,*,#9574,.T.);
#10118 = ORIENTED_EDGE('',*,*,#10119,.T.);
#10119 = EDGE_CURVE('',#9564,#9766,#10120,.T.);
#10120 = LINE('',#10121,#10122);
#10121 = CARTESIAN_POINT('',(0.592085727446,-1.332893518397,
    0.95003223874));
#10122 = VECTOR('',#10123,1.);
#10123 = DIRECTION('',(-0.,-0.,-1.));
#10124 = B_SPLINE_SURFACE_WITH_KNOTS('',3,1,(
    (#10125,#10126)
    ,(#10127,#10128)
    ,(#10129,#10130)
    ,(#10131,#10132
    )),.UNSPECIFIED.,.F.,.F.,.F.,(4,4),(2,2),(0.,1.),(0.,1.),
  .PIECEWISE_BEZIER_KNOTS.);
#10125 = CARTESIAN_POINT('',(0.598246293101,-1.330658038877,
    0.95003223874));
#10126 = CARTESIAN_POINT('',(0.598246293101,-1.330658038877,
    0.94903223874));
#10127 = CARTESIAN_POINT('',(0.595269986065,-1.331073942044,
    0.95003223874));
#10128 = CARTESIAN_POINT('',(0.595269986065,-1.331073942044,
    0.94903223874));
#10129 = CARTESIAN_POINT('',(0.59321646418,-1.331801772585,0.95003223874
    ));
#10130 = CARTESIAN_POINT('',(0.59321646418,-1.331801772585,0.94903223874
    ));
#10131 = CARTESIAN_POINT('',(0.592085727446,-1.332893518397,
    0.95003223874));
#10132 = CARTESIAN_POINT('',(0.592085727446,-1.332893518397,
    0.94903223874));
#10133 = ADVANCED_FACE('',(#10134),#10145,.T.);
#10134 = FACE_BOUND('',#10135,.T.);
#10135 = EDGE_LOOP('',(#10136,#10137,#10138,#10139));
#10136 = ORIENTED_EDGE('',*,*,#9774,.F.);
#10137 = ORIENTED_EDGE('',*,*,#10119,.F.);
#10138 = ORIENTED_EDGE('',*,*,#9563,.T.);
#10139 = ORIENTED_EDGE('',*,*,#10140,.T.);
#10140 = EDGE_CURVE('',#9566,#9775,#10141,.T.);
#10141 = LINE('',#10142,#10143);
#10142 = CARTESIAN_POINT('',(0.590396120832,-1.337494447177,
    0.95003223874));
#10143 = VECTOR('',#10144,1.);
#10144 = DIRECTION('',(-0.,-0.,-1.));
#10145 = B_SPLINE_SURFACE_WITH_KNOTS('',3,1,(
    (#10146,#10147)
    ,(#10148,#10149)
    ,(#10150,#10151)
    ,(#10152,#10153
    )),.UNSPECIFIED.,.F.,.F.,.F.,(4,4),(2,2),(1.,2.),(0.,1.),
  .PIECEWISE_BEZIER_KNOTS.);
#10146 = CARTESIAN_POINT('',(0.592085727446,-1.332893518397,
    0.95003223874));
#10147 = CARTESIAN_POINT('',(0.592085727446,-1.332893518397,
    0.94903223874));
#10148 = CARTESIAN_POINT('',(0.590967987686,-1.333985264209,
    0.95003223874));
#10149 = CARTESIAN_POINT('',(0.590967987686,-1.333985264209,
    0.94903223874));
#10150 = CARTESIAN_POINT('',(0.590396120832,-1.335518907136,
    0.95003223874));
#10151 = CARTESIAN_POINT('',(0.590396120832,-1.335518907136,
    0.94903223874));
#10152 = CARTESIAN_POINT('',(0.590396120832,-1.337494447177,
    0.95003223874));
#10153 = CARTESIAN_POINT('',(0.590396120832,-1.337494447177,
    0.94903223874));
#10154 = ADVANCED_FACE('',(#10155),#10166,.T.);
#10155 = FACE_BOUND('',#10156,.T.);
#10156 = EDGE_LOOP('',(#10157,#10158,#10159,#10160));
#10157 = ORIENTED_EDGE('',*,*,#9783,.F.);
#10158 = ORIENTED_EDGE('',*,*,#10140,.F.);
#10159 = ORIENTED_EDGE('',*,*,#9626,.T.);
#10160 = ORIENTED_EDGE('',*,*,#10161,.T.);
#10161 = EDGE_CURVE('',#9618,#9784,#10162,.T.);
#10162 = LINE('',#10163,#10164);
#10163 = CARTESIAN_POINT('',(0.592241691134,-1.341731460686,
    0.95003223874));
#10164 = VECTOR('',#10165,1.);
#10165 = DIRECTION('',(-0.,-0.,-1.));
#10166 = B_SPLINE_SURFACE_WITH_KNOTS('',3,1,(
    (#10167,#10168)
    ,(#10169,#10170)
    ,(#10171,#10172)
    ,(#10173,#10174
    )),.UNSPECIFIED.,.F.,.F.,.F.,(4,4),(2,2),(2.,3.),(0.,1.),
  .PIECEWISE_BEZIER_KNOTS.);
#10167 = CARTESIAN_POINT('',(0.590396120832,-1.337494447177,
    0.95003223874));
#10168 = CARTESIAN_POINT('',(0.590396120832,-1.337494447177,
    0.94903223874));
#10169 = CARTESIAN_POINT('',(0.590396120832,-1.339236041686,
    0.95003223874));
#10170 = CARTESIAN_POINT('',(0.590396120832,-1.339236041686,
    0.94903223874));
#10171 = CARTESIAN_POINT('',(0.591006978608,-1.340639714873,
    0.95003223874));
#10172 = CARTESIAN_POINT('',(0.591006978608,-1.340639714873,
    0.94903223874));
#10173 = CARTESIAN_POINT('',(0.592241691134,-1.341731460686,
    0.95003223874));
#10174 = CARTESIAN_POINT('',(0.592241691134,-1.341731460686,
    0.94903223874));
#10175 = ADVANCED_FACE('',(#10176),#10187,.T.);
#10176 = FACE_BOUND('',#10177,.T.);
#10177 = EDGE_LOOP('',(#10178,#10179,#10180,#10181));
#10178 = ORIENTED_EDGE('',*,*,#9792,.F.);
#10179 = ORIENTED_EDGE('',*,*,#10161,.F.);
#10180 = ORIENTED_EDGE('',*,*,#9617,.T.);
#10181 = ORIENTED_EDGE('',*,*,#10182,.T.);
#10182 = EDGE_CURVE('',#9609,#9793,#10183,.T.);
#10183 = LINE('',#10184,#10185);
#10184 = CARTESIAN_POINT('',(0.597102559393,-1.343369079404,
    0.95003223874));
#10185 = VECTOR('',#10186,1.);
#10186 = DIRECTION('',(-0.,-0.,-1.));
#10187 = B_SPLINE_SURFACE_WITH_KNOTS('',3,1,(
    (#10188,#10189)
    ,(#10190,#10191)
    ,(#10192,#10193)
    ,(#10194,#10195
    )),.UNSPECIFIED.,.F.,.F.,.F.,(4,4),(2,2),(3.,4.),(0.,1.),
  .PIECEWISE_BEZIER_KNOTS.);
#10188 = CARTESIAN_POINT('',(0.592241691134,-1.341731460686,
    0.95003223874));
#10189 = CARTESIAN_POINT('',(0.592241691134,-1.341731460686,
    0.94903223874));
#10190 = CARTESIAN_POINT('',(0.593463406686,-1.342823206498,
    0.95003223874));
#10191 = CARTESIAN_POINT('',(0.593463406686,-1.342823206498,
    0.94903223874));
#10192 = CARTESIAN_POINT('',(0.59508802843,-1.343369079404,0.95003223874
    ));
#10193 = CARTESIAN_POINT('',(0.59508802843,-1.343369079404,0.94903223874
    ));
#10194 = CARTESIAN_POINT('',(0.597102559393,-1.343369079404,
    0.95003223874));
#10195 = CARTESIAN_POINT('',(0.597102559393,-1.343369079404,
    0.94903223874));
#10196 = ADVANCED_FACE('',(#10197),#10208,.T.);
#10197 = FACE_BOUND('',#10198,.T.);
#10198 = EDGE_LOOP('',(#10199,#10200,#10201,#10202));
#10199 = ORIENTED_EDGE('',*,*,#9801,.F.);
#10200 = ORIENTED_EDGE('',*,*,#10182,.F.);
#10201 = ORIENTED_EDGE('',*,*,#9608,.T.);
#10202 = ORIENTED_EDGE('',*,*,#10203,.T.);
#10203 = EDGE_CURVE('',#9600,#9802,#10204,.T.);
#10204 = LINE('',#10205,#10206);
#10205 = CARTESIAN_POINT('',(0.604016949536,-1.340405769342,
    0.95003223874));
#10206 = VECTOR('',#10207,1.);
#10207 = DIRECTION('',(-0.,-0.,-1.));
#10208 = B_SPLINE_SURFACE_WITH_KNOTS('',3,1,(
    (#10209,#10210)
    ,(#10211,#10212)
    ,(#10213,#10214)
    ,(#10215,#10216
    )),.UNSPECIFIED.,.F.,.F.,.F.,(4,4),(2,2),(4.,5.),(0.,1.),
  .PIECEWISE_BEZIER_KNOTS.);
#10209 = CARTESIAN_POINT('',(0.597102559393,-1.343369079404,
    0.95003223874));
#10210 = CARTESIAN_POINT('',(0.597102559393,-1.343369079404,
    0.94903223874));
#10211 = CARTESIAN_POINT('',(0.599896908793,-1.343369079404,
    0.95003223874));
#10212 = CARTESIAN_POINT('',(0.599896908793,-1.343369079404,
    0.94903223874));
#10213 = CARTESIAN_POINT('',(0.602210370156,-1.342381309383,
    0.95003223874));
#10214 = CARTESIAN_POINT('',(0.602210370156,-1.342381309383,
    0.94903223874));
#10215 = CARTESIAN_POINT('',(0.604016949536,-1.340405769342,
    0.95003223874));
#10216 = CARTESIAN_POINT('',(0.604016949536,-1.340405769342,
    0.94903223874));
#10217 = ADVANCED_FACE('',(#10218),#10229,.T.);
#10218 = FACE_BOUND('',#10219,.T.);
#10219 = EDGE_LOOP('',(#10220,#10221,#10222,#10223));
#10220 = ORIENTED_EDGE('',*,*,#9810,.F.);
#10221 = ORIENTED_EDGE('',*,*,#10203,.F.);
#10222 = ORIENTED_EDGE('',*,*,#9599,.T.);
#10223 = ORIENTED_EDGE('',*,*,#10224,.T.);
#10224 = EDGE_CURVE('',#9592,#9811,#10225,.T.);
#10225 = LINE('',#10226,#10227);
#10226 = CARTESIAN_POINT('',(0.606746314066,-1.332997494189,
    0.95003223874));
#10227 = VECTOR('',#10228,1.);
#10228 = DIRECTION('',(-0.,-0.,-1.));
#10229 = B_SPLINE_SURFACE_WITH_KNOTS('',3,1,(
    (#10230,#10231)
    ,(#10232,#10233)
    ,(#10234,#10235)
    ,(#10236,#10237
    )),.UNSPECIFIED.,.F.,.F.,.F.,(4,4),(2,2),(5.,6.),(0.,1.),
  .PIECEWISE_BEZIER_KNOTS.);
#10230 = CARTESIAN_POINT('',(0.604016949536,-1.340405769342,
    0.95003223874));
#10231 = CARTESIAN_POINT('',(0.604016949536,-1.340405769342,
    0.94903223874));
#10232 = CARTESIAN_POINT('',(0.60583652589,-1.338456223249,0.95003223874
    ));
#10233 = CARTESIAN_POINT('',(0.60583652589,-1.338456223249,0.94903223874
    ));
#10234 = CARTESIAN_POINT('',(0.606746314066,-1.335986798198,
    0.95003223874));
#10235 = CARTESIAN_POINT('',(0.606746314066,-1.335986798198,
    0.94903223874));
#10236 = CARTESIAN_POINT('',(0.606746314066,-1.332997494189,
    0.95003223874));
#10237 = CARTESIAN_POINT('',(0.606746314066,-1.332997494189,
    0.94903223874));
#10238 = ADVANCED_FACE('',(#10239),#10250,.T.);
#10239 = FACE_BOUND('',#10240,.T.);
#10240 = EDGE_LOOP('',(#10241,#10242,#10243,#10244));
#10241 = ORIENTED_EDGE('',*,*,#9819,.F.);
#10242 = ORIENTED_EDGE('',*,*,#10224,.F.);
#10243 = ORIENTED_EDGE('',*,*,#9591,.T.);
#10244 = ORIENTED_EDGE('',*,*,#10245,.T.);
#10245 = EDGE_CURVE('',#9584,#9820,#10246,.T.);
#10246 = LINE('',#10247,#10248);
#10247 = CARTESIAN_POINT('',(0.606746314066,-1.329514305169,
    0.95003223874));
#10248 = VECTOR('',#10249,1.);
#10249 = DIRECTION('',(-0.,-0.,-1.));
#10250 = PLANE('',#10251);
#10251 = AXIS2_PLACEMENT_3D('',#10252,#10253,#10254);
#10252 = CARTESIAN_POINT('',(0.606746314066,-1.332997494189,
    0.95003223874));
#10253 = DIRECTION('',(-1.,0.,0.));
#10254 = DIRECTION('',(0.,0.,1.));
#10255 = ADVANCED_FACE('',(#10256),#10262,.T.);
#10256 = FACE_BOUND('',#10257,.T.);
#10257 = EDGE_LOOP('',(#10258,#10259,#10260,#10261));
#10258 = ORIENTED_EDGE('',*,*,#9827,.F.);
#10259 = ORIENTED_EDGE('',*,*,#10245,.F.);
#10260 = ORIENTED_EDGE('',*,*,#9583,.T.);
#10261 = ORIENTED_EDGE('',*,*,#10112,.T.);
#10262 = PLANE('',#10263);
#10263 = AXIS2_PLACEMENT_3D('',#10264,#10265,#10266);
#10264 = CARTESIAN_POINT('',(0.606746314066,-1.329514305169,
    0.95003223874));
#10265 = DIRECTION('',(0.133354764894,-0.9910683663,0.));
#10266 = DIRECTION('',(0.9910683663,0.133354764894,0.));
#10267 = MANIFOLD_SOLID_BREP('',#10268);
#10268 = CLOSED_SHELL('',(#10269,#10315,#10346,#10383,#10420,#10457,
    #10494,#10531,#10568,#10605,#10642,#10679,#10716,#10747,#10784,
    #10821,#10858,#10895,#10932,#10969,#11006,#11034,#11063));
#10269 = ADVANCED_FACE('',(#10270),#10306,.F.);
#10270 = FACE_BOUND('',#10271,.F.);
#10271 = EDGE_LOOP('',(#10272,#10282,#10291,#10299));
#10272 = ORIENTED_EDGE('',*,*,#10273,.F.);
#10273 = EDGE_CURVE('',#10274,#10276,#10278,.T.);
#10274 = VERTEX_POINT('',#10275);
#10275 = CARTESIAN_POINT('',(0.632220383016,-1.343395073352,
    0.95003223874));
#10276 = VERTEX_POINT('',#10277);
#10277 = CARTESIAN_POINT('',(0.632220383016,-1.343395073352,
    0.94903223874));
#10278 = LINE('',#10279,#10280);
#10279 = CARTESIAN_POINT('',(0.632220383016,-1.343395073352,
    0.95003223874));
#10280 = VECTOR('',#10281,1.);
#10281 = DIRECTION('',(-0.,-0.,-1.));
#10282 = ORIENTED_EDGE('',*,*,#10283,.T.);
#10283 = EDGE_CURVE('',#10274,#10284,#10286,.T.);
#10284 = VERTEX_POINT('',#10285);
#10285 = CARTESIAN_POINT('',(0.621744822009,-1.339885890384,
    0.95003223874));
#10286 = B_SPLINE_CURVE_WITH_KNOTS('',3,(#10287,#10288,#10289,#10290),
  .UNSPECIFIED.,.F.,.F.,(4,4),(0.,1.),.PIECEWISE_BEZIER_KNOTS.);
#10287 = CARTESIAN_POINT('',(0.632220383016,-1.343395073352,
    0.95003223874));
#10288 = CARTESIAN_POINT('',(0.628477254518,-1.343395073352,
    0.95003223874));
#10289 = CARTESIAN_POINT('',(0.624994065498,-1.342225345696,
    0.95003223874));
#10290 = CARTESIAN_POINT('',(0.621744822009,-1.339885890384,
    0.95003223874));
#10291 = ORIENTED_EDGE('',*,*,#10292,.T.);
#10292 = EDGE_CURVE('',#10284,#10293,#10295,.T.);
#10293 = VERTEX_POINT('',#10294);
#10294 = CARTESIAN_POINT('',(0.621744822009,-1.339885890384,
    0.94903223874));
#10295 = LINE('',#10296,#10297);
#10296 = CARTESIAN_POINT('',(0.621744822009,-1.339885890384,
    0.95003223874));
#10297 = VECTOR('',#10298,1.);
#10298 = DIRECTION('',(-0.,-0.,-1.));
#10299 = ORIENTED_EDGE('',*,*,#10300,.F.);
#10300 = EDGE_CURVE('',#10276,#10293,#10301,.T.);
#10301 = B_SPLINE_CURVE_WITH_KNOTS('',3,(#10302,#10303,#10304,#10305),
  .UNSPECIFIED.,.F.,.F.,(4,4),(0.,1.),.PIECEWISE_BEZIER_KNOTS.);
#10302 = CARTESIAN_POINT('',(0.632220383016,-1.343395073352,
    0.94903223874));
#10303 = CARTESIAN_POINT('',(0.628477254518,-1.343395073352,
    0.94903223874));
#10304 = CARTESIAN_POINT('',(0.624994065498,-1.342225345696,
    0.94903223874));
#10305 = CARTESIAN_POINT('',(0.621744822009,-1.339885890384,
    0.94903223874));
#10306 = B_SPLINE_SURFACE_WITH_KNOTS('',3,1,(
    (#10307,#10308)
    ,(#10309,#10310)
    ,(#10311,#10312)
    ,(#10313,#10314
    )),.UNSPECIFIED.,.F.,.F.,.F.,(4,4),(2,2),(0.,1.),(0.,1.),
  .PIECEWISE_BEZIER_KNOTS.);
#10307 = CARTESIAN_POINT('',(0.632220383016,-1.343395073352,
    0.95003223874));
#10308 = CARTESIAN_POINT('',(0.632220383016,-1.343395073352,
    0.94903223874));
#10309 = CARTESIAN_POINT('',(0.628477254518,-1.343395073352,
    0.95003223874));
#10310 = CARTESIAN_POINT('',(0.628477254518,-1.343395073352,
    0.94903223874));
#10311 = CARTESIAN_POINT('',(0.624994065498,-1.342225345696,
    0.95003223874));
#10312 = CARTESIAN_POINT('',(0.624994065498,-1.342225345696,
    0.94903223874));
#10313 = CARTESIAN_POINT('',(0.621744822009,-1.339885890384,
    0.95003223874));
#10314 = CARTESIAN_POINT('',(0.621744822009,-1.339885890384,
    0.94903223874));
#10315 = ADVANCED_FACE('',(#10316),#10341,.F.);
#10316 = FACE_BOUND('',#10317,.T.);
#10317 = EDGE_LOOP('',(#10318,#10326,#10334,#10340));
#10318 = ORIENTED_EDGE('',*,*,#10319,.T.);
#10319 = EDGE_CURVE('',#10293,#10320,#10322,.T.);
#10320 = VERTEX_POINT('',#10321);
#10321 = CARTESIAN_POINT('',(0.621744822009,-1.346462359205,
    0.94903223874));
#10322 = LINE('',#10323,#10324);
#10323 = CARTESIAN_POINT('',(0.621744822009,-1.346462359205,
    0.94903223874));
#10324 = VECTOR('',#10325,1.);
#10325 = DIRECTION('',(-0.,-1.,-0.));
#10326 = ORIENTED_EDGE('',*,*,#10327,.F.);
#10327 = EDGE_CURVE('',#10328,#10320,#10330,.T.);
#10328 = VERTEX_POINT('',#10329);
#10329 = CARTESIAN_POINT('',(0.621744822009,-1.346462359205,
    0.95003223874));
#10330 = LINE('',#10331,#10332);
#10331 = CARTESIAN_POINT('',(0.621744822009,-1.346462359205,
    0.95003223874));
#10332 = VECTOR('',#10333,1.);
#10333 = DIRECTION('',(-0.,-0.,-1.));
#10334 = ORIENTED_EDGE('',*,*,#10335,.F.);
#10335 = EDGE_CURVE('',#10284,#10328,#10336,.T.);
#10336 = LINE('',#10337,#10338);
#10337 = CARTESIAN_POINT('',(0.621744822009,-1.346462359205,
    0.95003223874));
#10338 = VECTOR('',#10339,1.);
#10339 = DIRECTION('',(-0.,-1.,-0.));
#10340 = ORIENTED_EDGE('',*,*,#10292,.T.);
#10341 = PLANE('',#10342);
#10342 = AXIS2_PLACEMENT_3D('',#10343,#10344,#10345);
#10343 = CARTESIAN_POINT('',(0.621744822009,-1.346462359205,
    0.95003223874));
#10344 = DIRECTION('',(1.,0.,0.));
#10345 = DIRECTION('',(0.,0.,-1.));
#10346 = ADVANCED_FACE('',(#10347),#10374,.F.);
#10347 = FACE_BOUND('',#10348,.F.);
#10348 = EDGE_LOOP('',(#10349,#10350,#10359,#10367));
#10349 = ORIENTED_EDGE('',*,*,#10327,.F.);
#10350 = ORIENTED_EDGE('',*,*,#10351,.T.);
#10351 = EDGE_CURVE('',#10328,#10352,#10354,.T.);
#10352 = VERTEX_POINT('',#10353);
#10353 = CARTESIAN_POINT('',(0.631596528267,-1.348593862933,
    0.95003223874));
#10354 = B_SPLINE_CURVE_WITH_KNOTS('',3,(#10355,#10356,#10357,#10358),
  .UNSPECIFIED.,.F.,.F.,(4,4),(19.,20.),.PIECEWISE_BEZIER_KNOTS.);
#10355 = CARTESIAN_POINT('',(0.621744822009,-1.346462359205,
    0.95003223874));
#10356 = CARTESIAN_POINT('',(0.624552168383,-1.347866032392,
    0.95003223874));
#10357 = CARTESIAN_POINT('',(0.62782740582,-1.348593862933,0.95003223874
    ));
#10358 = CARTESIAN_POINT('',(0.631596528267,-1.348593862933,
    0.95003223874));
#10359 = ORIENTED_EDGE('',*,*,#10360,.T.);
#10360 = EDGE_CURVE('',#10352,#10361,#10363,.T.);
#10361 = VERTEX_POINT('',#10362);
#10362 = CARTESIAN_POINT('',(0.631596528267,-1.348593862933,
    0.94903223874));
#10363 = LINE('',#10364,#10365);
#10364 = CARTESIAN_POINT('',(0.631596528267,-1.348593862933,
    0.95003223874));
#10365 = VECTOR('',#10366,1.);
#10366 = DIRECTION('',(-0.,-0.,-1.));
#10367 = ORIENTED_EDGE('',*,*,#10368,.F.);
#10368 = EDGE_CURVE('',#10320,#10361,#10369,.T.);
#10369 = B_SPLINE_CURVE_WITH_KNOTS('',3,(#10370,#10371,#10372,#10373),
  .UNSPECIFIED.,.F.,.F.,(4,4),(19.,20.),.PIECEWISE_BEZIER_KNOTS.);
#10370 = CARTESIAN_POINT('',(0.621744822009,-1.346462359205,
    0.94903223874));
#10371 = CARTESIAN_POINT('',(0.624552168383,-1.347866032392,
    0.94903223874));
#10372 = CARTESIAN_POINT('',(0.62782740582,-1.348593862933,0.94903223874
    ));
#10373 = CARTESIAN_POINT('',(0.631596528267,-1.348593862933,
    0.94903223874));
#10374 = B_SPLINE_SURFACE_WITH_KNOTS('',3,1,(
    (#10375,#10376)
    ,(#10377,#10378)
    ,(#10379,#10380)
    ,(#10381,#10382
    )),.UNSPECIFIED.,.F.,.F.,.F.,(4,4),(2,2),(19.,20.),(0.,1.),
  .PIECEWISE_BEZIER_KNOTS.);
#10375 = CARTESIAN_POINT('',(0.621744822009,-1.346462359205,
    0.95003223874));
#10376 = CARTESIAN_POINT('',(0.621744822009,-1.346462359205,
    0.94903223874));
#10377 = CARTESIAN_POINT('',(0.624552168383,-1.347866032392,
    0.95003223874));
#10378 = CARTESIAN_POINT('',(0.624552168383,-1.347866032392,
    0.94903223874));
#10379 = CARTESIAN_POINT('',(0.62782740582,-1.348593862933,0.95003223874
    ));
#10380 = CARTESIAN_POINT('',(0.62782740582,-1.348593862933,0.94903223874
    ));
#10381 = CARTESIAN_POINT('',(0.631596528267,-1.348593862933,
    0.95003223874));
#10382 = CARTESIAN_POINT('',(0.631596528267,-1.348593862933,
    0.94903223874));
#10383 = ADVANCED_FACE('',(#10384),#10411,.F.);
#10384 = FACE_BOUND('',#10385,.F.);
#10385 = EDGE_LOOP('',(#10386,#10387,#10396,#10404));
#10386 = ORIENTED_EDGE('',*,*,#10360,.F.);
#10387 = ORIENTED_EDGE('',*,*,#10388,.T.);
#10388 = EDGE_CURVE('',#10352,#10389,#10391,.T.);
#10389 = VERTEX_POINT('',#10390);
#10390 = CARTESIAN_POINT('',(0.642176065065,-1.345708534716,
    0.95003223874));
#10391 = B_SPLINE_CURVE_WITH_KNOTS('',3,(#10392,#10393,#10394,#10395),
  .UNSPECIFIED.,.F.,.F.,(4,4),(18.,19.),.PIECEWISE_BEZIER_KNOTS.);
#10392 = CARTESIAN_POINT('',(0.631596528267,-1.348593862933,
    0.95003223874));
#10393 = CARTESIAN_POINT('',(0.635924520593,-1.348593862933,
    0.95003223874));
#10394 = CARTESIAN_POINT('',(0.639459697509,-1.347632086861,
    0.95003223874));
#10395 = CARTESIAN_POINT('',(0.642176065065,-1.345708534716,
    0.95003223874));
#10396 = ORIENTED_EDGE('',*,*,#10397,.T.);
#10397 = EDGE_CURVE('',#10389,#10398,#10400,.T.);
#10398 = VERTEX_POINT('',#10399);
#10399 = CARTESIAN_POINT('',(0.642176065065,-1.345708534716,
    0.94903223874));
#10400 = LINE('',#10401,#10402);
#10401 = CARTESIAN_POINT('',(0.642176065065,-1.345708534716,
    0.95003223874));
#10402 = VECTOR('',#10403,1.);
#10403 = DIRECTION('',(-0.,-0.,-1.));
#10404 = ORIENTED_EDGE('',*,*,#10405,.F.);
#10405 = EDGE_CURVE('',#10361,#10398,#10406,.T.);
#10406 = B_SPLINE_CURVE_WITH_KNOTS('',3,(#10407,#10408,#10409,#10410),
  .UNSPECIFIED.,.F.,.F.,(4,4),(18.,19.),.PIECEWISE_BEZIER_KNOTS.);
#10407 = CARTESIAN_POINT('',(0.631596528267,-1.348593862933,
    0.94903223874));
#10408 = CARTESIAN_POINT('',(0.635924520593,-1.348593862933,
    0.94903223874));
#10409 = CARTESIAN_POINT('',(0.639459697509,-1.347632086861,
    0.94903223874));
#10410 = CARTESIAN_POINT('',(0.642176065065,-1.345708534716,
    0.94903223874));
#10411 = B_SPLINE_SURFACE_WITH_KNOTS('',3,1,(
    (#10412,#10413)
    ,(#10414,#10415)
    ,(#10416,#10417)
    ,(#10418,#10419
    )),.UNSPECIFIED.,.F.,.F.,.F.,(4,4),(2,2),(18.,19.),(0.,1.),
  .PIECEWISE_BEZIER_KNOTS.);
#10412 = CARTESIAN_POINT('',(0.631596528267,-1.348593862933,
    0.95003223874));
#10413 = CARTESIAN_POINT('',(0.631596528267,-1.348593862933,
    0.94903223874));
#10414 = CARTESIAN_POINT('',(0.635924520593,-1.348593862933,
    0.95003223874));
#10415 = CARTESIAN_POINT('',(0.635924520593,-1.348593862933,
    0.94903223874));
#10416 = CARTESIAN_POINT('',(0.639459697509,-1.347632086861,
    0.95003223874));
#10417 = CARTESIAN_POINT('',(0.639459697509,-1.347632086861,
    0.94903223874));
#10418 = CARTESIAN_POINT('',(0.642176065065,-1.345708534716,
    0.95003223874));
#10419 = CARTESIAN_POINT('',(0.642176065065,-1.345708534716,
    0.94903223874));
#10420 = ADVANCED_FACE('',(#10421),#10448,.F.);
#10421 = FACE_BOUND('',#10422,.F.);
#10422 = EDGE_LOOP('',(#10423,#10424,#10433,#10441));
#10423 = ORIENTED_EDGE('',*,*,#10397,.F.);
#10424 = ORIENTED_EDGE('',*,*,#10425,.T.);
#10425 = EDGE_CURVE('',#10389,#10426,#10428,.T.);
#10426 = VERTEX_POINT('',#10427);
#10427 = CARTESIAN_POINT('',(0.64627011186,-1.337858362447,0.95003223874
    ));
#10428 = B_SPLINE_CURVE_WITH_KNOTS('',3,(#10429,#10430,#10431,#10432),
  .UNSPECIFIED.,.F.,.F.,(4,4),(17.,18.),.PIECEWISE_BEZIER_KNOTS.);
#10429 = CARTESIAN_POINT('',(0.642176065065,-1.345708534716,
    0.95003223874));
#10430 = CARTESIAN_POINT('',(0.644905429595,-1.343810976518,
    0.95003223874));
#10431 = CARTESIAN_POINT('',(0.64627011186,-1.34118558778,0.95003223874)
  );
#10432 = CARTESIAN_POINT('',(0.64627011186,-1.337858362447,0.95003223874
    ));
#10433 = ORIENTED_EDGE('',*,*,#10434,.T.);
#10434 = EDGE_CURVE('',#10426,#10435,#10437,.T.);
#10435 = VERTEX_POINT('',#10436);
#10436 = CARTESIAN_POINT('',(0.64627011186,-1.337858362447,0.94903223874
    ));
#10437 = LINE('',#10438,#10439);
#10438 = CARTESIAN_POINT('',(0.64627011186,-1.337858362447,0.95003223874
    ));
#10439 = VECTOR('',#10440,1.);
#10440 = DIRECTION('',(-0.,-0.,-1.));
#10441 = ORIENTED_EDGE('',*,*,#10442,.F.);
#10442 = EDGE_CURVE('',#10398,#10435,#10443,.T.);
#10443 = B_SPLINE_CURVE_WITH_KNOTS('',3,(#10444,#10445,#10446,#10447),
  .UNSPECIFIED.,.F.,.F.,(4,4),(17.,18.),.PIECEWISE_BEZIER_KNOTS.);
#10444 = CARTESIAN_POINT('',(0.642176065065,-1.345708534716,
    0.94903223874));
#10445 = CARTESIAN_POINT('',(0.644905429595,-1.343810976518,
    0.94903223874));
#10446 = CARTESIAN_POINT('',(0.64627011186,-1.34118558778,0.94903223874)
  );
#10447 = CARTESIAN_POINT('',(0.64627011186,-1.337858362447,0.94903223874
    ));
#10448 = B_SPLINE_SURFACE_WITH_KNOTS('',3,1,(
    (#10449,#10450)
    ,(#10451,#10452)
    ,(#10453,#10454)
    ,(#10455,#10456
    )),.UNSPECIFIED.,.F.,.F.,.F.,(4,4),(2,2),(17.,18.),(0.,1.),
  .PIECEWISE_BEZIER_KNOTS.);
#10449 = CARTESIAN_POINT('',(0.642176065065,-1.345708534716,
    0.95003223874));
#10450 = CARTESIAN_POINT('',(0.642176065065,-1.345708534716,
    0.94903223874));
#10451 = CARTESIAN_POINT('',(0.644905429595,-1.343810976518,
    0.95003223874));
#10452 = CARTESIAN_POINT('',(0.644905429595,-1.343810976518,
    0.94903223874));
#10453 = CARTESIAN_POINT('',(0.64627011186,-1.34118558778,0.95003223874)
  );
#10454 = CARTESIAN_POINT('',(0.64627011186,-1.34118558778,0.94903223874)
  );
#10455 = CARTESIAN_POINT('',(0.64627011186,-1.337858362447,0.95003223874
    ));
#10456 = CARTESIAN_POINT('',(0.64627011186,-1.337858362447,0.94903223874
    ));
#10457 = ADVANCED_FACE('',(#10458),#10485,.F.);
#10458 = FACE_BOUND('',#10459,.F.);
#10459 = EDGE_LOOP('',(#10460,#10461,#10470,#10478));
#10460 = ORIENTED_EDGE('',*,*,#10434,.F.);
#10461 = ORIENTED_EDGE('',*,*,#10462,.T.);
#10462 = EDGE_CURVE('',#10426,#10463,#10465,.T.);
#10463 = VERTEX_POINT('',#10464);
#10464 = CARTESIAN_POINT('',(0.644138608132,-1.331853760481,
    0.95003223874));
#10465 = B_SPLINE_CURVE_WITH_KNOTS('',3,(#10466,#10467,#10468,#10469),
  .UNSPECIFIED.,.F.,.F.,(4,4),(16.,17.),.PIECEWISE_BEZIER_KNOTS.);
#10466 = CARTESIAN_POINT('',(0.64627011186,-1.337858362447,0.95003223874
    ));
#10467 = CARTESIAN_POINT('',(0.64627011186,-1.33546691924,0.95003223874)
  );
#10468 = CARTESIAN_POINT('',(0.645555278293,-1.333465385251,
    0.95003223874));
#10469 = CARTESIAN_POINT('',(0.644138608132,-1.331853760481,
    0.95003223874));
#10470 = ORIENTED_EDGE('',*,*,#10471,.T.);
#10471 = EDGE_CURVE('',#10463,#10472,#10474,.T.);
#10472 = VERTEX_POINT('',#10473);
#10473 = CARTESIAN_POINT('',(0.644138608132,-1.331853760481,
    0.94903223874));
#10474 = LINE('',#10475,#10476);
#10475 = CARTESIAN_POINT('',(0.644138608132,-1.331853760481,
    0.95003223874));
#10476 = VECTOR('',#10477,1.);
#10477 = DIRECTION('',(-0.,-0.,-1.));
#10478 = ORIENTED_EDGE('',*,*,#10479,.F.);
#10479 = EDGE_CURVE('',#10435,#10472,#10480,.T.);
#10480 = B_SPLINE_CURVE_WITH_KNOTS('',3,(#10481,#10482,#10483,#10484),
  .UNSPECIFIED.,.F.,.F.,(4,4),(16.,17.),.PIECEWISE_BEZIER_KNOTS.);
#10481 = CARTESIAN_POINT('',(0.64627011186,-1.337858362447,0.94903223874
    ));
#10482 = CARTESIAN_POINT('',(0.64627011186,-1.33546691924,0.94903223874)
  );
#10483 = CARTESIAN_POINT('',(0.645555278293,-1.333465385251,
    0.94903223874));
#10484 = CARTESIAN_POINT('',(0.644138608132,-1.331853760481,
    0.94903223874));
#10485 = B_SPLINE_SURFACE_WITH_KNOTS('',3,1,(
    (#10486,#10487)
    ,(#10488,#10489)
    ,(#10490,#10491)
    ,(#10492,#10493
    )),.UNSPECIFIED.,.F.,.F.,.F.,(4,4),(2,2),(16.,17.),(0.,1.),
  .PIECEWISE_BEZIER_KNOTS.);
#10486 = CARTESIAN_POINT('',(0.64627011186,-1.337858362447,0.95003223874
    ));
#10487 = CARTESIAN_POINT('',(0.64627011186,-1.337858362447,0.94903223874
    ));
#10488 = CARTESIAN_POINT('',(0.64627011186,-1.33546691924,0.95003223874)
  );
#10489 = CARTESIAN_POINT('',(0.64627011186,-1.33546691924,0.94903223874)
  );
#10490 = CARTESIAN_POINT('',(0.645555278293,-1.333465385251,
    0.95003223874));
#10491 = CARTESIAN_POINT('',(0.645555278293,-1.333465385251,
    0.94903223874));
#10492 = CARTESIAN_POINT('',(0.644138608132,-1.331853760481,
    0.95003223874));
#10493 = CARTESIAN_POINT('',(0.644138608132,-1.331853760481,
    0.94903223874));
#10494 = ADVANCED_FACE('',(#10495),#10522,.F.);
#10495 = FACE_BOUND('',#10496,.F.);
#10496 = EDGE_LOOP('',(#10497,#10498,#10507,#10515));
#10497 = ORIENTED_EDGE('',*,*,#10471,.F.);
#10498 = ORIENTED_EDGE('',*,*,#10499,.T.);
#10499 = EDGE_CURVE('',#10463,#10500,#10502,.T.);
#10500 = VERTEX_POINT('',#10501);
#10501 = CARTESIAN_POINT('',(0.635924520593,-1.327148855909,
    0.95003223874));
#10502 = B_SPLINE_CURVE_WITH_KNOTS('',3,(#10503,#10504,#10505,#10506),
  .UNSPECIFIED.,.F.,.F.,(4,4),(15.,16.),.PIECEWISE_BEZIER_KNOTS.);
#10503 = CARTESIAN_POINT('',(0.644138608132,-1.331853760481,
    0.95003223874));
#10504 = CARTESIAN_POINT('',(0.642708940997,-1.33024213571,0.95003223874
    ));
#10505 = CARTESIAN_POINT('',(0.639979576467,-1.328656504888,
    0.95003223874));
#10506 = CARTESIAN_POINT('',(0.635924520593,-1.327148855909,
    0.95003223874));
#10507 = ORIENTED_EDGE('',*,*,#10508,.T.);
#10508 = EDGE_CURVE('',#10500,#10509,#10511,.T.);
#10509 = VERTEX_POINT('',#10510);
#10510 = CARTESIAN_POINT('',(0.635924520593,-1.327148855909,
    0.94903223874));
#10511 = LINE('',#10512,#10513);
#10512 = CARTESIAN_POINT('',(0.635924520593,-1.327148855909,
    0.95003223874));
#10513 = VECTOR('',#10514,1.);
#10514 = DIRECTION('',(-0.,-0.,-1.));
#10515 = ORIENTED_EDGE('',*,*,#10516,.F.);
#10516 = EDGE_CURVE('',#10472,#10509,#10517,.T.);
#10517 = B_SPLINE_CURVE_WITH_KNOTS('',3,(#10518,#10519,#10520,#10521),
  .UNSPECIFIED.,.F.,.F.,(4,4),(15.,16.),.PIECEWISE_BEZIER_KNOTS.);
#10518 = CARTESIAN_POINT('',(0.644138608132,-1.331853760481,
    0.94903223874));
#10519 = CARTESIAN_POINT('',(0.642708940997,-1.33024213571,0.94903223874
    ));
#10520 = CARTESIAN_POINT('',(0.639979576467,-1.328656504888,
    0.94903223874));
#10521 = CARTESIAN_POINT('',(0.635924520593,-1.327148855909,
    0.94903223874));
#10522 = B_SPLINE_SURFACE_WITH_KNOTS('',3,1,(
    (#10523,#10524)
    ,(#10525,#10526)
    ,(#10527,#10528)
    ,(#10529,#10530
    )),.UNSPECIFIED.,.F.,.F.,.F.,(4,4),(2,2),(15.,16.),(0.,1.),
  .PIECEWISE_BEZIER_KNOTS.);
#10523 = CARTESIAN_POINT('',(0.644138608132,-1.331853760481,
    0.95003223874));
#10524 = CARTESIAN_POINT('',(0.644138608132,-1.331853760481,
    0.94903223874));
#10525 = CARTESIAN_POINT('',(0.642708940997,-1.33024213571,0.95003223874
    ));
#10526 = CARTESIAN_POINT('',(0.642708940997,-1.33024213571,0.94903223874
    ));
#10527 = CARTESIAN_POINT('',(0.639979576467,-1.328656504888,
    0.95003223874));
#10528 = CARTESIAN_POINT('',(0.639979576467,-1.328656504888,
    0.94903223874));
#10529 = CARTESIAN_POINT('',(0.635924520593,-1.327148855909,
    0.95003223874));
#10530 = CARTESIAN_POINT('',(0.635924520593,-1.327148855909,
    0.94903223874));
#10531 = ADVANCED_FACE('',(#10532),#10559,.F.);
#10532 = FACE_BOUND('',#10533,.F.);
#10533 = EDGE_LOOP('',(#10534,#10535,#10544,#10552));
#10534 = ORIENTED_EDGE('',*,*,#10508,.F.);
#10535 = ORIENTED_EDGE('',*,*,#10536,.T.);
#10536 = EDGE_CURVE('',#10500,#10537,#10539,.T.);
#10537 = VERTEX_POINT('',#10538);
#10538 = CARTESIAN_POINT('',(0.629737960991,-1.32402958216,0.95003223874
    ));
#10539 = B_SPLINE_CURVE_WITH_KNOTS('',3,(#10540,#10541,#10542,#10543),
  .UNSPECIFIED.,.F.,.F.,(4,4),(14.,15.),.PIECEWISE_BEZIER_KNOTS.);
#10540 = CARTESIAN_POINT('',(0.635924520593,-1.327148855909,
    0.95003223874));
#10541 = CARTESIAN_POINT('',(0.632727265,-1.32590114641,0.95003223874));
#10542 = CARTESIAN_POINT('',(0.630673743116,-1.324861388493,
    0.95003223874));
#10543 = CARTESIAN_POINT('',(0.629737960991,-1.32402958216,0.95003223874
    ));
#10544 = ORIENTED_EDGE('',*,*,#10545,.T.);
#10545 = EDGE_CURVE('',#10537,#10546,#10548,.T.);
#10546 = VERTEX_POINT('',#10547);
#10547 = CARTESIAN_POINT('',(0.629737960991,-1.32402958216,0.94903223874
    ));
#10548 = LINE('',#10549,#10550);
#10549 = CARTESIAN_POINT('',(0.629737960991,-1.32402958216,0.95003223874
    ));
#10550 = VECTOR('',#10551,1.);
#10551 = DIRECTION('',(-0.,-0.,-1.));
#10552 = ORIENTED_EDGE('',*,*,#10553,.F.);
#10553 = EDGE_CURVE('',#10509,#10546,#10554,.T.);
#10554 = B_SPLINE_CURVE_WITH_KNOTS('',3,(#10555,#10556,#10557,#10558),
  .UNSPECIFIED.,.F.,.F.,(4,4),(14.,15.),.PIECEWISE_BEZIER_KNOTS.);
#10555 = CARTESIAN_POINT('',(0.635924520593,-1.327148855909,
    0.94903223874));
#10556 = CARTESIAN_POINT('',(0.632727265,-1.32590114641,0.94903223874));
#10557 = CARTESIAN_POINT('',(0.630673743116,-1.324861388493,
    0.94903223874));
#10558 = CARTESIAN_POINT('',(0.629737960991,-1.32402958216,0.94903223874
    ));
#10559 = B_SPLINE_SURFACE_WITH_KNOTS('',3,1,(
    (#10560,#10561)
    ,(#10562,#10563)
    ,(#10564,#10565)
    ,(#10566,#10567
    )),.UNSPECIFIED.,.F.,.F.,.F.,(4,4),(2,2),(14.,15.),(0.,1.),
  .PIECEWISE_BEZIER_KNOTS.);
#10560 = CARTESIAN_POINT('',(0.635924520593,-1.327148855909,
    0.95003223874));
#10561 = CARTESIAN_POINT('',(0.635924520593,-1.327148855909,
    0.94903223874));
#10562 = CARTESIAN_POINT('',(0.632727265,-1.32590114641,0.95003223874));
#10563 = CARTESIAN_POINT('',(0.632727265,-1.32590114641,0.94903223874));
#10564 = CARTESIAN_POINT('',(0.630673743116,-1.324861388493,
    0.95003223874));
#10565 = CARTESIAN_POINT('',(0.630673743116,-1.324861388493,
    0.94903223874));
#10566 = CARTESIAN_POINT('',(0.629737960991,-1.32402958216,0.95003223874
    ));
#10567 = CARTESIAN_POINT('',(0.629737960991,-1.32402958216,0.94903223874
    ));
#10568 = ADVANCED_FACE('',(#10569),#10596,.F.);
#10569 = FACE_BOUND('',#10570,.F.);
#10570 = EDGE_LOOP('',(#10571,#10572,#10581,#10589));
#10571 = ORIENTED_EDGE('',*,*,#10545,.F.);
#10572 = ORIENTED_EDGE('',*,*,#10573,.T.);
#10573 = EDGE_CURVE('',#10537,#10574,#10576,.T.);
#10574 = VERTEX_POINT('',#10575);
#10575 = CARTESIAN_POINT('',(0.628347284778,-1.320650368932,
    0.95003223874));
#10576 = B_SPLINE_CURVE_WITH_KNOTS('',3,(#10577,#10578,#10579,#10580),
  .UNSPECIFIED.,.F.,.F.,(4,4),(13.,14.),.PIECEWISE_BEZIER_KNOTS.);
#10577 = CARTESIAN_POINT('',(0.629737960991,-1.32402958216,0.95003223874
    ));
#10578 = CARTESIAN_POINT('',(0.62881517584,-1.323223769775,0.95003223874
    ));
#10579 = CARTESIAN_POINT('',(0.628347284778,-1.322106030015,
    0.95003223874));
#10580 = CARTESIAN_POINT('',(0.628347284778,-1.320650368932,
    0.95003223874));
#10581 = ORIENTED_EDGE('',*,*,#10582,.T.);
#10582 = EDGE_CURVE('',#10574,#10583,#10585,.T.);
#10583 = VERTEX_POINT('',#10584);
#10584 = CARTESIAN_POINT('',(0.628347284778,-1.320650368932,
    0.94903223874));
#10585 = LINE('',#10586,#10587);
#10586 = CARTESIAN_POINT('',(0.628347284778,-1.320650368932,
    0.95003223874));
#10587 = VECTOR('',#10588,1.);
#10588 = DIRECTION('',(-0.,-0.,-1.));
#10589 = ORIENTED_EDGE('',*,*,#10590,.F.);
#10590 = EDGE_CURVE('',#10546,#10583,#10591,.T.);
#10591 = B_SPLINE_CURVE_WITH_KNOTS('',3,(#10592,#10593,#10594,#10595),
  .UNSPECIFIED.,.F.,.F.,(4,4),(13.,14.),.PIECEWISE_BEZIER_KNOTS.);
#10592 = CARTESIAN_POINT('',(0.629737960991,-1.32402958216,0.94903223874
    ));
#10593 = CARTESIAN_POINT('',(0.62881517584,-1.323223769775,0.94903223874
    ));
#10594 = CARTESIAN_POINT('',(0.628347284778,-1.322106030015,
    0.94903223874));
#10595 = CARTESIAN_POINT('',(0.628347284778,-1.320650368932,
    0.94903223874));
#10596 = B_SPLINE_SURFACE_WITH_KNOTS('',3,1,(
    (#10597,#10598)
    ,(#10599,#10600)
    ,(#10601,#10602)
    ,(#10603,#10604
    )),.UNSPECIFIED.,.F.,.F.,.F.,(4,4),(2,2),(13.,14.),(0.,1.),
  .PIECEWISE_BEZIER_KNOTS.);
#10597 = CARTESIAN_POINT('',(0.629737960991,-1.32402958216,0.95003223874
    ));
#10598 = CARTESIAN_POINT('',(0.629737960991,-1.32402958216,0.94903223874
    ));
#10599 = CARTESIAN_POINT('',(0.62881517584,-1.323223769775,0.95003223874
    ));
#10600 = CARTESIAN_POINT('',(0.62881517584,-1.323223769775,0.94903223874
    ));
#10601 = CARTESIAN_POINT('',(0.628347284778,-1.322106030015,
    0.95003223874));
#10602 = CARTESIAN_POINT('',(0.628347284778,-1.322106030015,
    0.94903223874));
#10603 = CARTESIAN_POINT('',(0.628347284778,-1.320650368932,
    0.95003223874));
#10604 = CARTESIAN_POINT('',(0.628347284778,-1.320650368932,
    0.94903223874));
#10605 = ADVANCED_FACE('',(#10606),#10633,.F.);
#10606 = FACE_BOUND('',#10607,.F.);
#10607 = EDGE_LOOP('',(#10608,#10609,#10618,#10626));
#10608 = ORIENTED_EDGE('',*,*,#10582,.F.);
#10609 = ORIENTED_EDGE('',*,*,#10610,.T.);
#10610 = EDGE_CURVE('',#10574,#10611,#10613,.T.);
#10611 = VERTEX_POINT('',#10612);
#10612 = CARTESIAN_POINT('',(0.630283833897,-1.317115192017,
    0.95003223874));
#10613 = B_SPLINE_CURVE_WITH_KNOTS('',3,(#10614,#10615,#10616,#10617),
  .UNSPECIFIED.,.F.,.F.,(4,4),(12.,13.),.PIECEWISE_BEZIER_KNOTS.);
#10614 = CARTESIAN_POINT('',(0.628347284778,-1.320650368932,
    0.95003223874));
#10615 = CARTESIAN_POINT('',(0.628347284778,-1.31919470785,0.95003223874
    ));
#10616 = CARTESIAN_POINT('',(0.628997133476,-1.317998986246,
    0.95003223874));
#10617 = CARTESIAN_POINT('',(0.630283833897,-1.317115192017,
    0.95003223874));
#10618 = ORIENTED_EDGE('',*,*,#10619,.T.);
#10619 = EDGE_CURVE('',#10611,#10620,#10622,.T.);
#10620 = VERTEX_POINT('',#10621);
#10621 = CARTESIAN_POINT('',(0.630283833897,-1.317115192017,
    0.94903223874));
#10622 = LINE('',#10623,#10624);
#10623 = CARTESIAN_POINT('',(0.630283833897,-1.317115192017,
    0.95003223874));
#10624 = VECTOR('',#10625,1.);
#10625 = DIRECTION('',(-0.,-0.,-1.));
#10626 = ORIENTED_EDGE('',*,*,#10627,.F.);
#10627 = EDGE_CURVE('',#10583,#10620,#10628,.T.);
#10628 = B_SPLINE_CURVE_WITH_KNOTS('',3,(#10629,#10630,#10631,#10632),
  .UNSPECIFIED.,.F.,.F.,(4,4),(12.,13.),.PIECEWISE_BEZIER_KNOTS.);
#10629 = CARTESIAN_POINT('',(0.628347284778,-1.320650368932,
    0.94903223874));
#10630 = CARTESIAN_POINT('',(0.628347284778,-1.31919470785,0.94903223874
    ));
#10631 = CARTESIAN_POINT('',(0.628997133476,-1.317998986246,
    0.94903223874));
#10632 = CARTESIAN_POINT('',(0.630283833897,-1.317115192017,
    0.94903223874));
#10633 = B_SPLINE_SURFACE_WITH_KNOTS('',3,1,(
    (#10634,#10635)
    ,(#10636,#10637)
    ,(#10638,#10639)
    ,(#10640,#10641
    )),.UNSPECIFIED.,.F.,.F.,.F.,(4,4),(2,2),(12.,13.),(0.,1.),
  .PIECEWISE_BEZIER_KNOTS.);
#10634 = CARTESIAN_POINT('',(0.628347284778,-1.320650368932,
    0.95003223874));
#10635 = CARTESIAN_POINT('',(0.628347284778,-1.320650368932,
    0.94903223874));
#10636 = CARTESIAN_POINT('',(0.628347284778,-1.31919470785,0.95003223874
    ));
#10637 = CARTESIAN_POINT('',(0.628347284778,-1.31919470785,0.94903223874
    ));
#10638 = CARTESIAN_POINT('',(0.628997133476,-1.317998986246,
    0.95003223874));
#10639 = CARTESIAN_POINT('',(0.628997133476,-1.317998986246,
    0.94903223874));
#10640 = CARTESIAN_POINT('',(0.630283833897,-1.317115192017,
    0.95003223874));
#10641 = CARTESIAN_POINT('',(0.630283833897,-1.317115192017,
    0.94903223874));
#10642 = ADVANCED_FACE('',(#10643),#10670,.F.);
#10643 = FACE_BOUND('',#10644,.F.);
#10644 = EDGE_LOOP('',(#10645,#10646,#10655,#10663));
#10645 = ORIENTED_EDGE('',*,*,#10619,.F.);
#10646 = ORIENTED_EDGE('',*,*,#10647,.T.);
#10647 = EDGE_CURVE('',#10611,#10648,#10650,.T.);
#10648 = VERTEX_POINT('',#10649);
#10649 = CARTESIAN_POINT('',(0.635300665843,-1.315763506726,
    0.95003223874));
#10650 = B_SPLINE_CURVE_WITH_KNOTS('',3,(#10651,#10652,#10653,#10654),
  .UNSPECIFIED.,.F.,.F.,(4,4),(11.,12.),.PIECEWISE_BEZIER_KNOTS.);
#10651 = CARTESIAN_POINT('',(0.630283833897,-1.317115192017,
    0.95003223874));
#10652 = CARTESIAN_POINT('',(0.631570534318,-1.31620540384,0.95003223874
    ));
#10653 = CARTESIAN_POINT('',(0.633247143959,-1.315763506726,
    0.95003223874));
#10654 = CARTESIAN_POINT('',(0.635300665843,-1.315763506726,
    0.95003223874));
#10655 = ORIENTED_EDGE('',*,*,#10656,.T.);
#10656 = EDGE_CURVE('',#10648,#10657,#10659,.T.);
#10657 = VERTEX_POINT('',#10658);
#10658 = CARTESIAN_POINT('',(0.635300665843,-1.315763506726,
    0.94903223874));
#10659 = LINE('',#10660,#10661);
#10660 = CARTESIAN_POINT('',(0.635300665843,-1.315763506726,
    0.95003223874));
#10661 = VECTOR('',#10662,1.);
#10662 = DIRECTION('',(-0.,-0.,-1.));
#10663 = ORIENTED_EDGE('',*,*,#10664,.F.);
#10664 = EDGE_CURVE('',#10620,#10657,#10665,.T.);
#10665 = B_SPLINE_CURVE_WITH_KNOTS('',3,(#10666,#10667,#10668,#10669),
  .UNSPECIFIED.,.F.,.F.,(4,4),(11.,12.),.PIECEWISE_BEZIER_KNOTS.);
#10666 = CARTESIAN_POINT('',(0.630283833897,-1.317115192017,
    0.94903223874));
#10667 = CARTESIAN_POINT('',(0.631570534318,-1.31620540384,0.94903223874
    ));
#10668 = CARTESIAN_POINT('',(0.633247143959,-1.315763506726,
    0.94903223874));
#10669 = CARTESIAN_POINT('',(0.635300665843,-1.315763506726,
    0.94903223874));
#10670 = B_SPLINE_SURFACE_WITH_KNOTS('',3,1,(
    (#10671,#10672)
    ,(#10673,#10674)
    ,(#10675,#10676)
    ,(#10677,#10678
    )),.UNSPECIFIED.,.F.,.F.,.F.,(4,4),(2,2),(11.,12.),(0.,1.),
  .PIECEWISE_BEZIER_KNOTS.);
#10671 = CARTESIAN_POINT('',(0.630283833897,-1.317115192017,
    0.95003223874));
#10672 = CARTESIAN_POINT('',(0.630283833897,-1.317115192017,
    0.94903223874));
#10673 = CARTESIAN_POINT('',(0.631570534318,-1.31620540384,0.95003223874
    ));
#10674 = CARTESIAN_POINT('',(0.631570534318,-1.31620540384,0.94903223874
    ));
#10675 = CARTESIAN_POINT('',(0.633247143959,-1.315763506726,
    0.95003223874));
#10676 = CARTESIAN_POINT('',(0.633247143959,-1.315763506726,
    0.94903223874));
#10677 = CARTESIAN_POINT('',(0.635300665843,-1.315763506726,
    0.95003223874));
#10678 = CARTESIAN_POINT('',(0.635300665843,-1.315763506726,
    0.94903223874));
#10679 = ADVANCED_FACE('',(#10680),#10707,.F.);
#10680 = FACE_BOUND('',#10681,.F.);
#10681 = EDGE_LOOP('',(#10682,#10683,#10692,#10700));
#10682 = ORIENTED_EDGE('',*,*,#10656,.F.);
#10683 = ORIENTED_EDGE('',*,*,#10684,.T.);
#10684 = EDGE_CURVE('',#10648,#10685,#10687,.T.);
#10685 = VERTEX_POINT('',#10686);
#10686 = CARTESIAN_POINT('',(0.644528517351,-1.318388895464,
    0.95003223874));
#10687 = B_SPLINE_CURVE_WITH_KNOTS('',3,(#10688,#10689,#10690,#10691),
  .UNSPECIFIED.,.F.,.F.,(4,4),(10.,11.),.PIECEWISE_BEZIER_KNOTS.);
#10688 = CARTESIAN_POINT('',(0.635300665843,-1.315763506726,
    0.95003223874));
#10689 = CARTESIAN_POINT('',(0.638744863941,-1.315763506726,
    0.95003223874));
#10690 = CARTESIAN_POINT('',(0.641812149794,-1.316647300954,
    0.95003223874));
#10691 = CARTESIAN_POINT('',(0.644528517351,-1.318388895464,
    0.95003223874));
#10692 = ORIENTED_EDGE('',*,*,#10693,.T.);
#10693 = EDGE_CURVE('',#10685,#10694,#10696,.T.);
#10694 = VERTEX_POINT('',#10695);
#10695 = CARTESIAN_POINT('',(0.644528517351,-1.318388895464,
    0.94903223874));
#10696 = LINE('',#10697,#10698);
#10697 = CARTESIAN_POINT('',(0.644528517351,-1.318388895464,
    0.95003223874));
#10698 = VECTOR('',#10699,1.);
#10699 = DIRECTION('',(-0.,-0.,-1.));
#10700 = ORIENTED_EDGE('',*,*,#10701,.F.);
#10701 = EDGE_CURVE('',#10657,#10694,#10702,.T.);
#10702 = B_SPLINE_CURVE_WITH_KNOTS('',3,(#10703,#10704,#10705,#10706),
  .UNSPECIFIED.,.F.,.F.,(4,4),(10.,11.),.PIECEWISE_BEZIER_KNOTS.);
#10703 = CARTESIAN_POINT('',(0.635300665843,-1.315763506726,
    0.94903223874));
#10704 = CARTESIAN_POINT('',(0.638744863941,-1.315763506726,
    0.94903223874));
#10705 = CARTESIAN_POINT('',(0.641812149794,-1.316647300954,
    0.94903223874));
#10706 = CARTESIAN_POINT('',(0.644528517351,-1.318388895464,
    0.94903223874));
#10707 = B_SPLINE_SURFACE_WITH_KNOTS('',3,1,(
    (#10708,#10709)
    ,(#10710,#10711)
    ,(#10712,#10713)
    ,(#10714,#10715
    )),.UNSPECIFIED.,.F.,.F.,.F.,(4,4),(2,2),(10.,11.),(0.,1.),
  .PIECEWISE_BEZIER_KNOTS.);
#10708 = CARTESIAN_POINT('',(0.635300665843,-1.315763506726,
    0.95003223874));
#10709 = CARTESIAN_POINT('',(0.635300665843,-1.315763506726,
    0.94903223874));
#10710 = CARTESIAN_POINT('',(0.638744863941,-1.315763506726,
    0.95003223874));
#10711 = CARTESIAN_POINT('',(0.638744863941,-1.315763506726,
    0.94903223874));
#10712 = CARTESIAN_POINT('',(0.641812149794,-1.316647300954,
    0.95003223874));
#10713 = CARTESIAN_POINT('',(0.641812149794,-1.316647300954,
    0.94903223874));
#10714 = CARTESIAN_POINT('',(0.644528517351,-1.318388895464,
    0.95003223874));
#10715 = CARTESIAN_POINT('',(0.644528517351,-1.318388895464,
    0.94903223874));
#10716 = ADVANCED_FACE('',(#10717),#10742,.F.);
#10717 = FACE_BOUND('',#10718,.T.);
#10718 = EDGE_LOOP('',(#10719,#10727,#10735,#10741));
#10719 = ORIENTED_EDGE('',*,*,#10720,.T.);
#10720 = EDGE_CURVE('',#10694,#10721,#10723,.T.);
#10721 = VERTEX_POINT('',#10722);
#10722 = CARTESIAN_POINT('',(0.644528517351,-1.312202335862,
    0.94903223874));
#10723 = LINE('',#10724,#10725);
#10724 = CARTESIAN_POINT('',(0.644528517351,-1.312202335862,
    0.94903223874));
#10725 = VECTOR('',#10726,1.);
#10726 = DIRECTION('',(-0.,1.,-0.));
#10727 = ORIENTED_EDGE('',*,*,#10728,.F.);
#10728 = EDGE_CURVE('',#10729,#10721,#10731,.T.);
#10729 = VERTEX_POINT('',#10730);
#10730 = CARTESIAN_POINT('',(0.644528517351,-1.312202335862,
    0.95003223874));
#10731 = LINE('',#10732,#10733);
#10732 = CARTESIAN_POINT('',(0.644528517351,-1.312202335862,
    0.95003223874));
#10733 = VECTOR('',#10734,1.);
#10734 = DIRECTION('',(-0.,-0.,-1.));
#10735 = ORIENTED_EDGE('',*,*,#10736,.F.);
#10736 = EDGE_CURVE('',#10685,#10729,#10737,.T.);
#10737 = LINE('',#10738,#10739);
#10738 = CARTESIAN_POINT('',(0.644528517351,-1.312202335862,
    0.95003223874));
#10739 = VECTOR('',#10740,1.);
#10740 = DIRECTION('',(-0.,1.,-0.));
#10741 = ORIENTED_EDGE('',*,*,#10693,.T.);
#10742 = PLANE('',#10743);
#10743 = AXIS2_PLACEMENT_3D('',#10744,#10745,#10746);
#10744 = CARTESIAN_POINT('',(0.644528517351,-1.312202335862,
    0.95003223874));
#10745 = DIRECTION('',(-1.,0.,0.));
#10746 = DIRECTION('',(0.,0.,1.));
#10747 = ADVANCED_FACE('',(#10748),#10775,.F.);
#10748 = FACE_BOUND('',#10749,.F.);
#10749 = EDGE_LOOP('',(#10750,#10751,#10760,#10768));
#10750 = ORIENTED_EDGE('',*,*,#10728,.F.);
#10751 = ORIENTED_EDGE('',*,*,#10752,.T.);
#10752 = EDGE_CURVE('',#10729,#10753,#10755,.T.);
#10753 = VERTEX_POINT('',#10754);
#10754 = CARTESIAN_POINT('',(0.635924520593,-1.310590711092,
    0.95003223874));
#10755 = B_SPLINE_CURVE_WITH_KNOTS('',3,(#10756,#10757,#10758,#10759),
  .UNSPECIFIED.,.F.,.F.,(4,4),(8.,9.),.PIECEWISE_BEZIER_KNOTS.);
#10756 = CARTESIAN_POINT('',(0.644528517351,-1.312202335862,
    0.95003223874));
#10757 = CARTESIAN_POINT('',(0.641877134664,-1.31111059005,0.95003223874
    ));
#10758 = CARTESIAN_POINT('',(0.639017800394,-1.310590711092,
    0.95003223874));
#10759 = CARTESIAN_POINT('',(0.635924520593,-1.310590711092,
    0.95003223874));
#10760 = ORIENTED_EDGE('',*,*,#10761,.T.);
#10761 = EDGE_CURVE('',#10753,#10762,#10764,.T.);
#10762 = VERTEX_POINT('',#10763);
#10763 = CARTESIAN_POINT('',(0.635924520593,-1.310590711092,
    0.94903223874));
#10764 = LINE('',#10765,#10766);
#10765 = CARTESIAN_POINT('',(0.635924520593,-1.310590711092,
    0.95003223874));
#10766 = VECTOR('',#10767,1.);
#10767 = DIRECTION('',(-0.,-0.,-1.));
#10768 = ORIENTED_EDGE('',*,*,#10769,.F.);
#10769 = EDGE_CURVE('',#10721,#10762,#10770,.T.);
#10770 = B_SPLINE_CURVE_WITH_KNOTS('',3,(#10771,#10772,#10773,#10774),
  .UNSPECIFIED.,.F.,.F.,(4,4),(8.,9.),.PIECEWISE_BEZIER_KNOTS.);
#10771 = CARTESIAN_POINT('',(0.644528517351,-1.312202335862,
    0.94903223874));
#10772 = CARTESIAN_POINT('',(0.641877134664,-1.31111059005,0.94903223874
    ));
#10773 = CARTESIAN_POINT('',(0.639017800394,-1.310590711092,
    0.94903223874));
#10774 = CARTESIAN_POINT('',(0.635924520593,-1.310590711092,
    0.94903223874));
#10775 = B_SPLINE_SURFACE_WITH_KNOTS('',3,1,(
    (#10776,#10777)
    ,(#10778,#10779)
    ,(#10780,#10781)
    ,(#10782,#10783
    )),.UNSPECIFIED.,.F.,.F.,.F.,(4,4),(2,2),(8.,9.),(0.,1.),
  .PIECEWISE_BEZIER_KNOTS.);
#10776 = CARTESIAN_POINT('',(0.644528517351,-1.312202335862,
    0.95003223874));
#10777 = CARTESIAN_POINT('',(0.644528517351,-1.312202335862,
    0.94903223874));
#10778 = CARTESIAN_POINT('',(0.641877134664,-1.31111059005,0.95003223874
    ));
#10779 = CARTESIAN_POINT('',(0.641877134664,-1.31111059005,0.94903223874
    ));
#10780 = CARTESIAN_POINT('',(0.639017800394,-1.310590711092,
    0.95003223874));
#10781 = CARTESIAN_POINT('',(0.639017800394,-1.310590711092,
    0.94903223874));
#10782 = CARTESIAN_POINT('',(0.635924520593,-1.310590711092,
    0.95003223874));
#10783 = CARTESIAN_POINT('',(0.635924520593,-1.310590711092,
    0.94903223874));
#10784 = ADVANCED_FACE('',(#10785),#10812,.F.);
#10785 = FACE_BOUND('',#10786,.F.);
#10786 = EDGE_LOOP('',(#10787,#10788,#10797,#10805));
#10787 = ORIENTED_EDGE('',*,*,#10761,.F.);
#10788 = ORIENTED_EDGE('',*,*,#10789,.T.);
#10789 = EDGE_CURVE('',#10753,#10790,#10792,.T.);
#10790 = VERTEX_POINT('',#10791);
#10791 = CARTESIAN_POINT('',(0.625864862753,-1.31347603931,0.95003223874
    ));
#10792 = B_SPLINE_CURVE_WITH_KNOTS('',3,(#10793,#10794,#10795,#10796),
  .UNSPECIFIED.,.F.,.F.,(4,4),(7.,8.),.PIECEWISE_BEZIER_KNOTS.);
#10793 = CARTESIAN_POINT('',(0.635924520593,-1.310590711092,
    0.95003223874));
#10794 = CARTESIAN_POINT('',(0.631947446563,-1.310590711092,
    0.95003223874));
#10795 = CARTESIAN_POINT('',(0.628594227283,-1.311552487164,
    0.95003223874));
#10796 = CARTESIAN_POINT('',(0.625864862753,-1.31347603931,0.95003223874
    ));
#10797 = ORIENTED_EDGE('',*,*,#10798,.T.);
#10798 = EDGE_CURVE('',#10790,#10799,#10801,.T.);
#10799 = VERTEX_POINT('',#10800);
#10800 = CARTESIAN_POINT('',(0.625864862753,-1.31347603931,0.94903223874
    ));
#10801 = LINE('',#10802,#10803);
#10802 = CARTESIAN_POINT('',(0.625864862753,-1.31347603931,0.95003223874
    ));
#10803 = VECTOR('',#10804,1.);
#10804 = DIRECTION('',(-0.,-0.,-1.));
#10805 = ORIENTED_EDGE('',*,*,#10806,.F.);
#10806 = EDGE_CURVE('',#10762,#10799,#10807,.T.);
#10807 = B_SPLINE_CURVE_WITH_KNOTS('',3,(#10808,#10809,#10810,#10811),
  .UNSPECIFIED.,.F.,.F.,(4,4),(7.,8.),.PIECEWISE_BEZIER_KNOTS.);
#10808 = CARTESIAN_POINT('',(0.635924520593,-1.310590711092,
    0.94903223874));
#10809 = CARTESIAN_POINT('',(0.631947446563,-1.310590711092,
    0.94903223874));
#10810 = CARTESIAN_POINT('',(0.628594227283,-1.311552487164,
    0.94903223874));
#10811 = CARTESIAN_POINT('',(0.625864862753,-1.31347603931,0.94903223874
    ));
#10812 = B_SPLINE_SURFACE_WITH_KNOTS('',3,1,(
    (#10813,#10814)
    ,(#10815,#10816)
    ,(#10817,#10818)
    ,(#10819,#10820
    )),.UNSPECIFIED.,.F.,.F.,.F.,(4,4),(2,2),(7.,8.),(0.,1.),
  .PIECEWISE_BEZIER_KNOTS.);
#10813 = CARTESIAN_POINT('',(0.635924520593,-1.310590711092,
    0.95003223874));
#10814 = CARTESIAN_POINT('',(0.635924520593,-1.310590711092,
    0.94903223874));
#10815 = CARTESIAN_POINT('',(0.631947446563,-1.310590711092,
    0.95003223874));
#10816 = CARTESIAN_POINT('',(0.631947446563,-1.310590711092,
    0.94903223874));
#10817 = CARTESIAN_POINT('',(0.628594227283,-1.311552487164,
    0.95003223874));
#10818 = CARTESIAN_POINT('',(0.628594227283,-1.311552487164,
    0.94903223874));
#10819 = CARTESIAN_POINT('',(0.625864862753,-1.31347603931,0.95003223874
    ));
#10820 = CARTESIAN_POINT('',(0.625864862753,-1.31347603931,0.94903223874
    ));
#10821 = ADVANCED_FACE('',(#10822),#10849,.F.);
#10822 = FACE_BOUND('',#10823,.F.);
#10823 = EDGE_LOOP('',(#10824,#10825,#10834,#10842));
#10824 = ORIENTED_EDGE('',*,*,#10798,.F.);
#10825 = ORIENTED_EDGE('',*,*,#10826,.T.);
#10826 = EDGE_CURVE('',#10790,#10827,#10829,.T.);
#10827 = VERTEX_POINT('',#10828);
#10828 = CARTESIAN_POINT('',(0.621783812931,-1.321222235786,
    0.95003223874));
#10829 = B_SPLINE_CURVE_WITH_KNOTS('',3,(#10830,#10831,#10832,#10833),
  .UNSPECIFIED.,.F.,.F.,(4,4),(6.,7.),.PIECEWISE_BEZIER_KNOTS.);
#10830 = CARTESIAN_POINT('',(0.625864862753,-1.31347603931,0.95003223874
    ));
#10831 = CARTESIAN_POINT('',(0.623148495196,-1.315425585403,
    0.95003223874));
#10832 = CARTESIAN_POINT('',(0.621783812931,-1.317998986246,
    0.95003223874));
#10833 = CARTESIAN_POINT('',(0.621783812931,-1.321222235786,
    0.95003223874));
#10834 = ORIENTED_EDGE('',*,*,#10835,.T.);
#10835 = EDGE_CURVE('',#10827,#10836,#10838,.T.);
#10836 = VERTEX_POINT('',#10837);
#10837 = CARTESIAN_POINT('',(0.621783812931,-1.321222235786,
    0.94903223874));
#10838 = LINE('',#10839,#10840);
#10839 = CARTESIAN_POINT('',(0.621783812931,-1.321222235786,
    0.95003223874));
#10840 = VECTOR('',#10841,1.);
#10841 = DIRECTION('',(-0.,-0.,-1.));
#10842 = ORIENTED_EDGE('',*,*,#10843,.F.);
#10843 = EDGE_CURVE('',#10799,#10836,#10844,.T.);
#10844 = B_SPLINE_CURVE_WITH_KNOTS('',3,(#10845,#10846,#10847,#10848),
  .UNSPECIFIED.,.F.,.F.,(4,4),(6.,7.),.PIECEWISE_BEZIER_KNOTS.);
#10845 = CARTESIAN_POINT('',(0.625864862753,-1.31347603931,0.94903223874
    ));
#10846 = CARTESIAN_POINT('',(0.623148495196,-1.315425585403,
    0.94903223874));
#10847 = CARTESIAN_POINT('',(0.621783812931,-1.317998986246,
    0.94903223874));
#10848 = CARTESIAN_POINT('',(0.621783812931,-1.321222235786,
    0.94903223874));
#10849 = B_SPLINE_SURFACE_WITH_KNOTS('',3,1,(
    (#10850,#10851)
    ,(#10852,#10853)
    ,(#10854,#10855)
    ,(#10856,#10857
    )),.UNSPECIFIED.,.F.,.F.,.F.,(4,4),(2,2),(6.,7.),(0.,1.),
  .PIECEWISE_BEZIER_KNOTS.);
#10850 = CARTESIAN_POINT('',(0.625864862753,-1.31347603931,0.95003223874
    ));
#10851 = CARTESIAN_POINT('',(0.625864862753,-1.31347603931,0.94903223874
    ));
#10852 = CARTESIAN_POINT('',(0.623148495196,-1.315425585403,
    0.95003223874));
#10853 = CARTESIAN_POINT('',(0.623148495196,-1.315425585403,
    0.94903223874));
#10854 = CARTESIAN_POINT('',(0.621783812931,-1.317998986246,
    0.95003223874));
#10855 = CARTESIAN_POINT('',(0.621783812931,-1.317998986246,
    0.94903223874));
#10856 = CARTESIAN_POINT('',(0.621783812931,-1.321222235786,
    0.95003223874));
#10857 = CARTESIAN_POINT('',(0.621783812931,-1.321222235786,
    0.94903223874));
#10858 = ADVANCED_FACE('',(#10859),#10886,.F.);
#10859 = FACE_BOUND('',#10860,.F.);
#10860 = EDGE_LOOP('',(#10861,#10862,#10871,#10879));
#10861 = ORIENTED_EDGE('',*,*,#10835,.F.);
#10862 = ORIENTED_EDGE('',*,*,#10863,.T.);
#10863 = EDGE_CURVE('',#10827,#10864,#10866,.T.);
#10864 = VERTEX_POINT('',#10865);
#10865 = CARTESIAN_POINT('',(0.623590392311,-1.326966898274,
    0.95003223874));
#10866 = B_SPLINE_CURVE_WITH_KNOTS('',3,(#10867,#10868,#10869,#10870),
  .UNSPECIFIED.,.F.,.F.,(4,4),(5.,6.),.PIECEWISE_BEZIER_KNOTS.);
#10867 = CARTESIAN_POINT('',(0.621783812931,-1.321222235786,
    0.95003223874));
#10868 = CARTESIAN_POINT('',(0.621783812931,-1.323457715307,
    0.95003223874));
#10869 = CARTESIAN_POINT('',(0.622381673733,-1.325381267452,
    0.95003223874));
#10870 = CARTESIAN_POINT('',(0.623590392311,-1.326966898274,
    0.95003223874));
#10871 = ORIENTED_EDGE('',*,*,#10872,.T.);
#10872 = EDGE_CURVE('',#10864,#10873,#10875,.T.);
#10873 = VERTEX_POINT('',#10874);
#10874 = CARTESIAN_POINT('',(0.623590392311,-1.326966898274,
    0.94903223874));
#10875 = LINE('',#10876,#10877);
#10876 = CARTESIAN_POINT('',(0.623590392311,-1.326966898274,
    0.95003223874));
#10877 = VECTOR('',#10878,1.);
#10878 = DIRECTION('',(-0.,-0.,-1.));
#10879 = ORIENTED_EDGE('',*,*,#10880,.F.);
#10880 = EDGE_CURVE('',#10836,#10873,#10881,.T.);
#10881 = B_SPLINE_CURVE_WITH_KNOTS('',3,(#10882,#10883,#10884,#10885),
  .UNSPECIFIED.,.F.,.F.,(4,4),(5.,6.),.PIECEWISE_BEZIER_KNOTS.);
#10882 = CARTESIAN_POINT('',(0.621783812931,-1.321222235786,
    0.94903223874));
#10883 = CARTESIAN_POINT('',(0.621783812931,-1.323457715307,
    0.94903223874));
#10884 = CARTESIAN_POINT('',(0.622381673733,-1.325381267452,
    0.94903223874));
#10885 = CARTESIAN_POINT('',(0.623590392311,-1.326966898274,
    0.94903223874));
#10886 = B_SPLINE_SURFACE_WITH_KNOTS('',3,1,(
    (#10887,#10888)
    ,(#10889,#10890)
    ,(#10891,#10892)
    ,(#10893,#10894
    )),.UNSPECIFIED.,.F.,.F.,.F.,(4,4),(2,2),(5.,6.),(0.,1.),
  .PIECEWISE_BEZIER_KNOTS.);
#10887 = CARTESIAN_POINT('',(0.621783812931,-1.321222235786,
    0.95003223874));
#10888 = CARTESIAN_POINT('',(0.621783812931,-1.321222235786,
    0.94903223874));
#10889 = CARTESIAN_POINT('',(0.621783812931,-1.323457715307,
    0.95003223874));
#10890 = CARTESIAN_POINT('',(0.621783812931,-1.323457715307,
    0.94903223874));
#10891 = CARTESIAN_POINT('',(0.622381673733,-1.325381267452,
    0.95003223874));
#10892 = CARTESIAN_POINT('',(0.622381673733,-1.325381267452,
    0.94903223874));
#10893 = CARTESIAN_POINT('',(0.623590392311,-1.326966898274,
    0.95003223874));
#10894 = CARTESIAN_POINT('',(0.623590392311,-1.326966898274,
    0.94903223874));
#10895 = ADVANCED_FACE('',(#10896),#10923,.F.);
#10896 = FACE_BOUND('',#10897,.F.);
#10897 = EDGE_LOOP('',(#10898,#10899,#10908,#10916));
#10898 = ORIENTED_EDGE('',*,*,#10872,.F.);
#10899 = ORIENTED_EDGE('',*,*,#10900,.T.);
#10900 = EDGE_CURVE('',#10864,#10901,#10903,.T.);
#10901 = VERTEX_POINT('',#10902);
#10902 = CARTESIAN_POINT('',(0.631427567605,-1.331775778637,
    0.95003223874));
#10903 = B_SPLINE_CURVE_WITH_KNOTS('',3,(#10904,#10905,#10906,#10907),
  .UNSPECIFIED.,.F.,.F.,(4,4),(4.,5.),.PIECEWISE_BEZIER_KNOTS.);
#10904 = CARTESIAN_POINT('',(0.623590392311,-1.326966898274,
    0.95003223874));
#10905 = CARTESIAN_POINT('',(0.624786113915,-1.328552529096,
    0.95003223874));
#10906 = CARTESIAN_POINT('',(0.627411502653,-1.330164153867,
    0.95003223874));
#10907 = CARTESIAN_POINT('',(0.631427567605,-1.331775778637,
    0.95003223874));
#10908 = ORIENTED_EDGE('',*,*,#10909,.T.);
#10909 = EDGE_CURVE('',#10901,#10910,#10912,.T.);
#10910 = VERTEX_POINT('',#10911);
#10911 = CARTESIAN_POINT('',(0.631427567605,-1.331775778637,
    0.94903223874));
#10912 = LINE('',#10913,#10914);
#10913 = CARTESIAN_POINT('',(0.631427567605,-1.331775778637,
    0.95003223874));
#10914 = VECTOR('',#10915,1.);
#10915 = DIRECTION('',(-0.,-0.,-1.));
#10916 = ORIENTED_EDGE('',*,*,#10917,.F.);
#10917 = EDGE_CURVE('',#10873,#10910,#10918,.T.);
#10918 = B_SPLINE_CURVE_WITH_KNOTS('',3,(#10919,#10920,#10921,#10922),
  .UNSPECIFIED.,.F.,.F.,(4,4),(4.,5.),.PIECEWISE_BEZIER_KNOTS.);
#10919 = CARTESIAN_POINT('',(0.623590392311,-1.326966898274,
    0.94903223874));
#10920 = CARTESIAN_POINT('',(0.624786113915,-1.328552529096,
    0.94903223874));
#10921 = CARTESIAN_POINT('',(0.627411502653,-1.330164153867,
    0.94903223874));
#10922 = CARTESIAN_POINT('',(0.631427567605,-1.331775778637,
    0.94903223874));
#10923 = B_SPLINE_SURFACE_WITH_KNOTS('',3,1,(
    (#10924,#10925)
    ,(#10926,#10927)
    ,(#10928,#10929)
    ,(#10930,#10931
    )),.UNSPECIFIED.,.F.,.F.,.F.,(4,4),(2,2),(4.,5.),(0.,1.),
  .PIECEWISE_BEZIER_KNOTS.);
#10924 = CARTESIAN_POINT('',(0.623590392311,-1.326966898274,
    0.95003223874));
#10925 = CARTESIAN_POINT('',(0.623590392311,-1.326966898274,
    0.94903223874));
#10926 = CARTESIAN_POINT('',(0.624786113915,-1.328552529096,
    0.95003223874));
#10927 = CARTESIAN_POINT('',(0.624786113915,-1.328552529096,
    0.94903223874));
#10928 = CARTESIAN_POINT('',(0.627411502653,-1.330164153867,
    0.95003223874));
#10929 = CARTESIAN_POINT('',(0.627411502653,-1.330164153867,
    0.94903223874));
#10930 = CARTESIAN_POINT('',(0.631427567605,-1.331775778637,
    0.95003223874));
#10931 = CARTESIAN_POINT('',(0.631427567605,-1.331775778637,
    0.94903223874));
#10932 = ADVANCED_FACE('',(#10933),#10960,.F.);
#10933 = FACE_BOUND('',#10934,.F.);
#10934 = EDGE_LOOP('',(#10935,#10936,#10945,#10953));
#10935 = ORIENTED_EDGE('',*,*,#10909,.F.);
#10936 = ORIENTED_EDGE('',*,*,#10937,.T.);
#10937 = EDGE_CURVE('',#10901,#10938,#10940,.T.);
#10938 = VERTEX_POINT('',#10939);
#10939 = CARTESIAN_POINT('',(0.638095015243,-1.335025022126,
    0.95003223874));
#10940 = B_SPLINE_CURVE_WITH_KNOTS('',3,(#10941,#10942,#10943,#10944),
  .UNSPECIFIED.,.F.,.F.,(4,4),(3.,4.),.PIECEWISE_BEZIER_KNOTS.);
#10941 = CARTESIAN_POINT('',(0.631427567605,-1.331775778637,
    0.95003223874));
#10942 = CARTESIAN_POINT('',(0.634780786885,-1.333023488136,
    0.95003223874));
#10943 = CARTESIAN_POINT('',(0.637003269431,-1.334115233949,
    0.95003223874));
#10944 = CARTESIAN_POINT('',(0.638095015243,-1.335025022126,
    0.95003223874));
#10945 = ORIENTED_EDGE('',*,*,#10946,.T.);
#10946 = EDGE_CURVE('',#10938,#10947,#10949,.T.);
#10947 = VERTEX_POINT('',#10948);
#10948 = CARTESIAN_POINT('',(0.638095015243,-1.335025022126,
    0.94903223874));
#10949 = LINE('',#10950,#10951);
#10950 = CARTESIAN_POINT('',(0.638095015243,-1.335025022126,
    0.95003223874));
#10951 = VECTOR('',#10952,1.);
#10952 = DIRECTION('',(-0.,-0.,-1.));
#10953 = ORIENTED_EDGE('',*,*,#10954,.F.);
#10954 = EDGE_CURVE('',#10910,#10947,#10955,.T.);
#10955 = B_SPLINE_CURVE_WITH_KNOTS('',3,(#10956,#10957,#10958,#10959),
  .UNSPECIFIED.,.F.,.F.,(4,4),(3.,4.),.PIECEWISE_BEZIER_KNOTS.);
#10956 = CARTESIAN_POINT('',(0.631427567605,-1.331775778637,
    0.94903223874));
#10957 = CARTESIAN_POINT('',(0.634780786885,-1.333023488136,
    0.94903223874));
#10958 = CARTESIAN_POINT('',(0.637003269431,-1.334115233949,
    0.94903223874));
#10959 = CARTESIAN_POINT('',(0.638095015243,-1.335025022126,
    0.94903223874));
#10960 = B_SPLINE_SURFACE_WITH_KNOTS('',3,1,(
    (#10961,#10962)
    ,(#10963,#10964)
    ,(#10965,#10966)
    ,(#10967,#10968
    )),.UNSPECIFIED.,.F.,.F.,.F.,(4,4),(2,2),(3.,4.),(0.,1.),
  .PIECEWISE_BEZIER_KNOTS.);
#10961 = CARTESIAN_POINT('',(0.631427567605,-1.331775778637,
    0.95003223874));
#10962 = CARTESIAN_POINT('',(0.631427567605,-1.331775778637,
    0.94903223874));
#10963 = CARTESIAN_POINT('',(0.634780786885,-1.333023488136,
    0.95003223874));
#10964 = CARTESIAN_POINT('',(0.634780786885,-1.333023488136,
    0.94903223874));
#10965 = CARTESIAN_POINT('',(0.637003269431,-1.334115233949,
    0.95003223874));
#10966 = CARTESIAN_POINT('',(0.637003269431,-1.334115233949,
    0.94903223874));
#10967 = CARTESIAN_POINT('',(0.638095015243,-1.335025022126,
    0.95003223874));
#10968 = CARTESIAN_POINT('',(0.638095015243,-1.335025022126,
    0.94903223874));
#10969 = ADVANCED_FACE('',(#10970),#10997,.F.);
#10970 = FACE_BOUND('',#10971,.F.);
#10971 = EDGE_LOOP('',(#10972,#10973,#10982,#10990));
#10972 = ORIENTED_EDGE('',*,*,#10946,.F.);
#10973 = ORIENTED_EDGE('',*,*,#10974,.T.);
#10974 = EDGE_CURVE('',#10938,#10975,#10977,.T.);
#10975 = VERTEX_POINT('',#10976);
#10976 = CARTESIAN_POINT('',(0.639732633962,-1.338482217197,
    0.95003223874));
#10977 = B_SPLINE_CURVE_WITH_KNOTS('',3,(#10978,#10979,#10980,#10981),
  .UNSPECIFIED.,.F.,.F.,(4,4),(2.,3.),.PIECEWISE_BEZIER_KNOTS.);
#10978 = CARTESIAN_POINT('',(0.638095015243,-1.335025022126,
    0.95003223874));
#10979 = CARTESIAN_POINT('',(0.639186761056,-1.335934810302,
    0.95003223874));
#10980 = CARTESIAN_POINT('',(0.639732633962,-1.33707854401,0.95003223874
    ));
#10981 = CARTESIAN_POINT('',(0.639732633962,-1.338482217197,
    0.95003223874));
#10982 = ORIENTED_EDGE('',*,*,#10983,.T.);
#10983 = EDGE_CURVE('',#10975,#10984,#10986,.T.);
#10984 = VERTEX_POINT('',#10985);
#10985 = CARTESIAN_POINT('',(0.639732633962,-1.338482217197,
    0.94903223874));
#10986 = LINE('',#10987,#10988);
#10987 = CARTESIAN_POINT('',(0.639732633962,-1.338482217197,
    0.95003223874));
#10988 = VECTOR('',#10989,1.);
#10989 = DIRECTION('',(-0.,-0.,-1.));
#10990 = ORIENTED_EDGE('',*,*,#10991,.F.);
#10991 = EDGE_CURVE('',#10947,#10984,#10992,.T.);
#10992 = B_SPLINE_CURVE_WITH_KNOTS('',3,(#10993,#10994,#10995,#10996),
  .UNSPECIFIED.,.F.,.F.,(4,4),(2.,3.),.PIECEWISE_BEZIER_KNOTS.);
#10993 = CARTESIAN_POINT('',(0.638095015243,-1.335025022126,
    0.94903223874));
#10994 = CARTESIAN_POINT('',(0.639186761056,-1.335934810302,
    0.94903223874));
#10995 = CARTESIAN_POINT('',(0.639732633962,-1.33707854401,0.94903223874
    ));
#10996 = CARTESIAN_POINT('',(0.639732633962,-1.338482217197,
    0.94903223874));
#10997 = B_SPLINE_SURFACE_WITH_KNOTS('',3,1,(
    (#10998,#10999)
    ,(#11000,#11001)
    ,(#11002,#11003)
    ,(#11004,#11005
    )),.UNSPECIFIED.,.F.,.F.,.F.,(4,4),(2,2),(2.,3.),(0.,1.),
  .PIECEWISE_BEZIER_KNOTS.);
#10998 = CARTESIAN_POINT('',(0.638095015243,-1.335025022126,
    0.95003223874));
#10999 = CARTESIAN_POINT('',(0.638095015243,-1.335025022126,
    0.94903223874));
#11000 = CARTESIAN_POINT('',(0.639186761056,-1.335934810302,
    0.95003223874));
#11001 = CARTESIAN_POINT('',(0.639186761056,-1.335934810302,
    0.94903223874));
#11002 = CARTESIAN_POINT('',(0.639732633962,-1.33707854401,0.95003223874
    ));
#11003 = CARTESIAN_POINT('',(0.639732633962,-1.33707854401,0.94903223874
    ));
#11004 = CARTESIAN_POINT('',(0.639732633962,-1.338482217197,
    0.95003223874));
#11005 = CARTESIAN_POINT('',(0.639732633962,-1.338482217197,
    0.94903223874));
#11006 = ADVANCED_FACE('',(#11007),#11025,.F.);
#11007 = FACE_BOUND('',#11008,.F.);
#11008 = EDGE_LOOP('',(#11009,#11010,#11017,#11018));
#11009 = ORIENTED_EDGE('',*,*,#10983,.F.);
#11010 = ORIENTED_EDGE('',*,*,#11011,.T.);
#11011 = EDGE_CURVE('',#10975,#10274,#11012,.T.);
#11012 = B_SPLINE_CURVE_WITH_KNOTS('',3,(#11013,#11014,#11015,#11016),
  .UNSPECIFIED.,.F.,.F.,(4,4),(1.,2.),.PIECEWISE_BEZIER_KNOTS.);
#11013 = CARTESIAN_POINT('',(0.639732633962,-1.338482217197,
    0.95003223874));
#11014 = CARTESIAN_POINT('',(0.639732633962,-1.341757454634,
    0.95003223874));
#11015 = CARTESIAN_POINT('',(0.637224217989,-1.343395073352,
    0.95003223874));
#11016 = CARTESIAN_POINT('',(0.632220383016,-1.343395073352,
    0.95003223874));
#11017 = ORIENTED_EDGE('',*,*,#10273,.T.);
#11018 = ORIENTED_EDGE('',*,*,#11019,.F.);
#11019 = EDGE_CURVE('',#10984,#10276,#11020,.T.);
#11020 = B_SPLINE_CURVE_WITH_KNOTS('',3,(#11021,#11022,#11023,#11024),
  .UNSPECIFIED.,.F.,.F.,(4,4),(1.,2.),.PIECEWISE_BEZIER_KNOTS.);
#11021 = CARTESIAN_POINT('',(0.639732633962,-1.338482217197,
    0.94903223874));
#11022 = CARTESIAN_POINT('',(0.639732633962,-1.341757454634,
    0.94903223874));
#11023 = CARTESIAN_POINT('',(0.637224217989,-1.343395073352,
    0.94903223874));
#11024 = CARTESIAN_POINT('',(0.632220383016,-1.343395073352,
    0.94903223874));
#11025 = B_SPLINE_SURFACE_WITH_KNOTS('',3,1,(
    (#11026,#11027)
    ,(#11028,#11029)
    ,(#11030,#11031)
    ,(#11032,#11033
    )),.UNSPECIFIED.,.F.,.F.,.F.,(4,4),(2,2),(1.,2.),(0.,1.),
  .PIECEWISE_BEZIER_KNOTS.);
#11026 = CARTESIAN_POINT('',(0.639732633962,-1.338482217197,
    0.95003223874));
#11027 = CARTESIAN_POINT('',(0.639732633962,-1.338482217197,
    0.94903223874));
#11028 = CARTESIAN_POINT('',(0.639732633962,-1.341757454634,
    0.95003223874));
#11029 = CARTESIAN_POINT('',(0.639732633962,-1.341757454634,
    0.94903223874));
#11030 = CARTESIAN_POINT('',(0.637224217989,-1.343395073352,
    0.95003223874));
#11031 = CARTESIAN_POINT('',(0.637224217989,-1.343395073352,
    0.94903223874));
#11032 = CARTESIAN_POINT('',(0.632220383016,-1.343395073352,
    0.95003223874));
#11033 = CARTESIAN_POINT('',(0.632220383016,-1.343395073352,
    0.94903223874));
#11034 = ADVANCED_FACE('',(#11035),#11058,.F.);
#11035 = FACE_BOUND('',#11036,.T.);
#11036 = EDGE_LOOP('',(#11037,#11038,#11039,#11040,#11041,#11042,#11043,
    #11044,#11045,#11046,#11047,#11048,#11049,#11050,#11051,#11052,
    #11053,#11054,#11055,#11056,#11057));
#11037 = ORIENTED_EDGE('',*,*,#10283,.T.);
#11038 = ORIENTED_EDGE('',*,*,#10335,.T.);
#11039 = ORIENTED_EDGE('',*,*,#10351,.T.);
#11040 = ORIENTED_EDGE('',*,*,#10388,.T.);
#11041 = ORIENTED_EDGE('',*,*,#10425,.T.);
#11042 = ORIENTED_EDGE('',*,*,#10462,.T.);
#11043 = ORIENTED_EDGE('',*,*,#10499,.T.);
#11044 = ORIENTED_EDGE('',*,*,#10536,.T.);
#11045 = ORIENTED_EDGE('',*,*,#10573,.T.);
#11046 = ORIENTED_EDGE('',*,*,#10610,.T.);
#11047 = ORIENTED_EDGE('',*,*,#10647,.T.);
#11048 = ORIENTED_EDGE('',*,*,#10684,.T.);
#11049 = ORIENTED_EDGE('',*,*,#10736,.T.);
#11050 = ORIENTED_EDGE('',*,*,#10752,.T.);
#11051 = ORIENTED_EDGE('',*,*,#10789,.T.);
#11052 = ORIENTED_EDGE('',*,*,#10826,.T.);
#11053 = ORIENTED_EDGE('',*,*,#10863,.T.);
#11054 = ORIENTED_EDGE('',*,*,#10900,.T.);
#11055 = ORIENTED_EDGE('',*,*,#10937,.T.);
#11056 = ORIENTED_EDGE('',*,*,#10974,.T.);
#11057 = ORIENTED_EDGE('',*,*,#11011,.T.);
#11058 = PLANE('',#11059);
#11059 = AXIS2_PLACEMENT_3D('',#11060,#11061,#11062);
#11060 = CARTESIAN_POINT('',(0.626797395634,-1.34251777761,0.95003223874
    ));
#11061 = DIRECTION('',(0.,0.,-1.));
#11062 = DIRECTION('',(-1.,0.,-0.));
#11063 = ADVANCED_FACE('',(#11064),#11087,.T.);
#11064 = FACE_BOUND('',#11065,.T.);
#11065 = EDGE_LOOP('',(#11066,#11067,#11068,#11069,#11070,#11071,#11072,
    #11073,#11074,#11075,#11076,#11077,#11078,#11079,#11080,#11081,
    #11082,#11083,#11084,#11085,#11086));
#11066 = ORIENTED_EDGE('',*,*,#10300,.F.);
#11067 = ORIENTED_EDGE('',*,*,#11019,.F.);
#11068 = ORIENTED_EDGE('',*,*,#10991,.F.);
#11069 = ORIENTED_EDGE('',*,*,#10954,.F.);
#11070 = ORIENTED_EDGE('',*,*,#10917,.F.);
#11071 = ORIENTED_EDGE('',*,*,#10880,.F.);
#11072 = ORIENTED_EDGE('',*,*,#10843,.F.);
#11073 = ORIENTED_EDGE('',*,*,#10806,.F.);
#11074 = ORIENTED_EDGE('',*,*,#10769,.F.);
#11075 = ORIENTED_EDGE('',*,*,#10720,.F.);
#11076 = ORIENTED_EDGE('',*,*,#10701,.F.);
#11077 = ORIENTED_EDGE('',*,*,#10664,.F.);
#11078 = ORIENTED_EDGE('',*,*,#10627,.F.);
#11079 = ORIENTED_EDGE('',*,*,#10590,.F.);
#11080 = ORIENTED_EDGE('',*,*,#10553,.F.);
#11081 = ORIENTED_EDGE('',*,*,#10516,.F.);
#11082 = ORIENTED_EDGE('',*,*,#10479,.F.);
#11083 = ORIENTED_EDGE('',*,*,#10442,.F.);
#11084 = ORIENTED_EDGE('',*,*,#10405,.F.);
#11085 = ORIENTED_EDGE('',*,*,#10368,.F.);
#11086 = ORIENTED_EDGE('',*,*,#10319,.F.);
#11087 = PLANE('',#11088);
#11088 = AXIS2_PLACEMENT_3D('',#11089,#11090,#11091);
#11089 = CARTESIAN_POINT('',(0.626797395634,-1.34251777761,0.94903223874
    ));
#11090 = DIRECTION('',(0.,0.,-1.));
#11091 = DIRECTION('',(-1.,0.,-0.));
#11092 = MANIFOLD_SOLID_BREP('',#11093);
#11093 = CLOSED_SHELL('',(#11094,#11134,#11165,#11202,#11233,#11264,
    #11295,#11326,#11357,#11388,#11425,#11462,#11493,#11530,#11567,
    #11589,#11612));
#11094 = ADVANCED_FACE('',(#11095),#11129,.F.);
#11095 = FACE_BOUND('',#11096,.T.);
#11096 = EDGE_LOOP('',(#11097,#11107,#11115,#11123));
#11097 = ORIENTED_EDGE('',*,*,#11098,.T.);
#11098 = EDGE_CURVE('',#11099,#11101,#11103,.T.);
#11099 = VERTEX_POINT('',#11100);
#11100 = CARTESIAN_POINT('',(0.684442224363,-1.311422517425,
    0.94903223874));
#11101 = VERTEX_POINT('',#11102);
#11102 = CARTESIAN_POINT('',(0.677839761595,-1.311422517425,
    0.94903223874));
#11103 = LINE('',#11104,#11105);
#11104 = CARTESIAN_POINT('',(0.677839761595,-1.311422517425,
    0.94903223874));
#11105 = VECTOR('',#11106,1.);
#11106 = DIRECTION('',(-1.,-0.,-0.));
#11107 = ORIENTED_EDGE('',*,*,#11108,.F.);
#11108 = EDGE_CURVE('',#11109,#11101,#11111,.T.);
#11109 = VERTEX_POINT('',#11110);
#11110 = CARTESIAN_POINT('',(0.677839761595,-1.311422517425,
    0.95003223874));
#11111 = LINE('',#11112,#11113);
#11112 = CARTESIAN_POINT('',(0.677839761595,-1.311422517425,
    0.95003223874));
#11113 = VECTOR('',#11114,1.);
#11114 = DIRECTION('',(-0.,-0.,-1.));
#11115 = ORIENTED_EDGE('',*,*,#11116,.F.);
#11116 = EDGE_CURVE('',#11117,#11109,#11119,.T.);
#11117 = VERTEX_POINT('',#11118);
#11118 = CARTESIAN_POINT('',(0.684442224363,-1.311422517425,
    0.95003223874));
#11119 = LINE('',#11120,#11121);
#11120 = CARTESIAN_POINT('',(0.677839761595,-1.311422517425,
    0.95003223874));
#11121 = VECTOR('',#11122,1.);
#11122 = DIRECTION('',(-1.,-0.,-0.));
#11123 = ORIENTED_EDGE('',*,*,#11124,.T.);
#11124 = EDGE_CURVE('',#11117,#11099,#11125,.T.);
#11125 = LINE('',#11126,#11127);
#11126 = CARTESIAN_POINT('',(0.684442224363,-1.311422517425,
    0.95003223874));
#11127 = VECTOR('',#11128,1.);
#11128 = DIRECTION('',(-0.,-0.,-1.));
#11129 = PLANE('',#11130);
#11130 = AXIS2_PLACEMENT_3D('',#11131,#11132,#11133);
#11131 = CARTESIAN_POINT('',(0.677839761595,-1.311422517425,
    0.95003223874));
#11132 = DIRECTION('',(0.,-1.,0.));
#11133 = DIRECTION('',(0.,-0.,-1.));
#11134 = ADVANCED_FACE('',(#11135),#11160,.F.);
#11135 = FACE_BOUND('',#11136,.T.);
#11136 = EDGE_LOOP('',(#11137,#11145,#11153,#11159));
#11137 = ORIENTED_EDGE('',*,*,#11138,.T.);
#11138 = EDGE_CURVE('',#11101,#11139,#11141,.T.);
#11139 = VERTEX_POINT('',#11140);
#11140 = CARTESIAN_POINT('',(0.667923070468,-1.338768150624,
    0.94903223874));
#11141 = LINE('',#11142,#11143);
#11142 = CARTESIAN_POINT('',(0.667923070468,-1.338768150624,
    0.94903223874));
#11143 = VECTOR('',#11144,1.);
#11144 = DIRECTION('',(-0.340917796219,-0.9400931104,-0.));
#11145 = ORIENTED_EDGE('',*,*,#11146,.F.);
#11146 = EDGE_CURVE('',#11147,#11139,#11149,.T.);
#11147 = VERTEX_POINT('',#11148);
#11148 = CARTESIAN_POINT('',(0.667923070468,-1.338768150624,
    0.95003223874));
#11149 = LINE('',#11150,#11151);
#11150 = CARTESIAN_POINT('',(0.667923070468,-1.338768150624,
    0.95003223874));
#11151 = VECTOR('',#11152,1.);
#11152 = DIRECTION('',(-0.,-0.,-1.));
#11153 = ORIENTED_EDGE('',*,*,#11154,.F.);
#11154 = EDGE_CURVE('',#11109,#11147,#11155,.T.);
#11155 = LINE('',#11156,#11157);
#11156 = CARTESIAN_POINT('',(0.667923070468,-1.338768150624,
    0.95003223874));
#11157 = VECTOR('',#11158,1.);
#11158 = DIRECTION('',(-0.340917796219,-0.9400931104,-0.));
#11159 = ORIENTED_EDGE('',*,*,#11108,.T.);
#11160 = PLANE('',#11161);
#11161 = AXIS2_PLACEMENT_3D('',#11162,#11163,#11164);
#11162 = CARTESIAN_POINT('',(0.667923070468,-1.338768150624,
    0.95003223874));
#11163 = DIRECTION('',(0.9400931104,-0.340917796219,0.));
#11164 = DIRECTION('',(0.340917796219,0.9400931104,0.));
#11165 = ADVANCED_FACE('',(#11166),#11193,.F.);
#11166 = FACE_BOUND('',#11167,.F.);
#11167 = EDGE_LOOP('',(#11168,#11169,#11178,#11186));
#11168 = ORIENTED_EDGE('',*,*,#11146,.F.);
#11169 = ORIENTED_EDGE('',*,*,#11170,.T.);
#11170 = EDGE_CURVE('',#11147,#11171,#11173,.T.);
#11171 = VERTEX_POINT('',#11172);
#11172 = CARTESIAN_POINT('',(0.66714325203,-1.341705466738,0.95003223874
    ));
#11173 = B_SPLINE_CURVE_WITH_KNOTS('',3,(#11174,#11175,#11176,#11177),
  .UNSPECIFIED.,.F.,.F.,(4,4),(12.,13.),.PIECEWISE_BEZIER_KNOTS.);
#11174 = CARTESIAN_POINT('',(0.667923070468,-1.338768150624,
    0.95003223874));
#11175 = CARTESIAN_POINT('',(0.667533161249,-1.340041854072,
    0.95003223874));
#11176 = CARTESIAN_POINT('',(0.66727322177,-1.341029624092,0.95003223874
    ));
#11177 = CARTESIAN_POINT('',(0.66714325203,-1.341705466738,0.95003223874
    ));
#11178 = ORIENTED_EDGE('',*,*,#11179,.T.);
#11179 = EDGE_CURVE('',#11171,#11180,#11182,.T.);
#11180 = VERTEX_POINT('',#11181);
#11181 = CARTESIAN_POINT('',(0.66714325203,-1.341705466738,0.94903223874
    ));
#11182 = LINE('',#11183,#11184);
#11183 = CARTESIAN_POINT('',(0.66714325203,-1.341705466738,0.95003223874
    ));
#11184 = VECTOR('',#11185,1.);
#11185 = DIRECTION('',(-0.,-0.,-1.));
#11186 = ORIENTED_EDGE('',*,*,#11187,.F.);
#11187 = EDGE_CURVE('',#11139,#11180,#11188,.T.);
#11188 = B_SPLINE_CURVE_WITH_KNOTS('',3,(#11189,#11190,#11191,#11192),
  .UNSPECIFIED.,.F.,.F.,(4,4),(12.,13.),.PIECEWISE_BEZIER_KNOTS.);
#11189 = CARTESIAN_POINT('',(0.667923070468,-1.338768150624,
    0.94903223874));
#11190 = CARTESIAN_POINT('',(0.667533161249,-1.340041854072,
    0.94903223874));
#11191 = CARTESIAN_POINT('',(0.66727322177,-1.341029624092,0.94903223874
    ));
#11192 = CARTESIAN_POINT('',(0.66714325203,-1.341705466738,0.94903223874
    ));
#11193 = B_SPLINE_SURFACE_WITH_KNOTS('',3,1,(
    (#11194,#11195)
    ,(#11196,#11197)
    ,(#11198,#11199)
    ,(#11200,#11201
    )),.UNSPECIFIED.,.F.,.F.,.F.,(4,4),(2,2),(12.,13.),(0.,1.),
  .PIECEWISE_BEZIER_KNOTS.);
#11194 = CARTESIAN_POINT('',(0.667923070468,-1.338768150624,
    0.95003223874));
#11195 = CARTESIAN_POINT('',(0.667923070468,-1.338768150624,
    0.94903223874));
#11196 = CARTESIAN_POINT('',(0.667533161249,-1.340041854072,
    0.95003223874));
#11197 = CARTESIAN_POINT('',(0.667533161249,-1.340041854072,
    0.94903223874));
#11198 = CARTESIAN_POINT('',(0.66727322177,-1.341029624092,0.95003223874
    ));
#11199 = CARTESIAN_POINT('',(0.66727322177,-1.341029624092,0.94903223874
    ));
#11200 = CARTESIAN_POINT('',(0.66714325203,-1.341705466738,0.95003223874
    ));
#11201 = CARTESIAN_POINT('',(0.66714325203,-1.341705466738,0.94903223874
    ));
#11202 = ADVANCED_FACE('',(#11203),#11228,.F.);
#11203 = FACE_BOUND('',#11204,.T.);
#11204 = EDGE_LOOP('',(#11205,#11213,#11221,#11227));
#11205 = ORIENTED_EDGE('',*,*,#11206,.T.);
#11206 = EDGE_CURVE('',#11180,#11207,#11209,.T.);
#11207 = VERTEX_POINT('',#11208);
#11208 = CARTESIAN_POINT('',(0.666974291369,-1.341705466738,
    0.94903223874));
#11209 = LINE('',#11210,#11211);
#11210 = CARTESIAN_POINT('',(0.666974291369,-1.341705466738,
    0.94903223874));
#11211 = VECTOR('',#11212,1.);
#11212 = DIRECTION('',(-1.,-0.,-0.));
#11213 = ORIENTED_EDGE('',*,*,#11214,.F.);
#11214 = EDGE_CURVE('',#11215,#11207,#11217,.T.);
#11215 = VERTEX_POINT('',#11216);
#11216 = CARTESIAN_POINT('',(0.666974291369,-1.341705466738,
    0.95003223874));
#11217 = LINE('',#11218,#11219);
#11218 = CARTESIAN_POINT('',(0.666974291369,-1.341705466738,
    0.95003223874));
#11219 = VECTOR('',#11220,1.);
#11220 = DIRECTION('',(-0.,-0.,-1.));
#11221 = ORIENTED_EDGE('',*,*,#11222,.F.);
#11222 = EDGE_CURVE('',#11171,#11215,#11223,.T.);
#11223 = LINE('',#11224,#11225);
#11224 = CARTESIAN_POINT('',(0.666974291369,-1.341705466738,
    0.95003223874));
#11225 = VECTOR('',#11226,1.);
#11226 = DIRECTION('',(-1.,-0.,-0.));
#11227 = ORIENTED_EDGE('',*,*,#11179,.T.);
#11228 = PLANE('',#11229);
#11229 = AXIS2_PLACEMENT_3D('',#11230,#11231,#11232);
#11230 = CARTESIAN_POINT('',(0.666974291369,-1.341705466738,
    0.95003223874));
#11231 = DIRECTION('',(0.,-1.,0.));
#11232 = DIRECTION('',(0.,-0.,-1.));
#11233 = ADVANCED_FACE('',(#11234),#11259,.F.);
#11234 = FACE_BOUND('',#11235,.T.);
#11235 = EDGE_LOOP('',(#11236,#11244,#11252,#11258));
#11236 = ORIENTED_EDGE('',*,*,#11237,.T.);
#11237 = EDGE_CURVE('',#11207,#11238,#11240,.T.);
#11238 = VERTEX_POINT('',#11239);
#11239 = CARTESIAN_POINT('',(0.666194472932,-1.338716162728,
    0.94903223874));
#11240 = LINE('',#11241,#11242);
#11241 = CARTESIAN_POINT('',(0.666194472932,-1.338716162728,
    0.94903223874));
#11242 = VECTOR('',#11243,1.);
#11243 = DIRECTION('',(-0.252421897188,0.967617272386,-0.));
#11244 = ORIENTED_EDGE('',*,*,#11245,.F.);
#11245 = EDGE_CURVE('',#11246,#11238,#11248,.T.);
#11246 = VERTEX_POINT('',#11247);
#11247 = CARTESIAN_POINT('',(0.666194472932,-1.338716162728,
    0.95003223874));
#11248 = LINE('',#11249,#11250);
#11249 = CARTESIAN_POINT('',(0.666194472932,-1.338716162728,
    0.95003223874));
#11250 = VECTOR('',#11251,1.);
#11251 = DIRECTION('',(-0.,-0.,-1.));
#11252 = ORIENTED_EDGE('',*,*,#11253,.F.);
#11253 = EDGE_CURVE('',#11215,#11246,#11254,.T.);
#11254 = LINE('',#11255,#11256);
#11255 = CARTESIAN_POINT('',(0.666194472932,-1.338716162728,
    0.95003223874));
#11256 = VECTOR('',#11257,1.);
#11257 = DIRECTION('',(-0.252421897188,0.967617272386,-0.));
#11258 = ORIENTED_EDGE('',*,*,#11214,.T.);
#11259 = PLANE('',#11260);
#11260 = AXIS2_PLACEMENT_3D('',#11261,#11262,#11263);
#11261 = CARTESIAN_POINT('',(0.666194472932,-1.338716162728,
    0.95003223874));
#11262 = DIRECTION('',(-0.967617272386,-0.252421897188,0.));
#11263 = DIRECTION('',(0.252421897188,-0.967617272386,0.));
#11264 = ADVANCED_FACE('',(#11265),#11290,.F.);
#11265 = FACE_BOUND('',#11266,.T.);
#11266 = EDGE_LOOP('',(#11267,#11275,#11283,#11289));
#11267 = ORIENTED_EDGE('',*,*,#11268,.T.);
#11268 = EDGE_CURVE('',#11238,#11269,#11271,.T.);
#11269 = VERTEX_POINT('',#11270);
#11270 = CARTESIAN_POINT('',(0.656706681946,-1.311422517425,
    0.94903223874));
#11271 = LINE('',#11272,#11273);
#11272 = CARTESIAN_POINT('',(0.656706681946,-1.311422517425,
    0.94903223874));
#11273 = VECTOR('',#11274,1.);
#11274 = DIRECTION('',(-0.328346164813,0.944557460429,-0.));
#11275 = ORIENTED_EDGE('',*,*,#11276,.F.);
#11276 = EDGE_CURVE('',#11277,#11269,#11279,.T.);
#11277 = VERTEX_POINT('',#11278);
#11278 = CARTESIAN_POINT('',(0.656706681946,-1.311422517425,
    0.95003223874));
#11279 = LINE('',#11280,#11281);
#11280 = CARTESIAN_POINT('',(0.656706681946,-1.311422517425,
    0.95003223874));
#11281 = VECTOR('',#11282,1.);
#11282 = DIRECTION('',(-0.,-0.,-1.));
#11283 = ORIENTED_EDGE('',*,*,#11284,.F.);
#11284 = EDGE_CURVE('',#11246,#11277,#11285,.T.);
#11285 = LINE('',#11286,#11287);
#11286 = CARTESIAN_POINT('',(0.656706681946,-1.311422517425,
    0.95003223874));
#11287 = VECTOR('',#11288,1.);
#11288 = DIRECTION('',(-0.328346164813,0.944557460429,-0.));
#11289 = ORIENTED_EDGE('',*,*,#11245,.T.);
#11290 = PLANE('',#11291);
#11291 = AXIS2_PLACEMENT_3D('',#11292,#11293,#11294);
#11292 = CARTESIAN_POINT('',(0.656706681946,-1.311422517425,
    0.95003223874));
#11293 = DIRECTION('',(-0.944557460429,-0.328346164813,0.));
#11294 = DIRECTION('',(0.328346164813,-0.944557460429,0.));
#11295 = ADVANCED_FACE('',(#11296),#11321,.F.);
#11296 = FACE_BOUND('',#11297,.T.);
#11297 = EDGE_LOOP('',(#11298,#11306,#11314,#11320));
#11298 = ORIENTED_EDGE('',*,*,#11299,.T.);
#11299 = EDGE_CURVE('',#11269,#11300,#11302,.T.);
#11300 = VERTEX_POINT('',#11301);
#11301 = CARTESIAN_POINT('',(0.649584340219,-1.311422517425,
    0.94903223874));
#11302 = LINE('',#11303,#11304);
#11303 = CARTESIAN_POINT('',(0.649584340219,-1.311422517425,
    0.94903223874));
#11304 = VECTOR('',#11305,1.);
#11305 = DIRECTION('',(-1.,-0.,-0.));
#11306 = ORIENTED_EDGE('',*,*,#11307,.F.);
#11307 = EDGE_CURVE('',#11308,#11300,#11310,.T.);
#11308 = VERTEX_POINT('',#11309);
#11309 = CARTESIAN_POINT('',(0.649584340219,-1.311422517425,
    0.95003223874));
#11310 = LINE('',#11311,#11312);
#11311 = CARTESIAN_POINT('',(0.649584340219,-1.311422517425,
    0.95003223874));
#11312 = VECTOR('',#11313,1.);
#11313 = DIRECTION('',(-0.,-0.,-1.));
#11314 = ORIENTED_EDGE('',*,*,#11315,.F.);
#11315 = EDGE_CURVE('',#11277,#11308,#11316,.T.);
#11316 = LINE('',#11317,#11318);
#11317 = CARTESIAN_POINT('',(0.649584340219,-1.311422517425,
    0.95003223874));
#11318 = VECTOR('',#11319,1.);
#11319 = DIRECTION('',(-1.,-0.,-0.));
#11320 = ORIENTED_EDGE('',*,*,#11276,.T.);
#11321 = PLANE('',#11322);
#11322 = AXIS2_PLACEMENT_3D('',#11323,#11324,#11325);
#11323 = CARTESIAN_POINT('',(0.649584340219,-1.311422517425,
    0.95003223874));
#11324 = DIRECTION('',(0.,-1.,0.));
#11325 = DIRECTION('',(0.,-0.,-1.));
#11326 = ADVANCED_FACE('',(#11327),#11352,.F.);
#11327 = FACE_BOUND('',#11328,.T.);
#11328 = EDGE_LOOP('',(#11329,#11337,#11345,#11351));
#11329 = ORIENTED_EDGE('',*,*,#11330,.T.);
#11330 = EDGE_CURVE('',#11300,#11331,#11333,.T.);
#11331 = VERTEX_POINT('',#11332);
#11332 = CARTESIAN_POINT('',(0.663829023672,-1.347658080809,
    0.94903223874));
#11333 = LINE('',#11334,#11335);
#11334 = CARTESIAN_POINT('',(0.663829023672,-1.347658080809,
    0.94903223874));
#11335 = VECTOR('',#11336,1.);
#11336 = DIRECTION('',(0.365858921669,-0.930670322636,-0.));
#11337 = ORIENTED_EDGE('',*,*,#11338,.F.);
#11338 = EDGE_CURVE('',#11339,#11331,#11341,.T.);
#11339 = VERTEX_POINT('',#11340);
#11340 = CARTESIAN_POINT('',(0.663829023672,-1.347658080809,
    0.95003223874));
#11341 = LINE('',#11342,#11343);
#11342 = CARTESIAN_POINT('',(0.663829023672,-1.347658080809,
    0.95003223874));
#11343 = VECTOR('',#11344,1.);
#11344 = DIRECTION('',(-0.,-0.,-1.));
#11345 = ORIENTED_EDGE('',*,*,#11346,.F.);
#11346 = EDGE_CURVE('',#11308,#11339,#11347,.T.);
#11347 = LINE('',#11348,#11349);
#11348 = CARTESIAN_POINT('',(0.663829023672,-1.347658080809,
    0.95003223874));
#11349 = VECTOR('',#11350,1.);
#11350 = DIRECTION('',(0.365858921669,-0.930670322636,-0.));
#11351 = ORIENTED_EDGE('',*,*,#11307,.T.);
#11352 = PLANE('',#11353);
#11353 = AXIS2_PLACEMENT_3D('',#11354,#11355,#11356);
#11354 = CARTESIAN_POINT('',(0.663829023672,-1.347658080809,
    0.95003223874));
#11355 = DIRECTION('',(0.930670322636,0.365858921669,-0.));
#11356 = DIRECTION('',(-0.365858921669,0.930670322636,0.));
#11357 = ADVANCED_FACE('',(#11358),#11383,.F.);
#11358 = FACE_BOUND('',#11359,.T.);
#11359 = EDGE_LOOP('',(#11360,#11368,#11376,#11382));
#11360 = ORIENTED_EDGE('',*,*,#11361,.T.);
#11361 = EDGE_CURVE('',#11331,#11362,#11364,.T.);
#11362 = VERTEX_POINT('',#11363);
#11363 = CARTESIAN_POINT('',(0.661034674272,-1.354260543577,
    0.94903223874));
#11364 = LINE('',#11365,#11366);
#11365 = CARTESIAN_POINT('',(0.661034674272,-1.354260543577,
    0.94903223874));
#11366 = VECTOR('',#11367,1.);
#11367 = DIRECTION('',(-0.389758265065,-0.920917203017,-0.));
#11368 = ORIENTED_EDGE('',*,*,#11369,.F.);
#11369 = EDGE_CURVE('',#11370,#11362,#11372,.T.);
#11370 = VERTEX_POINT('',#11371);
#11371 = CARTESIAN_POINT('',(0.661034674272,-1.354260543577,
    0.95003223874));
#11372 = LINE('',#11373,#11374);
#11373 = CARTESIAN_POINT('',(0.661034674272,-1.354260543577,
    0.95003223874));
#11374 = VECTOR('',#11375,1.);
#11375 = DIRECTION('',(-0.,-0.,-1.));
#11376 = ORIENTED_EDGE('',*,*,#11377,.F.);
#11377 = EDGE_CURVE('',#11339,#11370,#11378,.T.);
#11378 = LINE('',#11379,#11380);
#11379 = CARTESIAN_POINT('',(0.661034674272,-1.354260543577,
    0.95003223874));
#11380 = VECTOR('',#11381,1.);
#11381 = DIRECTION('',(-0.389758265065,-0.920917203017,-0.));
#11382 = ORIENTED_EDGE('',*,*,#11338,.T.);
#11383 = PLANE('',#11384);
#11384 = AXIS2_PLACEMENT_3D('',#11385,#11386,#11387);
#11385 = CARTESIAN_POINT('',(0.661034674272,-1.354260543577,
    0.95003223874));
#11386 = DIRECTION('',(0.920917203017,-0.389758265065,0.));
#11387 = DIRECTION('',(0.389758265065,0.920917203017,0.));
#11388 = ADVANCED_FACE('',(#11389),#11416,.F.);
#11389 = FACE_BOUND('',#11390,.F.);
#11390 = EDGE_LOOP('',(#11391,#11392,#11401,#11409));
#11391 = ORIENTED_EDGE('',*,*,#11369,.F.);
#11392 = ORIENTED_EDGE('',*,*,#11393,.T.);
#11393 = EDGE_CURVE('',#11370,#11394,#11396,.T.);
#11394 = VERTEX_POINT('',#11395);
#11395 = CARTESIAN_POINT('',(0.654510193347,-1.359381351315,
    0.95003223874));
#11396 = B_SPLINE_CURVE_WITH_KNOTS('',3,(#11397,#11398,#11399,#11400),
  .UNSPECIFIED.,.F.,.F.,(4,4),(5.,6.),.PIECEWISE_BEZIER_KNOTS.);
#11397 = CARTESIAN_POINT('',(0.661034674272,-1.354260543577,
    0.95003223874));
#11398 = CARTESIAN_POINT('',(0.659592010163,-1.357691744701,
    0.95003223874));
#11399 = CARTESIAN_POINT('',(0.657421515513,-1.359381351315,
    0.95003223874));
#11400 = CARTESIAN_POINT('',(0.654510193347,-1.359381351315,
    0.95003223874));
#11401 = ORIENTED_EDGE('',*,*,#11402,.T.);
#11402 = EDGE_CURVE('',#11394,#11403,#11405,.T.);
#11403 = VERTEX_POINT('',#11404);
#11404 = CARTESIAN_POINT('',(0.654510193347,-1.359381351315,
    0.94903223874));
#11405 = LINE('',#11406,#11407);
#11406 = CARTESIAN_POINT('',(0.654510193347,-1.359381351315,
    0.95003223874));
#11407 = VECTOR('',#11408,1.);
#11408 = DIRECTION('',(-0.,-0.,-1.));
#11409 = ORIENTED_EDGE('',*,*,#11410,.F.);
#11410 = EDGE_CURVE('',#11362,#11403,#11411,.T.);
#11411 = B_SPLINE_CURVE_WITH_KNOTS('',3,(#11412,#11413,#11414,#11415),
  .UNSPECIFIED.,.F.,.F.,(4,4),(5.,6.),.PIECEWISE_BEZIER_KNOTS.);
#11412 = CARTESIAN_POINT('',(0.661034674272,-1.354260543577,
    0.94903223874));
#11413 = CARTESIAN_POINT('',(0.659592010163,-1.357691744701,
    0.94903223874));
#11414 = CARTESIAN_POINT('',(0.657421515513,-1.359381351315,
    0.94903223874));
#11415 = CARTESIAN_POINT('',(0.654510193347,-1.359381351315,
    0.94903223874));
#11416 = B_SPLINE_SURFACE_WITH_KNOTS('',3,1,(
    (#11417,#11418)
    ,(#11419,#11420)
    ,(#11421,#11422)
    ,(#11423,#11424
    )),.UNSPECIFIED.,.F.,.F.,.F.,(4,4),(2,2),(5.,6.),(0.,1.),
  .PIECEWISE_BEZIER_KNOTS.);
#11417 = CARTESIAN_POINT('',(0.661034674272,-1.354260543577,
    0.95003223874));
#11418 = CARTESIAN_POINT('',(0.661034674272,-1.354260543577,
    0.94903223874));
#11419 = CARTESIAN_POINT('',(0.659592010163,-1.357691744701,
    0.95003223874));
#11420 = CARTESIAN_POINT('',(0.659592010163,-1.357691744701,
    0.94903223874));
#11421 = CARTESIAN_POINT('',(0.657421515513,-1.359381351315,
    0.95003223874));
#11422 = CARTESIAN_POINT('',(0.657421515513,-1.359381351315,
    0.94903223874));
#11423 = CARTESIAN_POINT('',(0.654510193347,-1.359381351315,
    0.95003223874));
#11424 = CARTESIAN_POINT('',(0.654510193347,-1.359381351315,
    0.94903223874));
#11425 = ADVANCED_FACE('',(#11426),#11453,.F.);
#11426 = FACE_BOUND('',#11427,.F.);
#11427 = EDGE_LOOP('',(#11428,#11429,#11438,#11446));
#11428 = ORIENTED_EDGE('',*,*,#11402,.F.);
#11429 = ORIENTED_EDGE('',*,*,#11430,.T.);
#11430 = EDGE_CURVE('',#11394,#11431,#11433,.T.);
#11431 = VERTEX_POINT('',#11432);
#11432 = CARTESIAN_POINT('',(0.650897034588,-1.358653520774,
    0.95003223874));
#11433 = B_SPLINE_CURVE_WITH_KNOTS('',3,(#11434,#11435,#11436,#11437),
  .UNSPECIFIED.,.F.,.F.,(4,4),(4.,5.),.PIECEWISE_BEZIER_KNOTS.);
#11434 = CARTESIAN_POINT('',(0.654510193347,-1.359381351315,
    0.95003223874));
#11435 = CARTESIAN_POINT('',(0.653340465692,-1.359381351315,
    0.95003223874));
#11436 = CARTESIAN_POINT('',(0.652144744088,-1.359147405784,
    0.95003223874));
#11437 = CARTESIAN_POINT('',(0.650897034588,-1.358653520774,
    0.95003223874));
#11438 = ORIENTED_EDGE('',*,*,#11439,.T.);
#11439 = EDGE_CURVE('',#11431,#11440,#11442,.T.);
#11440 = VERTEX_POINT('',#11441);
#11441 = CARTESIAN_POINT('',(0.650897034588,-1.358653520774,
    0.94903223874));
#11442 = LINE('',#11443,#11444);
#11443 = CARTESIAN_POINT('',(0.650897034588,-1.358653520774,
    0.95003223874));
#11444 = VECTOR('',#11445,1.);
#11445 = DIRECTION('',(-0.,-0.,-1.));
#11446 = ORIENTED_EDGE('',*,*,#11447,.F.);
#11447 = EDGE_CURVE('',#11403,#11440,#11448,.T.);
#11448 = B_SPLINE_CURVE_WITH_KNOTS('',3,(#11449,#11450,#11451,#11452),
  .UNSPECIFIED.,.F.,.F.,(4,4),(4.,5.),.PIECEWISE_BEZIER_KNOTS.);
#11449 = CARTESIAN_POINT('',(0.654510193347,-1.359381351315,
    0.94903223874));
#11450 = CARTESIAN_POINT('',(0.653340465692,-1.359381351315,
    0.94903223874));
#11451 = CARTESIAN_POINT('',(0.652144744088,-1.359147405784,
    0.94903223874));
#11452 = CARTESIAN_POINT('',(0.650897034588,-1.358653520774,
    0.94903223874));
#11453 = B_SPLINE_SURFACE_WITH_KNOTS('',3,1,(
    (#11454,#11455)
    ,(#11456,#11457)
    ,(#11458,#11459)
    ,(#11460,#11461
    )),.UNSPECIFIED.,.F.,.F.,.F.,(4,4),(2,2),(4.,5.),(0.,1.),
  .PIECEWISE_BEZIER_KNOTS.);
#11454 = CARTESIAN_POINT('',(0.654510193347,-1.359381351315,
    0.95003223874));
#11455 = CARTESIAN_POINT('',(0.654510193347,-1.359381351315,
    0.94903223874));
#11456 = CARTESIAN_POINT('',(0.653340465692,-1.359381351315,
    0.95003223874));
#11457 = CARTESIAN_POINT('',(0.653340465692,-1.359381351315,
    0.94903223874));
#11458 = CARTESIAN_POINT('',(0.652144744088,-1.359147405784,
    0.95003223874));
#11459 = CARTESIAN_POINT('',(0.652144744088,-1.359147405784,
    0.94903223874));
#11460 = CARTESIAN_POINT('',(0.650897034588,-1.358653520774,
    0.95003223874));
#11461 = CARTESIAN_POINT('',(0.650897034588,-1.358653520774,
    0.94903223874));
#11462 = ADVANCED_FACE('',(#11463),#11488,.F.);
#11463 = FACE_BOUND('',#11464,.T.);
#11464 = EDGE_LOOP('',(#11465,#11473,#11481,#11487));
#11465 = ORIENTED_EDGE('',*,*,#11466,.T.);
#11466 = EDGE_CURVE('',#11440,#11467,#11469,.T.);
#11467 = VERTEX_POINT('',#11468);
#11468 = CARTESIAN_POINT('',(0.650897034588,-1.364320201418,
    0.94903223874));
#11469 = LINE('',#11470,#11471);
#11470 = CARTESIAN_POINT('',(0.650897034588,-1.364320201418,
    0.94903223874));
#11471 = VECTOR('',#11472,1.);
#11472 = DIRECTION('',(-0.,-1.,-0.));
#11473 = ORIENTED_EDGE('',*,*,#11474,.F.);
#11474 = EDGE_CURVE('',#11475,#11467,#11477,.T.);
#11475 = VERTEX_POINT('',#11476);
#11476 = CARTESIAN_POINT('',(0.650897034588,-1.364320201418,
    0.95003223874));
#11477 = LINE('',#11478,#11479);
#11478 = CARTESIAN_POINT('',(0.650897034588,-1.364320201418,
    0.95003223874));
#11479 = VECTOR('',#11480,1.);
#11480 = DIRECTION('',(-0.,-0.,-1.));
#11481 = ORIENTED_EDGE('',*,*,#11482,.F.);
#11482 = EDGE_CURVE('',#11431,#11475,#11483,.T.);
#11483 = LINE('',#11484,#11485);
#11484 = CARTESIAN_POINT('',(0.650897034588,-1.364320201418,
    0.95003223874));
#11485 = VECTOR('',#11486,1.);
#11486 = DIRECTION('',(-0.,-1.,-0.));
#11487 = ORIENTED_EDGE('',*,*,#11439,.T.);
#11488 = PLANE('',#11489);
#11489 = AXIS2_PLACEMENT_3D('',#11490,#11491,#11492);
#11490 = CARTESIAN_POINT('',(0.650897034588,-1.364320201418,
    0.95003223874));
#11491 = DIRECTION('',(1.,0.,0.));
#11492 = DIRECTION('',(0.,0.,-1.));
#11493 = ADVANCED_FACE('',(#11494),#11521,.F.);
#11494 = FACE_BOUND('',#11495,.F.);
#11495 = EDGE_LOOP('',(#11496,#11497,#11506,#11514));
#11496 = ORIENTED_EDGE('',*,*,#11474,.F.);
#11497 = ORIENTED_EDGE('',*,*,#11498,.T.);
#11498 = EDGE_CURVE('',#11475,#11499,#11501,.T.);
#11499 = VERTEX_POINT('',#11500);
#11500 = CARTESIAN_POINT('',(0.655004078358,-1.364840080376,
    0.95003223874));
#11501 = B_SPLINE_CURVE_WITH_KNOTS('',3,(#11502,#11503,#11504,#11505),
  .UNSPECIFIED.,.F.,.F.,(4,4),(2.,3.),.PIECEWISE_BEZIER_KNOTS.);
#11502 = CARTESIAN_POINT('',(0.650897034588,-1.364320201418,
    0.95003223874));
#11503 = CARTESIAN_POINT('',(0.652027771322,-1.36465812274,0.95003223874
    ));
#11504 = CARTESIAN_POINT('',(0.653405450561,-1.364840080376,
    0.95003223874));
#11505 = CARTESIAN_POINT('',(0.655004078358,-1.364840080376,
    0.95003223874));
#11506 = ORIENTED_EDGE('',*,*,#11507,.T.);
#11507 = EDGE_CURVE('',#11499,#11508,#11510,.T.);
#11508 = VERTEX_POINT('',#11509);
#11509 = CARTESIAN_POINT('',(0.655004078358,-1.364840080376,
    0.94903223874));
#11510 = LINE('',#11511,#11512);
#11511 = CARTESIAN_POINT('',(0.655004078358,-1.364840080376,
    0.95003223874));
#11512 = VECTOR('',#11513,1.);
#11513 = DIRECTION('',(-0.,-0.,-1.));
#11514 = ORIENTED_EDGE('',*,*,#11515,.F.);
#11515 = EDGE_CURVE('',#11467,#11508,#11516,.T.);
#11516 = B_SPLINE_CURVE_WITH_KNOTS('',3,(#11517,#11518,#11519,#11520),
  .UNSPECIFIED.,.F.,.F.,(4,4),(2.,3.),.PIECEWISE_BEZIER_KNOTS.);
#11517 = CARTESIAN_POINT('',(0.650897034588,-1.364320201418,
    0.94903223874));
#11518 = CARTESIAN_POINT('',(0.652027771322,-1.36465812274,0.94903223874
    ));
#11519 = CARTESIAN_POINT('',(0.653405450561,-1.364840080376,
    0.94903223874));
#11520 = CARTESIAN_POINT('',(0.655004078358,-1.364840080376,
    0.94903223874));
#11521 = B_SPLINE_SURFACE_WITH_KNOTS('',3,1,(
    (#11522,#11523)
    ,(#11524,#11525)
    ,(#11526,#11527)
    ,(#11528,#11529
    )),.UNSPECIFIED.,.F.,.F.,.F.,(4,4),(2,2),(2.,3.),(0.,1.),
  .PIECEWISE_BEZIER_KNOTS.);
#11522 = CARTESIAN_POINT('',(0.650897034588,-1.364320201418,
    0.95003223874));
#11523 = CARTESIAN_POINT('',(0.650897034588,-1.364320201418,
    0.94903223874));
#11524 = CARTESIAN_POINT('',(0.652027771322,-1.36465812274,0.95003223874
    ));
#11525 = CARTESIAN_POINT('',(0.652027771322,-1.36465812274,0.94903223874
    ));
#11526 = CARTESIAN_POINT('',(0.653405450561,-1.364840080376,
    0.95003223874));
#11527 = CARTESIAN_POINT('',(0.653405450561,-1.364840080376,
    0.94903223874));
#11528 = CARTESIAN_POINT('',(0.655004078358,-1.364840080376,
    0.95003223874));
#11529 = CARTESIAN_POINT('',(0.655004078358,-1.364840080376,
    0.94903223874));
#11530 = ADVANCED_FACE('',(#11531),#11558,.F.);
#11531 = FACE_BOUND('',#11532,.F.);
#11532 = EDGE_LOOP('',(#11533,#11534,#11543,#11551));
#11533 = ORIENTED_EDGE('',*,*,#11507,.F.);
#11534 = ORIENTED_EDGE('',*,*,#11535,.T.);
#11535 = EDGE_CURVE('',#11499,#11536,#11538,.T.);
#11536 = VERTEX_POINT('',#11537);
#11537 = CARTESIAN_POINT('',(0.66796206139,-1.353220785661,0.95003223874
    ));
#11538 = B_SPLINE_CURVE_WITH_KNOTS('',3,(#11539,#11540,#11541,#11542),
  .UNSPECIFIED.,.F.,.F.,(4,4),(1.,2.),.PIECEWISE_BEZIER_KNOTS.);
#11539 = CARTESIAN_POINT('',(0.655004078358,-1.364840080376,
    0.95003223874));
#11540 = CARTESIAN_POINT('',(0.660579780184,-1.364840080376,
    0.95003223874));
#11541 = CARTESIAN_POINT('',(0.664894775537,-1.360966982138,
    0.95003223874));
#11542 = CARTESIAN_POINT('',(0.66796206139,-1.353220785661,0.95003223874
    ));
#11543 = ORIENTED_EDGE('',*,*,#11544,.T.);
#11544 = EDGE_CURVE('',#11536,#11545,#11547,.T.);
#11545 = VERTEX_POINT('',#11546);
#11546 = CARTESIAN_POINT('',(0.66796206139,-1.353220785661,0.94903223874
    ));
#11547 = LINE('',#11548,#11549);
#11548 = CARTESIAN_POINT('',(0.66796206139,-1.353220785661,0.95003223874
    ));
#11549 = VECTOR('',#11550,1.);
#11550 = DIRECTION('',(-0.,-0.,-1.));
#11551 = ORIENTED_EDGE('',*,*,#11552,.F.);
#11552 = EDGE_CURVE('',#11508,#11545,#11553,.T.);
#11553 = B_SPLINE_CURVE_WITH_KNOTS('',3,(#11554,#11555,#11556,#11557),
  .UNSPECIFIED.,.F.,.F.,(4,4),(1.,2.),.PIECEWISE_BEZIER_KNOTS.);
#11554 = CARTESIAN_POINT('',(0.655004078358,-1.364840080376,
    0.94903223874));
#11555 = CARTESIAN_POINT('',(0.660579780184,-1.364840080376,
    0.94903223874));
#11556 = CARTESIAN_POINT('',(0.664894775537,-1.360966982138,
    0.94903223874));
#11557 = CARTESIAN_POINT('',(0.66796206139,-1.353220785661,0.94903223874
    ));
#11558 = B_SPLINE_SURFACE_WITH_KNOTS('',3,1,(
    (#11559,#11560)
    ,(#11561,#11562)
    ,(#11563,#11564)
    ,(#11565,#11566
    )),.UNSPECIFIED.,.F.,.F.,.F.,(4,4),(2,2),(1.,2.),(0.,1.),
  .PIECEWISE_BEZIER_KNOTS.);
#11559 = CARTESIAN_POINT('',(0.655004078358,-1.364840080376,
    0.95003223874));
#11560 = CARTESIAN_POINT('',(0.655004078358,-1.364840080376,
    0.94903223874));
#11561 = CARTESIAN_POINT('',(0.660579780184,-1.364840080376,
    0.95003223874));
#11562 = CARTESIAN_POINT('',(0.660579780184,-1.364840080376,
    0.94903223874));
#11563 = CARTESIAN_POINT('',(0.664894775537,-1.360966982138,
    0.95003223874));
#11564 = CARTESIAN_POINT('',(0.664894775537,-1.360966982138,
    0.94903223874));
#11565 = CARTESIAN_POINT('',(0.66796206139,-1.353220785661,0.95003223874
    ));
#11566 = CARTESIAN_POINT('',(0.66796206139,-1.353220785661,0.94903223874
    ));
#11567 = ADVANCED_FACE('',(#11568),#11584,.F.);
#11568 = FACE_BOUND('',#11569,.T.);
#11569 = EDGE_LOOP('',(#11570,#11576,#11577,#11583));
#11570 = ORIENTED_EDGE('',*,*,#11571,.T.);
#11571 = EDGE_CURVE('',#11545,#11099,#11572,.T.);
#11572 = LINE('',#11573,#11574);
#11573 = CARTESIAN_POINT('',(0.684442224363,-1.311422517425,
    0.94903223874));
#11574 = VECTOR('',#11575,1.);
#11575 = DIRECTION('',(0.366797678951,0.930300737781,-0.));
#11576 = ORIENTED_EDGE('',*,*,#11124,.F.);
#11577 = ORIENTED_EDGE('',*,*,#11578,.F.);
#11578 = EDGE_CURVE('',#11536,#11117,#11579,.T.);
#11579 = LINE('',#11580,#11581);
#11580 = CARTESIAN_POINT('',(0.684442224363,-1.311422517425,
    0.95003223874));
#11581 = VECTOR('',#11582,1.);
#11582 = DIRECTION('',(0.366797678951,0.930300737781,-0.));
#11583 = ORIENTED_EDGE('',*,*,#11544,.T.);
#11584 = PLANE('',#11585);
#11585 = AXIS2_PLACEMENT_3D('',#11586,#11587,#11588);
#11586 = CARTESIAN_POINT('',(0.684442224363,-1.311422517425,
    0.95003223874));
#11587 = DIRECTION('',(-0.930300737781,0.366797678951,0.));
#11588 = DIRECTION('',(-0.366797678951,-0.930300737781,0.));
#11589 = ADVANCED_FACE('',(#11590),#11607,.T.);
#11590 = FACE_BOUND('',#11591,.T.);
#11591 = EDGE_LOOP('',(#11592,#11593,#11594,#11595,#11596,#11597,#11598,
    #11599,#11600,#11601,#11602,#11603,#11604,#11605,#11606));
#11592 = ORIENTED_EDGE('',*,*,#11116,.T.);
#11593 = ORIENTED_EDGE('',*,*,#11154,.T.);
#11594 = ORIENTED_EDGE('',*,*,#11170,.T.);
#11595 = ORIENTED_EDGE('',*,*,#11222,.T.);
#11596 = ORIENTED_EDGE('',*,*,#11253,.T.);
#11597 = ORIENTED_EDGE('',*,*,#11284,.T.);
#11598 = ORIENTED_EDGE('',*,*,#11315,.T.);
#11599 = ORIENTED_EDGE('',*,*,#11346,.T.);
#11600 = ORIENTED_EDGE('',*,*,#11377,.T.);
#11601 = ORIENTED_EDGE('',*,*,#11393,.T.);
#11602 = ORIENTED_EDGE('',*,*,#11430,.T.);
#11603 = ORIENTED_EDGE('',*,*,#11482,.T.);
#11604 = ORIENTED_EDGE('',*,*,#11498,.T.);
#11605 = ORIENTED_EDGE('',*,*,#11535,.T.);
#11606 = ORIENTED_EDGE('',*,*,#11578,.T.);
#11607 = PLANE('',#11608);
#11608 = AXIS2_PLACEMENT_3D('',#11609,#11610,#11611);
#11609 = CARTESIAN_POINT('',(0.662423725864,-1.361935256697,
    0.95003223874));
#11610 = DIRECTION('',(0.,0.,1.));
#11611 = DIRECTION('',(1.,0.,-0.));
#11612 = ADVANCED_FACE('',(#11613),#11630,.F.);
#11613 = FACE_BOUND('',#11614,.T.);
#11614 = EDGE_LOOP('',(#11615,#11616,#11617,#11618,#11619,#11620,#11621,
    #11622,#11623,#11624,#11625,#11626,#11627,#11628,#11629));
#11615 = ORIENTED_EDGE('',*,*,#11098,.F.);
#11616 = ORIENTED_EDGE('',*,*,#11571,.F.);
#11617 = ORIENTED_EDGE('',*,*,#11552,.F.);
#11618 = ORIENTED_EDGE('',*,*,#11515,.F.);
#11619 = ORIENTED_EDGE('',*,*,#11466,.F.);
#11620 = ORIENTED_EDGE('',*,*,#11447,.F.);
#11621 = ORIENTED_EDGE('',*,*,#11410,.F.);
#11622 = ORIENTED_EDGE('',*,*,#11361,.F.);
#11623 = ORIENTED_EDGE('',*,*,#11330,.F.);
#11624 = ORIENTED_EDGE('',*,*,#11299,.F.);
#11625 = ORIENTED_EDGE('',*,*,#11268,.F.);
#11626 = ORIENTED_EDGE('',*,*,#11237,.F.);
#11627 = ORIENTED_EDGE('',*,*,#11206,.F.);
#11628 = ORIENTED_EDGE('',*,*,#11187,.F.);
#11629 = ORIENTED_EDGE('',*,*,#11138,.F.);
#11630 = PLANE('',#11631);
#11631 = AXIS2_PLACEMENT_3D('',#11632,#11633,#11634);
#11632 = CARTESIAN_POINT('',(0.662423725864,-1.361935256697,
    0.94903223874));
#11633 = DIRECTION('',(0.,0.,1.));
#11634 = DIRECTION('',(1.,0.,-0.));
#11635 = MANIFOLD_SOLID_BREP('',#11636);
#11636 = CLOSED_SHELL('',(#11637,#11677,#11708,#11739,#11770,#11801,
    #11832,#11863,#11894,#11925,#11956,#11987,#12009,#12029));
#11637 = ADVANCED_FACE('',(#11638),#11672,.F.);
#11638 = FACE_BOUND('',#11639,.T.);
#11639 = EDGE_LOOP('',(#11640,#11650,#11658,#11666));
#11640 = ORIENTED_EDGE('',*,*,#11641,.T.);
#11641 = EDGE_CURVE('',#11642,#11644,#11646,.T.);
#11642 = VERTEX_POINT('',#11643);
#11643 = CARTESIAN_POINT('',(0.71865025981,-1.347736062652,0.94903223874
    ));
#11644 = VERTEX_POINT('',#11645);
#11645 = CARTESIAN_POINT('',(0.71865025981,-1.341939412269,0.94903223874
    ));
#11646 = LINE('',#11647,#11648);
#11647 = CARTESIAN_POINT('',(0.71865025981,-1.341939412269,0.94903223874
    ));
#11648 = VECTOR('',#11649,1.);
#11649 = DIRECTION('',(-0.,1.,-0.));
#11650 = ORIENTED_EDGE('',*,*,#11651,.F.);
#11651 = EDGE_CURVE('',#11652,#11644,#11654,.T.);
#11652 = VERTEX_POINT('',#11653);
#11653 = CARTESIAN_POINT('',(0.71865025981,-1.341939412269,0.95003223874
    ));
#11654 = LINE('',#11655,#11656);
#11655 = CARTESIAN_POINT('',(0.71865025981,-1.341939412269,0.95003223874
    ));
#11656 = VECTOR('',#11657,1.);
#11657 = DIRECTION('',(-0.,-0.,-1.));
#11658 = ORIENTED_EDGE('',*,*,#11659,.F.);
#11659 = EDGE_CURVE('',#11660,#11652,#11662,.T.);
#11660 = VERTEX_POINT('',#11661);
#11661 = CARTESIAN_POINT('',(0.71865025981,-1.347736062652,0.95003223874
    ));
#11662 = LINE('',#11663,#11664);
#11663 = CARTESIAN_POINT('',(0.71865025981,-1.341939412269,0.95003223874
    ));
#11664 = VECTOR('',#11665,1.);
#11665 = DIRECTION('',(-0.,1.,-0.));
#11666 = ORIENTED_EDGE('',*,*,#11667,.T.);
#11667 = EDGE_CURVE('',#11660,#11642,#11668,.T.);
#11668 = LINE('',#11669,#11670);
#11669 = CARTESIAN_POINT('',(0.71865025981,-1.347736062652,0.95003223874
    ));
#11670 = VECTOR('',#11671,1.);
#11671 = DIRECTION('',(-0.,-0.,-1.));
#11672 = PLANE('',#11673);
#11673 = AXIS2_PLACEMENT_3D('',#11674,#11675,#11676);
#11674 = CARTESIAN_POINT('',(0.71865025981,-1.341939412269,0.95003223874
    ));
#11675 = DIRECTION('',(-1.,0.,0.));
#11676 = DIRECTION('',(0.,0.,1.));
#11677 = ADVANCED_FACE('',(#11678),#11703,.F.);
#11678 = FACE_BOUND('',#11679,.T.);
#11679 = EDGE_LOOP('',(#11680,#11688,#11696,#11702));
#11680 = ORIENTED_EDGE('',*,*,#11681,.T.);
#11681 = EDGE_CURVE('',#11644,#11682,#11684,.T.);
#11682 = VERTEX_POINT('',#11683);
#11683 = CARTESIAN_POINT('',(0.697868098458,-1.341939412269,
    0.94903223874));
#11684 = LINE('',#11685,#11686);
#11685 = CARTESIAN_POINT('',(0.697868098458,-1.341939412269,
    0.94903223874));
#11686 = VECTOR('',#11687,1.);
#11687 = DIRECTION('',(-1.,-0.,-0.));
#11688 = ORIENTED_EDGE('',*,*,#11689,.F.);
#11689 = EDGE_CURVE('',#11690,#11682,#11692,.T.);
#11690 = VERTEX_POINT('',#11691);
#11691 = CARTESIAN_POINT('',(0.697868098458,-1.341939412269,
    0.95003223874));
#11692 = LINE('',#11693,#11694);
#11693 = CARTESIAN_POINT('',(0.697868098458,-1.341939412269,
    0.95003223874));
#11694 = VECTOR('',#11695,1.);
#11695 = DIRECTION('',(-0.,-0.,-1.));
#11696 = ORIENTED_EDGE('',*,*,#11697,.F.);
#11697 = EDGE_CURVE('',#11652,#11690,#11698,.T.);
#11698 = LINE('',#11699,#11700);
#11699 = CARTESIAN_POINT('',(0.697868098458,-1.341939412269,
    0.95003223874));
#11700 = VECTOR('',#11701,1.);
#11701 = DIRECTION('',(-1.,-0.,-0.));
#11702 = ORIENTED_EDGE('',*,*,#11651,.T.);
#11703 = PLANE('',#11704);
#11704 = AXIS2_PLACEMENT_3D('',#11705,#11706,#11707);
#11705 = CARTESIAN_POINT('',(0.697868098458,-1.341939412269,
    0.95003223874));
#11706 = DIRECTION('',(0.,-1.,0.));
#11707 = DIRECTION('',(0.,-0.,-1.));
#11708 = ADVANCED_FACE('',(#11709),#11734,.F.);
#11709 = FACE_BOUND('',#11710,.T.);
#11710 = EDGE_LOOP('',(#11711,#11719,#11727,#11733));
#11711 = ORIENTED_EDGE('',*,*,#11712,.T.);
#11712 = EDGE_CURVE('',#11682,#11713,#11715,.T.);
#11713 = VERTEX_POINT('',#11714);
#11714 = CARTESIAN_POINT('',(0.697868098458,-1.324835394545,
    0.94903223874));
#11715 = LINE('',#11716,#11717);
#11716 = CARTESIAN_POINT('',(0.697868098458,-1.324835394545,
    0.94903223874));
#11717 = VECTOR('',#11718,1.);
#11718 = DIRECTION('',(-0.,1.,-0.));
#11719 = ORIENTED_EDGE('',*,*,#11720,.F.);
#11720 = EDGE_CURVE('',#11721,#11713,#11723,.T.);
#11721 = VERTEX_POINT('',#11722);
#11722 = CARTESIAN_POINT('',(0.697868098458,-1.324835394545,
    0.95003223874));
#11723 = LINE('',#11724,#11725);
#11724 = CARTESIAN_POINT('',(0.697868098458,-1.324835394545,
    0.95003223874));
#11725 = VECTOR('',#11726,1.);
#11726 = DIRECTION('',(-0.,-0.,-1.));
#11727 = ORIENTED_EDGE('',*,*,#11728,.F.);
#11728 = EDGE_CURVE('',#11690,#11721,#11729,.T.);
#11729 = LINE('',#11730,#11731);
#11730 = CARTESIAN_POINT('',(0.697868098458,-1.324835394545,
    0.95003223874));
#11731 = VECTOR('',#11732,1.);
#11732 = DIRECTION('',(-0.,1.,-0.));
#11733 = ORIENTED_EDGE('',*,*,#11689,.T.);
#11734 = PLANE('',#11735);
#11735 = AXIS2_PLACEMENT_3D('',#11736,#11737,#11738);
#11736 = CARTESIAN_POINT('',(0.697868098458,-1.324835394545,
    0.95003223874));
#11737 = DIRECTION('',(-1.,0.,0.));
#11738 = DIRECTION('',(0.,0.,1.));
#11739 = ADVANCED_FACE('',(#11740),#11765,.F.);
#11740 = FACE_BOUND('',#11741,.T.);
#11741 = EDGE_LOOP('',(#11742,#11750,#11758,#11764));
#11742 = ORIENTED_EDGE('',*,*,#11743,.T.);
#11743 = EDGE_CURVE('',#11713,#11744,#11746,.T.);
#11744 = VERTEX_POINT('',#11745);
#11745 = CARTESIAN_POINT('',(0.716050865019,-1.324835394545,
    0.94903223874));
#11746 = LINE('',#11747,#11748);
#11747 = CARTESIAN_POINT('',(0.716050865019,-1.324835394545,
    0.94903223874));
#11748 = VECTOR('',#11749,1.);
#11749 = DIRECTION('',(1.,-0.,-0.));
#11750 = ORIENTED_EDGE('',*,*,#11751,.F.);
#11751 = EDGE_CURVE('',#11752,#11744,#11754,.T.);
#11752 = VERTEX_POINT('',#11753);
#11753 = CARTESIAN_POINT('',(0.716050865019,-1.324835394545,
    0.95003223874));
#11754 = LINE('',#11755,#11756);
#11755 = CARTESIAN_POINT('',(0.716050865019,-1.324835394545,
    0.95003223874));
#11756 = VECTOR('',#11757,1.);
#11757 = DIRECTION('',(-0.,-0.,-1.));
#11758 = ORIENTED_EDGE('',*,*,#11759,.F.);
#11759 = EDGE_CURVE('',#11721,#11752,#11760,.T.);
#11760 = LINE('',#11761,#11762);
#11761 = CARTESIAN_POINT('',(0.716050865019,-1.324835394545,
    0.95003223874));
#11762 = VECTOR('',#11763,1.);
#11763 = DIRECTION('',(1.,-0.,-0.));
#11764 = ORIENTED_EDGE('',*,*,#11720,.T.);
#11765 = PLANE('',#11766);
#11766 = AXIS2_PLACEMENT_3D('',#11767,#11768,#11769);
#11767 = CARTESIAN_POINT('',(0.716050865019,-1.324835394545,
    0.95003223874));
#11768 = DIRECTION('',(0.,1.,-0.));
#11769 = DIRECTION('',(0.,0.,1.));
#11770 = ADVANCED_FACE('',(#11771),#11796,.F.);
#11771 = FACE_BOUND('',#11772,.T.);
#11772 = EDGE_LOOP('',(#11773,#11781,#11789,#11795));
#11773 = ORIENTED_EDGE('',*,*,#11774,.T.);
#11774 = EDGE_CURVE('',#11744,#11775,#11777,.T.);
#11775 = VERTEX_POINT('',#11776);
#11776 = CARTESIAN_POINT('',(0.716050865019,-1.319012750214,
    0.94903223874));
#11777 = LINE('',#11778,#11779);
#11778 = CARTESIAN_POINT('',(0.716050865019,-1.319012750214,
    0.94903223874));
#11779 = VECTOR('',#11780,1.);
#11780 = DIRECTION('',(-0.,1.,-0.));
#11781 = ORIENTED_EDGE('',*,*,#11782,.F.);
#11782 = EDGE_CURVE('',#11783,#11775,#11785,.T.);
#11783 = VERTEX_POINT('',#11784);
#11784 = CARTESIAN_POINT('',(0.716050865019,-1.319012750214,
    0.95003223874));
#11785 = LINE('',#11786,#11787);
#11786 = CARTESIAN_POINT('',(0.716050865019,-1.319012750214,
    0.95003223874));
#11787 = VECTOR('',#11788,1.);
#11788 = DIRECTION('',(-0.,-0.,-1.));
#11789 = ORIENTED_EDGE('',*,*,#11790,.F.);
#11790 = EDGE_CURVE('',#11752,#11783,#11791,.T.);
#11791 = LINE('',#11792,#11793);
#11792 = CARTESIAN_POINT('',(0.716050865019,-1.319012750214,
    0.95003223874));
#11793 = VECTOR('',#11794,1.);
#11794 = DIRECTION('',(-0.,1.,-0.));
#11795 = ORIENTED_EDGE('',*,*,#11751,.T.);
#11796 = PLANE('',#11797);
#11797 = AXIS2_PLACEMENT_3D('',#11798,#11799,#11800);
#11798 = CARTESIAN_POINT('',(0.716050865019,-1.319012750214,
    0.95003223874));
#11799 = DIRECTION('',(-1.,0.,0.));
#11800 = DIRECTION('',(0.,0.,1.));
#11801 = ADVANCED_FACE('',(#11802),#11827,.F.);
#11802 = FACE_BOUND('',#11803,.T.);
#11803 = EDGE_LOOP('',(#11804,#11812,#11820,#11826));
#11804 = ORIENTED_EDGE('',*,*,#11805,.T.);
#11805 = EDGE_CURVE('',#11775,#11806,#11808,.T.);
#11806 = VERTEX_POINT('',#11807);
#11807 = CARTESIAN_POINT('',(0.697868098458,-1.319012750214,
    0.94903223874));
#11808 = LINE('',#11809,#11810);
#11809 = CARTESIAN_POINT('',(0.697868098458,-1.319012750214,
    0.94903223874));
#11810 = VECTOR('',#11811,1.);
#11811 = DIRECTION('',(-1.,-0.,-0.));
#11812 = ORIENTED_EDGE('',*,*,#11813,.F.);
#11813 = EDGE_CURVE('',#11814,#11806,#11816,.T.);
#11814 = VERTEX_POINT('',#11815);
#11815 = CARTESIAN_POINT('',(0.697868098458,-1.319012750214,
    0.95003223874));
#11816 = LINE('',#11817,#11818);
#11817 = CARTESIAN_POINT('',(0.697868098458,-1.319012750214,
    0.95003223874));
#11818 = VECTOR('',#11819,1.);
#11819 = DIRECTION('',(-0.,-0.,-1.));
#11820 = ORIENTED_EDGE('',*,*,#11821,.F.);
#11821 = EDGE_CURVE('',#11783,#11814,#11822,.T.);
#11822 = LINE('',#11823,#11824);
#11823 = CARTESIAN_POINT('',(0.697868098458,-1.319012750214,
    0.95003223874));
#11824 = VECTOR('',#11825,1.);
#11825 = DIRECTION('',(-1.,-0.,-0.));
#11826 = ORIENTED_EDGE('',*,*,#11782,.T.);
#11827 = PLANE('',#11828);
#11828 = AXIS2_PLACEMENT_3D('',#11829,#11830,#11831);
#11829 = CARTESIAN_POINT('',(0.697868098458,-1.319012750214,
    0.95003223874));
#11830 = DIRECTION('',(0.,-1.,0.));
#11831 = DIRECTION('',(0.,-0.,-1.));
#11832 = ADVANCED_FACE('',(#11833),#11858,.F.);
#11833 = FACE_BOUND('',#11834,.T.);
#11834 = EDGE_LOOP('',(#11835,#11843,#11851,#11857));
#11835 = ORIENTED_EDGE('',*,*,#11836,.T.);
#11836 = EDGE_CURVE('',#11806,#11837,#11839,.T.);
#11837 = VERTEX_POINT('',#11838);
#11838 = CARTESIAN_POINT('',(0.697868098458,-1.302740538824,
    0.94903223874));
#11839 = LINE('',#11840,#11841);
#11840 = CARTESIAN_POINT('',(0.697868098458,-1.302740538824,
    0.94903223874));
#11841 = VECTOR('',#11842,1.);
#11842 = DIRECTION('',(-0.,1.,-0.));
#11843 = ORIENTED_EDGE('',*,*,#11844,.F.);
#11844 = EDGE_CURVE('',#11845,#11837,#11847,.T.);
#11845 = VERTEX_POINT('',#11846);
#11846 = CARTESIAN_POINT('',(0.697868098458,-1.302740538824,
    0.95003223874));
#11847 = LINE('',#11848,#11849);
#11848 = CARTESIAN_POINT('',(0.697868098458,-1.302740538824,
    0.95003223874));
#11849 = VECTOR('',#11850,1.);
#11850 = DIRECTION('',(-0.,-0.,-1.));
#11851 = ORIENTED_EDGE('',*,*,#11852,.F.);
#11852 = EDGE_CURVE('',#11814,#11845,#11853,.T.);
#11853 = LINE('',#11854,#11855);
#11854 = CARTESIAN_POINT('',(0.697868098458,-1.302740538824,
    0.95003223874));
#11855 = VECTOR('',#11856,1.);
#11856 = DIRECTION('',(-0.,1.,-0.));
#11857 = ORIENTED_EDGE('',*,*,#11813,.T.);
#11858 = PLANE('',#11859);
#11859 = AXIS2_PLACEMENT_3D('',#11860,#11861,#11862);
#11860 = CARTESIAN_POINT('',(0.697868098458,-1.302740538824,
    0.95003223874));
#11861 = DIRECTION('',(-1.,0.,0.));
#11862 = DIRECTION('',(0.,0.,1.));
#11863 = ADVANCED_FACE('',(#11864),#11889,.F.);
#11864 = FACE_BOUND('',#11865,.T.);
#11865 = EDGE_LOOP('',(#11866,#11874,#11882,#11888));
#11866 = ORIENTED_EDGE('',*,*,#11867,.T.);
#11867 = EDGE_CURVE('',#11837,#11868,#11870,.T.);
#11868 = VERTEX_POINT('',#11869);
#11869 = CARTESIAN_POINT('',(0.717493529128,-1.302740538824,
    0.94903223874));
#11870 = LINE('',#11871,#11872);
#11871 = CARTESIAN_POINT('',(0.717493529128,-1.302740538824,
    0.94903223874));
#11872 = VECTOR('',#11873,1.);
#11873 = DIRECTION('',(1.,-0.,-0.));
#11874 = ORIENTED_EDGE('',*,*,#11875,.F.);
#11875 = EDGE_CURVE('',#11876,#11868,#11878,.T.);
#11876 = VERTEX_POINT('',#11877);
#11877 = CARTESIAN_POINT('',(0.717493529128,-1.302740538824,
    0.95003223874));
#11878 = LINE('',#11879,#11880);
#11879 = CARTESIAN_POINT('',(0.717493529128,-1.302740538824,
    0.95003223874));
#11880 = VECTOR('',#11881,1.);
#11881 = DIRECTION('',(-0.,-0.,-1.));
#11882 = ORIENTED_EDGE('',*,*,#11883,.F.);
#11883 = EDGE_CURVE('',#11845,#11876,#11884,.T.);
#11884 = LINE('',#11885,#11886);
#11885 = CARTESIAN_POINT('',(0.717493529128,-1.302740538824,
    0.95003223874));
#11886 = VECTOR('',#11887,1.);
#11887 = DIRECTION('',(1.,-0.,-0.));
#11888 = ORIENTED_EDGE('',*,*,#11844,.T.);
#11889 = PLANE('',#11890);
#11890 = AXIS2_PLACEMENT_3D('',#11891,#11892,#11893);
#11891 = CARTESIAN_POINT('',(0.717493529128,-1.302740538824,
    0.95003223874));
#11892 = DIRECTION('',(0.,1.,-0.));
#11893 = DIRECTION('',(0.,0.,1.));
#11894 = ADVANCED_FACE('',(#11895),#11920,.F.);
#11895 = FACE_BOUND('',#11896,.T.);
#11896 = EDGE_LOOP('',(#11897,#11905,#11913,#11919));
#11897 = ORIENTED_EDGE('',*,*,#11898,.T.);
#11898 = EDGE_CURVE('',#11868,#11899,#11901,.T.);
#11899 = VERTEX_POINT('',#11900);
#11900 = CARTESIAN_POINT('',(0.717493529128,-1.296891900544,
    0.94903223874));
#11901 = LINE('',#11902,#11903);
#11902 = CARTESIAN_POINT('',(0.717493529128,-1.296891900544,
    0.94903223874));
#11903 = VECTOR('',#11904,1.);
#11904 = DIRECTION('',(-0.,1.,-0.));
#11905 = ORIENTED_EDGE('',*,*,#11906,.F.);
#11906 = EDGE_CURVE('',#11907,#11899,#11909,.T.);
#11907 = VERTEX_POINT('',#11908);
#11908 = CARTESIAN_POINT('',(0.717493529128,-1.296891900544,
    0.95003223874));
#11909 = LINE('',#11910,#11911);
#11910 = CARTESIAN_POINT('',(0.717493529128,-1.296891900544,
    0.95003223874));
#11911 = VECTOR('',#11912,1.);
#11912 = DIRECTION('',(-0.,-0.,-1.));
#11913 = ORIENTED_EDGE('',*,*,#11914,.F.);
#11914 = EDGE_CURVE('',#11876,#11907,#11915,.T.);
#11915 = LINE('',#11916,#11917);
#11916 = CARTESIAN_POINT('',(0.717493529128,-1.296891900544,
    0.95003223874));
#11917 = VECTOR('',#11918,1.);
#11918 = DIRECTION('',(-0.,1.,-0.));
#11919 = ORIENTED_EDGE('',*,*,#11875,.T.);
#11920 = PLANE('',#11921);
#11921 = AXIS2_PLACEMENT_3D('',#11922,#11923,#11924);
#11922 = CARTESIAN_POINT('',(0.717493529128,-1.296891900544,
    0.95003223874));
#11923 = DIRECTION('',(-1.,0.,0.));
#11924 = DIRECTION('',(0.,0.,1.));
#11925 = ADVANCED_FACE('',(#11926),#11951,.F.);
#11926 = FACE_BOUND('',#11927,.T.);
#11927 = EDGE_LOOP('',(#11928,#11936,#11944,#11950));
#11928 = ORIENTED_EDGE('',*,*,#11929,.T.);
#11929 = EDGE_CURVE('',#11899,#11930,#11932,.T.);
#11930 = VERTEX_POINT('',#11931);
#11931 = CARTESIAN_POINT('',(0.691304626611,-1.296891900544,
    0.94903223874));
#11932 = LINE('',#11933,#11934);
#11933 = CARTESIAN_POINT('',(0.691304626611,-1.296891900544,
    0.94903223874));
#11934 = VECTOR('',#11935,1.);
#11935 = DIRECTION('',(-1.,-0.,-0.));
#11936 = ORIENTED_EDGE('',*,*,#11937,.F.);
#11937 = EDGE_CURVE('',#11938,#11930,#11940,.T.);
#11938 = VERTEX_POINT('',#11939);
#11939 = CARTESIAN_POINT('',(0.691304626611,-1.296891900544,
    0.95003223874));
#11940 = LINE('',#11941,#11942);
#11941 = CARTESIAN_POINT('',(0.691304626611,-1.296891900544,
    0.95003223874));
#11942 = VECTOR('',#11943,1.);
#11943 = DIRECTION('',(-0.,-0.,-1.));
#11944 = ORIENTED_EDGE('',*,*,#11945,.F.);
#11945 = EDGE_CURVE('',#11907,#11938,#11946,.T.);
#11946 = LINE('',#11947,#11948);
#11947 = CARTESIAN_POINT('',(0.691304626611,-1.296891900544,
    0.95003223874));
#11948 = VECTOR('',#11949,1.);
#11949 = DIRECTION('',(-1.,-0.,-0.));
#11950 = ORIENTED_EDGE('',*,*,#11906,.T.);
#11951 = PLANE('',#11952);
#11952 = AXIS2_PLACEMENT_3D('',#11953,#11954,#11955);
#11953 = CARTESIAN_POINT('',(0.691304626611,-1.296891900544,
    0.95003223874));
#11954 = DIRECTION('',(0.,-1.,0.));
#11955 = DIRECTION('',(0.,-0.,-1.));
#11956 = ADVANCED_FACE('',(#11957),#11982,.F.);
#11957 = FACE_BOUND('',#11958,.T.);
#11958 = EDGE_LOOP('',(#11959,#11967,#11975,#11981));
#11959 = ORIENTED_EDGE('',*,*,#11960,.T.);
#11960 = EDGE_CURVE('',#11930,#11961,#11963,.T.);
#11961 = VERTEX_POINT('',#11962);
#11962 = CARTESIAN_POINT('',(0.691304626611,-1.347736062652,
    0.94903223874));
#11963 = LINE('',#11964,#11965);
#11964 = CARTESIAN_POINT('',(0.691304626611,-1.347736062652,
    0.94903223874));
#11965 = VECTOR('',#11966,1.);
#11966 = DIRECTION('',(-0.,-1.,-0.));
#11967 = ORIENTED_EDGE('',*,*,#11968,.F.);
#11968 = EDGE_CURVE('',#11969,#11961,#11971,.T.);
#11969 = VERTEX_POINT('',#11970);
#11970 = CARTESIAN_POINT('',(0.691304626611,-1.347736062652,
    0.95003223874));
#11971 = LINE('',#11972,#11973);
#11972 = CARTESIAN_POINT('',(0.691304626611,-1.347736062652,
    0.95003223874));
#11973 = VECTOR('',#11974,1.);
#11974 = DIRECTION('',(-0.,-0.,-1.));
#11975 = ORIENTED_EDGE('',*,*,#11976,.F.);
#11976 = EDGE_CURVE('',#11938,#11969,#11977,.T.);
#11977 = LINE('',#11978,#11979);
#11978 = CARTESIAN_POINT('',(0.691304626611,-1.347736062652,
    0.95003223874));
#11979 = VECTOR('',#11980,1.);
#11980 = DIRECTION('',(-0.,-1.,-0.));
#11981 = ORIENTED_EDGE('',*,*,#11937,.T.);
#11982 = PLANE('',#11983);
#11983 = AXIS2_PLACEMENT_3D('',#11984,#11985,#11986);
#11984 = CARTESIAN_POINT('',(0.691304626611,-1.347736062652,
    0.95003223874));
#11985 = DIRECTION('',(1.,0.,0.));
#11986 = DIRECTION('',(0.,0.,-1.));
#11987 = ADVANCED_FACE('',(#11988),#12004,.F.);
#11988 = FACE_BOUND('',#11989,.T.);
#11989 = EDGE_LOOP('',(#11990,#11996,#11997,#12003));
#11990 = ORIENTED_EDGE('',*,*,#11991,.T.);
#11991 = EDGE_CURVE('',#11961,#11642,#11992,.T.);
#11992 = LINE('',#11993,#11994);
#11993 = CARTESIAN_POINT('',(0.71865025981,-1.347736062652,0.94903223874
    ));
#11994 = VECTOR('',#11995,1.);
#11995 = DIRECTION('',(1.,-0.,-0.));
#11996 = ORIENTED_EDGE('',*,*,#11667,.F.);
#11997 = ORIENTED_EDGE('',*,*,#11998,.F.);
#11998 = EDGE_CURVE('',#11969,#11660,#11999,.T.);
#11999 = LINE('',#12000,#12001);
#12000 = CARTESIAN_POINT('',(0.71865025981,-1.347736062652,0.95003223874
    ));
#12001 = VECTOR('',#12002,1.);
#12002 = DIRECTION('',(1.,-0.,-0.));
#12003 = ORIENTED_EDGE('',*,*,#11968,.T.);
#12004 = PLANE('',#12005);
#12005 = AXIS2_PLACEMENT_3D('',#12006,#12007,#12008);
#12006 = CARTESIAN_POINT('',(0.71865025981,-1.347736062652,0.95003223874
    ));
#12007 = DIRECTION('',(0.,1.,-0.));
#12008 = DIRECTION('',(0.,0.,1.));
#12009 = ADVANCED_FACE('',(#12010),#12024,.F.);
#12010 = FACE_BOUND('',#12011,.T.);
#12011 = EDGE_LOOP('',(#12012,#12013,#12014,#12015,#12016,#12017,#12018,
    #12019,#12020,#12021,#12022,#12023));
#12012 = ORIENTED_EDGE('',*,*,#11659,.T.);
#12013 = ORIENTED_EDGE('',*,*,#11697,.T.);
#12014 = ORIENTED_EDGE('',*,*,#11728,.T.);
#12015 = ORIENTED_EDGE('',*,*,#11759,.T.);
#12016 = ORIENTED_EDGE('',*,*,#11790,.T.);
#12017 = ORIENTED_EDGE('',*,*,#11821,.T.);
#12018 = ORIENTED_EDGE('',*,*,#11852,.T.);
#12019 = ORIENTED_EDGE('',*,*,#11883,.T.);
#12020 = ORIENTED_EDGE('',*,*,#11914,.T.);
#12021 = ORIENTED_EDGE('',*,*,#11945,.T.);
#12022 = ORIENTED_EDGE('',*,*,#11976,.T.);
#12023 = ORIENTED_EDGE('',*,*,#11998,.T.);
#12024 = PLANE('',#12025);
#12025 = AXIS2_PLACEMENT_3D('',#12026,#12027,#12028);
#12026 = CARTESIAN_POINT('',(-8.203535724743E-04,2.233050450947E-03,
    0.95003223874));
#12027 = DIRECTION('',(-0.,0.,-1.));
#12028 = DIRECTION('',(-1.,0.,0.));
#12029 = ADVANCED_FACE('',(#12030),#12044,.T.);
#12030 = FACE_BOUND('',#12031,.T.);
#12031 = EDGE_LOOP('',(#12032,#12033,#12034,#12035,#12036,#12037,#12038,
    #12039,#12040,#12041,#12042,#12043));
#12032 = ORIENTED_EDGE('',*,*,#11641,.F.);
#12033 = ORIENTED_EDGE('',*,*,#11991,.F.);
#12034 = ORIENTED_EDGE('',*,*,#11960,.F.);
#12035 = ORIENTED_EDGE('',*,*,#11929,.F.);
#12036 = ORIENTED_EDGE('',*,*,#11898,.F.);
#12037 = ORIENTED_EDGE('',*,*,#11867,.F.);
#12038 = ORIENTED_EDGE('',*,*,#11836,.F.);
#12039 = ORIENTED_EDGE('',*,*,#11805,.F.);
#12040 = ORIENTED_EDGE('',*,*,#11774,.F.);
#12041 = ORIENTED_EDGE('',*,*,#11743,.F.);
#12042 = ORIENTED_EDGE('',*,*,#11712,.F.);
#12043 = ORIENTED_EDGE('',*,*,#11681,.F.);
#12044 = PLANE('',#12045);
#12045 = AXIS2_PLACEMENT_3D('',#12046,#12047,#12048);
#12046 = CARTESIAN_POINT('',(-8.203535724743E-04,2.233050450947E-03,
    0.94903223874));
#12047 = DIRECTION('',(-0.,0.,-1.));
#12048 = DIRECTION('',(-1.,0.,0.));
#12049 = MANIFOLD_SOLID_BREP('',#12050);
#12050 = CLOSED_SHELL('',(#12051,#12181,#12311,#12333,#12354,#12375,
    #12396,#12417,#12434,#12446,#12468,#12485,#12502,#12523,#12544,
    #12565));
#12051 = ADVANCED_FACE('',(#12052,#12114),#12176,.T.);
#12052 = FACE_BOUND('',#12053,.T.);
#12053 = EDGE_LOOP('',(#12054,#12064,#12073,#12082,#12091,#12100,#12108)
  );
#12054 = ORIENTED_EDGE('',*,*,#12055,.T.);
#12055 = EDGE_CURVE('',#12056,#12058,#12060,.T.);
#12056 = VERTEX_POINT('',#12057);
#12057 = CARTESIAN_POINT('',(0.728255023562,-1.347736062652,
    0.95003223874));
#12058 = VERTEX_POINT('',#12059);
#12059 = CARTESIAN_POINT('',(0.742239767537,-1.347736062652,
    0.95003223874));
#12060 = LINE('',#12061,#12062);
#12061 = CARTESIAN_POINT('',(0.742239767537,-1.347736062652,
    0.95003223874));
#12062 = VECTOR('',#12063,1.);
#12063 = DIRECTION('',(1.,-0.,-0.));
#12064 = ORIENTED_EDGE('',*,*,#12065,.T.);
#12065 = EDGE_CURVE('',#12058,#12066,#12068,.T.);
#12066 = VERTEX_POINT('',#12067);
#12067 = CARTESIAN_POINT('',(0.761982170973,-1.340613720926,
    0.95003223874));
#12068 = B_SPLINE_CURVE_WITH_KNOTS('',3,(#12069,#12070,#12071,#12072),
  .UNSPECIFIED.,.F.,.F.,(4,4),(5.,6.),.PIECEWISE_BEZIER_KNOTS.);
#12069 = CARTESIAN_POINT('',(0.742239767537,-1.347736062652,
    0.95003223874));
#12070 = CARTESIAN_POINT('',(0.750284894414,-1.347736062652,
    0.95003223874));
#12071 = CARTESIAN_POINT('',(0.756874360209,-1.345370613393,
    0.95003223874));
#12072 = CARTESIAN_POINT('',(0.761982170973,-1.340613720926,
    0.95003223874));
#12073 = ORIENTED_EDGE('',*,*,#12074,.T.);
#12074 = EDGE_CURVE('',#12066,#12075,#12077,.T.);
#12075 = VERTEX_POINT('',#12076);
#12076 = CARTESIAN_POINT('',(0.769650385606,-1.321664132901,
    0.95003223874));
#12077 = B_SPLINE_CURVE_WITH_KNOTS('',3,(#12078,#12079,#12080,#12081),
  .UNSPECIFIED.,.F.,.F.,(4,4),(4.,5.),.PIECEWISE_BEZIER_KNOTS.);
#12078 = CARTESIAN_POINT('',(0.761982170973,-1.340613720926,
    0.95003223874));
#12079 = CARTESIAN_POINT('',(0.767089981737,-1.335856828458,
    0.95003223874));
#12080 = CARTESIAN_POINT('',(0.769650385606,-1.329540299117,
    0.95003223874));
#12081 = CARTESIAN_POINT('',(0.769650385606,-1.321664132901,
    0.95003223874));
#12082 = ORIENTED_EDGE('',*,*,#12083,.T.);
#12083 = EDGE_CURVE('',#12075,#12084,#12086,.T.);
#12084 = VERTEX_POINT('',#12085);
#12085 = CARTESIAN_POINT('',(0.761982170973,-1.303624333052,
    0.95003223874));
#12086 = B_SPLINE_CURVE_WITH_KNOTS('',3,(#12087,#12088,#12089,#12090),
  .UNSPECIFIED.,.F.,.F.,(4,4),(3.,4.),.PIECEWISE_BEZIER_KNOTS.);
#12087 = CARTESIAN_POINT('',(0.769650385606,-1.321664132901,
    0.95003223874));
#12088 = CARTESIAN_POINT('',(0.769650385606,-1.314125888007,
    0.95003223874));
#12089 = CARTESIAN_POINT('',(0.767089981737,-1.308121286041,
    0.95003223874));
#12090 = CARTESIAN_POINT('',(0.761982170973,-1.303624333052,
    0.95003223874));
#12091 = ORIENTED_EDGE('',*,*,#12092,.T.);
#12092 = EDGE_CURVE('',#12084,#12093,#12095,.T.);
#12093 = VERTEX_POINT('',#12094);
#12094 = CARTESIAN_POINT('',(0.742759646495,-1.296891900544,
    0.95003223874));
#12095 = B_SPLINE_CURVE_WITH_KNOTS('',3,(#12096,#12097,#12098,#12099),
  .UNSPECIFIED.,.F.,.F.,(4,4),(2.,3.),.PIECEWISE_BEZIER_KNOTS.);
#12096 = CARTESIAN_POINT('',(0.761982170973,-1.303624333052,
    0.95003223874));
#12097 = CARTESIAN_POINT('',(0.756874360209,-1.299127380065,
    0.95003223874));
#12098 = CARTESIAN_POINT('',(0.750466852049,-1.296891900544,
    0.95003223874));
#12099 = CARTESIAN_POINT('',(0.742759646495,-1.296891900544,
    0.95003223874));
#12100 = ORIENTED_EDGE('',*,*,#12101,.T.);
#12101 = EDGE_CURVE('',#12093,#12102,#12104,.T.);
#12102 = VERTEX_POINT('',#12103);
#12103 = CARTESIAN_POINT('',(0.728255023562,-1.296891900544,
    0.95003223874));
#12104 = LINE('',#12105,#12106);
#12105 = CARTESIAN_POINT('',(0.728255023562,-1.296891900544,
    0.95003223874));
#12106 = VECTOR('',#12107,1.);
#12107 = DIRECTION('',(-1.,-0.,-0.));
#12108 = ORIENTED_EDGE('',*,*,#12109,.T.);
#12109 = EDGE_CURVE('',#12102,#12056,#12110,.T.);
#12110 = LINE('',#12111,#12112);
#12111 = CARTESIAN_POINT('',(0.728255023562,-1.347736062652,
    0.95003223874));
#12112 = VECTOR('',#12113,1.);
#12113 = DIRECTION('',(-0.,-1.,-0.));
#12114 = FACE_BOUND('',#12115,.T.);
#12115 = EDGE_LOOP('',(#12116,#12126,#12134,#12143,#12152,#12161,#12170)
  );
#12116 = ORIENTED_EDGE('',*,*,#12117,.F.);
#12117 = EDGE_CURVE('',#12118,#12120,#12122,.T.);
#12118 = VERTEX_POINT('',#12119);
#12119 = CARTESIAN_POINT('',(0.734818495409,-1.302740538824,
    0.95003223874));
#12120 = VERTEX_POINT('',#12121);
#12121 = CARTESIAN_POINT('',(0.734818495409,-1.341939412269,
    0.95003223874));
#12122 = LINE('',#12123,#12124);
#12123 = CARTESIAN_POINT('',(0.734818495409,-1.302740538824,
    0.95003223874));
#12124 = VECTOR('',#12125,1.);
#12125 = DIRECTION('',(0.,-1.,0.));
#12126 = ORIENTED_EDGE('',*,*,#12127,.F.);
#12127 = EDGE_CURVE('',#12128,#12118,#12130,.T.);
#12128 = VERTEX_POINT('',#12129);
#12129 = CARTESIAN_POINT('',(0.742499707016,-1.302740538824,
    0.95003223874));
#12130 = LINE('',#12131,#12132);
#12131 = CARTESIAN_POINT('',(0.742499707016,-1.302740538824,
    0.95003223874));
#12132 = VECTOR('',#12133,1.);
#12133 = DIRECTION('',(-1.,0.,0.));
#12134 = ORIENTED_EDGE('',*,*,#12135,.F.);
#12135 = EDGE_CURVE('',#12136,#12128,#12138,.T.);
#12136 = VERTEX_POINT('',#12137);
#12137 = CARTESIAN_POINT('',(0.75717329061,-1.307523425239,0.95003223874
    ));
#12138 = B_SPLINE_CURVE_WITH_KNOTS('',3,(#12139,#12140,#12141,#12142),
  .UNSPECIFIED.,.F.,.F.,(4,4),(5.,6.),.PIECEWISE_BEZIER_KNOTS.);
#12139 = CARTESIAN_POINT('',(0.75717329061,-1.307523425239,0.95003223874
    ));
#12140 = CARTESIAN_POINT('',(0.753456156059,-1.304326169646,
    0.95003223874));
#12141 = CARTESIAN_POINT('',(0.748556296878,-1.302740538824,
    0.95003223874));
#12142 = CARTESIAN_POINT('',(0.742499707016,-1.302740538824,
    0.95003223874));
#12143 = ORIENTED_EDGE('',*,*,#12144,.F.);
#12144 = EDGE_CURVE('',#12145,#12136,#12147,.T.);
#12145 = VERTEX_POINT('',#12146);
#12146 = CARTESIAN_POINT('',(0.762748992436,-1.321846090536,
    0.95003223874));
#12147 = B_SPLINE_CURVE_WITH_KNOTS('',3,(#12148,#12149,#12150,#12151),
  .UNSPECIFIED.,.F.,.F.,(4,4),(4.,5.),.PIECEWISE_BEZIER_KNOTS.);
#12148 = CARTESIAN_POINT('',(0.762748992436,-1.321846090536,
    0.95003223874));
#12149 = CARTESIAN_POINT('',(0.762748992436,-1.315503567246,
    0.95003223874));
#12150 = CARTESIAN_POINT('',(0.76089042516,-1.310720680832,0.95003223874
    ));
#12151 = CARTESIAN_POINT('',(0.75717329061,-1.307523425239,0.95003223874
    ));
#12152 = ORIENTED_EDGE('',*,*,#12153,.F.);
#12153 = EDGE_CURVE('',#12154,#12145,#12156,.T.);
#12154 = VERTEX_POINT('',#12155);
#12155 = CARTESIAN_POINT('',(0.757316257323,-1.336636646896,
    0.95003223874));
#12156 = B_SPLINE_CURVE_WITH_KNOTS('',3,(#12157,#12158,#12159,#12160),
  .UNSPECIFIED.,.F.,.F.,(4,4),(3.,4.),.PIECEWISE_BEZIER_KNOTS.);
#12157 = CARTESIAN_POINT('',(0.757316257323,-1.336636646896,
    0.95003223874));
#12158 = CARTESIAN_POINT('',(0.760942413056,-1.333127463928,
    0.95003223874));
#12159 = CARTESIAN_POINT('',(0.762748992436,-1.328188613826,
    0.95003223874));
#12160 = CARTESIAN_POINT('',(0.762748992436,-1.321846090536,
    0.95003223874));
#12161 = ORIENTED_EDGE('',*,*,#12162,.F.);
#12162 = EDGE_CURVE('',#12163,#12154,#12165,.T.);
#12163 = VERTEX_POINT('',#12164);
#12164 = CARTESIAN_POINT('',(0.742200776615,-1.341939412269,
    0.95003223874));
#12165 = B_SPLINE_CURVE_WITH_KNOTS('',3,(#12166,#12167,#12168,#12169),
  .UNSPECIFIED.,.F.,.F.,(4,4),(2.,3.),.PIECEWISE_BEZIER_KNOTS.);
#12166 = CARTESIAN_POINT('',(0.742200776615,-1.341939412269,
    0.95003223874));
#12167 = CARTESIAN_POINT('',(0.74866027267,-1.341939412269,0.95003223874
    ));
#12168 = CARTESIAN_POINT('',(0.753703098564,-1.340171823811,
    0.95003223874));
#12169 = CARTESIAN_POINT('',(0.757316257323,-1.336636646896,
    0.95003223874));
#12170 = ORIENTED_EDGE('',*,*,#12171,.F.);
#12171 = EDGE_CURVE('',#12120,#12163,#12172,.T.);
#12172 = LINE('',#12173,#12174);
#12173 = CARTESIAN_POINT('',(0.734818495409,-1.341939412269,
    0.95003223874));
#12174 = VECTOR('',#12175,1.);
#12175 = DIRECTION('',(1.,0.,0.));
#12176 = PLANE('',#12177);
#12177 = AXIS2_PLACEMENT_3D('',#12178,#12179,#12180);
#12178 = CARTESIAN_POINT('',(0.75334568178,-1.298571759428,0.95003223874
    ));
#12179 = DIRECTION('',(-0.,0.,1.));
#12180 = DIRECTION('',(1.,0.,0.));
#12181 = ADVANCED_FACE('',(#12182,#12244),#12306,.F.);
#12182 = FACE_BOUND('',#12183,.T.);
#12183 = EDGE_LOOP('',(#12184,#12194,#12202,#12210,#12219,#12228,#12237)
  );
#12184 = ORIENTED_EDGE('',*,*,#12185,.F.);
#12185 = EDGE_CURVE('',#12186,#12188,#12190,.T.);
#12186 = VERTEX_POINT('',#12187);
#12187 = CARTESIAN_POINT('',(0.728255023562,-1.347736062652,
    0.94903223874));
#12188 = VERTEX_POINT('',#12189);
#12189 = CARTESIAN_POINT('',(0.742239767537,-1.347736062652,
    0.94903223874));
#12190 = LINE('',#12191,#12192);
#12191 = CARTESIAN_POINT('',(0.742239767537,-1.347736062652,
    0.94903223874));
#12192 = VECTOR('',#12193,1.);
#12193 = DIRECTION('',(1.,-0.,-0.));
#12194 = ORIENTED_EDGE('',*,*,#12195,.F.);
#12195 = EDGE_CURVE('',#12196,#12186,#12198,.T.);
#12196 = VERTEX_POINT('',#12197);
#12197 = CARTESIAN_POINT('',(0.728255023562,-1.296891900544,
    0.94903223874));
#12198 = LINE('',#12199,#12200);
#12199 = CARTESIAN_POINT('',(0.728255023562,-1.347736062652,
    0.94903223874));
#12200 = VECTOR('',#12201,1.);
#12201 = DIRECTION('',(-0.,-1.,-0.));
#12202 = ORIENTED_EDGE('',*,*,#12203,.F.);
#12203 = EDGE_CURVE('',#12204,#12196,#12206,.T.);
#12204 = VERTEX_POINT('',#12205);
#12205 = CARTESIAN_POINT('',(0.742759646495,-1.296891900544,
    0.94903223874));
#12206 = LINE('',#12207,#12208);
#12207 = CARTESIAN_POINT('',(0.728255023562,-1.296891900544,
    0.94903223874));
#12208 = VECTOR('',#12209,1.);
#12209 = DIRECTION('',(-1.,-0.,-0.));
#12210 = ORIENTED_EDGE('',*,*,#12211,.F.);
#12211 = EDGE_CURVE('',#12212,#12204,#12214,.T.);
#12212 = VERTEX_POINT('',#12213);
#12213 = CARTESIAN_POINT('',(0.761982170973,-1.303624333052,
    0.94903223874));
#12214 = B_SPLINE_CURVE_WITH_KNOTS('',3,(#12215,#12216,#12217,#12218),
  .UNSPECIFIED.,.F.,.F.,(4,4),(2.,3.),.PIECEWISE_BEZIER_KNOTS.);
#12215 = CARTESIAN_POINT('',(0.761982170973,-1.303624333052,
    0.94903223874));
#12216 = CARTESIAN_POINT('',(0.756874360209,-1.299127380065,
    0.94903223874));
#12217 = CARTESIAN_POINT('',(0.750466852049,-1.296891900544,
    0.94903223874));
#12218 = CARTESIAN_POINT('',(0.742759646495,-1.296891900544,
    0.94903223874));
#12219 = ORIENTED_EDGE('',*,*,#12220,.F.);
#12220 = EDGE_CURVE('',#12221,#12212,#12223,.T.);
#12221 = VERTEX_POINT('',#12222);
#12222 = CARTESIAN_POINT('',(0.769650385606,-1.321664132901,
    0.94903223874));
#12223 = B_SPLINE_CURVE_WITH_KNOTS('',3,(#12224,#12225,#12226,#12227),
  .UNSPECIFIED.,.F.,.F.,(4,4),(3.,4.),.PIECEWISE_BEZIER_KNOTS.);
#12224 = CARTESIAN_POINT('',(0.769650385606,-1.321664132901,
    0.94903223874));
#12225 = CARTESIAN_POINT('',(0.769650385606,-1.314125888007,
    0.94903223874));
#12226 = CARTESIAN_POINT('',(0.767089981737,-1.308121286041,
    0.94903223874));
#12227 = CARTESIAN_POINT('',(0.761982170973,-1.303624333052,
    0.94903223874));
#12228 = ORIENTED_EDGE('',*,*,#12229,.F.);
#12229 = EDGE_CURVE('',#12230,#12221,#12232,.T.);
#12230 = VERTEX_POINT('',#12231);
#12231 = CARTESIAN_POINT('',(0.761982170973,-1.340613720926,
    0.94903223874));
#12232 = B_SPLINE_CURVE_WITH_KNOTS('',3,(#12233,#12234,#12235,#12236),
  .UNSPECIFIED.,.F.,.F.,(4,4),(4.,5.),.PIECEWISE_BEZIER_KNOTS.);
#12233 = CARTESIAN_POINT('',(0.761982170973,-1.340613720926,
    0.94903223874));
#12234 = CARTESIAN_POINT('',(0.767089981737,-1.335856828458,
    0.94903223874));
#12235 = CARTESIAN_POINT('',(0.769650385606,-1.329540299117,
    0.94903223874));
#12236 = CARTESIAN_POINT('',(0.769650385606,-1.321664132901,
    0.94903223874));
#12237 = ORIENTED_EDGE('',*,*,#12238,.F.);
#12238 = EDGE_CURVE('',#12188,#12230,#12239,.T.);
#12239 = B_SPLINE_CURVE_WITH_KNOTS('',3,(#12240,#12241,#12242,#12243),
  .UNSPECIFIED.,.F.,.F.,(4,4),(5.,6.),.PIECEWISE_BEZIER_KNOTS.);
#12240 = CARTESIAN_POINT('',(0.742239767537,-1.347736062652,
    0.94903223874));
#12241 = CARTESIAN_POINT('',(0.750284894414,-1.347736062652,
    0.94903223874));
#12242 = CARTESIAN_POINT('',(0.756874360209,-1.345370613393,
    0.94903223874));
#12243 = CARTESIAN_POINT('',(0.761982170973,-1.340613720926,
    0.94903223874));
#12244 = FACE_BOUND('',#12245,.T.);
#12245 = EDGE_LOOP('',(#12246,#12256,#12264,#12272,#12281,#12290,#12299)
  );
#12246 = ORIENTED_EDGE('',*,*,#12247,.T.);
#12247 = EDGE_CURVE('',#12248,#12250,#12252,.T.);
#12248 = VERTEX_POINT('',#12249);
#12249 = CARTESIAN_POINT('',(0.742499707016,-1.302740538824,
    0.94903223874));
#12250 = VERTEX_POINT('',#12251);
#12251 = CARTESIAN_POINT('',(0.734818495409,-1.302740538824,
    0.94903223874));
#12252 = LINE('',#12253,#12254);
#12253 = CARTESIAN_POINT('',(0.742499707016,-1.302740538824,
    0.94903223874));
#12254 = VECTOR('',#12255,1.);
#12255 = DIRECTION('',(-1.,0.,0.));
#12256 = ORIENTED_EDGE('',*,*,#12257,.T.);
#12257 = EDGE_CURVE('',#12250,#12258,#12260,.T.);
#12258 = VERTEX_POINT('',#12259);
#12259 = CARTESIAN_POINT('',(0.734818495409,-1.341939412269,
    0.94903223874));
#12260 = LINE('',#12261,#12262);
#12261 = CARTESIAN_POINT('',(0.734818495409,-1.302740538824,
    0.94903223874));
#12262 = VECTOR('',#12263,1.);
#12263 = DIRECTION('',(0.,-1.,0.));
#12264 = ORIENTED_EDGE('',*,*,#12265,.T.);
#12265 = EDGE_CURVE('',#12258,#12266,#12268,.T.);
#12266 = VERTEX_POINT('',#12267);
#12267 = CARTESIAN_POINT('',(0.742200776615,-1.341939412269,
    0.94903223874));
#12268 = LINE('',#12269,#12270);
#12269 = CARTESIAN_POINT('',(0.734818495409,-1.341939412269,
    0.94903223874));
#12270 = VECTOR('',#12271,1.);
#12271 = DIRECTION('',(1.,0.,0.));
#12272 = ORIENTED_EDGE('',*,*,#12273,.T.);
#12273 = EDGE_CURVE('',#12266,#12274,#12276,.T.);
#12274 = VERTEX_POINT('',#12275);
#12275 = CARTESIAN_POINT('',(0.757316257323,-1.336636646896,
    0.94903223874));
#12276 = B_SPLINE_CURVE_WITH_KNOTS('',3,(#12277,#12278,#12279,#12280),
  .UNSPECIFIED.,.F.,.F.,(4,4),(2.,3.),.PIECEWISE_BEZIER_KNOTS.);
#12277 = CARTESIAN_POINT('',(0.742200776615,-1.341939412269,
    0.94903223874));
#12278 = CARTESIAN_POINT('',(0.74866027267,-1.341939412269,0.94903223874
    ));
#12279 = CARTESIAN_POINT('',(0.753703098564,-1.340171823811,
    0.94903223874));
#12280 = CARTESIAN_POINT('',(0.757316257323,-1.336636646896,
    0.94903223874));
#12281 = ORIENTED_EDGE('',*,*,#12282,.T.);
#12282 = EDGE_CURVE('',#12274,#12283,#12285,.T.);
#12283 = VERTEX_POINT('',#12284);
#12284 = CARTESIAN_POINT('',(0.762748992436,-1.321846090536,
    0.94903223874));
#12285 = B_SPLINE_CURVE_WITH_KNOTS('',3,(#12286,#12287,#12288,#12289),
  .UNSPECIFIED.,.F.,.F.,(4,4),(3.,4.),.PIECEWISE_BEZIER_KNOTS.);
#12286 = CARTESIAN_POINT('',(0.757316257323,-1.336636646896,
    0.94903223874));
#12287 = CARTESIAN_POINT('',(0.760942413056,-1.333127463928,
    0.94903223874));
#12288 = CARTESIAN_POINT('',(0.762748992436,-1.328188613826,
    0.94903223874));
#12289 = CARTESIAN_POINT('',(0.762748992436,-1.321846090536,
    0.94903223874));
#12290 = ORIENTED_EDGE('',*,*,#12291,.T.);
#12291 = EDGE_CURVE('',#12283,#12292,#12294,.T.);
#12292 = VERTEX_POINT('',#12293);
#12293 = CARTESIAN_POINT('',(0.75717329061,-1.307523425239,0.94903223874
    ));
#12294 = B_SPLINE_CURVE_WITH_KNOTS('',3,(#12295,#12296,#12297,#12298),
  .UNSPECIFIED.,.F.,.F.,(4,4),(4.,5.),.PIECEWISE_BEZIER_KNOTS.);
#12295 = CARTESIAN_POINT('',(0.762748992436,-1.321846090536,
    0.94903223874));
#12296 = CARTESIAN_POINT('',(0.762748992436,-1.315503567246,
    0.94903223874));
#12297 = CARTESIAN_POINT('',(0.76089042516,-1.310720680832,0.94903223874
    ));
#12298 = CARTESIAN_POINT('',(0.75717329061,-1.307523425239,0.94903223874
    ));
#12299 = ORIENTED_EDGE('',*,*,#12300,.T.);
#12300 = EDGE_CURVE('',#12292,#12248,#12301,.T.);
#12301 = B_SPLINE_CURVE_WITH_KNOTS('',3,(#12302,#12303,#12304,#12305),
  .UNSPECIFIED.,.F.,.F.,(4,4),(5.,6.),.PIECEWISE_BEZIER_KNOTS.);
#12302 = CARTESIAN_POINT('',(0.75717329061,-1.307523425239,0.94903223874
    ));
#12303 = CARTESIAN_POINT('',(0.753456156059,-1.304326169646,
    0.94903223874));
#12304 = CARTESIAN_POINT('',(0.748556296878,-1.302740538824,
    0.94903223874));
#12305 = CARTESIAN_POINT('',(0.742499707016,-1.302740538824,
    0.94903223874));
#12306 = PLANE('',#12307);
#12307 = AXIS2_PLACEMENT_3D('',#12308,#12309,#12310);
#12308 = CARTESIAN_POINT('',(0.75334568178,-1.298571759428,0.94903223874
    ));
#12309 = DIRECTION('',(-0.,0.,1.));
#12310 = DIRECTION('',(1.,0.,0.));
#12311 = ADVANCED_FACE('',(#12312),#12328,.F.);
#12312 = FACE_BOUND('',#12313,.T.);
#12313 = EDGE_LOOP('',(#12314,#12315,#12321,#12322));
#12314 = ORIENTED_EDGE('',*,*,#12185,.T.);
#12315 = ORIENTED_EDGE('',*,*,#12316,.F.);
#12316 = EDGE_CURVE('',#12058,#12188,#12317,.T.);
#12317 = LINE('',#12318,#12319);
#12318 = CARTESIAN_POINT('',(0.742239767537,-1.347736062652,
    0.95003223874));
#12319 = VECTOR('',#12320,1.);
#12320 = DIRECTION('',(-0.,-0.,-1.));
#12321 = ORIENTED_EDGE('',*,*,#12055,.F.);
#12322 = ORIENTED_EDGE('',*,*,#12323,.T.);
#12323 = EDGE_CURVE('',#12056,#12186,#12324,.T.);
#12324 = LINE('',#12325,#12326);
#12325 = CARTESIAN_POINT('',(0.728255023562,-1.347736062652,
    0.95003223874));
#12326 = VECTOR('',#12327,1.);
#12327 = DIRECTION('',(-0.,-0.,-1.));
#12328 = PLANE('',#12329);
#12329 = AXIS2_PLACEMENT_3D('',#12330,#12331,#12332);
#12330 = CARTESIAN_POINT('',(0.742239767537,-1.347736062652,
    0.95003223874));
#12331 = DIRECTION('',(0.,1.,-0.));
#12332 = DIRECTION('',(0.,0.,1.));
#12333 = ADVANCED_FACE('',(#12334),#12345,.F.);
#12334 = FACE_BOUND('',#12335,.F.);
#12335 = EDGE_LOOP('',(#12336,#12337,#12338,#12344));
#12336 = ORIENTED_EDGE('',*,*,#12316,.F.);
#12337 = ORIENTED_EDGE('',*,*,#12065,.T.);
#12338 = ORIENTED_EDGE('',*,*,#12339,.T.);
#12339 = EDGE_CURVE('',#12066,#12230,#12340,.T.);
#12340 = LINE('',#12341,#12342);
#12341 = CARTESIAN_POINT('',(0.761982170973,-1.340613720926,
    0.95003223874));
#12342 = VECTOR('',#12343,1.);
#12343 = DIRECTION('',(-0.,-0.,-1.));
#12344 = ORIENTED_EDGE('',*,*,#12238,.F.);
#12345 = B_SPLINE_SURFACE_WITH_KNOTS('',3,1,(
    (#12346,#12347)
    ,(#12348,#12349)
    ,(#12350,#12351)
    ,(#12352,#12353
    )),.UNSPECIFIED.,.F.,.F.,.F.,(4,4),(2,2),(5.,6.),(0.,1.),
  .PIECEWISE_BEZIER_KNOTS.);
#12346 = CARTESIAN_POINT('',(0.742239767537,-1.347736062652,
    0.95003223874));
#12347 = CARTESIAN_POINT('',(0.742239767537,-1.347736062652,
    0.94903223874));
#12348 = CARTESIAN_POINT('',(0.750284894414,-1.347736062652,
    0.95003223874));
#12349 = CARTESIAN_POINT('',(0.750284894414,-1.347736062652,
    0.94903223874));
#12350 = CARTESIAN_POINT('',(0.756874360209,-1.345370613393,
    0.95003223874));
#12351 = CARTESIAN_POINT('',(0.756874360209,-1.345370613393,
    0.94903223874));
#12352 = CARTESIAN_POINT('',(0.761982170973,-1.340613720926,
    0.95003223874));
#12353 = CARTESIAN_POINT('',(0.761982170973,-1.340613720926,
    0.94903223874));
#12354 = ADVANCED_FACE('',(#12355),#12366,.F.);
#12355 = FACE_BOUND('',#12356,.F.);
#12356 = EDGE_LOOP('',(#12357,#12358,#12359,#12365));
#12357 = ORIENTED_EDGE('',*,*,#12339,.F.);
#12358 = ORIENTED_EDGE('',*,*,#12074,.T.);
#12359 = ORIENTED_EDGE('',*,*,#12360,.T.);
#12360 = EDGE_CURVE('',#12075,#12221,#12361,.T.);
#12361 = LINE('',#12362,#12363);
#12362 = CARTESIAN_POINT('',(0.769650385606,-1.321664132901,
    0.95003223874));
#12363 = VECTOR('',#12364,1.);
#12364 = DIRECTION('',(-0.,-0.,-1.));
#12365 = ORIENTED_EDGE('',*,*,#12229,.F.);
#12366 = B_SPLINE_SURFACE_WITH_KNOTS('',3,1,(
    (#12367,#12368)
    ,(#12369,#12370)
    ,(#12371,#12372)
    ,(#12373,#12374
    )),.UNSPECIFIED.,.F.,.F.,.F.,(4,4),(2,2),(4.,5.),(0.,1.),
  .PIECEWISE_BEZIER_KNOTS.);
#12367 = CARTESIAN_POINT('',(0.761982170973,-1.340613720926,
    0.95003223874));
#12368 = CARTESIAN_POINT('',(0.761982170973,-1.340613720926,
    0.94903223874));
#12369 = CARTESIAN_POINT('',(0.767089981737,-1.335856828458,
    0.95003223874));
#12370 = CARTESIAN_POINT('',(0.767089981737,-1.335856828458,
    0.94903223874));
#12371 = CARTESIAN_POINT('',(0.769650385606,-1.329540299117,
    0.95003223874));
#12372 = CARTESIAN_POINT('',(0.769650385606,-1.329540299117,
    0.94903223874));
#12373 = CARTESIAN_POINT('',(0.769650385606,-1.321664132901,
    0.95003223874));
#12374 = CARTESIAN_POINT('',(0.769650385606,-1.321664132901,
    0.94903223874));
#12375 = ADVANCED_FACE('',(#12376),#12387,.F.);
#12376 = FACE_BOUND('',#12377,.F.);
#12377 = EDGE_LOOP('',(#12378,#12379,#12380,#12386));
#12378 = ORIENTED_EDGE('',*,*,#12360,.F.);
#12379 = ORIENTED_EDGE('',*,*,#12083,.T.);
#12380 = ORIENTED_EDGE('',*,*,#12381,.T.);
#12381 = EDGE_CURVE('',#12084,#12212,#12382,.T.);
#12382 = LINE('',#12383,#12384);
#12383 = CARTESIAN_POINT('',(0.761982170973,-1.303624333052,
    0.95003223874));
#12384 = VECTOR('',#12385,1.);
#12385 = DIRECTION('',(-0.,-0.,-1.));
#12386 = ORIENTED_EDGE('',*,*,#12220,.F.);
#12387 = B_SPLINE_SURFACE_WITH_KNOTS('',3,1,(
    (#12388,#12389)
    ,(#12390,#12391)
    ,(#12392,#12393)
    ,(#12394,#12395
    )),.UNSPECIFIED.,.F.,.F.,.F.,(4,4),(2,2),(3.,4.),(0.,1.),
  .PIECEWISE_BEZIER_KNOTS.);
#12388 = CARTESIAN_POINT('',(0.769650385606,-1.321664132901,
    0.95003223874));
#12389 = CARTESIAN_POINT('',(0.769650385606,-1.321664132901,
    0.94903223874));
#12390 = CARTESIAN_POINT('',(0.769650385606,-1.314125888007,
    0.95003223874));
#12391 = CARTESIAN_POINT('',(0.769650385606,-1.314125888007,
    0.94903223874));
#12392 = CARTESIAN_POINT('',(0.767089981737,-1.308121286041,
    0.95003223874));
#12393 = CARTESIAN_POINT('',(0.767089981737,-1.308121286041,
    0.94903223874));
#12394 = CARTESIAN_POINT('',(0.761982170973,-1.303624333052,
    0.95003223874));
#12395 = CARTESIAN_POINT('',(0.761982170973,-1.303624333052,
    0.94903223874));
#12396 = ADVANCED_FACE('',(#12397),#12408,.F.);
#12397 = FACE_BOUND('',#12398,.F.);
#12398 = EDGE_LOOP('',(#12399,#12400,#12401,#12407));
#12399 = ORIENTED_EDGE('',*,*,#12381,.F.);
#12400 = ORIENTED_EDGE('',*,*,#12092,.T.);
#12401 = ORIENTED_EDGE('',*,*,#12402,.T.);
#12402 = EDGE_CURVE('',#12093,#12204,#12403,.T.);
#12403 = LINE('',#12404,#12405);
#12404 = CARTESIAN_POINT('',(0.742759646495,-1.296891900544,
    0.95003223874));
#12405 = VECTOR('',#12406,1.);
#12406 = DIRECTION('',(-0.,-0.,-1.));
#12407 = ORIENTED_EDGE('',*,*,#12211,.F.);
#12408 = B_SPLINE_SURFACE_WITH_KNOTS('',3,1,(
    (#12409,#12410)
    ,(#12411,#12412)
    ,(#12413,#12414)
    ,(#12415,#12416
    )),.UNSPECIFIED.,.F.,.F.,.F.,(4,4),(2,2),(2.,3.),(0.,1.),
  .PIECEWISE_BEZIER_KNOTS.);
#12409 = CARTESIAN_POINT('',(0.761982170973,-1.303624333052,
    0.95003223874));
#12410 = CARTESIAN_POINT('',(0.761982170973,-1.303624333052,
    0.94903223874));
#12411 = CARTESIAN_POINT('',(0.756874360209,-1.299127380065,
    0.95003223874));
#12412 = CARTESIAN_POINT('',(0.756874360209,-1.299127380065,
    0.94903223874));
#12413 = CARTESIAN_POINT('',(0.750466852049,-1.296891900544,
    0.95003223874));
#12414 = CARTESIAN_POINT('',(0.750466852049,-1.296891900544,
    0.94903223874));
#12415 = CARTESIAN_POINT('',(0.742759646495,-1.296891900544,
    0.95003223874));
#12416 = CARTESIAN_POINT('',(0.742759646495,-1.296891900544,
    0.94903223874));
#12417 = ADVANCED_FACE('',(#12418),#12429,.F.);
#12418 = FACE_BOUND('',#12419,.T.);
#12419 = EDGE_LOOP('',(#12420,#12421,#12427,#12428));
#12420 = ORIENTED_EDGE('',*,*,#12203,.T.);
#12421 = ORIENTED_EDGE('',*,*,#12422,.F.);
#12422 = EDGE_CURVE('',#12102,#12196,#12423,.T.);
#12423 = LINE('',#12424,#12425);
#12424 = CARTESIAN_POINT('',(0.728255023562,-1.296891900544,
    0.95003223874));
#12425 = VECTOR('',#12426,1.);
#12426 = DIRECTION('',(-0.,-0.,-1.));
#12427 = ORIENTED_EDGE('',*,*,#12101,.F.);
#12428 = ORIENTED_EDGE('',*,*,#12402,.T.);
#12429 = PLANE('',#12430);
#12430 = AXIS2_PLACEMENT_3D('',#12431,#12432,#12433);
#12431 = CARTESIAN_POINT('',(0.728255023562,-1.296891900544,
    0.95003223874));
#12432 = DIRECTION('',(0.,-1.,0.));
#12433 = DIRECTION('',(0.,-0.,-1.));
#12434 = ADVANCED_FACE('',(#12435),#12441,.F.);
#12435 = FACE_BOUND('',#12436,.T.);
#12436 = EDGE_LOOP('',(#12437,#12438,#12439,#12440));
#12437 = ORIENTED_EDGE('',*,*,#12195,.T.);
#12438 = ORIENTED_EDGE('',*,*,#12323,.F.);
#12439 = ORIENTED_EDGE('',*,*,#12109,.F.);
#12440 = ORIENTED_EDGE('',*,*,#12422,.T.);
#12441 = PLANE('',#12442);
#12442 = AXIS2_PLACEMENT_3D('',#12443,#12444,#12445);
#12443 = CARTESIAN_POINT('',(0.728255023562,-1.347736062652,
    0.95003223874));
#12444 = DIRECTION('',(1.,0.,0.));
#12445 = DIRECTION('',(0.,0.,-1.));
#12446 = ADVANCED_FACE('',(#12447),#12463,.T.);
#12447 = FACE_BOUND('',#12448,.T.);
#12448 = EDGE_LOOP('',(#12449,#12450,#12456,#12457));
#12449 = ORIENTED_EDGE('',*,*,#12247,.F.);
#12450 = ORIENTED_EDGE('',*,*,#12451,.F.);
#12451 = EDGE_CURVE('',#12128,#12248,#12452,.T.);
#12452 = LINE('',#12453,#12454);
#12453 = CARTESIAN_POINT('',(0.742499707016,-1.302740538824,
    0.95003223874));
#12454 = VECTOR('',#12455,1.);
#12455 = DIRECTION('',(-0.,-0.,-1.));
#12456 = ORIENTED_EDGE('',*,*,#12127,.T.);
#12457 = ORIENTED_EDGE('',*,*,#12458,.T.);
#12458 = EDGE_CURVE('',#12118,#12250,#12459,.T.);
#12459 = LINE('',#12460,#12461);
#12460 = CARTESIAN_POINT('',(0.734818495409,-1.302740538824,
    0.95003223874));
#12461 = VECTOR('',#12462,1.);
#12462 = DIRECTION('',(-0.,-0.,-1.));
#12463 = PLANE('',#12464);
#12464 = AXIS2_PLACEMENT_3D('',#12465,#12466,#12467);
#12465 = CARTESIAN_POINT('',(0.742499707016,-1.302740538824,
    0.95003223874));
#12466 = DIRECTION('',(0.,-1.,0.));
#12467 = DIRECTION('',(0.,-0.,-1.));
#12468 = ADVANCED_FACE('',(#12469),#12480,.T.);
#12469 = FACE_BOUND('',#12470,.T.);
#12470 = EDGE_LOOP('',(#12471,#12472,#12473,#12474));
#12471 = ORIENTED_EDGE('',*,*,#12257,.F.);
#12472 = ORIENTED_EDGE('',*,*,#12458,.F.);
#12473 = ORIENTED_EDGE('',*,*,#12117,.T.);
#12474 = ORIENTED_EDGE('',*,*,#12475,.T.);
#12475 = EDGE_CURVE('',#12120,#12258,#12476,.T.);
#12476 = LINE('',#12477,#12478);
#12477 = CARTESIAN_POINT('',(0.734818495409,-1.341939412269,
    0.95003223874));
#12478 = VECTOR('',#12479,1.);
#12479 = DIRECTION('',(-0.,-0.,-1.));
#12480 = PLANE('',#12481);
#12481 = AXIS2_PLACEMENT_3D('',#12482,#12483,#12484);
#12482 = CARTESIAN_POINT('',(0.734818495409,-1.302740538824,
    0.95003223874));
#12483 = DIRECTION('',(1.,0.,-0.));
#12484 = DIRECTION('',(-0.,0.,-1.));
#12485 = ADVANCED_FACE('',(#12486),#12497,.T.);
#12486 = FACE_BOUND('',#12487,.T.);
#12487 = EDGE_LOOP('',(#12488,#12489,#12490,#12491));
#12488 = ORIENTED_EDGE('',*,*,#12265,.F.);
#12489 = ORIENTED_EDGE('',*,*,#12475,.F.);
#12490 = ORIENTED_EDGE('',*,*,#12171,.T.);
#12491 = ORIENTED_EDGE('',*,*,#12492,.T.);
#12492 = EDGE_CURVE('',#12163,#12266,#12493,.T.);
#12493 = LINE('',#12494,#12495);
#12494 = CARTESIAN_POINT('',(0.742200776615,-1.341939412269,
    0.95003223874));
#12495 = VECTOR('',#12496,1.);
#12496 = DIRECTION('',(-0.,-0.,-1.));
#12497 = PLANE('',#12498);
#12498 = AXIS2_PLACEMENT_3D('',#12499,#12500,#12501);
#12499 = CARTESIAN_POINT('',(0.734818495409,-1.341939412269,
    0.95003223874));
#12500 = DIRECTION('',(0.,1.,0.));
#12501 = DIRECTION('',(0.,-0.,1.));
#12502 = ADVANCED_FACE('',(#12503),#12514,.T.);
#12503 = FACE_BOUND('',#12504,.T.);
#12504 = EDGE_LOOP('',(#12505,#12506,#12507,#12508));
#12505 = ORIENTED_EDGE('',*,*,#12273,.F.);
#12506 = ORIENTED_EDGE('',*,*,#12492,.F.);
#12507 = ORIENTED_EDGE('',*,*,#12162,.T.);
#12508 = ORIENTED_EDGE('',*,*,#12509,.T.);
#12509 = EDGE_CURVE('',#12154,#12274,#12510,.T.);
#12510 = LINE('',#12511,#12512);
#12511 = CARTESIAN_POINT('',(0.757316257323,-1.336636646896,
    0.95003223874));
#12512 = VECTOR('',#12513,1.);
#12513 = DIRECTION('',(-0.,-0.,-1.));
#12514 = B_SPLINE_SURFACE_WITH_KNOTS('',3,1,(
    (#12515,#12516)
    ,(#12517,#12518)
    ,(#12519,#12520)
    ,(#12521,#12522
    )),.UNSPECIFIED.,.F.,.F.,.F.,(4,4),(2,2),(2.,3.),(0.,1.),
  .PIECEWISE_BEZIER_KNOTS.);
#12515 = CARTESIAN_POINT('',(0.742200776615,-1.341939412269,
    0.95003223874));
#12516 = CARTESIAN_POINT('',(0.742200776615,-1.341939412269,
    0.94903223874));
#12517 = CARTESIAN_POINT('',(0.74866027267,-1.341939412269,0.95003223874
    ));
#12518 = CARTESIAN_POINT('',(0.74866027267,-1.341939412269,0.94903223874
    ));
#12519 = CARTESIAN_POINT('',(0.753703098564,-1.340171823811,
    0.95003223874));
#12520 = CARTESIAN_POINT('',(0.753703098564,-1.340171823811,
    0.94903223874));
#12521 = CARTESIAN_POINT('',(0.757316257323,-1.336636646896,
    0.95003223874));
#12522 = CARTESIAN_POINT('',(0.757316257323,-1.336636646896,
    0.94903223874));
#12523 = ADVANCED_FACE('',(#12524),#12535,.T.);
#12524 = FACE_BOUND('',#12525,.T.);
#12525 = EDGE_LOOP('',(#12526,#12527,#12528,#12529));
#12526 = ORIENTED_EDGE('',*,*,#12282,.F.);
#12527 = ORIENTED_EDGE('',*,*,#12509,.F.);
#12528 = ORIENTED_EDGE('',*,*,#12153,.T.);
#12529 = ORIENTED_EDGE('',*,*,#12530,.T.);
#12530 = EDGE_CURVE('',#12145,#12283,#12531,.T.);
#12531 = LINE('',#12532,#12533);
#12532 = CARTESIAN_POINT('',(0.762748992436,-1.321846090536,
    0.95003223874));
#12533 = VECTOR('',#12534,1.);
#12534 = DIRECTION('',(-0.,-0.,-1.));
#12535 = B_SPLINE_SURFACE_WITH_KNOTS('',3,1,(
    (#12536,#12537)
    ,(#12538,#12539)
    ,(#12540,#12541)
    ,(#12542,#12543
    )),.UNSPECIFIED.,.F.,.F.,.F.,(4,4),(2,2),(3.,4.),(0.,1.),
  .PIECEWISE_BEZIER_KNOTS.);
#12536 = CARTESIAN_POINT('',(0.757316257323,-1.336636646896,
    0.95003223874));
#12537 = CARTESIAN_POINT('',(0.757316257323,-1.336636646896,
    0.94903223874));
#12538 = CARTESIAN_POINT('',(0.760942413056,-1.333127463928,
    0.95003223874));
#12539 = CARTESIAN_POINT('',(0.760942413056,-1.333127463928,
    0.94903223874));
#12540 = CARTESIAN_POINT('',(0.762748992436,-1.328188613826,
    0.95003223874));
#12541 = CARTESIAN_POINT('',(0.762748992436,-1.328188613826,
    0.94903223874));
#12542 = CARTESIAN_POINT('',(0.762748992436,-1.321846090536,
    0.95003223874));
#12543 = CARTESIAN_POINT('',(0.762748992436,-1.321846090536,
    0.94903223874));
#12544 = ADVANCED_FACE('',(#12545),#12556,.T.);
#12545 = FACE_BOUND('',#12546,.T.);
#12546 = EDGE_LOOP('',(#12547,#12548,#12549,#12550));
#12547 = ORIENTED_EDGE('',*,*,#12291,.F.);
#12548 = ORIENTED_EDGE('',*,*,#12530,.F.);
#12549 = ORIENTED_EDGE('',*,*,#12144,.T.);
#12550 = ORIENTED_EDGE('',*,*,#12551,.T.);
#12551 = EDGE_CURVE('',#12136,#12292,#12552,.T.);
#12552 = LINE('',#12553,#12554);
#12553 = CARTESIAN_POINT('',(0.75717329061,-1.307523425239,0.95003223874
    ));
#12554 = VECTOR('',#12555,1.);
#12555 = DIRECTION('',(-0.,-0.,-1.));
#12556 = B_SPLINE_SURFACE_WITH_KNOTS('',3,1,(
    (#12557,#12558)
    ,(#12559,#12560)
    ,(#12561,#12562)
    ,(#12563,#12564
    )),.UNSPECIFIED.,.F.,.F.,.F.,(4,4),(2,2),(4.,5.),(0.,1.),
  .PIECEWISE_BEZIER_KNOTS.);
#12557 = CARTESIAN_POINT('',(0.762748992436,-1.321846090536,
    0.95003223874));
#12558 = CARTESIAN_POINT('',(0.762748992436,-1.321846090536,
    0.94903223874));
#12559 = CARTESIAN_POINT('',(0.762748992436,-1.315503567246,
    0.95003223874));
#12560 = CARTESIAN_POINT('',(0.762748992436,-1.315503567246,
    0.94903223874));
#12561 = CARTESIAN_POINT('',(0.76089042516,-1.310720680832,0.95003223874
    ));
#12562 = CARTESIAN_POINT('',(0.76089042516,-1.310720680832,0.94903223874
    ));
#12563 = CARTESIAN_POINT('',(0.75717329061,-1.307523425239,0.95003223874
    ));
#12564 = CARTESIAN_POINT('',(0.75717329061,-1.307523425239,0.94903223874
    ));
#12565 = ADVANCED_FACE('',(#12566),#12572,.T.);
#12566 = FACE_BOUND('',#12567,.T.);
#12567 = EDGE_LOOP('',(#12568,#12569,#12570,#12571));
#12568 = ORIENTED_EDGE('',*,*,#12300,.F.);
#12569 = ORIENTED_EDGE('',*,*,#12551,.F.);
#12570 = ORIENTED_EDGE('',*,*,#12135,.T.);
#12571 = ORIENTED_EDGE('',*,*,#12451,.T.);
#12572 = B_SPLINE_SURFACE_WITH_KNOTS('',3,1,(
    (#12573,#12574)
    ,(#12575,#12576)
    ,(#12577,#12578)
    ,(#12579,#12580
    )),.UNSPECIFIED.,.F.,.F.,.F.,(4,4),(2,2),(5.,6.),(0.,1.),
  .PIECEWISE_BEZIER_KNOTS.);
#12573 = CARTESIAN_POINT('',(0.75717329061,-1.307523425239,0.95003223874
    ));
#12574 = CARTESIAN_POINT('',(0.75717329061,-1.307523425239,0.94903223874
    ));
#12575 = CARTESIAN_POINT('',(0.753456156059,-1.304326169646,
    0.95003223874));
#12576 = CARTESIAN_POINT('',(0.753456156059,-1.304326169646,
    0.94903223874));
#12577 = CARTESIAN_POINT('',(0.748556296878,-1.302740538824,
    0.95003223874));
#12578 = CARTESIAN_POINT('',(0.748556296878,-1.302740538824,
    0.94903223874));
#12579 = CARTESIAN_POINT('',(0.742499707016,-1.302740538824,
    0.95003223874));
#12580 = CARTESIAN_POINT('',(0.742499707016,-1.302740538824,
    0.94903223874));
#12581 = MANIFOLD_SOLID_BREP('',#12582);
#12582 = CLOSED_SHELL('',(#12583,#12707,#12831,#12853,#12870,#12887,
    #12904,#12921,#12938,#12955,#12967,#12989,#13006,#13027,#13044,
    #13065));
#12583 = ADVANCED_FACE('',(#12584,#12650),#12702,.F.);
#12584 = FACE_BOUND('',#12585,.T.);
#12585 = EDGE_LOOP('',(#12586,#12596,#12604,#12612,#12620,#12628,#12636,
    #12644));
#12586 = ORIENTED_EDGE('',*,*,#12587,.T.);
#12587 = EDGE_CURVE('',#12588,#12590,#12592,.T.);
#12588 = VERTEX_POINT('',#12589);
#12589 = CARTESIAN_POINT('',(0.818220077271,-1.347736062652,
    0.95003223874));
#12590 = VERTEX_POINT('',#12591);
#12591 = CARTESIAN_POINT('',(0.79885458608,-1.296891900544,0.95003223874
    ));
#12592 = LINE('',#12593,#12594);
#12593 = CARTESIAN_POINT('',(0.79885458608,-1.296891900544,0.95003223874
    ));
#12594 = VECTOR('',#12595,1.);
#12595 = DIRECTION('',(-0.355935724364,0.934510438744,-0.));
#12596 = ORIENTED_EDGE('',*,*,#12597,.T.);
#12597 = EDGE_CURVE('',#12590,#12598,#12600,.T.);
#12598 = VERTEX_POINT('',#12599);
#12599 = CARTESIAN_POINT('',(0.791836220145,-1.296891900544,
    0.95003223874));
#12600 = LINE('',#12601,#12602);
#12601 = CARTESIAN_POINT('',(0.791836220145,-1.296891900544,
    0.95003223874));
#12602 = VECTOR('',#12603,1.);
#12603 = DIRECTION('',(-1.,-0.,-0.));
#12604 = ORIENTED_EDGE('',*,*,#12605,.T.);
#12605 = EDGE_CURVE('',#12598,#12606,#12608,.T.);
#12606 = VERTEX_POINT('',#12607);
#12607 = CARTESIAN_POINT('',(0.772470728953,-1.347736062652,
    0.95003223874));
#12608 = LINE('',#12609,#12610);
#12609 = CARTESIAN_POINT('',(0.772470728953,-1.347736062652,
    0.95003223874));
#12610 = VECTOR('',#12611,1.);
#12611 = DIRECTION('',(-0.35593572437,-0.934510438742,-0.));
#12612 = ORIENTED_EDGE('',*,*,#12613,.T.);
#12613 = EDGE_CURVE('',#12606,#12614,#12616,.T.);
#12614 = VERTEX_POINT('',#12615);
#12615 = CARTESIAN_POINT('',(0.77972304042,-1.347736062652,0.95003223874
    ));
#12616 = LINE('',#12617,#12618);
#12617 = CARTESIAN_POINT('',(0.77972304042,-1.347736062652,0.95003223874
    ));
#12618 = VECTOR('',#12619,1.);
#12619 = DIRECTION('',(1.,-0.,-0.));
#12620 = ORIENTED_EDGE('',*,*,#12621,.T.);
#12621 = EDGE_CURVE('',#12614,#12622,#12624,.T.);
#12622 = VERTEX_POINT('',#12623);
#12623 = CARTESIAN_POINT('',(0.784609902626,-1.333829300522,
    0.95003223874));
#12624 = LINE('',#12625,#12626);
#12625 = CARTESIAN_POINT('',(0.784609902626,-1.333829300522,
    0.95003223874));
#12626 = VECTOR('',#12627,1.);
#12627 = DIRECTION('',(0.331528418358,0.94344523308,-0.));
#12628 = ORIENTED_EDGE('',*,*,#12629,.T.);
#12629 = EDGE_CURVE('',#12622,#12630,#12632,.T.);
#12630 = VERTEX_POINT('',#12631);
#12631 = CARTESIAN_POINT('',(0.805781973197,-1.333829300522,
    0.95003223874));
#12632 = LINE('',#12633,#12634);
#12633 = CARTESIAN_POINT('',(0.805781973197,-1.333829300522,
    0.95003223874));
#12634 = VECTOR('',#12635,1.);
#12635 = DIRECTION('',(1.,-0.,-0.));
#12636 = ORIENTED_EDGE('',*,*,#12637,.T.);
#12637 = EDGE_CURVE('',#12630,#12638,#12640,.T.);
#12638 = VERTEX_POINT('',#12639);
#12639 = CARTESIAN_POINT('',(0.810967765805,-1.347736062652,
    0.95003223874));
#12640 = LINE('',#12641,#12642);
#12641 = CARTESIAN_POINT('',(0.810967765805,-1.347736062652,
    0.95003223874));
#12642 = VECTOR('',#12643,1.);
#12643 = DIRECTION('',(0.349395479497,-0.936975345944,-0.));
#12644 = ORIENTED_EDGE('',*,*,#12645,.T.);
#12645 = EDGE_CURVE('',#12638,#12588,#12646,.T.);
#12646 = LINE('',#12647,#12648);
#12647 = CARTESIAN_POINT('',(0.818220077271,-1.347736062652,
    0.95003223874));
#12648 = VECTOR('',#12649,1.);
#12649 = DIRECTION('',(1.,-0.,-0.));
#12650 = FACE_BOUND('',#12651,.T.);
#12651 = EDGE_LOOP('',(#12652,#12662,#12670,#12679,#12687,#12696));
#12652 = ORIENTED_EDGE('',*,*,#12653,.F.);
#12653 = EDGE_CURVE('',#12654,#12656,#12658,.T.);
#12654 = VERTEX_POINT('',#12655);
#12655 = CARTESIAN_POINT('',(0.786689418459,-1.328084638034,
    0.95003223874));
#12656 = VERTEX_POINT('',#12657);
#12657 = CARTESIAN_POINT('',(0.803754445261,-1.328084638034,
    0.95003223874));
#12658 = LINE('',#12659,#12660);
#12659 = CARTESIAN_POINT('',(0.786689418459,-1.328084638034,
    0.95003223874));
#12660 = VECTOR('',#12661,1.);
#12661 = DIRECTION('',(1.,0.,0.));
#12662 = ORIENTED_EDGE('',*,*,#12663,.F.);
#12663 = EDGE_CURVE('',#12664,#12654,#12666,.T.);
#12664 = VERTEX_POINT('',#12665);
#12665 = CARTESIAN_POINT('',(0.794292648222,-1.306951558385,
    0.95003223874));
#12666 = LINE('',#12667,#12668);
#12667 = CARTESIAN_POINT('',(0.794292648222,-1.306951558385,
    0.95003223874));
#12668 = VECTOR('',#12669,1.);
#12669 = DIRECTION('',(-0.338535034296,-0.940953787683,0.));
#12670 = ORIENTED_EDGE('',*,*,#12671,.F.);
#12671 = EDGE_CURVE('',#12672,#12664,#12674,.T.);
#12672 = VERTEX_POINT('',#12673);
#12673 = CARTESIAN_POINT('',(0.795124454555,-1.303390387522,
    0.95003223874));
#12674 = B_SPLINE_CURVE_WITH_KNOTS('',3,(#12675,#12676,#12677,#12678),
  .UNSPECIFIED.,.F.,.F.,(4,4),(3.,4.),.PIECEWISE_BEZIER_KNOTS.);
#12675 = CARTESIAN_POINT('',(0.795124454555,-1.303390387522,
    0.95003223874));
#12676 = CARTESIAN_POINT('',(0.79487751205,-1.304924030448,0.95003223874
    ));
#12677 = CARTESIAN_POINT('',(0.794604575597,-1.306119752052,
    0.95003223874));
#12678 = CARTESIAN_POINT('',(0.794292648222,-1.306951558385,
    0.95003223874));
#12679 = ORIENTED_EDGE('',*,*,#12680,.F.);
#12680 = EDGE_CURVE('',#12681,#12672,#12683,.T.);
#12681 = VERTEX_POINT('',#12682);
#12682 = CARTESIAN_POINT('',(0.795280418243,-1.303390387522,
    0.95003223874));
#12683 = LINE('',#12684,#12685);
#12684 = CARTESIAN_POINT('',(0.795280418243,-1.303390387522,
    0.95003223874));
#12685 = VECTOR('',#12686,1.);
#12686 = DIRECTION('',(-1.,0.,0.));
#12687 = ORIENTED_EDGE('',*,*,#12688,.F.);
#12688 = EDGE_CURVE('',#12689,#12681,#12691,.T.);
#12689 = VERTEX_POINT('',#12690);
#12690 = CARTESIAN_POINT('',(0.796073233654,-1.306951558385,
    0.95003223874));
#12691 = B_SPLINE_CURVE_WITH_KNOTS('',3,(#12692,#12693,#12694,#12695),
  .UNSPECIFIED.,.F.,.F.,(4,4),(1.,2.),.PIECEWISE_BEZIER_KNOTS.);
#12692 = CARTESIAN_POINT('',(0.796073233654,-1.306951558385,
    0.95003223874));
#12693 = CARTESIAN_POINT('',(0.795826291149,-1.306249721791,
    0.95003223874));
#12694 = CARTESIAN_POINT('',(0.795566351669,-1.305079994135,
    0.95003223874));
#12695 = CARTESIAN_POINT('',(0.795280418243,-1.303390387522,
    0.95003223874));
#12696 = ORIENTED_EDGE('',*,*,#12697,.F.);
#12697 = EDGE_CURVE('',#12656,#12689,#12698,.T.);
#12698 = LINE('',#12699,#12700);
#12699 = CARTESIAN_POINT('',(0.803754445261,-1.328084638034,
    0.95003223874));
#12700 = VECTOR('',#12701,1.);
#12701 = DIRECTION('',(-0.34160383069,0.939844041774,0.));
#12702 = PLANE('',#12703);
#12703 = AXIS2_PLACEMENT_3D('',#12704,#12705,#12706);
#12704 = CARTESIAN_POINT('',(-8.203535724743E-04,2.233050450947E-03,
    0.95003223874));
#12705 = DIRECTION('',(-0.,0.,-1.));
#12706 = DIRECTION('',(-1.,0.,0.));
#12707 = ADVANCED_FACE('',(#12708,#12774),#12826,.T.);
#12708 = FACE_BOUND('',#12709,.T.);
#12709 = EDGE_LOOP('',(#12710,#12720,#12728,#12736,#12744,#12752,#12760,
    #12768));
#12710 = ORIENTED_EDGE('',*,*,#12711,.F.);
#12711 = EDGE_CURVE('',#12712,#12714,#12716,.T.);
#12712 = VERTEX_POINT('',#12713);
#12713 = CARTESIAN_POINT('',(0.818220077271,-1.347736062652,
    0.94903223874));
#12714 = VERTEX_POINT('',#12715);
#12715 = CARTESIAN_POINT('',(0.79885458608,-1.296891900544,0.94903223874
    ));
#12716 = LINE('',#12717,#12718);
#12717 = CARTESIAN_POINT('',(0.79885458608,-1.296891900544,0.94903223874
    ));
#12718 = VECTOR('',#12719,1.);
#12719 = DIRECTION('',(-0.355935724364,0.934510438744,-0.));
#12720 = ORIENTED_EDGE('',*,*,#12721,.F.);
#12721 = EDGE_CURVE('',#12722,#12712,#12724,.T.);
#12722 = VERTEX_POINT('',#12723);
#12723 = CARTESIAN_POINT('',(0.810967765805,-1.347736062652,
    0.94903223874));
#12724 = LINE('',#12725,#12726);
#12725 = CARTESIAN_POINT('',(0.818220077271,-1.347736062652,
    0.94903223874));
#12726 = VECTOR('',#12727,1.);
#12727 = DIRECTION('',(1.,-0.,-0.));
#12728 = ORIENTED_EDGE('',*,*,#12729,.F.);
#12729 = EDGE_CURVE('',#12730,#12722,#12732,.T.);
#12730 = VERTEX_POINT('',#12731);
#12731 = CARTESIAN_POINT('',(0.805781973197,-1.333829300522,
    0.94903223874));
#12732 = LINE('',#12733,#12734);
#12733 = CARTESIAN_POINT('',(0.810967765805,-1.347736062652,
    0.94903223874));
#12734 = VECTOR('',#12735,1.);
#12735 = DIRECTION('',(0.349395479497,-0.936975345944,-0.));
#12736 = ORIENTED_EDGE('',*,*,#12737,.F.);
#12737 = EDGE_CURVE('',#12738,#12730,#12740,.T.);
#12738 = VERTEX_POINT('',#12739);
#12739 = CARTESIAN_POINT('',(0.784609902626,-1.333829300522,
    0.94903223874));
#12740 = LINE('',#12741,#12742);
#12741 = CARTESIAN_POINT('',(0.805781973197,-1.333829300522,
    0.94903223874));
#12742 = VECTOR('',#12743,1.);
#12743 = DIRECTION('',(1.,-0.,-0.));
#12744 = ORIENTED_EDGE('',*,*,#12745,.F.);
#12745 = EDGE_CURVE('',#12746,#12738,#12748,.T.);
#12746 = VERTEX_POINT('',#12747);
#12747 = CARTESIAN_POINT('',(0.77972304042,-1.347736062652,0.94903223874
    ));
#12748 = LINE('',#12749,#12750);
#12749 = CARTESIAN_POINT('',(0.784609902626,-1.333829300522,
    0.94903223874));
#12750 = VECTOR('',#12751,1.);
#12751 = DIRECTION('',(0.331528418358,0.94344523308,-0.));
#12752 = ORIENTED_EDGE('',*,*,#12753,.F.);
#12753 = EDGE_CURVE('',#12754,#12746,#12756,.T.);
#12754 = VERTEX_POINT('',#12755);
#12755 = CARTESIAN_POINT('',(0.772470728953,-1.347736062652,
    0.94903223874));
#12756 = LINE('',#12757,#12758);
#12757 = CARTESIAN_POINT('',(0.77972304042,-1.347736062652,0.94903223874
    ));
#12758 = VECTOR('',#12759,1.);
#12759 = DIRECTION('',(1.,-0.,-0.));
#12760 = ORIENTED_EDGE('',*,*,#12761,.F.);
#12761 = EDGE_CURVE('',#12762,#12754,#12764,.T.);
#12762 = VERTEX_POINT('',#12763);
#12763 = CARTESIAN_POINT('',(0.791836220145,-1.296891900544,
    0.94903223874));
#12764 = LINE('',#12765,#12766);
#12765 = CARTESIAN_POINT('',(0.772470728953,-1.347736062652,
    0.94903223874));
#12766 = VECTOR('',#12767,1.);
#12767 = DIRECTION('',(-0.35593572437,-0.934510438742,-0.));
#12768 = ORIENTED_EDGE('',*,*,#12769,.F.);
#12769 = EDGE_CURVE('',#12714,#12762,#12770,.T.);
#12770 = LINE('',#12771,#12772);
#12771 = CARTESIAN_POINT('',(0.791836220145,-1.296891900544,
    0.94903223874));
#12772 = VECTOR('',#12773,1.);
#12773 = DIRECTION('',(-1.,-0.,-0.));
#12774 = FACE_BOUND('',#12775,.T.);
#12775 = EDGE_LOOP('',(#12776,#12786,#12794,#12802,#12811,#12819));
#12776 = ORIENTED_EDGE('',*,*,#12777,.T.);
#12777 = EDGE_CURVE('',#12778,#12780,#12782,.T.);
#12778 = VERTEX_POINT('',#12779);
#12779 = CARTESIAN_POINT('',(0.794292648222,-1.306951558385,
    0.94903223874));
#12780 = VERTEX_POINT('',#12781);
#12781 = CARTESIAN_POINT('',(0.786689418459,-1.328084638034,
    0.94903223874));
#12782 = LINE('',#12783,#12784);
#12783 = CARTESIAN_POINT('',(0.794292648222,-1.306951558385,
    0.94903223874));
#12784 = VECTOR('',#12785,1.);
#12785 = DIRECTION('',(-0.338535034296,-0.940953787683,0.));
#12786 = ORIENTED_EDGE('',*,*,#12787,.T.);
#12787 = EDGE_CURVE('',#12780,#12788,#12790,.T.);
#12788 = VERTEX_POINT('',#12789);
#12789 = CARTESIAN_POINT('',(0.803754445261,-1.328084638034,
    0.94903223874));
#12790 = LINE('',#12791,#12792);
#12791 = CARTESIAN_POINT('',(0.786689418459,-1.328084638034,
    0.94903223874));
#12792 = VECTOR('',#12793,1.);
#12793 = DIRECTION('',(1.,0.,0.));
#12794 = ORIENTED_EDGE('',*,*,#12795,.T.);
#12795 = EDGE_CURVE('',#12788,#12796,#12798,.T.);
#12796 = VERTEX_POINT('',#12797);
#12797 = CARTESIAN_POINT('',(0.796073233654,-1.306951558385,
    0.94903223874));
#12798 = LINE('',#12799,#12800);
#12799 = CARTESIAN_POINT('',(0.803754445261,-1.328084638034,
    0.94903223874));
#12800 = VECTOR('',#12801,1.);
#12801 = DIRECTION('',(-0.34160383069,0.939844041774,0.));
#12802 = ORIENTED_EDGE('',*,*,#12803,.T.);
#12803 = EDGE_CURVE('',#12796,#12804,#12806,.T.);
#12804 = VERTEX_POINT('',#12805);
#12805 = CARTESIAN_POINT('',(0.795280418243,-1.303390387522,
    0.94903223874));
#12806 = B_SPLINE_CURVE_WITH_KNOTS('',3,(#12807,#12808,#12809,#12810),
  .UNSPECIFIED.,.F.,.F.,(4,4),(1.,2.),.PIECEWISE_BEZIER_KNOTS.);
#12807 = CARTESIAN_POINT('',(0.796073233654,-1.306951558385,
    0.94903223874));
#12808 = CARTESIAN_POINT('',(0.795826291149,-1.306249721791,
    0.94903223874));
#12809 = CARTESIAN_POINT('',(0.795566351669,-1.305079994135,
    0.94903223874));
#12810 = CARTESIAN_POINT('',(0.795280418243,-1.303390387522,
    0.94903223874));
#12811 = ORIENTED_EDGE('',*,*,#12812,.T.);
#12812 = EDGE_CURVE('',#12804,#12813,#12815,.T.);
#12813 = VERTEX_POINT('',#12814);
#12814 = CARTESIAN_POINT('',(0.795124454555,-1.303390387522,
    0.94903223874));
#12815 = LINE('',#12816,#12817);
#12816 = CARTESIAN_POINT('',(0.795280418243,-1.303390387522,
    0.94903223874));
#12817 = VECTOR('',#12818,1.);
#12818 = DIRECTION('',(-1.,0.,0.));
#12819 = ORIENTED_EDGE('',*,*,#12820,.T.);
#12820 = EDGE_CURVE('',#12813,#12778,#12821,.T.);
#12821 = B_SPLINE_CURVE_WITH_KNOTS('',3,(#12822,#12823,#12824,#12825),
  .UNSPECIFIED.,.F.,.F.,(4,4),(3.,4.),.PIECEWISE_BEZIER_KNOTS.);
#12822 = CARTESIAN_POINT('',(0.795124454555,-1.303390387522,
    0.94903223874));
#12823 = CARTESIAN_POINT('',(0.79487751205,-1.304924030448,0.94903223874
    ));
#12824 = CARTESIAN_POINT('',(0.794604575597,-1.306119752052,
    0.94903223874));
#12825 = CARTESIAN_POINT('',(0.794292648222,-1.306951558385,
    0.94903223874));
#12826 = PLANE('',#12827);
#12827 = AXIS2_PLACEMENT_3D('',#12828,#12829,#12830);
#12828 = CARTESIAN_POINT('',(-8.203535724743E-04,2.233050450947E-03,
    0.94903223874));
#12829 = DIRECTION('',(-0.,0.,-1.));
#12830 = DIRECTION('',(-1.,0.,0.));
#12831 = ADVANCED_FACE('',(#12832),#12848,.F.);
#12832 = FACE_BOUND('',#12833,.T.);
#12833 = EDGE_LOOP('',(#12834,#12835,#12841,#12842));
#12834 = ORIENTED_EDGE('',*,*,#12711,.T.);
#12835 = ORIENTED_EDGE('',*,*,#12836,.F.);
#12836 = EDGE_CURVE('',#12590,#12714,#12837,.T.);
#12837 = LINE('',#12838,#12839);
#12838 = CARTESIAN_POINT('',(0.79885458608,-1.296891900544,0.95003223874
    ));
#12839 = VECTOR('',#12840,1.);
#12840 = DIRECTION('',(-0.,-0.,-1.));
#12841 = ORIENTED_EDGE('',*,*,#12587,.F.);
#12842 = ORIENTED_EDGE('',*,*,#12843,.T.);
#12843 = EDGE_CURVE('',#12588,#12712,#12844,.T.);
#12844 = LINE('',#12845,#12846);
#12845 = CARTESIAN_POINT('',(0.818220077271,-1.347736062652,
    0.95003223874));
#12846 = VECTOR('',#12847,1.);
#12847 = DIRECTION('',(-0.,-0.,-1.));
#12848 = PLANE('',#12849);
#12849 = AXIS2_PLACEMENT_3D('',#12850,#12851,#12852);
#12850 = CARTESIAN_POINT('',(0.79885458608,-1.296891900544,0.95003223874
    ));
#12851 = DIRECTION('',(-0.934510438744,-0.355935724364,0.));
#12852 = DIRECTION('',(0.355935724364,-0.934510438744,0.));
#12853 = ADVANCED_FACE('',(#12854),#12865,.F.);
#12854 = FACE_BOUND('',#12855,.T.);
#12855 = EDGE_LOOP('',(#12856,#12857,#12863,#12864));
#12856 = ORIENTED_EDGE('',*,*,#12769,.T.);
#12857 = ORIENTED_EDGE('',*,*,#12858,.F.);
#12858 = EDGE_CURVE('',#12598,#12762,#12859,.T.);
#12859 = LINE('',#12860,#12861);
#12860 = CARTESIAN_POINT('',(0.791836220145,-1.296891900544,
    0.95003223874));
#12861 = VECTOR('',#12862,1.);
#12862 = DIRECTION('',(-0.,-0.,-1.));
#12863 = ORIENTED_EDGE('',*,*,#12597,.F.);
#12864 = ORIENTED_EDGE('',*,*,#12836,.T.);
#12865 = PLANE('',#12866);
#12866 = AXIS2_PLACEMENT_3D('',#12867,#12868,#12869);
#12867 = CARTESIAN_POINT('',(0.791836220145,-1.296891900544,
    0.95003223874));
#12868 = DIRECTION('',(0.,-1.,0.));
#12869 = DIRECTION('',(0.,-0.,-1.));
#12870 = ADVANCED_FACE('',(#12871),#12882,.F.);
#12871 = FACE_BOUND('',#12872,.T.);
#12872 = EDGE_LOOP('',(#12873,#12874,#12880,#12881));
#12873 = ORIENTED_EDGE('',*,*,#12761,.T.);
#12874 = ORIENTED_EDGE('',*,*,#12875,.F.);
#12875 = EDGE_CURVE('',#12606,#12754,#12876,.T.);
#12876 = LINE('',#12877,#12878);
#12877 = CARTESIAN_POINT('',(0.772470728953,-1.347736062652,
    0.95003223874));
#12878 = VECTOR('',#12879,1.);
#12879 = DIRECTION('',(-0.,-0.,-1.));
#12880 = ORIENTED_EDGE('',*,*,#12605,.F.);
#12881 = ORIENTED_EDGE('',*,*,#12858,.T.);
#12882 = PLANE('',#12883);
#12883 = AXIS2_PLACEMENT_3D('',#12884,#12885,#12886);
#12884 = CARTESIAN_POINT('',(0.772470728953,-1.347736062652,
    0.95003223874));
#12885 = DIRECTION('',(0.934510438742,-0.35593572437,0.));
#12886 = DIRECTION('',(0.35593572437,0.934510438742,0.));
#12887 = ADVANCED_FACE('',(#12888),#12899,.F.);
#12888 = FACE_BOUND('',#12889,.T.);
#12889 = EDGE_LOOP('',(#12890,#12891,#12897,#12898));
#12890 = ORIENTED_EDGE('',*,*,#12753,.T.);
#12891 = ORIENTED_EDGE('',*,*,#12892,.F.);
#12892 = EDGE_CURVE('',#12614,#12746,#12893,.T.);
#12893 = LINE('',#12894,#12895);
#12894 = CARTESIAN_POINT('',(0.77972304042,-1.347736062652,0.95003223874
    ));
#12895 = VECTOR('',#12896,1.);
#12896 = DIRECTION('',(-0.,-0.,-1.));
#12897 = ORIENTED_EDGE('',*,*,#12613,.F.);
#12898 = ORIENTED_EDGE('',*,*,#12875,.T.);
#12899 = PLANE('',#12900);
#12900 = AXIS2_PLACEMENT_3D('',#12901,#12902,#12903);
#12901 = CARTESIAN_POINT('',(0.77972304042,-1.347736062652,0.95003223874
    ));
#12902 = DIRECTION('',(0.,1.,-0.));
#12903 = DIRECTION('',(0.,0.,1.));
#12904 = ADVANCED_FACE('',(#12905),#12916,.F.);
#12905 = FACE_BOUND('',#12906,.T.);
#12906 = EDGE_LOOP('',(#12907,#12908,#12914,#12915));
#12907 = ORIENTED_EDGE('',*,*,#12745,.T.);
#12908 = ORIENTED_EDGE('',*,*,#12909,.F.);
#12909 = EDGE_CURVE('',#12622,#12738,#12910,.T.);
#12910 = LINE('',#12911,#12912);
#12911 = CARTESIAN_POINT('',(0.784609902626,-1.333829300522,
    0.95003223874));
#12912 = VECTOR('',#12913,1.);
#12913 = DIRECTION('',(-0.,-0.,-1.));
#12914 = ORIENTED_EDGE('',*,*,#12621,.F.);
#12915 = ORIENTED_EDGE('',*,*,#12892,.T.);
#12916 = PLANE('',#12917);
#12917 = AXIS2_PLACEMENT_3D('',#12918,#12919,#12920);
#12918 = CARTESIAN_POINT('',(0.784609902626,-1.333829300522,
    0.95003223874));
#12919 = DIRECTION('',(-0.94344523308,0.331528418358,0.));
#12920 = DIRECTION('',(-0.331528418358,-0.94344523308,0.));
#12921 = ADVANCED_FACE('',(#12922),#12933,.F.);
#12922 = FACE_BOUND('',#12923,.T.);
#12923 = EDGE_LOOP('',(#12924,#12925,#12931,#12932));
#12924 = ORIENTED_EDGE('',*,*,#12737,.T.);
#12925 = ORIENTED_EDGE('',*,*,#12926,.F.);
#12926 = EDGE_CURVE('',#12630,#12730,#12927,.T.);
#12927 = LINE('',#12928,#12929);
#12928 = CARTESIAN_POINT('',(0.805781973197,-1.333829300522,
    0.95003223874));
#12929 = VECTOR('',#12930,1.);
#12930 = DIRECTION('',(-0.,-0.,-1.));
#12931 = ORIENTED_EDGE('',*,*,#12629,.F.);
#12932 = ORIENTED_EDGE('',*,*,#12909,.T.);
#12933 = PLANE('',#12934);
#12934 = AXIS2_PLACEMENT_3D('',#12935,#12936,#12937);
#12935 = CARTESIAN_POINT('',(0.805781973197,-1.333829300522,
    0.95003223874));
#12936 = DIRECTION('',(0.,1.,-0.));
#12937 = DIRECTION('',(0.,0.,1.));
#12938 = ADVANCED_FACE('',(#12939),#12950,.F.);
#12939 = FACE_BOUND('',#12940,.T.);
#12940 = EDGE_LOOP('',(#12941,#12942,#12948,#12949));
#12941 = ORIENTED_EDGE('',*,*,#12729,.T.);
#12942 = ORIENTED_EDGE('',*,*,#12943,.F.);
#12943 = EDGE_CURVE('',#12638,#12722,#12944,.T.);
#12944 = LINE('',#12945,#12946);
#12945 = CARTESIAN_POINT('',(0.810967765805,-1.347736062652,
    0.95003223874));
#12946 = VECTOR('',#12947,1.);
#12947 = DIRECTION('',(-0.,-0.,-1.));
#12948 = ORIENTED_EDGE('',*,*,#12637,.F.);
#12949 = ORIENTED_EDGE('',*,*,#12926,.T.);
#12950 = PLANE('',#12951);
#12951 = AXIS2_PLACEMENT_3D('',#12952,#12953,#12954);
#12952 = CARTESIAN_POINT('',(0.810967765805,-1.347736062652,
    0.95003223874));
#12953 = DIRECTION('',(0.936975345944,0.349395479497,-0.));
#12954 = DIRECTION('',(-0.349395479497,0.936975345944,0.));
#12955 = ADVANCED_FACE('',(#12956),#12962,.F.);
#12956 = FACE_BOUND('',#12957,.T.);
#12957 = EDGE_LOOP('',(#12958,#12959,#12960,#12961));
#12958 = ORIENTED_EDGE('',*,*,#12721,.T.);
#12959 = ORIENTED_EDGE('',*,*,#12843,.F.);
#12960 = ORIENTED_EDGE('',*,*,#12645,.F.);
#12961 = ORIENTED_EDGE('',*,*,#12943,.T.);
#12962 = PLANE('',#12963);
#12963 = AXIS2_PLACEMENT_3D('',#12964,#12965,#12966);
#12964 = CARTESIAN_POINT('',(0.818220077271,-1.347736062652,
    0.95003223874));
#12965 = DIRECTION('',(0.,1.,-0.));
#12966 = DIRECTION('',(0.,0.,1.));
#12967 = ADVANCED_FACE('',(#12968),#12984,.T.);
#12968 = FACE_BOUND('',#12969,.T.);
#12969 = EDGE_LOOP('',(#12970,#12971,#12977,#12978));
#12970 = ORIENTED_EDGE('',*,*,#12787,.F.);
#12971 = ORIENTED_EDGE('',*,*,#12972,.F.);
#12972 = EDGE_CURVE('',#12654,#12780,#12973,.T.);
#12973 = LINE('',#12974,#12975);
#12974 = CARTESIAN_POINT('',(0.786689418459,-1.328084638034,
    0.95003223874));
#12975 = VECTOR('',#12976,1.);
#12976 = DIRECTION('',(-0.,-0.,-1.));
#12977 = ORIENTED_EDGE('',*,*,#12653,.T.);
#12978 = ORIENTED_EDGE('',*,*,#12979,.T.);
#12979 = EDGE_CURVE('',#12656,#12788,#12980,.T.);
#12980 = LINE('',#12981,#12982);
#12981 = CARTESIAN_POINT('',(0.803754445261,-1.328084638034,
    0.95003223874));
#12982 = VECTOR('',#12983,1.);
#12983 = DIRECTION('',(-0.,-0.,-1.));
#12984 = PLANE('',#12985);
#12985 = AXIS2_PLACEMENT_3D('',#12986,#12987,#12988);
#12986 = CARTESIAN_POINT('',(0.786689418459,-1.328084638034,
    0.95003223874));
#12987 = DIRECTION('',(0.,1.,0.));
#12988 = DIRECTION('',(0.,-0.,1.));
#12989 = ADVANCED_FACE('',(#12990),#13001,.T.);
#12990 = FACE_BOUND('',#12991,.T.);
#12991 = EDGE_LOOP('',(#12992,#12993,#12994,#12995));
#12992 = ORIENTED_EDGE('',*,*,#12795,.F.);
#12993 = ORIENTED_EDGE('',*,*,#12979,.F.);
#12994 = ORIENTED_EDGE('',*,*,#12697,.T.);
#12995 = ORIENTED_EDGE('',*,*,#12996,.T.);
#12996 = EDGE_CURVE('',#12689,#12796,#12997,.T.);
#12997 = LINE('',#12998,#12999);
#12998 = CARTESIAN_POINT('',(0.796073233654,-1.306951558385,
    0.95003223874));
#12999 = VECTOR('',#13000,1.);
#13000 = DIRECTION('',(-0.,-0.,-1.));
#13001 = PLANE('',#13002);
#13002 = AXIS2_PLACEMENT_3D('',#13003,#13004,#13005);
#13003 = CARTESIAN_POINT('',(0.803754445261,-1.328084638034,
    0.95003223874));
#13004 = DIRECTION('',(-0.939844041774,-0.34160383069,0.));
#13005 = DIRECTION('',(0.34160383069,-0.939844041774,0.));
#13006 = ADVANCED_FACE('',(#13007),#13018,.T.);
#13007 = FACE_BOUND('',#13008,.T.);
#13008 = EDGE_LOOP('',(#13009,#13010,#13011,#13012));
#13009 = ORIENTED_EDGE('',*,*,#12803,.F.);
#13010 = ORIENTED_EDGE('',*,*,#12996,.F.);
#13011 = ORIENTED_EDGE('',*,*,#12688,.T.);
#13012 = ORIENTED_EDGE('',*,*,#13013,.T.);
#13013 = EDGE_CURVE('',#12681,#12804,#13014,.T.);
#13014 = LINE('',#13015,#13016);
#13015 = CARTESIAN_POINT('',(0.795280418243,-1.303390387522,
    0.95003223874));
#13016 = VECTOR('',#13017,1.);
#13017 = DIRECTION('',(-0.,-0.,-1.));
#13018 = B_SPLINE_SURFACE_WITH_KNOTS('',3,1,(
    (#13019,#13020)
    ,(#13021,#13022)
    ,(#13023,#13024)
    ,(#13025,#13026
    )),.UNSPECIFIED.,.F.,.F.,.F.,(4,4),(2,2),(1.,2.),(0.,1.),
  .PIECEWISE_BEZIER_KNOTS.);
#13019 = CARTESIAN_POINT('',(0.796073233654,-1.306951558385,
    0.95003223874));
#13020 = CARTESIAN_POINT('',(0.796073233654,-1.306951558385,
    0.94903223874));
#13021 = CARTESIAN_POINT('',(0.795826291149,-1.306249721791,
    0.95003223874));
#13022 = CARTESIAN_POINT('',(0.795826291149,-1.306249721791,
    0.94903223874));
#13023 = CARTESIAN_POINT('',(0.795566351669,-1.305079994135,
    0.95003223874));
#13024 = CARTESIAN_POINT('',(0.795566351669,-1.305079994135,
    0.94903223874));
#13025 = CARTESIAN_POINT('',(0.795280418243,-1.303390387522,
    0.95003223874));
#13026 = CARTESIAN_POINT('',(0.795280418243,-1.303390387522,
    0.94903223874));
#13027 = ADVANCED_FACE('',(#13028),#13039,.T.);
#13028 = FACE_BOUND('',#13029,.T.);
#13029 = EDGE_LOOP('',(#13030,#13031,#13032,#13033));
#13030 = ORIENTED_EDGE('',*,*,#12812,.F.);
#13031 = ORIENTED_EDGE('',*,*,#13013,.F.);
#13032 = ORIENTED_EDGE('',*,*,#12680,.T.);
#13033 = ORIENTED_EDGE('',*,*,#13034,.T.);
#13034 = EDGE_CURVE('',#12672,#12813,#13035,.T.);
#13035 = LINE('',#13036,#13037);
#13036 = CARTESIAN_POINT('',(0.795124454555,-1.303390387522,
    0.95003223874));
#13037 = VECTOR('',#13038,1.);
#13038 = DIRECTION('',(-0.,-0.,-1.));
#13039 = PLANE('',#13040);
#13040 = AXIS2_PLACEMENT_3D('',#13041,#13042,#13043);
#13041 = CARTESIAN_POINT('',(0.795280418243,-1.303390387522,
    0.95003223874));
#13042 = DIRECTION('',(0.,-1.,0.));
#13043 = DIRECTION('',(0.,-0.,-1.));
#13044 = ADVANCED_FACE('',(#13045),#13056,.T.);
#13045 = FACE_BOUND('',#13046,.T.);
#13046 = EDGE_LOOP('',(#13047,#13048,#13049,#13050));
#13047 = ORIENTED_EDGE('',*,*,#12820,.F.);
#13048 = ORIENTED_EDGE('',*,*,#13034,.F.);
#13049 = ORIENTED_EDGE('',*,*,#12671,.T.);
#13050 = ORIENTED_EDGE('',*,*,#13051,.T.);
#13051 = EDGE_CURVE('',#12664,#12778,#13052,.T.);
#13052 = LINE('',#13053,#13054);
#13053 = CARTESIAN_POINT('',(0.794292648222,-1.306951558385,
    0.95003223874));
#13054 = VECTOR('',#13055,1.);
#13055 = DIRECTION('',(-0.,-0.,-1.));
#13056 = B_SPLINE_SURFACE_WITH_KNOTS('',3,1,(
    (#13057,#13058)
    ,(#13059,#13060)
    ,(#13061,#13062)
    ,(#13063,#13064
    )),.UNSPECIFIED.,.F.,.F.,.F.,(4,4),(2,2),(3.,4.),(0.,1.),
  .PIECEWISE_BEZIER_KNOTS.);
#13057 = CARTESIAN_POINT('',(0.795124454555,-1.303390387522,
    0.95003223874));
#13058 = CARTESIAN_POINT('',(0.795124454555,-1.303390387522,
    0.94903223874));
#13059 = CARTESIAN_POINT('',(0.79487751205,-1.304924030448,0.95003223874
    ));
#13060 = CARTESIAN_POINT('',(0.79487751205,-1.304924030448,0.94903223874
    ));
#13061 = CARTESIAN_POINT('',(0.794604575597,-1.306119752052,
    0.95003223874));
#13062 = CARTESIAN_POINT('',(0.794604575597,-1.306119752052,
    0.94903223874));
#13063 = CARTESIAN_POINT('',(0.794292648222,-1.306951558385,
    0.95003223874));
#13064 = CARTESIAN_POINT('',(0.794292648222,-1.306951558385,
    0.94903223874));
#13065 = ADVANCED_FACE('',(#13066),#13072,.T.);
#13066 = FACE_BOUND('',#13067,.T.);
#13067 = EDGE_LOOP('',(#13068,#13069,#13070,#13071));
#13068 = ORIENTED_EDGE('',*,*,#12777,.F.);
#13069 = ORIENTED_EDGE('',*,*,#13051,.F.);
#13070 = ORIENTED_EDGE('',*,*,#12663,.T.);
#13071 = ORIENTED_EDGE('',*,*,#12972,.T.);
#13072 = PLANE('',#13073);
#13073 = AXIS2_PLACEMENT_3D('',#13074,#13075,#13076);
#13074 = CARTESIAN_POINT('',(0.794292648222,-1.306951558385,
    0.95003223874));
#13075 = DIRECTION('',(0.940953787683,-0.338535034296,0.));
#13076 = DIRECTION('',(0.338535034296,0.940953787683,0.));
#13077 = MANIFOLD_SOLID_BREP('',#13078);
#13078 = CLOSED_SHELL('',(#13079,#13404,#13729,#13755,#13776,#13797,
    #13818,#13839,#13860,#13881,#13902,#13923,#13944,#13965,#13986,
    #14003,#14020,#14037,#14054,#14075,#14096,#14117,#14138,#14159,
    #14180,#14201,#14218,#14239,#14260,#14277,#14298,#14319,#14340,
    #14357,#14378,#14394,#14426));
#13079 = ADVANCED_FACE('',(#13080,#13374),#13399,.F.);
#13080 = FACE_BOUND('',#13081,.T.);
#13081 = EDGE_LOOP('',(#13082,#13093,#13102,#13111,#13120,#13129,#13138,
    #13147,#13156,#13165,#13174,#13183,#13192,#13201,#13209,#13217,
    #13225,#13234,#13243,#13252,#13261,#13270,#13279,#13288,#13297,
    #13306,#13315,#13323,#13332,#13341,#13350,#13358,#13367));
#13082 = ORIENTED_EDGE('',*,*,#13083,.T.);
#13083 = EDGE_CURVE('',#13084,#13086,#13088,.T.);
#13084 = VERTEX_POINT('',#13085);
#13085 = CARTESIAN_POINT('',(0.50885502822,-1.297302847543,0.95003223874
    ));
#13086 = VERTEX_POINT('',#13087);
#13087 = CARTESIAN_POINT('',(0.473066854022,-1.249946780117,
    0.95003223874));
#13088 = B_SPLINE_CURVE_WITH_KNOTS('',3,(#13089,#13090,#13091,#13092),
  .UNSPECIFIED.,.F.,.F.,(4,4),(35.,36.),.PIECEWISE_BEZIER_KNOTS.);
#13089 = CARTESIAN_POINT('',(0.50885502822,-1.297302847543,0.95003223874
    ));
#13090 = CARTESIAN_POINT('',(0.508493536943,-1.275613053774,
    0.95003223874));
#13091 = CARTESIAN_POINT('',(0.493672160171,-1.256453719627,
    0.95003223874));
#13092 = CARTESIAN_POINT('',(0.473066854022,-1.249946780117,
    0.95003223874));
#13093 = ORIENTED_EDGE('',*,*,#13094,.T.);
#13094 = EDGE_CURVE('',#13086,#13095,#13097,.T.);
#13095 = VERTEX_POINT('',#13096);
#13096 = CARTESIAN_POINT('',(0.453546021704,-1.221388533154,
    0.95003223874));
#13097 = B_SPLINE_CURVE_WITH_KNOTS('',3,(#13098,#13099,#13100,#13101),
  .UNSPECIFIED.,.F.,.F.,(4,4),(0.,1.),.PIECEWISE_BEZIER_KNOTS.);
#13098 = CARTESIAN_POINT('',(0.473066854022,-1.249946780117,
    0.95003223874));
#13099 = CARTESIAN_POINT('',(0.469090394819,-1.239101876338,
    0.95003223874));
#13100 = CARTESIAN_POINT('',(0.462221950243,-1.229341463626,
    0.95003223874));
#13101 = CARTESIAN_POINT('',(0.453546021704,-1.221388533154,
    0.95003223874));
#13102 = ORIENTED_EDGE('',*,*,#13103,.T.);
#13103 = EDGE_CURVE('',#13095,#13104,#13106,.T.);
#13104 = VERTEX_POINT('',#13105);
#13105 = CARTESIAN_POINT('',(0.40438246342,-1.202590698902,0.95003223874
    ));
#13106 = B_SPLINE_CURVE_WITH_KNOTS('',3,(#13107,#13108,#13109,#13110),
  .UNSPECIFIED.,.F.,.F.,(4,4),(1.,2.),.PIECEWISE_BEZIER_KNOTS.);
#13107 = CARTESIAN_POINT('',(0.453546021704,-1.221388533154,
    0.95003223874));
#13108 = CARTESIAN_POINT('',(0.439809146341,-1.209459137876,
    0.95003223874));
#13109 = CARTESIAN_POINT('',(0.422457303052,-1.202590698902,
    0.95003223874));
#13110 = CARTESIAN_POINT('',(0.40438246342,-1.202590698902,0.95003223874
    ));
#13111 = ORIENTED_EDGE('',*,*,#13112,.T.);
#13112 = EDGE_CURVE('',#13104,#13113,#13115,.T.);
#13113 = VERTEX_POINT('',#13114);
#13114 = CARTESIAN_POINT('',(0.361002848303,-1.21668907416,0.95003223874
    ));
#13115 = B_SPLINE_CURVE_WITH_KNOTS('',3,(#13116,#13117,#13118,#13119),
  .UNSPECIFIED.,.F.,.F.,(4,4),(2.,3.),.PIECEWISE_BEZIER_KNOTS.);
#13116 = CARTESIAN_POINT('',(0.40438246342,-1.202590698902,0.95003223874
    ));
#13117 = CARTESIAN_POINT('',(0.388476605923,-1.202590698902,
    0.95003223874));
#13118 = CARTESIAN_POINT('',(0.373655236045,-1.207651653913,
    0.95003223874));
#13119 = CARTESIAN_POINT('',(0.361002848303,-1.21668907416,0.95003223874
    ));
#13120 = ORIENTED_EDGE('',*,*,#13121,.T.);
#13121 = EDGE_CURVE('',#13113,#13122,#13124,.T.);
#13122 = VERTEX_POINT('',#13123);
#13123 = CARTESIAN_POINT('',(0.345096990806,-1.232594933381,
    0.95003223874));
#13124 = B_SPLINE_CURVE_WITH_KNOTS('',3,(#13125,#13126,#13127,#13128),
  .UNSPECIFIED.,.F.,.F.,(4,4),(3.,4.),.PIECEWISE_BEZIER_KNOTS.);
#13125 = CARTESIAN_POINT('',(0.361002848303,-1.21668907416,0.95003223874
    ));
#13126 = CARTESIAN_POINT('',(0.35485740007,-1.221027036706,0.95003223874
    ));
#13127 = CARTESIAN_POINT('',(0.349796446352,-1.226449488595,
    0.95003223874));
#13128 = CARTESIAN_POINT('',(0.345096990806,-1.232594933381,
    0.95003223874));
#13129 = ORIENTED_EDGE('',*,*,#13130,.T.);
#13130 = EDGE_CURVE('',#13122,#13131,#13133,.T.);
#13131 = VERTEX_POINT('',#13132);
#13132 = CARTESIAN_POINT('',(0.336782567333,-1.231871940485,
    0.95003223874));
#13133 = B_SPLINE_CURVE_WITH_KNOTS('',3,(#13134,#13135,#13136,#13137),
  .UNSPECIFIED.,.F.,.F.,(4,4),(4.,5.),.PIECEWISE_BEZIER_KNOTS.);
#13134 = CARTESIAN_POINT('',(0.345096990806,-1.232594933381,
    0.95003223874));
#13135 = CARTESIAN_POINT('',(0.342205019222,-1.232233435209,
    0.95003223874));
#13136 = CARTESIAN_POINT('',(0.339674538916,-1.231871940485,
    0.95003223874));
#13137 = CARTESIAN_POINT('',(0.336782567333,-1.231871940485,
    0.95003223874));
#13138 = ORIENTED_EDGE('',*,*,#13139,.T.);
#13139 = EDGE_CURVE('',#13131,#13140,#13142,.T.);
#13140 = VERTEX_POINT('',#13141);
#13141 = CARTESIAN_POINT('',(0.295210436179,-1.249223787222,
    0.95003223874));
#13142 = B_SPLINE_CURVE_WITH_KNOTS('',3,(#13143,#13144,#13145,#13146),
  .UNSPECIFIED.,.F.,.F.,(4,4),(5.,6.),.PIECEWISE_BEZIER_KNOTS.);
#13143 = CARTESIAN_POINT('',(0.336782567333,-1.231871940485,
    0.95003223874));
#13144 = CARTESIAN_POINT('',(0.32123820456,-1.231871940485,0.95003223874
    ));
#13145 = CARTESIAN_POINT('',(0.30641683813,-1.23801738527,0.95003223874)
  );
#13146 = CARTESIAN_POINT('',(0.295210436179,-1.249223787222,
    0.95003223874));
#13147 = ORIENTED_EDGE('',*,*,#13148,.T.);
#13148 = EDGE_CURVE('',#13140,#13149,#13151,.T.);
#13149 = VERTEX_POINT('',#13150);
#13150 = CARTESIAN_POINT('',(0.278220077272,-1.290434416756,
    0.95003223874));
#13151 = B_SPLINE_CURVE_WITH_KNOTS('',3,(#13152,#13153,#13154,#13155),
  .UNSPECIFIED.,.F.,.F.,(4,4),(6.,7.),.PIECEWISE_BEZIER_KNOTS.);
#13152 = CARTESIAN_POINT('',(0.295210436179,-1.249223787222,
    0.95003223874));
#13153 = CARTESIAN_POINT('',(0.284365522919,-1.260068687553,
    0.95003223874));
#13154 = CARTESIAN_POINT('',(0.278220077272,-1.274890057431,
    0.95003223874));
#13155 = CARTESIAN_POINT('',(0.278220077272,-1.290434416756,
    0.95003223874));
#13156 = ORIENTED_EDGE('',*,*,#13157,.T.);
#13157 = EDGE_CURVE('',#13149,#13158,#13160,.T.);
#13158 = VERTEX_POINT('',#13159);
#13159 = CARTESIAN_POINT('',(0.293402941873,-1.329837558881,
    0.95003223874));
#13160 = B_SPLINE_CURVE_WITH_KNOTS('',3,(#13161,#13162,#13163,#13164),
  .UNSPECIFIED.,.F.,.F.,(4,4),(7.,8.),.PIECEWISE_BEZIER_KNOTS.);
#13161 = CARTESIAN_POINT('',(0.278220077272,-1.290434416756,
    0.95003223874));
#13162 = CARTESIAN_POINT('',(0.278220077272,-1.304894288462,
    0.95003223874));
#13163 = CARTESIAN_POINT('',(0.283642529161,-1.318992668891,
    0.95003223874));
#13164 = CARTESIAN_POINT('',(0.293402941873,-1.329837558881,
    0.95003223874));
#13165 = ORIENTED_EDGE('',*,*,#13166,.T.);
#13166 = EDGE_CURVE('',#13158,#13167,#13169,.T.);
#13167 = VERTEX_POINT('',#13168);
#13168 = CARTESIAN_POINT('',(0.322322685284,-1.347189402169,
    0.95003223874));
#13169 = B_SPLINE_CURVE_WITH_KNOTS('',3,(#13170,#13171,#13172,#13173),
  .UNSPECIFIED.,.F.,.F.,(4,4),(8.,9.),.PIECEWISE_BEZIER_KNOTS.);
#13170 = CARTESIAN_POINT('',(0.293402941873,-1.329837558881,
    0.95003223874));
#13171 = CARTESIAN_POINT('',(0.301355870622,-1.33851348742,0.95003223874
    ));
#13172 = CARTESIAN_POINT('',(0.311116286781,-1.344297430586,
    0.95003223874));
#13173 = CARTESIAN_POINT('',(0.322322685284,-1.347189402169,
    0.95003223874));
#13174 = ORIENTED_EDGE('',*,*,#13175,.T.);
#13175 = EDGE_CURVE('',#13167,#13176,#13178,.T.);
#13176 = VERTEX_POINT('',#13177);
#13177 = CARTESIAN_POINT('',(0.356664884033,-1.371771181311,
    0.95003223874));
#13178 = B_SPLINE_CURVE_WITH_KNOTS('',3,(#13179,#13180,#13181,#13182),
  .UNSPECIFIED.,.F.,.F.,(4,4),(9.,10.),.PIECEWISE_BEZIER_KNOTS.);
#13179 = CARTESIAN_POINT('',(0.322322685284,-1.347189402169,
    0.95003223874));
#13180 = CARTESIAN_POINT('',(0.327022144278,-1.361649273875,
    0.95003223874));
#13181 = CARTESIAN_POINT('',(0.340759019641,-1.371771181311,
    0.95003223874));
#13182 = CARTESIAN_POINT('',(0.356664884033,-1.371771181311,
    0.95003223874));
#13183 = ORIENTED_EDGE('',*,*,#13184,.T.);
#13184 = EDGE_CURVE('',#13176,#13185,#13187,.T.);
#13185 = VERTEX_POINT('',#13186);
#13186 = CARTESIAN_POINT('',(0.392814563298,-1.335621502047,
    0.95003223874));
#13187 = B_SPLINE_CURVE_WITH_KNOTS('',3,(#13188,#13189,#13190,#13191),
  .UNSPECIFIED.,.F.,.F.,(4,4),(10.,11.),.PIECEWISE_BEZIER_KNOTS.);
#13188 = CARTESIAN_POINT('',(0.356664884033,-1.371771181311,
    0.95003223874));
#13189 = CARTESIAN_POINT('',(0.376547207628,-1.371771181311,
    0.95003223874));
#13190 = CARTESIAN_POINT('',(0.392814563298,-1.355503825642,
    0.95003223874));
#13191 = CARTESIAN_POINT('',(0.392814563298,-1.335621502047,
    0.95003223874));
#13192 = ORIENTED_EDGE('',*,*,#13193,.T.);
#13193 = EDGE_CURVE('',#13185,#13194,#13196,.T.);
#13194 = VERTEX_POINT('',#13195);
#13195 = CARTESIAN_POINT('',(0.392814563298,-1.33200653412,0.95003223874
    ));
#13196 = B_SPLINE_CURVE_WITH_KNOTS('',3,(#13197,#13198,#13199,#13200),
  .UNSPECIFIED.,.F.,.F.,(4,4),(11.,12.),.PIECEWISE_BEZIER_KNOTS.);
#13197 = CARTESIAN_POINT('',(0.392814563298,-1.335621502047,
    0.95003223874));
#13198 = CARTESIAN_POINT('',(0.392814563298,-1.334537014427,
    0.95003223874));
#13199 = CARTESIAN_POINT('',(0.392814563298,-1.333452526807,
    0.95003223874));
#13200 = CARTESIAN_POINT('',(0.392814563298,-1.33200653412,0.95003223874
    ));
#13201 = ORIENTED_EDGE('',*,*,#13202,.T.);
#13202 = EDGE_CURVE('',#13194,#13203,#13205,.T.);
#13203 = VERTEX_POINT('',#13204);
#13204 = CARTESIAN_POINT('',(0.443424114268,-1.305255772844,
    0.95003223874));
#13205 = LINE('',#13206,#13207);
#13206 = CARTESIAN_POINT('',(0.392814563298,-1.33200653412,0.95003223874
    ));
#13207 = VECTOR('',#13208,1.);
#13208 = DIRECTION('',(0.884094950248,0.467307306755,0.));
#13209 = ORIENTED_EDGE('',*,*,#13210,.T.);
#13210 = EDGE_CURVE('',#13203,#13211,#13213,.T.);
#13211 = VERTEX_POINT('',#13212);
#13212 = CARTESIAN_POINT('',(0.432217719212,-1.286096438697,
    0.95003223874));
#13213 = LINE('',#13214,#13215);
#13214 = CARTESIAN_POINT('',(0.443424114268,-1.305255772844,
    0.95003223874));
#13215 = VECTOR('',#13216,1.);
#13216 = DIRECTION('',(-0.50488304865,0.863187758941,0.));
#13217 = ORIENTED_EDGE('',*,*,#13218,.T.);
#13218 = EDGE_CURVE('',#13211,#13219,#13221,.T.);
#13219 = VERTEX_POINT('',#13220);
#13220 = CARTESIAN_POINT('',(0.383777150376,-1.311401214182,
    0.95003223874));
#13221 = LINE('',#13222,#13223);
#13222 = CARTESIAN_POINT('',(0.432217719212,-1.286096438697,
    0.95003223874));
#13223 = VECTOR('',#13224,1.);
#13224 = DIRECTION('',(-0.886348842796,-0.463018065387,0.));
#13225 = ORIENTED_EDGE('',*,*,#13226,.T.);
#13226 = EDGE_CURVE('',#13219,#13227,#13229,.T.);
#13227 = VERTEX_POINT('',#13228);
#13228 = CARTESIAN_POINT('',(0.356664890928,-1.299110324611,
    0.95003223874));
#13229 = B_SPLINE_CURVE_WITH_KNOTS('',3,(#13230,#13231,#13232,#13233),
  .UNSPECIFIED.,.F.,.F.,(4,4),(15.,16.),.PIECEWISE_BEZIER_KNOTS.);
#13230 = CARTESIAN_POINT('',(0.383777150376,-1.311401214182,
    0.95003223874));
#13231 = CARTESIAN_POINT('',(0.377270210867,-1.303809780157,
    0.95003223874));
#13232 = CARTESIAN_POINT('',(0.367509794707,-1.299110324611,
    0.95003223874));
#13233 = CARTESIAN_POINT('',(0.356664890928,-1.299110324611,
    0.95003223874));
#13234 = ORIENTED_EDGE('',*,*,#13235,.T.);
#13235 = EDGE_CURVE('',#13227,#13236,#13238,.T.);
#13236 = VERTEX_POINT('',#13237);
#13237 = CARTESIAN_POINT('',(0.322684193799,-1.322969114304,
    0.95003223874));
#13238 = B_SPLINE_CURVE_WITH_KNOTS('',3,(#13239,#13240,#13241,#13242),
  .UNSPECIFIED.,.F.,.F.,(4,4),(16.,17.),.PIECEWISE_BEZIER_KNOTS.);
#13239 = CARTESIAN_POINT('',(0.356664890928,-1.299110324611,
    0.95003223874));
#13240 = CARTESIAN_POINT('',(0.341120524707,-1.299110324611,
    0.95003223874));
#13241 = CARTESIAN_POINT('',(0.327745147517,-1.309232232047,
    0.95003223874));
#13242 = CARTESIAN_POINT('',(0.322684193799,-1.322969114304,
    0.95003223874));
#13243 = ORIENTED_EDGE('',*,*,#13244,.T.);
#13244 = EDGE_CURVE('',#13236,#13245,#13247,.T.);
#13245 = VERTEX_POINT('',#13246);
#13246 = CARTESIAN_POINT('',(0.30099438624,-1.289711406623,0.95003223874
    ));
#13247 = B_SPLINE_CURVE_WITH_KNOTS('',3,(#13248,#13249,#13250,#13251),
  .UNSPECIFIED.,.F.,.F.,(4,4),(17.,18.),.PIECEWISE_BEZIER_KNOTS.);
#13248 = CARTESIAN_POINT('',(0.322684193799,-1.322969114304,
    0.95003223874));
#13249 = CARTESIAN_POINT('',(0.310031806056,-1.317185164243,
    0.95003223874));
#13250 = CARTESIAN_POINT('',(0.30099438624,-1.304532776501,0.95003223874
    ));
#13251 = CARTESIAN_POINT('',(0.30099438624,-1.289711406623,0.95003223874
    ));
#13252 = ORIENTED_EDGE('',*,*,#13253,.T.);
#13253 = EDGE_CURVE('',#13245,#13254,#13256,.T.);
#13254 = VERTEX_POINT('',#13255);
#13255 = CARTESIAN_POINT('',(0.337144065504,-1.253561727359,
    0.95003223874));
#13256 = B_SPLINE_CURVE_WITH_KNOTS('',3,(#13257,#13258,#13259,#13260),
  .UNSPECIFIED.,.F.,.F.,(4,4),(18.,19.),.PIECEWISE_BEZIER_KNOTS.);
#13257 = CARTESIAN_POINT('',(0.30099438624,-1.289711406623,0.95003223874
    ));
#13258 = CARTESIAN_POINT('',(0.30099438624,-1.269829083028,0.95003223874
    ));
#13259 = CARTESIAN_POINT('',(0.317261741909,-1.253561727359,
    0.95003223874));
#13260 = CARTESIAN_POINT('',(0.337144065504,-1.253561727359,
    0.95003223874));
#13261 = ORIENTED_EDGE('',*,*,#13262,.T.);
#13262 = EDGE_CURVE('',#13254,#13263,#13265,.T.);
#13263 = VERTEX_POINT('',#13264);
#13264 = CARTESIAN_POINT('',(0.356303392756,-1.258984179249,
    0.95003223874));
#13265 = B_SPLINE_CURVE_WITH_KNOTS('',3,(#13266,#13267,#13268,#13269),
  .UNSPECIFIED.,.F.,.F.,(4,4),(19.,20.),.PIECEWISE_BEZIER_KNOTS.);
#13266 = CARTESIAN_POINT('',(0.337144065504,-1.253561727359,
    0.95003223874));
#13267 = CARTESIAN_POINT('',(0.344012503186,-1.253561727359,
    0.95003223874));
#13268 = CARTESIAN_POINT('',(0.350880940867,-1.255730709494,
    0.95003223874));
#13269 = CARTESIAN_POINT('',(0.356303392756,-1.258984179249,
    0.95003223874));
#13270 = ORIENTED_EDGE('',*,*,#13271,.T.);
#13271 = EDGE_CURVE('',#13263,#13272,#13274,.T.);
#13272 = VERTEX_POINT('',#13273);
#13273 = CARTESIAN_POINT('',(0.404743954697,-1.224280506461,
    0.95003223874));
#13274 = B_SPLINE_CURVE_WITH_KNOTS('',3,(#13275,#13276,#13277,#13278),
  .UNSPECIFIED.,.F.,.F.,(4,4),(20.,21.),.PIECEWISE_BEZIER_KNOTS.);
#13275 = CARTESIAN_POINT('',(0.356303392756,-1.258984179249,
    0.95003223874));
#13276 = CARTESIAN_POINT('',(0.363171823543,-1.238740378166,
    0.95003223874));
#13277 = CARTESIAN_POINT('',(0.381969659518,-1.224280506461,
    0.95003223874));
#13278 = CARTESIAN_POINT('',(0.404743954697,-1.224280506461,
    0.95003223874));
#13279 = ORIENTED_EDGE('',*,*,#13280,.T.);
#13280 = EDGE_CURVE('',#13272,#13281,#13283,.T.);
#13281 = VERTEX_POINT('',#13282);
#13282 = CARTESIAN_POINT('',(0.455353505667,-1.269467605541,
    0.95003223874));
#13283 = B_SPLINE_CURVE_WITH_KNOTS('',3,(#13284,#13285,#13286,#13287),
  .UNSPECIFIED.,.F.,.F.,(4,4),(21.,22.),.PIECEWISE_BEZIER_KNOTS.);
#13284 = CARTESIAN_POINT('',(0.404743954697,-1.224280506461,
    0.95003223874));
#13285 = CARTESIAN_POINT('',(0.430771726525,-1.224280506461,
    0.95003223874));
#13286 = CARTESIAN_POINT('',(0.452461534084,-1.244162830056,
    0.95003223874));
#13287 = CARTESIAN_POINT('',(0.455353505667,-1.269467605541,
    0.95003223874));
#13288 = ORIENTED_EDGE('',*,*,#13289,.T.);
#13289 = EDGE_CURVE('',#13281,#13290,#13292,.T.);
#13290 = VERTEX_POINT('',#13291);
#13291 = CARTESIAN_POINT('',(0.45824547725,-1.269467605541,0.95003223874
    ));
#13292 = B_SPLINE_CURVE_WITH_KNOTS('',3,(#13293,#13294,#13295,#13296),
  .UNSPECIFIED.,.F.,.F.,(4,4),(22.,23.),.PIECEWISE_BEZIER_KNOTS.);
#13293 = CARTESIAN_POINT('',(0.455353505667,-1.269467605541,
    0.95003223874));
#13294 = CARTESIAN_POINT('',(0.456437993287,-1.269467605541,
    0.95003223874));
#13295 = CARTESIAN_POINT('',(0.45716098963,-1.269467605541,0.95003223874
    ));
#13296 = CARTESIAN_POINT('',(0.45824547725,-1.269467605541,0.95003223874
    ));
#13297 = ORIENTED_EDGE('',*,*,#13298,.T.);
#13298 = EDGE_CURVE('',#13290,#13299,#13301,.T.);
#13299 = VERTEX_POINT('',#13300);
#13300 = CARTESIAN_POINT('',(0.486442224318,-1.297664352609,
    0.95003223874));
#13301 = B_SPLINE_CURVE_WITH_KNOTS('',3,(#13302,#13303,#13304,#13305),
  .UNSPECIFIED.,.F.,.F.,(4,4),(23.,24.),.PIECEWISE_BEZIER_KNOTS.);
#13302 = CARTESIAN_POINT('',(0.45824547725,-1.269467605541,0.95003223874
    ));
#13303 = CARTESIAN_POINT('',(0.473789836576,-1.269467605541,
    0.95003223874));
#13304 = CARTESIAN_POINT('',(0.486442224318,-1.282119993284,
    0.95003223874));
#13305 = CARTESIAN_POINT('',(0.486442224318,-1.297664352609,
    0.95003223874));
#13306 = ORIENTED_EDGE('',*,*,#13307,.T.);
#13307 = EDGE_CURVE('',#13299,#13308,#13310,.T.);
#13308 = VERTEX_POINT('',#13309);
#13309 = CARTESIAN_POINT('',(0.46041445249,-1.325861099677,0.95003223874
    ));
#13310 = B_SPLINE_CURVE_WITH_KNOTS('',3,(#13311,#13312,#13313,#13314),
  .UNSPECIFIED.,.F.,.F.,(4,4),(24.,25.),.PIECEWISE_BEZIER_KNOTS.);
#13311 = CARTESIAN_POINT('',(0.486442224318,-1.297664352609,
    0.95003223874));
#13312 = CARTESIAN_POINT('',(0.486442224318,-1.312485722487,
    0.95003223874));
#13313 = CARTESIAN_POINT('',(0.475235829262,-1.324776612057,
    0.95003223874));
#13314 = CARTESIAN_POINT('',(0.46041445249,-1.325861099677,0.95003223874
    ));
#13315 = ORIENTED_EDGE('',*,*,#13316,.T.);
#13316 = EDGE_CURVE('',#13308,#13317,#13319,.T.);
#13317 = VERTEX_POINT('',#13318);
#13318 = CARTESIAN_POINT('',(0.444147096821,-1.325861099677,
    0.95003223874));
#13319 = LINE('',#13320,#13321);
#13320 = CARTESIAN_POINT('',(0.46041445249,-1.325861099677,0.95003223874
    ));
#13321 = VECTOR('',#13322,1.);
#13322 = DIRECTION('',(-1.,0.,0.));
#13323 = ORIENTED_EDGE('',*,*,#13324,.T.);
#13324 = EDGE_CURVE('',#13317,#13325,#13327,.T.);
#13325 = VERTEX_POINT('',#13326);
#13326 = CARTESIAN_POINT('',(0.441978121581,-1.325499608401,
    0.95003223874));
#13327 = B_SPLINE_CURVE_WITH_KNOTS('',3,(#13328,#13329,#13330,#13331),
  .UNSPECIFIED.,.F.,.F.,(4,4),(26.,27.),.PIECEWISE_BEZIER_KNOTS.);
#13328 = CARTESIAN_POINT('',(0.444147096821,-1.325861099677,
    0.95003223874));
#13329 = CARTESIAN_POINT('',(0.443424100478,-1.325861099677,
    0.95003223874));
#13330 = CARTESIAN_POINT('',(0.442701104134,-1.325499608401,
    0.95003223874));
#13331 = CARTESIAN_POINT('',(0.441978121581,-1.325499608401,
    0.95003223874));
#13332 = ORIENTED_EDGE('',*,*,#13333,.T.);
#13333 = EDGE_CURVE('',#13325,#13334,#13336,.T.);
#13334 = VERTEX_POINT('',#13335);
#13335 = CARTESIAN_POINT('',(0.430771726525,-1.336706003457,
    0.95003223874));
#13336 = B_SPLINE_CURVE_WITH_KNOTS('',3,(#13337,#13338,#13339,#13340),
  .UNSPECIFIED.,.F.,.F.,(4,4),(27.,28.),.PIECEWISE_BEZIER_KNOTS.);
#13337 = CARTESIAN_POINT('',(0.441978121581,-1.325499608401,
    0.95003223874));
#13338 = CARTESIAN_POINT('',(0.435832673348,-1.325499608401,
    0.95003223874));
#13339 = CARTESIAN_POINT('',(0.430771726525,-1.330560569014,
    0.95003223874));
#13340 = CARTESIAN_POINT('',(0.430771726525,-1.336706003457,
    0.95003223874));
#13341 = ORIENTED_EDGE('',*,*,#13342,.T.);
#13342 = EDGE_CURVE('',#13334,#13343,#13345,.T.);
#13343 = VERTEX_POINT('',#13344);
#13344 = CARTESIAN_POINT('',(0.441255139028,-1.347912398513,
    0.95003223874));
#13345 = B_SPLINE_CURVE_WITH_KNOTS('',3,(#13346,#13347,#13348,#13349),
  .UNSPECIFIED.,.F.,.F.,(4,4),(28.,29.),.PIECEWISE_BEZIER_KNOTS.);
#13346 = CARTESIAN_POINT('',(0.430771726525,-1.336706003457,
    0.95003223874));
#13347 = CARTESIAN_POINT('',(0.430771726525,-1.342489946623,
    0.95003223874));
#13348 = CARTESIAN_POINT('',(0.435471182071,-1.347550907236,
    0.95003223874));
#13349 = CARTESIAN_POINT('',(0.441255139028,-1.347912398513,
    0.95003223874));
#13350 = ORIENTED_EDGE('',*,*,#13351,.T.);
#13351 = EDGE_CURVE('',#13343,#13352,#13354,.T.);
#13352 = VERTEX_POINT('',#13353);
#13353 = CARTESIAN_POINT('',(0.46258344152,-1.347912398513,0.95003223874
    ));
#13354 = LINE('',#13355,#13356);
#13355 = CARTESIAN_POINT('',(0.441255139028,-1.347912398513,
    0.95003223874));
#13356 = VECTOR('',#13357,1.);
#13357 = DIRECTION('',(1.,0.,0.));
#13358 = ORIENTED_EDGE('',*,*,#13359,.T.);
#13359 = EDGE_CURVE('',#13352,#13360,#13362,.T.);
#13360 = VERTEX_POINT('',#13361);
#13361 = CARTESIAN_POINT('',(0.495479644134,-1.331645042844,
    0.95003223874));
#13362 = B_SPLINE_CURVE_WITH_KNOTS('',3,(#13363,#13364,#13365,#13366),
  .UNSPECIFIED.,.F.,.F.,(4,4),(33.,34.),.PIECEWISE_BEZIER_KNOTS.);
#13363 = CARTESIAN_POINT('',(0.46258344152,-1.347912398513,0.95003223874
    ));
#13364 = CARTESIAN_POINT('',(0.475235829262,-1.346827910893,
    0.95003223874));
#13365 = CARTESIAN_POINT('',(0.486803729385,-1.341043953936,
    0.95003223874));
#13366 = CARTESIAN_POINT('',(0.495479644134,-1.331645042844,
    0.95003223874));
#13367 = ORIENTED_EDGE('',*,*,#13368,.T.);
#13368 = EDGE_CURVE('',#13360,#13084,#13369,.T.);
#13369 = B_SPLINE_CURVE_WITH_KNOTS('',3,(#13370,#13371,#13372,#13373),
  .UNSPECIFIED.,.F.,.F.,(4,4),(34.,35.),.PIECEWISE_BEZIER_KNOTS.);
#13370 = CARTESIAN_POINT('',(0.495479644134,-1.331645042844,
    0.95003223874));
#13371 = CARTESIAN_POINT('',(0.504155572674,-1.322246131751,
    0.95003223874));
#13372 = CARTESIAN_POINT('',(0.50885502822,-1.309955235285,0.95003223874
    ));
#13373 = CARTESIAN_POINT('',(0.50885502822,-1.297302847543,0.95003223874
    ));
#13374 = FACE_BOUND('',#13375,.T.);
#13375 = EDGE_LOOP('',(#13376,#13390));
#13376 = ORIENTED_EDGE('',*,*,#13377,.F.);
#13377 = EDGE_CURVE('',#13378,#13380,#13382,.T.);
#13378 = VERTEX_POINT('',#13379);
#13379 = CARTESIAN_POINT('',(0.356303385861,-1.350081401333,
    0.95003223874));
#13380 = VERTEX_POINT('',#13381);
#13381 = CARTESIAN_POINT('',(0.356303385861,-1.321884640474,
    0.95003223874));
#13382 = B_SPLINE_CURVE_WITH_KNOTS('',3,(#13383,#13384,#13385,#13386,
    #13387,#13388,#13389),.UNSPECIFIED.,.F.,.F.,(4,3,4),(0.,1.,2.),
  .PIECEWISE_BEZIER_KNOTS.);
#13383 = CARTESIAN_POINT('',(0.356303385861,-1.350081401333,
    0.95003223874));
#13384 = CARTESIAN_POINT('',(0.364256311163,-1.350081401333,
    0.95003223874));
#13385 = CARTESIAN_POINT('',(0.370401759395,-1.343574448033,
    0.95003223874));
#13386 = CARTESIAN_POINT('',(0.370401759395,-1.335983020904,
    0.95003223874));
#13387 = CARTESIAN_POINT('',(0.370401759395,-1.328030088707,
    0.95003223874));
#13388 = CARTESIAN_POINT('',(0.363894819886,-1.321884640474,
    0.95003223874));
#13389 = CARTESIAN_POINT('',(0.356303385861,-1.321884640474,
    0.95003223874));
#13390 = ORIENTED_EDGE('',*,*,#13391,.F.);
#13391 = EDGE_CURVE('',#13380,#13378,#13392,.T.);
#13392 = B_SPLINE_CURVE_WITH_KNOTS('',3,(#13393,#13394,#13395,#13396,
    #13397,#13398),.UNSPECIFIED.,.F.,.F.,(4,2,4),(2.,3.,4.),
  .UNSPECIFIED.);
#13393 = CARTESIAN_POINT('',(0.356303385861,-1.321884640474,
    0.95003223874));
#13394 = CARTESIAN_POINT('',(0.348711951837,-1.321884640474,
    0.95003223874));
#13395 = CARTESIAN_POINT('',(0.342205012327,-1.328030088707,
    0.95003223874));
#13396 = CARTESIAN_POINT('',(0.342205012327,-1.3439359531,0.95003223874)
  );
#13397 = CARTESIAN_POINT('',(0.348711951837,-1.350081401333,
    0.95003223874));
#13398 = CARTESIAN_POINT('',(0.356303385861,-1.350081401333,
    0.95003223874));
#13399 = PLANE('',#13400);
#13400 = AXIS2_PLACEMENT_3D('',#13401,#13402,#13403);
#13401 = CARTESIAN_POINT('',(0.498552371698,-1.267931243483,
    0.95003223874));
#13402 = DIRECTION('',(0.,0.,-1.));
#13403 = DIRECTION('',(-1.,0.,-0.));
#13404 = ADVANCED_FACE('',(#13405,#13699),#13724,.T.);
#13405 = FACE_BOUND('',#13406,.T.);
#13406 = EDGE_LOOP('',(#13407,#13418,#13427,#13436,#13444,#13453,#13462,
    #13471,#13479,#13488,#13497,#13506,#13515,#13524,#13533,#13542,
    #13551,#13560,#13569,#13577,#13585,#13593,#13602,#13611,#13620,
    #13629,#13638,#13647,#13656,#13665,#13674,#13683,#13692));
#13407 = ORIENTED_EDGE('',*,*,#13408,.F.);
#13408 = EDGE_CURVE('',#13409,#13411,#13413,.T.);
#13409 = VERTEX_POINT('',#13410);
#13410 = CARTESIAN_POINT('',(0.50885502822,-1.297302847543,0.94903223874
    ));
#13411 = VERTEX_POINT('',#13412);
#13412 = CARTESIAN_POINT('',(0.473066854022,-1.249946780117,
    0.94903223874));
#13413 = B_SPLINE_CURVE_WITH_KNOTS('',3,(#13414,#13415,#13416,#13417),
  .UNSPECIFIED.,.F.,.F.,(4,4),(35.,36.),.PIECEWISE_BEZIER_KNOTS.);
#13414 = CARTESIAN_POINT('',(0.50885502822,-1.297302847543,0.94903223874
    ));
#13415 = CARTESIAN_POINT('',(0.508493536943,-1.275613053774,
    0.94903223874));
#13416 = CARTESIAN_POINT('',(0.493672160171,-1.256453719627,
    0.94903223874));
#13417 = CARTESIAN_POINT('',(0.473066854022,-1.249946780117,
    0.94903223874));
#13418 = ORIENTED_EDGE('',*,*,#13419,.F.);
#13419 = EDGE_CURVE('',#13420,#13409,#13422,.T.);
#13420 = VERTEX_POINT('',#13421);
#13421 = CARTESIAN_POINT('',(0.495479644134,-1.331645042844,
    0.94903223874));
#13422 = B_SPLINE_CURVE_WITH_KNOTS('',3,(#13423,#13424,#13425,#13426),
  .UNSPECIFIED.,.F.,.F.,(4,4),(34.,35.),.PIECEWISE_BEZIER_KNOTS.);
#13423 = CARTESIAN_POINT('',(0.495479644134,-1.331645042844,
    0.94903223874));
#13424 = CARTESIAN_POINT('',(0.504155572674,-1.322246131751,
    0.94903223874));
#13425 = CARTESIAN_POINT('',(0.50885502822,-1.309955235285,0.94903223874
    ));
#13426 = CARTESIAN_POINT('',(0.50885502822,-1.297302847543,0.94903223874
    ));
#13427 = ORIENTED_EDGE('',*,*,#13428,.F.);
#13428 = EDGE_CURVE('',#13429,#13420,#13431,.T.);
#13429 = VERTEX_POINT('',#13430);
#13430 = CARTESIAN_POINT('',(0.46258344152,-1.347912398513,0.94903223874
    ));
#13431 = B_SPLINE_CURVE_WITH_KNOTS('',3,(#13432,#13433,#13434,#13435),
  .UNSPECIFIED.,.F.,.F.,(4,4),(33.,34.),.PIECEWISE_BEZIER_KNOTS.);
#13432 = CARTESIAN_POINT('',(0.46258344152,-1.347912398513,0.94903223874
    ));
#13433 = CARTESIAN_POINT('',(0.475235829262,-1.346827910893,
    0.94903223874));
#13434 = CARTESIAN_POINT('',(0.486803729385,-1.341043953936,
    0.94903223874));
#13435 = CARTESIAN_POINT('',(0.495479644134,-1.331645042844,
    0.94903223874));
#13436 = ORIENTED_EDGE('',*,*,#13437,.F.);
#13437 = EDGE_CURVE('',#13438,#13429,#13440,.T.);
#13438 = VERTEX_POINT('',#13439);
#13439 = CARTESIAN_POINT('',(0.441255139028,-1.347912398513,
    0.94903223874));
#13440 = LINE('',#13441,#13442);
#13441 = CARTESIAN_POINT('',(0.4614989539,-1.347912398513,0.94903223874)
  );
#13442 = VECTOR('',#13443,1.);
#13443 = DIRECTION('',(1.,0.,0.));
#13444 = ORIENTED_EDGE('',*,*,#13445,.F.);
#13445 = EDGE_CURVE('',#13446,#13438,#13448,.T.);
#13446 = VERTEX_POINT('',#13447);
#13447 = CARTESIAN_POINT('',(0.430771726525,-1.336706003457,
    0.94903223874));
#13448 = B_SPLINE_CURVE_WITH_KNOTS('',3,(#13449,#13450,#13451,#13452),
  .UNSPECIFIED.,.F.,.F.,(4,4),(28.,29.),.PIECEWISE_BEZIER_KNOTS.);
#13449 = CARTESIAN_POINT('',(0.430771726525,-1.336706003457,
    0.94903223874));
#13450 = CARTESIAN_POINT('',(0.430771726525,-1.342489946623,
    0.94903223874));
#13451 = CARTESIAN_POINT('',(0.435471182071,-1.347550907236,
    0.94903223874));
#13452 = CARTESIAN_POINT('',(0.441255139028,-1.347912398513,
    0.94903223874));
#13453 = ORIENTED_EDGE('',*,*,#13454,.F.);
#13454 = EDGE_CURVE('',#13455,#13446,#13457,.T.);
#13455 = VERTEX_POINT('',#13456);
#13456 = CARTESIAN_POINT('',(0.441978121581,-1.325499608401,
    0.94903223874));
#13457 = B_SPLINE_CURVE_WITH_KNOTS('',3,(#13458,#13459,#13460,#13461),
  .UNSPECIFIED.,.F.,.F.,(4,4),(27.,28.),.PIECEWISE_BEZIER_KNOTS.);
#13458 = CARTESIAN_POINT('',(0.441978121581,-1.325499608401,
    0.94903223874));
#13459 = CARTESIAN_POINT('',(0.435832673348,-1.325499608401,
    0.94903223874));
#13460 = CARTESIAN_POINT('',(0.430771726525,-1.330560569014,
    0.94903223874));
#13461 = CARTESIAN_POINT('',(0.430771726525,-1.336706003457,
    0.94903223874));
#13462 = ORIENTED_EDGE('',*,*,#13463,.F.);
#13463 = EDGE_CURVE('',#13464,#13455,#13466,.T.);
#13464 = VERTEX_POINT('',#13465);
#13465 = CARTESIAN_POINT('',(0.444147096821,-1.325861099677,
    0.94903223874));
#13466 = B_SPLINE_CURVE_WITH_KNOTS('',3,(#13467,#13468,#13469,#13470),
  .UNSPECIFIED.,.F.,.F.,(4,4),(26.,27.),.PIECEWISE_BEZIER_KNOTS.);
#13467 = CARTESIAN_POINT('',(0.444147096821,-1.325861099677,
    0.94903223874));
#13468 = CARTESIAN_POINT('',(0.443424100478,-1.325861099677,
    0.94903223874));
#13469 = CARTESIAN_POINT('',(0.442701104134,-1.325499608401,
    0.94903223874));
#13470 = CARTESIAN_POINT('',(0.441978121581,-1.325499608401,
    0.94903223874));
#13471 = ORIENTED_EDGE('',*,*,#13472,.F.);
#13472 = EDGE_CURVE('',#13473,#13464,#13475,.T.);
#13473 = VERTEX_POINT('',#13474);
#13474 = CARTESIAN_POINT('',(0.46041445249,-1.325861099677,0.94903223874
    ));
#13475 = LINE('',#13476,#13477);
#13476 = CARTESIAN_POINT('',(0.46041445249,-1.325861099677,0.94903223874
    ));
#13477 = VECTOR('',#13478,1.);
#13478 = DIRECTION('',(-1.,0.,0.));
#13479 = ORIENTED_EDGE('',*,*,#13480,.F.);
#13480 = EDGE_CURVE('',#13481,#13473,#13483,.T.);
#13481 = VERTEX_POINT('',#13482);
#13482 = CARTESIAN_POINT('',(0.486442224318,-1.297664352609,
    0.94903223874));
#13483 = B_SPLINE_CURVE_WITH_KNOTS('',3,(#13484,#13485,#13486,#13487),
  .UNSPECIFIED.,.F.,.F.,(4,4),(24.,25.),.PIECEWISE_BEZIER_KNOTS.);
#13484 = CARTESIAN_POINT('',(0.486442224318,-1.297664352609,
    0.94903223874));
#13485 = CARTESIAN_POINT('',(0.486442224318,-1.312485722487,
    0.94903223874));
#13486 = CARTESIAN_POINT('',(0.475235829262,-1.324776612057,
    0.94903223874));
#13487 = CARTESIAN_POINT('',(0.46041445249,-1.325861099677,0.94903223874
    ));
#13488 = ORIENTED_EDGE('',*,*,#13489,.F.);
#13489 = EDGE_CURVE('',#13490,#13481,#13492,.T.);
#13490 = VERTEX_POINT('',#13491);
#13491 = CARTESIAN_POINT('',(0.45824547725,-1.269467605541,0.94903223874
    ));
#13492 = B_SPLINE_CURVE_WITH_KNOTS('',3,(#13493,#13494,#13495,#13496),
  .UNSPECIFIED.,.F.,.F.,(4,4),(23.,24.),.PIECEWISE_BEZIER_KNOTS.);
#13493 = CARTESIAN_POINT('',(0.45824547725,-1.269467605541,0.94903223874
    ));
#13494 = CARTESIAN_POINT('',(0.473789836576,-1.269467605541,
    0.94903223874));
#13495 = CARTESIAN_POINT('',(0.486442224318,-1.282119993284,
    0.94903223874));
#13496 = CARTESIAN_POINT('',(0.486442224318,-1.297664352609,
    0.94903223874));
#13497 = ORIENTED_EDGE('',*,*,#13498,.F.);
#13498 = EDGE_CURVE('',#13499,#13490,#13501,.T.);
#13499 = VERTEX_POINT('',#13500);
#13500 = CARTESIAN_POINT('',(0.455353505667,-1.269467605541,
    0.94903223874));
#13501 = B_SPLINE_CURVE_WITH_KNOTS('',3,(#13502,#13503,#13504,#13505),
  .UNSPECIFIED.,.F.,.F.,(4,4),(22.,23.),.PIECEWISE_BEZIER_KNOTS.);
#13502 = CARTESIAN_POINT('',(0.455353505667,-1.269467605541,
    0.94903223874));
#13503 = CARTESIAN_POINT('',(0.456437993287,-1.269467605541,
    0.94903223874));
#13504 = CARTESIAN_POINT('',(0.45716098963,-1.269467605541,0.94903223874
    ));
#13505 = CARTESIAN_POINT('',(0.45824547725,-1.269467605541,0.94903223874
    ));
#13506 = ORIENTED_EDGE('',*,*,#13507,.F.);
#13507 = EDGE_CURVE('',#13508,#13499,#13510,.T.);
#13508 = VERTEX_POINT('',#13509);
#13509 = CARTESIAN_POINT('',(0.404743954697,-1.224280506461,
    0.94903223874));
#13510 = B_SPLINE_CURVE_WITH_KNOTS('',3,(#13511,#13512,#13513,#13514),
  .UNSPECIFIED.,.F.,.F.,(4,4),(21.,22.),.PIECEWISE_BEZIER_KNOTS.);
#13511 = CARTESIAN_POINT('',(0.404743954697,-1.224280506461,
    0.94903223874));
#13512 = CARTESIAN_POINT('',(0.430771726525,-1.224280506461,
    0.94903223874));
#13513 = CARTESIAN_POINT('',(0.452461534084,-1.244162830056,
    0.94903223874));
#13514 = CARTESIAN_POINT('',(0.455353505667,-1.269467605541,
    0.94903223874));
#13515 = ORIENTED_EDGE('',*,*,#13516,.F.);
#13516 = EDGE_CURVE('',#13517,#13508,#13519,.T.);
#13517 = VERTEX_POINT('',#13518);
#13518 = CARTESIAN_POINT('',(0.356303392756,-1.258984179249,
    0.94903223874));
#13519 = B_SPLINE_CURVE_WITH_KNOTS('',3,(#13520,#13521,#13522,#13523),
  .UNSPECIFIED.,.F.,.F.,(4,4),(20.,21.),.PIECEWISE_BEZIER_KNOTS.);
#13520 = CARTESIAN_POINT('',(0.356303392756,-1.258984179249,
    0.94903223874));
#13521 = CARTESIAN_POINT('',(0.363171823543,-1.238740378166,
    0.94903223874));
#13522 = CARTESIAN_POINT('',(0.381969659518,-1.224280506461,
    0.94903223874));
#13523 = CARTESIAN_POINT('',(0.404743954697,-1.224280506461,
    0.94903223874));
#13524 = ORIENTED_EDGE('',*,*,#13525,.F.);
#13525 = EDGE_CURVE('',#13526,#13517,#13528,.T.);
#13526 = VERTEX_POINT('',#13527);
#13527 = CARTESIAN_POINT('',(0.337144065504,-1.253561727359,
    0.94903223874));
#13528 = B_SPLINE_CURVE_WITH_KNOTS('',3,(#13529,#13530,#13531,#13532),
  .UNSPECIFIED.,.F.,.F.,(4,4),(19.,20.),.PIECEWISE_BEZIER_KNOTS.);
#13529 = CARTESIAN_POINT('',(0.337144065504,-1.253561727359,
    0.94903223874));
#13530 = CARTESIAN_POINT('',(0.344012503186,-1.253561727359,
    0.94903223874));
#13531 = CARTESIAN_POINT('',(0.350880940867,-1.255730709494,
    0.94903223874));
#13532 = CARTESIAN_POINT('',(0.356303392756,-1.258984179249,
    0.94903223874));
#13533 = ORIENTED_EDGE('',*,*,#13534,.F.);
#13534 = EDGE_CURVE('',#13535,#13526,#13537,.T.);
#13535 = VERTEX_POINT('',#13536);
#13536 = CARTESIAN_POINT('',(0.30099438624,-1.289711406623,0.94903223874
    ));
#13537 = B_SPLINE_CURVE_WITH_KNOTS('',3,(#13538,#13539,#13540,#13541),
  .UNSPECIFIED.,.F.,.F.,(4,4),(18.,19.),.PIECEWISE_BEZIER_KNOTS.);
#13538 = CARTESIAN_POINT('',(0.30099438624,-1.289711406623,0.94903223874
    ));
#13539 = CARTESIAN_POINT('',(0.30099438624,-1.269829083028,0.94903223874
    ));
#13540 = CARTESIAN_POINT('',(0.317261741909,-1.253561727359,
    0.94903223874));
#13541 = CARTESIAN_POINT('',(0.337144065504,-1.253561727359,
    0.94903223874));
#13542 = ORIENTED_EDGE('',*,*,#13543,.F.);
#13543 = EDGE_CURVE('',#13544,#13535,#13546,.T.);
#13544 = VERTEX_POINT('',#13545);
#13545 = CARTESIAN_POINT('',(0.322684193799,-1.322969114304,
    0.94903223874));
#13546 = B_SPLINE_CURVE_WITH_KNOTS('',3,(#13547,#13548,#13549,#13550),
  .UNSPECIFIED.,.F.,.F.,(4,4),(17.,18.),.PIECEWISE_BEZIER_KNOTS.);
#13547 = CARTESIAN_POINT('',(0.322684193799,-1.322969114304,
    0.94903223874));
#13548 = CARTESIAN_POINT('',(0.310031806056,-1.317185164243,
    0.94903223874));
#13549 = CARTESIAN_POINT('',(0.30099438624,-1.304532776501,0.94903223874
    ));
#13550 = CARTESIAN_POINT('',(0.30099438624,-1.289711406623,0.94903223874
    ));
#13551 = ORIENTED_EDGE('',*,*,#13552,.F.);
#13552 = EDGE_CURVE('',#13553,#13544,#13555,.T.);
#13553 = VERTEX_POINT('',#13554);
#13554 = CARTESIAN_POINT('',(0.356664890928,-1.299110324611,
    0.94903223874));
#13555 = B_SPLINE_CURVE_WITH_KNOTS('',3,(#13556,#13557,#13558,#13559),
  .UNSPECIFIED.,.F.,.F.,(4,4),(16.,17.),.PIECEWISE_BEZIER_KNOTS.);
#13556 = CARTESIAN_POINT('',(0.356664890928,-1.299110324611,
    0.94903223874));
#13557 = CARTESIAN_POINT('',(0.341120524707,-1.299110324611,
    0.94903223874));
#13558 = CARTESIAN_POINT('',(0.327745147517,-1.309232232047,
    0.94903223874));
#13559 = CARTESIAN_POINT('',(0.322684193799,-1.322969114304,
    0.94903223874));
#13560 = ORIENTED_EDGE('',*,*,#13561,.F.);
#13561 = EDGE_CURVE('',#13562,#13553,#13564,.T.);
#13562 = VERTEX_POINT('',#13563);
#13563 = CARTESIAN_POINT('',(0.383777150376,-1.311401214182,
    0.94903223874));
#13564 = B_SPLINE_CURVE_WITH_KNOTS('',3,(#13565,#13566,#13567,#13568),
  .UNSPECIFIED.,.F.,.F.,(4,4),(15.,16.),.PIECEWISE_BEZIER_KNOTS.);
#13565 = CARTESIAN_POINT('',(0.383777150376,-1.311401214182,
    0.94903223874));
#13566 = CARTESIAN_POINT('',(0.377270210867,-1.303809780157,
    0.94903223874));
#13567 = CARTESIAN_POINT('',(0.367509794707,-1.299110324611,
    0.94903223874));
#13568 = CARTESIAN_POINT('',(0.356664890928,-1.299110324611,
    0.94903223874));
#13569 = ORIENTED_EDGE('',*,*,#13570,.F.);
#13570 = EDGE_CURVE('',#13571,#13562,#13573,.T.);
#13571 = VERTEX_POINT('',#13572);
#13572 = CARTESIAN_POINT('',(0.432217719212,-1.286096438697,
    0.94903223874));
#13573 = LINE('',#13574,#13575);
#13574 = CARTESIAN_POINT('',(0.432217719212,-1.286096438697,
    0.94903223874));
#13575 = VECTOR('',#13576,1.);
#13576 = DIRECTION('',(-0.886348842796,-0.463018065387,0.));
#13577 = ORIENTED_EDGE('',*,*,#13578,.F.);
#13578 = EDGE_CURVE('',#13579,#13571,#13581,.T.);
#13579 = VERTEX_POINT('',#13580);
#13580 = CARTESIAN_POINT('',(0.443424114268,-1.305255772844,
    0.94903223874));
#13581 = LINE('',#13582,#13583);
#13582 = CARTESIAN_POINT('',(0.443424114268,-1.305255772844,
    0.94903223874));
#13583 = VECTOR('',#13584,1.);
#13584 = DIRECTION('',(-0.50488304865,0.863187758941,0.));
#13585 = ORIENTED_EDGE('',*,*,#13586,.F.);
#13586 = EDGE_CURVE('',#13587,#13579,#13589,.T.);
#13587 = VERTEX_POINT('',#13588);
#13588 = CARTESIAN_POINT('',(0.392814563298,-1.33200653412,0.94903223874
    ));
#13589 = LINE('',#13590,#13591);
#13590 = CARTESIAN_POINT('',(0.392814563298,-1.33200653412,0.94903223874
    ));
#13591 = VECTOR('',#13592,1.);
#13592 = DIRECTION('',(0.884094950248,0.467307306755,0.));
#13593 = ORIENTED_EDGE('',*,*,#13594,.F.);
#13594 = EDGE_CURVE('',#13595,#13587,#13597,.T.);
#13595 = VERTEX_POINT('',#13596);
#13596 = CARTESIAN_POINT('',(0.392814563298,-1.335621502047,
    0.94903223874));
#13597 = B_SPLINE_CURVE_WITH_KNOTS('',3,(#13598,#13599,#13600,#13601),
  .UNSPECIFIED.,.F.,.F.,(4,4),(11.,12.),.PIECEWISE_BEZIER_KNOTS.);
#13598 = CARTESIAN_POINT('',(0.392814563298,-1.335621502047,
    0.94903223874));
#13599 = CARTESIAN_POINT('',(0.392814563298,-1.334537014427,
    0.94903223874));
#13600 = CARTESIAN_POINT('',(0.392814563298,-1.333452526807,
    0.94903223874));
#13601 = CARTESIAN_POINT('',(0.392814563298,-1.33200653412,0.94903223874
    ));
#13602 = ORIENTED_EDGE('',*,*,#13603,.F.);
#13603 = EDGE_CURVE('',#13604,#13595,#13606,.T.);
#13604 = VERTEX_POINT('',#13605);
#13605 = CARTESIAN_POINT('',(0.356664884033,-1.371771181311,
    0.94903223874));
#13606 = B_SPLINE_CURVE_WITH_KNOTS('',3,(#13607,#13608,#13609,#13610),
  .UNSPECIFIED.,.F.,.F.,(4,4),(10.,11.),.PIECEWISE_BEZIER_KNOTS.);
#13607 = CARTESIAN_POINT('',(0.356664884033,-1.371771181311,
    0.94903223874));
#13608 = CARTESIAN_POINT('',(0.376547207628,-1.371771181311,
    0.94903223874));
#13609 = CARTESIAN_POINT('',(0.392814563298,-1.355503825642,
    0.94903223874));
#13610 = CARTESIAN_POINT('',(0.392814563298,-1.335621502047,
    0.94903223874));
#13611 = ORIENTED_EDGE('',*,*,#13612,.F.);
#13612 = EDGE_CURVE('',#13613,#13604,#13615,.T.);
#13613 = VERTEX_POINT('',#13614);
#13614 = CARTESIAN_POINT('',(0.322322685284,-1.347189402169,
    0.94903223874));
#13615 = B_SPLINE_CURVE_WITH_KNOTS('',3,(#13616,#13617,#13618,#13619),
  .UNSPECIFIED.,.F.,.F.,(4,4),(9.,10.),.PIECEWISE_BEZIER_KNOTS.);
#13616 = CARTESIAN_POINT('',(0.322322685284,-1.347189402169,
    0.94903223874));
#13617 = CARTESIAN_POINT('',(0.327022144278,-1.361649273875,
    0.94903223874));
#13618 = CARTESIAN_POINT('',(0.340759019641,-1.371771181311,
    0.94903223874));
#13619 = CARTESIAN_POINT('',(0.356664884033,-1.371771181311,
    0.94903223874));
#13620 = ORIENTED_EDGE('',*,*,#13621,.F.);
#13621 = EDGE_CURVE('',#13622,#13613,#13624,.T.);
#13622 = VERTEX_POINT('',#13623);
#13623 = CARTESIAN_POINT('',(0.293402941873,-1.329837558881,
    0.94903223874));
#13624 = B_SPLINE_CURVE_WITH_KNOTS('',3,(#13625,#13626,#13627,#13628),
  .UNSPECIFIED.,.F.,.F.,(4,4),(8.,9.),.PIECEWISE_BEZIER_KNOTS.);
#13625 = CARTESIAN_POINT('',(0.293402941873,-1.329837558881,
    0.94903223874));
#13626 = CARTESIAN_POINT('',(0.301355870622,-1.33851348742,0.94903223874
    ));
#13627 = CARTESIAN_POINT('',(0.311116286781,-1.344297430586,
    0.94903223874));
#13628 = CARTESIAN_POINT('',(0.322322685284,-1.347189402169,
    0.94903223874));
#13629 = ORIENTED_EDGE('',*,*,#13630,.F.);
#13630 = EDGE_CURVE('',#13631,#13622,#13633,.T.);
#13631 = VERTEX_POINT('',#13632);
#13632 = CARTESIAN_POINT('',(0.278220077272,-1.290434416756,
    0.94903223874));
#13633 = B_SPLINE_CURVE_WITH_KNOTS('',3,(#13634,#13635,#13636,#13637),
  .UNSPECIFIED.,.F.,.F.,(4,4),(7.,8.),.PIECEWISE_BEZIER_KNOTS.);
#13634 = CARTESIAN_POINT('',(0.278220077272,-1.290434416756,
    0.94903223874));
#13635 = CARTESIAN_POINT('',(0.278220077272,-1.304894288462,
    0.94903223874));
#13636 = CARTESIAN_POINT('',(0.283642529161,-1.318992668891,
    0.94903223874));
#13637 = CARTESIAN_POINT('',(0.293402941873,-1.329837558881,
    0.94903223874));
#13638 = ORIENTED_EDGE('',*,*,#13639,.F.);
#13639 = EDGE_CURVE('',#13640,#13631,#13642,.T.);
#13640 = VERTEX_POINT('',#13641);
#13641 = CARTESIAN_POINT('',(0.295210436179,-1.249223787222,
    0.94903223874));
#13642 = B_SPLINE_CURVE_WITH_KNOTS('',3,(#13643,#13644,#13645,#13646),
  .UNSPECIFIED.,.F.,.F.,(4,4),(6.,7.),.PIECEWISE_BEZIER_KNOTS.);
#13643 = CARTESIAN_POINT('',(0.295210436179,-1.249223787222,
    0.94903223874));
#13644 = CARTESIAN_POINT('',(0.284365522919,-1.260068687553,
    0.94903223874));
#13645 = CARTESIAN_POINT('',(0.278220077272,-1.274890057431,
    0.94903223874));
#13646 = CARTESIAN_POINT('',(0.278220077272,-1.290434416756,
    0.94903223874));
#13647 = ORIENTED_EDGE('',*,*,#13648,.F.);
#13648 = EDGE_CURVE('',#13649,#13640,#13651,.T.);
#13649 = VERTEX_POINT('',#13650);
#13650 = CARTESIAN_POINT('',(0.336782567333,-1.231871940485,
    0.94903223874));
#13651 = B_SPLINE_CURVE_WITH_KNOTS('',3,(#13652,#13653,#13654,#13655),
  .UNSPECIFIED.,.F.,.F.,(4,4),(5.,6.),.PIECEWISE_BEZIER_KNOTS.);
#13652 = CARTESIAN_POINT('',(0.336782567333,-1.231871940485,
    0.94903223874));
#13653 = CARTESIAN_POINT('',(0.32123820456,-1.231871940485,0.94903223874
    ));
#13654 = CARTESIAN_POINT('',(0.30641683813,-1.23801738527,0.94903223874)
  );
#13655 = CARTESIAN_POINT('',(0.295210436179,-1.249223787222,
    0.94903223874));
#13656 = ORIENTED_EDGE('',*,*,#13657,.F.);
#13657 = EDGE_CURVE('',#13658,#13649,#13660,.T.);
#13658 = VERTEX_POINT('',#13659);
#13659 = CARTESIAN_POINT('',(0.345096990806,-1.232594933381,
    0.94903223874));
#13660 = B_SPLINE_CURVE_WITH_KNOTS('',3,(#13661,#13662,#13663,#13664),
  .UNSPECIFIED.,.F.,.F.,(4,4),(4.,5.),.PIECEWISE_BEZIER_KNOTS.);
#13661 = CARTESIAN_POINT('',(0.345096990806,-1.232594933381,
    0.94903223874));
#13662 = CARTESIAN_POINT('',(0.342205019222,-1.232233435209,
    0.94903223874));
#13663 = CARTESIAN_POINT('',(0.339674538916,-1.231871940485,
    0.94903223874));
#13664 = CARTESIAN_POINT('',(0.336782567333,-1.231871940485,
    0.94903223874));
#13665 = ORIENTED_EDGE('',*,*,#13666,.F.);
#13666 = EDGE_CURVE('',#13667,#13658,#13669,.T.);
#13667 = VERTEX_POINT('',#13668);
#13668 = CARTESIAN_POINT('',(0.361002848303,-1.21668907416,0.94903223874
    ));
#13669 = B_SPLINE_CURVE_WITH_KNOTS('',3,(#13670,#13671,#13672,#13673),
  .UNSPECIFIED.,.F.,.F.,(4,4),(3.,4.),.PIECEWISE_BEZIER_KNOTS.);
#13670 = CARTESIAN_POINT('',(0.361002848303,-1.21668907416,0.94903223874
    ));
#13671 = CARTESIAN_POINT('',(0.35485740007,-1.221027036706,0.94903223874
    ));
#13672 = CARTESIAN_POINT('',(0.349796446352,-1.226449488595,
    0.94903223874));
#13673 = CARTESIAN_POINT('',(0.345096990806,-1.232594933381,
    0.94903223874));
#13674 = ORIENTED_EDGE('',*,*,#13675,.F.);
#13675 = EDGE_CURVE('',#13676,#13667,#13678,.T.);
#13676 = VERTEX_POINT('',#13677);
#13677 = CARTESIAN_POINT('',(0.40438246342,-1.202590698902,0.94903223874
    ));
#13678 = B_SPLINE_CURVE_WITH_KNOTS('',3,(#13679,#13680,#13681,#13682),
  .UNSPECIFIED.,.F.,.F.,(4,4),(2.,3.),.PIECEWISE_BEZIER_KNOTS.);
#13679 = CARTESIAN_POINT('',(0.40438246342,-1.202590698902,0.94903223874
    ));
#13680 = CARTESIAN_POINT('',(0.388476605923,-1.202590698902,
    0.94903223874));
#13681 = CARTESIAN_POINT('',(0.373655236045,-1.207651653913,
    0.94903223874));
#13682 = CARTESIAN_POINT('',(0.361002848303,-1.21668907416,0.94903223874
    ));
#13683 = ORIENTED_EDGE('',*,*,#13684,.F.);
#13684 = EDGE_CURVE('',#13685,#13676,#13687,.T.);
#13685 = VERTEX_POINT('',#13686);
#13686 = CARTESIAN_POINT('',(0.453546021704,-1.221388533154,
    0.94903223874));
#13687 = B_SPLINE_CURVE_WITH_KNOTS('',3,(#13688,#13689,#13690,#13691),
  .UNSPECIFIED.,.F.,.F.,(4,4),(1.,2.),.PIECEWISE_BEZIER_KNOTS.);
#13688 = CARTESIAN_POINT('',(0.453546021704,-1.221388533154,
    0.94903223874));
#13689 = CARTESIAN_POINT('',(0.439809146341,-1.209459137876,
    0.94903223874));
#13690 = CARTESIAN_POINT('',(0.422457303052,-1.202590698902,
    0.94903223874));
#13691 = CARTESIAN_POINT('',(0.40438246342,-1.202590698902,0.94903223874
    ));
#13692 = ORIENTED_EDGE('',*,*,#13693,.F.);
#13693 = EDGE_CURVE('',#13411,#13685,#13694,.T.);
#13694 = B_SPLINE_CURVE_WITH_KNOTS('',3,(#13695,#13696,#13697,#13698),
  .UNSPECIFIED.,.F.,.F.,(4,4),(0.,1.),.PIECEWISE_BEZIER_KNOTS.);
#13695 = CARTESIAN_POINT('',(0.473066854022,-1.249946780117,
    0.94903223874));
#13696 = CARTESIAN_POINT('',(0.469090394819,-1.239101876338,
    0.94903223874));
#13697 = CARTESIAN_POINT('',(0.462221950243,-1.229341463626,
    0.94903223874));
#13698 = CARTESIAN_POINT('',(0.453546021704,-1.221388533154,
    0.94903223874));
#13699 = FACE_BOUND('',#13700,.T.);
#13700 = EDGE_LOOP('',(#13701,#13714));
#13701 = ORIENTED_EDGE('',*,*,#13702,.T.);
#13702 = EDGE_CURVE('',#13703,#13705,#13707,.T.);
#13703 = VERTEX_POINT('',#13704);
#13704 = CARTESIAN_POINT('',(0.356303385861,-1.321884640474,
    0.94903223874));
#13705 = VERTEX_POINT('',#13706);
#13706 = CARTESIAN_POINT('',(0.356303385861,-1.350081401333,
    0.94903223874));
#13707 = B_SPLINE_CURVE_WITH_KNOTS('',3,(#13708,#13709,#13710,#13711,
    #13712,#13713),.UNSPECIFIED.,.F.,.F.,(4,2,4),(2.,3.,4.),
  .UNSPECIFIED.);
#13708 = CARTESIAN_POINT('',(0.356303385861,-1.321884640474,
    0.94903223874));
#13709 = CARTESIAN_POINT('',(0.348711951837,-1.321884640474,
    0.94903223874));
#13710 = CARTESIAN_POINT('',(0.342205012327,-1.328030088707,
    0.94903223874));
#13711 = CARTESIAN_POINT('',(0.342205012327,-1.3439359531,0.94903223874)
  );
#13712 = CARTESIAN_POINT('',(0.348711951837,-1.350081401333,
    0.94903223874));
#13713 = CARTESIAN_POINT('',(0.356303385861,-1.350081401333,
    0.94903223874));
#13714 = ORIENTED_EDGE('',*,*,#13715,.T.);
#13715 = EDGE_CURVE('',#13705,#13703,#13716,.T.);
#13716 = B_SPLINE_CURVE_WITH_KNOTS('',3,(#13717,#13718,#13719,#13720,
    #13721,#13722,#13723),.UNSPECIFIED.,.F.,.F.,(4,3,4),(0.,1.,2.),
  .PIECEWISE_BEZIER_KNOTS.);
#13717 = CARTESIAN_POINT('',(0.356303385861,-1.350081401333,
    0.94903223874));
#13718 = CARTESIAN_POINT('',(0.364256311163,-1.350081401333,
    0.94903223874));
#13719 = CARTESIAN_POINT('',(0.370401759395,-1.343574448033,
    0.94903223874));
#13720 = CARTESIAN_POINT('',(0.370401759395,-1.335983020904,
    0.94903223874));
#13721 = CARTESIAN_POINT('',(0.370401759395,-1.328030088707,
    0.94903223874));
#13722 = CARTESIAN_POINT('',(0.363894819886,-1.321884640474,
    0.94903223874));
#13723 = CARTESIAN_POINT('',(0.356303385861,-1.321884640474,
    0.94903223874));
#13724 = PLANE('',#13725);
#13725 = AXIS2_PLACEMENT_3D('',#13726,#13727,#13728);
#13726 = CARTESIAN_POINT('',(0.498552371698,-1.267931243483,
    0.94903223874));
#13727 = DIRECTION('',(0.,0.,-1.));
#13728 = DIRECTION('',(-1.,0.,-0.));
#13729 = ADVANCED_FACE('',(#13730),#13746,.F.);
#13730 = FACE_BOUND('',#13731,.F.);
#13731 = EDGE_LOOP('',(#13732,#13738,#13739,#13745));
#13732 = ORIENTED_EDGE('',*,*,#13733,.F.);
#13733 = EDGE_CURVE('',#13084,#13409,#13734,.T.);
#13734 = LINE('',#13735,#13736);
#13735 = CARTESIAN_POINT('',(0.50885502822,-1.297302847543,0.95003223874
    ));
#13736 = VECTOR('',#13737,1.);
#13737 = DIRECTION('',(-0.,-0.,-1.));
#13738 = ORIENTED_EDGE('',*,*,#13083,.T.);
#13739 = ORIENTED_EDGE('',*,*,#13740,.T.);
#13740 = EDGE_CURVE('',#13086,#13411,#13741,.T.);
#13741 = LINE('',#13742,#13743);
#13742 = CARTESIAN_POINT('',(0.473066854022,-1.249946780117,
    0.95003223874));
#13743 = VECTOR('',#13744,1.);
#13744 = DIRECTION('',(-0.,-0.,-1.));
#13745 = ORIENTED_EDGE('',*,*,#13408,.F.);
#13746 = B_SPLINE_SURFACE_WITH_KNOTS('',3,1,(
    (#13747,#13748)
    ,(#13749,#13750)
    ,(#13751,#13752)
    ,(#13753,#13754
    )),.UNSPECIFIED.,.F.,.F.,.F.,(4,4),(2,2),(35.,36.),(0.,1.),
  .PIECEWISE_BEZIER_KNOTS.);
#13747 = CARTESIAN_POINT('',(0.50885502822,-1.297302847543,0.95003223874
    ));
#13748 = CARTESIAN_POINT('',(0.50885502822,-1.297302847543,0.94903223874
    ));
#13749 = CARTESIAN_POINT('',(0.508493536943,-1.275613053774,
    0.95003223874));
#13750 = CARTESIAN_POINT('',(0.508493536943,-1.275613053774,
    0.94903223874));
#13751 = CARTESIAN_POINT('',(0.493672160171,-1.256453719627,
    0.95003223874));
#13752 = CARTESIAN_POINT('',(0.493672160171,-1.256453719627,
    0.94903223874));
#13753 = CARTESIAN_POINT('',(0.473066854022,-1.249946780117,
    0.95003223874));
#13754 = CARTESIAN_POINT('',(0.473066854022,-1.249946780117,
    0.94903223874));
#13755 = ADVANCED_FACE('',(#13756),#13767,.F.);
#13756 = FACE_BOUND('',#13757,.F.);
#13757 = EDGE_LOOP('',(#13758,#13759,#13760,#13766));
#13758 = ORIENTED_EDGE('',*,*,#13740,.F.);
#13759 = ORIENTED_EDGE('',*,*,#13094,.T.);
#13760 = ORIENTED_EDGE('',*,*,#13761,.T.);
#13761 = EDGE_CURVE('',#13095,#13685,#13762,.T.);
#13762 = LINE('',#13763,#13764);
#13763 = CARTESIAN_POINT('',(0.453546021704,-1.221388533154,
    0.95003223874));
#13764 = VECTOR('',#13765,1.);
#13765 = DIRECTION('',(-0.,-0.,-1.));
#13766 = ORIENTED_EDGE('',*,*,#13693,.F.);
#13767 = B_SPLINE_SURFACE_WITH_KNOTS('',3,1,(
    (#13768,#13769)
    ,(#13770,#13771)
    ,(#13772,#13773)
    ,(#13774,#13775
    )),.UNSPECIFIED.,.F.,.F.,.F.,(4,4),(2,2),(0.,1.),(0.,1.),
  .PIECEWISE_BEZIER_KNOTS.);
#13768 = CARTESIAN_POINT('',(0.473066854022,-1.249946780117,
    0.95003223874));
#13769 = CARTESIAN_POINT('',(0.473066854022,-1.249946780117,
    0.94903223874));
#13770 = CARTESIAN_POINT('',(0.469090394819,-1.239101876338,
    0.95003223874));
#13771 = CARTESIAN_POINT('',(0.469090394819,-1.239101876338,
    0.94903223874));
#13772 = CARTESIAN_POINT('',(0.462221950243,-1.229341463626,
    0.95003223874));
#13773 = CARTESIAN_POINT('',(0.462221950243,-1.229341463626,
    0.94903223874));
#13774 = CARTESIAN_POINT('',(0.453546021704,-1.221388533154,
    0.95003223874));
#13775 = CARTESIAN_POINT('',(0.453546021704,-1.221388533154,
    0.94903223874));
#13776 = ADVANCED_FACE('',(#13777),#13788,.F.);
#13777 = FACE_BOUND('',#13778,.F.);
#13778 = EDGE_LOOP('',(#13779,#13780,#13781,#13787));
#13779 = ORIENTED_EDGE('',*,*,#13761,.F.);
#13780 = ORIENTED_EDGE('',*,*,#13103,.T.);
#13781 = ORIENTED_EDGE('',*,*,#13782,.T.);
#13782 = EDGE_CURVE('',#13104,#13676,#13783,.T.);
#13783 = LINE('',#13784,#13785);
#13784 = CARTESIAN_POINT('',(0.40438246342,-1.202590698902,0.95003223874
    ));
#13785 = VECTOR('',#13786,1.);
#13786 = DIRECTION('',(-0.,-0.,-1.));
#13787 = ORIENTED_EDGE('',*,*,#13684,.F.);
#13788 = B_SPLINE_SURFACE_WITH_KNOTS('',3,1,(
    (#13789,#13790)
    ,(#13791,#13792)
    ,(#13793,#13794)
    ,(#13795,#13796
    )),.UNSPECIFIED.,.F.,.F.,.F.,(4,4),(2,2),(1.,2.),(0.,1.),
  .PIECEWISE_BEZIER_KNOTS.);
#13789 = CARTESIAN_POINT('',(0.453546021704,-1.221388533154,
    0.95003223874));
#13790 = CARTESIAN_POINT('',(0.453546021704,-1.221388533154,
    0.94903223874));
#13791 = CARTESIAN_POINT('',(0.439809146341,-1.209459137876,
    0.95003223874));
#13792 = CARTESIAN_POINT('',(0.439809146341,-1.209459137876,
    0.94903223874));
#13793 = CARTESIAN_POINT('',(0.422457303052,-1.202590698902,
    0.95003223874));
#13794 = CARTESIAN_POINT('',(0.422457303052,-1.202590698902,
    0.94903223874));
#13795 = CARTESIAN_POINT('',(0.40438246342,-1.202590698902,0.95003223874
    ));
#13796 = CARTESIAN_POINT('',(0.40438246342,-1.202590698902,0.94903223874
    ));
#13797 = ADVANCED_FACE('',(#13798),#13809,.F.);
#13798 = FACE_BOUND('',#13799,.F.);
#13799 = EDGE_LOOP('',(#13800,#13801,#13802,#13808));
#13800 = ORIENTED_EDGE('',*,*,#13782,.F.);
#13801 = ORIENTED_EDGE('',*,*,#13112,.T.);
#13802 = ORIENTED_EDGE('',*,*,#13803,.T.);
#13803 = EDGE_CURVE('',#13113,#13667,#13804,.T.);
#13804 = LINE('',#13805,#13806);
#13805 = CARTESIAN_POINT('',(0.361002848303,-1.21668907416,0.95003223874
    ));
#13806 = VECTOR('',#13807,1.);
#13807 = DIRECTION('',(-0.,-0.,-1.));
#13808 = ORIENTED_EDGE('',*,*,#13675,.F.);
#13809 = B_SPLINE_SURFACE_WITH_KNOTS('',3,1,(
    (#13810,#13811)
    ,(#13812,#13813)
    ,(#13814,#13815)
    ,(#13816,#13817
    )),.UNSPECIFIED.,.F.,.F.,.F.,(4,4),(2,2),(2.,3.),(0.,1.),
  .PIECEWISE_BEZIER_KNOTS.);
#13810 = CARTESIAN_POINT('',(0.40438246342,-1.202590698902,0.95003223874
    ));
#13811 = CARTESIAN_POINT('',(0.40438246342,-1.202590698902,0.94903223874
    ));
#13812 = CARTESIAN_POINT('',(0.388476605923,-1.202590698902,
    0.95003223874));
#13813 = CARTESIAN_POINT('',(0.388476605923,-1.202590698902,
    0.94903223874));
#13814 = CARTESIAN_POINT('',(0.373655236045,-1.207651653913,
    0.95003223874));
#13815 = CARTESIAN_POINT('',(0.373655236045,-1.207651653913,
    0.94903223874));
#13816 = CARTESIAN_POINT('',(0.361002848303,-1.21668907416,0.95003223874
    ));
#13817 = CARTESIAN_POINT('',(0.361002848303,-1.21668907416,0.94903223874
    ));
#13818 = ADVANCED_FACE('',(#13819),#13830,.F.);
#13819 = FACE_BOUND('',#13820,.F.);
#13820 = EDGE_LOOP('',(#13821,#13822,#13823,#13829));
#13821 = ORIENTED_EDGE('',*,*,#13803,.F.);
#13822 = ORIENTED_EDGE('',*,*,#13121,.T.);
#13823 = ORIENTED_EDGE('',*,*,#13824,.T.);
#13824 = EDGE_CURVE('',#13122,#13658,#13825,.T.);
#13825 = LINE('',#13826,#13827);
#13826 = CARTESIAN_POINT('',(0.345096990806,-1.232594933381,
    0.95003223874));
#13827 = VECTOR('',#13828,1.);
#13828 = DIRECTION('',(-0.,-0.,-1.));
#13829 = ORIENTED_EDGE('',*,*,#13666,.F.);
#13830 = B_SPLINE_SURFACE_WITH_KNOTS('',3,1,(
    (#13831,#13832)
    ,(#13833,#13834)
    ,(#13835,#13836)
    ,(#13837,#13838
    )),.UNSPECIFIED.,.F.,.F.,.F.,(4,4),(2,2),(3.,4.),(0.,1.),
  .PIECEWISE_BEZIER_KNOTS.);
#13831 = CARTESIAN_POINT('',(0.361002848303,-1.21668907416,0.95003223874
    ));
#13832 = CARTESIAN_POINT('',(0.361002848303,-1.21668907416,0.94903223874
    ));
#13833 = CARTESIAN_POINT('',(0.35485740007,-1.221027036706,0.95003223874
    ));
#13834 = CARTESIAN_POINT('',(0.35485740007,-1.221027036706,0.94903223874
    ));
#13835 = CARTESIAN_POINT('',(0.349796446352,-1.226449488595,
    0.95003223874));
#13836 = CARTESIAN_POINT('',(0.349796446352,-1.226449488595,
    0.94903223874));
#13837 = CARTESIAN_POINT('',(0.345096990806,-1.232594933381,
    0.95003223874));
#13838 = CARTESIAN_POINT('',(0.345096990806,-1.232594933381,
    0.94903223874));
#13839 = ADVANCED_FACE('',(#13840),#13851,.F.);
#13840 = FACE_BOUND('',#13841,.F.);
#13841 = EDGE_LOOP('',(#13842,#13843,#13844,#13850));
#13842 = ORIENTED_EDGE('',*,*,#13824,.F.);
#13843 = ORIENTED_EDGE('',*,*,#13130,.T.);
#13844 = ORIENTED_EDGE('',*,*,#13845,.T.);
#13845 = EDGE_CURVE('',#13131,#13649,#13846,.T.);
#13846 = LINE('',#13847,#13848);
#13847 = CARTESIAN_POINT('',(0.336782567333,-1.231871940485,
    0.95003223874));
#13848 = VECTOR('',#13849,1.);
#13849 = DIRECTION('',(-0.,-0.,-1.));
#13850 = ORIENTED_EDGE('',*,*,#13657,.F.);
#13851 = B_SPLINE_SURFACE_WITH_KNOTS('',3,1,(
    (#13852,#13853)
    ,(#13854,#13855)
    ,(#13856,#13857)
    ,(#13858,#13859
    )),.UNSPECIFIED.,.F.,.F.,.F.,(4,4),(2,2),(4.,5.),(0.,1.),
  .PIECEWISE_BEZIER_KNOTS.);
#13852 = CARTESIAN_POINT('',(0.345096990806,-1.232594933381,
    0.95003223874));
#13853 = CARTESIAN_POINT('',(0.345096990806,-1.232594933381,
    0.94903223874));
#13854 = CARTESIAN_POINT('',(0.342205019222,-1.232233435209,
    0.95003223874));
#13855 = CARTESIAN_POINT('',(0.342205019222,-1.232233435209,
    0.94903223874));
#13856 = CARTESIAN_POINT('',(0.339674538916,-1.231871940485,
    0.95003223874));
#13857 = CARTESIAN_POINT('',(0.339674538916,-1.231871940485,
    0.94903223874));
#13858 = CARTESIAN_POINT('',(0.336782567333,-1.231871940485,
    0.95003223874));
#13859 = CARTESIAN_POINT('',(0.336782567333,-1.231871940485,
    0.94903223874));
#13860 = ADVANCED_FACE('',(#13861),#13872,.F.);
#13861 = FACE_BOUND('',#13862,.F.);
#13862 = EDGE_LOOP('',(#13863,#13864,#13865,#13871));
#13863 = ORIENTED_EDGE('',*,*,#13845,.F.);
#13864 = ORIENTED_EDGE('',*,*,#13139,.T.);
#13865 = ORIENTED_EDGE('',*,*,#13866,.T.);
#13866 = EDGE_CURVE('',#13140,#13640,#13867,.T.);
#13867 = LINE('',#13868,#13869);
#13868 = CARTESIAN_POINT('',(0.295210436179,-1.249223787222,
    0.95003223874));
#13869 = VECTOR('',#13870,1.);
#13870 = DIRECTION('',(-0.,-0.,-1.));
#13871 = ORIENTED_EDGE('',*,*,#13648,.F.);
#13872 = B_SPLINE_SURFACE_WITH_KNOTS('',3,1,(
    (#13873,#13874)
    ,(#13875,#13876)
    ,(#13877,#13878)
    ,(#13879,#13880
    )),.UNSPECIFIED.,.F.,.F.,.F.,(4,4),(2,2),(5.,6.),(0.,1.),
  .PIECEWISE_BEZIER_KNOTS.);
#13873 = CARTESIAN_POINT('',(0.336782567333,-1.231871940485,
    0.95003223874));
#13874 = CARTESIAN_POINT('',(0.336782567333,-1.231871940485,
    0.94903223874));
#13875 = CARTESIAN_POINT('',(0.32123820456,-1.231871940485,0.95003223874
    ));
#13876 = CARTESIAN_POINT('',(0.32123820456,-1.231871940485,0.94903223874
    ));
#13877 = CARTESIAN_POINT('',(0.30641683813,-1.23801738527,0.95003223874)
  );
#13878 = CARTESIAN_POINT('',(0.30641683813,-1.23801738527,0.94903223874)
  );
#13879 = CARTESIAN_POINT('',(0.295210436179,-1.249223787222,
    0.95003223874));
#13880 = CARTESIAN_POINT('',(0.295210436179,-1.249223787222,
    0.94903223874));
#13881 = ADVANCED_FACE('',(#13882),#13893,.F.);
#13882 = FACE_BOUND('',#13883,.F.);
#13883 = EDGE_LOOP('',(#13884,#13885,#13886,#13892));
#13884 = ORIENTED_EDGE('',*,*,#13866,.F.);
#13885 = ORIENTED_EDGE('',*,*,#13148,.T.);
#13886 = ORIENTED_EDGE('',*,*,#13887,.T.);
#13887 = EDGE_CURVE('',#13149,#13631,#13888,.T.);
#13888 = LINE('',#13889,#13890);
#13889 = CARTESIAN_POINT('',(0.278220077272,-1.290434416756,
    0.95003223874));
#13890 = VECTOR('',#13891,1.);
#13891 = DIRECTION('',(-0.,-0.,-1.));
#13892 = ORIENTED_EDGE('',*,*,#13639,.F.);
#13893 = B_SPLINE_SURFACE_WITH_KNOTS('',3,1,(
    (#13894,#13895)
    ,(#13896,#13897)
    ,(#13898,#13899)
    ,(#13900,#13901
    )),.UNSPECIFIED.,.F.,.F.,.F.,(4,4),(2,2),(6.,7.),(0.,1.),
  .PIECEWISE_BEZIER_KNOTS.);
#13894 = CARTESIAN_POINT('',(0.295210436179,-1.249223787222,
    0.95003223874));
#13895 = CARTESIAN_POINT('',(0.295210436179,-1.249223787222,
    0.94903223874));
#13896 = CARTESIAN_POINT('',(0.284365522919,-1.260068687553,
    0.95003223874));
#13897 = CARTESIAN_POINT('',(0.284365522919,-1.260068687553,
    0.94903223874));
#13898 = CARTESIAN_POINT('',(0.278220077272,-1.274890057431,
    0.95003223874));
#13899 = CARTESIAN_POINT('',(0.278220077272,-1.274890057431,
    0.94903223874));
#13900 = CARTESIAN_POINT('',(0.278220077272,-1.290434416756,
    0.95003223874));
#13901 = CARTESIAN_POINT('',(0.278220077272,-1.290434416756,
    0.94903223874));
#13902 = ADVANCED_FACE('',(#13903),#13914,.F.);
#13903 = FACE_BOUND('',#13904,.F.);
#13904 = EDGE_LOOP('',(#13905,#13906,#13907,#13913));
#13905 = ORIENTED_EDGE('',*,*,#13887,.F.);
#13906 = ORIENTED_EDGE('',*,*,#13157,.T.);
#13907 = ORIENTED_EDGE('',*,*,#13908,.T.);
#13908 = EDGE_CURVE('',#13158,#13622,#13909,.T.);
#13909 = LINE('',#13910,#13911);
#13910 = CARTESIAN_POINT('',(0.293402941873,-1.329837558881,
    0.95003223874));
#13911 = VECTOR('',#13912,1.);
#13912 = DIRECTION('',(-0.,-0.,-1.));
#13913 = ORIENTED_EDGE('',*,*,#13630,.F.);
#13914 = B_SPLINE_SURFACE_WITH_KNOTS('',3,1,(
    (#13915,#13916)
    ,(#13917,#13918)
    ,(#13919,#13920)
    ,(#13921,#13922
    )),.UNSPECIFIED.,.F.,.F.,.F.,(4,4),(2,2),(7.,8.),(0.,1.),
  .PIECEWISE_BEZIER_KNOTS.);
#13915 = CARTESIAN_POINT('',(0.278220077272,-1.290434416756,
    0.95003223874));
#13916 = CARTESIAN_POINT('',(0.278220077272,-1.290434416756,
    0.94903223874));
#13917 = CARTESIAN_POINT('',(0.278220077272,-1.304894288462,
    0.95003223874));
#13918 = CARTESIAN_POINT('',(0.278220077272,-1.304894288462,
    0.94903223874));
#13919 = CARTESIAN_POINT('',(0.283642529161,-1.318992668891,
    0.95003223874));
#13920 = CARTESIAN_POINT('',(0.283642529161,-1.318992668891,
    0.94903223874));
#13921 = CARTESIAN_POINT('',(0.293402941873,-1.329837558881,
    0.95003223874));
#13922 = CARTESIAN_POINT('',(0.293402941873,-1.329837558881,
    0.94903223874));
#13923 = ADVANCED_FACE('',(#13924),#13935,.F.);
#13924 = FACE_BOUND('',#13925,.F.);
#13925 = EDGE_LOOP('',(#13926,#13927,#13928,#13934));
#13926 = ORIENTED_EDGE('',*,*,#13908,.F.);
#13927 = ORIENTED_EDGE('',*,*,#13166,.T.);
#13928 = ORIENTED_EDGE('',*,*,#13929,.T.);
#13929 = EDGE_CURVE('',#13167,#13613,#13930,.T.);
#13930 = LINE('',#13931,#13932);
#13931 = CARTESIAN_POINT('',(0.322322685284,-1.347189402169,
    0.95003223874));
#13932 = VECTOR('',#13933,1.);
#13933 = DIRECTION('',(-0.,-0.,-1.));
#13934 = ORIENTED_EDGE('',*,*,#13621,.F.);
#13935 = B_SPLINE_SURFACE_WITH_KNOTS('',3,1,(
    (#13936,#13937)
    ,(#13938,#13939)
    ,(#13940,#13941)
    ,(#13942,#13943
    )),.UNSPECIFIED.,.F.,.F.,.F.,(4,4),(2,2),(8.,9.),(0.,1.),
  .PIECEWISE_BEZIER_KNOTS.);
#13936 = CARTESIAN_POINT('',(0.293402941873,-1.329837558881,
    0.95003223874));
#13937 = CARTESIAN_POINT('',(0.293402941873,-1.329837558881,
    0.94903223874));
#13938 = CARTESIAN_POINT('',(0.301355870622,-1.33851348742,0.95003223874
    ));
#13939 = CARTESIAN_POINT('',(0.301355870622,-1.33851348742,0.94903223874
    ));
#13940 = CARTESIAN_POINT('',(0.311116286781,-1.344297430586,
    0.95003223874));
#13941 = CARTESIAN_POINT('',(0.311116286781,-1.344297430586,
    0.94903223874));
#13942 = CARTESIAN_POINT('',(0.322322685284,-1.347189402169,
    0.95003223874));
#13943 = CARTESIAN_POINT('',(0.322322685284,-1.347189402169,
    0.94903223874));
#13944 = ADVANCED_FACE('',(#13945),#13956,.F.);
#13945 = FACE_BOUND('',#13946,.F.);
#13946 = EDGE_LOOP('',(#13947,#13948,#13949,#13955));
#13947 = ORIENTED_EDGE('',*,*,#13929,.F.);
#13948 = ORIENTED_EDGE('',*,*,#13175,.T.);
#13949 = ORIENTED_EDGE('',*,*,#13950,.T.);
#13950 = EDGE_CURVE('',#13176,#13604,#13951,.T.);
#13951 = LINE('',#13952,#13953);
#13952 = CARTESIAN_POINT('',(0.356664884033,-1.371771181311,
    0.95003223874));
#13953 = VECTOR('',#13954,1.);
#13954 = DIRECTION('',(-0.,-0.,-1.));
#13955 = ORIENTED_EDGE('',*,*,#13612,.F.);
#13956 = B_SPLINE_SURFACE_WITH_KNOTS('',3,1,(
    (#13957,#13958)
    ,(#13959,#13960)
    ,(#13961,#13962)
    ,(#13963,#13964
    )),.UNSPECIFIED.,.F.,.F.,.F.,(4,4),(2,2),(9.,10.),(0.,1.),
  .PIECEWISE_BEZIER_KNOTS.);
#13957 = CARTESIAN_POINT('',(0.322322685284,-1.347189402169,
    0.95003223874));
#13958 = CARTESIAN_POINT('',(0.322322685284,-1.347189402169,
    0.94903223874));
#13959 = CARTESIAN_POINT('',(0.327022144278,-1.361649273875,
    0.95003223874));
#13960 = CARTESIAN_POINT('',(0.327022144278,-1.361649273875,
    0.94903223874));
#13961 = CARTESIAN_POINT('',(0.340759019641,-1.371771181311,
    0.95003223874));
#13962 = CARTESIAN_POINT('',(0.340759019641,-1.371771181311,
    0.94903223874));
#13963 = CARTESIAN_POINT('',(0.356664884033,-1.371771181311,
    0.95003223874));
#13964 = CARTESIAN_POINT('',(0.356664884033,-1.371771181311,
    0.94903223874));
#13965 = ADVANCED_FACE('',(#13966),#13977,.F.);
#13966 = FACE_BOUND('',#13967,.F.);
#13967 = EDGE_LOOP('',(#13968,#13969,#13970,#13976));
#13968 = ORIENTED_EDGE('',*,*,#13950,.F.);
#13969 = ORIENTED_EDGE('',*,*,#13184,.T.);
#13970 = ORIENTED_EDGE('',*,*,#13971,.T.);
#13971 = EDGE_CURVE('',#13185,#13595,#13972,.T.);
#13972 = LINE('',#13973,#13974);
#13973 = CARTESIAN_POINT('',(0.392814563298,-1.335621502047,
    0.95003223874));
#13974 = VECTOR('',#13975,1.);
#13975 = DIRECTION('',(-0.,-0.,-1.));
#13976 = ORIENTED_EDGE('',*,*,#13603,.F.);
#13977 = B_SPLINE_SURFACE_WITH_KNOTS('',3,1,(
    (#13978,#13979)
    ,(#13980,#13981)
    ,(#13982,#13983)
    ,(#13984,#13985
    )),.UNSPECIFIED.,.F.,.F.,.F.,(4,4),(2,2),(10.,11.),(0.,1.),
  .PIECEWISE_BEZIER_KNOTS.);
#13978 = CARTESIAN_POINT('',(0.356664884033,-1.371771181311,
    0.95003223874));
#13979 = CARTESIAN_POINT('',(0.356664884033,-1.371771181311,
    0.94903223874));
#13980 = CARTESIAN_POINT('',(0.376547207628,-1.371771181311,
    0.95003223874));
#13981 = CARTESIAN_POINT('',(0.376547207628,-1.371771181311,
    0.94903223874));
#13982 = CARTESIAN_POINT('',(0.392814563298,-1.355503825642,
    0.95003223874));
#13983 = CARTESIAN_POINT('',(0.392814563298,-1.355503825642,
    0.94903223874));
#13984 = CARTESIAN_POINT('',(0.392814563298,-1.335621502047,
    0.95003223874));
#13985 = CARTESIAN_POINT('',(0.392814563298,-1.335621502047,
    0.94903223874));
#13986 = ADVANCED_FACE('',(#13987),#13998,.F.);
#13987 = FACE_BOUND('',#13988,.T.);
#13988 = EDGE_LOOP('',(#13989,#13990,#13996,#13997));
#13989 = ORIENTED_EDGE('',*,*,#13594,.T.);
#13990 = ORIENTED_EDGE('',*,*,#13991,.F.);
#13991 = EDGE_CURVE('',#13194,#13587,#13992,.T.);
#13992 = LINE('',#13993,#13994);
#13993 = CARTESIAN_POINT('',(0.392814563298,-1.33200653412,0.95003223874
    ));
#13994 = VECTOR('',#13995,1.);
#13995 = DIRECTION('',(-0.,-0.,-1.));
#13996 = ORIENTED_EDGE('',*,*,#13193,.F.);
#13997 = ORIENTED_EDGE('',*,*,#13971,.T.);
#13998 = PLANE('',#13999);
#13999 = AXIS2_PLACEMENT_3D('',#14000,#14001,#14002);
#14000 = CARTESIAN_POINT('',(0.392814563298,-1.335621502047,
    0.95003223874));
#14001 = DIRECTION('',(-1.,0.,0.));
#14002 = DIRECTION('',(0.,0.,1.));
#14003 = ADVANCED_FACE('',(#14004),#14015,.F.);
#14004 = FACE_BOUND('',#14005,.T.);
#14005 = EDGE_LOOP('',(#14006,#14007,#14013,#14014));
#14006 = ORIENTED_EDGE('',*,*,#13586,.T.);
#14007 = ORIENTED_EDGE('',*,*,#14008,.F.);
#14008 = EDGE_CURVE('',#13203,#13579,#14009,.T.);
#14009 = LINE('',#14010,#14011);
#14010 = CARTESIAN_POINT('',(0.443424114268,-1.305255772844,
    0.95003223874));
#14011 = VECTOR('',#14012,1.);
#14012 = DIRECTION('',(-0.,-0.,-1.));
#14013 = ORIENTED_EDGE('',*,*,#13202,.F.);
#14014 = ORIENTED_EDGE('',*,*,#13991,.T.);
#14015 = PLANE('',#14016);
#14016 = AXIS2_PLACEMENT_3D('',#14017,#14018,#14019);
#14017 = CARTESIAN_POINT('',(0.392814563298,-1.33200653412,0.95003223874
    ));
#14018 = DIRECTION('',(-0.467307306755,0.884094950248,0.));
#14019 = DIRECTION('',(-0.884094950248,-0.467307306755,0.));
#14020 = ADVANCED_FACE('',(#14021),#14032,.F.);
#14021 = FACE_BOUND('',#14022,.T.);
#14022 = EDGE_LOOP('',(#14023,#14024,#14030,#14031));
#14023 = ORIENTED_EDGE('',*,*,#13578,.T.);
#14024 = ORIENTED_EDGE('',*,*,#14025,.F.);
#14025 = EDGE_CURVE('',#13211,#13571,#14026,.T.);
#14026 = LINE('',#14027,#14028);
#14027 = CARTESIAN_POINT('',(0.432217719212,-1.286096438697,
    0.95003223874));
#14028 = VECTOR('',#14029,1.);
#14029 = DIRECTION('',(-0.,-0.,-1.));
#14030 = ORIENTED_EDGE('',*,*,#13210,.F.);
#14031 = ORIENTED_EDGE('',*,*,#14008,.T.);
#14032 = PLANE('',#14033);
#14033 = AXIS2_PLACEMENT_3D('',#14034,#14035,#14036);
#14034 = CARTESIAN_POINT('',(0.443424114268,-1.305255772844,
    0.95003223874));
#14035 = DIRECTION('',(-0.863187758941,-0.50488304865,0.));
#14036 = DIRECTION('',(0.50488304865,-0.863187758941,0.));
#14037 = ADVANCED_FACE('',(#14038),#14049,.F.);
#14038 = FACE_BOUND('',#14039,.T.);
#14039 = EDGE_LOOP('',(#14040,#14041,#14047,#14048));
#14040 = ORIENTED_EDGE('',*,*,#13570,.T.);
#14041 = ORIENTED_EDGE('',*,*,#14042,.F.);
#14042 = EDGE_CURVE('',#13219,#13562,#14043,.T.);
#14043 = LINE('',#14044,#14045);
#14044 = CARTESIAN_POINT('',(0.383777150376,-1.311401214182,
    0.95003223874));
#14045 = VECTOR('',#14046,1.);
#14046 = DIRECTION('',(-0.,-0.,-1.));
#14047 = ORIENTED_EDGE('',*,*,#13218,.F.);
#14048 = ORIENTED_EDGE('',*,*,#14025,.T.);
#14049 = PLANE('',#14050);
#14050 = AXIS2_PLACEMENT_3D('',#14051,#14052,#14053);
#14051 = CARTESIAN_POINT('',(0.432217719212,-1.286096438697,
    0.95003223874));
#14052 = DIRECTION('',(0.463018065387,-0.886348842796,0.));
#14053 = DIRECTION('',(0.886348842796,0.463018065387,0.));
#14054 = ADVANCED_FACE('',(#14055),#14066,.F.);
#14055 = FACE_BOUND('',#14056,.F.);
#14056 = EDGE_LOOP('',(#14057,#14058,#14059,#14065));
#14057 = ORIENTED_EDGE('',*,*,#14042,.F.);
#14058 = ORIENTED_EDGE('',*,*,#13226,.T.);
#14059 = ORIENTED_EDGE('',*,*,#14060,.T.);
#14060 = EDGE_CURVE('',#13227,#13553,#14061,.T.);
#14061 = LINE('',#14062,#14063);
#14062 = CARTESIAN_POINT('',(0.356664890928,-1.299110324611,
    0.95003223874));
#14063 = VECTOR('',#14064,1.);
#14064 = DIRECTION('',(-0.,-0.,-1.));
#14065 = ORIENTED_EDGE('',*,*,#13561,.F.);
#14066 = B_SPLINE_SURFACE_WITH_KNOTS('',3,1,(
    (#14067,#14068)
    ,(#14069,#14070)
    ,(#14071,#14072)
    ,(#14073,#14074
    )),.UNSPECIFIED.,.F.,.F.,.F.,(4,4),(2,2),(15.,16.),(0.,1.),
  .PIECEWISE_BEZIER_KNOTS.);
#14067 = CARTESIAN_POINT('',(0.383777150376,-1.311401214182,
    0.95003223874));
#14068 = CARTESIAN_POINT('',(0.383777150376,-1.311401214182,
    0.94903223874));
#14069 = CARTESIAN_POINT('',(0.377270210867,-1.303809780157,
    0.95003223874));
#14070 = CARTESIAN_POINT('',(0.377270210867,-1.303809780157,
    0.94903223874));
#14071 = CARTESIAN_POINT('',(0.367509794707,-1.299110324611,
    0.95003223874));
#14072 = CARTESIAN_POINT('',(0.367509794707,-1.299110324611,
    0.94903223874));
#14073 = CARTESIAN_POINT('',(0.356664890928,-1.299110324611,
    0.95003223874));
#14074 = CARTESIAN_POINT('',(0.356664890928,-1.299110324611,
    0.94903223874));
#14075 = ADVANCED_FACE('',(#14076),#14087,.F.);
#14076 = FACE_BOUND('',#14077,.F.);
#14077 = EDGE_LOOP('',(#14078,#14079,#14080,#14086));
#14078 = ORIENTED_EDGE('',*,*,#14060,.F.);
#14079 = ORIENTED_EDGE('',*,*,#13235,.T.);
#14080 = ORIENTED_EDGE('',*,*,#14081,.T.);
#14081 = EDGE_CURVE('',#13236,#13544,#14082,.T.);
#14082 = LINE('',#14083,#14084);
#14083 = CARTESIAN_POINT('',(0.322684193799,-1.322969114304,
    0.95003223874));
#14084 = VECTOR('',#14085,1.);
#14085 = DIRECTION('',(-0.,-0.,-1.));
#14086 = ORIENTED_EDGE('',*,*,#13552,.F.);
#14087 = B_SPLINE_SURFACE_WITH_KNOTS('',3,1,(
    (#14088,#14089)
    ,(#14090,#14091)
    ,(#14092,#14093)
    ,(#14094,#14095
    )),.UNSPECIFIED.,.F.,.F.,.F.,(4,4),(2,2),(16.,17.),(0.,1.),
  .PIECEWISE_BEZIER_KNOTS.);
#14088 = CARTESIAN_POINT('',(0.356664890928,-1.299110324611,
    0.95003223874));
#14089 = CARTESIAN_POINT('',(0.356664890928,-1.299110324611,
    0.94903223874));
#14090 = CARTESIAN_POINT('',(0.341120524707,-1.299110324611,
    0.95003223874));
#14091 = CARTESIAN_POINT('',(0.341120524707,-1.299110324611,
    0.94903223874));
#14092 = CARTESIAN_POINT('',(0.327745147517,-1.309232232047,
    0.95003223874));
#14093 = CARTESIAN_POINT('',(0.327745147517,-1.309232232047,
    0.94903223874));
#14094 = CARTESIAN_POINT('',(0.322684193799,-1.322969114304,
    0.95003223874));
#14095 = CARTESIAN_POINT('',(0.322684193799,-1.322969114304,
    0.94903223874));
#14096 = ADVANCED_FACE('',(#14097),#14108,.F.);
#14097 = FACE_BOUND('',#14098,.F.);
#14098 = EDGE_LOOP('',(#14099,#14100,#14101,#14107));
#14099 = ORIENTED_EDGE('',*,*,#14081,.F.);
#14100 = ORIENTED_EDGE('',*,*,#13244,.T.);
#14101 = ORIENTED_EDGE('',*,*,#14102,.T.);
#14102 = EDGE_CURVE('',#13245,#13535,#14103,.T.);
#14103 = LINE('',#14104,#14105);
#14104 = CARTESIAN_POINT('',(0.30099438624,-1.289711406623,0.95003223874
    ));
#14105 = VECTOR('',#14106,1.);
#14106 = DIRECTION('',(-0.,-0.,-1.));
#14107 = ORIENTED_EDGE('',*,*,#13543,.F.);
#14108 = B_SPLINE_SURFACE_WITH_KNOTS('',3,1,(
    (#14109,#14110)
    ,(#14111,#14112)
    ,(#14113,#14114)
    ,(#14115,#14116
    )),.UNSPECIFIED.,.F.,.F.,.F.,(4,4),(2,2),(17.,18.),(0.,1.),
  .PIECEWISE_BEZIER_KNOTS.);
#14109 = CARTESIAN_POINT('',(0.322684193799,-1.322969114304,
    0.95003223874));
#14110 = CARTESIAN_POINT('',(0.322684193799,-1.322969114304,
    0.94903223874));
#14111 = CARTESIAN_POINT('',(0.310031806056,-1.317185164243,
    0.95003223874));
#14112 = CARTESIAN_POINT('',(0.310031806056,-1.317185164243,
    0.94903223874));
#14113 = CARTESIAN_POINT('',(0.30099438624,-1.304532776501,0.95003223874
    ));
#14114 = CARTESIAN_POINT('',(0.30099438624,-1.304532776501,0.94903223874
    ));
#14115 = CARTESIAN_POINT('',(0.30099438624,-1.289711406623,0.95003223874
    ));
#14116 = CARTESIAN_POINT('',(0.30099438624,-1.289711406623,0.94903223874
    ));
#14117 = ADVANCED_FACE('',(#14118),#14129,.F.);
#14118 = FACE_BOUND('',#14119,.F.);
#14119 = EDGE_LOOP('',(#14120,#14121,#14122,#14128));
#14120 = ORIENTED_EDGE('',*,*,#14102,.F.);
#14121 = ORIENTED_EDGE('',*,*,#13253,.T.);
#14122 = ORIENTED_EDGE('',*,*,#14123,.T.);
#14123 = EDGE_CURVE('',#13254,#13526,#14124,.T.);
#14124 = LINE('',#14125,#14126);
#14125 = CARTESIAN_POINT('',(0.337144065504,-1.253561727359,
    0.95003223874));
#14126 = VECTOR('',#14127,1.);
#14127 = DIRECTION('',(-0.,-0.,-1.));
#14128 = ORIENTED_EDGE('',*,*,#13534,.F.);
#14129 = B_SPLINE_SURFACE_WITH_KNOTS('',3,1,(
    (#14130,#14131)
    ,(#14132,#14133)
    ,(#14134,#14135)
    ,(#14136,#14137
    )),.UNSPECIFIED.,.F.,.F.,.F.,(4,4),(2,2),(18.,19.),(0.,1.),
  .PIECEWISE_BEZIER_KNOTS.);
#14130 = CARTESIAN_POINT('',(0.30099438624,-1.289711406623,0.95003223874
    ));
#14131 = CARTESIAN_POINT('',(0.30099438624,-1.289711406623,0.94903223874
    ));
#14132 = CARTESIAN_POINT('',(0.30099438624,-1.269829083028,0.95003223874
    ));
#14133 = CARTESIAN_POINT('',(0.30099438624,-1.269829083028,0.94903223874
    ));
#14134 = CARTESIAN_POINT('',(0.317261741909,-1.253561727359,
    0.95003223874));
#14135 = CARTESIAN_POINT('',(0.317261741909,-1.253561727359,
    0.94903223874));
#14136 = CARTESIAN_POINT('',(0.337144065504,-1.253561727359,
    0.95003223874));
#14137 = CARTESIAN_POINT('',(0.337144065504,-1.253561727359,
    0.94903223874));
#14138 = ADVANCED_FACE('',(#14139),#14150,.F.);
#14139 = FACE_BOUND('',#14140,.F.);
#14140 = EDGE_LOOP('',(#14141,#14142,#14143,#14149));
#14141 = ORIENTED_EDGE('',*,*,#14123,.F.);
#14142 = ORIENTED_EDGE('',*,*,#13262,.T.);
#14143 = ORIENTED_EDGE('',*,*,#14144,.T.);
#14144 = EDGE_CURVE('',#13263,#13517,#14145,.T.);
#14145 = LINE('',#14146,#14147);
#14146 = CARTESIAN_POINT('',(0.356303392756,-1.258984179249,
    0.95003223874));
#14147 = VECTOR('',#14148,1.);
#14148 = DIRECTION('',(-0.,-0.,-1.));
#14149 = ORIENTED_EDGE('',*,*,#13525,.F.);
#14150 = B_SPLINE_SURFACE_WITH_KNOTS('',3,1,(
    (#14151,#14152)
    ,(#14153,#14154)
    ,(#14155,#14156)
    ,(#14157,#14158
    )),.UNSPECIFIED.,.F.,.F.,.F.,(4,4),(2,2),(19.,20.),(0.,1.),
  .PIECEWISE_BEZIER_KNOTS.);
#14151 = CARTESIAN_POINT('',(0.337144065504,-1.253561727359,
    0.95003223874));
#14152 = CARTESIAN_POINT('',(0.337144065504,-1.253561727359,
    0.94903223874));
#14153 = CARTESIAN_POINT('',(0.344012503186,-1.253561727359,
    0.95003223874));
#14154 = CARTESIAN_POINT('',(0.344012503186,-1.253561727359,
    0.94903223874));
#14155 = CARTESIAN_POINT('',(0.350880940867,-1.255730709494,
    0.95003223874));
#14156 = CARTESIAN_POINT('',(0.350880940867,-1.255730709494,
    0.94903223874));
#14157 = CARTESIAN_POINT('',(0.356303392756,-1.258984179249,
    0.95003223874));
#14158 = CARTESIAN_POINT('',(0.356303392756,-1.258984179249,
    0.94903223874));
#14159 = ADVANCED_FACE('',(#14160),#14171,.F.);
#14160 = FACE_BOUND('',#14161,.F.);
#14161 = EDGE_LOOP('',(#14162,#14163,#14164,#14170));
#14162 = ORIENTED_EDGE('',*,*,#14144,.F.);
#14163 = ORIENTED_EDGE('',*,*,#13271,.T.);
#14164 = ORIENTED_EDGE('',*,*,#14165,.T.);
#14165 = EDGE_CURVE('',#13272,#13508,#14166,.T.);
#14166 = LINE('',#14167,#14168);
#14167 = CARTESIAN_POINT('',(0.404743954697,-1.224280506461,
    0.95003223874));
#14168 = VECTOR('',#14169,1.);
#14169 = DIRECTION('',(-0.,-0.,-1.));
#14170 = ORIENTED_EDGE('',*,*,#13516,.F.);
#14171 = B_SPLINE_SURFACE_WITH_KNOTS('',3,1,(
    (#14172,#14173)
    ,(#14174,#14175)
    ,(#14176,#14177)
    ,(#14178,#14179
    )),.UNSPECIFIED.,.F.,.F.,.F.,(4,4),(2,2),(20.,21.),(0.,1.),
  .PIECEWISE_BEZIER_KNOTS.);
#14172 = CARTESIAN_POINT('',(0.356303392756,-1.258984179249,
    0.95003223874));
#14173 = CARTESIAN_POINT('',(0.356303392756,-1.258984179249,
    0.94903223874));
#14174 = CARTESIAN_POINT('',(0.363171823543,-1.238740378166,
    0.95003223874));
#14175 = CARTESIAN_POINT('',(0.363171823543,-1.238740378166,
    0.94903223874));
#14176 = CARTESIAN_POINT('',(0.381969659518,-1.224280506461,
    0.95003223874));
#14177 = CARTESIAN_POINT('',(0.381969659518,-1.224280506461,
    0.94903223874));
#14178 = CARTESIAN_POINT('',(0.404743954697,-1.224280506461,
    0.95003223874));
#14179 = CARTESIAN_POINT('',(0.404743954697,-1.224280506461,
    0.94903223874));
#14180 = ADVANCED_FACE('',(#14181),#14192,.F.);
#14181 = FACE_BOUND('',#14182,.F.);
#14182 = EDGE_LOOP('',(#14183,#14184,#14185,#14191));
#14183 = ORIENTED_EDGE('',*,*,#14165,.F.);
#14184 = ORIENTED_EDGE('',*,*,#13280,.T.);
#14185 = ORIENTED_EDGE('',*,*,#14186,.T.);
#14186 = EDGE_CURVE('',#13281,#13499,#14187,.T.);
#14187 = LINE('',#14188,#14189);
#14188 = CARTESIAN_POINT('',(0.455353505667,-1.269467605541,
    0.95003223874));
#14189 = VECTOR('',#14190,1.);
#14190 = DIRECTION('',(-0.,-0.,-1.));
#14191 = ORIENTED_EDGE('',*,*,#13507,.F.);
#14192 = B_SPLINE_SURFACE_WITH_KNOTS('',3,1,(
    (#14193,#14194)
    ,(#14195,#14196)
    ,(#14197,#14198)
    ,(#14199,#14200
    )),.UNSPECIFIED.,.F.,.F.,.F.,(4,4),(2,2),(21.,22.),(0.,1.),
  .PIECEWISE_BEZIER_KNOTS.);
#14193 = CARTESIAN_POINT('',(0.404743954697,-1.224280506461,
    0.95003223874));
#14194 = CARTESIAN_POINT('',(0.404743954697,-1.224280506461,
    0.94903223874));
#14195 = CARTESIAN_POINT('',(0.430771726525,-1.224280506461,
    0.95003223874));
#14196 = CARTESIAN_POINT('',(0.430771726525,-1.224280506461,
    0.94903223874));
#14197 = CARTESIAN_POINT('',(0.452461534084,-1.244162830056,
    0.95003223874));
#14198 = CARTESIAN_POINT('',(0.452461534084,-1.244162830056,
    0.94903223874));
#14199 = CARTESIAN_POINT('',(0.455353505667,-1.269467605541,
    0.95003223874));
#14200 = CARTESIAN_POINT('',(0.455353505667,-1.269467605541,
    0.94903223874));
#14201 = ADVANCED_FACE('',(#14202),#14213,.F.);
#14202 = FACE_BOUND('',#14203,.T.);
#14203 = EDGE_LOOP('',(#14204,#14205,#14211,#14212));
#14204 = ORIENTED_EDGE('',*,*,#13498,.T.);
#14205 = ORIENTED_EDGE('',*,*,#14206,.F.);
#14206 = EDGE_CURVE('',#13290,#13490,#14207,.T.);
#14207 = LINE('',#14208,#14209);
#14208 = CARTESIAN_POINT('',(0.45824547725,-1.269467605541,0.95003223874
    ));
#14209 = VECTOR('',#14210,1.);
#14210 = DIRECTION('',(-0.,-0.,-1.));
#14211 = ORIENTED_EDGE('',*,*,#13289,.F.);
#14212 = ORIENTED_EDGE('',*,*,#14186,.T.);
#14213 = PLANE('',#14214);
#14214 = AXIS2_PLACEMENT_3D('',#14215,#14216,#14217);
#14215 = CARTESIAN_POINT('',(0.455353505667,-1.269467605541,
    0.95003223874));
#14216 = DIRECTION('',(0.,1.,0.));
#14217 = DIRECTION('',(0.,-0.,1.));
#14218 = ADVANCED_FACE('',(#14219),#14230,.F.);
#14219 = FACE_BOUND('',#14220,.F.);
#14220 = EDGE_LOOP('',(#14221,#14222,#14223,#14229));
#14221 = ORIENTED_EDGE('',*,*,#14206,.F.);
#14222 = ORIENTED_EDGE('',*,*,#13298,.T.);
#14223 = ORIENTED_EDGE('',*,*,#14224,.T.);
#14224 = EDGE_CURVE('',#13299,#13481,#14225,.T.);
#14225 = LINE('',#14226,#14227);
#14226 = CARTESIAN_POINT('',(0.486442224318,-1.297664352609,
    0.95003223874));
#14227 = VECTOR('',#14228,1.);
#14228 = DIRECTION('',(-0.,-0.,-1.));
#14229 = ORIENTED_EDGE('',*,*,#13489,.F.);
#14230 = B_SPLINE_SURFACE_WITH_KNOTS('',3,1,(
    (#14231,#14232)
    ,(#14233,#14234)
    ,(#14235,#14236)
    ,(#14237,#14238
    )),.UNSPECIFIED.,.F.,.F.,.F.,(4,4),(2,2),(23.,24.),(0.,1.),
  .PIECEWISE_BEZIER_KNOTS.);
#14231 = CARTESIAN_POINT('',(0.45824547725,-1.269467605541,0.95003223874
    ));
#14232 = CARTESIAN_POINT('',(0.45824547725,-1.269467605541,0.94903223874
    ));
#14233 = CARTESIAN_POINT('',(0.473789836576,-1.269467605541,
    0.95003223874));
#14234 = CARTESIAN_POINT('',(0.473789836576,-1.269467605541,
    0.94903223874));
#14235 = CARTESIAN_POINT('',(0.486442224318,-1.282119993284,
    0.95003223874));
#14236 = CARTESIAN_POINT('',(0.486442224318,-1.282119993284,
    0.94903223874));
#14237 = CARTESIAN_POINT('',(0.486442224318,-1.297664352609,
    0.95003223874));
#14238 = CARTESIAN_POINT('',(0.486442224318,-1.297664352609,
    0.94903223874));
#14239 = ADVANCED_FACE('',(#14240),#14251,.F.);
#14240 = FACE_BOUND('',#14241,.F.);
#14241 = EDGE_LOOP('',(#14242,#14243,#14244,#14250));
#14242 = ORIENTED_EDGE('',*,*,#14224,.F.);
#14243 = ORIENTED_EDGE('',*,*,#13307,.T.);
#14244 = ORIENTED_EDGE('',*,*,#14245,.T.);
#14245 = EDGE_CURVE('',#13308,#13473,#14246,.T.);
#14246 = LINE('',#14247,#14248);
#14247 = CARTESIAN_POINT('',(0.46041445249,-1.325861099677,0.95003223874
    ));
#14248 = VECTOR('',#14249,1.);
#14249 = DIRECTION('',(-0.,-0.,-1.));
#14250 = ORIENTED_EDGE('',*,*,#13480,.F.);
#14251 = B_SPLINE_SURFACE_WITH_KNOTS('',3,1,(
    (#14252,#14253)
    ,(#14254,#14255)
    ,(#14256,#14257)
    ,(#14258,#14259
    )),.UNSPECIFIED.,.F.,.F.,.F.,(4,4),(2,2),(24.,25.),(0.,1.),
  .PIECEWISE_BEZIER_KNOTS.);
#14252 = CARTESIAN_POINT('',(0.486442224318,-1.297664352609,
    0.95003223874));
#14253 = CARTESIAN_POINT('',(0.486442224318,-1.297664352609,
    0.94903223874));
#14254 = CARTESIAN_POINT('',(0.486442224318,-1.312485722487,
    0.95003223874));
#14255 = CARTESIAN_POINT('',(0.486442224318,-1.312485722487,
    0.94903223874));
#14256 = CARTESIAN_POINT('',(0.475235829262,-1.324776612057,
    0.95003223874));
#14257 = CARTESIAN_POINT('',(0.475235829262,-1.324776612057,
    0.94903223874));
#14258 = CARTESIAN_POINT('',(0.46041445249,-1.325861099677,0.95003223874
    ));
#14259 = CARTESIAN_POINT('',(0.46041445249,-1.325861099677,0.94903223874
    ));
#14260 = ADVANCED_FACE('',(#14261),#14272,.F.);
#14261 = FACE_BOUND('',#14262,.T.);
#14262 = EDGE_LOOP('',(#14263,#14264,#14270,#14271));
#14263 = ORIENTED_EDGE('',*,*,#13472,.T.);
#14264 = ORIENTED_EDGE('',*,*,#14265,.F.);
#14265 = EDGE_CURVE('',#13317,#13464,#14266,.T.);
#14266 = LINE('',#14267,#14268);
#14267 = CARTESIAN_POINT('',(0.444147096821,-1.325861099677,
    0.95003223874));
#14268 = VECTOR('',#14269,1.);
#14269 = DIRECTION('',(-0.,-0.,-1.));
#14270 = ORIENTED_EDGE('',*,*,#13316,.F.);
#14271 = ORIENTED_EDGE('',*,*,#14245,.T.);
#14272 = PLANE('',#14273);
#14273 = AXIS2_PLACEMENT_3D('',#14274,#14275,#14276);
#14274 = CARTESIAN_POINT('',(0.46041445249,-1.325861099677,0.95003223874
    ));
#14275 = DIRECTION('',(0.,-1.,0.));
#14276 = DIRECTION('',(0.,-0.,-1.));
#14277 = ADVANCED_FACE('',(#14278),#14289,.F.);
#14278 = FACE_BOUND('',#14279,.F.);
#14279 = EDGE_LOOP('',(#14280,#14281,#14282,#14288));
#14280 = ORIENTED_EDGE('',*,*,#14265,.F.);
#14281 = ORIENTED_EDGE('',*,*,#13324,.T.);
#14282 = ORIENTED_EDGE('',*,*,#14283,.T.);
#14283 = EDGE_CURVE('',#13325,#13455,#14284,.T.);
#14284 = LINE('',#14285,#14286);
#14285 = CARTESIAN_POINT('',(0.441978121581,-1.325499608401,
    0.95003223874));
#14286 = VECTOR('',#14287,1.);
#14287 = DIRECTION('',(-0.,-0.,-1.));
#14288 = ORIENTED_EDGE('',*,*,#13463,.F.);
#14289 = B_SPLINE_SURFACE_WITH_KNOTS('',3,1,(
    (#14290,#14291)
    ,(#14292,#14293)
    ,(#14294,#14295)
    ,(#14296,#14297
    )),.UNSPECIFIED.,.F.,.F.,.F.,(4,4),(2,2),(26.,27.),(0.,1.),
  .PIECEWISE_BEZIER_KNOTS.);
#14290 = CARTESIAN_POINT('',(0.444147096821,-1.325861099677,
    0.95003223874));
#14291 = CARTESIAN_POINT('',(0.444147096821,-1.325861099677,
    0.94903223874));
#14292 = CARTESIAN_POINT('',(0.443424100478,-1.325861099677,
    0.95003223874));
#14293 = CARTESIAN_POINT('',(0.443424100478,-1.325861099677,
    0.94903223874));
#14294 = CARTESIAN_POINT('',(0.442701104134,-1.325499608401,
    0.95003223874));
#14295 = CARTESIAN_POINT('',(0.442701104134,-1.325499608401,
    0.94903223874));
#14296 = CARTESIAN_POINT('',(0.441978121581,-1.325499608401,
    0.95003223874));
#14297 = CARTESIAN_POINT('',(0.441978121581,-1.325499608401,
    0.94903223874));
#14298 = ADVANCED_FACE('',(#14299),#14310,.F.);
#14299 = FACE_BOUND('',#14300,.F.);
#14300 = EDGE_LOOP('',(#14301,#14302,#14303,#14309));
#14301 = ORIENTED_EDGE('',*,*,#14283,.F.);
#14302 = ORIENTED_EDGE('',*,*,#13333,.T.);
#14303 = ORIENTED_EDGE('',*,*,#14304,.T.);
#14304 = EDGE_CURVE('',#13334,#13446,#14305,.T.);
#14305 = LINE('',#14306,#14307);
#14306 = CARTESIAN_POINT('',(0.430771726525,-1.336706003457,
    0.95003223874));
#14307 = VECTOR('',#14308,1.);
#14308 = DIRECTION('',(-0.,-0.,-1.));
#14309 = ORIENTED_EDGE('',*,*,#13454,.F.);
#14310 = B_SPLINE_SURFACE_WITH_KNOTS('',3,1,(
    (#14311,#14312)
    ,(#14313,#14314)
    ,(#14315,#14316)
    ,(#14317,#14318
    )),.UNSPECIFIED.,.F.,.F.,.F.,(4,4),(2,2),(27.,28.),(0.,1.),
  .PIECEWISE_BEZIER_KNOTS.);
#14311 = CARTESIAN_POINT('',(0.441978121581,-1.325499608401,
    0.95003223874));
#14312 = CARTESIAN_POINT('',(0.441978121581,-1.325499608401,
    0.94903223874));
#14313 = CARTESIAN_POINT('',(0.435832673348,-1.325499608401,
    0.95003223874));
#14314 = CARTESIAN_POINT('',(0.435832673348,-1.325499608401,
    0.94903223874));
#14315 = CARTESIAN_POINT('',(0.430771726525,-1.330560569014,
    0.95003223874));
#14316 = CARTESIAN_POINT('',(0.430771726525,-1.330560569014,
    0.94903223874));
#14317 = CARTESIAN_POINT('',(0.430771726525,-1.336706003457,
    0.95003223874));
#14318 = CARTESIAN_POINT('',(0.430771726525,-1.336706003457,
    0.94903223874));
#14319 = ADVANCED_FACE('',(#14320),#14331,.F.);
#14320 = FACE_BOUND('',#14321,.F.);
#14321 = EDGE_LOOP('',(#14322,#14323,#14324,#14330));
#14322 = ORIENTED_EDGE('',*,*,#14304,.F.);
#14323 = ORIENTED_EDGE('',*,*,#13342,.T.);
#14324 = ORIENTED_EDGE('',*,*,#14325,.T.);
#14325 = EDGE_CURVE('',#13343,#13438,#14326,.T.);
#14326 = LINE('',#14327,#14328);
#14327 = CARTESIAN_POINT('',(0.441255139028,-1.347912398513,
    0.95003223874));
#14328 = VECTOR('',#14329,1.);
#14329 = DIRECTION('',(-0.,-0.,-1.));
#14330 = ORIENTED_EDGE('',*,*,#13445,.F.);
#14331 = B_SPLINE_SURFACE_WITH_KNOTS('',3,1,(
    (#14332,#14333)
    ,(#14334,#14335)
    ,(#14336,#14337)
    ,(#14338,#14339
    )),.UNSPECIFIED.,.F.,.F.,.F.,(4,4),(2,2),(28.,29.),(0.,1.),
  .PIECEWISE_BEZIER_KNOTS.);
#14332 = CARTESIAN_POINT('',(0.430771726525,-1.336706003457,
    0.95003223874));
#14333 = CARTESIAN_POINT('',(0.430771726525,-1.336706003457,
    0.94903223874));
#14334 = CARTESIAN_POINT('',(0.430771726525,-1.342489946623,
    0.95003223874));
#14335 = CARTESIAN_POINT('',(0.430771726525,-1.342489946623,
    0.94903223874));
#14336 = CARTESIAN_POINT('',(0.435471182071,-1.347550907236,
    0.95003223874));
#14337 = CARTESIAN_POINT('',(0.435471182071,-1.347550907236,
    0.94903223874));
#14338 = CARTESIAN_POINT('',(0.441255139028,-1.347912398513,
    0.95003223874));
#14339 = CARTESIAN_POINT('',(0.441255139028,-1.347912398513,
    0.94903223874));
#14340 = ADVANCED_FACE('',(#14341),#14352,.F.);
#14341 = FACE_BOUND('',#14342,.T.);
#14342 = EDGE_LOOP('',(#14343,#14344,#14350,#14351));
#14343 = ORIENTED_EDGE('',*,*,#13437,.T.);
#14344 = ORIENTED_EDGE('',*,*,#14345,.F.);
#14345 = EDGE_CURVE('',#13352,#13429,#14346,.T.);
#14346 = LINE('',#14347,#14348);
#14347 = CARTESIAN_POINT('',(0.46258344152,-1.347912398513,0.95003223874
    ));
#14348 = VECTOR('',#14349,1.);
#14349 = DIRECTION('',(-0.,-0.,-1.));
#14350 = ORIENTED_EDGE('',*,*,#13351,.F.);
#14351 = ORIENTED_EDGE('',*,*,#14325,.T.);
#14352 = PLANE('',#14353);
#14353 = AXIS2_PLACEMENT_3D('',#14354,#14355,#14356);
#14354 = CARTESIAN_POINT('',(0.4614989539,-1.347912398513,0.95003223874)
  );
#14355 = DIRECTION('',(0.,1.,0.));
#14356 = DIRECTION('',(0.,-0.,1.));
#14357 = ADVANCED_FACE('',(#14358),#14369,.F.);
#14358 = FACE_BOUND('',#14359,.F.);
#14359 = EDGE_LOOP('',(#14360,#14361,#14362,#14368));
#14360 = ORIENTED_EDGE('',*,*,#14345,.F.);
#14361 = ORIENTED_EDGE('',*,*,#13359,.T.);
#14362 = ORIENTED_EDGE('',*,*,#14363,.T.);
#14363 = EDGE_CURVE('',#13360,#13420,#14364,.T.);
#14364 = LINE('',#14365,#14366);
#14365 = CARTESIAN_POINT('',(0.495479644134,-1.331645042844,
    0.95003223874));
#14366 = VECTOR('',#14367,1.);
#14367 = DIRECTION('',(-0.,-0.,-1.));
#14368 = ORIENTED_EDGE('',*,*,#13428,.F.);
#14369 = B_SPLINE_SURFACE_WITH_KNOTS('',3,1,(
    (#14370,#14371)
    ,(#14372,#14373)
    ,(#14374,#14375)
    ,(#14376,#14377
    )),.UNSPECIFIED.,.F.,.F.,.F.,(4,4),(2,2),(33.,34.),(0.,1.),
  .PIECEWISE_BEZIER_KNOTS.);
#14370 = CARTESIAN_POINT('',(0.46258344152,-1.347912398513,0.95003223874
    ));
#14371 = CARTESIAN_POINT('',(0.46258344152,-1.347912398513,0.94903223874
    ));
#14372 = CARTESIAN_POINT('',(0.475235829262,-1.346827910893,
    0.95003223874));
#14373 = CARTESIAN_POINT('',(0.475235829262,-1.346827910893,
    0.94903223874));
#14374 = CARTESIAN_POINT('',(0.486803729385,-1.341043953936,
    0.95003223874));
#14375 = CARTESIAN_POINT('',(0.486803729385,-1.341043953936,
    0.94903223874));
#14376 = CARTESIAN_POINT('',(0.495479644134,-1.331645042844,
    0.95003223874));
#14377 = CARTESIAN_POINT('',(0.495479644134,-1.331645042844,
    0.94903223874));
#14378 = ADVANCED_FACE('',(#14379),#14385,.F.);
#14379 = FACE_BOUND('',#14380,.F.);
#14380 = EDGE_LOOP('',(#14381,#14382,#14383,#14384));
#14381 = ORIENTED_EDGE('',*,*,#14363,.F.);
#14382 = ORIENTED_EDGE('',*,*,#13368,.T.);
#14383 = ORIENTED_EDGE('',*,*,#13733,.T.);
#14384 = ORIENTED_EDGE('',*,*,#13419,.F.);
#14385 = B_SPLINE_SURFACE_WITH_KNOTS('',3,1,(
    (#14386,#14387)
    ,(#14388,#14389)
    ,(#14390,#14391)
    ,(#14392,#14393
    )),.UNSPECIFIED.,.F.,.F.,.F.,(4,4),(2,2),(34.,35.),(0.,1.),
  .PIECEWISE_BEZIER_KNOTS.);
#14386 = CARTESIAN_POINT('',(0.495479644134,-1.331645042844,
    0.95003223874));
#14387 = CARTESIAN_POINT('',(0.495479644134,-1.331645042844,
    0.94903223874));
#14388 = CARTESIAN_POINT('',(0.504155572674,-1.322246131751,
    0.95003223874));
#14389 = CARTESIAN_POINT('',(0.504155572674,-1.322246131751,
    0.94903223874));
#14390 = CARTESIAN_POINT('',(0.50885502822,-1.309955235285,0.95003223874
    ));
#14391 = CARTESIAN_POINT('',(0.50885502822,-1.309955235285,0.94903223874
    ));
#14392 = CARTESIAN_POINT('',(0.50885502822,-1.297302847543,0.95003223874
    ));
#14393 = CARTESIAN_POINT('',(0.50885502822,-1.297302847543,0.94903223874
    ));
#14394 = ADVANCED_FACE('',(#14395),#14411,.T.);
#14395 = FACE_BOUND('',#14396,.T.);
#14396 = EDGE_LOOP('',(#14397,#14398,#14404,#14405));
#14397 = ORIENTED_EDGE('',*,*,#13715,.F.);
#14398 = ORIENTED_EDGE('',*,*,#14399,.F.);
#14399 = EDGE_CURVE('',#13378,#13705,#14400,.T.);
#14400 = LINE('',#14401,#14402);
#14401 = CARTESIAN_POINT('',(0.356303385861,-1.350081401333,
    0.95003223874));
#14402 = VECTOR('',#14403,1.);
#14403 = DIRECTION('',(-0.,-0.,-1.));
#14404 = ORIENTED_EDGE('',*,*,#13377,.T.);
#14405 = ORIENTED_EDGE('',*,*,#14406,.T.);
#14406 = EDGE_CURVE('',#13380,#13703,#14407,.T.);
#14407 = LINE('',#14408,#14409);
#14408 = CARTESIAN_POINT('',(0.356303385861,-1.321884640474,
    0.95003223874));
#14409 = VECTOR('',#14410,1.);
#14410 = DIRECTION('',(-0.,-0.,-1.));
#14411 = B_SPLINE_SURFACE_WITH_KNOTS('',3,1,(
    (#14412,#14413)
    ,(#14414,#14415)
    ,(#14416,#14417)
    ,(#14418,#14419)
    ,(#14420,#14421)
    ,(#14422,#14423)
    ,(#14424,#14425
  )),.UNSPECIFIED.,.F.,.F.,.F.,(4,3,4),(2,2),(0.,1.,2.),(0.,1.),
  .PIECEWISE_BEZIER_KNOTS.);
#14412 = CARTESIAN_POINT('',(0.356303385861,-1.350081401333,
    0.95003223874));
#14413 = CARTESIAN_POINT('',(0.356303385861,-1.350081401333,
    0.94903223874));
#14414 = CARTESIAN_POINT('',(0.364256311163,-1.350081401333,
    0.95003223874));
#14415 = CARTESIAN_POINT('',(0.364256311163,-1.350081401333,
    0.94903223874));
#14416 = CARTESIAN_POINT('',(0.370401759395,-1.343574448033,
    0.95003223874));
#14417 = CARTESIAN_POINT('',(0.370401759395,-1.343574448033,
    0.94903223874));
#14418 = CARTESIAN_POINT('',(0.370401759395,-1.335983020904,
    0.95003223874));
#14419 = CARTESIAN_POINT('',(0.370401759395,-1.335983020904,
    0.94903223874));
#14420 = CARTESIAN_POINT('',(0.370401759395,-1.328030088707,
    0.95003223874));
#14421 = CARTESIAN_POINT('',(0.370401759395,-1.328030088707,
    0.94903223874));
#14422 = CARTESIAN_POINT('',(0.363894819886,-1.321884640474,
    0.95003223874));
#14423 = CARTESIAN_POINT('',(0.363894819886,-1.321884640474,
    0.94903223874));
#14424 = CARTESIAN_POINT('',(0.356303385861,-1.321884640474,
    0.95003223874));
#14425 = CARTESIAN_POINT('',(0.356303385861,-1.321884640474,
    0.94903223874));
#14426 = ADVANCED_FACE('',(#14427),#14433,.T.);
#14427 = FACE_BOUND('',#14428,.T.);
#14428 = EDGE_LOOP('',(#14429,#14430,#14431,#14432));
#14429 = ORIENTED_EDGE('',*,*,#13702,.F.);
#14430 = ORIENTED_EDGE('',*,*,#14406,.F.);
#14431 = ORIENTED_EDGE('',*,*,#13391,.T.);
#14432 = ORIENTED_EDGE('',*,*,#14399,.T.);
#14433 = B_SPLINE_SURFACE_WITH_KNOTS('',3,1,(
    (#14434,#14435)
    ,(#14436,#14437)
    ,(#14438,#14439)
    ,(#14440,#14441)
    ,(#14442,#14443)
    ,(#14444,#14445
  )),.UNSPECIFIED.,.F.,.F.,.F.,(4,2,4),(2,2),(2.,3.,4.),(0.,1.),
  .UNSPECIFIED.);
#14434 = CARTESIAN_POINT('',(0.356303385861,-1.321884640474,
    0.95003223874));
#14435 = CARTESIAN_POINT('',(0.356303385861,-1.321884640474,
    0.94903223874));
#14436 = CARTESIAN_POINT('',(0.348711951837,-1.321884640474,
    0.95003223874));
#14437 = CARTESIAN_POINT('',(0.348711951837,-1.321884640474,
    0.94903223874));
#14438 = CARTESIAN_POINT('',(0.342205012327,-1.328030088707,
    0.95003223874));
#14439 = CARTESIAN_POINT('',(0.342205012327,-1.328030088707,
    0.94903223874));
#14440 = CARTESIAN_POINT('',(0.342205012327,-1.3439359531,0.95003223874)
  );
#14441 = CARTESIAN_POINT('',(0.342205012327,-1.3439359531,0.94903223874)
  );
#14442 = CARTESIAN_POINT('',(0.348711951837,-1.350081401333,
    0.95003223874));
#14443 = CARTESIAN_POINT('',(0.348711951837,-1.350081401333,
    0.94903223874));
#14444 = CARTESIAN_POINT('',(0.356303385861,-1.350081401333,
    0.95003223874));
#14445 = CARTESIAN_POINT('',(0.356303385861,-1.350081401333,
    0.94903223874));
#14446 = ( GEOMETRIC_REPRESENTATION_CONTEXT(3) 
GLOBAL_UNCERTAINTY_ASSIGNED_CONTEXT((#14450)) 
GLOBAL_UNIT_ASSIGNED_CONTEXT((#14447,#14448,#14449)) 
REPRESENTATION_CONTEXT('Context #1',
  '3D Context with UNIT and UNCERTAINTY') );
#14447 = ( LENGTH_UNIT() NAMED_UNIT(*) SI_UNIT(.MILLI.,.METRE.) );
#14448 = ( NAMED_UNIT(*) PLANE_ANGLE_UNIT() SI_UNIT($,.RADIAN.) );
#14449 = ( NAMED_UNIT(*) SI_UNIT($,.STERADIAN.) SOLID_ANGLE_UNIT() );
#14450 = UNCERTAINTY_MEASURE_WITH_UNIT(LENGTH_MEASURE(1.E-07),#14447,
  'distance_accuracy_value','confusion accuracy');
#14451 = PRODUCT_RELATED_PRODUCT_CATEGORY('part',$,(#7));
ENDSEC;
END-ISO-10303-21;
