#VRML V2.0 utf8
# 3D model generated by easyeda2kicad.py (https://github.com/uPesy/easyeda2kicad.py)

Shape{
    appearance Appearance {
        material  Material 	{
            diffuseColor 0.2235294117647059 0.2235294117647059 0.2235294117647059
            specularColor 0.11372549019607843 0.11372549019607843 0.11372549019607843
            ambientIntensity 0.2235
            transparency 0.0
            shininess 0.5
        }
    }
    geometry IndexedFaceSet {
        ccw TRUE
        solid FALSE
        coord DEF co Coordinate {
            point [
                0.7874 1.4173 0.0079, 0.5062 1.4173 0.0079, 0.5062 1.7323 0.0079, 0.5062 -1.6312 0.0079, 0.4894 -1.6312 0.0079, 0.4894 -1.1736 0.0079, -2.4901 -2.2047 0.0079, -2.5984 -2.2047 0.0079, -2.5984 -2.0964 0.0079, 0.3698 -1.2018 0.0079, 0.3494 -1.1959 0.0079, 0.3494 -1.1736 0.0079, 1.1122 -1.0531 0.0079, 1.063 -1.0531 0.0079, 1.063 -0.7874 0.0079, 0.4921 -1.063 0.0079, 0.5062 -1.063 0.0079, 0.5062 -1.1736 0.0079, 0.3494 -0.1575 0.0079, 0.2855 -0.1575 0.0079, 0.2855 0.1575 0.0079, -2.185 1.6732 0.0079, -2.4901 1.6732 0.0079, -2.4901 1.7323 0.0079, -2.5 -1.6732 0.0079, -2.4901 -1.6732 0.0079, -2.4901 -2.0964 0.0079, 1.9882 -2.1063 0.0079, 1.9882 -2.0964 0.0079, 2.0866 -2.0964 0.0079, -0.5315 -2.1063 0.0079, -0.5315 -2.0964 0.0079, -0.5045 -2.0964 0.0079, 1.9882 1.7914 0.0079, 1.9882 1.8012 0.0079, 2.0866 1.8012 0.0079, -2.2047 1.811 0.0079, -1.9882 2.1063 0.0079, -1.9882 1.8012 0.0079, 1.1614 2.1063 0.0079, 1.1614 1.8012 0.0079, 1.1122 1.8012 0.0079, -0.2854 -1.063 0.0079, -0.1348 -1.063 0.0079, -0.1348 -1.1736 0.0079, -0.4921 1.063 0.0079, -0.5045 1.063 0.0079, -0.5045 1.4173 0.0079, -1.063 -1.063 0.0079, -1.0531 -1.063 0.0079, -1.0531 -1.1736 0.0079, 0.4921 -0.2854 0.0079, 0.5062 -0.2854 0.0079, 0.5062 -0.3494 0.0079, 0.5062 0.2854 0.0079, 0.4921 0.2854 0.0079, 0.4894 0.4528 0.0079, 0.4894 0.1575 0.0079, 1.063 0.2854 0.0079, 0.7874 0.2854 0.0079, 0.7874 0.4528 0.0079, 0.5062 0.4528 0.0079, 0.5062 0.4921 0.0079, 0.4921 0.4921 0.0079, 0.7874 -0.3494 0.0079, 0.7874 -0.2854 0.0079, 1.1122 -0.3494 0.0079, 1.063 -0.2854 0.0079, 1.1122 -0.1575 0.0079, 0.4921 0.1575 0.0079, 0.4921 -0.1575 0.0079, 0.4894 -0.1575 0.0079, 0.4894 -0.3494 0.0079, -0.4507 -1.1736 0.0079, -0.5045 -1.1736 0.0079, -0.5045 -1.063 0.0079, -1.063 -1.0531 0.0079, -1.1122 -1.1736 0.0079, -1.1122 -1.0531 0.0079, -1.1122 -0.7874 0.0079, -1.063 -0.7874 0.0079, -1.063 -0.4921 0.0079, -1.1122 -0.3494 0.0079, -1.0531 -0.4921 0.0079, -1.0531 -0.3494 0.0079, -0.5045 -0.4921 0.0079, -0.5045 -0.3494 0.0079, -0.4921 -0.4921 0.0079, -0.4507 -0.3494 0.0079, -0.4507 -0.7874 0.0079, -0.4921 -0.7874 0.0079, -0.4507 -1.0531 0.0079, -0.4921 -1.0531 0.0079, -0.4921 -1.063 0.0079, -1.1122 0.5118 0.0079, -1.1122 0.7874 0.0079, -1.063 0.5118 0.0079, -1.063 0.7874 0.0079, -1.063 0.8268 0.0079, -1.1122 1.0532 0.0079, -1.0531 0.8366 0.0079, -1.0531 1.4173 0.0079, -0.8268 1.063 0.0079, -1.0531 1.0532 0.0079, -0.8366 1.0532 0.0079, -0.4507 1.4173 0.0079, -0.4507 1.0532 0.0079, -0.4921 1.0532 0.0079, -1.1122 0.4528 0.0079, -1.063 0.4921 0.0079, -1.0531 0.4528 0.0079, -1.0531 0.4921 0.0079, -0.5045 0.4528 0.0079, -0.5045 0.4921 0.0079, -0.4507 0.4528 0.0079, -0.4921 0.4921 0.0079, -0.4507 0.5118 0.0079, -0.4921 0.5118 0.0079, -0.4921 0.7874 0.0079, 0.1553 -1.1736 0.0079, 0.1553 -1.063 0.0079, 0.2855 -1.063 0.0079, 0.3494 -1.0531 0.0079, 0.2855 -1.0531 0.0079, 0.2855 -0.7874 0.0079, -0.2854 -1.0531 0.0079, -0.2854 -0.7874 0.0079, -0.2854 -0.4921 0.0079, -0.1348 -0.4921 0.0079, -0.1348 -0.3494 0.0079, 0.1553 -0.4921 0.0079, 0.1553 -0.3494 0.0079, 0.2855 -0.4921 0.0079, 0.3494 -0.3494 0.0079, 0.3494 -0.7874 0.0079, 0.7874 2.7165 0.0079, 0.7874 1.8012 0.0079, 0.7284 2.1063 0.0079, 0.7284 1.8012 0.0079, 0.5062 2.7165 0.0079, 0.5315 2.1063 0.0079, 0.5062 1.8012 0.0079, 0.5315 1.8012 0.0079, 0.7284 1.7914 0.0079, 0.7874 1.7323 0.0079, 0.5315 1.7914 0.0079, 1.4173 1.8012 0.0079, 1.3583 1.8012 0.0079, 1.3583 2.1063 0.0079, 1.1122 2.7165 0.0079, 1.4173 2.7165 0.0079, 1.1122 1.7323 0.0079, 1.3583 1.7914 0.0079, 1.4173 1.7323 0.0079, 1.1614 1.7914 0.0079, -2.4803 1.811 0.0079, -2.4901 1.8012 0.0079, -2.4803 2.0866 0.0079, -2.4901 2.7165 0.0079, -2.2047 2.0866 0.0079, -1.4173 2.7165 0.0079, -1.6732 2.1063 0.0079, -1.4764 2.1063 0.0079, -1.4173 1.8012 0.0079, -1.4764 1.8012 0.0079, -1.4764 1.7914 0.0079, -1.4173 1.7323 0.0079, -1.6732 1.7914 0.0079, -1.9882 1.7914 0.0079, -1.7913 1.7914 0.0079, -1.1122 1.8012 0.0079, -1.1614 1.8012 0.0079, -1.1614 2.1063 0.0079, -1.3582 1.7914 0.0079, -1.3582 1.8012 0.0079, -1.3582 2.1063 0.0079, -1.1122 2.7165 0.0079, -1.1614 1.7914 0.0079, -1.1122 1.7323 0.0079, -0.5045 1.8012 0.0079, -0.5315 1.8012 0.0079, -0.5315 2.1063 0.0079, -0.7283 2.1063 0.0079, -1.0531 2.7165 0.0079, -0.5045 2.7165 0.0079, -0.8464 1.7914 0.0079, -1.0531 1.7323 0.0079, -1.0433 1.7914 0.0079, -1.0531 1.8012 0.0079, -1.0433 1.8012 0.0079, -1.0433 2.1063 0.0079, -0.8464 2.1063 0.0079, -0.8464 1.8012 0.0079, -0.7283 1.8012 0.0079, -0.5315 1.7914 0.0079, -0.5045 1.7323 0.0079, -0.7283 1.7914 0.0079, 1.7914 2.1063 0.0079, 1.9882 2.1063 0.0079, 2.0866 2.7165 0.0079, 1.4764 1.7914 0.0079, 1.4764 1.8012 0.0079, 1.4764 2.1063 0.0079, 1.6732 2.1063 0.0079, 1.6732 1.8012 0.0079, 1.7914 1.8012 0.0079, 1.6732 1.7914 0.0079, 1.7914 1.7914 0.0079, 2.0866 1.7323 0.0079, -2.5 -0.5315 0.0079, -2.5 -0.7283 0.0079, -2.5984 -0.7874 0.0079, -2.185 -0.7283 0.0079, -1.4173 -0.7874 0.0079, -2.4901 -0.7874 0.0079, -2.4901 -0.7283 0.0079, -2.5984 -0.3494 0.0079, -2.5 -0.4134 0.0079, -2.4901 -0.5315 0.0079, -2.4901 -0.4134 0.0079, -2.185 -0.5315 0.0079, -2.185 -0.4134 0.0079, -2.4901 -0.1575 0.0079, -2.4901 -0.0984 0.0079, -2.185 -0.0984 0.0079, -2.5 0.5315 0.0079, -2.4901 0.5315 0.0079, -2.4901 0.5118 0.0079, -2.185 0.5315 0.0079, -2.4901 1.0532 0.0079, -2.4901 1.1614 0.0079, -2.185 1.1614 0.0079, 2.1851 1.6732 0.0079, 2.1949 1.6732 0.0079, 2.1949 1.7323 0.0079, 2.5 1.6732 0.0079, 2.5984 1.7323 0.0079, 2.5 1.4764 0.0079, 2.5984 1.4173 0.0079, 2.1949 1.4764 0.0079, 2.1949 1.4173 0.0079, 2.1851 1.4764 0.0079, 2.0866 1.4173 0.0079, 2.1851 1.0433 0.0079, 2.0866 1.0532 0.0079, 2.1949 1.0532 0.0079, 2.0866 0.7874 0.0079, 2.1851 0.8465 0.0079, 2.1949 0.7874 0.0079, 2.1949 0.8465 0.0079, 2.5984 0.7874 0.0079, 2.5 0.8465 0.0079, 2.5984 1.0532 0.0079, 2.5 1.0433 0.0079, 2.1949 1.0433 0.0079, 2.0866 0.4528 0.0079, 2.1851 0.4134 0.0079, 2.0866 0.1575 0.0079, 2.1851 0.2165 0.0079, 2.1949 0.1575 0.0079, 2.1949 0.2165 0.0079, 2.5984 0.1575 0.0079, 2.5 0.2165 0.0079, 2.5984 0.4528 0.0079, 2.5 0.4134 0.0079, 2.1851 -0.4134 0.0079, 2.0866 -0.7874 0.0079, 2.0866 -0.3494 0.0079, 2.5 -0.5315 0.0079, 2.5984 -0.3494 0.0079, 2.5 -0.7283 0.0079, 2.5984 -0.7874 0.0079, 2.1949 -0.7283 0.0079, 2.1949 -0.7874 0.0079, 2.1851 -0.7283 0.0079, 2.1851 -0.5315 0.0079, 2.1949 -0.5315 0.0079, 2.1949 -0.4134 0.0079, 2.5 -0.4134 0.0079, 2.5 -0.3494 0.0079, 2.5984 -0.1575 0.0079, 2.5 -0.2165 0.0079, 2.1949 -0.1575 0.0079, 2.1949 -0.2165 0.0079, 2.0866 -0.1575 0.0079, 2.1851 -0.2165 0.0079, 2.1851 -0.3494 0.0079, 2.1949 -1.0531 0.0079, 2.1949 -1.0433 0.0079, 2.5 -1.0433 0.0079, -2.185 -1.1614 0.0079, -1.4173 -1.0531 0.0079, -2.185 -1.1736 0.0079, -1.4173 -1.1736 0.0079, -2.185 -1.3583 0.0079, -2.4901 -1.0531 0.0079, -2.4901 -1.1614 0.0079, -2.5984 -1.0531 0.0079, -2.5 -1.1614 0.0079, -2.5984 -1.1736 0.0079, -2.5 -1.1736 0.0079, -2.5 -1.3583 0.0079, -2.5984 -1.6312 0.0079, -2.5 -1.4764 0.0079, -2.4901 -1.4764 0.0079, -2.4901 -1.3583 0.0079, -2.185 -1.4764 0.0079, 2.5 -1.3583 0.0079, 2.5 -1.4764 0.0079, 2.1949 -1.3583 0.0079, 2.1949 -1.4764 0.0079, 2.1851 -1.3583 0.0079, 2.1851 -1.4764 0.0079, 2.0866 -1.1736 0.0079, 2.5 -1.6312 0.0079, 2.5984 -1.6312 0.0079, 2.5 -1.6732 0.0079, 2.5984 -2.0964 0.0079, 2.2047 -1.811 0.0079, 2.2047 -2.0866 0.0079, 2.1949 -2.0964 0.0079, 2.4803 -2.0866 0.0079, 2.4803 -1.811 0.0079, 2.1949 -1.6732 0.0079, 2.0866 -1.6312 0.0079, 2.1851 -1.6312 0.0079, 2.1851 -1.6732 0.0079, 0.5315 -1.7913 0.0079, 0.5315 -2.0964 0.0079, 0.5062 -2.0964 0.0079, 0.5315 -2.1063 0.0079, 1.3583 -1.7913 0.0079, 1.4173 -1.6312 0.0079, 1.3583 -2.0964 0.0079, 1.4173 -2.0964 0.0079, 1.3583 -2.1063 0.0079, 1.4173 -2.2047 0.0079, 1.1614 -2.1063 0.0079, 1.1122 -2.2047 0.0079, 1.1614 -2.0964 0.0079, 1.1122 -2.0964 0.0079, 1.1614 -1.7913 0.0079, 1.1122 -1.6312 0.0079, -1.7913 -2.1063 0.0079, -1.4173 -2.2047 0.0079, -1.9882 -2.1063 0.0079, -2.185 -1.6312 0.0079, -1.4173 -1.6312 0.0079, -1.6732 -1.7913 0.0079, -2.2047 -2.0866 0.0079, -1.9882 -2.0964 0.0079, -2.2047 -1.811 0.0079, -1.9882 -1.7913 0.0079, -2.185 -1.6732 0.0079, -1.7913 -1.7913 0.0079, -1.7913 -2.0964 0.0079, -1.6732 -2.0964 0.0079, -1.6732 -2.1063 0.0079, -1.4764 -2.1063 0.0079, -1.4173 -2.0964 0.0079, -1.4764 -2.0964 0.0079, -1.4764 -1.7913 0.0079, -2.4803 -1.811 0.0079, -2.4803 -2.0866 0.0079, -1.1614 -1.7913 0.0079, -1.1122 -1.6312 0.0079, -1.1122 -2.0964 0.0079, -1.3582 -1.7913 0.0079, -1.3582 -2.0964 0.0079, -1.3582 -2.1063 0.0079, -1.1122 -2.2047 0.0079, -1.1614 -2.1063 0.0079, -1.1614 -2.0964 0.0079, -0.8464 -2.1063 0.0079, -1.0531 -2.2047 0.0079, -1.0433 -2.1063 0.0079, -1.0531 -2.0964 0.0079, -1.0433 -2.0964 0.0079, -1.0433 -1.7913 0.0079, -1.0531 -1.6312 0.0079, -0.8464 -1.7913 0.0079, -0.5045 -1.6312 0.0079, -0.5315 -1.7913 0.0079, -0.7283 -1.7913 0.0079, -0.5045 -2.2047 0.0079, -0.7283 -2.1063 0.0079, -0.7283 -2.0964 0.0079, -0.8464 -2.0964 0.0079, 1.9882 -1.7913 0.0079, 2.0866 -2.2047 0.0079, 1.6732 -2.1063 0.0079, 1.4764 -2.1063 0.0079, 1.4764 -2.0964 0.0079, 1.4764 -1.7913 0.0079, 1.6732 -1.7913 0.0079, 1.7914 -1.7913 0.0079, 1.6732 -2.0964 0.0079, 1.7914 -2.0964 0.0079, 1.7914 -2.1063 0.0079, 0.0984 -2.1063 0.0079, 0.1553 -2.2047 0.0079, -0.0984 -2.1063 0.0079, -0.1348 -2.2047 0.0079, -0.0984 -2.0964 0.0079, -0.1348 -2.0964 0.0079, -0.0984 -1.7913 0.0079, -0.1348 -1.6312 0.0079, 0.0984 -1.7913 0.0079, 0.1553 -1.6312 0.0079, 0.0984 -2.0964 0.0079, 0.1553 -2.0964 0.0079, -0.4134 -2.0964 0.0079, -0.4134 -2.1063 0.0079, -0.4507 -2.2047 0.0079, -0.2165 -2.1063 0.0079, -0.2165 -2.0964 0.0079, -0.2165 -1.7913 0.0079, -0.4507 -1.6312 0.0079, 1.0433 -1.7913 0.0079, 1.0433 -2.0964 0.0079, 1.0433 -2.1063 0.0079, 0.8465 -2.1063 0.0079, 0.7874 -2.2047 0.0079, 0.8465 -2.0964 0.0079, 0.7874 -2.0964 0.0079, 0.8465 -1.7913 0.0079, 0.7874 -1.6312 0.0079, 0.5062 -2.2047 0.0079, 0.4894 -2.2047 0.0079, 0.4894 -2.0964 0.0079, 0.4134 -2.1063 0.0079, 0.3494 -2.1063 0.0079, 0.3494 -2.2047 0.0079, 0.2166 -2.1063 0.0079, 0.2166 -2.0964 0.0079, 0.2166 -1.7913 0.0079, 0.3494 -1.7913 0.0079, 0.3494 -1.6312 0.0079, 0.4134 -1.7913 0.0079, 0.4134 -2.0964 0.0079, 2.1949 -1.1614 0.0079, 2.0866 -1.0531 0.0079, 2.1851 -1.1614 0.0079, 2.1851 -1.1736 0.0079, 2.5984 -1.1736 0.0079, 2.5 -1.1736 0.0079, 2.5984 -1.0531 0.0079, 2.5 -1.1614 0.0079, 2.1851 -1.0433 0.0079, 2.1851 -0.8464 0.0079, 2.1949 -0.8464 0.0079, 2.5 -0.8464 0.0079, 2.5 0.0984 0.0079, 2.5 -0.0984 0.0079, 2.1949 -0.0984 0.0079, 2.1851 -0.0984 0.0079, 2.1851 0.0984 0.0079, 2.1949 0.0984 0.0079, 2.1851 0.5315 0.0079, 2.1949 0.5315 0.0079, 2.1949 0.5118 0.0079, 2.5 0.5315 0.0079, 2.1851 1.3583 0.0079, 2.1949 1.3583 0.0079, 2.5 1.3583 0.0079, 2.5 1.1614 0.0079, 2.1949 1.1614 0.0079, 2.1851 1.1614 0.0079, -2.5 1.6732 0.0079, -2.5984 1.7323 0.0079, -2.5984 1.4173 0.0079, -2.5 1.4764 0.0079, -2.4901 1.4173 0.0079, -2.4901 1.4764 0.0079, -2.185 1.4764 0.0079, -1.4173 1.4173 0.0079, -1.6732 1.8012 0.0079, -1.7913 1.8012 0.0079, -1.7913 2.1063 0.0079, -2.5984 1.0532 0.0079, -2.5 1.0433 0.0079, -2.4901 1.0433 0.0079, -2.5984 0.7874 0.0079, -2.5 0.8465 0.0079, -2.4901 0.7874 0.0079, -2.4901 0.8465 0.0079, -2.185 0.8465 0.0079, -2.185 1.0433 0.0079, -1.4173 1.0532 0.0079, -1.4173 0.7874 0.0079, -2.5 1.1614 0.0079, -2.5 1.3583 0.0079, -2.4901 1.3583 0.0079, -2.185 1.3583 0.0079, -2.5984 0.4528 0.0079, -2.5 0.4134 0.0079, -2.5984 0.1575 0.0079, -2.5 0.2165 0.0079, -2.4901 0.1575 0.0079, -2.4901 0.2165 0.0079, -2.185 0.2165 0.0079, -2.185 0.4134 0.0079, -1.4173 0.4528 0.0079, -1.4173 0.1575 0.0079, -2.4901 -0.2165 0.0079, -2.5984 -0.1575 0.0079, -2.5 -0.2165 0.0079, -2.5 -0.3494 0.0079, -1.4173 -0.3494 0.0079, -2.185 -0.3494 0.0079, -1.4173 -0.1575 0.0079, -2.185 -0.2165 0.0079, -2.5 -0.0984 0.0079, -2.5 0.0984 0.0079, -2.4901 0.0984 0.0079, -2.185 0.0984 0.0079, -2.4901 -1.0433 0.0079, -2.185 -1.0433 0.0079, -2.5 -1.0433 0.0079, -2.5 -0.8464 0.0079, -2.4901 -0.8464 0.0079, -2.185 -0.8464 0.0079, -0.1348 1.8012 0.0079, -0.0984 1.8012 0.0079, -0.1348 1.7323 0.0079, -0.0984 1.7914 0.0079, 0.1553 1.7323 0.0079, 0.0984 1.7914 0.0079, 0.1553 1.8012 0.0079, 0.0984 1.8012 0.0079, 0.0984 2.1063 0.0079, -0.0984 2.1063 0.0079, -0.1348 2.7165 0.0079, 0.1553 2.7165 0.0079, -0.2165 1.8012 0.0079, -0.2165 2.1063 0.0079, -0.2165 1.7914 0.0079, -0.4134 1.7914 0.0079, -0.4507 1.7323 0.0079, -0.4134 1.8012 0.0079, -0.4507 1.8012 0.0079, -0.4134 2.1063 0.0079, -0.4507 2.7165 0.0079, 1.0433 1.8012 0.0079, 1.0433 2.1063 0.0079, 0.8465 2.1063 0.0079, 0.8465 1.8012 0.0079, 1.0433 1.7914 0.0079, 0.8465 1.7914 0.0079, 0.4894 1.8012 0.0079, 0.4134 1.8012 0.0079, 0.4134 2.1063 0.0079, 0.4134 1.7914 0.0079, 0.4894 1.7323 0.0079, 0.3494 1.7914 0.0079, 0.3494 1.7323 0.0079, 0.2166 1.7914 0.0079, 0.2166 1.8012 0.0079, 0.2166 2.1063 0.0079, 0.3494 2.1063 0.0079, 0.3494 2.7165 0.0079, 0.4894 2.7165 0.0079, -0.2854 0.2854 0.0079, -0.1348 0.2854 0.0079, -0.1348 0.4528 0.0079, 0.1553 0.2854 0.0079, 0.1553 0.4528 0.0079, 0.2855 0.2854 0.0079, 0.3494 0.4528 0.0079, 0.3494 0.1575 0.0079, -0.4507 0.1575 0.0079, -0.2854 0.1575 0.0079, -0.2854 -0.1575 0.0079, -1.1122 -0.1575 0.0079, -1.1122 0.1575 0.0079, -1.063 -0.1575 0.0079, -1.063 0.1575 0.0079, -1.063 0.2854 0.0079, -1.0531 0.2854 0.0079, -0.5045 0.2854 0.0079, -0.4921 0.2854 0.0079, 0.2855 -0.2854 0.0079, 0.1553 -0.2854 0.0079, -0.1348 -0.2854 0.0079, -0.2854 -0.2854 0.0079, -0.4507 -0.1575 0.0079, -0.4921 0.1575 0.0079, -1.063 -0.2854 0.0079, -1.0531 -0.2854 0.0079, -0.5045 -0.2854 0.0079, -0.4921 -0.2854 0.0079, -0.4921 -0.1575 0.0079, -0.4507 0.7874 0.0079, -0.2854 0.7874 0.0079, -0.2854 0.5118 0.0079, -0.2854 1.0532 0.0079, -0.2854 1.063 0.0079, -0.1348 1.063 0.0079, -0.1348 1.4173 0.0079, 0.1553 1.063 0.0079, 0.1553 1.4173 0.0079, 0.2855 1.063 0.0079, 0.3494 1.4173 0.0079, 0.3494 1.0532 0.0079, 0.2855 1.0532 0.0079, 0.3494 0.7874 0.0079, 0.2855 0.7874 0.0079, 0.3494 0.5118 0.0079, -0.2854 0.4921 0.0079, -0.1348 0.4921 0.0079, 0.1553 0.4921 0.0079, 0.2855 0.4921 0.0079, 0.2855 0.5118 0.0079, 0.4894 -0.7874 0.0079, 0.4921 -0.4921 0.0079, 0.5062 -0.4921 0.0079, 0.7874 -0.4921 0.0079, 1.063 -0.4921 0.0079, 1.1122 -0.7874 0.0079, 1.063 -1.063 0.0079, 1.1122 -1.1736 0.0079, 0.7874 -1.063 0.0079, 0.5062 1.063 0.0079, 0.4921 1.063 0.0079, 0.4894 1.4173 0.0079, 0.4894 1.0532 0.0079, 0.7874 1.063 0.0079, 1.063 1.063 0.0079, 0.7874 0.4921 0.0079, 1.063 0.4921 0.0079, 1.1122 0.4528 0.0079, 1.1122 0.5118 0.0079, 1.063 -0.1575 0.0079, 1.063 0.1575 0.0079, 1.1122 0.1575 0.0079, 0.4921 1.0532 0.0079, 0.4921 0.7874 0.0079, 0.4894 0.7874 0.0079, 0.4921 0.5118 0.0079, 0.4894 0.5118 0.0079, -0.4458 -1.5116 0.0079, -0.4134 -1.5427 0.0079, -0.3723 -1.5665 0.0079, -0.3392 -1.1967 0.0079, -0.3852 -1.2129 0.0079, -0.4281 -1.2416 0.0079, -0.2823 -1.1906 0.0079, -0.3269 -1.5801 0.0079, -0.2782 -1.5843 0.0079, -0.1712 -1.5843 0.0079, -0.1712 -1.1906 0.0079, -0.4684 -1.4764 0.0079, -0.4507 -1.504 0.0079, -0.4285 -1.2419 0.0079, -0.4507 -1.2666 0.0079, -0.4563 -1.2728 0.0079, -0.4746 -1.3067 0.0079, -0.4852 -1.3455 0.0079, -0.4881 -1.3825 0.0079, -0.4825 -1.4352 0.0079, 0.1937 -1.5207 0.0079, 0.2948 -1.5459 0.0079, 0.3247 -1.2334 0.0079, 0.3315 -1.5418 0.0079, 0.3494 -1.2423 0.0079, 0.2425 -1.5401 0.0079, 0.2008 -1.5246 0.0079, 0.2859 -1.229 0.0079, 0.2381 -1.2352 0.0079, 0.1937 -1.2542 0.0079, 0.1937 -1.2014 0.0079, 0.1937 -1.5639 0.0079, 0.2357 -1.5811 0.0079, 0.2913 -1.5889 0.0079, 0.302 -1.5891 0.0079, 0.3259 -1.189 0.0079, 0.2864 -1.1858 0.0079, 0.2392 -1.1891 0.0079, 0.3542 -1.244 0.0079, 0.4319 -1.361 0.0079, 0.4338 -1.3917 0.0079, 0.4298 -1.4343 0.0079, 0.3843 -1.5149 0.0079, 0.3602 -1.5312 0.0079, 0.3494 -1.5352 0.0079, 0.3814 -1.2622 0.0079, 0.4052 -1.2885 0.0079, 0.4214 -1.3189 0.0079, 0.4191 -1.4682 0.0079, 0.4028 -1.4955 0.0079, 0.4204 -1.5507 0.0079, 0.45 -1.5196 0.0079, 0.4709 -1.4822 0.0079, 0.4658 -1.2943 0.0079, 0.4427 -1.2575 0.0079, 0.4072 -1.2233 0.0079, 0.3494 -1.5842 0.0079, 0.3506 -1.5841 0.0079, 0.3887 -1.571 0.0079, 0.4828 -1.4405 0.0079, 0.4866 -1.3949 0.0079, 0.4809 -1.3389 0.0079, 2.1949 -2.2047 0.0079, 2.5984 -2.2047 0.0079, 0.7284 -2.1063 0.0079, 0.7284 -2.0964 0.0079, 0.7284 -1.7913 0.0079, -0.4507 -2.0964 0.0079, -0.4134 -1.7913 0.0079, -2.5 -1.6312 0.0079, 0.7874 -1.1736 0.0079, 0.5202 -1.5843 0.0079, 0.7219 -1.5843 0.0079, 0.7219 -1.1906 0.0079, 0.669 -1.1906 0.0079, 0.669 -1.5411 0.0079, 0.5202 -1.5411 0.0079, 0.4921 -0.7874 0.0079, 0.4921 -1.0531 0.0079, 0.4894 -1.0531 0.0079, -0.0848 -1.1906 0.0079, 0.1169 -1.1906 0.0079, 0.1169 -1.5843 0.0079, -0.0944 -1.5843 0.0079, -0.0944 -1.5411 0.0079, -0.0848 -1.2338 0.0079, 0.0641 -1.4067 0.0079, 0.0641 -1.5411 0.0079, -0.0752 -1.4067 0.0079, -0.0752 -1.3635 0.0079, 0.0641 -1.3635 0.0079, 0.0641 -1.2338 0.0079, -0.7747 -1.4739 0.0079, -0.6121 -1.4739 0.0079, -0.8145 -1.5843 0.0079, -0.5745 -1.5843 0.0079, -0.8722 -1.5843 0.0079, -0.5169 -1.5843 0.0079, -0.6657 -1.1906 0.0079, -0.7185 -1.1906 0.0079, 2.0866 0.5118 0.0079, 2.1851 0.7284 0.0079, 2.1949 0.7284 0.0079, 2.5 0.7284 0.0079, 2.5984 0.5118 0.0079, 2.1949 0.4528 0.0079, 2.1949 0.4134 0.0079, -2.5984 0.5118 0.0079, -2.5 0.7284 0.0079, -2.4901 0.7284 0.0079, -2.185 0.7284 0.0079, -1.4173 0.5118 0.0079, -2.4901 0.4528 0.0079, -2.4901 0.4134 0.0079, 1.4173 1.0532 0.0079, 1.4173 0.7874 0.0079, 1.4173 0.5118 0.0079, 1.4173 0.4528 0.0079, 1.4173 0.1575 0.0079, 1.4173 -0.1575 0.0079, 1.4173 -0.3494 0.0079, 1.4173 -0.7874 0.0079, 1.4173 -1.0531 0.0079, 1.4173 -1.1736 0.0079, 1.1122 1.4173 0.0079, 1.1122 1.0532 0.0079, 1.1122 0.7874 0.0079, 1.4173 1.4173 0.0079, 1.063 0.5118 0.0079, 1.063 0.7874 0.0079, 1.063 1.0532 0.0079, -1.1122 1.4173 0.0079, 2.1949 1.8012 0.0079, 2.5984 1.8012 0.0079, 2.2047 2.0866 0.0079, 2.2047 1.811 0.0079, 2.4803 1.811 0.0079, 2.4803 2.0866 0.0079, 2.5984 2.7165 0.0079, 2.1949 2.7165 0.0079, -2.5984 1.8012 0.0079, -2.5984 2.7165 0.0079, 2.4047 2.3836 0.3228, 2.4114 2.3327 0.3228, 2.5984 2.7165 0.3228, -1.4134 2.3513 0.3228, -1.196 2.3836 0.3228, -1.1764 2.4311 0.3228, -2.3537 1.3498 0.3228, -2.313 1.3811 0.3228, -2.2008 1.5639 0.3228, -2.4047 1.2616 0.3228, -2.385 1.3091 0.3228, -2.2465 2.4933 0.3228, -2.2425 2.5239 0.3228, -1.3486 1.4142 0.3228, -1.3012 1.4339 0.3228, -1.4134 1.5639 0.3228, -1.2604 1.4652 0.3228, -1.2027 1.6043 0.3228, -1.2027 2.3327 0.3228, -2.2655 1.4008 0.3228, -2.2145 1.4075 0.3228, -1.3996 1.4075 0.3228, 2.4047 -1.8718 0.3228, 2.3851 -1.9193 0.3228, 2.5984 -2.2047 0.3228, 2.3538 -1.96 0.3228, 2.313 -1.9913 0.3228, -2.2583 2.4648 0.3228, -2.2771 2.4404 0.3228, -2.4114 1.2106 0.3228, -2.3015 2.4216 0.3228, -2.33 2.4098 0.3228, -2.4441 2.4404 0.3228, -2.4629 2.4648 0.3228, -2.5984 -2.2047 0.3228, -2.4747 2.4933 0.3228, -2.5984 2.7165 0.3228, -2.4787 2.5239 0.3228, -2.4747 2.5545 0.3228, -2.4629 2.583 0.3228, 2.2655 2.5228 0.3228, 2.313 2.5032 0.3228, -1.2291 1.5059 0.3228, -1.2094 1.5534 0.3228, 2.4114 -1.8209 0.3228, -2.2655 -2.011 0.3228, -2.313 -1.9913 0.3228, -2.3537 -1.96 0.3228, -2.385 -1.9193 0.3228, -2.4441 2.6074 0.3228, -2.4196 2.6262 0.3228, -2.3911 2.638 0.3228, -2.3606 2.642 0.3228, -2.33 2.638 0.3228, -2.3015 2.6262 0.3228, -2.2771 2.6074 0.3228, -2.2583 2.583 0.3228, 2.3538 2.4719 0.3228, 2.3851 2.4311 0.3228, -2.4047 -1.8718 0.3228, -2.4114 -1.8209 0.3228, -2.3606 2.4058 0.3228, -2.3911 2.4098 0.3228, -2.4196 2.4216 0.3228, 2.2655 -2.011 0.3228, 2.2146 -2.0177 0.3228, -2.2145 -2.0177 0.3228, -2.2465 2.5545 0.3228, -2.2008 2.3513 0.3228, -1.1451 2.4719 0.3228, -1.1043 2.5032 0.3228, -1.0568 2.5228 0.3228, -1.0059 2.5295 0.3228, 2.2146 2.5295 0.3228
            ]
        }
        coordIndex [
            0,1,2,-1,3,4,5,-1,6,7,8,-1,9,10,11,-1,12,13,14,-1,15,16,17,-1,18,19,20,-1,21,22,23,-1,24,25,26,-1,27,28,29,-1,30,31,32,-1,33,34,35,-1,36,37,38,-1,39,40,41,-1,42,43,44,-1,45,46,47,-1,48,49,50,-1,51,52,53,-1,54,55,56,-1,56,55,57,-1,58,59,60,-1,60,59,61,-1,60,61,62,-1,62,61,63,-1,53,52,64,-1,64,52,65,-1,64,65,66,-1,66,65,67,-1,66,67,68,-1,55,69,57,-1,57,69,70,-1,57,70,71,-1,71,70,51,-1,71,51,72,-1,72,51,53,-1,73,74,75,-1,76,48,77,-1,77,78,76,-1,76,78,79,-1,76,79,80,-1,80,79,81,-1,81,79,82,-1,81,82,83,-1,83,82,84,-1,83,84,85,-1,85,84,86,-1,85,86,87,-1,86,88,87,-1,87,88,89,-1,87,89,90,-1,90,89,91,-1,90,91,92,-1,92,91,93,-1,94,95,96,-1,96,95,97,-1,97,95,98,-1,98,95,99,-1,98,99,100,-1,101,102,103,-1,103,102,104,-1,103,104,100,-1,105,106,45,-1,45,106,107,-1,94,96,108,-1,108,96,109,-1,108,109,110,-1,110,109,111,-1,110,111,112,-1,112,111,113,-1,112,113,114,-1,114,113,115,-1,114,115,116,-1,116,115,117,-1,116,117,118,-1,44,43,119,-1,119,43,120,-1,119,120,11,-1,11,120,121,-1,11,121,122,-1,122,121,123,-1,122,123,124,-1,125,42,73,-1,75,93,73,-1,73,93,91,-1,73,91,125,-1,125,91,89,-1,125,89,126,-1,126,89,127,-1,127,89,88,-1,127,88,128,-1,128,88,129,-1,128,129,130,-1,130,129,131,-1,130,131,132,-1,132,131,133,-1,132,133,124,-1,124,133,134,-1,124,134,122,-1,135,136,137,-1,137,136,138,-1,135,137,139,-1,139,137,140,-1,139,140,141,-1,141,140,142,-1,141,142,2,-1,138,136,143,-1,143,136,144,-1,143,144,145,-1,146,147,148,-1,39,149,148,-1,148,149,150,-1,148,150,146,-1,41,40,151,-1,147,146,152,-1,152,146,153,-1,152,153,154,-1,155,156,157,-1,157,156,158,-1,157,158,159,-1,159,158,160,-1,161,160,162,-1,162,160,163,-1,162,163,164,-1,164,163,165,-1,165,163,166,-1,165,166,167,-1,155,36,156,-1,156,36,38,-1,156,38,23,-1,23,38,168,-1,23,168,169,-1,170,171,172,-1,173,166,174,-1,174,166,163,-1,174,163,175,-1,175,163,160,-1,175,160,172,-1,172,160,176,-1,172,176,170,-1,171,170,177,-1,177,170,178,-1,177,178,173,-1,179,180,181,-1,182,183,181,-1,181,183,184,-1,181,184,179,-1,185,186,187,-1,187,186,188,-1,187,188,189,-1,189,188,190,-1,190,188,183,-1,190,183,191,-1,191,183,182,-1,191,182,192,-1,192,182,193,-1,192,193,185,-1,180,179,194,-1,194,179,195,-1,194,195,196,-1,197,150,198,-1,198,150,199,-1,200,153,201,-1,201,153,146,-1,201,146,202,-1,202,146,150,-1,202,150,203,-1,203,150,197,-1,203,197,204,-1,204,197,205,-1,204,205,206,-1,206,205,207,-1,206,207,208,-1,209,210,211,-1,212,213,214,-1,211,210,214,-1,214,210,215,-1,214,215,212,-1,211,216,209,-1,209,216,217,-1,209,217,218,-1,218,217,219,-1,218,219,220,-1,220,219,221,-1,222,223,224,-1,225,226,227,-1,227,226,228,-1,229,230,231,-1,232,208,233,-1,233,208,234,-1,233,234,235,-1,235,234,236,-1,235,236,237,-1,237,236,238,-1,237,238,239,-1,239,238,240,-1,239,240,241,-1,241,240,242,-1,243,244,245,-1,246,247,248,-1,248,247,249,-1,248,249,250,-1,250,249,251,-1,250,251,252,-1,252,251,253,-1,252,253,245,-1,245,253,254,-1,245,254,243,-1,255,256,257,-1,257,256,258,-1,257,258,259,-1,259,258,260,-1,259,260,261,-1,261,260,262,-1,261,262,263,-1,263,262,264,-1,265,266,267,-1,268,269,270,-1,270,269,271,-1,270,271,272,-1,272,271,273,-1,272,273,274,-1,274,273,266,-1,274,266,275,-1,275,266,265,-1,275,265,276,-1,276,265,277,-1,276,277,268,-1,268,277,278,-1,268,278,269,-1,269,278,279,-1,269,279,280,-1,280,279,281,-1,280,281,282,-1,282,281,283,-1,282,283,284,-1,284,283,285,-1,284,285,267,-1,267,285,286,-1,267,286,265,-1,287,288,289,-1,290,291,292,-1,292,291,293,-1,292,293,294,-1,295,296,297,-1,297,296,298,-1,297,298,299,-1,299,298,300,-1,299,300,301,-1,302,299,303,-1,303,299,301,-1,303,301,304,-1,304,301,305,-1,304,305,306,-1,307,308,309,-1,309,308,310,-1,309,310,311,-1,311,310,312,-1,311,312,313,-1,314,315,316,-1,316,315,317,-1,318,319,320,-1,320,319,321,-1,320,321,317,-1,317,321,322,-1,317,322,316,-1,316,322,323,-1,313,312,324,-1,324,312,325,-1,324,325,326,-1,327,328,329,-1,329,328,330,-1,331,332,333,-1,333,332,334,-1,333,334,335,-1,335,334,336,-1,335,336,337,-1,337,336,338,-1,337,338,339,-1,339,338,340,-1,339,340,341,-1,341,340,342,-1,343,344,345,-1,345,344,6,-1,305,294,306,-1,306,294,293,-1,306,293,346,-1,346,293,347,-1,346,347,348,-1,26,349,350,-1,350,349,351,-1,350,351,352,-1,353,346,354,-1,354,346,348,-1,354,348,355,-1,355,348,356,-1,355,356,343,-1,343,356,357,-1,343,357,344,-1,344,357,358,-1,344,358,359,-1,359,358,360,-1,359,360,347,-1,347,360,361,-1,347,361,348,-1,354,352,353,-1,353,352,351,-1,353,351,25,-1,25,351,362,-1,25,362,26,-1,26,362,363,-1,26,363,349,-1,364,365,366,-1,347,367,359,-1,359,367,368,-1,359,368,344,-1,344,368,369,-1,344,369,370,-1,370,369,371,-1,370,371,366,-1,366,371,372,-1,366,372,364,-1,373,374,375,-1,375,374,376,-1,375,376,377,-1,377,376,378,-1,378,376,379,-1,378,379,380,-1,381,382,383,-1,384,374,385,-1,385,374,373,-1,385,373,386,-1,386,373,387,-1,386,387,383,-1,383,387,380,-1,383,380,381,-1,381,380,379,-1,322,318,323,-1,323,318,320,-1,323,320,326,-1,326,320,29,-1,326,29,324,-1,324,29,28,-1,324,28,388,-1,389,336,390,-1,390,336,391,-1,391,336,392,-1,392,336,334,-1,392,334,393,-1,393,334,332,-1,393,332,394,-1,394,332,395,-1,394,395,396,-1,396,395,397,-1,396,397,390,-1,390,397,398,-1,390,398,389,-1,399,400,401,-1,401,400,402,-1,401,402,403,-1,403,402,404,-1,403,404,405,-1,405,404,406,-1,405,406,407,-1,407,406,408,-1,407,408,409,-1,409,408,410,-1,409,410,399,-1,399,410,400,-1,411,412,413,-1,413,412,402,-1,402,412,414,-1,402,414,404,-1,404,414,415,-1,404,415,406,-1,406,415,416,-1,406,416,417,-1,418,342,419,-1,419,342,340,-1,419,340,420,-1,420,340,338,-1,420,338,421,-1,421,338,422,-1,421,422,423,-1,423,422,424,-1,423,424,425,-1,425,424,426,-1,427,428,429,-1,429,428,430,-1,430,428,431,-1,431,428,432,-1,431,432,433,-1,433,432,400,-1,433,400,434,-1,434,400,410,-1,434,410,435,-1,435,410,408,-1,435,408,436,-1,436,408,437,-1,436,437,438,-1,438,437,4,-1,438,4,439,-1,287,440,441,-1,441,440,442,-1,441,442,313,-1,313,442,443,-1,313,443,311,-1,314,308,315,-1,315,308,307,-1,315,307,444,-1,444,307,445,-1,444,445,446,-1,446,445,447,-1,288,287,448,-1,448,287,441,-1,448,441,449,-1,449,441,266,-1,449,266,450,-1,450,266,273,-1,450,273,451,-1,451,273,271,-1,451,271,289,-1,289,271,446,-1,289,446,287,-1,287,446,447,-1,287,447,440,-1,452,261,453,-1,453,261,280,-1,453,280,454,-1,454,280,282,-1,454,282,455,-1,455,282,284,-1,455,284,456,-1,456,284,257,-1,456,257,457,-1,457,257,259,-1,457,259,452,-1,452,259,261,-1,458,459,460,-1,460,459,461,-1,462,242,463,-1,463,242,240,-1,463,240,464,-1,464,240,238,-1,464,238,465,-1,465,238,252,-1,465,252,466,-1,466,252,245,-1,466,245,467,-1,467,245,244,-1,22,468,469,-1,469,468,470,-1,470,468,471,-1,470,471,472,-1,471,473,472,-1,472,473,474,-1,472,474,475,-1,475,474,166,-1,474,21,166,-1,166,21,23,-1,166,23,167,-1,167,23,169,-1,167,169,476,-1,476,169,477,-1,476,477,161,-1,161,477,478,-1,161,478,160,-1,160,478,37,-1,160,37,159,-1,159,37,36,-1,479,229,480,-1,480,229,481,-1,479,480,482,-1,482,480,483,-1,482,483,484,-1,484,483,485,-1,484,485,486,-1,487,488,486,-1,486,488,489,-1,486,489,484,-1,230,229,490,-1,490,229,479,-1,490,479,491,-1,491,479,470,-1,491,470,492,-1,492,470,472,-1,492,472,493,-1,493,472,475,-1,493,475,231,-1,231,475,488,-1,231,488,229,-1,229,488,487,-1,229,487,481,-1,494,495,496,-1,496,495,497,-1,496,497,498,-1,498,497,499,-1,498,499,500,-1,501,502,500,-1,500,502,503,-1,500,503,498,-1,222,504,505,-1,505,504,506,-1,505,506,216,-1,216,506,507,-1,216,507,217,-1,212,220,213,-1,213,220,221,-1,213,221,508,-1,508,221,509,-1,508,509,510,-1,510,509,511,-1,223,222,512,-1,512,222,505,-1,512,505,513,-1,513,505,496,-1,513,496,514,-1,514,496,498,-1,514,498,515,-1,515,498,503,-1,515,503,224,-1,224,503,510,-1,224,510,222,-1,222,510,511,-1,222,511,504,-1,295,516,517,-1,516,295,518,-1,518,295,297,-1,518,297,519,-1,519,297,211,-1,519,211,520,-1,520,211,214,-1,520,214,521,-1,521,214,213,-1,521,213,517,-1,517,213,291,-1,517,291,295,-1,295,291,290,-1,295,290,296,-1,522,523,524,-1,524,523,525,-1,524,525,526,-1,526,525,527,-1,526,527,528,-1,528,527,529,-1,528,529,530,-1,531,532,530,-1,530,532,533,-1,530,533,528,-1,522,534,535,-1,534,522,536,-1,536,522,524,-1,536,524,537,-1,537,524,538,-1,537,538,539,-1,539,538,540,-1,539,540,541,-1,541,540,542,-1,541,542,535,-1,535,542,532,-1,535,532,522,-1,522,532,531,-1,522,531,523,-1,41,543,544,-1,39,41,149,-1,149,41,544,-1,149,544,135,-1,135,544,545,-1,135,545,136,-1,136,545,546,-1,136,546,144,-1,543,41,547,-1,547,41,151,-1,547,151,548,-1,549,550,551,-1,550,549,552,-1,552,549,553,-1,552,553,554,-1,554,553,555,-1,554,555,556,-1,556,555,526,-1,556,526,557,-1,557,526,528,-1,557,528,558,-1,558,528,533,-1,558,533,559,-1,559,533,560,-1,559,560,551,-1,551,560,561,-1,551,561,549,-1,562,114,563,-1,563,114,564,-1,563,564,565,-1,565,564,566,-1,565,566,567,-1,567,566,568,-1,567,568,20,-1,20,568,569,-1,20,569,18,-1,570,571,572,-1,573,574,575,-1,575,574,576,-1,576,574,577,-1,577,574,108,-1,577,108,578,-1,578,108,110,-1,578,110,579,-1,579,110,112,-1,579,112,580,-1,580,112,114,-1,580,114,570,-1,570,114,562,-1,570,562,571,-1,19,18,581,-1,581,18,133,-1,581,133,582,-1,582,133,131,-1,582,131,583,-1,583,131,129,-1,583,129,584,-1,584,129,88,-1,584,88,572,-1,572,88,585,-1,572,585,570,-1,570,585,586,-1,570,586,580,-1,573,575,82,-1,82,575,587,-1,82,587,84,-1,84,587,588,-1,84,588,86,-1,86,588,589,-1,86,589,88,-1,88,589,590,-1,88,590,585,-1,585,590,591,-1,585,591,586,-1,592,593,594,-1,118,107,592,-1,592,107,106,-1,592,106,593,-1,593,106,595,-1,595,106,596,-1,596,106,105,-1,596,105,597,-1,597,105,598,-1,597,598,599,-1,599,598,600,-1,599,600,601,-1,600,602,601,-1,601,602,603,-1,601,603,604,-1,604,603,605,-1,604,605,606,-1,606,605,607,-1,118,592,116,-1,116,592,594,-1,116,594,114,-1,114,594,608,-1,114,608,564,-1,564,608,609,-1,564,609,566,-1,566,609,610,-1,566,610,568,-1,568,610,611,-1,568,611,607,-1,607,611,612,-1,607,612,606,-1,613,72,614,-1,614,72,615,-1,615,72,53,-1,615,53,616,-1,616,53,64,-1,616,64,617,-1,617,64,66,-1,617,66,14,-1,14,66,618,-1,14,618,12,-1,13,12,619,-1,619,12,620,-1,619,620,621,-1,622,623,624,-1,624,623,625,-1,622,1,626,-1,626,1,0,-1,626,0,627,-1,628,629,630,-1,630,629,631,-1,67,632,68,-1,68,632,633,-1,68,633,634,-1,634,633,58,-1,634,58,630,-1,630,58,60,-1,630,60,628,-1,628,60,62,-1,623,635,625,-1,625,635,636,-1,625,636,637,-1,637,636,638,-1,637,638,639,-1,639,638,63,-1,639,63,56,-1,56,63,61,-1,56,61,54,-1,54,61,59,-1,640,641,417,-1,417,641,642,-1,643,644,73,-1,73,644,645,-1,42,44,73,-1,73,44,646,-1,73,646,643,-1,642,647,417,-1,417,647,648,-1,417,648,406,-1,406,648,649,-1,406,649,44,-1,44,649,650,-1,44,650,646,-1,381,651,417,-1,417,651,652,-1,417,652,640,-1,645,653,73,-1,73,653,654,-1,73,654,74,-1,74,654,655,-1,74,655,656,-1,656,657,74,-1,74,657,658,-1,74,658,381,-1,381,658,659,-1,381,659,651,-1,408,119,660,-1,661,662,663,-1,663,662,664,-1,661,665,662,-1,662,665,666,-1,662,666,667,-1,667,666,668,-1,668,666,660,-1,668,660,669,-1,669,660,119,-1,669,119,670,-1,660,671,408,-1,408,671,672,-1,408,672,437,-1,437,672,673,-1,437,673,674,-1,10,675,11,-1,11,675,676,-1,11,676,119,-1,119,676,677,-1,119,677,670,-1,678,679,664,-1,664,679,680,-1,664,680,681,-1,682,683,664,-1,664,683,684,-1,664,684,663,-1,678,685,679,-1,679,685,686,-1,679,686,687,-1,681,688,664,-1,664,688,689,-1,664,689,682,-1,690,691,4,-1,4,691,692,-1,693,694,5,-1,5,694,695,-1,5,695,9,-1,674,696,437,-1,437,696,697,-1,437,697,4,-1,4,697,698,-1,4,698,690,-1,692,699,4,-1,4,699,700,-1,4,700,5,-1,5,700,701,-1,5,701,693,-1,398,27,389,-1,389,27,29,-1,389,29,702,-1,702,29,320,-1,702,320,703,-1,703,320,317,-1,429,329,427,-1,427,329,330,-1,427,330,422,-1,422,330,704,-1,422,704,424,-1,424,704,705,-1,424,705,426,-1,426,705,706,-1,426,706,3,-1,385,30,384,-1,384,30,32,-1,384,32,413,-1,413,32,707,-1,413,707,411,-1,411,707,708,-1,303,709,302,-1,302,709,24,-1,302,24,8,-1,8,24,26,-1,8,26,6,-1,6,26,350,-1,6,350,345,-1,430,439,429,-1,429,439,4,-1,429,4,329,-1,329,4,3,-1,329,3,327,-1,327,3,706,-1,31,382,32,-1,32,382,381,-1,32,381,707,-1,707,381,417,-1,707,417,708,-1,708,417,416,-1,621,620,710,-1,710,620,342,-1,710,342,426,-1,426,342,418,-1,426,418,425,-1,3,711,426,-1,426,711,712,-1,426,712,710,-1,710,712,713,-1,710,713,714,-1,715,716,714,-1,714,716,17,-1,714,17,710,-1,710,17,16,-1,710,16,621,-1,614,717,613,-1,613,717,718,-1,613,718,719,-1,719,718,15,-1,719,15,5,-1,5,15,17,-1,5,17,3,-1,3,17,716,-1,3,716,711,-1,720,44,721,-1,721,44,119,-1,721,119,722,-1,722,119,408,-1,722,408,723,-1,723,408,406,-1,723,406,724,-1,724,406,44,-1,724,44,725,-1,725,44,720,-1,726,727,728,-1,728,727,724,-1,728,724,729,-1,729,724,725,-1,729,725,730,-1,730,725,731,-1,732,733,734,-1,734,733,735,-1,736,734,379,-1,379,734,735,-1,379,735,381,-1,381,735,737,-1,381,737,74,-1,74,737,738,-1,74,738,739,-1,736,379,739,-1,739,379,50,-1,739,50,74,-1,74,50,49,-1,74,49,75,-1,48,50,77,-1,77,50,379,-1,77,379,365,-1,365,379,376,-1,365,376,366,-1,366,376,374,-1,366,374,370,-1,458,740,741,-1,741,740,246,-1,741,246,742,-1,742,246,248,-1,742,248,743,-1,743,248,250,-1,743,250,461,-1,461,250,744,-1,461,744,460,-1,460,744,263,-1,460,263,745,-1,745,263,264,-1,745,264,746,-1,458,460,740,-1,740,460,745,-1,740,745,255,-1,255,745,746,-1,255,746,256,-1,225,747,748,-1,748,747,482,-1,748,482,749,-1,749,482,484,-1,749,484,750,-1,750,484,489,-1,750,489,228,-1,228,489,751,-1,228,751,227,-1,227,751,502,-1,227,502,752,-1,752,502,501,-1,752,501,753,-1,225,227,747,-1,747,227,752,-1,747,752,494,-1,494,752,753,-1,494,753,495,-1,754,246,755,-1,755,246,740,-1,755,740,756,-1,756,740,255,-1,756,255,757,-1,757,255,257,-1,757,257,758,-1,758,257,284,-1,758,284,759,-1,759,284,267,-1,759,267,760,-1,760,267,266,-1,760,266,761,-1,761,266,441,-1,761,441,762,-1,762,441,313,-1,762,313,763,-1,763,313,324,-1,763,324,332,-1,332,324,388,-1,332,388,395,-1,764,754,765,-1,765,754,755,-1,765,755,766,-1,766,755,756,-1,766,756,631,-1,631,756,757,-1,631,757,630,-1,630,757,758,-1,630,758,634,-1,634,758,759,-1,634,759,68,-1,68,759,760,-1,68,760,66,-1,66,760,761,-1,66,761,618,-1,618,761,762,-1,618,762,12,-1,12,762,763,-1,12,763,620,-1,620,763,332,-1,620,332,342,-1,342,332,331,-1,342,331,341,-1,9,11,5,-1,5,11,122,-1,5,122,719,-1,719,122,134,-1,719,134,613,-1,613,134,133,-1,613,133,72,-1,72,133,18,-1,72,18,71,-1,71,18,569,-1,71,569,57,-1,57,569,568,-1,57,568,56,-1,56,568,607,-1,56,607,639,-1,639,607,605,-1,639,605,637,-1,637,605,603,-1,637,603,625,-1,625,603,602,-1,625,602,624,-1,200,206,153,-1,153,206,208,-1,153,208,242,-1,242,208,232,-1,242,232,241,-1,40,154,151,-1,151,154,153,-1,151,153,767,-1,767,153,242,-1,767,242,244,-1,244,242,462,-1,244,462,467,-1,546,548,144,-1,144,548,151,-1,144,151,764,-1,764,151,767,-1,764,767,754,-1,754,767,244,-1,754,244,246,-1,246,244,243,-1,246,243,247,-1,629,768,631,-1,631,768,769,-1,631,769,766,-1,766,769,770,-1,766,770,765,-1,765,770,627,-1,765,627,764,-1,764,627,0,-1,764,0,144,-1,144,0,2,-1,144,2,145,-1,145,2,142,-1,105,538,598,-1,598,538,524,-1,598,524,600,-1,600,524,526,-1,600,526,602,-1,602,526,555,-1,602,555,624,-1,624,555,553,-1,193,196,185,-1,185,196,195,-1,185,195,186,-1,186,195,47,-1,186,47,101,-1,101,47,46,-1,101,46,102,-1,173,178,166,-1,166,178,771,-1,166,771,475,-1,475,771,99,-1,475,99,488,-1,488,99,95,-1,488,95,489,-1,489,95,94,-1,489,94,751,-1,751,94,108,-1,751,108,502,-1,502,108,574,-1,502,574,503,-1,503,574,573,-1,503,573,510,-1,510,573,82,-1,510,82,508,-1,508,82,79,-1,508,79,213,-1,213,79,78,-1,213,78,291,-1,291,78,77,-1,291,77,293,-1,293,77,365,-1,293,365,347,-1,347,365,364,-1,347,364,367,-1,207,33,208,-1,208,33,35,-1,208,35,234,-1,234,35,772,-1,234,772,236,-1,236,772,773,-1,774,775,772,-1,772,775,776,-1,772,776,773,-1,773,776,777,-1,773,777,778,-1,778,777,779,-1,34,198,35,-1,35,198,199,-1,35,199,772,-1,772,199,779,-1,772,779,774,-1,774,779,777,-1,622,624,1,-1,1,624,553,-1,1,553,2,-1,2,553,549,-1,2,549,141,-1,141,549,561,-1,141,561,139,-1,45,47,105,-1,105,47,195,-1,105,195,538,-1,538,195,179,-1,538,179,540,-1,540,179,184,-1,540,184,542,-1,100,99,103,-1,103,99,771,-1,103,771,101,-1,101,771,178,-1,101,178,186,-1,186,178,170,-1,186,170,188,-1,188,170,176,-1,188,176,183,-1,22,469,23,-1,23,469,780,-1,23,780,156,-1,156,780,781,-1,156,781,158,-1,782,783,784,-1,785,786,787,-1,788,789,790,-1,791,792,793,-1,793,792,794,-1,795,796,797,-1,797,796,798,-1,797,799,785,-1,785,799,800,-1,785,800,786,-1,789,801,790,-1,790,801,802,-1,790,802,797,-1,797,802,803,-1,797,803,795,-1,804,805,806,-1,806,805,807,-1,806,807,808,-1,793,809,791,-1,791,809,810,-1,791,810,811,-1,811,810,812,-1,811,812,813,-1,814,815,816,-1,816,815,817,-1,816,817,818,-1,817,819,818,-1,818,819,820,-1,818,820,821,-1,822,823,784,-1,798,824,797,-1,797,824,825,-1,797,825,799,-1,784,783,806,-1,806,783,826,-1,806,826,804,-1,827,828,816,-1,816,828,829,-1,816,829,830,-1,821,831,818,-1,818,831,832,-1,818,832,833,-1,833,834,818,-1,818,834,835,-1,818,835,784,-1,835,836,784,-1,784,836,837,-1,784,837,838,-1,823,839,784,-1,784,839,840,-1,784,840,782,-1,830,841,816,-1,816,841,842,-1,816,842,811,-1,813,843,811,-1,811,843,844,-1,811,844,816,-1,816,844,845,-1,816,845,814,-1,808,846,806,-1,806,846,847,-1,806,847,816,-1,816,847,848,-1,816,848,827,-1,785,849,850,-1,850,849,794,-1,850,794,790,-1,790,794,792,-1,790,792,788,-1,787,851,785,-1,785,851,852,-1,785,852,849,-1,849,852,853,-1,849,853,838,-1,838,853,854,-1,838,854,784,-1,784,854,855,-1,784,855,822,-1,784,806,778,-1,778,806,703,-1,818,784,781,-1,781,784,778,-1,816,818,7,-1,7,818,781,-1,806,816,703,-1,703,816,7,-1,
        ]
    }
}
Shape{
    appearance Appearance {
        material  Material 	{
            diffuseColor 1.0 1.0 1.0
            specularColor 0.5019607843137255 0.5019607843137255 0.5019607843137255
            ambientIntensity 1.0
            transparency 0.0
            shininess 0.5
        }
    }
    geometry IndexedFaceSet {
        ccw TRUE
        solid FALSE
        coord DEF co Coordinate {
            point [
                2.4114 -1.8209 0.3228, 2.4114 2.3327 0.3228, 2.4114 -1.8209 0.7559, 2.4114 2.3327 0.7559, -1.0059 2.5295 0.7559, 2.2146 2.5295 0.7559, -1.0059 2.5295 0.3228, 2.2146 2.5295 0.3228, -2.4114 1.2106 0.3228, -2.4114 -1.8209 0.3228, -2.4114 1.2106 0.7559, -2.4114 -1.8209 0.7559, 2.2146 -2.0177 0.7559, -2.2145 -2.0177 0.7559, 2.2146 -2.0177 0.3228, -2.2145 -2.0177 0.3228, -1.3996 1.2106 0.9528, -2.2145 1.2106 0.9528, -2.2145 -1.8209 0.9528, -1.0059 2.3327 0.9528, -1.0059 1.6043 0.9528, 2.2146 2.3327 0.9528, -1.0135 1.5275 0.9528, 2.2146 -1.8209 0.9528, -1.0359 1.4537 0.9528, -1.0722 1.3856 0.9528, -1.1212 1.326 0.9528, -1.1809 1.277 0.9528, -1.2489 1.2406 0.9528, -1.3228 1.2182 0.9528, -1.2027 2.3327 0.3228, -1.2027 1.6043 0.3228, -1.2027 2.3327 0.7559, -1.2027 1.6043 0.7559, -1.3996 1.4075 0.3228, -2.2145 1.4075 0.3228, -1.3996 1.4075 0.7559, -2.2145 1.4075 0.7559, -2.4047 -1.8718 0.3228, -2.4047 -1.8718 0.7559, -2.385 -1.9193 0.3228, -2.385 -1.9193 0.7559, -2.3537 -1.96 0.3228, -2.3537 -1.96 0.7559, -2.313 -1.9913 0.3228, -2.313 -1.9913 0.7559, -2.2655 -2.011 0.3228, -2.2655 -2.011 0.7559, -2.2655 1.2106 0.946, -2.2655 -1.8209 0.946, -2.313 1.2106 0.9264, -2.313 -1.8209 0.9264, -2.3537 1.2106 0.8951, -2.3537 -1.8209 0.8951, -2.385 1.2106 0.8543, -2.385 -1.8209 0.8543, -2.4047 1.2106 0.8069, -2.4047 -1.8209 0.8069, -2.4047 1.2616 0.7559, -2.4047 1.2616 0.3228, -2.385 1.3091 0.7559, -2.385 1.3091 0.3228, -2.3537 1.3498 0.7559, -2.3537 1.3498 0.3228, -2.313 1.3811 0.7559, -2.313 1.3811 0.3228, -2.2655 1.4008 0.7559, -2.2655 1.4008 0.3228, -2.2145 -2.011 0.8069, -2.2638 -2.0045 0.8069, -2.2638 -1.9061 0.9264, -2.24 -1.865 0.946, -2.2506 -1.8569 0.946, -2.2638 -1.834 0.946, -2.2277 -1.8701 0.946, -2.24 -1.9159 0.9264, -2.2506 -1.9553 0.8951, -2.2145 -1.8718 0.946, -2.2841 -1.8904 0.9264, -2.2587 -1.8463 0.946, -2.2998 -1.8701 0.9264, -2.3096 -1.8463 0.9264, -2.2145 -1.9193 0.9264, -2.2145 -1.96 0.8951, -2.2145 -1.9913 0.8543, -2.2841 -1.9414 0.8951, -2.313 -1.9193 0.8951, -2.3351 -1.8904 0.8951, -2.349 -1.8569 0.8951, -2.2587 -1.9855 0.8543, -2.2998 -1.9685 0.8543, -2.3351 -1.9414 0.8543, -2.3622 -1.9061 0.8543, -2.3792 -1.865 0.8543, -2.3096 -1.9855 0.8069, -2.349 -1.9553 0.8069, -2.3792 -1.9159 0.8069, -2.3982 -1.8701 0.8069, -2.3982 1.2599 0.8069, -2.2998 1.2599 0.9264, -2.2587 1.2361 0.946, -2.2506 1.2467 0.946, -2.2145 1.2616 0.946, -2.2277 1.2599 0.946, -2.2638 1.2238 0.946, -2.3096 1.2361 0.9264, -2.349 1.2467 0.8951, -2.2841 1.2802 0.9264, -2.24 1.2548 0.946, -2.2638 1.2959 0.9264, -2.24 1.3057 0.9264, -2.2145 1.3091 0.9264, -2.3351 1.2802 0.8951, -2.313 1.3091 0.8951, -2.2841 1.3312 0.8951, -2.2506 1.3451 0.8951, -2.2145 1.3498 0.8951, -2.3792 1.2548 0.8543, -2.3622 1.2959 0.8543, -2.3351 1.3312 0.8543, -2.2998 1.3583 0.8543, -2.2587 1.3753 0.8543, -2.2145 1.3811 0.8543, -2.3792 1.3057 0.8069, -2.349 1.3451 0.8069, -2.3096 1.3753 0.8069, -2.2638 1.3943 0.8069, -2.2145 1.4008 0.8069, 2.2655 -2.011 0.3228, 2.2655 -2.011 0.7559, 2.313 -1.9913 0.3228, 2.313 -1.9913 0.7559, 2.3538 -1.96 0.3228, 2.3538 -1.96 0.7559, 2.3851 -1.9193 0.3228, 2.3851 -1.9193 0.7559, 2.4047 -1.8718 0.3228, 2.4047 -1.8718 0.7559, 2.2146 -1.8718 0.946, 2.2146 -1.9193 0.9264, 2.2146 -1.96 0.8951, 2.2146 -1.9913 0.8543, 2.2146 -2.011 0.8069, -1.3996 1.4008 0.8069, -1.3996 1.3811 0.8543, -1.3996 1.3498 0.8951, -1.3996 1.3091 0.9264, -1.3996 1.2616 0.946, -1.2065 1.5659 0.7559, -1.2094 1.5534 0.3228, -1.2102 1.5536 0.7559, -1.2177 1.529 0.7559, -1.2291 1.5059 0.3228, -1.2299 1.5063 0.7559, -1.2359 1.495 0.7559, -1.2604 1.4652 0.3228, -1.2604 1.4652 0.7559, -1.2902 1.4407 0.7559, -1.3012 1.4339 0.3228, -1.3016 1.4346 0.7559, -1.3243 1.4225 0.7559, -1.3486 1.4142 0.3228, -1.3489 1.415 0.7559, -1.3612 1.4113 0.7559, 2.4047 -1.8209 0.8069, 2.3983 -1.8701 0.8069, 2.2998 -1.8701 0.9264, 2.2587 -1.8463 0.946, 2.2506 -1.8569 0.946, 2.2278 -1.8701 0.946, 2.2638 -1.834 0.946, 2.3097 -1.8463 0.9264, 2.349 -1.8569 0.8951, 2.2655 -1.8209 0.946, 2.2842 -1.8904 0.9264, 2.2401 -1.865 0.946, 2.2638 -1.9061 0.9264, 2.2401 -1.9159 0.9264, 2.313 -1.8209 0.9264, 2.3538 -1.8209 0.8951, 2.3851 -1.8209 0.8543, 2.3351 -1.8904 0.8951, 2.313 -1.9193 0.8951, 2.2842 -1.9414 0.8951, 2.2506 -1.9553 0.8951, 2.3793 -1.865 0.8543, 2.3622 -1.9061 0.8543, 2.3351 -1.9414 0.8543, 2.2998 -1.9685 0.8543, 2.2587 -1.9855 0.8543, 2.3793 -1.9159 0.8069, 2.349 -1.9553 0.8069, 2.3097 -1.9855 0.8069, 2.2638 -2.0045 0.8069, -1.0568 1.6043 0.946, -1.0634 1.5375 0.946, -1.1043 1.6043 0.9264, -1.11 1.5467 0.9264, -1.1451 1.6043 0.8951, -1.15 1.5547 0.8951, -1.1764 1.6043 0.8543, -1.1807 1.5608 0.8543, -1.196 1.6043 0.8069, -1.1999 1.5646 0.8069, -1.2115 1.5264 0.8069, -1.2303 1.4913 0.8069, -1.2556 1.4604 0.8069, -1.2865 1.4351 0.8069, -1.3217 1.4163 0.8069, -1.3599 1.4047 0.8069, -1.1934 1.5189 0.8543, -1.214 1.4803 0.8543, -1.2417 1.4465 0.8543, -1.2756 1.4187 0.8543, -1.3142 1.3981 0.8543, -1.356 1.3854 0.8543, -1.1645 1.5069 0.8951, -1.188 1.4629 0.8951, -1.2196 1.4244 0.8951, -1.2582 1.3927 0.8951, -1.3022 1.3692 0.8951, -1.3499 1.3547 0.8951, -1.1268 1.4913 0.9264, -1.1541 1.4403 0.9264, -1.1908 1.3956 0.9264, -1.2355 1.3588 0.9264, -1.2866 1.3315 0.9264, -1.342 1.3147 0.9264, -1.0829 1.4732 0.946, -1.1146 1.4139 0.946, -1.1572 1.362 0.946, -1.2092 1.3194 0.946, -1.2684 1.2877 0.946, -1.3327 1.2682 0.946, 2.4047 2.3836 0.3228, 2.4047 2.3836 0.7559, 2.3851 2.4311 0.3228, 2.3851 2.4311 0.7559, 2.3538 2.4719 0.3228, 2.3538 2.4719 0.7559, 2.313 2.5032 0.3228, 2.313 2.5032 0.7559, 2.2655 2.5228 0.3228, 2.2655 2.5228 0.7559, 2.2655 2.3327 0.946, 2.313 2.3327 0.9264, 2.3538 2.3327 0.8951, 2.3851 2.3327 0.8543, 2.4047 2.3327 0.8069, -1.196 2.3327 0.8069, -1.1764 2.3327 0.8543, -1.1451 2.3327 0.8951, -1.1043 2.3327 0.9264, -1.0568 2.3327 0.946, -1.196 2.3836 0.7559, -1.196 2.3836 0.3228, -1.1764 2.4311 0.7559, -1.1764 2.4311 0.3228, -1.1451 2.4719 0.7559, -1.1451 2.4719 0.3228, -1.1043 2.5032 0.7559, -1.1043 2.5032 0.3228, -1.0568 2.5228 0.7559, -1.0568 2.5228 0.3228, 2.2146 2.5228 0.8069, 2.2638 2.5164 0.8069, 2.2638 2.4179 0.9264, 2.2401 2.3768 0.946, 2.2506 2.3687 0.946, 2.2638 2.3459 0.946, 2.2278 2.3819 0.946, 2.2401 2.4278 0.9264, 2.2506 2.4671 0.8951, 2.2146 2.3836 0.946, 2.2842 2.4023 0.9264, 2.2587 2.3582 0.946, 2.2998 2.3819 0.9264, 2.3097 2.3582 0.9264, 2.2146 2.4311 0.9264, 2.2146 2.4719 0.8951, 2.2146 2.5032 0.8543, 2.2842 2.4532 0.8951, 2.313 2.4311 0.8951, 2.3351 2.4023 0.8951, 2.349 2.3687 0.8951, 2.2587 2.4974 0.8543, 2.2998 2.4803 0.8543, 2.3351 2.4532 0.8543, 2.3622 2.4179 0.8543, 2.3793 2.3768 0.8543, 2.3097 2.4974 0.8069, 2.349 2.4671 0.8069, 2.3793 2.4278 0.8069, 2.3983 2.3819 0.8069, -1.1895 2.3819 0.8069, -1.0911 2.3819 0.9264, -1.05 2.3582 0.946, -1.0419 2.3687 0.946, -1.0059 2.3836 0.946, -1.0191 2.3819 0.946, -1.0551 2.3459 0.946, -1.101 2.3582 0.9264, -1.1403 2.3687 0.8951, -1.0755 2.4023 0.9264, -1.0314 2.3768 0.946, -1.0551 2.4179 0.9264, -1.0314 2.4278 0.9264, -1.0059 2.4311 0.9264, -1.1264 2.4023 0.8951, -1.1043 2.4311 0.8951, -1.0755 2.4532 0.8951, -1.0419 2.4671 0.8951, -1.0059 2.4719 0.8951, -1.1706 2.3768 0.8543, -1.1535 2.4179 0.8543, -1.1264 2.4532 0.8543, -1.0911 2.4803 0.8543, -1.05 2.4974 0.8543, -1.0059 2.5032 0.8543, -1.1706 2.4278 0.8069, -1.1403 2.4671 0.8069, -1.101 2.4974 0.8069, -1.0551 2.5164 0.8069, -1.0059 2.5228 0.8069
            ]
        }
        coordIndex [
            0,1,2,-1,2,1,3,-1,4,5,6,-1,6,5,7,-1,8,9,10,-1,10,9,11,-1,12,13,14,-1,14,13,15,-1,16,17,18,-1,19,20,21,-1,21,20,22,-1,21,22,23,-1,22,24,23,-1,23,24,25,-1,23,25,26,-1,26,27,23,-1,23,27,28,-1,23,28,18,-1,18,28,29,-1,18,29,16,-1,30,31,32,-1,32,31,33,-1,34,35,36,-1,36,35,37,-1,11,9,38,-1,11,38,39,-1,39,38,40,-1,39,40,41,-1,41,40,42,-1,41,42,43,-1,43,42,44,-1,43,44,45,-1,45,44,46,-1,45,46,47,-1,47,46,15,-1,47,15,13,-1,18,17,48,-1,18,48,49,-1,49,48,50,-1,49,50,51,-1,51,50,52,-1,51,52,53,-1,53,52,54,-1,53,54,55,-1,55,54,56,-1,55,56,57,-1,57,56,10,-1,57,10,11,-1,8,10,58,-1,8,58,59,-1,59,58,60,-1,59,60,61,-1,61,60,62,-1,61,62,63,-1,63,62,64,-1,63,64,65,-1,65,64,66,-1,65,66,67,-1,67,66,37,-1,67,37,35,-1,13,68,69,-1,70,71,72,-1,18,49,73,-1,72,71,18,-1,74,18,71,-1,74,71,75,-1,75,71,70,-1,75,70,76,-1,77,18,74,-1,78,79,80,-1,80,79,73,-1,80,73,81,-1,81,73,49,-1,81,49,51,-1,77,74,82,-1,82,74,75,-1,82,75,83,-1,83,75,76,-1,83,76,84,-1,85,78,86,-1,86,78,80,-1,86,80,87,-1,87,80,81,-1,87,81,88,-1,88,81,51,-1,88,51,53,-1,89,85,90,-1,90,85,86,-1,90,86,91,-1,91,86,87,-1,91,87,92,-1,92,87,88,-1,92,88,93,-1,93,88,53,-1,93,53,55,-1,68,89,69,-1,69,89,90,-1,69,90,94,-1,94,90,91,-1,94,91,95,-1,95,91,92,-1,95,92,96,-1,96,92,93,-1,96,93,97,-1,97,93,55,-1,97,55,57,-1,13,69,47,-1,47,69,94,-1,47,94,45,-1,45,94,95,-1,45,95,43,-1,43,95,96,-1,43,96,41,-1,41,96,97,-1,41,97,39,-1,39,97,57,-1,39,57,11,-1,79,18,73,-1,68,84,89,-1,89,84,76,-1,89,76,85,-1,85,76,70,-1,85,70,78,-1,78,70,72,-1,78,72,79,-1,79,72,18,-1,10,56,98,-1,99,100,101,-1,17,102,103,-1,101,100,17,-1,104,17,100,-1,104,100,105,-1,105,100,99,-1,105,99,106,-1,48,17,104,-1,107,108,109,-1,109,108,103,-1,109,103,110,-1,110,103,102,-1,110,102,111,-1,48,104,50,-1,50,104,105,-1,50,105,52,-1,52,105,106,-1,52,106,54,-1,112,107,113,-1,113,107,109,-1,113,109,114,-1,114,109,110,-1,114,110,115,-1,115,110,111,-1,115,111,116,-1,117,112,118,-1,118,112,113,-1,118,113,119,-1,119,113,114,-1,119,114,120,-1,120,114,115,-1,120,115,121,-1,121,115,116,-1,121,116,122,-1,56,117,98,-1,98,117,118,-1,98,118,123,-1,123,118,119,-1,123,119,124,-1,124,119,120,-1,124,120,125,-1,125,120,121,-1,125,121,126,-1,126,121,122,-1,126,122,127,-1,10,98,58,-1,58,98,123,-1,58,123,60,-1,60,123,124,-1,60,124,62,-1,62,124,125,-1,62,125,64,-1,64,125,126,-1,64,126,66,-1,66,126,127,-1,66,127,37,-1,108,17,103,-1,56,54,117,-1,117,54,106,-1,117,106,112,-1,112,106,99,-1,112,99,107,-1,107,99,101,-1,107,101,108,-1,108,101,17,-1,12,14,128,-1,12,128,129,-1,129,128,130,-1,129,130,131,-1,131,130,132,-1,131,132,133,-1,133,132,134,-1,133,134,135,-1,135,134,136,-1,135,136,137,-1,137,136,0,-1,137,0,2,-1,23,18,77,-1,23,77,138,-1,138,77,82,-1,138,82,139,-1,139,82,83,-1,139,83,140,-1,140,83,84,-1,140,84,141,-1,141,84,68,-1,141,68,142,-1,142,68,13,-1,142,13,12,-1,36,37,127,-1,36,127,143,-1,143,127,122,-1,143,122,144,-1,144,122,116,-1,144,116,145,-1,145,116,111,-1,145,111,146,-1,146,111,102,-1,146,102,147,-1,147,102,17,-1,147,17,16,-1,33,31,148,-1,148,31,149,-1,148,149,150,-1,150,149,151,-1,151,149,152,-1,151,152,153,-1,153,152,154,-1,154,152,155,-1,154,155,156,-1,156,155,157,-1,157,155,158,-1,157,158,159,-1,159,158,160,-1,160,158,161,-1,160,161,162,-1,162,161,163,-1,163,161,34,-1,163,34,36,-1,2,164,165,-1,166,167,168,-1,23,138,169,-1,168,167,23,-1,170,23,167,-1,170,167,171,-1,171,167,166,-1,171,166,172,-1,173,23,170,-1,174,175,176,-1,176,175,169,-1,176,169,177,-1,177,169,138,-1,177,138,139,-1,173,170,178,-1,178,170,171,-1,178,171,179,-1,179,171,172,-1,179,172,180,-1,181,174,182,-1,182,174,176,-1,182,176,183,-1,183,176,177,-1,183,177,184,-1,184,177,139,-1,184,139,140,-1,185,181,186,-1,186,181,182,-1,186,182,187,-1,187,182,183,-1,187,183,188,-1,188,183,184,-1,188,184,189,-1,189,184,140,-1,189,140,141,-1,164,185,165,-1,165,185,186,-1,165,186,190,-1,190,186,187,-1,190,187,191,-1,191,187,188,-1,191,188,192,-1,192,188,189,-1,192,189,193,-1,193,189,141,-1,193,141,142,-1,2,165,137,-1,137,165,190,-1,137,190,135,-1,135,190,191,-1,135,191,133,-1,133,191,192,-1,133,192,131,-1,131,192,193,-1,131,193,129,-1,129,193,142,-1,129,142,12,-1,175,23,169,-1,164,180,185,-1,185,180,172,-1,185,172,181,-1,181,172,166,-1,181,166,174,-1,174,166,168,-1,174,168,175,-1,175,168,23,-1,20,194,195,-1,194,196,197,-1,196,198,199,-1,198,200,201,-1,200,202,203,-1,202,33,148,-1,202,148,203,-1,203,148,150,-1,203,150,204,-1,150,151,204,-1,204,151,153,-1,204,153,205,-1,153,154,205,-1,205,154,156,-1,205,156,206,-1,206,156,157,-1,206,157,207,-1,207,157,159,-1,207,159,208,-1,159,160,208,-1,208,160,162,-1,208,162,209,-1,162,163,209,-1,209,163,36,-1,209,36,143,-1,200,203,201,-1,201,203,204,-1,201,204,210,-1,210,204,205,-1,210,205,211,-1,211,205,206,-1,211,206,212,-1,212,206,207,-1,212,207,213,-1,213,207,208,-1,213,208,214,-1,214,208,209,-1,214,209,215,-1,215,209,143,-1,215,143,144,-1,198,201,199,-1,199,201,210,-1,199,210,216,-1,216,210,211,-1,216,211,217,-1,217,211,212,-1,217,212,218,-1,218,212,213,-1,218,213,219,-1,219,213,214,-1,219,214,220,-1,220,214,215,-1,220,215,221,-1,221,215,144,-1,221,144,145,-1,196,199,197,-1,197,199,216,-1,197,216,222,-1,222,216,217,-1,222,217,223,-1,223,217,218,-1,223,218,224,-1,224,218,219,-1,224,219,225,-1,225,219,220,-1,225,220,226,-1,226,220,221,-1,226,221,227,-1,227,221,145,-1,227,145,146,-1,194,197,195,-1,195,197,222,-1,195,222,228,-1,228,222,223,-1,228,223,229,-1,229,223,224,-1,229,224,230,-1,230,224,225,-1,230,225,231,-1,231,225,226,-1,231,226,232,-1,232,226,227,-1,232,227,233,-1,233,227,146,-1,233,146,147,-1,20,195,22,-1,22,195,228,-1,22,228,24,-1,24,228,229,-1,24,229,25,-1,25,229,230,-1,25,230,26,-1,26,230,231,-1,26,231,27,-1,27,231,232,-1,27,232,28,-1,28,232,233,-1,28,233,29,-1,29,233,147,-1,29,147,16,-1,3,1,234,-1,3,234,235,-1,235,234,236,-1,235,236,237,-1,237,236,238,-1,237,238,239,-1,239,238,240,-1,239,240,241,-1,241,240,242,-1,241,242,243,-1,243,242,7,-1,243,7,5,-1,21,23,173,-1,21,173,244,-1,244,173,178,-1,244,178,245,-1,245,178,179,-1,245,179,246,-1,246,179,180,-1,246,180,247,-1,247,180,164,-1,247,164,248,-1,248,164,2,-1,248,2,3,-1,32,33,202,-1,32,202,249,-1,249,202,200,-1,249,200,250,-1,250,200,198,-1,250,198,251,-1,251,198,196,-1,251,196,252,-1,252,196,194,-1,252,194,253,-1,253,194,20,-1,253,20,19,-1,30,32,254,-1,30,254,255,-1,255,254,256,-1,255,256,257,-1,257,256,258,-1,257,258,259,-1,259,258,260,-1,259,260,261,-1,261,260,262,-1,261,262,263,-1,263,262,4,-1,263,4,6,-1,5,264,265,-1,266,267,268,-1,21,244,269,-1,268,267,21,-1,270,21,267,-1,270,267,271,-1,271,267,266,-1,271,266,272,-1,273,21,270,-1,274,275,276,-1,276,275,269,-1,276,269,277,-1,277,269,244,-1,277,244,245,-1,273,270,278,-1,278,270,271,-1,278,271,279,-1,279,271,272,-1,279,272,280,-1,281,274,282,-1,282,274,276,-1,282,276,283,-1,283,276,277,-1,283,277,284,-1,284,277,245,-1,284,245,246,-1,285,281,286,-1,286,281,282,-1,286,282,287,-1,287,282,283,-1,287,283,288,-1,288,283,284,-1,288,284,289,-1,289,284,246,-1,289,246,247,-1,264,285,265,-1,265,285,286,-1,265,286,290,-1,290,286,287,-1,290,287,291,-1,291,287,288,-1,291,288,292,-1,292,288,289,-1,292,289,293,-1,293,289,247,-1,293,247,248,-1,5,265,243,-1,243,265,290,-1,243,290,241,-1,241,290,291,-1,241,291,239,-1,239,291,292,-1,239,292,237,-1,237,292,293,-1,237,293,235,-1,235,293,248,-1,235,248,3,-1,275,21,269,-1,264,280,285,-1,285,280,272,-1,285,272,281,-1,281,272,266,-1,281,266,274,-1,274,266,268,-1,274,268,275,-1,275,268,21,-1,32,249,294,-1,295,296,297,-1,19,298,299,-1,297,296,19,-1,300,19,296,-1,300,296,301,-1,301,296,295,-1,301,295,302,-1,253,19,300,-1,303,304,305,-1,305,304,299,-1,305,299,306,-1,306,299,298,-1,306,298,307,-1,253,300,252,-1,252,300,301,-1,252,301,251,-1,251,301,302,-1,251,302,250,-1,308,303,309,-1,309,303,305,-1,309,305,310,-1,310,305,306,-1,310,306,311,-1,311,306,307,-1,311,307,312,-1,313,308,314,-1,314,308,309,-1,314,309,315,-1,315,309,310,-1,315,310,316,-1,316,310,311,-1,316,311,317,-1,317,311,312,-1,317,312,318,-1,249,313,294,-1,294,313,314,-1,294,314,319,-1,319,314,315,-1,319,315,320,-1,320,315,316,-1,320,316,321,-1,321,316,317,-1,321,317,322,-1,322,317,318,-1,322,318,323,-1,32,294,254,-1,254,294,319,-1,254,319,256,-1,256,319,320,-1,256,320,258,-1,258,320,321,-1,258,321,260,-1,260,321,322,-1,260,322,262,-1,262,322,323,-1,262,323,4,-1,304,19,299,-1,249,250,313,-1,313,250,302,-1,313,302,308,-1,308,302,295,-1,308,295,303,-1,303,295,297,-1,303,297,304,-1,304,297,19,-1,19,21,273,-1,19,273,298,-1,298,273,278,-1,298,278,307,-1,307,278,279,-1,307,279,312,-1,312,279,280,-1,312,280,318,-1,318,280,264,-1,318,264,323,-1,323,264,5,-1,323,5,4,-1,
        ]
    }
}
Shape{
    appearance Appearance {
        material  Material 	{
            diffuseColor 0.0 0.0 0.0
            specularColor 0.0 0.0 0.0
            ambientIntensity 0.0
            transparency 0.0
            shininess 0.5
        }
    }
    geometry IndexedFaceSet {
        ccw TRUE
        solid FALSE
        coord DEF co Coordinate {
            point [
                -2.2425 2.5239 0.3224, -2.2425 2.5239 0.3228, -2.2465 2.5545 0.3224, -2.2465 2.5545 0.3228, -2.2583 2.583 0.3224, -2.2583 2.583 0.3228, -2.2771 2.6074 0.3224, -2.2771 2.6074 0.3228, -2.3015 2.6262 0.3224, -2.3015 2.6262 0.3228, -2.33 2.638 0.3224, -2.33 2.638 0.3228, -2.3606 2.642 0.3224, -2.3606 2.642 0.3228, -2.3911 2.638 0.3224, -2.3911 2.638 0.3228, -2.4196 2.6262 0.3224, -2.4196 2.6262 0.3228, -2.4441 2.6074 0.3224, -2.4441 2.6074 0.3228, -2.4629 2.583 0.3224, -2.4629 2.583 0.3228, -2.4747 2.5545 0.3224, -2.4747 2.5545 0.3228, -2.4787 2.5239 0.3224, -2.4787 2.5239 0.3228, -2.4747 2.4933 0.3224, -2.4747 2.4933 0.3228, -2.4629 2.4648 0.3224, -2.4629 2.4648 0.3228, -2.4441 2.4404 0.3224, -2.4441 2.4404 0.3228, -2.4196 2.4216 0.3224, -2.4196 2.4216 0.3228, -2.3911 2.4098 0.3224, -2.3911 2.4098 0.3228, -2.3606 2.4058 0.3224, -2.3606 2.4058 0.3228, -2.33 2.4098 0.3224, -2.33 2.4098 0.3228, -2.3015 2.4216 0.3224, -2.3015 2.4216 0.3228, -2.2771 2.4404 0.3224, -2.2771 2.4404 0.3228, -2.2583 2.4648 0.3224, -2.2583 2.4648 0.3228, -2.2465 2.4933 0.3224, -2.2465 2.4933 0.3228, -2.3606 2.5239 0.3224
            ]
        }
        coordIndex [
            0,1,2,-1,2,1,3,-1,2,3,4,-1,4,3,5,-1,4,5,6,-1,6,5,7,-1,6,7,8,-1,8,7,9,-1,8,9,10,-1,10,9,11,-1,10,11,12,-1,12,11,13,-1,12,13,14,-1,14,13,15,-1,14,15,16,-1,16,15,17,-1,16,17,18,-1,18,17,19,-1,18,19,20,-1,20,19,21,-1,20,21,22,-1,22,21,23,-1,22,23,24,-1,24,23,25,-1,24,25,26,-1,26,25,27,-1,26,27,28,-1,28,27,29,-1,28,29,30,-1,30,29,31,-1,30,31,32,-1,32,31,33,-1,32,33,34,-1,34,33,35,-1,34,35,36,-1,36,35,37,-1,36,37,38,-1,38,37,39,-1,38,39,40,-1,40,39,41,-1,40,41,42,-1,42,41,43,-1,42,43,44,-1,44,43,45,-1,44,45,46,-1,46,45,47,-1,46,47,0,-1,0,47,1,-1,44,46,48,-1,48,46,0,-1,48,0,2,-1,38,40,48,-1,48,40,42,-1,48,42,44,-1,32,34,48,-1,48,34,36,-1,48,36,38,-1,26,28,48,-1,48,28,30,-1,48,30,32,-1,20,22,48,-1,48,22,24,-1,48,24,26,-1,14,16,48,-1,48,16,18,-1,48,18,20,-1,8,10,48,-1,48,10,12,-1,48,12,14,-1,2,4,48,-1,48,4,6,-1,48,6,8,-1,
        ]
    }
}
Shape{
    appearance Appearance {
        material  Material 	{
            diffuseColor 0.7529411764705882 0.7529411764705882 0.7529411764705882
            specularColor 0.3764705882352941 0.3764705882352941 0.3764705882352941
            ambientIntensity 0.7529
            transparency 0.0
            shininess 0.5
        }
    }
    geometry IndexedFaceSet {
        ccw TRUE
        solid FALSE
        coord DEF co Coordinate {
            point [
                -2.2008 1.5639 0.4409, -2.2008 2.3513 0.4409, -2.2008 1.5639 0.3228, -2.2008 2.3513 0.3228, -1.4134 1.5639 0.4409, -1.4134 1.5639 0.3228, -1.4134 2.3513 0.4409, -1.4134 2.3513 0.3228, -1.4648 2.0493 0.4409, -1.4527 1.9576 0.4409, -1.9842 1.6507 0.4409, -2.0576 1.707 0.4409, -1.4648 1.8659 0.4409, -1.5002 1.7804 0.4409, -1.5565 1.707 0.4409, -1.8071 1.6033 0.4409, -1.8988 1.6153 0.4409, -2.1493 2.0493 0.4409, -2.1614 1.9576 0.4409, -2.1139 2.1348 0.4409, -2.0576 2.2081 0.4409, -1.9842 2.2644 0.4409, -1.6299 1.6507 0.4409, -1.7154 1.6153 0.4409, -2.1139 1.7804 0.4409, -2.1493 1.8659 0.4409, -1.8988 2.2998 0.4409, -1.8071 2.3119 0.4409, -1.7154 2.2998 0.4409, -1.6299 2.2644 0.4409, -1.5565 2.2081 0.4409, -1.5002 2.1348 0.4409
            ]
        }
        coordIndex [
            0,1,2,-1,2,1,3,-1,4,0,5,-1,5,0,2,-1,6,4,7,-1,7,4,5,-1,1,6,3,-1,3,6,7,-1,8,9,6,-1,10,11,0,-1,6,9,4,-1,9,12,4,-1,4,12,13,-1,4,13,14,-1,4,15,0,-1,0,15,16,-1,0,16,10,-1,17,1,18,-1,18,1,0,-1,17,19,1,-1,1,19,20,-1,1,20,21,-1,14,22,4,-1,4,22,23,-1,4,23,15,-1,11,24,0,-1,0,24,25,-1,0,25,18,-1,21,26,1,-1,1,26,27,-1,1,27,6,-1,6,27,28,-1,6,28,29,-1,29,30,6,-1,6,30,31,-1,6,31,8,-1,
        ]
    }
}
Shape{
    appearance Appearance {
        material  Material 	{
            diffuseColor 1.0 1.0 0.0
            specularColor 0.5019607843137255 0.5019607843137255 0.0
            ambientIntensity 0.886
            transparency 0.0
            shininess 0.5
        }
    }
    geometry IndexedFaceSet {
        ccw TRUE
        solid FALSE
        coord DEF co Coordinate {
            point [
                -2.0457 2.0954 0.7559, -2.1139 2.1348 0.7559, -2.0733 2.0289 0.7559, -2.1493 2.0493 0.7559, -2.0827 1.9576 0.7559, -2.1614 1.9576 0.7559, -2.0733 1.8863 0.7559, -2.1493 1.8659 0.7559, -2.0457 1.8198 0.7559, -2.1139 1.7804 0.7559, -2.0019 1.7627 0.7559, -2.0576 1.707 0.7559, -1.9449 1.7189 0.7559, -1.9842 1.6507 0.7559, -1.8784 1.6914 0.7559, -1.8988 1.6153 0.7559, -1.8071 1.682 0.7559, -1.8071 1.6033 0.7559, -1.7357 1.6914 0.7559, -1.7154 1.6153 0.7559, -1.6693 1.7189 0.7559, -1.6299 1.6507 0.7559, -1.6122 1.7627 0.7559, -1.5565 1.707 0.7559, -1.5684 1.8198 0.7559, -1.5002 1.7804 0.7559, -1.5409 1.8863 0.7559, -1.4648 1.8659 0.7559, -1.5315 1.9576 0.7559, -1.4527 1.9576 0.7559, -1.5409 2.0289 0.7559, -1.4648 2.0493 0.7559, -1.5684 2.0954 0.7559, -1.5002 2.1348 0.7559, -1.6122 2.1525 0.7559, -1.5565 2.2081 0.7559, -1.6693 2.1963 0.7559, -1.6299 2.2644 0.7559, -1.7357 2.2238 0.7559, -1.7154 2.2998 0.7559, -1.8071 2.2332 0.7559, -1.8071 2.3119 0.7559, -1.8784 2.2238 0.7559, -1.8988 2.2998 0.7559, -1.9449 2.1963 0.7559, -1.9842 2.2644 0.7559, -2.0019 2.1525 0.7559, -2.0576 2.2081 0.7559, -2.1614 1.9576 0.4409, -2.1493 2.0493 0.4409, -2.1139 2.1348 0.4409, -2.0576 2.2081 0.4409, -1.9842 2.2644 0.4409, -1.8988 2.2998 0.4409, -1.8071 2.3119 0.4409, -1.7154 2.2998 0.4409, -1.6299 2.2644 0.4409, -1.5565 2.2081 0.4409, -1.5002 2.1348 0.4409, -1.4648 2.0493 0.4409, -1.4527 1.9576 0.4409, -1.4648 1.8659 0.4409, -1.5002 1.7804 0.4409, -1.5565 1.707 0.4409, -1.6299 1.6507 0.4409, -1.7154 1.6153 0.4409, -1.8071 1.6033 0.4409, -1.8988 1.6153 0.4409, -1.9842 1.6507 0.4409, -2.0576 1.707 0.4409, -2.1139 1.7804 0.4409, -2.1493 1.8659 0.4409, -2.0827 1.9576 0.4409, -2.0733 2.0289 0.4409, -2.0457 2.0954 0.4409, -2.0019 2.1525 0.4409, -1.9449 2.1963 0.4409, -1.8784 2.2238 0.4409, -1.8071 2.2332 0.4409, -1.7357 2.2238 0.4409, -1.6693 2.1963 0.4409, -1.6122 2.1525 0.4409, -1.5684 2.0954 0.4409, -1.5409 2.0289 0.4409, -1.5315 1.9576 0.4409, -1.5409 1.8863 0.4409, -1.5684 1.8198 0.4409, -1.6122 1.7627 0.4409, -1.6693 1.7189 0.4409, -1.7357 1.6914 0.4409, -1.8071 1.682 0.4409, -1.8784 1.6914 0.4409, -1.9449 1.7189 0.4409, -2.0019 1.7627 0.4409, -2.0457 1.8198 0.4409, -2.0733 1.8863 0.4409
            ]
        }
        coordIndex [
            0,1,2,-1,2,1,3,-1,2,3,4,-1,4,3,5,-1,4,5,6,-1,6,5,7,-1,6,7,8,-1,8,7,9,-1,8,9,10,-1,10,9,11,-1,10,11,12,-1,12,11,13,-1,12,13,14,-1,14,13,15,-1,14,15,16,-1,16,15,17,-1,16,17,18,-1,18,17,19,-1,18,19,20,-1,20,19,21,-1,20,21,22,-1,22,21,23,-1,22,23,24,-1,24,23,25,-1,24,25,26,-1,26,25,27,-1,26,27,28,-1,28,27,29,-1,28,29,30,-1,30,29,31,-1,30,31,32,-1,32,31,33,-1,32,33,34,-1,34,33,35,-1,34,35,36,-1,36,35,37,-1,36,37,38,-1,38,37,39,-1,38,39,40,-1,40,39,41,-1,40,41,42,-1,42,41,43,-1,42,43,44,-1,44,43,45,-1,44,45,46,-1,46,45,47,-1,46,47,0,-1,0,47,1,-1,48,3,49,-1,49,3,1,-1,49,1,50,-1,50,1,47,-1,50,47,51,-1,51,47,45,-1,51,45,52,-1,52,45,43,-1,52,43,53,-1,53,43,41,-1,53,41,54,-1,54,41,39,-1,54,39,55,-1,55,39,37,-1,55,37,56,-1,56,37,35,-1,56,35,57,-1,57,35,33,-1,57,33,58,-1,58,33,31,-1,58,31,59,-1,59,31,29,-1,59,29,60,-1,60,29,27,-1,60,27,61,-1,61,27,25,-1,61,25,62,-1,62,25,23,-1,62,23,63,-1,63,23,21,-1,63,21,64,-1,64,21,19,-1,64,19,65,-1,65,19,17,-1,65,17,66,-1,66,17,15,-1,66,15,67,-1,67,15,13,-1,67,13,68,-1,68,13,11,-1,68,11,69,-1,69,11,9,-1,69,9,70,-1,70,9,7,-1,70,7,71,-1,71,7,5,-1,71,5,48,-1,48,5,3,-1,4,72,2,-1,2,72,73,-1,2,73,0,-1,0,73,74,-1,0,74,46,-1,46,74,75,-1,46,75,44,-1,44,75,76,-1,44,76,42,-1,42,76,77,-1,42,77,40,-1,40,77,78,-1,40,78,38,-1,38,78,79,-1,38,79,36,-1,36,79,80,-1,36,80,34,-1,34,80,81,-1,34,81,32,-1,32,81,82,-1,32,82,30,-1,30,82,83,-1,30,83,28,-1,28,83,84,-1,28,84,26,-1,26,84,85,-1,26,85,24,-1,24,85,86,-1,24,86,22,-1,22,86,87,-1,22,87,20,-1,20,87,88,-1,20,88,18,-1,18,88,89,-1,18,89,16,-1,16,89,90,-1,16,90,14,-1,14,90,91,-1,14,91,12,-1,12,91,92,-1,12,92,10,-1,10,92,93,-1,10,93,8,-1,8,93,94,-1,8,94,6,-1,6,94,95,-1,6,95,4,-1,4,95,72,-1,
        ]
    }
}
Shape{
    appearance Appearance {
        material  Material 	{
            diffuseColor 0.7529411764705882 0.7529411764705882 0.7529411764705882
            specularColor 0.3764705882352941 0.3764705882352941 0.3764705882352941
            ambientIntensity 0.7529
            transparency 0.0
            shininess 0.5
        }
    }
    geometry IndexedFaceSet {
        ccw TRUE
        solid FALSE
        coord DEF co Coordinate {
            point [
                -1.748 2.0599 0.4409, -1.6693 2.1963 0.4409, -1.7765 2.0717 0.4409, -1.7357 2.2238 0.4409, -1.8071 2.0757 0.4409, -1.8071 2.2332 0.4409, -1.8376 2.0717 0.4409, -1.8784 2.2238 0.4409, -1.8661 2.0599 0.4409, -1.9449 2.1963 0.4409, -1.8906 2.0411 0.4409, -2.0019 2.1525 0.4409, -1.9094 2.0166 0.4409, -2.0457 2.0954 0.4409, -1.9212 1.9882 0.4409, -2.0733 2.0289 0.4409, -1.9252 1.9576 0.4409, -2.0827 1.9576 0.4409, -1.9212 1.927 0.4409, -2.0733 1.8863 0.4409, -1.9094 1.8985 0.4409, -2.0457 1.8198 0.4409, -1.8906 1.8741 0.4409, -2.0019 1.7627 0.4409, -1.8661 1.8553 0.4409, -1.9449 1.7189 0.4409, -1.8376 1.8435 0.4409, -1.8784 1.6914 0.4409, -1.8071 1.8395 0.4409, -1.8071 1.682 0.4409, -1.7765 1.8435 0.4409, -1.7357 1.6914 0.4409, -1.748 1.8553 0.4409, -1.6693 1.7189 0.4409, -1.7236 1.8741 0.4409, -1.6122 1.7627 0.4409, -1.7048 1.8985 0.4409, -1.5684 1.8198 0.4409, -1.693 1.927 0.4409, -1.5409 1.8863 0.4409, -1.689 1.9576 0.4409, -1.5315 1.9576 0.4409, -1.693 1.9882 0.4409, -1.5409 2.0289 0.4409, -1.7048 2.0166 0.4409, -1.5684 2.0954 0.4409, -1.7236 2.0411 0.4409, -1.6122 2.1525 0.4409
            ]
        }
        coordIndex [
            0,1,2,-1,2,1,3,-1,2,3,4,-1,4,3,5,-1,4,5,6,-1,6,5,7,-1,6,7,8,-1,8,7,9,-1,8,9,10,-1,10,9,11,-1,10,11,12,-1,12,11,13,-1,12,13,14,-1,14,13,15,-1,14,15,16,-1,16,15,17,-1,16,17,18,-1,18,17,19,-1,18,19,20,-1,20,19,21,-1,20,21,22,-1,22,21,23,-1,22,23,24,-1,24,23,25,-1,24,25,26,-1,26,25,27,-1,26,27,28,-1,28,27,29,-1,28,29,30,-1,30,29,31,-1,30,31,32,-1,32,31,33,-1,32,33,34,-1,34,33,35,-1,34,35,36,-1,36,35,37,-1,36,37,38,-1,38,37,39,-1,38,39,40,-1,40,39,41,-1,40,41,42,-1,42,41,43,-1,42,43,44,-1,44,43,45,-1,44,45,46,-1,46,45,47,-1,46,47,0,-1,0,47,1,-1,
        ]
    }
}
Shape{
    appearance Appearance {
        material  Material 	{
            diffuseColor 1.0 1.0 0.0
            specularColor 0.5019607843137255 0.5019607843137255 0.0
            ambientIntensity 0.886
            transparency 0.0
            shininess 0.5
        }
    }
    geometry IndexedFaceSet {
        ccw TRUE
        solid FALSE
        coord DEF co Coordinate {
            point [
                -1.9252 1.9576 0.4409, -1.9212 1.9882 0.6378, -1.9212 1.9882 0.4409, -1.9094 2.0166 0.6378, -1.9094 2.0166 0.4409, -1.8906 2.0411 0.6378, -1.8906 2.0411 0.4409, -1.8661 2.0599 0.6378, -1.8661 2.0599 0.4409, -1.8376 2.0717 0.6378, -1.8376 2.0717 0.4409, -1.8071 2.0757 0.6378, -1.8071 2.0757 0.4409, -1.7765 2.0717 0.6378, -1.7765 2.0717 0.4409, -1.748 2.0599 0.6378, -1.748 2.0599 0.4409, -1.7236 2.0411 0.6378, -1.7236 2.0411 0.4409, -1.7048 2.0166 0.6378, -1.7048 2.0166 0.4409, -1.693 1.9882 0.6378, -1.693 1.9882 0.4409, -1.689 1.9576 0.6378, -1.689 1.9576 0.4409, -1.693 1.927 0.6378, -1.693 1.927 0.4409, -1.7048 1.8985 0.6378, -1.7048 1.8985 0.4409, -1.7236 1.8741 0.6378, -1.7236 1.8741 0.4409, -1.748 1.8553 0.6378, -1.748 1.8553 0.4409, -1.7765 1.8435 0.6378, -1.7765 1.8435 0.4409, -1.8071 1.8395 0.6378, -1.8071 1.8395 0.4409, -1.8376 1.8435 0.6378, -1.8376 1.8435 0.4409, -1.8661 1.8553 0.6378, -1.8661 1.8553 0.4409, -1.8906 1.8741 0.6378, -1.8906 1.8741 0.4409, -1.9094 1.8985 0.6378, -1.9094 1.8985 0.4409, -1.9212 1.927 0.6378, -1.9212 1.927 0.4409, -1.9252 1.9576 0.6378, -1.8071 1.9576 0.7559, -1.7775 1.9655 0.7519, -1.7806 1.9729 0.7519, -1.7765 1.9576 0.7519, -1.7918 1.9841 0.7519, -1.7992 1.9871 0.7519, -1.7855 1.9792 0.7519, -1.815 1.9871 0.7519, -1.8224 1.9841 0.7519, -1.8071 1.9882 0.7519, -1.8335 1.9729 0.7519, -1.8366 1.9655 0.7519, -1.8287 1.9792 0.7519, -1.8366 1.9497 0.7519, -1.8335 1.9423 0.7519, -1.8376 1.9576 0.7519, -1.8224 1.9311 0.7519, -1.815 1.9281 0.7519, -1.8287 1.936 0.7519, -1.7992 1.9281 0.7519, -1.7918 1.9311 0.7519, -1.8071 1.927 0.7519, -1.7806 1.9423 0.7519, -1.7775 1.9497 0.7519, -1.7855 1.936 0.7519, -1.75 1.9729 0.7401, -1.7559 1.9871 0.7401, -1.7653 1.9993 0.7401, -1.7775 2.0087 0.7401, -1.7918 2.0146 0.7401, -1.8071 2.0166 0.7401, -1.8224 2.0146 0.7401, -1.8366 2.0087 0.7401, -1.8488 1.9993 0.7401, -1.8582 1.9871 0.7401, -1.8641 1.9729 0.7401, -1.8661 1.9576 0.7401, -1.8641 1.9423 0.7401, -1.8582 1.9281 0.7401, -1.8488 1.9158 0.7401, -1.8366 1.9064 0.7401, -1.8224 1.9005 0.7401, -1.8071 1.8985 0.7401, -1.7918 1.9005 0.7401, -1.7775 1.9064 0.7401, -1.7653 1.9158 0.7401, -1.7559 1.9281 0.7401, -1.75 1.9423 0.7401, -1.748 1.9576 0.7401, -1.7264 1.9792 0.7213, -1.7347 1.9993 0.7213, -1.748 2.0166 0.7213, -1.7653 2.0299 0.7213, -1.7855 2.0383 0.7213, -1.8071 2.0411 0.7213, -1.8287 2.0383 0.7213, -1.8488 2.0299 0.7213, -1.8661 2.0166 0.7213, -1.8794 1.9993 0.7213, -1.8877 1.9792 0.7213, -1.8906 1.9576 0.7213, -1.8877 1.936 0.7213, -1.8794 1.9158 0.7213, -1.8661 1.8985 0.7213, -1.8488 1.8853 0.7213, -1.8287 1.8769 0.7213, -1.8071 1.8741 0.7213, -1.7855 1.8769 0.7213, -1.7653 1.8853 0.7213, -1.748 1.8985 0.7213, -1.7347 1.9158 0.7213, -1.7264 1.936 0.7213, -1.7236 1.9576 0.7213, -1.7083 1.9841 0.6969, -1.7185 2.0087 0.6969, -1.7347 2.0299 0.6969, -1.7559 2.0462 0.6969, -1.7806 2.0564 0.6969, -1.8071 2.0599 0.6969, -1.8335 2.0564 0.6969, -1.8582 2.0462 0.6969, -1.8794 2.0299 0.6969, -1.8956 2.0087 0.6969, -1.9059 1.9841 0.6969, -1.9094 1.9576 0.6969, -1.9059 1.9311 0.6969, -1.8956 1.9064 0.6969, -1.8794 1.8853 0.6969, -1.8582 1.869 0.6969, -1.8335 1.8588 0.6969, -1.8071 1.8553 0.6969, -1.7806 1.8588 0.6969, -1.7559 1.869 0.6969, -1.7347 1.8853 0.6969, -1.7185 1.9064 0.6969, -1.7083 1.9311 0.6969, -1.7048 1.9576 0.6969, -1.6969 1.9871 0.6684, -1.7083 2.0146 0.6684, -1.7264 2.0383 0.6684, -1.75 2.0564 0.6684, -1.7775 2.0678 0.6684, -1.8071 2.0717 0.6684, -1.8366 2.0678 0.6684, -1.8641 2.0564 0.6684, -1.8877 2.0383 0.6684, -1.9059 2.0146 0.6684, -1.9173 1.9871 0.6684, -1.9212 1.9576 0.6684, -1.9173 1.9281 0.6684, -1.9059 1.9005 0.6684, -1.8877 1.8769 0.6684, -1.8641 1.8588 0.6684, -1.8366 1.8474 0.6684, -1.8071 1.8435 0.6684, -1.7775 1.8474 0.6684, -1.75 1.8588 0.6684, -1.7264 1.8769 0.6684, -1.7083 1.9005 0.6684, -1.6969 1.9281 0.6684, -1.693 1.9576 0.6684, -0.0984 -1.7913 0.0079, -0.0984 -1.7913 0.0, -0.0984 -2.0964 0.0079, -0.0984 -2.1063 0.0, -0.0984 -2.1063 0.0079, 0.0984 -1.7913 0.0, 0.0984 -1.7913 0.0079, 0.0984 -2.1063 0.0, 0.0984 -2.0964 0.0079, 0.0984 -2.1063 0.0079, 1.7914 -1.7913 0.0079, 1.7914 -1.7913 0.0, 1.7914 -2.0964 0.0079, 1.7914 -2.1063 0.0, 1.7914 -2.1063 0.0079, 1.9882 -1.7913 0.0, 1.9882 -1.7913 0.0079, 1.9882 -2.1063 0.0, 1.9882 -2.0964 0.0079, 1.9882 -2.1063 0.0079, -0.4134 -2.1063 0.0, -0.2165 -2.1063 0.0, -0.4134 -2.1063 0.0079, -0.2165 -2.1063 0.0079, -0.4134 -1.7913 0.0079, -0.4134 -1.7913 0.0, -0.4134 -2.0964 0.0079, -0.2165 -1.7913 0.0, -0.2165 -1.7913 0.0079, -0.2165 -2.0964 0.0079, -0.7283 -2.1063 0.0, -0.5315 -2.1063 0.0, -0.7283 -2.1063 0.0079, -0.5315 -2.1063 0.0079, -0.7283 -1.7913 0.0079, -0.7283 -1.7913 0.0, -0.7283 -2.0964 0.0079, -0.5315 -1.7913 0.0, -0.5315 -1.7913 0.0079, -0.5315 -2.0964 0.0079, -1.0433 -2.1063 0.0, -0.8464 -2.1063 0.0, -1.0433 -2.1063 0.0079, -0.8464 -2.1063 0.0079, -1.0433 -1.7913 0.0079, -1.0433 -1.7913 0.0, -1.0433 -2.0964 0.0079, -0.8464 -1.7913 0.0, -0.8464 -1.7913 0.0079, -0.8464 -2.0964 0.0079, -1.3582 -2.1063 0.0, -1.1614 -2.1063 0.0, -1.3582 -2.1063 0.0079, -1.1614 -2.1063 0.0079, -1.3582 -1.7913 0.0079, -1.3582 -1.7913 0.0, -1.3582 -2.0964 0.0079, -1.1614 -1.7913 0.0, -1.1614 -1.7913 0.0079, -1.1614 -2.0964 0.0079, -1.6732 -2.1063 0.0, -1.4764 -2.1063 0.0, -1.6732 -2.1063 0.0079, -1.4764 -2.1063 0.0079, -1.6732 -1.7913 0.0079, -1.6732 -1.7913 0.0, -1.6732 -2.0964 0.0079, -1.4764 -1.7913 0.0, -1.4764 -1.7913 0.0079, -1.4764 -2.0964 0.0079, -1.9882 -2.1063 0.0, -1.7913 -2.1063 0.0, -1.9882 -2.1063 0.0079, -1.7913 -2.1063 0.0079, -1.9882 -1.7913 0.0079, -1.9882 -1.7913 0.0, -1.9882 -2.0964 0.0079, -1.7913 -1.7913 0.0, -1.7913 -1.7913 0.0079, -1.7913 -2.0964 0.0079, 1.4764 -1.7913 0.0079, 1.4764 -1.7913 0.0, 1.4764 -2.0964 0.0079, 1.4764 -2.1063 0.0, 1.4764 -2.1063 0.0079, 1.6732 -1.7913 0.0, 1.6732 -1.7913 0.0079, 1.6732 -2.1063 0.0, 1.6732 -2.0964 0.0079, 1.6732 -2.1063 0.0079, 1.1614 -1.7913 0.0079, 1.1614 -1.7913 0.0, 1.1614 -2.0964 0.0079, 1.1614 -2.1063 0.0, 1.1614 -2.1063 0.0079, 1.3583 -1.7913 0.0, 1.3583 -1.7913 0.0079, 1.3583 -2.1063 0.0, 1.3583 -2.0964 0.0079, 1.3583 -2.1063 0.0079, 0.8465 -1.7913 0.0079, 0.8465 -1.7913 0.0, 0.8465 -2.0964 0.0079, 0.8465 -2.1063 0.0, 0.8465 -2.1063 0.0079, 1.0433 -1.7913 0.0, 1.0433 -1.7913 0.0079, 1.0433 -2.1063 0.0, 1.0433 -2.0964 0.0079, 1.0433 -2.1063 0.0079, 0.5315 -1.7913 0.0079, 0.5315 -1.7913 0.0, 0.5315 -2.0964 0.0079, 0.5315 -2.1063 0.0, 0.5315 -2.1063 0.0079, 0.7284 -1.7913 0.0, 0.7284 -1.7913 0.0079, 0.7284 -2.1063 0.0, 0.7284 -2.0964 0.0079, 0.7284 -2.1063 0.0079, 0.2166 -1.7913 0.0079, 0.2166 -1.7913 0.0, 0.2166 -2.0964 0.0079, 0.2166 -2.1063 0.0, 0.2166 -2.1063 0.0079, 0.4134 -1.7913 0.0079, 0.4134 -1.7913 0.0, 0.3494 -1.7913 0.0079, 0.4134 -2.1063 0.0, 0.4134 -2.0964 0.0079, 0.4134 -2.1063 0.0079, 0.3494 -2.1063 0.0079, 2.1851 -1.4764 0.0079, 2.1851 -1.4764 0.0, 2.1851 -1.6312 0.0079, 2.1851 -1.6732 0.0, 2.1851 -1.6732 0.0079, 2.5 -1.4764 0.0079, 2.5 -1.4764 0.0, 2.1949 -1.4764 0.0079, 2.5 -1.6732 0.0079, 2.5 -1.6732 0.0, 2.5 -1.6312 0.0079, 2.1949 -1.6732 0.0079, -2.185 -1.4764 0.0079, -2.185 -1.4764 0.0, -2.4901 -1.4764 0.0079, -2.5 -1.4764 0.0, -2.5 -1.4764 0.0079, -2.185 -1.6732 0.0079, -2.185 -1.6732 0.0, -2.185 -1.6312 0.0079, -2.5 -1.6732 0.0, -2.4901 -1.6732 0.0079, -2.5 -1.6732 0.0079, -2.5 -1.6312 0.0079, -2.5 -1.3583 0.0, -2.5 -1.3583 0.0079, -2.5 -1.1614 0.0, -2.5 -1.1736 0.0079, -2.5 -1.1614 0.0079, -2.185 -1.1614 0.0079, -2.185 -1.1614 0.0, -2.4901 -1.1614 0.0079, -2.185 -1.3583 0.0079, -2.185 -1.3583 0.0, -2.185 -1.1736 0.0079, -2.4901 -1.3583 0.0079, 2.5 -1.3583 0.0, 2.5 -1.3583 0.0079, 2.1851 -1.3583 0.0, 2.1949 -1.3583 0.0079, 2.1851 -1.3583 0.0079, 2.1851 -1.1614 0.0, 2.1851 -1.1736 0.0079, 2.1851 -1.1614 0.0079, 2.5 -1.1614 0.0079, 2.5 -1.1614 0.0, 2.1949 -1.1614 0.0079, 2.5 -1.1736 0.0079, 2.5 -1.0433 0.0, 2.5 -1.0433 0.0079, 2.1851 -1.0433 0.0, 2.1949 -1.0433 0.0079, 2.1851 -1.0433 0.0079, 2.1851 -0.8464 0.0, 2.1851 -0.8464 0.0079, 2.5 -0.8464 0.0079, 2.5 -0.8464 0.0, 2.1949 -0.8464 0.0079, 2.5 -0.7283 0.0, 2.5 -0.7283 0.0079, 2.1851 -0.7283 0.0, 2.1949 -0.7283 0.0079, 2.1851 -0.7283 0.0079, 2.1851 -0.5315 0.0, 2.1851 -0.5315 0.0079, 2.5 -0.5315 0.0079, 2.5 -0.5315 0.0, 2.1949 -0.5315 0.0079, 2.5 -0.4134 0.0, 2.5 -0.4134 0.0079, 2.1851 -0.4134 0.0, 2.1949 -0.4134 0.0079, 2.1851 -0.4134 0.0079, 2.1851 -0.2165 0.0079, 2.1851 -0.2165 0.0, 2.1851 -0.3494 0.0079, 2.5 -0.2165 0.0079, 2.5 -0.2165 0.0, 2.1949 -0.2165 0.0079, 2.5 -0.3494 0.0079, 2.5 -0.0984 0.0, 2.5 -0.0984 0.0079, 2.1851 -0.0984 0.0, 2.1949 -0.0984 0.0079, 2.1851 -0.0984 0.0079, 2.1851 0.0984 0.0, 2.1851 0.0984 0.0079, 2.5 0.0984 0.0079, 2.5 0.0984 0.0, 2.1949 0.0984 0.0079, 2.5 0.2165 0.0, 2.5 0.2165 0.0079, 2.1851 0.2165 0.0, 2.1949 0.2165 0.0079, 2.1851 0.2165 0.0079, 2.1851 0.4134 0.0, 2.1851 0.4134 0.0079, 2.5 0.4134 0.0079, 2.5 0.4134 0.0, 2.1949 0.4134 0.0079, 2.5 0.5315 0.0, 2.5 0.5315 0.0079, 2.1851 0.5315 0.0, 2.1949 0.5315 0.0079, 2.1851 0.5315 0.0079, 2.1851 0.7284 0.0, 2.1851 0.7284 0.0079, 2.5 0.7284 0.0079, 2.5 0.7284 0.0, 2.1949 0.7284 0.0079, 2.5 0.8465 0.0, 2.5 0.8465 0.0079, 2.1851 0.8465 0.0, 2.1949 0.8465 0.0079, 2.1851 0.8465 0.0079, 2.1851 1.0433 0.0, 2.1851 1.0433 0.0079, 2.5 1.0433 0.0079, 2.5 1.0433 0.0, 2.1949 1.0433 0.0079, 2.5 1.1614 0.0, 2.5 1.1614 0.0079, 2.1851 1.1614 0.0, 2.1949 1.1614 0.0079, 2.1851 1.1614 0.0079, 2.1851 1.3583 0.0, 2.1851 1.3583 0.0079, 2.5 1.3583 0.0079, 2.5 1.3583 0.0, 2.1949 1.3583 0.0079, 2.5 1.4764 0.0, 2.5 1.4764 0.0079, 2.1851 1.4764 0.0, 2.1949 1.4764 0.0079, 2.1851 1.4764 0.0079, 2.1851 1.6732 0.0, 2.1851 1.6732 0.0079, 2.5 1.6732 0.0079, 2.5 1.6732 0.0, 2.1949 1.6732 0.0079, -2.5 1.6732 0.0, -2.5 1.4764 0.0, -2.5 1.6732 0.0079, -2.5 1.4764 0.0079, -2.185 1.6732 0.0079, -2.185 1.6732 0.0, -2.4901 1.6732 0.0079, -2.185 1.4764 0.0, -2.185 1.4764 0.0079, -2.4901 1.4764 0.0079, -2.5 1.3583 0.0, -2.5 1.1614 0.0, -2.5 1.3583 0.0079, -2.5 1.1614 0.0079, -2.185 1.3583 0.0079, -2.185 1.3583 0.0, -2.4901 1.3583 0.0079, -2.185 1.1614 0.0, -2.185 1.1614 0.0079, -2.4901 1.1614 0.0079, -2.5 1.0433 0.0, -2.5 0.8465 0.0, -2.5 1.0433 0.0079, -2.5 0.8465 0.0079, -2.185 1.0433 0.0079, -2.185 1.0433 0.0, -2.4901 1.0433 0.0079, -2.185 0.8465 0.0, -2.185 0.8465 0.0079, -2.4901 0.8465 0.0079, -2.5 0.7284 0.0, -2.5 0.5315 0.0, -2.5 0.7284 0.0079, -2.5 0.5315 0.0079, -2.185 0.7284 0.0079, -2.185 0.7284 0.0, -2.4901 0.7284 0.0079, -2.185 0.5315 0.0, -2.185 0.5315 0.0079, -2.4901 0.5315 0.0079, -2.5 0.4134 0.0, -2.5 0.2165 0.0, -2.5 0.4134 0.0079, -2.5 0.2165 0.0079, -2.185 0.4134 0.0079, -2.185 0.4134 0.0, -2.4901 0.4134 0.0079, -2.185 0.2165 0.0, -2.185 0.2165 0.0079, -2.4901 0.2165 0.0079, -2.5 0.0984 0.0, -2.5 -0.0984 0.0, -2.5 0.0984 0.0079, -2.5 -0.0984 0.0079, -2.185 0.0984 0.0079, -2.185 0.0984 0.0, -2.4901 0.0984 0.0079, -2.185 -0.0984 0.0, -2.185 -0.0984 0.0079, -2.4901 -0.0984 0.0079, -2.5 -0.2165 0.0079, -2.5 -0.2165 0.0, -2.5 -0.3494 0.0079, -2.5 -0.4134 0.0, -2.5 -0.4134 0.0079, -2.185 -0.2165 0.0079, -2.185 -0.2165 0.0, -2.4901 -0.2165 0.0079, -2.185 -0.4134 0.0079, -2.185 -0.4134 0.0, -2.185 -0.3494 0.0079, -2.4901 -0.4134 0.0079, -2.5 -0.5315 0.0, -2.5 -0.7283 0.0, -2.5 -0.5315 0.0079, -2.5 -0.7283 0.0079, -2.185 -0.5315 0.0079, -2.185 -0.5315 0.0, -2.4901 -0.5315 0.0079, -2.185 -0.7283 0.0, -2.185 -0.7283 0.0079, -2.4901 -0.7283 0.0079, -2.5 -0.8464 0.0, -2.5 -1.0433 0.0, -2.5 -0.8464 0.0079, -2.5 -1.0433 0.0079, -2.185 -0.8464 0.0079, -2.185 -0.8464 0.0, -2.4901 -0.8464 0.0079, -2.185 -1.0433 0.0, -2.185 -1.0433 0.0079, -2.4901 -1.0433 0.0079, 2.4803 1.811 0.0, 2.4803 2.0866 0.0, 2.4803 1.811 0.0079, 2.4803 2.0866 0.0079, 2.2047 1.811 0.0, 2.2047 1.811 0.0079, 2.2047 2.0866 0.0, 2.2047 2.0866 0.0079, -0.0984 1.7914 0.0, 0.0984 1.7914 0.0, -0.0984 1.7914 0.0079, 0.0984 1.7914 0.0079, -0.0984 2.1063 0.0079, -0.0984 2.1063 0.0, -0.0984 1.8012 0.0079, 0.0984 2.1063 0.0, 0.0984 2.1063 0.0079, 0.0984 1.8012 0.0079, 1.7914 2.1063 0.0079, 1.7914 2.1063 0.0, 1.7914 1.8012 0.0079, 1.7914 1.7914 0.0, 1.7914 1.7914 0.0079, 1.9882 2.1063 0.0, 1.9882 2.1063 0.0079, 1.9882 1.7914 0.0, 1.9882 1.8012 0.0079, 1.9882 1.7914 0.0079, -0.4134 2.1063 0.0079, -0.4134 2.1063 0.0, -0.4134 1.8012 0.0079, -0.4134 1.7914 0.0, -0.4134 1.7914 0.0079, -0.2165 2.1063 0.0, -0.2165 2.1063 0.0079, -0.2165 1.7914 0.0, -0.2165 1.8012 0.0079, -0.2165 1.7914 0.0079, -0.7283 2.1063 0.0079, -0.7283 2.1063 0.0, -0.7283 1.8012 0.0079, -0.7283 1.7914 0.0, -0.7283 1.7914 0.0079, -0.5315 2.1063 0.0, -0.5315 2.1063 0.0079, -0.5315 1.7914 0.0, -0.5315 1.8012 0.0079, -0.5315 1.7914 0.0079, -1.0433 2.1063 0.0079, -1.0433 2.1063 0.0, -1.0433 1.8012 0.0079, -1.0433 1.7914 0.0, -1.0433 1.7914 0.0079, -0.8464 2.1063 0.0, -0.8464 2.1063 0.0079, -0.8464 1.7914 0.0, -0.8464 1.8012 0.0079, -0.8464 1.7914 0.0079, -1.3582 2.1063 0.0079, -1.3582 2.1063 0.0, -1.3582 1.8012 0.0079, -1.3582 1.7914 0.0, -1.3582 1.7914 0.0079, -1.1614 2.1063 0.0, -1.1614 2.1063 0.0079, -1.1614 1.7914 0.0, -1.1614 1.8012 0.0079, -1.1614 1.7914 0.0079, -1.6732 2.1063 0.0079, -1.6732 2.1063 0.0, -1.6732 1.8012 0.0079, -1.6732 1.7914 0.0, -1.6732 1.7914 0.0079, -1.4764 2.1063 0.0, -1.4764 2.1063 0.0079, -1.4764 1.7914 0.0, -1.4764 1.8012 0.0079, -1.4764 1.7914 0.0079, -1.9882 2.1063 0.0079, -1.9882 2.1063 0.0, -1.9882 1.8012 0.0079, -1.9882 1.7914 0.0, -1.9882 1.7914 0.0079, -1.7913 2.1063 0.0, -1.7913 2.1063 0.0079, -1.7913 1.7914 0.0, -1.7913 1.8012 0.0079, -1.7913 1.7914 0.0079, 1.4764 2.1063 0.0079, 1.4764 2.1063 0.0, 1.4764 1.8012 0.0079, 1.4764 1.7914 0.0, 1.4764 1.7914 0.0079, 1.6732 2.1063 0.0, 1.6732 2.1063 0.0079, 1.6732 1.7914 0.0, 1.6732 1.8012 0.0079, 1.6732 1.7914 0.0079, 1.1614 2.1063 0.0079, 1.1614 2.1063 0.0, 1.1614 1.8012 0.0079, 1.1614 1.7914 0.0, 1.1614 1.7914 0.0079, 1.3583 2.1063 0.0, 1.3583 2.1063 0.0079, 1.3583 1.7914 0.0, 1.3583 1.8012 0.0079, 1.3583 1.7914 0.0079, 0.8465 2.1063 0.0079, 0.8465 2.1063 0.0, 0.8465 1.8012 0.0079, 0.8465 1.7914 0.0, 0.8465 1.7914 0.0079, 1.0433 2.1063 0.0, 1.0433 2.1063 0.0079, 1.0433 1.7914 0.0, 1.0433 1.8012 0.0079, 1.0433 1.7914 0.0079, 0.5315 2.1063 0.0079, 0.5315 2.1063 0.0, 0.5315 1.8012 0.0079, 0.5315 1.7914 0.0, 0.5315 1.7914 0.0079, 0.7284 2.1063 0.0, 0.7284 2.1063 0.0079, 0.7284 1.7914 0.0, 0.7284 1.8012 0.0079, 0.7284 1.7914 0.0079, 0.2166 2.1063 0.0079, 0.2166 2.1063 0.0, 0.2166 1.8012 0.0079, 0.2166 1.7914 0.0, 0.2166 1.7914 0.0079, 0.4134 2.1063 0.0079, 0.4134 2.1063 0.0, 0.3494 2.1063 0.0079, 0.4134 1.7914 0.0, 0.4134 1.8012 0.0079, 0.4134 1.7914 0.0079, 0.3494 1.7914 0.0079, 2.4803 -2.0866 0.0, 2.4803 -1.811 0.0, 2.4803 -2.0866 0.0079, 2.4803 -1.811 0.0079, 2.2047 -2.0866 0.0, 2.2047 -2.0866 0.0079, 2.2047 -1.811 0.0, 2.2047 -1.811 0.0079, -2.4803 -2.0866 0.0, -2.2047 -2.0866 0.0, -2.4803 -2.0866 0.0079, -2.2047 -2.0866 0.0079, -2.4803 -1.811 0.0, -2.4803 -1.811 0.0079, -2.2047 -1.811 0.0, -2.2047 -1.811 0.0079, -2.4803 2.0866 0.0, -2.4803 1.811 0.0, -2.4803 2.0866 0.0079, -2.4803 1.811 0.0079, -2.2047 2.0866 0.0, -2.2047 2.0866 0.0079, -2.2047 1.811 0.0, -2.2047 1.811 0.0079, -0.2854 0.1575 0.0079, -0.2854 0.2854 0.0079, -0.2854 0.2854 0.0, -0.2854 -0.1575 0.0079, -0.2854 -0.2854 0.0, -0.2854 -0.2854 0.0079, 0.1553 0.2854 0.0079, 0.2855 0.2854 0.0079, 0.2855 0.2854 0.0, -0.1348 0.2854 0.0079, 0.2855 -0.1575 0.0079, 0.2855 -0.2854 0.0079, 0.2855 -0.2854 0.0, 0.2855 0.1575 0.0079, 0.1553 -0.2854 0.0079, -0.1348 -0.2854 0.0079, 0.2855 -0.4921 0.0, 0.2855 -0.4921 0.0079, 0.2855 -0.7874 0.0079, 0.2855 -1.063 0.0, 0.2855 -1.0531 0.0079, 0.2855 -1.063 0.0079, 0.1553 -1.063 0.0079, -0.1348 -1.063 0.0079, -0.2854 -1.063 0.0, -0.2854 -1.063 0.0079, -0.2854 -0.4921 0.0079, -0.2854 -0.4921 0.0, -0.2854 -0.7874 0.0079, -0.2854 -1.0531 0.0079, 0.1553 -0.4921 0.0079, -0.1348 -0.4921 0.0079, -0.4921 -0.2854 0.0, -0.4921 -0.2854 0.0079, -0.5045 -0.2854 0.0079, -1.063 -0.2854 0.0, -1.0531 -0.2854 0.0079, -1.063 -0.2854 0.0079, -1.063 0.1575 0.0079, -1.063 0.2854 0.0079, -1.063 0.2854 0.0, -1.063 -0.1575 0.0079, -1.0531 0.2854 0.0079, -0.4921 0.2854 0.0, -0.5045 0.2854 0.0079, -0.4921 0.2854 0.0079, -0.4921 -0.1575 0.0079, -0.4921 0.1575 0.0079, -0.4921 0.4921 0.0, -0.4921 0.4921 0.0079, -0.5045 0.4921 0.0079, -1.063 0.4921 0.0, -1.0531 0.4921 0.0079, -1.063 0.4921 0.0079, -1.063 0.5118 0.0079, -1.063 0.7874 0.0079, -1.063 0.8268 0.0, -1.063 0.8268 0.0079, -0.8268 1.063 0.0, -0.8268 1.063 0.0079, -0.4921 1.063 0.0, -0.5045 1.063 0.0079, -0.4921 1.063 0.0079, -0.4921 1.0532 0.0079, -0.4921 0.7874 0.0079, -0.4921 0.5118 0.0079, 0.2855 0.4921 0.0079, 0.1553 0.4921 0.0079, 0.2855 0.4921 0.0, -0.1348 0.4921 0.0079, -0.2854 0.4921 0.0, -0.2854 0.4921 0.0079, -0.2854 0.5118 0.0079, -0.2854 0.7874 0.0079, -0.2854 1.063 0.0, -0.2854 1.0532 0.0079, -0.2854 1.063 0.0079, 0.1553 1.063 0.0079, 0.2855 1.063 0.0079, 0.2855 1.063 0.0, -0.1348 1.063 0.0079, 0.2855 1.0532 0.0079, 0.2855 0.7874 0.0079, 0.2855 0.5118 0.0079, -0.4921 -0.4921 0.0, -0.4921 -0.4921 0.0079, -0.4921 -0.7874 0.0079, -0.4921 -1.063 0.0, -0.4921 -1.0531 0.0079, -0.4921 -1.063 0.0079, -0.5045 -1.063 0.0079, -1.063 -1.063 0.0, -1.0531 -1.063 0.0079, -1.063 -1.063 0.0079, -1.063 -0.4921 0.0079, -1.063 -0.4921 0.0, -1.063 -0.7874 0.0079, -1.063 -1.0531 0.0079, -1.0531 -0.4921 0.0079, -0.5045 -0.4921 0.0079, 0.5062 -1.063 0.0079, 0.4921 -1.063 0.0079, 0.4921 -1.063 0.0, 0.7874 -1.063 0.0079, 1.063 -1.063 0.0, 1.063 -1.063 0.0079, 0.4921 -0.4921 0.0079, 0.4921 -0.4921 0.0, 0.4921 -0.7874 0.0079, 0.4921 -1.0531 0.0079, 0.5062 -0.4921 0.0079, 0.7874 -0.4921 0.0079, 1.063 -0.4921 0.0, 1.063 -0.4921 0.0079, 1.063 -0.7874 0.0079, 1.063 -1.0531 0.0079, 0.4921 0.1575 0.0079, 0.4921 0.2854 0.0079, 0.4921 0.2854 0.0, 0.4921 -0.1575 0.0079, 0.4921 -0.2854 0.0, 0.4921 -0.2854 0.0079, 0.5062 0.2854 0.0079, 0.7874 0.2854 0.0079, 1.063 0.2854 0.0, 1.063 0.2854 0.0079, 1.063 -0.1575 0.0079, 1.063 -0.2854 0.0079, 1.063 -0.2854 0.0, 1.063 0.1575 0.0079, 0.5062 -0.2854 0.0079, 0.7874 -0.2854 0.0079, 0.4921 0.4921 0.0079, 0.4921 0.5118 0.0079, 0.4921 0.4921 0.0, 0.4921 0.7874 0.0079, 0.4921 1.063 0.0, 0.4921 1.0532 0.0079, 0.4921 1.063 0.0079, 0.5062 1.063 0.0079, 0.7874 1.063 0.0079, 1.063 1.063 0.0, 1.063 1.063 0.0079, 1.063 1.0532 0.0079, 1.063 0.7874 0.0079, 1.063 0.4921 0.0, 1.063 0.5118 0.0079, 1.063 0.4921 0.0079, 0.5062 0.4921 0.0079, 0.7874 0.4921 0.0079
            ]
        }
        coordIndex [
            0,1,2,-1,2,1,3,-1,2,3,4,-1,4,3,5,-1,4,5,6,-1,6,5,7,-1,6,7,8,-1,8,7,9,-1,8,9,10,-1,10,9,11,-1,10,11,12,-1,12,11,13,-1,12,13,14,-1,14,13,15,-1,14,15,16,-1,16,15,17,-1,16,17,18,-1,18,17,19,-1,18,19,20,-1,20,19,21,-1,20,21,22,-1,22,21,23,-1,22,23,24,-1,24,23,25,-1,24,25,26,-1,26,25,27,-1,26,27,28,-1,28,27,29,-1,28,29,30,-1,30,29,31,-1,30,31,32,-1,32,31,33,-1,32,33,34,-1,34,33,35,-1,34,35,36,-1,36,35,37,-1,36,37,38,-1,38,37,39,-1,38,39,40,-1,40,39,41,-1,40,41,42,-1,42,41,43,-1,42,43,44,-1,44,43,45,-1,44,45,46,-1,46,45,47,-1,46,47,0,-1,0,47,1,-1,48,49,50,-1,51,49,48,-1,48,52,53,-1,54,52,48,-1,50,54,48,-1,48,55,56,-1,57,55,48,-1,53,57,48,-1,48,58,59,-1,60,58,48,-1,56,60,48,-1,48,61,62,-1,63,61,48,-1,59,63,48,-1,48,64,65,-1,66,64,48,-1,62,66,48,-1,48,67,68,-1,69,67,48,-1,65,69,48,-1,48,70,71,-1,72,70,48,-1,68,72,48,-1,71,51,48,-1,51,73,49,-1,49,73,74,-1,49,74,50,-1,50,74,75,-1,50,75,54,-1,54,75,76,-1,54,76,52,-1,52,76,77,-1,52,77,53,-1,53,77,78,-1,53,78,57,-1,57,78,79,-1,57,79,55,-1,55,79,80,-1,55,80,56,-1,56,80,81,-1,56,81,60,-1,60,81,82,-1,60,82,58,-1,58,82,83,-1,58,83,59,-1,59,83,84,-1,59,84,63,-1,63,84,85,-1,63,85,61,-1,61,85,86,-1,61,86,62,-1,62,86,87,-1,62,87,66,-1,66,87,88,-1,66,88,64,-1,64,88,89,-1,64,89,65,-1,65,89,90,-1,65,90,69,-1,69,90,91,-1,69,91,67,-1,67,91,92,-1,67,92,68,-1,68,92,93,-1,68,93,72,-1,72,93,94,-1,72,94,70,-1,70,94,95,-1,70,95,71,-1,71,95,96,-1,71,96,51,-1,51,96,73,-1,96,97,73,-1,73,97,98,-1,73,98,74,-1,74,98,99,-1,74,99,75,-1,75,99,100,-1,75,100,76,-1,76,100,101,-1,76,101,77,-1,77,101,102,-1,77,102,78,-1,78,102,103,-1,78,103,79,-1,79,103,104,-1,79,104,80,-1,80,104,105,-1,80,105,81,-1,81,105,106,-1,81,106,82,-1,82,106,107,-1,82,107,83,-1,83,107,108,-1,83,108,84,-1,84,108,109,-1,84,109,85,-1,85,109,110,-1,85,110,86,-1,86,110,111,-1,86,111,87,-1,87,111,112,-1,87,112,88,-1,88,112,113,-1,88,113,89,-1,89,113,114,-1,89,114,90,-1,90,114,115,-1,90,115,91,-1,91,115,116,-1,91,116,92,-1,92,116,117,-1,92,117,93,-1,93,117,118,-1,93,118,94,-1,94,118,119,-1,94,119,95,-1,95,119,120,-1,95,120,96,-1,96,120,97,-1,120,121,97,-1,97,121,122,-1,97,122,98,-1,98,122,123,-1,98,123,99,-1,99,123,124,-1,99,124,100,-1,100,124,125,-1,100,125,101,-1,101,125,126,-1,101,126,102,-1,102,126,127,-1,102,127,103,-1,103,127,128,-1,103,128,104,-1,104,128,129,-1,104,129,105,-1,105,129,130,-1,105,130,106,-1,106,130,131,-1,106,131,107,-1,107,131,132,-1,107,132,108,-1,108,132,133,-1,108,133,109,-1,109,133,134,-1,109,134,110,-1,110,134,135,-1,110,135,111,-1,111,135,136,-1,111,136,112,-1,112,136,137,-1,112,137,113,-1,113,137,138,-1,113,138,114,-1,114,138,139,-1,114,139,115,-1,115,139,140,-1,115,140,116,-1,116,140,141,-1,116,141,117,-1,117,141,142,-1,117,142,118,-1,118,142,143,-1,118,143,119,-1,119,143,144,-1,119,144,120,-1,120,144,121,-1,144,145,121,-1,121,145,146,-1,121,146,122,-1,122,146,147,-1,122,147,123,-1,123,147,148,-1,123,148,124,-1,124,148,149,-1,124,149,125,-1,125,149,150,-1,125,150,126,-1,126,150,151,-1,126,151,127,-1,127,151,152,-1,127,152,128,-1,128,152,153,-1,128,153,129,-1,129,153,154,-1,129,154,130,-1,130,154,155,-1,130,155,131,-1,131,155,156,-1,131,156,132,-1,132,156,157,-1,132,157,133,-1,133,157,158,-1,133,158,134,-1,134,158,159,-1,134,159,135,-1,135,159,160,-1,135,160,136,-1,136,160,161,-1,136,161,137,-1,137,161,162,-1,137,162,138,-1,138,162,163,-1,138,163,139,-1,139,163,164,-1,139,164,140,-1,140,164,165,-1,140,165,141,-1,141,165,166,-1,141,166,142,-1,142,166,167,-1,142,167,143,-1,143,167,168,-1,143,168,144,-1,144,168,145,-1,168,21,145,-1,145,21,19,-1,145,19,146,-1,146,19,17,-1,146,17,147,-1,147,17,15,-1,147,15,148,-1,148,15,13,-1,148,13,149,-1,149,13,11,-1,149,11,150,-1,150,11,9,-1,150,9,151,-1,151,9,7,-1,151,7,152,-1,152,7,5,-1,152,5,153,-1,153,5,3,-1,153,3,154,-1,154,3,1,-1,154,1,155,-1,155,1,47,-1,155,47,156,-1,156,47,45,-1,156,45,157,-1,157,45,43,-1,157,43,158,-1,158,43,41,-1,158,41,159,-1,159,41,39,-1,159,39,160,-1,160,39,37,-1,160,37,161,-1,161,37,35,-1,161,35,162,-1,162,35,33,-1,162,33,163,-1,163,33,31,-1,163,31,164,-1,164,31,29,-1,164,29,165,-1,165,29,27,-1,165,27,166,-1,166,27,25,-1,166,25,167,-1,167,25,23,-1,167,23,168,-1,168,23,21,-1,169,170,171,-1,171,170,172,-1,171,172,173,-1,174,170,175,-1,175,170,169,-1,174,175,176,-1,176,175,177,-1,176,177,178,-1,172,176,173,-1,173,176,178,-1,174,176,170,-1,170,176,172,-1,179,180,181,-1,181,180,182,-1,181,182,183,-1,184,180,185,-1,185,180,179,-1,184,185,186,-1,186,185,187,-1,186,187,188,-1,182,186,183,-1,183,186,188,-1,184,186,180,-1,180,186,182,-1,189,190,191,-1,191,190,192,-1,193,194,195,-1,195,194,189,-1,195,189,191,-1,196,194,197,-1,197,194,193,-1,196,197,190,-1,190,197,198,-1,190,198,192,-1,194,196,189,-1,189,196,190,-1,199,200,201,-1,201,200,202,-1,203,204,205,-1,205,204,199,-1,205,199,201,-1,206,204,207,-1,207,204,203,-1,206,207,200,-1,200,207,208,-1,200,208,202,-1,204,206,199,-1,199,206,200,-1,209,210,211,-1,211,210,212,-1,213,214,215,-1,215,214,209,-1,215,209,211,-1,216,214,217,-1,217,214,213,-1,216,217,210,-1,210,217,218,-1,210,218,212,-1,214,216,209,-1,209,216,210,-1,219,220,221,-1,221,220,222,-1,223,224,225,-1,225,224,219,-1,225,219,221,-1,226,224,227,-1,227,224,223,-1,226,227,220,-1,220,227,228,-1,220,228,222,-1,224,226,219,-1,219,226,220,-1,229,230,231,-1,231,230,232,-1,233,234,235,-1,235,234,229,-1,235,229,231,-1,236,234,237,-1,237,234,233,-1,236,237,230,-1,230,237,238,-1,230,238,232,-1,234,236,229,-1,229,236,230,-1,239,240,241,-1,241,240,242,-1,243,244,245,-1,245,244,239,-1,245,239,241,-1,246,244,247,-1,247,244,243,-1,246,247,240,-1,240,247,248,-1,240,248,242,-1,244,246,239,-1,239,246,240,-1,249,250,251,-1,251,250,252,-1,251,252,253,-1,254,250,255,-1,255,250,249,-1,254,255,256,-1,256,255,257,-1,256,257,258,-1,252,256,253,-1,253,256,258,-1,254,256,250,-1,250,256,252,-1,259,260,261,-1,261,260,262,-1,261,262,263,-1,264,260,265,-1,265,260,259,-1,264,265,266,-1,266,265,267,-1,266,267,268,-1,262,266,263,-1,263,266,268,-1,264,266,260,-1,260,266,262,-1,269,270,271,-1,271,270,272,-1,271,272,273,-1,274,270,275,-1,275,270,269,-1,274,275,276,-1,276,275,277,-1,276,277,278,-1,272,276,273,-1,273,276,278,-1,274,276,270,-1,270,276,272,-1,279,280,281,-1,281,280,282,-1,281,282,283,-1,284,280,285,-1,285,280,279,-1,284,285,286,-1,286,285,287,-1,286,287,288,-1,282,286,283,-1,283,286,288,-1,284,286,280,-1,280,286,282,-1,289,290,291,-1,291,290,292,-1,291,292,293,-1,294,295,296,-1,296,295,290,-1,296,290,289,-1,295,294,297,-1,297,294,298,-1,297,298,299,-1,293,292,300,-1,300,292,297,-1,300,297,299,-1,295,297,290,-1,290,297,292,-1,301,302,303,-1,303,302,304,-1,303,304,305,-1,306,307,308,-1,308,307,302,-1,308,302,301,-1,309,310,311,-1,311,310,307,-1,311,307,306,-1,310,309,304,-1,304,309,312,-1,304,312,305,-1,307,310,302,-1,302,310,304,-1,313,314,315,-1,315,314,316,-1,315,316,317,-1,318,319,320,-1,320,319,314,-1,320,314,313,-1,319,318,321,-1,321,318,322,-1,321,322,323,-1,317,316,324,-1,324,316,321,-1,324,321,323,-1,319,321,314,-1,314,321,316,-1,325,326,327,-1,327,326,328,-1,327,328,329,-1,330,331,332,-1,332,331,327,-1,332,327,329,-1,333,334,335,-1,335,334,331,-1,335,331,330,-1,334,333,325,-1,325,333,336,-1,325,336,326,-1,331,334,327,-1,327,334,325,-1,337,338,339,-1,339,338,340,-1,339,340,341,-1,339,341,342,-1,342,341,343,-1,342,343,344,-1,345,346,347,-1,347,346,342,-1,347,342,344,-1,338,337,348,-1,348,337,346,-1,348,346,345,-1,342,346,339,-1,339,346,337,-1,349,350,351,-1,351,350,352,-1,351,352,353,-1,354,351,355,-1,355,351,353,-1,356,357,358,-1,358,357,354,-1,358,354,355,-1,349,357,350,-1,350,357,356,-1,354,357,351,-1,351,357,349,-1,359,360,361,-1,361,360,362,-1,361,362,363,-1,364,361,365,-1,365,361,363,-1,366,367,368,-1,368,367,364,-1,368,364,365,-1,359,367,360,-1,360,367,366,-1,364,367,361,-1,361,367,359,-1,369,370,371,-1,371,370,372,-1,371,372,373,-1,374,375,376,-1,376,375,371,-1,376,371,373,-1,377,378,379,-1,379,378,375,-1,379,375,374,-1,370,369,380,-1,380,369,378,-1,380,378,377,-1,375,378,371,-1,371,378,369,-1,381,382,383,-1,383,382,384,-1,383,384,385,-1,386,383,387,-1,387,383,385,-1,388,389,390,-1,390,389,386,-1,390,386,387,-1,381,389,382,-1,382,389,388,-1,386,389,383,-1,383,389,381,-1,391,392,393,-1,393,392,394,-1,393,394,395,-1,396,393,397,-1,397,393,395,-1,398,399,400,-1,400,399,396,-1,400,396,397,-1,391,399,392,-1,392,399,398,-1,396,399,393,-1,393,399,391,-1,401,402,403,-1,403,402,404,-1,403,404,405,-1,406,403,407,-1,407,403,405,-1,408,409,410,-1,410,409,406,-1,410,406,407,-1,401,409,402,-1,402,409,408,-1,406,409,403,-1,403,409,401,-1,411,412,413,-1,413,412,414,-1,413,414,415,-1,416,413,417,-1,417,413,415,-1,418,419,420,-1,420,419,416,-1,420,416,417,-1,411,419,412,-1,412,419,418,-1,416,419,413,-1,413,419,411,-1,421,422,423,-1,423,422,424,-1,423,424,425,-1,426,423,427,-1,427,423,425,-1,428,429,430,-1,430,429,426,-1,430,426,427,-1,421,429,422,-1,422,429,428,-1,426,429,423,-1,423,429,421,-1,431,432,433,-1,433,432,434,-1,433,434,435,-1,436,433,437,-1,437,433,435,-1,438,439,440,-1,440,439,436,-1,440,436,437,-1,431,439,432,-1,432,439,438,-1,436,439,433,-1,433,439,431,-1,441,442,443,-1,443,442,444,-1,445,446,447,-1,447,446,441,-1,447,441,443,-1,448,446,449,-1,449,446,445,-1,448,449,442,-1,442,449,450,-1,442,450,444,-1,446,448,441,-1,441,448,442,-1,451,452,453,-1,453,452,454,-1,455,456,457,-1,457,456,451,-1,457,451,453,-1,458,456,459,-1,459,456,455,-1,458,459,452,-1,452,459,460,-1,452,460,454,-1,456,458,451,-1,451,458,452,-1,461,462,463,-1,463,462,464,-1,465,466,467,-1,467,466,461,-1,467,461,463,-1,468,466,469,-1,469,466,465,-1,468,469,462,-1,462,469,470,-1,462,470,464,-1,466,468,461,-1,461,468,462,-1,471,472,473,-1,473,472,474,-1,475,476,477,-1,477,476,471,-1,477,471,473,-1,478,476,479,-1,479,476,475,-1,478,479,472,-1,472,479,480,-1,472,480,474,-1,476,478,471,-1,471,478,472,-1,481,482,483,-1,483,482,484,-1,485,486,487,-1,487,486,481,-1,487,481,483,-1,488,486,489,-1,489,486,485,-1,488,489,482,-1,482,489,490,-1,482,490,484,-1,486,488,481,-1,481,488,482,-1,491,492,493,-1,493,492,494,-1,495,496,497,-1,497,496,491,-1,497,491,493,-1,498,496,499,-1,499,496,495,-1,498,499,492,-1,492,499,500,-1,492,500,494,-1,496,498,491,-1,491,498,492,-1,501,502,503,-1,503,502,504,-1,503,504,505,-1,506,507,508,-1,508,507,502,-1,508,502,501,-1,509,510,511,-1,511,510,507,-1,511,507,506,-1,510,509,504,-1,504,509,512,-1,504,512,505,-1,507,510,502,-1,502,510,504,-1,513,514,515,-1,515,514,516,-1,517,518,519,-1,519,518,513,-1,519,513,515,-1,520,518,521,-1,521,518,517,-1,520,521,514,-1,514,521,522,-1,514,522,516,-1,518,520,513,-1,513,520,514,-1,523,524,525,-1,525,524,526,-1,527,528,529,-1,529,528,523,-1,529,523,525,-1,530,528,531,-1,531,528,527,-1,530,531,524,-1,524,531,532,-1,524,532,526,-1,528,530,523,-1,523,530,524,-1,533,534,535,-1,535,534,536,-1,537,533,538,-1,538,533,535,-1,539,537,540,-1,540,537,538,-1,534,539,536,-1,536,539,540,-1,537,539,533,-1,533,539,534,-1,541,542,543,-1,543,542,544,-1,545,546,547,-1,547,546,541,-1,547,541,543,-1,548,546,549,-1,549,546,545,-1,548,549,542,-1,542,549,550,-1,542,550,544,-1,546,548,541,-1,541,548,542,-1,551,552,553,-1,553,552,554,-1,553,554,555,-1,556,552,557,-1,557,552,551,-1,556,557,558,-1,558,557,559,-1,558,559,560,-1,554,558,555,-1,555,558,560,-1,556,558,552,-1,552,558,554,-1,561,562,563,-1,563,562,564,-1,563,564,565,-1,566,562,567,-1,567,562,561,-1,566,567,568,-1,568,567,569,-1,568,569,570,-1,564,568,565,-1,565,568,570,-1,566,568,562,-1,562,568,564,-1,571,572,573,-1,573,572,574,-1,573,574,575,-1,576,572,577,-1,577,572,571,-1,576,577,578,-1,578,577,579,-1,578,579,580,-1,574,578,575,-1,575,578,580,-1,576,578,572,-1,572,578,574,-1,581,582,583,-1,583,582,584,-1,583,584,585,-1,586,582,587,-1,587,582,581,-1,586,587,588,-1,588,587,589,-1,588,589,590,-1,584,588,585,-1,585,588,590,-1,586,588,582,-1,582,588,584,-1,591,592,593,-1,593,592,594,-1,593,594,595,-1,596,592,597,-1,597,592,591,-1,596,597,598,-1,598,597,599,-1,598,599,600,-1,594,598,595,-1,595,598,600,-1,596,598,592,-1,592,598,594,-1,601,602,603,-1,603,602,604,-1,603,604,605,-1,606,602,607,-1,607,602,601,-1,606,607,608,-1,608,607,609,-1,608,609,610,-1,604,608,605,-1,605,608,610,-1,606,608,602,-1,602,608,604,-1,611,612,613,-1,613,612,614,-1,613,614,615,-1,616,612,617,-1,617,612,611,-1,616,617,618,-1,618,617,619,-1,618,619,620,-1,614,618,615,-1,615,618,620,-1,616,618,612,-1,612,618,614,-1,621,622,623,-1,623,622,624,-1,623,624,625,-1,626,622,627,-1,627,622,621,-1,626,627,628,-1,628,627,629,-1,628,629,630,-1,624,628,625,-1,625,628,630,-1,626,628,622,-1,622,628,624,-1,631,632,633,-1,633,632,634,-1,633,634,635,-1,636,632,637,-1,637,632,631,-1,636,637,638,-1,638,637,639,-1,638,639,640,-1,634,638,635,-1,635,638,640,-1,636,638,632,-1,632,638,634,-1,641,642,643,-1,643,642,644,-1,643,644,645,-1,646,642,647,-1,647,642,641,-1,646,647,648,-1,648,647,649,-1,648,649,650,-1,644,648,645,-1,645,648,650,-1,646,648,642,-1,642,648,644,-1,651,652,653,-1,653,652,654,-1,653,654,655,-1,656,652,657,-1,657,652,651,-1,656,657,658,-1,658,657,659,-1,658,659,660,-1,654,658,655,-1,655,658,660,-1,656,658,652,-1,652,658,654,-1,661,662,663,-1,663,662,664,-1,663,664,665,-1,666,667,668,-1,668,667,662,-1,668,662,661,-1,667,666,669,-1,669,666,670,-1,669,670,671,-1,665,664,672,-1,672,664,669,-1,672,669,671,-1,667,669,662,-1,662,669,664,-1,673,674,675,-1,675,674,676,-1,677,673,678,-1,678,673,675,-1,679,677,680,-1,680,677,678,-1,674,679,676,-1,676,679,680,-1,677,679,673,-1,673,679,674,-1,681,682,683,-1,683,682,684,-1,685,681,686,-1,686,681,683,-1,687,685,688,-1,688,685,686,-1,682,687,684,-1,684,687,688,-1,685,687,681,-1,681,687,682,-1,689,690,691,-1,691,690,692,-1,693,689,694,-1,694,689,691,-1,695,693,696,-1,696,693,694,-1,690,695,692,-1,692,695,696,-1,693,695,689,-1,689,695,690,-1,697,698,699,-1,697,699,700,-1,700,699,701,-1,700,701,702,-1,703,704,705,-1,703,705,706,-1,706,705,699,-1,706,699,698,-1,707,708,709,-1,707,709,710,-1,710,709,705,-1,710,705,704,-1,708,711,709,-1,709,711,712,-1,709,712,701,-1,701,712,702,-1,705,709,699,-1,699,709,701,-1,713,714,715,-1,713,715,716,-1,716,715,717,-1,716,717,718,-1,718,719,716,-1,716,719,720,-1,716,720,721,-1,721,720,722,-1,723,724,725,-1,725,724,721,-1,725,721,726,-1,726,721,722,-1,727,714,713,-1,727,713,728,-1,728,713,724,-1,728,724,723,-1,721,724,716,-1,716,724,713,-1,729,730,731,-1,729,731,732,-1,732,731,733,-1,732,733,734,-1,735,736,737,-1,735,737,738,-1,738,737,732,-1,738,732,734,-1,737,736,739,-1,737,739,740,-1,740,739,741,-1,740,741,742,-1,743,730,729,-1,743,729,744,-1,744,729,740,-1,744,740,742,-1,737,740,732,-1,732,740,729,-1,745,746,747,-1,745,747,748,-1,748,747,749,-1,748,749,750,-1,750,751,748,-1,748,751,752,-1,748,752,753,-1,753,752,754,-1,755,756,757,-1,757,756,758,-1,757,758,759,-1,759,760,757,-1,757,760,761,-1,757,761,745,-1,745,761,762,-1,745,762,746,-1,755,757,753,-1,753,757,745,-1,753,745,748,-1,763,764,765,-1,765,764,766,-1,765,766,767,-1,767,766,768,-1,768,769,767,-1,767,769,770,-1,767,770,771,-1,771,770,772,-1,771,772,773,-1,774,775,776,-1,774,776,777,-1,777,776,771,-1,777,771,773,-1,775,778,776,-1,776,778,779,-1,776,779,765,-1,765,779,780,-1,765,780,763,-1,771,776,767,-1,767,776,765,-1,781,782,783,-1,781,783,784,-1,784,783,785,-1,784,785,786,-1,784,786,787,-1,784,787,788,-1,788,787,789,-1,788,789,790,-1,791,792,793,-1,793,792,788,-1,793,788,794,-1,794,788,790,-1,792,791,795,-1,792,795,781,-1,781,795,796,-1,781,796,782,-1,788,792,784,-1,784,792,781,-1,797,798,799,-1,797,799,800,-1,800,799,801,-1,800,801,802,-1,803,804,805,-1,805,804,799,-1,805,799,806,-1,806,799,798,-1,803,807,804,-1,804,807,808,-1,804,808,809,-1,809,808,810,-1,809,810,811,-1,809,811,801,-1,801,811,812,-1,801,812,802,-1,804,809,799,-1,799,809,801,-1,813,814,815,-1,813,815,816,-1,816,815,817,-1,816,817,818,-1,814,819,815,-1,815,819,820,-1,815,820,821,-1,821,820,822,-1,823,824,825,-1,823,825,826,-1,826,825,821,-1,826,821,822,-1,827,818,817,-1,827,817,828,-1,828,817,825,-1,828,825,824,-1,821,825,815,-1,815,825,817,-1,829,830,831,-1,831,830,832,-1,831,832,833,-1,833,832,834,-1,833,834,835,-1,835,836,833,-1,833,836,837,-1,833,837,838,-1,838,837,839,-1,839,840,838,-1,838,840,841,-1,838,841,842,-1,842,841,843,-1,842,843,844,-1,845,829,831,-1,845,831,846,-1,846,831,842,-1,846,842,844,-1,838,842,833,-1,833,842,831,-1,
        ]
    }
}
Shape{
    appearance Appearance {
        material  Material 	{
            diffuseColor 0.0 0.0 0.0
            specularColor 0.0 0.0 0.0
            ambientIntensity 0.0
            transparency 0.0
            shininess 0.5
        }
    }
    geometry IndexedFaceSet {
        ccw TRUE
        solid FALSE
        coord DEF co Coordinate {
            point [
                -0.7185 -1.1906 0.0083, -0.8722 -1.5843 0.0083, -0.7185 -1.1906 0.0079, -0.8722 -1.5843 0.0079, -0.8145 -1.5843 0.0083, -0.8145 -1.5843 0.0079, -0.7747 -1.4739 0.0083, -0.7747 -1.4739 0.0079, -0.6121 -1.4739 0.0083, -0.6121 -1.4739 0.0079, -0.5745 -1.5843 0.0083, -0.5745 -1.5843 0.0079, -0.5169 -1.5843 0.0083, -0.5169 -1.5843 0.0079, -0.6657 -1.1906 0.0083, -0.6657 -1.1906 0.0079, -0.6253 -1.4307 0.0083, -0.757 -1.4307 0.0083, -0.6841 -1.2662 0.0083, -0.6879 -1.2526 0.0083, -0.6904 -1.2386 0.0083, -0.6917 -1.2386 0.0083, -0.6942 -1.2525 0.0083, -0.6977 -1.2662 0.0083, -0.6253 -1.4307 0.0079, -0.757 -1.4307 0.0079, -0.6841 -1.2662 0.0079, -0.6879 -1.2526 0.0079, -0.6904 -1.2386 0.0079, -0.6917 -1.2386 0.0079, -0.6942 -1.2525 0.0079, -0.6977 -1.2662 0.0079, -0.2782 -1.5843 0.0083, -0.1712 -1.5843 0.0083, -0.2782 -1.5843 0.0079, -0.1712 -1.5843 0.0079, -0.1712 -1.1906 0.0083, -0.1712 -1.1906 0.0079, -0.2823 -1.1906 0.0083, -0.2823 -1.1906 0.0079, -0.4881 -1.3825 0.0083, -0.4881 -1.3825 0.0079, -0.4852 -1.3455 0.0079, -0.4852 -1.3455 0.0083, -0.4746 -1.3067 0.0079, -0.4746 -1.3067 0.0083, -0.4563 -1.2728 0.0079, -0.4563 -1.2728 0.0083, -0.4507 -1.2666 0.0079, -0.4285 -1.2419 0.0083, -0.4285 -1.2419 0.0079, -0.4281 -1.2416 0.0079, -0.4281 -1.2416 0.0083, -0.3852 -1.2129 0.0079, -0.3852 -1.2129 0.0083, -0.3392 -1.1967 0.0079, -0.3392 -1.1967 0.0083, -0.3269 -1.5801 0.0079, -0.3269 -1.5801 0.0083, -0.3723 -1.5665 0.0079, -0.3723 -1.5665 0.0083, -0.4134 -1.5427 0.0079, -0.4134 -1.5427 0.0083, -0.4458 -1.5116 0.0079, -0.4458 -1.5116 0.0083, -0.4507 -1.504 0.0079, -0.4684 -1.4764 0.0083, -0.4684 -1.4764 0.0079, -0.4825 -1.4352 0.0079, -0.4825 -1.4352 0.0083, -0.409 -1.289 0.0083, -0.3899 -1.2687 0.0083, -0.3611 -1.2502 0.0083, -0.3287 -1.2388 0.0083, -0.2821 -1.2338 0.0083, -0.224 -1.2338 0.0083, -0.224 -1.5411 0.0083, -0.2799 -1.5411 0.0083, -0.3214 -1.5372 0.0083, -0.3545 -1.5269 0.0083, -0.3814 -1.511 0.0083, -0.4035 -1.4891 0.0083, -0.4201 -1.462 0.0083, -0.4316 -1.425 0.0083, -0.4352 -1.3836 0.0083, -0.4319 -1.3445 0.0083, -0.4227 -1.3133 0.0083, -0.2821 -1.2338 0.0079, -0.224 -1.2338 0.0079, -0.3287 -1.2388 0.0079, -0.3611 -1.2502 0.0079, -0.3899 -1.2687 0.0079, -0.409 -1.289 0.0079, -0.4227 -1.3133 0.0079, -0.4319 -1.3445 0.0079, -0.4352 -1.3836 0.0079, -0.4316 -1.425 0.0079, -0.4201 -1.462 0.0079, -0.4035 -1.4891 0.0079, -0.3814 -1.511 0.0079, -0.3545 -1.5269 0.0079, -0.3214 -1.5372 0.0079, -0.2799 -1.5411 0.0079, -0.224 -1.5411 0.0079, -0.0944 -1.5411 0.0083, -0.0944 -1.5843 0.0083, -0.0944 -1.5411 0.0079, -0.0944 -1.5843 0.0079, 0.1169 -1.5843 0.0083, 0.1169 -1.5843 0.0079, 0.1169 -1.1906 0.0083, 0.1169 -1.1906 0.0079, -0.0848 -1.1906 0.0083, -0.0848 -1.1906 0.0079, -0.0848 -1.2338 0.0083, -0.0848 -1.2338 0.0079, 0.0641 -1.2338 0.0083, 0.0641 -1.2338 0.0079, 0.0641 -1.3635 0.0083, 0.0641 -1.3635 0.0079, -0.0752 -1.3635 0.0083, -0.0752 -1.3635 0.0079, -0.0752 -1.4067 0.0083, -0.0752 -1.4067 0.0079, 0.0641 -1.4067 0.0083, 0.0641 -1.4067 0.0079, 0.0641 -1.5411 0.0083, 0.0641 -1.5411 0.0079, 0.1937 -1.5207 0.0083, 0.1937 -1.5639 0.0083, 0.1937 -1.5207 0.0079, 0.1937 -1.5639 0.0079, 0.302 -1.5891 0.0083, 0.302 -1.5891 0.0079, 0.2913 -1.5889 0.0079, 0.2913 -1.5889 0.0083, 0.2357 -1.5811 0.0079, 0.2357 -1.5811 0.0083, 0.3494 -1.5842 0.0079, 0.3506 -1.5841 0.0083, 0.3506 -1.5841 0.0079, 0.3887 -1.571 0.0083, 0.3887 -1.571 0.0079, 0.4204 -1.5507 0.0083, 0.4204 -1.5507 0.0079, 0.45 -1.5196 0.0083, 0.45 -1.5196 0.0079, 0.4709 -1.4822 0.0083, 0.4709 -1.4822 0.0079, 0.4828 -1.4405 0.0083, 0.4828 -1.4405 0.0079, 0.4866 -1.3949 0.0083, 0.4866 -1.3949 0.0079, 0.2864 -1.1858 0.0083, 0.2864 -1.1858 0.0079, 0.3259 -1.189 0.0079, 0.3259 -1.189 0.0083, 0.3494 -1.1959 0.0079, 0.3698 -1.2018 0.0083, 0.3698 -1.2018 0.0079, 0.4072 -1.2233 0.0079, 0.4072 -1.2233 0.0083, 0.4427 -1.2575 0.0079, 0.4427 -1.2575 0.0083, 0.4658 -1.2943 0.0079, 0.4658 -1.2943 0.0083, 0.4809 -1.3389 0.0079, 0.4809 -1.3389 0.0083, 0.1937 -1.2014 0.0083, 0.1937 -1.2014 0.0079, 0.2392 -1.1891 0.0079, 0.2392 -1.1891 0.0083, 0.1937 -1.2542 0.0083, 0.1937 -1.2542 0.0079, 0.2859 -1.229 0.0083, 0.2859 -1.229 0.0079, 0.2381 -1.2352 0.0079, 0.2381 -1.2352 0.0083, 0.3247 -1.2334 0.0083, 0.4338 -1.3917 0.0083, 0.4338 -1.3917 0.0079, 0.4319 -1.361 0.0079, 0.4319 -1.361 0.0083, 0.4214 -1.3189 0.0079, 0.4214 -1.3189 0.0083, 0.4052 -1.2885 0.0079, 0.4052 -1.2885 0.0083, 0.3814 -1.2622 0.0079, 0.3814 -1.2622 0.0083, 0.3542 -1.244 0.0079, 0.3542 -1.244 0.0083, 0.3494 -1.2423 0.0079, 0.3247 -1.2334 0.0079, 0.2948 -1.5459 0.0083, 0.2948 -1.5459 0.0079, 0.3315 -1.5418 0.0079, 0.3315 -1.5418 0.0083, 0.3494 -1.5352 0.0079, 0.3602 -1.5312 0.0083, 0.3602 -1.5312 0.0079, 0.3843 -1.5149 0.0079, 0.3843 -1.5149 0.0083, 0.4028 -1.4955 0.0079, 0.4028 -1.4955 0.0083, 0.4191 -1.4682 0.0079, 0.4191 -1.4682 0.0083, 0.4298 -1.4343 0.0079, 0.4298 -1.4343 0.0083, 0.2008 -1.5246 0.0079, 0.2008 -1.5246 0.0083, 0.2425 -1.5401 0.0079, 0.2425 -1.5401 0.0083, 0.5202 -1.5411 0.0083, 0.5202 -1.5843 0.0083, 0.5202 -1.5411 0.0079, 0.5202 -1.5843 0.0079, 0.7219 -1.5843 0.0083, 0.7219 -1.5843 0.0079, 0.7219 -1.1906 0.0083, 0.7219 -1.1906 0.0079, 0.669 -1.1906 0.0083, 0.669 -1.1906 0.0079, 0.669 -1.5411 0.0083, 0.669 -1.5411 0.0079
            ]
        }
        coordIndex [
            0,1,2,-1,2,1,3,-1,1,4,3,-1,3,4,5,-1,4,6,5,-1,5,6,7,-1,6,8,7,-1,7,8,9,-1,8,10,9,-1,9,10,11,-1,10,12,11,-1,11,12,13,-1,12,14,13,-1,13,14,15,-1,14,0,15,-1,15,0,2,-1,16,8,17,-1,17,8,6,-1,18,14,16,-1,16,14,12,-1,16,12,8,-1,8,12,10,-1,18,19,14,-1,14,19,20,-1,14,20,0,-1,0,20,21,-1,0,21,22,-1,22,23,0,-1,0,23,17,-1,0,17,1,-1,1,17,6,-1,1,6,4,-1,16,17,24,-1,24,17,25,-1,18,16,26,-1,26,16,24,-1,18,26,27,-1,18,27,19,-1,19,27,28,-1,19,28,20,-1,21,20,29,-1,29,20,28,-1,21,29,30,-1,21,30,22,-1,22,30,31,-1,22,31,23,-1,17,23,25,-1,25,23,31,-1,32,33,34,-1,34,33,35,-1,33,36,35,-1,35,36,37,-1,36,38,37,-1,37,38,39,-1,40,41,42,-1,40,42,43,-1,43,42,44,-1,43,44,45,-1,45,44,46,-1,45,46,47,-1,47,46,48,-1,47,48,49,-1,48,50,49,-1,49,50,51,-1,49,51,52,-1,52,51,53,-1,52,53,54,-1,54,53,55,-1,54,55,56,-1,56,55,39,-1,56,39,38,-1,32,34,57,-1,32,57,58,-1,58,57,59,-1,58,59,60,-1,60,59,61,-1,60,61,62,-1,62,61,63,-1,62,63,64,-1,64,63,65,-1,64,65,66,-1,65,67,66,-1,66,67,68,-1,66,68,69,-1,69,68,41,-1,69,41,40,-1,45,47,70,-1,70,47,49,-1,70,49,71,-1,71,49,52,-1,71,52,72,-1,72,52,54,-1,72,54,73,-1,73,54,56,-1,73,56,74,-1,74,56,38,-1,74,38,75,-1,75,38,36,-1,75,36,76,-1,76,36,33,-1,76,33,77,-1,77,33,32,-1,77,32,78,-1,78,32,58,-1,78,58,79,-1,79,58,60,-1,79,60,80,-1,80,60,62,-1,80,62,81,-1,81,62,64,-1,81,64,82,-1,82,64,66,-1,82,66,83,-1,83,66,69,-1,83,69,84,-1,84,69,40,-1,84,40,85,-1,85,40,43,-1,85,43,86,-1,86,43,45,-1,86,45,70,-1,74,75,87,-1,87,75,88,-1,74,87,89,-1,74,89,73,-1,73,89,90,-1,73,90,72,-1,72,90,91,-1,72,91,71,-1,71,91,92,-1,71,92,70,-1,70,92,93,-1,70,93,86,-1,86,93,94,-1,86,94,85,-1,85,94,95,-1,85,95,84,-1,84,95,96,-1,84,96,83,-1,83,96,97,-1,83,97,82,-1,82,97,98,-1,82,98,81,-1,81,98,99,-1,81,99,80,-1,80,99,100,-1,80,100,79,-1,79,100,101,-1,79,101,78,-1,78,101,102,-1,78,102,77,-1,76,77,103,-1,103,77,102,-1,75,76,88,-1,88,76,103,-1,104,105,106,-1,106,105,107,-1,105,108,107,-1,107,108,109,-1,108,110,109,-1,109,110,111,-1,110,112,111,-1,111,112,113,-1,112,114,113,-1,113,114,115,-1,114,116,115,-1,115,116,117,-1,116,118,117,-1,117,118,119,-1,118,120,119,-1,119,120,121,-1,120,122,121,-1,121,122,123,-1,122,124,123,-1,123,124,125,-1,124,126,125,-1,125,126,127,-1,126,104,127,-1,127,104,106,-1,108,105,104,-1,104,126,108,-1,108,126,124,-1,108,124,110,-1,114,112,116,-1,116,112,110,-1,116,110,118,-1,118,110,124,-1,118,124,120,-1,120,124,122,-1,128,129,130,-1,130,129,131,-1,132,133,134,-1,132,134,135,-1,135,134,136,-1,135,136,137,-1,137,136,131,-1,137,131,129,-1,133,132,138,-1,138,132,139,-1,138,139,140,-1,140,139,141,-1,140,141,142,-1,142,141,143,-1,142,143,144,-1,144,143,145,-1,144,145,146,-1,146,145,147,-1,146,147,148,-1,148,147,149,-1,148,149,150,-1,150,149,151,-1,150,151,152,-1,153,154,155,-1,153,155,156,-1,156,155,157,-1,156,157,158,-1,157,159,158,-1,158,159,160,-1,158,160,161,-1,161,160,162,-1,161,162,163,-1,163,162,164,-1,163,164,165,-1,165,164,166,-1,165,166,167,-1,167,166,152,-1,167,152,151,-1,168,169,170,-1,168,170,171,-1,171,170,154,-1,171,154,153,-1,168,172,169,-1,169,172,173,-1,174,175,176,-1,174,176,177,-1,177,176,173,-1,177,173,172,-1,175,174,178,-1,179,180,181,-1,179,181,182,-1,182,181,183,-1,182,183,184,-1,184,183,185,-1,184,185,186,-1,186,185,187,-1,186,187,188,-1,188,187,189,-1,188,189,190,-1,190,189,191,-1,190,191,178,-1,178,191,192,-1,178,192,175,-1,193,194,195,-1,193,195,196,-1,196,195,197,-1,196,197,198,-1,197,199,198,-1,198,199,200,-1,198,200,201,-1,201,200,202,-1,201,202,203,-1,203,202,204,-1,203,204,205,-1,205,204,206,-1,205,206,207,-1,207,206,180,-1,207,180,179,-1,128,130,208,-1,128,208,209,-1,209,208,210,-1,209,210,211,-1,211,210,194,-1,211,194,193,-1,196,132,193,-1,193,132,135,-1,193,135,211,-1,211,135,137,-1,211,137,209,-1,209,137,129,-1,209,129,128,-1,172,168,177,-1,177,168,171,-1,177,171,174,-1,174,171,153,-1,174,153,178,-1,178,153,156,-1,178,156,190,-1,190,156,158,-1,190,158,188,-1,188,158,161,-1,188,161,186,-1,186,161,163,-1,186,163,184,-1,184,163,165,-1,184,165,182,-1,182,165,167,-1,182,167,179,-1,179,167,151,-1,179,151,207,-1,207,151,149,-1,207,149,205,-1,205,149,147,-1,205,147,203,-1,203,147,145,-1,203,145,201,-1,201,145,143,-1,201,143,198,-1,198,143,141,-1,198,141,196,-1,196,141,139,-1,196,139,132,-1,212,213,214,-1,214,213,215,-1,213,216,215,-1,215,216,217,-1,216,218,217,-1,217,218,219,-1,218,220,219,-1,219,220,221,-1,220,222,221,-1,221,222,223,-1,222,212,223,-1,223,212,214,-1,220,218,222,-1,222,218,216,-1,222,216,212,-1,212,216,213,-1,
        ]
    }
}
Shape{
    appearance Appearance {
        material  Material 	{
            diffuseColor 0.2235294117647059 0.2235294117647059 0.2235294117647059
            specularColor 0.11372549019607843 0.11372549019607843 0.11372549019607843
            ambientIntensity 0.2235
            transparency 0.0
            shininess 0.5
        }
    }
    geometry IndexedFaceSet {
        ccw TRUE
        solid FALSE
        coord DEF co Coordinate {
            point [
                -0.6253 -1.4307 0.0079, -0.757 -1.4307 0.0079, -0.6841 -1.2662 0.0079, -0.6977 -1.2662 0.0079, -0.6879 -1.2526 0.0079, -0.6942 -1.2525 0.0079, -0.6904 -1.2386 0.0079, -0.6917 -1.2386 0.0079, -0.224 -1.2338 0.0079, -0.224 -1.5411 0.0079, -0.2821 -1.2338 0.0079, -0.2799 -1.5411 0.0079, -0.3214 -1.5372 0.0079, -0.4352 -1.3836 0.0079, -0.4319 -1.3445 0.0079, -0.4227 -1.3133 0.0079, -0.3287 -1.2388 0.0079, -0.3545 -1.5269 0.0079, -0.3814 -1.511 0.0079, -0.4035 -1.4891 0.0079, -0.4201 -1.462 0.0079, -0.4316 -1.425 0.0079, -0.409 -1.289 0.0079, -0.3899 -1.2687 0.0079, -0.3611 -1.2502 0.0079
            ]
        }
        coordIndex [
            0,1,2,-1,2,1,3,-1,2,3,4,-1,4,3,5,-1,4,5,6,-1,6,5,7,-1,8,9,10,-1,10,9,11,-1,10,11,12,-1,13,14,10,-1,10,14,15,-1,10,15,16,-1,12,17,10,-1,10,17,18,-1,10,18,19,-1,19,20,10,-1,10,20,21,-1,10,21,13,-1,22,23,15,-1,15,23,24,-1,15,24,16,-1,
        ]
    }
}
Shape{
    appearance Appearance {
        material  Material 	{
            diffuseColor 1.0 1.0 0.0
            specularColor 0.5019607843137255 0.5019607843137255 0.0
            ambientIntensity 0.886
            transparency 0.0
            shininess 0.5
        }
    }
    geometry IndexedFaceSet {
        ccw TRUE
        solid FALSE
        coord DEF co Coordinate {
            point [
                -1.063 0.8268 0.0, -1.063 0.8268 0.0079, -1.0531 0.8366 0.0079, -0.8268 1.063 0.0, -0.8366 1.0532 0.0079, -0.8268 1.063 0.0079
            ]
        }
        coordIndex [
            0,1,2,-1,0,2,3,-1,3,2,4,-1,3,4,5,-1,
        ]
    }
}